# rank	legacy	wide	full
7886	4d45d851bcbbda99383d59b27d20092d	1f8656efdf5746e7aa3e6dd758292b02	80f43a33e6a9123769387d75214951d1
7887	4d45d851bcbbda99383d59b27d20092d	1f8656efdf5746e7aa3e6dd758292b02	80f43a33e6a9123769387d75214951d1
7888	4d45d851bcbbda99383d59b27d20092d	1f8656efdf5746e7aa3e6dd758292b02	80f43a33e6a9123769387d75214951d1
7889	4d45d851bcbbda99383d59b27d20092d	1f8656efdf5746e7aa3e6dd758292b02	80f43a33e6a9123769387d75214951d1
7890	4d45d851bcbbda99383d59b27d20092d	1f8656efdf5746e7aa3e6dd758292b02	80f43a33e6a9123769387d75214951d1
7891	4d45d851bcbbda99383d59b27d20092d	1f8656efdf5746e7aa3e6dd758292b02	80f43a33e6a9123769387d75214951d1
7892	4d45d851bcbbda99383d59b27d20092d	1f8656efdf5746e7aa3e6dd758292b02	80f43a33e6a9123769387d75214951d1
7893	4d45d851bcbbda99383d59b27d20092d	1f8656efdf5746e7aa3e6dd758292b02	80f43a33e6a9123769387d75214951d1
7894	4d45d851bcbbda99383d59b27d20092d	1f8656efdf5746e7aa3e6dd758292b02	80f43a33e6a9123769387d75214951d1
7895	4d45d851bcbbda99383d59b27d20092d	1f8656efdf5746e7aa3e6dd758292b02	80f43a33e6a9123769387d75214951d1
7896	97628e104c55ffdfdcd19d6819428504	7a6c8556dff84da9a82f15eeddc972ef	705660523c5479e1f8374ea450354a60
7897	f25c83f49cf9b160ce5f8cfeef50f449	3f075cd31574bf24ea14c4f011a94b16	0083dd6a52f5a3b285c02d4a52ef49bd
7898	f25c83f49cf9b160ce5f8cfeef50f449	3f075cd31574bf24ea14c4f011a94b16	0083dd6a52f5a3b285c02d4a52ef49bd
7899	f25c83f49cf9b160ce5f8cfeef50f449	3f075cd31574bf24ea14c4f011a94b16	0083dd6a52f5a3b285c02d4a52ef49bd
7900	f25c83f49cf9b160ce5f8cfeef50f449	3f075cd31574bf24ea14c4f011a94b16	0083dd6a52f5a3b285c02d4a52ef49bd
7901	f25c83f49cf9b160ce5f8cfeef50f449	3f075cd31574bf24ea14c4f011a94b16	0083dd6a52f5a3b285c02d4a52ef49bd
7902	f25c83f49cf9b160ce5f8cfeef50f449	3f075cd31574bf24ea14c4f011a94b16	0083dd6a52f5a3b285c02d4a52ef49bd
7903	f25c83f49cf9b160ce5f8cfeef50f449	3f075cd31574bf24ea14c4f011a94b16	0083dd6a52f5a3b285c02d4a52ef49bd
7904	9a2fff7c1f785ef1036ca54e3c0b72ef	18410b0b131c423fd18cee79301edb08	0b944bdd884d2a51725a326cd0097707
7905	9a2fff7c1f785ef1036ca54e3c0b72ef	18410b0b131c423fd18cee79301edb08	0b944bdd884d2a51725a326cd0097707
7906	9a2fff7c1f785ef1036ca54e3c0b72ef	18410b0b131c423fd18cee79301edb08	0b944bdd884d2a51725a326cd0097707
7907	1bfcb60e72d8dff11b135b331b1e2d1c	4438f40b838022c7bea4f0dae42c69e7	bc7a0e3e37f4e9316412c1bf7c9b639c
7908	1bfcb60e72d8dff11b135b331b1e2d1c	4438f40b838022c7bea4f0dae42c69e7	bc7a0e3e37f4e9316412c1bf7c9b639c
7909	2660d918f97fb1ed68446d87bd6ed275	4766e333e289952b3c6f4e357e07e57a	06f5da5896f894a1e90661d9bde13305
7910	2660d918f97fb1ed68446d87bd6ed275	4766e333e289952b3c6f4e357e07e57a	06f5da5896f894a1e90661d9bde13305
7911	2660d918f97fb1ed68446d87bd6ed275	4766e333e289952b3c6f4e357e07e57a	06f5da5896f894a1e90661d9bde13305
7912	2660d918f97fb1ed68446d87bd6ed275	4766e333e289952b3c6f4e357e07e57a	06f5da5896f894a1e90661d9bde13305
7913	2660d918f97fb1ed68446d87bd6ed275	4766e333e289952b3c6f4e357e07e57a	06f5da5896f894a1e90661d9bde13305
7914	2660d918f97fb1ed68446d87bd6ed275	4766e333e289952b3c6f4e357e07e57a	06f5da5896f894a1e90661d9bde13305
7915	2660d918f97fb1ed68446d87bd6ed275	4766e333e289952b3c6f4e357e07e57a	06f5da5896f894a1e90661d9bde13305
7916	bd8aa1fa639450f91e5923eb2f538ac9	459c93102a7cc807b48fd80832820cde	6767e2662d6aa723a3cc1c82b23cd38d
7917	bd8aa1fa639450f91e5923eb2f538ac9	459c93102a7cc807b48fd80832820cde	6767e2662d6aa723a3cc1c82b23cd38d
7918	bd8aa1fa639450f91e5923eb2f538ac9	459c93102a7cc807b48fd80832820cde	6767e2662d6aa723a3cc1c82b23cd38d
7919	bd8aa1fa639450f91e5923eb2f538ac9	459c93102a7cc807b48fd80832820cde	6767e2662d6aa723a3cc1c82b23cd38d
7920	bd8aa1fa639450f91e5923eb2f538ac9	459c93102a7cc807b48fd80832820cde	6767e2662d6aa723a3cc1c82b23cd38d
7921	daf35659666f5c933ff48cb806e80b58	57ba8905c89b472d75e8829c1938b403	11702eaeb4999cbbc2dfc15abdae65a0
7922	daf35659666f5c933ff48cb806e80b58	57ba8905c89b472d75e8829c1938b403	11702eaeb4999cbbc2dfc15abdae65a0
7923	daf35659666f5c933ff48cb806e80b58	57ba8905c89b472d75e8829c1938b403	11702eaeb4999cbbc2dfc15abdae65a0
7924	daf35659666f5c933ff48cb806e80b58	57ba8905c89b472d75e8829c1938b403	11702eaeb4999cbbc2dfc15abdae65a0
7925	daf35659666f5c933ff48cb806e80b58	57ba8905c89b472d75e8829c1938b403	11702eaeb4999cbbc2dfc15abdae65a0
7926	daf35659666f5c933ff48cb806e80b58	57ba8905c89b472d75e8829c1938b403	11702eaeb4999cbbc2dfc15abdae65a0
7927	daf35659666f5c933ff48cb806e80b58	57ba8905c89b472d75e8829c1938b403	11702eaeb4999cbbc2dfc15abdae65a0
7928	daf35659666f5c933ff48cb806e80b58	57ba8905c89b472d75e8829c1938b403	11702eaeb4999cbbc2dfc15abdae65a0
7929	daf35659666f5c933ff48cb806e80b58	57ba8905c89b472d75e8829c1938b403	11702eaeb4999cbbc2dfc15abdae65a0
7930	daf35659666f5c933ff48cb806e80b58	57ba8905c89b472d75e8829c1938b403	11702eaeb4999cbbc2dfc15abdae65a0
7931	daf35659666f5c933ff48cb806e80b58	57ba8905c89b472d75e8829c1938b403	11702eaeb4999cbbc2dfc15abdae65a0
7932	daf35659666f5c933ff48cb806e80b58	57ba8905c89b472d75e8829c1938b403	11702eaeb4999cbbc2dfc15abdae65a0
7933	daf35659666f5c933ff48cb806e80b58	57ba8905c89b472d75e8829c1938b403	11702eaeb4999cbbc2dfc15abdae65a0
7934	daf35659666f5c933ff48cb806e80b58	57ba8905c89b472d75e8829c1938b403	11702eaeb4999cbbc2dfc15abdae65a0
7935	daf35659666f5c933ff48cb806e80b58	57ba8905c89b472d75e8829c1938b403	11702eaeb4999cbbc2dfc15abdae65a0
7936	daf35659666f5c933ff48cb806e80b58	57ba8905c89b472d75e8829c1938b403	11702eaeb4999cbbc2dfc15abdae65a0
7937	daf35659666f5c933ff48cb806e80b58	57ba8905c89b472d75e8829c1938b403	11702eaeb4999cbbc2dfc15abdae65a0
7938	fd8da491277973c53e74f3e5529afbae	f93b7ad821986f6bf8c19dae3f37821d	7217f67ba9eb2ac569741b7d4c8d44fe
7939	fd8da491277973c53e74f3e5529afbae	f93b7ad821986f6bf8c19dae3f37821d	7217f67ba9eb2ac569741b7d4c8d44fe
7940	fd8da491277973c53e74f3e5529afbae	f93b7ad821986f6bf8c19dae3f37821d	7217f67ba9eb2ac569741b7d4c8d44fe
7941	fd8da491277973c53e74f3e5529afbae	f93b7ad821986f6bf8c19dae3f37821d	7217f67ba9eb2ac569741b7d4c8d44fe
7942	fd8da491277973c53e74f3e5529afbae	f93b7ad821986f6bf8c19dae3f37821d	7217f67ba9eb2ac569741b7d4c8d44fe
7943	fd8da491277973c53e74f3e5529afbae	f93b7ad821986f6bf8c19dae3f37821d	7217f67ba9eb2ac569741b7d4c8d44fe
7944	fd8da491277973c53e74f3e5529afbae	f93b7ad821986f6bf8c19dae3f37821d	7217f67ba9eb2ac569741b7d4c8d44fe
7945	166bc7848105503f8127db66e6205318	383d8474f4e22e0938d15a4f3d3cf9c3	712eed6ee6570bd70d0d0a0e5f394d78
7946	166bc7848105503f8127db66e6205318	383d8474f4e22e0938d15a4f3d3cf9c3	712eed6ee6570bd70d0d0a0e5f394d78
7947	166bc7848105503f8127db66e6205318	383d8474f4e22e0938d15a4f3d3cf9c3	712eed6ee6570bd70d0d0a0e5f394d78
7948	166bc7848105503f8127db66e6205318	383d8474f4e22e0938d15a4f3d3cf9c3	712eed6ee6570bd70d0d0a0e5f394d78
7949	166bc7848105503f8127db66e6205318	383d8474f4e22e0938d15a4f3d3cf9c3	712eed6ee6570bd70d0d0a0e5f394d78
7950	91e0cdfd70fd2dec7fe896bf8d64df00	936c2e31522d0328d55a8b820b437503	c53a430a6dd031e614b6c552bd2c7bd4
7951	91e0cdfd70fd2dec7fe896bf8d64df00	936c2e31522d0328d55a8b820b437503	c53a430a6dd031e614b6c552bd2c7bd4
7952	91e0cdfd70fd2dec7fe896bf8d64df00	936c2e31522d0328d55a8b820b437503	c53a430a6dd031e614b6c552bd2c7bd4
7953	91e0cdfd70fd2dec7fe896bf8d64df00	936c2e31522d0328d55a8b820b437503	c53a430a6dd031e614b6c552bd2c7bd4
7954	91e0cdfd70fd2dec7fe896bf8d64df00	936c2e31522d0328d55a8b820b437503	c53a430a6dd031e614b6c552bd2c7bd4
7955	91e0cdfd70fd2dec7fe896bf8d64df00	936c2e31522d0328d55a8b820b437503	c53a430a6dd031e614b6c552bd2c7bd4
7956	91e0cdfd70fd2dec7fe896bf8d64df00	936c2e31522d0328d55a8b820b437503	c53a430a6dd031e614b6c552bd2c7bd4
7957	e0bd2ae8be94f4fbfeea3fd13634d222	fd3e860203384d650c586a67be1eec11	d4b31bb4da89f76bdfdeece488fb062a
7958	e0bd2ae8be94f4fbfeea3fd13634d222	fd3e860203384d650c586a67be1eec11	d4b31bb4da89f76bdfdeece488fb062a
7959	e0bd2ae8be94f4fbfeea3fd13634d222	fd3e860203384d650c586a67be1eec11	d4b31bb4da89f76bdfdeece488fb062a
7960	e0bd2ae8be94f4fbfeea3fd13634d222	fd3e860203384d650c586a67be1eec11	d4b31bb4da89f76bdfdeece488fb062a
7961	e0bd2ae8be94f4fbfeea3fd13634d222	fd3e860203384d650c586a67be1eec11	d4b31bb4da89f76bdfdeece488fb062a
7962	03f41675a5ce66490101af12310942ca	c6a6b4359905badfe0ec3d9d309dae89	c0f7acec4a36d1f95a90ab6bb8e914da
7963	03f41675a5ce66490101af12310942ca	c6a6b4359905badfe0ec3d9d309dae89	c0f7acec4a36d1f95a90ab6bb8e914da
7964	03f41675a5ce66490101af12310942ca	c6a6b4359905badfe0ec3d9d309dae89	c0f7acec4a36d1f95a90ab6bb8e914da
7965	03f41675a5ce66490101af12310942ca	c6a6b4359905badfe0ec3d9d309dae89	c0f7acec4a36d1f95a90ab6bb8e914da
7966	03f41675a5ce66490101af12310942ca	c6a6b4359905badfe0ec3d9d309dae89	c0f7acec4a36d1f95a90ab6bb8e914da
7967	1d1c6c9e85be61a8f5aaf13579fd788a	d88ab156d8b365044a3bc41eee9c1b11	f13338118d69063c1aa9d83ebd198a7a
7968	1d1c6c9e85be61a8f5aaf13579fd788a	d88ab156d8b365044a3bc41eee9c1b11	f13338118d69063c1aa9d83ebd198a7a
7969	1d1c6c9e85be61a8f5aaf13579fd788a	d88ab156d8b365044a3bc41eee9c1b11	f13338118d69063c1aa9d83ebd198a7a
7970	9d31518fcd5a09bce042f9d10a1181fb	d4f703d78a4f1af0bf857cf738db7d1c	0dc2a263cca07c6ed96c93c92787a3e7
7971	9d31518fcd5a09bce042f9d10a1181fb	d4f703d78a4f1af0bf857cf738db7d1c	0dc2a263cca07c6ed96c93c92787a3e7
7972	9d31518fcd5a09bce042f9d10a1181fb	d4f703d78a4f1af0bf857cf738db7d1c	0dc2a263cca07c6ed96c93c92787a3e7
7973	9d31518fcd5a09bce042f9d10a1181fb	d4f703d78a4f1af0bf857cf738db7d1c	0dc2a263cca07c6ed96c93c92787a3e7
7974	869922d99cd6825f53bb844b64082175	d63fdf97e0ac95c1da4712ebf79ab1ea	49b0abc6206d827b5f417fd3582aee45
7975	869922d99cd6825f53bb844b64082175	d63fdf97e0ac95c1da4712ebf79ab1ea	49b0abc6206d827b5f417fd3582aee45
7976	869922d99cd6825f53bb844b64082175	d63fdf97e0ac95c1da4712ebf79ab1ea	49b0abc6206d827b5f417fd3582aee45
7977	869922d99cd6825f53bb844b64082175	d63fdf97e0ac95c1da4712ebf79ab1ea	49b0abc6206d827b5f417fd3582aee45
7978	d340c8eb384781055d51c7e55a02b856	b81a33250fdebdfb0a0069a068ba83c5	8bfea002e21a6c09eb096b588839d9e6
7979	3407f548fc4cca22a64f85454d97fe3d	a08a520f096e4b42878ffdca26a5fd4a	1549387abe8265c80ef8fad04665c5b1
7980	3407f548fc4cca22a64f85454d97fe3d	a08a520f096e4b42878ffdca26a5fd4a	1549387abe8265c80ef8fad04665c5b1
7981	3407f548fc4cca22a64f85454d97fe3d	a08a520f096e4b42878ffdca26a5fd4a	1549387abe8265c80ef8fad04665c5b1
7982	3407f548fc4cca22a64f85454d97fe3d	a08a520f096e4b42878ffdca26a5fd4a	1549387abe8265c80ef8fad04665c5b1
7983	3407f548fc4cca22a64f85454d97fe3d	a08a520f096e4b42878ffdca26a5fd4a	1549387abe8265c80ef8fad04665c5b1
7984	3407f548fc4cca22a64f85454d97fe3d	a08a520f096e4b42878ffdca26a5fd4a	1549387abe8265c80ef8fad04665c5b1
7985	3407f548fc4cca22a64f85454d97fe3d	a08a520f096e4b42878ffdca26a5fd4a	1549387abe8265c80ef8fad04665c5b1
7986	5f0a56c2066ccf8213e77847c206f53c	0eac7636a14f1f4a2ff9163b2597561f	208841ae4d87fd34f84875745dc57190
7987	5f0a56c2066ccf8213e77847c206f53c	0eac7636a14f1f4a2ff9163b2597561f	208841ae4d87fd34f84875745dc57190
7988	5f0a56c2066ccf8213e77847c206f53c	0eac7636a14f1f4a2ff9163b2597561f	208841ae4d87fd34f84875745dc57190
7989	3cd895649944bdabb2a11219411cf5a4	439b328b54d910850d0aae4e8d914eef	d721d9959eecf4cb09c0d89fc4fe5afc
7990	5f0a56c2066ccf8213e77847c206f53c	0eac7636a14f1f4a2ff9163b2597561f	208841ae4d87fd34f84875745dc57190
7991	29d47df256fdd99d6292e543d379d8ee	2adcd61dd0956fc3d10cb87aa4dc5c5d	6ff3e6f99bfe5651effb661d33e31e6e
7992	29d47df256fdd99d6292e543d379d8ee	2adcd61dd0956fc3d10cb87aa4dc5c5d	6ff3e6f99bfe5651effb661d33e31e6e
7993	29d47df256fdd99d6292e543d379d8ee	2adcd61dd0956fc3d10cb87aa4dc5c5d	6ff3e6f99bfe5651effb661d33e31e6e
7994	29d47df256fdd99d6292e543d379d8ee	2adcd61dd0956fc3d10cb87aa4dc5c5d	6ff3e6f99bfe5651effb661d33e31e6e
7995	29d47df256fdd99d6292e543d379d8ee	2adcd61dd0956fc3d10cb87aa4dc5c5d	6ff3e6f99bfe5651effb661d33e31e6e
7996	29d47df256fdd99d6292e543d379d8ee	2adcd61dd0956fc3d10cb87aa4dc5c5d	6ff3e6f99bfe5651effb661d33e31e6e
7997	29d47df256fdd99d6292e543d379d8ee	2adcd61dd0956fc3d10cb87aa4dc5c5d	6ff3e6f99bfe5651effb661d33e31e6e
7998	29d47df256fdd99d6292e543d379d8ee	2adcd61dd0956fc3d10cb87aa4dc5c5d	6ff3e6f99bfe5651effb661d33e31e6e
7999	29d47df256fdd99d6292e543d379d8ee	2adcd61dd0956fc3d10cb87aa4dc5c5d	6ff3e6f99bfe5651effb661d33e31e6e
8000	29d47df256fdd99d6292e543d379d8ee	2adcd61dd0956fc3d10cb87aa4dc5c5d	6ff3e6f99bfe5651effb661d33e31e6e
8001	29d47df256fdd99d6292e543d379d8ee	2adcd61dd0956fc3d10cb87aa4dc5c5d	6ff3e6f99bfe5651effb661d33e31e6e
8002	29d47df256fdd99d6292e543d379d8ee	2adcd61dd0956fc3d10cb87aa4dc5c5d	6ff3e6f99bfe5651effb661d33e31e6e
8003	12a5c112fe1a175d12caa1cdc699685e	e3a5d39cddaa7e233e3a0a8e9dfe2c5d	945d1bb96b225c8fb7a176912442783a
8004	12a5c112fe1a175d12caa1cdc699685e	e3a5d39cddaa7e233e3a0a8e9dfe2c5d	945d1bb96b225c8fb7a176912442783a
8005	12a5c112fe1a175d12caa1cdc699685e	e3a5d39cddaa7e233e3a0a8e9dfe2c5d	945d1bb96b225c8fb7a176912442783a
8006	12a5c112fe1a175d12caa1cdc699685e	e3a5d39cddaa7e233e3a0a8e9dfe2c5d	945d1bb96b225c8fb7a176912442783a
8007	12a5c112fe1a175d12caa1cdc699685e	e3a5d39cddaa7e233e3a0a8e9dfe2c5d	945d1bb96b225c8fb7a176912442783a
8008	b529a6f29ea3426977d62d7266a8177e	8172855023e44caf0a161e2960c5230d	419c4c250bef26dbd3210db4207b2522
8009	b529a6f29ea3426977d62d7266a8177e	8172855023e44caf0a161e2960c5230d	419c4c250bef26dbd3210db4207b2522
8010	b529a6f29ea3426977d62d7266a8177e	8172855023e44caf0a161e2960c5230d	419c4c250bef26dbd3210db4207b2522
8011	2289275025f225a982720cbe979e4bf8	66bf740aed486dff2bce63965133a883	bde00359daf89457445df70ef36f2954
8012	2289275025f225a982720cbe979e4bf8	66bf740aed486dff2bce63965133a883	bde00359daf89457445df70ef36f2954
8013	2289275025f225a982720cbe979e4bf8	66bf740aed486dff2bce63965133a883	bde00359daf89457445df70ef36f2954
8014	2289275025f225a982720cbe979e4bf8	66bf740aed486dff2bce63965133a883	bde00359daf89457445df70ef36f2954
8015	175392a9e7a74ff4c7542025156fabc4	498655069b742dd07adc907607c6adb7	1ad6fb6dcdc01b2227493f310f39c768
8016	175392a9e7a74ff4c7542025156fabc4	498655069b742dd07adc907607c6adb7	1ad6fb6dcdc01b2227493f310f39c768
8017	175392a9e7a74ff4c7542025156fabc4	498655069b742dd07adc907607c6adb7	1ad6fb6dcdc01b2227493f310f39c768
8018	175392a9e7a74ff4c7542025156fabc4	498655069b742dd07adc907607c6adb7	1ad6fb6dcdc01b2227493f310f39c768
8019	175392a9e7a74ff4c7542025156fabc4	498655069b742dd07adc907607c6adb7	1ad6fb6dcdc01b2227493f310f39c768
8020	42f280994ec7b6ebfad2915cf366fcd9	805248b71cc41a5d5f496e94af93c6fe	6514396fb8d80ffd16925b454804718d
8021	42f280994ec7b6ebfad2915cf366fcd9	805248b71cc41a5d5f496e94af93c6fe	6514396fb8d80ffd16925b454804718d
8022	42f280994ec7b6ebfad2915cf366fcd9	805248b71cc41a5d5f496e94af93c6fe	6514396fb8d80ffd16925b454804718d
8023	42f280994ec7b6ebfad2915cf366fcd9	805248b71cc41a5d5f496e94af93c6fe	6514396fb8d80ffd16925b454804718d
8024	42f280994ec7b6ebfad2915cf366fcd9	805248b71cc41a5d5f496e94af93c6fe	6514396fb8d80ffd16925b454804718d
8025	42f280994ec7b6ebfad2915cf366fcd9	805248b71cc41a5d5f496e94af93c6fe	6514396fb8d80ffd16925b454804718d
8026	42f280994ec7b6ebfad2915cf366fcd9	805248b71cc41a5d5f496e94af93c6fe	6514396fb8d80ffd16925b454804718d
8027	1071c0da63be3b529be6d8ff1e1b2df9	568aa98f5a131b82c2046bff63047616	bab15942e4c010382c45584fb4add815
8028	1071c0da63be3b529be6d8ff1e1b2df9	568aa98f5a131b82c2046bff63047616	bab15942e4c010382c45584fb4add815
8029	1071c0da63be3b529be6d8ff1e1b2df9	568aa98f5a131b82c2046bff63047616	bab15942e4c010382c45584fb4add815
8030	1071c0da63be3b529be6d8ff1e1b2df9	568aa98f5a131b82c2046bff63047616	bab15942e4c010382c45584fb4add815
8031	1071c0da63be3b529be6d8ff1e1b2df9	568aa98f5a131b82c2046bff63047616	bab15942e4c010382c45584fb4add815
8032	1071c0da63be3b529be6d8ff1e1b2df9	568aa98f5a131b82c2046bff63047616	bab15942e4c010382c45584fb4add815
8033	1071c0da63be3b529be6d8ff1e1b2df9	568aa98f5a131b82c2046bff63047616	bab15942e4c010382c45584fb4add815
8034	1071c0da63be3b529be6d8ff1e1b2df9	568aa98f5a131b82c2046bff63047616	bab15942e4c010382c45584fb4add815
8035	1071c0da63be3b529be6d8ff1e1b2df9	568aa98f5a131b82c2046bff63047616	bab15942e4c010382c45584fb4add815
8036	1071c0da63be3b529be6d8ff1e1b2df9	568aa98f5a131b82c2046bff63047616	bab15942e4c010382c45584fb4add815
8037	dcc725cd6cc9a70a9001e26012544d0d	7bd6505448b79b1a33e38fdba61095ca	d0be938061a3a7dabd4020bb8ac098f5
8038	dcc725cd6cc9a70a9001e26012544d0d	7bd6505448b79b1a33e38fdba61095ca	d0be938061a3a7dabd4020bb8ac098f5
8039	dcc725cd6cc9a70a9001e26012544d0d	7bd6505448b79b1a33e38fdba61095ca	d0be938061a3a7dabd4020bb8ac098f5
8040	dcc725cd6cc9a70a9001e26012544d0d	7bd6505448b79b1a33e38fdba61095ca	d0be938061a3a7dabd4020bb8ac098f5
8041	dcc725cd6cc9a70a9001e26012544d0d	7bd6505448b79b1a33e38fdba61095ca	d0be938061a3a7dabd4020bb8ac098f5
8042	dcc725cd6cc9a70a9001e26012544d0d	7bd6505448b79b1a33e38fdba61095ca	d0be938061a3a7dabd4020bb8ac098f5
8043	dcc725cd6cc9a70a9001e26012544d0d	7bd6505448b79b1a33e38fdba61095ca	d0be938061a3a7dabd4020bb8ac098f5
8044	275b864df01214e48ca00cd8bd405843	9dd0637e73fecd78c55200c9b1bc25d4	0d91679933d0fef2a1234079da89a75f
8045	275b864df01214e48ca00cd8bd405843	9dd0637e73fecd78c55200c9b1bc25d4	0d91679933d0fef2a1234079da89a75f
8046	275b864df01214e48ca00cd8bd405843	9dd0637e73fecd78c55200c9b1bc25d4	0d91679933d0fef2a1234079da89a75f
8047	275b864df01214e48ca00cd8bd405843	9dd0637e73fecd78c55200c9b1bc25d4	0d91679933d0fef2a1234079da89a75f
8048	275b864df01214e48ca00cd8bd405843	9dd0637e73fecd78c55200c9b1bc25d4	0d91679933d0fef2a1234079da89a75f
8049	63b9e569d03b67f6105e9e917758dd50	5acf4079ff1bfc2e1b04ac3d91271b43	308e511e717f4af267c2f604de231f88
8050	63b9e569d03b67f6105e9e917758dd50	5acf4079ff1bfc2e1b04ac3d91271b43	308e511e717f4af267c2f604de231f88
8051	63b9e569d03b67f6105e9e917758dd50	5acf4079ff1bfc2e1b04ac3d91271b43	308e511e717f4af267c2f604de231f88
8052	63b9e569d03b67f6105e9e917758dd50	5acf4079ff1bfc2e1b04ac3d91271b43	308e511e717f4af267c2f604de231f88
8053	63b9e569d03b67f6105e9e917758dd50	5acf4079ff1bfc2e1b04ac3d91271b43	308e511e717f4af267c2f604de231f88
8054	63b9e569d03b67f6105e9e917758dd50	5acf4079ff1bfc2e1b04ac3d91271b43	308e511e717f4af267c2f604de231f88
8055	63b9e569d03b67f6105e9e917758dd50	5acf4079ff1bfc2e1b04ac3d91271b43	308e511e717f4af267c2f604de231f88
8056	63b9e569d03b67f6105e9e917758dd50	5acf4079ff1bfc2e1b04ac3d91271b43	308e511e717f4af267c2f604de231f88
8057	63b9e569d03b67f6105e9e917758dd50	5acf4079ff1bfc2e1b04ac3d91271b43	308e511e717f4af267c2f604de231f88
8058	63b9e569d03b67f6105e9e917758dd50	5acf4079ff1bfc2e1b04ac3d91271b43	308e511e717f4af267c2f604de231f88
8059	63b9e569d03b67f6105e9e917758dd50	5acf4079ff1bfc2e1b04ac3d91271b43	308e511e717f4af267c2f604de231f88
8060	63b9e569d03b67f6105e9e917758dd50	5acf4079ff1bfc2e1b04ac3d91271b43	308e511e717f4af267c2f604de231f88
8061	63b9e569d03b67f6105e9e917758dd50	5acf4079ff1bfc2e1b04ac3d91271b43	308e511e717f4af267c2f604de231f88
8062	63b9e569d03b67f6105e9e917758dd50	5acf4079ff1bfc2e1b04ac3d91271b43	308e511e717f4af267c2f604de231f88
8063	63b9e569d03b67f6105e9e917758dd50	5acf4079ff1bfc2e1b04ac3d91271b43	308e511e717f4af267c2f604de231f88
8064	63b9e569d03b67f6105e9e917758dd50	5acf4079ff1bfc2e1b04ac3d91271b43	308e511e717f4af267c2f604de231f88
8065	63b9e569d03b67f6105e9e917758dd50	5acf4079ff1bfc2e1b04ac3d91271b43	308e511e717f4af267c2f604de231f88
8066	485e84357d26896c04f77c908db128bd	5b8df77ba30b64f0bf6335f8b97ed99a	39f59d87d68e22c64f2477b2edb4d031
8067	485e84357d26896c04f77c908db128bd	5b8df77ba30b64f0bf6335f8b97ed99a	39f59d87d68e22c64f2477b2edb4d031
8068	485e84357d26896c04f77c908db128bd	5b8df77ba30b64f0bf6335f8b97ed99a	39f59d87d68e22c64f2477b2edb4d031
8069	485e84357d26896c04f77c908db128bd	5b8df77ba30b64f0bf6335f8b97ed99a	39f59d87d68e22c64f2477b2edb4d031
8070	485e84357d26896c04f77c908db128bd	5b8df77ba30b64f0bf6335f8b97ed99a	39f59d87d68e22c64f2477b2edb4d031
8071	485e84357d26896c04f77c908db128bd	5b8df77ba30b64f0bf6335f8b97ed99a	39f59d87d68e22c64f2477b2edb4d031
8072	485e84357d26896c04f77c908db128bd	5b8df77ba30b64f0bf6335f8b97ed99a	39f59d87d68e22c64f2477b2edb4d031
8073	793ab499ab3d2e78894151466d851f82	9f73aa40e71a026419f1ebbb118ade59	bada30af4180b2586c5ba157e1f1920a
8074	793ab499ab3d2e78894151466d851f82	9f73aa40e71a026419f1ebbb118ade59	bada30af4180b2586c5ba157e1f1920a
8075	793ab499ab3d2e78894151466d851f82	9f73aa40e71a026419f1ebbb118ade59	bada30af4180b2586c5ba157e1f1920a
8076	2fa789a4667afb425cd509c437efb37f	25304104f22335527697324450363920	aa4bf5496b028138fd9d922e0d270ea3
8077	2fa789a4667afb425cd509c437efb37f	25304104f22335527697324450363920	aa4bf5496b028138fd9d922e0d270ea3
8078	ba6070ca68ea26df6219fa52268dd024	a7c2692eb2e547795fe2e3a2a7d997ff	a97270ec74bc5159243cc77086504098
8079	ba6070ca68ea26df6219fa52268dd024	a7c2692eb2e547795fe2e3a2a7d997ff	a97270ec74bc5159243cc77086504098
8080	ba6070ca68ea26df6219fa52268dd024	a7c2692eb2e547795fe2e3a2a7d997ff	a97270ec74bc5159243cc77086504098
8081	ba6070ca68ea26df6219fa52268dd024	a7c2692eb2e547795fe2e3a2a7d997ff	a97270ec74bc5159243cc77086504098
8082	ba6070ca68ea26df6219fa52268dd024	a7c2692eb2e547795fe2e3a2a7d997ff	a97270ec74bc5159243cc77086504098
8083	ba6070ca68ea26df6219fa52268dd024	a7c2692eb2e547795fe2e3a2a7d997ff	a97270ec74bc5159243cc77086504098
8084	ba6070ca68ea26df6219fa52268dd024	a7c2692eb2e547795fe2e3a2a7d997ff	a97270ec74bc5159243cc77086504098
8085	242086c03efd858e78007b99a810e204	a22fb49316e995c69e65f5f7d2312257	42e4052b45f98a268b7f74e3914facc4
8086	242086c03efd858e78007b99a810e204	a22fb49316e995c69e65f5f7d2312257	42e4052b45f98a268b7f74e3914facc4
8087	242086c03efd858e78007b99a810e204	a22fb49316e995c69e65f5f7d2312257	42e4052b45f98a268b7f74e3914facc4
8088	242086c03efd858e78007b99a810e204	a22fb49316e995c69e65f5f7d2312257	42e4052b45f98a268b7f74e3914facc4
8089	242086c03efd858e78007b99a810e204	a22fb49316e995c69e65f5f7d2312257	42e4052b45f98a268b7f74e3914facc4
8090	70182b98d413d1f741ad177ba6c835c9	0032d51eee979ea9116e35b94ec13cce	e7a6987e3b13ed8fca93a175782f2119
8091	70182b98d413d1f741ad177ba6c835c9	0032d51eee979ea9116e35b94ec13cce	e7a6987e3b13ed8fca93a175782f2119
8092	70182b98d413d1f741ad177ba6c835c9	0032d51eee979ea9116e35b94ec13cce	e7a6987e3b13ed8fca93a175782f2119
8093	70182b98d413d1f741ad177ba6c835c9	0032d51eee979ea9116e35b94ec13cce	e7a6987e3b13ed8fca93a175782f2119
8094	70182b98d413d1f741ad177ba6c835c9	0032d51eee979ea9116e35b94ec13cce	e7a6987e3b13ed8fca93a175782f2119
8095	70182b98d413d1f741ad177ba6c835c9	0032d51eee979ea9116e35b94ec13cce	e7a6987e3b13ed8fca93a175782f2119
8096	70182b98d413d1f741ad177ba6c835c9	0032d51eee979ea9116e35b94ec13cce	e7a6987e3b13ed8fca93a175782f2119
8097	b99c3177e2e901b153374f4babebb5a1	138b2f5fe7ce654f5da33496c0a30246	5e4cb2feeeb523f37fe89edcd57ddf65
8098	b99c3177e2e901b153374f4babebb5a1	138b2f5fe7ce654f5da33496c0a30246	5e4cb2feeeb523f37fe89edcd57ddf65
8099	b99c3177e2e901b153374f4babebb5a1	138b2f5fe7ce654f5da33496c0a30246	5e4cb2feeeb523f37fe89edcd57ddf65
8100	b99c3177e2e901b153374f4babebb5a1	138b2f5fe7ce654f5da33496c0a30246	5e4cb2feeeb523f37fe89edcd57ddf65
8101	b99c3177e2e901b153374f4babebb5a1	138b2f5fe7ce654f5da33496c0a30246	5e4cb2feeeb523f37fe89edcd57ddf65
8102	b99c3177e2e901b153374f4babebb5a1	138b2f5fe7ce654f5da33496c0a30246	5e4cb2feeeb523f37fe89edcd57ddf65
8103	b99c3177e2e901b153374f4babebb5a1	138b2f5fe7ce654f5da33496c0a30246	5e4cb2feeeb523f37fe89edcd57ddf65
8104	b99c3177e2e901b153374f4babebb5a1	138b2f5fe7ce654f5da33496c0a30246	5e4cb2feeeb523f37fe89edcd57ddf65
8105	b99c3177e2e901b153374f4babebb5a1	138b2f5fe7ce654f5da33496c0a30246	5e4cb2feeeb523f37fe89edcd57ddf65
8106	b99c3177e2e901b153374f4babebb5a1	138b2f5fe7ce654f5da33496c0a30246	5e4cb2feeeb523f37fe89edcd57ddf65
8107	8a5252d208f9bdd5cde65321c8bae528	745149c4d30ad85bd27593fd21ee5023	ca7cd6bd2159d4730a1a2a073de2f1ec
8108	8a5252d208f9bdd5cde65321c8bae528	745149c4d30ad85bd27593fd21ee5023	ca7cd6bd2159d4730a1a2a073de2f1ec
8109	8a5252d208f9bdd5cde65321c8bae528	745149c4d30ad85bd27593fd21ee5023	ca7cd6bd2159d4730a1a2a073de2f1ec
8110	8a5252d208f9bdd5cde65321c8bae528	745149c4d30ad85bd27593fd21ee5023	ca7cd6bd2159d4730a1a2a073de2f1ec
8111	8a5252d208f9bdd5cde65321c8bae528	745149c4d30ad85bd27593fd21ee5023	ca7cd6bd2159d4730a1a2a073de2f1ec
8112	8a5252d208f9bdd5cde65321c8bae528	745149c4d30ad85bd27593fd21ee5023	ca7cd6bd2159d4730a1a2a073de2f1ec
8113	8a5252d208f9bdd5cde65321c8bae528	745149c4d30ad85bd27593fd21ee5023	ca7cd6bd2159d4730a1a2a073de2f1ec
8114	970d198d063baf2c3314725911439965	e13e9aabadb927904d3373b5238957f2	9664babdfd510cca7710e6b26734cbb9
8115	970d198d063baf2c3314725911439965	e13e9aabadb927904d3373b5238957f2	9664babdfd510cca7710e6b26734cbb9
8116	970d198d063baf2c3314725911439965	e13e9aabadb927904d3373b5238957f2	9664babdfd510cca7710e6b26734cbb9
8117	970d198d063baf2c3314725911439965	e13e9aabadb927904d3373b5238957f2	9664babdfd510cca7710e6b26734cbb9
8118	970d198d063baf2c3314725911439965	e13e9aabadb927904d3373b5238957f2	9664babdfd510cca7710e6b26734cbb9
8119	5809ed3aae386dc8bf6b2dcc64978bb1	b3a42eddc050015c1371a57dbe81f3ae	558d42be3c3f3656dd9d622f3c35a5dd
8120	5809ed3aae386dc8bf6b2dcc64978bb1	b3a42eddc050015c1371a57dbe81f3ae	558d42be3c3f3656dd9d622f3c35a5dd
8121	5809ed3aae386dc8bf6b2dcc64978bb1	b3a42eddc050015c1371a57dbe81f3ae	558d42be3c3f3656dd9d622f3c35a5dd
8122	4e899f29265333782a25c6c34d5d8c4a	52e2ced4cdbda0c4721b7189cd2ba4e1	d4448d808c3717183cbaac561cc4fdb2
8123	4e899f29265333782a25c6c34d5d8c4a	52e2ced4cdbda0c4721b7189cd2ba4e1	d4448d808c3717183cbaac561cc4fdb2
8124	87a678290042e2732568e5957b1a03a5	b7af16d9db46b635ce1ae408b02e573a	73d922919cb35a597d2db516e3afdd99
8125	87a678290042e2732568e5957b1a03a5	b7af16d9db46b635ce1ae408b02e573a	73d922919cb35a597d2db516e3afdd99
8126	52418c72b3e4f1b4f14e98f6b4b220a5	a7f0079cb5ea6eb87c09d08062943672	c5ceba305176e3841d51ea23603ef0cd
8127	52418c72b3e4f1b4f14e98f6b4b220a5	a7f0079cb5ea6eb87c09d08062943672	c5ceba305176e3841d51ea23603ef0cd
8128	52418c72b3e4f1b4f14e98f6b4b220a5	a7f0079cb5ea6eb87c09d08062943672	c5ceba305176e3841d51ea23603ef0cd
8129	52418c72b3e4f1b4f14e98f6b4b220a5	a7f0079cb5ea6eb87c09d08062943672	c5ceba305176e3841d51ea23603ef0cd
8130	52418c72b3e4f1b4f14e98f6b4b220a5	a7f0079cb5ea6eb87c09d08062943672	c5ceba305176e3841d51ea23603ef0cd
8131	24a57609e909dabf543540414c986912	31de7e078907ff99d5ff96eb449a1031	703db81a80b64a871006da9331f8d4ba
8132	24a57609e909dabf543540414c986912	31de7e078907ff99d5ff96eb449a1031	703db81a80b64a871006da9331f8d4ba
8133	59c34a7375cfb681b62fb783e246eeab	521f4c06f8ca55cfe191c189ba1e8d44	b8119bccb2f39fe36307827135871c3f
8134	24a57609e909dabf543540414c986912	31de7e078907ff99d5ff96eb449a1031	703db81a80b64a871006da9331f8d4ba
8135	ad17dbfc6ba56a2e6de4594c2488d0b6	2267e625d2502e665eb412ccb172d15d	7a3efdce70d270e2b51d691e831e340e
8136	f550949ef8136a016433b21bb1c26938	d32f77518555dbc7c83906a979c4a023	8e858d78dca5f7d57a65aeda70f4e698
8137	f550949ef8136a016433b21bb1c26938	d32f77518555dbc7c83906a979c4a023	8e858d78dca5f7d57a65aeda70f4e698
8138	f550949ef8136a016433b21bb1c26938	d32f77518555dbc7c83906a979c4a023	8e858d78dca5f7d57a65aeda70f4e698
8139	f550949ef8136a016433b21bb1c26938	d32f77518555dbc7c83906a979c4a023	8e858d78dca5f7d57a65aeda70f4e698
8140	f550949ef8136a016433b21bb1c26938	d32f77518555dbc7c83906a979c4a023	8e858d78dca5f7d57a65aeda70f4e698
8141	f550949ef8136a016433b21bb1c26938	d32f77518555dbc7c83906a979c4a023	8e858d78dca5f7d57a65aeda70f4e698
8142	f550949ef8136a016433b21bb1c26938	d32f77518555dbc7c83906a979c4a023	8e858d78dca5f7d57a65aeda70f4e698
8143	72514af952831ab13a97bb90c7d23a7d	0e2b519d1a716ccf90a3ba0bfa1ee5b2	657576b0d21dd6a5c756dad674f78205
8144	72514af952831ab13a97bb90c7d23a7d	0e2b519d1a716ccf90a3ba0bfa1ee5b2	657576b0d21dd6a5c756dad674f78205
8145	72514af952831ab13a97bb90c7d23a7d	0e2b519d1a716ccf90a3ba0bfa1ee5b2	657576b0d21dd6a5c756dad674f78205
8146	8d773c987351b37fa43fe8f0938f736d	382fb8876d7f8a7119a6326576bf4af2	8b6825a2125166ff26133617320574f5
8147	8d773c987351b37fa43fe8f0938f736d	382fb8876d7f8a7119a6326576bf4af2	8b6825a2125166ff26133617320574f5
8148	3e40c478fcc2842af9f12aecdceafa27	f2c849e00839bc1af07ccf7a65222df8	4fa217c03117fa22080d0cc563cb26a7
8149	3e40c478fcc2842af9f12aecdceafa27	f2c849e00839bc1af07ccf7a65222df8	4fa217c03117fa22080d0cc563cb26a7
8150	3e40c478fcc2842af9f12aecdceafa27	f2c849e00839bc1af07ccf7a65222df8	4fa217c03117fa22080d0cc563cb26a7
8151	83b49b263d7763ace397269864f25d21	b4a72a8cb928fe30e836aa1e47dafc8e	c11acec7ebfe93007d602e82b93acfe9
8152	83b49b263d7763ace397269864f25d21	b4a72a8cb928fe30e836aa1e47dafc8e	c11acec7ebfe93007d602e82b93acfe9
8153	7778a268003574182eba7199a87f2f07	274e4e5fe2fa493ceadc5082aed3db58	9afb475880576874936664e95bc10a2f
8154	7778a268003574182eba7199a87f2f07	274e4e5fe2fa493ceadc5082aed3db58	9afb475880576874936664e95bc10a2f
8155	030e01308afbfcf14186015d0ba68eb5	9ff26aa553b0238ffe85342a8336df7a	1c286f5d1cec9df3e3d42c3f48c8be59
8156	030e01308afbfcf14186015d0ba68eb5	9ff26aa553b0238ffe85342a8336df7a	1c286f5d1cec9df3e3d42c3f48c8be59
8157	030e01308afbfcf14186015d0ba68eb5	9ff26aa553b0238ffe85342a8336df7a	1c286f5d1cec9df3e3d42c3f48c8be59
8158	17617e8b7672e2118b5c51011ef32bc4	0936b7a61a5e0fe73b7bcfddd4cded2f	d8c141e88566cd3332b84d1d60f67788
8159	030e01308afbfcf14186015d0ba68eb5	9ff26aa553b0238ffe85342a8336df7a	1c286f5d1cec9df3e3d42c3f48c8be59
8160	cc256ff1b20138ec7c7a05478c6061bb	fe81ce186c93978054d519d761e2fa8c	79493519e590c4ea1f75a494c0f38caf
8161	cc256ff1b20138ec7c7a05478c6061bb	fe81ce186c93978054d519d761e2fa8c	79493519e590c4ea1f75a494c0f38caf
8162	cc256ff1b20138ec7c7a05478c6061bb	fe81ce186c93978054d519d761e2fa8c	79493519e590c4ea1f75a494c0f38caf
8163	cc256ff1b20138ec7c7a05478c6061bb	fe81ce186c93978054d519d761e2fa8c	79493519e590c4ea1f75a494c0f38caf
8164	cc256ff1b20138ec7c7a05478c6061bb	fe81ce186c93978054d519d761e2fa8c	79493519e590c4ea1f75a494c0f38caf
8165	cc256ff1b20138ec7c7a05478c6061bb	fe81ce186c93978054d519d761e2fa8c	79493519e590c4ea1f75a494c0f38caf
8166	cc256ff1b20138ec7c7a05478c6061bb	fe81ce186c93978054d519d761e2fa8c	79493519e590c4ea1f75a494c0f38caf
8167	cc256ff1b20138ec7c7a05478c6061bb	fe81ce186c93978054d519d761e2fa8c	79493519e590c4ea1f75a494c0f38caf
8168	cc256ff1b20138ec7c7a05478c6061bb	fe81ce186c93978054d519d761e2fa8c	79493519e590c4ea1f75a494c0f38caf
8169	cc256ff1b20138ec7c7a05478c6061bb	fe81ce186c93978054d519d761e2fa8c	79493519e590c4ea1f75a494c0f38caf
8170	cc256ff1b20138ec7c7a05478c6061bb	fe81ce186c93978054d519d761e2fa8c	79493519e590c4ea1f75a494c0f38caf
8171	cc256ff1b20138ec7c7a05478c6061bb	fe81ce186c93978054d519d761e2fa8c	79493519e590c4ea1f75a494c0f38caf
8172	b788db7da7300cd9fb8d6daa2d6ad327	7f62564f8862c4d757358c0139b6c420	28d734d1f9af634d417fab6263955277
8173	b788db7da7300cd9fb8d6daa2d6ad327	7f62564f8862c4d757358c0139b6c420	28d734d1f9af634d417fab6263955277
8174	b788db7da7300cd9fb8d6daa2d6ad327	7f62564f8862c4d757358c0139b6c420	28d734d1f9af634d417fab6263955277
8175	b788db7da7300cd9fb8d6daa2d6ad327	7f62564f8862c4d757358c0139b6c420	28d734d1f9af634d417fab6263955277
8176	b788db7da7300cd9fb8d6daa2d6ad327	7f62564f8862c4d757358c0139b6c420	28d734d1f9af634d417fab6263955277
8177	f27be108fbdd623f918e2fb310047690	ff6b767bc8bfa8193416df1185bf8b2b	ea99fe3565b1c971928e0b57cae6273c
8178	f27be108fbdd623f918e2fb310047690	ff6b767bc8bfa8193416df1185bf8b2b	ea99fe3565b1c971928e0b57cae6273c
8179	f27be108fbdd623f918e2fb310047690	ff6b767bc8bfa8193416df1185bf8b2b	ea99fe3565b1c971928e0b57cae6273c
8180	f27be108fbdd623f918e2fb310047690	ff6b767bc8bfa8193416df1185bf8b2b	ea99fe3565b1c971928e0b57cae6273c
8181	f27be108fbdd623f918e2fb310047690	ff6b767bc8bfa8193416df1185bf8b2b	ea99fe3565b1c971928e0b57cae6273c
8182	f27be108fbdd623f918e2fb310047690	ff6b767bc8bfa8193416df1185bf8b2b	ea99fe3565b1c971928e0b57cae6273c
8183	f27be108fbdd623f918e2fb310047690	ff6b767bc8bfa8193416df1185bf8b2b	ea99fe3565b1c971928e0b57cae6273c
8184	f27be108fbdd623f918e2fb310047690	ff6b767bc8bfa8193416df1185bf8b2b	ea99fe3565b1c971928e0b57cae6273c
8185	f27be108fbdd623f918e2fb310047690	ff6b767bc8bfa8193416df1185bf8b2b	ea99fe3565b1c971928e0b57cae6273c
8186	f27be108fbdd623f918e2fb310047690	ff6b767bc8bfa8193416df1185bf8b2b	ea99fe3565b1c971928e0b57cae6273c
8187	f27be108fbdd623f918e2fb310047690	ff6b767bc8bfa8193416df1185bf8b2b	ea99fe3565b1c971928e0b57cae6273c
8188	f27be108fbdd623f918e2fb310047690	ff6b767bc8bfa8193416df1185bf8b2b	ea99fe3565b1c971928e0b57cae6273c
8189	c639344c87cf4ae80773615a9a38095f	bae0167c4977da8c3054c8a91cef3600	88f69176542ffd8233234ef30fe36963
8190	c639344c87cf4ae80773615a9a38095f	bae0167c4977da8c3054c8a91cef3600	88f69176542ffd8233234ef30fe36963
8191	c639344c87cf4ae80773615a9a38095f	bae0167c4977da8c3054c8a91cef3600	88f69176542ffd8233234ef30fe36963
8192	c639344c87cf4ae80773615a9a38095f	bae0167c4977da8c3054c8a91cef3600	88f69176542ffd8233234ef30fe36963
8193	c639344c87cf4ae80773615a9a38095f	bae0167c4977da8c3054c8a91cef3600	88f69176542ffd8233234ef30fe36963
8194	c639344c87cf4ae80773615a9a38095f	bae0167c4977da8c3054c8a91cef3600	88f69176542ffd8233234ef30fe36963
8195	c639344c87cf4ae80773615a9a38095f	bae0167c4977da8c3054c8a91cef3600	88f69176542ffd8233234ef30fe36963
8196	58e2f1461646ef1b64ab9abf91e1d625	14471b4fa51bc93db8ed607d974fb4aa	48311b08f683cf03d23886c6d4fd864d
8197	58e2f1461646ef1b64ab9abf91e1d625	14471b4fa51bc93db8ed607d974fb4aa	48311b08f683cf03d23886c6d4fd864d
8198	58e2f1461646ef1b64ab9abf91e1d625	14471b4fa51bc93db8ed607d974fb4aa	48311b08f683cf03d23886c6d4fd864d
8199	58e2f1461646ef1b64ab9abf91e1d625	14471b4fa51bc93db8ed607d974fb4aa	48311b08f683cf03d23886c6d4fd864d
8200	58e2f1461646ef1b64ab9abf91e1d625	14471b4fa51bc93db8ed607d974fb4aa	48311b08f683cf03d23886c6d4fd864d
8201	58e2f1461646ef1b64ab9abf91e1d625	14471b4fa51bc93db8ed607d974fb4aa	48311b08f683cf03d23886c6d4fd864d
8202	58e2f1461646ef1b64ab9abf91e1d625	14471b4fa51bc93db8ed607d974fb4aa	48311b08f683cf03d23886c6d4fd864d
8203	58e2f1461646ef1b64ab9abf91e1d625	14471b4fa51bc93db8ed607d974fb4aa	48311b08f683cf03d23886c6d4fd864d
8204	58e2f1461646ef1b64ab9abf91e1d625	14471b4fa51bc93db8ed607d974fb4aa	48311b08f683cf03d23886c6d4fd864d
8205	58e2f1461646ef1b64ab9abf91e1d625	14471b4fa51bc93db8ed607d974fb4aa	48311b08f683cf03d23886c6d4fd864d
8206	9f995b052b009bc333b34f0f26a98ebc	a7ac8a1190ae99dd532612180f5a80b7	eb5598d090d896f185275eb146577b90
8207	9f995b052b009bc333b34f0f26a98ebc	a7ac8a1190ae99dd532612180f5a80b7	eb5598d090d896f185275eb146577b90
8208	9f995b052b009bc333b34f0f26a98ebc	a7ac8a1190ae99dd532612180f5a80b7	eb5598d090d896f185275eb146577b90
8209	9f995b052b009bc333b34f0f26a98ebc	a7ac8a1190ae99dd532612180f5a80b7	eb5598d090d896f185275eb146577b90
8210	9f995b052b009bc333b34f0f26a98ebc	a7ac8a1190ae99dd532612180f5a80b7	eb5598d090d896f185275eb146577b90
8211	9f995b052b009bc333b34f0f26a98ebc	a7ac8a1190ae99dd532612180f5a80b7	eb5598d090d896f185275eb146577b90
8212	9f995b052b009bc333b34f0f26a98ebc	a7ac8a1190ae99dd532612180f5a80b7	eb5598d090d896f185275eb146577b90
8213	0794c937433519917ae61de447c4efee	5a52a7f979c3eca7c1237312ee28a0cd	d025b2cededf50b75882964e326220b2
8214	0794c937433519917ae61de447c4efee	5a52a7f979c3eca7c1237312ee28a0cd	d025b2cededf50b75882964e326220b2
8215	0794c937433519917ae61de447c4efee	5a52a7f979c3eca7c1237312ee28a0cd	d025b2cededf50b75882964e326220b2
8216	0794c937433519917ae61de447c4efee	5a52a7f979c3eca7c1237312ee28a0cd	d025b2cededf50b75882964e326220b2
8217	0794c937433519917ae61de447c4efee	5a52a7f979c3eca7c1237312ee28a0cd	d025b2cededf50b75882964e326220b2
8218	f7882528ca9295ef313f26d660aed897	ebcdf3a592fd49312a1d7d525daf8400	f06d8582cd4ed2e947bcaa4212810ca3
8219	f7882528ca9295ef313f26d660aed897	ebcdf3a592fd49312a1d7d525daf8400	f06d8582cd4ed2e947bcaa4212810ca3
8220	f7882528ca9295ef313f26d660aed897	ebcdf3a592fd49312a1d7d525daf8400	f06d8582cd4ed2e947bcaa4212810ca3
8221	f7882528ca9295ef313f26d660aed897	ebcdf3a592fd49312a1d7d525daf8400	f06d8582cd4ed2e947bcaa4212810ca3
8222	f7882528ca9295ef313f26d660aed897	ebcdf3a592fd49312a1d7d525daf8400	f06d8582cd4ed2e947bcaa4212810ca3
8223	f7882528ca9295ef313f26d660aed897	ebcdf3a592fd49312a1d7d525daf8400	f06d8582cd4ed2e947bcaa4212810ca3
8224	f7882528ca9295ef313f26d660aed897	ebcdf3a592fd49312a1d7d525daf8400	f06d8582cd4ed2e947bcaa4212810ca3
8225	f7882528ca9295ef313f26d660aed897	ebcdf3a592fd49312a1d7d525daf8400	f06d8582cd4ed2e947bcaa4212810ca3
8226	f7882528ca9295ef313f26d660aed897	ebcdf3a592fd49312a1d7d525daf8400	f06d8582cd4ed2e947bcaa4212810ca3
8227	f7882528ca9295ef313f26d660aed897	ebcdf3a592fd49312a1d7d525daf8400	f06d8582cd4ed2e947bcaa4212810ca3
8228	f7882528ca9295ef313f26d660aed897	ebcdf3a592fd49312a1d7d525daf8400	f06d8582cd4ed2e947bcaa4212810ca3
8229	f7882528ca9295ef313f26d660aed897	ebcdf3a592fd49312a1d7d525daf8400	f06d8582cd4ed2e947bcaa4212810ca3
8230	f7882528ca9295ef313f26d660aed897	ebcdf3a592fd49312a1d7d525daf8400	f06d8582cd4ed2e947bcaa4212810ca3
8231	f7882528ca9295ef313f26d660aed897	ebcdf3a592fd49312a1d7d525daf8400	f06d8582cd4ed2e947bcaa4212810ca3
8232	f7882528ca9295ef313f26d660aed897	ebcdf3a592fd49312a1d7d525daf8400	f06d8582cd4ed2e947bcaa4212810ca3
8233	f7882528ca9295ef313f26d660aed897	ebcdf3a592fd49312a1d7d525daf8400	f06d8582cd4ed2e947bcaa4212810ca3
8234	f7882528ca9295ef313f26d660aed897	ebcdf3a592fd49312a1d7d525daf8400	f06d8582cd4ed2e947bcaa4212810ca3
8235	9ab74160f03a910d0dbacf39fb87b2d1	7297697988136f5b80df50f51dd84b56	d85e9897718139618f6e5392a68cd2e1
8236	9ab74160f03a910d0dbacf39fb87b2d1	7297697988136f5b80df50f51dd84b56	d85e9897718139618f6e5392a68cd2e1
8237	9ab74160f03a910d0dbacf39fb87b2d1	7297697988136f5b80df50f51dd84b56	d85e9897718139618f6e5392a68cd2e1
8238	9ab74160f03a910d0dbacf39fb87b2d1	7297697988136f5b80df50f51dd84b56	d85e9897718139618f6e5392a68cd2e1
8239	9ab74160f03a910d0dbacf39fb87b2d1	7297697988136f5b80df50f51dd84b56	d85e9897718139618f6e5392a68cd2e1
8240	9ab74160f03a910d0dbacf39fb87b2d1	7297697988136f5b80df50f51dd84b56	d85e9897718139618f6e5392a68cd2e1
8241	9ab74160f03a910d0dbacf39fb87b2d1	7297697988136f5b80df50f51dd84b56	d85e9897718139618f6e5392a68cd2e1
8242	ebff76884578a6e54820f79c0c922370	47f8dcf9b925968b0326b9adef9a116b	70bb9e881863fef9bc75dc606b555e60
8243	ebff76884578a6e54820f79c0c922370	47f8dcf9b925968b0326b9adef9a116b	70bb9e881863fef9bc75dc606b555e60
8244	ebff76884578a6e54820f79c0c922370	47f8dcf9b925968b0326b9adef9a116b	70bb9e881863fef9bc75dc606b555e60
8245	ebff76884578a6e54820f79c0c922370	47f8dcf9b925968b0326b9adef9a116b	70bb9e881863fef9bc75dc606b555e60
8246	ebff76884578a6e54820f79c0c922370	47f8dcf9b925968b0326b9adef9a116b	70bb9e881863fef9bc75dc606b555e60
8247	1c670f763d78cb9b4e1c8085f6042e35	434f771870a5f3fd01476a8eff072b7a	3e48ad18257cda1f65252e3f4633b2dd
8248	1c670f763d78cb9b4e1c8085f6042e35	434f771870a5f3fd01476a8eff072b7a	3e48ad18257cda1f65252e3f4633b2dd
8249	1c670f763d78cb9b4e1c8085f6042e35	434f771870a5f3fd01476a8eff072b7a	3e48ad18257cda1f65252e3f4633b2dd
8250	1c670f763d78cb9b4e1c8085f6042e35	434f771870a5f3fd01476a8eff072b7a	3e48ad18257cda1f65252e3f4633b2dd
8251	1c670f763d78cb9b4e1c8085f6042e35	434f771870a5f3fd01476a8eff072b7a	3e48ad18257cda1f65252e3f4633b2dd
8252	1c670f763d78cb9b4e1c8085f6042e35	434f771870a5f3fd01476a8eff072b7a	3e48ad18257cda1f65252e3f4633b2dd
8253	1c670f763d78cb9b4e1c8085f6042e35	434f771870a5f3fd01476a8eff072b7a	3e48ad18257cda1f65252e3f4633b2dd
8254	363548e8b57fd918c8e4fbd1f6e4efb0	0c4161ba97255fb48ce91844f1e11a33	10774b94e66c0540c1128fae70edb138
8255	363548e8b57fd918c8e4fbd1f6e4efb0	0c4161ba97255fb48ce91844f1e11a33	10774b94e66c0540c1128fae70edb138
8256	363548e8b57fd918c8e4fbd1f6e4efb0	0c4161ba97255fb48ce91844f1e11a33	10774b94e66c0540c1128fae70edb138
8257	363548e8b57fd918c8e4fbd1f6e4efb0	0c4161ba97255fb48ce91844f1e11a33	10774b94e66c0540c1128fae70edb138
8258	363548e8b57fd918c8e4fbd1f6e4efb0	0c4161ba97255fb48ce91844f1e11a33	10774b94e66c0540c1128fae70edb138
8259	0dc9f7a0bd140037e978384993db68a4	b2f285560755bf91319ed332538998cf	48133bfbd4393e273bf892ea0c205484
8260	0dc9f7a0bd140037e978384993db68a4	b2f285560755bf91319ed332538998cf	48133bfbd4393e273bf892ea0c205484
8261	0dc9f7a0bd140037e978384993db68a4	b2f285560755bf91319ed332538998cf	48133bfbd4393e273bf892ea0c205484
8262	0dc9f7a0bd140037e978384993db68a4	b2f285560755bf91319ed332538998cf	48133bfbd4393e273bf892ea0c205484
8263	0dc9f7a0bd140037e978384993db68a4	b2f285560755bf91319ed332538998cf	48133bfbd4393e273bf892ea0c205484
8264	0dc9f7a0bd140037e978384993db68a4	b2f285560755bf91319ed332538998cf	48133bfbd4393e273bf892ea0c205484
8265	0dc9f7a0bd140037e978384993db68a4	b2f285560755bf91319ed332538998cf	48133bfbd4393e273bf892ea0c205484
8266	4cd64fa78b92bf338fd9276f1c6f377b	beb4c71af4b311055a7b53b1af3de604	e93df67a866754cbe15bac994aaf4e33
8267	4cd64fa78b92bf338fd9276f1c6f377b	beb4c71af4b311055a7b53b1af3de604	e93df67a866754cbe15bac994aaf4e33
8268	4cd64fa78b92bf338fd9276f1c6f377b	beb4c71af4b311055a7b53b1af3de604	e93df67a866754cbe15bac994aaf4e33
8269	4cd64fa78b92bf338fd9276f1c6f377b	beb4c71af4b311055a7b53b1af3de604	e93df67a866754cbe15bac994aaf4e33
8270	4cd64fa78b92bf338fd9276f1c6f377b	beb4c71af4b311055a7b53b1af3de604	e93df67a866754cbe15bac994aaf4e33
8271	8c2bb5909677f73ff24f248d558451e9	a1fb329810972f8176f52b91332569be	c0acecc01564dbf1c43173fbead13e65
8272	8c2bb5909677f73ff24f248d558451e9	a1fb329810972f8176f52b91332569be	c0acecc01564dbf1c43173fbead13e65
8273	8c2bb5909677f73ff24f248d558451e9	a1fb329810972f8176f52b91332569be	c0acecc01564dbf1c43173fbead13e65
8274	8c2bb5909677f73ff24f248d558451e9	a1fb329810972f8176f52b91332569be	c0acecc01564dbf1c43173fbead13e65
8275	8c2bb5909677f73ff24f248d558451e9	a1fb329810972f8176f52b91332569be	c0acecc01564dbf1c43173fbead13e65
8276	5819ed6ef049ca66135712e4e950d315	8641e6ba21621126de3e71b2081536b2	fd11aff3eb79fd6a6ac07b69b20a2be5
8277	5819ed6ef049ca66135712e4e950d315	8641e6ba21621126de3e71b2081536b2	fd11aff3eb79fd6a6ac07b69b20a2be5
8278	5819ed6ef049ca66135712e4e950d315	8641e6ba21621126de3e71b2081536b2	fd11aff3eb79fd6a6ac07b69b20a2be5
8279	5819ed6ef049ca66135712e4e950d315	8641e6ba21621126de3e71b2081536b2	fd11aff3eb79fd6a6ac07b69b20a2be5
8280	5819ed6ef049ca66135712e4e950d315	8641e6ba21621126de3e71b2081536b2	fd11aff3eb79fd6a6ac07b69b20a2be5
8281	f083c903e28a5b4f52b65201980d4b72	18cd19f5ecac3ba9398b30fc7ea4e211	ff4d5530a9ba508baf63c7ecfbab26ca
8282	f083c903e28a5b4f52b65201980d4b72	18cd19f5ecac3ba9398b30fc7ea4e211	ff4d5530a9ba508baf63c7ecfbab26ca
8283	46d60430fca1f5df345cf5ff3a132701	c9f54182e07bd971db0547d784f17456	e9bfbfa65865d16d1aab75823e648025
8284	46d60430fca1f5df345cf5ff3a132701	c9f54182e07bd971db0547d784f17456	e9bfbfa65865d16d1aab75823e648025
8285	46d60430fca1f5df345cf5ff3a132701	c9f54182e07bd971db0547d784f17456	e9bfbfa65865d16d1aab75823e648025
8286	46d60430fca1f5df345cf5ff3a132701	c9f54182e07bd971db0547d784f17456	e9bfbfa65865d16d1aab75823e648025
8287	46d60430fca1f5df345cf5ff3a132701	c9f54182e07bd971db0547d784f17456	e9bfbfa65865d16d1aab75823e648025
8288	62973bc2e3c6cc7e0f16758c0031a481	35cd1e3cdd38dbfe0ac7649e54b1ba0e	24a3f78b78cd969881cb62f637bb33cd
8289	62973bc2e3c6cc7e0f16758c0031a481	35cd1e3cdd38dbfe0ac7649e54b1ba0e	24a3f78b78cd969881cb62f637bb33cd
8290	62973bc2e3c6cc7e0f16758c0031a481	35cd1e3cdd38dbfe0ac7649e54b1ba0e	24a3f78b78cd969881cb62f637bb33cd
8291	62973bc2e3c6cc7e0f16758c0031a481	35cd1e3cdd38dbfe0ac7649e54b1ba0e	24a3f78b78cd969881cb62f637bb33cd
8292	62973bc2e3c6cc7e0f16758c0031a481	35cd1e3cdd38dbfe0ac7649e54b1ba0e	24a3f78b78cd969881cb62f637bb33cd
8293	62973bc2e3c6cc7e0f16758c0031a481	35cd1e3cdd38dbfe0ac7649e54b1ba0e	24a3f78b78cd969881cb62f637bb33cd
8294	62973bc2e3c6cc7e0f16758c0031a481	35cd1e3cdd38dbfe0ac7649e54b1ba0e	24a3f78b78cd969881cb62f637bb33cd
8295	de5ea6303e9daf1066a9c1c0123d5059	47d14cfa8700dd6476f91fe01b96c096	02d78e2de9b6db584173b6c481484971
8296	de5ea6303e9daf1066a9c1c0123d5059	47d14cfa8700dd6476f91fe01b96c096	02d78e2de9b6db584173b6c481484971
8297	de5ea6303e9daf1066a9c1c0123d5059	47d14cfa8700dd6476f91fe01b96c096	02d78e2de9b6db584173b6c481484971
8298	de5ea6303e9daf1066a9c1c0123d5059	47d14cfa8700dd6476f91fe01b96c096	02d78e2de9b6db584173b6c481484971
8299	de5ea6303e9daf1066a9c1c0123d5059	47d14cfa8700dd6476f91fe01b96c096	02d78e2de9b6db584173b6c481484971
8300	de5ea6303e9daf1066a9c1c0123d5059	47d14cfa8700dd6476f91fe01b96c096	02d78e2de9b6db584173b6c481484971
8301	de5ea6303e9daf1066a9c1c0123d5059	47d14cfa8700dd6476f91fe01b96c096	02d78e2de9b6db584173b6c481484971
8302	de5ea6303e9daf1066a9c1c0123d5059	47d14cfa8700dd6476f91fe01b96c096	02d78e2de9b6db584173b6c481484971
8303	de5ea6303e9daf1066a9c1c0123d5059	47d14cfa8700dd6476f91fe01b96c096	02d78e2de9b6db584173b6c481484971
8304	de5ea6303e9daf1066a9c1c0123d5059	47d14cfa8700dd6476f91fe01b96c096	02d78e2de9b6db584173b6c481484971
8305	9799d0f9136cfd75cdeb505edbf25fd3	44f97b0298f9c6938a977917fc563b9c	c63f11e08db00df94d5298d09b260e23
8306	9799d0f9136cfd75cdeb505edbf25fd3	44f97b0298f9c6938a977917fc563b9c	c63f11e08db00df94d5298d09b260e23
8307	9799d0f9136cfd75cdeb505edbf25fd3	44f97b0298f9c6938a977917fc563b9c	c63f11e08db00df94d5298d09b260e23
8308	9799d0f9136cfd75cdeb505edbf25fd3	44f97b0298f9c6938a977917fc563b9c	c63f11e08db00df94d5298d09b260e23
8309	9799d0f9136cfd75cdeb505edbf25fd3	44f97b0298f9c6938a977917fc563b9c	c63f11e08db00df94d5298d09b260e23
8310	9799d0f9136cfd75cdeb505edbf25fd3	44f97b0298f9c6938a977917fc563b9c	c63f11e08db00df94d5298d09b260e23
8311	9799d0f9136cfd75cdeb505edbf25fd3	44f97b0298f9c6938a977917fc563b9c	c63f11e08db00df94d5298d09b260e23
8312	5f9917f1c3132c89a809a1dc230ecc62	82882a7cd9f2c63f91ba7c207b2992d1	2a7963c5d965e859463a7313d0e014ca
8313	5f9917f1c3132c89a809a1dc230ecc62	82882a7cd9f2c63f91ba7c207b2992d1	2a7963c5d965e859463a7313d0e014ca
8314	5f9917f1c3132c89a809a1dc230ecc62	82882a7cd9f2c63f91ba7c207b2992d1	2a7963c5d965e859463a7313d0e014ca
8315	e757bef708a094720da758219873f156	f1a8f865dd27e5ba2e71d9af57f26cdd	04c41d62eab35f5081f383eca13e0ce2
8316	e757bef708a094720da758219873f156	f1a8f865dd27e5ba2e71d9af57f26cdd	04c41d62eab35f5081f383eca13e0ce2
8317	bd32a6f10b761f62b60ea640c0cbce11	f92670b2bd286222fe5eb1a6cc98001e	4ac05bc822877264ce0b02156bc23e5d
8318	bd32a6f10b761f62b60ea640c0cbce11	f92670b2bd286222fe5eb1a6cc98001e	4ac05bc822877264ce0b02156bc23e5d
8319	bd32a6f10b761f62b60ea640c0cbce11	f92670b2bd286222fe5eb1a6cc98001e	4ac05bc822877264ce0b02156bc23e5d
8320	bd32a6f10b761f62b60ea640c0cbce11	f92670b2bd286222fe5eb1a6cc98001e	4ac05bc822877264ce0b02156bc23e5d
8321	bd32a6f10b761f62b60ea640c0cbce11	f92670b2bd286222fe5eb1a6cc98001e	4ac05bc822877264ce0b02156bc23e5d
8322	bd32a6f10b761f62b60ea640c0cbce11	f92670b2bd286222fe5eb1a6cc98001e	4ac05bc822877264ce0b02156bc23e5d
8323	bd32a6f10b761f62b60ea640c0cbce11	f92670b2bd286222fe5eb1a6cc98001e	4ac05bc822877264ce0b02156bc23e5d
8324	60d547cd84e1603276593c7dc1f39c3b	d4bb3bc4dfdedd2277f4418bcdfee7ac	511449f9c05b265a864b32249177606b
8325	60d547cd84e1603276593c7dc1f39c3b	d4bb3bc4dfdedd2277f4418bcdfee7ac	511449f9c05b265a864b32249177606b
8326	60d547cd84e1603276593c7dc1f39c3b	d4bb3bc4dfdedd2277f4418bcdfee7ac	511449f9c05b265a864b32249177606b
8327	60d547cd84e1603276593c7dc1f39c3b	d4bb3bc4dfdedd2277f4418bcdfee7ac	511449f9c05b265a864b32249177606b
8328	60d547cd84e1603276593c7dc1f39c3b	d4bb3bc4dfdedd2277f4418bcdfee7ac	511449f9c05b265a864b32249177606b
8329	4a48e9d2250042d611c7135bb966dd48	57a90e7d30c4f88eb9c8b7dbebf12b1b	7deee6c667520474cf7b2f5d758d9a24
8330	4a48e9d2250042d611c7135bb966dd48	57a90e7d30c4f88eb9c8b7dbebf12b1b	7deee6c667520474cf7b2f5d758d9a24
8331	4a48e9d2250042d611c7135bb966dd48	57a90e7d30c4f88eb9c8b7dbebf12b1b	7deee6c667520474cf7b2f5d758d9a24
8332	4a48e9d2250042d611c7135bb966dd48	57a90e7d30c4f88eb9c8b7dbebf12b1b	7deee6c667520474cf7b2f5d758d9a24
8333	4a48e9d2250042d611c7135bb966dd48	57a90e7d30c4f88eb9c8b7dbebf12b1b	7deee6c667520474cf7b2f5d758d9a24
8334	4a48e9d2250042d611c7135bb966dd48	57a90e7d30c4f88eb9c8b7dbebf12b1b	7deee6c667520474cf7b2f5d758d9a24
8335	4a48e9d2250042d611c7135bb966dd48	57a90e7d30c4f88eb9c8b7dbebf12b1b	7deee6c667520474cf7b2f5d758d9a24
8336	4a48e9d2250042d611c7135bb966dd48	57a90e7d30c4f88eb9c8b7dbebf12b1b	7deee6c667520474cf7b2f5d758d9a24
8337	4a48e9d2250042d611c7135bb966dd48	57a90e7d30c4f88eb9c8b7dbebf12b1b	7deee6c667520474cf7b2f5d758d9a24
8338	4a48e9d2250042d611c7135bb966dd48	57a90e7d30c4f88eb9c8b7dbebf12b1b	7deee6c667520474cf7b2f5d758d9a24
8339	4a48e9d2250042d611c7135bb966dd48	57a90e7d30c4f88eb9c8b7dbebf12b1b	7deee6c667520474cf7b2f5d758d9a24
8340	4a48e9d2250042d611c7135bb966dd48	57a90e7d30c4f88eb9c8b7dbebf12b1b	7deee6c667520474cf7b2f5d758d9a24
8341	4a48e9d2250042d611c7135bb966dd48	57a90e7d30c4f88eb9c8b7dbebf12b1b	7deee6c667520474cf7b2f5d758d9a24
8342	4a48e9d2250042d611c7135bb966dd48	57a90e7d30c4f88eb9c8b7dbebf12b1b	7deee6c667520474cf7b2f5d758d9a24
8343	4a48e9d2250042d611c7135bb966dd48	57a90e7d30c4f88eb9c8b7dbebf12b1b	7deee6c667520474cf7b2f5d758d9a24
8344	4a48e9d2250042d611c7135bb966dd48	57a90e7d30c4f88eb9c8b7dbebf12b1b	7deee6c667520474cf7b2f5d758d9a24
8345	4a48e9d2250042d611c7135bb966dd48	57a90e7d30c4f88eb9c8b7dbebf12b1b	7deee6c667520474cf7b2f5d758d9a24
8346	8b1a650e8734445c3e6a18203246e3d8	dba4c147f88210c8c41e99ee0acd8feb	3d5e4ed231130aaa41209b859a92c8cc
8347	8b1a650e8734445c3e6a18203246e3d8	dba4c147f88210c8c41e99ee0acd8feb	3d5e4ed231130aaa41209b859a92c8cc
8348	8b1a650e8734445c3e6a18203246e3d8	dba4c147f88210c8c41e99ee0acd8feb	3d5e4ed231130aaa41209b859a92c8cc
8349	8b1a650e8734445c3e6a18203246e3d8	dba4c147f88210c8c41e99ee0acd8feb	3d5e4ed231130aaa41209b859a92c8cc
8350	8b1a650e8734445c3e6a18203246e3d8	dba4c147f88210c8c41e99ee0acd8feb	3d5e4ed231130aaa41209b859a92c8cc
8351	8b1a650e8734445c3e6a18203246e3d8	dba4c147f88210c8c41e99ee0acd8feb	3d5e4ed231130aaa41209b859a92c8cc
8352	8b1a650e8734445c3e6a18203246e3d8	dba4c147f88210c8c41e99ee0acd8feb	3d5e4ed231130aaa41209b859a92c8cc
8353	150b7bd7bf94ca94d57e4818f52864b6	df284114d0966580182fd1be37aab35d	60934ff2130d5f40efe13af64a9577be
8354	150b7bd7bf94ca94d57e4818f52864b6	df284114d0966580182fd1be37aab35d	60934ff2130d5f40efe13af64a9577be
8355	150b7bd7bf94ca94d57e4818f52864b6	df284114d0966580182fd1be37aab35d	60934ff2130d5f40efe13af64a9577be
8356	150b7bd7bf94ca94d57e4818f52864b6	df284114d0966580182fd1be37aab35d	60934ff2130d5f40efe13af64a9577be
8357	150b7bd7bf94ca94d57e4818f52864b6	df284114d0966580182fd1be37aab35d	60934ff2130d5f40efe13af64a9577be
8358	d36b796559070cb442a2513e4aa8fce2	ef8cf3d761bbbb6006e1b389d2864db9	125d390f98fc34aea87a96120376e856
8359	d36b796559070cb442a2513e4aa8fce2	ef8cf3d761bbbb6006e1b389d2864db9	125d390f98fc34aea87a96120376e856
8360	d36b796559070cb442a2513e4aa8fce2	ef8cf3d761bbbb6006e1b389d2864db9	125d390f98fc34aea87a96120376e856
8361	d36b796559070cb442a2513e4aa8fce2	ef8cf3d761bbbb6006e1b389d2864db9	125d390f98fc34aea87a96120376e856
8362	d36b796559070cb442a2513e4aa8fce2	ef8cf3d761bbbb6006e1b389d2864db9	125d390f98fc34aea87a96120376e856
8363	d36b796559070cb442a2513e4aa8fce2	ef8cf3d761bbbb6006e1b389d2864db9	125d390f98fc34aea87a96120376e856
8364	d36b796559070cb442a2513e4aa8fce2	ef8cf3d761bbbb6006e1b389d2864db9	125d390f98fc34aea87a96120376e856
8365	de7ab84f0852a5f429a1660549759c8c	e97019286f3847a0eb6a82fa9948418f	a788da3fac894a8c70cedb6691b574b4
8366	de7ab84f0852a5f429a1660549759c8c	e97019286f3847a0eb6a82fa9948418f	a788da3fac894a8c70cedb6691b574b4
8367	de7ab84f0852a5f429a1660549759c8c	e97019286f3847a0eb6a82fa9948418f	a788da3fac894a8c70cedb6691b574b4
8368	de7ab84f0852a5f429a1660549759c8c	e97019286f3847a0eb6a82fa9948418f	a788da3fac894a8c70cedb6691b574b4
8369	de7ab84f0852a5f429a1660549759c8c	e97019286f3847a0eb6a82fa9948418f	a788da3fac894a8c70cedb6691b574b4
8370	4c0fb38e533793a56426d512f16a23a1	0e9cc35074698973decd4e32abca5006	6d4470de9d6e51375c4ec91a5545774d
8371	4c0fb38e533793a56426d512f16a23a1	0e9cc35074698973decd4e32abca5006	6d4470de9d6e51375c4ec91a5545774d
8372	4c0fb38e533793a56426d512f16a23a1	0e9cc35074698973decd4e32abca5006	6d4470de9d6e51375c4ec91a5545774d
8373	4c0fb38e533793a56426d512f16a23a1	0e9cc35074698973decd4e32abca5006	6d4470de9d6e51375c4ec91a5545774d
8374	4c0fb38e533793a56426d512f16a23a1	0e9cc35074698973decd4e32abca5006	6d4470de9d6e51375c4ec91a5545774d
8375	a023f41d455b150f1686160d41098d7e	ef02446a6a5709b9031816c82b0f953d	de8e81768718b8478eba3c2fc94a3e86
8376	a023f41d455b150f1686160d41098d7e	ef02446a6a5709b9031816c82b0f953d	de8e81768718b8478eba3c2fc94a3e86
8377	a023f41d455b150f1686160d41098d7e	ef02446a6a5709b9031816c82b0f953d	de8e81768718b8478eba3c2fc94a3e86
8378	a023f41d455b150f1686160d41098d7e	ef02446a6a5709b9031816c82b0f953d	de8e81768718b8478eba3c2fc94a3e86
8379	a023f41d455b150f1686160d41098d7e	ef02446a6a5709b9031816c82b0f953d	de8e81768718b8478eba3c2fc94a3e86
8380	a023f41d455b150f1686160d41098d7e	ef02446a6a5709b9031816c82b0f953d	de8e81768718b8478eba3c2fc94a3e86
8381	a023f41d455b150f1686160d41098d7e	ef02446a6a5709b9031816c82b0f953d	de8e81768718b8478eba3c2fc94a3e86
8382	a023f41d455b150f1686160d41098d7e	ef02446a6a5709b9031816c82b0f953d	de8e81768718b8478eba3c2fc94a3e86
8383	a023f41d455b150f1686160d41098d7e	ef02446a6a5709b9031816c82b0f953d	de8e81768718b8478eba3c2fc94a3e86
8384	a023f41d455b150f1686160d41098d7e	ef02446a6a5709b9031816c82b0f953d	de8e81768718b8478eba3c2fc94a3e86
8385	a023f41d455b150f1686160d41098d7e	ef02446a6a5709b9031816c82b0f953d	de8e81768718b8478eba3c2fc94a3e86
8386	a023f41d455b150f1686160d41098d7e	ef02446a6a5709b9031816c82b0f953d	de8e81768718b8478eba3c2fc94a3e86
8387	216485bf8ae82a90b0edc958544fdf5b	e2b23f378a26a5847ed7ba260079971c	bfe76a215b92c5580e5e013ac2a85d73
8388	216485bf8ae82a90b0edc958544fdf5b	e2b23f378a26a5847ed7ba260079971c	bfe76a215b92c5580e5e013ac2a85d73
8389	216485bf8ae82a90b0edc958544fdf5b	e2b23f378a26a5847ed7ba260079971c	bfe76a215b92c5580e5e013ac2a85d73
8390	216485bf8ae82a90b0edc958544fdf5b	e2b23f378a26a5847ed7ba260079971c	bfe76a215b92c5580e5e013ac2a85d73
8391	216485bf8ae82a90b0edc958544fdf5b	e2b23f378a26a5847ed7ba260079971c	bfe76a215b92c5580e5e013ac2a85d73
8392	216485bf8ae82a90b0edc958544fdf5b	e2b23f378a26a5847ed7ba260079971c	bfe76a215b92c5580e5e013ac2a85d73
8393	216485bf8ae82a90b0edc958544fdf5b	e2b23f378a26a5847ed7ba260079971c	bfe76a215b92c5580e5e013ac2a85d73
8394	b4b228d794f7eed1b88c10b3a9e4262c	ec71368e3895fe67af238ba749403217	531a92f9095552d94433a4bbdb9b75d4
8395	b4b228d794f7eed1b88c10b3a9e4262c	ec71368e3895fe67af238ba749403217	531a92f9095552d94433a4bbdb9b75d4
8396	b4b228d794f7eed1b88c10b3a9e4262c	ec71368e3895fe67af238ba749403217	531a92f9095552d94433a4bbdb9b75d4
8397	b4b228d794f7eed1b88c10b3a9e4262c	ec71368e3895fe67af238ba749403217	531a92f9095552d94433a4bbdb9b75d4
8398	b4b228d794f7eed1b88c10b3a9e4262c	ec71368e3895fe67af238ba749403217	531a92f9095552d94433a4bbdb9b75d4
8399	c0b4c39d28c4775f29ba3d78ab4d8571	c8d36334103ef941fe3b3b72fd1b5836	d81bedd1624a5c3781163c92f070eda9
8400	c0b4c39d28c4775f29ba3d78ab4d8571	c8d36334103ef941fe3b3b72fd1b5836	d81bedd1624a5c3781163c92f070eda9
8401	c0b4c39d28c4775f29ba3d78ab4d8571	c8d36334103ef941fe3b3b72fd1b5836	d81bedd1624a5c3781163c92f070eda9
8402	c0b4c39d28c4775f29ba3d78ab4d8571	c8d36334103ef941fe3b3b72fd1b5836	d81bedd1624a5c3781163c92f070eda9
8403	c0b4c39d28c4775f29ba3d78ab4d8571	c8d36334103ef941fe3b3b72fd1b5836	d81bedd1624a5c3781163c92f070eda9
8404	c0b4c39d28c4775f29ba3d78ab4d8571	c8d36334103ef941fe3b3b72fd1b5836	d81bedd1624a5c3781163c92f070eda9
8405	c0b4c39d28c4775f29ba3d78ab4d8571	c8d36334103ef941fe3b3b72fd1b5836	d81bedd1624a5c3781163c92f070eda9
8406	830f6db1c116249a2c07dcd8db2dd48e	4b29f16188534c22b71731c0a5c18495	540fa711d6d2f1865e98a7d42e89b05e
8407	830f6db1c116249a2c07dcd8db2dd48e	4b29f16188534c22b71731c0a5c18495	540fa711d6d2f1865e98a7d42e89b05e
8408	830f6db1c116249a2c07dcd8db2dd48e	4b29f16188534c22b71731c0a5c18495	540fa711d6d2f1865e98a7d42e89b05e
8409	830f6db1c116249a2c07dcd8db2dd48e	4b29f16188534c22b71731c0a5c18495	540fa711d6d2f1865e98a7d42e89b05e
8410	830f6db1c116249a2c07dcd8db2dd48e	4b29f16188534c22b71731c0a5c18495	540fa711d6d2f1865e98a7d42e89b05e
8411	f60e872f26a009f6e87fff869f1133a9	a3f0f7505616bc76572d27c7ad546f86	5af400ae4514a16a141e1c0fd6dfacb1
8412	f60e872f26a009f6e87fff869f1133a9	a3f0f7505616bc76572d27c7ad546f86	5af400ae4514a16a141e1c0fd6dfacb1
8413	f60e872f26a009f6e87fff869f1133a9	a3f0f7505616bc76572d27c7ad546f86	5af400ae4514a16a141e1c0fd6dfacb1
8414	f60e872f26a009f6e87fff869f1133a9	a3f0f7505616bc76572d27c7ad546f86	5af400ae4514a16a141e1c0fd6dfacb1
8415	f60e872f26a009f6e87fff869f1133a9	a3f0f7505616bc76572d27c7ad546f86	5af400ae4514a16a141e1c0fd6dfacb1
8416	677821eaa3c8db2341274b82d43f53d4	999003bd7e91594df847ccd73392867f	89a3ef61af7c743f6eefbf142534adcc
8417	677821eaa3c8db2341274b82d43f53d4	999003bd7e91594df847ccd73392867f	89a3ef61af7c743f6eefbf142534adcc
8418	677821eaa3c8db2341274b82d43f53d4	999003bd7e91594df847ccd73392867f	89a3ef61af7c743f6eefbf142534adcc
8419	677821eaa3c8db2341274b82d43f53d4	999003bd7e91594df847ccd73392867f	89a3ef61af7c743f6eefbf142534adcc
8420	677821eaa3c8db2341274b82d43f53d4	999003bd7e91594df847ccd73392867f	89a3ef61af7c743f6eefbf142534adcc
8421	677821eaa3c8db2341274b82d43f53d4	999003bd7e91594df847ccd73392867f	89a3ef61af7c743f6eefbf142534adcc
8422	677821eaa3c8db2341274b82d43f53d4	999003bd7e91594df847ccd73392867f	89a3ef61af7c743f6eefbf142534adcc
8423	677821eaa3c8db2341274b82d43f53d4	999003bd7e91594df847ccd73392867f	89a3ef61af7c743f6eefbf142534adcc
8424	677821eaa3c8db2341274b82d43f53d4	999003bd7e91594df847ccd73392867f	89a3ef61af7c743f6eefbf142534adcc
8425	677821eaa3c8db2341274b82d43f53d4	999003bd7e91594df847ccd73392867f	89a3ef61af7c743f6eefbf142534adcc
8426	677821eaa3c8db2341274b82d43f53d4	999003bd7e91594df847ccd73392867f	89a3ef61af7c743f6eefbf142534adcc
8427	677821eaa3c8db2341274b82d43f53d4	999003bd7e91594df847ccd73392867f	89a3ef61af7c743f6eefbf142534adcc
8428	ba6151dbbd69ada0732e7ae9f8a738db	b51b6c2046cf7a548a2bcc7baa3db97c	b6c70d82e28c8d2cd5f3e168b1695013
8429	ba6151dbbd69ada0732e7ae9f8a738db	b51b6c2046cf7a548a2bcc7baa3db97c	b6c70d82e28c8d2cd5f3e168b1695013
8430	ba6151dbbd69ada0732e7ae9f8a738db	b51b6c2046cf7a548a2bcc7baa3db97c	b6c70d82e28c8d2cd5f3e168b1695013
8431	ba6151dbbd69ada0732e7ae9f8a738db	b51b6c2046cf7a548a2bcc7baa3db97c	b6c70d82e28c8d2cd5f3e168b1695013
8432	ba6151dbbd69ada0732e7ae9f8a738db	b51b6c2046cf7a548a2bcc7baa3db97c	b6c70d82e28c8d2cd5f3e168b1695013
8433	ba6151dbbd69ada0732e7ae9f8a738db	b51b6c2046cf7a548a2bcc7baa3db97c	b6c70d82e28c8d2cd5f3e168b1695013
8434	ba6151dbbd69ada0732e7ae9f8a738db	b51b6c2046cf7a548a2bcc7baa3db97c	b6c70d82e28c8d2cd5f3e168b1695013
8435	264a4252c57ddec01d0e68bbb6fcd226	fc04473dad9d6c0c02e770d9ed75ee3d	1233ba2d2f36e9f0e7861a2cbf4a039e
8436	264a4252c57ddec01d0e68bbb6fcd226	fc04473dad9d6c0c02e770d9ed75ee3d	1233ba2d2f36e9f0e7861a2cbf4a039e
8437	264a4252c57ddec01d0e68bbb6fcd226	fc04473dad9d6c0c02e770d9ed75ee3d	1233ba2d2f36e9f0e7861a2cbf4a039e
8438	264a4252c57ddec01d0e68bbb6fcd226	fc04473dad9d6c0c02e770d9ed75ee3d	1233ba2d2f36e9f0e7861a2cbf4a039e
8439	264a4252c57ddec01d0e68bbb6fcd226	fc04473dad9d6c0c02e770d9ed75ee3d	1233ba2d2f36e9f0e7861a2cbf4a039e
8440	264a4252c57ddec01d0e68bbb6fcd226	fc04473dad9d6c0c02e770d9ed75ee3d	1233ba2d2f36e9f0e7861a2cbf4a039e
8441	264a4252c57ddec01d0e68bbb6fcd226	fc04473dad9d6c0c02e770d9ed75ee3d	1233ba2d2f36e9f0e7861a2cbf4a039e
8442	264a4252c57ddec01d0e68bbb6fcd226	fc04473dad9d6c0c02e770d9ed75ee3d	1233ba2d2f36e9f0e7861a2cbf4a039e
8443	264a4252c57ddec01d0e68bbb6fcd226	fc04473dad9d6c0c02e770d9ed75ee3d	1233ba2d2f36e9f0e7861a2cbf4a039e
8444	264a4252c57ddec01d0e68bbb6fcd226	fc04473dad9d6c0c02e770d9ed75ee3d	1233ba2d2f36e9f0e7861a2cbf4a039e
8445	125d9eafc1ef49be12bf9827c62df4e0	8a21c312290e391684696cb75160c023	d07de86ced51461c6e530ef1f0c6c764
8446	125d9eafc1ef49be12bf9827c62df4e0	8a21c312290e391684696cb75160c023	d07de86ced51461c6e530ef1f0c6c764
8447	125d9eafc1ef49be12bf9827c62df4e0	8a21c312290e391684696cb75160c023	d07de86ced51461c6e530ef1f0c6c764
8448	125d9eafc1ef49be12bf9827c62df4e0	8a21c312290e391684696cb75160c023	d07de86ced51461c6e530ef1f0c6c764
8449	125d9eafc1ef49be12bf9827c62df4e0	8a21c312290e391684696cb75160c023	d07de86ced51461c6e530ef1f0c6c764
8450	125d9eafc1ef49be12bf9827c62df4e0	8a21c312290e391684696cb75160c023	d07de86ced51461c6e530ef1f0c6c764
8451	125d9eafc1ef49be12bf9827c62df4e0	8a21c312290e391684696cb75160c023	d07de86ced51461c6e530ef1f0c6c764
8452	08c6cc837db36879a8e7c1f36fdcf96f	2c086d084fbfcb27c150774ca13213d8	a6ea62111754c80f9d14cc949dd899b3
8453	08c6cc837db36879a8e7c1f36fdcf96f	2c086d084fbfcb27c150774ca13213d8	a6ea62111754c80f9d14cc949dd899b3
8454	08c6cc837db36879a8e7c1f36fdcf96f	2c086d084fbfcb27c150774ca13213d8	a6ea62111754c80f9d14cc949dd899b3
8455	08c6cc837db36879a8e7c1f36fdcf96f	2c086d084fbfcb27c150774ca13213d8	a6ea62111754c80f9d14cc949dd899b3
8456	08c6cc837db36879a8e7c1f36fdcf96f	2c086d084fbfcb27c150774ca13213d8	a6ea62111754c80f9d14cc949dd899b3
8457	2e09c76c7b5c657bd33141c4da81c5e8	ffdd25d150805d859ad985e2f57289e3	67f58ece9417426de4a9addb3e498a84
8458	2e09c76c7b5c657bd33141c4da81c5e8	ffdd25d150805d859ad985e2f57289e3	67f58ece9417426de4a9addb3e498a84
8459	2e09c76c7b5c657bd33141c4da81c5e8	ffdd25d150805d859ad985e2f57289e3	67f58ece9417426de4a9addb3e498a84
8460	2e09c76c7b5c657bd33141c4da81c5e8	ffdd25d150805d859ad985e2f57289e3	67f58ece9417426de4a9addb3e498a84
8461	2e09c76c7b5c657bd33141c4da81c5e8	ffdd25d150805d859ad985e2f57289e3	67f58ece9417426de4a9addb3e498a84
8462	2e09c76c7b5c657bd33141c4da81c5e8	ffdd25d150805d859ad985e2f57289e3	67f58ece9417426de4a9addb3e498a84
8463	2e09c76c7b5c657bd33141c4da81c5e8	ffdd25d150805d859ad985e2f57289e3	67f58ece9417426de4a9addb3e498a84
8464	2e09c76c7b5c657bd33141c4da81c5e8	ffdd25d150805d859ad985e2f57289e3	67f58ece9417426de4a9addb3e498a84
8465	2e09c76c7b5c657bd33141c4da81c5e8	ffdd25d150805d859ad985e2f57289e3	67f58ece9417426de4a9addb3e498a84
8466	2e09c76c7b5c657bd33141c4da81c5e8	ffdd25d150805d859ad985e2f57289e3	67f58ece9417426de4a9addb3e498a84
8467	2e09c76c7b5c657bd33141c4da81c5e8	ffdd25d150805d859ad985e2f57289e3	67f58ece9417426de4a9addb3e498a84
8468	2e09c76c7b5c657bd33141c4da81c5e8	ffdd25d150805d859ad985e2f57289e3	67f58ece9417426de4a9addb3e498a84
8469	2e09c76c7b5c657bd33141c4da81c5e8	ffdd25d150805d859ad985e2f57289e3	67f58ece9417426de4a9addb3e498a84
8470	2e09c76c7b5c657bd33141c4da81c5e8	ffdd25d150805d859ad985e2f57289e3	67f58ece9417426de4a9addb3e498a84
8471	2e09c76c7b5c657bd33141c4da81c5e8	ffdd25d150805d859ad985e2f57289e3	67f58ece9417426de4a9addb3e498a84
8472	2e09c76c7b5c657bd33141c4da81c5e8	ffdd25d150805d859ad985e2f57289e3	67f58ece9417426de4a9addb3e498a84
8473	2e09c76c7b5c657bd33141c4da81c5e8	ffdd25d150805d859ad985e2f57289e3	67f58ece9417426de4a9addb3e498a84
8474	49fc214495f28b2600dfcb30002f4396	3041ba8b5b46348e39282cfb8e25086d	c33c165066cb90260a27cc78ebdaae16
8475	49fc214495f28b2600dfcb30002f4396	3041ba8b5b46348e39282cfb8e25086d	c33c165066cb90260a27cc78ebdaae16
8476	49fc214495f28b2600dfcb30002f4396	3041ba8b5b46348e39282cfb8e25086d	c33c165066cb90260a27cc78ebdaae16
8477	c1117403913e7fc5cfb379c0ec2f9f6e	7350b8562f79615bc4dacfa3f009587d	f931e6136476d949b708704e5f7c5646
8478	c1117403913e7fc5cfb379c0ec2f9f6e	7350b8562f79615bc4dacfa3f009587d	f931e6136476d949b708704e5f7c5646
8479	2c519c1865f6cc41460447b371f22180	6ebf3e0894ca5f6762d8c6480a9ce0fb	62d7ed4029aca675b845c6b53a4551d8
8480	2c519c1865f6cc41460447b371f22180	6ebf3e0894ca5f6762d8c6480a9ce0fb	62d7ed4029aca675b845c6b53a4551d8
8481	154df609fb9251de23015c554eed072b	da674187fc8a16cedab94cc74afec50c	a9e0c5e61b8531889a1fd5da3b4ee1ff
8482	154df609fb9251de23015c554eed072b	da674187fc8a16cedab94cc74afec50c	a9e0c5e61b8531889a1fd5da3b4ee1ff
8483	154df609fb9251de23015c554eed072b	da674187fc8a16cedab94cc74afec50c	a9e0c5e61b8531889a1fd5da3b4ee1ff
8484	534250011b047dab9c4f34d41e48fd9f	66479b3b025cfb5df822e0a150fac7a8	83e5bf102ebf16410800e4e6718cf713
8485	534250011b047dab9c4f34d41e48fd9f	66479b3b025cfb5df822e0a150fac7a8	83e5bf102ebf16410800e4e6718cf713
8486	534250011b047dab9c4f34d41e48fd9f	66479b3b025cfb5df822e0a150fac7a8	83e5bf102ebf16410800e4e6718cf713
8487	534250011b047dab9c4f34d41e48fd9f	66479b3b025cfb5df822e0a150fac7a8	83e5bf102ebf16410800e4e6718cf713
8488	534250011b047dab9c4f34d41e48fd9f	66479b3b025cfb5df822e0a150fac7a8	83e5bf102ebf16410800e4e6718cf713
8489	534250011b047dab9c4f34d41e48fd9f	66479b3b025cfb5df822e0a150fac7a8	83e5bf102ebf16410800e4e6718cf713
8490	534250011b047dab9c4f34d41e48fd9f	66479b3b025cfb5df822e0a150fac7a8	83e5bf102ebf16410800e4e6718cf713
8491	534250011b047dab9c4f34d41e48fd9f	66479b3b025cfb5df822e0a150fac7a8	83e5bf102ebf16410800e4e6718cf713
8492	534250011b047dab9c4f34d41e48fd9f	66479b3b025cfb5df822e0a150fac7a8	83e5bf102ebf16410800e4e6718cf713
8493	868f2a11d7117fa36664810f44766e20	dbd356a0e68b966d3d8ebe404125acdb	166f02dc2e55872d67a05606c921f76c
8494	868f2a11d7117fa36664810f44766e20	dbd356a0e68b966d3d8ebe404125acdb	166f02dc2e55872d67a05606c921f76c
8495	868f2a11d7117fa36664810f44766e20	dbd356a0e68b966d3d8ebe404125acdb	166f02dc2e55872d67a05606c921f76c
8496	534250011b047dab9c4f34d41e48fd9f	66479b3b025cfb5df822e0a150fac7a8	83e5bf102ebf16410800e4e6718cf713
8497	534250011b047dab9c4f34d41e48fd9f	66479b3b025cfb5df822e0a150fac7a8	83e5bf102ebf16410800e4e6718cf713
8498	dc63b615d12741b7946f8375b34786c4	c2e7ba1577d7d3d183ca77e3b95e6f5f	5b9ea23a00298cc9d095096111e6ad68
8499	dc63b615d12741b7946f8375b34786c4	c2e7ba1577d7d3d183ca77e3b95e6f5f	5b9ea23a00298cc9d095096111e6ad68
8500	dc63b615d12741b7946f8375b34786c4	c2e7ba1577d7d3d183ca77e3b95e6f5f	5b9ea23a00298cc9d095096111e6ad68
8501	dc63b615d12741b7946f8375b34786c4	c2e7ba1577d7d3d183ca77e3b95e6f5f	5b9ea23a00298cc9d095096111e6ad68
8502	dc63b615d12741b7946f8375b34786c4	c2e7ba1577d7d3d183ca77e3b95e6f5f	5b9ea23a00298cc9d095096111e6ad68
8503	dc63b615d12741b7946f8375b34786c4	c2e7ba1577d7d3d183ca77e3b95e6f5f	5b9ea23a00298cc9d095096111e6ad68
8504	dc63b615d12741b7946f8375b34786c4	c2e7ba1577d7d3d183ca77e3b95e6f5f	5b9ea23a00298cc9d095096111e6ad68
8505	81eb82353c5da11437afa3d70236b340	43b7ef383076bf6031189270646cc603	80ce0886eed61cc4fae5d70767bcbd20
8506	81eb82353c5da11437afa3d70236b340	43b7ef383076bf6031189270646cc603	80ce0886eed61cc4fae5d70767bcbd20
8507	81eb82353c5da11437afa3d70236b340	43b7ef383076bf6031189270646cc603	80ce0886eed61cc4fae5d70767bcbd20
8508	81eb82353c5da11437afa3d70236b340	43b7ef383076bf6031189270646cc603	80ce0886eed61cc4fae5d70767bcbd20
8509	81eb82353c5da11437afa3d70236b340	43b7ef383076bf6031189270646cc603	80ce0886eed61cc4fae5d70767bcbd20
8510	81eb82353c5da11437afa3d70236b340	43b7ef383076bf6031189270646cc603	80ce0886eed61cc4fae5d70767bcbd20
8511	81eb82353c5da11437afa3d70236b340	43b7ef383076bf6031189270646cc603	80ce0886eed61cc4fae5d70767bcbd20
8512	81eb82353c5da11437afa3d70236b340	43b7ef383076bf6031189270646cc603	80ce0886eed61cc4fae5d70767bcbd20
8513	81eb82353c5da11437afa3d70236b340	43b7ef383076bf6031189270646cc603	80ce0886eed61cc4fae5d70767bcbd20
8514	81eb82353c5da11437afa3d70236b340	43b7ef383076bf6031189270646cc603	80ce0886eed61cc4fae5d70767bcbd20
8515	2b8c177444086d9f0dde0dee6e0aedf2	2c8271d3ad31e239e0c9d50ce2201c61	395efad5d560c3832c34832eb21ebf22
8516	2b8c177444086d9f0dde0dee6e0aedf2	2c8271d3ad31e239e0c9d50ce2201c61	395efad5d560c3832c34832eb21ebf22
8517	2b8c177444086d9f0dde0dee6e0aedf2	2c8271d3ad31e239e0c9d50ce2201c61	395efad5d560c3832c34832eb21ebf22
8518	2b8c177444086d9f0dde0dee6e0aedf2	2c8271d3ad31e239e0c9d50ce2201c61	395efad5d560c3832c34832eb21ebf22
8519	2b8c177444086d9f0dde0dee6e0aedf2	2c8271d3ad31e239e0c9d50ce2201c61	395efad5d560c3832c34832eb21ebf22
8520	2b8c177444086d9f0dde0dee6e0aedf2	2c8271d3ad31e239e0c9d50ce2201c61	395efad5d560c3832c34832eb21ebf22
8521	2b8c177444086d9f0dde0dee6e0aedf2	2c8271d3ad31e239e0c9d50ce2201c61	395efad5d560c3832c34832eb21ebf22
8522	2b8c177444086d9f0dde0dee6e0aedf2	2c8271d3ad31e239e0c9d50ce2201c61	395efad5d560c3832c34832eb21ebf22
8523	2b8c177444086d9f0dde0dee6e0aedf2	2c8271d3ad31e239e0c9d50ce2201c61	395efad5d560c3832c34832eb21ebf22
8524	2b8c177444086d9f0dde0dee6e0aedf2	2c8271d3ad31e239e0c9d50ce2201c61	395efad5d560c3832c34832eb21ebf22
8525	2b8c177444086d9f0dde0dee6e0aedf2	2c8271d3ad31e239e0c9d50ce2201c61	395efad5d560c3832c34832eb21ebf22
8526	2b8c177444086d9f0dde0dee6e0aedf2	2c8271d3ad31e239e0c9d50ce2201c61	395efad5d560c3832c34832eb21ebf22
8527	fb79c0aa0a27942ee8bfb827e34bd79d	bc7d4ba7dcf3ab5e442819ada91a0a6a	6ff4bc29637b05a818ba259f4b0f63d9
8528	fb79c0aa0a27942ee8bfb827e34bd79d	bc7d4ba7dcf3ab5e442819ada91a0a6a	6ff4bc29637b05a818ba259f4b0f63d9
8529	fb79c0aa0a27942ee8bfb827e34bd79d	bc7d4ba7dcf3ab5e442819ada91a0a6a	6ff4bc29637b05a818ba259f4b0f63d9
8530	fb79c0aa0a27942ee8bfb827e34bd79d	bc7d4ba7dcf3ab5e442819ada91a0a6a	6ff4bc29637b05a818ba259f4b0f63d9
8531	fb79c0aa0a27942ee8bfb827e34bd79d	bc7d4ba7dcf3ab5e442819ada91a0a6a	6ff4bc29637b05a818ba259f4b0f63d9
8532	fb79c0aa0a27942ee8bfb827e34bd79d	bc7d4ba7dcf3ab5e442819ada91a0a6a	6ff4bc29637b05a818ba259f4b0f63d9
8533	fb79c0aa0a27942ee8bfb827e34bd79d	bc7d4ba7dcf3ab5e442819ada91a0a6a	6ff4bc29637b05a818ba259f4b0f63d9
8534	e778f63f0159a2e69f9d605e7d59f3a9	3fe8ab9a0a78d89611a4584848e87ce6	3efacb5a489382c2b0c73c1c1d85f779
8535	e778f63f0159a2e69f9d605e7d59f3a9	3fe8ab9a0a78d89611a4584848e87ce6	3efacb5a489382c2b0c73c1c1d85f779
8536	e778f63f0159a2e69f9d605e7d59f3a9	3fe8ab9a0a78d89611a4584848e87ce6	3efacb5a489382c2b0c73c1c1d85f779
8537	e778f63f0159a2e69f9d605e7d59f3a9	3fe8ab9a0a78d89611a4584848e87ce6	3efacb5a489382c2b0c73c1c1d85f779
8538	e778f63f0159a2e69f9d605e7d59f3a9	3fe8ab9a0a78d89611a4584848e87ce6	3efacb5a489382c2b0c73c1c1d85f779
8539	910fb496ac29546ad7fcb60b2ed9af1d	43bc8a0f9b305eca175d5c2325a9816a	c064c4c1b68eefc23d41b94d776efe85
8540	910fb496ac29546ad7fcb60b2ed9af1d	43bc8a0f9b305eca175d5c2325a9816a	c064c4c1b68eefc23d41b94d776efe85
8541	910fb496ac29546ad7fcb60b2ed9af1d	43bc8a0f9b305eca175d5c2325a9816a	c064c4c1b68eefc23d41b94d776efe85
8542	910fb496ac29546ad7fcb60b2ed9af1d	43bc8a0f9b305eca175d5c2325a9816a	c064c4c1b68eefc23d41b94d776efe85
8543	910fb496ac29546ad7fcb60b2ed9af1d	43bc8a0f9b305eca175d5c2325a9816a	c064c4c1b68eefc23d41b94d776efe85
8544	d9bbdd159bf5417660c67e4fb7caa221	fd319c6d9afc106642eba41deba8b54e	49f253588a927eb44d4f2d4dd8750d75
8545	d9bbdd159bf5417660c67e4fb7caa221	fd319c6d9afc106642eba41deba8b54e	49f253588a927eb44d4f2d4dd8750d75
8546	d9bbdd159bf5417660c67e4fb7caa221	fd319c6d9afc106642eba41deba8b54e	49f253588a927eb44d4f2d4dd8750d75
8547	0d17341da81dc7d4bd784281a25b9849	721afbbac42bd78866662777198a7366	8025ac40d4e1e1a8ecfd1f57193f1689
8548	0d17341da81dc7d4bd784281a25b9849	721afbbac42bd78866662777198a7366	8025ac40d4e1e1a8ecfd1f57193f1689
8549	0d17341da81dc7d4bd784281a25b9849	721afbbac42bd78866662777198a7366	8025ac40d4e1e1a8ecfd1f57193f1689
8550	0d17341da81dc7d4bd784281a25b9849	721afbbac42bd78866662777198a7366	8025ac40d4e1e1a8ecfd1f57193f1689
8551	a0e2a1c6aceb9aa01ddb573e8dbe2299	ce4645e2389dc8b4924ba3fd600cb1a6	609d303fb9483974460a73a3a2c1aef1
8552	a0e2a1c6aceb9aa01ddb573e8dbe2299	ce4645e2389dc8b4924ba3fd600cb1a6	609d303fb9483974460a73a3a2c1aef1
8553	a0e2a1c6aceb9aa01ddb573e8dbe2299	ce4645e2389dc8b4924ba3fd600cb1a6	609d303fb9483974460a73a3a2c1aef1
8554	42ec8e434275a54686ca4135d4f6cdad	c8bab9ebb4ea92e6789e7156df2b970a	97447d9cf7dd250063985ad80ce4fc59
8555	a0e2a1c6aceb9aa01ddb573e8dbe2299	ce4645e2389dc8b4924ba3fd600cb1a6	609d303fb9483974460a73a3a2c1aef1
8556	fbaa083a50663c64e17694f0f4542074	5bea5427f52a5ec07dbf8ac0fd347537	5b3122c86aedaaf4a776250d91d09c74
8557	fbaa083a50663c64e17694f0f4542074	5bea5427f52a5ec07dbf8ac0fd347537	5b3122c86aedaaf4a776250d91d09c74
8558	fbaa083a50663c64e17694f0f4542074	5bea5427f52a5ec07dbf8ac0fd347537	5b3122c86aedaaf4a776250d91d09c74
8559	fbaa083a50663c64e17694f0f4542074	5bea5427f52a5ec07dbf8ac0fd347537	5b3122c86aedaaf4a776250d91d09c74
8560	fbaa083a50663c64e17694f0f4542074	5bea5427f52a5ec07dbf8ac0fd347537	5b3122c86aedaaf4a776250d91d09c74
8561	fbaa083a50663c64e17694f0f4542074	5bea5427f52a5ec07dbf8ac0fd347537	5b3122c86aedaaf4a776250d91d09c74
8562	fbaa083a50663c64e17694f0f4542074	5bea5427f52a5ec07dbf8ac0fd347537	5b3122c86aedaaf4a776250d91d09c74
8563	b0ff2d91e6ffddb97fb13c6eed943dbf	db108f1d8a4b73072c5d873d1e3c3148	60f5659cce4c5527a95a820a02a92ddb
8564	b0ff2d91e6ffddb97fb13c6eed943dbf	db108f1d8a4b73072c5d873d1e3c3148	60f5659cce4c5527a95a820a02a92ddb
8565	b0ff2d91e6ffddb97fb13c6eed943dbf	db108f1d8a4b73072c5d873d1e3c3148	60f5659cce4c5527a95a820a02a92ddb
8566	b0ff2d91e6ffddb97fb13c6eed943dbf	db108f1d8a4b73072c5d873d1e3c3148	60f5659cce4c5527a95a820a02a92ddb
8567	b0ff2d91e6ffddb97fb13c6eed943dbf	db108f1d8a4b73072c5d873d1e3c3148	60f5659cce4c5527a95a820a02a92ddb
8568	2d0a9b96e64a775ec3dd6b7f767e3501	5b6ecac41c2bb9ae6ab3e8e568673f7e	f2166d3d5d9108e0806b05bb77f948fd
8569	2d0a9b96e64a775ec3dd6b7f767e3501	5b6ecac41c2bb9ae6ab3e8e568673f7e	f2166d3d5d9108e0806b05bb77f948fd
8570	2d0a9b96e64a775ec3dd6b7f767e3501	5b6ecac41c2bb9ae6ab3e8e568673f7e	f2166d3d5d9108e0806b05bb77f948fd
8571	2d0a9b96e64a775ec3dd6b7f767e3501	5b6ecac41c2bb9ae6ab3e8e568673f7e	f2166d3d5d9108e0806b05bb77f948fd
8572	2d0a9b96e64a775ec3dd6b7f767e3501	5b6ecac41c2bb9ae6ab3e8e568673f7e	f2166d3d5d9108e0806b05bb77f948fd
8573	2d0a9b96e64a775ec3dd6b7f767e3501	5b6ecac41c2bb9ae6ab3e8e568673f7e	f2166d3d5d9108e0806b05bb77f948fd
8574	2d0a9b96e64a775ec3dd6b7f767e3501	5b6ecac41c2bb9ae6ab3e8e568673f7e	f2166d3d5d9108e0806b05bb77f948fd
8575	85306dbbd54f570471bce6df6dfe8af4	f3dc04071b07d950e75d23e3b48103a7	8c7540d5c5e6fa087588e62b97863a24
8576	85306dbbd54f570471bce6df6dfe8af4	f3dc04071b07d950e75d23e3b48103a7	8c7540d5c5e6fa087588e62b97863a24
8577	85306dbbd54f570471bce6df6dfe8af4	f3dc04071b07d950e75d23e3b48103a7	8c7540d5c5e6fa087588e62b97863a24
8578	85306dbbd54f570471bce6df6dfe8af4	f3dc04071b07d950e75d23e3b48103a7	8c7540d5c5e6fa087588e62b97863a24
8579	85306dbbd54f570471bce6df6dfe8af4	f3dc04071b07d950e75d23e3b48103a7	8c7540d5c5e6fa087588e62b97863a24
8580	aa8c6fd4e4c255f92c9d4dae81cb17d3	5d8f217b222dbc47baee53b69bf025ac	20288600fa3f4617033304ba11c49187
8581	aa8c6fd4e4c255f92c9d4dae81cb17d3	5d8f217b222dbc47baee53b69bf025ac	20288600fa3f4617033304ba11c49187
8582	aa8c6fd4e4c255f92c9d4dae81cb17d3	5d8f217b222dbc47baee53b69bf025ac	20288600fa3f4617033304ba11c49187
8583	aa8c6fd4e4c255f92c9d4dae81cb17d3	5d8f217b222dbc47baee53b69bf025ac	20288600fa3f4617033304ba11c49187
8584	aa8c6fd4e4c255f92c9d4dae81cb17d3	5d8f217b222dbc47baee53b69bf025ac	20288600fa3f4617033304ba11c49187
8585	31c17d578df4057543ae62f61c941b21	e9fd780750a3f4b3b2530c0b0b1f9306	408b3f00622bbd7d9ca87912864688b9
8586	31c17d578df4057543ae62f61c941b21	e9fd780750a3f4b3b2530c0b0b1f9306	408b3f00622bbd7d9ca87912864688b9
8587	31c17d578df4057543ae62f61c941b21	e9fd780750a3f4b3b2530c0b0b1f9306	408b3f00622bbd7d9ca87912864688b9
8588	70e4f1534e206b4c81bfcf644fbeb671	e735c2bf0636cb206591ceb6adfbee7e	d0d914f14ec65590f90d661075ab5671
8589	70e4f1534e206b4c81bfcf644fbeb671	e735c2bf0636cb206591ceb6adfbee7e	d0d914f14ec65590f90d661075ab5671
8590	7424961c585d6bfa00d162bc79bc1f2a	a24f0e3469de3ac2176fe7b7edda8921	f44d3b1fb620e51a3261d51d74d88e1a
8591	7424961c585d6bfa00d162bc79bc1f2a	a24f0e3469de3ac2176fe7b7edda8921	f44d3b1fb620e51a3261d51d74d88e1a
8592	ee6e5fc9e7e464fe41430a5ce58f2cfb	5511f310238c948e38a699ce1988d7ec	79d7af2431a5b05892f6e90f3bbf313f
8593	ee6e5fc9e7e464fe41430a5ce58f2cfb	5511f310238c948e38a699ce1988d7ec	79d7af2431a5b05892f6e90f3bbf313f
8594	ee6e5fc9e7e464fe41430a5ce58f2cfb	5511f310238c948e38a699ce1988d7ec	79d7af2431a5b05892f6e90f3bbf313f
8595	fc640c7b24f224f4fa5579fe70eb8215	7a8ff6db258851e886fb65201c582bb2	85ef17a461bad8f87d1aa801e6336e65
8596	dc4cc57fd7f5e4313c52237a1e6c9845	122649db160ccc2fd5c6476113fe49ba	4d352558dae9d27dcf714f8444cc3405
8597	baa739761bbc50feb4e831c14735211e	5c30f8e407783996dfd8a1823f59ad45	76fe264c41a0ed6a5c96d3c06d03f67e
8598	baa739761bbc50feb4e831c14735211e	5c30f8e407783996dfd8a1823f59ad45	76fe264c41a0ed6a5c96d3c06d03f67e
8599	baa739761bbc50feb4e831c14735211e	5c30f8e407783996dfd8a1823f59ad45	76fe264c41a0ed6a5c96d3c06d03f67e
8600	baa739761bbc50feb4e831c14735211e	5c30f8e407783996dfd8a1823f59ad45	76fe264c41a0ed6a5c96d3c06d03f67e
8601	baa739761bbc50feb4e831c14735211e	5c30f8e407783996dfd8a1823f59ad45	76fe264c41a0ed6a5c96d3c06d03f67e
8602	baa739761bbc50feb4e831c14735211e	5c30f8e407783996dfd8a1823f59ad45	76fe264c41a0ed6a5c96d3c06d03f67e
8603	baa739761bbc50feb4e831c14735211e	5c30f8e407783996dfd8a1823f59ad45	76fe264c41a0ed6a5c96d3c06d03f67e
8604	c52464cd42cc8001f59e59cc0605128d	54e41c4818a620ff190cbead54ae4872	a297b5259ef17b9945e77aa0e510ec4d
8605	c52464cd42cc8001f59e59cc0605128d	54e41c4818a620ff190cbead54ae4872	a297b5259ef17b9945e77aa0e510ec4d
8606	c52464cd42cc8001f59e59cc0605128d	54e41c4818a620ff190cbead54ae4872	a297b5259ef17b9945e77aa0e510ec4d
8607	5b7254b548beda42ba5b57ee2ba188d1	a28acf953dbed2f2e398e0e0a4faeb5e	58a05c1a19e342bc0c1fe86fef558f35
8608	5b7254b548beda42ba5b57ee2ba188d1	a28acf953dbed2f2e398e0e0a4faeb5e	58a05c1a19e342bc0c1fe86fef558f35
8609	c52464cd42cc8001f59e59cc0605128d	54e41c4818a620ff190cbead54ae4872	a297b5259ef17b9945e77aa0e510ec4d
8610	c52464cd42cc8001f59e59cc0605128d	54e41c4818a620ff190cbead54ae4872	a297b5259ef17b9945e77aa0e510ec4d
8611	c52464cd42cc8001f59e59cc0605128d	54e41c4818a620ff190cbead54ae4872	a297b5259ef17b9945e77aa0e510ec4d
8612	5b7254b548beda42ba5b57ee2ba188d1	a28acf953dbed2f2e398e0e0a4faeb5e	58a05c1a19e342bc0c1fe86fef558f35
8613	5b7254b548beda42ba5b57ee2ba188d1	a28acf953dbed2f2e398e0e0a4faeb5e	58a05c1a19e342bc0c1fe86fef558f35
8614	e053a191b7bc2f51c549801e331c6505	8be715ef3a5008afd464ac451c1726ba	92b5120b8dea1913ba3cfaee51957c81
8615	e053a191b7bc2f51c549801e331c6505	8be715ef3a5008afd464ac451c1726ba	92b5120b8dea1913ba3cfaee51957c81
8616	e053a191b7bc2f51c549801e331c6505	8be715ef3a5008afd464ac451c1726ba	92b5120b8dea1913ba3cfaee51957c81
8617	e053a191b7bc2f51c549801e331c6505	8be715ef3a5008afd464ac451c1726ba	92b5120b8dea1913ba3cfaee51957c81
8618	e053a191b7bc2f51c549801e331c6505	8be715ef3a5008afd464ac451c1726ba	92b5120b8dea1913ba3cfaee51957c81
8619	e053a191b7bc2f51c549801e331c6505	8be715ef3a5008afd464ac451c1726ba	92b5120b8dea1913ba3cfaee51957c81
8620	e053a191b7bc2f51c549801e331c6505	8be715ef3a5008afd464ac451c1726ba	92b5120b8dea1913ba3cfaee51957c81
8621	4ec2ec8fbbe77fb380c4371811e353dc	f78ec934e8f3671d6fc1623b4f820d57	193cc88ece564311769ae3b087a5d340
8622	4ec2ec8fbbe77fb380c4371811e353dc	f78ec934e8f3671d6fc1623b4f820d57	193cc88ece564311769ae3b087a5d340
8623	4ec2ec8fbbe77fb380c4371811e353dc	f78ec934e8f3671d6fc1623b4f820d57	193cc88ece564311769ae3b087a5d340
8624	4ec2ec8fbbe77fb380c4371811e353dc	f78ec934e8f3671d6fc1623b4f820d57	193cc88ece564311769ae3b087a5d340
8625	4ec2ec8fbbe77fb380c4371811e353dc	f78ec934e8f3671d6fc1623b4f820d57	193cc88ece564311769ae3b087a5d340
8626	4155069f1040e1b6892c43df390a5a7e	4e356008b087d7ae3abc538d5d583035	d3ddd986288c23549048388f1d4f8992
8627	4155069f1040e1b6892c43df390a5a7e	4e356008b087d7ae3abc538d5d583035	d3ddd986288c23549048388f1d4f8992
8628	4155069f1040e1b6892c43df390a5a7e	4e356008b087d7ae3abc538d5d583035	d3ddd986288c23549048388f1d4f8992
8629	4155069f1040e1b6892c43df390a5a7e	4e356008b087d7ae3abc538d5d583035	d3ddd986288c23549048388f1d4f8992
8630	4155069f1040e1b6892c43df390a5a7e	4e356008b087d7ae3abc538d5d583035	d3ddd986288c23549048388f1d4f8992
8631	4155069f1040e1b6892c43df390a5a7e	4e356008b087d7ae3abc538d5d583035	d3ddd986288c23549048388f1d4f8992
8632	4155069f1040e1b6892c43df390a5a7e	4e356008b087d7ae3abc538d5d583035	d3ddd986288c23549048388f1d4f8992
8633	4155069f1040e1b6892c43df390a5a7e	4e356008b087d7ae3abc538d5d583035	d3ddd986288c23549048388f1d4f8992
8634	4155069f1040e1b6892c43df390a5a7e	4e356008b087d7ae3abc538d5d583035	d3ddd986288c23549048388f1d4f8992
8635	4155069f1040e1b6892c43df390a5a7e	4e356008b087d7ae3abc538d5d583035	d3ddd986288c23549048388f1d4f8992
8636	4155069f1040e1b6892c43df390a5a7e	4e356008b087d7ae3abc538d5d583035	d3ddd986288c23549048388f1d4f8992
8637	4155069f1040e1b6892c43df390a5a7e	4e356008b087d7ae3abc538d5d583035	d3ddd986288c23549048388f1d4f8992
8638	4155069f1040e1b6892c43df390a5a7e	4e356008b087d7ae3abc538d5d583035	d3ddd986288c23549048388f1d4f8992
8639	4155069f1040e1b6892c43df390a5a7e	4e356008b087d7ae3abc538d5d583035	d3ddd986288c23549048388f1d4f8992
8640	4155069f1040e1b6892c43df390a5a7e	4e356008b087d7ae3abc538d5d583035	d3ddd986288c23549048388f1d4f8992
8641	4155069f1040e1b6892c43df390a5a7e	4e356008b087d7ae3abc538d5d583035	d3ddd986288c23549048388f1d4f8992
8642	4155069f1040e1b6892c43df390a5a7e	4e356008b087d7ae3abc538d5d583035	d3ddd986288c23549048388f1d4f8992
8643	5e098b5b2769a0423b6982bd33ce396f	a804ab1fba80ef2201d3e79b337e92f0	53c986bed69acc26a1a25346a3e6d1f7
8644	5e098b5b2769a0423b6982bd33ce396f	a804ab1fba80ef2201d3e79b337e92f0	53c986bed69acc26a1a25346a3e6d1f7
8645	5e098b5b2769a0423b6982bd33ce396f	a804ab1fba80ef2201d3e79b337e92f0	53c986bed69acc26a1a25346a3e6d1f7
8646	5e098b5b2769a0423b6982bd33ce396f	a804ab1fba80ef2201d3e79b337e92f0	53c986bed69acc26a1a25346a3e6d1f7
8647	5e098b5b2769a0423b6982bd33ce396f	a804ab1fba80ef2201d3e79b337e92f0	53c986bed69acc26a1a25346a3e6d1f7
8648	5e098b5b2769a0423b6982bd33ce396f	a804ab1fba80ef2201d3e79b337e92f0	53c986bed69acc26a1a25346a3e6d1f7
8649	5e098b5b2769a0423b6982bd33ce396f	a804ab1fba80ef2201d3e79b337e92f0	53c986bed69acc26a1a25346a3e6d1f7
8650	191d585af06a8ccb7b4d8a7398ea7aae	882bcf9efadc21352bacc865cad22e7d	3f06648ddc8e6acd42cbff73052bc5fa
8651	191d585af06a8ccb7b4d8a7398ea7aae	882bcf9efadc21352bacc865cad22e7d	3f06648ddc8e6acd42cbff73052bc5fa
8652	191d585af06a8ccb7b4d8a7398ea7aae	882bcf9efadc21352bacc865cad22e7d	3f06648ddc8e6acd42cbff73052bc5fa
8653	b59be151c421b17436d7f53e8af7f4ed	85996926dda26218a6a1ecc5ac52273a	213569a28d5811a07709b88f3efb7a95
8654	b59be151c421b17436d7f53e8af7f4ed	85996926dda26218a6a1ecc5ac52273a	213569a28d5811a07709b88f3efb7a95
8655	dd343b7881b065370bb296280781aa29	530e3d0d49d5527993fadb6cc87d422e	0bff3d7fa0181d9f05d1f81497b42999
8656	dd343b7881b065370bb296280781aa29	530e3d0d49d5527993fadb6cc87d422e	0bff3d7fa0181d9f05d1f81497b42999
8657	dd343b7881b065370bb296280781aa29	530e3d0d49d5527993fadb6cc87d422e	0bff3d7fa0181d9f05d1f81497b42999
8658	dd343b7881b065370bb296280781aa29	530e3d0d49d5527993fadb6cc87d422e	0bff3d7fa0181d9f05d1f81497b42999
8659	dd343b7881b065370bb296280781aa29	530e3d0d49d5527993fadb6cc87d422e	0bff3d7fa0181d9f05d1f81497b42999
8660	dd343b7881b065370bb296280781aa29	530e3d0d49d5527993fadb6cc87d422e	0bff3d7fa0181d9f05d1f81497b42999
8661	dd343b7881b065370bb296280781aa29	530e3d0d49d5527993fadb6cc87d422e	0bff3d7fa0181d9f05d1f81497b42999
8662	0038cee16c0cc8423891ac782ba9fc48	ad3445cea252d58ac1265295bf623f5b	987a3388a56da16225a0cee5a2a715e8
8663	0038cee16c0cc8423891ac782ba9fc48	ad3445cea252d58ac1265295bf623f5b	987a3388a56da16225a0cee5a2a715e8
8664	0038cee16c0cc8423891ac782ba9fc48	ad3445cea252d58ac1265295bf623f5b	987a3388a56da16225a0cee5a2a715e8
8665	0038cee16c0cc8423891ac782ba9fc48	ad3445cea252d58ac1265295bf623f5b	987a3388a56da16225a0cee5a2a715e8
8666	0038cee16c0cc8423891ac782ba9fc48	ad3445cea252d58ac1265295bf623f5b	987a3388a56da16225a0cee5a2a715e8
8667	67162fac0aa14dba7b9111d71bef4174	17bf65818bb69882875572c68d976797	d47a56ce7189e2069c642cc8a693201c
8668	67162fac0aa14dba7b9111d71bef4174	17bf65818bb69882875572c68d976797	d47a56ce7189e2069c642cc8a693201c
8669	67162fac0aa14dba7b9111d71bef4174	17bf65818bb69882875572c68d976797	d47a56ce7189e2069c642cc8a693201c
8670	67162fac0aa14dba7b9111d71bef4174	17bf65818bb69882875572c68d976797	d47a56ce7189e2069c642cc8a693201c
8671	67162fac0aa14dba7b9111d71bef4174	17bf65818bb69882875572c68d976797	d47a56ce7189e2069c642cc8a693201c
8672	67162fac0aa14dba7b9111d71bef4174	17bf65818bb69882875572c68d976797	d47a56ce7189e2069c642cc8a693201c
8673	67162fac0aa14dba7b9111d71bef4174	17bf65818bb69882875572c68d976797	d47a56ce7189e2069c642cc8a693201c
8674	9089f3df4ad3c6f5012a215bc1fbcdfb	3fe5b44eaa89627363d5eb2ae6b77354	1bb24d54621c2fdb5cdee5acc1f4b51f
8675	9089f3df4ad3c6f5012a215bc1fbcdfb	3fe5b44eaa89627363d5eb2ae6b77354	1bb24d54621c2fdb5cdee5acc1f4b51f
8676	9089f3df4ad3c6f5012a215bc1fbcdfb	3fe5b44eaa89627363d5eb2ae6b77354	1bb24d54621c2fdb5cdee5acc1f4b51f
8677	9089f3df4ad3c6f5012a215bc1fbcdfb	3fe5b44eaa89627363d5eb2ae6b77354	1bb24d54621c2fdb5cdee5acc1f4b51f
8678	9089f3df4ad3c6f5012a215bc1fbcdfb	3fe5b44eaa89627363d5eb2ae6b77354	1bb24d54621c2fdb5cdee5acc1f4b51f
8679	9089f3df4ad3c6f5012a215bc1fbcdfb	3fe5b44eaa89627363d5eb2ae6b77354	1bb24d54621c2fdb5cdee5acc1f4b51f
8680	9089f3df4ad3c6f5012a215bc1fbcdfb	3fe5b44eaa89627363d5eb2ae6b77354	1bb24d54621c2fdb5cdee5acc1f4b51f
8681	9089f3df4ad3c6f5012a215bc1fbcdfb	3fe5b44eaa89627363d5eb2ae6b77354	1bb24d54621c2fdb5cdee5acc1f4b51f
8682	9089f3df4ad3c6f5012a215bc1fbcdfb	3fe5b44eaa89627363d5eb2ae6b77354	1bb24d54621c2fdb5cdee5acc1f4b51f
8683	9089f3df4ad3c6f5012a215bc1fbcdfb	3fe5b44eaa89627363d5eb2ae6b77354	1bb24d54621c2fdb5cdee5acc1f4b51f
8684	9deebc1d0d5790ad09e421007ef62891	4f1a0010825af8db0bdb028e0490bb26	ec620b53847ef9c384485d6bb7fabe85
8685	9deebc1d0d5790ad09e421007ef62891	4f1a0010825af8db0bdb028e0490bb26	ec620b53847ef9c384485d6bb7fabe85
8686	9deebc1d0d5790ad09e421007ef62891	4f1a0010825af8db0bdb028e0490bb26	ec620b53847ef9c384485d6bb7fabe85
8687	9deebc1d0d5790ad09e421007ef62891	4f1a0010825af8db0bdb028e0490bb26	ec620b53847ef9c384485d6bb7fabe85
8688	9deebc1d0d5790ad09e421007ef62891	4f1a0010825af8db0bdb028e0490bb26	ec620b53847ef9c384485d6bb7fabe85
8689	9deebc1d0d5790ad09e421007ef62891	4f1a0010825af8db0bdb028e0490bb26	ec620b53847ef9c384485d6bb7fabe85
8690	9deebc1d0d5790ad09e421007ef62891	4f1a0010825af8db0bdb028e0490bb26	ec620b53847ef9c384485d6bb7fabe85
8691	15c8f5ce5a60619fb87d34d1a69dacdb	3de822a4664138d12cd4356139e97124	36ad9ce895e7fac9206ba02129c18867
8692	15c8f5ce5a60619fb87d34d1a69dacdb	3de822a4664138d12cd4356139e97124	36ad9ce895e7fac9206ba02129c18867
8693	15c8f5ce5a60619fb87d34d1a69dacdb	3de822a4664138d12cd4356139e97124	36ad9ce895e7fac9206ba02129c18867
8694	15c8f5ce5a60619fb87d34d1a69dacdb	3de822a4664138d12cd4356139e97124	36ad9ce895e7fac9206ba02129c18867
8695	15c8f5ce5a60619fb87d34d1a69dacdb	3de822a4664138d12cd4356139e97124	36ad9ce895e7fac9206ba02129c18867
8696	dc3a847e8841d0078816c654e3d63674	13d4f9190b09efa16fcc3dc9d6b172ef	1d8c8a23fc0ca18bde1edc7ba055f71c
8697	dc3a847e8841d0078816c654e3d63674	13d4f9190b09efa16fcc3dc9d6b172ef	1d8c8a23fc0ca18bde1edc7ba055f71c
8698	dc3a847e8841d0078816c654e3d63674	13d4f9190b09efa16fcc3dc9d6b172ef	1d8c8a23fc0ca18bde1edc7ba055f71c
8699	dc3a847e8841d0078816c654e3d63674	13d4f9190b09efa16fcc3dc9d6b172ef	1d8c8a23fc0ca18bde1edc7ba055f71c
8700	dc3a847e8841d0078816c654e3d63674	13d4f9190b09efa16fcc3dc9d6b172ef	1d8c8a23fc0ca18bde1edc7ba055f71c
8701	dc3a847e8841d0078816c654e3d63674	13d4f9190b09efa16fcc3dc9d6b172ef	1d8c8a23fc0ca18bde1edc7ba055f71c
8702	dc3a847e8841d0078816c654e3d63674	13d4f9190b09efa16fcc3dc9d6b172ef	1d8c8a23fc0ca18bde1edc7ba055f71c
8703	fb1620dedb963f27ce3667bc61236e14	2bb71de559ea64115e47a13fa47b600f	e38cbd31e198886b0780506e34df999c
8704	fb1620dedb963f27ce3667bc61236e14	2bb71de559ea64115e47a13fa47b600f	e38cbd31e198886b0780506e34df999c
8705	fb1620dedb963f27ce3667bc61236e14	2bb71de559ea64115e47a13fa47b600f	e38cbd31e198886b0780506e34df999c
8706	fb1620dedb963f27ce3667bc61236e14	2bb71de559ea64115e47a13fa47b600f	e38cbd31e198886b0780506e34df999c
8707	fb1620dedb963f27ce3667bc61236e14	2bb71de559ea64115e47a13fa47b600f	e38cbd31e198886b0780506e34df999c
8708	66035659e16f4bec85e4924c50419042	716c4fb45fa2f9980c1558ff1ef1dda9	d482a330e43e2538edd88b6cffb96f32
8709	66035659e16f4bec85e4924c50419042	716c4fb45fa2f9980c1558ff1ef1dda9	d482a330e43e2538edd88b6cffb96f32
8710	66035659e16f4bec85e4924c50419042	716c4fb45fa2f9980c1558ff1ef1dda9	d482a330e43e2538edd88b6cffb96f32
8711	66035659e16f4bec85e4924c50419042	716c4fb45fa2f9980c1558ff1ef1dda9	d482a330e43e2538edd88b6cffb96f32
8712	66035659e16f4bec85e4924c50419042	716c4fb45fa2f9980c1558ff1ef1dda9	d482a330e43e2538edd88b6cffb96f32
8713	12e370f2a1247258c52bee433a88dd6b	48660850e8ab056c6630e094402b55ac	cf2622de84ef2884308c0ae30369d63b
8714	12e370f2a1247258c52bee433a88dd6b	48660850e8ab056c6630e094402b55ac	cf2622de84ef2884308c0ae30369d63b
8715	12e370f2a1247258c52bee433a88dd6b	48660850e8ab056c6630e094402b55ac	cf2622de84ef2884308c0ae30369d63b
8716	12e370f2a1247258c52bee433a88dd6b	48660850e8ab056c6630e094402b55ac	cf2622de84ef2884308c0ae30369d63b
8717	12e370f2a1247258c52bee433a88dd6b	48660850e8ab056c6630e094402b55ac	cf2622de84ef2884308c0ae30369d63b
8718	12e370f2a1247258c52bee433a88dd6b	48660850e8ab056c6630e094402b55ac	cf2622de84ef2884308c0ae30369d63b
8719	12e370f2a1247258c52bee433a88dd6b	48660850e8ab056c6630e094402b55ac	cf2622de84ef2884308c0ae30369d63b
8720	6fe32647bf9eee988341b04e4368a514	2eb3e3d57f599fa418d925a3a1d7ab57	f15e1bcd94f082a0cde607e4165c50ec
8721	6fe32647bf9eee988341b04e4368a514	2eb3e3d57f599fa418d925a3a1d7ab57	f15e1bcd94f082a0cde607e4165c50ec
8722	6fe32647bf9eee988341b04e4368a514	2eb3e3d57f599fa418d925a3a1d7ab57	f15e1bcd94f082a0cde607e4165c50ec
8723	6fe32647bf9eee988341b04e4368a514	2eb3e3d57f599fa418d925a3a1d7ab57	f15e1bcd94f082a0cde607e4165c50ec
8724	6fe32647bf9eee988341b04e4368a514	2eb3e3d57f599fa418d925a3a1d7ab57	f15e1bcd94f082a0cde607e4165c50ec
8725	292dce7d0cada694e8434b1f67413ea1	3065a5e63501c3f844d345875340580e	0b736108b02384a09389cf0389ed6ea1
8726	292dce7d0cada694e8434b1f67413ea1	3065a5e63501c3f844d345875340580e	0b736108b02384a09389cf0389ed6ea1
8727	292dce7d0cada694e8434b1f67413ea1	3065a5e63501c3f844d345875340580e	0b736108b02384a09389cf0389ed6ea1
8728	292dce7d0cada694e8434b1f67413ea1	3065a5e63501c3f844d345875340580e	0b736108b02384a09389cf0389ed6ea1
8729	292dce7d0cada694e8434b1f67413ea1	3065a5e63501c3f844d345875340580e	0b736108b02384a09389cf0389ed6ea1
8730	292dce7d0cada694e8434b1f67413ea1	3065a5e63501c3f844d345875340580e	0b736108b02384a09389cf0389ed6ea1
8731	292dce7d0cada694e8434b1f67413ea1	3065a5e63501c3f844d345875340580e	0b736108b02384a09389cf0389ed6ea1
8732	292dce7d0cada694e8434b1f67413ea1	3065a5e63501c3f844d345875340580e	0b736108b02384a09389cf0389ed6ea1
8733	292dce7d0cada694e8434b1f67413ea1	3065a5e63501c3f844d345875340580e	0b736108b02384a09389cf0389ed6ea1
8734	292dce7d0cada694e8434b1f67413ea1	3065a5e63501c3f844d345875340580e	0b736108b02384a09389cf0389ed6ea1
8735	c59f38bcff592b29f90400c31e614de7	2e6994bca5e26f372450f806c3b32a30	5c46d60eb994d97b9316583b9c9c0e73
8736	292dce7d0cada694e8434b1f67413ea1	3065a5e63501c3f844d345875340580e	0b736108b02384a09389cf0389ed6ea1
8737	615d9c6cf74ac8e617f0ea7f4e90f8e3	1fc020a1a1a27dd6fb866b6604d4ecb4	3dfe2c3da64bedac4a879297359fc487
8738	615d9c6cf74ac8e617f0ea7f4e90f8e3	1fc020a1a1a27dd6fb866b6604d4ecb4	3dfe2c3da64bedac4a879297359fc487
8739	615d9c6cf74ac8e617f0ea7f4e90f8e3	1fc020a1a1a27dd6fb866b6604d4ecb4	3dfe2c3da64bedac4a879297359fc487
8740	615d9c6cf74ac8e617f0ea7f4e90f8e3	1fc020a1a1a27dd6fb866b6604d4ecb4	3dfe2c3da64bedac4a879297359fc487
8741	615d9c6cf74ac8e617f0ea7f4e90f8e3	1fc020a1a1a27dd6fb866b6604d4ecb4	3dfe2c3da64bedac4a879297359fc487
8742	615d9c6cf74ac8e617f0ea7f4e90f8e3	1fc020a1a1a27dd6fb866b6604d4ecb4	3dfe2c3da64bedac4a879297359fc487
8743	615d9c6cf74ac8e617f0ea7f4e90f8e3	1fc020a1a1a27dd6fb866b6604d4ecb4	3dfe2c3da64bedac4a879297359fc487
8744	5ee8123bc2d360f88be50c1de67cb358	de172bbbc9722614988b56308c87ce4b	c0a74b91c77233b2004c267ba5163e2c
8745	5ee8123bc2d360f88be50c1de67cb358	de172bbbc9722614988b56308c87ce4b	c0a74b91c77233b2004c267ba5163e2c
8746	5ee8123bc2d360f88be50c1de67cb358	de172bbbc9722614988b56308c87ce4b	c0a74b91c77233b2004c267ba5163e2c
8747	5ee8123bc2d360f88be50c1de67cb358	de172bbbc9722614988b56308c87ce4b	c0a74b91c77233b2004c267ba5163e2c
8748	5ee8123bc2d360f88be50c1de67cb358	de172bbbc9722614988b56308c87ce4b	c0a74b91c77233b2004c267ba5163e2c
8749	737f3df1f2e83b92e92e6edb66d4e6db	b8ffadea3c86eb32842adf96cc00704c	091cc3b5965f25ec45fe17e14b6b8e2f
8750	737f3df1f2e83b92e92e6edb66d4e6db	b8ffadea3c86eb32842adf96cc00704c	091cc3b5965f25ec45fe17e14b6b8e2f
8751	737f3df1f2e83b92e92e6edb66d4e6db	b8ffadea3c86eb32842adf96cc00704c	091cc3b5965f25ec45fe17e14b6b8e2f
8752	737f3df1f2e83b92e92e6edb66d4e6db	b8ffadea3c86eb32842adf96cc00704c	091cc3b5965f25ec45fe17e14b6b8e2f
8753	737f3df1f2e83b92e92e6edb66d4e6db	b8ffadea3c86eb32842adf96cc00704c	091cc3b5965f25ec45fe17e14b6b8e2f
8754	ff57d244368af3de0340371903f684ca	04cfce417a8c8dc61fb8ae700f64aff1	c0fd674ee48c7726bfa123e09d4b3f4a
8755	ff57d244368af3de0340371903f684ca	04cfce417a8c8dc61fb8ae700f64aff1	c0fd674ee48c7726bfa123e09d4b3f4a
8756	ff57d244368af3de0340371903f684ca	04cfce417a8c8dc61fb8ae700f64aff1	c0fd674ee48c7726bfa123e09d4b3f4a
8757	ff57d244368af3de0340371903f684ca	04cfce417a8c8dc61fb8ae700f64aff1	c0fd674ee48c7726bfa123e09d4b3f4a
8758	ff57d244368af3de0340371903f684ca	04cfce417a8c8dc61fb8ae700f64aff1	c0fd674ee48c7726bfa123e09d4b3f4a
8759	ff57d244368af3de0340371903f684ca	04cfce417a8c8dc61fb8ae700f64aff1	c0fd674ee48c7726bfa123e09d4b3f4a
8760	ff57d244368af3de0340371903f684ca	04cfce417a8c8dc61fb8ae700f64aff1	c0fd674ee48c7726bfa123e09d4b3f4a
8761	ff57d244368af3de0340371903f684ca	04cfce417a8c8dc61fb8ae700f64aff1	c0fd674ee48c7726bfa123e09d4b3f4a
8762	ff57d244368af3de0340371903f684ca	04cfce417a8c8dc61fb8ae700f64aff1	c0fd674ee48c7726bfa123e09d4b3f4a
8763	ff57d244368af3de0340371903f684ca	04cfce417a8c8dc61fb8ae700f64aff1	c0fd674ee48c7726bfa123e09d4b3f4a
8764	ff57d244368af3de0340371903f684ca	04cfce417a8c8dc61fb8ae700f64aff1	c0fd674ee48c7726bfa123e09d4b3f4a
8765	ff57d244368af3de0340371903f684ca	04cfce417a8c8dc61fb8ae700f64aff1	c0fd674ee48c7726bfa123e09d4b3f4a
8766	1092fcec7b41799eb1e88b79f675f598	4491ad5a5cf55876fc1e388153930f6b	5961f4b918b2e4404c4d330cca0ecf3c
8767	1092fcec7b41799eb1e88b79f675f598	4491ad5a5cf55876fc1e388153930f6b	5961f4b918b2e4404c4d330cca0ecf3c
8768	1092fcec7b41799eb1e88b79f675f598	4491ad5a5cf55876fc1e388153930f6b	5961f4b918b2e4404c4d330cca0ecf3c
8769	1092fcec7b41799eb1e88b79f675f598	4491ad5a5cf55876fc1e388153930f6b	5961f4b918b2e4404c4d330cca0ecf3c
8770	1092fcec7b41799eb1e88b79f675f598	4491ad5a5cf55876fc1e388153930f6b	5961f4b918b2e4404c4d330cca0ecf3c
8771	1092fcec7b41799eb1e88b79f675f598	4491ad5a5cf55876fc1e388153930f6b	5961f4b918b2e4404c4d330cca0ecf3c
8772	1092fcec7b41799eb1e88b79f675f598	4491ad5a5cf55876fc1e388153930f6b	5961f4b918b2e4404c4d330cca0ecf3c
8773	ddcc8d767b33cd6eba0b9f83472c845a	5a180849bdb0afa6c0d5bedd5d09e7f1	ec64da0c730299c047c80151076f5426
8774	ddcc8d767b33cd6eba0b9f83472c845a	5a180849bdb0afa6c0d5bedd5d09e7f1	ec64da0c730299c047c80151076f5426
8775	ddcc8d767b33cd6eba0b9f83472c845a	5a180849bdb0afa6c0d5bedd5d09e7f1	ec64da0c730299c047c80151076f5426
8776	ddcc8d767b33cd6eba0b9f83472c845a	5a180849bdb0afa6c0d5bedd5d09e7f1	ec64da0c730299c047c80151076f5426
8777	ddcc8d767b33cd6eba0b9f83472c845a	5a180849bdb0afa6c0d5bedd5d09e7f1	ec64da0c730299c047c80151076f5426
8778	ddcc8d767b33cd6eba0b9f83472c845a	5a180849bdb0afa6c0d5bedd5d09e7f1	ec64da0c730299c047c80151076f5426
8779	ddcc8d767b33cd6eba0b9f83472c845a	5a180849bdb0afa6c0d5bedd5d09e7f1	ec64da0c730299c047c80151076f5426
8780	ddcc8d767b33cd6eba0b9f83472c845a	5a180849bdb0afa6c0d5bedd5d09e7f1	ec64da0c730299c047c80151076f5426
8781	ddcc8d767b33cd6eba0b9f83472c845a	5a180849bdb0afa6c0d5bedd5d09e7f1	ec64da0c730299c047c80151076f5426
8782	ddcc8d767b33cd6eba0b9f83472c845a	5a180849bdb0afa6c0d5bedd5d09e7f1	ec64da0c730299c047c80151076f5426
8783	64729fc35982ac5be0db068e0db8175b	540c8d853f5fbf5d3f2fcf1d92c2fc34	e86956781cd8a8ed22e5260f5af4fa5f
8784	64729fc35982ac5be0db068e0db8175b	540c8d853f5fbf5d3f2fcf1d92c2fc34	e86956781cd8a8ed22e5260f5af4fa5f
8785	64729fc35982ac5be0db068e0db8175b	540c8d853f5fbf5d3f2fcf1d92c2fc34	e86956781cd8a8ed22e5260f5af4fa5f
8786	64729fc35982ac5be0db068e0db8175b	540c8d853f5fbf5d3f2fcf1d92c2fc34	e86956781cd8a8ed22e5260f5af4fa5f
8787	64729fc35982ac5be0db068e0db8175b	540c8d853f5fbf5d3f2fcf1d92c2fc34	e86956781cd8a8ed22e5260f5af4fa5f
8788	64729fc35982ac5be0db068e0db8175b	540c8d853f5fbf5d3f2fcf1d92c2fc34	e86956781cd8a8ed22e5260f5af4fa5f
8789	64729fc35982ac5be0db068e0db8175b	540c8d853f5fbf5d3f2fcf1d92c2fc34	e86956781cd8a8ed22e5260f5af4fa5f
8790	de78cc75ad7ab35647395ee280c03cb1	a499f682c9b312c6bbc272afca412e9e	52d484dbf9df273e16a6bd3f05edd419
8791	de78cc75ad7ab35647395ee280c03cb1	a499f682c9b312c6bbc272afca412e9e	52d484dbf9df273e16a6bd3f05edd419
8792	de78cc75ad7ab35647395ee280c03cb1	a499f682c9b312c6bbc272afca412e9e	52d484dbf9df273e16a6bd3f05edd419
8793	de78cc75ad7ab35647395ee280c03cb1	a499f682c9b312c6bbc272afca412e9e	52d484dbf9df273e16a6bd3f05edd419
8794	de78cc75ad7ab35647395ee280c03cb1	a499f682c9b312c6bbc272afca412e9e	52d484dbf9df273e16a6bd3f05edd419
8795	be6a37ea7138422b34125f82c0eda556	7b51651ac7fbaee5e715ca1aed8bde85	74d6cb3d49247c374e9286d74387a066
8796	be6a37ea7138422b34125f82c0eda556	7b51651ac7fbaee5e715ca1aed8bde85	74d6cb3d49247c374e9286d74387a066
8797	be6a37ea7138422b34125f82c0eda556	7b51651ac7fbaee5e715ca1aed8bde85	74d6cb3d49247c374e9286d74387a066
8798	be6a37ea7138422b34125f82c0eda556	7b51651ac7fbaee5e715ca1aed8bde85	74d6cb3d49247c374e9286d74387a066
8799	be6a37ea7138422b34125f82c0eda556	7b51651ac7fbaee5e715ca1aed8bde85	74d6cb3d49247c374e9286d74387a066
8800	be6a37ea7138422b34125f82c0eda556	7b51651ac7fbaee5e715ca1aed8bde85	74d6cb3d49247c374e9286d74387a066
8801	be6a37ea7138422b34125f82c0eda556	7b51651ac7fbaee5e715ca1aed8bde85	74d6cb3d49247c374e9286d74387a066
8802	be6a37ea7138422b34125f82c0eda556	7b51651ac7fbaee5e715ca1aed8bde85	74d6cb3d49247c374e9286d74387a066
8803	be6a37ea7138422b34125f82c0eda556	7b51651ac7fbaee5e715ca1aed8bde85	74d6cb3d49247c374e9286d74387a066
8804	be6a37ea7138422b34125f82c0eda556	7b51651ac7fbaee5e715ca1aed8bde85	74d6cb3d49247c374e9286d74387a066
8805	be6a37ea7138422b34125f82c0eda556	7b51651ac7fbaee5e715ca1aed8bde85	74d6cb3d49247c374e9286d74387a066
8806	be6a37ea7138422b34125f82c0eda556	7b51651ac7fbaee5e715ca1aed8bde85	74d6cb3d49247c374e9286d74387a066
8807	be6a37ea7138422b34125f82c0eda556	7b51651ac7fbaee5e715ca1aed8bde85	74d6cb3d49247c374e9286d74387a066
8808	be6a37ea7138422b34125f82c0eda556	7b51651ac7fbaee5e715ca1aed8bde85	74d6cb3d49247c374e9286d74387a066
8809	be6a37ea7138422b34125f82c0eda556	7b51651ac7fbaee5e715ca1aed8bde85	74d6cb3d49247c374e9286d74387a066
8810	be6a37ea7138422b34125f82c0eda556	7b51651ac7fbaee5e715ca1aed8bde85	74d6cb3d49247c374e9286d74387a066
8811	be6a37ea7138422b34125f82c0eda556	7b51651ac7fbaee5e715ca1aed8bde85	74d6cb3d49247c374e9286d74387a066
8812	fc73964c94f5fdf2449ec279afc18479	8d85c6bb14041232d658947ec0495d96	f0863d8f6922346c80e842fd33ccd9a5
8813	fc73964c94f5fdf2449ec279afc18479	8d85c6bb14041232d658947ec0495d96	f0863d8f6922346c80e842fd33ccd9a5
8814	fc73964c94f5fdf2449ec279afc18479	8d85c6bb14041232d658947ec0495d96	f0863d8f6922346c80e842fd33ccd9a5
8815	fc73964c94f5fdf2449ec279afc18479	8d85c6bb14041232d658947ec0495d96	f0863d8f6922346c80e842fd33ccd9a5
8816	fc73964c94f5fdf2449ec279afc18479	8d85c6bb14041232d658947ec0495d96	f0863d8f6922346c80e842fd33ccd9a5
8817	fc73964c94f5fdf2449ec279afc18479	8d85c6bb14041232d658947ec0495d96	f0863d8f6922346c80e842fd33ccd9a5
8818	fc73964c94f5fdf2449ec279afc18479	8d85c6bb14041232d658947ec0495d96	f0863d8f6922346c80e842fd33ccd9a5
8819	aa3ca774dfbe9679b8c58112ccbba179	b48e96b434a77ac73807a56903e3899e	4ee3c421601c3c8917f11e5b817a1e31
8820	aa3ca774dfbe9679b8c58112ccbba179	b48e96b434a77ac73807a56903e3899e	4ee3c421601c3c8917f11e5b817a1e31
8821	aa3ca774dfbe9679b8c58112ccbba179	b48e96b434a77ac73807a56903e3899e	4ee3c421601c3c8917f11e5b817a1e31
8822	73492eb33725e0a83877a682365e138b	2363e6247f51584cb100ca586b464bcc	3f872d7e89964a4044bbb1be7514c233
8823	73492eb33725e0a83877a682365e138b	2363e6247f51584cb100ca586b464bcc	3f872d7e89964a4044bbb1be7514c233
8824	3295d4a7b5ecf27180a074396f71d182	3aed3da519a186a791c84ba9e27c7b11	07e73dc7422048c5093a360e5e041b72
8825	3295d4a7b5ecf27180a074396f71d182	3aed3da519a186a791c84ba9e27c7b11	07e73dc7422048c5093a360e5e041b72
8826	3295d4a7b5ecf27180a074396f71d182	3aed3da519a186a791c84ba9e27c7b11	07e73dc7422048c5093a360e5e041b72
8827	3295d4a7b5ecf27180a074396f71d182	3aed3da519a186a791c84ba9e27c7b11	07e73dc7422048c5093a360e5e041b72
8828	3295d4a7b5ecf27180a074396f71d182	3aed3da519a186a791c84ba9e27c7b11	07e73dc7422048c5093a360e5e041b72
8829	3295d4a7b5ecf27180a074396f71d182	3aed3da519a186a791c84ba9e27c7b11	07e73dc7422048c5093a360e5e041b72
8830	3295d4a7b5ecf27180a074396f71d182	3aed3da519a186a791c84ba9e27c7b11	07e73dc7422048c5093a360e5e041b72
8831	ed0263fd3597ae5f1b984684b61f876b	b18f6428c837b1613c655cac28237a74	26fa43638e063533bd004f2e7d7a5193
8832	ed0263fd3597ae5f1b984684b61f876b	b18f6428c837b1613c655cac28237a74	26fa43638e063533bd004f2e7d7a5193
8833	ed0263fd3597ae5f1b984684b61f876b	b18f6428c837b1613c655cac28237a74	26fa43638e063533bd004f2e7d7a5193
8834	ed0263fd3597ae5f1b984684b61f876b	b18f6428c837b1613c655cac28237a74	26fa43638e063533bd004f2e7d7a5193
8835	ed0263fd3597ae5f1b984684b61f876b	b18f6428c837b1613c655cac28237a74	26fa43638e063533bd004f2e7d7a5193
8836	85718d1c4ac84fad18db4240425135d3	7d956abe80cfeb4bb8b331f3eebb291c	cc040b9c78c96d6f485132934d965f07
8837	85718d1c4ac84fad18db4240425135d3	7d956abe80cfeb4bb8b331f3eebb291c	cc040b9c78c96d6f485132934d965f07
8838	85718d1c4ac84fad18db4240425135d3	7d956abe80cfeb4bb8b331f3eebb291c	cc040b9c78c96d6f485132934d965f07
8839	85718d1c4ac84fad18db4240425135d3	7d956abe80cfeb4bb8b331f3eebb291c	cc040b9c78c96d6f485132934d965f07
8840	85718d1c4ac84fad18db4240425135d3	7d956abe80cfeb4bb8b331f3eebb291c	cc040b9c78c96d6f485132934d965f07
8841	85718d1c4ac84fad18db4240425135d3	7d956abe80cfeb4bb8b331f3eebb291c	cc040b9c78c96d6f485132934d965f07
8842	85718d1c4ac84fad18db4240425135d3	7d956abe80cfeb4bb8b331f3eebb291c	cc040b9c78c96d6f485132934d965f07
8843	f217bb301461e9e8f508481e40ed95a6	35a167dbabf32064d9249c9ecda5156d	dcecd83ab272c0ea36da1c35a2e9bd62
8844	f217bb301461e9e8f508481e40ed95a6	35a167dbabf32064d9249c9ecda5156d	dcecd83ab272c0ea36da1c35a2e9bd62
8845	f217bb301461e9e8f508481e40ed95a6	35a167dbabf32064d9249c9ecda5156d	dcecd83ab272c0ea36da1c35a2e9bd62
8846	f217bb301461e9e8f508481e40ed95a6	35a167dbabf32064d9249c9ecda5156d	dcecd83ab272c0ea36da1c35a2e9bd62
8847	f217bb301461e9e8f508481e40ed95a6	35a167dbabf32064d9249c9ecda5156d	dcecd83ab272c0ea36da1c35a2e9bd62
8848	f217bb301461e9e8f508481e40ed95a6	35a167dbabf32064d9249c9ecda5156d	dcecd83ab272c0ea36da1c35a2e9bd62
8849	f217bb301461e9e8f508481e40ed95a6	35a167dbabf32064d9249c9ecda5156d	dcecd83ab272c0ea36da1c35a2e9bd62
8850	f217bb301461e9e8f508481e40ed95a6	35a167dbabf32064d9249c9ecda5156d	dcecd83ab272c0ea36da1c35a2e9bd62
8851	f217bb301461e9e8f508481e40ed95a6	35a167dbabf32064d9249c9ecda5156d	dcecd83ab272c0ea36da1c35a2e9bd62
8852	f217bb301461e9e8f508481e40ed95a6	35a167dbabf32064d9249c9ecda5156d	dcecd83ab272c0ea36da1c35a2e9bd62
8853	0beeb5fdf4f95a3610b11a4ad4d84fd5	b0f35637d27c5ac6ba678f122be53a42	f64874ba34b57234ce38354cb54f56a1
8854	0beeb5fdf4f95a3610b11a4ad4d84fd5	b0f35637d27c5ac6ba678f122be53a42	f64874ba34b57234ce38354cb54f56a1
8855	0beeb5fdf4f95a3610b11a4ad4d84fd5	b0f35637d27c5ac6ba678f122be53a42	f64874ba34b57234ce38354cb54f56a1
8856	ef2f8f05df5c00ebd231e269c9d0cc31	c67b82e0496af75dea4ab5c1bfc2c9a6	700a403c2d38388d4e743599bb8ab38d
8857	ef2f8f05df5c00ebd231e269c9d0cc31	c67b82e0496af75dea4ab5c1bfc2c9a6	700a403c2d38388d4e743599bb8ab38d
8858	ef2f8f05df5c00ebd231e269c9d0cc31	c67b82e0496af75dea4ab5c1bfc2c9a6	700a403c2d38388d4e743599bb8ab38d
8859	7d49dd06fb1ce060a538fce098d46d25	3054f86a8d53e544586458560a835272	2b4da4184e6af2722c880cbefb1d2309
8860	def7ae7baca1c1b1afe8a5d729dd269f	53b4f76d587d300f0c7b9069321c2878	f200bea7f4246f17ac9b4f526bb4370b
8861	def7ae7baca1c1b1afe8a5d729dd269f	53b4f76d587d300f0c7b9069321c2878	f200bea7f4246f17ac9b4f526bb4370b
8862	def7ae7baca1c1b1afe8a5d729dd269f	53b4f76d587d300f0c7b9069321c2878	f200bea7f4246f17ac9b4f526bb4370b
8863	def7ae7baca1c1b1afe8a5d729dd269f	53b4f76d587d300f0c7b9069321c2878	f200bea7f4246f17ac9b4f526bb4370b
8864	def7ae7baca1c1b1afe8a5d729dd269f	53b4f76d587d300f0c7b9069321c2878	f200bea7f4246f17ac9b4f526bb4370b
8865	23bd6b8f42f166062654fc8cbf7f15d0	07389ed9f803ee3e44df91605d6fca13	e91866e959d1c5c238274beb2907f6e0
8866	23bd6b8f42f166062654fc8cbf7f15d0	07389ed9f803ee3e44df91605d6fca13	e91866e959d1c5c238274beb2907f6e0
8867	23bd6b8f42f166062654fc8cbf7f15d0	07389ed9f803ee3e44df91605d6fca13	e91866e959d1c5c238274beb2907f6e0
8868	23bd6b8f42f166062654fc8cbf7f15d0	07389ed9f803ee3e44df91605d6fca13	e91866e959d1c5c238274beb2907f6e0
8869	23bd6b8f42f166062654fc8cbf7f15d0	07389ed9f803ee3e44df91605d6fca13	e91866e959d1c5c238274beb2907f6e0
8870	23bd6b8f42f166062654fc8cbf7f15d0	07389ed9f803ee3e44df91605d6fca13	e91866e959d1c5c238274beb2907f6e0
8871	23bd6b8f42f166062654fc8cbf7f15d0	07389ed9f803ee3e44df91605d6fca13	e91866e959d1c5c238274beb2907f6e0
8872	e4dfa547f6a7b729ba2efde7ade35d32	e3e522fc26bcc06f1fff4eb8a858e891	1c4b469383fcc11bfb12a7aa99e6b8fe
8873	e4dfa547f6a7b729ba2efde7ade35d32	e3e522fc26bcc06f1fff4eb8a858e891	1c4b469383fcc11bfb12a7aa99e6b8fe
8874	e4dfa547f6a7b729ba2efde7ade35d32	e3e522fc26bcc06f1fff4eb8a858e891	1c4b469383fcc11bfb12a7aa99e6b8fe
8875	e4dfa547f6a7b729ba2efde7ade35d32	e3e522fc26bcc06f1fff4eb8a858e891	1c4b469383fcc11bfb12a7aa99e6b8fe
8876	e4dfa547f6a7b729ba2efde7ade35d32	e3e522fc26bcc06f1fff4eb8a858e891	1c4b469383fcc11bfb12a7aa99e6b8fe
8877	e4dfa547f6a7b729ba2efde7ade35d32	e3e522fc26bcc06f1fff4eb8a858e891	1c4b469383fcc11bfb12a7aa99e6b8fe
8878	e4dfa547f6a7b729ba2efde7ade35d32	e3e522fc26bcc06f1fff4eb8a858e891	1c4b469383fcc11bfb12a7aa99e6b8fe
8879	e4dfa547f6a7b729ba2efde7ade35d32	e3e522fc26bcc06f1fff4eb8a858e891	1c4b469383fcc11bfb12a7aa99e6b8fe
8880	e4dfa547f6a7b729ba2efde7ade35d32	e3e522fc26bcc06f1fff4eb8a858e891	1c4b469383fcc11bfb12a7aa99e6b8fe
8881	e4dfa547f6a7b729ba2efde7ade35d32	e3e522fc26bcc06f1fff4eb8a858e891	1c4b469383fcc11bfb12a7aa99e6b8fe
8882	7cd85b5dd92586ebfd0dce54182a5fbd	bb6b4ecb7ad3019d1d097b10cb2747d2	80ad1ef25fa62411231250580f9d2669
8883	7cd85b5dd92586ebfd0dce54182a5fbd	bb6b4ecb7ad3019d1d097b10cb2747d2	80ad1ef25fa62411231250580f9d2669
8884	7cd85b5dd92586ebfd0dce54182a5fbd	bb6b4ecb7ad3019d1d097b10cb2747d2	80ad1ef25fa62411231250580f9d2669
8885	7cd85b5dd92586ebfd0dce54182a5fbd	bb6b4ecb7ad3019d1d097b10cb2747d2	80ad1ef25fa62411231250580f9d2669
8886	7cd85b5dd92586ebfd0dce54182a5fbd	bb6b4ecb7ad3019d1d097b10cb2747d2	80ad1ef25fa62411231250580f9d2669
8887	7cd85b5dd92586ebfd0dce54182a5fbd	bb6b4ecb7ad3019d1d097b10cb2747d2	80ad1ef25fa62411231250580f9d2669
8888	7cd85b5dd92586ebfd0dce54182a5fbd	bb6b4ecb7ad3019d1d097b10cb2747d2	80ad1ef25fa62411231250580f9d2669
8889	afe5c72450a9e60da2f08b720a54546a	12f6d9cc5bd4eeb361f1cc3f9800b969	88bd3d8ba28f06dd41baefa5d2bcfefa
8890	afe5c72450a9e60da2f08b720a54546a	12f6d9cc5bd4eeb361f1cc3f9800b969	88bd3d8ba28f06dd41baefa5d2bcfefa
8891	afe5c72450a9e60da2f08b720a54546a	12f6d9cc5bd4eeb361f1cc3f9800b969	88bd3d8ba28f06dd41baefa5d2bcfefa
8892	24fc79f9d04704c7854588106604eacc	6bb92294e3921191be1b8534f9229347	32dc5dc9fc77223b0f008dd36c9737ac
8893	24fc79f9d04704c7854588106604eacc	6bb92294e3921191be1b8534f9229347	32dc5dc9fc77223b0f008dd36c9737ac
8894	7cd85b5dd92586ebfd0dce54182a5fbd	bb6b4ecb7ad3019d1d097b10cb2747d2	80ad1ef25fa62411231250580f9d2669
8895	7cd85b5dd92586ebfd0dce54182a5fbd	bb6b4ecb7ad3019d1d097b10cb2747d2	80ad1ef25fa62411231250580f9d2669
8896	7cd85b5dd92586ebfd0dce54182a5fbd	bb6b4ecb7ad3019d1d097b10cb2747d2	80ad1ef25fa62411231250580f9d2669
8897	7cd85b5dd92586ebfd0dce54182a5fbd	bb6b4ecb7ad3019d1d097b10cb2747d2	80ad1ef25fa62411231250580f9d2669
8898	7cd85b5dd92586ebfd0dce54182a5fbd	bb6b4ecb7ad3019d1d097b10cb2747d2	80ad1ef25fa62411231250580f9d2669
8899	7cd85b5dd92586ebfd0dce54182a5fbd	bb6b4ecb7ad3019d1d097b10cb2747d2	80ad1ef25fa62411231250580f9d2669
8900	7cd85b5dd92586ebfd0dce54182a5fbd	bb6b4ecb7ad3019d1d097b10cb2747d2	80ad1ef25fa62411231250580f9d2669
8901	7cd85b5dd92586ebfd0dce54182a5fbd	bb6b4ecb7ad3019d1d097b10cb2747d2	80ad1ef25fa62411231250580f9d2669
8902	7cd85b5dd92586ebfd0dce54182a5fbd	bb6b4ecb7ad3019d1d097b10cb2747d2	80ad1ef25fa62411231250580f9d2669
8903	7cd85b5dd92586ebfd0dce54182a5fbd	bb6b4ecb7ad3019d1d097b10cb2747d2	80ad1ef25fa62411231250580f9d2669
8904	7cd85b5dd92586ebfd0dce54182a5fbd	bb6b4ecb7ad3019d1d097b10cb2747d2	80ad1ef25fa62411231250580f9d2669
8905	7cd85b5dd92586ebfd0dce54182a5fbd	bb6b4ecb7ad3019d1d097b10cb2747d2	80ad1ef25fa62411231250580f9d2669
8906	f64539807ee3ad37818c948787a08f84	43c8cebccd8c33c13be9da374e8e89df	e3659c99f847a4f50183aed3492a4140
8907	f64539807ee3ad37818c948787a08f84	43c8cebccd8c33c13be9da374e8e89df	e3659c99f847a4f50183aed3492a4140
8908	f64539807ee3ad37818c948787a08f84	43c8cebccd8c33c13be9da374e8e89df	e3659c99f847a4f50183aed3492a4140
8909	f64539807ee3ad37818c948787a08f84	43c8cebccd8c33c13be9da374e8e89df	e3659c99f847a4f50183aed3492a4140
8910	f64539807ee3ad37818c948787a08f84	43c8cebccd8c33c13be9da374e8e89df	e3659c99f847a4f50183aed3492a4140
8911	f64539807ee3ad37818c948787a08f84	43c8cebccd8c33c13be9da374e8e89df	e3659c99f847a4f50183aed3492a4140
8912	f64539807ee3ad37818c948787a08f84	43c8cebccd8c33c13be9da374e8e89df	e3659c99f847a4f50183aed3492a4140
8913	f64539807ee3ad37818c948787a08f84	43c8cebccd8c33c13be9da374e8e89df	e3659c99f847a4f50183aed3492a4140
8914	f64539807ee3ad37818c948787a08f84	43c8cebccd8c33c13be9da374e8e89df	e3659c99f847a4f50183aed3492a4140
8915	f64539807ee3ad37818c948787a08f84	43c8cebccd8c33c13be9da374e8e89df	e3659c99f847a4f50183aed3492a4140
8916	f64539807ee3ad37818c948787a08f84	43c8cebccd8c33c13be9da374e8e89df	e3659c99f847a4f50183aed3492a4140
8917	f64539807ee3ad37818c948787a08f84	43c8cebccd8c33c13be9da374e8e89df	e3659c99f847a4f50183aed3492a4140
8918	f64539807ee3ad37818c948787a08f84	43c8cebccd8c33c13be9da374e8e89df	e3659c99f847a4f50183aed3492a4140
8919	f64539807ee3ad37818c948787a08f84	43c8cebccd8c33c13be9da374e8e89df	e3659c99f847a4f50183aed3492a4140
8920	f64539807ee3ad37818c948787a08f84	43c8cebccd8c33c13be9da374e8e89df	e3659c99f847a4f50183aed3492a4140
8921	f64539807ee3ad37818c948787a08f84	43c8cebccd8c33c13be9da374e8e89df	e3659c99f847a4f50183aed3492a4140
8922	f64539807ee3ad37818c948787a08f84	43c8cebccd8c33c13be9da374e8e89df	e3659c99f847a4f50183aed3492a4140
8923	a3d4418a8275288f04e9f2213b7ed569	7b7b433e0bc2690130acc891f61984de	743c70b45cc481290c47e7b88949c1fd
8924	a3d4418a8275288f04e9f2213b7ed569	7b7b433e0bc2690130acc891f61984de	743c70b45cc481290c47e7b88949c1fd
8925	a3d4418a8275288f04e9f2213b7ed569	7b7b433e0bc2690130acc891f61984de	743c70b45cc481290c47e7b88949c1fd
8926	a3d4418a8275288f04e9f2213b7ed569	7b7b433e0bc2690130acc891f61984de	743c70b45cc481290c47e7b88949c1fd
8927	a3d4418a8275288f04e9f2213b7ed569	7b7b433e0bc2690130acc891f61984de	743c70b45cc481290c47e7b88949c1fd
8928	a3d4418a8275288f04e9f2213b7ed569	7b7b433e0bc2690130acc891f61984de	743c70b45cc481290c47e7b88949c1fd
8929	a3d4418a8275288f04e9f2213b7ed569	7b7b433e0bc2690130acc891f61984de	743c70b45cc481290c47e7b88949c1fd
8930	630e6d24242fbe440b1607e059553f8e	a3939e1526a5a0e0a49e3e4f518ae045	249927aea3e759444497fd972a9333de
8931	630e6d24242fbe440b1607e059553f8e	a3939e1526a5a0e0a49e3e4f518ae045	249927aea3e759444497fd972a9333de
8932	630e6d24242fbe440b1607e059553f8e	a3939e1526a5a0e0a49e3e4f518ae045	249927aea3e759444497fd972a9333de
8933	0b3b65135e0c4b0e614feaafd04ef458	ac721ac8c357fa360c8b7be6c148052b	b3c487b355fc93964e0d99af22638558
8934	0b3b65135e0c4b0e614feaafd04ef458	ac721ac8c357fa360c8b7be6c148052b	b3c487b355fc93964e0d99af22638558
8935	a81c7285ce2ebe85368a9c5933d9d759	98e84901e82aaef3b89240c0520f400e	22acb29e4237166dd44ff2b2fd035571
8936	a81c7285ce2ebe85368a9c5933d9d759	98e84901e82aaef3b89240c0520f400e	22acb29e4237166dd44ff2b2fd035571
8937	a81c7285ce2ebe85368a9c5933d9d759	98e84901e82aaef3b89240c0520f400e	22acb29e4237166dd44ff2b2fd035571
8938	a81c7285ce2ebe85368a9c5933d9d759	98e84901e82aaef3b89240c0520f400e	22acb29e4237166dd44ff2b2fd035571
8939	a81c7285ce2ebe85368a9c5933d9d759	98e84901e82aaef3b89240c0520f400e	22acb29e4237166dd44ff2b2fd035571
8940	a81c7285ce2ebe85368a9c5933d9d759	98e84901e82aaef3b89240c0520f400e	22acb29e4237166dd44ff2b2fd035571
8941	a81c7285ce2ebe85368a9c5933d9d759	98e84901e82aaef3b89240c0520f400e	22acb29e4237166dd44ff2b2fd035571
8942	7d3aedf9b05c4fce834601bedd2547e0	3afbf73133713fd6547f8be4eb04b113	617903ed6d6056aaf5f8b49a0d253040
8943	a6433c700409d1469050214f9a33957c	eef3c39d9511f6ae7318b8c374f713cf	a263a7713a77f65a5bcd1d647523846c
8944	a6433c700409d1469050214f9a33957c	eef3c39d9511f6ae7318b8c374f713cf	a263a7713a77f65a5bcd1d647523846c
8945	7d3aedf9b05c4fce834601bedd2547e0	3afbf73133713fd6547f8be4eb04b113	617903ed6d6056aaf5f8b49a0d253040
8946	7d3aedf9b05c4fce834601bedd2547e0	3afbf73133713fd6547f8be4eb04b113	617903ed6d6056aaf5f8b49a0d253040
8947	4fec005909062b13696dbdb3ac90d966	4d5bb135e00e91ed145953b36fb2d935	c694054bf7d15fd3a5abcd4f100153e6
8948	4fec005909062b13696dbdb3ac90d966	4d5bb135e00e91ed145953b36fb2d935	c694054bf7d15fd3a5abcd4f100153e6
8949	4fec005909062b13696dbdb3ac90d966	4d5bb135e00e91ed145953b36fb2d935	c694054bf7d15fd3a5abcd4f100153e6
8950	4fec005909062b13696dbdb3ac90d966	4d5bb135e00e91ed145953b36fb2d935	c694054bf7d15fd3a5abcd4f100153e6
8951	4fec005909062b13696dbdb3ac90d966	4d5bb135e00e91ed145953b36fb2d935	c694054bf7d15fd3a5abcd4f100153e6
8952	a8204a2ffd249dc11774a48398c1826b	5a270b9860c2a69f5aa04e81dab1a3a4	7a9377e64d4b30df2a32deb6504bae47
8953	a8204a2ffd249dc11774a48398c1826b	5a270b9860c2a69f5aa04e81dab1a3a4	7a9377e64d4b30df2a32deb6504bae47
8954	a8204a2ffd249dc11774a48398c1826b	5a270b9860c2a69f5aa04e81dab1a3a4	7a9377e64d4b30df2a32deb6504bae47
8955	cee987258d7f41614d5fe39f4f4d8440	97025786d2e67fe7df59ed676417c44b	4e4cb062a518b6a3147ef11ebde0c974
8956	cee987258d7f41614d5fe39f4f4d8440	97025786d2e67fe7df59ed676417c44b	4e4cb062a518b6a3147ef11ebde0c974
8957	0e2757f57d5dcd10bc1a7bd2e07e0e00	0ec85eb9f537e62c8c69439a414429d3	827218cc30c6f4be2835714d6fd75aec
8958	0e2757f57d5dcd10bc1a7bd2e07e0e00	0ec85eb9f537e62c8c69439a414429d3	827218cc30c6f4be2835714d6fd75aec
8959	28e803ba93be8375afb6ada7958e610a	c557ba1821dca4cbb8d32535fa1ce389	95845d8261f7a22d02f9766c1050872a
8960	28e803ba93be8375afb6ada7958e610a	c557ba1821dca4cbb8d32535fa1ce389	95845d8261f7a22d02f9766c1050872a
8961	28e803ba93be8375afb6ada7958e610a	c557ba1821dca4cbb8d32535fa1ce389	95845d8261f7a22d02f9766c1050872a
8962	28e803ba93be8375afb6ada7958e610a	c557ba1821dca4cbb8d32535fa1ce389	95845d8261f7a22d02f9766c1050872a
8963	28e803ba93be8375afb6ada7958e610a	c557ba1821dca4cbb8d32535fa1ce389	95845d8261f7a22d02f9766c1050872a
8964	6fb5414ebd6861756296f3031ebff8b5	95b2e0c28adf31f3d7411ab513f64c2a	5f478e9adddcd7716690eaa6210202ed
8965	6fb5414ebd6861756296f3031ebff8b5	95b2e0c28adf31f3d7411ab513f64c2a	5f478e9adddcd7716690eaa6210202ed
8966	6fb5414ebd6861756296f3031ebff8b5	95b2e0c28adf31f3d7411ab513f64c2a	5f478e9adddcd7716690eaa6210202ed
8967	6fb5414ebd6861756296f3031ebff8b5	95b2e0c28adf31f3d7411ab513f64c2a	5f478e9adddcd7716690eaa6210202ed
8968	6fb5414ebd6861756296f3031ebff8b5	95b2e0c28adf31f3d7411ab513f64c2a	5f478e9adddcd7716690eaa6210202ed
8969	6fb5414ebd6861756296f3031ebff8b5	95b2e0c28adf31f3d7411ab513f64c2a	5f478e9adddcd7716690eaa6210202ed
8970	6fb5414ebd6861756296f3031ebff8b5	95b2e0c28adf31f3d7411ab513f64c2a	5f478e9adddcd7716690eaa6210202ed
8971	c0ad70cf8673565529d1c44c455815ed	f3097bc880239de3ccb20a44e1b92cb2	794191136384c76bb4738ccb15333809
8972	c0ad70cf8673565529d1c44c455815ed	f3097bc880239de3ccb20a44e1b92cb2	794191136384c76bb4738ccb15333809
8973	c0ad70cf8673565529d1c44c455815ed	f3097bc880239de3ccb20a44e1b92cb2	794191136384c76bb4738ccb15333809
8974	348e66e10522cedaad0089f69cb12abb	5444b2ff8829beba782dcf22e7b528dc	5d0ca6fdab012580a53b98646ac599c7
8975	c0ad70cf8673565529d1c44c455815ed	f3097bc880239de3ccb20a44e1b92cb2	794191136384c76bb4738ccb15333809
8976	88da21a9bdc31025bf079832cf4c3ed1	d2e22e6d91831b7397ad02096da08d36	d200266aa1be810bb67d4bc497a7209d
8977	88da21a9bdc31025bf079832cf4c3ed1	d2e22e6d91831b7397ad02096da08d36	d200266aa1be810bb67d4bc497a7209d
8978	88da21a9bdc31025bf079832cf4c3ed1	d2e22e6d91831b7397ad02096da08d36	d200266aa1be810bb67d4bc497a7209d
8979	88da21a9bdc31025bf079832cf4c3ed1	d2e22e6d91831b7397ad02096da08d36	d200266aa1be810bb67d4bc497a7209d
8980	88da21a9bdc31025bf079832cf4c3ed1	d2e22e6d91831b7397ad02096da08d36	d200266aa1be810bb67d4bc497a7209d
8981	88da21a9bdc31025bf079832cf4c3ed1	d2e22e6d91831b7397ad02096da08d36	d200266aa1be810bb67d4bc497a7209d
8982	88da21a9bdc31025bf079832cf4c3ed1	d2e22e6d91831b7397ad02096da08d36	d200266aa1be810bb67d4bc497a7209d
8983	04f7538c1fc0dcf8d9d84fbf6cd3db77	f6e259f4d27cf2cca131fc3091e4b558	eab306979ee18e4e236b1edc4acc205b
8984	04f7538c1fc0dcf8d9d84fbf6cd3db77	f6e259f4d27cf2cca131fc3091e4b558	eab306979ee18e4e236b1edc4acc205b
8985	04f7538c1fc0dcf8d9d84fbf6cd3db77	f6e259f4d27cf2cca131fc3091e4b558	eab306979ee18e4e236b1edc4acc205b
8986	04f7538c1fc0dcf8d9d84fbf6cd3db77	f6e259f4d27cf2cca131fc3091e4b558	eab306979ee18e4e236b1edc4acc205b
8987	04f7538c1fc0dcf8d9d84fbf6cd3db77	f6e259f4d27cf2cca131fc3091e4b558	eab306979ee18e4e236b1edc4acc205b
8988	88884b4499dfc5691f4f173f7118bd5a	86dea904cd98ad0fbc2f94bf08078aa9	72750f72ec7df4e334ba8a6d61c71716
8989	88884b4499dfc5691f4f173f7118bd5a	86dea904cd98ad0fbc2f94bf08078aa9	72750f72ec7df4e334ba8a6d61c71716
8990	88884b4499dfc5691f4f173f7118bd5a	86dea904cd98ad0fbc2f94bf08078aa9	72750f72ec7df4e334ba8a6d61c71716
8991	88884b4499dfc5691f4f173f7118bd5a	86dea904cd98ad0fbc2f94bf08078aa9	72750f72ec7df4e334ba8a6d61c71716
8992	88884b4499dfc5691f4f173f7118bd5a	86dea904cd98ad0fbc2f94bf08078aa9	72750f72ec7df4e334ba8a6d61c71716
8993	195131e5414c8281e861849e203970d3	06f012a65669b24fd63a8bb03f858efc	2b84d9044468f08f67b610d9050983b7
8994	195131e5414c8281e861849e203970d3	06f012a65669b24fd63a8bb03f858efc	2b84d9044468f08f67b610d9050983b7
8995	195131e5414c8281e861849e203970d3	06f012a65669b24fd63a8bb03f858efc	2b84d9044468f08f67b610d9050983b7
8996	195131e5414c8281e861849e203970d3	06f012a65669b24fd63a8bb03f858efc	2b84d9044468f08f67b610d9050983b7
8997	195131e5414c8281e861849e203970d3	06f012a65669b24fd63a8bb03f858efc	2b84d9044468f08f67b610d9050983b7
8998	195131e5414c8281e861849e203970d3	06f012a65669b24fd63a8bb03f858efc	2b84d9044468f08f67b610d9050983b7
8999	195131e5414c8281e861849e203970d3	06f012a65669b24fd63a8bb03f858efc	2b84d9044468f08f67b610d9050983b7
9000	195131e5414c8281e861849e203970d3	06f012a65669b24fd63a8bb03f858efc	2b84d9044468f08f67b610d9050983b7
9001	195131e5414c8281e861849e203970d3	06f012a65669b24fd63a8bb03f858efc	2b84d9044468f08f67b610d9050983b7
9002	195131e5414c8281e861849e203970d3	06f012a65669b24fd63a8bb03f858efc	2b84d9044468f08f67b610d9050983b7
9003	195131e5414c8281e861849e203970d3	06f012a65669b24fd63a8bb03f858efc	2b84d9044468f08f67b610d9050983b7
9004	195131e5414c8281e861849e203970d3	06f012a65669b24fd63a8bb03f858efc	2b84d9044468f08f67b610d9050983b7
9005	4ad1fd8c621b61545e00d4d31d73ecb7	18a825eef945b858a4a083594545a338	4eb0e78d3de560660bd4a8805ddd1c3b
9006	4ad1fd8c621b61545e00d4d31d73ecb7	18a825eef945b858a4a083594545a338	4eb0e78d3de560660bd4a8805ddd1c3b
9007	4ad1fd8c621b61545e00d4d31d73ecb7	18a825eef945b858a4a083594545a338	4eb0e78d3de560660bd4a8805ddd1c3b
9008	4ad1fd8c621b61545e00d4d31d73ecb7	18a825eef945b858a4a083594545a338	4eb0e78d3de560660bd4a8805ddd1c3b
9009	4ad1fd8c621b61545e00d4d31d73ecb7	18a825eef945b858a4a083594545a338	4eb0e78d3de560660bd4a8805ddd1c3b
9010	4ad1fd8c621b61545e00d4d31d73ecb7	18a825eef945b858a4a083594545a338	4eb0e78d3de560660bd4a8805ddd1c3b
9011	4ad1fd8c621b61545e00d4d31d73ecb7	18a825eef945b858a4a083594545a338	4eb0e78d3de560660bd4a8805ddd1c3b
9012	f76e163d262cde195487990ba114b3df	616e21960dcb5e776ada7dfd349f2e98	23c7fabdcfd886c5e56e954da749b28f
9013	f76e163d262cde195487990ba114b3df	616e21960dcb5e776ada7dfd349f2e98	23c7fabdcfd886c5e56e954da749b28f
9014	f76e163d262cde195487990ba114b3df	616e21960dcb5e776ada7dfd349f2e98	23c7fabdcfd886c5e56e954da749b28f
9015	f76e163d262cde195487990ba114b3df	616e21960dcb5e776ada7dfd349f2e98	23c7fabdcfd886c5e56e954da749b28f
9016	f76e163d262cde195487990ba114b3df	616e21960dcb5e776ada7dfd349f2e98	23c7fabdcfd886c5e56e954da749b28f
9017	f76e163d262cde195487990ba114b3df	616e21960dcb5e776ada7dfd349f2e98	23c7fabdcfd886c5e56e954da749b28f
9018	f76e163d262cde195487990ba114b3df	616e21960dcb5e776ada7dfd349f2e98	23c7fabdcfd886c5e56e954da749b28f
9019	f76e163d262cde195487990ba114b3df	616e21960dcb5e776ada7dfd349f2e98	23c7fabdcfd886c5e56e954da749b28f
9020	f76e163d262cde195487990ba114b3df	616e21960dcb5e776ada7dfd349f2e98	23c7fabdcfd886c5e56e954da749b28f
9021	f76e163d262cde195487990ba114b3df	616e21960dcb5e776ada7dfd349f2e98	23c7fabdcfd886c5e56e954da749b28f
9022	9c22461478e0409157522618b5baa4c2	4ccaf09a56d7c4f7e2426dd6710efff1	2d17452aebfc289dbb444eab5f1f156a
9023	9c22461478e0409157522618b5baa4c2	4ccaf09a56d7c4f7e2426dd6710efff1	2d17452aebfc289dbb444eab5f1f156a
9024	9c22461478e0409157522618b5baa4c2	4ccaf09a56d7c4f7e2426dd6710efff1	2d17452aebfc289dbb444eab5f1f156a
9025	9c22461478e0409157522618b5baa4c2	4ccaf09a56d7c4f7e2426dd6710efff1	2d17452aebfc289dbb444eab5f1f156a
9026	9c22461478e0409157522618b5baa4c2	4ccaf09a56d7c4f7e2426dd6710efff1	2d17452aebfc289dbb444eab5f1f156a
9027	9c22461478e0409157522618b5baa4c2	4ccaf09a56d7c4f7e2426dd6710efff1	2d17452aebfc289dbb444eab5f1f156a
9028	9c22461478e0409157522618b5baa4c2	4ccaf09a56d7c4f7e2426dd6710efff1	2d17452aebfc289dbb444eab5f1f156a
9029	74a1a5c536b8ab30fa2af646cdc05c19	c0cf28ad765deb04e4b370d5a5aca456	cf1fcf38a7d9264a38f0a449a2356c4d
9030	74a1a5c536b8ab30fa2af646cdc05c19	c0cf28ad765deb04e4b370d5a5aca456	cf1fcf38a7d9264a38f0a449a2356c4d
9031	74a1a5c536b8ab30fa2af646cdc05c19	c0cf28ad765deb04e4b370d5a5aca456	cf1fcf38a7d9264a38f0a449a2356c4d
9032	74a1a5c536b8ab30fa2af646cdc05c19	c0cf28ad765deb04e4b370d5a5aca456	cf1fcf38a7d9264a38f0a449a2356c4d
9033	74a1a5c536b8ab30fa2af646cdc05c19	c0cf28ad765deb04e4b370d5a5aca456	cf1fcf38a7d9264a38f0a449a2356c4d
9034	0be2a055c8d5fce01a378f7e60ec846f	3fe2587e8570d094062e1a2a2858b030	f943b0e2c720e3a22844b8f1db111fb3
9035	0be2a055c8d5fce01a378f7e60ec846f	3fe2587e8570d094062e1a2a2858b030	f943b0e2c720e3a22844b8f1db111fb3
9036	0be2a055c8d5fce01a378f7e60ec846f	3fe2587e8570d094062e1a2a2858b030	f943b0e2c720e3a22844b8f1db111fb3
9037	0be2a055c8d5fce01a378f7e60ec846f	3fe2587e8570d094062e1a2a2858b030	f943b0e2c720e3a22844b8f1db111fb3
9038	0be2a055c8d5fce01a378f7e60ec846f	3fe2587e8570d094062e1a2a2858b030	f943b0e2c720e3a22844b8f1db111fb3
9039	0be2a055c8d5fce01a378f7e60ec846f	3fe2587e8570d094062e1a2a2858b030	f943b0e2c720e3a22844b8f1db111fb3
9040	0be2a055c8d5fce01a378f7e60ec846f	3fe2587e8570d094062e1a2a2858b030	f943b0e2c720e3a22844b8f1db111fb3
9041	0be2a055c8d5fce01a378f7e60ec846f	3fe2587e8570d094062e1a2a2858b030	f943b0e2c720e3a22844b8f1db111fb3
9042	0be2a055c8d5fce01a378f7e60ec846f	3fe2587e8570d094062e1a2a2858b030	f943b0e2c720e3a22844b8f1db111fb3
9043	0be2a055c8d5fce01a378f7e60ec846f	3fe2587e8570d094062e1a2a2858b030	f943b0e2c720e3a22844b8f1db111fb3
9044	0be2a055c8d5fce01a378f7e60ec846f	3fe2587e8570d094062e1a2a2858b030	f943b0e2c720e3a22844b8f1db111fb3
9045	0be2a055c8d5fce01a378f7e60ec846f	3fe2587e8570d094062e1a2a2858b030	f943b0e2c720e3a22844b8f1db111fb3
9046	0be2a055c8d5fce01a378f7e60ec846f	3fe2587e8570d094062e1a2a2858b030	f943b0e2c720e3a22844b8f1db111fb3
9047	0be2a055c8d5fce01a378f7e60ec846f	3fe2587e8570d094062e1a2a2858b030	f943b0e2c720e3a22844b8f1db111fb3
9048	0be2a055c8d5fce01a378f7e60ec846f	3fe2587e8570d094062e1a2a2858b030	f943b0e2c720e3a22844b8f1db111fb3
9049	0be2a055c8d5fce01a378f7e60ec846f	3fe2587e8570d094062e1a2a2858b030	f943b0e2c720e3a22844b8f1db111fb3
9050	0be2a055c8d5fce01a378f7e60ec846f	3fe2587e8570d094062e1a2a2858b030	f943b0e2c720e3a22844b8f1db111fb3
9051	c133131773780cc7bcfa21e3bc480116	294ad1c68248c09142a3fb387117bba5	23ef31a28d17d6e55c518f563bd1e6e2
9052	c133131773780cc7bcfa21e3bc480116	294ad1c68248c09142a3fb387117bba5	23ef31a28d17d6e55c518f563bd1e6e2
9053	c133131773780cc7bcfa21e3bc480116	294ad1c68248c09142a3fb387117bba5	23ef31a28d17d6e55c518f563bd1e6e2
9054	696beeab75371e09de463b98c27d1353	751b691b5abce5b7c9d0e49831b675ec	f3c9b0f1bcf4ced1193ce5701cd8b5c3
9055	696beeab75371e09de463b98c27d1353	751b691b5abce5b7c9d0e49831b675ec	f3c9b0f1bcf4ced1193ce5701cd8b5c3
9056	696beeab75371e09de463b98c27d1353	751b691b5abce5b7c9d0e49831b675ec	f3c9b0f1bcf4ced1193ce5701cd8b5c3
9057	696beeab75371e09de463b98c27d1353	751b691b5abce5b7c9d0e49831b675ec	f3c9b0f1bcf4ced1193ce5701cd8b5c3
9058	f5b8446c9a0b56424b1017577e81cee8	2a75a704ed6a9d3a9fcac9a95bcafb8b	d59b4a75aa9d5078b95cc4dc270683f4
9059	8c2dc69baf3fdf31daa1787799099bbe	a1b0246c66271ca7e31161484b27e50d	59975eafcbfc6f1bc4559192a59f0702
9060	d36bf103188c510eeba1ad9753d036e9	b2ed55cc97d13e7e518745754d04e5b6	6a89364f6946f136d07fe67c1d37ef81
9061	8c2dc69baf3fdf31daa1787799099bbe	a1b0246c66271ca7e31161484b27e50d	59975eafcbfc6f1bc4559192a59f0702
9062	8c2dc69baf3fdf31daa1787799099bbe	a1b0246c66271ca7e31161484b27e50d	59975eafcbfc6f1bc4559192a59f0702
9063	7a3bec5aad2aef1ca7bc2f4d5409f6c7	8348cf2646c49550d804949eeb7b76a8	5dcc2d7c719a9b0c526bc08dec0f6167
9064	7a3bec5aad2aef1ca7bc2f4d5409f6c7	8348cf2646c49550d804949eeb7b76a8	5dcc2d7c719a9b0c526bc08dec0f6167
9065	7a3bec5aad2aef1ca7bc2f4d5409f6c7	8348cf2646c49550d804949eeb7b76a8	5dcc2d7c719a9b0c526bc08dec0f6167
9066	7a3bec5aad2aef1ca7bc2f4d5409f6c7	8348cf2646c49550d804949eeb7b76a8	5dcc2d7c719a9b0c526bc08dec0f6167
9067	7a3bec5aad2aef1ca7bc2f4d5409f6c7	8348cf2646c49550d804949eeb7b76a8	5dcc2d7c719a9b0c526bc08dec0f6167
9068	7a3bec5aad2aef1ca7bc2f4d5409f6c7	8348cf2646c49550d804949eeb7b76a8	5dcc2d7c719a9b0c526bc08dec0f6167
9069	7a3bec5aad2aef1ca7bc2f4d5409f6c7	8348cf2646c49550d804949eeb7b76a8	5dcc2d7c719a9b0c526bc08dec0f6167
9070	a93d3658fa259aefcf477008c106ed37	3008898cf71f0e419e2e6bf8f039adc0	091d2d3e038d303520e01a45da01c093
9071	a93d3658fa259aefcf477008c106ed37	3008898cf71f0e419e2e6bf8f039adc0	091d2d3e038d303520e01a45da01c093
9072	a93d3658fa259aefcf477008c106ed37	3008898cf71f0e419e2e6bf8f039adc0	091d2d3e038d303520e01a45da01c093
9073	509a67c97290d7557b5a147a87ba57bf	28dbc52f249798a30896cc7903787dd8	725ff8d0a446d32122bf86c86014aebf
9074	509a67c97290d7557b5a147a87ba57bf	28dbc52f249798a30896cc7903787dd8	725ff8d0a446d32122bf86c86014aebf
9075	00774c4401f8d9df2efc13ca7f042ff2	413a3e3fa225d9c9e75a6a62a8d2d5b1	6a048d92acda934772e04c972ec7371a
9076	00774c4401f8d9df2efc13ca7f042ff2	413a3e3fa225d9c9e75a6a62a8d2d5b1	6a048d92acda934772e04c972ec7371a
9077	00774c4401f8d9df2efc13ca7f042ff2	413a3e3fa225d9c9e75a6a62a8d2d5b1	6a048d92acda934772e04c972ec7371a
9078	00774c4401f8d9df2efc13ca7f042ff2	413a3e3fa225d9c9e75a6a62a8d2d5b1	6a048d92acda934772e04c972ec7371a
9079	00774c4401f8d9df2efc13ca7f042ff2	413a3e3fa225d9c9e75a6a62a8d2d5b1	6a048d92acda934772e04c972ec7371a
9080	00774c4401f8d9df2efc13ca7f042ff2	413a3e3fa225d9c9e75a6a62a8d2d5b1	6a048d92acda934772e04c972ec7371a
9081	00774c4401f8d9df2efc13ca7f042ff2	413a3e3fa225d9c9e75a6a62a8d2d5b1	6a048d92acda934772e04c972ec7371a
9082	9bc7a3b2e37e0743771ca8cb3158ccab	889a447fe1e099e59baa3f01d26aff24	6a4fa01c547bbe2faf162bd7e942530b
9083	9bc7a3b2e37e0743771ca8cb3158ccab	889a447fe1e099e59baa3f01d26aff24	6a4fa01c547bbe2faf162bd7e942530b
9084	9bc7a3b2e37e0743771ca8cb3158ccab	889a447fe1e099e59baa3f01d26aff24	6a4fa01c547bbe2faf162bd7e942530b
9085	9bc7a3b2e37e0743771ca8cb3158ccab	889a447fe1e099e59baa3f01d26aff24	6a4fa01c547bbe2faf162bd7e942530b
9086	9bc7a3b2e37e0743771ca8cb3158ccab	889a447fe1e099e59baa3f01d26aff24	6a4fa01c547bbe2faf162bd7e942530b
9087	9bc7a3b2e37e0743771ca8cb3158ccab	889a447fe1e099e59baa3f01d26aff24	6a4fa01c547bbe2faf162bd7e942530b
9088	9bc7a3b2e37e0743771ca8cb3158ccab	889a447fe1e099e59baa3f01d26aff24	6a4fa01c547bbe2faf162bd7e942530b
9089	9bc7a3b2e37e0743771ca8cb3158ccab	889a447fe1e099e59baa3f01d26aff24	6a4fa01c547bbe2faf162bd7e942530b
9090	9bc7a3b2e37e0743771ca8cb3158ccab	889a447fe1e099e59baa3f01d26aff24	6a4fa01c547bbe2faf162bd7e942530b
9091	9bc7a3b2e37e0743771ca8cb3158ccab	889a447fe1e099e59baa3f01d26aff24	6a4fa01c547bbe2faf162bd7e942530b
9092	9aa2956c4d68b96737bbb9c14adc9977	8c5742c706439ac958deefba26794b20	0c507e3fe6bef5fd901cb97c8bb0b21b
9093	9aa2956c4d68b96737bbb9c14adc9977	8c5742c706439ac958deefba26794b20	0c507e3fe6bef5fd901cb97c8bb0b21b
9094	9aa2956c4d68b96737bbb9c14adc9977	8c5742c706439ac958deefba26794b20	0c507e3fe6bef5fd901cb97c8bb0b21b
9095	9aa2956c4d68b96737bbb9c14adc9977	8c5742c706439ac958deefba26794b20	0c507e3fe6bef5fd901cb97c8bb0b21b
9096	9aa2956c4d68b96737bbb9c14adc9977	8c5742c706439ac958deefba26794b20	0c507e3fe6bef5fd901cb97c8bb0b21b
9097	9aa2956c4d68b96737bbb9c14adc9977	8c5742c706439ac958deefba26794b20	0c507e3fe6bef5fd901cb97c8bb0b21b
9098	9aa2956c4d68b96737bbb9c14adc9977	8c5742c706439ac958deefba26794b20	0c507e3fe6bef5fd901cb97c8bb0b21b
9099	b3acc9ab1081a0c861d69a021f4ee67b	46019c2487ae6bfc6aa4ba55f7cf7dec	a5669af9d328daae61cdd02c070c8b67
9100	b3acc9ab1081a0c861d69a021f4ee67b	46019c2487ae6bfc6aa4ba55f7cf7dec	a5669af9d328daae61cdd02c070c8b67
9101	b3acc9ab1081a0c861d69a021f4ee67b	46019c2487ae6bfc6aa4ba55f7cf7dec	a5669af9d328daae61cdd02c070c8b67
9102	b3acc9ab1081a0c861d69a021f4ee67b	46019c2487ae6bfc6aa4ba55f7cf7dec	a5669af9d328daae61cdd02c070c8b67
9103	b3acc9ab1081a0c861d69a021f4ee67b	46019c2487ae6bfc6aa4ba55f7cf7dec	a5669af9d328daae61cdd02c070c8b67
9104	a9c83a9d02d55f9b31d5ee6003964ddc	bc31692d565fac15b3109064364a28c7	36a6ecc7d8cfdbd335386ad2ecde166c
9105	a9c83a9d02d55f9b31d5ee6003964ddc	bc31692d565fac15b3109064364a28c7	36a6ecc7d8cfdbd335386ad2ecde166c
9106	a9c83a9d02d55f9b31d5ee6003964ddc	bc31692d565fac15b3109064364a28c7	36a6ecc7d8cfdbd335386ad2ecde166c
9107	a9c83a9d02d55f9b31d5ee6003964ddc	bc31692d565fac15b3109064364a28c7	36a6ecc7d8cfdbd335386ad2ecde166c
9108	a9c83a9d02d55f9b31d5ee6003964ddc	bc31692d565fac15b3109064364a28c7	36a6ecc7d8cfdbd335386ad2ecde166c
9109	a9c83a9d02d55f9b31d5ee6003964ddc	bc31692d565fac15b3109064364a28c7	36a6ecc7d8cfdbd335386ad2ecde166c
9110	a9c83a9d02d55f9b31d5ee6003964ddc	bc31692d565fac15b3109064364a28c7	36a6ecc7d8cfdbd335386ad2ecde166c
9111	600790385c990d6f0eb4ef23bbb50028	161dc508fb6ab9790353f82e77bcaa03	6289cb43f2e592e95afae4fd897e9b84
9112	600790385c990d6f0eb4ef23bbb50028	161dc508fb6ab9790353f82e77bcaa03	6289cb43f2e592e95afae4fd897e9b84
9113	600790385c990d6f0eb4ef23bbb50028	161dc508fb6ab9790353f82e77bcaa03	6289cb43f2e592e95afae4fd897e9b84
9114	600790385c990d6f0eb4ef23bbb50028	161dc508fb6ab9790353f82e77bcaa03	6289cb43f2e592e95afae4fd897e9b84
9115	600790385c990d6f0eb4ef23bbb50028	161dc508fb6ab9790353f82e77bcaa03	6289cb43f2e592e95afae4fd897e9b84
9116	034748e7a7c862b36c83a2f1ca41ac23	2ac92b378e3d05b5b710fdfcb9594afc	afaead408d3779338c274b65c802f4e3
9117	034748e7a7c862b36c83a2f1ca41ac23	2ac92b378e3d05b5b710fdfcb9594afc	afaead408d3779338c274b65c802f4e3
9118	034748e7a7c862b36c83a2f1ca41ac23	2ac92b378e3d05b5b710fdfcb9594afc	afaead408d3779338c274b65c802f4e3
9119	c86adc5cbc43a6b68e2a65fa1378d154	4f9bd811bee8e93e4d4d502c5bf95c37	31331f8bca311b8406e54eba74303728
9120	c86adc5cbc43a6b68e2a65fa1378d154	4f9bd811bee8e93e4d4d502c5bf95c37	31331f8bca311b8406e54eba74303728
9121	5bea58a5dfb417da76b9506a8212ea90	576e970af0156102d9ef6823131a6563	64916912b7f6052e5bb1da33809f85a0
9122	5bea58a5dfb417da76b9506a8212ea90	576e970af0156102d9ef6823131a6563	64916912b7f6052e5bb1da33809f85a0
9123	5bea58a5dfb417da76b9506a8212ea90	576e970af0156102d9ef6823131a6563	64916912b7f6052e5bb1da33809f85a0
9124	5bea58a5dfb417da76b9506a8212ea90	576e970af0156102d9ef6823131a6563	64916912b7f6052e5bb1da33809f85a0
9125	5bea58a5dfb417da76b9506a8212ea90	576e970af0156102d9ef6823131a6563	64916912b7f6052e5bb1da33809f85a0
9126	5bea58a5dfb417da76b9506a8212ea90	576e970af0156102d9ef6823131a6563	64916912b7f6052e5bb1da33809f85a0
9127	5bea58a5dfb417da76b9506a8212ea90	576e970af0156102d9ef6823131a6563	64916912b7f6052e5bb1da33809f85a0
9128	5bea58a5dfb417da76b9506a8212ea90	576e970af0156102d9ef6823131a6563	64916912b7f6052e5bb1da33809f85a0
9129	5bea58a5dfb417da76b9506a8212ea90	576e970af0156102d9ef6823131a6563	64916912b7f6052e5bb1da33809f85a0
9130	5bea58a5dfb417da76b9506a8212ea90	576e970af0156102d9ef6823131a6563	64916912b7f6052e5bb1da33809f85a0
9131	5bea58a5dfb417da76b9506a8212ea90	576e970af0156102d9ef6823131a6563	64916912b7f6052e5bb1da33809f85a0
9132	5bea58a5dfb417da76b9506a8212ea90	576e970af0156102d9ef6823131a6563	64916912b7f6052e5bb1da33809f85a0
9133	47d46b6d93ab3b9d3ef479d53826551f	98de97de7bb5d9ebce4d7d3918488d58	4ce0c01c77c11efb40429fc7c02e3653
9134	47d46b6d93ab3b9d3ef479d53826551f	98de97de7bb5d9ebce4d7d3918488d58	4ce0c01c77c11efb40429fc7c02e3653
9135	47d46b6d93ab3b9d3ef479d53826551f	98de97de7bb5d9ebce4d7d3918488d58	4ce0c01c77c11efb40429fc7c02e3653
9136	47d46b6d93ab3b9d3ef479d53826551f	98de97de7bb5d9ebce4d7d3918488d58	4ce0c01c77c11efb40429fc7c02e3653
9137	47d46b6d93ab3b9d3ef479d53826551f	98de97de7bb5d9ebce4d7d3918488d58	4ce0c01c77c11efb40429fc7c02e3653
9138	47d46b6d93ab3b9d3ef479d53826551f	98de97de7bb5d9ebce4d7d3918488d58	4ce0c01c77c11efb40429fc7c02e3653
9139	47d46b6d93ab3b9d3ef479d53826551f	98de97de7bb5d9ebce4d7d3918488d58	4ce0c01c77c11efb40429fc7c02e3653
9140	f98d3008b88a6dbac290b8ca6ae97f05	5134c6997fa55ffa3e7ae5a585c2a8e2	788df23ed432ecc0e064de5b9434f3b9
9141	f98d3008b88a6dbac290b8ca6ae97f05	5134c6997fa55ffa3e7ae5a585c2a8e2	788df23ed432ecc0e064de5b9434f3b9
9142	f98d3008b88a6dbac290b8ca6ae97f05	5134c6997fa55ffa3e7ae5a585c2a8e2	788df23ed432ecc0e064de5b9434f3b9
9143	f98d3008b88a6dbac290b8ca6ae97f05	5134c6997fa55ffa3e7ae5a585c2a8e2	788df23ed432ecc0e064de5b9434f3b9
9144	f98d3008b88a6dbac290b8ca6ae97f05	5134c6997fa55ffa3e7ae5a585c2a8e2	788df23ed432ecc0e064de5b9434f3b9
9145	8f78daa530ce7402592f46195c57cc07	e64d0932c914a6121e852cd303bdd3d8	181f43886aad0e2aa0e544d9313dd1f7
9146	8f78daa530ce7402592f46195c57cc07	e64d0932c914a6121e852cd303bdd3d8	181f43886aad0e2aa0e544d9313dd1f7
9147	8f78daa530ce7402592f46195c57cc07	e64d0932c914a6121e852cd303bdd3d8	181f43886aad0e2aa0e544d9313dd1f7
9148	8f78daa530ce7402592f46195c57cc07	e64d0932c914a6121e852cd303bdd3d8	181f43886aad0e2aa0e544d9313dd1f7
9149	8f78daa530ce7402592f46195c57cc07	e64d0932c914a6121e852cd303bdd3d8	181f43886aad0e2aa0e544d9313dd1f7
9150	8f78daa530ce7402592f46195c57cc07	e64d0932c914a6121e852cd303bdd3d8	181f43886aad0e2aa0e544d9313dd1f7
9151	8f78daa530ce7402592f46195c57cc07	e64d0932c914a6121e852cd303bdd3d8	181f43886aad0e2aa0e544d9313dd1f7
9152	8f78daa530ce7402592f46195c57cc07	e64d0932c914a6121e852cd303bdd3d8	181f43886aad0e2aa0e544d9313dd1f7
9153	8f78daa530ce7402592f46195c57cc07	e64d0932c914a6121e852cd303bdd3d8	181f43886aad0e2aa0e544d9313dd1f7
9154	8f78daa530ce7402592f46195c57cc07	e64d0932c914a6121e852cd303bdd3d8	181f43886aad0e2aa0e544d9313dd1f7
9155	8f78daa530ce7402592f46195c57cc07	e64d0932c914a6121e852cd303bdd3d8	181f43886aad0e2aa0e544d9313dd1f7
9156	8f78daa530ce7402592f46195c57cc07	e64d0932c914a6121e852cd303bdd3d8	181f43886aad0e2aa0e544d9313dd1f7
9157	a4dcbd928359a01e7be1bf12a3b15946	6e2a92d79949d7968faf5d68d862c96d	396267863ab4ef5a89d7c17c2e16c426
9158	a4dcbd928359a01e7be1bf12a3b15946	6e2a92d79949d7968faf5d68d862c96d	396267863ab4ef5a89d7c17c2e16c426
9159	a4dcbd928359a01e7be1bf12a3b15946	6e2a92d79949d7968faf5d68d862c96d	396267863ab4ef5a89d7c17c2e16c426
9160	a4dcbd928359a01e7be1bf12a3b15946	6e2a92d79949d7968faf5d68d862c96d	396267863ab4ef5a89d7c17c2e16c426
9161	a4dcbd928359a01e7be1bf12a3b15946	6e2a92d79949d7968faf5d68d862c96d	396267863ab4ef5a89d7c17c2e16c426
9162	21a19fe46df80bca78088b34c77d7f43	ea84455bd277f54a2fce16164a065454	0ce7a8d015efb852483d2accbe73390b
9163	21a19fe46df80bca78088b34c77d7f43	ea84455bd277f54a2fce16164a065454	0ce7a8d015efb852483d2accbe73390b
9164	21a19fe46df80bca78088b34c77d7f43	ea84455bd277f54a2fce16164a065454	0ce7a8d015efb852483d2accbe73390b
9165	21a19fe46df80bca78088b34c77d7f43	ea84455bd277f54a2fce16164a065454	0ce7a8d015efb852483d2accbe73390b
9166	21a19fe46df80bca78088b34c77d7f43	ea84455bd277f54a2fce16164a065454	0ce7a8d015efb852483d2accbe73390b
9167	21a19fe46df80bca78088b34c77d7f43	ea84455bd277f54a2fce16164a065454	0ce7a8d015efb852483d2accbe73390b
9168	21a19fe46df80bca78088b34c77d7f43	ea84455bd277f54a2fce16164a065454	0ce7a8d015efb852483d2accbe73390b
9169	21a19fe46df80bca78088b34c77d7f43	ea84455bd277f54a2fce16164a065454	0ce7a8d015efb852483d2accbe73390b
9170	21a19fe46df80bca78088b34c77d7f43	ea84455bd277f54a2fce16164a065454	0ce7a8d015efb852483d2accbe73390b
9171	21a19fe46df80bca78088b34c77d7f43	ea84455bd277f54a2fce16164a065454	0ce7a8d015efb852483d2accbe73390b
9172	21a19fe46df80bca78088b34c77d7f43	ea84455bd277f54a2fce16164a065454	0ce7a8d015efb852483d2accbe73390b
9173	21a19fe46df80bca78088b34c77d7f43	ea84455bd277f54a2fce16164a065454	0ce7a8d015efb852483d2accbe73390b
9174	a0cbefcf258a84c5deafbc7ba890b769	4c577d7ed8447c23383bc3cdaf66186e	3dfd9e31b18292f3cfa5753a57e6d8e5
9175	a0cbefcf258a84c5deafbc7ba890b769	4c577d7ed8447c23383bc3cdaf66186e	3dfd9e31b18292f3cfa5753a57e6d8e5
9176	a0cbefcf258a84c5deafbc7ba890b769	4c577d7ed8447c23383bc3cdaf66186e	3dfd9e31b18292f3cfa5753a57e6d8e5
9177	a0cbefcf258a84c5deafbc7ba890b769	4c577d7ed8447c23383bc3cdaf66186e	3dfd9e31b18292f3cfa5753a57e6d8e5
9178	a0cbefcf258a84c5deafbc7ba890b769	4c577d7ed8447c23383bc3cdaf66186e	3dfd9e31b18292f3cfa5753a57e6d8e5
9179	a0cbefcf258a84c5deafbc7ba890b769	4c577d7ed8447c23383bc3cdaf66186e	3dfd9e31b18292f3cfa5753a57e6d8e5
9180	a0cbefcf258a84c5deafbc7ba890b769	4c577d7ed8447c23383bc3cdaf66186e	3dfd9e31b18292f3cfa5753a57e6d8e5
9181	14e55e41a338da4f5e357e5a7202197a	b1af1933a6fbaff91e4acb73cb8b2589	c84650c3ec4ca6439ad7f3e1fc7e9832
9182	14e55e41a338da4f5e357e5a7202197a	b1af1933a6fbaff91e4acb73cb8b2589	c84650c3ec4ca6439ad7f3e1fc7e9832
9183	14e55e41a338da4f5e357e5a7202197a	b1af1933a6fbaff91e4acb73cb8b2589	c84650c3ec4ca6439ad7f3e1fc7e9832
9184	14e55e41a338da4f5e357e5a7202197a	b1af1933a6fbaff91e4acb73cb8b2589	c84650c3ec4ca6439ad7f3e1fc7e9832
9185	14e55e41a338da4f5e357e5a7202197a	b1af1933a6fbaff91e4acb73cb8b2589	c84650c3ec4ca6439ad7f3e1fc7e9832
9186	14e55e41a338da4f5e357e5a7202197a	b1af1933a6fbaff91e4acb73cb8b2589	c84650c3ec4ca6439ad7f3e1fc7e9832
9187	14e55e41a338da4f5e357e5a7202197a	b1af1933a6fbaff91e4acb73cb8b2589	c84650c3ec4ca6439ad7f3e1fc7e9832
9188	14e55e41a338da4f5e357e5a7202197a	b1af1933a6fbaff91e4acb73cb8b2589	c84650c3ec4ca6439ad7f3e1fc7e9832
9189	14e55e41a338da4f5e357e5a7202197a	b1af1933a6fbaff91e4acb73cb8b2589	c84650c3ec4ca6439ad7f3e1fc7e9832
9190	14e55e41a338da4f5e357e5a7202197a	b1af1933a6fbaff91e4acb73cb8b2589	c84650c3ec4ca6439ad7f3e1fc7e9832
9191	40263790995d2b8654bf2372954c27cc	36fd180ccc15a6beef8b9282e542e46f	8f175fbef5c36c46efac180ce448fa9c
9192	40263790995d2b8654bf2372954c27cc	36fd180ccc15a6beef8b9282e542e46f	8f175fbef5c36c46efac180ce448fa9c
9193	40263790995d2b8654bf2372954c27cc	36fd180ccc15a6beef8b9282e542e46f	8f175fbef5c36c46efac180ce448fa9c
9194	40263790995d2b8654bf2372954c27cc	36fd180ccc15a6beef8b9282e542e46f	8f175fbef5c36c46efac180ce448fa9c
9195	40263790995d2b8654bf2372954c27cc	36fd180ccc15a6beef8b9282e542e46f	8f175fbef5c36c46efac180ce448fa9c
9196	40263790995d2b8654bf2372954c27cc	36fd180ccc15a6beef8b9282e542e46f	8f175fbef5c36c46efac180ce448fa9c
9197	40263790995d2b8654bf2372954c27cc	36fd180ccc15a6beef8b9282e542e46f	8f175fbef5c36c46efac180ce448fa9c
9198	a275315cd1060b499d97a3698659e7dd	479c873b8b5c4ed752f985c0dcfce092	ddb5f0202d27d6b1c649b43c257e4a4d
9199	a275315cd1060b499d97a3698659e7dd	479c873b8b5c4ed752f985c0dcfce092	ddb5f0202d27d6b1c649b43c257e4a4d
9200	a275315cd1060b499d97a3698659e7dd	479c873b8b5c4ed752f985c0dcfce092	ddb5f0202d27d6b1c649b43c257e4a4d
9201	46505ce4ae41e53f7acf75ab8124d08e	0c5aed2da8971f693c4dd6d1dc6a3c6d	aace700b797d765702b2d1f89179bf8e
9202	46505ce4ae41e53f7acf75ab8124d08e	0c5aed2da8971f693c4dd6d1dc6a3c6d	aace700b797d765702b2d1f89179bf8e
9203	472606de4dfcd5f22344d233d34b1958	7f77feb317f1378aa329d389b6b03a8b	bec9a7dce6b25fa8f7a27bae6d41e9fc
9204	472606de4dfcd5f22344d233d34b1958	7f77feb317f1378aa329d389b6b03a8b	bec9a7dce6b25fa8f7a27bae6d41e9fc
9205	472606de4dfcd5f22344d233d34b1958	7f77feb317f1378aa329d389b6b03a8b	bec9a7dce6b25fa8f7a27bae6d41e9fc
9206	472606de4dfcd5f22344d233d34b1958	7f77feb317f1378aa329d389b6b03a8b	bec9a7dce6b25fa8f7a27bae6d41e9fc
9207	472606de4dfcd5f22344d233d34b1958	7f77feb317f1378aa329d389b6b03a8b	bec9a7dce6b25fa8f7a27bae6d41e9fc
9208	472606de4dfcd5f22344d233d34b1958	7f77feb317f1378aa329d389b6b03a8b	bec9a7dce6b25fa8f7a27bae6d41e9fc
9209	472606de4dfcd5f22344d233d34b1958	7f77feb317f1378aa329d389b6b03a8b	bec9a7dce6b25fa8f7a27bae6d41e9fc
9210	472606de4dfcd5f22344d233d34b1958	7f77feb317f1378aa329d389b6b03a8b	bec9a7dce6b25fa8f7a27bae6d41e9fc
9211	472606de4dfcd5f22344d233d34b1958	7f77feb317f1378aa329d389b6b03a8b	bec9a7dce6b25fa8f7a27bae6d41e9fc
9212	472606de4dfcd5f22344d233d34b1958	7f77feb317f1378aa329d389b6b03a8b	bec9a7dce6b25fa8f7a27bae6d41e9fc
9213	472606de4dfcd5f22344d233d34b1958	7f77feb317f1378aa329d389b6b03a8b	bec9a7dce6b25fa8f7a27bae6d41e9fc
9214	472606de4dfcd5f22344d233d34b1958	7f77feb317f1378aa329d389b6b03a8b	bec9a7dce6b25fa8f7a27bae6d41e9fc
9215	472606de4dfcd5f22344d233d34b1958	7f77feb317f1378aa329d389b6b03a8b	bec9a7dce6b25fa8f7a27bae6d41e9fc
9216	472606de4dfcd5f22344d233d34b1958	7f77feb317f1378aa329d389b6b03a8b	bec9a7dce6b25fa8f7a27bae6d41e9fc
9217	472606de4dfcd5f22344d233d34b1958	7f77feb317f1378aa329d389b6b03a8b	bec9a7dce6b25fa8f7a27bae6d41e9fc
9218	472606de4dfcd5f22344d233d34b1958	7f77feb317f1378aa329d389b6b03a8b	bec9a7dce6b25fa8f7a27bae6d41e9fc
9219	472606de4dfcd5f22344d233d34b1958	7f77feb317f1378aa329d389b6b03a8b	bec9a7dce6b25fa8f7a27bae6d41e9fc
9220	7f95ff94ba8a743cd189fd634bff620e	13d9e57a22750588cc4f06bb5b2cab65	a0e8a3b61b8e9068044e2b37e7ab1956
9221	7f95ff94ba8a743cd189fd634bff620e	13d9e57a22750588cc4f06bb5b2cab65	a0e8a3b61b8e9068044e2b37e7ab1956
9222	7f95ff94ba8a743cd189fd634bff620e	13d9e57a22750588cc4f06bb5b2cab65	a0e8a3b61b8e9068044e2b37e7ab1956
9223	af3a32de3a6b6d655df300eac9056db2	a37ab6ff1c5f8a8b0773b568b5086501	c056daac61c26d7b191bb4448cbf448e
9224	af3a32de3a6b6d655df300eac9056db2	a37ab6ff1c5f8a8b0773b568b5086501	c056daac61c26d7b191bb4448cbf448e
9225	af3a32de3a6b6d655df300eac9056db2	a37ab6ff1c5f8a8b0773b568b5086501	c056daac61c26d7b191bb4448cbf448e
9226	af3a32de3a6b6d655df300eac9056db2	a37ab6ff1c5f8a8b0773b568b5086501	c056daac61c26d7b191bb4448cbf448e
9227	98e3f05cbfd7f78f2221f19c25eb4536	ae70ab27e5bf79d9b356fad49b7e4075	03dc5d4e16e91bd395202aed38914ea6
9228	98e3f05cbfd7f78f2221f19c25eb4536	ae70ab27e5bf79d9b356fad49b7e4075	03dc5d4e16e91bd395202aed38914ea6
9229	98e3f05cbfd7f78f2221f19c25eb4536	ae70ab27e5bf79d9b356fad49b7e4075	03dc5d4e16e91bd395202aed38914ea6
9230	98e3f05cbfd7f78f2221f19c25eb4536	ae70ab27e5bf79d9b356fad49b7e4075	03dc5d4e16e91bd395202aed38914ea6
9231	98e3f05cbfd7f78f2221f19c25eb4536	ae70ab27e5bf79d9b356fad49b7e4075	03dc5d4e16e91bd395202aed38914ea6
9232	030721e5ab206b5dc094c64e268b6bd9	ada285bceff6175b5ee8207fadc402ae	2aa80a29bbfbd8abfc00ffb86bc71125
9233	030721e5ab206b5dc094c64e268b6bd9	ada285bceff6175b5ee8207fadc402ae	2aa80a29bbfbd8abfc00ffb86bc71125
9234	030721e5ab206b5dc094c64e268b6bd9	ada285bceff6175b5ee8207fadc402ae	2aa80a29bbfbd8abfc00ffb86bc71125
9235	030721e5ab206b5dc094c64e268b6bd9	ada285bceff6175b5ee8207fadc402ae	2aa80a29bbfbd8abfc00ffb86bc71125
9236	030721e5ab206b5dc094c64e268b6bd9	ada285bceff6175b5ee8207fadc402ae	2aa80a29bbfbd8abfc00ffb86bc71125
9237	030721e5ab206b5dc094c64e268b6bd9	ada285bceff6175b5ee8207fadc402ae	2aa80a29bbfbd8abfc00ffb86bc71125
9238	030721e5ab206b5dc094c64e268b6bd9	ada285bceff6175b5ee8207fadc402ae	2aa80a29bbfbd8abfc00ffb86bc71125
9239	e9325b384716eeaccb2d46a61b7dbffb	e103da461439d6204d97eb4c0ed14ecc	52fc7bb89ec5f348b2355892b56fd7c3
9240	e9325b384716eeaccb2d46a61b7dbffb	e103da461439d6204d97eb4c0ed14ecc	52fc7bb89ec5f348b2355892b56fd7c3
9241	e9325b384716eeaccb2d46a61b7dbffb	e103da461439d6204d97eb4c0ed14ecc	52fc7bb89ec5f348b2355892b56fd7c3
9242	e9325b384716eeaccb2d46a61b7dbffb	e103da461439d6204d97eb4c0ed14ecc	52fc7bb89ec5f348b2355892b56fd7c3
9243	e9325b384716eeaccb2d46a61b7dbffb	e103da461439d6204d97eb4c0ed14ecc	52fc7bb89ec5f348b2355892b56fd7c3
9244	917f5e16be37046095d95c47c7b9c398	129def22744f4b5c959ab90150e8202b	20db65324ab5a968779c213e7710d518
9245	917f5e16be37046095d95c47c7b9c398	129def22744f4b5c959ab90150e8202b	20db65324ab5a968779c213e7710d518
9246	917f5e16be37046095d95c47c7b9c398	129def22744f4b5c959ab90150e8202b	20db65324ab5a968779c213e7710d518
9247	917f5e16be37046095d95c47c7b9c398	129def22744f4b5c959ab90150e8202b	20db65324ab5a968779c213e7710d518
9248	917f5e16be37046095d95c47c7b9c398	129def22744f4b5c959ab90150e8202b	20db65324ab5a968779c213e7710d518
9249	917f5e16be37046095d95c47c7b9c398	129def22744f4b5c959ab90150e8202b	20db65324ab5a968779c213e7710d518
9250	917f5e16be37046095d95c47c7b9c398	129def22744f4b5c959ab90150e8202b	20db65324ab5a968779c213e7710d518
9251	134432f5795f8c2af2809cf3dcf74a99	11df9ee9289beb3a7725e81956413006	5eb8aa8ea9bee2f2165b363e07dc2dc9
9252	134432f5795f8c2af2809cf3dcf74a99	11df9ee9289beb3a7725e81956413006	5eb8aa8ea9bee2f2165b363e07dc2dc9
9253	134432f5795f8c2af2809cf3dcf74a99	11df9ee9289beb3a7725e81956413006	5eb8aa8ea9bee2f2165b363e07dc2dc9
9254	134432f5795f8c2af2809cf3dcf74a99	11df9ee9289beb3a7725e81956413006	5eb8aa8ea9bee2f2165b363e07dc2dc9
9255	134432f5795f8c2af2809cf3dcf74a99	11df9ee9289beb3a7725e81956413006	5eb8aa8ea9bee2f2165b363e07dc2dc9
9256	b1e5fb430c97826a47807b29b90c7696	4c412289e83e419260407c63e452601d	8601d2f26941e546f9c2001d6c99f566
9257	b1e5fb430c97826a47807b29b90c7696	4c412289e83e419260407c63e452601d	8601d2f26941e546f9c2001d6c99f566
9258	b1e5fb430c97826a47807b29b90c7696	4c412289e83e419260407c63e452601d	8601d2f26941e546f9c2001d6c99f566
9259	b1e5fb430c97826a47807b29b90c7696	4c412289e83e419260407c63e452601d	8601d2f26941e546f9c2001d6c99f566
9260	b1e5fb430c97826a47807b29b90c7696	4c412289e83e419260407c63e452601d	8601d2f26941e546f9c2001d6c99f566
9261	afa7521724a4d41a2870dd2833dc131f	f98064d04a206a8a01d00991ac209410	0a1ad28c257f8e04c07a88e937aefa43
9262	afa7521724a4d41a2870dd2833dc131f	f98064d04a206a8a01d00991ac209410	0a1ad28c257f8e04c07a88e937aefa43
9263	afa7521724a4d41a2870dd2833dc131f	f98064d04a206a8a01d00991ac209410	0a1ad28c257f8e04c07a88e937aefa43
9264	afa7521724a4d41a2870dd2833dc131f	f98064d04a206a8a01d00991ac209410	0a1ad28c257f8e04c07a88e937aefa43
9265	afa7521724a4d41a2870dd2833dc131f	f98064d04a206a8a01d00991ac209410	0a1ad28c257f8e04c07a88e937aefa43
9266	afa7521724a4d41a2870dd2833dc131f	f98064d04a206a8a01d00991ac209410	0a1ad28c257f8e04c07a88e937aefa43
9267	afa7521724a4d41a2870dd2833dc131f	f98064d04a206a8a01d00991ac209410	0a1ad28c257f8e04c07a88e937aefa43
9268	0b7e0d71974d99b8698e3bc7327b0f4a	536bd6414a23dcf44258d41233002921	666fe6a3c0b30a363d8fbf7df5645a2e
9269	0b7e0d71974d99b8698e3bc7327b0f4a	536bd6414a23dcf44258d41233002921	666fe6a3c0b30a363d8fbf7df5645a2e
9270	0b7e0d71974d99b8698e3bc7327b0f4a	536bd6414a23dcf44258d41233002921	666fe6a3c0b30a363d8fbf7df5645a2e
9271	0b7e0d71974d99b8698e3bc7327b0f4a	536bd6414a23dcf44258d41233002921	666fe6a3c0b30a363d8fbf7df5645a2e
9272	0b7e0d71974d99b8698e3bc7327b0f4a	536bd6414a23dcf44258d41233002921	666fe6a3c0b30a363d8fbf7df5645a2e
9273	4d45d851bcbbda99383d59b27d20092d	1f8656efdf5746e7aa3e6dd758292b02	80f43a33e6a9123769387d75214951d1
9274	4d45d851bcbbda99383d59b27d20092d	1f8656efdf5746e7aa3e6dd758292b02	80f43a33e6a9123769387d75214951d1
9275	4d45d851bcbbda99383d59b27d20092d	1f8656efdf5746e7aa3e6dd758292b02	80f43a33e6a9123769387d75214951d1
9276	4d45d851bcbbda99383d59b27d20092d	1f8656efdf5746e7aa3e6dd758292b02	80f43a33e6a9123769387d75214951d1
9277	4d45d851bcbbda99383d59b27d20092d	1f8656efdf5746e7aa3e6dd758292b02	80f43a33e6a9123769387d75214951d1
9278	4d45d851bcbbda99383d59b27d20092d	1f8656efdf5746e7aa3e6dd758292b02	80f43a33e6a9123769387d75214951d1
9279	4d45d851bcbbda99383d59b27d20092d	1f8656efdf5746e7aa3e6dd758292b02	80f43a33e6a9123769387d75214951d1
9280	4d45d851bcbbda99383d59b27d20092d	1f8656efdf5746e7aa3e6dd758292b02	80f43a33e6a9123769387d75214951d1
9281	4d45d851bcbbda99383d59b27d20092d	1f8656efdf5746e7aa3e6dd758292b02	80f43a33e6a9123769387d75214951d1
9282	4d45d851bcbbda99383d59b27d20092d	1f8656efdf5746e7aa3e6dd758292b02	80f43a33e6a9123769387d75214951d1
9283	4d45d851bcbbda99383d59b27d20092d	1f8656efdf5746e7aa3e6dd758292b02	80f43a33e6a9123769387d75214951d1
9284	4d45d851bcbbda99383d59b27d20092d	1f8656efdf5746e7aa3e6dd758292b02	80f43a33e6a9123769387d75214951d1
9285	4d45d851bcbbda99383d59b27d20092d	1f8656efdf5746e7aa3e6dd758292b02	80f43a33e6a9123769387d75214951d1
9286	4d45d851bcbbda99383d59b27d20092d	1f8656efdf5746e7aa3e6dd758292b02	80f43a33e6a9123769387d75214951d1
9287	4d45d851bcbbda99383d59b27d20092d	1f8656efdf5746e7aa3e6dd758292b02	80f43a33e6a9123769387d75214951d1
9288	4d45d851bcbbda99383d59b27d20092d	1f8656efdf5746e7aa3e6dd758292b02	80f43a33e6a9123769387d75214951d1
9289	97628e104c55ffdfdcd19d6819428504	7a6c8556dff84da9a82f15eeddc972ef	705660523c5479e1f8374ea450354a60
9290	f25c83f49cf9b160ce5f8cfeef50f449	3f075cd31574bf24ea14c4f011a94b16	0083dd6a52f5a3b285c02d4a52ef49bd
9291	f25c83f49cf9b160ce5f8cfeef50f449	3f075cd31574bf24ea14c4f011a94b16	0083dd6a52f5a3b285c02d4a52ef49bd
9292	f25c83f49cf9b160ce5f8cfeef50f449	3f075cd31574bf24ea14c4f011a94b16	0083dd6a52f5a3b285c02d4a52ef49bd
9293	f25c83f49cf9b160ce5f8cfeef50f449	3f075cd31574bf24ea14c4f011a94b16	0083dd6a52f5a3b285c02d4a52ef49bd
9294	f25c83f49cf9b160ce5f8cfeef50f449	3f075cd31574bf24ea14c4f011a94b16	0083dd6a52f5a3b285c02d4a52ef49bd
9295	f25c83f49cf9b160ce5f8cfeef50f449	3f075cd31574bf24ea14c4f011a94b16	0083dd6a52f5a3b285c02d4a52ef49bd
9296	f25c83f49cf9b160ce5f8cfeef50f449	3f075cd31574bf24ea14c4f011a94b16	0083dd6a52f5a3b285c02d4a52ef49bd
9297	9a2fff7c1f785ef1036ca54e3c0b72ef	18410b0b131c423fd18cee79301edb08	0b944bdd884d2a51725a326cd0097707
9298	9a2fff7c1f785ef1036ca54e3c0b72ef	18410b0b131c423fd18cee79301edb08	0b944bdd884d2a51725a326cd0097707
9299	9a2fff7c1f785ef1036ca54e3c0b72ef	18410b0b131c423fd18cee79301edb08	0b944bdd884d2a51725a326cd0097707
9300	1bfcb60e72d8dff11b135b331b1e2d1c	4438f40b838022c7bea4f0dae42c69e7	bc7a0e3e37f4e9316412c1bf7c9b639c
9301	1bfcb60e72d8dff11b135b331b1e2d1c	4438f40b838022c7bea4f0dae42c69e7	bc7a0e3e37f4e9316412c1bf7c9b639c
9302	2660d918f97fb1ed68446d87bd6ed275	4766e333e289952b3c6f4e357e07e57a	06f5da5896f894a1e90661d9bde13305
9303	2660d918f97fb1ed68446d87bd6ed275	4766e333e289952b3c6f4e357e07e57a	06f5da5896f894a1e90661d9bde13305
9304	2660d918f97fb1ed68446d87bd6ed275	4766e333e289952b3c6f4e357e07e57a	06f5da5896f894a1e90661d9bde13305
9305	2660d918f97fb1ed68446d87bd6ed275	4766e333e289952b3c6f4e357e07e57a	06f5da5896f894a1e90661d9bde13305
9306	2660d918f97fb1ed68446d87bd6ed275	4766e333e289952b3c6f4e357e07e57a	06f5da5896f894a1e90661d9bde13305
9307	2660d918f97fb1ed68446d87bd6ed275	4766e333e289952b3c6f4e357e07e57a	06f5da5896f894a1e90661d9bde13305
9308	2660d918f97fb1ed68446d87bd6ed275	4766e333e289952b3c6f4e357e07e57a	06f5da5896f894a1e90661d9bde13305
9309	bd8aa1fa639450f91e5923eb2f538ac9	459c93102a7cc807b48fd80832820cde	6767e2662d6aa723a3cc1c82b23cd38d
9310	bd8aa1fa639450f91e5923eb2f538ac9	459c93102a7cc807b48fd80832820cde	6767e2662d6aa723a3cc1c82b23cd38d
9311	bd8aa1fa639450f91e5923eb2f538ac9	459c93102a7cc807b48fd80832820cde	6767e2662d6aa723a3cc1c82b23cd38d
9312	bd8aa1fa639450f91e5923eb2f538ac9	459c93102a7cc807b48fd80832820cde	6767e2662d6aa723a3cc1c82b23cd38d
9313	bd8aa1fa639450f91e5923eb2f538ac9	459c93102a7cc807b48fd80832820cde	6767e2662d6aa723a3cc1c82b23cd38d
9314	34b790da13c3eaaef87821213b151bdc	c0bc184337df1f966ee8fa0f5d44abef	c77bddb5ca11bbd449443deb32e9d1c0
9315	34b790da13c3eaaef87821213b151bdc	c0bc184337df1f966ee8fa0f5d44abef	c77bddb5ca11bbd449443deb32e9d1c0
9316	34b790da13c3eaaef87821213b151bdc	c0bc184337df1f966ee8fa0f5d44abef	c77bddb5ca11bbd449443deb32e9d1c0
9317	34b790da13c3eaaef87821213b151bdc	c0bc184337df1f966ee8fa0f5d44abef	c77bddb5ca11bbd449443deb32e9d1c0
9318	34b790da13c3eaaef87821213b151bdc	c0bc184337df1f966ee8fa0f5d44abef	c77bddb5ca11bbd449443deb32e9d1c0
9319	34b790da13c3eaaef87821213b151bdc	c0bc184337df1f966ee8fa0f5d44abef	c77bddb5ca11bbd449443deb32e9d1c0
9320	34b790da13c3eaaef87821213b151bdc	c0bc184337df1f966ee8fa0f5d44abef	c77bddb5ca11bbd449443deb32e9d1c0
9321	34b790da13c3eaaef87821213b151bdc	c0bc184337df1f966ee8fa0f5d44abef	c77bddb5ca11bbd449443deb32e9d1c0
9322	34b790da13c3eaaef87821213b151bdc	c0bc184337df1f966ee8fa0f5d44abef	c77bddb5ca11bbd449443deb32e9d1c0
9323	34b790da13c3eaaef87821213b151bdc	c0bc184337df1f966ee8fa0f5d44abef	c77bddb5ca11bbd449443deb32e9d1c0
9324	34b790da13c3eaaef87821213b151bdc	c0bc184337df1f966ee8fa0f5d44abef	c77bddb5ca11bbd449443deb32e9d1c0
9325	34b790da13c3eaaef87821213b151bdc	c0bc184337df1f966ee8fa0f5d44abef	c77bddb5ca11bbd449443deb32e9d1c0
9326	34b790da13c3eaaef87821213b151bdc	c0bc184337df1f966ee8fa0f5d44abef	c77bddb5ca11bbd449443deb32e9d1c0
9327	34b790da13c3eaaef87821213b151bdc	c0bc184337df1f966ee8fa0f5d44abef	c77bddb5ca11bbd449443deb32e9d1c0
9328	34b790da13c3eaaef87821213b151bdc	c0bc184337df1f966ee8fa0f5d44abef	c77bddb5ca11bbd449443deb32e9d1c0
9329	34b790da13c3eaaef87821213b151bdc	c0bc184337df1f966ee8fa0f5d44abef	c77bddb5ca11bbd449443deb32e9d1c0
9330	34b790da13c3eaaef87821213b151bdc	c0bc184337df1f966ee8fa0f5d44abef	c77bddb5ca11bbd449443deb32e9d1c0
9331	d5bd0db4e7ce44ddd82ec5bb409718d2	4182fd7bfa2257536b1e2f93efd067f1	0df65e0a38e789091eb17819d6b9ad6a
9332	d5bd0db4e7ce44ddd82ec5bb409718d2	4182fd7bfa2257536b1e2f93efd067f1	0df65e0a38e789091eb17819d6b9ad6a
9333	d5bd0db4e7ce44ddd82ec5bb409718d2	4182fd7bfa2257536b1e2f93efd067f1	0df65e0a38e789091eb17819d6b9ad6a
9334	d5bd0db4e7ce44ddd82ec5bb409718d2	4182fd7bfa2257536b1e2f93efd067f1	0df65e0a38e789091eb17819d6b9ad6a
9335	d5bd0db4e7ce44ddd82ec5bb409718d2	4182fd7bfa2257536b1e2f93efd067f1	0df65e0a38e789091eb17819d6b9ad6a
9336	d5bd0db4e7ce44ddd82ec5bb409718d2	4182fd7bfa2257536b1e2f93efd067f1	0df65e0a38e789091eb17819d6b9ad6a
9337	d5bd0db4e7ce44ddd82ec5bb409718d2	4182fd7bfa2257536b1e2f93efd067f1	0df65e0a38e789091eb17819d6b9ad6a
9338	b5ea819a53172b89945eae19724f0b99	57aceb52ee3ecb8750316969f457211e	4d82143a4a892a2f4ddb268c3e0b804d
9339	b5ea819a53172b89945eae19724f0b99	57aceb52ee3ecb8750316969f457211e	4d82143a4a892a2f4ddb268c3e0b804d
9340	b5ea819a53172b89945eae19724f0b99	57aceb52ee3ecb8750316969f457211e	4d82143a4a892a2f4ddb268c3e0b804d
9341	b02b70a49546b69cec2f111a98ff1849	9a7814ea629b7cc08dbb7d88216931c6	03858c1b056dad42d80598de49d0a6cd
9342	b02b70a49546b69cec2f111a98ff1849	9a7814ea629b7cc08dbb7d88216931c6	03858c1b056dad42d80598de49d0a6cd
9343	3070436f0496ae07ac3067cf798a20bb	d1a679b9a29d0c895282eee5700c44f4	1c2a660c01f38fe3ae39d96cfe38b9b3
9344	3070436f0496ae07ac3067cf798a20bb	d1a679b9a29d0c895282eee5700c44f4	1c2a660c01f38fe3ae39d96cfe38b9b3
9345	3070436f0496ae07ac3067cf798a20bb	d1a679b9a29d0c895282eee5700c44f4	1c2a660c01f38fe3ae39d96cfe38b9b3
9346	3070436f0496ae07ac3067cf798a20bb	d1a679b9a29d0c895282eee5700c44f4	1c2a660c01f38fe3ae39d96cfe38b9b3
9347	3070436f0496ae07ac3067cf798a20bb	d1a679b9a29d0c895282eee5700c44f4	1c2a660c01f38fe3ae39d96cfe38b9b3
9348	3070436f0496ae07ac3067cf798a20bb	d1a679b9a29d0c895282eee5700c44f4	1c2a660c01f38fe3ae39d96cfe38b9b3
9349	3070436f0496ae07ac3067cf798a20bb	d1a679b9a29d0c895282eee5700c44f4	1c2a660c01f38fe3ae39d96cfe38b9b3
9350	3070436f0496ae07ac3067cf798a20bb	d1a679b9a29d0c895282eee5700c44f4	1c2a660c01f38fe3ae39d96cfe38b9b3
9351	3070436f0496ae07ac3067cf798a20bb	d1a679b9a29d0c895282eee5700c44f4	1c2a660c01f38fe3ae39d96cfe38b9b3
9352	3070436f0496ae07ac3067cf798a20bb	d1a679b9a29d0c895282eee5700c44f4	1c2a660c01f38fe3ae39d96cfe38b9b3
9353	3070436f0496ae07ac3067cf798a20bb	d1a679b9a29d0c895282eee5700c44f4	1c2a660c01f38fe3ae39d96cfe38b9b3
9354	3070436f0496ae07ac3067cf798a20bb	d1a679b9a29d0c895282eee5700c44f4	1c2a660c01f38fe3ae39d96cfe38b9b3
9355	a3317825162cded1f8c39d7ea36beecd	6e8ea23a607a0ccf50a3c2b75af16742	e0f60472b6ae2b45241e8a40b151c03d
9356	a3317825162cded1f8c39d7ea36beecd	6e8ea23a607a0ccf50a3c2b75af16742	e0f60472b6ae2b45241e8a40b151c03d
9357	a3317825162cded1f8c39d7ea36beecd	6e8ea23a607a0ccf50a3c2b75af16742	e0f60472b6ae2b45241e8a40b151c03d
9358	a3317825162cded1f8c39d7ea36beecd	6e8ea23a607a0ccf50a3c2b75af16742	e0f60472b6ae2b45241e8a40b151c03d
9359	a3317825162cded1f8c39d7ea36beecd	6e8ea23a607a0ccf50a3c2b75af16742	e0f60472b6ae2b45241e8a40b151c03d
9360	c01fa6c49037557ee854ee296ce53b01	a11cc5b73643e74e76300e35a6f7874e	b4f5142ed91f14eeabd9907588118929
9361	c01fa6c49037557ee854ee296ce53b01	a11cc5b73643e74e76300e35a6f7874e	b4f5142ed91f14eeabd9907588118929
9362	c01fa6c49037557ee854ee296ce53b01	a11cc5b73643e74e76300e35a6f7874e	b4f5142ed91f14eeabd9907588118929
9363	0f938e3248b94a4ed3e6310791e242cc	ddb382369a75e756c997b9e0a3512a0f	2aa89c8531060b745c1b4972e7d95938
9364	0f938e3248b94a4ed3e6310791e242cc	ddb382369a75e756c997b9e0a3512a0f	2aa89c8531060b745c1b4972e7d95938
9365	0f938e3248b94a4ed3e6310791e242cc	ddb382369a75e756c997b9e0a3512a0f	2aa89c8531060b745c1b4972e7d95938
9366	0f938e3248b94a4ed3e6310791e242cc	ddb382369a75e756c997b9e0a3512a0f	2aa89c8531060b745c1b4972e7d95938
9367	627b8f8c47a138a4632c912f8154761c	7982bf8a6ca353202e3642f2f123b6ff	0821223a342284fa32c343c9b6dc66c0
9368	627b8f8c47a138a4632c912f8154761c	7982bf8a6ca353202e3642f2f123b6ff	0821223a342284fa32c343c9b6dc66c0
9369	627b8f8c47a138a4632c912f8154761c	7982bf8a6ca353202e3642f2f123b6ff	0821223a342284fa32c343c9b6dc66c0
9370	627b8f8c47a138a4632c912f8154761c	7982bf8a6ca353202e3642f2f123b6ff	0821223a342284fa32c343c9b6dc66c0
9371	627b8f8c47a138a4632c912f8154761c	7982bf8a6ca353202e3642f2f123b6ff	0821223a342284fa32c343c9b6dc66c0
9372	1cb89fc9e5683d0bda230bbba95bfe30	40f33af9a8052855228d2947064cbb9b	9d6feaf0cdd021c1d00fc8308ebb56f4
9373	1cb89fc9e5683d0bda230bbba95bfe30	40f33af9a8052855228d2947064cbb9b	9d6feaf0cdd021c1d00fc8308ebb56f4
9374	1cb89fc9e5683d0bda230bbba95bfe30	40f33af9a8052855228d2947064cbb9b	9d6feaf0cdd021c1d00fc8308ebb56f4
9375	1cb89fc9e5683d0bda230bbba95bfe30	40f33af9a8052855228d2947064cbb9b	9d6feaf0cdd021c1d00fc8308ebb56f4
9376	1cb89fc9e5683d0bda230bbba95bfe30	40f33af9a8052855228d2947064cbb9b	9d6feaf0cdd021c1d00fc8308ebb56f4
9377	1cb89fc9e5683d0bda230bbba95bfe30	40f33af9a8052855228d2947064cbb9b	9d6feaf0cdd021c1d00fc8308ebb56f4
9378	1cb89fc9e5683d0bda230bbba95bfe30	40f33af9a8052855228d2947064cbb9b	9d6feaf0cdd021c1d00fc8308ebb56f4
9379	c37cd63777949c173ee5fc62f7317bfa	e28fa22c88db6691d6befa0d1b9922d9	58873df1b92c0b77692db55a7c364e3a
9380	c37cd63777949c173ee5fc62f7317bfa	e28fa22c88db6691d6befa0d1b9922d9	58873df1b92c0b77692db55a7c364e3a
9381	c37cd63777949c173ee5fc62f7317bfa	e28fa22c88db6691d6befa0d1b9922d9	58873df1b92c0b77692db55a7c364e3a
9382	54f127259cec2173d6eebd1287521ae1	37267d5def537a65a99f4ba18598eaf6	099dfa3daace8ea9de006290c5384bcd
9383	c37cd63777949c173ee5fc62f7317bfa	e28fa22c88db6691d6befa0d1b9922d9	58873df1b92c0b77692db55a7c364e3a
9384	9f721bd6114c0f779f1655e4e6329be8	910efe20acb851413ca6e47a89449123	93f4a3d902baeae3d3665a737d14ae18
9385	9f721bd6114c0f779f1655e4e6329be8	910efe20acb851413ca6e47a89449123	93f4a3d902baeae3d3665a737d14ae18
9386	9f721bd6114c0f779f1655e4e6329be8	910efe20acb851413ca6e47a89449123	93f4a3d902baeae3d3665a737d14ae18
9387	9f721bd6114c0f779f1655e4e6329be8	910efe20acb851413ca6e47a89449123	93f4a3d902baeae3d3665a737d14ae18
9388	9f721bd6114c0f779f1655e4e6329be8	910efe20acb851413ca6e47a89449123	93f4a3d902baeae3d3665a737d14ae18
9389	9f721bd6114c0f779f1655e4e6329be8	910efe20acb851413ca6e47a89449123	93f4a3d902baeae3d3665a737d14ae18
9390	9f721bd6114c0f779f1655e4e6329be8	910efe20acb851413ca6e47a89449123	93f4a3d902baeae3d3665a737d14ae18
9391	3247a90eaa0e92e632290fde57e61a6a	f05a26255296930ee87f57bb5a7a4b91	929d6bbf89a558924100e760589a2fe2
9392	3247a90eaa0e92e632290fde57e61a6a	f05a26255296930ee87f57bb5a7a4b91	929d6bbf89a558924100e760589a2fe2
9393	3247a90eaa0e92e632290fde57e61a6a	f05a26255296930ee87f57bb5a7a4b91	929d6bbf89a558924100e760589a2fe2
9394	3247a90eaa0e92e632290fde57e61a6a	f05a26255296930ee87f57bb5a7a4b91	929d6bbf89a558924100e760589a2fe2
9395	3247a90eaa0e92e632290fde57e61a6a	f05a26255296930ee87f57bb5a7a4b91	929d6bbf89a558924100e760589a2fe2
9396	8432bbdd13f5fef6149512dd120d9f61	1df6ddbf90343e56f6f01d2c2060723e	5df184c5882159cc97f9ddf958aca765
9397	8432bbdd13f5fef6149512dd120d9f61	1df6ddbf90343e56f6f01d2c2060723e	5df184c5882159cc97f9ddf958aca765
9398	8432bbdd13f5fef6149512dd120d9f61	1df6ddbf90343e56f6f01d2c2060723e	5df184c5882159cc97f9ddf958aca765
9399	8432bbdd13f5fef6149512dd120d9f61	1df6ddbf90343e56f6f01d2c2060723e	5df184c5882159cc97f9ddf958aca765
9400	8432bbdd13f5fef6149512dd120d9f61	1df6ddbf90343e56f6f01d2c2060723e	5df184c5882159cc97f9ddf958aca765
9401	9d0a9b376b3b5c44f03c2996aeb1f1ec	0b36b69eee09f650bb3deee64473d8cf	4c855738e161828ab12a79f6fd892f88
9402	9d0a9b376b3b5c44f03c2996aeb1f1ec	0b36b69eee09f650bb3deee64473d8cf	4c855738e161828ab12a79f6fd892f88
9403	9d0a9b376b3b5c44f03c2996aeb1f1ec	0b36b69eee09f650bb3deee64473d8cf	4c855738e161828ab12a79f6fd892f88
9404	2cc815539da21652fea368d792b45cf1	a218af59a0aecdf28216899046fbea4e	ab958794b9d34d62aad50a720deefa71
9405	2cc815539da21652fea368d792b45cf1	a218af59a0aecdf28216899046fbea4e	ab958794b9d34d62aad50a720deefa71
9406	527a9b38e90fd700fea21bb4fb04d932	a98bee3e4007f9dc65525828040974e9	986582a79b2957628c91f13b553a4f66
9407	527a9b38e90fd700fea21bb4fb04d932	a98bee3e4007f9dc65525828040974e9	986582a79b2957628c91f13b553a4f66
9408	9d0a9b376b3b5c44f03c2996aeb1f1ec	0b36b69eee09f650bb3deee64473d8cf	4c855738e161828ab12a79f6fd892f88
9409	9d0a9b376b3b5c44f03c2996aeb1f1ec	0b36b69eee09f650bb3deee64473d8cf	4c855738e161828ab12a79f6fd892f88
9410	9d0a9b376b3b5c44f03c2996aeb1f1ec	0b36b69eee09f650bb3deee64473d8cf	4c855738e161828ab12a79f6fd892f88
9411	9d0a9b376b3b5c44f03c2996aeb1f1ec	0b36b69eee09f650bb3deee64473d8cf	4c855738e161828ab12a79f6fd892f88
9412	9d0a9b376b3b5c44f03c2996aeb1f1ec	0b36b69eee09f650bb3deee64473d8cf	4c855738e161828ab12a79f6fd892f88
9413	6c1ae59ba2f917162c81b886d9602c35	6e096f61e2c257a6a457fc717231d7c2	9cec8e97e9a2599eb48ea5f4bf4c1075
9414	6c1ae59ba2f917162c81b886d9602c35	6e096f61e2c257a6a457fc717231d7c2	9cec8e97e9a2599eb48ea5f4bf4c1075
9415	6c1ae59ba2f917162c81b886d9602c35	6e096f61e2c257a6a457fc717231d7c2	9cec8e97e9a2599eb48ea5f4bf4c1075
9416	6c1ae59ba2f917162c81b886d9602c35	6e096f61e2c257a6a457fc717231d7c2	9cec8e97e9a2599eb48ea5f4bf4c1075
9417	6c1ae59ba2f917162c81b886d9602c35	6e096f61e2c257a6a457fc717231d7c2	9cec8e97e9a2599eb48ea5f4bf4c1075
9418	6c1ae59ba2f917162c81b886d9602c35	6e096f61e2c257a6a457fc717231d7c2	9cec8e97e9a2599eb48ea5f4bf4c1075
9419	6c1ae59ba2f917162c81b886d9602c35	6e096f61e2c257a6a457fc717231d7c2	9cec8e97e9a2599eb48ea5f4bf4c1075
9420	1bb44cb57b1e9c86be11925a227a10e0	99efe2cea0f4616ebd0c6f3b6da3a6a3	691e8c304ce8aa70dafed33f2076d05c
9421	1bb44cb57b1e9c86be11925a227a10e0	99efe2cea0f4616ebd0c6f3b6da3a6a3	691e8c304ce8aa70dafed33f2076d05c
9422	1bb44cb57b1e9c86be11925a227a10e0	99efe2cea0f4616ebd0c6f3b6da3a6a3	691e8c304ce8aa70dafed33f2076d05c
9423	1bb44cb57b1e9c86be11925a227a10e0	99efe2cea0f4616ebd0c6f3b6da3a6a3	691e8c304ce8aa70dafed33f2076d05c
9424	1bb44cb57b1e9c86be11925a227a10e0	99efe2cea0f4616ebd0c6f3b6da3a6a3	691e8c304ce8aa70dafed33f2076d05c
9425	1bb44cb57b1e9c86be11925a227a10e0	99efe2cea0f4616ebd0c6f3b6da3a6a3	691e8c304ce8aa70dafed33f2076d05c
9426	1bb44cb57b1e9c86be11925a227a10e0	99efe2cea0f4616ebd0c6f3b6da3a6a3	691e8c304ce8aa70dafed33f2076d05c
9427	1bb44cb57b1e9c86be11925a227a10e0	99efe2cea0f4616ebd0c6f3b6da3a6a3	691e8c304ce8aa70dafed33f2076d05c
9428	1bb44cb57b1e9c86be11925a227a10e0	99efe2cea0f4616ebd0c6f3b6da3a6a3	691e8c304ce8aa70dafed33f2076d05c
9429	1bb44cb57b1e9c86be11925a227a10e0	99efe2cea0f4616ebd0c6f3b6da3a6a3	691e8c304ce8aa70dafed33f2076d05c
9430	e457f63774f2306d50d6feb521dd677d	310bdb6bd46d7d8b3661f0c53683c112	e1225fe37bc3b1c909eaf112c50e8be5
9431	e457f63774f2306d50d6feb521dd677d	310bdb6bd46d7d8b3661f0c53683c112	e1225fe37bc3b1c909eaf112c50e8be5
9432	e457f63774f2306d50d6feb521dd677d	310bdb6bd46d7d8b3661f0c53683c112	e1225fe37bc3b1c909eaf112c50e8be5
9433	e457f63774f2306d50d6feb521dd677d	310bdb6bd46d7d8b3661f0c53683c112	e1225fe37bc3b1c909eaf112c50e8be5
9434	e457f63774f2306d50d6feb521dd677d	310bdb6bd46d7d8b3661f0c53683c112	e1225fe37bc3b1c909eaf112c50e8be5
9435	e457f63774f2306d50d6feb521dd677d	310bdb6bd46d7d8b3661f0c53683c112	e1225fe37bc3b1c909eaf112c50e8be5
9436	e457f63774f2306d50d6feb521dd677d	310bdb6bd46d7d8b3661f0c53683c112	e1225fe37bc3b1c909eaf112c50e8be5
9437	c5dda64bf94dc03d5dad86cd5fb2cdc6	c0c9822dd7ba2663b3518bc16992ec35	fa45ac1786b2d0a196ed4d6e00ae0b56
9438	c5dda64bf94dc03d5dad86cd5fb2cdc6	c0c9822dd7ba2663b3518bc16992ec35	fa45ac1786b2d0a196ed4d6e00ae0b56
9439	c5dda64bf94dc03d5dad86cd5fb2cdc6	c0c9822dd7ba2663b3518bc16992ec35	fa45ac1786b2d0a196ed4d6e00ae0b56
9440	c5dda64bf94dc03d5dad86cd5fb2cdc6	c0c9822dd7ba2663b3518bc16992ec35	fa45ac1786b2d0a196ed4d6e00ae0b56
9441	c5dda64bf94dc03d5dad86cd5fb2cdc6	c0c9822dd7ba2663b3518bc16992ec35	fa45ac1786b2d0a196ed4d6e00ae0b56
9442	0960e02f58c1a8637286121240fc7e0d	2bfd454ee4a519e5401ec2452900e882	f0547a6e61530b693435a1e399c42eb9
9443	0960e02f58c1a8637286121240fc7e0d	2bfd454ee4a519e5401ec2452900e882	f0547a6e61530b693435a1e399c42eb9
9444	0960e02f58c1a8637286121240fc7e0d	2bfd454ee4a519e5401ec2452900e882	f0547a6e61530b693435a1e399c42eb9
9445	0960e02f58c1a8637286121240fc7e0d	2bfd454ee4a519e5401ec2452900e882	f0547a6e61530b693435a1e399c42eb9
9446	0960e02f58c1a8637286121240fc7e0d	2bfd454ee4a519e5401ec2452900e882	f0547a6e61530b693435a1e399c42eb9
9447	0960e02f58c1a8637286121240fc7e0d	2bfd454ee4a519e5401ec2452900e882	f0547a6e61530b693435a1e399c42eb9
9448	0960e02f58c1a8637286121240fc7e0d	2bfd454ee4a519e5401ec2452900e882	f0547a6e61530b693435a1e399c42eb9
9449	0960e02f58c1a8637286121240fc7e0d	2bfd454ee4a519e5401ec2452900e882	f0547a6e61530b693435a1e399c42eb9
9450	0960e02f58c1a8637286121240fc7e0d	2bfd454ee4a519e5401ec2452900e882	f0547a6e61530b693435a1e399c42eb9
9451	0960e02f58c1a8637286121240fc7e0d	2bfd454ee4a519e5401ec2452900e882	f0547a6e61530b693435a1e399c42eb9
9452	0960e02f58c1a8637286121240fc7e0d	2bfd454ee4a519e5401ec2452900e882	f0547a6e61530b693435a1e399c42eb9
9453	0960e02f58c1a8637286121240fc7e0d	2bfd454ee4a519e5401ec2452900e882	f0547a6e61530b693435a1e399c42eb9
9454	0960e02f58c1a8637286121240fc7e0d	2bfd454ee4a519e5401ec2452900e882	f0547a6e61530b693435a1e399c42eb9
9455	0960e02f58c1a8637286121240fc7e0d	2bfd454ee4a519e5401ec2452900e882	f0547a6e61530b693435a1e399c42eb9
9456	0960e02f58c1a8637286121240fc7e0d	2bfd454ee4a519e5401ec2452900e882	f0547a6e61530b693435a1e399c42eb9
9457	0960e02f58c1a8637286121240fc7e0d	2bfd454ee4a519e5401ec2452900e882	f0547a6e61530b693435a1e399c42eb9
9458	0960e02f58c1a8637286121240fc7e0d	2bfd454ee4a519e5401ec2452900e882	f0547a6e61530b693435a1e399c42eb9
9459	96d8be1e37b143dbd6ebcfdd11b5ce30	5f9895eb6b5571559dc54c785a3ff6cb	daa7ee03992f0e61d111d8ebfa1efbb4
9460	96d8be1e37b143dbd6ebcfdd11b5ce30	5f9895eb6b5571559dc54c785a3ff6cb	daa7ee03992f0e61d111d8ebfa1efbb4
9461	96d8be1e37b143dbd6ebcfdd11b5ce30	5f9895eb6b5571559dc54c785a3ff6cb	daa7ee03992f0e61d111d8ebfa1efbb4
9462	96d8be1e37b143dbd6ebcfdd11b5ce30	5f9895eb6b5571559dc54c785a3ff6cb	daa7ee03992f0e61d111d8ebfa1efbb4
9463	96d8be1e37b143dbd6ebcfdd11b5ce30	5f9895eb6b5571559dc54c785a3ff6cb	daa7ee03992f0e61d111d8ebfa1efbb4
9464	96d8be1e37b143dbd6ebcfdd11b5ce30	5f9895eb6b5571559dc54c785a3ff6cb	daa7ee03992f0e61d111d8ebfa1efbb4
9465	96d8be1e37b143dbd6ebcfdd11b5ce30	5f9895eb6b5571559dc54c785a3ff6cb	daa7ee03992f0e61d111d8ebfa1efbb4
9466	2f29fd3274d551ac1126c5b69c441aa8	b2297eb6e8717db83875a7361c7e6d1b	fa9a024e9b3640484b5e43e7b1250688
9467	2f29fd3274d551ac1126c5b69c441aa8	b2297eb6e8717db83875a7361c7e6d1b	fa9a024e9b3640484b5e43e7b1250688
9468	2f29fd3274d551ac1126c5b69c441aa8	b2297eb6e8717db83875a7361c7e6d1b	fa9a024e9b3640484b5e43e7b1250688
9469	1fa9180c3e966408d9e63a5ccc1ca45c	8a74648949d1e0d4196029f9d880d4cf	db0d9d4ee819a484a776159a75d04c14
9470	1fa9180c3e966408d9e63a5ccc1ca45c	8a74648949d1e0d4196029f9d880d4cf	db0d9d4ee819a484a776159a75d04c14
9471	0a924a6395551f2da3099fab3d1f351b	539143b6579e36ebf2a458e6ee44f2e4	532e43ee58038f595b7a55ab58522c3b
9472	0a924a6395551f2da3099fab3d1f351b	539143b6579e36ebf2a458e6ee44f2e4	532e43ee58038f595b7a55ab58522c3b
9473	0a924a6395551f2da3099fab3d1f351b	539143b6579e36ebf2a458e6ee44f2e4	532e43ee58038f595b7a55ab58522c3b
9474	0a924a6395551f2da3099fab3d1f351b	539143b6579e36ebf2a458e6ee44f2e4	532e43ee58038f595b7a55ab58522c3b
9475	0a924a6395551f2da3099fab3d1f351b	539143b6579e36ebf2a458e6ee44f2e4	532e43ee58038f595b7a55ab58522c3b
9476	0a924a6395551f2da3099fab3d1f351b	539143b6579e36ebf2a458e6ee44f2e4	532e43ee58038f595b7a55ab58522c3b
9477	0a924a6395551f2da3099fab3d1f351b	539143b6579e36ebf2a458e6ee44f2e4	532e43ee58038f595b7a55ab58522c3b
9478	1838bed4bcf6164f7f064acf95549d6e	371f3c599c8fcc199192c8cc459ff42d	dc467e66f3c92741f25709b2fb993c2a
9479	1838bed4bcf6164f7f064acf95549d6e	371f3c599c8fcc199192c8cc459ff42d	dc467e66f3c92741f25709b2fb993c2a
9480	1838bed4bcf6164f7f064acf95549d6e	371f3c599c8fcc199192c8cc459ff42d	dc467e66f3c92741f25709b2fb993c2a
9481	1838bed4bcf6164f7f064acf95549d6e	371f3c599c8fcc199192c8cc459ff42d	dc467e66f3c92741f25709b2fb993c2a
9482	1838bed4bcf6164f7f064acf95549d6e	371f3c599c8fcc199192c8cc459ff42d	dc467e66f3c92741f25709b2fb993c2a
9483	6f344dd8b7a0c960e8a4112a7856cbea	8e360cef09b3dadc6de3e1dff5747ea1	d9b32f5ccf090bc2825d9d051d15643e
9484	6f344dd8b7a0c960e8a4112a7856cbea	8e360cef09b3dadc6de3e1dff5747ea1	d9b32f5ccf090bc2825d9d051d15643e
9485	6f344dd8b7a0c960e8a4112a7856cbea	8e360cef09b3dadc6de3e1dff5747ea1	d9b32f5ccf090bc2825d9d051d15643e
9486	6f344dd8b7a0c960e8a4112a7856cbea	8e360cef09b3dadc6de3e1dff5747ea1	d9b32f5ccf090bc2825d9d051d15643e
9487	6f344dd8b7a0c960e8a4112a7856cbea	8e360cef09b3dadc6de3e1dff5747ea1	d9b32f5ccf090bc2825d9d051d15643e
9488	6f344dd8b7a0c960e8a4112a7856cbea	8e360cef09b3dadc6de3e1dff5747ea1	d9b32f5ccf090bc2825d9d051d15643e
9489	6f344dd8b7a0c960e8a4112a7856cbea	8e360cef09b3dadc6de3e1dff5747ea1	d9b32f5ccf090bc2825d9d051d15643e
9490	6217e9191a23f118bf4e62346b5d3861	06f2e4e3a8d777fc60bf33c6614c292e	0eb02a82bf3d86e665d639a814992495
9491	6217e9191a23f118bf4e62346b5d3861	06f2e4e3a8d777fc60bf33c6614c292e	0eb02a82bf3d86e665d639a814992495
9492	6217e9191a23f118bf4e62346b5d3861	06f2e4e3a8d777fc60bf33c6614c292e	0eb02a82bf3d86e665d639a814992495
9493	6217e9191a23f118bf4e62346b5d3861	06f2e4e3a8d777fc60bf33c6614c292e	0eb02a82bf3d86e665d639a814992495
9494	6217e9191a23f118bf4e62346b5d3861	06f2e4e3a8d777fc60bf33c6614c292e	0eb02a82bf3d86e665d639a814992495
9495	6217e9191a23f118bf4e62346b5d3861	06f2e4e3a8d777fc60bf33c6614c292e	0eb02a82bf3d86e665d639a814992495
9496	6217e9191a23f118bf4e62346b5d3861	06f2e4e3a8d777fc60bf33c6614c292e	0eb02a82bf3d86e665d639a814992495
9497	6217e9191a23f118bf4e62346b5d3861	06f2e4e3a8d777fc60bf33c6614c292e	0eb02a82bf3d86e665d639a814992495
9498	6217e9191a23f118bf4e62346b5d3861	06f2e4e3a8d777fc60bf33c6614c292e	0eb02a82bf3d86e665d639a814992495
9499	6217e9191a23f118bf4e62346b5d3861	06f2e4e3a8d777fc60bf33c6614c292e	0eb02a82bf3d86e665d639a814992495
9500	c2a144d62603a9ae2929b60e9df9dec6	bd81a869e4ea1c86d2dc86ad585bcc2d	612606fdc685cf6c7837b3460429b88a
9501	c2a144d62603a9ae2929b60e9df9dec6	bd81a869e4ea1c86d2dc86ad585bcc2d	612606fdc685cf6c7837b3460429b88a
9502	c2a144d62603a9ae2929b60e9df9dec6	bd81a869e4ea1c86d2dc86ad585bcc2d	612606fdc685cf6c7837b3460429b88a
9503	c2a144d62603a9ae2929b60e9df9dec6	bd81a869e4ea1c86d2dc86ad585bcc2d	612606fdc685cf6c7837b3460429b88a
9504	c2a144d62603a9ae2929b60e9df9dec6	bd81a869e4ea1c86d2dc86ad585bcc2d	612606fdc685cf6c7837b3460429b88a
9505	c2a144d62603a9ae2929b60e9df9dec6	bd81a869e4ea1c86d2dc86ad585bcc2d	612606fdc685cf6c7837b3460429b88a
9506	c2a144d62603a9ae2929b60e9df9dec6	bd81a869e4ea1c86d2dc86ad585bcc2d	612606fdc685cf6c7837b3460429b88a
9507	526dbfbf2895d9b2f32a081f2f7f3c46	e8fe1e61e1c63a8a0421fb16c91e330d	9916f49ef26ea44e6e79e802ac1669f6
9508	526dbfbf2895d9b2f32a081f2f7f3c46	e8fe1e61e1c63a8a0421fb16c91e330d	9916f49ef26ea44e6e79e802ac1669f6
9509	526dbfbf2895d9b2f32a081f2f7f3c46	e8fe1e61e1c63a8a0421fb16c91e330d	9916f49ef26ea44e6e79e802ac1669f6
9510	526dbfbf2895d9b2f32a081f2f7f3c46	e8fe1e61e1c63a8a0421fb16c91e330d	9916f49ef26ea44e6e79e802ac1669f6
9511	526dbfbf2895d9b2f32a081f2f7f3c46	e8fe1e61e1c63a8a0421fb16c91e330d	9916f49ef26ea44e6e79e802ac1669f6
9512	7d363c8175f9a79365d74016af84a66c	a38f0dbb05903cbdb78c4b11598957a7	4b0c0dc809e47935a1dddf012cb56d70
9513	7d363c8175f9a79365d74016af84a66c	a38f0dbb05903cbdb78c4b11598957a7	4b0c0dc809e47935a1dddf012cb56d70
9514	7d363c8175f9a79365d74016af84a66c	a38f0dbb05903cbdb78c4b11598957a7	4b0c0dc809e47935a1dddf012cb56d70
9515	5bb0e7e601a14b114294514dcc5f75e0	dae691cbe11afe974192c457c76cf6ab	35ddcad1eba5095550a55fd1036b3358
9516	5bb0e7e601a14b114294514dcc5f75e0	dae691cbe11afe974192c457c76cf6ab	35ddcad1eba5095550a55fd1036b3358
9517	3771ad8f7300be7105fbdd914580af3d	886b05005c35a2cf612bb5b4e2ecf462	05e3d80c298e1cd5e725934c51e26c8d
9518	3771ad8f7300be7105fbdd914580af3d	886b05005c35a2cf612bb5b4e2ecf462	05e3d80c298e1cd5e725934c51e26c8d
9519	4f022afcceb7e3f69651b6e577745f5c	103276a8752e5f5e5398c09259fe6a4f	7d4ec13c1fbdf4884a5efaa11d8d5928
9520	4f022afcceb7e3f69651b6e577745f5c	103276a8752e5f5e5398c09259fe6a4f	7d4ec13c1fbdf4884a5efaa11d8d5928
9521	4f022afcceb7e3f69651b6e577745f5c	103276a8752e5f5e5398c09259fe6a4f	7d4ec13c1fbdf4884a5efaa11d8d5928
9522	4f022afcceb7e3f69651b6e577745f5c	103276a8752e5f5e5398c09259fe6a4f	7d4ec13c1fbdf4884a5efaa11d8d5928
9523	4f022afcceb7e3f69651b6e577745f5c	103276a8752e5f5e5398c09259fe6a4f	7d4ec13c1fbdf4884a5efaa11d8d5928
9524	b0a9fa65682c6c870abfe2795cec5a7b	c063b6a7c2a1def9a47994fb64a7bbb4	d63b8df13d431d8dbd7671425fa48eb7
9525	b0a9fa65682c6c870abfe2795cec5a7b	c063b6a7c2a1def9a47994fb64a7bbb4	d63b8df13d431d8dbd7671425fa48eb7
9526	b0a9fa65682c6c870abfe2795cec5a7b	c063b6a7c2a1def9a47994fb64a7bbb4	d63b8df13d431d8dbd7671425fa48eb7
9527	445e1d8b389012112fba31e351d7b96b	b063e3755f5a998f868dc1f17d716d74	d8f6c45375253eef35002aa462be9eaf
9528	445e1d8b389012112fba31e351d7b96b	b063e3755f5a998f868dc1f17d716d74	d8f6c45375253eef35002aa462be9eaf
9529	19f4257c47549da21a1eb61f4bbb3e98	e3003647a60c626a1a368179227baa4b	176b3b0cbd6483a2be55b2c85ef2bee8
9530	19f4257c47549da21a1eb61f4bbb3e98	e3003647a60c626a1a368179227baa4b	176b3b0cbd6483a2be55b2c85ef2bee8
9531	19f4257c47549da21a1eb61f4bbb3e98	e3003647a60c626a1a368179227baa4b	176b3b0cbd6483a2be55b2c85ef2bee8
9532	19f4257c47549da21a1eb61f4bbb3e98	e3003647a60c626a1a368179227baa4b	176b3b0cbd6483a2be55b2c85ef2bee8
9533	19f4257c47549da21a1eb61f4bbb3e98	e3003647a60c626a1a368179227baa4b	176b3b0cbd6483a2be55b2c85ef2bee8
9534	19f4257c47549da21a1eb61f4bbb3e98	e3003647a60c626a1a368179227baa4b	176b3b0cbd6483a2be55b2c85ef2bee8
9535	19f4257c47549da21a1eb61f4bbb3e98	e3003647a60c626a1a368179227baa4b	176b3b0cbd6483a2be55b2c85ef2bee8
9536	eec5be57dd74dee14ce8bfe152f007df	cbe37696c028edbfd78804b29f78eff8	d62099ad66ef19c168f637da554c376f
9537	5663f6632d787b2de22b2a1a445aeb2c	38f354cdbd2a6a133e296dec6a1e0027	f8b95a2d98021579d3f6beceeabd6304
9538	5663f6632d787b2de22b2a1a445aeb2c	38f354cdbd2a6a133e296dec6a1e0027	f8b95a2d98021579d3f6beceeabd6304
9539	5663f6632d787b2de22b2a1a445aeb2c	38f354cdbd2a6a133e296dec6a1e0027	f8b95a2d98021579d3f6beceeabd6304
9540	5663f6632d787b2de22b2a1a445aeb2c	38f354cdbd2a6a133e296dec6a1e0027	f8b95a2d98021579d3f6beceeabd6304
9541	96af5d543eabb4bfc7c3e6d3b450b245	ff180cc6901961613fdc213f9002e40a	7f3ffc26984e93ef22a7e2f560af86ad
9542	96af5d543eabb4bfc7c3e6d3b450b245	ff180cc6901961613fdc213f9002e40a	7f3ffc26984e93ef22a7e2f560af86ad
9543	96af5d543eabb4bfc7c3e6d3b450b245	ff180cc6901961613fdc213f9002e40a	7f3ffc26984e93ef22a7e2f560af86ad
9544	3c3c420b35dfc46baedc748bc3426520	ee76004e281d42354f9a018113012a6b	ffba28036451311d604dc382b4f548b4
9545	3c3c420b35dfc46baedc748bc3426520	ee76004e281d42354f9a018113012a6b	ffba28036451311d604dc382b4f548b4
9546	f8828b7bbc5eee5b2349a8a645d8fe1f	ce63c1fd874bea6d85b93b7bc8939e48	c10d7ed0a0963e59106f35ffe958af23
9547	f8828b7bbc5eee5b2349a8a645d8fe1f	ce63c1fd874bea6d85b93b7bc8939e48	c10d7ed0a0963e59106f35ffe958af23
9548	655dc5aa7c11691f69aa46791ccf6bd8	4edb496eacf46299e257c7038c4f9463	cdf861466a358fb134c12531f776f534
9549	655dc5aa7c11691f69aa46791ccf6bd8	4edb496eacf46299e257c7038c4f9463	cdf861466a358fb134c12531f776f534
9550	655dc5aa7c11691f69aa46791ccf6bd8	4edb496eacf46299e257c7038c4f9463	cdf861466a358fb134c12531f776f534
9551	c8b5a37129b6ac3bfeb44fe68b46202c	cff2811efa9cc8b59c97a67db5f30717	985d7511bb8418fd1c5158189d210d98
9552	655dc5aa7c11691f69aa46791ccf6bd8	4edb496eacf46299e257c7038c4f9463	cdf861466a358fb134c12531f776f534
9553	bde2f2e888b2ee7603cccf324e5c5508	26ee4cc3d3a5670e489430b51240266b	96a928b4eaace52cffbf950ed3f9fbac
9554	bde2f2e888b2ee7603cccf324e5c5508	26ee4cc3d3a5670e489430b51240266b	96a928b4eaace52cffbf950ed3f9fbac
9555	bde2f2e888b2ee7603cccf324e5c5508	26ee4cc3d3a5670e489430b51240266b	96a928b4eaace52cffbf950ed3f9fbac
9556	bde2f2e888b2ee7603cccf324e5c5508	26ee4cc3d3a5670e489430b51240266b	96a928b4eaace52cffbf950ed3f9fbac
9557	bde2f2e888b2ee7603cccf324e5c5508	26ee4cc3d3a5670e489430b51240266b	96a928b4eaace52cffbf950ed3f9fbac
9558	bde2f2e888b2ee7603cccf324e5c5508	26ee4cc3d3a5670e489430b51240266b	96a928b4eaace52cffbf950ed3f9fbac
9559	bde2f2e888b2ee7603cccf324e5c5508	26ee4cc3d3a5670e489430b51240266b	96a928b4eaace52cffbf950ed3f9fbac
9560	bde2f2e888b2ee7603cccf324e5c5508	26ee4cc3d3a5670e489430b51240266b	96a928b4eaace52cffbf950ed3f9fbac
9561	bde2f2e888b2ee7603cccf324e5c5508	26ee4cc3d3a5670e489430b51240266b	96a928b4eaace52cffbf950ed3f9fbac
9562	bde2f2e888b2ee7603cccf324e5c5508	26ee4cc3d3a5670e489430b51240266b	96a928b4eaace52cffbf950ed3f9fbac
9563	bde2f2e888b2ee7603cccf324e5c5508	26ee4cc3d3a5670e489430b51240266b	96a928b4eaace52cffbf950ed3f9fbac
9564	bde2f2e888b2ee7603cccf324e5c5508	26ee4cc3d3a5670e489430b51240266b	96a928b4eaace52cffbf950ed3f9fbac
9565	61ad245753a9d68315491476e4dc3f94	6c2fca4b428f41bdade84b84b8df636f	212dfda92cdc958f7b01e38dec5b7804
9566	61ad245753a9d68315491476e4dc3f94	6c2fca4b428f41bdade84b84b8df636f	212dfda92cdc958f7b01e38dec5b7804
9567	61ad245753a9d68315491476e4dc3f94	6c2fca4b428f41bdade84b84b8df636f	212dfda92cdc958f7b01e38dec5b7804
9568	61ad245753a9d68315491476e4dc3f94	6c2fca4b428f41bdade84b84b8df636f	212dfda92cdc958f7b01e38dec5b7804
9569	61ad245753a9d68315491476e4dc3f94	6c2fca4b428f41bdade84b84b8df636f	212dfda92cdc958f7b01e38dec5b7804
9570	d6bcfee01018a4b26a04d987d5ae6493	695e948ec55ec4a22125c9666fcb13c4	0bf4340f46c563e49b4867cdb786f9cf
9571	d6bcfee01018a4b26a04d987d5ae6493	695e948ec55ec4a22125c9666fcb13c4	0bf4340f46c563e49b4867cdb786f9cf
9572	d6bcfee01018a4b26a04d987d5ae6493	695e948ec55ec4a22125c9666fcb13c4	0bf4340f46c563e49b4867cdb786f9cf
9573	d6bcfee01018a4b26a04d987d5ae6493	695e948ec55ec4a22125c9666fcb13c4	0bf4340f46c563e49b4867cdb786f9cf
9574	d6bcfee01018a4b26a04d987d5ae6493	695e948ec55ec4a22125c9666fcb13c4	0bf4340f46c563e49b4867cdb786f9cf
9575	d6bcfee01018a4b26a04d987d5ae6493	695e948ec55ec4a22125c9666fcb13c4	0bf4340f46c563e49b4867cdb786f9cf
9576	d6bcfee01018a4b26a04d987d5ae6493	695e948ec55ec4a22125c9666fcb13c4	0bf4340f46c563e49b4867cdb786f9cf
9577	d6bcfee01018a4b26a04d987d5ae6493	695e948ec55ec4a22125c9666fcb13c4	0bf4340f46c563e49b4867cdb786f9cf
9578	d6bcfee01018a4b26a04d987d5ae6493	695e948ec55ec4a22125c9666fcb13c4	0bf4340f46c563e49b4867cdb786f9cf
9579	d6bcfee01018a4b26a04d987d5ae6493	695e948ec55ec4a22125c9666fcb13c4	0bf4340f46c563e49b4867cdb786f9cf
9580	d6bcfee01018a4b26a04d987d5ae6493	695e948ec55ec4a22125c9666fcb13c4	0bf4340f46c563e49b4867cdb786f9cf
9581	d6bcfee01018a4b26a04d987d5ae6493	695e948ec55ec4a22125c9666fcb13c4	0bf4340f46c563e49b4867cdb786f9cf
9582	7fdb3c6a8f67f24e9e1061d1ee265dab	b13538a24adfc92e24b89ca4bc58305c	cea230b872cc67d62c2a25937fad063b
9583	7fdb3c6a8f67f24e9e1061d1ee265dab	b13538a24adfc92e24b89ca4bc58305c	cea230b872cc67d62c2a25937fad063b
9584	7fdb3c6a8f67f24e9e1061d1ee265dab	b13538a24adfc92e24b89ca4bc58305c	cea230b872cc67d62c2a25937fad063b
9585	7fdb3c6a8f67f24e9e1061d1ee265dab	b13538a24adfc92e24b89ca4bc58305c	cea230b872cc67d62c2a25937fad063b
9586	7fdb3c6a8f67f24e9e1061d1ee265dab	b13538a24adfc92e24b89ca4bc58305c	cea230b872cc67d62c2a25937fad063b
9587	7fdb3c6a8f67f24e9e1061d1ee265dab	b13538a24adfc92e24b89ca4bc58305c	cea230b872cc67d62c2a25937fad063b
9588	7fdb3c6a8f67f24e9e1061d1ee265dab	b13538a24adfc92e24b89ca4bc58305c	cea230b872cc67d62c2a25937fad063b
9589	383cafbec59b6d1f3c8ebf7f658297e5	c9fd1164b9fabb51e1c6ac2d151c5aca	61b5816522f4a35564bfe981e511b2b1
9590	383cafbec59b6d1f3c8ebf7f658297e5	c9fd1164b9fabb51e1c6ac2d151c5aca	61b5816522f4a35564bfe981e511b2b1
9591	383cafbec59b6d1f3c8ebf7f658297e5	c9fd1164b9fabb51e1c6ac2d151c5aca	61b5816522f4a35564bfe981e511b2b1
9592	383cafbec59b6d1f3c8ebf7f658297e5	c9fd1164b9fabb51e1c6ac2d151c5aca	61b5816522f4a35564bfe981e511b2b1
9593	383cafbec59b6d1f3c8ebf7f658297e5	c9fd1164b9fabb51e1c6ac2d151c5aca	61b5816522f4a35564bfe981e511b2b1
9594	383cafbec59b6d1f3c8ebf7f658297e5	c9fd1164b9fabb51e1c6ac2d151c5aca	61b5816522f4a35564bfe981e511b2b1
9595	383cafbec59b6d1f3c8ebf7f658297e5	c9fd1164b9fabb51e1c6ac2d151c5aca	61b5816522f4a35564bfe981e511b2b1
9596	383cafbec59b6d1f3c8ebf7f658297e5	c9fd1164b9fabb51e1c6ac2d151c5aca	61b5816522f4a35564bfe981e511b2b1
9597	383cafbec59b6d1f3c8ebf7f658297e5	c9fd1164b9fabb51e1c6ac2d151c5aca	61b5816522f4a35564bfe981e511b2b1
9598	383cafbec59b6d1f3c8ebf7f658297e5	c9fd1164b9fabb51e1c6ac2d151c5aca	61b5816522f4a35564bfe981e511b2b1
9599	35df71875ea9c5555dd078c67e75584f	fdd69878bfe3fc53c1df51cbc4991538	87f727259d63e0b76163c9ce48265a2b
9600	35df71875ea9c5555dd078c67e75584f	fdd69878bfe3fc53c1df51cbc4991538	87f727259d63e0b76163c9ce48265a2b
9601	35df71875ea9c5555dd078c67e75584f	fdd69878bfe3fc53c1df51cbc4991538	87f727259d63e0b76163c9ce48265a2b
9602	35df71875ea9c5555dd078c67e75584f	fdd69878bfe3fc53c1df51cbc4991538	87f727259d63e0b76163c9ce48265a2b
9603	35df71875ea9c5555dd078c67e75584f	fdd69878bfe3fc53c1df51cbc4991538	87f727259d63e0b76163c9ce48265a2b
9604	35df71875ea9c5555dd078c67e75584f	fdd69878bfe3fc53c1df51cbc4991538	87f727259d63e0b76163c9ce48265a2b
9605	35df71875ea9c5555dd078c67e75584f	fdd69878bfe3fc53c1df51cbc4991538	87f727259d63e0b76163c9ce48265a2b
9606	e9f397f78b75830b9894965ac0208ead	042748f28259e85d37d0508894dedfc2	595d436ce7feb66996c7569fed3d0169
9607	e9f397f78b75830b9894965ac0208ead	042748f28259e85d37d0508894dedfc2	595d436ce7feb66996c7569fed3d0169
9608	e9f397f78b75830b9894965ac0208ead	042748f28259e85d37d0508894dedfc2	595d436ce7feb66996c7569fed3d0169
9609	e9f397f78b75830b9894965ac0208ead	042748f28259e85d37d0508894dedfc2	595d436ce7feb66996c7569fed3d0169
9610	e9f397f78b75830b9894965ac0208ead	042748f28259e85d37d0508894dedfc2	595d436ce7feb66996c7569fed3d0169
9611	971a8aac22ea6a7937379b59fa5446ee	21fb3528dd846d2f1d9ef760515fd22d	d9fb1f8fa0e2a8dbcb73a90019666892
9612	971a8aac22ea6a7937379b59fa5446ee	21fb3528dd846d2f1d9ef760515fd22d	d9fb1f8fa0e2a8dbcb73a90019666892
9613	971a8aac22ea6a7937379b59fa5446ee	21fb3528dd846d2f1d9ef760515fd22d	d9fb1f8fa0e2a8dbcb73a90019666892
9614	971a8aac22ea6a7937379b59fa5446ee	21fb3528dd846d2f1d9ef760515fd22d	d9fb1f8fa0e2a8dbcb73a90019666892
9615	971a8aac22ea6a7937379b59fa5446ee	21fb3528dd846d2f1d9ef760515fd22d	d9fb1f8fa0e2a8dbcb73a90019666892
9616	971a8aac22ea6a7937379b59fa5446ee	21fb3528dd846d2f1d9ef760515fd22d	d9fb1f8fa0e2a8dbcb73a90019666892
9617	971a8aac22ea6a7937379b59fa5446ee	21fb3528dd846d2f1d9ef760515fd22d	d9fb1f8fa0e2a8dbcb73a90019666892
9618	971a8aac22ea6a7937379b59fa5446ee	21fb3528dd846d2f1d9ef760515fd22d	d9fb1f8fa0e2a8dbcb73a90019666892
9619	971a8aac22ea6a7937379b59fa5446ee	21fb3528dd846d2f1d9ef760515fd22d	d9fb1f8fa0e2a8dbcb73a90019666892
9620	971a8aac22ea6a7937379b59fa5446ee	21fb3528dd846d2f1d9ef760515fd22d	d9fb1f8fa0e2a8dbcb73a90019666892
9621	971a8aac22ea6a7937379b59fa5446ee	21fb3528dd846d2f1d9ef760515fd22d	d9fb1f8fa0e2a8dbcb73a90019666892
9622	971a8aac22ea6a7937379b59fa5446ee	21fb3528dd846d2f1d9ef760515fd22d	d9fb1f8fa0e2a8dbcb73a90019666892
9623	971a8aac22ea6a7937379b59fa5446ee	21fb3528dd846d2f1d9ef760515fd22d	d9fb1f8fa0e2a8dbcb73a90019666892
9624	971a8aac22ea6a7937379b59fa5446ee	21fb3528dd846d2f1d9ef760515fd22d	d9fb1f8fa0e2a8dbcb73a90019666892
9625	971a8aac22ea6a7937379b59fa5446ee	21fb3528dd846d2f1d9ef760515fd22d	d9fb1f8fa0e2a8dbcb73a90019666892
9626	971a8aac22ea6a7937379b59fa5446ee	21fb3528dd846d2f1d9ef760515fd22d	d9fb1f8fa0e2a8dbcb73a90019666892
9627	971a8aac22ea6a7937379b59fa5446ee	21fb3528dd846d2f1d9ef760515fd22d	d9fb1f8fa0e2a8dbcb73a90019666892
9628	a707d2704a8a9facfbd4c48811a7d950	8a5e95595cb12d88c87f42030a50d893	bf804b1dc2fb4ce2f09fc915dcd98b4c
9629	a707d2704a8a9facfbd4c48811a7d950	8a5e95595cb12d88c87f42030a50d893	bf804b1dc2fb4ce2f09fc915dcd98b4c
9630	a707d2704a8a9facfbd4c48811a7d950	8a5e95595cb12d88c87f42030a50d893	bf804b1dc2fb4ce2f09fc915dcd98b4c
9631	a707d2704a8a9facfbd4c48811a7d950	8a5e95595cb12d88c87f42030a50d893	bf804b1dc2fb4ce2f09fc915dcd98b4c
9632	a707d2704a8a9facfbd4c48811a7d950	8a5e95595cb12d88c87f42030a50d893	bf804b1dc2fb4ce2f09fc915dcd98b4c
9633	a707d2704a8a9facfbd4c48811a7d950	8a5e95595cb12d88c87f42030a50d893	bf804b1dc2fb4ce2f09fc915dcd98b4c
9634	a707d2704a8a9facfbd4c48811a7d950	8a5e95595cb12d88c87f42030a50d893	bf804b1dc2fb4ce2f09fc915dcd98b4c
9635	5b811f52b8269a5dd579c4aebe73bd28	0b0a367a2ae0d9838bbd52d760a0f213	c1b2f4a3ae34962708138c5396b07da4
9636	5b811f52b8269a5dd579c4aebe73bd28	0b0a367a2ae0d9838bbd52d760a0f213	c1b2f4a3ae34962708138c5396b07da4
9637	5b811f52b8269a5dd579c4aebe73bd28	0b0a367a2ae0d9838bbd52d760a0f213	c1b2f4a3ae34962708138c5396b07da4
9638	5b811f52b8269a5dd579c4aebe73bd28	0b0a367a2ae0d9838bbd52d760a0f213	c1b2f4a3ae34962708138c5396b07da4
9639	5b811f52b8269a5dd579c4aebe73bd28	0b0a367a2ae0d9838bbd52d760a0f213	c1b2f4a3ae34962708138c5396b07da4
9640	80851401db5d104761fff010c3582252	bae444f657d56b61ae4097aee34a3ef1	36ea9e61aa3733636cfef743cbd596e2
9641	80851401db5d104761fff010c3582252	bae444f657d56b61ae4097aee34a3ef1	36ea9e61aa3733636cfef743cbd596e2
9642	80851401db5d104761fff010c3582252	bae444f657d56b61ae4097aee34a3ef1	36ea9e61aa3733636cfef743cbd596e2
9643	80851401db5d104761fff010c3582252	bae444f657d56b61ae4097aee34a3ef1	36ea9e61aa3733636cfef743cbd596e2
9644	80851401db5d104761fff010c3582252	bae444f657d56b61ae4097aee34a3ef1	36ea9e61aa3733636cfef743cbd596e2
9645	80851401db5d104761fff010c3582252	bae444f657d56b61ae4097aee34a3ef1	36ea9e61aa3733636cfef743cbd596e2
9646	80851401db5d104761fff010c3582252	bae444f657d56b61ae4097aee34a3ef1	36ea9e61aa3733636cfef743cbd596e2
9647	d6a5e10f695babbc320a6cfe6ae04a9d	0565296887e2b8701fd0f955da17442a	9a7ddc46067e60584dce0ae95a80af5d
9648	d6a5e10f695babbc320a6cfe6ae04a9d	0565296887e2b8701fd0f955da17442a	9a7ddc46067e60584dce0ae95a80af5d
9649	d6a5e10f695babbc320a6cfe6ae04a9d	0565296887e2b8701fd0f955da17442a	9a7ddc46067e60584dce0ae95a80af5d
9650	d6a5e10f695babbc320a6cfe6ae04a9d	0565296887e2b8701fd0f955da17442a	9a7ddc46067e60584dce0ae95a80af5d
9651	d6a5e10f695babbc320a6cfe6ae04a9d	0565296887e2b8701fd0f955da17442a	9a7ddc46067e60584dce0ae95a80af5d
9652	6a7c0f907e9a16fa30f99df172206b45	53a5f00d93facc4a190eafed8de3b452	24e522b8e243ded6ddaf24ac855f4105
9653	6a7c0f907e9a16fa30f99df172206b45	53a5f00d93facc4a190eafed8de3b452	24e522b8e243ded6ddaf24ac855f4105
9654	6a7c0f907e9a16fa30f99df172206b45	53a5f00d93facc4a190eafed8de3b452	24e522b8e243ded6ddaf24ac855f4105
9655	6a7c0f907e9a16fa30f99df172206b45	53a5f00d93facc4a190eafed8de3b452	24e522b8e243ded6ddaf24ac855f4105
9656	6a7c0f907e9a16fa30f99df172206b45	53a5f00d93facc4a190eafed8de3b452	24e522b8e243ded6ddaf24ac855f4105
9657	6a7c0f907e9a16fa30f99df172206b45	53a5f00d93facc4a190eafed8de3b452	24e522b8e243ded6ddaf24ac855f4105
9658	6a7c0f907e9a16fa30f99df172206b45	53a5f00d93facc4a190eafed8de3b452	24e522b8e243ded6ddaf24ac855f4105
9659	cb35c90e4ca307f35a0eba5135958406	2f2e86a5d3793addbe9b2f5b5e7833a5	74b58b3a7acbdc6b91a4612c15ac743e
9660	cb35c90e4ca307f35a0eba5135958406	2f2e86a5d3793addbe9b2f5b5e7833a5	74b58b3a7acbdc6b91a4612c15ac743e
9661	cb35c90e4ca307f35a0eba5135958406	2f2e86a5d3793addbe9b2f5b5e7833a5	74b58b3a7acbdc6b91a4612c15ac743e
9662	cb35c90e4ca307f35a0eba5135958406	2f2e86a5d3793addbe9b2f5b5e7833a5	74b58b3a7acbdc6b91a4612c15ac743e
9663	cb35c90e4ca307f35a0eba5135958406	2f2e86a5d3793addbe9b2f5b5e7833a5	74b58b3a7acbdc6b91a4612c15ac743e
9664	c34fe31c7988a8cbfdebdfab82a9d617	e03d2294d3b8f39d6f2f9618caf36150	548bc4c1ff120713f6f65b5b4def2fc7
9665	c34fe31c7988a8cbfdebdfab82a9d617	e03d2294d3b8f39d6f2f9618caf36150	548bc4c1ff120713f6f65b5b4def2fc7
9666	c34fe31c7988a8cbfdebdfab82a9d617	e03d2294d3b8f39d6f2f9618caf36150	548bc4c1ff120713f6f65b5b4def2fc7
9667	c34fe31c7988a8cbfdebdfab82a9d617	e03d2294d3b8f39d6f2f9618caf36150	548bc4c1ff120713f6f65b5b4def2fc7
9668	c34fe31c7988a8cbfdebdfab82a9d617	e03d2294d3b8f39d6f2f9618caf36150	548bc4c1ff120713f6f65b5b4def2fc7
9669	54fc41b432d0d5898f8c0ec82f308984	f1a152d3b4134e3f32e48970dba5c81f	a2284dc8e3a48f5ff7b6faf6105bd098
9670	54fc41b432d0d5898f8c0ec82f308984	f1a152d3b4134e3f32e48970dba5c81f	a2284dc8e3a48f5ff7b6faf6105bd098
9671	54fc41b432d0d5898f8c0ec82f308984	f1a152d3b4134e3f32e48970dba5c81f	a2284dc8e3a48f5ff7b6faf6105bd098
9672	6f0179accd8b6d56cc1b47d25ec5c0b8	c06d4129ea31c1de757e17f6a4bfb88b	6d7715de0721900e9dbbc31bdc72cfe0
9673	6f0179accd8b6d56cc1b47d25ec5c0b8	c06d4129ea31c1de757e17f6a4bfb88b	6d7715de0721900e9dbbc31bdc72cfe0
9674	51111f3a55375b4365ceccb7edc6ae36	fd3859e677e537ad2c58a4da3b85e895	86a815d9aee8f3a3be968ceb98bdaad6
9675	51111f3a55375b4365ceccb7edc6ae36	fd3859e677e537ad2c58a4da3b85e895	86a815d9aee8f3a3be968ceb98bdaad6
9676	87dc0dcbcbcb81ec1822f52bbd5ea6f1	d44a04452704aaa083b429131f4052fe	e4ba5163719644707d183e49baaa5849
9677	87dc0dcbcbcb81ec1822f52bbd5ea6f1	d44a04452704aaa083b429131f4052fe	e4ba5163719644707d183e49baaa5849
9678	87dc0dcbcbcb81ec1822f52bbd5ea6f1	d44a04452704aaa083b429131f4052fe	e4ba5163719644707d183e49baaa5849
9679	87dc0dcbcbcb81ec1822f52bbd5ea6f1	d44a04452704aaa083b429131f4052fe	e4ba5163719644707d183e49baaa5849
9680	87dc0dcbcbcb81ec1822f52bbd5ea6f1	d44a04452704aaa083b429131f4052fe	e4ba5163719644707d183e49baaa5849
9681	a6ba81498482a89fd44f7d8d100b52c0	8f26e63c3e8bcb397e5c141400c2940b	9114e43450492533669bdc70fe7db480
9682	a6ba81498482a89fd44f7d8d100b52c0	8f26e63c3e8bcb397e5c141400c2940b	9114e43450492533669bdc70fe7db480
9683	a6ba81498482a89fd44f7d8d100b52c0	8f26e63c3e8bcb397e5c141400c2940b	9114e43450492533669bdc70fe7db480
9684	a6ba81498482a89fd44f7d8d100b52c0	8f26e63c3e8bcb397e5c141400c2940b	9114e43450492533669bdc70fe7db480
9685	a6ba81498482a89fd44f7d8d100b52c0	8f26e63c3e8bcb397e5c141400c2940b	9114e43450492533669bdc70fe7db480
9686	a6ba81498482a89fd44f7d8d100b52c0	8f26e63c3e8bcb397e5c141400c2940b	9114e43450492533669bdc70fe7db480
9687	a6ba81498482a89fd44f7d8d100b52c0	8f26e63c3e8bcb397e5c141400c2940b	9114e43450492533669bdc70fe7db480
9688	10bfd7fe33f3eb44a3cc9c0674d377da	07095f2427ee9790a0e4e75fd3e4ed31	2d82aa44a3e3800081b1914ce904a03a
9689	10bfd7fe33f3eb44a3cc9c0674d377da	07095f2427ee9790a0e4e75fd3e4ed31	2d82aa44a3e3800081b1914ce904a03a
9690	10bfd7fe33f3eb44a3cc9c0674d377da	07095f2427ee9790a0e4e75fd3e4ed31	2d82aa44a3e3800081b1914ce904a03a
9691	10bfd7fe33f3eb44a3cc9c0674d377da	07095f2427ee9790a0e4e75fd3e4ed31	2d82aa44a3e3800081b1914ce904a03a
9692	10bfd7fe33f3eb44a3cc9c0674d377da	07095f2427ee9790a0e4e75fd3e4ed31	2d82aa44a3e3800081b1914ce904a03a
9693	10bfd7fe33f3eb44a3cc9c0674d377da	07095f2427ee9790a0e4e75fd3e4ed31	2d82aa44a3e3800081b1914ce904a03a
9694	10bfd7fe33f3eb44a3cc9c0674d377da	07095f2427ee9790a0e4e75fd3e4ed31	2d82aa44a3e3800081b1914ce904a03a
9695	10bfd7fe33f3eb44a3cc9c0674d377da	07095f2427ee9790a0e4e75fd3e4ed31	2d82aa44a3e3800081b1914ce904a03a
9696	10bfd7fe33f3eb44a3cc9c0674d377da	07095f2427ee9790a0e4e75fd3e4ed31	2d82aa44a3e3800081b1914ce904a03a
9697	10bfd7fe33f3eb44a3cc9c0674d377da	07095f2427ee9790a0e4e75fd3e4ed31	2d82aa44a3e3800081b1914ce904a03a
9698	9e0b5132e6a3ee8c4e6cb77c4848d8c0	15cd1daae356def80697e3e86a5410e3	53c878745b3ff846213be5f8c00d71bc
9699	9e0b5132e6a3ee8c4e6cb77c4848d8c0	15cd1daae356def80697e3e86a5410e3	53c878745b3ff846213be5f8c00d71bc
9700	9e0b5132e6a3ee8c4e6cb77c4848d8c0	15cd1daae356def80697e3e86a5410e3	53c878745b3ff846213be5f8c00d71bc
9701	9e0b5132e6a3ee8c4e6cb77c4848d8c0	15cd1daae356def80697e3e86a5410e3	53c878745b3ff846213be5f8c00d71bc
9702	9e0b5132e6a3ee8c4e6cb77c4848d8c0	15cd1daae356def80697e3e86a5410e3	53c878745b3ff846213be5f8c00d71bc
9703	9e0b5132e6a3ee8c4e6cb77c4848d8c0	15cd1daae356def80697e3e86a5410e3	53c878745b3ff846213be5f8c00d71bc
9704	9e0b5132e6a3ee8c4e6cb77c4848d8c0	15cd1daae356def80697e3e86a5410e3	53c878745b3ff846213be5f8c00d71bc
9705	3381866ea1115e114fb33c01fedbbbb5	bae94ddc0b9f94af942db39360b8a11a	28d54d68a59113cd9882a7e72d13062d
9706	3381866ea1115e114fb33c01fedbbbb5	bae94ddc0b9f94af942db39360b8a11a	28d54d68a59113cd9882a7e72d13062d
9707	3381866ea1115e114fb33c01fedbbbb5	bae94ddc0b9f94af942db39360b8a11a	28d54d68a59113cd9882a7e72d13062d
9708	6cbf787a6e53d1c10faba8cc7141de85	888726cd9644556f5cc27a3143abcd3a	09514df7f00eaeaf3c2aaf83d48d2bd1
9709	6cbf787a6e53d1c10faba8cc7141de85	888726cd9644556f5cc27a3143abcd3a	09514df7f00eaeaf3c2aaf83d48d2bd1
9710	5de69ff9e2989a7921470924c6acb3c2	042bbdb1b5da58bf674416c327c82901	0e5d2a78f2e8e591ed8035e2b1536daa
9711	5de69ff9e2989a7921470924c6acb3c2	042bbdb1b5da58bf674416c327c82901	0e5d2a78f2e8e591ed8035e2b1536daa
9712	5de69ff9e2989a7921470924c6acb3c2	042bbdb1b5da58bf674416c327c82901	0e5d2a78f2e8e591ed8035e2b1536daa
9713	5de69ff9e2989a7921470924c6acb3c2	042bbdb1b5da58bf674416c327c82901	0e5d2a78f2e8e591ed8035e2b1536daa
9714	5de69ff9e2989a7921470924c6acb3c2	042bbdb1b5da58bf674416c327c82901	0e5d2a78f2e8e591ed8035e2b1536daa
9715	5de69ff9e2989a7921470924c6acb3c2	042bbdb1b5da58bf674416c327c82901	0e5d2a78f2e8e591ed8035e2b1536daa
9716	5de69ff9e2989a7921470924c6acb3c2	042bbdb1b5da58bf674416c327c82901	0e5d2a78f2e8e591ed8035e2b1536daa
9717	b9f471bb5f09d81ff33c38837e4ec6b8	fa850b0c00f4ac09a4de079213d58f93	30570589d905a259ab48736e398b0324
9718	b9f471bb5f09d81ff33c38837e4ec6b8	fa850b0c00f4ac09a4de079213d58f93	30570589d905a259ab48736e398b0324
9719	b9f471bb5f09d81ff33c38837e4ec6b8	fa850b0c00f4ac09a4de079213d58f93	30570589d905a259ab48736e398b0324
9720	b9f471bb5f09d81ff33c38837e4ec6b8	fa850b0c00f4ac09a4de079213d58f93	30570589d905a259ab48736e398b0324
9721	b9f471bb5f09d81ff33c38837e4ec6b8	fa850b0c00f4ac09a4de079213d58f93	30570589d905a259ab48736e398b0324
9722	4a48e9d2250042d611c7135bb966dd48	57a90e7d30c4f88eb9c8b7dbebf12b1b	7deee6c667520474cf7b2f5d758d9a24
9723	4a48e9d2250042d611c7135bb966dd48	57a90e7d30c4f88eb9c8b7dbebf12b1b	7deee6c667520474cf7b2f5d758d9a24
9724	4a48e9d2250042d611c7135bb966dd48	57a90e7d30c4f88eb9c8b7dbebf12b1b	7deee6c667520474cf7b2f5d758d9a24
9725	4a48e9d2250042d611c7135bb966dd48	57a90e7d30c4f88eb9c8b7dbebf12b1b	7deee6c667520474cf7b2f5d758d9a24
9726	4a48e9d2250042d611c7135bb966dd48	57a90e7d30c4f88eb9c8b7dbebf12b1b	7deee6c667520474cf7b2f5d758d9a24
9727	4a48e9d2250042d611c7135bb966dd48	57a90e7d30c4f88eb9c8b7dbebf12b1b	7deee6c667520474cf7b2f5d758d9a24
9728	4a48e9d2250042d611c7135bb966dd48	57a90e7d30c4f88eb9c8b7dbebf12b1b	7deee6c667520474cf7b2f5d758d9a24
9729	4a48e9d2250042d611c7135bb966dd48	57a90e7d30c4f88eb9c8b7dbebf12b1b	7deee6c667520474cf7b2f5d758d9a24
9730	4a48e9d2250042d611c7135bb966dd48	57a90e7d30c4f88eb9c8b7dbebf12b1b	7deee6c667520474cf7b2f5d758d9a24
9731	4a48e9d2250042d611c7135bb966dd48	57a90e7d30c4f88eb9c8b7dbebf12b1b	7deee6c667520474cf7b2f5d758d9a24
9732	4a48e9d2250042d611c7135bb966dd48	57a90e7d30c4f88eb9c8b7dbebf12b1b	7deee6c667520474cf7b2f5d758d9a24
9733	4a48e9d2250042d611c7135bb966dd48	57a90e7d30c4f88eb9c8b7dbebf12b1b	7deee6c667520474cf7b2f5d758d9a24
9734	4a48e9d2250042d611c7135bb966dd48	57a90e7d30c4f88eb9c8b7dbebf12b1b	7deee6c667520474cf7b2f5d758d9a24
9735	4a48e9d2250042d611c7135bb966dd48	57a90e7d30c4f88eb9c8b7dbebf12b1b	7deee6c667520474cf7b2f5d758d9a24
9736	4a48e9d2250042d611c7135bb966dd48	57a90e7d30c4f88eb9c8b7dbebf12b1b	7deee6c667520474cf7b2f5d758d9a24
9737	4a48e9d2250042d611c7135bb966dd48	57a90e7d30c4f88eb9c8b7dbebf12b1b	7deee6c667520474cf7b2f5d758d9a24
9738	4a48e9d2250042d611c7135bb966dd48	57a90e7d30c4f88eb9c8b7dbebf12b1b	7deee6c667520474cf7b2f5d758d9a24
9739	8b1a650e8734445c3e6a18203246e3d8	dba4c147f88210c8c41e99ee0acd8feb	3d5e4ed231130aaa41209b859a92c8cc
9740	8b1a650e8734445c3e6a18203246e3d8	dba4c147f88210c8c41e99ee0acd8feb	3d5e4ed231130aaa41209b859a92c8cc
9741	8b1a650e8734445c3e6a18203246e3d8	dba4c147f88210c8c41e99ee0acd8feb	3d5e4ed231130aaa41209b859a92c8cc
9742	8b1a650e8734445c3e6a18203246e3d8	dba4c147f88210c8c41e99ee0acd8feb	3d5e4ed231130aaa41209b859a92c8cc
9743	8b1a650e8734445c3e6a18203246e3d8	dba4c147f88210c8c41e99ee0acd8feb	3d5e4ed231130aaa41209b859a92c8cc
9744	8b1a650e8734445c3e6a18203246e3d8	dba4c147f88210c8c41e99ee0acd8feb	3d5e4ed231130aaa41209b859a92c8cc
9745	8b1a650e8734445c3e6a18203246e3d8	dba4c147f88210c8c41e99ee0acd8feb	3d5e4ed231130aaa41209b859a92c8cc
9746	150b7bd7bf94ca94d57e4818f52864b6	df284114d0966580182fd1be37aab35d	60934ff2130d5f40efe13af64a9577be
9747	150b7bd7bf94ca94d57e4818f52864b6	df284114d0966580182fd1be37aab35d	60934ff2130d5f40efe13af64a9577be
9748	150b7bd7bf94ca94d57e4818f52864b6	df284114d0966580182fd1be37aab35d	60934ff2130d5f40efe13af64a9577be
9749	150b7bd7bf94ca94d57e4818f52864b6	df284114d0966580182fd1be37aab35d	60934ff2130d5f40efe13af64a9577be
9750	150b7bd7bf94ca94d57e4818f52864b6	df284114d0966580182fd1be37aab35d	60934ff2130d5f40efe13af64a9577be
9751	b424ba5c58828dc08c67e08022bbfd3e	306dd5173973cb6cf94bbf54849ac545	e79018a1c56554e060e482ef4c25f16e
9752	b424ba5c58828dc08c67e08022bbfd3e	306dd5173973cb6cf94bbf54849ac545	e79018a1c56554e060e482ef4c25f16e
9753	b424ba5c58828dc08c67e08022bbfd3e	306dd5173973cb6cf94bbf54849ac545	e79018a1c56554e060e482ef4c25f16e
9754	b424ba5c58828dc08c67e08022bbfd3e	306dd5173973cb6cf94bbf54849ac545	e79018a1c56554e060e482ef4c25f16e
9755	b424ba5c58828dc08c67e08022bbfd3e	306dd5173973cb6cf94bbf54849ac545	e79018a1c56554e060e482ef4c25f16e
9756	b424ba5c58828dc08c67e08022bbfd3e	306dd5173973cb6cf94bbf54849ac545	e79018a1c56554e060e482ef4c25f16e
9757	b424ba5c58828dc08c67e08022bbfd3e	306dd5173973cb6cf94bbf54849ac545	e79018a1c56554e060e482ef4c25f16e
9758	c6160a3530cb54b7b45d07c8ba5d78bf	59df1a2f9e385a191fd45b03c05e22d8	ad2def0e77f743216bdb2921c77dcf3b
9759	c6160a3530cb54b7b45d07c8ba5d78bf	59df1a2f9e385a191fd45b03c05e22d8	ad2def0e77f743216bdb2921c77dcf3b
9760	c6160a3530cb54b7b45d07c8ba5d78bf	59df1a2f9e385a191fd45b03c05e22d8	ad2def0e77f743216bdb2921c77dcf3b
9761	c6160a3530cb54b7b45d07c8ba5d78bf	59df1a2f9e385a191fd45b03c05e22d8	ad2def0e77f743216bdb2921c77dcf3b
9762	c6160a3530cb54b7b45d07c8ba5d78bf	59df1a2f9e385a191fd45b03c05e22d8	ad2def0e77f743216bdb2921c77dcf3b
9763	e9f29f497c64fb97353b0ffe9b3fdaf2	90ea125ecd69ebb125e57c7ef1ec0ef1	0a2dbbcd2cad5fb3e95767766586d742
9764	e9f29f497c64fb97353b0ffe9b3fdaf2	90ea125ecd69ebb125e57c7ef1ec0ef1	0a2dbbcd2cad5fb3e95767766586d742
9765	e9f29f497c64fb97353b0ffe9b3fdaf2	90ea125ecd69ebb125e57c7ef1ec0ef1	0a2dbbcd2cad5fb3e95767766586d742
9766	e9f29f497c64fb97353b0ffe9b3fdaf2	90ea125ecd69ebb125e57c7ef1ec0ef1	0a2dbbcd2cad5fb3e95767766586d742
9767	e9f29f497c64fb97353b0ffe9b3fdaf2	90ea125ecd69ebb125e57c7ef1ec0ef1	0a2dbbcd2cad5fb3e95767766586d742
9768	7186d0d2d41ecffd1389cc03d956ea54	a5805a634b1e98a30db6f5d5f778336f	53978455e166fb395cc02c2df533f54c
9769	7186d0d2d41ecffd1389cc03d956ea54	a5805a634b1e98a30db6f5d5f778336f	53978455e166fb395cc02c2df533f54c
9770	7186d0d2d41ecffd1389cc03d956ea54	a5805a634b1e98a30db6f5d5f778336f	53978455e166fb395cc02c2df533f54c
9771	7186d0d2d41ecffd1389cc03d956ea54	a5805a634b1e98a30db6f5d5f778336f	53978455e166fb395cc02c2df533f54c
9772	7186d0d2d41ecffd1389cc03d956ea54	a5805a634b1e98a30db6f5d5f778336f	53978455e166fb395cc02c2df533f54c
9773	7186d0d2d41ecffd1389cc03d956ea54	a5805a634b1e98a30db6f5d5f778336f	53978455e166fb395cc02c2df533f54c
9774	7186d0d2d41ecffd1389cc03d956ea54	a5805a634b1e98a30db6f5d5f778336f	53978455e166fb395cc02c2df533f54c
9775	6f92d299a65ad8c342bca628bfb07666	d19f2dff02586aed2e1a74e60cefd045	6a7d34cff89f854d921a152b32675ce2
9776	6f92d299a65ad8c342bca628bfb07666	d19f2dff02586aed2e1a74e60cefd045	6a7d34cff89f854d921a152b32675ce2
9777	6f92d299a65ad8c342bca628bfb07666	d19f2dff02586aed2e1a74e60cefd045	6a7d34cff89f854d921a152b32675ce2
9778	6f92d299a65ad8c342bca628bfb07666	d19f2dff02586aed2e1a74e60cefd045	6a7d34cff89f854d921a152b32675ce2
9779	6f92d299a65ad8c342bca628bfb07666	d19f2dff02586aed2e1a74e60cefd045	6a7d34cff89f854d921a152b32675ce2
9780	21448ce761b7e74f49d70f7eea2ca909	f0f26ea9be791c6168d660eac1acdd5e	830fad14e568bce7c14dafd8de3ea699
9781	21448ce761b7e74f49d70f7eea2ca909	f0f26ea9be791c6168d660eac1acdd5e	830fad14e568bce7c14dafd8de3ea699
9782	21448ce761b7e74f49d70f7eea2ca909	f0f26ea9be791c6168d660eac1acdd5e	830fad14e568bce7c14dafd8de3ea699
9783	21448ce761b7e74f49d70f7eea2ca909	f0f26ea9be791c6168d660eac1acdd5e	830fad14e568bce7c14dafd8de3ea699
9784	21448ce761b7e74f49d70f7eea2ca909	f0f26ea9be791c6168d660eac1acdd5e	830fad14e568bce7c14dafd8de3ea699
9785	21448ce761b7e74f49d70f7eea2ca909	f0f26ea9be791c6168d660eac1acdd5e	830fad14e568bce7c14dafd8de3ea699
9786	21448ce761b7e74f49d70f7eea2ca909	f0f26ea9be791c6168d660eac1acdd5e	830fad14e568bce7c14dafd8de3ea699
9787	369dbdb72baee2d259c35984f4922ff4	19c9cc43b42aff1a0bdb53416e869237	3e4adf241c7cf58465b0107a258e73a8
9788	369dbdb72baee2d259c35984f4922ff4	19c9cc43b42aff1a0bdb53416e869237	3e4adf241c7cf58465b0107a258e73a8
9789	369dbdb72baee2d259c35984f4922ff4	19c9cc43b42aff1a0bdb53416e869237	3e4adf241c7cf58465b0107a258e73a8
9790	369dbdb72baee2d259c35984f4922ff4	19c9cc43b42aff1a0bdb53416e869237	3e4adf241c7cf58465b0107a258e73a8
9791	369dbdb72baee2d259c35984f4922ff4	19c9cc43b42aff1a0bdb53416e869237	3e4adf241c7cf58465b0107a258e73a8
9792	a82151780a697e70ff68ee525afbff5b	b58d811101d9183400c4dfb001a3f2fc	d4d9a3d66b7154de5216b3e70a65c5df
9793	a82151780a697e70ff68ee525afbff5b	b58d811101d9183400c4dfb001a3f2fc	d4d9a3d66b7154de5216b3e70a65c5df
9794	a82151780a697e70ff68ee525afbff5b	b58d811101d9183400c4dfb001a3f2fc	d4d9a3d66b7154de5216b3e70a65c5df
9795	a82151780a697e70ff68ee525afbff5b	b58d811101d9183400c4dfb001a3f2fc	d4d9a3d66b7154de5216b3e70a65c5df
9796	a82151780a697e70ff68ee525afbff5b	b58d811101d9183400c4dfb001a3f2fc	d4d9a3d66b7154de5216b3e70a65c5df
9797	a82151780a697e70ff68ee525afbff5b	b58d811101d9183400c4dfb001a3f2fc	d4d9a3d66b7154de5216b3e70a65c5df
9798	a82151780a697e70ff68ee525afbff5b	b58d811101d9183400c4dfb001a3f2fc	d4d9a3d66b7154de5216b3e70a65c5df
9799	004aea6d86807de9f02e9c307a358165	0442ba2b9d102707683a9fa2e2ffd79a	006f8fa58e76a8dfc9b442d3db9b2fc9
9800	004aea6d86807de9f02e9c307a358165	0442ba2b9d102707683a9fa2e2ffd79a	006f8fa58e76a8dfc9b442d3db9b2fc9
9801	004aea6d86807de9f02e9c307a358165	0442ba2b9d102707683a9fa2e2ffd79a	006f8fa58e76a8dfc9b442d3db9b2fc9
9802	004aea6d86807de9f02e9c307a358165	0442ba2b9d102707683a9fa2e2ffd79a	006f8fa58e76a8dfc9b442d3db9b2fc9
9803	004aea6d86807de9f02e9c307a358165	0442ba2b9d102707683a9fa2e2ffd79a	006f8fa58e76a8dfc9b442d3db9b2fc9
9804	16a10d4cdc1cddc1bb3e075e969081f7	c3096c6b6fad20efdd03b6baeccca390	b22b58ab2394a6c78e41a84a156ed21b
9805	16a10d4cdc1cddc1bb3e075e969081f7	c3096c6b6fad20efdd03b6baeccca390	b22b58ab2394a6c78e41a84a156ed21b
9806	16a10d4cdc1cddc1bb3e075e969081f7	c3096c6b6fad20efdd03b6baeccca390	b22b58ab2394a6c78e41a84a156ed21b
9807	16a10d4cdc1cddc1bb3e075e969081f7	c3096c6b6fad20efdd03b6baeccca390	b22b58ab2394a6c78e41a84a156ed21b
9808	16a10d4cdc1cddc1bb3e075e969081f7	c3096c6b6fad20efdd03b6baeccca390	b22b58ab2394a6c78e41a84a156ed21b
9809	1bd65db19e2f3ab07015096a32d84bcd	e87570a3392958c4ac065ac340cd1d8a	790eae48eae75a5c99743067beeee615
9810	1bd65db19e2f3ab07015096a32d84bcd	e87570a3392958c4ac065ac340cd1d8a	790eae48eae75a5c99743067beeee615
9811	1bd65db19e2f3ab07015096a32d84bcd	e87570a3392958c4ac065ac340cd1d8a	790eae48eae75a5c99743067beeee615
9812	1bd65db19e2f3ab07015096a32d84bcd	e87570a3392958c4ac065ac340cd1d8a	790eae48eae75a5c99743067beeee615
9813	1bd65db19e2f3ab07015096a32d84bcd	e87570a3392958c4ac065ac340cd1d8a	790eae48eae75a5c99743067beeee615
9814	1bd65db19e2f3ab07015096a32d84bcd	e87570a3392958c4ac065ac340cd1d8a	790eae48eae75a5c99743067beeee615
9815	1bd65db19e2f3ab07015096a32d84bcd	e87570a3392958c4ac065ac340cd1d8a	790eae48eae75a5c99743067beeee615
9816	1bd65db19e2f3ab07015096a32d84bcd	e87570a3392958c4ac065ac340cd1d8a	790eae48eae75a5c99743067beeee615
9817	1bd65db19e2f3ab07015096a32d84bcd	e87570a3392958c4ac065ac340cd1d8a	790eae48eae75a5c99743067beeee615
9818	1bd65db19e2f3ab07015096a32d84bcd	e87570a3392958c4ac065ac340cd1d8a	790eae48eae75a5c99743067beeee615
9819	1bd65db19e2f3ab07015096a32d84bcd	e87570a3392958c4ac065ac340cd1d8a	790eae48eae75a5c99743067beeee615
9820	1bd65db19e2f3ab07015096a32d84bcd	e87570a3392958c4ac065ac340cd1d8a	790eae48eae75a5c99743067beeee615
9821	458f80e7cdd8091b6b9c4fe57469bb02	4e090e9df23ec0258bd1dd52217506f1	9962129b1bbd69915599d2027c93635e
9822	458f80e7cdd8091b6b9c4fe57469bb02	4e090e9df23ec0258bd1dd52217506f1	9962129b1bbd69915599d2027c93635e
9823	458f80e7cdd8091b6b9c4fe57469bb02	4e090e9df23ec0258bd1dd52217506f1	9962129b1bbd69915599d2027c93635e
9824	458f80e7cdd8091b6b9c4fe57469bb02	4e090e9df23ec0258bd1dd52217506f1	9962129b1bbd69915599d2027c93635e
9825	458f80e7cdd8091b6b9c4fe57469bb02	4e090e9df23ec0258bd1dd52217506f1	9962129b1bbd69915599d2027c93635e
9826	458f80e7cdd8091b6b9c4fe57469bb02	4e090e9df23ec0258bd1dd52217506f1	9962129b1bbd69915599d2027c93635e
9827	458f80e7cdd8091b6b9c4fe57469bb02	4e090e9df23ec0258bd1dd52217506f1	9962129b1bbd69915599d2027c93635e
9828	ba6151dbbd69ada0732e7ae9f8a738db	b51b6c2046cf7a548a2bcc7baa3db97c	b6c70d82e28c8d2cd5f3e168b1695013
9829	ba6151dbbd69ada0732e7ae9f8a738db	b51b6c2046cf7a548a2bcc7baa3db97c	b6c70d82e28c8d2cd5f3e168b1695013
9830	ba6151dbbd69ada0732e7ae9f8a738db	b51b6c2046cf7a548a2bcc7baa3db97c	b6c70d82e28c8d2cd5f3e168b1695013
9831	ba6151dbbd69ada0732e7ae9f8a738db	b51b6c2046cf7a548a2bcc7baa3db97c	b6c70d82e28c8d2cd5f3e168b1695013
9832	ba6151dbbd69ada0732e7ae9f8a738db	b51b6c2046cf7a548a2bcc7baa3db97c	b6c70d82e28c8d2cd5f3e168b1695013
9833	ba6151dbbd69ada0732e7ae9f8a738db	b51b6c2046cf7a548a2bcc7baa3db97c	b6c70d82e28c8d2cd5f3e168b1695013
9834	ba6151dbbd69ada0732e7ae9f8a738db	b51b6c2046cf7a548a2bcc7baa3db97c	b6c70d82e28c8d2cd5f3e168b1695013
9835	ba6151dbbd69ada0732e7ae9f8a738db	b51b6c2046cf7a548a2bcc7baa3db97c	b6c70d82e28c8d2cd5f3e168b1695013
9836	ba6151dbbd69ada0732e7ae9f8a738db	b51b6c2046cf7a548a2bcc7baa3db97c	b6c70d82e28c8d2cd5f3e168b1695013
9837	ba6151dbbd69ada0732e7ae9f8a738db	b51b6c2046cf7a548a2bcc7baa3db97c	b6c70d82e28c8d2cd5f3e168b1695013
9838	76e13806a3c91b84ed6d2fe3590e3acd	72f5da7d7ea4dd28ebec4c5ad24bbc1a	59f425bdf957ba02538c4af064af6c61
9839	76e13806a3c91b84ed6d2fe3590e3acd	72f5da7d7ea4dd28ebec4c5ad24bbc1a	59f425bdf957ba02538c4af064af6c61
9840	76e13806a3c91b84ed6d2fe3590e3acd	72f5da7d7ea4dd28ebec4c5ad24bbc1a	59f425bdf957ba02538c4af064af6c61
9841	76e13806a3c91b84ed6d2fe3590e3acd	72f5da7d7ea4dd28ebec4c5ad24bbc1a	59f425bdf957ba02538c4af064af6c61
9842	76e13806a3c91b84ed6d2fe3590e3acd	72f5da7d7ea4dd28ebec4c5ad24bbc1a	59f425bdf957ba02538c4af064af6c61
9843	76e13806a3c91b84ed6d2fe3590e3acd	72f5da7d7ea4dd28ebec4c5ad24bbc1a	59f425bdf957ba02538c4af064af6c61
9844	76e13806a3c91b84ed6d2fe3590e3acd	72f5da7d7ea4dd28ebec4c5ad24bbc1a	59f425bdf957ba02538c4af064af6c61
9845	08c6cc837db36879a8e7c1f36fdcf96f	2c086d084fbfcb27c150774ca13213d8	a6ea62111754c80f9d14cc949dd899b3
9846	08c6cc837db36879a8e7c1f36fdcf96f	2c086d084fbfcb27c150774ca13213d8	a6ea62111754c80f9d14cc949dd899b3
9847	08c6cc837db36879a8e7c1f36fdcf96f	2c086d084fbfcb27c150774ca13213d8	a6ea62111754c80f9d14cc949dd899b3
9848	08c6cc837db36879a8e7c1f36fdcf96f	2c086d084fbfcb27c150774ca13213d8	a6ea62111754c80f9d14cc949dd899b3
9849	08c6cc837db36879a8e7c1f36fdcf96f	2c086d084fbfcb27c150774ca13213d8	a6ea62111754c80f9d14cc949dd899b3
9850	d78e537cd37278c0a6aa377b3312f014	7081f6f0ae7a6f1cd07ce709fa774607	d46be9e57f224bf856d69f4feb9182fc
9851	d78e537cd37278c0a6aa377b3312f014	7081f6f0ae7a6f1cd07ce709fa774607	d46be9e57f224bf856d69f4feb9182fc
9852	d78e537cd37278c0a6aa377b3312f014	7081f6f0ae7a6f1cd07ce709fa774607	d46be9e57f224bf856d69f4feb9182fc
9853	d78e537cd37278c0a6aa377b3312f014	7081f6f0ae7a6f1cd07ce709fa774607	d46be9e57f224bf856d69f4feb9182fc
9854	d78e537cd37278c0a6aa377b3312f014	7081f6f0ae7a6f1cd07ce709fa774607	d46be9e57f224bf856d69f4feb9182fc
9855	d78e537cd37278c0a6aa377b3312f014	7081f6f0ae7a6f1cd07ce709fa774607	d46be9e57f224bf856d69f4feb9182fc
9856	d78e537cd37278c0a6aa377b3312f014	7081f6f0ae7a6f1cd07ce709fa774607	d46be9e57f224bf856d69f4feb9182fc
9857	d78e537cd37278c0a6aa377b3312f014	7081f6f0ae7a6f1cd07ce709fa774607	d46be9e57f224bf856d69f4feb9182fc
9858	d78e537cd37278c0a6aa377b3312f014	7081f6f0ae7a6f1cd07ce709fa774607	d46be9e57f224bf856d69f4feb9182fc
9859	d78e537cd37278c0a6aa377b3312f014	7081f6f0ae7a6f1cd07ce709fa774607	d46be9e57f224bf856d69f4feb9182fc
9860	d78e537cd37278c0a6aa377b3312f014	7081f6f0ae7a6f1cd07ce709fa774607	d46be9e57f224bf856d69f4feb9182fc
9861	d78e537cd37278c0a6aa377b3312f014	7081f6f0ae7a6f1cd07ce709fa774607	d46be9e57f224bf856d69f4feb9182fc
9862	d78e537cd37278c0a6aa377b3312f014	7081f6f0ae7a6f1cd07ce709fa774607	d46be9e57f224bf856d69f4feb9182fc
9863	d78e537cd37278c0a6aa377b3312f014	7081f6f0ae7a6f1cd07ce709fa774607	d46be9e57f224bf856d69f4feb9182fc
9864	d78e537cd37278c0a6aa377b3312f014	7081f6f0ae7a6f1cd07ce709fa774607	d46be9e57f224bf856d69f4feb9182fc
9865	d78e537cd37278c0a6aa377b3312f014	7081f6f0ae7a6f1cd07ce709fa774607	d46be9e57f224bf856d69f4feb9182fc
9866	d78e537cd37278c0a6aa377b3312f014	7081f6f0ae7a6f1cd07ce709fa774607	d46be9e57f224bf856d69f4feb9182fc
9867	68111ee87c8c9a4fb0e8ff7ef841d467	53bef97195bed961cdc7acc96254efb0	997532310473963b73c7197b551eb0bf
9868	68111ee87c8c9a4fb0e8ff7ef841d467	53bef97195bed961cdc7acc96254efb0	997532310473963b73c7197b551eb0bf
9869	68111ee87c8c9a4fb0e8ff7ef841d467	53bef97195bed961cdc7acc96254efb0	997532310473963b73c7197b551eb0bf
9870	bcdc0aa8b5264b1fe1b31bb1b2ad74f7	61a24166ef641ed1abadf47954d97a80	28ab82dd9d11996be1c709efbd2e6817
9871	68111ee87c8c9a4fb0e8ff7ef841d467	53bef97195bed961cdc7acc96254efb0	997532310473963b73c7197b551eb0bf
9872	c238e964d20c277556dd3c2cc06ad1a4	d0122624dda5141b620e9cb92f6b658f	cbf1fb46f987992b9088642c8971cab0
9873	c238e964d20c277556dd3c2cc06ad1a4	d0122624dda5141b620e9cb92f6b658f	cbf1fb46f987992b9088642c8971cab0
9874	35833381741413afa9b172364d6be79f	b608e7c856907d913cbd287915cf2588	8792dce15c7a994f736ec13dec3cfc57
9875	35833381741413afa9b172364d6be79f	b608e7c856907d913cbd287915cf2588	8792dce15c7a994f736ec13dec3cfc57
9876	35833381741413afa9b172364d6be79f	b608e7c856907d913cbd287915cf2588	8792dce15c7a994f736ec13dec3cfc57
9877	68111ee87c8c9a4fb0e8ff7ef841d467	53bef97195bed961cdc7acc96254efb0	997532310473963b73c7197b551eb0bf
9878	68111ee87c8c9a4fb0e8ff7ef841d467	53bef97195bed961cdc7acc96254efb0	997532310473963b73c7197b551eb0bf
9879	68111ee87c8c9a4fb0e8ff7ef841d467	53bef97195bed961cdc7acc96254efb0	997532310473963b73c7197b551eb0bf
9880	68111ee87c8c9a4fb0e8ff7ef841d467	53bef97195bed961cdc7acc96254efb0	997532310473963b73c7197b551eb0bf
9881	68111ee87c8c9a4fb0e8ff7ef841d467	53bef97195bed961cdc7acc96254efb0	997532310473963b73c7197b551eb0bf
9882	68111ee87c8c9a4fb0e8ff7ef841d467	53bef97195bed961cdc7acc96254efb0	997532310473963b73c7197b551eb0bf
9883	68111ee87c8c9a4fb0e8ff7ef841d467	53bef97195bed961cdc7acc96254efb0	997532310473963b73c7197b551eb0bf
9884	68111ee87c8c9a4fb0e8ff7ef841d467	53bef97195bed961cdc7acc96254efb0	997532310473963b73c7197b551eb0bf
9885	68111ee87c8c9a4fb0e8ff7ef841d467	53bef97195bed961cdc7acc96254efb0	997532310473963b73c7197b551eb0bf
9886	f71e240efb8fdd6da7c6b2ee46a21a31	9d5df25a01dc91cb8999639506a66df6	923449cf66979069cafb87a04d28a539
9887	f71e240efb8fdd6da7c6b2ee46a21a31	9d5df25a01dc91cb8999639506a66df6	923449cf66979069cafb87a04d28a539
9888	f71e240efb8fdd6da7c6b2ee46a21a31	9d5df25a01dc91cb8999639506a66df6	923449cf66979069cafb87a04d28a539
9889	68111ee87c8c9a4fb0e8ff7ef841d467	53bef97195bed961cdc7acc96254efb0	997532310473963b73c7197b551eb0bf
9890	68111ee87c8c9a4fb0e8ff7ef841d467	53bef97195bed961cdc7acc96254efb0	997532310473963b73c7197b551eb0bf
9891	536101fd80d7426925152a569a01b49e	fdb49c3ffa3d634fafde2be6816e985d	1eab7d0f6c12ea8d88bdde76d895cd7e
9892	536101fd80d7426925152a569a01b49e	fdb49c3ffa3d634fafde2be6816e985d	1eab7d0f6c12ea8d88bdde76d895cd7e
9893	536101fd80d7426925152a569a01b49e	fdb49c3ffa3d634fafde2be6816e985d	1eab7d0f6c12ea8d88bdde76d895cd7e
9894	536101fd80d7426925152a569a01b49e	fdb49c3ffa3d634fafde2be6816e985d	1eab7d0f6c12ea8d88bdde76d895cd7e
9895	536101fd80d7426925152a569a01b49e	fdb49c3ffa3d634fafde2be6816e985d	1eab7d0f6c12ea8d88bdde76d895cd7e
9896	536101fd80d7426925152a569a01b49e	fdb49c3ffa3d634fafde2be6816e985d	1eab7d0f6c12ea8d88bdde76d895cd7e
9897	536101fd80d7426925152a569a01b49e	fdb49c3ffa3d634fafde2be6816e985d	1eab7d0f6c12ea8d88bdde76d895cd7e
9898	536101fd80d7426925152a569a01b49e	fdb49c3ffa3d634fafde2be6816e985d	1eab7d0f6c12ea8d88bdde76d895cd7e
9899	536101fd80d7426925152a569a01b49e	fdb49c3ffa3d634fafde2be6816e985d	1eab7d0f6c12ea8d88bdde76d895cd7e
9900	536101fd80d7426925152a569a01b49e	fdb49c3ffa3d634fafde2be6816e985d	1eab7d0f6c12ea8d88bdde76d895cd7e
9901	536101fd80d7426925152a569a01b49e	fdb49c3ffa3d634fafde2be6816e985d	1eab7d0f6c12ea8d88bdde76d895cd7e
9902	536101fd80d7426925152a569a01b49e	fdb49c3ffa3d634fafde2be6816e985d	1eab7d0f6c12ea8d88bdde76d895cd7e
9903	536101fd80d7426925152a569a01b49e	fdb49c3ffa3d634fafde2be6816e985d	1eab7d0f6c12ea8d88bdde76d895cd7e
9904	536101fd80d7426925152a569a01b49e	fdb49c3ffa3d634fafde2be6816e985d	1eab7d0f6c12ea8d88bdde76d895cd7e
9905	536101fd80d7426925152a569a01b49e	fdb49c3ffa3d634fafde2be6816e985d	1eab7d0f6c12ea8d88bdde76d895cd7e
9906	536101fd80d7426925152a569a01b49e	fdb49c3ffa3d634fafde2be6816e985d	1eab7d0f6c12ea8d88bdde76d895cd7e
9907	536101fd80d7426925152a569a01b49e	fdb49c3ffa3d634fafde2be6816e985d	1eab7d0f6c12ea8d88bdde76d895cd7e
9908	ee9d46ae4ee4f3404708c749b6b449b3	231b5d77ac6637d4c862cfef0e47b1b4	60ccb111102644963fb33b232c541dff
9909	ee9d46ae4ee4f3404708c749b6b449b3	231b5d77ac6637d4c862cfef0e47b1b4	60ccb111102644963fb33b232c541dff
9910	ee9d46ae4ee4f3404708c749b6b449b3	231b5d77ac6637d4c862cfef0e47b1b4	60ccb111102644963fb33b232c541dff
9911	ee9d46ae4ee4f3404708c749b6b449b3	231b5d77ac6637d4c862cfef0e47b1b4	60ccb111102644963fb33b232c541dff
9912	ee9d46ae4ee4f3404708c749b6b449b3	231b5d77ac6637d4c862cfef0e47b1b4	60ccb111102644963fb33b232c541dff
9913	ee9d46ae4ee4f3404708c749b6b449b3	231b5d77ac6637d4c862cfef0e47b1b4	60ccb111102644963fb33b232c541dff
9914	ee9d46ae4ee4f3404708c749b6b449b3	231b5d77ac6637d4c862cfef0e47b1b4	60ccb111102644963fb33b232c541dff
9915	ee9d46ae4ee4f3404708c749b6b449b3	231b5d77ac6637d4c862cfef0e47b1b4	60ccb111102644963fb33b232c541dff
9916	ee9d46ae4ee4f3404708c749b6b449b3	231b5d77ac6637d4c862cfef0e47b1b4	60ccb111102644963fb33b232c541dff
9917	ee9d46ae4ee4f3404708c749b6b449b3	231b5d77ac6637d4c862cfef0e47b1b4	60ccb111102644963fb33b232c541dff
9918	ee9d46ae4ee4f3404708c749b6b449b3	231b5d77ac6637d4c862cfef0e47b1b4	60ccb111102644963fb33b232c541dff
9919	ee9d46ae4ee4f3404708c749b6b449b3	231b5d77ac6637d4c862cfef0e47b1b4	60ccb111102644963fb33b232c541dff
9920	b69163c26992c1edc04ad9c5c9eec3df	c127bdf02972c95bbfb045db9b5d35f8	a8e789bb7810ece3c1f6a1310cd7ad53
9921	b69163c26992c1edc04ad9c5c9eec3df	c127bdf02972c95bbfb045db9b5d35f8	a8e789bb7810ece3c1f6a1310cd7ad53
9922	b69163c26992c1edc04ad9c5c9eec3df	c127bdf02972c95bbfb045db9b5d35f8	a8e789bb7810ece3c1f6a1310cd7ad53
9923	c125e2441c8b96b55dbc8c9c237d6c8a	8a5727f78cfadc8b12e98759cef63639	86c1ccb3103cf98d8440724387a6cc62
9924	c125e2441c8b96b55dbc8c9c237d6c8a	8a5727f78cfadc8b12e98759cef63639	86c1ccb3103cf98d8440724387a6cc62
9925	b69163c26992c1edc04ad9c5c9eec3df	c127bdf02972c95bbfb045db9b5d35f8	a8e789bb7810ece3c1f6a1310cd7ad53
9926	b69163c26992c1edc04ad9c5c9eec3df	c127bdf02972c95bbfb045db9b5d35f8	a8e789bb7810ece3c1f6a1310cd7ad53
9927	fcc362e5a5a2c2e32b706092b8af7c8e	38284a7c5c25837d617d92618606252d	87d9d83c1745cae7cd96872fc0afd7de
9928	fcd2b3a2cac5e5504f8bfead00d7cb8a	d162b071a5a2ae8cca3a78b544bd6641	3a9a8c1dffb357c816b82ea00e8bdbda
9929	fcd2b3a2cac5e5504f8bfead00d7cb8a	d162b071a5a2ae8cca3a78b544bd6641	3a9a8c1dffb357c816b82ea00e8bdbda
9930	fcd2b3a2cac5e5504f8bfead00d7cb8a	d162b071a5a2ae8cca3a78b544bd6641	3a9a8c1dffb357c816b82ea00e8bdbda
9931	fcd2b3a2cac5e5504f8bfead00d7cb8a	d162b071a5a2ae8cca3a78b544bd6641	3a9a8c1dffb357c816b82ea00e8bdbda
9932	dd9bcd14ca5f79b926a4d718db3f8bce	abfb2e4d9af3b5bf767c655999c8cadd	476b0204db457db7081ad264ded7aaba
9933	dd9bcd14ca5f79b926a4d718db3f8bce	abfb2e4d9af3b5bf767c655999c8cadd	476b0204db457db7081ad264ded7aaba
9934	dd9bcd14ca5f79b926a4d718db3f8bce	abfb2e4d9af3b5bf767c655999c8cadd	476b0204db457db7081ad264ded7aaba
9935	dd9bcd14ca5f79b926a4d718db3f8bce	abfb2e4d9af3b5bf767c655999c8cadd	476b0204db457db7081ad264ded7aaba
9936	dd9bcd14ca5f79b926a4d718db3f8bce	abfb2e4d9af3b5bf767c655999c8cadd	476b0204db457db7081ad264ded7aaba
9937	ae59dbbec0efc8b80e38ae5f81e96278	eb06aa33ee802174afdde92dfb74c01b	cbe170d6e788fa4a7e871b09de1da81c
9938	ae59dbbec0efc8b80e38ae5f81e96278	eb06aa33ee802174afdde92dfb74c01b	cbe170d6e788fa4a7e871b09de1da81c
9939	ae59dbbec0efc8b80e38ae5f81e96278	eb06aa33ee802174afdde92dfb74c01b	cbe170d6e788fa4a7e871b09de1da81c
9940	7667d8a96d24292556a292bbf2839071	ba550e1499a2c8b395918433088e01b6	751a666b0a4c67871773c6331923260d
9941	7667d8a96d24292556a292bbf2839071	ba550e1499a2c8b395918433088e01b6	751a666b0a4c67871773c6331923260d
9942	7667d8a96d24292556a292bbf2839071	ba550e1499a2c8b395918433088e01b6	751a666b0a4c67871773c6331923260d
9943	7667d8a96d24292556a292bbf2839071	ba550e1499a2c8b395918433088e01b6	751a666b0a4c67871773c6331923260d
9944	7c85891095393582ba9540698d412f93	b2e4883ec7af7652a34d55187ad47b04	a0a9268dfc211b007bfe453fdb1d3acf
9945	7c85891095393582ba9540698d412f93	b2e4883ec7af7652a34d55187ad47b04	a0a9268dfc211b007bfe453fdb1d3acf
9946	7c85891095393582ba9540698d412f93	b2e4883ec7af7652a34d55187ad47b04	a0a9268dfc211b007bfe453fdb1d3acf
9947	c83c59a2288bbbfd4c49bfb875bfccf5	1c1569f506d3917bdce9e85f9a66022a	2da17d2b90711989e332e678e6335b15
9948	7c85891095393582ba9540698d412f93	b2e4883ec7af7652a34d55187ad47b04	a0a9268dfc211b007bfe453fdb1d3acf
9949	7a5dd7ed4eeda62e092c3ee19e1c7652	5d4d2d61472783b62e173c0245677c59	840c27c79c47e910d076241ef706dcce
9950	7a5dd7ed4eeda62e092c3ee19e1c7652	5d4d2d61472783b62e173c0245677c59	840c27c79c47e910d076241ef706dcce
9951	7a5dd7ed4eeda62e092c3ee19e1c7652	5d4d2d61472783b62e173c0245677c59	840c27c79c47e910d076241ef706dcce
9952	7a5dd7ed4eeda62e092c3ee19e1c7652	5d4d2d61472783b62e173c0245677c59	840c27c79c47e910d076241ef706dcce
9953	7a5dd7ed4eeda62e092c3ee19e1c7652	5d4d2d61472783b62e173c0245677c59	840c27c79c47e910d076241ef706dcce
9954	7a5dd7ed4eeda62e092c3ee19e1c7652	5d4d2d61472783b62e173c0245677c59	840c27c79c47e910d076241ef706dcce
9955	7a5dd7ed4eeda62e092c3ee19e1c7652	5d4d2d61472783b62e173c0245677c59	840c27c79c47e910d076241ef706dcce
9956	719b5f4279b401988d8db5d1050c858f	6f73d37c66520b0c5b96965aced2a110	c4a19e20ba74db422b1d8d3738d190d3
9957	719b5f4279b401988d8db5d1050c858f	6f73d37c66520b0c5b96965aced2a110	c4a19e20ba74db422b1d8d3738d190d3
9958	719b5f4279b401988d8db5d1050c858f	6f73d37c66520b0c5b96965aced2a110	c4a19e20ba74db422b1d8d3738d190d3
9959	719b5f4279b401988d8db5d1050c858f	6f73d37c66520b0c5b96965aced2a110	c4a19e20ba74db422b1d8d3738d190d3
9960	719b5f4279b401988d8db5d1050c858f	6f73d37c66520b0c5b96965aced2a110	c4a19e20ba74db422b1d8d3738d190d3
9961	cb16a2d4ee02602d306a0aeef3f47694	4391377f2c2ae9c3431befa9a2dcd8ff	afa8eebf01e61b494758694a895c392c
9962	cb16a2d4ee02602d306a0aeef3f47694	4391377f2c2ae9c3431befa9a2dcd8ff	afa8eebf01e61b494758694a895c392c
9963	cb16a2d4ee02602d306a0aeef3f47694	4391377f2c2ae9c3431befa9a2dcd8ff	afa8eebf01e61b494758694a895c392c
9964	cb16a2d4ee02602d306a0aeef3f47694	4391377f2c2ae9c3431befa9a2dcd8ff	afa8eebf01e61b494758694a895c392c
9965	cb16a2d4ee02602d306a0aeef3f47694	4391377f2c2ae9c3431befa9a2dcd8ff	afa8eebf01e61b494758694a895c392c
9966	cb16a2d4ee02602d306a0aeef3f47694	4391377f2c2ae9c3431befa9a2dcd8ff	afa8eebf01e61b494758694a895c392c
9967	cb16a2d4ee02602d306a0aeef3f47694	4391377f2c2ae9c3431befa9a2dcd8ff	afa8eebf01e61b494758694a895c392c
9968	34078cf9545636d7df07426503184460	c546ceeb3d8514f1d362658c85cd44fb	c2ab0e5b3165551168803ce276bd275c
9969	34078cf9545636d7df07426503184460	c546ceeb3d8514f1d362658c85cd44fb	c2ab0e5b3165551168803ce276bd275c
9970	34078cf9545636d7df07426503184460	c546ceeb3d8514f1d362658c85cd44fb	c2ab0e5b3165551168803ce276bd275c
9971	34078cf9545636d7df07426503184460	c546ceeb3d8514f1d362658c85cd44fb	c2ab0e5b3165551168803ce276bd275c
9972	34078cf9545636d7df07426503184460	c546ceeb3d8514f1d362658c85cd44fb	c2ab0e5b3165551168803ce276bd275c
9973	12b8aba56a3841b1e417826fe22db31d	4a46a98c7b5f352f675be2b59fefd972	2625110faa63433fd9f262410c316a81
9974	12b8aba56a3841b1e417826fe22db31d	4a46a98c7b5f352f675be2b59fefd972	2625110faa63433fd9f262410c316a81
9975	12b8aba56a3841b1e417826fe22db31d	4a46a98c7b5f352f675be2b59fefd972	2625110faa63433fd9f262410c316a81
9976	12b8aba56a3841b1e417826fe22db31d	4a46a98c7b5f352f675be2b59fefd972	2625110faa63433fd9f262410c316a81
9977	12b8aba56a3841b1e417826fe22db31d	4a46a98c7b5f352f675be2b59fefd972	2625110faa63433fd9f262410c316a81
9978	e4529a71a624d3a19b1462b73d13ea3f	487781a5de1212af2bfce63843c1f688	f1a96590d4f7bcb52b44322a06198e77
9979	e4529a71a624d3a19b1462b73d13ea3f	487781a5de1212af2bfce63843c1f688	f1a96590d4f7bcb52b44322a06198e77
9980	e4529a71a624d3a19b1462b73d13ea3f	487781a5de1212af2bfce63843c1f688	f1a96590d4f7bcb52b44322a06198e77
9981	caa3d98142689fbb9e05cedfa5344a6e	ef8926a8767c5305876d96784e20e4ed	1dbfc970c80899178d1e77fa4c0e235e
9982	caa3d98142689fbb9e05cedfa5344a6e	ef8926a8767c5305876d96784e20e4ed	1dbfc970c80899178d1e77fa4c0e235e
9983	046f12117e2fc7d487a8c27ee4fe76e2	15fec155baa8b4c0c0352b815f544579	6deebbe17196585cdc62274b127a1682
9984	046f12117e2fc7d487a8c27ee4fe76e2	15fec155baa8b4c0c0352b815f544579	6deebbe17196585cdc62274b127a1682
9985	097263a25a6ff57c368d6b003606d495	6c4962c90b8dc96098815718aba47502	14c3590c8137b67edb0698834cd62b09
9986	097263a25a6ff57c368d6b003606d495	6c4962c90b8dc96098815718aba47502	14c3590c8137b67edb0698834cd62b09
9987	097263a25a6ff57c368d6b003606d495	6c4962c90b8dc96098815718aba47502	14c3590c8137b67edb0698834cd62b09
9988	097263a25a6ff57c368d6b003606d495	6c4962c90b8dc96098815718aba47502	14c3590c8137b67edb0698834cd62b09
9989	097263a25a6ff57c368d6b003606d495	6c4962c90b8dc96098815718aba47502	14c3590c8137b67edb0698834cd62b09
9990	5b4a08a19684e453f17dfb2420ecd866	567fd9decf385cbdda8eb92d4b163b25	4e27eb0934d63985ec7f9ed8fb115dea
9991	5b4a08a19684e453f17dfb2420ecd866	567fd9decf385cbdda8eb92d4b163b25	4e27eb0934d63985ec7f9ed8fb115dea
9992	5b4a08a19684e453f17dfb2420ecd866	567fd9decf385cbdda8eb92d4b163b25	4e27eb0934d63985ec7f9ed8fb115dea
9993	5b4a08a19684e453f17dfb2420ecd866	567fd9decf385cbdda8eb92d4b163b25	4e27eb0934d63985ec7f9ed8fb115dea
9994	5b4a08a19684e453f17dfb2420ecd866	567fd9decf385cbdda8eb92d4b163b25	4e27eb0934d63985ec7f9ed8fb115dea
9995	5b4a08a19684e453f17dfb2420ecd866	567fd9decf385cbdda8eb92d4b163b25	4e27eb0934d63985ec7f9ed8fb115dea
9996	5b4a08a19684e453f17dfb2420ecd866	567fd9decf385cbdda8eb92d4b163b25	4e27eb0934d63985ec7f9ed8fb115dea
9997	52be060316ddfb2f3fc3aef463bcb538	2ac584c44208c7a92890b0aa5ff26553	b160adc0a9a5f62fe1308c8f2b9bf880
9998	52be060316ddfb2f3fc3aef463bcb538	2ac584c44208c7a92890b0aa5ff26553	b160adc0a9a5f62fe1308c8f2b9bf880
9999	52be060316ddfb2f3fc3aef463bcb538	2ac584c44208c7a92890b0aa5ff26553	b160adc0a9a5f62fe1308c8f2b9bf880
10000	52be060316ddfb2f3fc3aef463bcb538	2ac584c44208c7a92890b0aa5ff26553	b160adc0a9a5f62fe1308c8f2b9bf880
10001	52be060316ddfb2f3fc3aef463bcb538	2ac584c44208c7a92890b0aa5ff26553	b160adc0a9a5f62fe1308c8f2b9bf880
10002	52be060316ddfb2f3fc3aef463bcb538	2ac584c44208c7a92890b0aa5ff26553	b160adc0a9a5f62fe1308c8f2b9bf880
10003	52be060316ddfb2f3fc3aef463bcb538	2ac584c44208c7a92890b0aa5ff26553	b160adc0a9a5f62fe1308c8f2b9bf880
10004	52be060316ddfb2f3fc3aef463bcb538	2ac584c44208c7a92890b0aa5ff26553	b160adc0a9a5f62fe1308c8f2b9bf880
10005	52be060316ddfb2f3fc3aef463bcb538	2ac584c44208c7a92890b0aa5ff26553	b160adc0a9a5f62fe1308c8f2b9bf880
10006	52be060316ddfb2f3fc3aef463bcb538	2ac584c44208c7a92890b0aa5ff26553	b160adc0a9a5f62fe1308c8f2b9bf880
10007	1d15dd300acfcb6d81069f961fdd2c94	6328a3fdf39f3643ff9eb1dcb10d7e8f	ee455e3e13414abd7e032885241096e4
10008	1d15dd300acfcb6d81069f961fdd2c94	6328a3fdf39f3643ff9eb1dcb10d7e8f	ee455e3e13414abd7e032885241096e4
10009	1d15dd300acfcb6d81069f961fdd2c94	6328a3fdf39f3643ff9eb1dcb10d7e8f	ee455e3e13414abd7e032885241096e4
10010	1d15dd300acfcb6d81069f961fdd2c94	6328a3fdf39f3643ff9eb1dcb10d7e8f	ee455e3e13414abd7e032885241096e4
10011	1d15dd300acfcb6d81069f961fdd2c94	6328a3fdf39f3643ff9eb1dcb10d7e8f	ee455e3e13414abd7e032885241096e4
10012	1d15dd300acfcb6d81069f961fdd2c94	6328a3fdf39f3643ff9eb1dcb10d7e8f	ee455e3e13414abd7e032885241096e4
10013	1d15dd300acfcb6d81069f961fdd2c94	6328a3fdf39f3643ff9eb1dcb10d7e8f	ee455e3e13414abd7e032885241096e4
10014	e2d1b54388012140c45d1a1fb4af6299	ecd738fbcfba24a4971616c523040aa6	47336f347ce073dcf0ff972269209701
10015	e2d1b54388012140c45d1a1fb4af6299	ecd738fbcfba24a4971616c523040aa6	47336f347ce073dcf0ff972269209701
10016	e2d1b54388012140c45d1a1fb4af6299	ecd738fbcfba24a4971616c523040aa6	47336f347ce073dcf0ff972269209701
10017	e2d1b54388012140c45d1a1fb4af6299	ecd738fbcfba24a4971616c523040aa6	47336f347ce073dcf0ff972269209701
10018	e2d1b54388012140c45d1a1fb4af6299	ecd738fbcfba24a4971616c523040aa6	47336f347ce073dcf0ff972269209701
10019	39dcbeae7b3ed0bb229d878ca11a1823	e3bc0b4e95fde2cda51397dcc91c9b8c	eb479b6e082295390d79021b992f6e07
10020	39dcbeae7b3ed0bb229d878ca11a1823	e3bc0b4e95fde2cda51397dcc91c9b8c	eb479b6e082295390d79021b992f6e07
10021	39dcbeae7b3ed0bb229d878ca11a1823	e3bc0b4e95fde2cda51397dcc91c9b8c	eb479b6e082295390d79021b992f6e07
10022	39dcbeae7b3ed0bb229d878ca11a1823	e3bc0b4e95fde2cda51397dcc91c9b8c	eb479b6e082295390d79021b992f6e07
10023	39dcbeae7b3ed0bb229d878ca11a1823	e3bc0b4e95fde2cda51397dcc91c9b8c	eb479b6e082295390d79021b992f6e07
10024	39dcbeae7b3ed0bb229d878ca11a1823	e3bc0b4e95fde2cda51397dcc91c9b8c	eb479b6e082295390d79021b992f6e07
10025	39dcbeae7b3ed0bb229d878ca11a1823	e3bc0b4e95fde2cda51397dcc91c9b8c	eb479b6e082295390d79021b992f6e07
10026	39dcbeae7b3ed0bb229d878ca11a1823	e3bc0b4e95fde2cda51397dcc91c9b8c	eb479b6e082295390d79021b992f6e07
10027	39dcbeae7b3ed0bb229d878ca11a1823	e3bc0b4e95fde2cda51397dcc91c9b8c	eb479b6e082295390d79021b992f6e07
10028	39dcbeae7b3ed0bb229d878ca11a1823	e3bc0b4e95fde2cda51397dcc91c9b8c	eb479b6e082295390d79021b992f6e07
10029	39dcbeae7b3ed0bb229d878ca11a1823	e3bc0b4e95fde2cda51397dcc91c9b8c	eb479b6e082295390d79021b992f6e07
10030	39dcbeae7b3ed0bb229d878ca11a1823	e3bc0b4e95fde2cda51397dcc91c9b8c	eb479b6e082295390d79021b992f6e07
10031	39dcbeae7b3ed0bb229d878ca11a1823	e3bc0b4e95fde2cda51397dcc91c9b8c	eb479b6e082295390d79021b992f6e07
10032	39dcbeae7b3ed0bb229d878ca11a1823	e3bc0b4e95fde2cda51397dcc91c9b8c	eb479b6e082295390d79021b992f6e07
10033	39dcbeae7b3ed0bb229d878ca11a1823	e3bc0b4e95fde2cda51397dcc91c9b8c	eb479b6e082295390d79021b992f6e07
10034	39dcbeae7b3ed0bb229d878ca11a1823	e3bc0b4e95fde2cda51397dcc91c9b8c	eb479b6e082295390d79021b992f6e07
10035	39dcbeae7b3ed0bb229d878ca11a1823	e3bc0b4e95fde2cda51397dcc91c9b8c	eb479b6e082295390d79021b992f6e07
10036	0bd1c44f0545a1df944847145dbd3aae	2c020b8df70b9ae915845877069b1ebd	5aa2f73afe34154f28bbc0c0d5000646
10037	0bd1c44f0545a1df944847145dbd3aae	2c020b8df70b9ae915845877069b1ebd	5aa2f73afe34154f28bbc0c0d5000646
10038	0bd1c44f0545a1df944847145dbd3aae	2c020b8df70b9ae915845877069b1ebd	5aa2f73afe34154f28bbc0c0d5000646
10039	0bd1c44f0545a1df944847145dbd3aae	2c020b8df70b9ae915845877069b1ebd	5aa2f73afe34154f28bbc0c0d5000646
10040	0bd1c44f0545a1df944847145dbd3aae	2c020b8df70b9ae915845877069b1ebd	5aa2f73afe34154f28bbc0c0d5000646
10041	0bd1c44f0545a1df944847145dbd3aae	2c020b8df70b9ae915845877069b1ebd	5aa2f73afe34154f28bbc0c0d5000646
10042	0bd1c44f0545a1df944847145dbd3aae	2c020b8df70b9ae915845877069b1ebd	5aa2f73afe34154f28bbc0c0d5000646
10043	8ec44801471f6ab82814b69a31b8227c	5ab5b59f4f5ee2744d5262afcd94f17f	c8357512f9042a8486d4f0a2971b2224
10044	8ec44801471f6ab82814b69a31b8227c	5ab5b59f4f5ee2744d5262afcd94f17f	c8357512f9042a8486d4f0a2971b2224
10045	8ec44801471f6ab82814b69a31b8227c	5ab5b59f4f5ee2744d5262afcd94f17f	c8357512f9042a8486d4f0a2971b2224
10046	19b5ba955e6425094acd8e2e0b2e212c	c1ed1782a3fe3cbf9cab5d4746f45cd7	3a3c464a5ee547bdb685566ecbd041fc
10047	19b5ba955e6425094acd8e2e0b2e212c	c1ed1782a3fe3cbf9cab5d4746f45cd7	3a3c464a5ee547bdb685566ecbd041fc
10048	665380815c41ec7ce33d4e0195406f11	8eeeeb18f79aab7059713996e1f3b0be	93618ad03aab704ad702c078db3f5175
10049	665380815c41ec7ce33d4e0195406f11	8eeeeb18f79aab7059713996e1f3b0be	93618ad03aab704ad702c078db3f5175
10050	665380815c41ec7ce33d4e0195406f11	8eeeeb18f79aab7059713996e1f3b0be	93618ad03aab704ad702c078db3f5175
10051	95b89652117a12a0b479fa86b1a6b225	0f9655aae33bebc4cc2b33f01d173d92	fea08d771394e9c8943db5a94e271715
10052	95b89652117a12a0b479fa86b1a6b225	0f9655aae33bebc4cc2b33f01d173d92	fea08d771394e9c8943db5a94e271715
10053	95b89652117a12a0b479fa86b1a6b225	0f9655aae33bebc4cc2b33f01d173d92	fea08d771394e9c8943db5a94e271715
10054	95b89652117a12a0b479fa86b1a6b225	0f9655aae33bebc4cc2b33f01d173d92	fea08d771394e9c8943db5a94e271715
10055	665380815c41ec7ce33d4e0195406f11	8eeeeb18f79aab7059713996e1f3b0be	93618ad03aab704ad702c078db3f5175
10056	665380815c41ec7ce33d4e0195406f11	8eeeeb18f79aab7059713996e1f3b0be	93618ad03aab704ad702c078db3f5175
10057	665380815c41ec7ce33d4e0195406f11	8eeeeb18f79aab7059713996e1f3b0be	93618ad03aab704ad702c078db3f5175
10058	665380815c41ec7ce33d4e0195406f11	8eeeeb18f79aab7059713996e1f3b0be	93618ad03aab704ad702c078db3f5175
10059	665380815c41ec7ce33d4e0195406f11	8eeeeb18f79aab7059713996e1f3b0be	93618ad03aab704ad702c078db3f5175
10060	5b287fa0bf116d1be1fb864301c6c0fa	6083107c5dac8095714bc8321dfdf039	97587a824f05f1395482ff51119960f6
10061	5b287fa0bf116d1be1fb864301c6c0fa	6083107c5dac8095714bc8321dfdf039	97587a824f05f1395482ff51119960f6
10062	5b287fa0bf116d1be1fb864301c6c0fa	6083107c5dac8095714bc8321dfdf039	97587a824f05f1395482ff51119960f6
10063	5b287fa0bf116d1be1fb864301c6c0fa	6083107c5dac8095714bc8321dfdf039	97587a824f05f1395482ff51119960f6
10064	5b287fa0bf116d1be1fb864301c6c0fa	6083107c5dac8095714bc8321dfdf039	97587a824f05f1395482ff51119960f6
10065	5b287fa0bf116d1be1fb864301c6c0fa	6083107c5dac8095714bc8321dfdf039	97587a824f05f1395482ff51119960f6
10066	5b287fa0bf116d1be1fb864301c6c0fa	6083107c5dac8095714bc8321dfdf039	97587a824f05f1395482ff51119960f6
10067	2b9d4e581ae2d0875b1ae4c3519132ce	ae9a5b35f5de63a1837fdfd2444d077d	3863a34bc097e55bed2f899b786793b6
10068	2b9d4e581ae2d0875b1ae4c3519132ce	ae9a5b35f5de63a1837fdfd2444d077d	3863a34bc097e55bed2f899b786793b6
10069	2b9d4e581ae2d0875b1ae4c3519132ce	ae9a5b35f5de63a1837fdfd2444d077d	3863a34bc097e55bed2f899b786793b6
10070	847fb6d65c15f431b66f89f838f311c1	65513b6ab22d88cff6f23edc517dd9f6	75d7820d3ee06ca5c1acb1f6c59d5e31
10071	847fb6d65c15f431b66f89f838f311c1	65513b6ab22d88cff6f23edc517dd9f6	75d7820d3ee06ca5c1acb1f6c59d5e31
10072	2b9d4e581ae2d0875b1ae4c3519132ce	ae9a5b35f5de63a1837fdfd2444d077d	3863a34bc097e55bed2f899b786793b6
10073	2b9d4e581ae2d0875b1ae4c3519132ce	ae9a5b35f5de63a1837fdfd2444d077d	3863a34bc097e55bed2f899b786793b6
10074	2b9d4e581ae2d0875b1ae4c3519132ce	ae9a5b35f5de63a1837fdfd2444d077d	3863a34bc097e55bed2f899b786793b6
10075	2b9d4e581ae2d0875b1ae4c3519132ce	ae9a5b35f5de63a1837fdfd2444d077d	3863a34bc097e55bed2f899b786793b6
10076	2b9d4e581ae2d0875b1ae4c3519132ce	ae9a5b35f5de63a1837fdfd2444d077d	3863a34bc097e55bed2f899b786793b6
10077	411356b50ca3523e10a749da673b7288	27557d5d355489f64ccfa4c1ecafa82b	4332fe1409bf9bda23eea6f766abcbd0
10078	411356b50ca3523e10a749da673b7288	27557d5d355489f64ccfa4c1ecafa82b	4332fe1409bf9bda23eea6f766abcbd0
10079	411356b50ca3523e10a749da673b7288	27557d5d355489f64ccfa4c1ecafa82b	4332fe1409bf9bda23eea6f766abcbd0
10080	411356b50ca3523e10a749da673b7288	27557d5d355489f64ccfa4c1ecafa82b	4332fe1409bf9bda23eea6f766abcbd0
10081	411356b50ca3523e10a749da673b7288	27557d5d355489f64ccfa4c1ecafa82b	4332fe1409bf9bda23eea6f766abcbd0
10082	411356b50ca3523e10a749da673b7288	27557d5d355489f64ccfa4c1ecafa82b	4332fe1409bf9bda23eea6f766abcbd0
10083	411356b50ca3523e10a749da673b7288	27557d5d355489f64ccfa4c1ecafa82b	4332fe1409bf9bda23eea6f766abcbd0
10084	c87aced4745b6305707995d189652963	9709c48ee8612743b78356e4cf31372c	2d7b558f1f99acd7d21c555f9321d45f
10085	c87aced4745b6305707995d189652963	9709c48ee8612743b78356e4cf31372c	2d7b558f1f99acd7d21c555f9321d45f
10086	c87aced4745b6305707995d189652963	9709c48ee8612743b78356e4cf31372c	2d7b558f1f99acd7d21c555f9321d45f
10087	c87aced4745b6305707995d189652963	9709c48ee8612743b78356e4cf31372c	2d7b558f1f99acd7d21c555f9321d45f
10088	c87aced4745b6305707995d189652963	9709c48ee8612743b78356e4cf31372c	2d7b558f1f99acd7d21c555f9321d45f
10089	38849c1719a8a2f0c922bb734e69f0ba	7889f218a98ae02c497f9d08ff36ad11	f1de652b76f27a2ee979795843f0cf0e
10090	38849c1719a8a2f0c922bb734e69f0ba	7889f218a98ae02c497f9d08ff36ad11	f1de652b76f27a2ee979795843f0cf0e
10091	38849c1719a8a2f0c922bb734e69f0ba	7889f218a98ae02c497f9d08ff36ad11	f1de652b76f27a2ee979795843f0cf0e
10092	38849c1719a8a2f0c922bb734e69f0ba	7889f218a98ae02c497f9d08ff36ad11	f1de652b76f27a2ee979795843f0cf0e
10093	38849c1719a8a2f0c922bb734e69f0ba	7889f218a98ae02c497f9d08ff36ad11	f1de652b76f27a2ee979795843f0cf0e
10094	38849c1719a8a2f0c922bb734e69f0ba	7889f218a98ae02c497f9d08ff36ad11	f1de652b76f27a2ee979795843f0cf0e
10095	38849c1719a8a2f0c922bb734e69f0ba	7889f218a98ae02c497f9d08ff36ad11	f1de652b76f27a2ee979795843f0cf0e
10096	5cd2f6f454f5e3674b3515a0b42e3675	74b3d6b34f0f6e29e199a80f9b92d8aa	ebd0c68e9b737123986097eeaf48747d
10097	5cd2f6f454f5e3674b3515a0b42e3675	74b3d6b34f0f6e29e199a80f9b92d8aa	ebd0c68e9b737123986097eeaf48747d
10098	5cd2f6f454f5e3674b3515a0b42e3675	74b3d6b34f0f6e29e199a80f9b92d8aa	ebd0c68e9b737123986097eeaf48747d
10099	5cd2f6f454f5e3674b3515a0b42e3675	74b3d6b34f0f6e29e199a80f9b92d8aa	ebd0c68e9b737123986097eeaf48747d
10100	5cd2f6f454f5e3674b3515a0b42e3675	74b3d6b34f0f6e29e199a80f9b92d8aa	ebd0c68e9b737123986097eeaf48747d
10101	7648fbc6cc75c422ff4f41c7d2514d9b	4fcc9781f43ac4d2253fe783ee76665c	9651d3dee1a5f3123df557bc8b948313
10102	7648fbc6cc75c422ff4f41c7d2514d9b	4fcc9781f43ac4d2253fe783ee76665c	9651d3dee1a5f3123df557bc8b948313
10103	7648fbc6cc75c422ff4f41c7d2514d9b	4fcc9781f43ac4d2253fe783ee76665c	9651d3dee1a5f3123df557bc8b948313
10104	7648fbc6cc75c422ff4f41c7d2514d9b	4fcc9781f43ac4d2253fe783ee76665c	9651d3dee1a5f3123df557bc8b948313
10105	7648fbc6cc75c422ff4f41c7d2514d9b	4fcc9781f43ac4d2253fe783ee76665c	9651d3dee1a5f3123df557bc8b948313
10106	2523fde1233ebd03aa86d9b07064058a	368411c55925d08dde845a0fd94067d9	d8252d239e9133ab0bc47b778ce0745a
10107	2523fde1233ebd03aa86d9b07064058a	368411c55925d08dde845a0fd94067d9	d8252d239e9133ab0bc47b778ce0745a
10108	2523fde1233ebd03aa86d9b07064058a	368411c55925d08dde845a0fd94067d9	d8252d239e9133ab0bc47b778ce0745a
10109	2523fde1233ebd03aa86d9b07064058a	368411c55925d08dde845a0fd94067d9	d8252d239e9133ab0bc47b778ce0745a
10110	2523fde1233ebd03aa86d9b07064058a	368411c55925d08dde845a0fd94067d9	d8252d239e9133ab0bc47b778ce0745a
10111	2523fde1233ebd03aa86d9b07064058a	368411c55925d08dde845a0fd94067d9	d8252d239e9133ab0bc47b778ce0745a
10112	2523fde1233ebd03aa86d9b07064058a	368411c55925d08dde845a0fd94067d9	d8252d239e9133ab0bc47b778ce0745a
10113	bed22485f4db58fdaae0bafa98260180	c6d984f1bb7475b3aee159116e8136cb	5614d092c765c1736e207328c4c71764
10114	bed22485f4db58fdaae0bafa98260180	c6d984f1bb7475b3aee159116e8136cb	5614d092c765c1736e207328c4c71764
10115	bed22485f4db58fdaae0bafa98260180	c6d984f1bb7475b3aee159116e8136cb	5614d092c765c1736e207328c4c71764
10116	bed22485f4db58fdaae0bafa98260180	c6d984f1bb7475b3aee159116e8136cb	5614d092c765c1736e207328c4c71764
10117	bed22485f4db58fdaae0bafa98260180	c6d984f1bb7475b3aee159116e8136cb	5614d092c765c1736e207328c4c71764
10118	b5756372a4f0b2500caeae1cb96ff01c	8c467b1cc94a5a5cd1b0752ad16db77f	fc85a506c9bee33abb3eac13aec26e68
10119	b5756372a4f0b2500caeae1cb96ff01c	8c467b1cc94a5a5cd1b0752ad16db77f	fc85a506c9bee33abb3eac13aec26e68
10120	b5756372a4f0b2500caeae1cb96ff01c	8c467b1cc94a5a5cd1b0752ad16db77f	fc85a506c9bee33abb3eac13aec26e68
10121	b5756372a4f0b2500caeae1cb96ff01c	8c467b1cc94a5a5cd1b0752ad16db77f	fc85a506c9bee33abb3eac13aec26e68
10122	b5756372a4f0b2500caeae1cb96ff01c	8c467b1cc94a5a5cd1b0752ad16db77f	fc85a506c9bee33abb3eac13aec26e68
10123	b5756372a4f0b2500caeae1cb96ff01c	8c467b1cc94a5a5cd1b0752ad16db77f	fc85a506c9bee33abb3eac13aec26e68
10124	b5756372a4f0b2500caeae1cb96ff01c	8c467b1cc94a5a5cd1b0752ad16db77f	fc85a506c9bee33abb3eac13aec26e68
10125	b5756372a4f0b2500caeae1cb96ff01c	8c467b1cc94a5a5cd1b0752ad16db77f	fc85a506c9bee33abb3eac13aec26e68
10126	b5756372a4f0b2500caeae1cb96ff01c	8c467b1cc94a5a5cd1b0752ad16db77f	fc85a506c9bee33abb3eac13aec26e68
10127	b5756372a4f0b2500caeae1cb96ff01c	8c467b1cc94a5a5cd1b0752ad16db77f	fc85a506c9bee33abb3eac13aec26e68
10128	96a619bde1475e4a6017e34468deab94	9cc238bb1cab8fa243d9c9d9d6929b17	14ce3222bd53b60230ac1ea620164f34
10129	b5756372a4f0b2500caeae1cb96ff01c	8c467b1cc94a5a5cd1b0752ad16db77f	fc85a506c9bee33abb3eac13aec26e68
10130	1764566e21738f663bbef25036678704	d93f15e1c5786a5ee1e1aef466ce37f7	9f8818bd65eb8de8985f65d209f1c2e8
10131	1764566e21738f663bbef25036678704	d93f15e1c5786a5ee1e1aef466ce37f7	9f8818bd65eb8de8985f65d209f1c2e8
10132	1764566e21738f663bbef25036678704	d93f15e1c5786a5ee1e1aef466ce37f7	9f8818bd65eb8de8985f65d209f1c2e8
10133	1764566e21738f663bbef25036678704	d93f15e1c5786a5ee1e1aef466ce37f7	9f8818bd65eb8de8985f65d209f1c2e8
10134	1764566e21738f663bbef25036678704	d93f15e1c5786a5ee1e1aef466ce37f7	9f8818bd65eb8de8985f65d209f1c2e8
10135	1764566e21738f663bbef25036678704	d93f15e1c5786a5ee1e1aef466ce37f7	9f8818bd65eb8de8985f65d209f1c2e8
10136	1764566e21738f663bbef25036678704	d93f15e1c5786a5ee1e1aef466ce37f7	9f8818bd65eb8de8985f65d209f1c2e8
10137	7e3e2cf744b66106b1314c7cd550e008	024dea8f976b1daee1604b13ed6c962b	918825e28c7cce9e861a47a8e2efabf8
10138	7e3e2cf744b66106b1314c7cd550e008	024dea8f976b1daee1604b13ed6c962b	918825e28c7cce9e861a47a8e2efabf8
10139	7e3e2cf744b66106b1314c7cd550e008	024dea8f976b1daee1604b13ed6c962b	918825e28c7cce9e861a47a8e2efabf8
10140	7e3e2cf744b66106b1314c7cd550e008	024dea8f976b1daee1604b13ed6c962b	918825e28c7cce9e861a47a8e2efabf8
10141	7e3e2cf744b66106b1314c7cd550e008	024dea8f976b1daee1604b13ed6c962b	918825e28c7cce9e861a47a8e2efabf8
10142	7fd74f1cf5e3ae5dc38bc5eb202332d2	cd7510471834750377b63880f6e79561	3b7b92349ee2528b25d7814ad79b93ee
10143	7fd74f1cf5e3ae5dc38bc5eb202332d2	cd7510471834750377b63880f6e79561	3b7b92349ee2528b25d7814ad79b93ee
10144	7fd74f1cf5e3ae5dc38bc5eb202332d2	cd7510471834750377b63880f6e79561	3b7b92349ee2528b25d7814ad79b93ee
10145	7fd74f1cf5e3ae5dc38bc5eb202332d2	cd7510471834750377b63880f6e79561	3b7b92349ee2528b25d7814ad79b93ee
10146	7fd74f1cf5e3ae5dc38bc5eb202332d2	cd7510471834750377b63880f6e79561	3b7b92349ee2528b25d7814ad79b93ee
10147	63763b3fc876ca076e6121b38d0cee7a	bb1c7115385cf4a148947e86fc561489	3f0a2e6a959bcf5f80e0643afbcffe1a
10148	63763b3fc876ca076e6121b38d0cee7a	bb1c7115385cf4a148947e86fc561489	3f0a2e6a959bcf5f80e0643afbcffe1a
10149	63763b3fc876ca076e6121b38d0cee7a	bb1c7115385cf4a148947e86fc561489	3f0a2e6a959bcf5f80e0643afbcffe1a
10150	63763b3fc876ca076e6121b38d0cee7a	bb1c7115385cf4a148947e86fc561489	3f0a2e6a959bcf5f80e0643afbcffe1a
10151	63763b3fc876ca076e6121b38d0cee7a	bb1c7115385cf4a148947e86fc561489	3f0a2e6a959bcf5f80e0643afbcffe1a
10152	63763b3fc876ca076e6121b38d0cee7a	bb1c7115385cf4a148947e86fc561489	3f0a2e6a959bcf5f80e0643afbcffe1a
10153	63763b3fc876ca076e6121b38d0cee7a	bb1c7115385cf4a148947e86fc561489	3f0a2e6a959bcf5f80e0643afbcffe1a
10154	63763b3fc876ca076e6121b38d0cee7a	bb1c7115385cf4a148947e86fc561489	3f0a2e6a959bcf5f80e0643afbcffe1a
10155	63763b3fc876ca076e6121b38d0cee7a	bb1c7115385cf4a148947e86fc561489	3f0a2e6a959bcf5f80e0643afbcffe1a
10156	63763b3fc876ca076e6121b38d0cee7a	bb1c7115385cf4a148947e86fc561489	3f0a2e6a959bcf5f80e0643afbcffe1a
10157	63763b3fc876ca076e6121b38d0cee7a	bb1c7115385cf4a148947e86fc561489	3f0a2e6a959bcf5f80e0643afbcffe1a
10158	63763b3fc876ca076e6121b38d0cee7a	bb1c7115385cf4a148947e86fc561489	3f0a2e6a959bcf5f80e0643afbcffe1a
10159	7ae3cf5f7cc802438cbf3a8f273c4210	05665e0de2d2afdd84e9db5c9247b14b	d190abc105a2ecd3af657e6856dc4dc8
10160	7ae3cf5f7cc802438cbf3a8f273c4210	05665e0de2d2afdd84e9db5c9247b14b	d190abc105a2ecd3af657e6856dc4dc8
10161	7ae3cf5f7cc802438cbf3a8f273c4210	05665e0de2d2afdd84e9db5c9247b14b	d190abc105a2ecd3af657e6856dc4dc8
10162	7ae3cf5f7cc802438cbf3a8f273c4210	05665e0de2d2afdd84e9db5c9247b14b	d190abc105a2ecd3af657e6856dc4dc8
10163	7ae3cf5f7cc802438cbf3a8f273c4210	05665e0de2d2afdd84e9db5c9247b14b	d190abc105a2ecd3af657e6856dc4dc8
10164	7ae3cf5f7cc802438cbf3a8f273c4210	05665e0de2d2afdd84e9db5c9247b14b	d190abc105a2ecd3af657e6856dc4dc8
10165	7ae3cf5f7cc802438cbf3a8f273c4210	05665e0de2d2afdd84e9db5c9247b14b	d190abc105a2ecd3af657e6856dc4dc8
10166	4465f3dca3c92fdc291df279cc674903	075397aaa2f0d990c09f3a154dad52d4	a020d1c3187e921a91c2c421d324daaf
10167	4465f3dca3c92fdc291df279cc674903	075397aaa2f0d990c09f3a154dad52d4	a020d1c3187e921a91c2c421d324daaf
10168	4465f3dca3c92fdc291df279cc674903	075397aaa2f0d990c09f3a154dad52d4	a020d1c3187e921a91c2c421d324daaf
10169	4465f3dca3c92fdc291df279cc674903	075397aaa2f0d990c09f3a154dad52d4	a020d1c3187e921a91c2c421d324daaf
10170	4465f3dca3c92fdc291df279cc674903	075397aaa2f0d990c09f3a154dad52d4	a020d1c3187e921a91c2c421d324daaf
10171	4465f3dca3c92fdc291df279cc674903	075397aaa2f0d990c09f3a154dad52d4	a020d1c3187e921a91c2c421d324daaf
10172	4465f3dca3c92fdc291df279cc674903	075397aaa2f0d990c09f3a154dad52d4	a020d1c3187e921a91c2c421d324daaf
10173	4465f3dca3c92fdc291df279cc674903	075397aaa2f0d990c09f3a154dad52d4	a020d1c3187e921a91c2c421d324daaf
10174	4465f3dca3c92fdc291df279cc674903	075397aaa2f0d990c09f3a154dad52d4	a020d1c3187e921a91c2c421d324daaf
10175	4465f3dca3c92fdc291df279cc674903	075397aaa2f0d990c09f3a154dad52d4	a020d1c3187e921a91c2c421d324daaf
10176	09cbbadbaf668f476afed63e52eccbda	813da25bed0758d1822ea4fa578e80a9	d57329994ca1eb93ad38ac7bfed7e3fa
10177	09cbbadbaf668f476afed63e52eccbda	813da25bed0758d1822ea4fa578e80a9	d57329994ca1eb93ad38ac7bfed7e3fa
10178	09cbbadbaf668f476afed63e52eccbda	813da25bed0758d1822ea4fa578e80a9	d57329994ca1eb93ad38ac7bfed7e3fa
10179	09cbbadbaf668f476afed63e52eccbda	813da25bed0758d1822ea4fa578e80a9	d57329994ca1eb93ad38ac7bfed7e3fa
10180	09cbbadbaf668f476afed63e52eccbda	813da25bed0758d1822ea4fa578e80a9	d57329994ca1eb93ad38ac7bfed7e3fa
10181	09cbbadbaf668f476afed63e52eccbda	813da25bed0758d1822ea4fa578e80a9	d57329994ca1eb93ad38ac7bfed7e3fa
10182	09cbbadbaf668f476afed63e52eccbda	813da25bed0758d1822ea4fa578e80a9	d57329994ca1eb93ad38ac7bfed7e3fa
10183	52f35fe67839a4fd987d43b634fa0510	41112d9411cde94362e60741c09eef4b	88d83059d8715f9551fa45b0a0f02268
10184	52f35fe67839a4fd987d43b634fa0510	41112d9411cde94362e60741c09eef4b	88d83059d8715f9551fa45b0a0f02268
10185	52f35fe67839a4fd987d43b634fa0510	41112d9411cde94362e60741c09eef4b	88d83059d8715f9551fa45b0a0f02268
10186	52f35fe67839a4fd987d43b634fa0510	41112d9411cde94362e60741c09eef4b	88d83059d8715f9551fa45b0a0f02268
10187	52f35fe67839a4fd987d43b634fa0510	41112d9411cde94362e60741c09eef4b	88d83059d8715f9551fa45b0a0f02268
10188	e9147e7af9b80ac1c9473714302984e7	0baf4b4374a7bf7f3a1b4a786251fcc0	fcd666b2bed4594fb18ab9c528520c1b
10189	e9147e7af9b80ac1c9473714302984e7	0baf4b4374a7bf7f3a1b4a786251fcc0	fcd666b2bed4594fb18ab9c528520c1b
10190	e9147e7af9b80ac1c9473714302984e7	0baf4b4374a7bf7f3a1b4a786251fcc0	fcd666b2bed4594fb18ab9c528520c1b
10191	e9147e7af9b80ac1c9473714302984e7	0baf4b4374a7bf7f3a1b4a786251fcc0	fcd666b2bed4594fb18ab9c528520c1b
10192	e9147e7af9b80ac1c9473714302984e7	0baf4b4374a7bf7f3a1b4a786251fcc0	fcd666b2bed4594fb18ab9c528520c1b
10193	e9147e7af9b80ac1c9473714302984e7	0baf4b4374a7bf7f3a1b4a786251fcc0	fcd666b2bed4594fb18ab9c528520c1b
10194	e9147e7af9b80ac1c9473714302984e7	0baf4b4374a7bf7f3a1b4a786251fcc0	fcd666b2bed4594fb18ab9c528520c1b
10195	e9147e7af9b80ac1c9473714302984e7	0baf4b4374a7bf7f3a1b4a786251fcc0	fcd666b2bed4594fb18ab9c528520c1b
10196	e9147e7af9b80ac1c9473714302984e7	0baf4b4374a7bf7f3a1b4a786251fcc0	fcd666b2bed4594fb18ab9c528520c1b
10197	e9147e7af9b80ac1c9473714302984e7	0baf4b4374a7bf7f3a1b4a786251fcc0	fcd666b2bed4594fb18ab9c528520c1b
10198	e9147e7af9b80ac1c9473714302984e7	0baf4b4374a7bf7f3a1b4a786251fcc0	fcd666b2bed4594fb18ab9c528520c1b
10199	e9147e7af9b80ac1c9473714302984e7	0baf4b4374a7bf7f3a1b4a786251fcc0	fcd666b2bed4594fb18ab9c528520c1b
10200	e9147e7af9b80ac1c9473714302984e7	0baf4b4374a7bf7f3a1b4a786251fcc0	fcd666b2bed4594fb18ab9c528520c1b
10201	e9147e7af9b80ac1c9473714302984e7	0baf4b4374a7bf7f3a1b4a786251fcc0	fcd666b2bed4594fb18ab9c528520c1b
10202	e9147e7af9b80ac1c9473714302984e7	0baf4b4374a7bf7f3a1b4a786251fcc0	fcd666b2bed4594fb18ab9c528520c1b
10203	e9147e7af9b80ac1c9473714302984e7	0baf4b4374a7bf7f3a1b4a786251fcc0	fcd666b2bed4594fb18ab9c528520c1b
10204	e9147e7af9b80ac1c9473714302984e7	0baf4b4374a7bf7f3a1b4a786251fcc0	fcd666b2bed4594fb18ab9c528520c1b
10205	0f92c76f5fab5902410a520cf7a26306	0c47f1cf3eef407a0ad1c8f2a024798d	c04d89edf7606050155f3077d932df6a
10206	0f92c76f5fab5902410a520cf7a26306	0c47f1cf3eef407a0ad1c8f2a024798d	c04d89edf7606050155f3077d932df6a
10207	0f92c76f5fab5902410a520cf7a26306	0c47f1cf3eef407a0ad1c8f2a024798d	c04d89edf7606050155f3077d932df6a
10208	0f92c76f5fab5902410a520cf7a26306	0c47f1cf3eef407a0ad1c8f2a024798d	c04d89edf7606050155f3077d932df6a
10209	0f92c76f5fab5902410a520cf7a26306	0c47f1cf3eef407a0ad1c8f2a024798d	c04d89edf7606050155f3077d932df6a
10210	0f92c76f5fab5902410a520cf7a26306	0c47f1cf3eef407a0ad1c8f2a024798d	c04d89edf7606050155f3077d932df6a
10211	0f92c76f5fab5902410a520cf7a26306	0c47f1cf3eef407a0ad1c8f2a024798d	c04d89edf7606050155f3077d932df6a
10212	5ed9aa860338fee3ea6908e5a0560c8e	52415885a68c76cdaef221aef25a4ffd	8d37388ade24d51bd2dac40d7fe32b7e
10213	5ed9aa860338fee3ea6908e5a0560c8e	52415885a68c76cdaef221aef25a4ffd	8d37388ade24d51bd2dac40d7fe32b7e
10214	5ed9aa860338fee3ea6908e5a0560c8e	52415885a68c76cdaef221aef25a4ffd	8d37388ade24d51bd2dac40d7fe32b7e
10215	4532bc5f95b130e6047791015d3ba1f8	60dac95f9dd48c2eaa7a6e604bdfedbb	ca29affca766d2762f7b62298bd2ee10
10216	4532bc5f95b130e6047791015d3ba1f8	60dac95f9dd48c2eaa7a6e604bdfedbb	ca29affca766d2762f7b62298bd2ee10
10217	fa8441b6cff5759f3032e6e0d68dc3b5	f4c7d97af38cea515a165a284e09278a	42be14060c99d6cd3f1ddec69e0d7991
10218	fa8441b6cff5759f3032e6e0d68dc3b5	f4c7d97af38cea515a165a284e09278a	42be14060c99d6cd3f1ddec69e0d7991
10219	fa8441b6cff5759f3032e6e0d68dc3b5	f4c7d97af38cea515a165a284e09278a	42be14060c99d6cd3f1ddec69e0d7991
10220	fa8441b6cff5759f3032e6e0d68dc3b5	f4c7d97af38cea515a165a284e09278a	42be14060c99d6cd3f1ddec69e0d7991
10221	fa8441b6cff5759f3032e6e0d68dc3b5	f4c7d97af38cea515a165a284e09278a	42be14060c99d6cd3f1ddec69e0d7991
10222	fa8441b6cff5759f3032e6e0d68dc3b5	f4c7d97af38cea515a165a284e09278a	42be14060c99d6cd3f1ddec69e0d7991
10223	fa8441b6cff5759f3032e6e0d68dc3b5	f4c7d97af38cea515a165a284e09278a	42be14060c99d6cd3f1ddec69e0d7991
10224	192241a2b1b01614bde8f692ec2c3d92	ff57732a3e991f20a553487ecd7f09b9	28ef81609597a9dcfe0ee2f16e56eb6a
10225	192241a2b1b01614bde8f692ec2c3d92	ff57732a3e991f20a553487ecd7f09b9	28ef81609597a9dcfe0ee2f16e56eb6a
10226	192241a2b1b01614bde8f692ec2c3d92	ff57732a3e991f20a553487ecd7f09b9	28ef81609597a9dcfe0ee2f16e56eb6a
10227	192241a2b1b01614bde8f692ec2c3d92	ff57732a3e991f20a553487ecd7f09b9	28ef81609597a9dcfe0ee2f16e56eb6a
10228	192241a2b1b01614bde8f692ec2c3d92	ff57732a3e991f20a553487ecd7f09b9	28ef81609597a9dcfe0ee2f16e56eb6a
10229	1adf948d0107ea07b128f84c42696068	68798617fbe1f7718d75cfb245c20433	d3cf43234ab3a5b363ac6e586b79b9b8
10230	1adf948d0107ea07b128f84c42696068	68798617fbe1f7718d75cfb245c20433	d3cf43234ab3a5b363ac6e586b79b9b8
10231	1adf948d0107ea07b128f84c42696068	68798617fbe1f7718d75cfb245c20433	d3cf43234ab3a5b363ac6e586b79b9b8
10232	1adf948d0107ea07b128f84c42696068	68798617fbe1f7718d75cfb245c20433	d3cf43234ab3a5b363ac6e586b79b9b8
10233	1adf948d0107ea07b128f84c42696068	68798617fbe1f7718d75cfb245c20433	d3cf43234ab3a5b363ac6e586b79b9b8
10234	1adf948d0107ea07b128f84c42696068	68798617fbe1f7718d75cfb245c20433	d3cf43234ab3a5b363ac6e586b79b9b8
10235	1adf948d0107ea07b128f84c42696068	68798617fbe1f7718d75cfb245c20433	d3cf43234ab3a5b363ac6e586b79b9b8
10236	1f3f0343c1d05d2b4bd08971d0f440f8	934bf7825347efa592a2ad62ce886ca3	c2dce9d041cb2129b44170fcbd83179c
10237	1f3f0343c1d05d2b4bd08971d0f440f8	934bf7825347efa592a2ad62ce886ca3	c2dce9d041cb2129b44170fcbd83179c
10238	1f3f0343c1d05d2b4bd08971d0f440f8	934bf7825347efa592a2ad62ce886ca3	c2dce9d041cb2129b44170fcbd83179c
10239	1f3f0343c1d05d2b4bd08971d0f440f8	934bf7825347efa592a2ad62ce886ca3	c2dce9d041cb2129b44170fcbd83179c
10240	1f3f0343c1d05d2b4bd08971d0f440f8	934bf7825347efa592a2ad62ce886ca3	c2dce9d041cb2129b44170fcbd83179c
10241	1f3f0343c1d05d2b4bd08971d0f440f8	934bf7825347efa592a2ad62ce886ca3	c2dce9d041cb2129b44170fcbd83179c
10242	1f3f0343c1d05d2b4bd08971d0f440f8	934bf7825347efa592a2ad62ce886ca3	c2dce9d041cb2129b44170fcbd83179c
10243	1f3f0343c1d05d2b4bd08971d0f440f8	934bf7825347efa592a2ad62ce886ca3	c2dce9d041cb2129b44170fcbd83179c
10244	1f3f0343c1d05d2b4bd08971d0f440f8	934bf7825347efa592a2ad62ce886ca3	c2dce9d041cb2129b44170fcbd83179c
10245	1f3f0343c1d05d2b4bd08971d0f440f8	934bf7825347efa592a2ad62ce886ca3	c2dce9d041cb2129b44170fcbd83179c
10246	0beeb5fdf4f95a3610b11a4ad4d84fd5	b0f35637d27c5ac6ba678f122be53a42	f64874ba34b57234ce38354cb54f56a1
10247	0beeb5fdf4f95a3610b11a4ad4d84fd5	b0f35637d27c5ac6ba678f122be53a42	f64874ba34b57234ce38354cb54f56a1
10248	0beeb5fdf4f95a3610b11a4ad4d84fd5	b0f35637d27c5ac6ba678f122be53a42	f64874ba34b57234ce38354cb54f56a1
10249	ef2f8f05df5c00ebd231e269c9d0cc31	c67b82e0496af75dea4ab5c1bfc2c9a6	700a403c2d38388d4e743599bb8ab38d
10250	ef2f8f05df5c00ebd231e269c9d0cc31	c67b82e0496af75dea4ab5c1bfc2c9a6	700a403c2d38388d4e743599bb8ab38d
10251	ef2f8f05df5c00ebd231e269c9d0cc31	c67b82e0496af75dea4ab5c1bfc2c9a6	700a403c2d38388d4e743599bb8ab38d
10252	7d49dd06fb1ce060a538fce098d46d25	3054f86a8d53e544586458560a835272	2b4da4184e6af2722c880cbefb1d2309
10253	def7ae7baca1c1b1afe8a5d729dd269f	53b4f76d587d300f0c7b9069321c2878	f200bea7f4246f17ac9b4f526bb4370b
10254	def7ae7baca1c1b1afe8a5d729dd269f	53b4f76d587d300f0c7b9069321c2878	f200bea7f4246f17ac9b4f526bb4370b
10255	def7ae7baca1c1b1afe8a5d729dd269f	53b4f76d587d300f0c7b9069321c2878	f200bea7f4246f17ac9b4f526bb4370b
10256	def7ae7baca1c1b1afe8a5d729dd269f	53b4f76d587d300f0c7b9069321c2878	f200bea7f4246f17ac9b4f526bb4370b
10257	def7ae7baca1c1b1afe8a5d729dd269f	53b4f76d587d300f0c7b9069321c2878	f200bea7f4246f17ac9b4f526bb4370b
10258	e891e062a01a4dd3b5cec87eec2b2611	b25b8f1068c265959272fe5d9abfa476	404c89823c902bdfd26a3b695a3d8261
10259	e891e062a01a4dd3b5cec87eec2b2611	b25b8f1068c265959272fe5d9abfa476	404c89823c902bdfd26a3b695a3d8261
10260	e891e062a01a4dd3b5cec87eec2b2611	b25b8f1068c265959272fe5d9abfa476	404c89823c902bdfd26a3b695a3d8261
10261	e891e062a01a4dd3b5cec87eec2b2611	b25b8f1068c265959272fe5d9abfa476	404c89823c902bdfd26a3b695a3d8261
10262	e891e062a01a4dd3b5cec87eec2b2611	b25b8f1068c265959272fe5d9abfa476	404c89823c902bdfd26a3b695a3d8261
10263	e891e062a01a4dd3b5cec87eec2b2611	b25b8f1068c265959272fe5d9abfa476	404c89823c902bdfd26a3b695a3d8261
10264	e891e062a01a4dd3b5cec87eec2b2611	b25b8f1068c265959272fe5d9abfa476	404c89823c902bdfd26a3b695a3d8261
10265	5eb2fbbb4bb80df711f9107625b22d9d	67a7cb661324cd6950165824ea4c48b2	d382373e7501db9fc72d4874fcf1ba3d
10266	df436db780b89371ffd3aa7501725ffd	4f85a7192baeeafff78b348f84f8a4b2	5fc1903d9541553fe16c062e1fc82251
10267	df436db780b89371ffd3aa7501725ffd	4f85a7192baeeafff78b348f84f8a4b2	5fc1903d9541553fe16c062e1fc82251
10268	5eb2fbbb4bb80df711f9107625b22d9d	67a7cb661324cd6950165824ea4c48b2	d382373e7501db9fc72d4874fcf1ba3d
10269	5eb2fbbb4bb80df711f9107625b22d9d	67a7cb661324cd6950165824ea4c48b2	d382373e7501db9fc72d4874fcf1ba3d
10270	df436db780b89371ffd3aa7501725ffd	4f85a7192baeeafff78b348f84f8a4b2	5fc1903d9541553fe16c062e1fc82251
10271	df436db780b89371ffd3aa7501725ffd	4f85a7192baeeafff78b348f84f8a4b2	5fc1903d9541553fe16c062e1fc82251
10272	df436db780b89371ffd3aa7501725ffd	4f85a7192baeeafff78b348f84f8a4b2	5fc1903d9541553fe16c062e1fc82251
10273	5eb2fbbb4bb80df711f9107625b22d9d	67a7cb661324cd6950165824ea4c48b2	d382373e7501db9fc72d4874fcf1ba3d
10274	5eb2fbbb4bb80df711f9107625b22d9d	67a7cb661324cd6950165824ea4c48b2	d382373e7501db9fc72d4874fcf1ba3d
10275	89bed7f170d395644d3cc738298afe6e	7114a93c1c0eb0407d80502c1df0ba05	e5b671d806d7d7eadc238cf457a06372
10276	89bed7f170d395644d3cc738298afe6e	7114a93c1c0eb0407d80502c1df0ba05	e5b671d806d7d7eadc238cf457a06372
10277	89bed7f170d395644d3cc738298afe6e	7114a93c1c0eb0407d80502c1df0ba05	e5b671d806d7d7eadc238cf457a06372
10278	89bed7f170d395644d3cc738298afe6e	7114a93c1c0eb0407d80502c1df0ba05	e5b671d806d7d7eadc238cf457a06372
10279	89bed7f170d395644d3cc738298afe6e	7114a93c1c0eb0407d80502c1df0ba05	e5b671d806d7d7eadc238cf457a06372
10280	89bed7f170d395644d3cc738298afe6e	7114a93c1c0eb0407d80502c1df0ba05	e5b671d806d7d7eadc238cf457a06372
10281	89bed7f170d395644d3cc738298afe6e	7114a93c1c0eb0407d80502c1df0ba05	e5b671d806d7d7eadc238cf457a06372
10282	89bed7f170d395644d3cc738298afe6e	7114a93c1c0eb0407d80502c1df0ba05	e5b671d806d7d7eadc238cf457a06372
10283	89bed7f170d395644d3cc738298afe6e	7114a93c1c0eb0407d80502c1df0ba05	e5b671d806d7d7eadc238cf457a06372
10284	89bed7f170d395644d3cc738298afe6e	7114a93c1c0eb0407d80502c1df0ba05	e5b671d806d7d7eadc238cf457a06372
10285	0033593c1d4cdb21f41cfe20d09d3f8d	df008956c049a69fdd7d8c436377ce82	4313479b5db11005e7c948c0a61f78cd
10286	0033593c1d4cdb21f41cfe20d09d3f8d	df008956c049a69fdd7d8c436377ce82	4313479b5db11005e7c948c0a61f78cd
10287	89bed7f170d395644d3cc738298afe6e	7114a93c1c0eb0407d80502c1df0ba05	e5b671d806d7d7eadc238cf457a06372
10288	89bed7f170d395644d3cc738298afe6e	7114a93c1c0eb0407d80502c1df0ba05	e5b671d806d7d7eadc238cf457a06372
10289	89bed7f170d395644d3cc738298afe6e	7114a93c1c0eb0407d80502c1df0ba05	e5b671d806d7d7eadc238cf457a06372
10290	89bed7f170d395644d3cc738298afe6e	7114a93c1c0eb0407d80502c1df0ba05	e5b671d806d7d7eadc238cf457a06372
10291	89bed7f170d395644d3cc738298afe6e	7114a93c1c0eb0407d80502c1df0ba05	e5b671d806d7d7eadc238cf457a06372
10292	89bed7f170d395644d3cc738298afe6e	7114a93c1c0eb0407d80502c1df0ba05	e5b671d806d7d7eadc238cf457a06372
10293	89bed7f170d395644d3cc738298afe6e	7114a93c1c0eb0407d80502c1df0ba05	e5b671d806d7d7eadc238cf457a06372
10294	89bed7f170d395644d3cc738298afe6e	7114a93c1c0eb0407d80502c1df0ba05	e5b671d806d7d7eadc238cf457a06372
10295	89bed7f170d395644d3cc738298afe6e	7114a93c1c0eb0407d80502c1df0ba05	e5b671d806d7d7eadc238cf457a06372
10296	89bed7f170d395644d3cc738298afe6e	7114a93c1c0eb0407d80502c1df0ba05	e5b671d806d7d7eadc238cf457a06372
10297	89bed7f170d395644d3cc738298afe6e	7114a93c1c0eb0407d80502c1df0ba05	e5b671d806d7d7eadc238cf457a06372
10298	89bed7f170d395644d3cc738298afe6e	7114a93c1c0eb0407d80502c1df0ba05	e5b671d806d7d7eadc238cf457a06372
10299	b7fa7b666184ac1f0461e2286ab3b1f2	104e8adb1c380fc9db4af540dfe157f1	bab98dace7a95d5f0856ea09d3552ffa
10300	b7fa7b666184ac1f0461e2286ab3b1f2	104e8adb1c380fc9db4af540dfe157f1	bab98dace7a95d5f0856ea09d3552ffa
10301	b7fa7b666184ac1f0461e2286ab3b1f2	104e8adb1c380fc9db4af540dfe157f1	bab98dace7a95d5f0856ea09d3552ffa
10302	b7fa7b666184ac1f0461e2286ab3b1f2	104e8adb1c380fc9db4af540dfe157f1	bab98dace7a95d5f0856ea09d3552ffa
10303	b7fa7b666184ac1f0461e2286ab3b1f2	104e8adb1c380fc9db4af540dfe157f1	bab98dace7a95d5f0856ea09d3552ffa
10304	b7fa7b666184ac1f0461e2286ab3b1f2	104e8adb1c380fc9db4af540dfe157f1	bab98dace7a95d5f0856ea09d3552ffa
10305	b7fa7b666184ac1f0461e2286ab3b1f2	104e8adb1c380fc9db4af540dfe157f1	bab98dace7a95d5f0856ea09d3552ffa
10306	b7fa7b666184ac1f0461e2286ab3b1f2	104e8adb1c380fc9db4af540dfe157f1	bab98dace7a95d5f0856ea09d3552ffa
10307	b7fa7b666184ac1f0461e2286ab3b1f2	104e8adb1c380fc9db4af540dfe157f1	bab98dace7a95d5f0856ea09d3552ffa
10308	b7fa7b666184ac1f0461e2286ab3b1f2	104e8adb1c380fc9db4af540dfe157f1	bab98dace7a95d5f0856ea09d3552ffa
10309	b7fa7b666184ac1f0461e2286ab3b1f2	104e8adb1c380fc9db4af540dfe157f1	bab98dace7a95d5f0856ea09d3552ffa
10310	b7fa7b666184ac1f0461e2286ab3b1f2	104e8adb1c380fc9db4af540dfe157f1	bab98dace7a95d5f0856ea09d3552ffa
10311	b7fa7b666184ac1f0461e2286ab3b1f2	104e8adb1c380fc9db4af540dfe157f1	bab98dace7a95d5f0856ea09d3552ffa
10312	b7fa7b666184ac1f0461e2286ab3b1f2	104e8adb1c380fc9db4af540dfe157f1	bab98dace7a95d5f0856ea09d3552ffa
10313	b7fa7b666184ac1f0461e2286ab3b1f2	104e8adb1c380fc9db4af540dfe157f1	bab98dace7a95d5f0856ea09d3552ffa
10314	b7fa7b666184ac1f0461e2286ab3b1f2	104e8adb1c380fc9db4af540dfe157f1	bab98dace7a95d5f0856ea09d3552ffa
10315	b7fa7b666184ac1f0461e2286ab3b1f2	104e8adb1c380fc9db4af540dfe157f1	bab98dace7a95d5f0856ea09d3552ffa
10316	3d47ce45d3766d633f0a6684301e86bd	20de06e77c6752452d6469db524a2262	f97d0c342505f1935dc20619c9fe9105
10317	3d47ce45d3766d633f0a6684301e86bd	20de06e77c6752452d6469db524a2262	f97d0c342505f1935dc20619c9fe9105
10318	3d47ce45d3766d633f0a6684301e86bd	20de06e77c6752452d6469db524a2262	f97d0c342505f1935dc20619c9fe9105
10319	3d47ce45d3766d633f0a6684301e86bd	20de06e77c6752452d6469db524a2262	f97d0c342505f1935dc20619c9fe9105
10320	3d47ce45d3766d633f0a6684301e86bd	20de06e77c6752452d6469db524a2262	f97d0c342505f1935dc20619c9fe9105
10321	3d47ce45d3766d633f0a6684301e86bd	20de06e77c6752452d6469db524a2262	f97d0c342505f1935dc20619c9fe9105
10322	3d47ce45d3766d633f0a6684301e86bd	20de06e77c6752452d6469db524a2262	f97d0c342505f1935dc20619c9fe9105
10323	0a3e14843b3de95ef85727296a2f094f	ca4314392bd03f0e5a9d95e1bc928c10	52b089056840acda51bc9a250b277677
10324	0a3e14843b3de95ef85727296a2f094f	ca4314392bd03f0e5a9d95e1bc928c10	52b089056840acda51bc9a250b277677
10325	0a3e14843b3de95ef85727296a2f094f	ca4314392bd03f0e5a9d95e1bc928c10	52b089056840acda51bc9a250b277677
10326	0a3e14843b3de95ef85727296a2f094f	ca4314392bd03f0e5a9d95e1bc928c10	52b089056840acda51bc9a250b277677
10327	0a3e14843b3de95ef85727296a2f094f	ca4314392bd03f0e5a9d95e1bc928c10	52b089056840acda51bc9a250b277677
10328	709e256ea8825ba65b369bf8b74afbad	5cbca788c53674365173ec2c625e5fba	bbeae8f044e44a0a87614eb5cc5db1c5
10329	709e256ea8825ba65b369bf8b74afbad	5cbca788c53674365173ec2c625e5fba	bbeae8f044e44a0a87614eb5cc5db1c5
10330	709e256ea8825ba65b369bf8b74afbad	5cbca788c53674365173ec2c625e5fba	bbeae8f044e44a0a87614eb5cc5db1c5
10331	709e256ea8825ba65b369bf8b74afbad	5cbca788c53674365173ec2c625e5fba	bbeae8f044e44a0a87614eb5cc5db1c5
10332	709e256ea8825ba65b369bf8b74afbad	5cbca788c53674365173ec2c625e5fba	bbeae8f044e44a0a87614eb5cc5db1c5
10333	709e256ea8825ba65b369bf8b74afbad	5cbca788c53674365173ec2c625e5fba	bbeae8f044e44a0a87614eb5cc5db1c5
10334	709e256ea8825ba65b369bf8b74afbad	5cbca788c53674365173ec2c625e5fba	bbeae8f044e44a0a87614eb5cc5db1c5
10335	709e256ea8825ba65b369bf8b74afbad	5cbca788c53674365173ec2c625e5fba	bbeae8f044e44a0a87614eb5cc5db1c5
10336	709e256ea8825ba65b369bf8b74afbad	5cbca788c53674365173ec2c625e5fba	bbeae8f044e44a0a87614eb5cc5db1c5
10337	709e256ea8825ba65b369bf8b74afbad	5cbca788c53674365173ec2c625e5fba	bbeae8f044e44a0a87614eb5cc5db1c5
10338	709e256ea8825ba65b369bf8b74afbad	5cbca788c53674365173ec2c625e5fba	bbeae8f044e44a0a87614eb5cc5db1c5
10339	709e256ea8825ba65b369bf8b74afbad	5cbca788c53674365173ec2c625e5fba	bbeae8f044e44a0a87614eb5cc5db1c5
10340	01db09f5220fc30c13122b6845df1fac	3553170d0b6f647841e64d9152ab3c3f	7e1cf4ba8cf1218ee3539e409f71d9f8
10341	01db09f5220fc30c13122b6845df1fac	3553170d0b6f647841e64d9152ab3c3f	7e1cf4ba8cf1218ee3539e409f71d9f8
10342	01db09f5220fc30c13122b6845df1fac	3553170d0b6f647841e64d9152ab3c3f	7e1cf4ba8cf1218ee3539e409f71d9f8
10343	01db09f5220fc30c13122b6845df1fac	3553170d0b6f647841e64d9152ab3c3f	7e1cf4ba8cf1218ee3539e409f71d9f8
10344	01db09f5220fc30c13122b6845df1fac	3553170d0b6f647841e64d9152ab3c3f	7e1cf4ba8cf1218ee3539e409f71d9f8
10345	b4fefb07d7a8ea425f96067726679d47	e29db6985140e7b26e690f35e22d9448	bf88e9fcf9f3d3e654d4851271a4718f
10346	b4fefb07d7a8ea425f96067726679d47	e29db6985140e7b26e690f35e22d9448	bf88e9fcf9f3d3e654d4851271a4718f
10347	b4fefb07d7a8ea425f96067726679d47	e29db6985140e7b26e690f35e22d9448	bf88e9fcf9f3d3e654d4851271a4718f
10348	a7db55046122a9d91e82733a4ad9bbd2	6731791fa3278aafc6730e807ff94511	84a9a458444ff939e119e45eae22ed0a
10349	cf598f940f00d80160e1b3394de4d1e8	9c2bebd007e046376726459312e5bf83	9efe9ecefaf8679be2242287db9ad184
10350	cf598f940f00d80160e1b3394de4d1e8	9c2bebd007e046376726459312e5bf83	9efe9ecefaf8679be2242287db9ad184
10351	cf598f940f00d80160e1b3394de4d1e8	9c2bebd007e046376726459312e5bf83	9efe9ecefaf8679be2242287db9ad184
10352	6cfbbd8ac7cd1f95548cec11ca29631a	5f535a28923a858bc58c1a18d689f0a9	7e302d6e235177b3bff187bb92d83f26
10353	6cfbbd8ac7cd1f95548cec11ca29631a	5f535a28923a858bc58c1a18d689f0a9	7e302d6e235177b3bff187bb92d83f26
10354	6cfbbd8ac7cd1f95548cec11ca29631a	5f535a28923a858bc58c1a18d689f0a9	7e302d6e235177b3bff187bb92d83f26
10355	6cfbbd8ac7cd1f95548cec11ca29631a	5f535a28923a858bc58c1a18d689f0a9	7e302d6e235177b3bff187bb92d83f26
10356	6cfbbd8ac7cd1f95548cec11ca29631a	5f535a28923a858bc58c1a18d689f0a9	7e302d6e235177b3bff187bb92d83f26
10357	760fe6e7c2939f21a81dbf677878786c	79dcf440d23dd9b72bb78daf5c544ba7	6c8ae6db447b244f413a115661befc68
10358	760fe6e7c2939f21a81dbf677878786c	79dcf440d23dd9b72bb78daf5c544ba7	6c8ae6db447b244f413a115661befc68
10359	760fe6e7c2939f21a81dbf677878786c	79dcf440d23dd9b72bb78daf5c544ba7	6c8ae6db447b244f413a115661befc68
10360	760fe6e7c2939f21a81dbf677878786c	79dcf440d23dd9b72bb78daf5c544ba7	6c8ae6db447b244f413a115661befc68
10361	760fe6e7c2939f21a81dbf677878786c	79dcf440d23dd9b72bb78daf5c544ba7	6c8ae6db447b244f413a115661befc68
10362	760fe6e7c2939f21a81dbf677878786c	79dcf440d23dd9b72bb78daf5c544ba7	6c8ae6db447b244f413a115661befc68
10363	760fe6e7c2939f21a81dbf677878786c	79dcf440d23dd9b72bb78daf5c544ba7	6c8ae6db447b244f413a115661befc68
10364	d324a0514fb7d11b78d4b9797f801b28	73996b6d810db655225b77449c636ce3	b97800e05940412b0a6a44335ade4270
10365	d324a0514fb7d11b78d4b9797f801b28	73996b6d810db655225b77449c636ce3	b97800e05940412b0a6a44335ade4270
10366	d324a0514fb7d11b78d4b9797f801b28	73996b6d810db655225b77449c636ce3	b97800e05940412b0a6a44335ade4270
10367	36a58a9ed8a1e17d51d9d04cd6b0ee55	e316b0b62f22172ba32d6d4bd7adcfda	42b570b1008bc07b5f24709aa024d591
10368	d324a0514fb7d11b78d4b9797f801b28	73996b6d810db655225b77449c636ce3	b97800e05940412b0a6a44335ade4270
10369	1c3a199529daa5bc99bd77e8467bb786	f8b79ee3a75cc6083b20d9df98600e3d	b59ccf2f3e33cb68869a97a910437c1e
10370	1c3a199529daa5bc99bd77e8467bb786	f8b79ee3a75cc6083b20d9df98600e3d	b59ccf2f3e33cb68869a97a910437c1e
10371	1c3a199529daa5bc99bd77e8467bb786	f8b79ee3a75cc6083b20d9df98600e3d	b59ccf2f3e33cb68869a97a910437c1e
10372	1c3a199529daa5bc99bd77e8467bb786	f8b79ee3a75cc6083b20d9df98600e3d	b59ccf2f3e33cb68869a97a910437c1e
10373	1c3a199529daa5bc99bd77e8467bb786	f8b79ee3a75cc6083b20d9df98600e3d	b59ccf2f3e33cb68869a97a910437c1e
10374	1c3a199529daa5bc99bd77e8467bb786	f8b79ee3a75cc6083b20d9df98600e3d	b59ccf2f3e33cb68869a97a910437c1e
10375	1c3a199529daa5bc99bd77e8467bb786	f8b79ee3a75cc6083b20d9df98600e3d	b59ccf2f3e33cb68869a97a910437c1e
10376	850dc5f5e62b769d0c2014f3c71c08e5	9c1546847c7cfa7bb44bf8bb9b5e33fa	4e49faa25bafcb796ca8a9d18d1abe6d
10377	850dc5f5e62b769d0c2014f3c71c08e5	9c1546847c7cfa7bb44bf8bb9b5e33fa	4e49faa25bafcb796ca8a9d18d1abe6d
10378	850dc5f5e62b769d0c2014f3c71c08e5	9c1546847c7cfa7bb44bf8bb9b5e33fa	4e49faa25bafcb796ca8a9d18d1abe6d
10379	850dc5f5e62b769d0c2014f3c71c08e5	9c1546847c7cfa7bb44bf8bb9b5e33fa	4e49faa25bafcb796ca8a9d18d1abe6d
10380	850dc5f5e62b769d0c2014f3c71c08e5	9c1546847c7cfa7bb44bf8bb9b5e33fa	4e49faa25bafcb796ca8a9d18d1abe6d
10381	ac40a2c48bff2fabe8266629affe459a	d8ae3bc07a159055de01358c1f9341a9	92d7086d59b5b9db50b021cd32377eb2
10382	ac40a2c48bff2fabe8266629affe459a	d8ae3bc07a159055de01358c1f9341a9	92d7086d59b5b9db50b021cd32377eb2
10383	ac40a2c48bff2fabe8266629affe459a	d8ae3bc07a159055de01358c1f9341a9	92d7086d59b5b9db50b021cd32377eb2
10384	ac40a2c48bff2fabe8266629affe459a	d8ae3bc07a159055de01358c1f9341a9	92d7086d59b5b9db50b021cd32377eb2
10385	ac40a2c48bff2fabe8266629affe459a	d8ae3bc07a159055de01358c1f9341a9	92d7086d59b5b9db50b021cd32377eb2
10386	80f6e7cb36918b64e14caa83f4b3aa5b	1caad608185efd681624a767a928019c	9ba89faabdc449aa0bb2178ca6271ad7
10387	80f6e7cb36918b64e14caa83f4b3aa5b	1caad608185efd681624a767a928019c	9ba89faabdc449aa0bb2178ca6271ad7
10388	80f6e7cb36918b64e14caa83f4b3aa5b	1caad608185efd681624a767a928019c	9ba89faabdc449aa0bb2178ca6271ad7
10389	80f6e7cb36918b64e14caa83f4b3aa5b	1caad608185efd681624a767a928019c	9ba89faabdc449aa0bb2178ca6271ad7
10390	80f6e7cb36918b64e14caa83f4b3aa5b	1caad608185efd681624a767a928019c	9ba89faabdc449aa0bb2178ca6271ad7
10391	80f6e7cb36918b64e14caa83f4b3aa5b	1caad608185efd681624a767a928019c	9ba89faabdc449aa0bb2178ca6271ad7
10392	80f6e7cb36918b64e14caa83f4b3aa5b	1caad608185efd681624a767a928019c	9ba89faabdc449aa0bb2178ca6271ad7
10393	80f6e7cb36918b64e14caa83f4b3aa5b	1caad608185efd681624a767a928019c	9ba89faabdc449aa0bb2178ca6271ad7
10394	80f6e7cb36918b64e14caa83f4b3aa5b	1caad608185efd681624a767a928019c	9ba89faabdc449aa0bb2178ca6271ad7
10395	80f6e7cb36918b64e14caa83f4b3aa5b	1caad608185efd681624a767a928019c	9ba89faabdc449aa0bb2178ca6271ad7
10396	80f6e7cb36918b64e14caa83f4b3aa5b	1caad608185efd681624a767a928019c	9ba89faabdc449aa0bb2178ca6271ad7
10397	80f6e7cb36918b64e14caa83f4b3aa5b	1caad608185efd681624a767a928019c	9ba89faabdc449aa0bb2178ca6271ad7
10398	d74e925f437a48a3cfb3a9b3e9526d65	5780542ceae37895bb418fa5603f467a	9cb5fe1397f1965d3ce23a455161e7c1
10399	d74e925f437a48a3cfb3a9b3e9526d65	5780542ceae37895bb418fa5603f467a	9cb5fe1397f1965d3ce23a455161e7c1
10400	d74e925f437a48a3cfb3a9b3e9526d65	5780542ceae37895bb418fa5603f467a	9cb5fe1397f1965d3ce23a455161e7c1
10401	d74e925f437a48a3cfb3a9b3e9526d65	5780542ceae37895bb418fa5603f467a	9cb5fe1397f1965d3ce23a455161e7c1
10402	d74e925f437a48a3cfb3a9b3e9526d65	5780542ceae37895bb418fa5603f467a	9cb5fe1397f1965d3ce23a455161e7c1
10403	d74e925f437a48a3cfb3a9b3e9526d65	5780542ceae37895bb418fa5603f467a	9cb5fe1397f1965d3ce23a455161e7c1
10404	d74e925f437a48a3cfb3a9b3e9526d65	5780542ceae37895bb418fa5603f467a	9cb5fe1397f1965d3ce23a455161e7c1
10405	e6781554319b66cff9f8e6653a28da49	c95a4611bf3abe7100aee708f4a2f81e	bcc3ffe35feb98956b9d19efd0dbc125
10406	e6781554319b66cff9f8e6653a28da49	c95a4611bf3abe7100aee708f4a2f81e	bcc3ffe35feb98956b9d19efd0dbc125
10407	e6781554319b66cff9f8e6653a28da49	c95a4611bf3abe7100aee708f4a2f81e	bcc3ffe35feb98956b9d19efd0dbc125
10408	e6781554319b66cff9f8e6653a28da49	c95a4611bf3abe7100aee708f4a2f81e	bcc3ffe35feb98956b9d19efd0dbc125
10409	e6781554319b66cff9f8e6653a28da49	c95a4611bf3abe7100aee708f4a2f81e	bcc3ffe35feb98956b9d19efd0dbc125
10410	e6781554319b66cff9f8e6653a28da49	c95a4611bf3abe7100aee708f4a2f81e	bcc3ffe35feb98956b9d19efd0dbc125
10411	e6781554319b66cff9f8e6653a28da49	c95a4611bf3abe7100aee708f4a2f81e	bcc3ffe35feb98956b9d19efd0dbc125
10412	e6781554319b66cff9f8e6653a28da49	c95a4611bf3abe7100aee708f4a2f81e	bcc3ffe35feb98956b9d19efd0dbc125
10413	e6781554319b66cff9f8e6653a28da49	c95a4611bf3abe7100aee708f4a2f81e	bcc3ffe35feb98956b9d19efd0dbc125
10414	e6781554319b66cff9f8e6653a28da49	c95a4611bf3abe7100aee708f4a2f81e	bcc3ffe35feb98956b9d19efd0dbc125
10415	2655950f1cbe3145e54d78e6061278af	29b4ef15fe0b56031ffc9583ffda6428	b284fd3d6c9811b732f8675386718003
10416	2655950f1cbe3145e54d78e6061278af	29b4ef15fe0b56031ffc9583ffda6428	b284fd3d6c9811b732f8675386718003
10417	2655950f1cbe3145e54d78e6061278af	29b4ef15fe0b56031ffc9583ffda6428	b284fd3d6c9811b732f8675386718003
10418	2655950f1cbe3145e54d78e6061278af	29b4ef15fe0b56031ffc9583ffda6428	b284fd3d6c9811b732f8675386718003
10419	2655950f1cbe3145e54d78e6061278af	29b4ef15fe0b56031ffc9583ffda6428	b284fd3d6c9811b732f8675386718003
10420	2655950f1cbe3145e54d78e6061278af	29b4ef15fe0b56031ffc9583ffda6428	b284fd3d6c9811b732f8675386718003
10421	2655950f1cbe3145e54d78e6061278af	29b4ef15fe0b56031ffc9583ffda6428	b284fd3d6c9811b732f8675386718003
10422	a80b0515c2389d04836f5931e62626c3	d4546b04a5cb08d843a1c2e525410584	2333a37680795a8468d942b719c0aedb
10423	a80b0515c2389d04836f5931e62626c3	d4546b04a5cb08d843a1c2e525410584	2333a37680795a8468d942b719c0aedb
10424	a80b0515c2389d04836f5931e62626c3	d4546b04a5cb08d843a1c2e525410584	2333a37680795a8468d942b719c0aedb
10425	a80b0515c2389d04836f5931e62626c3	d4546b04a5cb08d843a1c2e525410584	2333a37680795a8468d942b719c0aedb
10426	a80b0515c2389d04836f5931e62626c3	d4546b04a5cb08d843a1c2e525410584	2333a37680795a8468d942b719c0aedb
10427	0562a14516d56a5299d6a7dfcb6ac607	981839be1fba183293ef2b68dbb975c8	5ce4d1518963d29cbe11d5e909e8a7d3
10428	0562a14516d56a5299d6a7dfcb6ac607	981839be1fba183293ef2b68dbb975c8	5ce4d1518963d29cbe11d5e909e8a7d3
10429	0562a14516d56a5299d6a7dfcb6ac607	981839be1fba183293ef2b68dbb975c8	5ce4d1518963d29cbe11d5e909e8a7d3
10430	0562a14516d56a5299d6a7dfcb6ac607	981839be1fba183293ef2b68dbb975c8	5ce4d1518963d29cbe11d5e909e8a7d3
10431	0562a14516d56a5299d6a7dfcb6ac607	981839be1fba183293ef2b68dbb975c8	5ce4d1518963d29cbe11d5e909e8a7d3
10432	0562a14516d56a5299d6a7dfcb6ac607	981839be1fba183293ef2b68dbb975c8	5ce4d1518963d29cbe11d5e909e8a7d3
10433	0562a14516d56a5299d6a7dfcb6ac607	981839be1fba183293ef2b68dbb975c8	5ce4d1518963d29cbe11d5e909e8a7d3
10434	0562a14516d56a5299d6a7dfcb6ac607	981839be1fba183293ef2b68dbb975c8	5ce4d1518963d29cbe11d5e909e8a7d3
10435	0562a14516d56a5299d6a7dfcb6ac607	981839be1fba183293ef2b68dbb975c8	5ce4d1518963d29cbe11d5e909e8a7d3
10436	0562a14516d56a5299d6a7dfcb6ac607	981839be1fba183293ef2b68dbb975c8	5ce4d1518963d29cbe11d5e909e8a7d3
10437	0562a14516d56a5299d6a7dfcb6ac607	981839be1fba183293ef2b68dbb975c8	5ce4d1518963d29cbe11d5e909e8a7d3
10438	0562a14516d56a5299d6a7dfcb6ac607	981839be1fba183293ef2b68dbb975c8	5ce4d1518963d29cbe11d5e909e8a7d3
10439	0562a14516d56a5299d6a7dfcb6ac607	981839be1fba183293ef2b68dbb975c8	5ce4d1518963d29cbe11d5e909e8a7d3
10440	0562a14516d56a5299d6a7dfcb6ac607	981839be1fba183293ef2b68dbb975c8	5ce4d1518963d29cbe11d5e909e8a7d3
10441	0562a14516d56a5299d6a7dfcb6ac607	981839be1fba183293ef2b68dbb975c8	5ce4d1518963d29cbe11d5e909e8a7d3
10442	0562a14516d56a5299d6a7dfcb6ac607	981839be1fba183293ef2b68dbb975c8	5ce4d1518963d29cbe11d5e909e8a7d3
10443	0562a14516d56a5299d6a7dfcb6ac607	981839be1fba183293ef2b68dbb975c8	5ce4d1518963d29cbe11d5e909e8a7d3
10444	916ad57856652256aa0ecfad03c7f6e9	6fbc51b4411f11e6a55503c4bf90c2d6	aad5dad231b007e2ce6520b5f565e4a9
10445	916ad57856652256aa0ecfad03c7f6e9	6fbc51b4411f11e6a55503c4bf90c2d6	aad5dad231b007e2ce6520b5f565e4a9
10446	916ad57856652256aa0ecfad03c7f6e9	6fbc51b4411f11e6a55503c4bf90c2d6	aad5dad231b007e2ce6520b5f565e4a9
10447	916ad57856652256aa0ecfad03c7f6e9	6fbc51b4411f11e6a55503c4bf90c2d6	aad5dad231b007e2ce6520b5f565e4a9
10448	916ad57856652256aa0ecfad03c7f6e9	6fbc51b4411f11e6a55503c4bf90c2d6	aad5dad231b007e2ce6520b5f565e4a9
10449	916ad57856652256aa0ecfad03c7f6e9	6fbc51b4411f11e6a55503c4bf90c2d6	aad5dad231b007e2ce6520b5f565e4a9
10450	916ad57856652256aa0ecfad03c7f6e9	6fbc51b4411f11e6a55503c4bf90c2d6	aad5dad231b007e2ce6520b5f565e4a9
10451	c2275deb2b575474af403f19dce79fc9	2f834a27af83a7a81b8fffcb6999d826	f7a348cfc66c9e16bcc4ca7e1995f0c5
10452	c2275deb2b575474af403f19dce79fc9	2f834a27af83a7a81b8fffcb6999d826	f7a348cfc66c9e16bcc4ca7e1995f0c5
10453	c2275deb2b575474af403f19dce79fc9	2f834a27af83a7a81b8fffcb6999d826	f7a348cfc66c9e16bcc4ca7e1995f0c5
10454	e2b977eabc9e5458f86ed3468c6d8466	b146538ff0656ec4c5d58646057ce3dd	4ad778d2f959d0e05323ef7aeaa5c246
10455	e2b977eabc9e5458f86ed3468c6d8466	b146538ff0656ec4c5d58646057ce3dd	4ad778d2f959d0e05323ef7aeaa5c246
10456	e6ea4a7abb68482ffc5c51328f8d6a7f	f95eca5e7dced24168821295ab015aa8	b31718fbbd8313e7d16d3248f1d47067
10457	e6ea4a7abb68482ffc5c51328f8d6a7f	f95eca5e7dced24168821295ab015aa8	b31718fbbd8313e7d16d3248f1d47067
10458	e6ea4a7abb68482ffc5c51328f8d6a7f	f95eca5e7dced24168821295ab015aa8	b31718fbbd8313e7d16d3248f1d47067
10459	e6ea4a7abb68482ffc5c51328f8d6a7f	f95eca5e7dced24168821295ab015aa8	b31718fbbd8313e7d16d3248f1d47067
10460	e6ea4a7abb68482ffc5c51328f8d6a7f	f95eca5e7dced24168821295ab015aa8	b31718fbbd8313e7d16d3248f1d47067
10461	e6ea4a7abb68482ffc5c51328f8d6a7f	f95eca5e7dced24168821295ab015aa8	b31718fbbd8313e7d16d3248f1d47067
10462	e6ea4a7abb68482ffc5c51328f8d6a7f	f95eca5e7dced24168821295ab015aa8	b31718fbbd8313e7d16d3248f1d47067
10463	01de468db52a5ab844c5031eb4048fec	e7a8316fdedb2424b7b6772d4383262f	ef1d2cf99d0b90b04967c6e21dbff72c
10464	01de468db52a5ab844c5031eb4048fec	e7a8316fdedb2424b7b6772d4383262f	ef1d2cf99d0b90b04967c6e21dbff72c
10465	01de468db52a5ab844c5031eb4048fec	e7a8316fdedb2424b7b6772d4383262f	ef1d2cf99d0b90b04967c6e21dbff72c
10466	3af6ead6ac786bcc533550af2e6fbb48	18c2f1872d644738d664d29a28c7942b	a27fb57d77eb151e9960e2d0f05feefc
10467	3af6ead6ac786bcc533550af2e6fbb48	18c2f1872d644738d664d29a28c7942b	a27fb57d77eb151e9960e2d0f05feefc
10468	38101ae59a76d4618b3fb9d7988535ab	0a4d9b4ac85c5cbf6fd9a8b0ad56af14	12b51bab399ac833ff88e6296fec01c7
10469	38101ae59a76d4618b3fb9d7988535ab	0a4d9b4ac85c5cbf6fd9a8b0ad56af14	12b51bab399ac833ff88e6296fec01c7
10470	38101ae59a76d4618b3fb9d7988535ab	0a4d9b4ac85c5cbf6fd9a8b0ad56af14	12b51bab399ac833ff88e6296fec01c7
10471	38101ae59a76d4618b3fb9d7988535ab	0a4d9b4ac85c5cbf6fd9a8b0ad56af14	12b51bab399ac833ff88e6296fec01c7
10472	38101ae59a76d4618b3fb9d7988535ab	0a4d9b4ac85c5cbf6fd9a8b0ad56af14	12b51bab399ac833ff88e6296fec01c7
10473	38101ae59a76d4618b3fb9d7988535ab	0a4d9b4ac85c5cbf6fd9a8b0ad56af14	12b51bab399ac833ff88e6296fec01c7
10474	38101ae59a76d4618b3fb9d7988535ab	0a4d9b4ac85c5cbf6fd9a8b0ad56af14	12b51bab399ac833ff88e6296fec01c7
10475	1d2ae4393541456da3fb31cb40c7cbae	a4b3d076a226802382930b073db8c20d	5956676659d34cf3c4d80f92c7101d4a
10476	1d2ae4393541456da3fb31cb40c7cbae	a4b3d076a226802382930b073db8c20d	5956676659d34cf3c4d80f92c7101d4a
10477	1d2ae4393541456da3fb31cb40c7cbae	a4b3d076a226802382930b073db8c20d	5956676659d34cf3c4d80f92c7101d4a
10478	1d2ae4393541456da3fb31cb40c7cbae	a4b3d076a226802382930b073db8c20d	5956676659d34cf3c4d80f92c7101d4a
10479	1d2ae4393541456da3fb31cb40c7cbae	a4b3d076a226802382930b073db8c20d	5956676659d34cf3c4d80f92c7101d4a
10480	1d2ae4393541456da3fb31cb40c7cbae	a4b3d076a226802382930b073db8c20d	5956676659d34cf3c4d80f92c7101d4a
10481	1d2ae4393541456da3fb31cb40c7cbae	a4b3d076a226802382930b073db8c20d	5956676659d34cf3c4d80f92c7101d4a
10482	1d2ae4393541456da3fb31cb40c7cbae	a4b3d076a226802382930b073db8c20d	5956676659d34cf3c4d80f92c7101d4a
10483	1d2ae4393541456da3fb31cb40c7cbae	a4b3d076a226802382930b073db8c20d	5956676659d34cf3c4d80f92c7101d4a
10484	1d2ae4393541456da3fb31cb40c7cbae	a4b3d076a226802382930b073db8c20d	5956676659d34cf3c4d80f92c7101d4a
10485	a91ad272800b93958c4a214890076f26	69db5d728dbdd64b9886d534c5e4c065	b786962b3a2275b5064c78f370eec096
10486	a91ad272800b93958c4a214890076f26	69db5d728dbdd64b9886d534c5e4c065	b786962b3a2275b5064c78f370eec096
10487	a91ad272800b93958c4a214890076f26	69db5d728dbdd64b9886d534c5e4c065	b786962b3a2275b5064c78f370eec096
10488	a91ad272800b93958c4a214890076f26	69db5d728dbdd64b9886d534c5e4c065	b786962b3a2275b5064c78f370eec096
10489	a91ad272800b93958c4a214890076f26	69db5d728dbdd64b9886d534c5e4c065	b786962b3a2275b5064c78f370eec096
10490	a91ad272800b93958c4a214890076f26	69db5d728dbdd64b9886d534c5e4c065	b786962b3a2275b5064c78f370eec096
10491	a91ad272800b93958c4a214890076f26	69db5d728dbdd64b9886d534c5e4c065	b786962b3a2275b5064c78f370eec096
10492	b0f80c34624efba018441cb0c828c73a	52508303cf1c2b5c8f419e8c124c0a21	963122f13609e51056a35115d944a15a
10493	b0f80c34624efba018441cb0c828c73a	52508303cf1c2b5c8f419e8c124c0a21	963122f13609e51056a35115d944a15a
10494	b0f80c34624efba018441cb0c828c73a	52508303cf1c2b5c8f419e8c124c0a21	963122f13609e51056a35115d944a15a
10495	b0f80c34624efba018441cb0c828c73a	52508303cf1c2b5c8f419e8c124c0a21	963122f13609e51056a35115d944a15a
10496	b0f80c34624efba018441cb0c828c73a	52508303cf1c2b5c8f419e8c124c0a21	963122f13609e51056a35115d944a15a
10497	23ed166dbfe4be7644bff145f0cd5467	cd98e18d1c32a806690f1488150893e8	0478c6680c15bf1431c248505c01a443
10498	23ed166dbfe4be7644bff145f0cd5467	cd98e18d1c32a806690f1488150893e8	0478c6680c15bf1431c248505c01a443
10499	23ed166dbfe4be7644bff145f0cd5467	cd98e18d1c32a806690f1488150893e8	0478c6680c15bf1431c248505c01a443
10500	23ed166dbfe4be7644bff145f0cd5467	cd98e18d1c32a806690f1488150893e8	0478c6680c15bf1431c248505c01a443
10501	23ed166dbfe4be7644bff145f0cd5467	cd98e18d1c32a806690f1488150893e8	0478c6680c15bf1431c248505c01a443
10502	23ed166dbfe4be7644bff145f0cd5467	cd98e18d1c32a806690f1488150893e8	0478c6680c15bf1431c248505c01a443
10503	23ed166dbfe4be7644bff145f0cd5467	cd98e18d1c32a806690f1488150893e8	0478c6680c15bf1431c248505c01a443
10504	4caf1ebbc5f47b3f62777fa0ba497953	87ac19a859d697a1bc93463ea04b633c	ec2185557c3cd7d96bccf942fd60a417
10505	4caf1ebbc5f47b3f62777fa0ba497953	87ac19a859d697a1bc93463ea04b633c	ec2185557c3cd7d96bccf942fd60a417
10506	4caf1ebbc5f47b3f62777fa0ba497953	87ac19a859d697a1bc93463ea04b633c	ec2185557c3cd7d96bccf942fd60a417
10507	4caf1ebbc5f47b3f62777fa0ba497953	87ac19a859d697a1bc93463ea04b633c	ec2185557c3cd7d96bccf942fd60a417
10508	4caf1ebbc5f47b3f62777fa0ba497953	87ac19a859d697a1bc93463ea04b633c	ec2185557c3cd7d96bccf942fd60a417
10509	3a9fb6eafc9f403ba5f89582d29197e3	8dab5fc6fc6873adbd9903b0aa7de0cc	4943a5ff9ae3f11ba1de8875cc33892b
10510	3a9fb6eafc9f403ba5f89582d29197e3	8dab5fc6fc6873adbd9903b0aa7de0cc	4943a5ff9ae3f11ba1de8875cc33892b
10511	3a9fb6eafc9f403ba5f89582d29197e3	8dab5fc6fc6873adbd9903b0aa7de0cc	4943a5ff9ae3f11ba1de8875cc33892b
10512	c2c09fc800ed4baa9dcd8a2cdb056bf9	94b80aa8432a013a60934e0c73e7f5f6	0ffca44d30790ed2cf8e96982e0259c1
10513	c2c09fc800ed4baa9dcd8a2cdb056bf9	94b80aa8432a013a60934e0c73e7f5f6	0ffca44d30790ed2cf8e96982e0259c1
10514	e4ce9d1f135da0ea43b8eb291eb6b96d	c621a6ac8919c2aacafacca1fd2d470a	795dba324f4f34e4f2ea2bd4d983d389
10515	e4ce9d1f135da0ea43b8eb291eb6b96d	c621a6ac8919c2aacafacca1fd2d470a	795dba324f4f34e4f2ea2bd4d983d389
10516	e4ce9d1f135da0ea43b8eb291eb6b96d	c621a6ac8919c2aacafacca1fd2d470a	795dba324f4f34e4f2ea2bd4d983d389
10517	e4ce9d1f135da0ea43b8eb291eb6b96d	c621a6ac8919c2aacafacca1fd2d470a	795dba324f4f34e4f2ea2bd4d983d389
10518	e4ce9d1f135da0ea43b8eb291eb6b96d	c621a6ac8919c2aacafacca1fd2d470a	795dba324f4f34e4f2ea2bd4d983d389
10519	e4ce9d1f135da0ea43b8eb291eb6b96d	c621a6ac8919c2aacafacca1fd2d470a	795dba324f4f34e4f2ea2bd4d983d389
10520	e4ce9d1f135da0ea43b8eb291eb6b96d	c621a6ac8919c2aacafacca1fd2d470a	795dba324f4f34e4f2ea2bd4d983d389
10521	bd13a822073d32b4821672b1bab2d0e8	a4a9bc6a6322494059a28deaeb119e4b	b9c3a5ed781b365671c2cf01224bbdb4
10522	bd13a822073d32b4821672b1bab2d0e8	a4a9bc6a6322494059a28deaeb119e4b	b9c3a5ed781b365671c2cf01224bbdb4
10523	bd13a822073d32b4821672b1bab2d0e8	a4a9bc6a6322494059a28deaeb119e4b	b9c3a5ed781b365671c2cf01224bbdb4
10524	bd13a822073d32b4821672b1bab2d0e8	a4a9bc6a6322494059a28deaeb119e4b	b9c3a5ed781b365671c2cf01224bbdb4
10525	bd13a822073d32b4821672b1bab2d0e8	a4a9bc6a6322494059a28deaeb119e4b	b9c3a5ed781b365671c2cf01224bbdb4
10526	43f69145bc22a51b52693c957fc44568	068f457d22bf05f5a32aa8b658fbf373	04dca1f7c92c75f102e579b4f6f5c93c
10527	43f69145bc22a51b52693c957fc44568	068f457d22bf05f5a32aa8b658fbf373	04dca1f7c92c75f102e579b4f6f5c93c
10528	43f69145bc22a51b52693c957fc44568	068f457d22bf05f5a32aa8b658fbf373	04dca1f7c92c75f102e579b4f6f5c93c
10529	f14f2a463fd1e0a6c8f0fde836e29e7f	11ce64007cb96da6cadbebd0bd323fd0	c0a3d1aad3b667a40f5a695eca99ec8b
10530	f14f2a463fd1e0a6c8f0fde836e29e7f	11ce64007cb96da6cadbebd0bd323fd0	c0a3d1aad3b667a40f5a695eca99ec8b
10531	16fb71131b81754aa8b867d9d14a1f25	9df4d06cb3ff3acaa13073e1e50fec72	4c4fd7ff88e9d1c62dad71c41a9f228d
10532	16fb71131b81754aa8b867d9d14a1f25	9df4d06cb3ff3acaa13073e1e50fec72	4c4fd7ff88e9d1c62dad71c41a9f228d
10533	43f69145bc22a51b52693c957fc44568	068f457d22bf05f5a32aa8b658fbf373	04dca1f7c92c75f102e579b4f6f5c93c
10534	43f69145bc22a51b52693c957fc44568	068f457d22bf05f5a32aa8b658fbf373	04dca1f7c92c75f102e579b4f6f5c93c
10535	43f69145bc22a51b52693c957fc44568	068f457d22bf05f5a32aa8b658fbf373	04dca1f7c92c75f102e579b4f6f5c93c
10536	ce3d0714f4de1cd3f386f31a821e47ec	c2903bc1c57819fda0286a5479af6ad7	a110c35fe6af81efc1a069fb3998c734
10537	43f69145bc22a51b52693c957fc44568	068f457d22bf05f5a32aa8b658fbf373	04dca1f7c92c75f102e579b4f6f5c93c
10538	faa23592c41c56e7fd4363d6b20055b7	d67bc1f269e06a99d051a239c5bc66c0	087a4b28c0b504d18242f3356b751de3
10539	faa23592c41c56e7fd4363d6b20055b7	d67bc1f269e06a99d051a239c5bc66c0	087a4b28c0b504d18242f3356b751de3
10540	faa23592c41c56e7fd4363d6b20055b7	d67bc1f269e06a99d051a239c5bc66c0	087a4b28c0b504d18242f3356b751de3
10541	faa23592c41c56e7fd4363d6b20055b7	d67bc1f269e06a99d051a239c5bc66c0	087a4b28c0b504d18242f3356b751de3
10542	faa23592c41c56e7fd4363d6b20055b7	d67bc1f269e06a99d051a239c5bc66c0	087a4b28c0b504d18242f3356b751de3
10543	faa23592c41c56e7fd4363d6b20055b7	d67bc1f269e06a99d051a239c5bc66c0	087a4b28c0b504d18242f3356b751de3
10544	faa23592c41c56e7fd4363d6b20055b7	d67bc1f269e06a99d051a239c5bc66c0	087a4b28c0b504d18242f3356b751de3
10545	faa23592c41c56e7fd4363d6b20055b7	d67bc1f269e06a99d051a239c5bc66c0	087a4b28c0b504d18242f3356b751de3
10546	faa23592c41c56e7fd4363d6b20055b7	d67bc1f269e06a99d051a239c5bc66c0	087a4b28c0b504d18242f3356b751de3
10547	faa23592c41c56e7fd4363d6b20055b7	d67bc1f269e06a99d051a239c5bc66c0	087a4b28c0b504d18242f3356b751de3
10548	faa23592c41c56e7fd4363d6b20055b7	d67bc1f269e06a99d051a239c5bc66c0	087a4b28c0b504d18242f3356b751de3
10549	faa23592c41c56e7fd4363d6b20055b7	d67bc1f269e06a99d051a239c5bc66c0	087a4b28c0b504d18242f3356b751de3
10550	176df0538f760912d6d3f979a143a8d7	0d85cf1be723344240bd3a6aedc7d688	caa135307a47dd68d0f0ca9f8ee94483
10551	176df0538f760912d6d3f979a143a8d7	0d85cf1be723344240bd3a6aedc7d688	caa135307a47dd68d0f0ca9f8ee94483
10552	176df0538f760912d6d3f979a143a8d7	0d85cf1be723344240bd3a6aedc7d688	caa135307a47dd68d0f0ca9f8ee94483
10553	176df0538f760912d6d3f979a143a8d7	0d85cf1be723344240bd3a6aedc7d688	caa135307a47dd68d0f0ca9f8ee94483
10554	176df0538f760912d6d3f979a143a8d7	0d85cf1be723344240bd3a6aedc7d688	caa135307a47dd68d0f0ca9f8ee94483
10555	69e2c1b7c5fbe4c26752f17689ef7e91	01dbd9c5477d7ea29f13d93b5ce25a4e	0b896778a22078e0fb60477eafba06fd
10556	69e2c1b7c5fbe4c26752f17689ef7e91	01dbd9c5477d7ea29f13d93b5ce25a4e	0b896778a22078e0fb60477eafba06fd
10557	69e2c1b7c5fbe4c26752f17689ef7e91	01dbd9c5477d7ea29f13d93b5ce25a4e	0b896778a22078e0fb60477eafba06fd
10558	69e2c1b7c5fbe4c26752f17689ef7e91	01dbd9c5477d7ea29f13d93b5ce25a4e	0b896778a22078e0fb60477eafba06fd
10559	69e2c1b7c5fbe4c26752f17689ef7e91	01dbd9c5477d7ea29f13d93b5ce25a4e	0b896778a22078e0fb60477eafba06fd
10560	69e2c1b7c5fbe4c26752f17689ef7e91	01dbd9c5477d7ea29f13d93b5ce25a4e	0b896778a22078e0fb60477eafba06fd
10561	69e2c1b7c5fbe4c26752f17689ef7e91	01dbd9c5477d7ea29f13d93b5ce25a4e	0b896778a22078e0fb60477eafba06fd
10562	69e2c1b7c5fbe4c26752f17689ef7e91	01dbd9c5477d7ea29f13d93b5ce25a4e	0b896778a22078e0fb60477eafba06fd
10563	69e2c1b7c5fbe4c26752f17689ef7e91	01dbd9c5477d7ea29f13d93b5ce25a4e	0b896778a22078e0fb60477eafba06fd
10564	69e2c1b7c5fbe4c26752f17689ef7e91	01dbd9c5477d7ea29f13d93b5ce25a4e	0b896778a22078e0fb60477eafba06fd
10565	69e2c1b7c5fbe4c26752f17689ef7e91	01dbd9c5477d7ea29f13d93b5ce25a4e	0b896778a22078e0fb60477eafba06fd
10566	69e2c1b7c5fbe4c26752f17689ef7e91	01dbd9c5477d7ea29f13d93b5ce25a4e	0b896778a22078e0fb60477eafba06fd
10567	7fdb3c6a8f67f24e9e1061d1ee265dab	b13538a24adfc92e24b89ca4bc58305c	cea230b872cc67d62c2a25937fad063b
10568	7fdb3c6a8f67f24e9e1061d1ee265dab	b13538a24adfc92e24b89ca4bc58305c	cea230b872cc67d62c2a25937fad063b
10569	7fdb3c6a8f67f24e9e1061d1ee265dab	b13538a24adfc92e24b89ca4bc58305c	cea230b872cc67d62c2a25937fad063b
10570	7fdb3c6a8f67f24e9e1061d1ee265dab	b13538a24adfc92e24b89ca4bc58305c	cea230b872cc67d62c2a25937fad063b
10571	7fdb3c6a8f67f24e9e1061d1ee265dab	b13538a24adfc92e24b89ca4bc58305c	cea230b872cc67d62c2a25937fad063b
10572	7fdb3c6a8f67f24e9e1061d1ee265dab	b13538a24adfc92e24b89ca4bc58305c	cea230b872cc67d62c2a25937fad063b
10573	7fdb3c6a8f67f24e9e1061d1ee265dab	b13538a24adfc92e24b89ca4bc58305c	cea230b872cc67d62c2a25937fad063b
10574	383cafbec59b6d1f3c8ebf7f658297e5	c9fd1164b9fabb51e1c6ac2d151c5aca	61b5816522f4a35564bfe981e511b2b1
10575	383cafbec59b6d1f3c8ebf7f658297e5	c9fd1164b9fabb51e1c6ac2d151c5aca	61b5816522f4a35564bfe981e511b2b1
10576	383cafbec59b6d1f3c8ebf7f658297e5	c9fd1164b9fabb51e1c6ac2d151c5aca	61b5816522f4a35564bfe981e511b2b1
10577	383cafbec59b6d1f3c8ebf7f658297e5	c9fd1164b9fabb51e1c6ac2d151c5aca	61b5816522f4a35564bfe981e511b2b1
10578	383cafbec59b6d1f3c8ebf7f658297e5	c9fd1164b9fabb51e1c6ac2d151c5aca	61b5816522f4a35564bfe981e511b2b1
10579	383cafbec59b6d1f3c8ebf7f658297e5	c9fd1164b9fabb51e1c6ac2d151c5aca	61b5816522f4a35564bfe981e511b2b1
10580	383cafbec59b6d1f3c8ebf7f658297e5	c9fd1164b9fabb51e1c6ac2d151c5aca	61b5816522f4a35564bfe981e511b2b1
10581	383cafbec59b6d1f3c8ebf7f658297e5	c9fd1164b9fabb51e1c6ac2d151c5aca	61b5816522f4a35564bfe981e511b2b1
10582	383cafbec59b6d1f3c8ebf7f658297e5	c9fd1164b9fabb51e1c6ac2d151c5aca	61b5816522f4a35564bfe981e511b2b1
10583	383cafbec59b6d1f3c8ebf7f658297e5	c9fd1164b9fabb51e1c6ac2d151c5aca	61b5816522f4a35564bfe981e511b2b1
10584	3597890be1faccb45bdeea009cce785f	a81cd9efb60683f8302520e87f79a450	13c3a46cc4b34518645fc118b3d7ea3f
10585	3597890be1faccb45bdeea009cce785f	a81cd9efb60683f8302520e87f79a450	13c3a46cc4b34518645fc118b3d7ea3f
10586	3597890be1faccb45bdeea009cce785f	a81cd9efb60683f8302520e87f79a450	13c3a46cc4b34518645fc118b3d7ea3f
10587	3597890be1faccb45bdeea009cce785f	a81cd9efb60683f8302520e87f79a450	13c3a46cc4b34518645fc118b3d7ea3f
10588	3597890be1faccb45bdeea009cce785f	a81cd9efb60683f8302520e87f79a450	13c3a46cc4b34518645fc118b3d7ea3f
10589	3597890be1faccb45bdeea009cce785f	a81cd9efb60683f8302520e87f79a450	13c3a46cc4b34518645fc118b3d7ea3f
10590	3597890be1faccb45bdeea009cce785f	a81cd9efb60683f8302520e87f79a450	13c3a46cc4b34518645fc118b3d7ea3f
10591	368f12fafad402da06c2116705cfd05d	b79b6350c85dbcfa7558aa37c728275a	e0f002f517d1c24ec52b3a387f7bd7ad
10592	368f12fafad402da06c2116705cfd05d	b79b6350c85dbcfa7558aa37c728275a	e0f002f517d1c24ec52b3a387f7bd7ad
10593	368f12fafad402da06c2116705cfd05d	b79b6350c85dbcfa7558aa37c728275a	e0f002f517d1c24ec52b3a387f7bd7ad
10594	368f12fafad402da06c2116705cfd05d	b79b6350c85dbcfa7558aa37c728275a	e0f002f517d1c24ec52b3a387f7bd7ad
10595	368f12fafad402da06c2116705cfd05d	b79b6350c85dbcfa7558aa37c728275a	e0f002f517d1c24ec52b3a387f7bd7ad
10596	b091e89bea218aecac62840a535e3394	5b11ad3967d07ef83cd4a8fc655f9bc7	3cda4e1169f8f2e8002a9c9931d1e14c
10597	b091e89bea218aecac62840a535e3394	5b11ad3967d07ef83cd4a8fc655f9bc7	3cda4e1169f8f2e8002a9c9931d1e14c
10598	b091e89bea218aecac62840a535e3394	5b11ad3967d07ef83cd4a8fc655f9bc7	3cda4e1169f8f2e8002a9c9931d1e14c
10599	b091e89bea218aecac62840a535e3394	5b11ad3967d07ef83cd4a8fc655f9bc7	3cda4e1169f8f2e8002a9c9931d1e14c
10600	b091e89bea218aecac62840a535e3394	5b11ad3967d07ef83cd4a8fc655f9bc7	3cda4e1169f8f2e8002a9c9931d1e14c
10601	b091e89bea218aecac62840a535e3394	5b11ad3967d07ef83cd4a8fc655f9bc7	3cda4e1169f8f2e8002a9c9931d1e14c
10602	b091e89bea218aecac62840a535e3394	5b11ad3967d07ef83cd4a8fc655f9bc7	3cda4e1169f8f2e8002a9c9931d1e14c
10603	b091e89bea218aecac62840a535e3394	5b11ad3967d07ef83cd4a8fc655f9bc7	3cda4e1169f8f2e8002a9c9931d1e14c
10604	b091e89bea218aecac62840a535e3394	5b11ad3967d07ef83cd4a8fc655f9bc7	3cda4e1169f8f2e8002a9c9931d1e14c
10605	b091e89bea218aecac62840a535e3394	5b11ad3967d07ef83cd4a8fc655f9bc7	3cda4e1169f8f2e8002a9c9931d1e14c
10606	b091e89bea218aecac62840a535e3394	5b11ad3967d07ef83cd4a8fc655f9bc7	3cda4e1169f8f2e8002a9c9931d1e14c
10607	b091e89bea218aecac62840a535e3394	5b11ad3967d07ef83cd4a8fc655f9bc7	3cda4e1169f8f2e8002a9c9931d1e14c
10608	b091e89bea218aecac62840a535e3394	5b11ad3967d07ef83cd4a8fc655f9bc7	3cda4e1169f8f2e8002a9c9931d1e14c
10609	b091e89bea218aecac62840a535e3394	5b11ad3967d07ef83cd4a8fc655f9bc7	3cda4e1169f8f2e8002a9c9931d1e14c
10610	b091e89bea218aecac62840a535e3394	5b11ad3967d07ef83cd4a8fc655f9bc7	3cda4e1169f8f2e8002a9c9931d1e14c
10611	b091e89bea218aecac62840a535e3394	5b11ad3967d07ef83cd4a8fc655f9bc7	3cda4e1169f8f2e8002a9c9931d1e14c
10612	b091e89bea218aecac62840a535e3394	5b11ad3967d07ef83cd4a8fc655f9bc7	3cda4e1169f8f2e8002a9c9931d1e14c
10613	f1de9eeb5003716f4447099793b93c5e	28bce55c9b787bb9d15924ab97b48e8d	cd6708db3234345d8e400d667e08bca2
10614	f1de9eeb5003716f4447099793b93c5e	28bce55c9b787bb9d15924ab97b48e8d	cd6708db3234345d8e400d667e08bca2
10615	f1de9eeb5003716f4447099793b93c5e	28bce55c9b787bb9d15924ab97b48e8d	cd6708db3234345d8e400d667e08bca2
10616	f1de9eeb5003716f4447099793b93c5e	28bce55c9b787bb9d15924ab97b48e8d	cd6708db3234345d8e400d667e08bca2
10617	f1de9eeb5003716f4447099793b93c5e	28bce55c9b787bb9d15924ab97b48e8d	cd6708db3234345d8e400d667e08bca2
10618	f1de9eeb5003716f4447099793b93c5e	28bce55c9b787bb9d15924ab97b48e8d	cd6708db3234345d8e400d667e08bca2
10619	f1de9eeb5003716f4447099793b93c5e	28bce55c9b787bb9d15924ab97b48e8d	cd6708db3234345d8e400d667e08bca2
10620	a149fabedc5221e2b01e29edc3c1fa32	cdc7444159b1694a2c35e604d9c94a29	c2d8bdf1a9a0668c7d060aadabd1e7ae
10621	a149fabedc5221e2b01e29edc3c1fa32	cdc7444159b1694a2c35e604d9c94a29	c2d8bdf1a9a0668c7d060aadabd1e7ae
10622	a149fabedc5221e2b01e29edc3c1fa32	cdc7444159b1694a2c35e604d9c94a29	c2d8bdf1a9a0668c7d060aadabd1e7ae
10623	a149fabedc5221e2b01e29edc3c1fa32	cdc7444159b1694a2c35e604d9c94a29	c2d8bdf1a9a0668c7d060aadabd1e7ae
10624	a149fabedc5221e2b01e29edc3c1fa32	cdc7444159b1694a2c35e604d9c94a29	c2d8bdf1a9a0668c7d060aadabd1e7ae
10625	cbb55e47a0dc92b32a049c84a42d08ee	f94a61f18dfa493de3b3c7fed11c788d	32441a6d3e3ac3bb664bfcd6cfb3ba2e
10626	cbb55e47a0dc92b32a049c84a42d08ee	f94a61f18dfa493de3b3c7fed11c788d	32441a6d3e3ac3bb664bfcd6cfb3ba2e
10627	cbb55e47a0dc92b32a049c84a42d08ee	f94a61f18dfa493de3b3c7fed11c788d	32441a6d3e3ac3bb664bfcd6cfb3ba2e
10628	cbb55e47a0dc92b32a049c84a42d08ee	f94a61f18dfa493de3b3c7fed11c788d	32441a6d3e3ac3bb664bfcd6cfb3ba2e
10629	cbb55e47a0dc92b32a049c84a42d08ee	f94a61f18dfa493de3b3c7fed11c788d	32441a6d3e3ac3bb664bfcd6cfb3ba2e
10630	cbb55e47a0dc92b32a049c84a42d08ee	f94a61f18dfa493de3b3c7fed11c788d	32441a6d3e3ac3bb664bfcd6cfb3ba2e
10631	cbb55e47a0dc92b32a049c84a42d08ee	f94a61f18dfa493de3b3c7fed11c788d	32441a6d3e3ac3bb664bfcd6cfb3ba2e
10632	dcab0afa45ba75df45af6961f4d6a88a	8fb962f29fdf17b9950cccc1dad21319	c78f69269b83030de844bf2b60f0176e
10633	dcab0afa45ba75df45af6961f4d6a88a	8fb962f29fdf17b9950cccc1dad21319	c78f69269b83030de844bf2b60f0176e
10634	dcab0afa45ba75df45af6961f4d6a88a	8fb962f29fdf17b9950cccc1dad21319	c78f69269b83030de844bf2b60f0176e
10635	dcab0afa45ba75df45af6961f4d6a88a	8fb962f29fdf17b9950cccc1dad21319	c78f69269b83030de844bf2b60f0176e
10636	dcab0afa45ba75df45af6961f4d6a88a	8fb962f29fdf17b9950cccc1dad21319	c78f69269b83030de844bf2b60f0176e
10637	c2e3ceaf6b929de0fdcdf63c90077b1c	b44046b78faff44ca74ced95dd5b4fdf	255c65498b6d659a7be5e93d77c35b98
10638	c2e3ceaf6b929de0fdcdf63c90077b1c	b44046b78faff44ca74ced95dd5b4fdf	255c65498b6d659a7be5e93d77c35b98
10639	c2e3ceaf6b929de0fdcdf63c90077b1c	b44046b78faff44ca74ced95dd5b4fdf	255c65498b6d659a7be5e93d77c35b98
10640	c2e3ceaf6b929de0fdcdf63c90077b1c	b44046b78faff44ca74ced95dd5b4fdf	255c65498b6d659a7be5e93d77c35b98
10641	c2e3ceaf6b929de0fdcdf63c90077b1c	b44046b78faff44ca74ced95dd5b4fdf	255c65498b6d659a7be5e93d77c35b98
10642	c2e3ceaf6b929de0fdcdf63c90077b1c	b44046b78faff44ca74ced95dd5b4fdf	255c65498b6d659a7be5e93d77c35b98
10643	c2e3ceaf6b929de0fdcdf63c90077b1c	b44046b78faff44ca74ced95dd5b4fdf	255c65498b6d659a7be5e93d77c35b98
10644	c501f6190b2296a2c2ae3d27b512085c	9443210fd1171c4a155102f3a99b91cf	f377f4c5b7f5d340b28c0fe269992a58
10645	c501f6190b2296a2c2ae3d27b512085c	9443210fd1171c4a155102f3a99b91cf	f377f4c5b7f5d340b28c0fe269992a58
10646	c501f6190b2296a2c2ae3d27b512085c	9443210fd1171c4a155102f3a99b91cf	f377f4c5b7f5d340b28c0fe269992a58
10647	c501f6190b2296a2c2ae3d27b512085c	9443210fd1171c4a155102f3a99b91cf	f377f4c5b7f5d340b28c0fe269992a58
10648	c501f6190b2296a2c2ae3d27b512085c	9443210fd1171c4a155102f3a99b91cf	f377f4c5b7f5d340b28c0fe269992a58
10649	a4779ac9e9a017d882486f5b99448193	b1f867cb76c6fe2cf1fb47dde9d69c24	f86d50f45b28faa05053bd48edfa5303
10650	a4779ac9e9a017d882486f5b99448193	b1f867cb76c6fe2cf1fb47dde9d69c24	f86d50f45b28faa05053bd48edfa5303
10651	a4779ac9e9a017d882486f5b99448193	b1f867cb76c6fe2cf1fb47dde9d69c24	f86d50f45b28faa05053bd48edfa5303
10652	a4779ac9e9a017d882486f5b99448193	b1f867cb76c6fe2cf1fb47dde9d69c24	f86d50f45b28faa05053bd48edfa5303
10653	a4779ac9e9a017d882486f5b99448193	b1f867cb76c6fe2cf1fb47dde9d69c24	f86d50f45b28faa05053bd48edfa5303
10654	1080c248b6e24fb8129248092edaa3cc	1a191002e9a7a74402e9dc7d439bed1f	3f8f542f2cd64d1aa97f05f231bbdd28
10655	1080c248b6e24fb8129248092edaa3cc	1a191002e9a7a74402e9dc7d439bed1f	3f8f542f2cd64d1aa97f05f231bbdd28
10656	1080c248b6e24fb8129248092edaa3cc	1a191002e9a7a74402e9dc7d439bed1f	3f8f542f2cd64d1aa97f05f231bbdd28
10657	1080c248b6e24fb8129248092edaa3cc	1a191002e9a7a74402e9dc7d439bed1f	3f8f542f2cd64d1aa97f05f231bbdd28
10658	1080c248b6e24fb8129248092edaa3cc	1a191002e9a7a74402e9dc7d439bed1f	3f8f542f2cd64d1aa97f05f231bbdd28
10659	1080c248b6e24fb8129248092edaa3cc	1a191002e9a7a74402e9dc7d439bed1f	3f8f542f2cd64d1aa97f05f231bbdd28
10660	1080c248b6e24fb8129248092edaa3cc	1a191002e9a7a74402e9dc7d439bed1f	3f8f542f2cd64d1aa97f05f231bbdd28
10661	716dff9fb9f1c706f899265ef71fc84c	e5ed2c04d61f3a3e75eb7025c0504baf	18e11d981a2ee778c6c443cce28a4f38
10662	716dff9fb9f1c706f899265ef71fc84c	e5ed2c04d61f3a3e75eb7025c0504baf	18e11d981a2ee778c6c443cce28a4f38
10663	716dff9fb9f1c706f899265ef71fc84c	e5ed2c04d61f3a3e75eb7025c0504baf	18e11d981a2ee778c6c443cce28a4f38
10664	716dff9fb9f1c706f899265ef71fc84c	e5ed2c04d61f3a3e75eb7025c0504baf	18e11d981a2ee778c6c443cce28a4f38
10665	716dff9fb9f1c706f899265ef71fc84c	e5ed2c04d61f3a3e75eb7025c0504baf	18e11d981a2ee778c6c443cce28a4f38
10666	10d5ae16f5ad813d259d96a7e9875306	a4eebd7fc5ac4003b1e19d0e08f5e435	309609ddb3aeba69e36bee1c943019ee
10667	10d5ae16f5ad813d259d96a7e9875306	a4eebd7fc5ac4003b1e19d0e08f5e435	309609ddb3aeba69e36bee1c943019ee
10668	10d5ae16f5ad813d259d96a7e9875306	a4eebd7fc5ac4003b1e19d0e08f5e435	309609ddb3aeba69e36bee1c943019ee
10669	10d5ae16f5ad813d259d96a7e9875306	a4eebd7fc5ac4003b1e19d0e08f5e435	309609ddb3aeba69e36bee1c943019ee
10670	10d5ae16f5ad813d259d96a7e9875306	a4eebd7fc5ac4003b1e19d0e08f5e435	309609ddb3aeba69e36bee1c943019ee
10671	10d5ae16f5ad813d259d96a7e9875306	a4eebd7fc5ac4003b1e19d0e08f5e435	309609ddb3aeba69e36bee1c943019ee
10672	10d5ae16f5ad813d259d96a7e9875306	a4eebd7fc5ac4003b1e19d0e08f5e435	309609ddb3aeba69e36bee1c943019ee
10673	7101af5ef4bbb0ec5a35fee9b4d58dad	1733cb48245c6bb0fad99e6ff9c4c60a	2eddfe1d14a164062c7ae1b830830319
10674	7101af5ef4bbb0ec5a35fee9b4d58dad	1733cb48245c6bb0fad99e6ff9c4c60a	2eddfe1d14a164062c7ae1b830830319
10675	7101af5ef4bbb0ec5a35fee9b4d58dad	1733cb48245c6bb0fad99e6ff9c4c60a	2eddfe1d14a164062c7ae1b830830319
10676	7101af5ef4bbb0ec5a35fee9b4d58dad	1733cb48245c6bb0fad99e6ff9c4c60a	2eddfe1d14a164062c7ae1b830830319
10677	7101af5ef4bbb0ec5a35fee9b4d58dad	1733cb48245c6bb0fad99e6ff9c4c60a	2eddfe1d14a164062c7ae1b830830319
10678	7101af5ef4bbb0ec5a35fee9b4d58dad	1733cb48245c6bb0fad99e6ff9c4c60a	2eddfe1d14a164062c7ae1b830830319
10679	7101af5ef4bbb0ec5a35fee9b4d58dad	1733cb48245c6bb0fad99e6ff9c4c60a	2eddfe1d14a164062c7ae1b830830319
10680	7101af5ef4bbb0ec5a35fee9b4d58dad	1733cb48245c6bb0fad99e6ff9c4c60a	2eddfe1d14a164062c7ae1b830830319
10681	7101af5ef4bbb0ec5a35fee9b4d58dad	1733cb48245c6bb0fad99e6ff9c4c60a	2eddfe1d14a164062c7ae1b830830319
10682	7101af5ef4bbb0ec5a35fee9b4d58dad	1733cb48245c6bb0fad99e6ff9c4c60a	2eddfe1d14a164062c7ae1b830830319
10683	6d968ef9247d7b16f6653a0923b8c7d7	5e881220bcdfbeb6466e09d1999638b8	b6d540924aff8c1cc2aaeea5928e4fc3
10684	6d968ef9247d7b16f6653a0923b8c7d7	5e881220bcdfbeb6466e09d1999638b8	b6d540924aff8c1cc2aaeea5928e4fc3
10685	6d968ef9247d7b16f6653a0923b8c7d7	5e881220bcdfbeb6466e09d1999638b8	b6d540924aff8c1cc2aaeea5928e4fc3
10686	6d968ef9247d7b16f6653a0923b8c7d7	5e881220bcdfbeb6466e09d1999638b8	b6d540924aff8c1cc2aaeea5928e4fc3
10687	6d968ef9247d7b16f6653a0923b8c7d7	5e881220bcdfbeb6466e09d1999638b8	b6d540924aff8c1cc2aaeea5928e4fc3
10688	6d968ef9247d7b16f6653a0923b8c7d7	5e881220bcdfbeb6466e09d1999638b8	b6d540924aff8c1cc2aaeea5928e4fc3
10689	6d968ef9247d7b16f6653a0923b8c7d7	5e881220bcdfbeb6466e09d1999638b8	b6d540924aff8c1cc2aaeea5928e4fc3
10690	acd3be31187f478b11d74429e77c1548	f9eb1cb105af0b751073516445bb6803	a9c7faa041500bf58852bf4d16c3e94c
10691	acd3be31187f478b11d74429e77c1548	f9eb1cb105af0b751073516445bb6803	a9c7faa041500bf58852bf4d16c3e94c
10692	acd3be31187f478b11d74429e77c1548	f9eb1cb105af0b751073516445bb6803	a9c7faa041500bf58852bf4d16c3e94c
10693	a9a074a11428e60c74b22b593f1daa34	c5c1e0484fe56dd8e7d4d66cf11b83f7	560bd6f75e7d3cc2765dd7b8085006a0
10694	a9a074a11428e60c74b22b593f1daa34	c5c1e0484fe56dd8e7d4d66cf11b83f7	560bd6f75e7d3cc2765dd7b8085006a0
10695	137c5a91c62b099b3bf0b27f46b06e8d	859599a25d676ebdd4ebc32eea05f9d2	51f5959824a9ff2d73a3ef458ce698a9
10696	137c5a91c62b099b3bf0b27f46b06e8d	859599a25d676ebdd4ebc32eea05f9d2	51f5959824a9ff2d73a3ef458ce698a9
10697	137c5a91c62b099b3bf0b27f46b06e8d	859599a25d676ebdd4ebc32eea05f9d2	51f5959824a9ff2d73a3ef458ce698a9
10698	137c5a91c62b099b3bf0b27f46b06e8d	859599a25d676ebdd4ebc32eea05f9d2	51f5959824a9ff2d73a3ef458ce698a9
10699	137c5a91c62b099b3bf0b27f46b06e8d	859599a25d676ebdd4ebc32eea05f9d2	51f5959824a9ff2d73a3ef458ce698a9
10700	137c5a91c62b099b3bf0b27f46b06e8d	859599a25d676ebdd4ebc32eea05f9d2	51f5959824a9ff2d73a3ef458ce698a9
10701	137c5a91c62b099b3bf0b27f46b06e8d	859599a25d676ebdd4ebc32eea05f9d2	51f5959824a9ff2d73a3ef458ce698a9
10702	f76197bd0213f6b0180ea2a03cc73586	b586a616bdf1f22cca19ae1d63c942ed	c1f81195fb8d41fae23c1cda1d92b832
10703	f76197bd0213f6b0180ea2a03cc73586	b586a616bdf1f22cca19ae1d63c942ed	c1f81195fb8d41fae23c1cda1d92b832
10704	f76197bd0213f6b0180ea2a03cc73586	b586a616bdf1f22cca19ae1d63c942ed	c1f81195fb8d41fae23c1cda1d92b832
10705	f76197bd0213f6b0180ea2a03cc73586	b586a616bdf1f22cca19ae1d63c942ed	c1f81195fb8d41fae23c1cda1d92b832
10706	f76197bd0213f6b0180ea2a03cc73586	b586a616bdf1f22cca19ae1d63c942ed	c1f81195fb8d41fae23c1cda1d92b832
10707	ebabaaac5252357440d403c0c4dbeeb3	8ba7dc214132127879dde1f9a6d999b4	15b7345d51e51ad6cf1af83963af12df
10708	ebabaaac5252357440d403c0c4dbeeb3	8ba7dc214132127879dde1f9a6d999b4	15b7345d51e51ad6cf1af83963af12df
10709	ebabaaac5252357440d403c0c4dbeeb3	8ba7dc214132127879dde1f9a6d999b4	15b7345d51e51ad6cf1af83963af12df
10710	ebabaaac5252357440d403c0c4dbeeb3	8ba7dc214132127879dde1f9a6d999b4	15b7345d51e51ad6cf1af83963af12df
10711	ebabaaac5252357440d403c0c4dbeeb3	8ba7dc214132127879dde1f9a6d999b4	15b7345d51e51ad6cf1af83963af12df
10712	ebabaaac5252357440d403c0c4dbeeb3	8ba7dc214132127879dde1f9a6d999b4	15b7345d51e51ad6cf1af83963af12df
10713	ebabaaac5252357440d403c0c4dbeeb3	8ba7dc214132127879dde1f9a6d999b4	15b7345d51e51ad6cf1af83963af12df
10714	ebabaaac5252357440d403c0c4dbeeb3	8ba7dc214132127879dde1f9a6d999b4	15b7345d51e51ad6cf1af83963af12df
10715	ebabaaac5252357440d403c0c4dbeeb3	8ba7dc214132127879dde1f9a6d999b4	15b7345d51e51ad6cf1af83963af12df
10716	ebabaaac5252357440d403c0c4dbeeb3	8ba7dc214132127879dde1f9a6d999b4	15b7345d51e51ad6cf1af83963af12df
10717	ebabaaac5252357440d403c0c4dbeeb3	8ba7dc214132127879dde1f9a6d999b4	15b7345d51e51ad6cf1af83963af12df
10718	ebabaaac5252357440d403c0c4dbeeb3	8ba7dc214132127879dde1f9a6d999b4	15b7345d51e51ad6cf1af83963af12df
10719	ebabaaac5252357440d403c0c4dbeeb3	8ba7dc214132127879dde1f9a6d999b4	15b7345d51e51ad6cf1af83963af12df
10720	ebabaaac5252357440d403c0c4dbeeb3	8ba7dc214132127879dde1f9a6d999b4	15b7345d51e51ad6cf1af83963af12df
10721	ebabaaac5252357440d403c0c4dbeeb3	8ba7dc214132127879dde1f9a6d999b4	15b7345d51e51ad6cf1af83963af12df
10722	ebabaaac5252357440d403c0c4dbeeb3	8ba7dc214132127879dde1f9a6d999b4	15b7345d51e51ad6cf1af83963af12df
10723	ebabaaac5252357440d403c0c4dbeeb3	8ba7dc214132127879dde1f9a6d999b4	15b7345d51e51ad6cf1af83963af12df
10724	d424326312943d1e1f1d9df47880cbbd	5bcfdd8f12ecc9ae0636632ea0cd548a	fbc16b2a50305a6cc05e2c158cff5781
10725	d424326312943d1e1f1d9df47880cbbd	5bcfdd8f12ecc9ae0636632ea0cd548a	fbc16b2a50305a6cc05e2c158cff5781
10726	d424326312943d1e1f1d9df47880cbbd	5bcfdd8f12ecc9ae0636632ea0cd548a	fbc16b2a50305a6cc05e2c158cff5781
10727	d424326312943d1e1f1d9df47880cbbd	5bcfdd8f12ecc9ae0636632ea0cd548a	fbc16b2a50305a6cc05e2c158cff5781
10728	d424326312943d1e1f1d9df47880cbbd	5bcfdd8f12ecc9ae0636632ea0cd548a	fbc16b2a50305a6cc05e2c158cff5781
10729	d424326312943d1e1f1d9df47880cbbd	5bcfdd8f12ecc9ae0636632ea0cd548a	fbc16b2a50305a6cc05e2c158cff5781
10730	d424326312943d1e1f1d9df47880cbbd	5bcfdd8f12ecc9ae0636632ea0cd548a	fbc16b2a50305a6cc05e2c158cff5781
10731	d42806d6d53de23b228b5c28458831e7	614b348a28a27f9d5e206717834ef750	0611d9c0b4f09b3163ba24d4b31326c3
10732	d42806d6d53de23b228b5c28458831e7	614b348a28a27f9d5e206717834ef750	0611d9c0b4f09b3163ba24d4b31326c3
10733	d42806d6d53de23b228b5c28458831e7	614b348a28a27f9d5e206717834ef750	0611d9c0b4f09b3163ba24d4b31326c3
10734	d42806d6d53de23b228b5c28458831e7	614b348a28a27f9d5e206717834ef750	0611d9c0b4f09b3163ba24d4b31326c3
10735	d42806d6d53de23b228b5c28458831e7	614b348a28a27f9d5e206717834ef750	0611d9c0b4f09b3163ba24d4b31326c3
10736	1d63adc385edb6e61352499c4adee286	67618d912eb829aed1bb67485203f5ad	95a36a93614fb19cec767c6e5744be22
10737	1d63adc385edb6e61352499c4adee286	67618d912eb829aed1bb67485203f5ad	95a36a93614fb19cec767c6e5744be22
10738	1d63adc385edb6e61352499c4adee286	67618d912eb829aed1bb67485203f5ad	95a36a93614fb19cec767c6e5744be22
10739	1d63adc385edb6e61352499c4adee286	67618d912eb829aed1bb67485203f5ad	95a36a93614fb19cec767c6e5744be22
10740	1d63adc385edb6e61352499c4adee286	67618d912eb829aed1bb67485203f5ad	95a36a93614fb19cec767c6e5744be22
10741	1d63adc385edb6e61352499c4adee286	67618d912eb829aed1bb67485203f5ad	95a36a93614fb19cec767c6e5744be22
10742	1d63adc385edb6e61352499c4adee286	67618d912eb829aed1bb67485203f5ad	95a36a93614fb19cec767c6e5744be22
10743	5e8378249324e18a8274f1645b5fea53	68dbe1967efa595a12bd5cf0e43561d4	8e451202464bc5b0d938cf6fc9b5f96f
10744	5e8378249324e18a8274f1645b5fea53	68dbe1967efa595a12bd5cf0e43561d4	8e451202464bc5b0d938cf6fc9b5f96f
10745	5e8378249324e18a8274f1645b5fea53	68dbe1967efa595a12bd5cf0e43561d4	8e451202464bc5b0d938cf6fc9b5f96f
10746	5e8378249324e18a8274f1645b5fea53	68dbe1967efa595a12bd5cf0e43561d4	8e451202464bc5b0d938cf6fc9b5f96f
10747	5e8378249324e18a8274f1645b5fea53	68dbe1967efa595a12bd5cf0e43561d4	8e451202464bc5b0d938cf6fc9b5f96f
10748	a391c48a003c4b3abc0575a7e3045dce	f2de6f5bbdf00682fbd1c1bfa5100dc5	44ecf2d34c27d1fc7079758ca75374e2
10749	a391c48a003c4b3abc0575a7e3045dce	f2de6f5bbdf00682fbd1c1bfa5100dc5	44ecf2d34c27d1fc7079758ca75374e2
10750	a391c48a003c4b3abc0575a7e3045dce	f2de6f5bbdf00682fbd1c1bfa5100dc5	44ecf2d34c27d1fc7079758ca75374e2
10751	a391c48a003c4b3abc0575a7e3045dce	f2de6f5bbdf00682fbd1c1bfa5100dc5	44ecf2d34c27d1fc7079758ca75374e2
10752	a391c48a003c4b3abc0575a7e3045dce	f2de6f5bbdf00682fbd1c1bfa5100dc5	44ecf2d34c27d1fc7079758ca75374e2
10753	ce8a741abf7a089ca5e208df2810a659	54a283089c6f91b04a3ca64606448c46	b3f9deac2491d71605b4d3d3ae652b65
10754	ce8a741abf7a089ca5e208df2810a659	54a283089c6f91b04a3ca64606448c46	b3f9deac2491d71605b4d3d3ae652b65
10755	ce8a741abf7a089ca5e208df2810a659	54a283089c6f91b04a3ca64606448c46	b3f9deac2491d71605b4d3d3ae652b65
10756	ce8a741abf7a089ca5e208df2810a659	54a283089c6f91b04a3ca64606448c46	b3f9deac2491d71605b4d3d3ae652b65
10757	ce8a741abf7a089ca5e208df2810a659	54a283089c6f91b04a3ca64606448c46	b3f9deac2491d71605b4d3d3ae652b65
10758	ce8a741abf7a089ca5e208df2810a659	54a283089c6f91b04a3ca64606448c46	b3f9deac2491d71605b4d3d3ae652b65
10759	ce8a741abf7a089ca5e208df2810a659	54a283089c6f91b04a3ca64606448c46	b3f9deac2491d71605b4d3d3ae652b65
10760	8a771952bf4cf6656ccc9ad710a8853e	d9dff31fcdbd8d1ba8ebae9ac449f45d	df1329d79d77fd957bbd227d73dd6d5e
10761	8a771952bf4cf6656ccc9ad710a8853e	d9dff31fcdbd8d1ba8ebae9ac449f45d	df1329d79d77fd957bbd227d73dd6d5e
10762	8a771952bf4cf6656ccc9ad710a8853e	d9dff31fcdbd8d1ba8ebae9ac449f45d	df1329d79d77fd957bbd227d73dd6d5e
10763	0b28240c6016094fc70ae154783c2c47	2f4533af0e1b4591989400cfaa5817e0	1603156e689d8dc5645b2c7b194179ab
10764	0b28240c6016094fc70ae154783c2c47	2f4533af0e1b4591989400cfaa5817e0	1603156e689d8dc5645b2c7b194179ab
10765	ad0605a26ae1259b10ca96d07e192248	fcf4477a4fe930d5e40a1e73e38092f3	80a8649bb0401a8f29a85a7d9f349d40
10766	ad0605a26ae1259b10ca96d07e192248	fcf4477a4fe930d5e40a1e73e38092f3	80a8649bb0401a8f29a85a7d9f349d40
10767	ad0605a26ae1259b10ca96d07e192248	fcf4477a4fe930d5e40a1e73e38092f3	80a8649bb0401a8f29a85a7d9f349d40
10768	ad0605a26ae1259b10ca96d07e192248	fcf4477a4fe930d5e40a1e73e38092f3	80a8649bb0401a8f29a85a7d9f349d40
10769	ad0605a26ae1259b10ca96d07e192248	fcf4477a4fe930d5e40a1e73e38092f3	80a8649bb0401a8f29a85a7d9f349d40
10770	ad0605a26ae1259b10ca96d07e192248	fcf4477a4fe930d5e40a1e73e38092f3	80a8649bb0401a8f29a85a7d9f349d40
10771	ad0605a26ae1259b10ca96d07e192248	fcf4477a4fe930d5e40a1e73e38092f3	80a8649bb0401a8f29a85a7d9f349d40
10772	425c2085ef3c38e839151e3ce07bbfaa	128ec1e41089c394c9e2987f82b4e3f1	37d901bd1aa838b079be024eef27a2c2
10773	425c2085ef3c38e839151e3ce07bbfaa	128ec1e41089c394c9e2987f82b4e3f1	37d901bd1aa838b079be024eef27a2c2
10774	425c2085ef3c38e839151e3ce07bbfaa	128ec1e41089c394c9e2987f82b4e3f1	37d901bd1aa838b079be024eef27a2c2
10775	425c2085ef3c38e839151e3ce07bbfaa	128ec1e41089c394c9e2987f82b4e3f1	37d901bd1aa838b079be024eef27a2c2
10776	425c2085ef3c38e839151e3ce07bbfaa	128ec1e41089c394c9e2987f82b4e3f1	37d901bd1aa838b079be024eef27a2c2
10777	78e94eaf4c454b2d1bc42411d70e66be	833a4ad80b6a6ba34e48f7cffe5e0fcd	a222019a3271bcdd60de0f9b765af036
10778	78e94eaf4c454b2d1bc42411d70e66be	833a4ad80b6a6ba34e48f7cffe5e0fcd	a222019a3271bcdd60de0f9b765af036
10779	78e94eaf4c454b2d1bc42411d70e66be	833a4ad80b6a6ba34e48f7cffe5e0fcd	a222019a3271bcdd60de0f9b765af036
10780	78e94eaf4c454b2d1bc42411d70e66be	833a4ad80b6a6ba34e48f7cffe5e0fcd	a222019a3271bcdd60de0f9b765af036
10781	78e94eaf4c454b2d1bc42411d70e66be	833a4ad80b6a6ba34e48f7cffe5e0fcd	a222019a3271bcdd60de0f9b765af036
10782	78e94eaf4c454b2d1bc42411d70e66be	833a4ad80b6a6ba34e48f7cffe5e0fcd	a222019a3271bcdd60de0f9b765af036
10783	78e94eaf4c454b2d1bc42411d70e66be	833a4ad80b6a6ba34e48f7cffe5e0fcd	a222019a3271bcdd60de0f9b765af036
10784	591eded2384d09ee33daa09447048ac4	aee3547a2b4e1e96d0c8dcb26a8984a7	67a4d67c78d47d1e9829605b5a82f70c
10785	591eded2384d09ee33daa09447048ac4	aee3547a2b4e1e96d0c8dcb26a8984a7	67a4d67c78d47d1e9829605b5a82f70c
10786	591eded2384d09ee33daa09447048ac4	aee3547a2b4e1e96d0c8dcb26a8984a7	67a4d67c78d47d1e9829605b5a82f70c
10787	591eded2384d09ee33daa09447048ac4	aee3547a2b4e1e96d0c8dcb26a8984a7	67a4d67c78d47d1e9829605b5a82f70c
10788	591eded2384d09ee33daa09447048ac4	aee3547a2b4e1e96d0c8dcb26a8984a7	67a4d67c78d47d1e9829605b5a82f70c
10789	f07237c8c12f8f8a07b5fb1a64a2c3be	fd866731fb0d6ce21303b44db5c9d215	8bd6a67eb3f5eb86335909dec7a36c56
10790	f07237c8c12f8f8a07b5fb1a64a2c3be	fd866731fb0d6ce21303b44db5c9d215	8bd6a67eb3f5eb86335909dec7a36c56
10791	f07237c8c12f8f8a07b5fb1a64a2c3be	fd866731fb0d6ce21303b44db5c9d215	8bd6a67eb3f5eb86335909dec7a36c56
10792	f07237c8c12f8f8a07b5fb1a64a2c3be	fd866731fb0d6ce21303b44db5c9d215	8bd6a67eb3f5eb86335909dec7a36c56
10793	f07237c8c12f8f8a07b5fb1a64a2c3be	fd866731fb0d6ce21303b44db5c9d215	8bd6a67eb3f5eb86335909dec7a36c56
10794	558aceac84e6a2a21b1118fce7d5856f	2e7d6023545dbc9268b2c027065d56d0	12bb93fb0e95b708a7e2ba58ae335143
10795	558aceac84e6a2a21b1118fce7d5856f	2e7d6023545dbc9268b2c027065d56d0	12bb93fb0e95b708a7e2ba58ae335143
10796	558aceac84e6a2a21b1118fce7d5856f	2e7d6023545dbc9268b2c027065d56d0	12bb93fb0e95b708a7e2ba58ae335143
10797	558aceac84e6a2a21b1118fce7d5856f	2e7d6023545dbc9268b2c027065d56d0	12bb93fb0e95b708a7e2ba58ae335143
10798	558aceac84e6a2a21b1118fce7d5856f	2e7d6023545dbc9268b2c027065d56d0	12bb93fb0e95b708a7e2ba58ae335143
10799	558aceac84e6a2a21b1118fce7d5856f	2e7d6023545dbc9268b2c027065d56d0	12bb93fb0e95b708a7e2ba58ae335143
10800	558aceac84e6a2a21b1118fce7d5856f	2e7d6023545dbc9268b2c027065d56d0	12bb93fb0e95b708a7e2ba58ae335143
10801	558aceac84e6a2a21b1118fce7d5856f	2e7d6023545dbc9268b2c027065d56d0	12bb93fb0e95b708a7e2ba58ae335143
10802	558aceac84e6a2a21b1118fce7d5856f	2e7d6023545dbc9268b2c027065d56d0	12bb93fb0e95b708a7e2ba58ae335143
10803	558aceac84e6a2a21b1118fce7d5856f	2e7d6023545dbc9268b2c027065d56d0	12bb93fb0e95b708a7e2ba58ae335143
10804	558aceac84e6a2a21b1118fce7d5856f	2e7d6023545dbc9268b2c027065d56d0	12bb93fb0e95b708a7e2ba58ae335143
10805	558aceac84e6a2a21b1118fce7d5856f	2e7d6023545dbc9268b2c027065d56d0	12bb93fb0e95b708a7e2ba58ae335143
10806	458f80e7cdd8091b6b9c4fe57469bb02	4e090e9df23ec0258bd1dd52217506f1	9962129b1bbd69915599d2027c93635e
10807	458f80e7cdd8091b6b9c4fe57469bb02	4e090e9df23ec0258bd1dd52217506f1	9962129b1bbd69915599d2027c93635e
10808	458f80e7cdd8091b6b9c4fe57469bb02	4e090e9df23ec0258bd1dd52217506f1	9962129b1bbd69915599d2027c93635e
10809	458f80e7cdd8091b6b9c4fe57469bb02	4e090e9df23ec0258bd1dd52217506f1	9962129b1bbd69915599d2027c93635e
10810	458f80e7cdd8091b6b9c4fe57469bb02	4e090e9df23ec0258bd1dd52217506f1	9962129b1bbd69915599d2027c93635e
10811	458f80e7cdd8091b6b9c4fe57469bb02	4e090e9df23ec0258bd1dd52217506f1	9962129b1bbd69915599d2027c93635e
10812	458f80e7cdd8091b6b9c4fe57469bb02	4e090e9df23ec0258bd1dd52217506f1	9962129b1bbd69915599d2027c93635e
10813	ba6151dbbd69ada0732e7ae9f8a738db	b51b6c2046cf7a548a2bcc7baa3db97c	b6c70d82e28c8d2cd5f3e168b1695013
10814	ba6151dbbd69ada0732e7ae9f8a738db	b51b6c2046cf7a548a2bcc7baa3db97c	b6c70d82e28c8d2cd5f3e168b1695013
10815	ba6151dbbd69ada0732e7ae9f8a738db	b51b6c2046cf7a548a2bcc7baa3db97c	b6c70d82e28c8d2cd5f3e168b1695013
10816	ba6151dbbd69ada0732e7ae9f8a738db	b51b6c2046cf7a548a2bcc7baa3db97c	b6c70d82e28c8d2cd5f3e168b1695013
10817	ba6151dbbd69ada0732e7ae9f8a738db	b51b6c2046cf7a548a2bcc7baa3db97c	b6c70d82e28c8d2cd5f3e168b1695013
10818	ba6151dbbd69ada0732e7ae9f8a738db	b51b6c2046cf7a548a2bcc7baa3db97c	b6c70d82e28c8d2cd5f3e168b1695013
10819	ba6151dbbd69ada0732e7ae9f8a738db	b51b6c2046cf7a548a2bcc7baa3db97c	b6c70d82e28c8d2cd5f3e168b1695013
10820	ba6151dbbd69ada0732e7ae9f8a738db	b51b6c2046cf7a548a2bcc7baa3db97c	b6c70d82e28c8d2cd5f3e168b1695013
10821	ba6151dbbd69ada0732e7ae9f8a738db	b51b6c2046cf7a548a2bcc7baa3db97c	b6c70d82e28c8d2cd5f3e168b1695013
10822	ba6151dbbd69ada0732e7ae9f8a738db	b51b6c2046cf7a548a2bcc7baa3db97c	b6c70d82e28c8d2cd5f3e168b1695013
10823	76e13806a3c91b84ed6d2fe3590e3acd	72f5da7d7ea4dd28ebec4c5ad24bbc1a	59f425bdf957ba02538c4af064af6c61
10824	76e13806a3c91b84ed6d2fe3590e3acd	72f5da7d7ea4dd28ebec4c5ad24bbc1a	59f425bdf957ba02538c4af064af6c61
10825	76e13806a3c91b84ed6d2fe3590e3acd	72f5da7d7ea4dd28ebec4c5ad24bbc1a	59f425bdf957ba02538c4af064af6c61
10826	76e13806a3c91b84ed6d2fe3590e3acd	72f5da7d7ea4dd28ebec4c5ad24bbc1a	59f425bdf957ba02538c4af064af6c61
10827	76e13806a3c91b84ed6d2fe3590e3acd	72f5da7d7ea4dd28ebec4c5ad24bbc1a	59f425bdf957ba02538c4af064af6c61
10828	76e13806a3c91b84ed6d2fe3590e3acd	72f5da7d7ea4dd28ebec4c5ad24bbc1a	59f425bdf957ba02538c4af064af6c61
10829	76e13806a3c91b84ed6d2fe3590e3acd	72f5da7d7ea4dd28ebec4c5ad24bbc1a	59f425bdf957ba02538c4af064af6c61
10830	08c6cc837db36879a8e7c1f36fdcf96f	2c086d084fbfcb27c150774ca13213d8	a6ea62111754c80f9d14cc949dd899b3
10831	08c6cc837db36879a8e7c1f36fdcf96f	2c086d084fbfcb27c150774ca13213d8	a6ea62111754c80f9d14cc949dd899b3
10832	08c6cc837db36879a8e7c1f36fdcf96f	2c086d084fbfcb27c150774ca13213d8	a6ea62111754c80f9d14cc949dd899b3
10833	08c6cc837db36879a8e7c1f36fdcf96f	2c086d084fbfcb27c150774ca13213d8	a6ea62111754c80f9d14cc949dd899b3
10834	08c6cc837db36879a8e7c1f36fdcf96f	2c086d084fbfcb27c150774ca13213d8	a6ea62111754c80f9d14cc949dd899b3
10835	59c667bbe1544744e940bb444931f37b	d0b9bcf9ff6730f8bd039edff183424c	99551e414b354e324b863f5b8dd9fb17
10836	59c667bbe1544744e940bb444931f37b	d0b9bcf9ff6730f8bd039edff183424c	99551e414b354e324b863f5b8dd9fb17
10837	59c667bbe1544744e940bb444931f37b	d0b9bcf9ff6730f8bd039edff183424c	99551e414b354e324b863f5b8dd9fb17
10838	59c667bbe1544744e940bb444931f37b	d0b9bcf9ff6730f8bd039edff183424c	99551e414b354e324b863f5b8dd9fb17
10839	59c667bbe1544744e940bb444931f37b	d0b9bcf9ff6730f8bd039edff183424c	99551e414b354e324b863f5b8dd9fb17
10840	59c667bbe1544744e940bb444931f37b	d0b9bcf9ff6730f8bd039edff183424c	99551e414b354e324b863f5b8dd9fb17
10841	59c667bbe1544744e940bb444931f37b	d0b9bcf9ff6730f8bd039edff183424c	99551e414b354e324b863f5b8dd9fb17
10842	59c667bbe1544744e940bb444931f37b	d0b9bcf9ff6730f8bd039edff183424c	99551e414b354e324b863f5b8dd9fb17
10843	59c667bbe1544744e940bb444931f37b	d0b9bcf9ff6730f8bd039edff183424c	99551e414b354e324b863f5b8dd9fb17
10844	59c667bbe1544744e940bb444931f37b	d0b9bcf9ff6730f8bd039edff183424c	99551e414b354e324b863f5b8dd9fb17
10845	59c667bbe1544744e940bb444931f37b	d0b9bcf9ff6730f8bd039edff183424c	99551e414b354e324b863f5b8dd9fb17
10846	59c667bbe1544744e940bb444931f37b	d0b9bcf9ff6730f8bd039edff183424c	99551e414b354e324b863f5b8dd9fb17
10847	59c667bbe1544744e940bb444931f37b	d0b9bcf9ff6730f8bd039edff183424c	99551e414b354e324b863f5b8dd9fb17
10848	59c667bbe1544744e940bb444931f37b	d0b9bcf9ff6730f8bd039edff183424c	99551e414b354e324b863f5b8dd9fb17
10849	59c667bbe1544744e940bb444931f37b	d0b9bcf9ff6730f8bd039edff183424c	99551e414b354e324b863f5b8dd9fb17
10850	59c667bbe1544744e940bb444931f37b	d0b9bcf9ff6730f8bd039edff183424c	99551e414b354e324b863f5b8dd9fb17
10851	59c667bbe1544744e940bb444931f37b	d0b9bcf9ff6730f8bd039edff183424c	99551e414b354e324b863f5b8dd9fb17
10852	78bae5860a45c9bfa4bc3e5a37239c97	31c5f10e9346a0d13c7af5c408b87620	0d5a2ac0970fa45db7b712dfb1a6adf3
10853	78bae5860a45c9bfa4bc3e5a37239c97	31c5f10e9346a0d13c7af5c408b87620	0d5a2ac0970fa45db7b712dfb1a6adf3
10854	78bae5860a45c9bfa4bc3e5a37239c97	31c5f10e9346a0d13c7af5c408b87620	0d5a2ac0970fa45db7b712dfb1a6adf3
10855	a7669821b503f2fb707dc7bf097e819f	694b920808d16edd3894eafca6065a48	cef8a1509936d4c1e30da6247c431e43
10856	78bae5860a45c9bfa4bc3e5a37239c97	31c5f10e9346a0d13c7af5c408b87620	0d5a2ac0970fa45db7b712dfb1a6adf3
10857	a91f67112414beb9257d70c5a6acf5e4	c274586edc4ddb1f319219d53b266acf	73aae412bafe61d1215ab025fb0db53c
10858	a91f67112414beb9257d70c5a6acf5e4	c274586edc4ddb1f319219d53b266acf	73aae412bafe61d1215ab025fb0db53c
10859	7bbaec0bed98835f805925a45f8b07d7	620349847c7e3401078e235e18501360	528598ae369f0895eeb1180589679fa3
10860	7bbaec0bed98835f805925a45f8b07d7	620349847c7e3401078e235e18501360	528598ae369f0895eeb1180589679fa3
10861	7bbaec0bed98835f805925a45f8b07d7	620349847c7e3401078e235e18501360	528598ae369f0895eeb1180589679fa3
10862	78bae5860a45c9bfa4bc3e5a37239c97	31c5f10e9346a0d13c7af5c408b87620	0d5a2ac0970fa45db7b712dfb1a6adf3
10863	78bae5860a45c9bfa4bc3e5a37239c97	31c5f10e9346a0d13c7af5c408b87620	0d5a2ac0970fa45db7b712dfb1a6adf3
10864	78bae5860a45c9bfa4bc3e5a37239c97	31c5f10e9346a0d13c7af5c408b87620	0d5a2ac0970fa45db7b712dfb1a6adf3
10865	78bae5860a45c9bfa4bc3e5a37239c97	31c5f10e9346a0d13c7af5c408b87620	0d5a2ac0970fa45db7b712dfb1a6adf3
10866	78bae5860a45c9bfa4bc3e5a37239c97	31c5f10e9346a0d13c7af5c408b87620	0d5a2ac0970fa45db7b712dfb1a6adf3
10867	78bae5860a45c9bfa4bc3e5a37239c97	31c5f10e9346a0d13c7af5c408b87620	0d5a2ac0970fa45db7b712dfb1a6adf3
10868	78bae5860a45c9bfa4bc3e5a37239c97	31c5f10e9346a0d13c7af5c408b87620	0d5a2ac0970fa45db7b712dfb1a6adf3
10869	78bae5860a45c9bfa4bc3e5a37239c97	31c5f10e9346a0d13c7af5c408b87620	0d5a2ac0970fa45db7b712dfb1a6adf3
10870	78bae5860a45c9bfa4bc3e5a37239c97	31c5f10e9346a0d13c7af5c408b87620	0d5a2ac0970fa45db7b712dfb1a6adf3
10871	dab3caf44befe2e721ec283711c8bdad	fd74e582e44df48917d1a6f9ca32d042	495277652e58fe153d1acb16d8c99209
10872	dab3caf44befe2e721ec283711c8bdad	fd74e582e44df48917d1a6f9ca32d042	495277652e58fe153d1acb16d8c99209
10873	dab3caf44befe2e721ec283711c8bdad	fd74e582e44df48917d1a6f9ca32d042	495277652e58fe153d1acb16d8c99209
10874	78bae5860a45c9bfa4bc3e5a37239c97	31c5f10e9346a0d13c7af5c408b87620	0d5a2ac0970fa45db7b712dfb1a6adf3
10875	78bae5860a45c9bfa4bc3e5a37239c97	31c5f10e9346a0d13c7af5c408b87620	0d5a2ac0970fa45db7b712dfb1a6adf3
10876	536101fd80d7426925152a569a01b49e	fdb49c3ffa3d634fafde2be6816e985d	1eab7d0f6c12ea8d88bdde76d895cd7e
10877	536101fd80d7426925152a569a01b49e	fdb49c3ffa3d634fafde2be6816e985d	1eab7d0f6c12ea8d88bdde76d895cd7e
10878	536101fd80d7426925152a569a01b49e	fdb49c3ffa3d634fafde2be6816e985d	1eab7d0f6c12ea8d88bdde76d895cd7e
10879	536101fd80d7426925152a569a01b49e	fdb49c3ffa3d634fafde2be6816e985d	1eab7d0f6c12ea8d88bdde76d895cd7e
10880	536101fd80d7426925152a569a01b49e	fdb49c3ffa3d634fafde2be6816e985d	1eab7d0f6c12ea8d88bdde76d895cd7e
10881	536101fd80d7426925152a569a01b49e	fdb49c3ffa3d634fafde2be6816e985d	1eab7d0f6c12ea8d88bdde76d895cd7e
10882	536101fd80d7426925152a569a01b49e	fdb49c3ffa3d634fafde2be6816e985d	1eab7d0f6c12ea8d88bdde76d895cd7e
10883	536101fd80d7426925152a569a01b49e	fdb49c3ffa3d634fafde2be6816e985d	1eab7d0f6c12ea8d88bdde76d895cd7e
10884	536101fd80d7426925152a569a01b49e	fdb49c3ffa3d634fafde2be6816e985d	1eab7d0f6c12ea8d88bdde76d895cd7e
10885	536101fd80d7426925152a569a01b49e	fdb49c3ffa3d634fafde2be6816e985d	1eab7d0f6c12ea8d88bdde76d895cd7e
10886	536101fd80d7426925152a569a01b49e	fdb49c3ffa3d634fafde2be6816e985d	1eab7d0f6c12ea8d88bdde76d895cd7e
10887	536101fd80d7426925152a569a01b49e	fdb49c3ffa3d634fafde2be6816e985d	1eab7d0f6c12ea8d88bdde76d895cd7e
10888	536101fd80d7426925152a569a01b49e	fdb49c3ffa3d634fafde2be6816e985d	1eab7d0f6c12ea8d88bdde76d895cd7e
10889	536101fd80d7426925152a569a01b49e	fdb49c3ffa3d634fafde2be6816e985d	1eab7d0f6c12ea8d88bdde76d895cd7e
10890	536101fd80d7426925152a569a01b49e	fdb49c3ffa3d634fafde2be6816e985d	1eab7d0f6c12ea8d88bdde76d895cd7e
10891	536101fd80d7426925152a569a01b49e	fdb49c3ffa3d634fafde2be6816e985d	1eab7d0f6c12ea8d88bdde76d895cd7e
10892	536101fd80d7426925152a569a01b49e	fdb49c3ffa3d634fafde2be6816e985d	1eab7d0f6c12ea8d88bdde76d895cd7e
10893	ff4a6736f63a78dfb821f5bdab7b3d47	47ae90177e4fad81d6439ec6c8d9bb30	ee02520a7e8d953f02df4d0b7526f587
10894	ff4a6736f63a78dfb821f5bdab7b3d47	47ae90177e4fad81d6439ec6c8d9bb30	ee02520a7e8d953f02df4d0b7526f587
10895	ff4a6736f63a78dfb821f5bdab7b3d47	47ae90177e4fad81d6439ec6c8d9bb30	ee02520a7e8d953f02df4d0b7526f587
10896	ff4a6736f63a78dfb821f5bdab7b3d47	47ae90177e4fad81d6439ec6c8d9bb30	ee02520a7e8d953f02df4d0b7526f587
10897	ff4a6736f63a78dfb821f5bdab7b3d47	47ae90177e4fad81d6439ec6c8d9bb30	ee02520a7e8d953f02df4d0b7526f587
10898	ff4a6736f63a78dfb821f5bdab7b3d47	47ae90177e4fad81d6439ec6c8d9bb30	ee02520a7e8d953f02df4d0b7526f587
10899	ff4a6736f63a78dfb821f5bdab7b3d47	47ae90177e4fad81d6439ec6c8d9bb30	ee02520a7e8d953f02df4d0b7526f587
10900	c670b3643caab5ae0c64a8ed418705bf	8735a5a2a9d36e0eeb49c83afb1ef6c0	dcdf2c743630bfc2bc3153467355077f
10901	c670b3643caab5ae0c64a8ed418705bf	8735a5a2a9d36e0eeb49c83afb1ef6c0	dcdf2c743630bfc2bc3153467355077f
10902	c670b3643caab5ae0c64a8ed418705bf	8735a5a2a9d36e0eeb49c83afb1ef6c0	dcdf2c743630bfc2bc3153467355077f
10903	c670b3643caab5ae0c64a8ed418705bf	8735a5a2a9d36e0eeb49c83afb1ef6c0	dcdf2c743630bfc2bc3153467355077f
10904	c670b3643caab5ae0c64a8ed418705bf	8735a5a2a9d36e0eeb49c83afb1ef6c0	dcdf2c743630bfc2bc3153467355077f
10905	f506af13d10aec7fcf75ac458260e71c	7710d53ee0d6980907fbd2ef9d3486b7	142ea2b7e3f02a01bbf1388ae37af588
10906	f506af13d10aec7fcf75ac458260e71c	7710d53ee0d6980907fbd2ef9d3486b7	142ea2b7e3f02a01bbf1388ae37af588
10907	f506af13d10aec7fcf75ac458260e71c	7710d53ee0d6980907fbd2ef9d3486b7	142ea2b7e3f02a01bbf1388ae37af588
10908	ba1340ae7cf1c92a75a8e05ad21303d4	37260ea333afea721aba5b719b218857	5a82eb0989b77f26ac67e4613f20de6c
10909	ba1340ae7cf1c92a75a8e05ad21303d4	37260ea333afea721aba5b719b218857	5a82eb0989b77f26ac67e4613f20de6c
10910	f506af13d10aec7fcf75ac458260e71c	7710d53ee0d6980907fbd2ef9d3486b7	142ea2b7e3f02a01bbf1388ae37af588
10911	f506af13d10aec7fcf75ac458260e71c	7710d53ee0d6980907fbd2ef9d3486b7	142ea2b7e3f02a01bbf1388ae37af588
10912	5c3a442209c879addcdc322013e83b74	15079dc462abc65304b8a0af9872543f	23c825a76d1eb819e8262251ca26c97c
10913	a623da70128357e1c471ed5b6f2b5ac5	44ee3c93fea7778f7654e16705666fca	b923d9df9406cbe76e7518043a3b4811
10914	a623da70128357e1c471ed5b6f2b5ac5	44ee3c93fea7778f7654e16705666fca	b923d9df9406cbe76e7518043a3b4811
10915	a623da70128357e1c471ed5b6f2b5ac5	44ee3c93fea7778f7654e16705666fca	b923d9df9406cbe76e7518043a3b4811
10916	a623da70128357e1c471ed5b6f2b5ac5	44ee3c93fea7778f7654e16705666fca	b923d9df9406cbe76e7518043a3b4811
10917	979c2a1cf1cf623af5e7cc2a026721ee	81219f06d48a7f32fc446ac641ad6435	d05751b51c1fe86833d0ac5de2fcf74a
10918	979c2a1cf1cf623af5e7cc2a026721ee	81219f06d48a7f32fc446ac641ad6435	d05751b51c1fe86833d0ac5de2fcf74a
10919	979c2a1cf1cf623af5e7cc2a026721ee	81219f06d48a7f32fc446ac641ad6435	d05751b51c1fe86833d0ac5de2fcf74a
10920	979c2a1cf1cf623af5e7cc2a026721ee	81219f06d48a7f32fc446ac641ad6435	d05751b51c1fe86833d0ac5de2fcf74a
10921	979c2a1cf1cf623af5e7cc2a026721ee	81219f06d48a7f32fc446ac641ad6435	d05751b51c1fe86833d0ac5de2fcf74a
10922	7ea91f2caf402194d5bba7043593b153	7bb222e1363baf987d9fcbd99d666e94	4dffeec16014e9cc93576d851d6466c3
10923	7ea91f2caf402194d5bba7043593b153	7bb222e1363baf987d9fcbd99d666e94	4dffeec16014e9cc93576d851d6466c3
10924	7ea91f2caf402194d5bba7043593b153	7bb222e1363baf987d9fcbd99d666e94	4dffeec16014e9cc93576d851d6466c3
10925	c9e14af70dda4f96a5bfbe2986f73dcb	a24c2c063521c026953f335be5ff18ac	585d2048a1a62d7cf4bed4338356ea37
10926	c9e14af70dda4f96a5bfbe2986f73dcb	a24c2c063521c026953f335be5ff18ac	585d2048a1a62d7cf4bed4338356ea37
10927	c9e14af70dda4f96a5bfbe2986f73dcb	a24c2c063521c026953f335be5ff18ac	585d2048a1a62d7cf4bed4338356ea37
10928	c9e14af70dda4f96a5bfbe2986f73dcb	a24c2c063521c026953f335be5ff18ac	585d2048a1a62d7cf4bed4338356ea37
10929	09feb5d7571237461cbf7f8903169387	ae0b619837d0e896f8197a3b57675f78	cc0e98130dc15e8257fe60bd04789b47
10930	09feb5d7571237461cbf7f8903169387	ae0b619837d0e896f8197a3b57675f78	cc0e98130dc15e8257fe60bd04789b47
10931	09feb5d7571237461cbf7f8903169387	ae0b619837d0e896f8197a3b57675f78	cc0e98130dc15e8257fe60bd04789b47
10932	e25df5c4dee254e32fb471775cf4e648	f24370e2b8a3911d9edb4705a3556373	68d310d0cfcde0ab7c5612f391902850
10933	09feb5d7571237461cbf7f8903169387	ae0b619837d0e896f8197a3b57675f78	cc0e98130dc15e8257fe60bd04789b47
10934	2b6cc17a661ab52acff0d2dc9d106c37	a58c4e225545169aa7ec16d802974fb8	4e14cf015675ee06607b0b4df24d96df
10935	2b6cc17a661ab52acff0d2dc9d106c37	a58c4e225545169aa7ec16d802974fb8	4e14cf015675ee06607b0b4df24d96df
10936	2b6cc17a661ab52acff0d2dc9d106c37	a58c4e225545169aa7ec16d802974fb8	4e14cf015675ee06607b0b4df24d96df
10937	2b6cc17a661ab52acff0d2dc9d106c37	a58c4e225545169aa7ec16d802974fb8	4e14cf015675ee06607b0b4df24d96df
10938	2b6cc17a661ab52acff0d2dc9d106c37	a58c4e225545169aa7ec16d802974fb8	4e14cf015675ee06607b0b4df24d96df
10939	2b6cc17a661ab52acff0d2dc9d106c37	a58c4e225545169aa7ec16d802974fb8	4e14cf015675ee06607b0b4df24d96df
10940	2b6cc17a661ab52acff0d2dc9d106c37	a58c4e225545169aa7ec16d802974fb8	4e14cf015675ee06607b0b4df24d96df
10941	2e7f93e68bbac740e0d473299980724a	a0bcbfa723aa933c616ea5a2af11a4c1	e3f36100d51a3aeecd5abfe3ca11e5c6
10942	2e7f93e68bbac740e0d473299980724a	a0bcbfa723aa933c616ea5a2af11a4c1	e3f36100d51a3aeecd5abfe3ca11e5c6
10943	2e7f93e68bbac740e0d473299980724a	a0bcbfa723aa933c616ea5a2af11a4c1	e3f36100d51a3aeecd5abfe3ca11e5c6
10944	2e7f93e68bbac740e0d473299980724a	a0bcbfa723aa933c616ea5a2af11a4c1	e3f36100d51a3aeecd5abfe3ca11e5c6
10945	2e7f93e68bbac740e0d473299980724a	a0bcbfa723aa933c616ea5a2af11a4c1	e3f36100d51a3aeecd5abfe3ca11e5c6
10946	55505220a49bf0df7db9df764b2ee5b4	57e69a33b37af8d962f0fdcc5ea29d7f	642ece23465de905f2291aa4d3350958
10947	55505220a49bf0df7db9df764b2ee5b4	57e69a33b37af8d962f0fdcc5ea29d7f	642ece23465de905f2291aa4d3350958
10948	55505220a49bf0df7db9df764b2ee5b4	57e69a33b37af8d962f0fdcc5ea29d7f	642ece23465de905f2291aa4d3350958
10949	55505220a49bf0df7db9df764b2ee5b4	57e69a33b37af8d962f0fdcc5ea29d7f	642ece23465de905f2291aa4d3350958
10950	55505220a49bf0df7db9df764b2ee5b4	57e69a33b37af8d962f0fdcc5ea29d7f	642ece23465de905f2291aa4d3350958
10951	55505220a49bf0df7db9df764b2ee5b4	57e69a33b37af8d962f0fdcc5ea29d7f	642ece23465de905f2291aa4d3350958
10952	55505220a49bf0df7db9df764b2ee5b4	57e69a33b37af8d962f0fdcc5ea29d7f	642ece23465de905f2291aa4d3350958
10953	e8024b8ca578b8358608c9d315c85e3d	4adac546034738833a549ab81ee0d2d2	69d871a464f0d4bb7bc54c2ee56b2a21
10954	e8024b8ca578b8358608c9d315c85e3d	4adac546034738833a549ab81ee0d2d2	69d871a464f0d4bb7bc54c2ee56b2a21
10955	e8024b8ca578b8358608c9d315c85e3d	4adac546034738833a549ab81ee0d2d2	69d871a464f0d4bb7bc54c2ee56b2a21
10956	e8024b8ca578b8358608c9d315c85e3d	4adac546034738833a549ab81ee0d2d2	69d871a464f0d4bb7bc54c2ee56b2a21
10957	e8024b8ca578b8358608c9d315c85e3d	4adac546034738833a549ab81ee0d2d2	69d871a464f0d4bb7bc54c2ee56b2a21
10958	123115ded3b332cc4fe168e5460b4e23	c8712928e99877c077a59378cbce2c14	4c03450ac189357829c7647d68f40673
10959	123115ded3b332cc4fe168e5460b4e23	c8712928e99877c077a59378cbce2c14	4c03450ac189357829c7647d68f40673
10960	123115ded3b332cc4fe168e5460b4e23	c8712928e99877c077a59378cbce2c14	4c03450ac189357829c7647d68f40673
10961	123115ded3b332cc4fe168e5460b4e23	c8712928e99877c077a59378cbce2c14	4c03450ac189357829c7647d68f40673
10962	123115ded3b332cc4fe168e5460b4e23	c8712928e99877c077a59378cbce2c14	4c03450ac189357829c7647d68f40673
10963	8b51e552af8388ffff3743d254b94565	d560e9906ba2eed1d0ec3664013d4afa	e5c01b2fa162be79c5314ac6de75db09
10964	8b51e552af8388ffff3743d254b94565	d560e9906ba2eed1d0ec3664013d4afa	e5c01b2fa162be79c5314ac6de75db09
10965	8b51e552af8388ffff3743d254b94565	d560e9906ba2eed1d0ec3664013d4afa	e5c01b2fa162be79c5314ac6de75db09
10966	9ba97025bebd7a4bd7e9bcee4a8a8a08	69b681751a30abd5442ccb8fe21f04f3	5bab0298cd6b2c0bb6b59cb84b6ea538
10967	9ba97025bebd7a4bd7e9bcee4a8a8a08	69b681751a30abd5442ccb8fe21f04f3	5bab0298cd6b2c0bb6b59cb84b6ea538
10968	bcd7ef9acdaba4049e6cda5f0ba913d2	db668420eb8d620010ee0e57a33f01f9	3a479ab2a561098025e81e5408b3766a
10969	bcd7ef9acdaba4049e6cda5f0ba913d2	db668420eb8d620010ee0e57a33f01f9	3a479ab2a561098025e81e5408b3766a
10970	f3de66106c794a07b9eef419139a5be6	1e4399512b644c119c89fa5c50466755	b1767d0002b9342b2fa750d48d207fbe
10971	f3de66106c794a07b9eef419139a5be6	1e4399512b644c119c89fa5c50466755	b1767d0002b9342b2fa750d48d207fbe
10972	f3de66106c794a07b9eef419139a5be6	1e4399512b644c119c89fa5c50466755	b1767d0002b9342b2fa750d48d207fbe
10973	f3de66106c794a07b9eef419139a5be6	1e4399512b644c119c89fa5c50466755	b1767d0002b9342b2fa750d48d207fbe
10974	f3de66106c794a07b9eef419139a5be6	1e4399512b644c119c89fa5c50466755	b1767d0002b9342b2fa750d48d207fbe
10975	5aeb7bd0411a071522bf6fa3540f0f68	421929def6a463db4c8b11cac2aecc53	b0cc3086ac991d6de75cb5195ab19868
10976	5aeb7bd0411a071522bf6fa3540f0f68	421929def6a463db4c8b11cac2aecc53	b0cc3086ac991d6de75cb5195ab19868
10977	5aeb7bd0411a071522bf6fa3540f0f68	421929def6a463db4c8b11cac2aecc53	b0cc3086ac991d6de75cb5195ab19868
10978	5aeb7bd0411a071522bf6fa3540f0f68	421929def6a463db4c8b11cac2aecc53	b0cc3086ac991d6de75cb5195ab19868
10979	5aeb7bd0411a071522bf6fa3540f0f68	421929def6a463db4c8b11cac2aecc53	b0cc3086ac991d6de75cb5195ab19868
10980	5aeb7bd0411a071522bf6fa3540f0f68	421929def6a463db4c8b11cac2aecc53	b0cc3086ac991d6de75cb5195ab19868
10981	5aeb7bd0411a071522bf6fa3540f0f68	421929def6a463db4c8b11cac2aecc53	b0cc3086ac991d6de75cb5195ab19868
10982	f2f20331757cc6251d4bf06a282dbd2a	af6d87fc620d849b0440a46327debd79	e0ae11c60936a7199bd608c7f5328bda
10983	f2f20331757cc6251d4bf06a282dbd2a	af6d87fc620d849b0440a46327debd79	e0ae11c60936a7199bd608c7f5328bda
10984	f2f20331757cc6251d4bf06a282dbd2a	af6d87fc620d849b0440a46327debd79	e0ae11c60936a7199bd608c7f5328bda
10985	f2f20331757cc6251d4bf06a282dbd2a	af6d87fc620d849b0440a46327debd79	e0ae11c60936a7199bd608c7f5328bda
10986	b9d9c305eecd223677c1cc2974bd7e26	0b2e86750e8224fe881a832ac6771bed	c8a98b16deaa2b0c71844055d704e6fa
10987	f2f20331757cc6251d4bf06a282dbd2a	af6d87fc620d849b0440a46327debd79	e0ae11c60936a7199bd608c7f5328bda
10988	f2f20331757cc6251d4bf06a282dbd2a	af6d87fc620d849b0440a46327debd79	e0ae11c60936a7199bd608c7f5328bda
10989	f2f20331757cc6251d4bf06a282dbd2a	af6d87fc620d849b0440a46327debd79	e0ae11c60936a7199bd608c7f5328bda
10990	734112fed0367c8577b5587427b13d18	643691f6d9eee85b113b811e8a7929b3	d0f4b6fe6abc5173aec2f565b3336c44
10991	734112fed0367c8577b5587427b13d18	643691f6d9eee85b113b811e8a7929b3	d0f4b6fe6abc5173aec2f565b3336c44
10992	a49537d799f09b2da6bf3fe1e626e506	2f766482995e1c03ab043a178057ef25	82ce690b83530857801b9d0d9f36c0b2
10993	a49537d799f09b2da6bf3fe1e626e506	2f766482995e1c03ab043a178057ef25	82ce690b83530857801b9d0d9f36c0b2
10994	a49537d799f09b2da6bf3fe1e626e506	2f766482995e1c03ab043a178057ef25	82ce690b83530857801b9d0d9f36c0b2
10995	a49537d799f09b2da6bf3fe1e626e506	2f766482995e1c03ab043a178057ef25	82ce690b83530857801b9d0d9f36c0b2
10996	a49537d799f09b2da6bf3fe1e626e506	2f766482995e1c03ab043a178057ef25	82ce690b83530857801b9d0d9f36c0b2
10997	a49537d799f09b2da6bf3fe1e626e506	2f766482995e1c03ab043a178057ef25	82ce690b83530857801b9d0d9f36c0b2
10998	a49537d799f09b2da6bf3fe1e626e506	2f766482995e1c03ab043a178057ef25	82ce690b83530857801b9d0d9f36c0b2
10999	cf306fcf08dacd4adddbeff60376c981	2ac39e383783af4a1918586323e9759e	a2e3f596c82afc9a991e9c2b2a8b92b1
11000	cf306fcf08dacd4adddbeff60376c981	2ac39e383783af4a1918586323e9759e	a2e3f596c82afc9a991e9c2b2a8b92b1
11001	cf306fcf08dacd4adddbeff60376c981	2ac39e383783af4a1918586323e9759e	a2e3f596c82afc9a991e9c2b2a8b92b1
11002	cf306fcf08dacd4adddbeff60376c981	2ac39e383783af4a1918586323e9759e	a2e3f596c82afc9a991e9c2b2a8b92b1
11003	cf306fcf08dacd4adddbeff60376c981	2ac39e383783af4a1918586323e9759e	a2e3f596c82afc9a991e9c2b2a8b92b1
11004	c510e0756a0708535380d28c4841ddfb	c32934e1a366f3e593dad0527b9b27e4	d6e0f1d5523b6707fe76997f15ca6c1b
11005	c510e0756a0708535380d28c4841ddfb	c32934e1a366f3e593dad0527b9b27e4	d6e0f1d5523b6707fe76997f15ca6c1b
11006	c510e0756a0708535380d28c4841ddfb	c32934e1a366f3e593dad0527b9b27e4	d6e0f1d5523b6707fe76997f15ca6c1b
11007	c510e0756a0708535380d28c4841ddfb	c32934e1a366f3e593dad0527b9b27e4	d6e0f1d5523b6707fe76997f15ca6c1b
11008	c510e0756a0708535380d28c4841ddfb	c32934e1a366f3e593dad0527b9b27e4	d6e0f1d5523b6707fe76997f15ca6c1b
11009	c510e0756a0708535380d28c4841ddfb	c32934e1a366f3e593dad0527b9b27e4	d6e0f1d5523b6707fe76997f15ca6c1b
11010	c510e0756a0708535380d28c4841ddfb	c32934e1a366f3e593dad0527b9b27e4	d6e0f1d5523b6707fe76997f15ca6c1b
11011	c510e0756a0708535380d28c4841ddfb	c32934e1a366f3e593dad0527b9b27e4	d6e0f1d5523b6707fe76997f15ca6c1b
11012	c510e0756a0708535380d28c4841ddfb	c32934e1a366f3e593dad0527b9b27e4	d6e0f1d5523b6707fe76997f15ca6c1b
11013	c510e0756a0708535380d28c4841ddfb	c32934e1a366f3e593dad0527b9b27e4	d6e0f1d5523b6707fe76997f15ca6c1b
11014	c510e0756a0708535380d28c4841ddfb	c32934e1a366f3e593dad0527b9b27e4	d6e0f1d5523b6707fe76997f15ca6c1b
11015	c510e0756a0708535380d28c4841ddfb	c32934e1a366f3e593dad0527b9b27e4	d6e0f1d5523b6707fe76997f15ca6c1b
11016	c510e0756a0708535380d28c4841ddfb	c32934e1a366f3e593dad0527b9b27e4	d6e0f1d5523b6707fe76997f15ca6c1b
11017	c510e0756a0708535380d28c4841ddfb	c32934e1a366f3e593dad0527b9b27e4	d6e0f1d5523b6707fe76997f15ca6c1b
11018	c510e0756a0708535380d28c4841ddfb	c32934e1a366f3e593dad0527b9b27e4	d6e0f1d5523b6707fe76997f15ca6c1b
11019	c510e0756a0708535380d28c4841ddfb	c32934e1a366f3e593dad0527b9b27e4	d6e0f1d5523b6707fe76997f15ca6c1b
11020	c510e0756a0708535380d28c4841ddfb	c32934e1a366f3e593dad0527b9b27e4	d6e0f1d5523b6707fe76997f15ca6c1b
11021	2794c06870150f89bd35fb7a60177cc3	acef5860c8a6c4c72c9c874e21b4eebc	fb04e91117d953f377dee8fa7315d6af
11022	2794c06870150f89bd35fb7a60177cc3	acef5860c8a6c4c72c9c874e21b4eebc	fb04e91117d953f377dee8fa7315d6af
11023	2794c06870150f89bd35fb7a60177cc3	acef5860c8a6c4c72c9c874e21b4eebc	fb04e91117d953f377dee8fa7315d6af
11024	2794c06870150f89bd35fb7a60177cc3	acef5860c8a6c4c72c9c874e21b4eebc	fb04e91117d953f377dee8fa7315d6af
11025	2794c06870150f89bd35fb7a60177cc3	acef5860c8a6c4c72c9c874e21b4eebc	fb04e91117d953f377dee8fa7315d6af
11026	2794c06870150f89bd35fb7a60177cc3	acef5860c8a6c4c72c9c874e21b4eebc	fb04e91117d953f377dee8fa7315d6af
11027	2794c06870150f89bd35fb7a60177cc3	acef5860c8a6c4c72c9c874e21b4eebc	fb04e91117d953f377dee8fa7315d6af
11028	525f289abcfe4224ef0dda0523475c5a	3d1fbc305c7fb2702931b290b660afa1	0c506c4df4c875607a127cd3e52c3bc2
11029	525f289abcfe4224ef0dda0523475c5a	3d1fbc305c7fb2702931b290b660afa1	0c506c4df4c875607a127cd3e52c3bc2
11030	525f289abcfe4224ef0dda0523475c5a	3d1fbc305c7fb2702931b290b660afa1	0c506c4df4c875607a127cd3e52c3bc2
11031	48860b7b175f11c572e89a6cdb6ad8c0	dd22067457db8aebb1c3fa82bd74cabb	8dbcd2f77b40484556971b886eb66080
11032	48860b7b175f11c572e89a6cdb6ad8c0	dd22067457db8aebb1c3fa82bd74cabb	8dbcd2f77b40484556971b886eb66080
11033	524548ce83a98878c3a8934e2be71648	2fafc8ac3ebbc444405b46cd05da135b	796993d24bb9a83ae9d1da3e0457bb6c
11034	524548ce83a98878c3a8934e2be71648	2fafc8ac3ebbc444405b46cd05da135b	796993d24bb9a83ae9d1da3e0457bb6c
11035	524548ce83a98878c3a8934e2be71648	2fafc8ac3ebbc444405b46cd05da135b	796993d24bb9a83ae9d1da3e0457bb6c
11036	524548ce83a98878c3a8934e2be71648	2fafc8ac3ebbc444405b46cd05da135b	796993d24bb9a83ae9d1da3e0457bb6c
11037	524548ce83a98878c3a8934e2be71648	2fafc8ac3ebbc444405b46cd05da135b	796993d24bb9a83ae9d1da3e0457bb6c
11038	524548ce83a98878c3a8934e2be71648	2fafc8ac3ebbc444405b46cd05da135b	796993d24bb9a83ae9d1da3e0457bb6c
11039	524548ce83a98878c3a8934e2be71648	2fafc8ac3ebbc444405b46cd05da135b	796993d24bb9a83ae9d1da3e0457bb6c
11040	57b07ee1528d40e3eb1b1bfd6d662443	cd316a898f75a975fd4d24758b365cec	4ff3adb2152d66b77b480b884e9cc333
11041	57b07ee1528d40e3eb1b1bfd6d662443	cd316a898f75a975fd4d24758b365cec	4ff3adb2152d66b77b480b884e9cc333
11042	57b07ee1528d40e3eb1b1bfd6d662443	cd316a898f75a975fd4d24758b365cec	4ff3adb2152d66b77b480b884e9cc333
11043	fc4740156f3571984ce5c3745d59ce07	3461c2b9bfc026fc8f300fa504b8c138	708bc646991fa420205fe4d659ad4f1f
11044	fc4740156f3571984ce5c3745d59ce07	3461c2b9bfc026fc8f300fa504b8c138	708bc646991fa420205fe4d659ad4f1f
11045	981a6ebad8329fc1eedd77110772310f	0754f76b4bc0f27f102f5527c9b046e8	92ea0665822946335114285d7ec80db3
11046	981a6ebad8329fc1eedd77110772310f	0754f76b4bc0f27f102f5527c9b046e8	92ea0665822946335114285d7ec80db3
11047	981a6ebad8329fc1eedd77110772310f	0754f76b4bc0f27f102f5527c9b046e8	92ea0665822946335114285d7ec80db3
11048	981a6ebad8329fc1eedd77110772310f	0754f76b4bc0f27f102f5527c9b046e8	92ea0665822946335114285d7ec80db3
11049	981a6ebad8329fc1eedd77110772310f	0754f76b4bc0f27f102f5527c9b046e8	92ea0665822946335114285d7ec80db3
11050	981a6ebad8329fc1eedd77110772310f	0754f76b4bc0f27f102f5527c9b046e8	92ea0665822946335114285d7ec80db3
11051	981a6ebad8329fc1eedd77110772310f	0754f76b4bc0f27f102f5527c9b046e8	92ea0665822946335114285d7ec80db3
11052	8112fe98b8f353bab409fc6f4521a760	59cf2f305a306d720eec811b6f3bb9c3	5d0d55df8d8681141c32294cf22e99b4
11053	8112fe98b8f353bab409fc6f4521a760	59cf2f305a306d720eec811b6f3bb9c3	5d0d55df8d8681141c32294cf22e99b4
11054	8112fe98b8f353bab409fc6f4521a760	59cf2f305a306d720eec811b6f3bb9c3	5d0d55df8d8681141c32294cf22e99b4
11055	8112fe98b8f353bab409fc6f4521a760	59cf2f305a306d720eec811b6f3bb9c3	5d0d55df8d8681141c32294cf22e99b4
11056	8112fe98b8f353bab409fc6f4521a760	59cf2f305a306d720eec811b6f3bb9c3	5d0d55df8d8681141c32294cf22e99b4
11057	8112fe98b8f353bab409fc6f4521a760	59cf2f305a306d720eec811b6f3bb9c3	5d0d55df8d8681141c32294cf22e99b4
11058	8112fe98b8f353bab409fc6f4521a760	59cf2f305a306d720eec811b6f3bb9c3	5d0d55df8d8681141c32294cf22e99b4
11059	8112fe98b8f353bab409fc6f4521a760	59cf2f305a306d720eec811b6f3bb9c3	5d0d55df8d8681141c32294cf22e99b4
11060	8112fe98b8f353bab409fc6f4521a760	59cf2f305a306d720eec811b6f3bb9c3	5d0d55df8d8681141c32294cf22e99b4
11061	8112fe98b8f353bab409fc6f4521a760	59cf2f305a306d720eec811b6f3bb9c3	5d0d55df8d8681141c32294cf22e99b4
11062	02850f44af4e61b48fe7e445cbc9549b	8492c824b3def37851aabede0ff070ac	a55d4a4b2f79db12ccfbf249e8e17bd7
11063	02850f44af4e61b48fe7e445cbc9549b	8492c824b3def37851aabede0ff070ac	a55d4a4b2f79db12ccfbf249e8e17bd7
11064	02850f44af4e61b48fe7e445cbc9549b	8492c824b3def37851aabede0ff070ac	a55d4a4b2f79db12ccfbf249e8e17bd7
11065	02850f44af4e61b48fe7e445cbc9549b	8492c824b3def37851aabede0ff070ac	a55d4a4b2f79db12ccfbf249e8e17bd7
11066	02850f44af4e61b48fe7e445cbc9549b	8492c824b3def37851aabede0ff070ac	a55d4a4b2f79db12ccfbf249e8e17bd7
11067	02850f44af4e61b48fe7e445cbc9549b	8492c824b3def37851aabede0ff070ac	a55d4a4b2f79db12ccfbf249e8e17bd7
11068	02850f44af4e61b48fe7e445cbc9549b	8492c824b3def37851aabede0ff070ac	a55d4a4b2f79db12ccfbf249e8e17bd7
11069	848695f8d247ab884a8d97dee7309643	6b8e01aa1bf693ac028c595c995b1894	7129c57ae6811d94309e786861051ba3
11070	848695f8d247ab884a8d97dee7309643	6b8e01aa1bf693ac028c595c995b1894	7129c57ae6811d94309e786861051ba3
11071	848695f8d247ab884a8d97dee7309643	6b8e01aa1bf693ac028c595c995b1894	7129c57ae6811d94309e786861051ba3
11072	848695f8d247ab884a8d97dee7309643	6b8e01aa1bf693ac028c595c995b1894	7129c57ae6811d94309e786861051ba3
11073	848695f8d247ab884a8d97dee7309643	6b8e01aa1bf693ac028c595c995b1894	7129c57ae6811d94309e786861051ba3
11074	c4f54f74b5897485bb840f9f5d7b0ca0	dcb68fff89ccd52b813eebd30bb58a7b	36e0aefaf9ff7ca151026913da6a9b90
11075	c4f54f74b5897485bb840f9f5d7b0ca0	dcb68fff89ccd52b813eebd30bb58a7b	36e0aefaf9ff7ca151026913da6a9b90
11076	c4f54f74b5897485bb840f9f5d7b0ca0	dcb68fff89ccd52b813eebd30bb58a7b	36e0aefaf9ff7ca151026913da6a9b90
11077	c4f54f74b5897485bb840f9f5d7b0ca0	dcb68fff89ccd52b813eebd30bb58a7b	36e0aefaf9ff7ca151026913da6a9b90
11078	c4f54f74b5897485bb840f9f5d7b0ca0	dcb68fff89ccd52b813eebd30bb58a7b	36e0aefaf9ff7ca151026913da6a9b90
11079	c4f54f74b5897485bb840f9f5d7b0ca0	dcb68fff89ccd52b813eebd30bb58a7b	36e0aefaf9ff7ca151026913da6a9b90
11080	c4f54f74b5897485bb840f9f5d7b0ca0	dcb68fff89ccd52b813eebd30bb58a7b	36e0aefaf9ff7ca151026913da6a9b90
11081	600790385c990d6f0eb4ef23bbb50028	161dc508fb6ab9790353f82e77bcaa03	6289cb43f2e592e95afae4fd897e9b84
11082	600790385c990d6f0eb4ef23bbb50028	161dc508fb6ab9790353f82e77bcaa03	6289cb43f2e592e95afae4fd897e9b84
11083	600790385c990d6f0eb4ef23bbb50028	161dc508fb6ab9790353f82e77bcaa03	6289cb43f2e592e95afae4fd897e9b84
11084	600790385c990d6f0eb4ef23bbb50028	161dc508fb6ab9790353f82e77bcaa03	6289cb43f2e592e95afae4fd897e9b84
11085	600790385c990d6f0eb4ef23bbb50028	161dc508fb6ab9790353f82e77bcaa03	6289cb43f2e592e95afae4fd897e9b84
11086	b35378afa343cb17c0abfa027856b0fd	79e13980bc3241e9e88f905f72a3d7b2	53c3640ed61d70933f9992e09dc63b4d
11087	b35378afa343cb17c0abfa027856b0fd	79e13980bc3241e9e88f905f72a3d7b2	53c3640ed61d70933f9992e09dc63b4d
11088	b35378afa343cb17c0abfa027856b0fd	79e13980bc3241e9e88f905f72a3d7b2	53c3640ed61d70933f9992e09dc63b4d
11089	034748e7a7c862b36c83a2f1ca41ac23	2ac92b378e3d05b5b710fdfcb9594afc	afaead408d3779338c274b65c802f4e3
11090	034748e7a7c862b36c83a2f1ca41ac23	2ac92b378e3d05b5b710fdfcb9594afc	afaead408d3779338c274b65c802f4e3
11091	58973fdcf1551df49b8cf7c6ec662081	62306da3b397e0c85eb8400ca80262fe	c882883b21ee3c4aabcb0c2fa6ed2665
11092	58973fdcf1551df49b8cf7c6ec662081	62306da3b397e0c85eb8400ca80262fe	c882883b21ee3c4aabcb0c2fa6ed2665
11093	58973fdcf1551df49b8cf7c6ec662081	62306da3b397e0c85eb8400ca80262fe	c882883b21ee3c4aabcb0c2fa6ed2665
11094	58973fdcf1551df49b8cf7c6ec662081	62306da3b397e0c85eb8400ca80262fe	c882883b21ee3c4aabcb0c2fa6ed2665
11095	58973fdcf1551df49b8cf7c6ec662081	62306da3b397e0c85eb8400ca80262fe	c882883b21ee3c4aabcb0c2fa6ed2665
11096	58973fdcf1551df49b8cf7c6ec662081	62306da3b397e0c85eb8400ca80262fe	c882883b21ee3c4aabcb0c2fa6ed2665
11097	58973fdcf1551df49b8cf7c6ec662081	62306da3b397e0c85eb8400ca80262fe	c882883b21ee3c4aabcb0c2fa6ed2665
11098	58973fdcf1551df49b8cf7c6ec662081	62306da3b397e0c85eb8400ca80262fe	c882883b21ee3c4aabcb0c2fa6ed2665
11099	58973fdcf1551df49b8cf7c6ec662081	62306da3b397e0c85eb8400ca80262fe	c882883b21ee3c4aabcb0c2fa6ed2665
11100	58973fdcf1551df49b8cf7c6ec662081	62306da3b397e0c85eb8400ca80262fe	c882883b21ee3c4aabcb0c2fa6ed2665
11101	58973fdcf1551df49b8cf7c6ec662081	62306da3b397e0c85eb8400ca80262fe	c882883b21ee3c4aabcb0c2fa6ed2665
11102	58973fdcf1551df49b8cf7c6ec662081	62306da3b397e0c85eb8400ca80262fe	c882883b21ee3c4aabcb0c2fa6ed2665
11103	ad0e935e5d39fbf47119462712c0e93d	ee745d41a4cf93b80e20efbf827ca3da	60453c82f7b7c37e1ebd7bd796481431
11104	ad0e935e5d39fbf47119462712c0e93d	ee745d41a4cf93b80e20efbf827ca3da	60453c82f7b7c37e1ebd7bd796481431
11105	ad0e935e5d39fbf47119462712c0e93d	ee745d41a4cf93b80e20efbf827ca3da	60453c82f7b7c37e1ebd7bd796481431
11106	ad0e935e5d39fbf47119462712c0e93d	ee745d41a4cf93b80e20efbf827ca3da	60453c82f7b7c37e1ebd7bd796481431
11107	ad0e935e5d39fbf47119462712c0e93d	ee745d41a4cf93b80e20efbf827ca3da	60453c82f7b7c37e1ebd7bd796481431
11108	ad0e935e5d39fbf47119462712c0e93d	ee745d41a4cf93b80e20efbf827ca3da	60453c82f7b7c37e1ebd7bd796481431
11109	ad0e935e5d39fbf47119462712c0e93d	ee745d41a4cf93b80e20efbf827ca3da	60453c82f7b7c37e1ebd7bd796481431
11110	ad0e935e5d39fbf47119462712c0e93d	ee745d41a4cf93b80e20efbf827ca3da	60453c82f7b7c37e1ebd7bd796481431
11111	ad0e935e5d39fbf47119462712c0e93d	ee745d41a4cf93b80e20efbf827ca3da	60453c82f7b7c37e1ebd7bd796481431
11112	ad0e935e5d39fbf47119462712c0e93d	ee745d41a4cf93b80e20efbf827ca3da	60453c82f7b7c37e1ebd7bd796481431
11113	ad0e935e5d39fbf47119462712c0e93d	ee745d41a4cf93b80e20efbf827ca3da	60453c82f7b7c37e1ebd7bd796481431
11114	ad0e935e5d39fbf47119462712c0e93d	ee745d41a4cf93b80e20efbf827ca3da	60453c82f7b7c37e1ebd7bd796481431
11115	8f78daa530ce7402592f46195c57cc07	e64d0932c914a6121e852cd303bdd3d8	181f43886aad0e2aa0e544d9313dd1f7
11116	8f78daa530ce7402592f46195c57cc07	e64d0932c914a6121e852cd303bdd3d8	181f43886aad0e2aa0e544d9313dd1f7
11117	8f78daa530ce7402592f46195c57cc07	e64d0932c914a6121e852cd303bdd3d8	181f43886aad0e2aa0e544d9313dd1f7
11118	8f78daa530ce7402592f46195c57cc07	e64d0932c914a6121e852cd303bdd3d8	181f43886aad0e2aa0e544d9313dd1f7
11119	8f78daa530ce7402592f46195c57cc07	e64d0932c914a6121e852cd303bdd3d8	181f43886aad0e2aa0e544d9313dd1f7
11120	8f78daa530ce7402592f46195c57cc07	e64d0932c914a6121e852cd303bdd3d8	181f43886aad0e2aa0e544d9313dd1f7
11121	8f78daa530ce7402592f46195c57cc07	e64d0932c914a6121e852cd303bdd3d8	181f43886aad0e2aa0e544d9313dd1f7
11122	da182990ae57078477601296d9008907	b9c2204bb2fa5248c1cec7050007c598	b902a665fedfb266eb7c5d399d4fa33b
11123	da182990ae57078477601296d9008907	b9c2204bb2fa5248c1cec7050007c598	b902a665fedfb266eb7c5d399d4fa33b
11124	da182990ae57078477601296d9008907	b9c2204bb2fa5248c1cec7050007c598	b902a665fedfb266eb7c5d399d4fa33b
11125	da182990ae57078477601296d9008907	b9c2204bb2fa5248c1cec7050007c598	b902a665fedfb266eb7c5d399d4fa33b
11126	da182990ae57078477601296d9008907	b9c2204bb2fa5248c1cec7050007c598	b902a665fedfb266eb7c5d399d4fa33b
11127	a4dcbd928359a01e7be1bf12a3b15946	6e2a92d79949d7968faf5d68d862c96d	396267863ab4ef5a89d7c17c2e16c426
11128	a4dcbd928359a01e7be1bf12a3b15946	6e2a92d79949d7968faf5d68d862c96d	396267863ab4ef5a89d7c17c2e16c426
11129	a4dcbd928359a01e7be1bf12a3b15946	6e2a92d79949d7968faf5d68d862c96d	396267863ab4ef5a89d7c17c2e16c426
11130	a4dcbd928359a01e7be1bf12a3b15946	6e2a92d79949d7968faf5d68d862c96d	396267863ab4ef5a89d7c17c2e16c426
11131	a4dcbd928359a01e7be1bf12a3b15946	6e2a92d79949d7968faf5d68d862c96d	396267863ab4ef5a89d7c17c2e16c426
11132	2d5ba8e70d8be3568736b639ea9c6667	91efad93db2fdf56821c0f9035783fc8	7226dae8b2b4dfb6b4a405d53ecedd77
11133	2d5ba8e70d8be3568736b639ea9c6667	91efad93db2fdf56821c0f9035783fc8	7226dae8b2b4dfb6b4a405d53ecedd77
11134	2d5ba8e70d8be3568736b639ea9c6667	91efad93db2fdf56821c0f9035783fc8	7226dae8b2b4dfb6b4a405d53ecedd77
11135	2d5ba8e70d8be3568736b639ea9c6667	91efad93db2fdf56821c0f9035783fc8	7226dae8b2b4dfb6b4a405d53ecedd77
11136	2d5ba8e70d8be3568736b639ea9c6667	91efad93db2fdf56821c0f9035783fc8	7226dae8b2b4dfb6b4a405d53ecedd77
11137	2d5ba8e70d8be3568736b639ea9c6667	91efad93db2fdf56821c0f9035783fc8	7226dae8b2b4dfb6b4a405d53ecedd77
11138	2d5ba8e70d8be3568736b639ea9c6667	91efad93db2fdf56821c0f9035783fc8	7226dae8b2b4dfb6b4a405d53ecedd77
11139	2d5ba8e70d8be3568736b639ea9c6667	91efad93db2fdf56821c0f9035783fc8	7226dae8b2b4dfb6b4a405d53ecedd77
11140	2d5ba8e70d8be3568736b639ea9c6667	91efad93db2fdf56821c0f9035783fc8	7226dae8b2b4dfb6b4a405d53ecedd77
11141	2d5ba8e70d8be3568736b639ea9c6667	91efad93db2fdf56821c0f9035783fc8	7226dae8b2b4dfb6b4a405d53ecedd77
11142	2d5ba8e70d8be3568736b639ea9c6667	91efad93db2fdf56821c0f9035783fc8	7226dae8b2b4dfb6b4a405d53ecedd77
11143	2d5ba8e70d8be3568736b639ea9c6667	91efad93db2fdf56821c0f9035783fc8	7226dae8b2b4dfb6b4a405d53ecedd77
11144	8521f8fc3a3a6cabbdcb671ae19f154e	356493e06182fa356ba5ba70ab978ddd	4f6907229abd9ad9a069ad10d5ac0f22
11145	8521f8fc3a3a6cabbdcb671ae19f154e	356493e06182fa356ba5ba70ab978ddd	4f6907229abd9ad9a069ad10d5ac0f22
11146	8521f8fc3a3a6cabbdcb671ae19f154e	356493e06182fa356ba5ba70ab978ddd	4f6907229abd9ad9a069ad10d5ac0f22
11147	8521f8fc3a3a6cabbdcb671ae19f154e	356493e06182fa356ba5ba70ab978ddd	4f6907229abd9ad9a069ad10d5ac0f22
11148	8521f8fc3a3a6cabbdcb671ae19f154e	356493e06182fa356ba5ba70ab978ddd	4f6907229abd9ad9a069ad10d5ac0f22
11149	8521f8fc3a3a6cabbdcb671ae19f154e	356493e06182fa356ba5ba70ab978ddd	4f6907229abd9ad9a069ad10d5ac0f22
11150	8521f8fc3a3a6cabbdcb671ae19f154e	356493e06182fa356ba5ba70ab978ddd	4f6907229abd9ad9a069ad10d5ac0f22
11151	62c2c1c9741c92517e7f24925ee85771	5f9f7149419659bf0baf9104b6e0b426	e0599f55ae4cf83d3d1833526d2c3cc9
11152	62c2c1c9741c92517e7f24925ee85771	5f9f7149419659bf0baf9104b6e0b426	e0599f55ae4cf83d3d1833526d2c3cc9
11153	62c2c1c9741c92517e7f24925ee85771	5f9f7149419659bf0baf9104b6e0b426	e0599f55ae4cf83d3d1833526d2c3cc9
11154	62c2c1c9741c92517e7f24925ee85771	5f9f7149419659bf0baf9104b6e0b426	e0599f55ae4cf83d3d1833526d2c3cc9
11155	62c2c1c9741c92517e7f24925ee85771	5f9f7149419659bf0baf9104b6e0b426	e0599f55ae4cf83d3d1833526d2c3cc9
11156	62c2c1c9741c92517e7f24925ee85771	5f9f7149419659bf0baf9104b6e0b426	e0599f55ae4cf83d3d1833526d2c3cc9
11157	62c2c1c9741c92517e7f24925ee85771	5f9f7149419659bf0baf9104b6e0b426	e0599f55ae4cf83d3d1833526d2c3cc9
11158	62c2c1c9741c92517e7f24925ee85771	5f9f7149419659bf0baf9104b6e0b426	e0599f55ae4cf83d3d1833526d2c3cc9
11159	62c2c1c9741c92517e7f24925ee85771	5f9f7149419659bf0baf9104b6e0b426	e0599f55ae4cf83d3d1833526d2c3cc9
11160	62c2c1c9741c92517e7f24925ee85771	5f9f7149419659bf0baf9104b6e0b426	e0599f55ae4cf83d3d1833526d2c3cc9
11161	f21417fe46189425bc5021010062d733	e198cd3f4a89a12392d646cccd3c27ac	9c6835b226bb60db515e52d1495f3347
11162	f21417fe46189425bc5021010062d733	e198cd3f4a89a12392d646cccd3c27ac	9c6835b226bb60db515e52d1495f3347
11163	f21417fe46189425bc5021010062d733	e198cd3f4a89a12392d646cccd3c27ac	9c6835b226bb60db515e52d1495f3347
11164	f21417fe46189425bc5021010062d733	e198cd3f4a89a12392d646cccd3c27ac	9c6835b226bb60db515e52d1495f3347
11165	f21417fe46189425bc5021010062d733	e198cd3f4a89a12392d646cccd3c27ac	9c6835b226bb60db515e52d1495f3347
11166	f21417fe46189425bc5021010062d733	e198cd3f4a89a12392d646cccd3c27ac	9c6835b226bb60db515e52d1495f3347
11167	f21417fe46189425bc5021010062d733	e198cd3f4a89a12392d646cccd3c27ac	9c6835b226bb60db515e52d1495f3347
11168	6d1b07b9ca6e2763198a42d3f17efd60	613a4a11d5445d6d8fa5aebb8a388e5b	0184c68b5450b37b114378df92f24d10
11169	6d1b07b9ca6e2763198a42d3f17efd60	613a4a11d5445d6d8fa5aebb8a388e5b	0184c68b5450b37b114378df92f24d10
11170	6d1b07b9ca6e2763198a42d3f17efd60	613a4a11d5445d6d8fa5aebb8a388e5b	0184c68b5450b37b114378df92f24d10
11171	4c5c601a5b5aae3bba948e22b6431d33	10276141487df14d0fed5a781ed2341c	7163b0832016f68ff54182626a413b03
11172	4c5c601a5b5aae3bba948e22b6431d33	10276141487df14d0fed5a781ed2341c	7163b0832016f68ff54182626a413b03
11173	472606de4dfcd5f22344d233d34b1958	7f77feb317f1378aa329d389b6b03a8b	bec9a7dce6b25fa8f7a27bae6d41e9fc
11174	472606de4dfcd5f22344d233d34b1958	7f77feb317f1378aa329d389b6b03a8b	bec9a7dce6b25fa8f7a27bae6d41e9fc
11175	472606de4dfcd5f22344d233d34b1958	7f77feb317f1378aa329d389b6b03a8b	bec9a7dce6b25fa8f7a27bae6d41e9fc
11176	472606de4dfcd5f22344d233d34b1958	7f77feb317f1378aa329d389b6b03a8b	bec9a7dce6b25fa8f7a27bae6d41e9fc
11177	472606de4dfcd5f22344d233d34b1958	7f77feb317f1378aa329d389b6b03a8b	bec9a7dce6b25fa8f7a27bae6d41e9fc
11178	472606de4dfcd5f22344d233d34b1958	7f77feb317f1378aa329d389b6b03a8b	bec9a7dce6b25fa8f7a27bae6d41e9fc
11179	472606de4dfcd5f22344d233d34b1958	7f77feb317f1378aa329d389b6b03a8b	bec9a7dce6b25fa8f7a27bae6d41e9fc
11180	472606de4dfcd5f22344d233d34b1958	7f77feb317f1378aa329d389b6b03a8b	bec9a7dce6b25fa8f7a27bae6d41e9fc
11181	472606de4dfcd5f22344d233d34b1958	7f77feb317f1378aa329d389b6b03a8b	bec9a7dce6b25fa8f7a27bae6d41e9fc
11182	472606de4dfcd5f22344d233d34b1958	7f77feb317f1378aa329d389b6b03a8b	bec9a7dce6b25fa8f7a27bae6d41e9fc
11183	472606de4dfcd5f22344d233d34b1958	7f77feb317f1378aa329d389b6b03a8b	bec9a7dce6b25fa8f7a27bae6d41e9fc
11184	472606de4dfcd5f22344d233d34b1958	7f77feb317f1378aa329d389b6b03a8b	bec9a7dce6b25fa8f7a27bae6d41e9fc
11185	472606de4dfcd5f22344d233d34b1958	7f77feb317f1378aa329d389b6b03a8b	bec9a7dce6b25fa8f7a27bae6d41e9fc
11186	472606de4dfcd5f22344d233d34b1958	7f77feb317f1378aa329d389b6b03a8b	bec9a7dce6b25fa8f7a27bae6d41e9fc
11187	472606de4dfcd5f22344d233d34b1958	7f77feb317f1378aa329d389b6b03a8b	bec9a7dce6b25fa8f7a27bae6d41e9fc
11188	472606de4dfcd5f22344d233d34b1958	7f77feb317f1378aa329d389b6b03a8b	bec9a7dce6b25fa8f7a27bae6d41e9fc
11189	472606de4dfcd5f22344d233d34b1958	7f77feb317f1378aa329d389b6b03a8b	bec9a7dce6b25fa8f7a27bae6d41e9fc
11190	7f95ff94ba8a743cd189fd634bff620e	13d9e57a22750588cc4f06bb5b2cab65	a0e8a3b61b8e9068044e2b37e7ab1956
11191	7f95ff94ba8a743cd189fd634bff620e	13d9e57a22750588cc4f06bb5b2cab65	a0e8a3b61b8e9068044e2b37e7ab1956
11192	7f95ff94ba8a743cd189fd634bff620e	13d9e57a22750588cc4f06bb5b2cab65	a0e8a3b61b8e9068044e2b37e7ab1956
11193	af3a32de3a6b6d655df300eac9056db2	a37ab6ff1c5f8a8b0773b568b5086501	c056daac61c26d7b191bb4448cbf448e
11194	af3a32de3a6b6d655df300eac9056db2	a37ab6ff1c5f8a8b0773b568b5086501	c056daac61c26d7b191bb4448cbf448e
11195	af3a32de3a6b6d655df300eac9056db2	a37ab6ff1c5f8a8b0773b568b5086501	c056daac61c26d7b191bb4448cbf448e
11196	af3a32de3a6b6d655df300eac9056db2	a37ab6ff1c5f8a8b0773b568b5086501	c056daac61c26d7b191bb4448cbf448e
11197	98e3f05cbfd7f78f2221f19c25eb4536	ae70ab27e5bf79d9b356fad49b7e4075	03dc5d4e16e91bd395202aed38914ea6
11198	98e3f05cbfd7f78f2221f19c25eb4536	ae70ab27e5bf79d9b356fad49b7e4075	03dc5d4e16e91bd395202aed38914ea6
11199	98e3f05cbfd7f78f2221f19c25eb4536	ae70ab27e5bf79d9b356fad49b7e4075	03dc5d4e16e91bd395202aed38914ea6
11200	98e3f05cbfd7f78f2221f19c25eb4536	ae70ab27e5bf79d9b356fad49b7e4075	03dc5d4e16e91bd395202aed38914ea6
11201	98e3f05cbfd7f78f2221f19c25eb4536	ae70ab27e5bf79d9b356fad49b7e4075	03dc5d4e16e91bd395202aed38914ea6
11202	030721e5ab206b5dc094c64e268b6bd9	ada285bceff6175b5ee8207fadc402ae	2aa80a29bbfbd8abfc00ffb86bc71125
11203	030721e5ab206b5dc094c64e268b6bd9	ada285bceff6175b5ee8207fadc402ae	2aa80a29bbfbd8abfc00ffb86bc71125
11204	030721e5ab206b5dc094c64e268b6bd9	ada285bceff6175b5ee8207fadc402ae	2aa80a29bbfbd8abfc00ffb86bc71125
11205	030721e5ab206b5dc094c64e268b6bd9	ada285bceff6175b5ee8207fadc402ae	2aa80a29bbfbd8abfc00ffb86bc71125
11206	030721e5ab206b5dc094c64e268b6bd9	ada285bceff6175b5ee8207fadc402ae	2aa80a29bbfbd8abfc00ffb86bc71125
11207	030721e5ab206b5dc094c64e268b6bd9	ada285bceff6175b5ee8207fadc402ae	2aa80a29bbfbd8abfc00ffb86bc71125
11208	030721e5ab206b5dc094c64e268b6bd9	ada285bceff6175b5ee8207fadc402ae	2aa80a29bbfbd8abfc00ffb86bc71125
11209	e9325b384716eeaccb2d46a61b7dbffb	e103da461439d6204d97eb4c0ed14ecc	52fc7bb89ec5f348b2355892b56fd7c3
11210	e9325b384716eeaccb2d46a61b7dbffb	e103da461439d6204d97eb4c0ed14ecc	52fc7bb89ec5f348b2355892b56fd7c3
11211	e9325b384716eeaccb2d46a61b7dbffb	e103da461439d6204d97eb4c0ed14ecc	52fc7bb89ec5f348b2355892b56fd7c3
11212	e9325b384716eeaccb2d46a61b7dbffb	e103da461439d6204d97eb4c0ed14ecc	52fc7bb89ec5f348b2355892b56fd7c3
11213	e9325b384716eeaccb2d46a61b7dbffb	e103da461439d6204d97eb4c0ed14ecc	52fc7bb89ec5f348b2355892b56fd7c3
11214	917f5e16be37046095d95c47c7b9c398	129def22744f4b5c959ab90150e8202b	20db65324ab5a968779c213e7710d518
11215	917f5e16be37046095d95c47c7b9c398	129def22744f4b5c959ab90150e8202b	20db65324ab5a968779c213e7710d518
11216	917f5e16be37046095d95c47c7b9c398	129def22744f4b5c959ab90150e8202b	20db65324ab5a968779c213e7710d518
11217	917f5e16be37046095d95c47c7b9c398	129def22744f4b5c959ab90150e8202b	20db65324ab5a968779c213e7710d518
11218	917f5e16be37046095d95c47c7b9c398	129def22744f4b5c959ab90150e8202b	20db65324ab5a968779c213e7710d518
11219	917f5e16be37046095d95c47c7b9c398	129def22744f4b5c959ab90150e8202b	20db65324ab5a968779c213e7710d518
11220	917f5e16be37046095d95c47c7b9c398	129def22744f4b5c959ab90150e8202b	20db65324ab5a968779c213e7710d518
11221	134432f5795f8c2af2809cf3dcf74a99	11df9ee9289beb3a7725e81956413006	5eb8aa8ea9bee2f2165b363e07dc2dc9
11222	134432f5795f8c2af2809cf3dcf74a99	11df9ee9289beb3a7725e81956413006	5eb8aa8ea9bee2f2165b363e07dc2dc9
11223	134432f5795f8c2af2809cf3dcf74a99	11df9ee9289beb3a7725e81956413006	5eb8aa8ea9bee2f2165b363e07dc2dc9
11224	134432f5795f8c2af2809cf3dcf74a99	11df9ee9289beb3a7725e81956413006	5eb8aa8ea9bee2f2165b363e07dc2dc9
11225	134432f5795f8c2af2809cf3dcf74a99	11df9ee9289beb3a7725e81956413006	5eb8aa8ea9bee2f2165b363e07dc2dc9
11226	b1e5fb430c97826a47807b29b90c7696	4c412289e83e419260407c63e452601d	8601d2f26941e546f9c2001d6c99f566
11227	b1e5fb430c97826a47807b29b90c7696	4c412289e83e419260407c63e452601d	8601d2f26941e546f9c2001d6c99f566
11228	b1e5fb430c97826a47807b29b90c7696	4c412289e83e419260407c63e452601d	8601d2f26941e546f9c2001d6c99f566
11229	b1e5fb430c97826a47807b29b90c7696	4c412289e83e419260407c63e452601d	8601d2f26941e546f9c2001d6c99f566
11230	b1e5fb430c97826a47807b29b90c7696	4c412289e83e419260407c63e452601d	8601d2f26941e546f9c2001d6c99f566
11231	afa7521724a4d41a2870dd2833dc131f	f98064d04a206a8a01d00991ac209410	0a1ad28c257f8e04c07a88e937aefa43
11232	afa7521724a4d41a2870dd2833dc131f	f98064d04a206a8a01d00991ac209410	0a1ad28c257f8e04c07a88e937aefa43
11233	afa7521724a4d41a2870dd2833dc131f	f98064d04a206a8a01d00991ac209410	0a1ad28c257f8e04c07a88e937aefa43
11234	afa7521724a4d41a2870dd2833dc131f	f98064d04a206a8a01d00991ac209410	0a1ad28c257f8e04c07a88e937aefa43
11235	afa7521724a4d41a2870dd2833dc131f	f98064d04a206a8a01d00991ac209410	0a1ad28c257f8e04c07a88e937aefa43
11236	afa7521724a4d41a2870dd2833dc131f	f98064d04a206a8a01d00991ac209410	0a1ad28c257f8e04c07a88e937aefa43
11237	afa7521724a4d41a2870dd2833dc131f	f98064d04a206a8a01d00991ac209410	0a1ad28c257f8e04c07a88e937aefa43
11238	0b7e0d71974d99b8698e3bc7327b0f4a	536bd6414a23dcf44258d41233002921	666fe6a3c0b30a363d8fbf7df5645a2e
11239	0b7e0d71974d99b8698e3bc7327b0f4a	536bd6414a23dcf44258d41233002921	666fe6a3c0b30a363d8fbf7df5645a2e
11240	0b7e0d71974d99b8698e3bc7327b0f4a	536bd6414a23dcf44258d41233002921	666fe6a3c0b30a363d8fbf7df5645a2e
11241	0b7e0d71974d99b8698e3bc7327b0f4a	536bd6414a23dcf44258d41233002921	666fe6a3c0b30a363d8fbf7df5645a2e
11242	0b7e0d71974d99b8698e3bc7327b0f4a	536bd6414a23dcf44258d41233002921	666fe6a3c0b30a363d8fbf7df5645a2e
11243	4d45d851bcbbda99383d59b27d20092d	1f8656efdf5746e7aa3e6dd758292b02	80f43a33e6a9123769387d75214951d1
11244	4d45d851bcbbda99383d59b27d20092d	1f8656efdf5746e7aa3e6dd758292b02	80f43a33e6a9123769387d75214951d1
11245	4d45d851bcbbda99383d59b27d20092d	1f8656efdf5746e7aa3e6dd758292b02	80f43a33e6a9123769387d75214951d1
11246	4d45d851bcbbda99383d59b27d20092d	1f8656efdf5746e7aa3e6dd758292b02	80f43a33e6a9123769387d75214951d1
11247	4d45d851bcbbda99383d59b27d20092d	1f8656efdf5746e7aa3e6dd758292b02	80f43a33e6a9123769387d75214951d1
11248	4d45d851bcbbda99383d59b27d20092d	1f8656efdf5746e7aa3e6dd758292b02	80f43a33e6a9123769387d75214951d1
11249	4d45d851bcbbda99383d59b27d20092d	1f8656efdf5746e7aa3e6dd758292b02	80f43a33e6a9123769387d75214951d1
11250	4d45d851bcbbda99383d59b27d20092d	1f8656efdf5746e7aa3e6dd758292b02	80f43a33e6a9123769387d75214951d1
11251	4d45d851bcbbda99383d59b27d20092d	1f8656efdf5746e7aa3e6dd758292b02	80f43a33e6a9123769387d75214951d1
11252	4d45d851bcbbda99383d59b27d20092d	1f8656efdf5746e7aa3e6dd758292b02	80f43a33e6a9123769387d75214951d1
11253	4d45d851bcbbda99383d59b27d20092d	1f8656efdf5746e7aa3e6dd758292b02	80f43a33e6a9123769387d75214951d1
11254	4d45d851bcbbda99383d59b27d20092d	1f8656efdf5746e7aa3e6dd758292b02	80f43a33e6a9123769387d75214951d1
11255	4d45d851bcbbda99383d59b27d20092d	1f8656efdf5746e7aa3e6dd758292b02	80f43a33e6a9123769387d75214951d1
11256	4d45d851bcbbda99383d59b27d20092d	1f8656efdf5746e7aa3e6dd758292b02	80f43a33e6a9123769387d75214951d1
11257	4d45d851bcbbda99383d59b27d20092d	1f8656efdf5746e7aa3e6dd758292b02	80f43a33e6a9123769387d75214951d1
11258	4d45d851bcbbda99383d59b27d20092d	1f8656efdf5746e7aa3e6dd758292b02	80f43a33e6a9123769387d75214951d1
11259	97628e104c55ffdfdcd19d6819428504	7a6c8556dff84da9a82f15eeddc972ef	705660523c5479e1f8374ea450354a60
11260	f25c83f49cf9b160ce5f8cfeef50f449	3f075cd31574bf24ea14c4f011a94b16	0083dd6a52f5a3b285c02d4a52ef49bd
11261	f25c83f49cf9b160ce5f8cfeef50f449	3f075cd31574bf24ea14c4f011a94b16	0083dd6a52f5a3b285c02d4a52ef49bd
11262	f25c83f49cf9b160ce5f8cfeef50f449	3f075cd31574bf24ea14c4f011a94b16	0083dd6a52f5a3b285c02d4a52ef49bd
11263	f25c83f49cf9b160ce5f8cfeef50f449	3f075cd31574bf24ea14c4f011a94b16	0083dd6a52f5a3b285c02d4a52ef49bd
11264	f25c83f49cf9b160ce5f8cfeef50f449	3f075cd31574bf24ea14c4f011a94b16	0083dd6a52f5a3b285c02d4a52ef49bd
11265	f25c83f49cf9b160ce5f8cfeef50f449	3f075cd31574bf24ea14c4f011a94b16	0083dd6a52f5a3b285c02d4a52ef49bd
11266	f25c83f49cf9b160ce5f8cfeef50f449	3f075cd31574bf24ea14c4f011a94b16	0083dd6a52f5a3b285c02d4a52ef49bd
11267	9a2fff7c1f785ef1036ca54e3c0b72ef	18410b0b131c423fd18cee79301edb08	0b944bdd884d2a51725a326cd0097707
11268	9a2fff7c1f785ef1036ca54e3c0b72ef	18410b0b131c423fd18cee79301edb08	0b944bdd884d2a51725a326cd0097707
11269	9a2fff7c1f785ef1036ca54e3c0b72ef	18410b0b131c423fd18cee79301edb08	0b944bdd884d2a51725a326cd0097707
11270	1bfcb60e72d8dff11b135b331b1e2d1c	4438f40b838022c7bea4f0dae42c69e7	bc7a0e3e37f4e9316412c1bf7c9b639c
11271	1bfcb60e72d8dff11b135b331b1e2d1c	4438f40b838022c7bea4f0dae42c69e7	bc7a0e3e37f4e9316412c1bf7c9b639c
11272	2660d918f97fb1ed68446d87bd6ed275	4766e333e289952b3c6f4e357e07e57a	06f5da5896f894a1e90661d9bde13305
11273	2660d918f97fb1ed68446d87bd6ed275	4766e333e289952b3c6f4e357e07e57a	06f5da5896f894a1e90661d9bde13305
11274	2660d918f97fb1ed68446d87bd6ed275	4766e333e289952b3c6f4e357e07e57a	06f5da5896f894a1e90661d9bde13305
11275	2660d918f97fb1ed68446d87bd6ed275	4766e333e289952b3c6f4e357e07e57a	06f5da5896f894a1e90661d9bde13305
11276	2660d918f97fb1ed68446d87bd6ed275	4766e333e289952b3c6f4e357e07e57a	06f5da5896f894a1e90661d9bde13305
11277	2660d918f97fb1ed68446d87bd6ed275	4766e333e289952b3c6f4e357e07e57a	06f5da5896f894a1e90661d9bde13305
11278	2660d918f97fb1ed68446d87bd6ed275	4766e333e289952b3c6f4e357e07e57a	06f5da5896f894a1e90661d9bde13305
11279	bd8aa1fa639450f91e5923eb2f538ac9	459c93102a7cc807b48fd80832820cde	6767e2662d6aa723a3cc1c82b23cd38d
11280	bd8aa1fa639450f91e5923eb2f538ac9	459c93102a7cc807b48fd80832820cde	6767e2662d6aa723a3cc1c82b23cd38d
11281	bd8aa1fa639450f91e5923eb2f538ac9	459c93102a7cc807b48fd80832820cde	6767e2662d6aa723a3cc1c82b23cd38d
11282	bd8aa1fa639450f91e5923eb2f538ac9	459c93102a7cc807b48fd80832820cde	6767e2662d6aa723a3cc1c82b23cd38d
11283	bd8aa1fa639450f91e5923eb2f538ac9	459c93102a7cc807b48fd80832820cde	6767e2662d6aa723a3cc1c82b23cd38d
11284	c68bcff6351c715df54b0917b1db8784	cbb0b5169ff41273626791a3ae5e2d7f	cbe20083b674683142ca3f64f498bb6c
11285	c68bcff6351c715df54b0917b1db8784	cbb0b5169ff41273626791a3ae5e2d7f	cbe20083b674683142ca3f64f498bb6c
11286	c68bcff6351c715df54b0917b1db8784	cbb0b5169ff41273626791a3ae5e2d7f	cbe20083b674683142ca3f64f498bb6c
11287	c68bcff6351c715df54b0917b1db8784	cbb0b5169ff41273626791a3ae5e2d7f	cbe20083b674683142ca3f64f498bb6c
11288	c68bcff6351c715df54b0917b1db8784	cbb0b5169ff41273626791a3ae5e2d7f	cbe20083b674683142ca3f64f498bb6c
11289	c68bcff6351c715df54b0917b1db8784	cbb0b5169ff41273626791a3ae5e2d7f	cbe20083b674683142ca3f64f498bb6c
11290	c68bcff6351c715df54b0917b1db8784	cbb0b5169ff41273626791a3ae5e2d7f	cbe20083b674683142ca3f64f498bb6c
11291	c68bcff6351c715df54b0917b1db8784	cbb0b5169ff41273626791a3ae5e2d7f	cbe20083b674683142ca3f64f498bb6c
11292	c68bcff6351c715df54b0917b1db8784	cbb0b5169ff41273626791a3ae5e2d7f	cbe20083b674683142ca3f64f498bb6c
11293	c68bcff6351c715df54b0917b1db8784	cbb0b5169ff41273626791a3ae5e2d7f	cbe20083b674683142ca3f64f498bb6c
11294	c68bcff6351c715df54b0917b1db8784	cbb0b5169ff41273626791a3ae5e2d7f	cbe20083b674683142ca3f64f498bb6c
11295	c68bcff6351c715df54b0917b1db8784	cbb0b5169ff41273626791a3ae5e2d7f	cbe20083b674683142ca3f64f498bb6c
11296	c68bcff6351c715df54b0917b1db8784	cbb0b5169ff41273626791a3ae5e2d7f	cbe20083b674683142ca3f64f498bb6c
11297	c68bcff6351c715df54b0917b1db8784	cbb0b5169ff41273626791a3ae5e2d7f	cbe20083b674683142ca3f64f498bb6c
11298	c68bcff6351c715df54b0917b1db8784	cbb0b5169ff41273626791a3ae5e2d7f	cbe20083b674683142ca3f64f498bb6c
11299	c68bcff6351c715df54b0917b1db8784	cbb0b5169ff41273626791a3ae5e2d7f	cbe20083b674683142ca3f64f498bb6c
11300	c68bcff6351c715df54b0917b1db8784	cbb0b5169ff41273626791a3ae5e2d7f	cbe20083b674683142ca3f64f498bb6c
11301	fd8da491277973c53e74f3e5529afbae	f93b7ad821986f6bf8c19dae3f37821d	7217f67ba9eb2ac569741b7d4c8d44fe
11302	fd8da491277973c53e74f3e5529afbae	f93b7ad821986f6bf8c19dae3f37821d	7217f67ba9eb2ac569741b7d4c8d44fe
11303	fd8da491277973c53e74f3e5529afbae	f93b7ad821986f6bf8c19dae3f37821d	7217f67ba9eb2ac569741b7d4c8d44fe
11304	fd8da491277973c53e74f3e5529afbae	f93b7ad821986f6bf8c19dae3f37821d	7217f67ba9eb2ac569741b7d4c8d44fe
11305	fd8da491277973c53e74f3e5529afbae	f93b7ad821986f6bf8c19dae3f37821d	7217f67ba9eb2ac569741b7d4c8d44fe
11306	fd8da491277973c53e74f3e5529afbae	f93b7ad821986f6bf8c19dae3f37821d	7217f67ba9eb2ac569741b7d4c8d44fe
11307	fd8da491277973c53e74f3e5529afbae	f93b7ad821986f6bf8c19dae3f37821d	7217f67ba9eb2ac569741b7d4c8d44fe
11308	166bc7848105503f8127db66e6205318	383d8474f4e22e0938d15a4f3d3cf9c3	712eed6ee6570bd70d0d0a0e5f394d78
11309	166bc7848105503f8127db66e6205318	383d8474f4e22e0938d15a4f3d3cf9c3	712eed6ee6570bd70d0d0a0e5f394d78
11310	166bc7848105503f8127db66e6205318	383d8474f4e22e0938d15a4f3d3cf9c3	712eed6ee6570bd70d0d0a0e5f394d78
11311	166bc7848105503f8127db66e6205318	383d8474f4e22e0938d15a4f3d3cf9c3	712eed6ee6570bd70d0d0a0e5f394d78
11312	166bc7848105503f8127db66e6205318	383d8474f4e22e0938d15a4f3d3cf9c3	712eed6ee6570bd70d0d0a0e5f394d78
11313	22569b824414bde28f10dac1967382fb	bc54c1f7374b9b2269688e1de3be8aac	82ecc7a24f2b894e988b7e2157531c1b
11314	22569b824414bde28f10dac1967382fb	bc54c1f7374b9b2269688e1de3be8aac	82ecc7a24f2b894e988b7e2157531c1b
11315	22569b824414bde28f10dac1967382fb	bc54c1f7374b9b2269688e1de3be8aac	82ecc7a24f2b894e988b7e2157531c1b
11316	22569b824414bde28f10dac1967382fb	bc54c1f7374b9b2269688e1de3be8aac	82ecc7a24f2b894e988b7e2157531c1b
11317	22569b824414bde28f10dac1967382fb	bc54c1f7374b9b2269688e1de3be8aac	82ecc7a24f2b894e988b7e2157531c1b
11318	22569b824414bde28f10dac1967382fb	bc54c1f7374b9b2269688e1de3be8aac	82ecc7a24f2b894e988b7e2157531c1b
11319	22569b824414bde28f10dac1967382fb	bc54c1f7374b9b2269688e1de3be8aac	82ecc7a24f2b894e988b7e2157531c1b
11320	37ed1822cb1a3dc9100a9498c81123b3	46bc21f116aae5f713cb99abf7fd968c	fd0800ec190f1a8f472c260727f2a61f
11321	37ed1822cb1a3dc9100a9498c81123b3	46bc21f116aae5f713cb99abf7fd968c	fd0800ec190f1a8f472c260727f2a61f
11322	37ed1822cb1a3dc9100a9498c81123b3	46bc21f116aae5f713cb99abf7fd968c	fd0800ec190f1a8f472c260727f2a61f
11323	37ed1822cb1a3dc9100a9498c81123b3	46bc21f116aae5f713cb99abf7fd968c	fd0800ec190f1a8f472c260727f2a61f
11324	37ed1822cb1a3dc9100a9498c81123b3	46bc21f116aae5f713cb99abf7fd968c	fd0800ec190f1a8f472c260727f2a61f
11325	6b1bd805f1b8e9578cdb26fa84e331ee	2abc8d698694ff11944e82608e0be4fd	1cfe2d4397fa2b45eb3f6a69478451ba
11326	6b1bd805f1b8e9578cdb26fa84e331ee	2abc8d698694ff11944e82608e0be4fd	1cfe2d4397fa2b45eb3f6a69478451ba
11327	6b1bd805f1b8e9578cdb26fa84e331ee	2abc8d698694ff11944e82608e0be4fd	1cfe2d4397fa2b45eb3f6a69478451ba
11328	6b1bd805f1b8e9578cdb26fa84e331ee	2abc8d698694ff11944e82608e0be4fd	1cfe2d4397fa2b45eb3f6a69478451ba
11329	6b1bd805f1b8e9578cdb26fa84e331ee	2abc8d698694ff11944e82608e0be4fd	1cfe2d4397fa2b45eb3f6a69478451ba
11330	596f7b98dcfbc649711fc22c8224d6d6	c173f9cd622a0e3f015e785b45573df5	e0781f6cfb0d24ff257457406c483df2
11331	596f7b98dcfbc649711fc22c8224d6d6	c173f9cd622a0e3f015e785b45573df5	e0781f6cfb0d24ff257457406c483df2
11332	596f7b98dcfbc649711fc22c8224d6d6	c173f9cd622a0e3f015e785b45573df5	e0781f6cfb0d24ff257457406c483df2
11333	c3977e8f0f9ac94d25d785fd587e4bfe	c0c720eb36d25ff3c5f1d310334bdc2d	c8cc21d20f3e830d57156701d421b906
11334	c3977e8f0f9ac94d25d785fd587e4bfe	c0c720eb36d25ff3c5f1d310334bdc2d	c8cc21d20f3e830d57156701d421b906
11335	c3977e8f0f9ac94d25d785fd587e4bfe	c0c720eb36d25ff3c5f1d310334bdc2d	c8cc21d20f3e830d57156701d421b906
11336	c3977e8f0f9ac94d25d785fd587e4bfe	c0c720eb36d25ff3c5f1d310334bdc2d	c8cc21d20f3e830d57156701d421b906
11337	b14ff562da9cb534742e639a9fcb1b62	37a8d87da60ff6f046ad2eee61c66b69	908a57f8a4a223823d14c3a96ab233ce
11338	b14ff562da9cb534742e639a9fcb1b62	37a8d87da60ff6f046ad2eee61c66b69	908a57f8a4a223823d14c3a96ab233ce
11339	b14ff562da9cb534742e639a9fcb1b62	37a8d87da60ff6f046ad2eee61c66b69	908a57f8a4a223823d14c3a96ab233ce
11340	b14ff562da9cb534742e639a9fcb1b62	37a8d87da60ff6f046ad2eee61c66b69	908a57f8a4a223823d14c3a96ab233ce
11341	818356758280a45a0df90d9eccc396e9	dbc219c9f1d3bfca4363d2592a829ce6	cfbc3a40971600782497d46a76545bd5
11342	4f794b854dfd456a840d0878a2045846	56abed0c810b78323d913b9ff6f4d4ad	793e439d59d7a98c2db7cd88f3312b72
11343	4f794b854dfd456a840d0878a2045846	56abed0c810b78323d913b9ff6f4d4ad	793e439d59d7a98c2db7cd88f3312b72
11344	4f794b854dfd456a840d0878a2045846	56abed0c810b78323d913b9ff6f4d4ad	793e439d59d7a98c2db7cd88f3312b72
11345	4f794b854dfd456a840d0878a2045846	56abed0c810b78323d913b9ff6f4d4ad	793e439d59d7a98c2db7cd88f3312b72
11346	4f794b854dfd456a840d0878a2045846	56abed0c810b78323d913b9ff6f4d4ad	793e439d59d7a98c2db7cd88f3312b72
11347	4f794b854dfd456a840d0878a2045846	56abed0c810b78323d913b9ff6f4d4ad	793e439d59d7a98c2db7cd88f3312b72
11348	4f794b854dfd456a840d0878a2045846	56abed0c810b78323d913b9ff6f4d4ad	793e439d59d7a98c2db7cd88f3312b72
11349	987136436af55faf27432fce1a39405a	db578f6b4eac1549b9c006007a2d2769	a0c93c3f1eeff6c94aa132ad1362f646
11350	987136436af55faf27432fce1a39405a	db578f6b4eac1549b9c006007a2d2769	a0c93c3f1eeff6c94aa132ad1362f646
11351	987136436af55faf27432fce1a39405a	db578f6b4eac1549b9c006007a2d2769	a0c93c3f1eeff6c94aa132ad1362f646
11352	d6a4a3aefe1d87706a81874107135e83	70563ad0708f81e4e5cad449e04c6054	5473b61dc1764858009ddb3927c502b3
11353	987136436af55faf27432fce1a39405a	db578f6b4eac1549b9c006007a2d2769	a0c93c3f1eeff6c94aa132ad1362f646
11354	ed5dbd41fa835172ff34e757cecf0f34	18c92fcae13e65da0146106adafe6727	3054e7abed67e408a5dafd8a9ba98770
11355	ed5dbd41fa835172ff34e757cecf0f34	18c92fcae13e65da0146106adafe6727	3054e7abed67e408a5dafd8a9ba98770
11356	ed5dbd41fa835172ff34e757cecf0f34	18c92fcae13e65da0146106adafe6727	3054e7abed67e408a5dafd8a9ba98770
11357	ed5dbd41fa835172ff34e757cecf0f34	18c92fcae13e65da0146106adafe6727	3054e7abed67e408a5dafd8a9ba98770
11358	ed5dbd41fa835172ff34e757cecf0f34	18c92fcae13e65da0146106adafe6727	3054e7abed67e408a5dafd8a9ba98770
11359	ed5dbd41fa835172ff34e757cecf0f34	18c92fcae13e65da0146106adafe6727	3054e7abed67e408a5dafd8a9ba98770
11360	ed5dbd41fa835172ff34e757cecf0f34	18c92fcae13e65da0146106adafe6727	3054e7abed67e408a5dafd8a9ba98770
11361	ed5dbd41fa835172ff34e757cecf0f34	18c92fcae13e65da0146106adafe6727	3054e7abed67e408a5dafd8a9ba98770
11362	ed5dbd41fa835172ff34e757cecf0f34	18c92fcae13e65da0146106adafe6727	3054e7abed67e408a5dafd8a9ba98770
11363	ed5dbd41fa835172ff34e757cecf0f34	18c92fcae13e65da0146106adafe6727	3054e7abed67e408a5dafd8a9ba98770
11364	ed5dbd41fa835172ff34e757cecf0f34	18c92fcae13e65da0146106adafe6727	3054e7abed67e408a5dafd8a9ba98770
11365	ed5dbd41fa835172ff34e757cecf0f34	18c92fcae13e65da0146106adafe6727	3054e7abed67e408a5dafd8a9ba98770
11366	b7493f2d9b538bc6fd9deb82c3e987b2	68f373db8a84261ebece91b993d307a9	80250743362720aa2640e53ff1c0edca
11367	b7493f2d9b538bc6fd9deb82c3e987b2	68f373db8a84261ebece91b993d307a9	80250743362720aa2640e53ff1c0edca
11368	b7493f2d9b538bc6fd9deb82c3e987b2	68f373db8a84261ebece91b993d307a9	80250743362720aa2640e53ff1c0edca
11369	b7493f2d9b538bc6fd9deb82c3e987b2	68f373db8a84261ebece91b993d307a9	80250743362720aa2640e53ff1c0edca
11370	b7493f2d9b538bc6fd9deb82c3e987b2	68f373db8a84261ebece91b993d307a9	80250743362720aa2640e53ff1c0edca
11371	c6b786eb26109d115357eeda4aea2a6e	21acd18e494700773150d6e72d4ebe3d	1c709e4a059f03c34986c1da3aee34aa
11372	c6b786eb26109d115357eeda4aea2a6e	21acd18e494700773150d6e72d4ebe3d	1c709e4a059f03c34986c1da3aee34aa
11373	c6b786eb26109d115357eeda4aea2a6e	21acd18e494700773150d6e72d4ebe3d	1c709e4a059f03c34986c1da3aee34aa
11374	cd684ac9625cafc6982445748ba6257a	110232d8359323de5ff8f54aa471e651	f1f9664b7d563c3492f38ca76c95b05e
11375	cd684ac9625cafc6982445748ba6257a	110232d8359323de5ff8f54aa471e651	f1f9664b7d563c3492f38ca76c95b05e
11376	7ca9687d2fe042cafe6a974d8d383c4a	64776a7a8e5f46323c0edf112a7cd631	732f2d42993807646fafc769d9064d8e
11377	7ca9687d2fe042cafe6a974d8d383c4a	64776a7a8e5f46323c0edf112a7cd631	732f2d42993807646fafc769d9064d8e
11378	df41dd90d79bbea745a1af42ebf7d096	16f3b68fecd6ee91af26c0200162ba15	eac77a7907595d31b85333fe699c49fa
11379	df41dd90d79bbea745a1af42ebf7d096	16f3b68fecd6ee91af26c0200162ba15	eac77a7907595d31b85333fe699c49fa
11380	df41dd90d79bbea745a1af42ebf7d096	16f3b68fecd6ee91af26c0200162ba15	eac77a7907595d31b85333fe699c49fa
11381	df41dd90d79bbea745a1af42ebf7d096	16f3b68fecd6ee91af26c0200162ba15	eac77a7907595d31b85333fe699c49fa
11382	df41dd90d79bbea745a1af42ebf7d096	16f3b68fecd6ee91af26c0200162ba15	eac77a7907595d31b85333fe699c49fa
11383	23200f2599f3e4518cf9b269f21aa55e	14e341820b78c7c7e6963ac2f94e4b6d	bfd5def29e8f5351f637344e88fe476e
11384	23200f2599f3e4518cf9b269f21aa55e	14e341820b78c7c7e6963ac2f94e4b6d	bfd5def29e8f5351f637344e88fe476e
11385	23200f2599f3e4518cf9b269f21aa55e	14e341820b78c7c7e6963ac2f94e4b6d	bfd5def29e8f5351f637344e88fe476e
11386	23200f2599f3e4518cf9b269f21aa55e	14e341820b78c7c7e6963ac2f94e4b6d	bfd5def29e8f5351f637344e88fe476e
11387	23200f2599f3e4518cf9b269f21aa55e	14e341820b78c7c7e6963ac2f94e4b6d	bfd5def29e8f5351f637344e88fe476e
11388	23200f2599f3e4518cf9b269f21aa55e	14e341820b78c7c7e6963ac2f94e4b6d	bfd5def29e8f5351f637344e88fe476e
11389	23200f2599f3e4518cf9b269f21aa55e	14e341820b78c7c7e6963ac2f94e4b6d	bfd5def29e8f5351f637344e88fe476e
11390	6b41d1bd021bbb60c4c262e5c8f26289	9f31185650f8ec84e31b648027de7a66	c0eff35a3ea27d845457486c9e16e729
11391	6b41d1bd021bbb60c4c262e5c8f26289	9f31185650f8ec84e31b648027de7a66	c0eff35a3ea27d845457486c9e16e729
11392	6b41d1bd021bbb60c4c262e5c8f26289	9f31185650f8ec84e31b648027de7a66	c0eff35a3ea27d845457486c9e16e729
11393	6b41d1bd021bbb60c4c262e5c8f26289	9f31185650f8ec84e31b648027de7a66	c0eff35a3ea27d845457486c9e16e729
11394	6b41d1bd021bbb60c4c262e5c8f26289	9f31185650f8ec84e31b648027de7a66	c0eff35a3ea27d845457486c9e16e729
11395	6b41d1bd021bbb60c4c262e5c8f26289	9f31185650f8ec84e31b648027de7a66	c0eff35a3ea27d845457486c9e16e729
11396	6b41d1bd021bbb60c4c262e5c8f26289	9f31185650f8ec84e31b648027de7a66	c0eff35a3ea27d845457486c9e16e729
11397	6b41d1bd021bbb60c4c262e5c8f26289	9f31185650f8ec84e31b648027de7a66	c0eff35a3ea27d845457486c9e16e729
11398	6b41d1bd021bbb60c4c262e5c8f26289	9f31185650f8ec84e31b648027de7a66	c0eff35a3ea27d845457486c9e16e729
11399	6b41d1bd021bbb60c4c262e5c8f26289	9f31185650f8ec84e31b648027de7a66	c0eff35a3ea27d845457486c9e16e729
11400	7c9287c167688ceab854ea9e24654b05	4d5abdc09010d0ca6f53d6cbfc4f83a2	5aaf68eb9998f49676908c22db9c09a5
11401	7c9287c167688ceab854ea9e24654b05	4d5abdc09010d0ca6f53d6cbfc4f83a2	5aaf68eb9998f49676908c22db9c09a5
11402	7c9287c167688ceab854ea9e24654b05	4d5abdc09010d0ca6f53d6cbfc4f83a2	5aaf68eb9998f49676908c22db9c09a5
11403	7c9287c167688ceab854ea9e24654b05	4d5abdc09010d0ca6f53d6cbfc4f83a2	5aaf68eb9998f49676908c22db9c09a5
11404	7c9287c167688ceab854ea9e24654b05	4d5abdc09010d0ca6f53d6cbfc4f83a2	5aaf68eb9998f49676908c22db9c09a5
11405	7c9287c167688ceab854ea9e24654b05	4d5abdc09010d0ca6f53d6cbfc4f83a2	5aaf68eb9998f49676908c22db9c09a5
11406	7c9287c167688ceab854ea9e24654b05	4d5abdc09010d0ca6f53d6cbfc4f83a2	5aaf68eb9998f49676908c22db9c09a5
11407	d63dc1b5a56dcb22285db7fc08e5175b	892e3ccb77e7d1322b7f301e6fb4fedc	8361ac3cf343a5ae90a232bbc38a10fb
11408	d63dc1b5a56dcb22285db7fc08e5175b	892e3ccb77e7d1322b7f301e6fb4fedc	8361ac3cf343a5ae90a232bbc38a10fb
11409	d63dc1b5a56dcb22285db7fc08e5175b	892e3ccb77e7d1322b7f301e6fb4fedc	8361ac3cf343a5ae90a232bbc38a10fb
11410	d63dc1b5a56dcb22285db7fc08e5175b	892e3ccb77e7d1322b7f301e6fb4fedc	8361ac3cf343a5ae90a232bbc38a10fb
11411	d63dc1b5a56dcb22285db7fc08e5175b	892e3ccb77e7d1322b7f301e6fb4fedc	8361ac3cf343a5ae90a232bbc38a10fb
11412	63b9e569d03b67f6105e9e917758dd50	5acf4079ff1bfc2e1b04ac3d91271b43	308e511e717f4af267c2f604de231f88
11413	63b9e569d03b67f6105e9e917758dd50	5acf4079ff1bfc2e1b04ac3d91271b43	308e511e717f4af267c2f604de231f88
11414	63b9e569d03b67f6105e9e917758dd50	5acf4079ff1bfc2e1b04ac3d91271b43	308e511e717f4af267c2f604de231f88
11415	63b9e569d03b67f6105e9e917758dd50	5acf4079ff1bfc2e1b04ac3d91271b43	308e511e717f4af267c2f604de231f88
11416	63b9e569d03b67f6105e9e917758dd50	5acf4079ff1bfc2e1b04ac3d91271b43	308e511e717f4af267c2f604de231f88
11417	63b9e569d03b67f6105e9e917758dd50	5acf4079ff1bfc2e1b04ac3d91271b43	308e511e717f4af267c2f604de231f88
11418	63b9e569d03b67f6105e9e917758dd50	5acf4079ff1bfc2e1b04ac3d91271b43	308e511e717f4af267c2f604de231f88
11419	63b9e569d03b67f6105e9e917758dd50	5acf4079ff1bfc2e1b04ac3d91271b43	308e511e717f4af267c2f604de231f88
11420	63b9e569d03b67f6105e9e917758dd50	5acf4079ff1bfc2e1b04ac3d91271b43	308e511e717f4af267c2f604de231f88
11421	63b9e569d03b67f6105e9e917758dd50	5acf4079ff1bfc2e1b04ac3d91271b43	308e511e717f4af267c2f604de231f88
11422	63b9e569d03b67f6105e9e917758dd50	5acf4079ff1bfc2e1b04ac3d91271b43	308e511e717f4af267c2f604de231f88
11423	63b9e569d03b67f6105e9e917758dd50	5acf4079ff1bfc2e1b04ac3d91271b43	308e511e717f4af267c2f604de231f88
11424	63b9e569d03b67f6105e9e917758dd50	5acf4079ff1bfc2e1b04ac3d91271b43	308e511e717f4af267c2f604de231f88
11425	63b9e569d03b67f6105e9e917758dd50	5acf4079ff1bfc2e1b04ac3d91271b43	308e511e717f4af267c2f604de231f88
11426	63b9e569d03b67f6105e9e917758dd50	5acf4079ff1bfc2e1b04ac3d91271b43	308e511e717f4af267c2f604de231f88
11427	63b9e569d03b67f6105e9e917758dd50	5acf4079ff1bfc2e1b04ac3d91271b43	308e511e717f4af267c2f604de231f88
11428	63b9e569d03b67f6105e9e917758dd50	5acf4079ff1bfc2e1b04ac3d91271b43	308e511e717f4af267c2f604de231f88
11429	485e84357d26896c04f77c908db128bd	5b8df77ba30b64f0bf6335f8b97ed99a	39f59d87d68e22c64f2477b2edb4d031
11430	485e84357d26896c04f77c908db128bd	5b8df77ba30b64f0bf6335f8b97ed99a	39f59d87d68e22c64f2477b2edb4d031
11431	485e84357d26896c04f77c908db128bd	5b8df77ba30b64f0bf6335f8b97ed99a	39f59d87d68e22c64f2477b2edb4d031
11432	485e84357d26896c04f77c908db128bd	5b8df77ba30b64f0bf6335f8b97ed99a	39f59d87d68e22c64f2477b2edb4d031
11433	485e84357d26896c04f77c908db128bd	5b8df77ba30b64f0bf6335f8b97ed99a	39f59d87d68e22c64f2477b2edb4d031
11434	485e84357d26896c04f77c908db128bd	5b8df77ba30b64f0bf6335f8b97ed99a	39f59d87d68e22c64f2477b2edb4d031
11435	485e84357d26896c04f77c908db128bd	5b8df77ba30b64f0bf6335f8b97ed99a	39f59d87d68e22c64f2477b2edb4d031
11436	793ab499ab3d2e78894151466d851f82	9f73aa40e71a026419f1ebbb118ade59	bada30af4180b2586c5ba157e1f1920a
11437	793ab499ab3d2e78894151466d851f82	9f73aa40e71a026419f1ebbb118ade59	bada30af4180b2586c5ba157e1f1920a
11438	793ab499ab3d2e78894151466d851f82	9f73aa40e71a026419f1ebbb118ade59	bada30af4180b2586c5ba157e1f1920a
11439	2fa789a4667afb425cd509c437efb37f	25304104f22335527697324450363920	aa4bf5496b028138fd9d922e0d270ea3
11440	2fa789a4667afb425cd509c437efb37f	25304104f22335527697324450363920	aa4bf5496b028138fd9d922e0d270ea3
11441	ba6070ca68ea26df6219fa52268dd024	a7c2692eb2e547795fe2e3a2a7d997ff	a97270ec74bc5159243cc77086504098
11442	ba6070ca68ea26df6219fa52268dd024	a7c2692eb2e547795fe2e3a2a7d997ff	a97270ec74bc5159243cc77086504098
11443	ba6070ca68ea26df6219fa52268dd024	a7c2692eb2e547795fe2e3a2a7d997ff	a97270ec74bc5159243cc77086504098
11444	ba6070ca68ea26df6219fa52268dd024	a7c2692eb2e547795fe2e3a2a7d997ff	a97270ec74bc5159243cc77086504098
11445	ba6070ca68ea26df6219fa52268dd024	a7c2692eb2e547795fe2e3a2a7d997ff	a97270ec74bc5159243cc77086504098
11446	ba6070ca68ea26df6219fa52268dd024	a7c2692eb2e547795fe2e3a2a7d997ff	a97270ec74bc5159243cc77086504098
11447	ba6070ca68ea26df6219fa52268dd024	a7c2692eb2e547795fe2e3a2a7d997ff	a97270ec74bc5159243cc77086504098
11448	242086c03efd858e78007b99a810e204	a22fb49316e995c69e65f5f7d2312257	42e4052b45f98a268b7f74e3914facc4
11449	242086c03efd858e78007b99a810e204	a22fb49316e995c69e65f5f7d2312257	42e4052b45f98a268b7f74e3914facc4
11450	242086c03efd858e78007b99a810e204	a22fb49316e995c69e65f5f7d2312257	42e4052b45f98a268b7f74e3914facc4
11451	242086c03efd858e78007b99a810e204	a22fb49316e995c69e65f5f7d2312257	42e4052b45f98a268b7f74e3914facc4
11452	242086c03efd858e78007b99a810e204	a22fb49316e995c69e65f5f7d2312257	42e4052b45f98a268b7f74e3914facc4
11453	d815cfc9e421fb5246014cc77a69f439	d1cc0d2f1e38f452ddf832df35f5f096	3d64119df0146decff0c78829fcf523d
11454	d815cfc9e421fb5246014cc77a69f439	d1cc0d2f1e38f452ddf832df35f5f096	3d64119df0146decff0c78829fcf523d
11455	d815cfc9e421fb5246014cc77a69f439	d1cc0d2f1e38f452ddf832df35f5f096	3d64119df0146decff0c78829fcf523d
11456	d815cfc9e421fb5246014cc77a69f439	d1cc0d2f1e38f452ddf832df35f5f096	3d64119df0146decff0c78829fcf523d
11457	d815cfc9e421fb5246014cc77a69f439	d1cc0d2f1e38f452ddf832df35f5f096	3d64119df0146decff0c78829fcf523d
11458	d815cfc9e421fb5246014cc77a69f439	d1cc0d2f1e38f452ddf832df35f5f096	3d64119df0146decff0c78829fcf523d
11459	d815cfc9e421fb5246014cc77a69f439	d1cc0d2f1e38f452ddf832df35f5f096	3d64119df0146decff0c78829fcf523d
11460	ee46dffc409314364dbbbe3becf620b1	77b60baea0c987266797e7703278e2ee	0ea1f2ca3ba3d8c02bd5d299834ab87d
11461	ee46dffc409314364dbbbe3becf620b1	77b60baea0c987266797e7703278e2ee	0ea1f2ca3ba3d8c02bd5d299834ab87d
11462	ee46dffc409314364dbbbe3becf620b1	77b60baea0c987266797e7703278e2ee	0ea1f2ca3ba3d8c02bd5d299834ab87d
11463	ee46dffc409314364dbbbe3becf620b1	77b60baea0c987266797e7703278e2ee	0ea1f2ca3ba3d8c02bd5d299834ab87d
11464	ee46dffc409314364dbbbe3becf620b1	77b60baea0c987266797e7703278e2ee	0ea1f2ca3ba3d8c02bd5d299834ab87d
11465	ee46dffc409314364dbbbe3becf620b1	77b60baea0c987266797e7703278e2ee	0ea1f2ca3ba3d8c02bd5d299834ab87d
11466	ee46dffc409314364dbbbe3becf620b1	77b60baea0c987266797e7703278e2ee	0ea1f2ca3ba3d8c02bd5d299834ab87d
11467	ee46dffc409314364dbbbe3becf620b1	77b60baea0c987266797e7703278e2ee	0ea1f2ca3ba3d8c02bd5d299834ab87d
11468	ee46dffc409314364dbbbe3becf620b1	77b60baea0c987266797e7703278e2ee	0ea1f2ca3ba3d8c02bd5d299834ab87d
11469	ee46dffc409314364dbbbe3becf620b1	77b60baea0c987266797e7703278e2ee	0ea1f2ca3ba3d8c02bd5d299834ab87d
11470	a8385ca3e6a6713644f8adc234be59cd	2f5de6b71f197f56071525d2a5412cda	64426a8b5e9f1c4c98542649a26863e1
11471	a8385ca3e6a6713644f8adc234be59cd	2f5de6b71f197f56071525d2a5412cda	64426a8b5e9f1c4c98542649a26863e1
11472	a8385ca3e6a6713644f8adc234be59cd	2f5de6b71f197f56071525d2a5412cda	64426a8b5e9f1c4c98542649a26863e1
11473	a8385ca3e6a6713644f8adc234be59cd	2f5de6b71f197f56071525d2a5412cda	64426a8b5e9f1c4c98542649a26863e1
11474	a8385ca3e6a6713644f8adc234be59cd	2f5de6b71f197f56071525d2a5412cda	64426a8b5e9f1c4c98542649a26863e1
11475	a8385ca3e6a6713644f8adc234be59cd	2f5de6b71f197f56071525d2a5412cda	64426a8b5e9f1c4c98542649a26863e1
11476	a8385ca3e6a6713644f8adc234be59cd	2f5de6b71f197f56071525d2a5412cda	64426a8b5e9f1c4c98542649a26863e1
11477	45f6ecb0d2a3f27ed950389b2f648f1a	f6bc2630fdeee746579017dce0eb7121	eaa9bc908c00f762d754217a76f66232
11478	45f6ecb0d2a3f27ed950389b2f648f1a	f6bc2630fdeee746579017dce0eb7121	eaa9bc908c00f762d754217a76f66232
11479	45f6ecb0d2a3f27ed950389b2f648f1a	f6bc2630fdeee746579017dce0eb7121	eaa9bc908c00f762d754217a76f66232
11480	45f6ecb0d2a3f27ed950389b2f648f1a	f6bc2630fdeee746579017dce0eb7121	eaa9bc908c00f762d754217a76f66232
11481	45f6ecb0d2a3f27ed950389b2f648f1a	f6bc2630fdeee746579017dce0eb7121	eaa9bc908c00f762d754217a76f66232
11482	4f3f387ebed2be358d3d9c1284984620	ba85050513209acbc02f92db7735ae7b	0b42c4e422dfa8f9e4fb71928ce15f30
11483	4f3f387ebed2be358d3d9c1284984620	ba85050513209acbc02f92db7735ae7b	0b42c4e422dfa8f9e4fb71928ce15f30
11484	4f3f387ebed2be358d3d9c1284984620	ba85050513209acbc02f92db7735ae7b	0b42c4e422dfa8f9e4fb71928ce15f30
11485	061f7e438ce429a7092c110c81679087	a473e5610d441c19dd0858e7261f5e90	6d798265b249a541cec25bf0250d90eb
11486	061f7e438ce429a7092c110c81679087	a473e5610d441c19dd0858e7261f5e90	6d798265b249a541cec25bf0250d90eb
11487	212b47c7645a0c19a39e029d83289594	60a8d298b3d15e7f05b5efb0ac80393f	c6bed2023f8a5771643f935b556984e4
11488	212b47c7645a0c19a39e029d83289594	60a8d298b3d15e7f05b5efb0ac80393f	c6bed2023f8a5771643f935b556984e4
11489	fffa505449658f7e4582e5d7feeb1fc1	e58178de691bfa7e93397e3e796e429e	9858aed75e1a624631572cc08b0ba479
11490	fffa505449658f7e4582e5d7feeb1fc1	e58178de691bfa7e93397e3e796e429e	9858aed75e1a624631572cc08b0ba479
11491	fffa505449658f7e4582e5d7feeb1fc1	e58178de691bfa7e93397e3e796e429e	9858aed75e1a624631572cc08b0ba479
11492	fffa505449658f7e4582e5d7feeb1fc1	e58178de691bfa7e93397e3e796e429e	9858aed75e1a624631572cc08b0ba479
11493	fffa505449658f7e4582e5d7feeb1fc1	e58178de691bfa7e93397e3e796e429e	9858aed75e1a624631572cc08b0ba479
11494	39a2a1af3a6fd428ab3ed29278ea4d99	af6c1074e646b72c2e9f35d8deb24696	899ffc119161b28a2c95964054fbb4cd
11495	41238c9952cb10d3052361d1644da3c4	042d339ee826275da0fe2be6fe92848f	75d483ee5fe250350113c1a993fafcd8
11496	f0313607358de173db6091f0183ab680	e029e337ad00e0fde29e391694aca5cb	223195d7c17f347959788f5ee0a5e49c
11497	41238c9952cb10d3052361d1644da3c4	042d339ee826275da0fe2be6fe92848f	75d483ee5fe250350113c1a993fafcd8
11498	19a3f31328a18b30df1b058327de9f38	bad4a789ae72b1ec4942944cf1c86c3b	e0090910d14b57c6fde4ac4d659ac514
11499	c3fec1491811769ce86f8697552c5657	20fd495f1f7b1710953df67e1f8b3bb8	2b067d3830abb36e7c99d8609fd1b613
11500	c3fec1491811769ce86f8697552c5657	20fd495f1f7b1710953df67e1f8b3bb8	2b067d3830abb36e7c99d8609fd1b613
11501	c3fec1491811769ce86f8697552c5657	20fd495f1f7b1710953df67e1f8b3bb8	2b067d3830abb36e7c99d8609fd1b613
11502	c3fec1491811769ce86f8697552c5657	20fd495f1f7b1710953df67e1f8b3bb8	2b067d3830abb36e7c99d8609fd1b613
11503	c3fec1491811769ce86f8697552c5657	20fd495f1f7b1710953df67e1f8b3bb8	2b067d3830abb36e7c99d8609fd1b613
11504	c3fec1491811769ce86f8697552c5657	20fd495f1f7b1710953df67e1f8b3bb8	2b067d3830abb36e7c99d8609fd1b613
11505	c3fec1491811769ce86f8697552c5657	20fd495f1f7b1710953df67e1f8b3bb8	2b067d3830abb36e7c99d8609fd1b613
11506	ceebbb70e6b5ec90f43dd42a6b7faa3b	04f0d8b48f9721f4b34dcb05b195bddc	494f165bdb7103ce4c0a3fdf7f3bd697
11507	ceebbb70e6b5ec90f43dd42a6b7faa3b	04f0d8b48f9721f4b34dcb05b195bddc	494f165bdb7103ce4c0a3fdf7f3bd697
11508	ceebbb70e6b5ec90f43dd42a6b7faa3b	04f0d8b48f9721f4b34dcb05b195bddc	494f165bdb7103ce4c0a3fdf7f3bd697
11509	ceebbb70e6b5ec90f43dd42a6b7faa3b	04f0d8b48f9721f4b34dcb05b195bddc	494f165bdb7103ce4c0a3fdf7f3bd697
11510	ceebbb70e6b5ec90f43dd42a6b7faa3b	04f0d8b48f9721f4b34dcb05b195bddc	494f165bdb7103ce4c0a3fdf7f3bd697
11511	fe4ebb311e859a0d1d3af8bfcd585d22	1ad09cf826fa3ca3cec1b67c2f950631	8ed5cd8490ccbd81787790090b038f82
11512	fe4ebb311e859a0d1d3af8bfcd585d22	1ad09cf826fa3ca3cec1b67c2f950631	8ed5cd8490ccbd81787790090b038f82
11513	fe4ebb311e859a0d1d3af8bfcd585d22	1ad09cf826fa3ca3cec1b67c2f950631	8ed5cd8490ccbd81787790090b038f82
11514	0b53104c036126482c74b82654d72c15	c822ba5ada03eedc3df75b2e1c73ece2	7d849522b383fe7aad2a0ee3a5a2a9d1
11515	0b53104c036126482c74b82654d72c15	c822ba5ada03eedc3df75b2e1c73ece2	7d849522b383fe7aad2a0ee3a5a2a9d1
11516	9a3b6b59f640a8e531b59f89cee23a4c	2cb7b6b51430597b8905bc55da244177	7be2c431da7f0c5b2ee6b2b8dcf82c88
11517	9a3b6b59f640a8e531b59f89cee23a4c	2cb7b6b51430597b8905bc55da244177	7be2c431da7f0c5b2ee6b2b8dcf82c88
11518	1c35a3f9bd6a8086c55e3c2a01101d3b	e277be23b515c386a4f83ac376ff246c	0cc1d798b1bc908a2b8e588b954af4a3
11519	1c35a3f9bd6a8086c55e3c2a01101d3b	e277be23b515c386a4f83ac376ff246c	0cc1d798b1bc908a2b8e588b954af4a3
11520	1c35a3f9bd6a8086c55e3c2a01101d3b	e277be23b515c386a4f83ac376ff246c	0cc1d798b1bc908a2b8e588b954af4a3
11521	a37602b4fcc81286e2aa4ab1298d41ae	0f1ad83e05844fdeff66e2b1850a5745	5806653a6926800206e94794fe7599ce
11522	1c35a3f9bd6a8086c55e3c2a01101d3b	e277be23b515c386a4f83ac376ff246c	0cc1d798b1bc908a2b8e588b954af4a3
11523	e733e7ace0dd8c44466f6fd897fa6d17	62f240180b9d192896feffd388ec5b88	b8604bc47b0f05fc42a2ce675a735187
11524	e733e7ace0dd8c44466f6fd897fa6d17	62f240180b9d192896feffd388ec5b88	b8604bc47b0f05fc42a2ce675a735187
11525	e733e7ace0dd8c44466f6fd897fa6d17	62f240180b9d192896feffd388ec5b88	b8604bc47b0f05fc42a2ce675a735187
11526	e733e7ace0dd8c44466f6fd897fa6d17	62f240180b9d192896feffd388ec5b88	b8604bc47b0f05fc42a2ce675a735187
11527	e733e7ace0dd8c44466f6fd897fa6d17	62f240180b9d192896feffd388ec5b88	b8604bc47b0f05fc42a2ce675a735187
11528	e733e7ace0dd8c44466f6fd897fa6d17	62f240180b9d192896feffd388ec5b88	b8604bc47b0f05fc42a2ce675a735187
11529	e733e7ace0dd8c44466f6fd897fa6d17	62f240180b9d192896feffd388ec5b88	b8604bc47b0f05fc42a2ce675a735187
11530	e733e7ace0dd8c44466f6fd897fa6d17	62f240180b9d192896feffd388ec5b88	b8604bc47b0f05fc42a2ce675a735187
11531	e733e7ace0dd8c44466f6fd897fa6d17	62f240180b9d192896feffd388ec5b88	b8604bc47b0f05fc42a2ce675a735187
11532	e733e7ace0dd8c44466f6fd897fa6d17	62f240180b9d192896feffd388ec5b88	b8604bc47b0f05fc42a2ce675a735187
11533	e733e7ace0dd8c44466f6fd897fa6d17	62f240180b9d192896feffd388ec5b88	b8604bc47b0f05fc42a2ce675a735187
11534	e733e7ace0dd8c44466f6fd897fa6d17	62f240180b9d192896feffd388ec5b88	b8604bc47b0f05fc42a2ce675a735187
11535	504ea3dc294823e1c8d4f0de8ac9f9b3	ecc654be0d18688fc53864fa5aa863ac	5b80b647f5d3840b860fddf97daf146f
11536	504ea3dc294823e1c8d4f0de8ac9f9b3	ecc654be0d18688fc53864fa5aa863ac	5b80b647f5d3840b860fddf97daf146f
11537	504ea3dc294823e1c8d4f0de8ac9f9b3	ecc654be0d18688fc53864fa5aa863ac	5b80b647f5d3840b860fddf97daf146f
11538	504ea3dc294823e1c8d4f0de8ac9f9b3	ecc654be0d18688fc53864fa5aa863ac	5b80b647f5d3840b860fddf97daf146f
11539	504ea3dc294823e1c8d4f0de8ac9f9b3	ecc654be0d18688fc53864fa5aa863ac	5b80b647f5d3840b860fddf97daf146f
11540	b895572c57bedecbf5968963033c23f2	e8f47be02c27ae55dedc4c37c3ffc051	73ed6f1ea90b647982acb60ce05c05ee
11541	b895572c57bedecbf5968963033c23f2	e8f47be02c27ae55dedc4c37c3ffc051	73ed6f1ea90b647982acb60ce05c05ee
11542	b895572c57bedecbf5968963033c23f2	e8f47be02c27ae55dedc4c37c3ffc051	73ed6f1ea90b647982acb60ce05c05ee
11543	b895572c57bedecbf5968963033c23f2	e8f47be02c27ae55dedc4c37c3ffc051	73ed6f1ea90b647982acb60ce05c05ee
11544	b895572c57bedecbf5968963033c23f2	e8f47be02c27ae55dedc4c37c3ffc051	73ed6f1ea90b647982acb60ce05c05ee
11545	b895572c57bedecbf5968963033c23f2	e8f47be02c27ae55dedc4c37c3ffc051	73ed6f1ea90b647982acb60ce05c05ee
11546	b895572c57bedecbf5968963033c23f2	e8f47be02c27ae55dedc4c37c3ffc051	73ed6f1ea90b647982acb60ce05c05ee
11547	b895572c57bedecbf5968963033c23f2	e8f47be02c27ae55dedc4c37c3ffc051	73ed6f1ea90b647982acb60ce05c05ee
11548	b895572c57bedecbf5968963033c23f2	e8f47be02c27ae55dedc4c37c3ffc051	73ed6f1ea90b647982acb60ce05c05ee
11549	b895572c57bedecbf5968963033c23f2	e8f47be02c27ae55dedc4c37c3ffc051	73ed6f1ea90b647982acb60ce05c05ee
11550	b895572c57bedecbf5968963033c23f2	e8f47be02c27ae55dedc4c37c3ffc051	73ed6f1ea90b647982acb60ce05c05ee
11551	b895572c57bedecbf5968963033c23f2	e8f47be02c27ae55dedc4c37c3ffc051	73ed6f1ea90b647982acb60ce05c05ee
11552	c639344c87cf4ae80773615a9a38095f	bae0167c4977da8c3054c8a91cef3600	88f69176542ffd8233234ef30fe36963
11553	c639344c87cf4ae80773615a9a38095f	bae0167c4977da8c3054c8a91cef3600	88f69176542ffd8233234ef30fe36963
11554	c639344c87cf4ae80773615a9a38095f	bae0167c4977da8c3054c8a91cef3600	88f69176542ffd8233234ef30fe36963
11555	c639344c87cf4ae80773615a9a38095f	bae0167c4977da8c3054c8a91cef3600	88f69176542ffd8233234ef30fe36963
11556	c639344c87cf4ae80773615a9a38095f	bae0167c4977da8c3054c8a91cef3600	88f69176542ffd8233234ef30fe36963
11557	c639344c87cf4ae80773615a9a38095f	bae0167c4977da8c3054c8a91cef3600	88f69176542ffd8233234ef30fe36963
11558	c639344c87cf4ae80773615a9a38095f	bae0167c4977da8c3054c8a91cef3600	88f69176542ffd8233234ef30fe36963
11559	58e2f1461646ef1b64ab9abf91e1d625	14471b4fa51bc93db8ed607d974fb4aa	48311b08f683cf03d23886c6d4fd864d
11560	58e2f1461646ef1b64ab9abf91e1d625	14471b4fa51bc93db8ed607d974fb4aa	48311b08f683cf03d23886c6d4fd864d
11561	58e2f1461646ef1b64ab9abf91e1d625	14471b4fa51bc93db8ed607d974fb4aa	48311b08f683cf03d23886c6d4fd864d
11562	58e2f1461646ef1b64ab9abf91e1d625	14471b4fa51bc93db8ed607d974fb4aa	48311b08f683cf03d23886c6d4fd864d
11563	58e2f1461646ef1b64ab9abf91e1d625	14471b4fa51bc93db8ed607d974fb4aa	48311b08f683cf03d23886c6d4fd864d
11564	58e2f1461646ef1b64ab9abf91e1d625	14471b4fa51bc93db8ed607d974fb4aa	48311b08f683cf03d23886c6d4fd864d
11565	58e2f1461646ef1b64ab9abf91e1d625	14471b4fa51bc93db8ed607d974fb4aa	48311b08f683cf03d23886c6d4fd864d
11566	58e2f1461646ef1b64ab9abf91e1d625	14471b4fa51bc93db8ed607d974fb4aa	48311b08f683cf03d23886c6d4fd864d
11567	58e2f1461646ef1b64ab9abf91e1d625	14471b4fa51bc93db8ed607d974fb4aa	48311b08f683cf03d23886c6d4fd864d
11568	58e2f1461646ef1b64ab9abf91e1d625	14471b4fa51bc93db8ed607d974fb4aa	48311b08f683cf03d23886c6d4fd864d
11569	9f995b052b009bc333b34f0f26a98ebc	a7ac8a1190ae99dd532612180f5a80b7	eb5598d090d896f185275eb146577b90
11570	9f995b052b009bc333b34f0f26a98ebc	a7ac8a1190ae99dd532612180f5a80b7	eb5598d090d896f185275eb146577b90
11571	9f995b052b009bc333b34f0f26a98ebc	a7ac8a1190ae99dd532612180f5a80b7	eb5598d090d896f185275eb146577b90
11572	9f995b052b009bc333b34f0f26a98ebc	a7ac8a1190ae99dd532612180f5a80b7	eb5598d090d896f185275eb146577b90
11573	9f995b052b009bc333b34f0f26a98ebc	a7ac8a1190ae99dd532612180f5a80b7	eb5598d090d896f185275eb146577b90
11574	9f995b052b009bc333b34f0f26a98ebc	a7ac8a1190ae99dd532612180f5a80b7	eb5598d090d896f185275eb146577b90
11575	9f995b052b009bc333b34f0f26a98ebc	a7ac8a1190ae99dd532612180f5a80b7	eb5598d090d896f185275eb146577b90
11576	0794c937433519917ae61de447c4efee	5a52a7f979c3eca7c1237312ee28a0cd	d025b2cededf50b75882964e326220b2
11577	0794c937433519917ae61de447c4efee	5a52a7f979c3eca7c1237312ee28a0cd	d025b2cededf50b75882964e326220b2
11578	0794c937433519917ae61de447c4efee	5a52a7f979c3eca7c1237312ee28a0cd	d025b2cededf50b75882964e326220b2
11579	0794c937433519917ae61de447c4efee	5a52a7f979c3eca7c1237312ee28a0cd	d025b2cededf50b75882964e326220b2
11580	0794c937433519917ae61de447c4efee	5a52a7f979c3eca7c1237312ee28a0cd	d025b2cededf50b75882964e326220b2
11581	f7882528ca9295ef313f26d660aed897	ebcdf3a592fd49312a1d7d525daf8400	f06d8582cd4ed2e947bcaa4212810ca3
11582	f7882528ca9295ef313f26d660aed897	ebcdf3a592fd49312a1d7d525daf8400	f06d8582cd4ed2e947bcaa4212810ca3
11583	f7882528ca9295ef313f26d660aed897	ebcdf3a592fd49312a1d7d525daf8400	f06d8582cd4ed2e947bcaa4212810ca3
11584	f7882528ca9295ef313f26d660aed897	ebcdf3a592fd49312a1d7d525daf8400	f06d8582cd4ed2e947bcaa4212810ca3
11585	f7882528ca9295ef313f26d660aed897	ebcdf3a592fd49312a1d7d525daf8400	f06d8582cd4ed2e947bcaa4212810ca3
11586	f7882528ca9295ef313f26d660aed897	ebcdf3a592fd49312a1d7d525daf8400	f06d8582cd4ed2e947bcaa4212810ca3
11587	f7882528ca9295ef313f26d660aed897	ebcdf3a592fd49312a1d7d525daf8400	f06d8582cd4ed2e947bcaa4212810ca3
11588	f7882528ca9295ef313f26d660aed897	ebcdf3a592fd49312a1d7d525daf8400	f06d8582cd4ed2e947bcaa4212810ca3
11589	f7882528ca9295ef313f26d660aed897	ebcdf3a592fd49312a1d7d525daf8400	f06d8582cd4ed2e947bcaa4212810ca3
11590	f7882528ca9295ef313f26d660aed897	ebcdf3a592fd49312a1d7d525daf8400	f06d8582cd4ed2e947bcaa4212810ca3
11591	f7882528ca9295ef313f26d660aed897	ebcdf3a592fd49312a1d7d525daf8400	f06d8582cd4ed2e947bcaa4212810ca3
11592	f7882528ca9295ef313f26d660aed897	ebcdf3a592fd49312a1d7d525daf8400	f06d8582cd4ed2e947bcaa4212810ca3
11593	f7882528ca9295ef313f26d660aed897	ebcdf3a592fd49312a1d7d525daf8400	f06d8582cd4ed2e947bcaa4212810ca3
11594	f7882528ca9295ef313f26d660aed897	ebcdf3a592fd49312a1d7d525daf8400	f06d8582cd4ed2e947bcaa4212810ca3
11595	f7882528ca9295ef313f26d660aed897	ebcdf3a592fd49312a1d7d525daf8400	f06d8582cd4ed2e947bcaa4212810ca3
11596	f7882528ca9295ef313f26d660aed897	ebcdf3a592fd49312a1d7d525daf8400	f06d8582cd4ed2e947bcaa4212810ca3
11597	f7882528ca9295ef313f26d660aed897	ebcdf3a592fd49312a1d7d525daf8400	f06d8582cd4ed2e947bcaa4212810ca3
11598	9ab74160f03a910d0dbacf39fb87b2d1	7297697988136f5b80df50f51dd84b56	d85e9897718139618f6e5392a68cd2e1
11599	9ab74160f03a910d0dbacf39fb87b2d1	7297697988136f5b80df50f51dd84b56	d85e9897718139618f6e5392a68cd2e1
11600	9ab74160f03a910d0dbacf39fb87b2d1	7297697988136f5b80df50f51dd84b56	d85e9897718139618f6e5392a68cd2e1
11601	9ab74160f03a910d0dbacf39fb87b2d1	7297697988136f5b80df50f51dd84b56	d85e9897718139618f6e5392a68cd2e1
11602	9ab74160f03a910d0dbacf39fb87b2d1	7297697988136f5b80df50f51dd84b56	d85e9897718139618f6e5392a68cd2e1
11603	9ab74160f03a910d0dbacf39fb87b2d1	7297697988136f5b80df50f51dd84b56	d85e9897718139618f6e5392a68cd2e1
11604	9ab74160f03a910d0dbacf39fb87b2d1	7297697988136f5b80df50f51dd84b56	d85e9897718139618f6e5392a68cd2e1
11605	ebff76884578a6e54820f79c0c922370	47f8dcf9b925968b0326b9adef9a116b	70bb9e881863fef9bc75dc606b555e60
11606	ebff76884578a6e54820f79c0c922370	47f8dcf9b925968b0326b9adef9a116b	70bb9e881863fef9bc75dc606b555e60
11607	ebff76884578a6e54820f79c0c922370	47f8dcf9b925968b0326b9adef9a116b	70bb9e881863fef9bc75dc606b555e60
11608	ebff76884578a6e54820f79c0c922370	47f8dcf9b925968b0326b9adef9a116b	70bb9e881863fef9bc75dc606b555e60
11609	ebff76884578a6e54820f79c0c922370	47f8dcf9b925968b0326b9adef9a116b	70bb9e881863fef9bc75dc606b555e60
11610	1c670f763d78cb9b4e1c8085f6042e35	434f771870a5f3fd01476a8eff072b7a	3e48ad18257cda1f65252e3f4633b2dd
11611	1c670f763d78cb9b4e1c8085f6042e35	434f771870a5f3fd01476a8eff072b7a	3e48ad18257cda1f65252e3f4633b2dd
11612	1c670f763d78cb9b4e1c8085f6042e35	434f771870a5f3fd01476a8eff072b7a	3e48ad18257cda1f65252e3f4633b2dd
11613	1c670f763d78cb9b4e1c8085f6042e35	434f771870a5f3fd01476a8eff072b7a	3e48ad18257cda1f65252e3f4633b2dd
11614	1c670f763d78cb9b4e1c8085f6042e35	434f771870a5f3fd01476a8eff072b7a	3e48ad18257cda1f65252e3f4633b2dd
11615	1c670f763d78cb9b4e1c8085f6042e35	434f771870a5f3fd01476a8eff072b7a	3e48ad18257cda1f65252e3f4633b2dd
11616	1c670f763d78cb9b4e1c8085f6042e35	434f771870a5f3fd01476a8eff072b7a	3e48ad18257cda1f65252e3f4633b2dd
11617	363548e8b57fd918c8e4fbd1f6e4efb0	0c4161ba97255fb48ce91844f1e11a33	10774b94e66c0540c1128fae70edb138
11618	363548e8b57fd918c8e4fbd1f6e4efb0	0c4161ba97255fb48ce91844f1e11a33	10774b94e66c0540c1128fae70edb138
11619	363548e8b57fd918c8e4fbd1f6e4efb0	0c4161ba97255fb48ce91844f1e11a33	10774b94e66c0540c1128fae70edb138
11620	363548e8b57fd918c8e4fbd1f6e4efb0	0c4161ba97255fb48ce91844f1e11a33	10774b94e66c0540c1128fae70edb138
11621	363548e8b57fd918c8e4fbd1f6e4efb0	0c4161ba97255fb48ce91844f1e11a33	10774b94e66c0540c1128fae70edb138
11622	0dc9f7a0bd140037e978384993db68a4	b2f285560755bf91319ed332538998cf	48133bfbd4393e273bf892ea0c205484
11623	0dc9f7a0bd140037e978384993db68a4	b2f285560755bf91319ed332538998cf	48133bfbd4393e273bf892ea0c205484
11624	0dc9f7a0bd140037e978384993db68a4	b2f285560755bf91319ed332538998cf	48133bfbd4393e273bf892ea0c205484
11625	0dc9f7a0bd140037e978384993db68a4	b2f285560755bf91319ed332538998cf	48133bfbd4393e273bf892ea0c205484
11626	0dc9f7a0bd140037e978384993db68a4	b2f285560755bf91319ed332538998cf	48133bfbd4393e273bf892ea0c205484
11627	0dc9f7a0bd140037e978384993db68a4	b2f285560755bf91319ed332538998cf	48133bfbd4393e273bf892ea0c205484
11628	0dc9f7a0bd140037e978384993db68a4	b2f285560755bf91319ed332538998cf	48133bfbd4393e273bf892ea0c205484
11629	4cd64fa78b92bf338fd9276f1c6f377b	beb4c71af4b311055a7b53b1af3de604	e93df67a866754cbe15bac994aaf4e33
11630	4cd64fa78b92bf338fd9276f1c6f377b	beb4c71af4b311055a7b53b1af3de604	e93df67a866754cbe15bac994aaf4e33
11631	4cd64fa78b92bf338fd9276f1c6f377b	beb4c71af4b311055a7b53b1af3de604	e93df67a866754cbe15bac994aaf4e33
11632	4cd64fa78b92bf338fd9276f1c6f377b	beb4c71af4b311055a7b53b1af3de604	e93df67a866754cbe15bac994aaf4e33
11633	4cd64fa78b92bf338fd9276f1c6f377b	beb4c71af4b311055a7b53b1af3de604	e93df67a866754cbe15bac994aaf4e33
11634	8c2bb5909677f73ff24f248d558451e9	a1fb329810972f8176f52b91332569be	c0acecc01564dbf1c43173fbead13e65
11635	8c2bb5909677f73ff24f248d558451e9	a1fb329810972f8176f52b91332569be	c0acecc01564dbf1c43173fbead13e65
11636	8c2bb5909677f73ff24f248d558451e9	a1fb329810972f8176f52b91332569be	c0acecc01564dbf1c43173fbead13e65
11637	8c2bb5909677f73ff24f248d558451e9	a1fb329810972f8176f52b91332569be	c0acecc01564dbf1c43173fbead13e65
11638	8c2bb5909677f73ff24f248d558451e9	a1fb329810972f8176f52b91332569be	c0acecc01564dbf1c43173fbead13e65
11639	5819ed6ef049ca66135712e4e950d315	8641e6ba21621126de3e71b2081536b2	fd11aff3eb79fd6a6ac07b69b20a2be5
11640	5819ed6ef049ca66135712e4e950d315	8641e6ba21621126de3e71b2081536b2	fd11aff3eb79fd6a6ac07b69b20a2be5
11641	5819ed6ef049ca66135712e4e950d315	8641e6ba21621126de3e71b2081536b2	fd11aff3eb79fd6a6ac07b69b20a2be5
11642	5819ed6ef049ca66135712e4e950d315	8641e6ba21621126de3e71b2081536b2	fd11aff3eb79fd6a6ac07b69b20a2be5
11643	5819ed6ef049ca66135712e4e950d315	8641e6ba21621126de3e71b2081536b2	fd11aff3eb79fd6a6ac07b69b20a2be5
11644	f083c903e28a5b4f52b65201980d4b72	18cd19f5ecac3ba9398b30fc7ea4e211	ff4d5530a9ba508baf63c7ecfbab26ca
11645	f083c903e28a5b4f52b65201980d4b72	18cd19f5ecac3ba9398b30fc7ea4e211	ff4d5530a9ba508baf63c7ecfbab26ca
11646	46d60430fca1f5df345cf5ff3a132701	c9f54182e07bd971db0547d784f17456	e9bfbfa65865d16d1aab75823e648025
11647	46d60430fca1f5df345cf5ff3a132701	c9f54182e07bd971db0547d784f17456	e9bfbfa65865d16d1aab75823e648025
11648	46d60430fca1f5df345cf5ff3a132701	c9f54182e07bd971db0547d784f17456	e9bfbfa65865d16d1aab75823e648025
11649	46d60430fca1f5df345cf5ff3a132701	c9f54182e07bd971db0547d784f17456	e9bfbfa65865d16d1aab75823e648025
11650	46d60430fca1f5df345cf5ff3a132701	c9f54182e07bd971db0547d784f17456	e9bfbfa65865d16d1aab75823e648025
11651	62973bc2e3c6cc7e0f16758c0031a481	35cd1e3cdd38dbfe0ac7649e54b1ba0e	24a3f78b78cd969881cb62f637bb33cd
11652	62973bc2e3c6cc7e0f16758c0031a481	35cd1e3cdd38dbfe0ac7649e54b1ba0e	24a3f78b78cd969881cb62f637bb33cd
11653	62973bc2e3c6cc7e0f16758c0031a481	35cd1e3cdd38dbfe0ac7649e54b1ba0e	24a3f78b78cd969881cb62f637bb33cd
11654	62973bc2e3c6cc7e0f16758c0031a481	35cd1e3cdd38dbfe0ac7649e54b1ba0e	24a3f78b78cd969881cb62f637bb33cd
11655	62973bc2e3c6cc7e0f16758c0031a481	35cd1e3cdd38dbfe0ac7649e54b1ba0e	24a3f78b78cd969881cb62f637bb33cd
11656	62973bc2e3c6cc7e0f16758c0031a481	35cd1e3cdd38dbfe0ac7649e54b1ba0e	24a3f78b78cd969881cb62f637bb33cd
11657	62973bc2e3c6cc7e0f16758c0031a481	35cd1e3cdd38dbfe0ac7649e54b1ba0e	24a3f78b78cd969881cb62f637bb33cd
11658	de5ea6303e9daf1066a9c1c0123d5059	47d14cfa8700dd6476f91fe01b96c096	02d78e2de9b6db584173b6c481484971
11659	de5ea6303e9daf1066a9c1c0123d5059	47d14cfa8700dd6476f91fe01b96c096	02d78e2de9b6db584173b6c481484971
11660	de5ea6303e9daf1066a9c1c0123d5059	47d14cfa8700dd6476f91fe01b96c096	02d78e2de9b6db584173b6c481484971
11661	de5ea6303e9daf1066a9c1c0123d5059	47d14cfa8700dd6476f91fe01b96c096	02d78e2de9b6db584173b6c481484971
11662	de5ea6303e9daf1066a9c1c0123d5059	47d14cfa8700dd6476f91fe01b96c096	02d78e2de9b6db584173b6c481484971
11663	de5ea6303e9daf1066a9c1c0123d5059	47d14cfa8700dd6476f91fe01b96c096	02d78e2de9b6db584173b6c481484971
11664	de5ea6303e9daf1066a9c1c0123d5059	47d14cfa8700dd6476f91fe01b96c096	02d78e2de9b6db584173b6c481484971
11665	de5ea6303e9daf1066a9c1c0123d5059	47d14cfa8700dd6476f91fe01b96c096	02d78e2de9b6db584173b6c481484971
11666	de5ea6303e9daf1066a9c1c0123d5059	47d14cfa8700dd6476f91fe01b96c096	02d78e2de9b6db584173b6c481484971
11667	de5ea6303e9daf1066a9c1c0123d5059	47d14cfa8700dd6476f91fe01b96c096	02d78e2de9b6db584173b6c481484971
11668	9799d0f9136cfd75cdeb505edbf25fd3	44f97b0298f9c6938a977917fc563b9c	c63f11e08db00df94d5298d09b260e23
11669	9799d0f9136cfd75cdeb505edbf25fd3	44f97b0298f9c6938a977917fc563b9c	c63f11e08db00df94d5298d09b260e23
11670	9799d0f9136cfd75cdeb505edbf25fd3	44f97b0298f9c6938a977917fc563b9c	c63f11e08db00df94d5298d09b260e23
11671	9799d0f9136cfd75cdeb505edbf25fd3	44f97b0298f9c6938a977917fc563b9c	c63f11e08db00df94d5298d09b260e23
11672	9799d0f9136cfd75cdeb505edbf25fd3	44f97b0298f9c6938a977917fc563b9c	c63f11e08db00df94d5298d09b260e23
11673	9799d0f9136cfd75cdeb505edbf25fd3	44f97b0298f9c6938a977917fc563b9c	c63f11e08db00df94d5298d09b260e23
11674	9799d0f9136cfd75cdeb505edbf25fd3	44f97b0298f9c6938a977917fc563b9c	c63f11e08db00df94d5298d09b260e23
11675	5f9917f1c3132c89a809a1dc230ecc62	82882a7cd9f2c63f91ba7c207b2992d1	2a7963c5d965e859463a7313d0e014ca
11676	5f9917f1c3132c89a809a1dc230ecc62	82882a7cd9f2c63f91ba7c207b2992d1	2a7963c5d965e859463a7313d0e014ca
11677	5f9917f1c3132c89a809a1dc230ecc62	82882a7cd9f2c63f91ba7c207b2992d1	2a7963c5d965e859463a7313d0e014ca
11678	e757bef708a094720da758219873f156	f1a8f865dd27e5ba2e71d9af57f26cdd	04c41d62eab35f5081f383eca13e0ce2
11679	e757bef708a094720da758219873f156	f1a8f865dd27e5ba2e71d9af57f26cdd	04c41d62eab35f5081f383eca13e0ce2
11680	bd32a6f10b761f62b60ea640c0cbce11	f92670b2bd286222fe5eb1a6cc98001e	4ac05bc822877264ce0b02156bc23e5d
11681	bd32a6f10b761f62b60ea640c0cbce11	f92670b2bd286222fe5eb1a6cc98001e	4ac05bc822877264ce0b02156bc23e5d
11682	bd32a6f10b761f62b60ea640c0cbce11	f92670b2bd286222fe5eb1a6cc98001e	4ac05bc822877264ce0b02156bc23e5d
11683	bd32a6f10b761f62b60ea640c0cbce11	f92670b2bd286222fe5eb1a6cc98001e	4ac05bc822877264ce0b02156bc23e5d
11684	bd32a6f10b761f62b60ea640c0cbce11	f92670b2bd286222fe5eb1a6cc98001e	4ac05bc822877264ce0b02156bc23e5d
11685	bd32a6f10b761f62b60ea640c0cbce11	f92670b2bd286222fe5eb1a6cc98001e	4ac05bc822877264ce0b02156bc23e5d
11686	bd32a6f10b761f62b60ea640c0cbce11	f92670b2bd286222fe5eb1a6cc98001e	4ac05bc822877264ce0b02156bc23e5d
11687	60d547cd84e1603276593c7dc1f39c3b	d4bb3bc4dfdedd2277f4418bcdfee7ac	511449f9c05b265a864b32249177606b
11688	60d547cd84e1603276593c7dc1f39c3b	d4bb3bc4dfdedd2277f4418bcdfee7ac	511449f9c05b265a864b32249177606b
11689	60d547cd84e1603276593c7dc1f39c3b	d4bb3bc4dfdedd2277f4418bcdfee7ac	511449f9c05b265a864b32249177606b
11690	60d547cd84e1603276593c7dc1f39c3b	d4bb3bc4dfdedd2277f4418bcdfee7ac	511449f9c05b265a864b32249177606b
11691	60d547cd84e1603276593c7dc1f39c3b	d4bb3bc4dfdedd2277f4418bcdfee7ac	511449f9c05b265a864b32249177606b
11692	4a48e9d2250042d611c7135bb966dd48	57a90e7d30c4f88eb9c8b7dbebf12b1b	7deee6c667520474cf7b2f5d758d9a24
11693	4a48e9d2250042d611c7135bb966dd48	57a90e7d30c4f88eb9c8b7dbebf12b1b	7deee6c667520474cf7b2f5d758d9a24
11694	4a48e9d2250042d611c7135bb966dd48	57a90e7d30c4f88eb9c8b7dbebf12b1b	7deee6c667520474cf7b2f5d758d9a24
11695	4a48e9d2250042d611c7135bb966dd48	57a90e7d30c4f88eb9c8b7dbebf12b1b	7deee6c667520474cf7b2f5d758d9a24
11696	4a48e9d2250042d611c7135bb966dd48	57a90e7d30c4f88eb9c8b7dbebf12b1b	7deee6c667520474cf7b2f5d758d9a24
11697	4a48e9d2250042d611c7135bb966dd48	57a90e7d30c4f88eb9c8b7dbebf12b1b	7deee6c667520474cf7b2f5d758d9a24
11698	4a48e9d2250042d611c7135bb966dd48	57a90e7d30c4f88eb9c8b7dbebf12b1b	7deee6c667520474cf7b2f5d758d9a24
11699	4a48e9d2250042d611c7135bb966dd48	57a90e7d30c4f88eb9c8b7dbebf12b1b	7deee6c667520474cf7b2f5d758d9a24
11700	4a48e9d2250042d611c7135bb966dd48	57a90e7d30c4f88eb9c8b7dbebf12b1b	7deee6c667520474cf7b2f5d758d9a24
11701	4a48e9d2250042d611c7135bb966dd48	57a90e7d30c4f88eb9c8b7dbebf12b1b	7deee6c667520474cf7b2f5d758d9a24
11702	4a48e9d2250042d611c7135bb966dd48	57a90e7d30c4f88eb9c8b7dbebf12b1b	7deee6c667520474cf7b2f5d758d9a24
11703	4a48e9d2250042d611c7135bb966dd48	57a90e7d30c4f88eb9c8b7dbebf12b1b	7deee6c667520474cf7b2f5d758d9a24
11704	4a48e9d2250042d611c7135bb966dd48	57a90e7d30c4f88eb9c8b7dbebf12b1b	7deee6c667520474cf7b2f5d758d9a24
11705	4a48e9d2250042d611c7135bb966dd48	57a90e7d30c4f88eb9c8b7dbebf12b1b	7deee6c667520474cf7b2f5d758d9a24
11706	4a48e9d2250042d611c7135bb966dd48	57a90e7d30c4f88eb9c8b7dbebf12b1b	7deee6c667520474cf7b2f5d758d9a24
11707	4a48e9d2250042d611c7135bb966dd48	57a90e7d30c4f88eb9c8b7dbebf12b1b	7deee6c667520474cf7b2f5d758d9a24
11708	4a48e9d2250042d611c7135bb966dd48	57a90e7d30c4f88eb9c8b7dbebf12b1b	7deee6c667520474cf7b2f5d758d9a24
11709	b283769466fcdf837a9afd1a1daac39a	cf364850cb75bc6d9eed27e7b332e479	e478d2a036919e33e787ce2b374ecd72
11710	b283769466fcdf837a9afd1a1daac39a	cf364850cb75bc6d9eed27e7b332e479	e478d2a036919e33e787ce2b374ecd72
11711	b283769466fcdf837a9afd1a1daac39a	cf364850cb75bc6d9eed27e7b332e479	e478d2a036919e33e787ce2b374ecd72
11712	b283769466fcdf837a9afd1a1daac39a	cf364850cb75bc6d9eed27e7b332e479	e478d2a036919e33e787ce2b374ecd72
11713	b283769466fcdf837a9afd1a1daac39a	cf364850cb75bc6d9eed27e7b332e479	e478d2a036919e33e787ce2b374ecd72
11714	b283769466fcdf837a9afd1a1daac39a	cf364850cb75bc6d9eed27e7b332e479	e478d2a036919e33e787ce2b374ecd72
11715	b283769466fcdf837a9afd1a1daac39a	cf364850cb75bc6d9eed27e7b332e479	e478d2a036919e33e787ce2b374ecd72
11716	150b7bd7bf94ca94d57e4818f52864b6	df284114d0966580182fd1be37aab35d	60934ff2130d5f40efe13af64a9577be
11717	150b7bd7bf94ca94d57e4818f52864b6	df284114d0966580182fd1be37aab35d	60934ff2130d5f40efe13af64a9577be
11718	150b7bd7bf94ca94d57e4818f52864b6	df284114d0966580182fd1be37aab35d	60934ff2130d5f40efe13af64a9577be
11719	150b7bd7bf94ca94d57e4818f52864b6	df284114d0966580182fd1be37aab35d	60934ff2130d5f40efe13af64a9577be
11720	150b7bd7bf94ca94d57e4818f52864b6	df284114d0966580182fd1be37aab35d	60934ff2130d5f40efe13af64a9577be
11721	d36b796559070cb442a2513e4aa8fce2	ef8cf3d761bbbb6006e1b389d2864db9	125d390f98fc34aea87a96120376e856
11722	d36b796559070cb442a2513e4aa8fce2	ef8cf3d761bbbb6006e1b389d2864db9	125d390f98fc34aea87a96120376e856
11723	d36b796559070cb442a2513e4aa8fce2	ef8cf3d761bbbb6006e1b389d2864db9	125d390f98fc34aea87a96120376e856
11724	d36b796559070cb442a2513e4aa8fce2	ef8cf3d761bbbb6006e1b389d2864db9	125d390f98fc34aea87a96120376e856
11725	d36b796559070cb442a2513e4aa8fce2	ef8cf3d761bbbb6006e1b389d2864db9	125d390f98fc34aea87a96120376e856
11726	d36b796559070cb442a2513e4aa8fce2	ef8cf3d761bbbb6006e1b389d2864db9	125d390f98fc34aea87a96120376e856
11727	d36b796559070cb442a2513e4aa8fce2	ef8cf3d761bbbb6006e1b389d2864db9	125d390f98fc34aea87a96120376e856
11728	de7ab84f0852a5f429a1660549759c8c	e97019286f3847a0eb6a82fa9948418f	a788da3fac894a8c70cedb6691b574b4
11729	de7ab84f0852a5f429a1660549759c8c	e97019286f3847a0eb6a82fa9948418f	a788da3fac894a8c70cedb6691b574b4
11730	de7ab84f0852a5f429a1660549759c8c	e97019286f3847a0eb6a82fa9948418f	a788da3fac894a8c70cedb6691b574b4
11731	de7ab84f0852a5f429a1660549759c8c	e97019286f3847a0eb6a82fa9948418f	a788da3fac894a8c70cedb6691b574b4
11732	de7ab84f0852a5f429a1660549759c8c	e97019286f3847a0eb6a82fa9948418f	a788da3fac894a8c70cedb6691b574b4
11733	4c0fb38e533793a56426d512f16a23a1	0e9cc35074698973decd4e32abca5006	6d4470de9d6e51375c4ec91a5545774d
11734	4c0fb38e533793a56426d512f16a23a1	0e9cc35074698973decd4e32abca5006	6d4470de9d6e51375c4ec91a5545774d
11735	4c0fb38e533793a56426d512f16a23a1	0e9cc35074698973decd4e32abca5006	6d4470de9d6e51375c4ec91a5545774d
11736	4c0fb38e533793a56426d512f16a23a1	0e9cc35074698973decd4e32abca5006	6d4470de9d6e51375c4ec91a5545774d
11737	4c0fb38e533793a56426d512f16a23a1	0e9cc35074698973decd4e32abca5006	6d4470de9d6e51375c4ec91a5545774d
11738	a023f41d455b150f1686160d41098d7e	ef02446a6a5709b9031816c82b0f953d	de8e81768718b8478eba3c2fc94a3e86
11739	a023f41d455b150f1686160d41098d7e	ef02446a6a5709b9031816c82b0f953d	de8e81768718b8478eba3c2fc94a3e86
11740	a023f41d455b150f1686160d41098d7e	ef02446a6a5709b9031816c82b0f953d	de8e81768718b8478eba3c2fc94a3e86
11741	a023f41d455b150f1686160d41098d7e	ef02446a6a5709b9031816c82b0f953d	de8e81768718b8478eba3c2fc94a3e86
11742	a023f41d455b150f1686160d41098d7e	ef02446a6a5709b9031816c82b0f953d	de8e81768718b8478eba3c2fc94a3e86
11743	a023f41d455b150f1686160d41098d7e	ef02446a6a5709b9031816c82b0f953d	de8e81768718b8478eba3c2fc94a3e86
11744	a023f41d455b150f1686160d41098d7e	ef02446a6a5709b9031816c82b0f953d	de8e81768718b8478eba3c2fc94a3e86
11745	a023f41d455b150f1686160d41098d7e	ef02446a6a5709b9031816c82b0f953d	de8e81768718b8478eba3c2fc94a3e86
11746	a023f41d455b150f1686160d41098d7e	ef02446a6a5709b9031816c82b0f953d	de8e81768718b8478eba3c2fc94a3e86
11747	a023f41d455b150f1686160d41098d7e	ef02446a6a5709b9031816c82b0f953d	de8e81768718b8478eba3c2fc94a3e86
11748	a023f41d455b150f1686160d41098d7e	ef02446a6a5709b9031816c82b0f953d	de8e81768718b8478eba3c2fc94a3e86
11749	a023f41d455b150f1686160d41098d7e	ef02446a6a5709b9031816c82b0f953d	de8e81768718b8478eba3c2fc94a3e86
11750	216485bf8ae82a90b0edc958544fdf5b	e2b23f378a26a5847ed7ba260079971c	bfe76a215b92c5580e5e013ac2a85d73
11751	216485bf8ae82a90b0edc958544fdf5b	e2b23f378a26a5847ed7ba260079971c	bfe76a215b92c5580e5e013ac2a85d73
11752	216485bf8ae82a90b0edc958544fdf5b	e2b23f378a26a5847ed7ba260079971c	bfe76a215b92c5580e5e013ac2a85d73
11753	216485bf8ae82a90b0edc958544fdf5b	e2b23f378a26a5847ed7ba260079971c	bfe76a215b92c5580e5e013ac2a85d73
11754	216485bf8ae82a90b0edc958544fdf5b	e2b23f378a26a5847ed7ba260079971c	bfe76a215b92c5580e5e013ac2a85d73
11755	216485bf8ae82a90b0edc958544fdf5b	e2b23f378a26a5847ed7ba260079971c	bfe76a215b92c5580e5e013ac2a85d73
11756	216485bf8ae82a90b0edc958544fdf5b	e2b23f378a26a5847ed7ba260079971c	bfe76a215b92c5580e5e013ac2a85d73
11757	b4b228d794f7eed1b88c10b3a9e4262c	ec71368e3895fe67af238ba749403217	531a92f9095552d94433a4bbdb9b75d4
11758	b4b228d794f7eed1b88c10b3a9e4262c	ec71368e3895fe67af238ba749403217	531a92f9095552d94433a4bbdb9b75d4
11759	b4b228d794f7eed1b88c10b3a9e4262c	ec71368e3895fe67af238ba749403217	531a92f9095552d94433a4bbdb9b75d4
11760	b4b228d794f7eed1b88c10b3a9e4262c	ec71368e3895fe67af238ba749403217	531a92f9095552d94433a4bbdb9b75d4
11761	b4b228d794f7eed1b88c10b3a9e4262c	ec71368e3895fe67af238ba749403217	531a92f9095552d94433a4bbdb9b75d4
11762	c0b4c39d28c4775f29ba3d78ab4d8571	c8d36334103ef941fe3b3b72fd1b5836	d81bedd1624a5c3781163c92f070eda9
11763	c0b4c39d28c4775f29ba3d78ab4d8571	c8d36334103ef941fe3b3b72fd1b5836	d81bedd1624a5c3781163c92f070eda9
11764	c0b4c39d28c4775f29ba3d78ab4d8571	c8d36334103ef941fe3b3b72fd1b5836	d81bedd1624a5c3781163c92f070eda9
11765	c0b4c39d28c4775f29ba3d78ab4d8571	c8d36334103ef941fe3b3b72fd1b5836	d81bedd1624a5c3781163c92f070eda9
11766	c0b4c39d28c4775f29ba3d78ab4d8571	c8d36334103ef941fe3b3b72fd1b5836	d81bedd1624a5c3781163c92f070eda9
11767	c0b4c39d28c4775f29ba3d78ab4d8571	c8d36334103ef941fe3b3b72fd1b5836	d81bedd1624a5c3781163c92f070eda9
11768	c0b4c39d28c4775f29ba3d78ab4d8571	c8d36334103ef941fe3b3b72fd1b5836	d81bedd1624a5c3781163c92f070eda9
11769	830f6db1c116249a2c07dcd8db2dd48e	4b29f16188534c22b71731c0a5c18495	540fa711d6d2f1865e98a7d42e89b05e
11770	830f6db1c116249a2c07dcd8db2dd48e	4b29f16188534c22b71731c0a5c18495	540fa711d6d2f1865e98a7d42e89b05e
11771	830f6db1c116249a2c07dcd8db2dd48e	4b29f16188534c22b71731c0a5c18495	540fa711d6d2f1865e98a7d42e89b05e
11772	830f6db1c116249a2c07dcd8db2dd48e	4b29f16188534c22b71731c0a5c18495	540fa711d6d2f1865e98a7d42e89b05e
11773	830f6db1c116249a2c07dcd8db2dd48e	4b29f16188534c22b71731c0a5c18495	540fa711d6d2f1865e98a7d42e89b05e
11774	f60e872f26a009f6e87fff869f1133a9	a3f0f7505616bc76572d27c7ad546f86	5af400ae4514a16a141e1c0fd6dfacb1
11775	f60e872f26a009f6e87fff869f1133a9	a3f0f7505616bc76572d27c7ad546f86	5af400ae4514a16a141e1c0fd6dfacb1
11776	f60e872f26a009f6e87fff869f1133a9	a3f0f7505616bc76572d27c7ad546f86	5af400ae4514a16a141e1c0fd6dfacb1
11777	f60e872f26a009f6e87fff869f1133a9	a3f0f7505616bc76572d27c7ad546f86	5af400ae4514a16a141e1c0fd6dfacb1
11778	f60e872f26a009f6e87fff869f1133a9	a3f0f7505616bc76572d27c7ad546f86	5af400ae4514a16a141e1c0fd6dfacb1
11779	677821eaa3c8db2341274b82d43f53d4	999003bd7e91594df847ccd73392867f	89a3ef61af7c743f6eefbf142534adcc
11780	677821eaa3c8db2341274b82d43f53d4	999003bd7e91594df847ccd73392867f	89a3ef61af7c743f6eefbf142534adcc
11781	677821eaa3c8db2341274b82d43f53d4	999003bd7e91594df847ccd73392867f	89a3ef61af7c743f6eefbf142534adcc
11782	677821eaa3c8db2341274b82d43f53d4	999003bd7e91594df847ccd73392867f	89a3ef61af7c743f6eefbf142534adcc
11783	677821eaa3c8db2341274b82d43f53d4	999003bd7e91594df847ccd73392867f	89a3ef61af7c743f6eefbf142534adcc
11784	677821eaa3c8db2341274b82d43f53d4	999003bd7e91594df847ccd73392867f	89a3ef61af7c743f6eefbf142534adcc
11785	677821eaa3c8db2341274b82d43f53d4	999003bd7e91594df847ccd73392867f	89a3ef61af7c743f6eefbf142534adcc
11786	677821eaa3c8db2341274b82d43f53d4	999003bd7e91594df847ccd73392867f	89a3ef61af7c743f6eefbf142534adcc
11787	677821eaa3c8db2341274b82d43f53d4	999003bd7e91594df847ccd73392867f	89a3ef61af7c743f6eefbf142534adcc
11788	677821eaa3c8db2341274b82d43f53d4	999003bd7e91594df847ccd73392867f	89a3ef61af7c743f6eefbf142534adcc
11789	677821eaa3c8db2341274b82d43f53d4	999003bd7e91594df847ccd73392867f	89a3ef61af7c743f6eefbf142534adcc
11790	677821eaa3c8db2341274b82d43f53d4	999003bd7e91594df847ccd73392867f	89a3ef61af7c743f6eefbf142534adcc
11791	ba6151dbbd69ada0732e7ae9f8a738db	b51b6c2046cf7a548a2bcc7baa3db97c	b6c70d82e28c8d2cd5f3e168b1695013
11792	ba6151dbbd69ada0732e7ae9f8a738db	b51b6c2046cf7a548a2bcc7baa3db97c	b6c70d82e28c8d2cd5f3e168b1695013
11793	ba6151dbbd69ada0732e7ae9f8a738db	b51b6c2046cf7a548a2bcc7baa3db97c	b6c70d82e28c8d2cd5f3e168b1695013
11794	ba6151dbbd69ada0732e7ae9f8a738db	b51b6c2046cf7a548a2bcc7baa3db97c	b6c70d82e28c8d2cd5f3e168b1695013
11795	ba6151dbbd69ada0732e7ae9f8a738db	b51b6c2046cf7a548a2bcc7baa3db97c	b6c70d82e28c8d2cd5f3e168b1695013
11796	ba6151dbbd69ada0732e7ae9f8a738db	b51b6c2046cf7a548a2bcc7baa3db97c	b6c70d82e28c8d2cd5f3e168b1695013
11797	ba6151dbbd69ada0732e7ae9f8a738db	b51b6c2046cf7a548a2bcc7baa3db97c	b6c70d82e28c8d2cd5f3e168b1695013
11798	264a4252c57ddec01d0e68bbb6fcd226	fc04473dad9d6c0c02e770d9ed75ee3d	1233ba2d2f36e9f0e7861a2cbf4a039e
11799	264a4252c57ddec01d0e68bbb6fcd226	fc04473dad9d6c0c02e770d9ed75ee3d	1233ba2d2f36e9f0e7861a2cbf4a039e
11800	264a4252c57ddec01d0e68bbb6fcd226	fc04473dad9d6c0c02e770d9ed75ee3d	1233ba2d2f36e9f0e7861a2cbf4a039e
11801	264a4252c57ddec01d0e68bbb6fcd226	fc04473dad9d6c0c02e770d9ed75ee3d	1233ba2d2f36e9f0e7861a2cbf4a039e
11802	264a4252c57ddec01d0e68bbb6fcd226	fc04473dad9d6c0c02e770d9ed75ee3d	1233ba2d2f36e9f0e7861a2cbf4a039e
11803	264a4252c57ddec01d0e68bbb6fcd226	fc04473dad9d6c0c02e770d9ed75ee3d	1233ba2d2f36e9f0e7861a2cbf4a039e
11804	264a4252c57ddec01d0e68bbb6fcd226	fc04473dad9d6c0c02e770d9ed75ee3d	1233ba2d2f36e9f0e7861a2cbf4a039e
11805	264a4252c57ddec01d0e68bbb6fcd226	fc04473dad9d6c0c02e770d9ed75ee3d	1233ba2d2f36e9f0e7861a2cbf4a039e
11806	264a4252c57ddec01d0e68bbb6fcd226	fc04473dad9d6c0c02e770d9ed75ee3d	1233ba2d2f36e9f0e7861a2cbf4a039e
11807	264a4252c57ddec01d0e68bbb6fcd226	fc04473dad9d6c0c02e770d9ed75ee3d	1233ba2d2f36e9f0e7861a2cbf4a039e
11808	125d9eafc1ef49be12bf9827c62df4e0	8a21c312290e391684696cb75160c023	d07de86ced51461c6e530ef1f0c6c764
11809	125d9eafc1ef49be12bf9827c62df4e0	8a21c312290e391684696cb75160c023	d07de86ced51461c6e530ef1f0c6c764
11810	125d9eafc1ef49be12bf9827c62df4e0	8a21c312290e391684696cb75160c023	d07de86ced51461c6e530ef1f0c6c764
11811	125d9eafc1ef49be12bf9827c62df4e0	8a21c312290e391684696cb75160c023	d07de86ced51461c6e530ef1f0c6c764
11812	125d9eafc1ef49be12bf9827c62df4e0	8a21c312290e391684696cb75160c023	d07de86ced51461c6e530ef1f0c6c764
11813	125d9eafc1ef49be12bf9827c62df4e0	8a21c312290e391684696cb75160c023	d07de86ced51461c6e530ef1f0c6c764
11814	125d9eafc1ef49be12bf9827c62df4e0	8a21c312290e391684696cb75160c023	d07de86ced51461c6e530ef1f0c6c764
11815	08c6cc837db36879a8e7c1f36fdcf96f	2c086d084fbfcb27c150774ca13213d8	a6ea62111754c80f9d14cc949dd899b3
11816	08c6cc837db36879a8e7c1f36fdcf96f	2c086d084fbfcb27c150774ca13213d8	a6ea62111754c80f9d14cc949dd899b3
11817	08c6cc837db36879a8e7c1f36fdcf96f	2c086d084fbfcb27c150774ca13213d8	a6ea62111754c80f9d14cc949dd899b3
11818	08c6cc837db36879a8e7c1f36fdcf96f	2c086d084fbfcb27c150774ca13213d8	a6ea62111754c80f9d14cc949dd899b3
11819	08c6cc837db36879a8e7c1f36fdcf96f	2c086d084fbfcb27c150774ca13213d8	a6ea62111754c80f9d14cc949dd899b3
11820	91635538213bf7092c0bdf244b5a43fb	e5f94f36d3a0aaf70501778855cda294	54431eab2e2ea0c3863a1bd39f05e39f
11821	91635538213bf7092c0bdf244b5a43fb	e5f94f36d3a0aaf70501778855cda294	54431eab2e2ea0c3863a1bd39f05e39f
11822	91635538213bf7092c0bdf244b5a43fb	e5f94f36d3a0aaf70501778855cda294	54431eab2e2ea0c3863a1bd39f05e39f
11823	91635538213bf7092c0bdf244b5a43fb	e5f94f36d3a0aaf70501778855cda294	54431eab2e2ea0c3863a1bd39f05e39f
11824	91635538213bf7092c0bdf244b5a43fb	e5f94f36d3a0aaf70501778855cda294	54431eab2e2ea0c3863a1bd39f05e39f
11825	91635538213bf7092c0bdf244b5a43fb	e5f94f36d3a0aaf70501778855cda294	54431eab2e2ea0c3863a1bd39f05e39f
11826	91635538213bf7092c0bdf244b5a43fb	e5f94f36d3a0aaf70501778855cda294	54431eab2e2ea0c3863a1bd39f05e39f
11827	91635538213bf7092c0bdf244b5a43fb	e5f94f36d3a0aaf70501778855cda294	54431eab2e2ea0c3863a1bd39f05e39f
11828	91635538213bf7092c0bdf244b5a43fb	e5f94f36d3a0aaf70501778855cda294	54431eab2e2ea0c3863a1bd39f05e39f
11829	91635538213bf7092c0bdf244b5a43fb	e5f94f36d3a0aaf70501778855cda294	54431eab2e2ea0c3863a1bd39f05e39f
# classes	legacy=564	wide=564	full=564
