# rank	legacy	wide	full
27603	29d47df256fdd99d6292e543d379d8ee	2adcd61dd0956fc3d10cb87aa4dc5c5d	6ff3e6f99bfe5651effb661d33e31e6e
27604	12a5c112fe1a175d12caa1cdc699685e	e3a5d39cddaa7e233e3a0a8e9dfe2c5d	945d1bb96b225c8fb7a176912442783a
27605	12a5c112fe1a175d12caa1cdc699685e	e3a5d39cddaa7e233e3a0a8e9dfe2c5d	945d1bb96b225c8fb7a176912442783a
27606	12a5c112fe1a175d12caa1cdc699685e	e3a5d39cddaa7e233e3a0a8e9dfe2c5d	945d1bb96b225c8fb7a176912442783a
27607	12a5c112fe1a175d12caa1cdc699685e	e3a5d39cddaa7e233e3a0a8e9dfe2c5d	945d1bb96b225c8fb7a176912442783a
27608	12a5c112fe1a175d12caa1cdc699685e	e3a5d39cddaa7e233e3a0a8e9dfe2c5d	945d1bb96b225c8fb7a176912442783a
27609	b529a6f29ea3426977d62d7266a8177e	8172855023e44caf0a161e2960c5230d	419c4c250bef26dbd3210db4207b2522
27610	b529a6f29ea3426977d62d7266a8177e	8172855023e44caf0a161e2960c5230d	419c4c250bef26dbd3210db4207b2522
27611	b529a6f29ea3426977d62d7266a8177e	8172855023e44caf0a161e2960c5230d	419c4c250bef26dbd3210db4207b2522
27612	2289275025f225a982720cbe979e4bf8	66bf740aed486dff2bce63965133a883	bde00359daf89457445df70ef36f2954
27613	2289275025f225a982720cbe979e4bf8	66bf740aed486dff2bce63965133a883	bde00359daf89457445df70ef36f2954
27614	2289275025f225a982720cbe979e4bf8	66bf740aed486dff2bce63965133a883	bde00359daf89457445df70ef36f2954
27615	2289275025f225a982720cbe979e4bf8	66bf740aed486dff2bce63965133a883	bde00359daf89457445df70ef36f2954
27616	175392a9e7a74ff4c7542025156fabc4	498655069b742dd07adc907607c6adb7	1ad6fb6dcdc01b2227493f310f39c768
27617	175392a9e7a74ff4c7542025156fabc4	498655069b742dd07adc907607c6adb7	1ad6fb6dcdc01b2227493f310f39c768
27618	175392a9e7a74ff4c7542025156fabc4	498655069b742dd07adc907607c6adb7	1ad6fb6dcdc01b2227493f310f39c768
27619	175392a9e7a74ff4c7542025156fabc4	498655069b742dd07adc907607c6adb7	1ad6fb6dcdc01b2227493f310f39c768
27620	175392a9e7a74ff4c7542025156fabc4	498655069b742dd07adc907607c6adb7	1ad6fb6dcdc01b2227493f310f39c768
27621	42f280994ec7b6ebfad2915cf366fcd9	805248b71cc41a5d5f496e94af93c6fe	6514396fb8d80ffd16925b454804718d
27622	42f280994ec7b6ebfad2915cf366fcd9	805248b71cc41a5d5f496e94af93c6fe	6514396fb8d80ffd16925b454804718d
27623	42f280994ec7b6ebfad2915cf366fcd9	805248b71cc41a5d5f496e94af93c6fe	6514396fb8d80ffd16925b454804718d
27624	42f280994ec7b6ebfad2915cf366fcd9	805248b71cc41a5d5f496e94af93c6fe	6514396fb8d80ffd16925b454804718d
27625	42f280994ec7b6ebfad2915cf366fcd9	805248b71cc41a5d5f496e94af93c6fe	6514396fb8d80ffd16925b454804718d
27626	42f280994ec7b6ebfad2915cf366fcd9	805248b71cc41a5d5f496e94af93c6fe	6514396fb8d80ffd16925b454804718d
27627	42f280994ec7b6ebfad2915cf366fcd9	805248b71cc41a5d5f496e94af93c6fe	6514396fb8d80ffd16925b454804718d
27628	1071c0da63be3b529be6d8ff1e1b2df9	568aa98f5a131b82c2046bff63047616	bab15942e4c010382c45584fb4add815
27629	1071c0da63be3b529be6d8ff1e1b2df9	568aa98f5a131b82c2046bff63047616	bab15942e4c010382c45584fb4add815
27630	1071c0da63be3b529be6d8ff1e1b2df9	568aa98f5a131b82c2046bff63047616	bab15942e4c010382c45584fb4add815
27631	1071c0da63be3b529be6d8ff1e1b2df9	568aa98f5a131b82c2046bff63047616	bab15942e4c010382c45584fb4add815
27632	1071c0da63be3b529be6d8ff1e1b2df9	568aa98f5a131b82c2046bff63047616	bab15942e4c010382c45584fb4add815
27633	1071c0da63be3b529be6d8ff1e1b2df9	568aa98f5a131b82c2046bff63047616	bab15942e4c010382c45584fb4add815
27634	1071c0da63be3b529be6d8ff1e1b2df9	568aa98f5a131b82c2046bff63047616	bab15942e4c010382c45584fb4add815
27635	1071c0da63be3b529be6d8ff1e1b2df9	568aa98f5a131b82c2046bff63047616	bab15942e4c010382c45584fb4add815
27636	1071c0da63be3b529be6d8ff1e1b2df9	568aa98f5a131b82c2046bff63047616	bab15942e4c010382c45584fb4add815
27637	1071c0da63be3b529be6d8ff1e1b2df9	568aa98f5a131b82c2046bff63047616	bab15942e4c010382c45584fb4add815
27638	dcc725cd6cc9a70a9001e26012544d0d	7bd6505448b79b1a33e38fdba61095ca	d0be938061a3a7dabd4020bb8ac098f5
27639	dcc725cd6cc9a70a9001e26012544d0d	7bd6505448b79b1a33e38fdba61095ca	d0be938061a3a7dabd4020bb8ac098f5
27640	dcc725cd6cc9a70a9001e26012544d0d	7bd6505448b79b1a33e38fdba61095ca	d0be938061a3a7dabd4020bb8ac098f5
27641	dcc725cd6cc9a70a9001e26012544d0d	7bd6505448b79b1a33e38fdba61095ca	d0be938061a3a7dabd4020bb8ac098f5
27642	dcc725cd6cc9a70a9001e26012544d0d	7bd6505448b79b1a33e38fdba61095ca	d0be938061a3a7dabd4020bb8ac098f5
27643	dcc725cd6cc9a70a9001e26012544d0d	7bd6505448b79b1a33e38fdba61095ca	d0be938061a3a7dabd4020bb8ac098f5
27644	dcc725cd6cc9a70a9001e26012544d0d	7bd6505448b79b1a33e38fdba61095ca	d0be938061a3a7dabd4020bb8ac098f5
27645	275b864df01214e48ca00cd8bd405843	9dd0637e73fecd78c55200c9b1bc25d4	0d91679933d0fef2a1234079da89a75f
27646	275b864df01214e48ca00cd8bd405843	9dd0637e73fecd78c55200c9b1bc25d4	0d91679933d0fef2a1234079da89a75f
27647	275b864df01214e48ca00cd8bd405843	9dd0637e73fecd78c55200c9b1bc25d4	0d91679933d0fef2a1234079da89a75f
27648	275b864df01214e48ca00cd8bd405843	9dd0637e73fecd78c55200c9b1bc25d4	0d91679933d0fef2a1234079da89a75f
27649	275b864df01214e48ca00cd8bd405843	9dd0637e73fecd78c55200c9b1bc25d4	0d91679933d0fef2a1234079da89a75f
27650	63b9e569d03b67f6105e9e917758dd50	5acf4079ff1bfc2e1b04ac3d91271b43	308e511e717f4af267c2f604de231f88
27651	63b9e569d03b67f6105e9e917758dd50	5acf4079ff1bfc2e1b04ac3d91271b43	308e511e717f4af267c2f604de231f88
27652	63b9e569d03b67f6105e9e917758dd50	5acf4079ff1bfc2e1b04ac3d91271b43	308e511e717f4af267c2f604de231f88
27653	63b9e569d03b67f6105e9e917758dd50	5acf4079ff1bfc2e1b04ac3d91271b43	308e511e717f4af267c2f604de231f88
27654	63b9e569d03b67f6105e9e917758dd50	5acf4079ff1bfc2e1b04ac3d91271b43	308e511e717f4af267c2f604de231f88
27655	63b9e569d03b67f6105e9e917758dd50	5acf4079ff1bfc2e1b04ac3d91271b43	308e511e717f4af267c2f604de231f88
27656	63b9e569d03b67f6105e9e917758dd50	5acf4079ff1bfc2e1b04ac3d91271b43	308e511e717f4af267c2f604de231f88
27657	63b9e569d03b67f6105e9e917758dd50	5acf4079ff1bfc2e1b04ac3d91271b43	308e511e717f4af267c2f604de231f88
27658	63b9e569d03b67f6105e9e917758dd50	5acf4079ff1bfc2e1b04ac3d91271b43	308e511e717f4af267c2f604de231f88
27659	63b9e569d03b67f6105e9e917758dd50	5acf4079ff1bfc2e1b04ac3d91271b43	308e511e717f4af267c2f604de231f88
27660	63b9e569d03b67f6105e9e917758dd50	5acf4079ff1bfc2e1b04ac3d91271b43	308e511e717f4af267c2f604de231f88
27661	63b9e569d03b67f6105e9e917758dd50	5acf4079ff1bfc2e1b04ac3d91271b43	308e511e717f4af267c2f604de231f88
27662	63b9e569d03b67f6105e9e917758dd50	5acf4079ff1bfc2e1b04ac3d91271b43	308e511e717f4af267c2f604de231f88
27663	63b9e569d03b67f6105e9e917758dd50	5acf4079ff1bfc2e1b04ac3d91271b43	308e511e717f4af267c2f604de231f88
27664	63b9e569d03b67f6105e9e917758dd50	5acf4079ff1bfc2e1b04ac3d91271b43	308e511e717f4af267c2f604de231f88
27665	63b9e569d03b67f6105e9e917758dd50	5acf4079ff1bfc2e1b04ac3d91271b43	308e511e717f4af267c2f604de231f88
27666	63b9e569d03b67f6105e9e917758dd50	5acf4079ff1bfc2e1b04ac3d91271b43	308e511e717f4af267c2f604de231f88
27667	485e84357d26896c04f77c908db128bd	5b8df77ba30b64f0bf6335f8b97ed99a	39f59d87d68e22c64f2477b2edb4d031
27668	485e84357d26896c04f77c908db128bd	5b8df77ba30b64f0bf6335f8b97ed99a	39f59d87d68e22c64f2477b2edb4d031
27669	485e84357d26896c04f77c908db128bd	5b8df77ba30b64f0bf6335f8b97ed99a	39f59d87d68e22c64f2477b2edb4d031
27670	485e84357d26896c04f77c908db128bd	5b8df77ba30b64f0bf6335f8b97ed99a	39f59d87d68e22c64f2477b2edb4d031
27671	485e84357d26896c04f77c908db128bd	5b8df77ba30b64f0bf6335f8b97ed99a	39f59d87d68e22c64f2477b2edb4d031
27672	485e84357d26896c04f77c908db128bd	5b8df77ba30b64f0bf6335f8b97ed99a	39f59d87d68e22c64f2477b2edb4d031
27673	485e84357d26896c04f77c908db128bd	5b8df77ba30b64f0bf6335f8b97ed99a	39f59d87d68e22c64f2477b2edb4d031
27674	793ab499ab3d2e78894151466d851f82	9f73aa40e71a026419f1ebbb118ade59	bada30af4180b2586c5ba157e1f1920a
27675	793ab499ab3d2e78894151466d851f82	9f73aa40e71a026419f1ebbb118ade59	bada30af4180b2586c5ba157e1f1920a
27676	793ab499ab3d2e78894151466d851f82	9f73aa40e71a026419f1ebbb118ade59	bada30af4180b2586c5ba157e1f1920a
27677	2fa789a4667afb425cd509c437efb37f	25304104f22335527697324450363920	aa4bf5496b028138fd9d922e0d270ea3
27678	2fa789a4667afb425cd509c437efb37f	25304104f22335527697324450363920	aa4bf5496b028138fd9d922e0d270ea3
27679	ba6070ca68ea26df6219fa52268dd024	a7c2692eb2e547795fe2e3a2a7d997ff	a97270ec74bc5159243cc77086504098
27680	ba6070ca68ea26df6219fa52268dd024	a7c2692eb2e547795fe2e3a2a7d997ff	a97270ec74bc5159243cc77086504098
27681	ba6070ca68ea26df6219fa52268dd024	a7c2692eb2e547795fe2e3a2a7d997ff	a97270ec74bc5159243cc77086504098
27682	ba6070ca68ea26df6219fa52268dd024	a7c2692eb2e547795fe2e3a2a7d997ff	a97270ec74bc5159243cc77086504098
27683	ba6070ca68ea26df6219fa52268dd024	a7c2692eb2e547795fe2e3a2a7d997ff	a97270ec74bc5159243cc77086504098
27684	ba6070ca68ea26df6219fa52268dd024	a7c2692eb2e547795fe2e3a2a7d997ff	a97270ec74bc5159243cc77086504098
27685	ba6070ca68ea26df6219fa52268dd024	a7c2692eb2e547795fe2e3a2a7d997ff	a97270ec74bc5159243cc77086504098
27686	242086c03efd858e78007b99a810e204	a22fb49316e995c69e65f5f7d2312257	42e4052b45f98a268b7f74e3914facc4
27687	242086c03efd858e78007b99a810e204	a22fb49316e995c69e65f5f7d2312257	42e4052b45f98a268b7f74e3914facc4
27688	242086c03efd858e78007b99a810e204	a22fb49316e995c69e65f5f7d2312257	42e4052b45f98a268b7f74e3914facc4
27689	242086c03efd858e78007b99a810e204	a22fb49316e995c69e65f5f7d2312257	42e4052b45f98a268b7f74e3914facc4
27690	242086c03efd858e78007b99a810e204	a22fb49316e995c69e65f5f7d2312257	42e4052b45f98a268b7f74e3914facc4
27691	70182b98d413d1f741ad177ba6c835c9	0032d51eee979ea9116e35b94ec13cce	e7a6987e3b13ed8fca93a175782f2119
27692	70182b98d413d1f741ad177ba6c835c9	0032d51eee979ea9116e35b94ec13cce	e7a6987e3b13ed8fca93a175782f2119
27693	70182b98d413d1f741ad177ba6c835c9	0032d51eee979ea9116e35b94ec13cce	e7a6987e3b13ed8fca93a175782f2119
27694	70182b98d413d1f741ad177ba6c835c9	0032d51eee979ea9116e35b94ec13cce	e7a6987e3b13ed8fca93a175782f2119
27695	70182b98d413d1f741ad177ba6c835c9	0032d51eee979ea9116e35b94ec13cce	e7a6987e3b13ed8fca93a175782f2119
27696	70182b98d413d1f741ad177ba6c835c9	0032d51eee979ea9116e35b94ec13cce	e7a6987e3b13ed8fca93a175782f2119
27697	70182b98d413d1f741ad177ba6c835c9	0032d51eee979ea9116e35b94ec13cce	e7a6987e3b13ed8fca93a175782f2119
27698	b99c3177e2e901b153374f4babebb5a1	138b2f5fe7ce654f5da33496c0a30246	5e4cb2feeeb523f37fe89edcd57ddf65
27699	b99c3177e2e901b153374f4babebb5a1	138b2f5fe7ce654f5da33496c0a30246	5e4cb2feeeb523f37fe89edcd57ddf65
27700	b99c3177e2e901b153374f4babebb5a1	138b2f5fe7ce654f5da33496c0a30246	5e4cb2feeeb523f37fe89edcd57ddf65
27701	b99c3177e2e901b153374f4babebb5a1	138b2f5fe7ce654f5da33496c0a30246	5e4cb2feeeb523f37fe89edcd57ddf65
27702	b99c3177e2e901b153374f4babebb5a1	138b2f5fe7ce654f5da33496c0a30246	5e4cb2feeeb523f37fe89edcd57ddf65
27703	b99c3177e2e901b153374f4babebb5a1	138b2f5fe7ce654f5da33496c0a30246	5e4cb2feeeb523f37fe89edcd57ddf65
27704	b99c3177e2e901b153374f4babebb5a1	138b2f5fe7ce654f5da33496c0a30246	5e4cb2feeeb523f37fe89edcd57ddf65
27705	b99c3177e2e901b153374f4babebb5a1	138b2f5fe7ce654f5da33496c0a30246	5e4cb2feeeb523f37fe89edcd57ddf65
27706	b99c3177e2e901b153374f4babebb5a1	138b2f5fe7ce654f5da33496c0a30246	5e4cb2feeeb523f37fe89edcd57ddf65
27707	b99c3177e2e901b153374f4babebb5a1	138b2f5fe7ce654f5da33496c0a30246	5e4cb2feeeb523f37fe89edcd57ddf65
27708	8a5252d208f9bdd5cde65321c8bae528	745149c4d30ad85bd27593fd21ee5023	ca7cd6bd2159d4730a1a2a073de2f1ec
27709	8a5252d208f9bdd5cde65321c8bae528	745149c4d30ad85bd27593fd21ee5023	ca7cd6bd2159d4730a1a2a073de2f1ec
27710	8a5252d208f9bdd5cde65321c8bae528	745149c4d30ad85bd27593fd21ee5023	ca7cd6bd2159d4730a1a2a073de2f1ec
27711	8a5252d208f9bdd5cde65321c8bae528	745149c4d30ad85bd27593fd21ee5023	ca7cd6bd2159d4730a1a2a073de2f1ec
27712	8a5252d208f9bdd5cde65321c8bae528	745149c4d30ad85bd27593fd21ee5023	ca7cd6bd2159d4730a1a2a073de2f1ec
27713	8a5252d208f9bdd5cde65321c8bae528	745149c4d30ad85bd27593fd21ee5023	ca7cd6bd2159d4730a1a2a073de2f1ec
27714	8a5252d208f9bdd5cde65321c8bae528	745149c4d30ad85bd27593fd21ee5023	ca7cd6bd2159d4730a1a2a073de2f1ec
27715	970d198d063baf2c3314725911439965	e13e9aabadb927904d3373b5238957f2	9664babdfd510cca7710e6b26734cbb9
27716	970d198d063baf2c3314725911439965	e13e9aabadb927904d3373b5238957f2	9664babdfd510cca7710e6b26734cbb9
27717	970d198d063baf2c3314725911439965	e13e9aabadb927904d3373b5238957f2	9664babdfd510cca7710e6b26734cbb9
27718	970d198d063baf2c3314725911439965	e13e9aabadb927904d3373b5238957f2	9664babdfd510cca7710e6b26734cbb9
27719	970d198d063baf2c3314725911439965	e13e9aabadb927904d3373b5238957f2	9664babdfd510cca7710e6b26734cbb9
27720	de6704efd6cfda7d6967b498d34800ea	ddfe79482a1303037c4d7353364e1a39	012c051c470d23bb97a833e24553599e
27721	de6704efd6cfda7d6967b498d34800ea	ddfe79482a1303037c4d7353364e1a39	012c051c470d23bb97a833e24553599e
27722	de6704efd6cfda7d6967b498d34800ea	ddfe79482a1303037c4d7353364e1a39	012c051c470d23bb97a833e24553599e
27723	415ef83440f528c161ce37776f3a8a29	ee2cc76440c14e1f50fbd8df1de0b8ce	c1c6d0158f3b8899910cd0cc83a0e6c9
27724	415ef83440f528c161ce37776f3a8a29	ee2cc76440c14e1f50fbd8df1de0b8ce	c1c6d0158f3b8899910cd0cc83a0e6c9
27725	f2bb19378b4b096218624b8954f3da5e	74194c422b0ff29ab9c3c853944f8c25	2280331c5708f32c1914582fa542218a
27726	f2bb19378b4b096218624b8954f3da5e	74194c422b0ff29ab9c3c853944f8c25	2280331c5708f32c1914582fa542218a
27727	a8f4465d82f5e29141e02e325bbcce56	7299b0921e0d2837fbed218e7d7a6da5	81667ce4b9740e21bb34d46e5f9ed896
27728	a8f4465d82f5e29141e02e325bbcce56	7299b0921e0d2837fbed218e7d7a6da5	81667ce4b9740e21bb34d46e5f9ed896
27729	a8f4465d82f5e29141e02e325bbcce56	7299b0921e0d2837fbed218e7d7a6da5	81667ce4b9740e21bb34d46e5f9ed896
27730	a8f4465d82f5e29141e02e325bbcce56	7299b0921e0d2837fbed218e7d7a6da5	81667ce4b9740e21bb34d46e5f9ed896
27731	a8f4465d82f5e29141e02e325bbcce56	7299b0921e0d2837fbed218e7d7a6da5	81667ce4b9740e21bb34d46e5f9ed896
27732	a216a143a937194aba168f5b6e657edc	a8e5a44f5c5ce492ebe4d58f2523103f	41005db4f6517216963bae9ec0ef31a4
27733	a216a143a937194aba168f5b6e657edc	a8e5a44f5c5ce492ebe4d58f2523103f	41005db4f6517216963bae9ec0ef31a4
27734	c820273ce9e982c6c83453cee18d647d	c9e9c1e8b2ef3d464ce6ebe9ed27040a	4d23a3ca5ac52394e7b03e51f1269921
27735	a216a143a937194aba168f5b6e657edc	a8e5a44f5c5ce492ebe4d58f2523103f	41005db4f6517216963bae9ec0ef31a4
27736	310762a204031208cf7f463fd85b731e	32c31ebd03894cc4cc8e43a1a4b36df5	dfc114e841015e4489d1d5f4352cf19e
27737	8814c07ac2a1aef795aa0dd5ed3b7127	c7c3bcdbe9516e393bfcba0ae8f81180	4305b33f80b8cdcd13da5c191caaf29b
27738	8814c07ac2a1aef795aa0dd5ed3b7127	c7c3bcdbe9516e393bfcba0ae8f81180	4305b33f80b8cdcd13da5c191caaf29b
27739	8814c07ac2a1aef795aa0dd5ed3b7127	c7c3bcdbe9516e393bfcba0ae8f81180	4305b33f80b8cdcd13da5c191caaf29b
27740	8814c07ac2a1aef795aa0dd5ed3b7127	c7c3bcdbe9516e393bfcba0ae8f81180	4305b33f80b8cdcd13da5c191caaf29b
27741	8814c07ac2a1aef795aa0dd5ed3b7127	c7c3bcdbe9516e393bfcba0ae8f81180	4305b33f80b8cdcd13da5c191caaf29b
27742	8814c07ac2a1aef795aa0dd5ed3b7127	c7c3bcdbe9516e393bfcba0ae8f81180	4305b33f80b8cdcd13da5c191caaf29b
27743	8814c07ac2a1aef795aa0dd5ed3b7127	c7c3bcdbe9516e393bfcba0ae8f81180	4305b33f80b8cdcd13da5c191caaf29b
27744	db5dcaa45394c814a46a76bf2c79ea7c	262f503a29053620a830a3debf3f21bf	09ba15eeeebb8f3ee12cfbe1128b19b0
27745	db5dcaa45394c814a46a76bf2c79ea7c	262f503a29053620a830a3debf3f21bf	09ba15eeeebb8f3ee12cfbe1128b19b0
27746	db5dcaa45394c814a46a76bf2c79ea7c	262f503a29053620a830a3debf3f21bf	09ba15eeeebb8f3ee12cfbe1128b19b0
27747	0ac424c871d54e3cd7a0f9e1d0e52368	9601c462e5b273180fb7aa69675ace0b	d569ebdd3bc28a42e66a6d681ba16b5c
27748	0ac424c871d54e3cd7a0f9e1d0e52368	9601c462e5b273180fb7aa69675ace0b	d569ebdd3bc28a42e66a6d681ba16b5c
27749	d62f415bf8983998039fdea0822d187f	d0850df8d10aaa7c9626ba03c5dfcb60	c999c40306677008dc38345c6799ca47
27750	d62f415bf8983998039fdea0822d187f	d0850df8d10aaa7c9626ba03c5dfcb60	c999c40306677008dc38345c6799ca47
27751	d62f415bf8983998039fdea0822d187f	d0850df8d10aaa7c9626ba03c5dfcb60	c999c40306677008dc38345c6799ca47
27752	8a7ca90a8a730e1d26e8716261f5416f	24508da6d7b84f2bc57e88926a8b0688	c236d49bbb23bb7ded129951eb35855f
27753	8a7ca90a8a730e1d26e8716261f5416f	24508da6d7b84f2bc57e88926a8b0688	c236d49bbb23bb7ded129951eb35855f
27754	55aea65b72e461bab523ddcbab830e2a	41aaec9039969fd2897b7294994c3ee1	062168d07ce32e7a5d58ce27749bdc5a
27755	55aea65b72e461bab523ddcbab830e2a	41aaec9039969fd2897b7294994c3ee1	062168d07ce32e7a5d58ce27749bdc5a
27756	28b607775d8a3289090ce8ee2afd66b9	e9a428fd91e52ea70327d6cbf04e2c1e	7b1ed8f24057cb0f4960fe225865e03d
27757	28b607775d8a3289090ce8ee2afd66b9	e9a428fd91e52ea70327d6cbf04e2c1e	7b1ed8f24057cb0f4960fe225865e03d
27758	28b607775d8a3289090ce8ee2afd66b9	e9a428fd91e52ea70327d6cbf04e2c1e	7b1ed8f24057cb0f4960fe225865e03d
27759	485e2c96f78205339ab141bf58265204	089ae8b0cf3900ad34d87bed4c1b40bf	20438e351c10ffd9dbdacdaa0246e268
27760	28b607775d8a3289090ce8ee2afd66b9	e9a428fd91e52ea70327d6cbf04e2c1e	7b1ed8f24057cb0f4960fe225865e03d
27761	cc256ff1b20138ec7c7a05478c6061bb	fe81ce186c93978054d519d761e2fa8c	79493519e590c4ea1f75a494c0f38caf
27762	cc256ff1b20138ec7c7a05478c6061bb	fe81ce186c93978054d519d761e2fa8c	79493519e590c4ea1f75a494c0f38caf
27763	cc256ff1b20138ec7c7a05478c6061bb	fe81ce186c93978054d519d761e2fa8c	79493519e590c4ea1f75a494c0f38caf
27764	cc256ff1b20138ec7c7a05478c6061bb	fe81ce186c93978054d519d761e2fa8c	79493519e590c4ea1f75a494c0f38caf
27765	cc256ff1b20138ec7c7a05478c6061bb	fe81ce186c93978054d519d761e2fa8c	79493519e590c4ea1f75a494c0f38caf
27766	cc256ff1b20138ec7c7a05478c6061bb	fe81ce186c93978054d519d761e2fa8c	79493519e590c4ea1f75a494c0f38caf
27767	cc256ff1b20138ec7c7a05478c6061bb	fe81ce186c93978054d519d761e2fa8c	79493519e590c4ea1f75a494c0f38caf
27768	cc256ff1b20138ec7c7a05478c6061bb	fe81ce186c93978054d519d761e2fa8c	79493519e590c4ea1f75a494c0f38caf
27769	cc256ff1b20138ec7c7a05478c6061bb	fe81ce186c93978054d519d761e2fa8c	79493519e590c4ea1f75a494c0f38caf
27770	cc256ff1b20138ec7c7a05478c6061bb	fe81ce186c93978054d519d761e2fa8c	79493519e590c4ea1f75a494c0f38caf
27771	cc256ff1b20138ec7c7a05478c6061bb	fe81ce186c93978054d519d761e2fa8c	79493519e590c4ea1f75a494c0f38caf
27772	cc256ff1b20138ec7c7a05478c6061bb	fe81ce186c93978054d519d761e2fa8c	79493519e590c4ea1f75a494c0f38caf
27773	b788db7da7300cd9fb8d6daa2d6ad327	7f62564f8862c4d757358c0139b6c420	28d734d1f9af634d417fab6263955277
27774	b788db7da7300cd9fb8d6daa2d6ad327	7f62564f8862c4d757358c0139b6c420	28d734d1f9af634d417fab6263955277
27775	b788db7da7300cd9fb8d6daa2d6ad327	7f62564f8862c4d757358c0139b6c420	28d734d1f9af634d417fab6263955277
27776	b788db7da7300cd9fb8d6daa2d6ad327	7f62564f8862c4d757358c0139b6c420	28d734d1f9af634d417fab6263955277
27777	b788db7da7300cd9fb8d6daa2d6ad327	7f62564f8862c4d757358c0139b6c420	28d734d1f9af634d417fab6263955277
27778	f27be108fbdd623f918e2fb310047690	ff6b767bc8bfa8193416df1185bf8b2b	ea99fe3565b1c971928e0b57cae6273c
27779	f27be108fbdd623f918e2fb310047690	ff6b767bc8bfa8193416df1185bf8b2b	ea99fe3565b1c971928e0b57cae6273c
27780	f27be108fbdd623f918e2fb310047690	ff6b767bc8bfa8193416df1185bf8b2b	ea99fe3565b1c971928e0b57cae6273c
27781	f27be108fbdd623f918e2fb310047690	ff6b767bc8bfa8193416df1185bf8b2b	ea99fe3565b1c971928e0b57cae6273c
27782	f27be108fbdd623f918e2fb310047690	ff6b767bc8bfa8193416df1185bf8b2b	ea99fe3565b1c971928e0b57cae6273c
27783	f27be108fbdd623f918e2fb310047690	ff6b767bc8bfa8193416df1185bf8b2b	ea99fe3565b1c971928e0b57cae6273c
27784	f27be108fbdd623f918e2fb310047690	ff6b767bc8bfa8193416df1185bf8b2b	ea99fe3565b1c971928e0b57cae6273c
27785	f27be108fbdd623f918e2fb310047690	ff6b767bc8bfa8193416df1185bf8b2b	ea99fe3565b1c971928e0b57cae6273c
27786	f27be108fbdd623f918e2fb310047690	ff6b767bc8bfa8193416df1185bf8b2b	ea99fe3565b1c971928e0b57cae6273c
27787	f27be108fbdd623f918e2fb310047690	ff6b767bc8bfa8193416df1185bf8b2b	ea99fe3565b1c971928e0b57cae6273c
27788	f27be108fbdd623f918e2fb310047690	ff6b767bc8bfa8193416df1185bf8b2b	ea99fe3565b1c971928e0b57cae6273c
27789	f27be108fbdd623f918e2fb310047690	ff6b767bc8bfa8193416df1185bf8b2b	ea99fe3565b1c971928e0b57cae6273c
27790	c639344c87cf4ae80773615a9a38095f	bae0167c4977da8c3054c8a91cef3600	88f69176542ffd8233234ef30fe36963
27791	c639344c87cf4ae80773615a9a38095f	bae0167c4977da8c3054c8a91cef3600	88f69176542ffd8233234ef30fe36963
27792	c639344c87cf4ae80773615a9a38095f	bae0167c4977da8c3054c8a91cef3600	88f69176542ffd8233234ef30fe36963
27793	c639344c87cf4ae80773615a9a38095f	bae0167c4977da8c3054c8a91cef3600	88f69176542ffd8233234ef30fe36963
27794	c639344c87cf4ae80773615a9a38095f	bae0167c4977da8c3054c8a91cef3600	88f69176542ffd8233234ef30fe36963
27795	c639344c87cf4ae80773615a9a38095f	bae0167c4977da8c3054c8a91cef3600	88f69176542ffd8233234ef30fe36963
27796	c639344c87cf4ae80773615a9a38095f	bae0167c4977da8c3054c8a91cef3600	88f69176542ffd8233234ef30fe36963
27797	58e2f1461646ef1b64ab9abf91e1d625	14471b4fa51bc93db8ed607d974fb4aa	48311b08f683cf03d23886c6d4fd864d
27798	58e2f1461646ef1b64ab9abf91e1d625	14471b4fa51bc93db8ed607d974fb4aa	48311b08f683cf03d23886c6d4fd864d
27799	58e2f1461646ef1b64ab9abf91e1d625	14471b4fa51bc93db8ed607d974fb4aa	48311b08f683cf03d23886c6d4fd864d
27800	58e2f1461646ef1b64ab9abf91e1d625	14471b4fa51bc93db8ed607d974fb4aa	48311b08f683cf03d23886c6d4fd864d
27801	58e2f1461646ef1b64ab9abf91e1d625	14471b4fa51bc93db8ed607d974fb4aa	48311b08f683cf03d23886c6d4fd864d
27802	58e2f1461646ef1b64ab9abf91e1d625	14471b4fa51bc93db8ed607d974fb4aa	48311b08f683cf03d23886c6d4fd864d
27803	58e2f1461646ef1b64ab9abf91e1d625	14471b4fa51bc93db8ed607d974fb4aa	48311b08f683cf03d23886c6d4fd864d
27804	58e2f1461646ef1b64ab9abf91e1d625	14471b4fa51bc93db8ed607d974fb4aa	48311b08f683cf03d23886c6d4fd864d
27805	58e2f1461646ef1b64ab9abf91e1d625	14471b4fa51bc93db8ed607d974fb4aa	48311b08f683cf03d23886c6d4fd864d
27806	58e2f1461646ef1b64ab9abf91e1d625	14471b4fa51bc93db8ed607d974fb4aa	48311b08f683cf03d23886c6d4fd864d
27807	9f995b052b009bc333b34f0f26a98ebc	a7ac8a1190ae99dd532612180f5a80b7	eb5598d090d896f185275eb146577b90
27808	9f995b052b009bc333b34f0f26a98ebc	a7ac8a1190ae99dd532612180f5a80b7	eb5598d090d896f185275eb146577b90
27809	9f995b052b009bc333b34f0f26a98ebc	a7ac8a1190ae99dd532612180f5a80b7	eb5598d090d896f185275eb146577b90
27810	9f995b052b009bc333b34f0f26a98ebc	a7ac8a1190ae99dd532612180f5a80b7	eb5598d090d896f185275eb146577b90
27811	9f995b052b009bc333b34f0f26a98ebc	a7ac8a1190ae99dd532612180f5a80b7	eb5598d090d896f185275eb146577b90
27812	9f995b052b009bc333b34f0f26a98ebc	a7ac8a1190ae99dd532612180f5a80b7	eb5598d090d896f185275eb146577b90
27813	9f995b052b009bc333b34f0f26a98ebc	a7ac8a1190ae99dd532612180f5a80b7	eb5598d090d896f185275eb146577b90
27814	0794c937433519917ae61de447c4efee	5a52a7f979c3eca7c1237312ee28a0cd	d025b2cededf50b75882964e326220b2
27815	0794c937433519917ae61de447c4efee	5a52a7f979c3eca7c1237312ee28a0cd	d025b2cededf50b75882964e326220b2
27816	0794c937433519917ae61de447c4efee	5a52a7f979c3eca7c1237312ee28a0cd	d025b2cededf50b75882964e326220b2
27817	0794c937433519917ae61de447c4efee	5a52a7f979c3eca7c1237312ee28a0cd	d025b2cededf50b75882964e326220b2
27818	0794c937433519917ae61de447c4efee	5a52a7f979c3eca7c1237312ee28a0cd	d025b2cededf50b75882964e326220b2
27819	f7882528ca9295ef313f26d660aed897	ebcdf3a592fd49312a1d7d525daf8400	f06d8582cd4ed2e947bcaa4212810ca3
27820	f7882528ca9295ef313f26d660aed897	ebcdf3a592fd49312a1d7d525daf8400	f06d8582cd4ed2e947bcaa4212810ca3
27821	f7882528ca9295ef313f26d660aed897	ebcdf3a592fd49312a1d7d525daf8400	f06d8582cd4ed2e947bcaa4212810ca3
27822	f7882528ca9295ef313f26d660aed897	ebcdf3a592fd49312a1d7d525daf8400	f06d8582cd4ed2e947bcaa4212810ca3
27823	f7882528ca9295ef313f26d660aed897	ebcdf3a592fd49312a1d7d525daf8400	f06d8582cd4ed2e947bcaa4212810ca3
27824	f7882528ca9295ef313f26d660aed897	ebcdf3a592fd49312a1d7d525daf8400	f06d8582cd4ed2e947bcaa4212810ca3
27825	f7882528ca9295ef313f26d660aed897	ebcdf3a592fd49312a1d7d525daf8400	f06d8582cd4ed2e947bcaa4212810ca3
27826	f7882528ca9295ef313f26d660aed897	ebcdf3a592fd49312a1d7d525daf8400	f06d8582cd4ed2e947bcaa4212810ca3
27827	f7882528ca9295ef313f26d660aed897	ebcdf3a592fd49312a1d7d525daf8400	f06d8582cd4ed2e947bcaa4212810ca3
27828	f7882528ca9295ef313f26d660aed897	ebcdf3a592fd49312a1d7d525daf8400	f06d8582cd4ed2e947bcaa4212810ca3
27829	f7882528ca9295ef313f26d660aed897	ebcdf3a592fd49312a1d7d525daf8400	f06d8582cd4ed2e947bcaa4212810ca3
27830	f7882528ca9295ef313f26d660aed897	ebcdf3a592fd49312a1d7d525daf8400	f06d8582cd4ed2e947bcaa4212810ca3
27831	f7882528ca9295ef313f26d660aed897	ebcdf3a592fd49312a1d7d525daf8400	f06d8582cd4ed2e947bcaa4212810ca3
27832	f7882528ca9295ef313f26d660aed897	ebcdf3a592fd49312a1d7d525daf8400	f06d8582cd4ed2e947bcaa4212810ca3
27833	f7882528ca9295ef313f26d660aed897	ebcdf3a592fd49312a1d7d525daf8400	f06d8582cd4ed2e947bcaa4212810ca3
27834	f7882528ca9295ef313f26d660aed897	ebcdf3a592fd49312a1d7d525daf8400	f06d8582cd4ed2e947bcaa4212810ca3
27835	f7882528ca9295ef313f26d660aed897	ebcdf3a592fd49312a1d7d525daf8400	f06d8582cd4ed2e947bcaa4212810ca3
27836	9ab74160f03a910d0dbacf39fb87b2d1	7297697988136f5b80df50f51dd84b56	d85e9897718139618f6e5392a68cd2e1
27837	9ab74160f03a910d0dbacf39fb87b2d1	7297697988136f5b80df50f51dd84b56	d85e9897718139618f6e5392a68cd2e1
27838	9ab74160f03a910d0dbacf39fb87b2d1	7297697988136f5b80df50f51dd84b56	d85e9897718139618f6e5392a68cd2e1
27839	9ab74160f03a910d0dbacf39fb87b2d1	7297697988136f5b80df50f51dd84b56	d85e9897718139618f6e5392a68cd2e1
27840	9ab74160f03a910d0dbacf39fb87b2d1	7297697988136f5b80df50f51dd84b56	d85e9897718139618f6e5392a68cd2e1
27841	9ab74160f03a910d0dbacf39fb87b2d1	7297697988136f5b80df50f51dd84b56	d85e9897718139618f6e5392a68cd2e1
27842	9ab74160f03a910d0dbacf39fb87b2d1	7297697988136f5b80df50f51dd84b56	d85e9897718139618f6e5392a68cd2e1
27843	ebff76884578a6e54820f79c0c922370	47f8dcf9b925968b0326b9adef9a116b	70bb9e881863fef9bc75dc606b555e60
27844	ebff76884578a6e54820f79c0c922370	47f8dcf9b925968b0326b9adef9a116b	70bb9e881863fef9bc75dc606b555e60
27845	ebff76884578a6e54820f79c0c922370	47f8dcf9b925968b0326b9adef9a116b	70bb9e881863fef9bc75dc606b555e60
27846	ebff76884578a6e54820f79c0c922370	47f8dcf9b925968b0326b9adef9a116b	70bb9e881863fef9bc75dc606b555e60
27847	ebff76884578a6e54820f79c0c922370	47f8dcf9b925968b0326b9adef9a116b	70bb9e881863fef9bc75dc606b555e60
27848	1c670f763d78cb9b4e1c8085f6042e35	434f771870a5f3fd01476a8eff072b7a	3e48ad18257cda1f65252e3f4633b2dd
27849	1c670f763d78cb9b4e1c8085f6042e35	434f771870a5f3fd01476a8eff072b7a	3e48ad18257cda1f65252e3f4633b2dd
27850	1c670f763d78cb9b4e1c8085f6042e35	434f771870a5f3fd01476a8eff072b7a	3e48ad18257cda1f65252e3f4633b2dd
27851	1c670f763d78cb9b4e1c8085f6042e35	434f771870a5f3fd01476a8eff072b7a	3e48ad18257cda1f65252e3f4633b2dd
27852	1c670f763d78cb9b4e1c8085f6042e35	434f771870a5f3fd01476a8eff072b7a	3e48ad18257cda1f65252e3f4633b2dd
27853	1c670f763d78cb9b4e1c8085f6042e35	434f771870a5f3fd01476a8eff072b7a	3e48ad18257cda1f65252e3f4633b2dd
27854	1c670f763d78cb9b4e1c8085f6042e35	434f771870a5f3fd01476a8eff072b7a	3e48ad18257cda1f65252e3f4633b2dd
27855	363548e8b57fd918c8e4fbd1f6e4efb0	0c4161ba97255fb48ce91844f1e11a33	10774b94e66c0540c1128fae70edb138
27856	363548e8b57fd918c8e4fbd1f6e4efb0	0c4161ba97255fb48ce91844f1e11a33	10774b94e66c0540c1128fae70edb138
27857	363548e8b57fd918c8e4fbd1f6e4efb0	0c4161ba97255fb48ce91844f1e11a33	10774b94e66c0540c1128fae70edb138
27858	363548e8b57fd918c8e4fbd1f6e4efb0	0c4161ba97255fb48ce91844f1e11a33	10774b94e66c0540c1128fae70edb138
27859	363548e8b57fd918c8e4fbd1f6e4efb0	0c4161ba97255fb48ce91844f1e11a33	10774b94e66c0540c1128fae70edb138
27860	0dc9f7a0bd140037e978384993db68a4	b2f285560755bf91319ed332538998cf	48133bfbd4393e273bf892ea0c205484
27861	0dc9f7a0bd140037e978384993db68a4	b2f285560755bf91319ed332538998cf	48133bfbd4393e273bf892ea0c205484
27862	0dc9f7a0bd140037e978384993db68a4	b2f285560755bf91319ed332538998cf	48133bfbd4393e273bf892ea0c205484
27863	0dc9f7a0bd140037e978384993db68a4	b2f285560755bf91319ed332538998cf	48133bfbd4393e273bf892ea0c205484
27864	0dc9f7a0bd140037e978384993db68a4	b2f285560755bf91319ed332538998cf	48133bfbd4393e273bf892ea0c205484
27865	0dc9f7a0bd140037e978384993db68a4	b2f285560755bf91319ed332538998cf	48133bfbd4393e273bf892ea0c205484
27866	0dc9f7a0bd140037e978384993db68a4	b2f285560755bf91319ed332538998cf	48133bfbd4393e273bf892ea0c205484
27867	4cd64fa78b92bf338fd9276f1c6f377b	beb4c71af4b311055a7b53b1af3de604	e93df67a866754cbe15bac994aaf4e33
27868	4cd64fa78b92bf338fd9276f1c6f377b	beb4c71af4b311055a7b53b1af3de604	e93df67a866754cbe15bac994aaf4e33
27869	4cd64fa78b92bf338fd9276f1c6f377b	beb4c71af4b311055a7b53b1af3de604	e93df67a866754cbe15bac994aaf4e33
27870	4cd64fa78b92bf338fd9276f1c6f377b	beb4c71af4b311055a7b53b1af3de604	e93df67a866754cbe15bac994aaf4e33
27871	4cd64fa78b92bf338fd9276f1c6f377b	beb4c71af4b311055a7b53b1af3de604	e93df67a866754cbe15bac994aaf4e33
27872	8c2bb5909677f73ff24f248d558451e9	a1fb329810972f8176f52b91332569be	c0acecc01564dbf1c43173fbead13e65
27873	8c2bb5909677f73ff24f248d558451e9	a1fb329810972f8176f52b91332569be	c0acecc01564dbf1c43173fbead13e65
27874	8c2bb5909677f73ff24f248d558451e9	a1fb329810972f8176f52b91332569be	c0acecc01564dbf1c43173fbead13e65
27875	8c2bb5909677f73ff24f248d558451e9	a1fb329810972f8176f52b91332569be	c0acecc01564dbf1c43173fbead13e65
27876	8c2bb5909677f73ff24f248d558451e9	a1fb329810972f8176f52b91332569be	c0acecc01564dbf1c43173fbead13e65
27877	5819ed6ef049ca66135712e4e950d315	8641e6ba21621126de3e71b2081536b2	fd11aff3eb79fd6a6ac07b69b20a2be5
27878	5819ed6ef049ca66135712e4e950d315	8641e6ba21621126de3e71b2081536b2	fd11aff3eb79fd6a6ac07b69b20a2be5
27879	5819ed6ef049ca66135712e4e950d315	8641e6ba21621126de3e71b2081536b2	fd11aff3eb79fd6a6ac07b69b20a2be5
27880	5819ed6ef049ca66135712e4e950d315	8641e6ba21621126de3e71b2081536b2	fd11aff3eb79fd6a6ac07b69b20a2be5
27881	5819ed6ef049ca66135712e4e950d315	8641e6ba21621126de3e71b2081536b2	fd11aff3eb79fd6a6ac07b69b20a2be5
27882	f083c903e28a5b4f52b65201980d4b72	18cd19f5ecac3ba9398b30fc7ea4e211	ff4d5530a9ba508baf63c7ecfbab26ca
27883	f083c903e28a5b4f52b65201980d4b72	18cd19f5ecac3ba9398b30fc7ea4e211	ff4d5530a9ba508baf63c7ecfbab26ca
27884	46d60430fca1f5df345cf5ff3a132701	c9f54182e07bd971db0547d784f17456	e9bfbfa65865d16d1aab75823e648025
27885	46d60430fca1f5df345cf5ff3a132701	c9f54182e07bd971db0547d784f17456	e9bfbfa65865d16d1aab75823e648025
27886	46d60430fca1f5df345cf5ff3a132701	c9f54182e07bd971db0547d784f17456	e9bfbfa65865d16d1aab75823e648025
27887	46d60430fca1f5df345cf5ff3a132701	c9f54182e07bd971db0547d784f17456	e9bfbfa65865d16d1aab75823e648025
27888	46d60430fca1f5df345cf5ff3a132701	c9f54182e07bd971db0547d784f17456	e9bfbfa65865d16d1aab75823e648025
27889	62973bc2e3c6cc7e0f16758c0031a481	35cd1e3cdd38dbfe0ac7649e54b1ba0e	24a3f78b78cd969881cb62f637bb33cd
27890	62973bc2e3c6cc7e0f16758c0031a481	35cd1e3cdd38dbfe0ac7649e54b1ba0e	24a3f78b78cd969881cb62f637bb33cd
27891	62973bc2e3c6cc7e0f16758c0031a481	35cd1e3cdd38dbfe0ac7649e54b1ba0e	24a3f78b78cd969881cb62f637bb33cd
27892	62973bc2e3c6cc7e0f16758c0031a481	35cd1e3cdd38dbfe0ac7649e54b1ba0e	24a3f78b78cd969881cb62f637bb33cd
27893	62973bc2e3c6cc7e0f16758c0031a481	35cd1e3cdd38dbfe0ac7649e54b1ba0e	24a3f78b78cd969881cb62f637bb33cd
27894	62973bc2e3c6cc7e0f16758c0031a481	35cd1e3cdd38dbfe0ac7649e54b1ba0e	24a3f78b78cd969881cb62f637bb33cd
27895	62973bc2e3c6cc7e0f16758c0031a481	35cd1e3cdd38dbfe0ac7649e54b1ba0e	24a3f78b78cd969881cb62f637bb33cd
27896	de5ea6303e9daf1066a9c1c0123d5059	47d14cfa8700dd6476f91fe01b96c096	02d78e2de9b6db584173b6c481484971
27897	de5ea6303e9daf1066a9c1c0123d5059	47d14cfa8700dd6476f91fe01b96c096	02d78e2de9b6db584173b6c481484971
27898	de5ea6303e9daf1066a9c1c0123d5059	47d14cfa8700dd6476f91fe01b96c096	02d78e2de9b6db584173b6c481484971
27899	de5ea6303e9daf1066a9c1c0123d5059	47d14cfa8700dd6476f91fe01b96c096	02d78e2de9b6db584173b6c481484971
27900	de5ea6303e9daf1066a9c1c0123d5059	47d14cfa8700dd6476f91fe01b96c096	02d78e2de9b6db584173b6c481484971
27901	de5ea6303e9daf1066a9c1c0123d5059	47d14cfa8700dd6476f91fe01b96c096	02d78e2de9b6db584173b6c481484971
27902	de5ea6303e9daf1066a9c1c0123d5059	47d14cfa8700dd6476f91fe01b96c096	02d78e2de9b6db584173b6c481484971
27903	de5ea6303e9daf1066a9c1c0123d5059	47d14cfa8700dd6476f91fe01b96c096	02d78e2de9b6db584173b6c481484971
27904	de5ea6303e9daf1066a9c1c0123d5059	47d14cfa8700dd6476f91fe01b96c096	02d78e2de9b6db584173b6c481484971
27905	de5ea6303e9daf1066a9c1c0123d5059	47d14cfa8700dd6476f91fe01b96c096	02d78e2de9b6db584173b6c481484971
27906	9799d0f9136cfd75cdeb505edbf25fd3	44f97b0298f9c6938a977917fc563b9c	c63f11e08db00df94d5298d09b260e23
27907	9799d0f9136cfd75cdeb505edbf25fd3	44f97b0298f9c6938a977917fc563b9c	c63f11e08db00df94d5298d09b260e23
27908	9799d0f9136cfd75cdeb505edbf25fd3	44f97b0298f9c6938a977917fc563b9c	c63f11e08db00df94d5298d09b260e23
27909	9799d0f9136cfd75cdeb505edbf25fd3	44f97b0298f9c6938a977917fc563b9c	c63f11e08db00df94d5298d09b260e23
27910	9799d0f9136cfd75cdeb505edbf25fd3	44f97b0298f9c6938a977917fc563b9c	c63f11e08db00df94d5298d09b260e23
27911	9799d0f9136cfd75cdeb505edbf25fd3	44f97b0298f9c6938a977917fc563b9c	c63f11e08db00df94d5298d09b260e23
27912	9799d0f9136cfd75cdeb505edbf25fd3	44f97b0298f9c6938a977917fc563b9c	c63f11e08db00df94d5298d09b260e23
27913	5f9917f1c3132c89a809a1dc230ecc62	82882a7cd9f2c63f91ba7c207b2992d1	2a7963c5d965e859463a7313d0e014ca
27914	5f9917f1c3132c89a809a1dc230ecc62	82882a7cd9f2c63f91ba7c207b2992d1	2a7963c5d965e859463a7313d0e014ca
27915	5f9917f1c3132c89a809a1dc230ecc62	82882a7cd9f2c63f91ba7c207b2992d1	2a7963c5d965e859463a7313d0e014ca
27916	e757bef708a094720da758219873f156	f1a8f865dd27e5ba2e71d9af57f26cdd	04c41d62eab35f5081f383eca13e0ce2
27917	e757bef708a094720da758219873f156	f1a8f865dd27e5ba2e71d9af57f26cdd	04c41d62eab35f5081f383eca13e0ce2
27918	bd32a6f10b761f62b60ea640c0cbce11	f92670b2bd286222fe5eb1a6cc98001e	4ac05bc822877264ce0b02156bc23e5d
27919	bd32a6f10b761f62b60ea640c0cbce11	f92670b2bd286222fe5eb1a6cc98001e	4ac05bc822877264ce0b02156bc23e5d
27920	bd32a6f10b761f62b60ea640c0cbce11	f92670b2bd286222fe5eb1a6cc98001e	4ac05bc822877264ce0b02156bc23e5d
27921	bd32a6f10b761f62b60ea640c0cbce11	f92670b2bd286222fe5eb1a6cc98001e	4ac05bc822877264ce0b02156bc23e5d
27922	bd32a6f10b761f62b60ea640c0cbce11	f92670b2bd286222fe5eb1a6cc98001e	4ac05bc822877264ce0b02156bc23e5d
27923	bd32a6f10b761f62b60ea640c0cbce11	f92670b2bd286222fe5eb1a6cc98001e	4ac05bc822877264ce0b02156bc23e5d
27924	bd32a6f10b761f62b60ea640c0cbce11	f92670b2bd286222fe5eb1a6cc98001e	4ac05bc822877264ce0b02156bc23e5d
27925	60d547cd84e1603276593c7dc1f39c3b	d4bb3bc4dfdedd2277f4418bcdfee7ac	511449f9c05b265a864b32249177606b
27926	60d547cd84e1603276593c7dc1f39c3b	d4bb3bc4dfdedd2277f4418bcdfee7ac	511449f9c05b265a864b32249177606b
27927	60d547cd84e1603276593c7dc1f39c3b	d4bb3bc4dfdedd2277f4418bcdfee7ac	511449f9c05b265a864b32249177606b
27928	60d547cd84e1603276593c7dc1f39c3b	d4bb3bc4dfdedd2277f4418bcdfee7ac	511449f9c05b265a864b32249177606b
27929	60d547cd84e1603276593c7dc1f39c3b	d4bb3bc4dfdedd2277f4418bcdfee7ac	511449f9c05b265a864b32249177606b
27930	4a48e9d2250042d611c7135bb966dd48	57a90e7d30c4f88eb9c8b7dbebf12b1b	7deee6c667520474cf7b2f5d758d9a24
27931	4a48e9d2250042d611c7135bb966dd48	57a90e7d30c4f88eb9c8b7dbebf12b1b	7deee6c667520474cf7b2f5d758d9a24
27932	4a48e9d2250042d611c7135bb966dd48	57a90e7d30c4f88eb9c8b7dbebf12b1b	7deee6c667520474cf7b2f5d758d9a24
27933	4a48e9d2250042d611c7135bb966dd48	57a90e7d30c4f88eb9c8b7dbebf12b1b	7deee6c667520474cf7b2f5d758d9a24
27934	4a48e9d2250042d611c7135bb966dd48	57a90e7d30c4f88eb9c8b7dbebf12b1b	7deee6c667520474cf7b2f5d758d9a24
27935	4a48e9d2250042d611c7135bb966dd48	57a90e7d30c4f88eb9c8b7dbebf12b1b	7deee6c667520474cf7b2f5d758d9a24
27936	4a48e9d2250042d611c7135bb966dd48	57a90e7d30c4f88eb9c8b7dbebf12b1b	7deee6c667520474cf7b2f5d758d9a24
27937	4a48e9d2250042d611c7135bb966dd48	57a90e7d30c4f88eb9c8b7dbebf12b1b	7deee6c667520474cf7b2f5d758d9a24
27938	4a48e9d2250042d611c7135bb966dd48	57a90e7d30c4f88eb9c8b7dbebf12b1b	7deee6c667520474cf7b2f5d758d9a24
27939	4a48e9d2250042d611c7135bb966dd48	57a90e7d30c4f88eb9c8b7dbebf12b1b	7deee6c667520474cf7b2f5d758d9a24
27940	4a48e9d2250042d611c7135bb966dd48	57a90e7d30c4f88eb9c8b7dbebf12b1b	7deee6c667520474cf7b2f5d758d9a24
27941	4a48e9d2250042d611c7135bb966dd48	57a90e7d30c4f88eb9c8b7dbebf12b1b	7deee6c667520474cf7b2f5d758d9a24
27942	4a48e9d2250042d611c7135bb966dd48	57a90e7d30c4f88eb9c8b7dbebf12b1b	7deee6c667520474cf7b2f5d758d9a24
27943	4a48e9d2250042d611c7135bb966dd48	57a90e7d30c4f88eb9c8b7dbebf12b1b	7deee6c667520474cf7b2f5d758d9a24
27944	4a48e9d2250042d611c7135bb966dd48	57a90e7d30c4f88eb9c8b7dbebf12b1b	7deee6c667520474cf7b2f5d758d9a24
27945	4a48e9d2250042d611c7135bb966dd48	57a90e7d30c4f88eb9c8b7dbebf12b1b	7deee6c667520474cf7b2f5d758d9a24
27946	4a48e9d2250042d611c7135bb966dd48	57a90e7d30c4f88eb9c8b7dbebf12b1b	7deee6c667520474cf7b2f5d758d9a24
27947	8b1a650e8734445c3e6a18203246e3d8	dba4c147f88210c8c41e99ee0acd8feb	3d5e4ed231130aaa41209b859a92c8cc
27948	8b1a650e8734445c3e6a18203246e3d8	dba4c147f88210c8c41e99ee0acd8feb	3d5e4ed231130aaa41209b859a92c8cc
27949	8b1a650e8734445c3e6a18203246e3d8	dba4c147f88210c8c41e99ee0acd8feb	3d5e4ed231130aaa41209b859a92c8cc
27950	8b1a650e8734445c3e6a18203246e3d8	dba4c147f88210c8c41e99ee0acd8feb	3d5e4ed231130aaa41209b859a92c8cc
27951	8b1a650e8734445c3e6a18203246e3d8	dba4c147f88210c8c41e99ee0acd8feb	3d5e4ed231130aaa41209b859a92c8cc
27952	8b1a650e8734445c3e6a18203246e3d8	dba4c147f88210c8c41e99ee0acd8feb	3d5e4ed231130aaa41209b859a92c8cc
27953	8b1a650e8734445c3e6a18203246e3d8	dba4c147f88210c8c41e99ee0acd8feb	3d5e4ed231130aaa41209b859a92c8cc
27954	150b7bd7bf94ca94d57e4818f52864b6	df284114d0966580182fd1be37aab35d	60934ff2130d5f40efe13af64a9577be
27955	150b7bd7bf94ca94d57e4818f52864b6	df284114d0966580182fd1be37aab35d	60934ff2130d5f40efe13af64a9577be
27956	150b7bd7bf94ca94d57e4818f52864b6	df284114d0966580182fd1be37aab35d	60934ff2130d5f40efe13af64a9577be
27957	150b7bd7bf94ca94d57e4818f52864b6	df284114d0966580182fd1be37aab35d	60934ff2130d5f40efe13af64a9577be
27958	150b7bd7bf94ca94d57e4818f52864b6	df284114d0966580182fd1be37aab35d	60934ff2130d5f40efe13af64a9577be
27959	d36b796559070cb442a2513e4aa8fce2	ef8cf3d761bbbb6006e1b389d2864db9	125d390f98fc34aea87a96120376e856
27960	d36b796559070cb442a2513e4aa8fce2	ef8cf3d761bbbb6006e1b389d2864db9	125d390f98fc34aea87a96120376e856
27961	d36b796559070cb442a2513e4aa8fce2	ef8cf3d761bbbb6006e1b389d2864db9	125d390f98fc34aea87a96120376e856
27962	d36b796559070cb442a2513e4aa8fce2	ef8cf3d761bbbb6006e1b389d2864db9	125d390f98fc34aea87a96120376e856
27963	d36b796559070cb442a2513e4aa8fce2	ef8cf3d761bbbb6006e1b389d2864db9	125d390f98fc34aea87a96120376e856
27964	d36b796559070cb442a2513e4aa8fce2	ef8cf3d761bbbb6006e1b389d2864db9	125d390f98fc34aea87a96120376e856
27965	d36b796559070cb442a2513e4aa8fce2	ef8cf3d761bbbb6006e1b389d2864db9	125d390f98fc34aea87a96120376e856
27966	de7ab84f0852a5f429a1660549759c8c	e97019286f3847a0eb6a82fa9948418f	a788da3fac894a8c70cedb6691b574b4
27967	de7ab84f0852a5f429a1660549759c8c	e97019286f3847a0eb6a82fa9948418f	a788da3fac894a8c70cedb6691b574b4
27968	de7ab84f0852a5f429a1660549759c8c	e97019286f3847a0eb6a82fa9948418f	a788da3fac894a8c70cedb6691b574b4
27969	de7ab84f0852a5f429a1660549759c8c	e97019286f3847a0eb6a82fa9948418f	a788da3fac894a8c70cedb6691b574b4
27970	de7ab84f0852a5f429a1660549759c8c	e97019286f3847a0eb6a82fa9948418f	a788da3fac894a8c70cedb6691b574b4
27971	4c0fb38e533793a56426d512f16a23a1	0e9cc35074698973decd4e32abca5006	6d4470de9d6e51375c4ec91a5545774d
27972	4c0fb38e533793a56426d512f16a23a1	0e9cc35074698973decd4e32abca5006	6d4470de9d6e51375c4ec91a5545774d
27973	4c0fb38e533793a56426d512f16a23a1	0e9cc35074698973decd4e32abca5006	6d4470de9d6e51375c4ec91a5545774d
27974	4c0fb38e533793a56426d512f16a23a1	0e9cc35074698973decd4e32abca5006	6d4470de9d6e51375c4ec91a5545774d
27975	4c0fb38e533793a56426d512f16a23a1	0e9cc35074698973decd4e32abca5006	6d4470de9d6e51375c4ec91a5545774d
27976	a023f41d455b150f1686160d41098d7e	ef02446a6a5709b9031816c82b0f953d	de8e81768718b8478eba3c2fc94a3e86
27977	a023f41d455b150f1686160d41098d7e	ef02446a6a5709b9031816c82b0f953d	de8e81768718b8478eba3c2fc94a3e86
27978	a023f41d455b150f1686160d41098d7e	ef02446a6a5709b9031816c82b0f953d	de8e81768718b8478eba3c2fc94a3e86
27979	a023f41d455b150f1686160d41098d7e	ef02446a6a5709b9031816c82b0f953d	de8e81768718b8478eba3c2fc94a3e86
27980	a023f41d455b150f1686160d41098d7e	ef02446a6a5709b9031816c82b0f953d	de8e81768718b8478eba3c2fc94a3e86
27981	a023f41d455b150f1686160d41098d7e	ef02446a6a5709b9031816c82b0f953d	de8e81768718b8478eba3c2fc94a3e86
27982	a023f41d455b150f1686160d41098d7e	ef02446a6a5709b9031816c82b0f953d	de8e81768718b8478eba3c2fc94a3e86
27983	a023f41d455b150f1686160d41098d7e	ef02446a6a5709b9031816c82b0f953d	de8e81768718b8478eba3c2fc94a3e86
27984	a023f41d455b150f1686160d41098d7e	ef02446a6a5709b9031816c82b0f953d	de8e81768718b8478eba3c2fc94a3e86
27985	a023f41d455b150f1686160d41098d7e	ef02446a6a5709b9031816c82b0f953d	de8e81768718b8478eba3c2fc94a3e86
27986	a023f41d455b150f1686160d41098d7e	ef02446a6a5709b9031816c82b0f953d	de8e81768718b8478eba3c2fc94a3e86
27987	a023f41d455b150f1686160d41098d7e	ef02446a6a5709b9031816c82b0f953d	de8e81768718b8478eba3c2fc94a3e86
27988	216485bf8ae82a90b0edc958544fdf5b	e2b23f378a26a5847ed7ba260079971c	bfe76a215b92c5580e5e013ac2a85d73
27989	216485bf8ae82a90b0edc958544fdf5b	e2b23f378a26a5847ed7ba260079971c	bfe76a215b92c5580e5e013ac2a85d73
27990	216485bf8ae82a90b0edc958544fdf5b	e2b23f378a26a5847ed7ba260079971c	bfe76a215b92c5580e5e013ac2a85d73
27991	216485bf8ae82a90b0edc958544fdf5b	e2b23f378a26a5847ed7ba260079971c	bfe76a215b92c5580e5e013ac2a85d73
27992	216485bf8ae82a90b0edc958544fdf5b	e2b23f378a26a5847ed7ba260079971c	bfe76a215b92c5580e5e013ac2a85d73
27993	216485bf8ae82a90b0edc958544fdf5b	e2b23f378a26a5847ed7ba260079971c	bfe76a215b92c5580e5e013ac2a85d73
27994	216485bf8ae82a90b0edc958544fdf5b	e2b23f378a26a5847ed7ba260079971c	bfe76a215b92c5580e5e013ac2a85d73
27995	b4b228d794f7eed1b88c10b3a9e4262c	ec71368e3895fe67af238ba749403217	531a92f9095552d94433a4bbdb9b75d4
27996	b4b228d794f7eed1b88c10b3a9e4262c	ec71368e3895fe67af238ba749403217	531a92f9095552d94433a4bbdb9b75d4
27997	b4b228d794f7eed1b88c10b3a9e4262c	ec71368e3895fe67af238ba749403217	531a92f9095552d94433a4bbdb9b75d4
27998	b4b228d794f7eed1b88c10b3a9e4262c	ec71368e3895fe67af238ba749403217	531a92f9095552d94433a4bbdb9b75d4
27999	b4b228d794f7eed1b88c10b3a9e4262c	ec71368e3895fe67af238ba749403217	531a92f9095552d94433a4bbdb9b75d4
28000	c0b4c39d28c4775f29ba3d78ab4d8571	c8d36334103ef941fe3b3b72fd1b5836	d81bedd1624a5c3781163c92f070eda9
28001	c0b4c39d28c4775f29ba3d78ab4d8571	c8d36334103ef941fe3b3b72fd1b5836	d81bedd1624a5c3781163c92f070eda9
28002	c0b4c39d28c4775f29ba3d78ab4d8571	c8d36334103ef941fe3b3b72fd1b5836	d81bedd1624a5c3781163c92f070eda9
28003	c0b4c39d28c4775f29ba3d78ab4d8571	c8d36334103ef941fe3b3b72fd1b5836	d81bedd1624a5c3781163c92f070eda9
28004	c0b4c39d28c4775f29ba3d78ab4d8571	c8d36334103ef941fe3b3b72fd1b5836	d81bedd1624a5c3781163c92f070eda9
28005	c0b4c39d28c4775f29ba3d78ab4d8571	c8d36334103ef941fe3b3b72fd1b5836	d81bedd1624a5c3781163c92f070eda9
28006	c0b4c39d28c4775f29ba3d78ab4d8571	c8d36334103ef941fe3b3b72fd1b5836	d81bedd1624a5c3781163c92f070eda9
28007	830f6db1c116249a2c07dcd8db2dd48e	4b29f16188534c22b71731c0a5c18495	540fa711d6d2f1865e98a7d42e89b05e
28008	830f6db1c116249a2c07dcd8db2dd48e	4b29f16188534c22b71731c0a5c18495	540fa711d6d2f1865e98a7d42e89b05e
28009	830f6db1c116249a2c07dcd8db2dd48e	4b29f16188534c22b71731c0a5c18495	540fa711d6d2f1865e98a7d42e89b05e
28010	830f6db1c116249a2c07dcd8db2dd48e	4b29f16188534c22b71731c0a5c18495	540fa711d6d2f1865e98a7d42e89b05e
28011	830f6db1c116249a2c07dcd8db2dd48e	4b29f16188534c22b71731c0a5c18495	540fa711d6d2f1865e98a7d42e89b05e
28012	f60e872f26a009f6e87fff869f1133a9	a3f0f7505616bc76572d27c7ad546f86	5af400ae4514a16a141e1c0fd6dfacb1
28013	f60e872f26a009f6e87fff869f1133a9	a3f0f7505616bc76572d27c7ad546f86	5af400ae4514a16a141e1c0fd6dfacb1
28014	f60e872f26a009f6e87fff869f1133a9	a3f0f7505616bc76572d27c7ad546f86	5af400ae4514a16a141e1c0fd6dfacb1
28015	f60e872f26a009f6e87fff869f1133a9	a3f0f7505616bc76572d27c7ad546f86	5af400ae4514a16a141e1c0fd6dfacb1
28016	f60e872f26a009f6e87fff869f1133a9	a3f0f7505616bc76572d27c7ad546f86	5af400ae4514a16a141e1c0fd6dfacb1
28017	677821eaa3c8db2341274b82d43f53d4	999003bd7e91594df847ccd73392867f	89a3ef61af7c743f6eefbf142534adcc
28018	677821eaa3c8db2341274b82d43f53d4	999003bd7e91594df847ccd73392867f	89a3ef61af7c743f6eefbf142534adcc
28019	677821eaa3c8db2341274b82d43f53d4	999003bd7e91594df847ccd73392867f	89a3ef61af7c743f6eefbf142534adcc
28020	677821eaa3c8db2341274b82d43f53d4	999003bd7e91594df847ccd73392867f	89a3ef61af7c743f6eefbf142534adcc
28021	677821eaa3c8db2341274b82d43f53d4	999003bd7e91594df847ccd73392867f	89a3ef61af7c743f6eefbf142534adcc
28022	677821eaa3c8db2341274b82d43f53d4	999003bd7e91594df847ccd73392867f	89a3ef61af7c743f6eefbf142534adcc
28023	677821eaa3c8db2341274b82d43f53d4	999003bd7e91594df847ccd73392867f	89a3ef61af7c743f6eefbf142534adcc
28024	677821eaa3c8db2341274b82d43f53d4	999003bd7e91594df847ccd73392867f	89a3ef61af7c743f6eefbf142534adcc
28025	677821eaa3c8db2341274b82d43f53d4	999003bd7e91594df847ccd73392867f	89a3ef61af7c743f6eefbf142534adcc
28026	677821eaa3c8db2341274b82d43f53d4	999003bd7e91594df847ccd73392867f	89a3ef61af7c743f6eefbf142534adcc
28027	677821eaa3c8db2341274b82d43f53d4	999003bd7e91594df847ccd73392867f	89a3ef61af7c743f6eefbf142534adcc
28028	677821eaa3c8db2341274b82d43f53d4	999003bd7e91594df847ccd73392867f	89a3ef61af7c743f6eefbf142534adcc
28029	ba6151dbbd69ada0732e7ae9f8a738db	b51b6c2046cf7a548a2bcc7baa3db97c	b6c70d82e28c8d2cd5f3e168b1695013
28030	ba6151dbbd69ada0732e7ae9f8a738db	b51b6c2046cf7a548a2bcc7baa3db97c	b6c70d82e28c8d2cd5f3e168b1695013
28031	ba6151dbbd69ada0732e7ae9f8a738db	b51b6c2046cf7a548a2bcc7baa3db97c	b6c70d82e28c8d2cd5f3e168b1695013
28032	ba6151dbbd69ada0732e7ae9f8a738db	b51b6c2046cf7a548a2bcc7baa3db97c	b6c70d82e28c8d2cd5f3e168b1695013
28033	ba6151dbbd69ada0732e7ae9f8a738db	b51b6c2046cf7a548a2bcc7baa3db97c	b6c70d82e28c8d2cd5f3e168b1695013
28034	ba6151dbbd69ada0732e7ae9f8a738db	b51b6c2046cf7a548a2bcc7baa3db97c	b6c70d82e28c8d2cd5f3e168b1695013
28035	ba6151dbbd69ada0732e7ae9f8a738db	b51b6c2046cf7a548a2bcc7baa3db97c	b6c70d82e28c8d2cd5f3e168b1695013
28036	264a4252c57ddec01d0e68bbb6fcd226	fc04473dad9d6c0c02e770d9ed75ee3d	1233ba2d2f36e9f0e7861a2cbf4a039e
28037	264a4252c57ddec01d0e68bbb6fcd226	fc04473dad9d6c0c02e770d9ed75ee3d	1233ba2d2f36e9f0e7861a2cbf4a039e
28038	264a4252c57ddec01d0e68bbb6fcd226	fc04473dad9d6c0c02e770d9ed75ee3d	1233ba2d2f36e9f0e7861a2cbf4a039e
28039	264a4252c57ddec01d0e68bbb6fcd226	fc04473dad9d6c0c02e770d9ed75ee3d	1233ba2d2f36e9f0e7861a2cbf4a039e
28040	264a4252c57ddec01d0e68bbb6fcd226	fc04473dad9d6c0c02e770d9ed75ee3d	1233ba2d2f36e9f0e7861a2cbf4a039e
28041	264a4252c57ddec01d0e68bbb6fcd226	fc04473dad9d6c0c02e770d9ed75ee3d	1233ba2d2f36e9f0e7861a2cbf4a039e
28042	264a4252c57ddec01d0e68bbb6fcd226	fc04473dad9d6c0c02e770d9ed75ee3d	1233ba2d2f36e9f0e7861a2cbf4a039e
28043	264a4252c57ddec01d0e68bbb6fcd226	fc04473dad9d6c0c02e770d9ed75ee3d	1233ba2d2f36e9f0e7861a2cbf4a039e
28044	264a4252c57ddec01d0e68bbb6fcd226	fc04473dad9d6c0c02e770d9ed75ee3d	1233ba2d2f36e9f0e7861a2cbf4a039e
28045	264a4252c57ddec01d0e68bbb6fcd226	fc04473dad9d6c0c02e770d9ed75ee3d	1233ba2d2f36e9f0e7861a2cbf4a039e
28046	125d9eafc1ef49be12bf9827c62df4e0	8a21c312290e391684696cb75160c023	d07de86ced51461c6e530ef1f0c6c764
28047	125d9eafc1ef49be12bf9827c62df4e0	8a21c312290e391684696cb75160c023	d07de86ced51461c6e530ef1f0c6c764
28048	125d9eafc1ef49be12bf9827c62df4e0	8a21c312290e391684696cb75160c023	d07de86ced51461c6e530ef1f0c6c764
28049	125d9eafc1ef49be12bf9827c62df4e0	8a21c312290e391684696cb75160c023	d07de86ced51461c6e530ef1f0c6c764
28050	125d9eafc1ef49be12bf9827c62df4e0	8a21c312290e391684696cb75160c023	d07de86ced51461c6e530ef1f0c6c764
28051	125d9eafc1ef49be12bf9827c62df4e0	8a21c312290e391684696cb75160c023	d07de86ced51461c6e530ef1f0c6c764
28052	125d9eafc1ef49be12bf9827c62df4e0	8a21c312290e391684696cb75160c023	d07de86ced51461c6e530ef1f0c6c764
28053	08c6cc837db36879a8e7c1f36fdcf96f	2c086d084fbfcb27c150774ca13213d8	a6ea62111754c80f9d14cc949dd899b3
28054	08c6cc837db36879a8e7c1f36fdcf96f	2c086d084fbfcb27c150774ca13213d8	a6ea62111754c80f9d14cc949dd899b3
28055	08c6cc837db36879a8e7c1f36fdcf96f	2c086d084fbfcb27c150774ca13213d8	a6ea62111754c80f9d14cc949dd899b3
28056	08c6cc837db36879a8e7c1f36fdcf96f	2c086d084fbfcb27c150774ca13213d8	a6ea62111754c80f9d14cc949dd899b3
28057	08c6cc837db36879a8e7c1f36fdcf96f	2c086d084fbfcb27c150774ca13213d8	a6ea62111754c80f9d14cc949dd899b3
28058	2e09c76c7b5c657bd33141c4da81c5e8	ffdd25d150805d859ad985e2f57289e3	67f58ece9417426de4a9addb3e498a84
28059	2e09c76c7b5c657bd33141c4da81c5e8	ffdd25d150805d859ad985e2f57289e3	67f58ece9417426de4a9addb3e498a84
28060	2e09c76c7b5c657bd33141c4da81c5e8	ffdd25d150805d859ad985e2f57289e3	67f58ece9417426de4a9addb3e498a84
28061	2e09c76c7b5c657bd33141c4da81c5e8	ffdd25d150805d859ad985e2f57289e3	67f58ece9417426de4a9addb3e498a84
28062	2e09c76c7b5c657bd33141c4da81c5e8	ffdd25d150805d859ad985e2f57289e3	67f58ece9417426de4a9addb3e498a84
28063	2e09c76c7b5c657bd33141c4da81c5e8	ffdd25d150805d859ad985e2f57289e3	67f58ece9417426de4a9addb3e498a84
28064	2e09c76c7b5c657bd33141c4da81c5e8	ffdd25d150805d859ad985e2f57289e3	67f58ece9417426de4a9addb3e498a84
28065	2e09c76c7b5c657bd33141c4da81c5e8	ffdd25d150805d859ad985e2f57289e3	67f58ece9417426de4a9addb3e498a84
28066	2e09c76c7b5c657bd33141c4da81c5e8	ffdd25d150805d859ad985e2f57289e3	67f58ece9417426de4a9addb3e498a84
28067	2e09c76c7b5c657bd33141c4da81c5e8	ffdd25d150805d859ad985e2f57289e3	67f58ece9417426de4a9addb3e498a84
28068	2e09c76c7b5c657bd33141c4da81c5e8	ffdd25d150805d859ad985e2f57289e3	67f58ece9417426de4a9addb3e498a84
28069	2e09c76c7b5c657bd33141c4da81c5e8	ffdd25d150805d859ad985e2f57289e3	67f58ece9417426de4a9addb3e498a84
28070	2e09c76c7b5c657bd33141c4da81c5e8	ffdd25d150805d859ad985e2f57289e3	67f58ece9417426de4a9addb3e498a84
28071	2e09c76c7b5c657bd33141c4da81c5e8	ffdd25d150805d859ad985e2f57289e3	67f58ece9417426de4a9addb3e498a84
28072	2e09c76c7b5c657bd33141c4da81c5e8	ffdd25d150805d859ad985e2f57289e3	67f58ece9417426de4a9addb3e498a84
28073	2e09c76c7b5c657bd33141c4da81c5e8	ffdd25d150805d859ad985e2f57289e3	67f58ece9417426de4a9addb3e498a84
28074	2e09c76c7b5c657bd33141c4da81c5e8	ffdd25d150805d859ad985e2f57289e3	67f58ece9417426de4a9addb3e498a84
28075	49fc214495f28b2600dfcb30002f4396	3041ba8b5b46348e39282cfb8e25086d	c33c165066cb90260a27cc78ebdaae16
28076	49fc214495f28b2600dfcb30002f4396	3041ba8b5b46348e39282cfb8e25086d	c33c165066cb90260a27cc78ebdaae16
28077	49fc214495f28b2600dfcb30002f4396	3041ba8b5b46348e39282cfb8e25086d	c33c165066cb90260a27cc78ebdaae16
28078	c1117403913e7fc5cfb379c0ec2f9f6e	7350b8562f79615bc4dacfa3f009587d	f931e6136476d949b708704e5f7c5646
28079	c1117403913e7fc5cfb379c0ec2f9f6e	7350b8562f79615bc4dacfa3f009587d	f931e6136476d949b708704e5f7c5646
28080	2c519c1865f6cc41460447b371f22180	6ebf3e0894ca5f6762d8c6480a9ce0fb	62d7ed4029aca675b845c6b53a4551d8
28081	2c519c1865f6cc41460447b371f22180	6ebf3e0894ca5f6762d8c6480a9ce0fb	62d7ed4029aca675b845c6b53a4551d8
28082	154df609fb9251de23015c554eed072b	da674187fc8a16cedab94cc74afec50c	a9e0c5e61b8531889a1fd5da3b4ee1ff
28083	154df609fb9251de23015c554eed072b	da674187fc8a16cedab94cc74afec50c	a9e0c5e61b8531889a1fd5da3b4ee1ff
28084	154df609fb9251de23015c554eed072b	da674187fc8a16cedab94cc74afec50c	a9e0c5e61b8531889a1fd5da3b4ee1ff
28085	534250011b047dab9c4f34d41e48fd9f	66479b3b025cfb5df822e0a150fac7a8	83e5bf102ebf16410800e4e6718cf713
28086	534250011b047dab9c4f34d41e48fd9f	66479b3b025cfb5df822e0a150fac7a8	83e5bf102ebf16410800e4e6718cf713
28087	534250011b047dab9c4f34d41e48fd9f	66479b3b025cfb5df822e0a150fac7a8	83e5bf102ebf16410800e4e6718cf713
28088	534250011b047dab9c4f34d41e48fd9f	66479b3b025cfb5df822e0a150fac7a8	83e5bf102ebf16410800e4e6718cf713
28089	534250011b047dab9c4f34d41e48fd9f	66479b3b025cfb5df822e0a150fac7a8	83e5bf102ebf16410800e4e6718cf713
28090	534250011b047dab9c4f34d41e48fd9f	66479b3b025cfb5df822e0a150fac7a8	83e5bf102ebf16410800e4e6718cf713
28091	534250011b047dab9c4f34d41e48fd9f	66479b3b025cfb5df822e0a150fac7a8	83e5bf102ebf16410800e4e6718cf713
28092	534250011b047dab9c4f34d41e48fd9f	66479b3b025cfb5df822e0a150fac7a8	83e5bf102ebf16410800e4e6718cf713
28093	534250011b047dab9c4f34d41e48fd9f	66479b3b025cfb5df822e0a150fac7a8	83e5bf102ebf16410800e4e6718cf713
28094	868f2a11d7117fa36664810f44766e20	dbd356a0e68b966d3d8ebe404125acdb	166f02dc2e55872d67a05606c921f76c
28095	868f2a11d7117fa36664810f44766e20	dbd356a0e68b966d3d8ebe404125acdb	166f02dc2e55872d67a05606c921f76c
28096	868f2a11d7117fa36664810f44766e20	dbd356a0e68b966d3d8ebe404125acdb	166f02dc2e55872d67a05606c921f76c
28097	534250011b047dab9c4f34d41e48fd9f	66479b3b025cfb5df822e0a150fac7a8	83e5bf102ebf16410800e4e6718cf713
28098	534250011b047dab9c4f34d41e48fd9f	66479b3b025cfb5df822e0a150fac7a8	83e5bf102ebf16410800e4e6718cf713
28099	dc63b615d12741b7946f8375b34786c4	c2e7ba1577d7d3d183ca77e3b95e6f5f	5b9ea23a00298cc9d095096111e6ad68
28100	dc63b615d12741b7946f8375b34786c4	c2e7ba1577d7d3d183ca77e3b95e6f5f	5b9ea23a00298cc9d095096111e6ad68
28101	dc63b615d12741b7946f8375b34786c4	c2e7ba1577d7d3d183ca77e3b95e6f5f	5b9ea23a00298cc9d095096111e6ad68
28102	dc63b615d12741b7946f8375b34786c4	c2e7ba1577d7d3d183ca77e3b95e6f5f	5b9ea23a00298cc9d095096111e6ad68
28103	dc63b615d12741b7946f8375b34786c4	c2e7ba1577d7d3d183ca77e3b95e6f5f	5b9ea23a00298cc9d095096111e6ad68
28104	dc63b615d12741b7946f8375b34786c4	c2e7ba1577d7d3d183ca77e3b95e6f5f	5b9ea23a00298cc9d095096111e6ad68
28105	dc63b615d12741b7946f8375b34786c4	c2e7ba1577d7d3d183ca77e3b95e6f5f	5b9ea23a00298cc9d095096111e6ad68
28106	81eb82353c5da11437afa3d70236b340	43b7ef383076bf6031189270646cc603	80ce0886eed61cc4fae5d70767bcbd20
28107	81eb82353c5da11437afa3d70236b340	43b7ef383076bf6031189270646cc603	80ce0886eed61cc4fae5d70767bcbd20
28108	81eb82353c5da11437afa3d70236b340	43b7ef383076bf6031189270646cc603	80ce0886eed61cc4fae5d70767bcbd20
28109	81eb82353c5da11437afa3d70236b340	43b7ef383076bf6031189270646cc603	80ce0886eed61cc4fae5d70767bcbd20
28110	81eb82353c5da11437afa3d70236b340	43b7ef383076bf6031189270646cc603	80ce0886eed61cc4fae5d70767bcbd20
28111	81eb82353c5da11437afa3d70236b340	43b7ef383076bf6031189270646cc603	80ce0886eed61cc4fae5d70767bcbd20
28112	81eb82353c5da11437afa3d70236b340	43b7ef383076bf6031189270646cc603	80ce0886eed61cc4fae5d70767bcbd20
28113	81eb82353c5da11437afa3d70236b340	43b7ef383076bf6031189270646cc603	80ce0886eed61cc4fae5d70767bcbd20
28114	81eb82353c5da11437afa3d70236b340	43b7ef383076bf6031189270646cc603	80ce0886eed61cc4fae5d70767bcbd20
28115	81eb82353c5da11437afa3d70236b340	43b7ef383076bf6031189270646cc603	80ce0886eed61cc4fae5d70767bcbd20
28116	2b8c177444086d9f0dde0dee6e0aedf2	2c8271d3ad31e239e0c9d50ce2201c61	395efad5d560c3832c34832eb21ebf22
28117	2b8c177444086d9f0dde0dee6e0aedf2	2c8271d3ad31e239e0c9d50ce2201c61	395efad5d560c3832c34832eb21ebf22
28118	2b8c177444086d9f0dde0dee6e0aedf2	2c8271d3ad31e239e0c9d50ce2201c61	395efad5d560c3832c34832eb21ebf22
28119	2b8c177444086d9f0dde0dee6e0aedf2	2c8271d3ad31e239e0c9d50ce2201c61	395efad5d560c3832c34832eb21ebf22
28120	2b8c177444086d9f0dde0dee6e0aedf2	2c8271d3ad31e239e0c9d50ce2201c61	395efad5d560c3832c34832eb21ebf22
28121	2b8c177444086d9f0dde0dee6e0aedf2	2c8271d3ad31e239e0c9d50ce2201c61	395efad5d560c3832c34832eb21ebf22
28122	2b8c177444086d9f0dde0dee6e0aedf2	2c8271d3ad31e239e0c9d50ce2201c61	395efad5d560c3832c34832eb21ebf22
28123	2b8c177444086d9f0dde0dee6e0aedf2	2c8271d3ad31e239e0c9d50ce2201c61	395efad5d560c3832c34832eb21ebf22
28124	2b8c177444086d9f0dde0dee6e0aedf2	2c8271d3ad31e239e0c9d50ce2201c61	395efad5d560c3832c34832eb21ebf22
28125	2b8c177444086d9f0dde0dee6e0aedf2	2c8271d3ad31e239e0c9d50ce2201c61	395efad5d560c3832c34832eb21ebf22
28126	2b8c177444086d9f0dde0dee6e0aedf2	2c8271d3ad31e239e0c9d50ce2201c61	395efad5d560c3832c34832eb21ebf22
28127	2b8c177444086d9f0dde0dee6e0aedf2	2c8271d3ad31e239e0c9d50ce2201c61	395efad5d560c3832c34832eb21ebf22
28128	fb79c0aa0a27942ee8bfb827e34bd79d	bc7d4ba7dcf3ab5e442819ada91a0a6a	6ff4bc29637b05a818ba259f4b0f63d9
28129	fb79c0aa0a27942ee8bfb827e34bd79d	bc7d4ba7dcf3ab5e442819ada91a0a6a	6ff4bc29637b05a818ba259f4b0f63d9
28130	fb79c0aa0a27942ee8bfb827e34bd79d	bc7d4ba7dcf3ab5e442819ada91a0a6a	6ff4bc29637b05a818ba259f4b0f63d9
28131	fb79c0aa0a27942ee8bfb827e34bd79d	bc7d4ba7dcf3ab5e442819ada91a0a6a	6ff4bc29637b05a818ba259f4b0f63d9
28132	fb79c0aa0a27942ee8bfb827e34bd79d	bc7d4ba7dcf3ab5e442819ada91a0a6a	6ff4bc29637b05a818ba259f4b0f63d9
28133	fb79c0aa0a27942ee8bfb827e34bd79d	bc7d4ba7dcf3ab5e442819ada91a0a6a	6ff4bc29637b05a818ba259f4b0f63d9
28134	fb79c0aa0a27942ee8bfb827e34bd79d	bc7d4ba7dcf3ab5e442819ada91a0a6a	6ff4bc29637b05a818ba259f4b0f63d9
28135	e778f63f0159a2e69f9d605e7d59f3a9	3fe8ab9a0a78d89611a4584848e87ce6	3efacb5a489382c2b0c73c1c1d85f779
28136	e778f63f0159a2e69f9d605e7d59f3a9	3fe8ab9a0a78d89611a4584848e87ce6	3efacb5a489382c2b0c73c1c1d85f779
28137	e778f63f0159a2e69f9d605e7d59f3a9	3fe8ab9a0a78d89611a4584848e87ce6	3efacb5a489382c2b0c73c1c1d85f779
28138	e778f63f0159a2e69f9d605e7d59f3a9	3fe8ab9a0a78d89611a4584848e87ce6	3efacb5a489382c2b0c73c1c1d85f779
28139	e778f63f0159a2e69f9d605e7d59f3a9	3fe8ab9a0a78d89611a4584848e87ce6	3efacb5a489382c2b0c73c1c1d85f779
28140	910fb496ac29546ad7fcb60b2ed9af1d	43bc8a0f9b305eca175d5c2325a9816a	c064c4c1b68eefc23d41b94d776efe85
28141	910fb496ac29546ad7fcb60b2ed9af1d	43bc8a0f9b305eca175d5c2325a9816a	c064c4c1b68eefc23d41b94d776efe85
28142	910fb496ac29546ad7fcb60b2ed9af1d	43bc8a0f9b305eca175d5c2325a9816a	c064c4c1b68eefc23d41b94d776efe85
28143	910fb496ac29546ad7fcb60b2ed9af1d	43bc8a0f9b305eca175d5c2325a9816a	c064c4c1b68eefc23d41b94d776efe85
28144	910fb496ac29546ad7fcb60b2ed9af1d	43bc8a0f9b305eca175d5c2325a9816a	c064c4c1b68eefc23d41b94d776efe85
28145	d9bbdd159bf5417660c67e4fb7caa221	fd319c6d9afc106642eba41deba8b54e	49f253588a927eb44d4f2d4dd8750d75
28146	d9bbdd159bf5417660c67e4fb7caa221	fd319c6d9afc106642eba41deba8b54e	49f253588a927eb44d4f2d4dd8750d75
28147	d9bbdd159bf5417660c67e4fb7caa221	fd319c6d9afc106642eba41deba8b54e	49f253588a927eb44d4f2d4dd8750d75
28148	0d17341da81dc7d4bd784281a25b9849	721afbbac42bd78866662777198a7366	8025ac40d4e1e1a8ecfd1f57193f1689
28149	0d17341da81dc7d4bd784281a25b9849	721afbbac42bd78866662777198a7366	8025ac40d4e1e1a8ecfd1f57193f1689
28150	0d17341da81dc7d4bd784281a25b9849	721afbbac42bd78866662777198a7366	8025ac40d4e1e1a8ecfd1f57193f1689
28151	0d17341da81dc7d4bd784281a25b9849	721afbbac42bd78866662777198a7366	8025ac40d4e1e1a8ecfd1f57193f1689
28152	a0e2a1c6aceb9aa01ddb573e8dbe2299	ce4645e2389dc8b4924ba3fd600cb1a6	609d303fb9483974460a73a3a2c1aef1
28153	a0e2a1c6aceb9aa01ddb573e8dbe2299	ce4645e2389dc8b4924ba3fd600cb1a6	609d303fb9483974460a73a3a2c1aef1
28154	a0e2a1c6aceb9aa01ddb573e8dbe2299	ce4645e2389dc8b4924ba3fd600cb1a6	609d303fb9483974460a73a3a2c1aef1
28155	42ec8e434275a54686ca4135d4f6cdad	c8bab9ebb4ea92e6789e7156df2b970a	97447d9cf7dd250063985ad80ce4fc59
28156	a0e2a1c6aceb9aa01ddb573e8dbe2299	ce4645e2389dc8b4924ba3fd600cb1a6	609d303fb9483974460a73a3a2c1aef1
28157	fbaa083a50663c64e17694f0f4542074	5bea5427f52a5ec07dbf8ac0fd347537	5b3122c86aedaaf4a776250d91d09c74
28158	fbaa083a50663c64e17694f0f4542074	5bea5427f52a5ec07dbf8ac0fd347537	5b3122c86aedaaf4a776250d91d09c74
28159	fbaa083a50663c64e17694f0f4542074	5bea5427f52a5ec07dbf8ac0fd347537	5b3122c86aedaaf4a776250d91d09c74
28160	fbaa083a50663c64e17694f0f4542074	5bea5427f52a5ec07dbf8ac0fd347537	5b3122c86aedaaf4a776250d91d09c74
28161	fbaa083a50663c64e17694f0f4542074	5bea5427f52a5ec07dbf8ac0fd347537	5b3122c86aedaaf4a776250d91d09c74
28162	fbaa083a50663c64e17694f0f4542074	5bea5427f52a5ec07dbf8ac0fd347537	5b3122c86aedaaf4a776250d91d09c74
28163	fbaa083a50663c64e17694f0f4542074	5bea5427f52a5ec07dbf8ac0fd347537	5b3122c86aedaaf4a776250d91d09c74
28164	b0ff2d91e6ffddb97fb13c6eed943dbf	db108f1d8a4b73072c5d873d1e3c3148	60f5659cce4c5527a95a820a02a92ddb
28165	b0ff2d91e6ffddb97fb13c6eed943dbf	db108f1d8a4b73072c5d873d1e3c3148	60f5659cce4c5527a95a820a02a92ddb
28166	b0ff2d91e6ffddb97fb13c6eed943dbf	db108f1d8a4b73072c5d873d1e3c3148	60f5659cce4c5527a95a820a02a92ddb
28167	b0ff2d91e6ffddb97fb13c6eed943dbf	db108f1d8a4b73072c5d873d1e3c3148	60f5659cce4c5527a95a820a02a92ddb
28168	b0ff2d91e6ffddb97fb13c6eed943dbf	db108f1d8a4b73072c5d873d1e3c3148	60f5659cce4c5527a95a820a02a92ddb
28169	2d0a9b96e64a775ec3dd6b7f767e3501	5b6ecac41c2bb9ae6ab3e8e568673f7e	f2166d3d5d9108e0806b05bb77f948fd
28170	2d0a9b96e64a775ec3dd6b7f767e3501	5b6ecac41c2bb9ae6ab3e8e568673f7e	f2166d3d5d9108e0806b05bb77f948fd
28171	2d0a9b96e64a775ec3dd6b7f767e3501	5b6ecac41c2bb9ae6ab3e8e568673f7e	f2166d3d5d9108e0806b05bb77f948fd
28172	2d0a9b96e64a775ec3dd6b7f767e3501	5b6ecac41c2bb9ae6ab3e8e568673f7e	f2166d3d5d9108e0806b05bb77f948fd
28173	2d0a9b96e64a775ec3dd6b7f767e3501	5b6ecac41c2bb9ae6ab3e8e568673f7e	f2166d3d5d9108e0806b05bb77f948fd
28174	2d0a9b96e64a775ec3dd6b7f767e3501	5b6ecac41c2bb9ae6ab3e8e568673f7e	f2166d3d5d9108e0806b05bb77f948fd
28175	2d0a9b96e64a775ec3dd6b7f767e3501	5b6ecac41c2bb9ae6ab3e8e568673f7e	f2166d3d5d9108e0806b05bb77f948fd
28176	85306dbbd54f570471bce6df6dfe8af4	f3dc04071b07d950e75d23e3b48103a7	8c7540d5c5e6fa087588e62b97863a24
28177	85306dbbd54f570471bce6df6dfe8af4	f3dc04071b07d950e75d23e3b48103a7	8c7540d5c5e6fa087588e62b97863a24
28178	85306dbbd54f570471bce6df6dfe8af4	f3dc04071b07d950e75d23e3b48103a7	8c7540d5c5e6fa087588e62b97863a24
28179	85306dbbd54f570471bce6df6dfe8af4	f3dc04071b07d950e75d23e3b48103a7	8c7540d5c5e6fa087588e62b97863a24
28180	85306dbbd54f570471bce6df6dfe8af4	f3dc04071b07d950e75d23e3b48103a7	8c7540d5c5e6fa087588e62b97863a24
28181	aa8c6fd4e4c255f92c9d4dae81cb17d3	5d8f217b222dbc47baee53b69bf025ac	20288600fa3f4617033304ba11c49187
28182	aa8c6fd4e4c255f92c9d4dae81cb17d3	5d8f217b222dbc47baee53b69bf025ac	20288600fa3f4617033304ba11c49187
28183	aa8c6fd4e4c255f92c9d4dae81cb17d3	5d8f217b222dbc47baee53b69bf025ac	20288600fa3f4617033304ba11c49187
28184	aa8c6fd4e4c255f92c9d4dae81cb17d3	5d8f217b222dbc47baee53b69bf025ac	20288600fa3f4617033304ba11c49187
28185	aa8c6fd4e4c255f92c9d4dae81cb17d3	5d8f217b222dbc47baee53b69bf025ac	20288600fa3f4617033304ba11c49187
28186	31c17d578df4057543ae62f61c941b21	e9fd780750a3f4b3b2530c0b0b1f9306	408b3f00622bbd7d9ca87912864688b9
28187	31c17d578df4057543ae62f61c941b21	e9fd780750a3f4b3b2530c0b0b1f9306	408b3f00622bbd7d9ca87912864688b9
28188	31c17d578df4057543ae62f61c941b21	e9fd780750a3f4b3b2530c0b0b1f9306	408b3f00622bbd7d9ca87912864688b9
28189	70e4f1534e206b4c81bfcf644fbeb671	e735c2bf0636cb206591ceb6adfbee7e	d0d914f14ec65590f90d661075ab5671
28190	70e4f1534e206b4c81bfcf644fbeb671	e735c2bf0636cb206591ceb6adfbee7e	d0d914f14ec65590f90d661075ab5671
28191	7424961c585d6bfa00d162bc79bc1f2a	a24f0e3469de3ac2176fe7b7edda8921	f44d3b1fb620e51a3261d51d74d88e1a
28192	7424961c585d6bfa00d162bc79bc1f2a	a24f0e3469de3ac2176fe7b7edda8921	f44d3b1fb620e51a3261d51d74d88e1a
28193	ee6e5fc9e7e464fe41430a5ce58f2cfb	5511f310238c948e38a699ce1988d7ec	79d7af2431a5b05892f6e90f3bbf313f
28194	ee6e5fc9e7e464fe41430a5ce58f2cfb	5511f310238c948e38a699ce1988d7ec	79d7af2431a5b05892f6e90f3bbf313f
28195	ee6e5fc9e7e464fe41430a5ce58f2cfb	5511f310238c948e38a699ce1988d7ec	79d7af2431a5b05892f6e90f3bbf313f
28196	fc640c7b24f224f4fa5579fe70eb8215	7a8ff6db258851e886fb65201c582bb2	85ef17a461bad8f87d1aa801e6336e65
28197	dc4cc57fd7f5e4313c52237a1e6c9845	122649db160ccc2fd5c6476113fe49ba	4d352558dae9d27dcf714f8444cc3405
28198	baa739761bbc50feb4e831c14735211e	5c30f8e407783996dfd8a1823f59ad45	76fe264c41a0ed6a5c96d3c06d03f67e
28199	baa739761bbc50feb4e831c14735211e	5c30f8e407783996dfd8a1823f59ad45	76fe264c41a0ed6a5c96d3c06d03f67e
28200	baa739761bbc50feb4e831c14735211e	5c30f8e407783996dfd8a1823f59ad45	76fe264c41a0ed6a5c96d3c06d03f67e
28201	baa739761bbc50feb4e831c14735211e	5c30f8e407783996dfd8a1823f59ad45	76fe264c41a0ed6a5c96d3c06d03f67e
28202	baa739761bbc50feb4e831c14735211e	5c30f8e407783996dfd8a1823f59ad45	76fe264c41a0ed6a5c96d3c06d03f67e
28203	baa739761bbc50feb4e831c14735211e	5c30f8e407783996dfd8a1823f59ad45	76fe264c41a0ed6a5c96d3c06d03f67e
28204	baa739761bbc50feb4e831c14735211e	5c30f8e407783996dfd8a1823f59ad45	76fe264c41a0ed6a5c96d3c06d03f67e
28205	c52464cd42cc8001f59e59cc0605128d	54e41c4818a620ff190cbead54ae4872	a297b5259ef17b9945e77aa0e510ec4d
28206	c52464cd42cc8001f59e59cc0605128d	54e41c4818a620ff190cbead54ae4872	a297b5259ef17b9945e77aa0e510ec4d
28207	c52464cd42cc8001f59e59cc0605128d	54e41c4818a620ff190cbead54ae4872	a297b5259ef17b9945e77aa0e510ec4d
28208	5b7254b548beda42ba5b57ee2ba188d1	a28acf953dbed2f2e398e0e0a4faeb5e	58a05c1a19e342bc0c1fe86fef558f35
28209	5b7254b548beda42ba5b57ee2ba188d1	a28acf953dbed2f2e398e0e0a4faeb5e	58a05c1a19e342bc0c1fe86fef558f35
28210	c52464cd42cc8001f59e59cc0605128d	54e41c4818a620ff190cbead54ae4872	a297b5259ef17b9945e77aa0e510ec4d
28211	c52464cd42cc8001f59e59cc0605128d	54e41c4818a620ff190cbead54ae4872	a297b5259ef17b9945e77aa0e510ec4d
28212	c52464cd42cc8001f59e59cc0605128d	54e41c4818a620ff190cbead54ae4872	a297b5259ef17b9945e77aa0e510ec4d
28213	5b7254b548beda42ba5b57ee2ba188d1	a28acf953dbed2f2e398e0e0a4faeb5e	58a05c1a19e342bc0c1fe86fef558f35
28214	5b7254b548beda42ba5b57ee2ba188d1	a28acf953dbed2f2e398e0e0a4faeb5e	58a05c1a19e342bc0c1fe86fef558f35
28215	e053a191b7bc2f51c549801e331c6505	8be715ef3a5008afd464ac451c1726ba	92b5120b8dea1913ba3cfaee51957c81
28216	e053a191b7bc2f51c549801e331c6505	8be715ef3a5008afd464ac451c1726ba	92b5120b8dea1913ba3cfaee51957c81
28217	e053a191b7bc2f51c549801e331c6505	8be715ef3a5008afd464ac451c1726ba	92b5120b8dea1913ba3cfaee51957c81
28218	e053a191b7bc2f51c549801e331c6505	8be715ef3a5008afd464ac451c1726ba	92b5120b8dea1913ba3cfaee51957c81
28219	e053a191b7bc2f51c549801e331c6505	8be715ef3a5008afd464ac451c1726ba	92b5120b8dea1913ba3cfaee51957c81
28220	e053a191b7bc2f51c549801e331c6505	8be715ef3a5008afd464ac451c1726ba	92b5120b8dea1913ba3cfaee51957c81
28221	e053a191b7bc2f51c549801e331c6505	8be715ef3a5008afd464ac451c1726ba	92b5120b8dea1913ba3cfaee51957c81
28222	4ec2ec8fbbe77fb380c4371811e353dc	f78ec934e8f3671d6fc1623b4f820d57	193cc88ece564311769ae3b087a5d340
28223	4ec2ec8fbbe77fb380c4371811e353dc	f78ec934e8f3671d6fc1623b4f820d57	193cc88ece564311769ae3b087a5d340
28224	4ec2ec8fbbe77fb380c4371811e353dc	f78ec934e8f3671d6fc1623b4f820d57	193cc88ece564311769ae3b087a5d340
28225	4ec2ec8fbbe77fb380c4371811e353dc	f78ec934e8f3671d6fc1623b4f820d57	193cc88ece564311769ae3b087a5d340
28226	4ec2ec8fbbe77fb380c4371811e353dc	f78ec934e8f3671d6fc1623b4f820d57	193cc88ece564311769ae3b087a5d340
28227	4155069f1040e1b6892c43df390a5a7e	4e356008b087d7ae3abc538d5d583035	d3ddd986288c23549048388f1d4f8992
28228	4155069f1040e1b6892c43df390a5a7e	4e356008b087d7ae3abc538d5d583035	d3ddd986288c23549048388f1d4f8992
28229	4155069f1040e1b6892c43df390a5a7e	4e356008b087d7ae3abc538d5d583035	d3ddd986288c23549048388f1d4f8992
28230	4155069f1040e1b6892c43df390a5a7e	4e356008b087d7ae3abc538d5d583035	d3ddd986288c23549048388f1d4f8992
28231	4155069f1040e1b6892c43df390a5a7e	4e356008b087d7ae3abc538d5d583035	d3ddd986288c23549048388f1d4f8992
28232	4155069f1040e1b6892c43df390a5a7e	4e356008b087d7ae3abc538d5d583035	d3ddd986288c23549048388f1d4f8992
28233	4155069f1040e1b6892c43df390a5a7e	4e356008b087d7ae3abc538d5d583035	d3ddd986288c23549048388f1d4f8992
28234	4155069f1040e1b6892c43df390a5a7e	4e356008b087d7ae3abc538d5d583035	d3ddd986288c23549048388f1d4f8992
28235	4155069f1040e1b6892c43df390a5a7e	4e356008b087d7ae3abc538d5d583035	d3ddd986288c23549048388f1d4f8992
28236	4155069f1040e1b6892c43df390a5a7e	4e356008b087d7ae3abc538d5d583035	d3ddd986288c23549048388f1d4f8992
28237	4155069f1040e1b6892c43df390a5a7e	4e356008b087d7ae3abc538d5d583035	d3ddd986288c23549048388f1d4f8992
28238	4155069f1040e1b6892c43df390a5a7e	4e356008b087d7ae3abc538d5d583035	d3ddd986288c23549048388f1d4f8992
28239	4155069f1040e1b6892c43df390a5a7e	4e356008b087d7ae3abc538d5d583035	d3ddd986288c23549048388f1d4f8992
28240	4155069f1040e1b6892c43df390a5a7e	4e356008b087d7ae3abc538d5d583035	d3ddd986288c23549048388f1d4f8992
28241	4155069f1040e1b6892c43df390a5a7e	4e356008b087d7ae3abc538d5d583035	d3ddd986288c23549048388f1d4f8992
28242	4155069f1040e1b6892c43df390a5a7e	4e356008b087d7ae3abc538d5d583035	d3ddd986288c23549048388f1d4f8992
28243	4155069f1040e1b6892c43df390a5a7e	4e356008b087d7ae3abc538d5d583035	d3ddd986288c23549048388f1d4f8992
28244	5e098b5b2769a0423b6982bd33ce396f	a804ab1fba80ef2201d3e79b337e92f0	53c986bed69acc26a1a25346a3e6d1f7
28245	5e098b5b2769a0423b6982bd33ce396f	a804ab1fba80ef2201d3e79b337e92f0	53c986bed69acc26a1a25346a3e6d1f7
28246	5e098b5b2769a0423b6982bd33ce396f	a804ab1fba80ef2201d3e79b337e92f0	53c986bed69acc26a1a25346a3e6d1f7
28247	5e098b5b2769a0423b6982bd33ce396f	a804ab1fba80ef2201d3e79b337e92f0	53c986bed69acc26a1a25346a3e6d1f7
28248	5e098b5b2769a0423b6982bd33ce396f	a804ab1fba80ef2201d3e79b337e92f0	53c986bed69acc26a1a25346a3e6d1f7
28249	5e098b5b2769a0423b6982bd33ce396f	a804ab1fba80ef2201d3e79b337e92f0	53c986bed69acc26a1a25346a3e6d1f7
28250	5e098b5b2769a0423b6982bd33ce396f	a804ab1fba80ef2201d3e79b337e92f0	53c986bed69acc26a1a25346a3e6d1f7
28251	191d585af06a8ccb7b4d8a7398ea7aae	882bcf9efadc21352bacc865cad22e7d	3f06648ddc8e6acd42cbff73052bc5fa
28252	191d585af06a8ccb7b4d8a7398ea7aae	882bcf9efadc21352bacc865cad22e7d	3f06648ddc8e6acd42cbff73052bc5fa
28253	191d585af06a8ccb7b4d8a7398ea7aae	882bcf9efadc21352bacc865cad22e7d	3f06648ddc8e6acd42cbff73052bc5fa
28254	b59be151c421b17436d7f53e8af7f4ed	85996926dda26218a6a1ecc5ac52273a	213569a28d5811a07709b88f3efb7a95
28255	b59be151c421b17436d7f53e8af7f4ed	85996926dda26218a6a1ecc5ac52273a	213569a28d5811a07709b88f3efb7a95
28256	dd343b7881b065370bb296280781aa29	530e3d0d49d5527993fadb6cc87d422e	0bff3d7fa0181d9f05d1f81497b42999
28257	dd343b7881b065370bb296280781aa29	530e3d0d49d5527993fadb6cc87d422e	0bff3d7fa0181d9f05d1f81497b42999
28258	dd343b7881b065370bb296280781aa29	530e3d0d49d5527993fadb6cc87d422e	0bff3d7fa0181d9f05d1f81497b42999
28259	dd343b7881b065370bb296280781aa29	530e3d0d49d5527993fadb6cc87d422e	0bff3d7fa0181d9f05d1f81497b42999
28260	dd343b7881b065370bb296280781aa29	530e3d0d49d5527993fadb6cc87d422e	0bff3d7fa0181d9f05d1f81497b42999
28261	dd343b7881b065370bb296280781aa29	530e3d0d49d5527993fadb6cc87d422e	0bff3d7fa0181d9f05d1f81497b42999
28262	dd343b7881b065370bb296280781aa29	530e3d0d49d5527993fadb6cc87d422e	0bff3d7fa0181d9f05d1f81497b42999
28263	0038cee16c0cc8423891ac782ba9fc48	ad3445cea252d58ac1265295bf623f5b	987a3388a56da16225a0cee5a2a715e8
28264	0038cee16c0cc8423891ac782ba9fc48	ad3445cea252d58ac1265295bf623f5b	987a3388a56da16225a0cee5a2a715e8
28265	0038cee16c0cc8423891ac782ba9fc48	ad3445cea252d58ac1265295bf623f5b	987a3388a56da16225a0cee5a2a715e8
28266	0038cee16c0cc8423891ac782ba9fc48	ad3445cea252d58ac1265295bf623f5b	987a3388a56da16225a0cee5a2a715e8
28267	0038cee16c0cc8423891ac782ba9fc48	ad3445cea252d58ac1265295bf623f5b	987a3388a56da16225a0cee5a2a715e8
28268	67162fac0aa14dba7b9111d71bef4174	17bf65818bb69882875572c68d976797	d47a56ce7189e2069c642cc8a693201c
28269	67162fac0aa14dba7b9111d71bef4174	17bf65818bb69882875572c68d976797	d47a56ce7189e2069c642cc8a693201c
28270	67162fac0aa14dba7b9111d71bef4174	17bf65818bb69882875572c68d976797	d47a56ce7189e2069c642cc8a693201c
28271	67162fac0aa14dba7b9111d71bef4174	17bf65818bb69882875572c68d976797	d47a56ce7189e2069c642cc8a693201c
28272	67162fac0aa14dba7b9111d71bef4174	17bf65818bb69882875572c68d976797	d47a56ce7189e2069c642cc8a693201c
28273	67162fac0aa14dba7b9111d71bef4174	17bf65818bb69882875572c68d976797	d47a56ce7189e2069c642cc8a693201c
28274	67162fac0aa14dba7b9111d71bef4174	17bf65818bb69882875572c68d976797	d47a56ce7189e2069c642cc8a693201c
28275	9089f3df4ad3c6f5012a215bc1fbcdfb	3fe5b44eaa89627363d5eb2ae6b77354	1bb24d54621c2fdb5cdee5acc1f4b51f
28276	9089f3df4ad3c6f5012a215bc1fbcdfb	3fe5b44eaa89627363d5eb2ae6b77354	1bb24d54621c2fdb5cdee5acc1f4b51f
28277	9089f3df4ad3c6f5012a215bc1fbcdfb	3fe5b44eaa89627363d5eb2ae6b77354	1bb24d54621c2fdb5cdee5acc1f4b51f
28278	9089f3df4ad3c6f5012a215bc1fbcdfb	3fe5b44eaa89627363d5eb2ae6b77354	1bb24d54621c2fdb5cdee5acc1f4b51f
28279	9089f3df4ad3c6f5012a215bc1fbcdfb	3fe5b44eaa89627363d5eb2ae6b77354	1bb24d54621c2fdb5cdee5acc1f4b51f
28280	9089f3df4ad3c6f5012a215bc1fbcdfb	3fe5b44eaa89627363d5eb2ae6b77354	1bb24d54621c2fdb5cdee5acc1f4b51f
28281	9089f3df4ad3c6f5012a215bc1fbcdfb	3fe5b44eaa89627363d5eb2ae6b77354	1bb24d54621c2fdb5cdee5acc1f4b51f
28282	9089f3df4ad3c6f5012a215bc1fbcdfb	3fe5b44eaa89627363d5eb2ae6b77354	1bb24d54621c2fdb5cdee5acc1f4b51f
28283	9089f3df4ad3c6f5012a215bc1fbcdfb	3fe5b44eaa89627363d5eb2ae6b77354	1bb24d54621c2fdb5cdee5acc1f4b51f
28284	9089f3df4ad3c6f5012a215bc1fbcdfb	3fe5b44eaa89627363d5eb2ae6b77354	1bb24d54621c2fdb5cdee5acc1f4b51f
28285	9deebc1d0d5790ad09e421007ef62891	4f1a0010825af8db0bdb028e0490bb26	ec620b53847ef9c384485d6bb7fabe85
28286	9deebc1d0d5790ad09e421007ef62891	4f1a0010825af8db0bdb028e0490bb26	ec620b53847ef9c384485d6bb7fabe85
28287	9deebc1d0d5790ad09e421007ef62891	4f1a0010825af8db0bdb028e0490bb26	ec620b53847ef9c384485d6bb7fabe85
28288	9deebc1d0d5790ad09e421007ef62891	4f1a0010825af8db0bdb028e0490bb26	ec620b53847ef9c384485d6bb7fabe85
28289	9deebc1d0d5790ad09e421007ef62891	4f1a0010825af8db0bdb028e0490bb26	ec620b53847ef9c384485d6bb7fabe85
28290	9deebc1d0d5790ad09e421007ef62891	4f1a0010825af8db0bdb028e0490bb26	ec620b53847ef9c384485d6bb7fabe85
28291	9deebc1d0d5790ad09e421007ef62891	4f1a0010825af8db0bdb028e0490bb26	ec620b53847ef9c384485d6bb7fabe85
28292	15c8f5ce5a60619fb87d34d1a69dacdb	3de822a4664138d12cd4356139e97124	36ad9ce895e7fac9206ba02129c18867
28293	15c8f5ce5a60619fb87d34d1a69dacdb	3de822a4664138d12cd4356139e97124	36ad9ce895e7fac9206ba02129c18867
28294	15c8f5ce5a60619fb87d34d1a69dacdb	3de822a4664138d12cd4356139e97124	36ad9ce895e7fac9206ba02129c18867
28295	15c8f5ce5a60619fb87d34d1a69dacdb	3de822a4664138d12cd4356139e97124	36ad9ce895e7fac9206ba02129c18867
28296	15c8f5ce5a60619fb87d34d1a69dacdb	3de822a4664138d12cd4356139e97124	36ad9ce895e7fac9206ba02129c18867
28297	dc3a847e8841d0078816c654e3d63674	13d4f9190b09efa16fcc3dc9d6b172ef	1d8c8a23fc0ca18bde1edc7ba055f71c
28298	dc3a847e8841d0078816c654e3d63674	13d4f9190b09efa16fcc3dc9d6b172ef	1d8c8a23fc0ca18bde1edc7ba055f71c
28299	dc3a847e8841d0078816c654e3d63674	13d4f9190b09efa16fcc3dc9d6b172ef	1d8c8a23fc0ca18bde1edc7ba055f71c
28300	dc3a847e8841d0078816c654e3d63674	13d4f9190b09efa16fcc3dc9d6b172ef	1d8c8a23fc0ca18bde1edc7ba055f71c
28301	dc3a847e8841d0078816c654e3d63674	13d4f9190b09efa16fcc3dc9d6b172ef	1d8c8a23fc0ca18bde1edc7ba055f71c
28302	dc3a847e8841d0078816c654e3d63674	13d4f9190b09efa16fcc3dc9d6b172ef	1d8c8a23fc0ca18bde1edc7ba055f71c
28303	dc3a847e8841d0078816c654e3d63674	13d4f9190b09efa16fcc3dc9d6b172ef	1d8c8a23fc0ca18bde1edc7ba055f71c
28304	fb1620dedb963f27ce3667bc61236e14	2bb71de559ea64115e47a13fa47b600f	e38cbd31e198886b0780506e34df999c
28305	fb1620dedb963f27ce3667bc61236e14	2bb71de559ea64115e47a13fa47b600f	e38cbd31e198886b0780506e34df999c
28306	fb1620dedb963f27ce3667bc61236e14	2bb71de559ea64115e47a13fa47b600f	e38cbd31e198886b0780506e34df999c
28307	fb1620dedb963f27ce3667bc61236e14	2bb71de559ea64115e47a13fa47b600f	e38cbd31e198886b0780506e34df999c
28308	fb1620dedb963f27ce3667bc61236e14	2bb71de559ea64115e47a13fa47b600f	e38cbd31e198886b0780506e34df999c
28309	66035659e16f4bec85e4924c50419042	716c4fb45fa2f9980c1558ff1ef1dda9	d482a330e43e2538edd88b6cffb96f32
28310	66035659e16f4bec85e4924c50419042	716c4fb45fa2f9980c1558ff1ef1dda9	d482a330e43e2538edd88b6cffb96f32
28311	66035659e16f4bec85e4924c50419042	716c4fb45fa2f9980c1558ff1ef1dda9	d482a330e43e2538edd88b6cffb96f32
28312	66035659e16f4bec85e4924c50419042	716c4fb45fa2f9980c1558ff1ef1dda9	d482a330e43e2538edd88b6cffb96f32
28313	66035659e16f4bec85e4924c50419042	716c4fb45fa2f9980c1558ff1ef1dda9	d482a330e43e2538edd88b6cffb96f32
28314	12e370f2a1247258c52bee433a88dd6b	48660850e8ab056c6630e094402b55ac	cf2622de84ef2884308c0ae30369d63b
28315	12e370f2a1247258c52bee433a88dd6b	48660850e8ab056c6630e094402b55ac	cf2622de84ef2884308c0ae30369d63b
28316	12e370f2a1247258c52bee433a88dd6b	48660850e8ab056c6630e094402b55ac	cf2622de84ef2884308c0ae30369d63b
28317	12e370f2a1247258c52bee433a88dd6b	48660850e8ab056c6630e094402b55ac	cf2622de84ef2884308c0ae30369d63b
28318	12e370f2a1247258c52bee433a88dd6b	48660850e8ab056c6630e094402b55ac	cf2622de84ef2884308c0ae30369d63b
28319	12e370f2a1247258c52bee433a88dd6b	48660850e8ab056c6630e094402b55ac	cf2622de84ef2884308c0ae30369d63b
28320	12e370f2a1247258c52bee433a88dd6b	48660850e8ab056c6630e094402b55ac	cf2622de84ef2884308c0ae30369d63b
28321	6fe32647bf9eee988341b04e4368a514	2eb3e3d57f599fa418d925a3a1d7ab57	f15e1bcd94f082a0cde607e4165c50ec
28322	6fe32647bf9eee988341b04e4368a514	2eb3e3d57f599fa418d925a3a1d7ab57	f15e1bcd94f082a0cde607e4165c50ec
28323	6fe32647bf9eee988341b04e4368a514	2eb3e3d57f599fa418d925a3a1d7ab57	f15e1bcd94f082a0cde607e4165c50ec
28324	6fe32647bf9eee988341b04e4368a514	2eb3e3d57f599fa418d925a3a1d7ab57	f15e1bcd94f082a0cde607e4165c50ec
28325	6fe32647bf9eee988341b04e4368a514	2eb3e3d57f599fa418d925a3a1d7ab57	f15e1bcd94f082a0cde607e4165c50ec
28326	292dce7d0cada694e8434b1f67413ea1	3065a5e63501c3f844d345875340580e	0b736108b02384a09389cf0389ed6ea1
28327	292dce7d0cada694e8434b1f67413ea1	3065a5e63501c3f844d345875340580e	0b736108b02384a09389cf0389ed6ea1
28328	292dce7d0cada694e8434b1f67413ea1	3065a5e63501c3f844d345875340580e	0b736108b02384a09389cf0389ed6ea1
28329	292dce7d0cada694e8434b1f67413ea1	3065a5e63501c3f844d345875340580e	0b736108b02384a09389cf0389ed6ea1
28330	292dce7d0cada694e8434b1f67413ea1	3065a5e63501c3f844d345875340580e	0b736108b02384a09389cf0389ed6ea1
28331	292dce7d0cada694e8434b1f67413ea1	3065a5e63501c3f844d345875340580e	0b736108b02384a09389cf0389ed6ea1
28332	292dce7d0cada694e8434b1f67413ea1	3065a5e63501c3f844d345875340580e	0b736108b02384a09389cf0389ed6ea1
28333	292dce7d0cada694e8434b1f67413ea1	3065a5e63501c3f844d345875340580e	0b736108b02384a09389cf0389ed6ea1
28334	292dce7d0cada694e8434b1f67413ea1	3065a5e63501c3f844d345875340580e	0b736108b02384a09389cf0389ed6ea1
28335	292dce7d0cada694e8434b1f67413ea1	3065a5e63501c3f844d345875340580e	0b736108b02384a09389cf0389ed6ea1
28336	c59f38bcff592b29f90400c31e614de7	2e6994bca5e26f372450f806c3b32a30	5c46d60eb994d97b9316583b9c9c0e73
28337	292dce7d0cada694e8434b1f67413ea1	3065a5e63501c3f844d345875340580e	0b736108b02384a09389cf0389ed6ea1
28338	615d9c6cf74ac8e617f0ea7f4e90f8e3	1fc020a1a1a27dd6fb866b6604d4ecb4	3dfe2c3da64bedac4a879297359fc487
28339	615d9c6cf74ac8e617f0ea7f4e90f8e3	1fc020a1a1a27dd6fb866b6604d4ecb4	3dfe2c3da64bedac4a879297359fc487
28340	615d9c6cf74ac8e617f0ea7f4e90f8e3	1fc020a1a1a27dd6fb866b6604d4ecb4	3dfe2c3da64bedac4a879297359fc487
28341	615d9c6cf74ac8e617f0ea7f4e90f8e3	1fc020a1a1a27dd6fb866b6604d4ecb4	3dfe2c3da64bedac4a879297359fc487
28342	615d9c6cf74ac8e617f0ea7f4e90f8e3	1fc020a1a1a27dd6fb866b6604d4ecb4	3dfe2c3da64bedac4a879297359fc487
28343	615d9c6cf74ac8e617f0ea7f4e90f8e3	1fc020a1a1a27dd6fb866b6604d4ecb4	3dfe2c3da64bedac4a879297359fc487
28344	615d9c6cf74ac8e617f0ea7f4e90f8e3	1fc020a1a1a27dd6fb866b6604d4ecb4	3dfe2c3da64bedac4a879297359fc487
28345	5ee8123bc2d360f88be50c1de67cb358	de172bbbc9722614988b56308c87ce4b	c0a74b91c77233b2004c267ba5163e2c
28346	5ee8123bc2d360f88be50c1de67cb358	de172bbbc9722614988b56308c87ce4b	c0a74b91c77233b2004c267ba5163e2c
28347	5ee8123bc2d360f88be50c1de67cb358	de172bbbc9722614988b56308c87ce4b	c0a74b91c77233b2004c267ba5163e2c
28348	5ee8123bc2d360f88be50c1de67cb358	de172bbbc9722614988b56308c87ce4b	c0a74b91c77233b2004c267ba5163e2c
28349	5ee8123bc2d360f88be50c1de67cb358	de172bbbc9722614988b56308c87ce4b	c0a74b91c77233b2004c267ba5163e2c
28350	737f3df1f2e83b92e92e6edb66d4e6db	b8ffadea3c86eb32842adf96cc00704c	091cc3b5965f25ec45fe17e14b6b8e2f
28351	737f3df1f2e83b92e92e6edb66d4e6db	b8ffadea3c86eb32842adf96cc00704c	091cc3b5965f25ec45fe17e14b6b8e2f
28352	737f3df1f2e83b92e92e6edb66d4e6db	b8ffadea3c86eb32842adf96cc00704c	091cc3b5965f25ec45fe17e14b6b8e2f
28353	737f3df1f2e83b92e92e6edb66d4e6db	b8ffadea3c86eb32842adf96cc00704c	091cc3b5965f25ec45fe17e14b6b8e2f
28354	737f3df1f2e83b92e92e6edb66d4e6db	b8ffadea3c86eb32842adf96cc00704c	091cc3b5965f25ec45fe17e14b6b8e2f
28355	ff57d244368af3de0340371903f684ca	04cfce417a8c8dc61fb8ae700f64aff1	c0fd674ee48c7726bfa123e09d4b3f4a
28356	ff57d244368af3de0340371903f684ca	04cfce417a8c8dc61fb8ae700f64aff1	c0fd674ee48c7726bfa123e09d4b3f4a
28357	ff57d244368af3de0340371903f684ca	04cfce417a8c8dc61fb8ae700f64aff1	c0fd674ee48c7726bfa123e09d4b3f4a
28358	ff57d244368af3de0340371903f684ca	04cfce417a8c8dc61fb8ae700f64aff1	c0fd674ee48c7726bfa123e09d4b3f4a
28359	ff57d244368af3de0340371903f684ca	04cfce417a8c8dc61fb8ae700f64aff1	c0fd674ee48c7726bfa123e09d4b3f4a
28360	ff57d244368af3de0340371903f684ca	04cfce417a8c8dc61fb8ae700f64aff1	c0fd674ee48c7726bfa123e09d4b3f4a
28361	ff57d244368af3de0340371903f684ca	04cfce417a8c8dc61fb8ae700f64aff1	c0fd674ee48c7726bfa123e09d4b3f4a
28362	ff57d244368af3de0340371903f684ca	04cfce417a8c8dc61fb8ae700f64aff1	c0fd674ee48c7726bfa123e09d4b3f4a
28363	ff57d244368af3de0340371903f684ca	04cfce417a8c8dc61fb8ae700f64aff1	c0fd674ee48c7726bfa123e09d4b3f4a
28364	ff57d244368af3de0340371903f684ca	04cfce417a8c8dc61fb8ae700f64aff1	c0fd674ee48c7726bfa123e09d4b3f4a
28365	ff57d244368af3de0340371903f684ca	04cfce417a8c8dc61fb8ae700f64aff1	c0fd674ee48c7726bfa123e09d4b3f4a
28366	ff57d244368af3de0340371903f684ca	04cfce417a8c8dc61fb8ae700f64aff1	c0fd674ee48c7726bfa123e09d4b3f4a
28367	1092fcec7b41799eb1e88b79f675f598	4491ad5a5cf55876fc1e388153930f6b	5961f4b918b2e4404c4d330cca0ecf3c
28368	1092fcec7b41799eb1e88b79f675f598	4491ad5a5cf55876fc1e388153930f6b	5961f4b918b2e4404c4d330cca0ecf3c
28369	1092fcec7b41799eb1e88b79f675f598	4491ad5a5cf55876fc1e388153930f6b	5961f4b918b2e4404c4d330cca0ecf3c
28370	1092fcec7b41799eb1e88b79f675f598	4491ad5a5cf55876fc1e388153930f6b	5961f4b918b2e4404c4d330cca0ecf3c
28371	1092fcec7b41799eb1e88b79f675f598	4491ad5a5cf55876fc1e388153930f6b	5961f4b918b2e4404c4d330cca0ecf3c
28372	1092fcec7b41799eb1e88b79f675f598	4491ad5a5cf55876fc1e388153930f6b	5961f4b918b2e4404c4d330cca0ecf3c
28373	1092fcec7b41799eb1e88b79f675f598	4491ad5a5cf55876fc1e388153930f6b	5961f4b918b2e4404c4d330cca0ecf3c
28374	ddcc8d767b33cd6eba0b9f83472c845a	5a180849bdb0afa6c0d5bedd5d09e7f1	ec64da0c730299c047c80151076f5426
28375	ddcc8d767b33cd6eba0b9f83472c845a	5a180849bdb0afa6c0d5bedd5d09e7f1	ec64da0c730299c047c80151076f5426
28376	ddcc8d767b33cd6eba0b9f83472c845a	5a180849bdb0afa6c0d5bedd5d09e7f1	ec64da0c730299c047c80151076f5426
28377	ddcc8d767b33cd6eba0b9f83472c845a	5a180849bdb0afa6c0d5bedd5d09e7f1	ec64da0c730299c047c80151076f5426
28378	ddcc8d767b33cd6eba0b9f83472c845a	5a180849bdb0afa6c0d5bedd5d09e7f1	ec64da0c730299c047c80151076f5426
28379	ddcc8d767b33cd6eba0b9f83472c845a	5a180849bdb0afa6c0d5bedd5d09e7f1	ec64da0c730299c047c80151076f5426
28380	ddcc8d767b33cd6eba0b9f83472c845a	5a180849bdb0afa6c0d5bedd5d09e7f1	ec64da0c730299c047c80151076f5426
28381	ddcc8d767b33cd6eba0b9f83472c845a	5a180849bdb0afa6c0d5bedd5d09e7f1	ec64da0c730299c047c80151076f5426
28382	ddcc8d767b33cd6eba0b9f83472c845a	5a180849bdb0afa6c0d5bedd5d09e7f1	ec64da0c730299c047c80151076f5426
28383	ddcc8d767b33cd6eba0b9f83472c845a	5a180849bdb0afa6c0d5bedd5d09e7f1	ec64da0c730299c047c80151076f5426
28384	64729fc35982ac5be0db068e0db8175b	540c8d853f5fbf5d3f2fcf1d92c2fc34	e86956781cd8a8ed22e5260f5af4fa5f
28385	64729fc35982ac5be0db068e0db8175b	540c8d853f5fbf5d3f2fcf1d92c2fc34	e86956781cd8a8ed22e5260f5af4fa5f
28386	64729fc35982ac5be0db068e0db8175b	540c8d853f5fbf5d3f2fcf1d92c2fc34	e86956781cd8a8ed22e5260f5af4fa5f
28387	64729fc35982ac5be0db068e0db8175b	540c8d853f5fbf5d3f2fcf1d92c2fc34	e86956781cd8a8ed22e5260f5af4fa5f
28388	64729fc35982ac5be0db068e0db8175b	540c8d853f5fbf5d3f2fcf1d92c2fc34	e86956781cd8a8ed22e5260f5af4fa5f
28389	64729fc35982ac5be0db068e0db8175b	540c8d853f5fbf5d3f2fcf1d92c2fc34	e86956781cd8a8ed22e5260f5af4fa5f
28390	64729fc35982ac5be0db068e0db8175b	540c8d853f5fbf5d3f2fcf1d92c2fc34	e86956781cd8a8ed22e5260f5af4fa5f
28391	de78cc75ad7ab35647395ee280c03cb1	a499f682c9b312c6bbc272afca412e9e	52d484dbf9df273e16a6bd3f05edd419
28392	de78cc75ad7ab35647395ee280c03cb1	a499f682c9b312c6bbc272afca412e9e	52d484dbf9df273e16a6bd3f05edd419
28393	de78cc75ad7ab35647395ee280c03cb1	a499f682c9b312c6bbc272afca412e9e	52d484dbf9df273e16a6bd3f05edd419
28394	de78cc75ad7ab35647395ee280c03cb1	a499f682c9b312c6bbc272afca412e9e	52d484dbf9df273e16a6bd3f05edd419
28395	de78cc75ad7ab35647395ee280c03cb1	a499f682c9b312c6bbc272afca412e9e	52d484dbf9df273e16a6bd3f05edd419
28396	be6a37ea7138422b34125f82c0eda556	7b51651ac7fbaee5e715ca1aed8bde85	74d6cb3d49247c374e9286d74387a066
28397	be6a37ea7138422b34125f82c0eda556	7b51651ac7fbaee5e715ca1aed8bde85	74d6cb3d49247c374e9286d74387a066
28398	be6a37ea7138422b34125f82c0eda556	7b51651ac7fbaee5e715ca1aed8bde85	74d6cb3d49247c374e9286d74387a066
28399	be6a37ea7138422b34125f82c0eda556	7b51651ac7fbaee5e715ca1aed8bde85	74d6cb3d49247c374e9286d74387a066
28400	be6a37ea7138422b34125f82c0eda556	7b51651ac7fbaee5e715ca1aed8bde85	74d6cb3d49247c374e9286d74387a066
28401	be6a37ea7138422b34125f82c0eda556	7b51651ac7fbaee5e715ca1aed8bde85	74d6cb3d49247c374e9286d74387a066
28402	be6a37ea7138422b34125f82c0eda556	7b51651ac7fbaee5e715ca1aed8bde85	74d6cb3d49247c374e9286d74387a066
28403	be6a37ea7138422b34125f82c0eda556	7b51651ac7fbaee5e715ca1aed8bde85	74d6cb3d49247c374e9286d74387a066
28404	be6a37ea7138422b34125f82c0eda556	7b51651ac7fbaee5e715ca1aed8bde85	74d6cb3d49247c374e9286d74387a066
28405	be6a37ea7138422b34125f82c0eda556	7b51651ac7fbaee5e715ca1aed8bde85	74d6cb3d49247c374e9286d74387a066
28406	be6a37ea7138422b34125f82c0eda556	7b51651ac7fbaee5e715ca1aed8bde85	74d6cb3d49247c374e9286d74387a066
28407	be6a37ea7138422b34125f82c0eda556	7b51651ac7fbaee5e715ca1aed8bde85	74d6cb3d49247c374e9286d74387a066
28408	be6a37ea7138422b34125f82c0eda556	7b51651ac7fbaee5e715ca1aed8bde85	74d6cb3d49247c374e9286d74387a066
28409	be6a37ea7138422b34125f82c0eda556	7b51651ac7fbaee5e715ca1aed8bde85	74d6cb3d49247c374e9286d74387a066
28410	be6a37ea7138422b34125f82c0eda556	7b51651ac7fbaee5e715ca1aed8bde85	74d6cb3d49247c374e9286d74387a066
28411	be6a37ea7138422b34125f82c0eda556	7b51651ac7fbaee5e715ca1aed8bde85	74d6cb3d49247c374e9286d74387a066
28412	be6a37ea7138422b34125f82c0eda556	7b51651ac7fbaee5e715ca1aed8bde85	74d6cb3d49247c374e9286d74387a066
28413	fc73964c94f5fdf2449ec279afc18479	8d85c6bb14041232d658947ec0495d96	f0863d8f6922346c80e842fd33ccd9a5
28414	fc73964c94f5fdf2449ec279afc18479	8d85c6bb14041232d658947ec0495d96	f0863d8f6922346c80e842fd33ccd9a5
28415	fc73964c94f5fdf2449ec279afc18479	8d85c6bb14041232d658947ec0495d96	f0863d8f6922346c80e842fd33ccd9a5
28416	fc73964c94f5fdf2449ec279afc18479	8d85c6bb14041232d658947ec0495d96	f0863d8f6922346c80e842fd33ccd9a5
28417	fc73964c94f5fdf2449ec279afc18479	8d85c6bb14041232d658947ec0495d96	f0863d8f6922346c80e842fd33ccd9a5
28418	fc73964c94f5fdf2449ec279afc18479	8d85c6bb14041232d658947ec0495d96	f0863d8f6922346c80e842fd33ccd9a5
28419	fc73964c94f5fdf2449ec279afc18479	8d85c6bb14041232d658947ec0495d96	f0863d8f6922346c80e842fd33ccd9a5
28420	aa3ca774dfbe9679b8c58112ccbba179	b48e96b434a77ac73807a56903e3899e	4ee3c421601c3c8917f11e5b817a1e31
28421	aa3ca774dfbe9679b8c58112ccbba179	b48e96b434a77ac73807a56903e3899e	4ee3c421601c3c8917f11e5b817a1e31
28422	aa3ca774dfbe9679b8c58112ccbba179	b48e96b434a77ac73807a56903e3899e	4ee3c421601c3c8917f11e5b817a1e31
28423	73492eb33725e0a83877a682365e138b	2363e6247f51584cb100ca586b464bcc	3f872d7e89964a4044bbb1be7514c233
28424	73492eb33725e0a83877a682365e138b	2363e6247f51584cb100ca586b464bcc	3f872d7e89964a4044bbb1be7514c233
28425	3295d4a7b5ecf27180a074396f71d182	3aed3da519a186a791c84ba9e27c7b11	07e73dc7422048c5093a360e5e041b72
28426	3295d4a7b5ecf27180a074396f71d182	3aed3da519a186a791c84ba9e27c7b11	07e73dc7422048c5093a360e5e041b72
28427	3295d4a7b5ecf27180a074396f71d182	3aed3da519a186a791c84ba9e27c7b11	07e73dc7422048c5093a360e5e041b72
28428	3295d4a7b5ecf27180a074396f71d182	3aed3da519a186a791c84ba9e27c7b11	07e73dc7422048c5093a360e5e041b72
28429	3295d4a7b5ecf27180a074396f71d182	3aed3da519a186a791c84ba9e27c7b11	07e73dc7422048c5093a360e5e041b72
28430	3295d4a7b5ecf27180a074396f71d182	3aed3da519a186a791c84ba9e27c7b11	07e73dc7422048c5093a360e5e041b72
28431	3295d4a7b5ecf27180a074396f71d182	3aed3da519a186a791c84ba9e27c7b11	07e73dc7422048c5093a360e5e041b72
28432	ed0263fd3597ae5f1b984684b61f876b	b18f6428c837b1613c655cac28237a74	26fa43638e063533bd004f2e7d7a5193
28433	ed0263fd3597ae5f1b984684b61f876b	b18f6428c837b1613c655cac28237a74	26fa43638e063533bd004f2e7d7a5193
28434	ed0263fd3597ae5f1b984684b61f876b	b18f6428c837b1613c655cac28237a74	26fa43638e063533bd004f2e7d7a5193
28435	ed0263fd3597ae5f1b984684b61f876b	b18f6428c837b1613c655cac28237a74	26fa43638e063533bd004f2e7d7a5193
28436	ed0263fd3597ae5f1b984684b61f876b	b18f6428c837b1613c655cac28237a74	26fa43638e063533bd004f2e7d7a5193
28437	85718d1c4ac84fad18db4240425135d3	7d956abe80cfeb4bb8b331f3eebb291c	cc040b9c78c96d6f485132934d965f07
28438	85718d1c4ac84fad18db4240425135d3	7d956abe80cfeb4bb8b331f3eebb291c	cc040b9c78c96d6f485132934d965f07
28439	85718d1c4ac84fad18db4240425135d3	7d956abe80cfeb4bb8b331f3eebb291c	cc040b9c78c96d6f485132934d965f07
28440	85718d1c4ac84fad18db4240425135d3	7d956abe80cfeb4bb8b331f3eebb291c	cc040b9c78c96d6f485132934d965f07
28441	85718d1c4ac84fad18db4240425135d3	7d956abe80cfeb4bb8b331f3eebb291c	cc040b9c78c96d6f485132934d965f07
28442	85718d1c4ac84fad18db4240425135d3	7d956abe80cfeb4bb8b331f3eebb291c	cc040b9c78c96d6f485132934d965f07
28443	85718d1c4ac84fad18db4240425135d3	7d956abe80cfeb4bb8b331f3eebb291c	cc040b9c78c96d6f485132934d965f07
28444	f217bb301461e9e8f508481e40ed95a6	35a167dbabf32064d9249c9ecda5156d	dcecd83ab272c0ea36da1c35a2e9bd62
28445	f217bb301461e9e8f508481e40ed95a6	35a167dbabf32064d9249c9ecda5156d	dcecd83ab272c0ea36da1c35a2e9bd62
28446	f217bb301461e9e8f508481e40ed95a6	35a167dbabf32064d9249c9ecda5156d	dcecd83ab272c0ea36da1c35a2e9bd62
28447	f217bb301461e9e8f508481e40ed95a6	35a167dbabf32064d9249c9ecda5156d	dcecd83ab272c0ea36da1c35a2e9bd62
28448	f217bb301461e9e8f508481e40ed95a6	35a167dbabf32064d9249c9ecda5156d	dcecd83ab272c0ea36da1c35a2e9bd62
28449	f217bb301461e9e8f508481e40ed95a6	35a167dbabf32064d9249c9ecda5156d	dcecd83ab272c0ea36da1c35a2e9bd62
28450	f217bb301461e9e8f508481e40ed95a6	35a167dbabf32064d9249c9ecda5156d	dcecd83ab272c0ea36da1c35a2e9bd62
28451	f217bb301461e9e8f508481e40ed95a6	35a167dbabf32064d9249c9ecda5156d	dcecd83ab272c0ea36da1c35a2e9bd62
28452	f217bb301461e9e8f508481e40ed95a6	35a167dbabf32064d9249c9ecda5156d	dcecd83ab272c0ea36da1c35a2e9bd62
28453	f217bb301461e9e8f508481e40ed95a6	35a167dbabf32064d9249c9ecda5156d	dcecd83ab272c0ea36da1c35a2e9bd62
28454	0beeb5fdf4f95a3610b11a4ad4d84fd5	b0f35637d27c5ac6ba678f122be53a42	f64874ba34b57234ce38354cb54f56a1
28455	0beeb5fdf4f95a3610b11a4ad4d84fd5	b0f35637d27c5ac6ba678f122be53a42	f64874ba34b57234ce38354cb54f56a1
28456	0beeb5fdf4f95a3610b11a4ad4d84fd5	b0f35637d27c5ac6ba678f122be53a42	f64874ba34b57234ce38354cb54f56a1
28457	ef2f8f05df5c00ebd231e269c9d0cc31	c67b82e0496af75dea4ab5c1bfc2c9a6	700a403c2d38388d4e743599bb8ab38d
28458	ef2f8f05df5c00ebd231e269c9d0cc31	c67b82e0496af75dea4ab5c1bfc2c9a6	700a403c2d38388d4e743599bb8ab38d
28459	ef2f8f05df5c00ebd231e269c9d0cc31	c67b82e0496af75dea4ab5c1bfc2c9a6	700a403c2d38388d4e743599bb8ab38d
28460	7d49dd06fb1ce060a538fce098d46d25	3054f86a8d53e544586458560a835272	2b4da4184e6af2722c880cbefb1d2309
28461	def7ae7baca1c1b1afe8a5d729dd269f	53b4f76d587d300f0c7b9069321c2878	f200bea7f4246f17ac9b4f526bb4370b
28462	def7ae7baca1c1b1afe8a5d729dd269f	53b4f76d587d300f0c7b9069321c2878	f200bea7f4246f17ac9b4f526bb4370b
28463	def7ae7baca1c1b1afe8a5d729dd269f	53b4f76d587d300f0c7b9069321c2878	f200bea7f4246f17ac9b4f526bb4370b
28464	def7ae7baca1c1b1afe8a5d729dd269f	53b4f76d587d300f0c7b9069321c2878	f200bea7f4246f17ac9b4f526bb4370b
28465	def7ae7baca1c1b1afe8a5d729dd269f	53b4f76d587d300f0c7b9069321c2878	f200bea7f4246f17ac9b4f526bb4370b
28466	23bd6b8f42f166062654fc8cbf7f15d0	07389ed9f803ee3e44df91605d6fca13	e91866e959d1c5c238274beb2907f6e0
28467	23bd6b8f42f166062654fc8cbf7f15d0	07389ed9f803ee3e44df91605d6fca13	e91866e959d1c5c238274beb2907f6e0
28468	23bd6b8f42f166062654fc8cbf7f15d0	07389ed9f803ee3e44df91605d6fca13	e91866e959d1c5c238274beb2907f6e0
28469	23bd6b8f42f166062654fc8cbf7f15d0	07389ed9f803ee3e44df91605d6fca13	e91866e959d1c5c238274beb2907f6e0
28470	23bd6b8f42f166062654fc8cbf7f15d0	07389ed9f803ee3e44df91605d6fca13	e91866e959d1c5c238274beb2907f6e0
28471	23bd6b8f42f166062654fc8cbf7f15d0	07389ed9f803ee3e44df91605d6fca13	e91866e959d1c5c238274beb2907f6e0
28472	23bd6b8f42f166062654fc8cbf7f15d0	07389ed9f803ee3e44df91605d6fca13	e91866e959d1c5c238274beb2907f6e0
28473	e4dfa547f6a7b729ba2efde7ade35d32	e3e522fc26bcc06f1fff4eb8a858e891	1c4b469383fcc11bfb12a7aa99e6b8fe
28474	e4dfa547f6a7b729ba2efde7ade35d32	e3e522fc26bcc06f1fff4eb8a858e891	1c4b469383fcc11bfb12a7aa99e6b8fe
28475	e4dfa547f6a7b729ba2efde7ade35d32	e3e522fc26bcc06f1fff4eb8a858e891	1c4b469383fcc11bfb12a7aa99e6b8fe
28476	e4dfa547f6a7b729ba2efde7ade35d32	e3e522fc26bcc06f1fff4eb8a858e891	1c4b469383fcc11bfb12a7aa99e6b8fe
28477	e4dfa547f6a7b729ba2efde7ade35d32	e3e522fc26bcc06f1fff4eb8a858e891	1c4b469383fcc11bfb12a7aa99e6b8fe
28478	e4dfa547f6a7b729ba2efde7ade35d32	e3e522fc26bcc06f1fff4eb8a858e891	1c4b469383fcc11bfb12a7aa99e6b8fe
28479	e4dfa547f6a7b729ba2efde7ade35d32	e3e522fc26bcc06f1fff4eb8a858e891	1c4b469383fcc11bfb12a7aa99e6b8fe
28480	e4dfa547f6a7b729ba2efde7ade35d32	e3e522fc26bcc06f1fff4eb8a858e891	1c4b469383fcc11bfb12a7aa99e6b8fe
28481	e4dfa547f6a7b729ba2efde7ade35d32	e3e522fc26bcc06f1fff4eb8a858e891	1c4b469383fcc11bfb12a7aa99e6b8fe
28482	e4dfa547f6a7b729ba2efde7ade35d32	e3e522fc26bcc06f1fff4eb8a858e891	1c4b469383fcc11bfb12a7aa99e6b8fe
28483	7cd85b5dd92586ebfd0dce54182a5fbd	bb6b4ecb7ad3019d1d097b10cb2747d2	80ad1ef25fa62411231250580f9d2669
28484	7cd85b5dd92586ebfd0dce54182a5fbd	bb6b4ecb7ad3019d1d097b10cb2747d2	80ad1ef25fa62411231250580f9d2669
28485	7cd85b5dd92586ebfd0dce54182a5fbd	bb6b4ecb7ad3019d1d097b10cb2747d2	80ad1ef25fa62411231250580f9d2669
28486	7cd85b5dd92586ebfd0dce54182a5fbd	bb6b4ecb7ad3019d1d097b10cb2747d2	80ad1ef25fa62411231250580f9d2669
28487	7cd85b5dd92586ebfd0dce54182a5fbd	bb6b4ecb7ad3019d1d097b10cb2747d2	80ad1ef25fa62411231250580f9d2669
28488	7cd85b5dd92586ebfd0dce54182a5fbd	bb6b4ecb7ad3019d1d097b10cb2747d2	80ad1ef25fa62411231250580f9d2669
28489	7cd85b5dd92586ebfd0dce54182a5fbd	bb6b4ecb7ad3019d1d097b10cb2747d2	80ad1ef25fa62411231250580f9d2669
28490	afe5c72450a9e60da2f08b720a54546a	12f6d9cc5bd4eeb361f1cc3f9800b969	88bd3d8ba28f06dd41baefa5d2bcfefa
28491	afe5c72450a9e60da2f08b720a54546a	12f6d9cc5bd4eeb361f1cc3f9800b969	88bd3d8ba28f06dd41baefa5d2bcfefa
28492	afe5c72450a9e60da2f08b720a54546a	12f6d9cc5bd4eeb361f1cc3f9800b969	88bd3d8ba28f06dd41baefa5d2bcfefa
28493	24fc79f9d04704c7854588106604eacc	6bb92294e3921191be1b8534f9229347	32dc5dc9fc77223b0f008dd36c9737ac
28494	24fc79f9d04704c7854588106604eacc	6bb92294e3921191be1b8534f9229347	32dc5dc9fc77223b0f008dd36c9737ac
28495	7cd85b5dd92586ebfd0dce54182a5fbd	bb6b4ecb7ad3019d1d097b10cb2747d2	80ad1ef25fa62411231250580f9d2669
28496	7cd85b5dd92586ebfd0dce54182a5fbd	bb6b4ecb7ad3019d1d097b10cb2747d2	80ad1ef25fa62411231250580f9d2669
28497	7cd85b5dd92586ebfd0dce54182a5fbd	bb6b4ecb7ad3019d1d097b10cb2747d2	80ad1ef25fa62411231250580f9d2669
28498	7cd85b5dd92586ebfd0dce54182a5fbd	bb6b4ecb7ad3019d1d097b10cb2747d2	80ad1ef25fa62411231250580f9d2669
28499	7cd85b5dd92586ebfd0dce54182a5fbd	bb6b4ecb7ad3019d1d097b10cb2747d2	80ad1ef25fa62411231250580f9d2669
28500	7cd85b5dd92586ebfd0dce54182a5fbd	bb6b4ecb7ad3019d1d097b10cb2747d2	80ad1ef25fa62411231250580f9d2669
28501	7cd85b5dd92586ebfd0dce54182a5fbd	bb6b4ecb7ad3019d1d097b10cb2747d2	80ad1ef25fa62411231250580f9d2669
28502	7cd85b5dd92586ebfd0dce54182a5fbd	bb6b4ecb7ad3019d1d097b10cb2747d2	80ad1ef25fa62411231250580f9d2669
28503	7cd85b5dd92586ebfd0dce54182a5fbd	bb6b4ecb7ad3019d1d097b10cb2747d2	80ad1ef25fa62411231250580f9d2669
28504	7cd85b5dd92586ebfd0dce54182a5fbd	bb6b4ecb7ad3019d1d097b10cb2747d2	80ad1ef25fa62411231250580f9d2669
28505	7cd85b5dd92586ebfd0dce54182a5fbd	bb6b4ecb7ad3019d1d097b10cb2747d2	80ad1ef25fa62411231250580f9d2669
28506	7cd85b5dd92586ebfd0dce54182a5fbd	bb6b4ecb7ad3019d1d097b10cb2747d2	80ad1ef25fa62411231250580f9d2669
28507	f64539807ee3ad37818c948787a08f84	43c8cebccd8c33c13be9da374e8e89df	e3659c99f847a4f50183aed3492a4140
28508	f64539807ee3ad37818c948787a08f84	43c8cebccd8c33c13be9da374e8e89df	e3659c99f847a4f50183aed3492a4140
28509	f64539807ee3ad37818c948787a08f84	43c8cebccd8c33c13be9da374e8e89df	e3659c99f847a4f50183aed3492a4140
28510	f64539807ee3ad37818c948787a08f84	43c8cebccd8c33c13be9da374e8e89df	e3659c99f847a4f50183aed3492a4140
28511	f64539807ee3ad37818c948787a08f84	43c8cebccd8c33c13be9da374e8e89df	e3659c99f847a4f50183aed3492a4140
28512	f64539807ee3ad37818c948787a08f84	43c8cebccd8c33c13be9da374e8e89df	e3659c99f847a4f50183aed3492a4140
28513	f64539807ee3ad37818c948787a08f84	43c8cebccd8c33c13be9da374e8e89df	e3659c99f847a4f50183aed3492a4140
28514	f64539807ee3ad37818c948787a08f84	43c8cebccd8c33c13be9da374e8e89df	e3659c99f847a4f50183aed3492a4140
28515	f64539807ee3ad37818c948787a08f84	43c8cebccd8c33c13be9da374e8e89df	e3659c99f847a4f50183aed3492a4140
28516	f64539807ee3ad37818c948787a08f84	43c8cebccd8c33c13be9da374e8e89df	e3659c99f847a4f50183aed3492a4140
28517	f64539807ee3ad37818c948787a08f84	43c8cebccd8c33c13be9da374e8e89df	e3659c99f847a4f50183aed3492a4140
28518	f64539807ee3ad37818c948787a08f84	43c8cebccd8c33c13be9da374e8e89df	e3659c99f847a4f50183aed3492a4140
28519	f64539807ee3ad37818c948787a08f84	43c8cebccd8c33c13be9da374e8e89df	e3659c99f847a4f50183aed3492a4140
28520	f64539807ee3ad37818c948787a08f84	43c8cebccd8c33c13be9da374e8e89df	e3659c99f847a4f50183aed3492a4140
28521	f64539807ee3ad37818c948787a08f84	43c8cebccd8c33c13be9da374e8e89df	e3659c99f847a4f50183aed3492a4140
28522	f64539807ee3ad37818c948787a08f84	43c8cebccd8c33c13be9da374e8e89df	e3659c99f847a4f50183aed3492a4140
28523	f64539807ee3ad37818c948787a08f84	43c8cebccd8c33c13be9da374e8e89df	e3659c99f847a4f50183aed3492a4140
28524	a3d4418a8275288f04e9f2213b7ed569	7b7b433e0bc2690130acc891f61984de	743c70b45cc481290c47e7b88949c1fd
28525	a3d4418a8275288f04e9f2213b7ed569	7b7b433e0bc2690130acc891f61984de	743c70b45cc481290c47e7b88949c1fd
28526	a3d4418a8275288f04e9f2213b7ed569	7b7b433e0bc2690130acc891f61984de	743c70b45cc481290c47e7b88949c1fd
28527	a3d4418a8275288f04e9f2213b7ed569	7b7b433e0bc2690130acc891f61984de	743c70b45cc481290c47e7b88949c1fd
28528	a3d4418a8275288f04e9f2213b7ed569	7b7b433e0bc2690130acc891f61984de	743c70b45cc481290c47e7b88949c1fd
28529	a3d4418a8275288f04e9f2213b7ed569	7b7b433e0bc2690130acc891f61984de	743c70b45cc481290c47e7b88949c1fd
28530	a3d4418a8275288f04e9f2213b7ed569	7b7b433e0bc2690130acc891f61984de	743c70b45cc481290c47e7b88949c1fd
28531	630e6d24242fbe440b1607e059553f8e	a3939e1526a5a0e0a49e3e4f518ae045	249927aea3e759444497fd972a9333de
28532	630e6d24242fbe440b1607e059553f8e	a3939e1526a5a0e0a49e3e4f518ae045	249927aea3e759444497fd972a9333de
28533	630e6d24242fbe440b1607e059553f8e	a3939e1526a5a0e0a49e3e4f518ae045	249927aea3e759444497fd972a9333de
28534	0b3b65135e0c4b0e614feaafd04ef458	ac721ac8c357fa360c8b7be6c148052b	b3c487b355fc93964e0d99af22638558
28535	0b3b65135e0c4b0e614feaafd04ef458	ac721ac8c357fa360c8b7be6c148052b	b3c487b355fc93964e0d99af22638558
28536	a81c7285ce2ebe85368a9c5933d9d759	98e84901e82aaef3b89240c0520f400e	22acb29e4237166dd44ff2b2fd035571
28537	a81c7285ce2ebe85368a9c5933d9d759	98e84901e82aaef3b89240c0520f400e	22acb29e4237166dd44ff2b2fd035571
28538	a81c7285ce2ebe85368a9c5933d9d759	98e84901e82aaef3b89240c0520f400e	22acb29e4237166dd44ff2b2fd035571
28539	a81c7285ce2ebe85368a9c5933d9d759	98e84901e82aaef3b89240c0520f400e	22acb29e4237166dd44ff2b2fd035571
28540	a81c7285ce2ebe85368a9c5933d9d759	98e84901e82aaef3b89240c0520f400e	22acb29e4237166dd44ff2b2fd035571
28541	a81c7285ce2ebe85368a9c5933d9d759	98e84901e82aaef3b89240c0520f400e	22acb29e4237166dd44ff2b2fd035571
28542	a81c7285ce2ebe85368a9c5933d9d759	98e84901e82aaef3b89240c0520f400e	22acb29e4237166dd44ff2b2fd035571
28543	7d3aedf9b05c4fce834601bedd2547e0	3afbf73133713fd6547f8be4eb04b113	617903ed6d6056aaf5f8b49a0d253040
28544	a6433c700409d1469050214f9a33957c	eef3c39d9511f6ae7318b8c374f713cf	a263a7713a77f65a5bcd1d647523846c
28545	a6433c700409d1469050214f9a33957c	eef3c39d9511f6ae7318b8c374f713cf	a263a7713a77f65a5bcd1d647523846c
28546	7d3aedf9b05c4fce834601bedd2547e0	3afbf73133713fd6547f8be4eb04b113	617903ed6d6056aaf5f8b49a0d253040
28547	7d3aedf9b05c4fce834601bedd2547e0	3afbf73133713fd6547f8be4eb04b113	617903ed6d6056aaf5f8b49a0d253040
28548	4fec005909062b13696dbdb3ac90d966	4d5bb135e00e91ed145953b36fb2d935	c694054bf7d15fd3a5abcd4f100153e6
28549	4fec005909062b13696dbdb3ac90d966	4d5bb135e00e91ed145953b36fb2d935	c694054bf7d15fd3a5abcd4f100153e6
28550	4fec005909062b13696dbdb3ac90d966	4d5bb135e00e91ed145953b36fb2d935	c694054bf7d15fd3a5abcd4f100153e6
28551	4fec005909062b13696dbdb3ac90d966	4d5bb135e00e91ed145953b36fb2d935	c694054bf7d15fd3a5abcd4f100153e6
28552	4fec005909062b13696dbdb3ac90d966	4d5bb135e00e91ed145953b36fb2d935	c694054bf7d15fd3a5abcd4f100153e6
28553	a8204a2ffd249dc11774a48398c1826b	5a270b9860c2a69f5aa04e81dab1a3a4	7a9377e64d4b30df2a32deb6504bae47
28554	a8204a2ffd249dc11774a48398c1826b	5a270b9860c2a69f5aa04e81dab1a3a4	7a9377e64d4b30df2a32deb6504bae47
28555	a8204a2ffd249dc11774a48398c1826b	5a270b9860c2a69f5aa04e81dab1a3a4	7a9377e64d4b30df2a32deb6504bae47
28556	cee987258d7f41614d5fe39f4f4d8440	97025786d2e67fe7df59ed676417c44b	4e4cb062a518b6a3147ef11ebde0c974
28557	cee987258d7f41614d5fe39f4f4d8440	97025786d2e67fe7df59ed676417c44b	4e4cb062a518b6a3147ef11ebde0c974
28558	0e2757f57d5dcd10bc1a7bd2e07e0e00	0ec85eb9f537e62c8c69439a414429d3	827218cc30c6f4be2835714d6fd75aec
28559	0e2757f57d5dcd10bc1a7bd2e07e0e00	0ec85eb9f537e62c8c69439a414429d3	827218cc30c6f4be2835714d6fd75aec
28560	28e803ba93be8375afb6ada7958e610a	c557ba1821dca4cbb8d32535fa1ce389	95845d8261f7a22d02f9766c1050872a
28561	28e803ba93be8375afb6ada7958e610a	c557ba1821dca4cbb8d32535fa1ce389	95845d8261f7a22d02f9766c1050872a
28562	28e803ba93be8375afb6ada7958e610a	c557ba1821dca4cbb8d32535fa1ce389	95845d8261f7a22d02f9766c1050872a
28563	28e803ba93be8375afb6ada7958e610a	c557ba1821dca4cbb8d32535fa1ce389	95845d8261f7a22d02f9766c1050872a
28564	28e803ba93be8375afb6ada7958e610a	c557ba1821dca4cbb8d32535fa1ce389	95845d8261f7a22d02f9766c1050872a
28565	6fb5414ebd6861756296f3031ebff8b5	95b2e0c28adf31f3d7411ab513f64c2a	5f478e9adddcd7716690eaa6210202ed
28566	6fb5414ebd6861756296f3031ebff8b5	95b2e0c28adf31f3d7411ab513f64c2a	5f478e9adddcd7716690eaa6210202ed
28567	6fb5414ebd6861756296f3031ebff8b5	95b2e0c28adf31f3d7411ab513f64c2a	5f478e9adddcd7716690eaa6210202ed
28568	6fb5414ebd6861756296f3031ebff8b5	95b2e0c28adf31f3d7411ab513f64c2a	5f478e9adddcd7716690eaa6210202ed
28569	6fb5414ebd6861756296f3031ebff8b5	95b2e0c28adf31f3d7411ab513f64c2a	5f478e9adddcd7716690eaa6210202ed
28570	6fb5414ebd6861756296f3031ebff8b5	95b2e0c28adf31f3d7411ab513f64c2a	5f478e9adddcd7716690eaa6210202ed
28571	6fb5414ebd6861756296f3031ebff8b5	95b2e0c28adf31f3d7411ab513f64c2a	5f478e9adddcd7716690eaa6210202ed
28572	c0ad70cf8673565529d1c44c455815ed	f3097bc880239de3ccb20a44e1b92cb2	794191136384c76bb4738ccb15333809
28573	c0ad70cf8673565529d1c44c455815ed	f3097bc880239de3ccb20a44e1b92cb2	794191136384c76bb4738ccb15333809
28574	c0ad70cf8673565529d1c44c455815ed	f3097bc880239de3ccb20a44e1b92cb2	794191136384c76bb4738ccb15333809
28575	348e66e10522cedaad0089f69cb12abb	5444b2ff8829beba782dcf22e7b528dc	5d0ca6fdab012580a53b98646ac599c7
28576	c0ad70cf8673565529d1c44c455815ed	f3097bc880239de3ccb20a44e1b92cb2	794191136384c76bb4738ccb15333809
28577	88da21a9bdc31025bf079832cf4c3ed1	d2e22e6d91831b7397ad02096da08d36	d200266aa1be810bb67d4bc497a7209d
28578	88da21a9bdc31025bf079832cf4c3ed1	d2e22e6d91831b7397ad02096da08d36	d200266aa1be810bb67d4bc497a7209d
28579	88da21a9bdc31025bf079832cf4c3ed1	d2e22e6d91831b7397ad02096da08d36	d200266aa1be810bb67d4bc497a7209d
28580	88da21a9bdc31025bf079832cf4c3ed1	d2e22e6d91831b7397ad02096da08d36	d200266aa1be810bb67d4bc497a7209d
28581	88da21a9bdc31025bf079832cf4c3ed1	d2e22e6d91831b7397ad02096da08d36	d200266aa1be810bb67d4bc497a7209d
28582	88da21a9bdc31025bf079832cf4c3ed1	d2e22e6d91831b7397ad02096da08d36	d200266aa1be810bb67d4bc497a7209d
28583	88da21a9bdc31025bf079832cf4c3ed1	d2e22e6d91831b7397ad02096da08d36	d200266aa1be810bb67d4bc497a7209d
28584	04f7538c1fc0dcf8d9d84fbf6cd3db77	f6e259f4d27cf2cca131fc3091e4b558	eab306979ee18e4e236b1edc4acc205b
28585	04f7538c1fc0dcf8d9d84fbf6cd3db77	f6e259f4d27cf2cca131fc3091e4b558	eab306979ee18e4e236b1edc4acc205b
28586	04f7538c1fc0dcf8d9d84fbf6cd3db77	f6e259f4d27cf2cca131fc3091e4b558	eab306979ee18e4e236b1edc4acc205b
28587	04f7538c1fc0dcf8d9d84fbf6cd3db77	f6e259f4d27cf2cca131fc3091e4b558	eab306979ee18e4e236b1edc4acc205b
28588	04f7538c1fc0dcf8d9d84fbf6cd3db77	f6e259f4d27cf2cca131fc3091e4b558	eab306979ee18e4e236b1edc4acc205b
28589	88884b4499dfc5691f4f173f7118bd5a	86dea904cd98ad0fbc2f94bf08078aa9	72750f72ec7df4e334ba8a6d61c71716
28590	88884b4499dfc5691f4f173f7118bd5a	86dea904cd98ad0fbc2f94bf08078aa9	72750f72ec7df4e334ba8a6d61c71716
28591	88884b4499dfc5691f4f173f7118bd5a	86dea904cd98ad0fbc2f94bf08078aa9	72750f72ec7df4e334ba8a6d61c71716
28592	88884b4499dfc5691f4f173f7118bd5a	86dea904cd98ad0fbc2f94bf08078aa9	72750f72ec7df4e334ba8a6d61c71716
28593	88884b4499dfc5691f4f173f7118bd5a	86dea904cd98ad0fbc2f94bf08078aa9	72750f72ec7df4e334ba8a6d61c71716
28594	195131e5414c8281e861849e203970d3	06f012a65669b24fd63a8bb03f858efc	2b84d9044468f08f67b610d9050983b7
28595	195131e5414c8281e861849e203970d3	06f012a65669b24fd63a8bb03f858efc	2b84d9044468f08f67b610d9050983b7
28596	195131e5414c8281e861849e203970d3	06f012a65669b24fd63a8bb03f858efc	2b84d9044468f08f67b610d9050983b7
28597	195131e5414c8281e861849e203970d3	06f012a65669b24fd63a8bb03f858efc	2b84d9044468f08f67b610d9050983b7
28598	195131e5414c8281e861849e203970d3	06f012a65669b24fd63a8bb03f858efc	2b84d9044468f08f67b610d9050983b7
28599	195131e5414c8281e861849e203970d3	06f012a65669b24fd63a8bb03f858efc	2b84d9044468f08f67b610d9050983b7
28600	195131e5414c8281e861849e203970d3	06f012a65669b24fd63a8bb03f858efc	2b84d9044468f08f67b610d9050983b7
28601	195131e5414c8281e861849e203970d3	06f012a65669b24fd63a8bb03f858efc	2b84d9044468f08f67b610d9050983b7
28602	195131e5414c8281e861849e203970d3	06f012a65669b24fd63a8bb03f858efc	2b84d9044468f08f67b610d9050983b7
28603	195131e5414c8281e861849e203970d3	06f012a65669b24fd63a8bb03f858efc	2b84d9044468f08f67b610d9050983b7
28604	195131e5414c8281e861849e203970d3	06f012a65669b24fd63a8bb03f858efc	2b84d9044468f08f67b610d9050983b7
28605	195131e5414c8281e861849e203970d3	06f012a65669b24fd63a8bb03f858efc	2b84d9044468f08f67b610d9050983b7
28606	4ad1fd8c621b61545e00d4d31d73ecb7	18a825eef945b858a4a083594545a338	4eb0e78d3de560660bd4a8805ddd1c3b
28607	4ad1fd8c621b61545e00d4d31d73ecb7	18a825eef945b858a4a083594545a338	4eb0e78d3de560660bd4a8805ddd1c3b
28608	4ad1fd8c621b61545e00d4d31d73ecb7	18a825eef945b858a4a083594545a338	4eb0e78d3de560660bd4a8805ddd1c3b
28609	4ad1fd8c621b61545e00d4d31d73ecb7	18a825eef945b858a4a083594545a338	4eb0e78d3de560660bd4a8805ddd1c3b
28610	4ad1fd8c621b61545e00d4d31d73ecb7	18a825eef945b858a4a083594545a338	4eb0e78d3de560660bd4a8805ddd1c3b
28611	4ad1fd8c621b61545e00d4d31d73ecb7	18a825eef945b858a4a083594545a338	4eb0e78d3de560660bd4a8805ddd1c3b
28612	4ad1fd8c621b61545e00d4d31d73ecb7	18a825eef945b858a4a083594545a338	4eb0e78d3de560660bd4a8805ddd1c3b
28613	f76e163d262cde195487990ba114b3df	616e21960dcb5e776ada7dfd349f2e98	23c7fabdcfd886c5e56e954da749b28f
28614	f76e163d262cde195487990ba114b3df	616e21960dcb5e776ada7dfd349f2e98	23c7fabdcfd886c5e56e954da749b28f
28615	f76e163d262cde195487990ba114b3df	616e21960dcb5e776ada7dfd349f2e98	23c7fabdcfd886c5e56e954da749b28f
28616	f76e163d262cde195487990ba114b3df	616e21960dcb5e776ada7dfd349f2e98	23c7fabdcfd886c5e56e954da749b28f
28617	f76e163d262cde195487990ba114b3df	616e21960dcb5e776ada7dfd349f2e98	23c7fabdcfd886c5e56e954da749b28f
28618	f76e163d262cde195487990ba114b3df	616e21960dcb5e776ada7dfd349f2e98	23c7fabdcfd886c5e56e954da749b28f
28619	f76e163d262cde195487990ba114b3df	616e21960dcb5e776ada7dfd349f2e98	23c7fabdcfd886c5e56e954da749b28f
28620	f76e163d262cde195487990ba114b3df	616e21960dcb5e776ada7dfd349f2e98	23c7fabdcfd886c5e56e954da749b28f
28621	f76e163d262cde195487990ba114b3df	616e21960dcb5e776ada7dfd349f2e98	23c7fabdcfd886c5e56e954da749b28f
28622	f76e163d262cde195487990ba114b3df	616e21960dcb5e776ada7dfd349f2e98	23c7fabdcfd886c5e56e954da749b28f
28623	9c22461478e0409157522618b5baa4c2	4ccaf09a56d7c4f7e2426dd6710efff1	2d17452aebfc289dbb444eab5f1f156a
28624	9c22461478e0409157522618b5baa4c2	4ccaf09a56d7c4f7e2426dd6710efff1	2d17452aebfc289dbb444eab5f1f156a
28625	9c22461478e0409157522618b5baa4c2	4ccaf09a56d7c4f7e2426dd6710efff1	2d17452aebfc289dbb444eab5f1f156a
28626	9c22461478e0409157522618b5baa4c2	4ccaf09a56d7c4f7e2426dd6710efff1	2d17452aebfc289dbb444eab5f1f156a
28627	9c22461478e0409157522618b5baa4c2	4ccaf09a56d7c4f7e2426dd6710efff1	2d17452aebfc289dbb444eab5f1f156a
28628	9c22461478e0409157522618b5baa4c2	4ccaf09a56d7c4f7e2426dd6710efff1	2d17452aebfc289dbb444eab5f1f156a
28629	9c22461478e0409157522618b5baa4c2	4ccaf09a56d7c4f7e2426dd6710efff1	2d17452aebfc289dbb444eab5f1f156a
28630	74a1a5c536b8ab30fa2af646cdc05c19	c0cf28ad765deb04e4b370d5a5aca456	cf1fcf38a7d9264a38f0a449a2356c4d
28631	74a1a5c536b8ab30fa2af646cdc05c19	c0cf28ad765deb04e4b370d5a5aca456	cf1fcf38a7d9264a38f0a449a2356c4d
28632	74a1a5c536b8ab30fa2af646cdc05c19	c0cf28ad765deb04e4b370d5a5aca456	cf1fcf38a7d9264a38f0a449a2356c4d
28633	74a1a5c536b8ab30fa2af646cdc05c19	c0cf28ad765deb04e4b370d5a5aca456	cf1fcf38a7d9264a38f0a449a2356c4d
28634	74a1a5c536b8ab30fa2af646cdc05c19	c0cf28ad765deb04e4b370d5a5aca456	cf1fcf38a7d9264a38f0a449a2356c4d
28635	0be2a055c8d5fce01a378f7e60ec846f	3fe2587e8570d094062e1a2a2858b030	f943b0e2c720e3a22844b8f1db111fb3
28636	0be2a055c8d5fce01a378f7e60ec846f	3fe2587e8570d094062e1a2a2858b030	f943b0e2c720e3a22844b8f1db111fb3
28637	0be2a055c8d5fce01a378f7e60ec846f	3fe2587e8570d094062e1a2a2858b030	f943b0e2c720e3a22844b8f1db111fb3
28638	0be2a055c8d5fce01a378f7e60ec846f	3fe2587e8570d094062e1a2a2858b030	f943b0e2c720e3a22844b8f1db111fb3
28639	0be2a055c8d5fce01a378f7e60ec846f	3fe2587e8570d094062e1a2a2858b030	f943b0e2c720e3a22844b8f1db111fb3
28640	0be2a055c8d5fce01a378f7e60ec846f	3fe2587e8570d094062e1a2a2858b030	f943b0e2c720e3a22844b8f1db111fb3
28641	0be2a055c8d5fce01a378f7e60ec846f	3fe2587e8570d094062e1a2a2858b030	f943b0e2c720e3a22844b8f1db111fb3
28642	0be2a055c8d5fce01a378f7e60ec846f	3fe2587e8570d094062e1a2a2858b030	f943b0e2c720e3a22844b8f1db111fb3
28643	0be2a055c8d5fce01a378f7e60ec846f	3fe2587e8570d094062e1a2a2858b030	f943b0e2c720e3a22844b8f1db111fb3
28644	0be2a055c8d5fce01a378f7e60ec846f	3fe2587e8570d094062e1a2a2858b030	f943b0e2c720e3a22844b8f1db111fb3
28645	0be2a055c8d5fce01a378f7e60ec846f	3fe2587e8570d094062e1a2a2858b030	f943b0e2c720e3a22844b8f1db111fb3
28646	0be2a055c8d5fce01a378f7e60ec846f	3fe2587e8570d094062e1a2a2858b030	f943b0e2c720e3a22844b8f1db111fb3
28647	0be2a055c8d5fce01a378f7e60ec846f	3fe2587e8570d094062e1a2a2858b030	f943b0e2c720e3a22844b8f1db111fb3
28648	0be2a055c8d5fce01a378f7e60ec846f	3fe2587e8570d094062e1a2a2858b030	f943b0e2c720e3a22844b8f1db111fb3
28649	0be2a055c8d5fce01a378f7e60ec846f	3fe2587e8570d094062e1a2a2858b030	f943b0e2c720e3a22844b8f1db111fb3
28650	0be2a055c8d5fce01a378f7e60ec846f	3fe2587e8570d094062e1a2a2858b030	f943b0e2c720e3a22844b8f1db111fb3
28651	0be2a055c8d5fce01a378f7e60ec846f	3fe2587e8570d094062e1a2a2858b030	f943b0e2c720e3a22844b8f1db111fb3
28652	c133131773780cc7bcfa21e3bc480116	294ad1c68248c09142a3fb387117bba5	23ef31a28d17d6e55c518f563bd1e6e2
28653	c133131773780cc7bcfa21e3bc480116	294ad1c68248c09142a3fb387117bba5	23ef31a28d17d6e55c518f563bd1e6e2
28654	c133131773780cc7bcfa21e3bc480116	294ad1c68248c09142a3fb387117bba5	23ef31a28d17d6e55c518f563bd1e6e2
28655	696beeab75371e09de463b98c27d1353	751b691b5abce5b7c9d0e49831b675ec	f3c9b0f1bcf4ced1193ce5701cd8b5c3
28656	696beeab75371e09de463b98c27d1353	751b691b5abce5b7c9d0e49831b675ec	f3c9b0f1bcf4ced1193ce5701cd8b5c3
28657	696beeab75371e09de463b98c27d1353	751b691b5abce5b7c9d0e49831b675ec	f3c9b0f1bcf4ced1193ce5701cd8b5c3
28658	696beeab75371e09de463b98c27d1353	751b691b5abce5b7c9d0e49831b675ec	f3c9b0f1bcf4ced1193ce5701cd8b5c3
28659	f5b8446c9a0b56424b1017577e81cee8	2a75a704ed6a9d3a9fcac9a95bcafb8b	d59b4a75aa9d5078b95cc4dc270683f4
28660	8c2dc69baf3fdf31daa1787799099bbe	a1b0246c66271ca7e31161484b27e50d	59975eafcbfc6f1bc4559192a59f0702
28661	d36bf103188c510eeba1ad9753d036e9	b2ed55cc97d13e7e518745754d04e5b6	6a89364f6946f136d07fe67c1d37ef81
28662	8c2dc69baf3fdf31daa1787799099bbe	a1b0246c66271ca7e31161484b27e50d	59975eafcbfc6f1bc4559192a59f0702
28663	8c2dc69baf3fdf31daa1787799099bbe	a1b0246c66271ca7e31161484b27e50d	59975eafcbfc6f1bc4559192a59f0702
28664	7a3bec5aad2aef1ca7bc2f4d5409f6c7	8348cf2646c49550d804949eeb7b76a8	5dcc2d7c719a9b0c526bc08dec0f6167
28665	7a3bec5aad2aef1ca7bc2f4d5409f6c7	8348cf2646c49550d804949eeb7b76a8	5dcc2d7c719a9b0c526bc08dec0f6167
28666	7a3bec5aad2aef1ca7bc2f4d5409f6c7	8348cf2646c49550d804949eeb7b76a8	5dcc2d7c719a9b0c526bc08dec0f6167
28667	7a3bec5aad2aef1ca7bc2f4d5409f6c7	8348cf2646c49550d804949eeb7b76a8	5dcc2d7c719a9b0c526bc08dec0f6167
28668	7a3bec5aad2aef1ca7bc2f4d5409f6c7	8348cf2646c49550d804949eeb7b76a8	5dcc2d7c719a9b0c526bc08dec0f6167
28669	7a3bec5aad2aef1ca7bc2f4d5409f6c7	8348cf2646c49550d804949eeb7b76a8	5dcc2d7c719a9b0c526bc08dec0f6167
28670	7a3bec5aad2aef1ca7bc2f4d5409f6c7	8348cf2646c49550d804949eeb7b76a8	5dcc2d7c719a9b0c526bc08dec0f6167
28671	a93d3658fa259aefcf477008c106ed37	3008898cf71f0e419e2e6bf8f039adc0	091d2d3e038d303520e01a45da01c093
28672	a93d3658fa259aefcf477008c106ed37	3008898cf71f0e419e2e6bf8f039adc0	091d2d3e038d303520e01a45da01c093
28673	a93d3658fa259aefcf477008c106ed37	3008898cf71f0e419e2e6bf8f039adc0	091d2d3e038d303520e01a45da01c093
28674	509a67c97290d7557b5a147a87ba57bf	28dbc52f249798a30896cc7903787dd8	725ff8d0a446d32122bf86c86014aebf
28675	509a67c97290d7557b5a147a87ba57bf	28dbc52f249798a30896cc7903787dd8	725ff8d0a446d32122bf86c86014aebf
28676	00774c4401f8d9df2efc13ca7f042ff2	413a3e3fa225d9c9e75a6a62a8d2d5b1	6a048d92acda934772e04c972ec7371a
28677	00774c4401f8d9df2efc13ca7f042ff2	413a3e3fa225d9c9e75a6a62a8d2d5b1	6a048d92acda934772e04c972ec7371a
28678	00774c4401f8d9df2efc13ca7f042ff2	413a3e3fa225d9c9e75a6a62a8d2d5b1	6a048d92acda934772e04c972ec7371a
28679	00774c4401f8d9df2efc13ca7f042ff2	413a3e3fa225d9c9e75a6a62a8d2d5b1	6a048d92acda934772e04c972ec7371a
28680	00774c4401f8d9df2efc13ca7f042ff2	413a3e3fa225d9c9e75a6a62a8d2d5b1	6a048d92acda934772e04c972ec7371a
28681	00774c4401f8d9df2efc13ca7f042ff2	413a3e3fa225d9c9e75a6a62a8d2d5b1	6a048d92acda934772e04c972ec7371a
28682	00774c4401f8d9df2efc13ca7f042ff2	413a3e3fa225d9c9e75a6a62a8d2d5b1	6a048d92acda934772e04c972ec7371a
28683	9bc7a3b2e37e0743771ca8cb3158ccab	889a447fe1e099e59baa3f01d26aff24	6a4fa01c547bbe2faf162bd7e942530b
28684	9bc7a3b2e37e0743771ca8cb3158ccab	889a447fe1e099e59baa3f01d26aff24	6a4fa01c547bbe2faf162bd7e942530b
28685	9bc7a3b2e37e0743771ca8cb3158ccab	889a447fe1e099e59baa3f01d26aff24	6a4fa01c547bbe2faf162bd7e942530b
28686	9bc7a3b2e37e0743771ca8cb3158ccab	889a447fe1e099e59baa3f01d26aff24	6a4fa01c547bbe2faf162bd7e942530b
28687	9bc7a3b2e37e0743771ca8cb3158ccab	889a447fe1e099e59baa3f01d26aff24	6a4fa01c547bbe2faf162bd7e942530b
28688	9bc7a3b2e37e0743771ca8cb3158ccab	889a447fe1e099e59baa3f01d26aff24	6a4fa01c547bbe2faf162bd7e942530b
28689	9bc7a3b2e37e0743771ca8cb3158ccab	889a447fe1e099e59baa3f01d26aff24	6a4fa01c547bbe2faf162bd7e942530b
28690	9bc7a3b2e37e0743771ca8cb3158ccab	889a447fe1e099e59baa3f01d26aff24	6a4fa01c547bbe2faf162bd7e942530b
28691	9bc7a3b2e37e0743771ca8cb3158ccab	889a447fe1e099e59baa3f01d26aff24	6a4fa01c547bbe2faf162bd7e942530b
28692	9bc7a3b2e37e0743771ca8cb3158ccab	889a447fe1e099e59baa3f01d26aff24	6a4fa01c547bbe2faf162bd7e942530b
28693	9aa2956c4d68b96737bbb9c14adc9977	8c5742c706439ac958deefba26794b20	0c507e3fe6bef5fd901cb97c8bb0b21b
28694	9aa2956c4d68b96737bbb9c14adc9977	8c5742c706439ac958deefba26794b20	0c507e3fe6bef5fd901cb97c8bb0b21b
28695	9aa2956c4d68b96737bbb9c14adc9977	8c5742c706439ac958deefba26794b20	0c507e3fe6bef5fd901cb97c8bb0b21b
28696	9aa2956c4d68b96737bbb9c14adc9977	8c5742c706439ac958deefba26794b20	0c507e3fe6bef5fd901cb97c8bb0b21b
28697	9aa2956c4d68b96737bbb9c14adc9977	8c5742c706439ac958deefba26794b20	0c507e3fe6bef5fd901cb97c8bb0b21b
28698	9aa2956c4d68b96737bbb9c14adc9977	8c5742c706439ac958deefba26794b20	0c507e3fe6bef5fd901cb97c8bb0b21b
28699	9aa2956c4d68b96737bbb9c14adc9977	8c5742c706439ac958deefba26794b20	0c507e3fe6bef5fd901cb97c8bb0b21b
28700	b3acc9ab1081a0c861d69a021f4ee67b	46019c2487ae6bfc6aa4ba55f7cf7dec	a5669af9d328daae61cdd02c070c8b67
28701	b3acc9ab1081a0c861d69a021f4ee67b	46019c2487ae6bfc6aa4ba55f7cf7dec	a5669af9d328daae61cdd02c070c8b67
28702	b3acc9ab1081a0c861d69a021f4ee67b	46019c2487ae6bfc6aa4ba55f7cf7dec	a5669af9d328daae61cdd02c070c8b67
28703	b3acc9ab1081a0c861d69a021f4ee67b	46019c2487ae6bfc6aa4ba55f7cf7dec	a5669af9d328daae61cdd02c070c8b67
28704	b3acc9ab1081a0c861d69a021f4ee67b	46019c2487ae6bfc6aa4ba55f7cf7dec	a5669af9d328daae61cdd02c070c8b67
28705	a9c83a9d02d55f9b31d5ee6003964ddc	bc31692d565fac15b3109064364a28c7	36a6ecc7d8cfdbd335386ad2ecde166c
28706	a9c83a9d02d55f9b31d5ee6003964ddc	bc31692d565fac15b3109064364a28c7	36a6ecc7d8cfdbd335386ad2ecde166c
28707	a9c83a9d02d55f9b31d5ee6003964ddc	bc31692d565fac15b3109064364a28c7	36a6ecc7d8cfdbd335386ad2ecde166c
28708	a9c83a9d02d55f9b31d5ee6003964ddc	bc31692d565fac15b3109064364a28c7	36a6ecc7d8cfdbd335386ad2ecde166c
28709	a9c83a9d02d55f9b31d5ee6003964ddc	bc31692d565fac15b3109064364a28c7	36a6ecc7d8cfdbd335386ad2ecde166c
28710	a9c83a9d02d55f9b31d5ee6003964ddc	bc31692d565fac15b3109064364a28c7	36a6ecc7d8cfdbd335386ad2ecde166c
28711	a9c83a9d02d55f9b31d5ee6003964ddc	bc31692d565fac15b3109064364a28c7	36a6ecc7d8cfdbd335386ad2ecde166c
28712	600790385c990d6f0eb4ef23bbb50028	161dc508fb6ab9790353f82e77bcaa03	6289cb43f2e592e95afae4fd897e9b84
28713	600790385c990d6f0eb4ef23bbb50028	161dc508fb6ab9790353f82e77bcaa03	6289cb43f2e592e95afae4fd897e9b84
28714	600790385c990d6f0eb4ef23bbb50028	161dc508fb6ab9790353f82e77bcaa03	6289cb43f2e592e95afae4fd897e9b84
28715	600790385c990d6f0eb4ef23bbb50028	161dc508fb6ab9790353f82e77bcaa03	6289cb43f2e592e95afae4fd897e9b84
28716	600790385c990d6f0eb4ef23bbb50028	161dc508fb6ab9790353f82e77bcaa03	6289cb43f2e592e95afae4fd897e9b84
28717	034748e7a7c862b36c83a2f1ca41ac23	2ac92b378e3d05b5b710fdfcb9594afc	afaead408d3779338c274b65c802f4e3
28718	034748e7a7c862b36c83a2f1ca41ac23	2ac92b378e3d05b5b710fdfcb9594afc	afaead408d3779338c274b65c802f4e3
28719	034748e7a7c862b36c83a2f1ca41ac23	2ac92b378e3d05b5b710fdfcb9594afc	afaead408d3779338c274b65c802f4e3
28720	c86adc5cbc43a6b68e2a65fa1378d154	4f9bd811bee8e93e4d4d502c5bf95c37	31331f8bca311b8406e54eba74303728
28721	c86adc5cbc43a6b68e2a65fa1378d154	4f9bd811bee8e93e4d4d502c5bf95c37	31331f8bca311b8406e54eba74303728
28722	5bea58a5dfb417da76b9506a8212ea90	576e970af0156102d9ef6823131a6563	64916912b7f6052e5bb1da33809f85a0
28723	5bea58a5dfb417da76b9506a8212ea90	576e970af0156102d9ef6823131a6563	64916912b7f6052e5bb1da33809f85a0
28724	5bea58a5dfb417da76b9506a8212ea90	576e970af0156102d9ef6823131a6563	64916912b7f6052e5bb1da33809f85a0
28725	5bea58a5dfb417da76b9506a8212ea90	576e970af0156102d9ef6823131a6563	64916912b7f6052e5bb1da33809f85a0
28726	5bea58a5dfb417da76b9506a8212ea90	576e970af0156102d9ef6823131a6563	64916912b7f6052e5bb1da33809f85a0
28727	5bea58a5dfb417da76b9506a8212ea90	576e970af0156102d9ef6823131a6563	64916912b7f6052e5bb1da33809f85a0
28728	5bea58a5dfb417da76b9506a8212ea90	576e970af0156102d9ef6823131a6563	64916912b7f6052e5bb1da33809f85a0
28729	5bea58a5dfb417da76b9506a8212ea90	576e970af0156102d9ef6823131a6563	64916912b7f6052e5bb1da33809f85a0
28730	5bea58a5dfb417da76b9506a8212ea90	576e970af0156102d9ef6823131a6563	64916912b7f6052e5bb1da33809f85a0
28731	5bea58a5dfb417da76b9506a8212ea90	576e970af0156102d9ef6823131a6563	64916912b7f6052e5bb1da33809f85a0
28732	5bea58a5dfb417da76b9506a8212ea90	576e970af0156102d9ef6823131a6563	64916912b7f6052e5bb1da33809f85a0
28733	5bea58a5dfb417da76b9506a8212ea90	576e970af0156102d9ef6823131a6563	64916912b7f6052e5bb1da33809f85a0
28734	47d46b6d93ab3b9d3ef479d53826551f	98de97de7bb5d9ebce4d7d3918488d58	4ce0c01c77c11efb40429fc7c02e3653
28735	47d46b6d93ab3b9d3ef479d53826551f	98de97de7bb5d9ebce4d7d3918488d58	4ce0c01c77c11efb40429fc7c02e3653
28736	47d46b6d93ab3b9d3ef479d53826551f	98de97de7bb5d9ebce4d7d3918488d58	4ce0c01c77c11efb40429fc7c02e3653
28737	47d46b6d93ab3b9d3ef479d53826551f	98de97de7bb5d9ebce4d7d3918488d58	4ce0c01c77c11efb40429fc7c02e3653
28738	47d46b6d93ab3b9d3ef479d53826551f	98de97de7bb5d9ebce4d7d3918488d58	4ce0c01c77c11efb40429fc7c02e3653
28739	47d46b6d93ab3b9d3ef479d53826551f	98de97de7bb5d9ebce4d7d3918488d58	4ce0c01c77c11efb40429fc7c02e3653
28740	47d46b6d93ab3b9d3ef479d53826551f	98de97de7bb5d9ebce4d7d3918488d58	4ce0c01c77c11efb40429fc7c02e3653
28741	f98d3008b88a6dbac290b8ca6ae97f05	5134c6997fa55ffa3e7ae5a585c2a8e2	788df23ed432ecc0e064de5b9434f3b9
28742	f98d3008b88a6dbac290b8ca6ae97f05	5134c6997fa55ffa3e7ae5a585c2a8e2	788df23ed432ecc0e064de5b9434f3b9
28743	f98d3008b88a6dbac290b8ca6ae97f05	5134c6997fa55ffa3e7ae5a585c2a8e2	788df23ed432ecc0e064de5b9434f3b9
28744	f98d3008b88a6dbac290b8ca6ae97f05	5134c6997fa55ffa3e7ae5a585c2a8e2	788df23ed432ecc0e064de5b9434f3b9
28745	f98d3008b88a6dbac290b8ca6ae97f05	5134c6997fa55ffa3e7ae5a585c2a8e2	788df23ed432ecc0e064de5b9434f3b9
28746	8f78daa530ce7402592f46195c57cc07	e64d0932c914a6121e852cd303bdd3d8	181f43886aad0e2aa0e544d9313dd1f7
28747	8f78daa530ce7402592f46195c57cc07	e64d0932c914a6121e852cd303bdd3d8	181f43886aad0e2aa0e544d9313dd1f7
28748	8f78daa530ce7402592f46195c57cc07	e64d0932c914a6121e852cd303bdd3d8	181f43886aad0e2aa0e544d9313dd1f7
28749	8f78daa530ce7402592f46195c57cc07	e64d0932c914a6121e852cd303bdd3d8	181f43886aad0e2aa0e544d9313dd1f7
28750	8f78daa530ce7402592f46195c57cc07	e64d0932c914a6121e852cd303bdd3d8	181f43886aad0e2aa0e544d9313dd1f7
28751	8f78daa530ce7402592f46195c57cc07	e64d0932c914a6121e852cd303bdd3d8	181f43886aad0e2aa0e544d9313dd1f7
28752	8f78daa530ce7402592f46195c57cc07	e64d0932c914a6121e852cd303bdd3d8	181f43886aad0e2aa0e544d9313dd1f7
28753	8f78daa530ce7402592f46195c57cc07	e64d0932c914a6121e852cd303bdd3d8	181f43886aad0e2aa0e544d9313dd1f7
28754	8f78daa530ce7402592f46195c57cc07	e64d0932c914a6121e852cd303bdd3d8	181f43886aad0e2aa0e544d9313dd1f7
28755	8f78daa530ce7402592f46195c57cc07	e64d0932c914a6121e852cd303bdd3d8	181f43886aad0e2aa0e544d9313dd1f7
28756	8f78daa530ce7402592f46195c57cc07	e64d0932c914a6121e852cd303bdd3d8	181f43886aad0e2aa0e544d9313dd1f7
28757	8f78daa530ce7402592f46195c57cc07	e64d0932c914a6121e852cd303bdd3d8	181f43886aad0e2aa0e544d9313dd1f7
28758	a4dcbd928359a01e7be1bf12a3b15946	6e2a92d79949d7968faf5d68d862c96d	396267863ab4ef5a89d7c17c2e16c426
28759	a4dcbd928359a01e7be1bf12a3b15946	6e2a92d79949d7968faf5d68d862c96d	396267863ab4ef5a89d7c17c2e16c426
28760	a4dcbd928359a01e7be1bf12a3b15946	6e2a92d79949d7968faf5d68d862c96d	396267863ab4ef5a89d7c17c2e16c426
28761	a4dcbd928359a01e7be1bf12a3b15946	6e2a92d79949d7968faf5d68d862c96d	396267863ab4ef5a89d7c17c2e16c426
28762	a4dcbd928359a01e7be1bf12a3b15946	6e2a92d79949d7968faf5d68d862c96d	396267863ab4ef5a89d7c17c2e16c426
28763	21a19fe46df80bca78088b34c77d7f43	ea84455bd277f54a2fce16164a065454	0ce7a8d015efb852483d2accbe73390b
28764	21a19fe46df80bca78088b34c77d7f43	ea84455bd277f54a2fce16164a065454	0ce7a8d015efb852483d2accbe73390b
28765	21a19fe46df80bca78088b34c77d7f43	ea84455bd277f54a2fce16164a065454	0ce7a8d015efb852483d2accbe73390b
28766	21a19fe46df80bca78088b34c77d7f43	ea84455bd277f54a2fce16164a065454	0ce7a8d015efb852483d2accbe73390b
28767	21a19fe46df80bca78088b34c77d7f43	ea84455bd277f54a2fce16164a065454	0ce7a8d015efb852483d2accbe73390b
28768	21a19fe46df80bca78088b34c77d7f43	ea84455bd277f54a2fce16164a065454	0ce7a8d015efb852483d2accbe73390b
28769	21a19fe46df80bca78088b34c77d7f43	ea84455bd277f54a2fce16164a065454	0ce7a8d015efb852483d2accbe73390b
28770	21a19fe46df80bca78088b34c77d7f43	ea84455bd277f54a2fce16164a065454	0ce7a8d015efb852483d2accbe73390b
28771	21a19fe46df80bca78088b34c77d7f43	ea84455bd277f54a2fce16164a065454	0ce7a8d015efb852483d2accbe73390b
28772	21a19fe46df80bca78088b34c77d7f43	ea84455bd277f54a2fce16164a065454	0ce7a8d015efb852483d2accbe73390b
28773	21a19fe46df80bca78088b34c77d7f43	ea84455bd277f54a2fce16164a065454	0ce7a8d015efb852483d2accbe73390b
28774	21a19fe46df80bca78088b34c77d7f43	ea84455bd277f54a2fce16164a065454	0ce7a8d015efb852483d2accbe73390b
28775	a0cbefcf258a84c5deafbc7ba890b769	4c577d7ed8447c23383bc3cdaf66186e	3dfd9e31b18292f3cfa5753a57e6d8e5
28776	a0cbefcf258a84c5deafbc7ba890b769	4c577d7ed8447c23383bc3cdaf66186e	3dfd9e31b18292f3cfa5753a57e6d8e5
28777	a0cbefcf258a84c5deafbc7ba890b769	4c577d7ed8447c23383bc3cdaf66186e	3dfd9e31b18292f3cfa5753a57e6d8e5
28778	a0cbefcf258a84c5deafbc7ba890b769	4c577d7ed8447c23383bc3cdaf66186e	3dfd9e31b18292f3cfa5753a57e6d8e5
28779	a0cbefcf258a84c5deafbc7ba890b769	4c577d7ed8447c23383bc3cdaf66186e	3dfd9e31b18292f3cfa5753a57e6d8e5
28780	a0cbefcf258a84c5deafbc7ba890b769	4c577d7ed8447c23383bc3cdaf66186e	3dfd9e31b18292f3cfa5753a57e6d8e5
28781	a0cbefcf258a84c5deafbc7ba890b769	4c577d7ed8447c23383bc3cdaf66186e	3dfd9e31b18292f3cfa5753a57e6d8e5
28782	14e55e41a338da4f5e357e5a7202197a	b1af1933a6fbaff91e4acb73cb8b2589	c84650c3ec4ca6439ad7f3e1fc7e9832
28783	14e55e41a338da4f5e357e5a7202197a	b1af1933a6fbaff91e4acb73cb8b2589	c84650c3ec4ca6439ad7f3e1fc7e9832
28784	14e55e41a338da4f5e357e5a7202197a	b1af1933a6fbaff91e4acb73cb8b2589	c84650c3ec4ca6439ad7f3e1fc7e9832
28785	14e55e41a338da4f5e357e5a7202197a	b1af1933a6fbaff91e4acb73cb8b2589	c84650c3ec4ca6439ad7f3e1fc7e9832
28786	14e55e41a338da4f5e357e5a7202197a	b1af1933a6fbaff91e4acb73cb8b2589	c84650c3ec4ca6439ad7f3e1fc7e9832
28787	14e55e41a338da4f5e357e5a7202197a	b1af1933a6fbaff91e4acb73cb8b2589	c84650c3ec4ca6439ad7f3e1fc7e9832
28788	14e55e41a338da4f5e357e5a7202197a	b1af1933a6fbaff91e4acb73cb8b2589	c84650c3ec4ca6439ad7f3e1fc7e9832
28789	14e55e41a338da4f5e357e5a7202197a	b1af1933a6fbaff91e4acb73cb8b2589	c84650c3ec4ca6439ad7f3e1fc7e9832
28790	14e55e41a338da4f5e357e5a7202197a	b1af1933a6fbaff91e4acb73cb8b2589	c84650c3ec4ca6439ad7f3e1fc7e9832
28791	14e55e41a338da4f5e357e5a7202197a	b1af1933a6fbaff91e4acb73cb8b2589	c84650c3ec4ca6439ad7f3e1fc7e9832
28792	40263790995d2b8654bf2372954c27cc	36fd180ccc15a6beef8b9282e542e46f	8f175fbef5c36c46efac180ce448fa9c
28793	40263790995d2b8654bf2372954c27cc	36fd180ccc15a6beef8b9282e542e46f	8f175fbef5c36c46efac180ce448fa9c
28794	40263790995d2b8654bf2372954c27cc	36fd180ccc15a6beef8b9282e542e46f	8f175fbef5c36c46efac180ce448fa9c
28795	40263790995d2b8654bf2372954c27cc	36fd180ccc15a6beef8b9282e542e46f	8f175fbef5c36c46efac180ce448fa9c
28796	40263790995d2b8654bf2372954c27cc	36fd180ccc15a6beef8b9282e542e46f	8f175fbef5c36c46efac180ce448fa9c
28797	40263790995d2b8654bf2372954c27cc	36fd180ccc15a6beef8b9282e542e46f	8f175fbef5c36c46efac180ce448fa9c
28798	40263790995d2b8654bf2372954c27cc	36fd180ccc15a6beef8b9282e542e46f	8f175fbef5c36c46efac180ce448fa9c
28799	a275315cd1060b499d97a3698659e7dd	479c873b8b5c4ed752f985c0dcfce092	ddb5f0202d27d6b1c649b43c257e4a4d
28800	a275315cd1060b499d97a3698659e7dd	479c873b8b5c4ed752f985c0dcfce092	ddb5f0202d27d6b1c649b43c257e4a4d
28801	a275315cd1060b499d97a3698659e7dd	479c873b8b5c4ed752f985c0dcfce092	ddb5f0202d27d6b1c649b43c257e4a4d
28802	46505ce4ae41e53f7acf75ab8124d08e	0c5aed2da8971f693c4dd6d1dc6a3c6d	aace700b797d765702b2d1f89179bf8e
28803	46505ce4ae41e53f7acf75ab8124d08e	0c5aed2da8971f693c4dd6d1dc6a3c6d	aace700b797d765702b2d1f89179bf8e
28804	472606de4dfcd5f22344d233d34b1958	7f77feb317f1378aa329d389b6b03a8b	bec9a7dce6b25fa8f7a27bae6d41e9fc
28805	472606de4dfcd5f22344d233d34b1958	7f77feb317f1378aa329d389b6b03a8b	bec9a7dce6b25fa8f7a27bae6d41e9fc
28806	472606de4dfcd5f22344d233d34b1958	7f77feb317f1378aa329d389b6b03a8b	bec9a7dce6b25fa8f7a27bae6d41e9fc
28807	472606de4dfcd5f22344d233d34b1958	7f77feb317f1378aa329d389b6b03a8b	bec9a7dce6b25fa8f7a27bae6d41e9fc
28808	472606de4dfcd5f22344d233d34b1958	7f77feb317f1378aa329d389b6b03a8b	bec9a7dce6b25fa8f7a27bae6d41e9fc
28809	472606de4dfcd5f22344d233d34b1958	7f77feb317f1378aa329d389b6b03a8b	bec9a7dce6b25fa8f7a27bae6d41e9fc
28810	472606de4dfcd5f22344d233d34b1958	7f77feb317f1378aa329d389b6b03a8b	bec9a7dce6b25fa8f7a27bae6d41e9fc
28811	472606de4dfcd5f22344d233d34b1958	7f77feb317f1378aa329d389b6b03a8b	bec9a7dce6b25fa8f7a27bae6d41e9fc
28812	472606de4dfcd5f22344d233d34b1958	7f77feb317f1378aa329d389b6b03a8b	bec9a7dce6b25fa8f7a27bae6d41e9fc
28813	472606de4dfcd5f22344d233d34b1958	7f77feb317f1378aa329d389b6b03a8b	bec9a7dce6b25fa8f7a27bae6d41e9fc
28814	472606de4dfcd5f22344d233d34b1958	7f77feb317f1378aa329d389b6b03a8b	bec9a7dce6b25fa8f7a27bae6d41e9fc
28815	472606de4dfcd5f22344d233d34b1958	7f77feb317f1378aa329d389b6b03a8b	bec9a7dce6b25fa8f7a27bae6d41e9fc
28816	472606de4dfcd5f22344d233d34b1958	7f77feb317f1378aa329d389b6b03a8b	bec9a7dce6b25fa8f7a27bae6d41e9fc
28817	472606de4dfcd5f22344d233d34b1958	7f77feb317f1378aa329d389b6b03a8b	bec9a7dce6b25fa8f7a27bae6d41e9fc
28818	472606de4dfcd5f22344d233d34b1958	7f77feb317f1378aa329d389b6b03a8b	bec9a7dce6b25fa8f7a27bae6d41e9fc
28819	472606de4dfcd5f22344d233d34b1958	7f77feb317f1378aa329d389b6b03a8b	bec9a7dce6b25fa8f7a27bae6d41e9fc
28820	472606de4dfcd5f22344d233d34b1958	7f77feb317f1378aa329d389b6b03a8b	bec9a7dce6b25fa8f7a27bae6d41e9fc
28821	7f95ff94ba8a743cd189fd634bff620e	13d9e57a22750588cc4f06bb5b2cab65	a0e8a3b61b8e9068044e2b37e7ab1956
28822	7f95ff94ba8a743cd189fd634bff620e	13d9e57a22750588cc4f06bb5b2cab65	a0e8a3b61b8e9068044e2b37e7ab1956
28823	7f95ff94ba8a743cd189fd634bff620e	13d9e57a22750588cc4f06bb5b2cab65	a0e8a3b61b8e9068044e2b37e7ab1956
28824	af3a32de3a6b6d655df300eac9056db2	a37ab6ff1c5f8a8b0773b568b5086501	c056daac61c26d7b191bb4448cbf448e
28825	af3a32de3a6b6d655df300eac9056db2	a37ab6ff1c5f8a8b0773b568b5086501	c056daac61c26d7b191bb4448cbf448e
28826	af3a32de3a6b6d655df300eac9056db2	a37ab6ff1c5f8a8b0773b568b5086501	c056daac61c26d7b191bb4448cbf448e
28827	af3a32de3a6b6d655df300eac9056db2	a37ab6ff1c5f8a8b0773b568b5086501	c056daac61c26d7b191bb4448cbf448e
28828	98e3f05cbfd7f78f2221f19c25eb4536	ae70ab27e5bf79d9b356fad49b7e4075	03dc5d4e16e91bd395202aed38914ea6
28829	98e3f05cbfd7f78f2221f19c25eb4536	ae70ab27e5bf79d9b356fad49b7e4075	03dc5d4e16e91bd395202aed38914ea6
28830	98e3f05cbfd7f78f2221f19c25eb4536	ae70ab27e5bf79d9b356fad49b7e4075	03dc5d4e16e91bd395202aed38914ea6
28831	98e3f05cbfd7f78f2221f19c25eb4536	ae70ab27e5bf79d9b356fad49b7e4075	03dc5d4e16e91bd395202aed38914ea6
28832	98e3f05cbfd7f78f2221f19c25eb4536	ae70ab27e5bf79d9b356fad49b7e4075	03dc5d4e16e91bd395202aed38914ea6
28833	030721e5ab206b5dc094c64e268b6bd9	ada285bceff6175b5ee8207fadc402ae	2aa80a29bbfbd8abfc00ffb86bc71125
28834	030721e5ab206b5dc094c64e268b6bd9	ada285bceff6175b5ee8207fadc402ae	2aa80a29bbfbd8abfc00ffb86bc71125
28835	030721e5ab206b5dc094c64e268b6bd9	ada285bceff6175b5ee8207fadc402ae	2aa80a29bbfbd8abfc00ffb86bc71125
28836	030721e5ab206b5dc094c64e268b6bd9	ada285bceff6175b5ee8207fadc402ae	2aa80a29bbfbd8abfc00ffb86bc71125
28837	030721e5ab206b5dc094c64e268b6bd9	ada285bceff6175b5ee8207fadc402ae	2aa80a29bbfbd8abfc00ffb86bc71125
28838	030721e5ab206b5dc094c64e268b6bd9	ada285bceff6175b5ee8207fadc402ae	2aa80a29bbfbd8abfc00ffb86bc71125
28839	030721e5ab206b5dc094c64e268b6bd9	ada285bceff6175b5ee8207fadc402ae	2aa80a29bbfbd8abfc00ffb86bc71125
28840	e9325b384716eeaccb2d46a61b7dbffb	e103da461439d6204d97eb4c0ed14ecc	52fc7bb89ec5f348b2355892b56fd7c3
28841	e9325b384716eeaccb2d46a61b7dbffb	e103da461439d6204d97eb4c0ed14ecc	52fc7bb89ec5f348b2355892b56fd7c3
28842	e9325b384716eeaccb2d46a61b7dbffb	e103da461439d6204d97eb4c0ed14ecc	52fc7bb89ec5f348b2355892b56fd7c3
28843	e9325b384716eeaccb2d46a61b7dbffb	e103da461439d6204d97eb4c0ed14ecc	52fc7bb89ec5f348b2355892b56fd7c3
28844	e9325b384716eeaccb2d46a61b7dbffb	e103da461439d6204d97eb4c0ed14ecc	52fc7bb89ec5f348b2355892b56fd7c3
28845	917f5e16be37046095d95c47c7b9c398	129def22744f4b5c959ab90150e8202b	20db65324ab5a968779c213e7710d518
28846	917f5e16be37046095d95c47c7b9c398	129def22744f4b5c959ab90150e8202b	20db65324ab5a968779c213e7710d518
28847	917f5e16be37046095d95c47c7b9c398	129def22744f4b5c959ab90150e8202b	20db65324ab5a968779c213e7710d518
28848	917f5e16be37046095d95c47c7b9c398	129def22744f4b5c959ab90150e8202b	20db65324ab5a968779c213e7710d518
28849	917f5e16be37046095d95c47c7b9c398	129def22744f4b5c959ab90150e8202b	20db65324ab5a968779c213e7710d518
28850	917f5e16be37046095d95c47c7b9c398	129def22744f4b5c959ab90150e8202b	20db65324ab5a968779c213e7710d518
28851	917f5e16be37046095d95c47c7b9c398	129def22744f4b5c959ab90150e8202b	20db65324ab5a968779c213e7710d518
28852	134432f5795f8c2af2809cf3dcf74a99	11df9ee9289beb3a7725e81956413006	5eb8aa8ea9bee2f2165b363e07dc2dc9
28853	134432f5795f8c2af2809cf3dcf74a99	11df9ee9289beb3a7725e81956413006	5eb8aa8ea9bee2f2165b363e07dc2dc9
28854	134432f5795f8c2af2809cf3dcf74a99	11df9ee9289beb3a7725e81956413006	5eb8aa8ea9bee2f2165b363e07dc2dc9
28855	134432f5795f8c2af2809cf3dcf74a99	11df9ee9289beb3a7725e81956413006	5eb8aa8ea9bee2f2165b363e07dc2dc9
28856	134432f5795f8c2af2809cf3dcf74a99	11df9ee9289beb3a7725e81956413006	5eb8aa8ea9bee2f2165b363e07dc2dc9
28857	b1e5fb430c97826a47807b29b90c7696	4c412289e83e419260407c63e452601d	8601d2f26941e546f9c2001d6c99f566
28858	b1e5fb430c97826a47807b29b90c7696	4c412289e83e419260407c63e452601d	8601d2f26941e546f9c2001d6c99f566
28859	b1e5fb430c97826a47807b29b90c7696	4c412289e83e419260407c63e452601d	8601d2f26941e546f9c2001d6c99f566
28860	b1e5fb430c97826a47807b29b90c7696	4c412289e83e419260407c63e452601d	8601d2f26941e546f9c2001d6c99f566
28861	b1e5fb430c97826a47807b29b90c7696	4c412289e83e419260407c63e452601d	8601d2f26941e546f9c2001d6c99f566
28862	afa7521724a4d41a2870dd2833dc131f	f98064d04a206a8a01d00991ac209410	0a1ad28c257f8e04c07a88e937aefa43
28863	afa7521724a4d41a2870dd2833dc131f	f98064d04a206a8a01d00991ac209410	0a1ad28c257f8e04c07a88e937aefa43
28864	afa7521724a4d41a2870dd2833dc131f	f98064d04a206a8a01d00991ac209410	0a1ad28c257f8e04c07a88e937aefa43
28865	afa7521724a4d41a2870dd2833dc131f	f98064d04a206a8a01d00991ac209410	0a1ad28c257f8e04c07a88e937aefa43
28866	afa7521724a4d41a2870dd2833dc131f	f98064d04a206a8a01d00991ac209410	0a1ad28c257f8e04c07a88e937aefa43
28867	afa7521724a4d41a2870dd2833dc131f	f98064d04a206a8a01d00991ac209410	0a1ad28c257f8e04c07a88e937aefa43
28868	afa7521724a4d41a2870dd2833dc131f	f98064d04a206a8a01d00991ac209410	0a1ad28c257f8e04c07a88e937aefa43
28869	0b7e0d71974d99b8698e3bc7327b0f4a	536bd6414a23dcf44258d41233002921	666fe6a3c0b30a363d8fbf7df5645a2e
28870	0b7e0d71974d99b8698e3bc7327b0f4a	536bd6414a23dcf44258d41233002921	666fe6a3c0b30a363d8fbf7df5645a2e
28871	0b7e0d71974d99b8698e3bc7327b0f4a	536bd6414a23dcf44258d41233002921	666fe6a3c0b30a363d8fbf7df5645a2e
28872	0b7e0d71974d99b8698e3bc7327b0f4a	536bd6414a23dcf44258d41233002921	666fe6a3c0b30a363d8fbf7df5645a2e
28873	0b7e0d71974d99b8698e3bc7327b0f4a	536bd6414a23dcf44258d41233002921	666fe6a3c0b30a363d8fbf7df5645a2e
28874	4d45d851bcbbda99383d59b27d20092d	1f8656efdf5746e7aa3e6dd758292b02	80f43a33e6a9123769387d75214951d1
28875	4d45d851bcbbda99383d59b27d20092d	1f8656efdf5746e7aa3e6dd758292b02	80f43a33e6a9123769387d75214951d1
28876	4d45d851bcbbda99383d59b27d20092d	1f8656efdf5746e7aa3e6dd758292b02	80f43a33e6a9123769387d75214951d1
28877	4d45d851bcbbda99383d59b27d20092d	1f8656efdf5746e7aa3e6dd758292b02	80f43a33e6a9123769387d75214951d1
28878	4d45d851bcbbda99383d59b27d20092d	1f8656efdf5746e7aa3e6dd758292b02	80f43a33e6a9123769387d75214951d1
28879	4d45d851bcbbda99383d59b27d20092d	1f8656efdf5746e7aa3e6dd758292b02	80f43a33e6a9123769387d75214951d1
28880	4d45d851bcbbda99383d59b27d20092d	1f8656efdf5746e7aa3e6dd758292b02	80f43a33e6a9123769387d75214951d1
28881	4d45d851bcbbda99383d59b27d20092d	1f8656efdf5746e7aa3e6dd758292b02	80f43a33e6a9123769387d75214951d1
28882	4d45d851bcbbda99383d59b27d20092d	1f8656efdf5746e7aa3e6dd758292b02	80f43a33e6a9123769387d75214951d1
28883	4d45d851bcbbda99383d59b27d20092d	1f8656efdf5746e7aa3e6dd758292b02	80f43a33e6a9123769387d75214951d1
28884	4d45d851bcbbda99383d59b27d20092d	1f8656efdf5746e7aa3e6dd758292b02	80f43a33e6a9123769387d75214951d1
28885	4d45d851bcbbda99383d59b27d20092d	1f8656efdf5746e7aa3e6dd758292b02	80f43a33e6a9123769387d75214951d1
28886	4d45d851bcbbda99383d59b27d20092d	1f8656efdf5746e7aa3e6dd758292b02	80f43a33e6a9123769387d75214951d1
28887	4d45d851bcbbda99383d59b27d20092d	1f8656efdf5746e7aa3e6dd758292b02	80f43a33e6a9123769387d75214951d1
28888	4d45d851bcbbda99383d59b27d20092d	1f8656efdf5746e7aa3e6dd758292b02	80f43a33e6a9123769387d75214951d1
28889	4d45d851bcbbda99383d59b27d20092d	1f8656efdf5746e7aa3e6dd758292b02	80f43a33e6a9123769387d75214951d1
28890	97628e104c55ffdfdcd19d6819428504	7a6c8556dff84da9a82f15eeddc972ef	705660523c5479e1f8374ea450354a60
28891	f25c83f49cf9b160ce5f8cfeef50f449	3f075cd31574bf24ea14c4f011a94b16	0083dd6a52f5a3b285c02d4a52ef49bd
28892	f25c83f49cf9b160ce5f8cfeef50f449	3f075cd31574bf24ea14c4f011a94b16	0083dd6a52f5a3b285c02d4a52ef49bd
28893	f25c83f49cf9b160ce5f8cfeef50f449	3f075cd31574bf24ea14c4f011a94b16	0083dd6a52f5a3b285c02d4a52ef49bd
28894	f25c83f49cf9b160ce5f8cfeef50f449	3f075cd31574bf24ea14c4f011a94b16	0083dd6a52f5a3b285c02d4a52ef49bd
28895	f25c83f49cf9b160ce5f8cfeef50f449	3f075cd31574bf24ea14c4f011a94b16	0083dd6a52f5a3b285c02d4a52ef49bd
28896	f25c83f49cf9b160ce5f8cfeef50f449	3f075cd31574bf24ea14c4f011a94b16	0083dd6a52f5a3b285c02d4a52ef49bd
28897	f25c83f49cf9b160ce5f8cfeef50f449	3f075cd31574bf24ea14c4f011a94b16	0083dd6a52f5a3b285c02d4a52ef49bd
28898	9a2fff7c1f785ef1036ca54e3c0b72ef	18410b0b131c423fd18cee79301edb08	0b944bdd884d2a51725a326cd0097707
28899	9a2fff7c1f785ef1036ca54e3c0b72ef	18410b0b131c423fd18cee79301edb08	0b944bdd884d2a51725a326cd0097707
28900	9a2fff7c1f785ef1036ca54e3c0b72ef	18410b0b131c423fd18cee79301edb08	0b944bdd884d2a51725a326cd0097707
28901	1bfcb60e72d8dff11b135b331b1e2d1c	4438f40b838022c7bea4f0dae42c69e7	bc7a0e3e37f4e9316412c1bf7c9b639c
28902	1bfcb60e72d8dff11b135b331b1e2d1c	4438f40b838022c7bea4f0dae42c69e7	bc7a0e3e37f4e9316412c1bf7c9b639c
28903	2660d918f97fb1ed68446d87bd6ed275	4766e333e289952b3c6f4e357e07e57a	06f5da5896f894a1e90661d9bde13305
28904	2660d918f97fb1ed68446d87bd6ed275	4766e333e289952b3c6f4e357e07e57a	06f5da5896f894a1e90661d9bde13305
28905	2660d918f97fb1ed68446d87bd6ed275	4766e333e289952b3c6f4e357e07e57a	06f5da5896f894a1e90661d9bde13305
28906	2660d918f97fb1ed68446d87bd6ed275	4766e333e289952b3c6f4e357e07e57a	06f5da5896f894a1e90661d9bde13305
28907	2660d918f97fb1ed68446d87bd6ed275	4766e333e289952b3c6f4e357e07e57a	06f5da5896f894a1e90661d9bde13305
28908	2660d918f97fb1ed68446d87bd6ed275	4766e333e289952b3c6f4e357e07e57a	06f5da5896f894a1e90661d9bde13305
28909	2660d918f97fb1ed68446d87bd6ed275	4766e333e289952b3c6f4e357e07e57a	06f5da5896f894a1e90661d9bde13305
28910	bd8aa1fa639450f91e5923eb2f538ac9	459c93102a7cc807b48fd80832820cde	6767e2662d6aa723a3cc1c82b23cd38d
28911	bd8aa1fa639450f91e5923eb2f538ac9	459c93102a7cc807b48fd80832820cde	6767e2662d6aa723a3cc1c82b23cd38d
28912	bd8aa1fa639450f91e5923eb2f538ac9	459c93102a7cc807b48fd80832820cde	6767e2662d6aa723a3cc1c82b23cd38d
28913	bd8aa1fa639450f91e5923eb2f538ac9	459c93102a7cc807b48fd80832820cde	6767e2662d6aa723a3cc1c82b23cd38d
28914	bd8aa1fa639450f91e5923eb2f538ac9	459c93102a7cc807b48fd80832820cde	6767e2662d6aa723a3cc1c82b23cd38d
28915	34b790da13c3eaaef87821213b151bdc	c0bc184337df1f966ee8fa0f5d44abef	c77bddb5ca11bbd449443deb32e9d1c0
28916	34b790da13c3eaaef87821213b151bdc	c0bc184337df1f966ee8fa0f5d44abef	c77bddb5ca11bbd449443deb32e9d1c0
28917	34b790da13c3eaaef87821213b151bdc	c0bc184337df1f966ee8fa0f5d44abef	c77bddb5ca11bbd449443deb32e9d1c0
28918	34b790da13c3eaaef87821213b151bdc	c0bc184337df1f966ee8fa0f5d44abef	c77bddb5ca11bbd449443deb32e9d1c0
28919	34b790da13c3eaaef87821213b151bdc	c0bc184337df1f966ee8fa0f5d44abef	c77bddb5ca11bbd449443deb32e9d1c0
28920	34b790da13c3eaaef87821213b151bdc	c0bc184337df1f966ee8fa0f5d44abef	c77bddb5ca11bbd449443deb32e9d1c0
28921	34b790da13c3eaaef87821213b151bdc	c0bc184337df1f966ee8fa0f5d44abef	c77bddb5ca11bbd449443deb32e9d1c0
28922	34b790da13c3eaaef87821213b151bdc	c0bc184337df1f966ee8fa0f5d44abef	c77bddb5ca11bbd449443deb32e9d1c0
28923	34b790da13c3eaaef87821213b151bdc	c0bc184337df1f966ee8fa0f5d44abef	c77bddb5ca11bbd449443deb32e9d1c0
28924	34b790da13c3eaaef87821213b151bdc	c0bc184337df1f966ee8fa0f5d44abef	c77bddb5ca11bbd449443deb32e9d1c0
28925	34b790da13c3eaaef87821213b151bdc	c0bc184337df1f966ee8fa0f5d44abef	c77bddb5ca11bbd449443deb32e9d1c0
28926	34b790da13c3eaaef87821213b151bdc	c0bc184337df1f966ee8fa0f5d44abef	c77bddb5ca11bbd449443deb32e9d1c0
28927	34b790da13c3eaaef87821213b151bdc	c0bc184337df1f966ee8fa0f5d44abef	c77bddb5ca11bbd449443deb32e9d1c0
28928	34b790da13c3eaaef87821213b151bdc	c0bc184337df1f966ee8fa0f5d44abef	c77bddb5ca11bbd449443deb32e9d1c0
28929	34b790da13c3eaaef87821213b151bdc	c0bc184337df1f966ee8fa0f5d44abef	c77bddb5ca11bbd449443deb32e9d1c0
28930	34b790da13c3eaaef87821213b151bdc	c0bc184337df1f966ee8fa0f5d44abef	c77bddb5ca11bbd449443deb32e9d1c0
28931	34b790da13c3eaaef87821213b151bdc	c0bc184337df1f966ee8fa0f5d44abef	c77bddb5ca11bbd449443deb32e9d1c0
28932	d5bd0db4e7ce44ddd82ec5bb409718d2	4182fd7bfa2257536b1e2f93efd067f1	0df65e0a38e789091eb17819d6b9ad6a
28933	d5bd0db4e7ce44ddd82ec5bb409718d2	4182fd7bfa2257536b1e2f93efd067f1	0df65e0a38e789091eb17819d6b9ad6a
28934	d5bd0db4e7ce44ddd82ec5bb409718d2	4182fd7bfa2257536b1e2f93efd067f1	0df65e0a38e789091eb17819d6b9ad6a
28935	d5bd0db4e7ce44ddd82ec5bb409718d2	4182fd7bfa2257536b1e2f93efd067f1	0df65e0a38e789091eb17819d6b9ad6a
28936	d5bd0db4e7ce44ddd82ec5bb409718d2	4182fd7bfa2257536b1e2f93efd067f1	0df65e0a38e789091eb17819d6b9ad6a
28937	d5bd0db4e7ce44ddd82ec5bb409718d2	4182fd7bfa2257536b1e2f93efd067f1	0df65e0a38e789091eb17819d6b9ad6a
28938	d5bd0db4e7ce44ddd82ec5bb409718d2	4182fd7bfa2257536b1e2f93efd067f1	0df65e0a38e789091eb17819d6b9ad6a
28939	b5ea819a53172b89945eae19724f0b99	57aceb52ee3ecb8750316969f457211e	4d82143a4a892a2f4ddb268c3e0b804d
28940	b5ea819a53172b89945eae19724f0b99	57aceb52ee3ecb8750316969f457211e	4d82143a4a892a2f4ddb268c3e0b804d
28941	b5ea819a53172b89945eae19724f0b99	57aceb52ee3ecb8750316969f457211e	4d82143a4a892a2f4ddb268c3e0b804d
28942	b02b70a49546b69cec2f111a98ff1849	9a7814ea629b7cc08dbb7d88216931c6	03858c1b056dad42d80598de49d0a6cd
28943	b02b70a49546b69cec2f111a98ff1849	9a7814ea629b7cc08dbb7d88216931c6	03858c1b056dad42d80598de49d0a6cd
28944	3070436f0496ae07ac3067cf798a20bb	d1a679b9a29d0c895282eee5700c44f4	1c2a660c01f38fe3ae39d96cfe38b9b3
28945	3070436f0496ae07ac3067cf798a20bb	d1a679b9a29d0c895282eee5700c44f4	1c2a660c01f38fe3ae39d96cfe38b9b3
28946	3070436f0496ae07ac3067cf798a20bb	d1a679b9a29d0c895282eee5700c44f4	1c2a660c01f38fe3ae39d96cfe38b9b3
28947	3070436f0496ae07ac3067cf798a20bb	d1a679b9a29d0c895282eee5700c44f4	1c2a660c01f38fe3ae39d96cfe38b9b3
28948	3070436f0496ae07ac3067cf798a20bb	d1a679b9a29d0c895282eee5700c44f4	1c2a660c01f38fe3ae39d96cfe38b9b3
28949	3070436f0496ae07ac3067cf798a20bb	d1a679b9a29d0c895282eee5700c44f4	1c2a660c01f38fe3ae39d96cfe38b9b3
28950	3070436f0496ae07ac3067cf798a20bb	d1a679b9a29d0c895282eee5700c44f4	1c2a660c01f38fe3ae39d96cfe38b9b3
28951	3070436f0496ae07ac3067cf798a20bb	d1a679b9a29d0c895282eee5700c44f4	1c2a660c01f38fe3ae39d96cfe38b9b3
28952	3070436f0496ae07ac3067cf798a20bb	d1a679b9a29d0c895282eee5700c44f4	1c2a660c01f38fe3ae39d96cfe38b9b3
28953	3070436f0496ae07ac3067cf798a20bb	d1a679b9a29d0c895282eee5700c44f4	1c2a660c01f38fe3ae39d96cfe38b9b3
28954	3070436f0496ae07ac3067cf798a20bb	d1a679b9a29d0c895282eee5700c44f4	1c2a660c01f38fe3ae39d96cfe38b9b3
28955	3070436f0496ae07ac3067cf798a20bb	d1a679b9a29d0c895282eee5700c44f4	1c2a660c01f38fe3ae39d96cfe38b9b3
28956	a3317825162cded1f8c39d7ea36beecd	6e8ea23a607a0ccf50a3c2b75af16742	e0f60472b6ae2b45241e8a40b151c03d
28957	a3317825162cded1f8c39d7ea36beecd	6e8ea23a607a0ccf50a3c2b75af16742	e0f60472b6ae2b45241e8a40b151c03d
28958	a3317825162cded1f8c39d7ea36beecd	6e8ea23a607a0ccf50a3c2b75af16742	e0f60472b6ae2b45241e8a40b151c03d
28959	a3317825162cded1f8c39d7ea36beecd	6e8ea23a607a0ccf50a3c2b75af16742	e0f60472b6ae2b45241e8a40b151c03d
28960	a3317825162cded1f8c39d7ea36beecd	6e8ea23a607a0ccf50a3c2b75af16742	e0f60472b6ae2b45241e8a40b151c03d
28961	c01fa6c49037557ee854ee296ce53b01	a11cc5b73643e74e76300e35a6f7874e	b4f5142ed91f14eeabd9907588118929
28962	c01fa6c49037557ee854ee296ce53b01	a11cc5b73643e74e76300e35a6f7874e	b4f5142ed91f14eeabd9907588118929
28963	c01fa6c49037557ee854ee296ce53b01	a11cc5b73643e74e76300e35a6f7874e	b4f5142ed91f14eeabd9907588118929
28964	0f938e3248b94a4ed3e6310791e242cc	ddb382369a75e756c997b9e0a3512a0f	2aa89c8531060b745c1b4972e7d95938
28965	0f938e3248b94a4ed3e6310791e242cc	ddb382369a75e756c997b9e0a3512a0f	2aa89c8531060b745c1b4972e7d95938
28966	0f938e3248b94a4ed3e6310791e242cc	ddb382369a75e756c997b9e0a3512a0f	2aa89c8531060b745c1b4972e7d95938
28967	0f938e3248b94a4ed3e6310791e242cc	ddb382369a75e756c997b9e0a3512a0f	2aa89c8531060b745c1b4972e7d95938
28968	627b8f8c47a138a4632c912f8154761c	7982bf8a6ca353202e3642f2f123b6ff	0821223a342284fa32c343c9b6dc66c0
28969	627b8f8c47a138a4632c912f8154761c	7982bf8a6ca353202e3642f2f123b6ff	0821223a342284fa32c343c9b6dc66c0
28970	627b8f8c47a138a4632c912f8154761c	7982bf8a6ca353202e3642f2f123b6ff	0821223a342284fa32c343c9b6dc66c0
28971	627b8f8c47a138a4632c912f8154761c	7982bf8a6ca353202e3642f2f123b6ff	0821223a342284fa32c343c9b6dc66c0
28972	627b8f8c47a138a4632c912f8154761c	7982bf8a6ca353202e3642f2f123b6ff	0821223a342284fa32c343c9b6dc66c0
28973	1cb89fc9e5683d0bda230bbba95bfe30	40f33af9a8052855228d2947064cbb9b	9d6feaf0cdd021c1d00fc8308ebb56f4
28974	1cb89fc9e5683d0bda230bbba95bfe30	40f33af9a8052855228d2947064cbb9b	9d6feaf0cdd021c1d00fc8308ebb56f4
28975	1cb89fc9e5683d0bda230bbba95bfe30	40f33af9a8052855228d2947064cbb9b	9d6feaf0cdd021c1d00fc8308ebb56f4
28976	1cb89fc9e5683d0bda230bbba95bfe30	40f33af9a8052855228d2947064cbb9b	9d6feaf0cdd021c1d00fc8308ebb56f4
28977	1cb89fc9e5683d0bda230bbba95bfe30	40f33af9a8052855228d2947064cbb9b	9d6feaf0cdd021c1d00fc8308ebb56f4
28978	1cb89fc9e5683d0bda230bbba95bfe30	40f33af9a8052855228d2947064cbb9b	9d6feaf0cdd021c1d00fc8308ebb56f4
28979	1cb89fc9e5683d0bda230bbba95bfe30	40f33af9a8052855228d2947064cbb9b	9d6feaf0cdd021c1d00fc8308ebb56f4
28980	c37cd63777949c173ee5fc62f7317bfa	e28fa22c88db6691d6befa0d1b9922d9	58873df1b92c0b77692db55a7c364e3a
28981	c37cd63777949c173ee5fc62f7317bfa	e28fa22c88db6691d6befa0d1b9922d9	58873df1b92c0b77692db55a7c364e3a
28982	c37cd63777949c173ee5fc62f7317bfa	e28fa22c88db6691d6befa0d1b9922d9	58873df1b92c0b77692db55a7c364e3a
28983	54f127259cec2173d6eebd1287521ae1	37267d5def537a65a99f4ba18598eaf6	099dfa3daace8ea9de006290c5384bcd
28984	c37cd63777949c173ee5fc62f7317bfa	e28fa22c88db6691d6befa0d1b9922d9	58873df1b92c0b77692db55a7c364e3a
28985	9f721bd6114c0f779f1655e4e6329be8	910efe20acb851413ca6e47a89449123	93f4a3d902baeae3d3665a737d14ae18
28986	9f721bd6114c0f779f1655e4e6329be8	910efe20acb851413ca6e47a89449123	93f4a3d902baeae3d3665a737d14ae18
28987	9f721bd6114c0f779f1655e4e6329be8	910efe20acb851413ca6e47a89449123	93f4a3d902baeae3d3665a737d14ae18
28988	9f721bd6114c0f779f1655e4e6329be8	910efe20acb851413ca6e47a89449123	93f4a3d902baeae3d3665a737d14ae18
28989	9f721bd6114c0f779f1655e4e6329be8	910efe20acb851413ca6e47a89449123	93f4a3d902baeae3d3665a737d14ae18
28990	9f721bd6114c0f779f1655e4e6329be8	910efe20acb851413ca6e47a89449123	93f4a3d902baeae3d3665a737d14ae18
28991	9f721bd6114c0f779f1655e4e6329be8	910efe20acb851413ca6e47a89449123	93f4a3d902baeae3d3665a737d14ae18
28992	3247a90eaa0e92e632290fde57e61a6a	f05a26255296930ee87f57bb5a7a4b91	929d6bbf89a558924100e760589a2fe2
28993	3247a90eaa0e92e632290fde57e61a6a	f05a26255296930ee87f57bb5a7a4b91	929d6bbf89a558924100e760589a2fe2
28994	3247a90eaa0e92e632290fde57e61a6a	f05a26255296930ee87f57bb5a7a4b91	929d6bbf89a558924100e760589a2fe2
28995	3247a90eaa0e92e632290fde57e61a6a	f05a26255296930ee87f57bb5a7a4b91	929d6bbf89a558924100e760589a2fe2
28996	3247a90eaa0e92e632290fde57e61a6a	f05a26255296930ee87f57bb5a7a4b91	929d6bbf89a558924100e760589a2fe2
28997	8432bbdd13f5fef6149512dd120d9f61	1df6ddbf90343e56f6f01d2c2060723e	5df184c5882159cc97f9ddf958aca765
28998	8432bbdd13f5fef6149512dd120d9f61	1df6ddbf90343e56f6f01d2c2060723e	5df184c5882159cc97f9ddf958aca765
28999	8432bbdd13f5fef6149512dd120d9f61	1df6ddbf90343e56f6f01d2c2060723e	5df184c5882159cc97f9ddf958aca765
29000	8432bbdd13f5fef6149512dd120d9f61	1df6ddbf90343e56f6f01d2c2060723e	5df184c5882159cc97f9ddf958aca765
29001	8432bbdd13f5fef6149512dd120d9f61	1df6ddbf90343e56f6f01d2c2060723e	5df184c5882159cc97f9ddf958aca765
29002	9d0a9b376b3b5c44f03c2996aeb1f1ec	0b36b69eee09f650bb3deee64473d8cf	4c855738e161828ab12a79f6fd892f88
29003	9d0a9b376b3b5c44f03c2996aeb1f1ec	0b36b69eee09f650bb3deee64473d8cf	4c855738e161828ab12a79f6fd892f88
29004	9d0a9b376b3b5c44f03c2996aeb1f1ec	0b36b69eee09f650bb3deee64473d8cf	4c855738e161828ab12a79f6fd892f88
29005	2cc815539da21652fea368d792b45cf1	a218af59a0aecdf28216899046fbea4e	ab958794b9d34d62aad50a720deefa71
29006	2cc815539da21652fea368d792b45cf1	a218af59a0aecdf28216899046fbea4e	ab958794b9d34d62aad50a720deefa71
29007	527a9b38e90fd700fea21bb4fb04d932	a98bee3e4007f9dc65525828040974e9	986582a79b2957628c91f13b553a4f66
29008	527a9b38e90fd700fea21bb4fb04d932	a98bee3e4007f9dc65525828040974e9	986582a79b2957628c91f13b553a4f66
29009	9d0a9b376b3b5c44f03c2996aeb1f1ec	0b36b69eee09f650bb3deee64473d8cf	4c855738e161828ab12a79f6fd892f88
29010	9d0a9b376b3b5c44f03c2996aeb1f1ec	0b36b69eee09f650bb3deee64473d8cf	4c855738e161828ab12a79f6fd892f88
29011	9d0a9b376b3b5c44f03c2996aeb1f1ec	0b36b69eee09f650bb3deee64473d8cf	4c855738e161828ab12a79f6fd892f88
29012	9d0a9b376b3b5c44f03c2996aeb1f1ec	0b36b69eee09f650bb3deee64473d8cf	4c855738e161828ab12a79f6fd892f88
29013	9d0a9b376b3b5c44f03c2996aeb1f1ec	0b36b69eee09f650bb3deee64473d8cf	4c855738e161828ab12a79f6fd892f88
29014	6c1ae59ba2f917162c81b886d9602c35	6e096f61e2c257a6a457fc717231d7c2	9cec8e97e9a2599eb48ea5f4bf4c1075
29015	6c1ae59ba2f917162c81b886d9602c35	6e096f61e2c257a6a457fc717231d7c2	9cec8e97e9a2599eb48ea5f4bf4c1075
29016	6c1ae59ba2f917162c81b886d9602c35	6e096f61e2c257a6a457fc717231d7c2	9cec8e97e9a2599eb48ea5f4bf4c1075
29017	6c1ae59ba2f917162c81b886d9602c35	6e096f61e2c257a6a457fc717231d7c2	9cec8e97e9a2599eb48ea5f4bf4c1075
29018	6c1ae59ba2f917162c81b886d9602c35	6e096f61e2c257a6a457fc717231d7c2	9cec8e97e9a2599eb48ea5f4bf4c1075
29019	6c1ae59ba2f917162c81b886d9602c35	6e096f61e2c257a6a457fc717231d7c2	9cec8e97e9a2599eb48ea5f4bf4c1075
29020	6c1ae59ba2f917162c81b886d9602c35	6e096f61e2c257a6a457fc717231d7c2	9cec8e97e9a2599eb48ea5f4bf4c1075
29021	1bb44cb57b1e9c86be11925a227a10e0	99efe2cea0f4616ebd0c6f3b6da3a6a3	691e8c304ce8aa70dafed33f2076d05c
29022	1bb44cb57b1e9c86be11925a227a10e0	99efe2cea0f4616ebd0c6f3b6da3a6a3	691e8c304ce8aa70dafed33f2076d05c
29023	1bb44cb57b1e9c86be11925a227a10e0	99efe2cea0f4616ebd0c6f3b6da3a6a3	691e8c304ce8aa70dafed33f2076d05c
29024	1bb44cb57b1e9c86be11925a227a10e0	99efe2cea0f4616ebd0c6f3b6da3a6a3	691e8c304ce8aa70dafed33f2076d05c
29025	1bb44cb57b1e9c86be11925a227a10e0	99efe2cea0f4616ebd0c6f3b6da3a6a3	691e8c304ce8aa70dafed33f2076d05c
29026	1bb44cb57b1e9c86be11925a227a10e0	99efe2cea0f4616ebd0c6f3b6da3a6a3	691e8c304ce8aa70dafed33f2076d05c
29027	1bb44cb57b1e9c86be11925a227a10e0	99efe2cea0f4616ebd0c6f3b6da3a6a3	691e8c304ce8aa70dafed33f2076d05c
29028	1bb44cb57b1e9c86be11925a227a10e0	99efe2cea0f4616ebd0c6f3b6da3a6a3	691e8c304ce8aa70dafed33f2076d05c
29029	1bb44cb57b1e9c86be11925a227a10e0	99efe2cea0f4616ebd0c6f3b6da3a6a3	691e8c304ce8aa70dafed33f2076d05c
29030	1bb44cb57b1e9c86be11925a227a10e0	99efe2cea0f4616ebd0c6f3b6da3a6a3	691e8c304ce8aa70dafed33f2076d05c
29031	e457f63774f2306d50d6feb521dd677d	310bdb6bd46d7d8b3661f0c53683c112	e1225fe37bc3b1c909eaf112c50e8be5
29032	e457f63774f2306d50d6feb521dd677d	310bdb6bd46d7d8b3661f0c53683c112	e1225fe37bc3b1c909eaf112c50e8be5
29033	e457f63774f2306d50d6feb521dd677d	310bdb6bd46d7d8b3661f0c53683c112	e1225fe37bc3b1c909eaf112c50e8be5
29034	e457f63774f2306d50d6feb521dd677d	310bdb6bd46d7d8b3661f0c53683c112	e1225fe37bc3b1c909eaf112c50e8be5
29035	e457f63774f2306d50d6feb521dd677d	310bdb6bd46d7d8b3661f0c53683c112	e1225fe37bc3b1c909eaf112c50e8be5
29036	e457f63774f2306d50d6feb521dd677d	310bdb6bd46d7d8b3661f0c53683c112	e1225fe37bc3b1c909eaf112c50e8be5
29037	e457f63774f2306d50d6feb521dd677d	310bdb6bd46d7d8b3661f0c53683c112	e1225fe37bc3b1c909eaf112c50e8be5
29038	c5dda64bf94dc03d5dad86cd5fb2cdc6	c0c9822dd7ba2663b3518bc16992ec35	fa45ac1786b2d0a196ed4d6e00ae0b56
29039	c5dda64bf94dc03d5dad86cd5fb2cdc6	c0c9822dd7ba2663b3518bc16992ec35	fa45ac1786b2d0a196ed4d6e00ae0b56
29040	c5dda64bf94dc03d5dad86cd5fb2cdc6	c0c9822dd7ba2663b3518bc16992ec35	fa45ac1786b2d0a196ed4d6e00ae0b56
29041	c5dda64bf94dc03d5dad86cd5fb2cdc6	c0c9822dd7ba2663b3518bc16992ec35	fa45ac1786b2d0a196ed4d6e00ae0b56
29042	c5dda64bf94dc03d5dad86cd5fb2cdc6	c0c9822dd7ba2663b3518bc16992ec35	fa45ac1786b2d0a196ed4d6e00ae0b56
29043	0960e02f58c1a8637286121240fc7e0d	2bfd454ee4a519e5401ec2452900e882	f0547a6e61530b693435a1e399c42eb9
29044	0960e02f58c1a8637286121240fc7e0d	2bfd454ee4a519e5401ec2452900e882	f0547a6e61530b693435a1e399c42eb9
29045	0960e02f58c1a8637286121240fc7e0d	2bfd454ee4a519e5401ec2452900e882	f0547a6e61530b693435a1e399c42eb9
29046	0960e02f58c1a8637286121240fc7e0d	2bfd454ee4a519e5401ec2452900e882	f0547a6e61530b693435a1e399c42eb9
29047	0960e02f58c1a8637286121240fc7e0d	2bfd454ee4a519e5401ec2452900e882	f0547a6e61530b693435a1e399c42eb9
29048	0960e02f58c1a8637286121240fc7e0d	2bfd454ee4a519e5401ec2452900e882	f0547a6e61530b693435a1e399c42eb9
29049	0960e02f58c1a8637286121240fc7e0d	2bfd454ee4a519e5401ec2452900e882	f0547a6e61530b693435a1e399c42eb9
29050	0960e02f58c1a8637286121240fc7e0d	2bfd454ee4a519e5401ec2452900e882	f0547a6e61530b693435a1e399c42eb9
29051	0960e02f58c1a8637286121240fc7e0d	2bfd454ee4a519e5401ec2452900e882	f0547a6e61530b693435a1e399c42eb9
29052	0960e02f58c1a8637286121240fc7e0d	2bfd454ee4a519e5401ec2452900e882	f0547a6e61530b693435a1e399c42eb9
29053	0960e02f58c1a8637286121240fc7e0d	2bfd454ee4a519e5401ec2452900e882	f0547a6e61530b693435a1e399c42eb9
29054	0960e02f58c1a8637286121240fc7e0d	2bfd454ee4a519e5401ec2452900e882	f0547a6e61530b693435a1e399c42eb9
29055	0960e02f58c1a8637286121240fc7e0d	2bfd454ee4a519e5401ec2452900e882	f0547a6e61530b693435a1e399c42eb9
29056	0960e02f58c1a8637286121240fc7e0d	2bfd454ee4a519e5401ec2452900e882	f0547a6e61530b693435a1e399c42eb9
29057	0960e02f58c1a8637286121240fc7e0d	2bfd454ee4a519e5401ec2452900e882	f0547a6e61530b693435a1e399c42eb9
29058	0960e02f58c1a8637286121240fc7e0d	2bfd454ee4a519e5401ec2452900e882	f0547a6e61530b693435a1e399c42eb9
29059	0960e02f58c1a8637286121240fc7e0d	2bfd454ee4a519e5401ec2452900e882	f0547a6e61530b693435a1e399c42eb9
29060	96d8be1e37b143dbd6ebcfdd11b5ce30	5f9895eb6b5571559dc54c785a3ff6cb	daa7ee03992f0e61d111d8ebfa1efbb4
29061	96d8be1e37b143dbd6ebcfdd11b5ce30	5f9895eb6b5571559dc54c785a3ff6cb	daa7ee03992f0e61d111d8ebfa1efbb4
29062	96d8be1e37b143dbd6ebcfdd11b5ce30	5f9895eb6b5571559dc54c785a3ff6cb	daa7ee03992f0e61d111d8ebfa1efbb4
29063	96d8be1e37b143dbd6ebcfdd11b5ce30	5f9895eb6b5571559dc54c785a3ff6cb	daa7ee03992f0e61d111d8ebfa1efbb4
29064	96d8be1e37b143dbd6ebcfdd11b5ce30	5f9895eb6b5571559dc54c785a3ff6cb	daa7ee03992f0e61d111d8ebfa1efbb4
29065	96d8be1e37b143dbd6ebcfdd11b5ce30	5f9895eb6b5571559dc54c785a3ff6cb	daa7ee03992f0e61d111d8ebfa1efbb4
29066	96d8be1e37b143dbd6ebcfdd11b5ce30	5f9895eb6b5571559dc54c785a3ff6cb	daa7ee03992f0e61d111d8ebfa1efbb4
29067	2f29fd3274d551ac1126c5b69c441aa8	b2297eb6e8717db83875a7361c7e6d1b	fa9a024e9b3640484b5e43e7b1250688
29068	2f29fd3274d551ac1126c5b69c441aa8	b2297eb6e8717db83875a7361c7e6d1b	fa9a024e9b3640484b5e43e7b1250688
29069	2f29fd3274d551ac1126c5b69c441aa8	b2297eb6e8717db83875a7361c7e6d1b	fa9a024e9b3640484b5e43e7b1250688
29070	1fa9180c3e966408d9e63a5ccc1ca45c	8a74648949d1e0d4196029f9d880d4cf	db0d9d4ee819a484a776159a75d04c14
29071	1fa9180c3e966408d9e63a5ccc1ca45c	8a74648949d1e0d4196029f9d880d4cf	db0d9d4ee819a484a776159a75d04c14
29072	0a924a6395551f2da3099fab3d1f351b	539143b6579e36ebf2a458e6ee44f2e4	532e43ee58038f595b7a55ab58522c3b
29073	0a924a6395551f2da3099fab3d1f351b	539143b6579e36ebf2a458e6ee44f2e4	532e43ee58038f595b7a55ab58522c3b
29074	0a924a6395551f2da3099fab3d1f351b	539143b6579e36ebf2a458e6ee44f2e4	532e43ee58038f595b7a55ab58522c3b
29075	0a924a6395551f2da3099fab3d1f351b	539143b6579e36ebf2a458e6ee44f2e4	532e43ee58038f595b7a55ab58522c3b
29076	0a924a6395551f2da3099fab3d1f351b	539143b6579e36ebf2a458e6ee44f2e4	532e43ee58038f595b7a55ab58522c3b
29077	0a924a6395551f2da3099fab3d1f351b	539143b6579e36ebf2a458e6ee44f2e4	532e43ee58038f595b7a55ab58522c3b
29078	0a924a6395551f2da3099fab3d1f351b	539143b6579e36ebf2a458e6ee44f2e4	532e43ee58038f595b7a55ab58522c3b
29079	1838bed4bcf6164f7f064acf95549d6e	371f3c599c8fcc199192c8cc459ff42d	dc467e66f3c92741f25709b2fb993c2a
29080	1838bed4bcf6164f7f064acf95549d6e	371f3c599c8fcc199192c8cc459ff42d	dc467e66f3c92741f25709b2fb993c2a
29081	1838bed4bcf6164f7f064acf95549d6e	371f3c599c8fcc199192c8cc459ff42d	dc467e66f3c92741f25709b2fb993c2a
29082	1838bed4bcf6164f7f064acf95549d6e	371f3c599c8fcc199192c8cc459ff42d	dc467e66f3c92741f25709b2fb993c2a
29083	1838bed4bcf6164f7f064acf95549d6e	371f3c599c8fcc199192c8cc459ff42d	dc467e66f3c92741f25709b2fb993c2a
29084	6f344dd8b7a0c960e8a4112a7856cbea	8e360cef09b3dadc6de3e1dff5747ea1	d9b32f5ccf090bc2825d9d051d15643e
29085	6f344dd8b7a0c960e8a4112a7856cbea	8e360cef09b3dadc6de3e1dff5747ea1	d9b32f5ccf090bc2825d9d051d15643e
29086	6f344dd8b7a0c960e8a4112a7856cbea	8e360cef09b3dadc6de3e1dff5747ea1	d9b32f5ccf090bc2825d9d051d15643e
29087	6f344dd8b7a0c960e8a4112a7856cbea	8e360cef09b3dadc6de3e1dff5747ea1	d9b32f5ccf090bc2825d9d051d15643e
29088	6f344dd8b7a0c960e8a4112a7856cbea	8e360cef09b3dadc6de3e1dff5747ea1	d9b32f5ccf090bc2825d9d051d15643e
29089	6f344dd8b7a0c960e8a4112a7856cbea	8e360cef09b3dadc6de3e1dff5747ea1	d9b32f5ccf090bc2825d9d051d15643e
29090	6f344dd8b7a0c960e8a4112a7856cbea	8e360cef09b3dadc6de3e1dff5747ea1	d9b32f5ccf090bc2825d9d051d15643e
29091	6217e9191a23f118bf4e62346b5d3861	06f2e4e3a8d777fc60bf33c6614c292e	0eb02a82bf3d86e665d639a814992495
29092	6217e9191a23f118bf4e62346b5d3861	06f2e4e3a8d777fc60bf33c6614c292e	0eb02a82bf3d86e665d639a814992495
29093	6217e9191a23f118bf4e62346b5d3861	06f2e4e3a8d777fc60bf33c6614c292e	0eb02a82bf3d86e665d639a814992495
29094	6217e9191a23f118bf4e62346b5d3861	06f2e4e3a8d777fc60bf33c6614c292e	0eb02a82bf3d86e665d639a814992495
29095	6217e9191a23f118bf4e62346b5d3861	06f2e4e3a8d777fc60bf33c6614c292e	0eb02a82bf3d86e665d639a814992495
29096	6217e9191a23f118bf4e62346b5d3861	06f2e4e3a8d777fc60bf33c6614c292e	0eb02a82bf3d86e665d639a814992495
29097	6217e9191a23f118bf4e62346b5d3861	06f2e4e3a8d777fc60bf33c6614c292e	0eb02a82bf3d86e665d639a814992495
29098	6217e9191a23f118bf4e62346b5d3861	06f2e4e3a8d777fc60bf33c6614c292e	0eb02a82bf3d86e665d639a814992495
29099	6217e9191a23f118bf4e62346b5d3861	06f2e4e3a8d777fc60bf33c6614c292e	0eb02a82bf3d86e665d639a814992495
29100	6217e9191a23f118bf4e62346b5d3861	06f2e4e3a8d777fc60bf33c6614c292e	0eb02a82bf3d86e665d639a814992495
29101	c2a144d62603a9ae2929b60e9df9dec6	bd81a869e4ea1c86d2dc86ad585bcc2d	612606fdc685cf6c7837b3460429b88a
29102	c2a144d62603a9ae2929b60e9df9dec6	bd81a869e4ea1c86d2dc86ad585bcc2d	612606fdc685cf6c7837b3460429b88a
29103	c2a144d62603a9ae2929b60e9df9dec6	bd81a869e4ea1c86d2dc86ad585bcc2d	612606fdc685cf6c7837b3460429b88a
29104	c2a144d62603a9ae2929b60e9df9dec6	bd81a869e4ea1c86d2dc86ad585bcc2d	612606fdc685cf6c7837b3460429b88a
29105	c2a144d62603a9ae2929b60e9df9dec6	bd81a869e4ea1c86d2dc86ad585bcc2d	612606fdc685cf6c7837b3460429b88a
29106	c2a144d62603a9ae2929b60e9df9dec6	bd81a869e4ea1c86d2dc86ad585bcc2d	612606fdc685cf6c7837b3460429b88a
29107	c2a144d62603a9ae2929b60e9df9dec6	bd81a869e4ea1c86d2dc86ad585bcc2d	612606fdc685cf6c7837b3460429b88a
29108	526dbfbf2895d9b2f32a081f2f7f3c46	e8fe1e61e1c63a8a0421fb16c91e330d	9916f49ef26ea44e6e79e802ac1669f6
29109	526dbfbf2895d9b2f32a081f2f7f3c46	e8fe1e61e1c63a8a0421fb16c91e330d	9916f49ef26ea44e6e79e802ac1669f6
29110	526dbfbf2895d9b2f32a081f2f7f3c46	e8fe1e61e1c63a8a0421fb16c91e330d	9916f49ef26ea44e6e79e802ac1669f6
29111	526dbfbf2895d9b2f32a081f2f7f3c46	e8fe1e61e1c63a8a0421fb16c91e330d	9916f49ef26ea44e6e79e802ac1669f6
29112	526dbfbf2895d9b2f32a081f2f7f3c46	e8fe1e61e1c63a8a0421fb16c91e330d	9916f49ef26ea44e6e79e802ac1669f6
29113	7d363c8175f9a79365d74016af84a66c	a38f0dbb05903cbdb78c4b11598957a7	4b0c0dc809e47935a1dddf012cb56d70
29114	7d363c8175f9a79365d74016af84a66c	a38f0dbb05903cbdb78c4b11598957a7	4b0c0dc809e47935a1dddf012cb56d70
29115	7d363c8175f9a79365d74016af84a66c	a38f0dbb05903cbdb78c4b11598957a7	4b0c0dc809e47935a1dddf012cb56d70
29116	5bb0e7e601a14b114294514dcc5f75e0	dae691cbe11afe974192c457c76cf6ab	35ddcad1eba5095550a55fd1036b3358
29117	5bb0e7e601a14b114294514dcc5f75e0	dae691cbe11afe974192c457c76cf6ab	35ddcad1eba5095550a55fd1036b3358
29118	3771ad8f7300be7105fbdd914580af3d	886b05005c35a2cf612bb5b4e2ecf462	05e3d80c298e1cd5e725934c51e26c8d
29119	3771ad8f7300be7105fbdd914580af3d	886b05005c35a2cf612bb5b4e2ecf462	05e3d80c298e1cd5e725934c51e26c8d
29120	4f022afcceb7e3f69651b6e577745f5c	103276a8752e5f5e5398c09259fe6a4f	7d4ec13c1fbdf4884a5efaa11d8d5928
29121	4f022afcceb7e3f69651b6e577745f5c	103276a8752e5f5e5398c09259fe6a4f	7d4ec13c1fbdf4884a5efaa11d8d5928
29122	4f022afcceb7e3f69651b6e577745f5c	103276a8752e5f5e5398c09259fe6a4f	7d4ec13c1fbdf4884a5efaa11d8d5928
29123	4f022afcceb7e3f69651b6e577745f5c	103276a8752e5f5e5398c09259fe6a4f	7d4ec13c1fbdf4884a5efaa11d8d5928
29124	4f022afcceb7e3f69651b6e577745f5c	103276a8752e5f5e5398c09259fe6a4f	7d4ec13c1fbdf4884a5efaa11d8d5928
29125	b0a9fa65682c6c870abfe2795cec5a7b	c063b6a7c2a1def9a47994fb64a7bbb4	d63b8df13d431d8dbd7671425fa48eb7
29126	b0a9fa65682c6c870abfe2795cec5a7b	c063b6a7c2a1def9a47994fb64a7bbb4	d63b8df13d431d8dbd7671425fa48eb7
29127	b0a9fa65682c6c870abfe2795cec5a7b	c063b6a7c2a1def9a47994fb64a7bbb4	d63b8df13d431d8dbd7671425fa48eb7
29128	445e1d8b389012112fba31e351d7b96b	b063e3755f5a998f868dc1f17d716d74	d8f6c45375253eef35002aa462be9eaf
29129	445e1d8b389012112fba31e351d7b96b	b063e3755f5a998f868dc1f17d716d74	d8f6c45375253eef35002aa462be9eaf
29130	19f4257c47549da21a1eb61f4bbb3e98	e3003647a60c626a1a368179227baa4b	176b3b0cbd6483a2be55b2c85ef2bee8
29131	19f4257c47549da21a1eb61f4bbb3e98	e3003647a60c626a1a368179227baa4b	176b3b0cbd6483a2be55b2c85ef2bee8
29132	19f4257c47549da21a1eb61f4bbb3e98	e3003647a60c626a1a368179227baa4b	176b3b0cbd6483a2be55b2c85ef2bee8
29133	19f4257c47549da21a1eb61f4bbb3e98	e3003647a60c626a1a368179227baa4b	176b3b0cbd6483a2be55b2c85ef2bee8
29134	19f4257c47549da21a1eb61f4bbb3e98	e3003647a60c626a1a368179227baa4b	176b3b0cbd6483a2be55b2c85ef2bee8
29135	19f4257c47549da21a1eb61f4bbb3e98	e3003647a60c626a1a368179227baa4b	176b3b0cbd6483a2be55b2c85ef2bee8
29136	19f4257c47549da21a1eb61f4bbb3e98	e3003647a60c626a1a368179227baa4b	176b3b0cbd6483a2be55b2c85ef2bee8
29137	eec5be57dd74dee14ce8bfe152f007df	cbe37696c028edbfd78804b29f78eff8	d62099ad66ef19c168f637da554c376f
29138	5663f6632d787b2de22b2a1a445aeb2c	38f354cdbd2a6a133e296dec6a1e0027	f8b95a2d98021579d3f6beceeabd6304
29139	5663f6632d787b2de22b2a1a445aeb2c	38f354cdbd2a6a133e296dec6a1e0027	f8b95a2d98021579d3f6beceeabd6304
29140	5663f6632d787b2de22b2a1a445aeb2c	38f354cdbd2a6a133e296dec6a1e0027	f8b95a2d98021579d3f6beceeabd6304
29141	5663f6632d787b2de22b2a1a445aeb2c	38f354cdbd2a6a133e296dec6a1e0027	f8b95a2d98021579d3f6beceeabd6304
29142	96af5d543eabb4bfc7c3e6d3b450b245	ff180cc6901961613fdc213f9002e40a	7f3ffc26984e93ef22a7e2f560af86ad
29143	96af5d543eabb4bfc7c3e6d3b450b245	ff180cc6901961613fdc213f9002e40a	7f3ffc26984e93ef22a7e2f560af86ad
29144	96af5d543eabb4bfc7c3e6d3b450b245	ff180cc6901961613fdc213f9002e40a	7f3ffc26984e93ef22a7e2f560af86ad
29145	3c3c420b35dfc46baedc748bc3426520	ee76004e281d42354f9a018113012a6b	ffba28036451311d604dc382b4f548b4
29146	3c3c420b35dfc46baedc748bc3426520	ee76004e281d42354f9a018113012a6b	ffba28036451311d604dc382b4f548b4
29147	f8828b7bbc5eee5b2349a8a645d8fe1f	ce63c1fd874bea6d85b93b7bc8939e48	c10d7ed0a0963e59106f35ffe958af23
29148	f8828b7bbc5eee5b2349a8a645d8fe1f	ce63c1fd874bea6d85b93b7bc8939e48	c10d7ed0a0963e59106f35ffe958af23
29149	655dc5aa7c11691f69aa46791ccf6bd8	4edb496eacf46299e257c7038c4f9463	cdf861466a358fb134c12531f776f534
29150	655dc5aa7c11691f69aa46791ccf6bd8	4edb496eacf46299e257c7038c4f9463	cdf861466a358fb134c12531f776f534
29151	655dc5aa7c11691f69aa46791ccf6bd8	4edb496eacf46299e257c7038c4f9463	cdf861466a358fb134c12531f776f534
29152	c8b5a37129b6ac3bfeb44fe68b46202c	cff2811efa9cc8b59c97a67db5f30717	985d7511bb8418fd1c5158189d210d98
29153	655dc5aa7c11691f69aa46791ccf6bd8	4edb496eacf46299e257c7038c4f9463	cdf861466a358fb134c12531f776f534
29154	bde2f2e888b2ee7603cccf324e5c5508	26ee4cc3d3a5670e489430b51240266b	96a928b4eaace52cffbf950ed3f9fbac
29155	bde2f2e888b2ee7603cccf324e5c5508	26ee4cc3d3a5670e489430b51240266b	96a928b4eaace52cffbf950ed3f9fbac
29156	bde2f2e888b2ee7603cccf324e5c5508	26ee4cc3d3a5670e489430b51240266b	96a928b4eaace52cffbf950ed3f9fbac
29157	bde2f2e888b2ee7603cccf324e5c5508	26ee4cc3d3a5670e489430b51240266b	96a928b4eaace52cffbf950ed3f9fbac
29158	bde2f2e888b2ee7603cccf324e5c5508	26ee4cc3d3a5670e489430b51240266b	96a928b4eaace52cffbf950ed3f9fbac
29159	bde2f2e888b2ee7603cccf324e5c5508	26ee4cc3d3a5670e489430b51240266b	96a928b4eaace52cffbf950ed3f9fbac
29160	bde2f2e888b2ee7603cccf324e5c5508	26ee4cc3d3a5670e489430b51240266b	96a928b4eaace52cffbf950ed3f9fbac
29161	bde2f2e888b2ee7603cccf324e5c5508	26ee4cc3d3a5670e489430b51240266b	96a928b4eaace52cffbf950ed3f9fbac
29162	bde2f2e888b2ee7603cccf324e5c5508	26ee4cc3d3a5670e489430b51240266b	96a928b4eaace52cffbf950ed3f9fbac
29163	bde2f2e888b2ee7603cccf324e5c5508	26ee4cc3d3a5670e489430b51240266b	96a928b4eaace52cffbf950ed3f9fbac
29164	bde2f2e888b2ee7603cccf324e5c5508	26ee4cc3d3a5670e489430b51240266b	96a928b4eaace52cffbf950ed3f9fbac
29165	bde2f2e888b2ee7603cccf324e5c5508	26ee4cc3d3a5670e489430b51240266b	96a928b4eaace52cffbf950ed3f9fbac
29166	61ad245753a9d68315491476e4dc3f94	6c2fca4b428f41bdade84b84b8df636f	212dfda92cdc958f7b01e38dec5b7804
29167	61ad245753a9d68315491476e4dc3f94	6c2fca4b428f41bdade84b84b8df636f	212dfda92cdc958f7b01e38dec5b7804
29168	61ad245753a9d68315491476e4dc3f94	6c2fca4b428f41bdade84b84b8df636f	212dfda92cdc958f7b01e38dec5b7804
29169	61ad245753a9d68315491476e4dc3f94	6c2fca4b428f41bdade84b84b8df636f	212dfda92cdc958f7b01e38dec5b7804
29170	61ad245753a9d68315491476e4dc3f94	6c2fca4b428f41bdade84b84b8df636f	212dfda92cdc958f7b01e38dec5b7804
29171	d6bcfee01018a4b26a04d987d5ae6493	695e948ec55ec4a22125c9666fcb13c4	0bf4340f46c563e49b4867cdb786f9cf
29172	d6bcfee01018a4b26a04d987d5ae6493	695e948ec55ec4a22125c9666fcb13c4	0bf4340f46c563e49b4867cdb786f9cf
29173	d6bcfee01018a4b26a04d987d5ae6493	695e948ec55ec4a22125c9666fcb13c4	0bf4340f46c563e49b4867cdb786f9cf
29174	d6bcfee01018a4b26a04d987d5ae6493	695e948ec55ec4a22125c9666fcb13c4	0bf4340f46c563e49b4867cdb786f9cf
29175	d6bcfee01018a4b26a04d987d5ae6493	695e948ec55ec4a22125c9666fcb13c4	0bf4340f46c563e49b4867cdb786f9cf
29176	d6bcfee01018a4b26a04d987d5ae6493	695e948ec55ec4a22125c9666fcb13c4	0bf4340f46c563e49b4867cdb786f9cf
29177	d6bcfee01018a4b26a04d987d5ae6493	695e948ec55ec4a22125c9666fcb13c4	0bf4340f46c563e49b4867cdb786f9cf
29178	d6bcfee01018a4b26a04d987d5ae6493	695e948ec55ec4a22125c9666fcb13c4	0bf4340f46c563e49b4867cdb786f9cf
29179	d6bcfee01018a4b26a04d987d5ae6493	695e948ec55ec4a22125c9666fcb13c4	0bf4340f46c563e49b4867cdb786f9cf
29180	d6bcfee01018a4b26a04d987d5ae6493	695e948ec55ec4a22125c9666fcb13c4	0bf4340f46c563e49b4867cdb786f9cf
29181	d6bcfee01018a4b26a04d987d5ae6493	695e948ec55ec4a22125c9666fcb13c4	0bf4340f46c563e49b4867cdb786f9cf
29182	d6bcfee01018a4b26a04d987d5ae6493	695e948ec55ec4a22125c9666fcb13c4	0bf4340f46c563e49b4867cdb786f9cf
29183	7fdb3c6a8f67f24e9e1061d1ee265dab	b13538a24adfc92e24b89ca4bc58305c	cea230b872cc67d62c2a25937fad063b
29184	7fdb3c6a8f67f24e9e1061d1ee265dab	b13538a24adfc92e24b89ca4bc58305c	cea230b872cc67d62c2a25937fad063b
29185	7fdb3c6a8f67f24e9e1061d1ee265dab	b13538a24adfc92e24b89ca4bc58305c	cea230b872cc67d62c2a25937fad063b
29186	7fdb3c6a8f67f24e9e1061d1ee265dab	b13538a24adfc92e24b89ca4bc58305c	cea230b872cc67d62c2a25937fad063b
29187	7fdb3c6a8f67f24e9e1061d1ee265dab	b13538a24adfc92e24b89ca4bc58305c	cea230b872cc67d62c2a25937fad063b
29188	7fdb3c6a8f67f24e9e1061d1ee265dab	b13538a24adfc92e24b89ca4bc58305c	cea230b872cc67d62c2a25937fad063b
29189	7fdb3c6a8f67f24e9e1061d1ee265dab	b13538a24adfc92e24b89ca4bc58305c	cea230b872cc67d62c2a25937fad063b
29190	383cafbec59b6d1f3c8ebf7f658297e5	c9fd1164b9fabb51e1c6ac2d151c5aca	61b5816522f4a35564bfe981e511b2b1
29191	383cafbec59b6d1f3c8ebf7f658297e5	c9fd1164b9fabb51e1c6ac2d151c5aca	61b5816522f4a35564bfe981e511b2b1
29192	383cafbec59b6d1f3c8ebf7f658297e5	c9fd1164b9fabb51e1c6ac2d151c5aca	61b5816522f4a35564bfe981e511b2b1
29193	383cafbec59b6d1f3c8ebf7f658297e5	c9fd1164b9fabb51e1c6ac2d151c5aca	61b5816522f4a35564bfe981e511b2b1
29194	383cafbec59b6d1f3c8ebf7f658297e5	c9fd1164b9fabb51e1c6ac2d151c5aca	61b5816522f4a35564bfe981e511b2b1
29195	383cafbec59b6d1f3c8ebf7f658297e5	c9fd1164b9fabb51e1c6ac2d151c5aca	61b5816522f4a35564bfe981e511b2b1
29196	383cafbec59b6d1f3c8ebf7f658297e5	c9fd1164b9fabb51e1c6ac2d151c5aca	61b5816522f4a35564bfe981e511b2b1
29197	383cafbec59b6d1f3c8ebf7f658297e5	c9fd1164b9fabb51e1c6ac2d151c5aca	61b5816522f4a35564bfe981e511b2b1
29198	383cafbec59b6d1f3c8ebf7f658297e5	c9fd1164b9fabb51e1c6ac2d151c5aca	61b5816522f4a35564bfe981e511b2b1
29199	383cafbec59b6d1f3c8ebf7f658297e5	c9fd1164b9fabb51e1c6ac2d151c5aca	61b5816522f4a35564bfe981e511b2b1
29200	35df71875ea9c5555dd078c67e75584f	fdd69878bfe3fc53c1df51cbc4991538	87f727259d63e0b76163c9ce48265a2b
29201	35df71875ea9c5555dd078c67e75584f	fdd69878bfe3fc53c1df51cbc4991538	87f727259d63e0b76163c9ce48265a2b
29202	35df71875ea9c5555dd078c67e75584f	fdd69878bfe3fc53c1df51cbc4991538	87f727259d63e0b76163c9ce48265a2b
29203	35df71875ea9c5555dd078c67e75584f	fdd69878bfe3fc53c1df51cbc4991538	87f727259d63e0b76163c9ce48265a2b
29204	35df71875ea9c5555dd078c67e75584f	fdd69878bfe3fc53c1df51cbc4991538	87f727259d63e0b76163c9ce48265a2b
29205	35df71875ea9c5555dd078c67e75584f	fdd69878bfe3fc53c1df51cbc4991538	87f727259d63e0b76163c9ce48265a2b
29206	35df71875ea9c5555dd078c67e75584f	fdd69878bfe3fc53c1df51cbc4991538	87f727259d63e0b76163c9ce48265a2b
29207	e9f397f78b75830b9894965ac0208ead	042748f28259e85d37d0508894dedfc2	595d436ce7feb66996c7569fed3d0169
29208	e9f397f78b75830b9894965ac0208ead	042748f28259e85d37d0508894dedfc2	595d436ce7feb66996c7569fed3d0169
29209	e9f397f78b75830b9894965ac0208ead	042748f28259e85d37d0508894dedfc2	595d436ce7feb66996c7569fed3d0169
29210	e9f397f78b75830b9894965ac0208ead	042748f28259e85d37d0508894dedfc2	595d436ce7feb66996c7569fed3d0169
29211	e9f397f78b75830b9894965ac0208ead	042748f28259e85d37d0508894dedfc2	595d436ce7feb66996c7569fed3d0169
29212	971a8aac22ea6a7937379b59fa5446ee	21fb3528dd846d2f1d9ef760515fd22d	d9fb1f8fa0e2a8dbcb73a90019666892
29213	971a8aac22ea6a7937379b59fa5446ee	21fb3528dd846d2f1d9ef760515fd22d	d9fb1f8fa0e2a8dbcb73a90019666892
29214	971a8aac22ea6a7937379b59fa5446ee	21fb3528dd846d2f1d9ef760515fd22d	d9fb1f8fa0e2a8dbcb73a90019666892
29215	971a8aac22ea6a7937379b59fa5446ee	21fb3528dd846d2f1d9ef760515fd22d	d9fb1f8fa0e2a8dbcb73a90019666892
29216	971a8aac22ea6a7937379b59fa5446ee	21fb3528dd846d2f1d9ef760515fd22d	d9fb1f8fa0e2a8dbcb73a90019666892
29217	971a8aac22ea6a7937379b59fa5446ee	21fb3528dd846d2f1d9ef760515fd22d	d9fb1f8fa0e2a8dbcb73a90019666892
29218	971a8aac22ea6a7937379b59fa5446ee	21fb3528dd846d2f1d9ef760515fd22d	d9fb1f8fa0e2a8dbcb73a90019666892
29219	971a8aac22ea6a7937379b59fa5446ee	21fb3528dd846d2f1d9ef760515fd22d	d9fb1f8fa0e2a8dbcb73a90019666892
29220	971a8aac22ea6a7937379b59fa5446ee	21fb3528dd846d2f1d9ef760515fd22d	d9fb1f8fa0e2a8dbcb73a90019666892
29221	971a8aac22ea6a7937379b59fa5446ee	21fb3528dd846d2f1d9ef760515fd22d	d9fb1f8fa0e2a8dbcb73a90019666892
29222	971a8aac22ea6a7937379b59fa5446ee	21fb3528dd846d2f1d9ef760515fd22d	d9fb1f8fa0e2a8dbcb73a90019666892
29223	971a8aac22ea6a7937379b59fa5446ee	21fb3528dd846d2f1d9ef760515fd22d	d9fb1f8fa0e2a8dbcb73a90019666892
29224	971a8aac22ea6a7937379b59fa5446ee	21fb3528dd846d2f1d9ef760515fd22d	d9fb1f8fa0e2a8dbcb73a90019666892
29225	971a8aac22ea6a7937379b59fa5446ee	21fb3528dd846d2f1d9ef760515fd22d	d9fb1f8fa0e2a8dbcb73a90019666892
29226	971a8aac22ea6a7937379b59fa5446ee	21fb3528dd846d2f1d9ef760515fd22d	d9fb1f8fa0e2a8dbcb73a90019666892
29227	971a8aac22ea6a7937379b59fa5446ee	21fb3528dd846d2f1d9ef760515fd22d	d9fb1f8fa0e2a8dbcb73a90019666892
29228	971a8aac22ea6a7937379b59fa5446ee	21fb3528dd846d2f1d9ef760515fd22d	d9fb1f8fa0e2a8dbcb73a90019666892
29229	a707d2704a8a9facfbd4c48811a7d950	8a5e95595cb12d88c87f42030a50d893	bf804b1dc2fb4ce2f09fc915dcd98b4c
29230	a707d2704a8a9facfbd4c48811a7d950	8a5e95595cb12d88c87f42030a50d893	bf804b1dc2fb4ce2f09fc915dcd98b4c
29231	a707d2704a8a9facfbd4c48811a7d950	8a5e95595cb12d88c87f42030a50d893	bf804b1dc2fb4ce2f09fc915dcd98b4c
29232	a707d2704a8a9facfbd4c48811a7d950	8a5e95595cb12d88c87f42030a50d893	bf804b1dc2fb4ce2f09fc915dcd98b4c
29233	a707d2704a8a9facfbd4c48811a7d950	8a5e95595cb12d88c87f42030a50d893	bf804b1dc2fb4ce2f09fc915dcd98b4c
29234	a707d2704a8a9facfbd4c48811a7d950	8a5e95595cb12d88c87f42030a50d893	bf804b1dc2fb4ce2f09fc915dcd98b4c
29235	a707d2704a8a9facfbd4c48811a7d950	8a5e95595cb12d88c87f42030a50d893	bf804b1dc2fb4ce2f09fc915dcd98b4c
29236	5b811f52b8269a5dd579c4aebe73bd28	0b0a367a2ae0d9838bbd52d760a0f213	c1b2f4a3ae34962708138c5396b07da4
29237	5b811f52b8269a5dd579c4aebe73bd28	0b0a367a2ae0d9838bbd52d760a0f213	c1b2f4a3ae34962708138c5396b07da4
29238	5b811f52b8269a5dd579c4aebe73bd28	0b0a367a2ae0d9838bbd52d760a0f213	c1b2f4a3ae34962708138c5396b07da4
29239	5b811f52b8269a5dd579c4aebe73bd28	0b0a367a2ae0d9838bbd52d760a0f213	c1b2f4a3ae34962708138c5396b07da4
29240	5b811f52b8269a5dd579c4aebe73bd28	0b0a367a2ae0d9838bbd52d760a0f213	c1b2f4a3ae34962708138c5396b07da4
29241	80851401db5d104761fff010c3582252	bae444f657d56b61ae4097aee34a3ef1	36ea9e61aa3733636cfef743cbd596e2
29242	80851401db5d104761fff010c3582252	bae444f657d56b61ae4097aee34a3ef1	36ea9e61aa3733636cfef743cbd596e2
29243	80851401db5d104761fff010c3582252	bae444f657d56b61ae4097aee34a3ef1	36ea9e61aa3733636cfef743cbd596e2
29244	80851401db5d104761fff010c3582252	bae444f657d56b61ae4097aee34a3ef1	36ea9e61aa3733636cfef743cbd596e2
29245	80851401db5d104761fff010c3582252	bae444f657d56b61ae4097aee34a3ef1	36ea9e61aa3733636cfef743cbd596e2
29246	80851401db5d104761fff010c3582252	bae444f657d56b61ae4097aee34a3ef1	36ea9e61aa3733636cfef743cbd596e2
29247	80851401db5d104761fff010c3582252	bae444f657d56b61ae4097aee34a3ef1	36ea9e61aa3733636cfef743cbd596e2
29248	d6a5e10f695babbc320a6cfe6ae04a9d	0565296887e2b8701fd0f955da17442a	9a7ddc46067e60584dce0ae95a80af5d
29249	d6a5e10f695babbc320a6cfe6ae04a9d	0565296887e2b8701fd0f955da17442a	9a7ddc46067e60584dce0ae95a80af5d
29250	d6a5e10f695babbc320a6cfe6ae04a9d	0565296887e2b8701fd0f955da17442a	9a7ddc46067e60584dce0ae95a80af5d
29251	d6a5e10f695babbc320a6cfe6ae04a9d	0565296887e2b8701fd0f955da17442a	9a7ddc46067e60584dce0ae95a80af5d
29252	d6a5e10f695babbc320a6cfe6ae04a9d	0565296887e2b8701fd0f955da17442a	9a7ddc46067e60584dce0ae95a80af5d
29253	6a7c0f907e9a16fa30f99df172206b45	53a5f00d93facc4a190eafed8de3b452	24e522b8e243ded6ddaf24ac855f4105
29254	6a7c0f907e9a16fa30f99df172206b45	53a5f00d93facc4a190eafed8de3b452	24e522b8e243ded6ddaf24ac855f4105
29255	6a7c0f907e9a16fa30f99df172206b45	53a5f00d93facc4a190eafed8de3b452	24e522b8e243ded6ddaf24ac855f4105
29256	6a7c0f907e9a16fa30f99df172206b45	53a5f00d93facc4a190eafed8de3b452	24e522b8e243ded6ddaf24ac855f4105
29257	6a7c0f907e9a16fa30f99df172206b45	53a5f00d93facc4a190eafed8de3b452	24e522b8e243ded6ddaf24ac855f4105
29258	6a7c0f907e9a16fa30f99df172206b45	53a5f00d93facc4a190eafed8de3b452	24e522b8e243ded6ddaf24ac855f4105
29259	6a7c0f907e9a16fa30f99df172206b45	53a5f00d93facc4a190eafed8de3b452	24e522b8e243ded6ddaf24ac855f4105
29260	cb35c90e4ca307f35a0eba5135958406	2f2e86a5d3793addbe9b2f5b5e7833a5	74b58b3a7acbdc6b91a4612c15ac743e
29261	cb35c90e4ca307f35a0eba5135958406	2f2e86a5d3793addbe9b2f5b5e7833a5	74b58b3a7acbdc6b91a4612c15ac743e
29262	cb35c90e4ca307f35a0eba5135958406	2f2e86a5d3793addbe9b2f5b5e7833a5	74b58b3a7acbdc6b91a4612c15ac743e
29263	cb35c90e4ca307f35a0eba5135958406	2f2e86a5d3793addbe9b2f5b5e7833a5	74b58b3a7acbdc6b91a4612c15ac743e
29264	cb35c90e4ca307f35a0eba5135958406	2f2e86a5d3793addbe9b2f5b5e7833a5	74b58b3a7acbdc6b91a4612c15ac743e
29265	c34fe31c7988a8cbfdebdfab82a9d617	e03d2294d3b8f39d6f2f9618caf36150	548bc4c1ff120713f6f65b5b4def2fc7
29266	c34fe31c7988a8cbfdebdfab82a9d617	e03d2294d3b8f39d6f2f9618caf36150	548bc4c1ff120713f6f65b5b4def2fc7
29267	c34fe31c7988a8cbfdebdfab82a9d617	e03d2294d3b8f39d6f2f9618caf36150	548bc4c1ff120713f6f65b5b4def2fc7
29268	c34fe31c7988a8cbfdebdfab82a9d617	e03d2294d3b8f39d6f2f9618caf36150	548bc4c1ff120713f6f65b5b4def2fc7
29269	c34fe31c7988a8cbfdebdfab82a9d617	e03d2294d3b8f39d6f2f9618caf36150	548bc4c1ff120713f6f65b5b4def2fc7
29270	54fc41b432d0d5898f8c0ec82f308984	f1a152d3b4134e3f32e48970dba5c81f	a2284dc8e3a48f5ff7b6faf6105bd098
29271	54fc41b432d0d5898f8c0ec82f308984	f1a152d3b4134e3f32e48970dba5c81f	a2284dc8e3a48f5ff7b6faf6105bd098
29272	54fc41b432d0d5898f8c0ec82f308984	f1a152d3b4134e3f32e48970dba5c81f	a2284dc8e3a48f5ff7b6faf6105bd098
29273	6f0179accd8b6d56cc1b47d25ec5c0b8	c06d4129ea31c1de757e17f6a4bfb88b	6d7715de0721900e9dbbc31bdc72cfe0
29274	6f0179accd8b6d56cc1b47d25ec5c0b8	c06d4129ea31c1de757e17f6a4bfb88b	6d7715de0721900e9dbbc31bdc72cfe0
29275	51111f3a55375b4365ceccb7edc6ae36	fd3859e677e537ad2c58a4da3b85e895	86a815d9aee8f3a3be968ceb98bdaad6
29276	51111f3a55375b4365ceccb7edc6ae36	fd3859e677e537ad2c58a4da3b85e895	86a815d9aee8f3a3be968ceb98bdaad6
29277	87dc0dcbcbcb81ec1822f52bbd5ea6f1	d44a04452704aaa083b429131f4052fe	e4ba5163719644707d183e49baaa5849
29278	87dc0dcbcbcb81ec1822f52bbd5ea6f1	d44a04452704aaa083b429131f4052fe	e4ba5163719644707d183e49baaa5849
29279	87dc0dcbcbcb81ec1822f52bbd5ea6f1	d44a04452704aaa083b429131f4052fe	e4ba5163719644707d183e49baaa5849
29280	87dc0dcbcbcb81ec1822f52bbd5ea6f1	d44a04452704aaa083b429131f4052fe	e4ba5163719644707d183e49baaa5849
29281	87dc0dcbcbcb81ec1822f52bbd5ea6f1	d44a04452704aaa083b429131f4052fe	e4ba5163719644707d183e49baaa5849
29282	a6ba81498482a89fd44f7d8d100b52c0	8f26e63c3e8bcb397e5c141400c2940b	9114e43450492533669bdc70fe7db480
29283	a6ba81498482a89fd44f7d8d100b52c0	8f26e63c3e8bcb397e5c141400c2940b	9114e43450492533669bdc70fe7db480
29284	a6ba81498482a89fd44f7d8d100b52c0	8f26e63c3e8bcb397e5c141400c2940b	9114e43450492533669bdc70fe7db480
29285	a6ba81498482a89fd44f7d8d100b52c0	8f26e63c3e8bcb397e5c141400c2940b	9114e43450492533669bdc70fe7db480
29286	a6ba81498482a89fd44f7d8d100b52c0	8f26e63c3e8bcb397e5c141400c2940b	9114e43450492533669bdc70fe7db480
29287	a6ba81498482a89fd44f7d8d100b52c0	8f26e63c3e8bcb397e5c141400c2940b	9114e43450492533669bdc70fe7db480
29288	a6ba81498482a89fd44f7d8d100b52c0	8f26e63c3e8bcb397e5c141400c2940b	9114e43450492533669bdc70fe7db480
29289	10bfd7fe33f3eb44a3cc9c0674d377da	07095f2427ee9790a0e4e75fd3e4ed31	2d82aa44a3e3800081b1914ce904a03a
29290	10bfd7fe33f3eb44a3cc9c0674d377da	07095f2427ee9790a0e4e75fd3e4ed31	2d82aa44a3e3800081b1914ce904a03a
29291	10bfd7fe33f3eb44a3cc9c0674d377da	07095f2427ee9790a0e4e75fd3e4ed31	2d82aa44a3e3800081b1914ce904a03a
29292	10bfd7fe33f3eb44a3cc9c0674d377da	07095f2427ee9790a0e4e75fd3e4ed31	2d82aa44a3e3800081b1914ce904a03a
29293	10bfd7fe33f3eb44a3cc9c0674d377da	07095f2427ee9790a0e4e75fd3e4ed31	2d82aa44a3e3800081b1914ce904a03a
29294	10bfd7fe33f3eb44a3cc9c0674d377da	07095f2427ee9790a0e4e75fd3e4ed31	2d82aa44a3e3800081b1914ce904a03a
29295	10bfd7fe33f3eb44a3cc9c0674d377da	07095f2427ee9790a0e4e75fd3e4ed31	2d82aa44a3e3800081b1914ce904a03a
29296	10bfd7fe33f3eb44a3cc9c0674d377da	07095f2427ee9790a0e4e75fd3e4ed31	2d82aa44a3e3800081b1914ce904a03a
29297	10bfd7fe33f3eb44a3cc9c0674d377da	07095f2427ee9790a0e4e75fd3e4ed31	2d82aa44a3e3800081b1914ce904a03a
29298	10bfd7fe33f3eb44a3cc9c0674d377da	07095f2427ee9790a0e4e75fd3e4ed31	2d82aa44a3e3800081b1914ce904a03a
29299	9e0b5132e6a3ee8c4e6cb77c4848d8c0	15cd1daae356def80697e3e86a5410e3	53c878745b3ff846213be5f8c00d71bc
29300	9e0b5132e6a3ee8c4e6cb77c4848d8c0	15cd1daae356def80697e3e86a5410e3	53c878745b3ff846213be5f8c00d71bc
29301	9e0b5132e6a3ee8c4e6cb77c4848d8c0	15cd1daae356def80697e3e86a5410e3	53c878745b3ff846213be5f8c00d71bc
29302	9e0b5132e6a3ee8c4e6cb77c4848d8c0	15cd1daae356def80697e3e86a5410e3	53c878745b3ff846213be5f8c00d71bc
29303	9e0b5132e6a3ee8c4e6cb77c4848d8c0	15cd1daae356def80697e3e86a5410e3	53c878745b3ff846213be5f8c00d71bc
29304	9e0b5132e6a3ee8c4e6cb77c4848d8c0	15cd1daae356def80697e3e86a5410e3	53c878745b3ff846213be5f8c00d71bc
29305	9e0b5132e6a3ee8c4e6cb77c4848d8c0	15cd1daae356def80697e3e86a5410e3	53c878745b3ff846213be5f8c00d71bc
29306	3381866ea1115e114fb33c01fedbbbb5	bae94ddc0b9f94af942db39360b8a11a	28d54d68a59113cd9882a7e72d13062d
29307	3381866ea1115e114fb33c01fedbbbb5	bae94ddc0b9f94af942db39360b8a11a	28d54d68a59113cd9882a7e72d13062d
29308	3381866ea1115e114fb33c01fedbbbb5	bae94ddc0b9f94af942db39360b8a11a	28d54d68a59113cd9882a7e72d13062d
29309	6cbf787a6e53d1c10faba8cc7141de85	888726cd9644556f5cc27a3143abcd3a	09514df7f00eaeaf3c2aaf83d48d2bd1
29310	6cbf787a6e53d1c10faba8cc7141de85	888726cd9644556f5cc27a3143abcd3a	09514df7f00eaeaf3c2aaf83d48d2bd1
29311	5de69ff9e2989a7921470924c6acb3c2	042bbdb1b5da58bf674416c327c82901	0e5d2a78f2e8e591ed8035e2b1536daa
29312	5de69ff9e2989a7921470924c6acb3c2	042bbdb1b5da58bf674416c327c82901	0e5d2a78f2e8e591ed8035e2b1536daa
29313	5de69ff9e2989a7921470924c6acb3c2	042bbdb1b5da58bf674416c327c82901	0e5d2a78f2e8e591ed8035e2b1536daa
29314	5de69ff9e2989a7921470924c6acb3c2	042bbdb1b5da58bf674416c327c82901	0e5d2a78f2e8e591ed8035e2b1536daa
29315	5de69ff9e2989a7921470924c6acb3c2	042bbdb1b5da58bf674416c327c82901	0e5d2a78f2e8e591ed8035e2b1536daa
29316	5de69ff9e2989a7921470924c6acb3c2	042bbdb1b5da58bf674416c327c82901	0e5d2a78f2e8e591ed8035e2b1536daa
29317	5de69ff9e2989a7921470924c6acb3c2	042bbdb1b5da58bf674416c327c82901	0e5d2a78f2e8e591ed8035e2b1536daa
29318	b9f471bb5f09d81ff33c38837e4ec6b8	fa850b0c00f4ac09a4de079213d58f93	30570589d905a259ab48736e398b0324
29319	b9f471bb5f09d81ff33c38837e4ec6b8	fa850b0c00f4ac09a4de079213d58f93	30570589d905a259ab48736e398b0324
29320	b9f471bb5f09d81ff33c38837e4ec6b8	fa850b0c00f4ac09a4de079213d58f93	30570589d905a259ab48736e398b0324
29321	b9f471bb5f09d81ff33c38837e4ec6b8	fa850b0c00f4ac09a4de079213d58f93	30570589d905a259ab48736e398b0324
29322	b9f471bb5f09d81ff33c38837e4ec6b8	fa850b0c00f4ac09a4de079213d58f93	30570589d905a259ab48736e398b0324
29323	4a48e9d2250042d611c7135bb966dd48	57a90e7d30c4f88eb9c8b7dbebf12b1b	7deee6c667520474cf7b2f5d758d9a24
29324	4a48e9d2250042d611c7135bb966dd48	57a90e7d30c4f88eb9c8b7dbebf12b1b	7deee6c667520474cf7b2f5d758d9a24
29325	4a48e9d2250042d611c7135bb966dd48	57a90e7d30c4f88eb9c8b7dbebf12b1b	7deee6c667520474cf7b2f5d758d9a24
29326	4a48e9d2250042d611c7135bb966dd48	57a90e7d30c4f88eb9c8b7dbebf12b1b	7deee6c667520474cf7b2f5d758d9a24
29327	4a48e9d2250042d611c7135bb966dd48	57a90e7d30c4f88eb9c8b7dbebf12b1b	7deee6c667520474cf7b2f5d758d9a24
29328	4a48e9d2250042d611c7135bb966dd48	57a90e7d30c4f88eb9c8b7dbebf12b1b	7deee6c667520474cf7b2f5d758d9a24
29329	4a48e9d2250042d611c7135bb966dd48	57a90e7d30c4f88eb9c8b7dbebf12b1b	7deee6c667520474cf7b2f5d758d9a24
29330	4a48e9d2250042d611c7135bb966dd48	57a90e7d30c4f88eb9c8b7dbebf12b1b	7deee6c667520474cf7b2f5d758d9a24
29331	4a48e9d2250042d611c7135bb966dd48	57a90e7d30c4f88eb9c8b7dbebf12b1b	7deee6c667520474cf7b2f5d758d9a24
29332	4a48e9d2250042d611c7135bb966dd48	57a90e7d30c4f88eb9c8b7dbebf12b1b	7deee6c667520474cf7b2f5d758d9a24
29333	4a48e9d2250042d611c7135bb966dd48	57a90e7d30c4f88eb9c8b7dbebf12b1b	7deee6c667520474cf7b2f5d758d9a24
29334	4a48e9d2250042d611c7135bb966dd48	57a90e7d30c4f88eb9c8b7dbebf12b1b	7deee6c667520474cf7b2f5d758d9a24
29335	4a48e9d2250042d611c7135bb966dd48	57a90e7d30c4f88eb9c8b7dbebf12b1b	7deee6c667520474cf7b2f5d758d9a24
29336	4a48e9d2250042d611c7135bb966dd48	57a90e7d30c4f88eb9c8b7dbebf12b1b	7deee6c667520474cf7b2f5d758d9a24
29337	4a48e9d2250042d611c7135bb966dd48	57a90e7d30c4f88eb9c8b7dbebf12b1b	7deee6c667520474cf7b2f5d758d9a24
29338	4a48e9d2250042d611c7135bb966dd48	57a90e7d30c4f88eb9c8b7dbebf12b1b	7deee6c667520474cf7b2f5d758d9a24
29339	4a48e9d2250042d611c7135bb966dd48	57a90e7d30c4f88eb9c8b7dbebf12b1b	7deee6c667520474cf7b2f5d758d9a24
29340	8b1a650e8734445c3e6a18203246e3d8	dba4c147f88210c8c41e99ee0acd8feb	3d5e4ed231130aaa41209b859a92c8cc
29341	8b1a650e8734445c3e6a18203246e3d8	dba4c147f88210c8c41e99ee0acd8feb	3d5e4ed231130aaa41209b859a92c8cc
29342	8b1a650e8734445c3e6a18203246e3d8	dba4c147f88210c8c41e99ee0acd8feb	3d5e4ed231130aaa41209b859a92c8cc
29343	8b1a650e8734445c3e6a18203246e3d8	dba4c147f88210c8c41e99ee0acd8feb	3d5e4ed231130aaa41209b859a92c8cc
29344	8b1a650e8734445c3e6a18203246e3d8	dba4c147f88210c8c41e99ee0acd8feb	3d5e4ed231130aaa41209b859a92c8cc
29345	8b1a650e8734445c3e6a18203246e3d8	dba4c147f88210c8c41e99ee0acd8feb	3d5e4ed231130aaa41209b859a92c8cc
29346	8b1a650e8734445c3e6a18203246e3d8	dba4c147f88210c8c41e99ee0acd8feb	3d5e4ed231130aaa41209b859a92c8cc
29347	150b7bd7bf94ca94d57e4818f52864b6	df284114d0966580182fd1be37aab35d	60934ff2130d5f40efe13af64a9577be
29348	150b7bd7bf94ca94d57e4818f52864b6	df284114d0966580182fd1be37aab35d	60934ff2130d5f40efe13af64a9577be
29349	150b7bd7bf94ca94d57e4818f52864b6	df284114d0966580182fd1be37aab35d	60934ff2130d5f40efe13af64a9577be
29350	150b7bd7bf94ca94d57e4818f52864b6	df284114d0966580182fd1be37aab35d	60934ff2130d5f40efe13af64a9577be
29351	150b7bd7bf94ca94d57e4818f52864b6	df284114d0966580182fd1be37aab35d	60934ff2130d5f40efe13af64a9577be
29352	b424ba5c58828dc08c67e08022bbfd3e	306dd5173973cb6cf94bbf54849ac545	e79018a1c56554e060e482ef4c25f16e
29353	b424ba5c58828dc08c67e08022bbfd3e	306dd5173973cb6cf94bbf54849ac545	e79018a1c56554e060e482ef4c25f16e
29354	b424ba5c58828dc08c67e08022bbfd3e	306dd5173973cb6cf94bbf54849ac545	e79018a1c56554e060e482ef4c25f16e
29355	b424ba5c58828dc08c67e08022bbfd3e	306dd5173973cb6cf94bbf54849ac545	e79018a1c56554e060e482ef4c25f16e
29356	b424ba5c58828dc08c67e08022bbfd3e	306dd5173973cb6cf94bbf54849ac545	e79018a1c56554e060e482ef4c25f16e
29357	b424ba5c58828dc08c67e08022bbfd3e	306dd5173973cb6cf94bbf54849ac545	e79018a1c56554e060e482ef4c25f16e
29358	b424ba5c58828dc08c67e08022bbfd3e	306dd5173973cb6cf94bbf54849ac545	e79018a1c56554e060e482ef4c25f16e
29359	c6160a3530cb54b7b45d07c8ba5d78bf	59df1a2f9e385a191fd45b03c05e22d8	ad2def0e77f743216bdb2921c77dcf3b
29360	c6160a3530cb54b7b45d07c8ba5d78bf	59df1a2f9e385a191fd45b03c05e22d8	ad2def0e77f743216bdb2921c77dcf3b
29361	c6160a3530cb54b7b45d07c8ba5d78bf	59df1a2f9e385a191fd45b03c05e22d8	ad2def0e77f743216bdb2921c77dcf3b
29362	c6160a3530cb54b7b45d07c8ba5d78bf	59df1a2f9e385a191fd45b03c05e22d8	ad2def0e77f743216bdb2921c77dcf3b
29363	c6160a3530cb54b7b45d07c8ba5d78bf	59df1a2f9e385a191fd45b03c05e22d8	ad2def0e77f743216bdb2921c77dcf3b
29364	e9f29f497c64fb97353b0ffe9b3fdaf2	90ea125ecd69ebb125e57c7ef1ec0ef1	0a2dbbcd2cad5fb3e95767766586d742
29365	e9f29f497c64fb97353b0ffe9b3fdaf2	90ea125ecd69ebb125e57c7ef1ec0ef1	0a2dbbcd2cad5fb3e95767766586d742
29366	e9f29f497c64fb97353b0ffe9b3fdaf2	90ea125ecd69ebb125e57c7ef1ec0ef1	0a2dbbcd2cad5fb3e95767766586d742
29367	e9f29f497c64fb97353b0ffe9b3fdaf2	90ea125ecd69ebb125e57c7ef1ec0ef1	0a2dbbcd2cad5fb3e95767766586d742
29368	e9f29f497c64fb97353b0ffe9b3fdaf2	90ea125ecd69ebb125e57c7ef1ec0ef1	0a2dbbcd2cad5fb3e95767766586d742
29369	7186d0d2d41ecffd1389cc03d956ea54	a5805a634b1e98a30db6f5d5f778336f	53978455e166fb395cc02c2df533f54c
29370	7186d0d2d41ecffd1389cc03d956ea54	a5805a634b1e98a30db6f5d5f778336f	53978455e166fb395cc02c2df533f54c
29371	7186d0d2d41ecffd1389cc03d956ea54	a5805a634b1e98a30db6f5d5f778336f	53978455e166fb395cc02c2df533f54c
29372	7186d0d2d41ecffd1389cc03d956ea54	a5805a634b1e98a30db6f5d5f778336f	53978455e166fb395cc02c2df533f54c
29373	7186d0d2d41ecffd1389cc03d956ea54	a5805a634b1e98a30db6f5d5f778336f	53978455e166fb395cc02c2df533f54c
29374	7186d0d2d41ecffd1389cc03d956ea54	a5805a634b1e98a30db6f5d5f778336f	53978455e166fb395cc02c2df533f54c
29375	7186d0d2d41ecffd1389cc03d956ea54	a5805a634b1e98a30db6f5d5f778336f	53978455e166fb395cc02c2df533f54c
29376	6f92d299a65ad8c342bca628bfb07666	d19f2dff02586aed2e1a74e60cefd045	6a7d34cff89f854d921a152b32675ce2
29377	6f92d299a65ad8c342bca628bfb07666	d19f2dff02586aed2e1a74e60cefd045	6a7d34cff89f854d921a152b32675ce2
29378	6f92d299a65ad8c342bca628bfb07666	d19f2dff02586aed2e1a74e60cefd045	6a7d34cff89f854d921a152b32675ce2
29379	6f92d299a65ad8c342bca628bfb07666	d19f2dff02586aed2e1a74e60cefd045	6a7d34cff89f854d921a152b32675ce2
29380	6f92d299a65ad8c342bca628bfb07666	d19f2dff02586aed2e1a74e60cefd045	6a7d34cff89f854d921a152b32675ce2
29381	21448ce761b7e74f49d70f7eea2ca909	f0f26ea9be791c6168d660eac1acdd5e	830fad14e568bce7c14dafd8de3ea699
29382	21448ce761b7e74f49d70f7eea2ca909	f0f26ea9be791c6168d660eac1acdd5e	830fad14e568bce7c14dafd8de3ea699
29383	21448ce761b7e74f49d70f7eea2ca909	f0f26ea9be791c6168d660eac1acdd5e	830fad14e568bce7c14dafd8de3ea699
29384	21448ce761b7e74f49d70f7eea2ca909	f0f26ea9be791c6168d660eac1acdd5e	830fad14e568bce7c14dafd8de3ea699
29385	21448ce761b7e74f49d70f7eea2ca909	f0f26ea9be791c6168d660eac1acdd5e	830fad14e568bce7c14dafd8de3ea699
29386	21448ce761b7e74f49d70f7eea2ca909	f0f26ea9be791c6168d660eac1acdd5e	830fad14e568bce7c14dafd8de3ea699
29387	21448ce761b7e74f49d70f7eea2ca909	f0f26ea9be791c6168d660eac1acdd5e	830fad14e568bce7c14dafd8de3ea699
29388	369dbdb72baee2d259c35984f4922ff4	19c9cc43b42aff1a0bdb53416e869237	3e4adf241c7cf58465b0107a258e73a8
29389	369dbdb72baee2d259c35984f4922ff4	19c9cc43b42aff1a0bdb53416e869237	3e4adf241c7cf58465b0107a258e73a8
29390	369dbdb72baee2d259c35984f4922ff4	19c9cc43b42aff1a0bdb53416e869237	3e4adf241c7cf58465b0107a258e73a8
29391	369dbdb72baee2d259c35984f4922ff4	19c9cc43b42aff1a0bdb53416e869237	3e4adf241c7cf58465b0107a258e73a8
29392	369dbdb72baee2d259c35984f4922ff4	19c9cc43b42aff1a0bdb53416e869237	3e4adf241c7cf58465b0107a258e73a8
29393	a82151780a697e70ff68ee525afbff5b	b58d811101d9183400c4dfb001a3f2fc	d4d9a3d66b7154de5216b3e70a65c5df
29394	a82151780a697e70ff68ee525afbff5b	b58d811101d9183400c4dfb001a3f2fc	d4d9a3d66b7154de5216b3e70a65c5df
29395	a82151780a697e70ff68ee525afbff5b	b58d811101d9183400c4dfb001a3f2fc	d4d9a3d66b7154de5216b3e70a65c5df
29396	a82151780a697e70ff68ee525afbff5b	b58d811101d9183400c4dfb001a3f2fc	d4d9a3d66b7154de5216b3e70a65c5df
29397	a82151780a697e70ff68ee525afbff5b	b58d811101d9183400c4dfb001a3f2fc	d4d9a3d66b7154de5216b3e70a65c5df
29398	a82151780a697e70ff68ee525afbff5b	b58d811101d9183400c4dfb001a3f2fc	d4d9a3d66b7154de5216b3e70a65c5df
29399	a82151780a697e70ff68ee525afbff5b	b58d811101d9183400c4dfb001a3f2fc	d4d9a3d66b7154de5216b3e70a65c5df
29400	004aea6d86807de9f02e9c307a358165	0442ba2b9d102707683a9fa2e2ffd79a	006f8fa58e76a8dfc9b442d3db9b2fc9
29401	004aea6d86807de9f02e9c307a358165	0442ba2b9d102707683a9fa2e2ffd79a	006f8fa58e76a8dfc9b442d3db9b2fc9
29402	004aea6d86807de9f02e9c307a358165	0442ba2b9d102707683a9fa2e2ffd79a	006f8fa58e76a8dfc9b442d3db9b2fc9
29403	004aea6d86807de9f02e9c307a358165	0442ba2b9d102707683a9fa2e2ffd79a	006f8fa58e76a8dfc9b442d3db9b2fc9
29404	004aea6d86807de9f02e9c307a358165	0442ba2b9d102707683a9fa2e2ffd79a	006f8fa58e76a8dfc9b442d3db9b2fc9
29405	16a10d4cdc1cddc1bb3e075e969081f7	c3096c6b6fad20efdd03b6baeccca390	b22b58ab2394a6c78e41a84a156ed21b
29406	16a10d4cdc1cddc1bb3e075e969081f7	c3096c6b6fad20efdd03b6baeccca390	b22b58ab2394a6c78e41a84a156ed21b
29407	16a10d4cdc1cddc1bb3e075e969081f7	c3096c6b6fad20efdd03b6baeccca390	b22b58ab2394a6c78e41a84a156ed21b
29408	16a10d4cdc1cddc1bb3e075e969081f7	c3096c6b6fad20efdd03b6baeccca390	b22b58ab2394a6c78e41a84a156ed21b
29409	16a10d4cdc1cddc1bb3e075e969081f7	c3096c6b6fad20efdd03b6baeccca390	b22b58ab2394a6c78e41a84a156ed21b
29410	1bd65db19e2f3ab07015096a32d84bcd	e87570a3392958c4ac065ac340cd1d8a	790eae48eae75a5c99743067beeee615
29411	1bd65db19e2f3ab07015096a32d84bcd	e87570a3392958c4ac065ac340cd1d8a	790eae48eae75a5c99743067beeee615
29412	1bd65db19e2f3ab07015096a32d84bcd	e87570a3392958c4ac065ac340cd1d8a	790eae48eae75a5c99743067beeee615
29413	1bd65db19e2f3ab07015096a32d84bcd	e87570a3392958c4ac065ac340cd1d8a	790eae48eae75a5c99743067beeee615
29414	1bd65db19e2f3ab07015096a32d84bcd	e87570a3392958c4ac065ac340cd1d8a	790eae48eae75a5c99743067beeee615
29415	1bd65db19e2f3ab07015096a32d84bcd	e87570a3392958c4ac065ac340cd1d8a	790eae48eae75a5c99743067beeee615
29416	1bd65db19e2f3ab07015096a32d84bcd	e87570a3392958c4ac065ac340cd1d8a	790eae48eae75a5c99743067beeee615
29417	1bd65db19e2f3ab07015096a32d84bcd	e87570a3392958c4ac065ac340cd1d8a	790eae48eae75a5c99743067beeee615
29418	1bd65db19e2f3ab07015096a32d84bcd	e87570a3392958c4ac065ac340cd1d8a	790eae48eae75a5c99743067beeee615
29419	1bd65db19e2f3ab07015096a32d84bcd	e87570a3392958c4ac065ac340cd1d8a	790eae48eae75a5c99743067beeee615
29420	1bd65db19e2f3ab07015096a32d84bcd	e87570a3392958c4ac065ac340cd1d8a	790eae48eae75a5c99743067beeee615
29421	1bd65db19e2f3ab07015096a32d84bcd	e87570a3392958c4ac065ac340cd1d8a	790eae48eae75a5c99743067beeee615
29422	458f80e7cdd8091b6b9c4fe57469bb02	4e090e9df23ec0258bd1dd52217506f1	9962129b1bbd69915599d2027c93635e
29423	458f80e7cdd8091b6b9c4fe57469bb02	4e090e9df23ec0258bd1dd52217506f1	9962129b1bbd69915599d2027c93635e
29424	458f80e7cdd8091b6b9c4fe57469bb02	4e090e9df23ec0258bd1dd52217506f1	9962129b1bbd69915599d2027c93635e
29425	458f80e7cdd8091b6b9c4fe57469bb02	4e090e9df23ec0258bd1dd52217506f1	9962129b1bbd69915599d2027c93635e
29426	458f80e7cdd8091b6b9c4fe57469bb02	4e090e9df23ec0258bd1dd52217506f1	9962129b1bbd69915599d2027c93635e
29427	458f80e7cdd8091b6b9c4fe57469bb02	4e090e9df23ec0258bd1dd52217506f1	9962129b1bbd69915599d2027c93635e
29428	458f80e7cdd8091b6b9c4fe57469bb02	4e090e9df23ec0258bd1dd52217506f1	9962129b1bbd69915599d2027c93635e
29429	ba6151dbbd69ada0732e7ae9f8a738db	b51b6c2046cf7a548a2bcc7baa3db97c	b6c70d82e28c8d2cd5f3e168b1695013
29430	ba6151dbbd69ada0732e7ae9f8a738db	b51b6c2046cf7a548a2bcc7baa3db97c	b6c70d82e28c8d2cd5f3e168b1695013
29431	ba6151dbbd69ada0732e7ae9f8a738db	b51b6c2046cf7a548a2bcc7baa3db97c	b6c70d82e28c8d2cd5f3e168b1695013
29432	ba6151dbbd69ada0732e7ae9f8a738db	b51b6c2046cf7a548a2bcc7baa3db97c	b6c70d82e28c8d2cd5f3e168b1695013
29433	ba6151dbbd69ada0732e7ae9f8a738db	b51b6c2046cf7a548a2bcc7baa3db97c	b6c70d82e28c8d2cd5f3e168b1695013
29434	ba6151dbbd69ada0732e7ae9f8a738db	b51b6c2046cf7a548a2bcc7baa3db97c	b6c70d82e28c8d2cd5f3e168b1695013
29435	ba6151dbbd69ada0732e7ae9f8a738db	b51b6c2046cf7a548a2bcc7baa3db97c	b6c70d82e28c8d2cd5f3e168b1695013
29436	ba6151dbbd69ada0732e7ae9f8a738db	b51b6c2046cf7a548a2bcc7baa3db97c	b6c70d82e28c8d2cd5f3e168b1695013
29437	ba6151dbbd69ada0732e7ae9f8a738db	b51b6c2046cf7a548a2bcc7baa3db97c	b6c70d82e28c8d2cd5f3e168b1695013
29438	ba6151dbbd69ada0732e7ae9f8a738db	b51b6c2046cf7a548a2bcc7baa3db97c	b6c70d82e28c8d2cd5f3e168b1695013
29439	76e13806a3c91b84ed6d2fe3590e3acd	72f5da7d7ea4dd28ebec4c5ad24bbc1a	59f425bdf957ba02538c4af064af6c61
29440	76e13806a3c91b84ed6d2fe3590e3acd	72f5da7d7ea4dd28ebec4c5ad24bbc1a	59f425bdf957ba02538c4af064af6c61
29441	76e13806a3c91b84ed6d2fe3590e3acd	72f5da7d7ea4dd28ebec4c5ad24bbc1a	59f425bdf957ba02538c4af064af6c61
29442	76e13806a3c91b84ed6d2fe3590e3acd	72f5da7d7ea4dd28ebec4c5ad24bbc1a	59f425bdf957ba02538c4af064af6c61
29443	76e13806a3c91b84ed6d2fe3590e3acd	72f5da7d7ea4dd28ebec4c5ad24bbc1a	59f425bdf957ba02538c4af064af6c61
29444	76e13806a3c91b84ed6d2fe3590e3acd	72f5da7d7ea4dd28ebec4c5ad24bbc1a	59f425bdf957ba02538c4af064af6c61
29445	76e13806a3c91b84ed6d2fe3590e3acd	72f5da7d7ea4dd28ebec4c5ad24bbc1a	59f425bdf957ba02538c4af064af6c61
29446	08c6cc837db36879a8e7c1f36fdcf96f	2c086d084fbfcb27c150774ca13213d8	a6ea62111754c80f9d14cc949dd899b3
29447	08c6cc837db36879a8e7c1f36fdcf96f	2c086d084fbfcb27c150774ca13213d8	a6ea62111754c80f9d14cc949dd899b3
29448	08c6cc837db36879a8e7c1f36fdcf96f	2c086d084fbfcb27c150774ca13213d8	a6ea62111754c80f9d14cc949dd899b3
29449	08c6cc837db36879a8e7c1f36fdcf96f	2c086d084fbfcb27c150774ca13213d8	a6ea62111754c80f9d14cc949dd899b3
29450	08c6cc837db36879a8e7c1f36fdcf96f	2c086d084fbfcb27c150774ca13213d8	a6ea62111754c80f9d14cc949dd899b3
29451	d78e537cd37278c0a6aa377b3312f014	7081f6f0ae7a6f1cd07ce709fa774607	d46be9e57f224bf856d69f4feb9182fc
29452	d78e537cd37278c0a6aa377b3312f014	7081f6f0ae7a6f1cd07ce709fa774607	d46be9e57f224bf856d69f4feb9182fc
29453	d78e537cd37278c0a6aa377b3312f014	7081f6f0ae7a6f1cd07ce709fa774607	d46be9e57f224bf856d69f4feb9182fc
29454	d78e537cd37278c0a6aa377b3312f014	7081f6f0ae7a6f1cd07ce709fa774607	d46be9e57f224bf856d69f4feb9182fc
29455	d78e537cd37278c0a6aa377b3312f014	7081f6f0ae7a6f1cd07ce709fa774607	d46be9e57f224bf856d69f4feb9182fc
29456	d78e537cd37278c0a6aa377b3312f014	7081f6f0ae7a6f1cd07ce709fa774607	d46be9e57f224bf856d69f4feb9182fc
29457	d78e537cd37278c0a6aa377b3312f014	7081f6f0ae7a6f1cd07ce709fa774607	d46be9e57f224bf856d69f4feb9182fc
29458	d78e537cd37278c0a6aa377b3312f014	7081f6f0ae7a6f1cd07ce709fa774607	d46be9e57f224bf856d69f4feb9182fc
29459	d78e537cd37278c0a6aa377b3312f014	7081f6f0ae7a6f1cd07ce709fa774607	d46be9e57f224bf856d69f4feb9182fc
29460	d78e537cd37278c0a6aa377b3312f014	7081f6f0ae7a6f1cd07ce709fa774607	d46be9e57f224bf856d69f4feb9182fc
29461	d78e537cd37278c0a6aa377b3312f014	7081f6f0ae7a6f1cd07ce709fa774607	d46be9e57f224bf856d69f4feb9182fc
29462	d78e537cd37278c0a6aa377b3312f014	7081f6f0ae7a6f1cd07ce709fa774607	d46be9e57f224bf856d69f4feb9182fc
29463	d78e537cd37278c0a6aa377b3312f014	7081f6f0ae7a6f1cd07ce709fa774607	d46be9e57f224bf856d69f4feb9182fc
29464	d78e537cd37278c0a6aa377b3312f014	7081f6f0ae7a6f1cd07ce709fa774607	d46be9e57f224bf856d69f4feb9182fc
29465	d78e537cd37278c0a6aa377b3312f014	7081f6f0ae7a6f1cd07ce709fa774607	d46be9e57f224bf856d69f4feb9182fc
29466	d78e537cd37278c0a6aa377b3312f014	7081f6f0ae7a6f1cd07ce709fa774607	d46be9e57f224bf856d69f4feb9182fc
29467	d78e537cd37278c0a6aa377b3312f014	7081f6f0ae7a6f1cd07ce709fa774607	d46be9e57f224bf856d69f4feb9182fc
29468	68111ee87c8c9a4fb0e8ff7ef841d467	53bef97195bed961cdc7acc96254efb0	997532310473963b73c7197b551eb0bf
29469	68111ee87c8c9a4fb0e8ff7ef841d467	53bef97195bed961cdc7acc96254efb0	997532310473963b73c7197b551eb0bf
29470	68111ee87c8c9a4fb0e8ff7ef841d467	53bef97195bed961cdc7acc96254efb0	997532310473963b73c7197b551eb0bf
29471	bcdc0aa8b5264b1fe1b31bb1b2ad74f7	61a24166ef641ed1abadf47954d97a80	28ab82dd9d11996be1c709efbd2e6817
29472	68111ee87c8c9a4fb0e8ff7ef841d467	53bef97195bed961cdc7acc96254efb0	997532310473963b73c7197b551eb0bf
29473	c238e964d20c277556dd3c2cc06ad1a4	d0122624dda5141b620e9cb92f6b658f	cbf1fb46f987992b9088642c8971cab0
29474	c238e964d20c277556dd3c2cc06ad1a4	d0122624dda5141b620e9cb92f6b658f	cbf1fb46f987992b9088642c8971cab0
29475	35833381741413afa9b172364d6be79f	b608e7c856907d913cbd287915cf2588	8792dce15c7a994f736ec13dec3cfc57
29476	35833381741413afa9b172364d6be79f	b608e7c856907d913cbd287915cf2588	8792dce15c7a994f736ec13dec3cfc57
29477	35833381741413afa9b172364d6be79f	b608e7c856907d913cbd287915cf2588	8792dce15c7a994f736ec13dec3cfc57
29478	68111ee87c8c9a4fb0e8ff7ef841d467	53bef97195bed961cdc7acc96254efb0	997532310473963b73c7197b551eb0bf
29479	68111ee87c8c9a4fb0e8ff7ef841d467	53bef97195bed961cdc7acc96254efb0	997532310473963b73c7197b551eb0bf
29480	68111ee87c8c9a4fb0e8ff7ef841d467	53bef97195bed961cdc7acc96254efb0	997532310473963b73c7197b551eb0bf
29481	68111ee87c8c9a4fb0e8ff7ef841d467	53bef97195bed961cdc7acc96254efb0	997532310473963b73c7197b551eb0bf
29482	68111ee87c8c9a4fb0e8ff7ef841d467	53bef97195bed961cdc7acc96254efb0	997532310473963b73c7197b551eb0bf
29483	68111ee87c8c9a4fb0e8ff7ef841d467	53bef97195bed961cdc7acc96254efb0	997532310473963b73c7197b551eb0bf
29484	68111ee87c8c9a4fb0e8ff7ef841d467	53bef97195bed961cdc7acc96254efb0	997532310473963b73c7197b551eb0bf
29485	68111ee87c8c9a4fb0e8ff7ef841d467	53bef97195bed961cdc7acc96254efb0	997532310473963b73c7197b551eb0bf
29486	68111ee87c8c9a4fb0e8ff7ef841d467	53bef97195bed961cdc7acc96254efb0	997532310473963b73c7197b551eb0bf
29487	f71e240efb8fdd6da7c6b2ee46a21a31	9d5df25a01dc91cb8999639506a66df6	923449cf66979069cafb87a04d28a539
29488	f71e240efb8fdd6da7c6b2ee46a21a31	9d5df25a01dc91cb8999639506a66df6	923449cf66979069cafb87a04d28a539
29489	f71e240efb8fdd6da7c6b2ee46a21a31	9d5df25a01dc91cb8999639506a66df6	923449cf66979069cafb87a04d28a539
29490	68111ee87c8c9a4fb0e8ff7ef841d467	53bef97195bed961cdc7acc96254efb0	997532310473963b73c7197b551eb0bf
29491	68111ee87c8c9a4fb0e8ff7ef841d467	53bef97195bed961cdc7acc96254efb0	997532310473963b73c7197b551eb0bf
29492	536101fd80d7426925152a569a01b49e	fdb49c3ffa3d634fafde2be6816e985d	1eab7d0f6c12ea8d88bdde76d895cd7e
29493	536101fd80d7426925152a569a01b49e	fdb49c3ffa3d634fafde2be6816e985d	1eab7d0f6c12ea8d88bdde76d895cd7e
29494	536101fd80d7426925152a569a01b49e	fdb49c3ffa3d634fafde2be6816e985d	1eab7d0f6c12ea8d88bdde76d895cd7e
29495	536101fd80d7426925152a569a01b49e	fdb49c3ffa3d634fafde2be6816e985d	1eab7d0f6c12ea8d88bdde76d895cd7e
29496	536101fd80d7426925152a569a01b49e	fdb49c3ffa3d634fafde2be6816e985d	1eab7d0f6c12ea8d88bdde76d895cd7e
29497	536101fd80d7426925152a569a01b49e	fdb49c3ffa3d634fafde2be6816e985d	1eab7d0f6c12ea8d88bdde76d895cd7e
29498	536101fd80d7426925152a569a01b49e	fdb49c3ffa3d634fafde2be6816e985d	1eab7d0f6c12ea8d88bdde76d895cd7e
29499	536101fd80d7426925152a569a01b49e	fdb49c3ffa3d634fafde2be6816e985d	1eab7d0f6c12ea8d88bdde76d895cd7e
29500	536101fd80d7426925152a569a01b49e	fdb49c3ffa3d634fafde2be6816e985d	1eab7d0f6c12ea8d88bdde76d895cd7e
29501	536101fd80d7426925152a569a01b49e	fdb49c3ffa3d634fafde2be6816e985d	1eab7d0f6c12ea8d88bdde76d895cd7e
29502	536101fd80d7426925152a569a01b49e	fdb49c3ffa3d634fafde2be6816e985d	1eab7d0f6c12ea8d88bdde76d895cd7e
29503	536101fd80d7426925152a569a01b49e	fdb49c3ffa3d634fafde2be6816e985d	1eab7d0f6c12ea8d88bdde76d895cd7e
29504	536101fd80d7426925152a569a01b49e	fdb49c3ffa3d634fafde2be6816e985d	1eab7d0f6c12ea8d88bdde76d895cd7e
29505	536101fd80d7426925152a569a01b49e	fdb49c3ffa3d634fafde2be6816e985d	1eab7d0f6c12ea8d88bdde76d895cd7e
29506	536101fd80d7426925152a569a01b49e	fdb49c3ffa3d634fafde2be6816e985d	1eab7d0f6c12ea8d88bdde76d895cd7e
29507	536101fd80d7426925152a569a01b49e	fdb49c3ffa3d634fafde2be6816e985d	1eab7d0f6c12ea8d88bdde76d895cd7e
29508	536101fd80d7426925152a569a01b49e	fdb49c3ffa3d634fafde2be6816e985d	1eab7d0f6c12ea8d88bdde76d895cd7e
29509	ee9d46ae4ee4f3404708c749b6b449b3	231b5d77ac6637d4c862cfef0e47b1b4	60ccb111102644963fb33b232c541dff
29510	ee9d46ae4ee4f3404708c749b6b449b3	231b5d77ac6637d4c862cfef0e47b1b4	60ccb111102644963fb33b232c541dff
29511	ee9d46ae4ee4f3404708c749b6b449b3	231b5d77ac6637d4c862cfef0e47b1b4	60ccb111102644963fb33b232c541dff
29512	ee9d46ae4ee4f3404708c749b6b449b3	231b5d77ac6637d4c862cfef0e47b1b4	60ccb111102644963fb33b232c541dff
29513	ee9d46ae4ee4f3404708c749b6b449b3	231b5d77ac6637d4c862cfef0e47b1b4	60ccb111102644963fb33b232c541dff
29514	ee9d46ae4ee4f3404708c749b6b449b3	231b5d77ac6637d4c862cfef0e47b1b4	60ccb111102644963fb33b232c541dff
29515	ee9d46ae4ee4f3404708c749b6b449b3	231b5d77ac6637d4c862cfef0e47b1b4	60ccb111102644963fb33b232c541dff
29516	ee9d46ae4ee4f3404708c749b6b449b3	231b5d77ac6637d4c862cfef0e47b1b4	60ccb111102644963fb33b232c541dff
29517	ee9d46ae4ee4f3404708c749b6b449b3	231b5d77ac6637d4c862cfef0e47b1b4	60ccb111102644963fb33b232c541dff
29518	ee9d46ae4ee4f3404708c749b6b449b3	231b5d77ac6637d4c862cfef0e47b1b4	60ccb111102644963fb33b232c541dff
29519	ee9d46ae4ee4f3404708c749b6b449b3	231b5d77ac6637d4c862cfef0e47b1b4	60ccb111102644963fb33b232c541dff
29520	ee9d46ae4ee4f3404708c749b6b449b3	231b5d77ac6637d4c862cfef0e47b1b4	60ccb111102644963fb33b232c541dff
29521	b69163c26992c1edc04ad9c5c9eec3df	c127bdf02972c95bbfb045db9b5d35f8	a8e789bb7810ece3c1f6a1310cd7ad53
29522	b69163c26992c1edc04ad9c5c9eec3df	c127bdf02972c95bbfb045db9b5d35f8	a8e789bb7810ece3c1f6a1310cd7ad53
29523	b69163c26992c1edc04ad9c5c9eec3df	c127bdf02972c95bbfb045db9b5d35f8	a8e789bb7810ece3c1f6a1310cd7ad53
29524	c125e2441c8b96b55dbc8c9c237d6c8a	8a5727f78cfadc8b12e98759cef63639	86c1ccb3103cf98d8440724387a6cc62
29525	c125e2441c8b96b55dbc8c9c237d6c8a	8a5727f78cfadc8b12e98759cef63639	86c1ccb3103cf98d8440724387a6cc62
29526	b69163c26992c1edc04ad9c5c9eec3df	c127bdf02972c95bbfb045db9b5d35f8	a8e789bb7810ece3c1f6a1310cd7ad53
29527	b69163c26992c1edc04ad9c5c9eec3df	c127bdf02972c95bbfb045db9b5d35f8	a8e789bb7810ece3c1f6a1310cd7ad53
29528	fcc362e5a5a2c2e32b706092b8af7c8e	38284a7c5c25837d617d92618606252d	87d9d83c1745cae7cd96872fc0afd7de
29529	fcd2b3a2cac5e5504f8bfead00d7cb8a	d162b071a5a2ae8cca3a78b544bd6641	3a9a8c1dffb357c816b82ea00e8bdbda
29530	fcd2b3a2cac5e5504f8bfead00d7cb8a	d162b071a5a2ae8cca3a78b544bd6641	3a9a8c1dffb357c816b82ea00e8bdbda
29531	fcd2b3a2cac5e5504f8bfead00d7cb8a	d162b071a5a2ae8cca3a78b544bd6641	3a9a8c1dffb357c816b82ea00e8bdbda
29532	fcd2b3a2cac5e5504f8bfead00d7cb8a	d162b071a5a2ae8cca3a78b544bd6641	3a9a8c1dffb357c816b82ea00e8bdbda
29533	dd9bcd14ca5f79b926a4d718db3f8bce	abfb2e4d9af3b5bf767c655999c8cadd	476b0204db457db7081ad264ded7aaba
29534	dd9bcd14ca5f79b926a4d718db3f8bce	abfb2e4d9af3b5bf767c655999c8cadd	476b0204db457db7081ad264ded7aaba
29535	dd9bcd14ca5f79b926a4d718db3f8bce	abfb2e4d9af3b5bf767c655999c8cadd	476b0204db457db7081ad264ded7aaba
29536	dd9bcd14ca5f79b926a4d718db3f8bce	abfb2e4d9af3b5bf767c655999c8cadd	476b0204db457db7081ad264ded7aaba
29537	dd9bcd14ca5f79b926a4d718db3f8bce	abfb2e4d9af3b5bf767c655999c8cadd	476b0204db457db7081ad264ded7aaba
29538	ae59dbbec0efc8b80e38ae5f81e96278	eb06aa33ee802174afdde92dfb74c01b	cbe170d6e788fa4a7e871b09de1da81c
29539	ae59dbbec0efc8b80e38ae5f81e96278	eb06aa33ee802174afdde92dfb74c01b	cbe170d6e788fa4a7e871b09de1da81c
29540	ae59dbbec0efc8b80e38ae5f81e96278	eb06aa33ee802174afdde92dfb74c01b	cbe170d6e788fa4a7e871b09de1da81c
29541	7667d8a96d24292556a292bbf2839071	ba550e1499a2c8b395918433088e01b6	751a666b0a4c67871773c6331923260d
29542	7667d8a96d24292556a292bbf2839071	ba550e1499a2c8b395918433088e01b6	751a666b0a4c67871773c6331923260d
29543	7667d8a96d24292556a292bbf2839071	ba550e1499a2c8b395918433088e01b6	751a666b0a4c67871773c6331923260d
29544	7667d8a96d24292556a292bbf2839071	ba550e1499a2c8b395918433088e01b6	751a666b0a4c67871773c6331923260d
29545	7c85891095393582ba9540698d412f93	b2e4883ec7af7652a34d55187ad47b04	a0a9268dfc211b007bfe453fdb1d3acf
29546	7c85891095393582ba9540698d412f93	b2e4883ec7af7652a34d55187ad47b04	a0a9268dfc211b007bfe453fdb1d3acf
29547	7c85891095393582ba9540698d412f93	b2e4883ec7af7652a34d55187ad47b04	a0a9268dfc211b007bfe453fdb1d3acf
29548	c83c59a2288bbbfd4c49bfb875bfccf5	1c1569f506d3917bdce9e85f9a66022a	2da17d2b90711989e332e678e6335b15
29549	7c85891095393582ba9540698d412f93	b2e4883ec7af7652a34d55187ad47b04	a0a9268dfc211b007bfe453fdb1d3acf
29550	7a5dd7ed4eeda62e092c3ee19e1c7652	5d4d2d61472783b62e173c0245677c59	840c27c79c47e910d076241ef706dcce
29551	7a5dd7ed4eeda62e092c3ee19e1c7652	5d4d2d61472783b62e173c0245677c59	840c27c79c47e910d076241ef706dcce
29552	7a5dd7ed4eeda62e092c3ee19e1c7652	5d4d2d61472783b62e173c0245677c59	840c27c79c47e910d076241ef706dcce
29553	7a5dd7ed4eeda62e092c3ee19e1c7652	5d4d2d61472783b62e173c0245677c59	840c27c79c47e910d076241ef706dcce
29554	7a5dd7ed4eeda62e092c3ee19e1c7652	5d4d2d61472783b62e173c0245677c59	840c27c79c47e910d076241ef706dcce
29555	7a5dd7ed4eeda62e092c3ee19e1c7652	5d4d2d61472783b62e173c0245677c59	840c27c79c47e910d076241ef706dcce
29556	7a5dd7ed4eeda62e092c3ee19e1c7652	5d4d2d61472783b62e173c0245677c59	840c27c79c47e910d076241ef706dcce
29557	719b5f4279b401988d8db5d1050c858f	6f73d37c66520b0c5b96965aced2a110	c4a19e20ba74db422b1d8d3738d190d3
29558	719b5f4279b401988d8db5d1050c858f	6f73d37c66520b0c5b96965aced2a110	c4a19e20ba74db422b1d8d3738d190d3
29559	719b5f4279b401988d8db5d1050c858f	6f73d37c66520b0c5b96965aced2a110	c4a19e20ba74db422b1d8d3738d190d3
29560	719b5f4279b401988d8db5d1050c858f	6f73d37c66520b0c5b96965aced2a110	c4a19e20ba74db422b1d8d3738d190d3
29561	719b5f4279b401988d8db5d1050c858f	6f73d37c66520b0c5b96965aced2a110	c4a19e20ba74db422b1d8d3738d190d3
29562	cb16a2d4ee02602d306a0aeef3f47694	4391377f2c2ae9c3431befa9a2dcd8ff	afa8eebf01e61b494758694a895c392c
29563	cb16a2d4ee02602d306a0aeef3f47694	4391377f2c2ae9c3431befa9a2dcd8ff	afa8eebf01e61b494758694a895c392c
29564	cb16a2d4ee02602d306a0aeef3f47694	4391377f2c2ae9c3431befa9a2dcd8ff	afa8eebf01e61b494758694a895c392c
29565	cb16a2d4ee02602d306a0aeef3f47694	4391377f2c2ae9c3431befa9a2dcd8ff	afa8eebf01e61b494758694a895c392c
29566	cb16a2d4ee02602d306a0aeef3f47694	4391377f2c2ae9c3431befa9a2dcd8ff	afa8eebf01e61b494758694a895c392c
29567	cb16a2d4ee02602d306a0aeef3f47694	4391377f2c2ae9c3431befa9a2dcd8ff	afa8eebf01e61b494758694a895c392c
29568	cb16a2d4ee02602d306a0aeef3f47694	4391377f2c2ae9c3431befa9a2dcd8ff	afa8eebf01e61b494758694a895c392c
29569	34078cf9545636d7df07426503184460	c546ceeb3d8514f1d362658c85cd44fb	c2ab0e5b3165551168803ce276bd275c
29570	34078cf9545636d7df07426503184460	c546ceeb3d8514f1d362658c85cd44fb	c2ab0e5b3165551168803ce276bd275c
29571	34078cf9545636d7df07426503184460	c546ceeb3d8514f1d362658c85cd44fb	c2ab0e5b3165551168803ce276bd275c
29572	34078cf9545636d7df07426503184460	c546ceeb3d8514f1d362658c85cd44fb	c2ab0e5b3165551168803ce276bd275c
29573	34078cf9545636d7df07426503184460	c546ceeb3d8514f1d362658c85cd44fb	c2ab0e5b3165551168803ce276bd275c
29574	12b8aba56a3841b1e417826fe22db31d	4a46a98c7b5f352f675be2b59fefd972	2625110faa63433fd9f262410c316a81
29575	12b8aba56a3841b1e417826fe22db31d	4a46a98c7b5f352f675be2b59fefd972	2625110faa63433fd9f262410c316a81
29576	12b8aba56a3841b1e417826fe22db31d	4a46a98c7b5f352f675be2b59fefd972	2625110faa63433fd9f262410c316a81
29577	12b8aba56a3841b1e417826fe22db31d	4a46a98c7b5f352f675be2b59fefd972	2625110faa63433fd9f262410c316a81
29578	12b8aba56a3841b1e417826fe22db31d	4a46a98c7b5f352f675be2b59fefd972	2625110faa63433fd9f262410c316a81
29579	e4529a71a624d3a19b1462b73d13ea3f	487781a5de1212af2bfce63843c1f688	f1a96590d4f7bcb52b44322a06198e77
29580	e4529a71a624d3a19b1462b73d13ea3f	487781a5de1212af2bfce63843c1f688	f1a96590d4f7bcb52b44322a06198e77
29581	e4529a71a624d3a19b1462b73d13ea3f	487781a5de1212af2bfce63843c1f688	f1a96590d4f7bcb52b44322a06198e77
29582	caa3d98142689fbb9e05cedfa5344a6e	ef8926a8767c5305876d96784e20e4ed	1dbfc970c80899178d1e77fa4c0e235e
29583	caa3d98142689fbb9e05cedfa5344a6e	ef8926a8767c5305876d96784e20e4ed	1dbfc970c80899178d1e77fa4c0e235e
29584	046f12117e2fc7d487a8c27ee4fe76e2	15fec155baa8b4c0c0352b815f544579	6deebbe17196585cdc62274b127a1682
29585	046f12117e2fc7d487a8c27ee4fe76e2	15fec155baa8b4c0c0352b815f544579	6deebbe17196585cdc62274b127a1682
29586	097263a25a6ff57c368d6b003606d495	6c4962c90b8dc96098815718aba47502	14c3590c8137b67edb0698834cd62b09
29587	097263a25a6ff57c368d6b003606d495	6c4962c90b8dc96098815718aba47502	14c3590c8137b67edb0698834cd62b09
29588	097263a25a6ff57c368d6b003606d495	6c4962c90b8dc96098815718aba47502	14c3590c8137b67edb0698834cd62b09
29589	097263a25a6ff57c368d6b003606d495	6c4962c90b8dc96098815718aba47502	14c3590c8137b67edb0698834cd62b09
29590	097263a25a6ff57c368d6b003606d495	6c4962c90b8dc96098815718aba47502	14c3590c8137b67edb0698834cd62b09
29591	5b4a08a19684e453f17dfb2420ecd866	567fd9decf385cbdda8eb92d4b163b25	4e27eb0934d63985ec7f9ed8fb115dea
29592	5b4a08a19684e453f17dfb2420ecd866	567fd9decf385cbdda8eb92d4b163b25	4e27eb0934d63985ec7f9ed8fb115dea
29593	5b4a08a19684e453f17dfb2420ecd866	567fd9decf385cbdda8eb92d4b163b25	4e27eb0934d63985ec7f9ed8fb115dea
29594	5b4a08a19684e453f17dfb2420ecd866	567fd9decf385cbdda8eb92d4b163b25	4e27eb0934d63985ec7f9ed8fb115dea
29595	5b4a08a19684e453f17dfb2420ecd866	567fd9decf385cbdda8eb92d4b163b25	4e27eb0934d63985ec7f9ed8fb115dea
29596	5b4a08a19684e453f17dfb2420ecd866	567fd9decf385cbdda8eb92d4b163b25	4e27eb0934d63985ec7f9ed8fb115dea
29597	5b4a08a19684e453f17dfb2420ecd866	567fd9decf385cbdda8eb92d4b163b25	4e27eb0934d63985ec7f9ed8fb115dea
29598	52be060316ddfb2f3fc3aef463bcb538	2ac584c44208c7a92890b0aa5ff26553	b160adc0a9a5f62fe1308c8f2b9bf880
29599	52be060316ddfb2f3fc3aef463bcb538	2ac584c44208c7a92890b0aa5ff26553	b160adc0a9a5f62fe1308c8f2b9bf880
29600	52be060316ddfb2f3fc3aef463bcb538	2ac584c44208c7a92890b0aa5ff26553	b160adc0a9a5f62fe1308c8f2b9bf880
29601	52be060316ddfb2f3fc3aef463bcb538	2ac584c44208c7a92890b0aa5ff26553	b160adc0a9a5f62fe1308c8f2b9bf880
29602	52be060316ddfb2f3fc3aef463bcb538	2ac584c44208c7a92890b0aa5ff26553	b160adc0a9a5f62fe1308c8f2b9bf880
29603	52be060316ddfb2f3fc3aef463bcb538	2ac584c44208c7a92890b0aa5ff26553	b160adc0a9a5f62fe1308c8f2b9bf880
29604	52be060316ddfb2f3fc3aef463bcb538	2ac584c44208c7a92890b0aa5ff26553	b160adc0a9a5f62fe1308c8f2b9bf880
29605	52be060316ddfb2f3fc3aef463bcb538	2ac584c44208c7a92890b0aa5ff26553	b160adc0a9a5f62fe1308c8f2b9bf880
29606	52be060316ddfb2f3fc3aef463bcb538	2ac584c44208c7a92890b0aa5ff26553	b160adc0a9a5f62fe1308c8f2b9bf880
29607	52be060316ddfb2f3fc3aef463bcb538	2ac584c44208c7a92890b0aa5ff26553	b160adc0a9a5f62fe1308c8f2b9bf880
29608	1d15dd300acfcb6d81069f961fdd2c94	6328a3fdf39f3643ff9eb1dcb10d7e8f	ee455e3e13414abd7e032885241096e4
29609	1d15dd300acfcb6d81069f961fdd2c94	6328a3fdf39f3643ff9eb1dcb10d7e8f	ee455e3e13414abd7e032885241096e4
29610	1d15dd300acfcb6d81069f961fdd2c94	6328a3fdf39f3643ff9eb1dcb10d7e8f	ee455e3e13414abd7e032885241096e4
29611	1d15dd300acfcb6d81069f961fdd2c94	6328a3fdf39f3643ff9eb1dcb10d7e8f	ee455e3e13414abd7e032885241096e4
29612	1d15dd300acfcb6d81069f961fdd2c94	6328a3fdf39f3643ff9eb1dcb10d7e8f	ee455e3e13414abd7e032885241096e4
29613	1d15dd300acfcb6d81069f961fdd2c94	6328a3fdf39f3643ff9eb1dcb10d7e8f	ee455e3e13414abd7e032885241096e4
29614	1d15dd300acfcb6d81069f961fdd2c94	6328a3fdf39f3643ff9eb1dcb10d7e8f	ee455e3e13414abd7e032885241096e4
29615	e2d1b54388012140c45d1a1fb4af6299	ecd738fbcfba24a4971616c523040aa6	47336f347ce073dcf0ff972269209701
29616	e2d1b54388012140c45d1a1fb4af6299	ecd738fbcfba24a4971616c523040aa6	47336f347ce073dcf0ff972269209701
29617	e2d1b54388012140c45d1a1fb4af6299	ecd738fbcfba24a4971616c523040aa6	47336f347ce073dcf0ff972269209701
29618	e2d1b54388012140c45d1a1fb4af6299	ecd738fbcfba24a4971616c523040aa6	47336f347ce073dcf0ff972269209701
29619	e2d1b54388012140c45d1a1fb4af6299	ecd738fbcfba24a4971616c523040aa6	47336f347ce073dcf0ff972269209701
29620	39dcbeae7b3ed0bb229d878ca11a1823	e3bc0b4e95fde2cda51397dcc91c9b8c	eb479b6e082295390d79021b992f6e07
29621	39dcbeae7b3ed0bb229d878ca11a1823	e3bc0b4e95fde2cda51397dcc91c9b8c	eb479b6e082295390d79021b992f6e07
29622	39dcbeae7b3ed0bb229d878ca11a1823	e3bc0b4e95fde2cda51397dcc91c9b8c	eb479b6e082295390d79021b992f6e07
29623	39dcbeae7b3ed0bb229d878ca11a1823	e3bc0b4e95fde2cda51397dcc91c9b8c	eb479b6e082295390d79021b992f6e07
29624	39dcbeae7b3ed0bb229d878ca11a1823	e3bc0b4e95fde2cda51397dcc91c9b8c	eb479b6e082295390d79021b992f6e07
29625	39dcbeae7b3ed0bb229d878ca11a1823	e3bc0b4e95fde2cda51397dcc91c9b8c	eb479b6e082295390d79021b992f6e07
29626	39dcbeae7b3ed0bb229d878ca11a1823	e3bc0b4e95fde2cda51397dcc91c9b8c	eb479b6e082295390d79021b992f6e07
29627	39dcbeae7b3ed0bb229d878ca11a1823	e3bc0b4e95fde2cda51397dcc91c9b8c	eb479b6e082295390d79021b992f6e07
29628	39dcbeae7b3ed0bb229d878ca11a1823	e3bc0b4e95fde2cda51397dcc91c9b8c	eb479b6e082295390d79021b992f6e07
29629	39dcbeae7b3ed0bb229d878ca11a1823	e3bc0b4e95fde2cda51397dcc91c9b8c	eb479b6e082295390d79021b992f6e07
29630	39dcbeae7b3ed0bb229d878ca11a1823	e3bc0b4e95fde2cda51397dcc91c9b8c	eb479b6e082295390d79021b992f6e07
29631	39dcbeae7b3ed0bb229d878ca11a1823	e3bc0b4e95fde2cda51397dcc91c9b8c	eb479b6e082295390d79021b992f6e07
29632	39dcbeae7b3ed0bb229d878ca11a1823	e3bc0b4e95fde2cda51397dcc91c9b8c	eb479b6e082295390d79021b992f6e07
29633	39dcbeae7b3ed0bb229d878ca11a1823	e3bc0b4e95fde2cda51397dcc91c9b8c	eb479b6e082295390d79021b992f6e07
29634	39dcbeae7b3ed0bb229d878ca11a1823	e3bc0b4e95fde2cda51397dcc91c9b8c	eb479b6e082295390d79021b992f6e07
29635	39dcbeae7b3ed0bb229d878ca11a1823	e3bc0b4e95fde2cda51397dcc91c9b8c	eb479b6e082295390d79021b992f6e07
29636	39dcbeae7b3ed0bb229d878ca11a1823	e3bc0b4e95fde2cda51397dcc91c9b8c	eb479b6e082295390d79021b992f6e07
29637	0bd1c44f0545a1df944847145dbd3aae	2c020b8df70b9ae915845877069b1ebd	5aa2f73afe34154f28bbc0c0d5000646
29638	0bd1c44f0545a1df944847145dbd3aae	2c020b8df70b9ae915845877069b1ebd	5aa2f73afe34154f28bbc0c0d5000646
29639	0bd1c44f0545a1df944847145dbd3aae	2c020b8df70b9ae915845877069b1ebd	5aa2f73afe34154f28bbc0c0d5000646
29640	0bd1c44f0545a1df944847145dbd3aae	2c020b8df70b9ae915845877069b1ebd	5aa2f73afe34154f28bbc0c0d5000646
29641	0bd1c44f0545a1df944847145dbd3aae	2c020b8df70b9ae915845877069b1ebd	5aa2f73afe34154f28bbc0c0d5000646
29642	0bd1c44f0545a1df944847145dbd3aae	2c020b8df70b9ae915845877069b1ebd	5aa2f73afe34154f28bbc0c0d5000646
29643	0bd1c44f0545a1df944847145dbd3aae	2c020b8df70b9ae915845877069b1ebd	5aa2f73afe34154f28bbc0c0d5000646
29644	8ec44801471f6ab82814b69a31b8227c	5ab5b59f4f5ee2744d5262afcd94f17f	c8357512f9042a8486d4f0a2971b2224
29645	8ec44801471f6ab82814b69a31b8227c	5ab5b59f4f5ee2744d5262afcd94f17f	c8357512f9042a8486d4f0a2971b2224
29646	8ec44801471f6ab82814b69a31b8227c	5ab5b59f4f5ee2744d5262afcd94f17f	c8357512f9042a8486d4f0a2971b2224
29647	19b5ba955e6425094acd8e2e0b2e212c	c1ed1782a3fe3cbf9cab5d4746f45cd7	3a3c464a5ee547bdb685566ecbd041fc
29648	19b5ba955e6425094acd8e2e0b2e212c	c1ed1782a3fe3cbf9cab5d4746f45cd7	3a3c464a5ee547bdb685566ecbd041fc
29649	665380815c41ec7ce33d4e0195406f11	8eeeeb18f79aab7059713996e1f3b0be	93618ad03aab704ad702c078db3f5175
29650	665380815c41ec7ce33d4e0195406f11	8eeeeb18f79aab7059713996e1f3b0be	93618ad03aab704ad702c078db3f5175
29651	665380815c41ec7ce33d4e0195406f11	8eeeeb18f79aab7059713996e1f3b0be	93618ad03aab704ad702c078db3f5175
29652	95b89652117a12a0b479fa86b1a6b225	0f9655aae33bebc4cc2b33f01d173d92	fea08d771394e9c8943db5a94e271715
29653	95b89652117a12a0b479fa86b1a6b225	0f9655aae33bebc4cc2b33f01d173d92	fea08d771394e9c8943db5a94e271715
29654	95b89652117a12a0b479fa86b1a6b225	0f9655aae33bebc4cc2b33f01d173d92	fea08d771394e9c8943db5a94e271715
29655	95b89652117a12a0b479fa86b1a6b225	0f9655aae33bebc4cc2b33f01d173d92	fea08d771394e9c8943db5a94e271715
29656	665380815c41ec7ce33d4e0195406f11	8eeeeb18f79aab7059713996e1f3b0be	93618ad03aab704ad702c078db3f5175
29657	665380815c41ec7ce33d4e0195406f11	8eeeeb18f79aab7059713996e1f3b0be	93618ad03aab704ad702c078db3f5175
29658	665380815c41ec7ce33d4e0195406f11	8eeeeb18f79aab7059713996e1f3b0be	93618ad03aab704ad702c078db3f5175
29659	665380815c41ec7ce33d4e0195406f11	8eeeeb18f79aab7059713996e1f3b0be	93618ad03aab704ad702c078db3f5175
29660	665380815c41ec7ce33d4e0195406f11	8eeeeb18f79aab7059713996e1f3b0be	93618ad03aab704ad702c078db3f5175
29661	5b287fa0bf116d1be1fb864301c6c0fa	6083107c5dac8095714bc8321dfdf039	97587a824f05f1395482ff51119960f6
29662	5b287fa0bf116d1be1fb864301c6c0fa	6083107c5dac8095714bc8321dfdf039	97587a824f05f1395482ff51119960f6
29663	5b287fa0bf116d1be1fb864301c6c0fa	6083107c5dac8095714bc8321dfdf039	97587a824f05f1395482ff51119960f6
29664	5b287fa0bf116d1be1fb864301c6c0fa	6083107c5dac8095714bc8321dfdf039	97587a824f05f1395482ff51119960f6
29665	5b287fa0bf116d1be1fb864301c6c0fa	6083107c5dac8095714bc8321dfdf039	97587a824f05f1395482ff51119960f6
29666	5b287fa0bf116d1be1fb864301c6c0fa	6083107c5dac8095714bc8321dfdf039	97587a824f05f1395482ff51119960f6
29667	5b287fa0bf116d1be1fb864301c6c0fa	6083107c5dac8095714bc8321dfdf039	97587a824f05f1395482ff51119960f6
29668	2b9d4e581ae2d0875b1ae4c3519132ce	ae9a5b35f5de63a1837fdfd2444d077d	3863a34bc097e55bed2f899b786793b6
29669	2b9d4e581ae2d0875b1ae4c3519132ce	ae9a5b35f5de63a1837fdfd2444d077d	3863a34bc097e55bed2f899b786793b6
29670	2b9d4e581ae2d0875b1ae4c3519132ce	ae9a5b35f5de63a1837fdfd2444d077d	3863a34bc097e55bed2f899b786793b6
29671	847fb6d65c15f431b66f89f838f311c1	65513b6ab22d88cff6f23edc517dd9f6	75d7820d3ee06ca5c1acb1f6c59d5e31
29672	847fb6d65c15f431b66f89f838f311c1	65513b6ab22d88cff6f23edc517dd9f6	75d7820d3ee06ca5c1acb1f6c59d5e31
29673	2b9d4e581ae2d0875b1ae4c3519132ce	ae9a5b35f5de63a1837fdfd2444d077d	3863a34bc097e55bed2f899b786793b6
29674	2b9d4e581ae2d0875b1ae4c3519132ce	ae9a5b35f5de63a1837fdfd2444d077d	3863a34bc097e55bed2f899b786793b6
29675	2b9d4e581ae2d0875b1ae4c3519132ce	ae9a5b35f5de63a1837fdfd2444d077d	3863a34bc097e55bed2f899b786793b6
29676	2b9d4e581ae2d0875b1ae4c3519132ce	ae9a5b35f5de63a1837fdfd2444d077d	3863a34bc097e55bed2f899b786793b6
29677	2b9d4e581ae2d0875b1ae4c3519132ce	ae9a5b35f5de63a1837fdfd2444d077d	3863a34bc097e55bed2f899b786793b6
29678	411356b50ca3523e10a749da673b7288	27557d5d355489f64ccfa4c1ecafa82b	4332fe1409bf9bda23eea6f766abcbd0
29679	411356b50ca3523e10a749da673b7288	27557d5d355489f64ccfa4c1ecafa82b	4332fe1409bf9bda23eea6f766abcbd0
29680	411356b50ca3523e10a749da673b7288	27557d5d355489f64ccfa4c1ecafa82b	4332fe1409bf9bda23eea6f766abcbd0
29681	411356b50ca3523e10a749da673b7288	27557d5d355489f64ccfa4c1ecafa82b	4332fe1409bf9bda23eea6f766abcbd0
29682	411356b50ca3523e10a749da673b7288	27557d5d355489f64ccfa4c1ecafa82b	4332fe1409bf9bda23eea6f766abcbd0
29683	411356b50ca3523e10a749da673b7288	27557d5d355489f64ccfa4c1ecafa82b	4332fe1409bf9bda23eea6f766abcbd0
29684	411356b50ca3523e10a749da673b7288	27557d5d355489f64ccfa4c1ecafa82b	4332fe1409bf9bda23eea6f766abcbd0
29685	c87aced4745b6305707995d189652963	9709c48ee8612743b78356e4cf31372c	2d7b558f1f99acd7d21c555f9321d45f
29686	c87aced4745b6305707995d189652963	9709c48ee8612743b78356e4cf31372c	2d7b558f1f99acd7d21c555f9321d45f
29687	c87aced4745b6305707995d189652963	9709c48ee8612743b78356e4cf31372c	2d7b558f1f99acd7d21c555f9321d45f
29688	c87aced4745b6305707995d189652963	9709c48ee8612743b78356e4cf31372c	2d7b558f1f99acd7d21c555f9321d45f
29689	c87aced4745b6305707995d189652963	9709c48ee8612743b78356e4cf31372c	2d7b558f1f99acd7d21c555f9321d45f
29690	38849c1719a8a2f0c922bb734e69f0ba	7889f218a98ae02c497f9d08ff36ad11	f1de652b76f27a2ee979795843f0cf0e
29691	38849c1719a8a2f0c922bb734e69f0ba	7889f218a98ae02c497f9d08ff36ad11	f1de652b76f27a2ee979795843f0cf0e
29692	38849c1719a8a2f0c922bb734e69f0ba	7889f218a98ae02c497f9d08ff36ad11	f1de652b76f27a2ee979795843f0cf0e
29693	38849c1719a8a2f0c922bb734e69f0ba	7889f218a98ae02c497f9d08ff36ad11	f1de652b76f27a2ee979795843f0cf0e
29694	38849c1719a8a2f0c922bb734e69f0ba	7889f218a98ae02c497f9d08ff36ad11	f1de652b76f27a2ee979795843f0cf0e
29695	38849c1719a8a2f0c922bb734e69f0ba	7889f218a98ae02c497f9d08ff36ad11	f1de652b76f27a2ee979795843f0cf0e
29696	38849c1719a8a2f0c922bb734e69f0ba	7889f218a98ae02c497f9d08ff36ad11	f1de652b76f27a2ee979795843f0cf0e
29697	5cd2f6f454f5e3674b3515a0b42e3675	74b3d6b34f0f6e29e199a80f9b92d8aa	ebd0c68e9b737123986097eeaf48747d
29698	5cd2f6f454f5e3674b3515a0b42e3675	74b3d6b34f0f6e29e199a80f9b92d8aa	ebd0c68e9b737123986097eeaf48747d
29699	5cd2f6f454f5e3674b3515a0b42e3675	74b3d6b34f0f6e29e199a80f9b92d8aa	ebd0c68e9b737123986097eeaf48747d
29700	5cd2f6f454f5e3674b3515a0b42e3675	74b3d6b34f0f6e29e199a80f9b92d8aa	ebd0c68e9b737123986097eeaf48747d
29701	5cd2f6f454f5e3674b3515a0b42e3675	74b3d6b34f0f6e29e199a80f9b92d8aa	ebd0c68e9b737123986097eeaf48747d
29702	7648fbc6cc75c422ff4f41c7d2514d9b	4fcc9781f43ac4d2253fe783ee76665c	9651d3dee1a5f3123df557bc8b948313
29703	7648fbc6cc75c422ff4f41c7d2514d9b	4fcc9781f43ac4d2253fe783ee76665c	9651d3dee1a5f3123df557bc8b948313
29704	7648fbc6cc75c422ff4f41c7d2514d9b	4fcc9781f43ac4d2253fe783ee76665c	9651d3dee1a5f3123df557bc8b948313
29705	7648fbc6cc75c422ff4f41c7d2514d9b	4fcc9781f43ac4d2253fe783ee76665c	9651d3dee1a5f3123df557bc8b948313
29706	7648fbc6cc75c422ff4f41c7d2514d9b	4fcc9781f43ac4d2253fe783ee76665c	9651d3dee1a5f3123df557bc8b948313
29707	2523fde1233ebd03aa86d9b07064058a	368411c55925d08dde845a0fd94067d9	d8252d239e9133ab0bc47b778ce0745a
29708	2523fde1233ebd03aa86d9b07064058a	368411c55925d08dde845a0fd94067d9	d8252d239e9133ab0bc47b778ce0745a
29709	2523fde1233ebd03aa86d9b07064058a	368411c55925d08dde845a0fd94067d9	d8252d239e9133ab0bc47b778ce0745a
29710	2523fde1233ebd03aa86d9b07064058a	368411c55925d08dde845a0fd94067d9	d8252d239e9133ab0bc47b778ce0745a
29711	2523fde1233ebd03aa86d9b07064058a	368411c55925d08dde845a0fd94067d9	d8252d239e9133ab0bc47b778ce0745a
29712	2523fde1233ebd03aa86d9b07064058a	368411c55925d08dde845a0fd94067d9	d8252d239e9133ab0bc47b778ce0745a
29713	2523fde1233ebd03aa86d9b07064058a	368411c55925d08dde845a0fd94067d9	d8252d239e9133ab0bc47b778ce0745a
29714	bed22485f4db58fdaae0bafa98260180	c6d984f1bb7475b3aee159116e8136cb	5614d092c765c1736e207328c4c71764
29715	bed22485f4db58fdaae0bafa98260180	c6d984f1bb7475b3aee159116e8136cb	5614d092c765c1736e207328c4c71764
29716	bed22485f4db58fdaae0bafa98260180	c6d984f1bb7475b3aee159116e8136cb	5614d092c765c1736e207328c4c71764
29717	bed22485f4db58fdaae0bafa98260180	c6d984f1bb7475b3aee159116e8136cb	5614d092c765c1736e207328c4c71764
29718	bed22485f4db58fdaae0bafa98260180	c6d984f1bb7475b3aee159116e8136cb	5614d092c765c1736e207328c4c71764
29719	b5756372a4f0b2500caeae1cb96ff01c	8c467b1cc94a5a5cd1b0752ad16db77f	fc85a506c9bee33abb3eac13aec26e68
29720	b5756372a4f0b2500caeae1cb96ff01c	8c467b1cc94a5a5cd1b0752ad16db77f	fc85a506c9bee33abb3eac13aec26e68
29721	b5756372a4f0b2500caeae1cb96ff01c	8c467b1cc94a5a5cd1b0752ad16db77f	fc85a506c9bee33abb3eac13aec26e68
29722	b5756372a4f0b2500caeae1cb96ff01c	8c467b1cc94a5a5cd1b0752ad16db77f	fc85a506c9bee33abb3eac13aec26e68
29723	b5756372a4f0b2500caeae1cb96ff01c	8c467b1cc94a5a5cd1b0752ad16db77f	fc85a506c9bee33abb3eac13aec26e68
29724	b5756372a4f0b2500caeae1cb96ff01c	8c467b1cc94a5a5cd1b0752ad16db77f	fc85a506c9bee33abb3eac13aec26e68
29725	b5756372a4f0b2500caeae1cb96ff01c	8c467b1cc94a5a5cd1b0752ad16db77f	fc85a506c9bee33abb3eac13aec26e68
29726	b5756372a4f0b2500caeae1cb96ff01c	8c467b1cc94a5a5cd1b0752ad16db77f	fc85a506c9bee33abb3eac13aec26e68
29727	b5756372a4f0b2500caeae1cb96ff01c	8c467b1cc94a5a5cd1b0752ad16db77f	fc85a506c9bee33abb3eac13aec26e68
29728	b5756372a4f0b2500caeae1cb96ff01c	8c467b1cc94a5a5cd1b0752ad16db77f	fc85a506c9bee33abb3eac13aec26e68
29729	96a619bde1475e4a6017e34468deab94	9cc238bb1cab8fa243d9c9d9d6929b17	14ce3222bd53b60230ac1ea620164f34
29730	b5756372a4f0b2500caeae1cb96ff01c	8c467b1cc94a5a5cd1b0752ad16db77f	fc85a506c9bee33abb3eac13aec26e68
29731	1764566e21738f663bbef25036678704	d93f15e1c5786a5ee1e1aef466ce37f7	9f8818bd65eb8de8985f65d209f1c2e8
29732	1764566e21738f663bbef25036678704	d93f15e1c5786a5ee1e1aef466ce37f7	9f8818bd65eb8de8985f65d209f1c2e8
29733	1764566e21738f663bbef25036678704	d93f15e1c5786a5ee1e1aef466ce37f7	9f8818bd65eb8de8985f65d209f1c2e8
29734	1764566e21738f663bbef25036678704	d93f15e1c5786a5ee1e1aef466ce37f7	9f8818bd65eb8de8985f65d209f1c2e8
29735	1764566e21738f663bbef25036678704	d93f15e1c5786a5ee1e1aef466ce37f7	9f8818bd65eb8de8985f65d209f1c2e8
29736	1764566e21738f663bbef25036678704	d93f15e1c5786a5ee1e1aef466ce37f7	9f8818bd65eb8de8985f65d209f1c2e8
29737	1764566e21738f663bbef25036678704	d93f15e1c5786a5ee1e1aef466ce37f7	9f8818bd65eb8de8985f65d209f1c2e8
29738	7e3e2cf744b66106b1314c7cd550e008	024dea8f976b1daee1604b13ed6c962b	918825e28c7cce9e861a47a8e2efabf8
29739	7e3e2cf744b66106b1314c7cd550e008	024dea8f976b1daee1604b13ed6c962b	918825e28c7cce9e861a47a8e2efabf8
29740	7e3e2cf744b66106b1314c7cd550e008	024dea8f976b1daee1604b13ed6c962b	918825e28c7cce9e861a47a8e2efabf8
29741	7e3e2cf744b66106b1314c7cd550e008	024dea8f976b1daee1604b13ed6c962b	918825e28c7cce9e861a47a8e2efabf8
29742	7e3e2cf744b66106b1314c7cd550e008	024dea8f976b1daee1604b13ed6c962b	918825e28c7cce9e861a47a8e2efabf8
29743	7fd74f1cf5e3ae5dc38bc5eb202332d2	cd7510471834750377b63880f6e79561	3b7b92349ee2528b25d7814ad79b93ee
29744	7fd74f1cf5e3ae5dc38bc5eb202332d2	cd7510471834750377b63880f6e79561	3b7b92349ee2528b25d7814ad79b93ee
29745	7fd74f1cf5e3ae5dc38bc5eb202332d2	cd7510471834750377b63880f6e79561	3b7b92349ee2528b25d7814ad79b93ee
29746	7fd74f1cf5e3ae5dc38bc5eb202332d2	cd7510471834750377b63880f6e79561	3b7b92349ee2528b25d7814ad79b93ee
29747	7fd74f1cf5e3ae5dc38bc5eb202332d2	cd7510471834750377b63880f6e79561	3b7b92349ee2528b25d7814ad79b93ee
29748	63763b3fc876ca076e6121b38d0cee7a	bb1c7115385cf4a148947e86fc561489	3f0a2e6a959bcf5f80e0643afbcffe1a
29749	63763b3fc876ca076e6121b38d0cee7a	bb1c7115385cf4a148947e86fc561489	3f0a2e6a959bcf5f80e0643afbcffe1a
29750	63763b3fc876ca076e6121b38d0cee7a	bb1c7115385cf4a148947e86fc561489	3f0a2e6a959bcf5f80e0643afbcffe1a
29751	63763b3fc876ca076e6121b38d0cee7a	bb1c7115385cf4a148947e86fc561489	3f0a2e6a959bcf5f80e0643afbcffe1a
29752	63763b3fc876ca076e6121b38d0cee7a	bb1c7115385cf4a148947e86fc561489	3f0a2e6a959bcf5f80e0643afbcffe1a
29753	63763b3fc876ca076e6121b38d0cee7a	bb1c7115385cf4a148947e86fc561489	3f0a2e6a959bcf5f80e0643afbcffe1a
29754	63763b3fc876ca076e6121b38d0cee7a	bb1c7115385cf4a148947e86fc561489	3f0a2e6a959bcf5f80e0643afbcffe1a
29755	63763b3fc876ca076e6121b38d0cee7a	bb1c7115385cf4a148947e86fc561489	3f0a2e6a959bcf5f80e0643afbcffe1a
29756	63763b3fc876ca076e6121b38d0cee7a	bb1c7115385cf4a148947e86fc561489	3f0a2e6a959bcf5f80e0643afbcffe1a
29757	63763b3fc876ca076e6121b38d0cee7a	bb1c7115385cf4a148947e86fc561489	3f0a2e6a959bcf5f80e0643afbcffe1a
29758	63763b3fc876ca076e6121b38d0cee7a	bb1c7115385cf4a148947e86fc561489	3f0a2e6a959bcf5f80e0643afbcffe1a
29759	63763b3fc876ca076e6121b38d0cee7a	bb1c7115385cf4a148947e86fc561489	3f0a2e6a959bcf5f80e0643afbcffe1a
29760	7ae3cf5f7cc802438cbf3a8f273c4210	05665e0de2d2afdd84e9db5c9247b14b	d190abc105a2ecd3af657e6856dc4dc8
29761	7ae3cf5f7cc802438cbf3a8f273c4210	05665e0de2d2afdd84e9db5c9247b14b	d190abc105a2ecd3af657e6856dc4dc8
29762	7ae3cf5f7cc802438cbf3a8f273c4210	05665e0de2d2afdd84e9db5c9247b14b	d190abc105a2ecd3af657e6856dc4dc8
29763	7ae3cf5f7cc802438cbf3a8f273c4210	05665e0de2d2afdd84e9db5c9247b14b	d190abc105a2ecd3af657e6856dc4dc8
29764	7ae3cf5f7cc802438cbf3a8f273c4210	05665e0de2d2afdd84e9db5c9247b14b	d190abc105a2ecd3af657e6856dc4dc8
29765	7ae3cf5f7cc802438cbf3a8f273c4210	05665e0de2d2afdd84e9db5c9247b14b	d190abc105a2ecd3af657e6856dc4dc8
29766	7ae3cf5f7cc802438cbf3a8f273c4210	05665e0de2d2afdd84e9db5c9247b14b	d190abc105a2ecd3af657e6856dc4dc8
29767	4465f3dca3c92fdc291df279cc674903	075397aaa2f0d990c09f3a154dad52d4	a020d1c3187e921a91c2c421d324daaf
29768	4465f3dca3c92fdc291df279cc674903	075397aaa2f0d990c09f3a154dad52d4	a020d1c3187e921a91c2c421d324daaf
29769	4465f3dca3c92fdc291df279cc674903	075397aaa2f0d990c09f3a154dad52d4	a020d1c3187e921a91c2c421d324daaf
29770	4465f3dca3c92fdc291df279cc674903	075397aaa2f0d990c09f3a154dad52d4	a020d1c3187e921a91c2c421d324daaf
29771	4465f3dca3c92fdc291df279cc674903	075397aaa2f0d990c09f3a154dad52d4	a020d1c3187e921a91c2c421d324daaf
29772	4465f3dca3c92fdc291df279cc674903	075397aaa2f0d990c09f3a154dad52d4	a020d1c3187e921a91c2c421d324daaf
29773	4465f3dca3c92fdc291df279cc674903	075397aaa2f0d990c09f3a154dad52d4	a020d1c3187e921a91c2c421d324daaf
29774	4465f3dca3c92fdc291df279cc674903	075397aaa2f0d990c09f3a154dad52d4	a020d1c3187e921a91c2c421d324daaf
29775	4465f3dca3c92fdc291df279cc674903	075397aaa2f0d990c09f3a154dad52d4	a020d1c3187e921a91c2c421d324daaf
29776	4465f3dca3c92fdc291df279cc674903	075397aaa2f0d990c09f3a154dad52d4	a020d1c3187e921a91c2c421d324daaf
29777	09cbbadbaf668f476afed63e52eccbda	813da25bed0758d1822ea4fa578e80a9	d57329994ca1eb93ad38ac7bfed7e3fa
29778	09cbbadbaf668f476afed63e52eccbda	813da25bed0758d1822ea4fa578e80a9	d57329994ca1eb93ad38ac7bfed7e3fa
29779	09cbbadbaf668f476afed63e52eccbda	813da25bed0758d1822ea4fa578e80a9	d57329994ca1eb93ad38ac7bfed7e3fa
29780	09cbbadbaf668f476afed63e52eccbda	813da25bed0758d1822ea4fa578e80a9	d57329994ca1eb93ad38ac7bfed7e3fa
29781	09cbbadbaf668f476afed63e52eccbda	813da25bed0758d1822ea4fa578e80a9	d57329994ca1eb93ad38ac7bfed7e3fa
29782	09cbbadbaf668f476afed63e52eccbda	813da25bed0758d1822ea4fa578e80a9	d57329994ca1eb93ad38ac7bfed7e3fa
29783	09cbbadbaf668f476afed63e52eccbda	813da25bed0758d1822ea4fa578e80a9	d57329994ca1eb93ad38ac7bfed7e3fa
29784	52f35fe67839a4fd987d43b634fa0510	41112d9411cde94362e60741c09eef4b	88d83059d8715f9551fa45b0a0f02268
29785	52f35fe67839a4fd987d43b634fa0510	41112d9411cde94362e60741c09eef4b	88d83059d8715f9551fa45b0a0f02268
29786	52f35fe67839a4fd987d43b634fa0510	41112d9411cde94362e60741c09eef4b	88d83059d8715f9551fa45b0a0f02268
29787	52f35fe67839a4fd987d43b634fa0510	41112d9411cde94362e60741c09eef4b	88d83059d8715f9551fa45b0a0f02268
29788	52f35fe67839a4fd987d43b634fa0510	41112d9411cde94362e60741c09eef4b	88d83059d8715f9551fa45b0a0f02268
29789	e9147e7af9b80ac1c9473714302984e7	0baf4b4374a7bf7f3a1b4a786251fcc0	fcd666b2bed4594fb18ab9c528520c1b
29790	e9147e7af9b80ac1c9473714302984e7	0baf4b4374a7bf7f3a1b4a786251fcc0	fcd666b2bed4594fb18ab9c528520c1b
29791	e9147e7af9b80ac1c9473714302984e7	0baf4b4374a7bf7f3a1b4a786251fcc0	fcd666b2bed4594fb18ab9c528520c1b
29792	e9147e7af9b80ac1c9473714302984e7	0baf4b4374a7bf7f3a1b4a786251fcc0	fcd666b2bed4594fb18ab9c528520c1b
29793	e9147e7af9b80ac1c9473714302984e7	0baf4b4374a7bf7f3a1b4a786251fcc0	fcd666b2bed4594fb18ab9c528520c1b
29794	e9147e7af9b80ac1c9473714302984e7	0baf4b4374a7bf7f3a1b4a786251fcc0	fcd666b2bed4594fb18ab9c528520c1b
29795	e9147e7af9b80ac1c9473714302984e7	0baf4b4374a7bf7f3a1b4a786251fcc0	fcd666b2bed4594fb18ab9c528520c1b
29796	e9147e7af9b80ac1c9473714302984e7	0baf4b4374a7bf7f3a1b4a786251fcc0	fcd666b2bed4594fb18ab9c528520c1b
29797	e9147e7af9b80ac1c9473714302984e7	0baf4b4374a7bf7f3a1b4a786251fcc0	fcd666b2bed4594fb18ab9c528520c1b
29798	e9147e7af9b80ac1c9473714302984e7	0baf4b4374a7bf7f3a1b4a786251fcc0	fcd666b2bed4594fb18ab9c528520c1b
29799	e9147e7af9b80ac1c9473714302984e7	0baf4b4374a7bf7f3a1b4a786251fcc0	fcd666b2bed4594fb18ab9c528520c1b
29800	e9147e7af9b80ac1c9473714302984e7	0baf4b4374a7bf7f3a1b4a786251fcc0	fcd666b2bed4594fb18ab9c528520c1b
29801	e9147e7af9b80ac1c9473714302984e7	0baf4b4374a7bf7f3a1b4a786251fcc0	fcd666b2bed4594fb18ab9c528520c1b
29802	e9147e7af9b80ac1c9473714302984e7	0baf4b4374a7bf7f3a1b4a786251fcc0	fcd666b2bed4594fb18ab9c528520c1b
29803	e9147e7af9b80ac1c9473714302984e7	0baf4b4374a7bf7f3a1b4a786251fcc0	fcd666b2bed4594fb18ab9c528520c1b
29804	e9147e7af9b80ac1c9473714302984e7	0baf4b4374a7bf7f3a1b4a786251fcc0	fcd666b2bed4594fb18ab9c528520c1b
29805	e9147e7af9b80ac1c9473714302984e7	0baf4b4374a7bf7f3a1b4a786251fcc0	fcd666b2bed4594fb18ab9c528520c1b
29806	0f92c76f5fab5902410a520cf7a26306	0c47f1cf3eef407a0ad1c8f2a024798d	c04d89edf7606050155f3077d932df6a
29807	0f92c76f5fab5902410a520cf7a26306	0c47f1cf3eef407a0ad1c8f2a024798d	c04d89edf7606050155f3077d932df6a
29808	0f92c76f5fab5902410a520cf7a26306	0c47f1cf3eef407a0ad1c8f2a024798d	c04d89edf7606050155f3077d932df6a
29809	0f92c76f5fab5902410a520cf7a26306	0c47f1cf3eef407a0ad1c8f2a024798d	c04d89edf7606050155f3077d932df6a
29810	0f92c76f5fab5902410a520cf7a26306	0c47f1cf3eef407a0ad1c8f2a024798d	c04d89edf7606050155f3077d932df6a
29811	0f92c76f5fab5902410a520cf7a26306	0c47f1cf3eef407a0ad1c8f2a024798d	c04d89edf7606050155f3077d932df6a
29812	0f92c76f5fab5902410a520cf7a26306	0c47f1cf3eef407a0ad1c8f2a024798d	c04d89edf7606050155f3077d932df6a
29813	5ed9aa860338fee3ea6908e5a0560c8e	52415885a68c76cdaef221aef25a4ffd	8d37388ade24d51bd2dac40d7fe32b7e
29814	5ed9aa860338fee3ea6908e5a0560c8e	52415885a68c76cdaef221aef25a4ffd	8d37388ade24d51bd2dac40d7fe32b7e
29815	5ed9aa860338fee3ea6908e5a0560c8e	52415885a68c76cdaef221aef25a4ffd	8d37388ade24d51bd2dac40d7fe32b7e
29816	4532bc5f95b130e6047791015d3ba1f8	60dac95f9dd48c2eaa7a6e604bdfedbb	ca29affca766d2762f7b62298bd2ee10
29817	4532bc5f95b130e6047791015d3ba1f8	60dac95f9dd48c2eaa7a6e604bdfedbb	ca29affca766d2762f7b62298bd2ee10
29818	fa8441b6cff5759f3032e6e0d68dc3b5	f4c7d97af38cea515a165a284e09278a	42be14060c99d6cd3f1ddec69e0d7991
29819	fa8441b6cff5759f3032e6e0d68dc3b5	f4c7d97af38cea515a165a284e09278a	42be14060c99d6cd3f1ddec69e0d7991
29820	fa8441b6cff5759f3032e6e0d68dc3b5	f4c7d97af38cea515a165a284e09278a	42be14060c99d6cd3f1ddec69e0d7991
29821	fa8441b6cff5759f3032e6e0d68dc3b5	f4c7d97af38cea515a165a284e09278a	42be14060c99d6cd3f1ddec69e0d7991
29822	fa8441b6cff5759f3032e6e0d68dc3b5	f4c7d97af38cea515a165a284e09278a	42be14060c99d6cd3f1ddec69e0d7991
29823	fa8441b6cff5759f3032e6e0d68dc3b5	f4c7d97af38cea515a165a284e09278a	42be14060c99d6cd3f1ddec69e0d7991
29824	fa8441b6cff5759f3032e6e0d68dc3b5	f4c7d97af38cea515a165a284e09278a	42be14060c99d6cd3f1ddec69e0d7991
29825	192241a2b1b01614bde8f692ec2c3d92	ff57732a3e991f20a553487ecd7f09b9	28ef81609597a9dcfe0ee2f16e56eb6a
29826	192241a2b1b01614bde8f692ec2c3d92	ff57732a3e991f20a553487ecd7f09b9	28ef81609597a9dcfe0ee2f16e56eb6a
29827	192241a2b1b01614bde8f692ec2c3d92	ff57732a3e991f20a553487ecd7f09b9	28ef81609597a9dcfe0ee2f16e56eb6a
29828	192241a2b1b01614bde8f692ec2c3d92	ff57732a3e991f20a553487ecd7f09b9	28ef81609597a9dcfe0ee2f16e56eb6a
29829	192241a2b1b01614bde8f692ec2c3d92	ff57732a3e991f20a553487ecd7f09b9	28ef81609597a9dcfe0ee2f16e56eb6a
29830	1adf948d0107ea07b128f84c42696068	68798617fbe1f7718d75cfb245c20433	d3cf43234ab3a5b363ac6e586b79b9b8
29831	1adf948d0107ea07b128f84c42696068	68798617fbe1f7718d75cfb245c20433	d3cf43234ab3a5b363ac6e586b79b9b8
29832	1adf948d0107ea07b128f84c42696068	68798617fbe1f7718d75cfb245c20433	d3cf43234ab3a5b363ac6e586b79b9b8
29833	1adf948d0107ea07b128f84c42696068	68798617fbe1f7718d75cfb245c20433	d3cf43234ab3a5b363ac6e586b79b9b8
29834	1adf948d0107ea07b128f84c42696068	68798617fbe1f7718d75cfb245c20433	d3cf43234ab3a5b363ac6e586b79b9b8
29835	1adf948d0107ea07b128f84c42696068	68798617fbe1f7718d75cfb245c20433	d3cf43234ab3a5b363ac6e586b79b9b8
29836	1adf948d0107ea07b128f84c42696068	68798617fbe1f7718d75cfb245c20433	d3cf43234ab3a5b363ac6e586b79b9b8
29837	1f3f0343c1d05d2b4bd08971d0f440f8	934bf7825347efa592a2ad62ce886ca3	c2dce9d041cb2129b44170fcbd83179c
29838	1f3f0343c1d05d2b4bd08971d0f440f8	934bf7825347efa592a2ad62ce886ca3	c2dce9d041cb2129b44170fcbd83179c
29839	1f3f0343c1d05d2b4bd08971d0f440f8	934bf7825347efa592a2ad62ce886ca3	c2dce9d041cb2129b44170fcbd83179c
29840	1f3f0343c1d05d2b4bd08971d0f440f8	934bf7825347efa592a2ad62ce886ca3	c2dce9d041cb2129b44170fcbd83179c
29841	1f3f0343c1d05d2b4bd08971d0f440f8	934bf7825347efa592a2ad62ce886ca3	c2dce9d041cb2129b44170fcbd83179c
29842	1f3f0343c1d05d2b4bd08971d0f440f8	934bf7825347efa592a2ad62ce886ca3	c2dce9d041cb2129b44170fcbd83179c
29843	1f3f0343c1d05d2b4bd08971d0f440f8	934bf7825347efa592a2ad62ce886ca3	c2dce9d041cb2129b44170fcbd83179c
29844	1f3f0343c1d05d2b4bd08971d0f440f8	934bf7825347efa592a2ad62ce886ca3	c2dce9d041cb2129b44170fcbd83179c
29845	1f3f0343c1d05d2b4bd08971d0f440f8	934bf7825347efa592a2ad62ce886ca3	c2dce9d041cb2129b44170fcbd83179c
29846	1f3f0343c1d05d2b4bd08971d0f440f8	934bf7825347efa592a2ad62ce886ca3	c2dce9d041cb2129b44170fcbd83179c
29847	0beeb5fdf4f95a3610b11a4ad4d84fd5	b0f35637d27c5ac6ba678f122be53a42	f64874ba34b57234ce38354cb54f56a1
29848	0beeb5fdf4f95a3610b11a4ad4d84fd5	b0f35637d27c5ac6ba678f122be53a42	f64874ba34b57234ce38354cb54f56a1
29849	0beeb5fdf4f95a3610b11a4ad4d84fd5	b0f35637d27c5ac6ba678f122be53a42	f64874ba34b57234ce38354cb54f56a1
29850	ef2f8f05df5c00ebd231e269c9d0cc31	c67b82e0496af75dea4ab5c1bfc2c9a6	700a403c2d38388d4e743599bb8ab38d
29851	ef2f8f05df5c00ebd231e269c9d0cc31	c67b82e0496af75dea4ab5c1bfc2c9a6	700a403c2d38388d4e743599bb8ab38d
29852	ef2f8f05df5c00ebd231e269c9d0cc31	c67b82e0496af75dea4ab5c1bfc2c9a6	700a403c2d38388d4e743599bb8ab38d
29853	7d49dd06fb1ce060a538fce098d46d25	3054f86a8d53e544586458560a835272	2b4da4184e6af2722c880cbefb1d2309
29854	def7ae7baca1c1b1afe8a5d729dd269f	53b4f76d587d300f0c7b9069321c2878	f200bea7f4246f17ac9b4f526bb4370b
29855	def7ae7baca1c1b1afe8a5d729dd269f	53b4f76d587d300f0c7b9069321c2878	f200bea7f4246f17ac9b4f526bb4370b
29856	def7ae7baca1c1b1afe8a5d729dd269f	53b4f76d587d300f0c7b9069321c2878	f200bea7f4246f17ac9b4f526bb4370b
29857	def7ae7baca1c1b1afe8a5d729dd269f	53b4f76d587d300f0c7b9069321c2878	f200bea7f4246f17ac9b4f526bb4370b
29858	def7ae7baca1c1b1afe8a5d729dd269f	53b4f76d587d300f0c7b9069321c2878	f200bea7f4246f17ac9b4f526bb4370b
29859	e891e062a01a4dd3b5cec87eec2b2611	b25b8f1068c265959272fe5d9abfa476	404c89823c902bdfd26a3b695a3d8261
29860	e891e062a01a4dd3b5cec87eec2b2611	b25b8f1068c265959272fe5d9abfa476	404c89823c902bdfd26a3b695a3d8261
29861	e891e062a01a4dd3b5cec87eec2b2611	b25b8f1068c265959272fe5d9abfa476	404c89823c902bdfd26a3b695a3d8261
29862	e891e062a01a4dd3b5cec87eec2b2611	b25b8f1068c265959272fe5d9abfa476	404c89823c902bdfd26a3b695a3d8261
29863	e891e062a01a4dd3b5cec87eec2b2611	b25b8f1068c265959272fe5d9abfa476	404c89823c902bdfd26a3b695a3d8261
29864	e891e062a01a4dd3b5cec87eec2b2611	b25b8f1068c265959272fe5d9abfa476	404c89823c902bdfd26a3b695a3d8261
29865	e891e062a01a4dd3b5cec87eec2b2611	b25b8f1068c265959272fe5d9abfa476	404c89823c902bdfd26a3b695a3d8261
29866	5eb2fbbb4bb80df711f9107625b22d9d	67a7cb661324cd6950165824ea4c48b2	d382373e7501db9fc72d4874fcf1ba3d
29867	df436db780b89371ffd3aa7501725ffd	4f85a7192baeeafff78b348f84f8a4b2	5fc1903d9541553fe16c062e1fc82251
29868	df436db780b89371ffd3aa7501725ffd	4f85a7192baeeafff78b348f84f8a4b2	5fc1903d9541553fe16c062e1fc82251
29869	5eb2fbbb4bb80df711f9107625b22d9d	67a7cb661324cd6950165824ea4c48b2	d382373e7501db9fc72d4874fcf1ba3d
29870	5eb2fbbb4bb80df711f9107625b22d9d	67a7cb661324cd6950165824ea4c48b2	d382373e7501db9fc72d4874fcf1ba3d
29871	df436db780b89371ffd3aa7501725ffd	4f85a7192baeeafff78b348f84f8a4b2	5fc1903d9541553fe16c062e1fc82251
29872	df436db780b89371ffd3aa7501725ffd	4f85a7192baeeafff78b348f84f8a4b2	5fc1903d9541553fe16c062e1fc82251
29873	df436db780b89371ffd3aa7501725ffd	4f85a7192baeeafff78b348f84f8a4b2	5fc1903d9541553fe16c062e1fc82251
29874	5eb2fbbb4bb80df711f9107625b22d9d	67a7cb661324cd6950165824ea4c48b2	d382373e7501db9fc72d4874fcf1ba3d
29875	5eb2fbbb4bb80df711f9107625b22d9d	67a7cb661324cd6950165824ea4c48b2	d382373e7501db9fc72d4874fcf1ba3d
29876	89bed7f170d395644d3cc738298afe6e	7114a93c1c0eb0407d80502c1df0ba05	e5b671d806d7d7eadc238cf457a06372
29877	89bed7f170d395644d3cc738298afe6e	7114a93c1c0eb0407d80502c1df0ba05	e5b671d806d7d7eadc238cf457a06372
29878	89bed7f170d395644d3cc738298afe6e	7114a93c1c0eb0407d80502c1df0ba05	e5b671d806d7d7eadc238cf457a06372
29879	89bed7f170d395644d3cc738298afe6e	7114a93c1c0eb0407d80502c1df0ba05	e5b671d806d7d7eadc238cf457a06372
29880	89bed7f170d395644d3cc738298afe6e	7114a93c1c0eb0407d80502c1df0ba05	e5b671d806d7d7eadc238cf457a06372
29881	89bed7f170d395644d3cc738298afe6e	7114a93c1c0eb0407d80502c1df0ba05	e5b671d806d7d7eadc238cf457a06372
29882	89bed7f170d395644d3cc738298afe6e	7114a93c1c0eb0407d80502c1df0ba05	e5b671d806d7d7eadc238cf457a06372
29883	89bed7f170d395644d3cc738298afe6e	7114a93c1c0eb0407d80502c1df0ba05	e5b671d806d7d7eadc238cf457a06372
29884	89bed7f170d395644d3cc738298afe6e	7114a93c1c0eb0407d80502c1df0ba05	e5b671d806d7d7eadc238cf457a06372
29885	89bed7f170d395644d3cc738298afe6e	7114a93c1c0eb0407d80502c1df0ba05	e5b671d806d7d7eadc238cf457a06372
29886	0033593c1d4cdb21f41cfe20d09d3f8d	df008956c049a69fdd7d8c436377ce82	4313479b5db11005e7c948c0a61f78cd
29887	0033593c1d4cdb21f41cfe20d09d3f8d	df008956c049a69fdd7d8c436377ce82	4313479b5db11005e7c948c0a61f78cd
29888	89bed7f170d395644d3cc738298afe6e	7114a93c1c0eb0407d80502c1df0ba05	e5b671d806d7d7eadc238cf457a06372
29889	89bed7f170d395644d3cc738298afe6e	7114a93c1c0eb0407d80502c1df0ba05	e5b671d806d7d7eadc238cf457a06372
29890	89bed7f170d395644d3cc738298afe6e	7114a93c1c0eb0407d80502c1df0ba05	e5b671d806d7d7eadc238cf457a06372
29891	89bed7f170d395644d3cc738298afe6e	7114a93c1c0eb0407d80502c1df0ba05	e5b671d806d7d7eadc238cf457a06372
29892	89bed7f170d395644d3cc738298afe6e	7114a93c1c0eb0407d80502c1df0ba05	e5b671d806d7d7eadc238cf457a06372
29893	89bed7f170d395644d3cc738298afe6e	7114a93c1c0eb0407d80502c1df0ba05	e5b671d806d7d7eadc238cf457a06372
29894	89bed7f170d395644d3cc738298afe6e	7114a93c1c0eb0407d80502c1df0ba05	e5b671d806d7d7eadc238cf457a06372
29895	89bed7f170d395644d3cc738298afe6e	7114a93c1c0eb0407d80502c1df0ba05	e5b671d806d7d7eadc238cf457a06372
29896	89bed7f170d395644d3cc738298afe6e	7114a93c1c0eb0407d80502c1df0ba05	e5b671d806d7d7eadc238cf457a06372
29897	89bed7f170d395644d3cc738298afe6e	7114a93c1c0eb0407d80502c1df0ba05	e5b671d806d7d7eadc238cf457a06372
29898	89bed7f170d395644d3cc738298afe6e	7114a93c1c0eb0407d80502c1df0ba05	e5b671d806d7d7eadc238cf457a06372
29899	89bed7f170d395644d3cc738298afe6e	7114a93c1c0eb0407d80502c1df0ba05	e5b671d806d7d7eadc238cf457a06372
29900	b7fa7b666184ac1f0461e2286ab3b1f2	104e8adb1c380fc9db4af540dfe157f1	bab98dace7a95d5f0856ea09d3552ffa
29901	b7fa7b666184ac1f0461e2286ab3b1f2	104e8adb1c380fc9db4af540dfe157f1	bab98dace7a95d5f0856ea09d3552ffa
29902	b7fa7b666184ac1f0461e2286ab3b1f2	104e8adb1c380fc9db4af540dfe157f1	bab98dace7a95d5f0856ea09d3552ffa
29903	b7fa7b666184ac1f0461e2286ab3b1f2	104e8adb1c380fc9db4af540dfe157f1	bab98dace7a95d5f0856ea09d3552ffa
29904	b7fa7b666184ac1f0461e2286ab3b1f2	104e8adb1c380fc9db4af540dfe157f1	bab98dace7a95d5f0856ea09d3552ffa
29905	b7fa7b666184ac1f0461e2286ab3b1f2	104e8adb1c380fc9db4af540dfe157f1	bab98dace7a95d5f0856ea09d3552ffa
29906	b7fa7b666184ac1f0461e2286ab3b1f2	104e8adb1c380fc9db4af540dfe157f1	bab98dace7a95d5f0856ea09d3552ffa
29907	b7fa7b666184ac1f0461e2286ab3b1f2	104e8adb1c380fc9db4af540dfe157f1	bab98dace7a95d5f0856ea09d3552ffa
29908	b7fa7b666184ac1f0461e2286ab3b1f2	104e8adb1c380fc9db4af540dfe157f1	bab98dace7a95d5f0856ea09d3552ffa
29909	b7fa7b666184ac1f0461e2286ab3b1f2	104e8adb1c380fc9db4af540dfe157f1	bab98dace7a95d5f0856ea09d3552ffa
29910	b7fa7b666184ac1f0461e2286ab3b1f2	104e8adb1c380fc9db4af540dfe157f1	bab98dace7a95d5f0856ea09d3552ffa
29911	b7fa7b666184ac1f0461e2286ab3b1f2	104e8adb1c380fc9db4af540dfe157f1	bab98dace7a95d5f0856ea09d3552ffa
29912	b7fa7b666184ac1f0461e2286ab3b1f2	104e8adb1c380fc9db4af540dfe157f1	bab98dace7a95d5f0856ea09d3552ffa
29913	b7fa7b666184ac1f0461e2286ab3b1f2	104e8adb1c380fc9db4af540dfe157f1	bab98dace7a95d5f0856ea09d3552ffa
29914	b7fa7b666184ac1f0461e2286ab3b1f2	104e8adb1c380fc9db4af540dfe157f1	bab98dace7a95d5f0856ea09d3552ffa
29915	b7fa7b666184ac1f0461e2286ab3b1f2	104e8adb1c380fc9db4af540dfe157f1	bab98dace7a95d5f0856ea09d3552ffa
29916	b7fa7b666184ac1f0461e2286ab3b1f2	104e8adb1c380fc9db4af540dfe157f1	bab98dace7a95d5f0856ea09d3552ffa
29917	3d47ce45d3766d633f0a6684301e86bd	20de06e77c6752452d6469db524a2262	f97d0c342505f1935dc20619c9fe9105
29918	3d47ce45d3766d633f0a6684301e86bd	20de06e77c6752452d6469db524a2262	f97d0c342505f1935dc20619c9fe9105
29919	3d47ce45d3766d633f0a6684301e86bd	20de06e77c6752452d6469db524a2262	f97d0c342505f1935dc20619c9fe9105
29920	3d47ce45d3766d633f0a6684301e86bd	20de06e77c6752452d6469db524a2262	f97d0c342505f1935dc20619c9fe9105
29921	3d47ce45d3766d633f0a6684301e86bd	20de06e77c6752452d6469db524a2262	f97d0c342505f1935dc20619c9fe9105
29922	3d47ce45d3766d633f0a6684301e86bd	20de06e77c6752452d6469db524a2262	f97d0c342505f1935dc20619c9fe9105
29923	3d47ce45d3766d633f0a6684301e86bd	20de06e77c6752452d6469db524a2262	f97d0c342505f1935dc20619c9fe9105
29924	0a3e14843b3de95ef85727296a2f094f	ca4314392bd03f0e5a9d95e1bc928c10	52b089056840acda51bc9a250b277677
29925	0a3e14843b3de95ef85727296a2f094f	ca4314392bd03f0e5a9d95e1bc928c10	52b089056840acda51bc9a250b277677
29926	0a3e14843b3de95ef85727296a2f094f	ca4314392bd03f0e5a9d95e1bc928c10	52b089056840acda51bc9a250b277677
29927	0a3e14843b3de95ef85727296a2f094f	ca4314392bd03f0e5a9d95e1bc928c10	52b089056840acda51bc9a250b277677
29928	0a3e14843b3de95ef85727296a2f094f	ca4314392bd03f0e5a9d95e1bc928c10	52b089056840acda51bc9a250b277677
29929	709e256ea8825ba65b369bf8b74afbad	5cbca788c53674365173ec2c625e5fba	bbeae8f044e44a0a87614eb5cc5db1c5
29930	709e256ea8825ba65b369bf8b74afbad	5cbca788c53674365173ec2c625e5fba	bbeae8f044e44a0a87614eb5cc5db1c5
29931	709e256ea8825ba65b369bf8b74afbad	5cbca788c53674365173ec2c625e5fba	bbeae8f044e44a0a87614eb5cc5db1c5
29932	709e256ea8825ba65b369bf8b74afbad	5cbca788c53674365173ec2c625e5fba	bbeae8f044e44a0a87614eb5cc5db1c5
29933	709e256ea8825ba65b369bf8b74afbad	5cbca788c53674365173ec2c625e5fba	bbeae8f044e44a0a87614eb5cc5db1c5
29934	709e256ea8825ba65b369bf8b74afbad	5cbca788c53674365173ec2c625e5fba	bbeae8f044e44a0a87614eb5cc5db1c5
29935	709e256ea8825ba65b369bf8b74afbad	5cbca788c53674365173ec2c625e5fba	bbeae8f044e44a0a87614eb5cc5db1c5
29936	709e256ea8825ba65b369bf8b74afbad	5cbca788c53674365173ec2c625e5fba	bbeae8f044e44a0a87614eb5cc5db1c5
29937	709e256ea8825ba65b369bf8b74afbad	5cbca788c53674365173ec2c625e5fba	bbeae8f044e44a0a87614eb5cc5db1c5
29938	709e256ea8825ba65b369bf8b74afbad	5cbca788c53674365173ec2c625e5fba	bbeae8f044e44a0a87614eb5cc5db1c5
29939	709e256ea8825ba65b369bf8b74afbad	5cbca788c53674365173ec2c625e5fba	bbeae8f044e44a0a87614eb5cc5db1c5
29940	709e256ea8825ba65b369bf8b74afbad	5cbca788c53674365173ec2c625e5fba	bbeae8f044e44a0a87614eb5cc5db1c5
29941	01db09f5220fc30c13122b6845df1fac	3553170d0b6f647841e64d9152ab3c3f	7e1cf4ba8cf1218ee3539e409f71d9f8
29942	01db09f5220fc30c13122b6845df1fac	3553170d0b6f647841e64d9152ab3c3f	7e1cf4ba8cf1218ee3539e409f71d9f8
29943	01db09f5220fc30c13122b6845df1fac	3553170d0b6f647841e64d9152ab3c3f	7e1cf4ba8cf1218ee3539e409f71d9f8
29944	01db09f5220fc30c13122b6845df1fac	3553170d0b6f647841e64d9152ab3c3f	7e1cf4ba8cf1218ee3539e409f71d9f8
29945	01db09f5220fc30c13122b6845df1fac	3553170d0b6f647841e64d9152ab3c3f	7e1cf4ba8cf1218ee3539e409f71d9f8
29946	b4fefb07d7a8ea425f96067726679d47	e29db6985140e7b26e690f35e22d9448	bf88e9fcf9f3d3e654d4851271a4718f
29947	b4fefb07d7a8ea425f96067726679d47	e29db6985140e7b26e690f35e22d9448	bf88e9fcf9f3d3e654d4851271a4718f
29948	b4fefb07d7a8ea425f96067726679d47	e29db6985140e7b26e690f35e22d9448	bf88e9fcf9f3d3e654d4851271a4718f
29949	a7db55046122a9d91e82733a4ad9bbd2	6731791fa3278aafc6730e807ff94511	84a9a458444ff939e119e45eae22ed0a
29950	cf598f940f00d80160e1b3394de4d1e8	9c2bebd007e046376726459312e5bf83	9efe9ecefaf8679be2242287db9ad184
29951	cf598f940f00d80160e1b3394de4d1e8	9c2bebd007e046376726459312e5bf83	9efe9ecefaf8679be2242287db9ad184
29952	cf598f940f00d80160e1b3394de4d1e8	9c2bebd007e046376726459312e5bf83	9efe9ecefaf8679be2242287db9ad184
29953	6cfbbd8ac7cd1f95548cec11ca29631a	5f535a28923a858bc58c1a18d689f0a9	7e302d6e235177b3bff187bb92d83f26
29954	6cfbbd8ac7cd1f95548cec11ca29631a	5f535a28923a858bc58c1a18d689f0a9	7e302d6e235177b3bff187bb92d83f26
29955	6cfbbd8ac7cd1f95548cec11ca29631a	5f535a28923a858bc58c1a18d689f0a9	7e302d6e235177b3bff187bb92d83f26
29956	6cfbbd8ac7cd1f95548cec11ca29631a	5f535a28923a858bc58c1a18d689f0a9	7e302d6e235177b3bff187bb92d83f26
29957	6cfbbd8ac7cd1f95548cec11ca29631a	5f535a28923a858bc58c1a18d689f0a9	7e302d6e235177b3bff187bb92d83f26
29958	760fe6e7c2939f21a81dbf677878786c	79dcf440d23dd9b72bb78daf5c544ba7	6c8ae6db447b244f413a115661befc68
29959	760fe6e7c2939f21a81dbf677878786c	79dcf440d23dd9b72bb78daf5c544ba7	6c8ae6db447b244f413a115661befc68
29960	760fe6e7c2939f21a81dbf677878786c	79dcf440d23dd9b72bb78daf5c544ba7	6c8ae6db447b244f413a115661befc68
29961	760fe6e7c2939f21a81dbf677878786c	79dcf440d23dd9b72bb78daf5c544ba7	6c8ae6db447b244f413a115661befc68
29962	760fe6e7c2939f21a81dbf677878786c	79dcf440d23dd9b72bb78daf5c544ba7	6c8ae6db447b244f413a115661befc68
29963	760fe6e7c2939f21a81dbf677878786c	79dcf440d23dd9b72bb78daf5c544ba7	6c8ae6db447b244f413a115661befc68
29964	760fe6e7c2939f21a81dbf677878786c	79dcf440d23dd9b72bb78daf5c544ba7	6c8ae6db447b244f413a115661befc68
29965	d324a0514fb7d11b78d4b9797f801b28	73996b6d810db655225b77449c636ce3	b97800e05940412b0a6a44335ade4270
29966	d324a0514fb7d11b78d4b9797f801b28	73996b6d810db655225b77449c636ce3	b97800e05940412b0a6a44335ade4270
29967	d324a0514fb7d11b78d4b9797f801b28	73996b6d810db655225b77449c636ce3	b97800e05940412b0a6a44335ade4270
29968	36a58a9ed8a1e17d51d9d04cd6b0ee55	e316b0b62f22172ba32d6d4bd7adcfda	42b570b1008bc07b5f24709aa024d591
29969	d324a0514fb7d11b78d4b9797f801b28	73996b6d810db655225b77449c636ce3	b97800e05940412b0a6a44335ade4270
29970	1c3a199529daa5bc99bd77e8467bb786	f8b79ee3a75cc6083b20d9df98600e3d	b59ccf2f3e33cb68869a97a910437c1e
29971	1c3a199529daa5bc99bd77e8467bb786	f8b79ee3a75cc6083b20d9df98600e3d	b59ccf2f3e33cb68869a97a910437c1e
29972	1c3a199529daa5bc99bd77e8467bb786	f8b79ee3a75cc6083b20d9df98600e3d	b59ccf2f3e33cb68869a97a910437c1e
29973	1c3a199529daa5bc99bd77e8467bb786	f8b79ee3a75cc6083b20d9df98600e3d	b59ccf2f3e33cb68869a97a910437c1e
29974	1c3a199529daa5bc99bd77e8467bb786	f8b79ee3a75cc6083b20d9df98600e3d	b59ccf2f3e33cb68869a97a910437c1e
29975	1c3a199529daa5bc99bd77e8467bb786	f8b79ee3a75cc6083b20d9df98600e3d	b59ccf2f3e33cb68869a97a910437c1e
29976	1c3a199529daa5bc99bd77e8467bb786	f8b79ee3a75cc6083b20d9df98600e3d	b59ccf2f3e33cb68869a97a910437c1e
29977	850dc5f5e62b769d0c2014f3c71c08e5	9c1546847c7cfa7bb44bf8bb9b5e33fa	4e49faa25bafcb796ca8a9d18d1abe6d
29978	850dc5f5e62b769d0c2014f3c71c08e5	9c1546847c7cfa7bb44bf8bb9b5e33fa	4e49faa25bafcb796ca8a9d18d1abe6d
29979	850dc5f5e62b769d0c2014f3c71c08e5	9c1546847c7cfa7bb44bf8bb9b5e33fa	4e49faa25bafcb796ca8a9d18d1abe6d
29980	850dc5f5e62b769d0c2014f3c71c08e5	9c1546847c7cfa7bb44bf8bb9b5e33fa	4e49faa25bafcb796ca8a9d18d1abe6d
29981	850dc5f5e62b769d0c2014f3c71c08e5	9c1546847c7cfa7bb44bf8bb9b5e33fa	4e49faa25bafcb796ca8a9d18d1abe6d
29982	ac40a2c48bff2fabe8266629affe459a	d8ae3bc07a159055de01358c1f9341a9	92d7086d59b5b9db50b021cd32377eb2
29983	ac40a2c48bff2fabe8266629affe459a	d8ae3bc07a159055de01358c1f9341a9	92d7086d59b5b9db50b021cd32377eb2
29984	ac40a2c48bff2fabe8266629affe459a	d8ae3bc07a159055de01358c1f9341a9	92d7086d59b5b9db50b021cd32377eb2
29985	ac40a2c48bff2fabe8266629affe459a	d8ae3bc07a159055de01358c1f9341a9	92d7086d59b5b9db50b021cd32377eb2
29986	ac40a2c48bff2fabe8266629affe459a	d8ae3bc07a159055de01358c1f9341a9	92d7086d59b5b9db50b021cd32377eb2
29987	80f6e7cb36918b64e14caa83f4b3aa5b	1caad608185efd681624a767a928019c	9ba89faabdc449aa0bb2178ca6271ad7
29988	80f6e7cb36918b64e14caa83f4b3aa5b	1caad608185efd681624a767a928019c	9ba89faabdc449aa0bb2178ca6271ad7
29989	80f6e7cb36918b64e14caa83f4b3aa5b	1caad608185efd681624a767a928019c	9ba89faabdc449aa0bb2178ca6271ad7
29990	80f6e7cb36918b64e14caa83f4b3aa5b	1caad608185efd681624a767a928019c	9ba89faabdc449aa0bb2178ca6271ad7
29991	80f6e7cb36918b64e14caa83f4b3aa5b	1caad608185efd681624a767a928019c	9ba89faabdc449aa0bb2178ca6271ad7
29992	80f6e7cb36918b64e14caa83f4b3aa5b	1caad608185efd681624a767a928019c	9ba89faabdc449aa0bb2178ca6271ad7
29993	80f6e7cb36918b64e14caa83f4b3aa5b	1caad608185efd681624a767a928019c	9ba89faabdc449aa0bb2178ca6271ad7
29994	80f6e7cb36918b64e14caa83f4b3aa5b	1caad608185efd681624a767a928019c	9ba89faabdc449aa0bb2178ca6271ad7
29995	80f6e7cb36918b64e14caa83f4b3aa5b	1caad608185efd681624a767a928019c	9ba89faabdc449aa0bb2178ca6271ad7
29996	80f6e7cb36918b64e14caa83f4b3aa5b	1caad608185efd681624a767a928019c	9ba89faabdc449aa0bb2178ca6271ad7
29997	80f6e7cb36918b64e14caa83f4b3aa5b	1caad608185efd681624a767a928019c	9ba89faabdc449aa0bb2178ca6271ad7
29998	80f6e7cb36918b64e14caa83f4b3aa5b	1caad608185efd681624a767a928019c	9ba89faabdc449aa0bb2178ca6271ad7
29999	d74e925f437a48a3cfb3a9b3e9526d65	5780542ceae37895bb418fa5603f467a	9cb5fe1397f1965d3ce23a455161e7c1
30000	d74e925f437a48a3cfb3a9b3e9526d65	5780542ceae37895bb418fa5603f467a	9cb5fe1397f1965d3ce23a455161e7c1
30001	d74e925f437a48a3cfb3a9b3e9526d65	5780542ceae37895bb418fa5603f467a	9cb5fe1397f1965d3ce23a455161e7c1
30002	d74e925f437a48a3cfb3a9b3e9526d65	5780542ceae37895bb418fa5603f467a	9cb5fe1397f1965d3ce23a455161e7c1
30003	d74e925f437a48a3cfb3a9b3e9526d65	5780542ceae37895bb418fa5603f467a	9cb5fe1397f1965d3ce23a455161e7c1
30004	d74e925f437a48a3cfb3a9b3e9526d65	5780542ceae37895bb418fa5603f467a	9cb5fe1397f1965d3ce23a455161e7c1
30005	d74e925f437a48a3cfb3a9b3e9526d65	5780542ceae37895bb418fa5603f467a	9cb5fe1397f1965d3ce23a455161e7c1
30006	e6781554319b66cff9f8e6653a28da49	c95a4611bf3abe7100aee708f4a2f81e	bcc3ffe35feb98956b9d19efd0dbc125
30007	e6781554319b66cff9f8e6653a28da49	c95a4611bf3abe7100aee708f4a2f81e	bcc3ffe35feb98956b9d19efd0dbc125
30008	e6781554319b66cff9f8e6653a28da49	c95a4611bf3abe7100aee708f4a2f81e	bcc3ffe35feb98956b9d19efd0dbc125
30009	e6781554319b66cff9f8e6653a28da49	c95a4611bf3abe7100aee708f4a2f81e	bcc3ffe35feb98956b9d19efd0dbc125
30010	e6781554319b66cff9f8e6653a28da49	c95a4611bf3abe7100aee708f4a2f81e	bcc3ffe35feb98956b9d19efd0dbc125
30011	e6781554319b66cff9f8e6653a28da49	c95a4611bf3abe7100aee708f4a2f81e	bcc3ffe35feb98956b9d19efd0dbc125
30012	e6781554319b66cff9f8e6653a28da49	c95a4611bf3abe7100aee708f4a2f81e	bcc3ffe35feb98956b9d19efd0dbc125
30013	e6781554319b66cff9f8e6653a28da49	c95a4611bf3abe7100aee708f4a2f81e	bcc3ffe35feb98956b9d19efd0dbc125
30014	e6781554319b66cff9f8e6653a28da49	c95a4611bf3abe7100aee708f4a2f81e	bcc3ffe35feb98956b9d19efd0dbc125
30015	e6781554319b66cff9f8e6653a28da49	c95a4611bf3abe7100aee708f4a2f81e	bcc3ffe35feb98956b9d19efd0dbc125
30016	2655950f1cbe3145e54d78e6061278af	29b4ef15fe0b56031ffc9583ffda6428	b284fd3d6c9811b732f8675386718003
30017	2655950f1cbe3145e54d78e6061278af	29b4ef15fe0b56031ffc9583ffda6428	b284fd3d6c9811b732f8675386718003
30018	2655950f1cbe3145e54d78e6061278af	29b4ef15fe0b56031ffc9583ffda6428	b284fd3d6c9811b732f8675386718003
30019	2655950f1cbe3145e54d78e6061278af	29b4ef15fe0b56031ffc9583ffda6428	b284fd3d6c9811b732f8675386718003
30020	2655950f1cbe3145e54d78e6061278af	29b4ef15fe0b56031ffc9583ffda6428	b284fd3d6c9811b732f8675386718003
30021	2655950f1cbe3145e54d78e6061278af	29b4ef15fe0b56031ffc9583ffda6428	b284fd3d6c9811b732f8675386718003
30022	2655950f1cbe3145e54d78e6061278af	29b4ef15fe0b56031ffc9583ffda6428	b284fd3d6c9811b732f8675386718003
30023	a80b0515c2389d04836f5931e62626c3	d4546b04a5cb08d843a1c2e525410584	2333a37680795a8468d942b719c0aedb
30024	a80b0515c2389d04836f5931e62626c3	d4546b04a5cb08d843a1c2e525410584	2333a37680795a8468d942b719c0aedb
30025	a80b0515c2389d04836f5931e62626c3	d4546b04a5cb08d843a1c2e525410584	2333a37680795a8468d942b719c0aedb
30026	a80b0515c2389d04836f5931e62626c3	d4546b04a5cb08d843a1c2e525410584	2333a37680795a8468d942b719c0aedb
30027	a80b0515c2389d04836f5931e62626c3	d4546b04a5cb08d843a1c2e525410584	2333a37680795a8468d942b719c0aedb
30028	0562a14516d56a5299d6a7dfcb6ac607	981839be1fba183293ef2b68dbb975c8	5ce4d1518963d29cbe11d5e909e8a7d3
30029	0562a14516d56a5299d6a7dfcb6ac607	981839be1fba183293ef2b68dbb975c8	5ce4d1518963d29cbe11d5e909e8a7d3
30030	0562a14516d56a5299d6a7dfcb6ac607	981839be1fba183293ef2b68dbb975c8	5ce4d1518963d29cbe11d5e909e8a7d3
30031	0562a14516d56a5299d6a7dfcb6ac607	981839be1fba183293ef2b68dbb975c8	5ce4d1518963d29cbe11d5e909e8a7d3
30032	0562a14516d56a5299d6a7dfcb6ac607	981839be1fba183293ef2b68dbb975c8	5ce4d1518963d29cbe11d5e909e8a7d3
30033	0562a14516d56a5299d6a7dfcb6ac607	981839be1fba183293ef2b68dbb975c8	5ce4d1518963d29cbe11d5e909e8a7d3
30034	0562a14516d56a5299d6a7dfcb6ac607	981839be1fba183293ef2b68dbb975c8	5ce4d1518963d29cbe11d5e909e8a7d3
30035	0562a14516d56a5299d6a7dfcb6ac607	981839be1fba183293ef2b68dbb975c8	5ce4d1518963d29cbe11d5e909e8a7d3
30036	0562a14516d56a5299d6a7dfcb6ac607	981839be1fba183293ef2b68dbb975c8	5ce4d1518963d29cbe11d5e909e8a7d3
30037	0562a14516d56a5299d6a7dfcb6ac607	981839be1fba183293ef2b68dbb975c8	5ce4d1518963d29cbe11d5e909e8a7d3
30038	0562a14516d56a5299d6a7dfcb6ac607	981839be1fba183293ef2b68dbb975c8	5ce4d1518963d29cbe11d5e909e8a7d3
30039	0562a14516d56a5299d6a7dfcb6ac607	981839be1fba183293ef2b68dbb975c8	5ce4d1518963d29cbe11d5e909e8a7d3
30040	0562a14516d56a5299d6a7dfcb6ac607	981839be1fba183293ef2b68dbb975c8	5ce4d1518963d29cbe11d5e909e8a7d3
30041	0562a14516d56a5299d6a7dfcb6ac607	981839be1fba183293ef2b68dbb975c8	5ce4d1518963d29cbe11d5e909e8a7d3
30042	0562a14516d56a5299d6a7dfcb6ac607	981839be1fba183293ef2b68dbb975c8	5ce4d1518963d29cbe11d5e909e8a7d3
30043	0562a14516d56a5299d6a7dfcb6ac607	981839be1fba183293ef2b68dbb975c8	5ce4d1518963d29cbe11d5e909e8a7d3
30044	0562a14516d56a5299d6a7dfcb6ac607	981839be1fba183293ef2b68dbb975c8	5ce4d1518963d29cbe11d5e909e8a7d3
30045	916ad57856652256aa0ecfad03c7f6e9	6fbc51b4411f11e6a55503c4bf90c2d6	aad5dad231b007e2ce6520b5f565e4a9
30046	916ad57856652256aa0ecfad03c7f6e9	6fbc51b4411f11e6a55503c4bf90c2d6	aad5dad231b007e2ce6520b5f565e4a9
30047	916ad57856652256aa0ecfad03c7f6e9	6fbc51b4411f11e6a55503c4bf90c2d6	aad5dad231b007e2ce6520b5f565e4a9
30048	916ad57856652256aa0ecfad03c7f6e9	6fbc51b4411f11e6a55503c4bf90c2d6	aad5dad231b007e2ce6520b5f565e4a9
30049	916ad57856652256aa0ecfad03c7f6e9	6fbc51b4411f11e6a55503c4bf90c2d6	aad5dad231b007e2ce6520b5f565e4a9
30050	916ad57856652256aa0ecfad03c7f6e9	6fbc51b4411f11e6a55503c4bf90c2d6	aad5dad231b007e2ce6520b5f565e4a9
30051	916ad57856652256aa0ecfad03c7f6e9	6fbc51b4411f11e6a55503c4bf90c2d6	aad5dad231b007e2ce6520b5f565e4a9
30052	c2275deb2b575474af403f19dce79fc9	2f834a27af83a7a81b8fffcb6999d826	f7a348cfc66c9e16bcc4ca7e1995f0c5
30053	c2275deb2b575474af403f19dce79fc9	2f834a27af83a7a81b8fffcb6999d826	f7a348cfc66c9e16bcc4ca7e1995f0c5
30054	c2275deb2b575474af403f19dce79fc9	2f834a27af83a7a81b8fffcb6999d826	f7a348cfc66c9e16bcc4ca7e1995f0c5
30055	e2b977eabc9e5458f86ed3468c6d8466	b146538ff0656ec4c5d58646057ce3dd	4ad778d2f959d0e05323ef7aeaa5c246
30056	e2b977eabc9e5458f86ed3468c6d8466	b146538ff0656ec4c5d58646057ce3dd	4ad778d2f959d0e05323ef7aeaa5c246
30057	e6ea4a7abb68482ffc5c51328f8d6a7f	f95eca5e7dced24168821295ab015aa8	b31718fbbd8313e7d16d3248f1d47067
30058	e6ea4a7abb68482ffc5c51328f8d6a7f	f95eca5e7dced24168821295ab015aa8	b31718fbbd8313e7d16d3248f1d47067
30059	e6ea4a7abb68482ffc5c51328f8d6a7f	f95eca5e7dced24168821295ab015aa8	b31718fbbd8313e7d16d3248f1d47067
30060	e6ea4a7abb68482ffc5c51328f8d6a7f	f95eca5e7dced24168821295ab015aa8	b31718fbbd8313e7d16d3248f1d47067
30061	e6ea4a7abb68482ffc5c51328f8d6a7f	f95eca5e7dced24168821295ab015aa8	b31718fbbd8313e7d16d3248f1d47067
30062	e6ea4a7abb68482ffc5c51328f8d6a7f	f95eca5e7dced24168821295ab015aa8	b31718fbbd8313e7d16d3248f1d47067
30063	e6ea4a7abb68482ffc5c51328f8d6a7f	f95eca5e7dced24168821295ab015aa8	b31718fbbd8313e7d16d3248f1d47067
30064	01de468db52a5ab844c5031eb4048fec	e7a8316fdedb2424b7b6772d4383262f	ef1d2cf99d0b90b04967c6e21dbff72c
30065	01de468db52a5ab844c5031eb4048fec	e7a8316fdedb2424b7b6772d4383262f	ef1d2cf99d0b90b04967c6e21dbff72c
30066	01de468db52a5ab844c5031eb4048fec	e7a8316fdedb2424b7b6772d4383262f	ef1d2cf99d0b90b04967c6e21dbff72c
30067	3af6ead6ac786bcc533550af2e6fbb48	18c2f1872d644738d664d29a28c7942b	a27fb57d77eb151e9960e2d0f05feefc
30068	3af6ead6ac786bcc533550af2e6fbb48	18c2f1872d644738d664d29a28c7942b	a27fb57d77eb151e9960e2d0f05feefc
30069	38101ae59a76d4618b3fb9d7988535ab	0a4d9b4ac85c5cbf6fd9a8b0ad56af14	12b51bab399ac833ff88e6296fec01c7
30070	38101ae59a76d4618b3fb9d7988535ab	0a4d9b4ac85c5cbf6fd9a8b0ad56af14	12b51bab399ac833ff88e6296fec01c7
30071	38101ae59a76d4618b3fb9d7988535ab	0a4d9b4ac85c5cbf6fd9a8b0ad56af14	12b51bab399ac833ff88e6296fec01c7
30072	38101ae59a76d4618b3fb9d7988535ab	0a4d9b4ac85c5cbf6fd9a8b0ad56af14	12b51bab399ac833ff88e6296fec01c7
30073	38101ae59a76d4618b3fb9d7988535ab	0a4d9b4ac85c5cbf6fd9a8b0ad56af14	12b51bab399ac833ff88e6296fec01c7
30074	38101ae59a76d4618b3fb9d7988535ab	0a4d9b4ac85c5cbf6fd9a8b0ad56af14	12b51bab399ac833ff88e6296fec01c7
30075	38101ae59a76d4618b3fb9d7988535ab	0a4d9b4ac85c5cbf6fd9a8b0ad56af14	12b51bab399ac833ff88e6296fec01c7
30076	1d2ae4393541456da3fb31cb40c7cbae	a4b3d076a226802382930b073db8c20d	5956676659d34cf3c4d80f92c7101d4a
30077	1d2ae4393541456da3fb31cb40c7cbae	a4b3d076a226802382930b073db8c20d	5956676659d34cf3c4d80f92c7101d4a
30078	1d2ae4393541456da3fb31cb40c7cbae	a4b3d076a226802382930b073db8c20d	5956676659d34cf3c4d80f92c7101d4a
30079	1d2ae4393541456da3fb31cb40c7cbae	a4b3d076a226802382930b073db8c20d	5956676659d34cf3c4d80f92c7101d4a
30080	1d2ae4393541456da3fb31cb40c7cbae	a4b3d076a226802382930b073db8c20d	5956676659d34cf3c4d80f92c7101d4a
30081	1d2ae4393541456da3fb31cb40c7cbae	a4b3d076a226802382930b073db8c20d	5956676659d34cf3c4d80f92c7101d4a
30082	1d2ae4393541456da3fb31cb40c7cbae	a4b3d076a226802382930b073db8c20d	5956676659d34cf3c4d80f92c7101d4a
30083	1d2ae4393541456da3fb31cb40c7cbae	a4b3d076a226802382930b073db8c20d	5956676659d34cf3c4d80f92c7101d4a
30084	1d2ae4393541456da3fb31cb40c7cbae	a4b3d076a226802382930b073db8c20d	5956676659d34cf3c4d80f92c7101d4a
30085	1d2ae4393541456da3fb31cb40c7cbae	a4b3d076a226802382930b073db8c20d	5956676659d34cf3c4d80f92c7101d4a
30086	a91ad272800b93958c4a214890076f26	69db5d728dbdd64b9886d534c5e4c065	b786962b3a2275b5064c78f370eec096
30087	a91ad272800b93958c4a214890076f26	69db5d728dbdd64b9886d534c5e4c065	b786962b3a2275b5064c78f370eec096
30088	a91ad272800b93958c4a214890076f26	69db5d728dbdd64b9886d534c5e4c065	b786962b3a2275b5064c78f370eec096
30089	a91ad272800b93958c4a214890076f26	69db5d728dbdd64b9886d534c5e4c065	b786962b3a2275b5064c78f370eec096
30090	a91ad272800b93958c4a214890076f26	69db5d728dbdd64b9886d534c5e4c065	b786962b3a2275b5064c78f370eec096
30091	a91ad272800b93958c4a214890076f26	69db5d728dbdd64b9886d534c5e4c065	b786962b3a2275b5064c78f370eec096
30092	a91ad272800b93958c4a214890076f26	69db5d728dbdd64b9886d534c5e4c065	b786962b3a2275b5064c78f370eec096
30093	b0f80c34624efba018441cb0c828c73a	52508303cf1c2b5c8f419e8c124c0a21	963122f13609e51056a35115d944a15a
30094	b0f80c34624efba018441cb0c828c73a	52508303cf1c2b5c8f419e8c124c0a21	963122f13609e51056a35115d944a15a
30095	b0f80c34624efba018441cb0c828c73a	52508303cf1c2b5c8f419e8c124c0a21	963122f13609e51056a35115d944a15a
30096	b0f80c34624efba018441cb0c828c73a	52508303cf1c2b5c8f419e8c124c0a21	963122f13609e51056a35115d944a15a
30097	b0f80c34624efba018441cb0c828c73a	52508303cf1c2b5c8f419e8c124c0a21	963122f13609e51056a35115d944a15a
30098	0435d7cfe9d3d8ca1dc851f3054e8022	5d4eb169eff50c32b8eef2b898311169	c1a67c877de5a9184dda848ea6a2222e
30099	0435d7cfe9d3d8ca1dc851f3054e8022	5d4eb169eff50c32b8eef2b898311169	c1a67c877de5a9184dda848ea6a2222e
30100	0435d7cfe9d3d8ca1dc851f3054e8022	5d4eb169eff50c32b8eef2b898311169	c1a67c877de5a9184dda848ea6a2222e
30101	0435d7cfe9d3d8ca1dc851f3054e8022	5d4eb169eff50c32b8eef2b898311169	c1a67c877de5a9184dda848ea6a2222e
30102	0435d7cfe9d3d8ca1dc851f3054e8022	5d4eb169eff50c32b8eef2b898311169	c1a67c877de5a9184dda848ea6a2222e
30103	0435d7cfe9d3d8ca1dc851f3054e8022	5d4eb169eff50c32b8eef2b898311169	c1a67c877de5a9184dda848ea6a2222e
30104	0435d7cfe9d3d8ca1dc851f3054e8022	5d4eb169eff50c32b8eef2b898311169	c1a67c877de5a9184dda848ea6a2222e
30105	34f34f9c6e696212062f45e6627c8957	dadef579cc9db102a8fe8455daa4a778	4c06b821347bf384da5db93604b434db
30106	34f34f9c6e696212062f45e6627c8957	dadef579cc9db102a8fe8455daa4a778	4c06b821347bf384da5db93604b434db
30107	34f34f9c6e696212062f45e6627c8957	dadef579cc9db102a8fe8455daa4a778	4c06b821347bf384da5db93604b434db
30108	34f34f9c6e696212062f45e6627c8957	dadef579cc9db102a8fe8455daa4a778	4c06b821347bf384da5db93604b434db
30109	34f34f9c6e696212062f45e6627c8957	dadef579cc9db102a8fe8455daa4a778	4c06b821347bf384da5db93604b434db
30110	f88bdd38655ca5a05c6e92cb519887b3	80810e1f1cdb1f64d01a8753c206ac14	c361b73181801fe44bdebd477a836e1b
30111	f88bdd38655ca5a05c6e92cb519887b3	80810e1f1cdb1f64d01a8753c206ac14	c361b73181801fe44bdebd477a836e1b
30112	f88bdd38655ca5a05c6e92cb519887b3	80810e1f1cdb1f64d01a8753c206ac14	c361b73181801fe44bdebd477a836e1b
30113	099c10287027a5e387f459c59f33b551	7fc2353e613223b599f67a98917d5b26	ae0f9f77493c77db0a56ccb4da4d03a1
30114	099c10287027a5e387f459c59f33b551	7fc2353e613223b599f67a98917d5b26	ae0f9f77493c77db0a56ccb4da4d03a1
30115	e4ce9d1f135da0ea43b8eb291eb6b96d	c621a6ac8919c2aacafacca1fd2d470a	795dba324f4f34e4f2ea2bd4d983d389
30116	e4ce9d1f135da0ea43b8eb291eb6b96d	c621a6ac8919c2aacafacca1fd2d470a	795dba324f4f34e4f2ea2bd4d983d389
30117	e4ce9d1f135da0ea43b8eb291eb6b96d	c621a6ac8919c2aacafacca1fd2d470a	795dba324f4f34e4f2ea2bd4d983d389
30118	e4ce9d1f135da0ea43b8eb291eb6b96d	c621a6ac8919c2aacafacca1fd2d470a	795dba324f4f34e4f2ea2bd4d983d389
30119	e4ce9d1f135da0ea43b8eb291eb6b96d	c621a6ac8919c2aacafacca1fd2d470a	795dba324f4f34e4f2ea2bd4d983d389
30120	e4ce9d1f135da0ea43b8eb291eb6b96d	c621a6ac8919c2aacafacca1fd2d470a	795dba324f4f34e4f2ea2bd4d983d389
30121	e4ce9d1f135da0ea43b8eb291eb6b96d	c621a6ac8919c2aacafacca1fd2d470a	795dba324f4f34e4f2ea2bd4d983d389
30122	bd13a822073d32b4821672b1bab2d0e8	a4a9bc6a6322494059a28deaeb119e4b	b9c3a5ed781b365671c2cf01224bbdb4
30123	bd13a822073d32b4821672b1bab2d0e8	a4a9bc6a6322494059a28deaeb119e4b	b9c3a5ed781b365671c2cf01224bbdb4
30124	bd13a822073d32b4821672b1bab2d0e8	a4a9bc6a6322494059a28deaeb119e4b	b9c3a5ed781b365671c2cf01224bbdb4
30125	bd13a822073d32b4821672b1bab2d0e8	a4a9bc6a6322494059a28deaeb119e4b	b9c3a5ed781b365671c2cf01224bbdb4
30126	bd13a822073d32b4821672b1bab2d0e8	a4a9bc6a6322494059a28deaeb119e4b	b9c3a5ed781b365671c2cf01224bbdb4
30127	43f69145bc22a51b52693c957fc44568	068f457d22bf05f5a32aa8b658fbf373	04dca1f7c92c75f102e579b4f6f5c93c
30128	43f69145bc22a51b52693c957fc44568	068f457d22bf05f5a32aa8b658fbf373	04dca1f7c92c75f102e579b4f6f5c93c
30129	43f69145bc22a51b52693c957fc44568	068f457d22bf05f5a32aa8b658fbf373	04dca1f7c92c75f102e579b4f6f5c93c
30130	f14f2a463fd1e0a6c8f0fde836e29e7f	11ce64007cb96da6cadbebd0bd323fd0	c0a3d1aad3b667a40f5a695eca99ec8b
30131	f14f2a463fd1e0a6c8f0fde836e29e7f	11ce64007cb96da6cadbebd0bd323fd0	c0a3d1aad3b667a40f5a695eca99ec8b
30132	16fb71131b81754aa8b867d9d14a1f25	9df4d06cb3ff3acaa13073e1e50fec72	4c4fd7ff88e9d1c62dad71c41a9f228d
30133	16fb71131b81754aa8b867d9d14a1f25	9df4d06cb3ff3acaa13073e1e50fec72	4c4fd7ff88e9d1c62dad71c41a9f228d
30134	43f69145bc22a51b52693c957fc44568	068f457d22bf05f5a32aa8b658fbf373	04dca1f7c92c75f102e579b4f6f5c93c
30135	43f69145bc22a51b52693c957fc44568	068f457d22bf05f5a32aa8b658fbf373	04dca1f7c92c75f102e579b4f6f5c93c
30136	43f69145bc22a51b52693c957fc44568	068f457d22bf05f5a32aa8b658fbf373	04dca1f7c92c75f102e579b4f6f5c93c
30137	ce3d0714f4de1cd3f386f31a821e47ec	c2903bc1c57819fda0286a5479af6ad7	a110c35fe6af81efc1a069fb3998c734
30138	43f69145bc22a51b52693c957fc44568	068f457d22bf05f5a32aa8b658fbf373	04dca1f7c92c75f102e579b4f6f5c93c
30139	faa23592c41c56e7fd4363d6b20055b7	d67bc1f269e06a99d051a239c5bc66c0	087a4b28c0b504d18242f3356b751de3
30140	faa23592c41c56e7fd4363d6b20055b7	d67bc1f269e06a99d051a239c5bc66c0	087a4b28c0b504d18242f3356b751de3
30141	faa23592c41c56e7fd4363d6b20055b7	d67bc1f269e06a99d051a239c5bc66c0	087a4b28c0b504d18242f3356b751de3
30142	faa23592c41c56e7fd4363d6b20055b7	d67bc1f269e06a99d051a239c5bc66c0	087a4b28c0b504d18242f3356b751de3
30143	faa23592c41c56e7fd4363d6b20055b7	d67bc1f269e06a99d051a239c5bc66c0	087a4b28c0b504d18242f3356b751de3
30144	faa23592c41c56e7fd4363d6b20055b7	d67bc1f269e06a99d051a239c5bc66c0	087a4b28c0b504d18242f3356b751de3
30145	faa23592c41c56e7fd4363d6b20055b7	d67bc1f269e06a99d051a239c5bc66c0	087a4b28c0b504d18242f3356b751de3
30146	faa23592c41c56e7fd4363d6b20055b7	d67bc1f269e06a99d051a239c5bc66c0	087a4b28c0b504d18242f3356b751de3
30147	faa23592c41c56e7fd4363d6b20055b7	d67bc1f269e06a99d051a239c5bc66c0	087a4b28c0b504d18242f3356b751de3
30148	faa23592c41c56e7fd4363d6b20055b7	d67bc1f269e06a99d051a239c5bc66c0	087a4b28c0b504d18242f3356b751de3
30149	faa23592c41c56e7fd4363d6b20055b7	d67bc1f269e06a99d051a239c5bc66c0	087a4b28c0b504d18242f3356b751de3
30150	faa23592c41c56e7fd4363d6b20055b7	d67bc1f269e06a99d051a239c5bc66c0	087a4b28c0b504d18242f3356b751de3
30151	176df0538f760912d6d3f979a143a8d7	0d85cf1be723344240bd3a6aedc7d688	caa135307a47dd68d0f0ca9f8ee94483
30152	176df0538f760912d6d3f979a143a8d7	0d85cf1be723344240bd3a6aedc7d688	caa135307a47dd68d0f0ca9f8ee94483
30153	176df0538f760912d6d3f979a143a8d7	0d85cf1be723344240bd3a6aedc7d688	caa135307a47dd68d0f0ca9f8ee94483
30154	176df0538f760912d6d3f979a143a8d7	0d85cf1be723344240bd3a6aedc7d688	caa135307a47dd68d0f0ca9f8ee94483
30155	176df0538f760912d6d3f979a143a8d7	0d85cf1be723344240bd3a6aedc7d688	caa135307a47dd68d0f0ca9f8ee94483
30156	69e2c1b7c5fbe4c26752f17689ef7e91	01dbd9c5477d7ea29f13d93b5ce25a4e	0b896778a22078e0fb60477eafba06fd
30157	69e2c1b7c5fbe4c26752f17689ef7e91	01dbd9c5477d7ea29f13d93b5ce25a4e	0b896778a22078e0fb60477eafba06fd
30158	69e2c1b7c5fbe4c26752f17689ef7e91	01dbd9c5477d7ea29f13d93b5ce25a4e	0b896778a22078e0fb60477eafba06fd
30159	69e2c1b7c5fbe4c26752f17689ef7e91	01dbd9c5477d7ea29f13d93b5ce25a4e	0b896778a22078e0fb60477eafba06fd
30160	69e2c1b7c5fbe4c26752f17689ef7e91	01dbd9c5477d7ea29f13d93b5ce25a4e	0b896778a22078e0fb60477eafba06fd
30161	69e2c1b7c5fbe4c26752f17689ef7e91	01dbd9c5477d7ea29f13d93b5ce25a4e	0b896778a22078e0fb60477eafba06fd
30162	69e2c1b7c5fbe4c26752f17689ef7e91	01dbd9c5477d7ea29f13d93b5ce25a4e	0b896778a22078e0fb60477eafba06fd
30163	69e2c1b7c5fbe4c26752f17689ef7e91	01dbd9c5477d7ea29f13d93b5ce25a4e	0b896778a22078e0fb60477eafba06fd
30164	69e2c1b7c5fbe4c26752f17689ef7e91	01dbd9c5477d7ea29f13d93b5ce25a4e	0b896778a22078e0fb60477eafba06fd
30165	69e2c1b7c5fbe4c26752f17689ef7e91	01dbd9c5477d7ea29f13d93b5ce25a4e	0b896778a22078e0fb60477eafba06fd
30166	69e2c1b7c5fbe4c26752f17689ef7e91	01dbd9c5477d7ea29f13d93b5ce25a4e	0b896778a22078e0fb60477eafba06fd
30167	69e2c1b7c5fbe4c26752f17689ef7e91	01dbd9c5477d7ea29f13d93b5ce25a4e	0b896778a22078e0fb60477eafba06fd
30168	7fdb3c6a8f67f24e9e1061d1ee265dab	b13538a24adfc92e24b89ca4bc58305c	cea230b872cc67d62c2a25937fad063b
30169	7fdb3c6a8f67f24e9e1061d1ee265dab	b13538a24adfc92e24b89ca4bc58305c	cea230b872cc67d62c2a25937fad063b
30170	7fdb3c6a8f67f24e9e1061d1ee265dab	b13538a24adfc92e24b89ca4bc58305c	cea230b872cc67d62c2a25937fad063b
30171	7fdb3c6a8f67f24e9e1061d1ee265dab	b13538a24adfc92e24b89ca4bc58305c	cea230b872cc67d62c2a25937fad063b
30172	7fdb3c6a8f67f24e9e1061d1ee265dab	b13538a24adfc92e24b89ca4bc58305c	cea230b872cc67d62c2a25937fad063b
30173	7fdb3c6a8f67f24e9e1061d1ee265dab	b13538a24adfc92e24b89ca4bc58305c	cea230b872cc67d62c2a25937fad063b
30174	7fdb3c6a8f67f24e9e1061d1ee265dab	b13538a24adfc92e24b89ca4bc58305c	cea230b872cc67d62c2a25937fad063b
30175	383cafbec59b6d1f3c8ebf7f658297e5	c9fd1164b9fabb51e1c6ac2d151c5aca	61b5816522f4a35564bfe981e511b2b1
30176	383cafbec59b6d1f3c8ebf7f658297e5	c9fd1164b9fabb51e1c6ac2d151c5aca	61b5816522f4a35564bfe981e511b2b1
30177	383cafbec59b6d1f3c8ebf7f658297e5	c9fd1164b9fabb51e1c6ac2d151c5aca	61b5816522f4a35564bfe981e511b2b1
30178	383cafbec59b6d1f3c8ebf7f658297e5	c9fd1164b9fabb51e1c6ac2d151c5aca	61b5816522f4a35564bfe981e511b2b1
30179	383cafbec59b6d1f3c8ebf7f658297e5	c9fd1164b9fabb51e1c6ac2d151c5aca	61b5816522f4a35564bfe981e511b2b1
30180	383cafbec59b6d1f3c8ebf7f658297e5	c9fd1164b9fabb51e1c6ac2d151c5aca	61b5816522f4a35564bfe981e511b2b1
30181	383cafbec59b6d1f3c8ebf7f658297e5	c9fd1164b9fabb51e1c6ac2d151c5aca	61b5816522f4a35564bfe981e511b2b1
30182	383cafbec59b6d1f3c8ebf7f658297e5	c9fd1164b9fabb51e1c6ac2d151c5aca	61b5816522f4a35564bfe981e511b2b1
30183	383cafbec59b6d1f3c8ebf7f658297e5	c9fd1164b9fabb51e1c6ac2d151c5aca	61b5816522f4a35564bfe981e511b2b1
30184	383cafbec59b6d1f3c8ebf7f658297e5	c9fd1164b9fabb51e1c6ac2d151c5aca	61b5816522f4a35564bfe981e511b2b1
30185	3597890be1faccb45bdeea009cce785f	a81cd9efb60683f8302520e87f79a450	13c3a46cc4b34518645fc118b3d7ea3f
30186	3597890be1faccb45bdeea009cce785f	a81cd9efb60683f8302520e87f79a450	13c3a46cc4b34518645fc118b3d7ea3f
30187	3597890be1faccb45bdeea009cce785f	a81cd9efb60683f8302520e87f79a450	13c3a46cc4b34518645fc118b3d7ea3f
30188	3597890be1faccb45bdeea009cce785f	a81cd9efb60683f8302520e87f79a450	13c3a46cc4b34518645fc118b3d7ea3f
30189	3597890be1faccb45bdeea009cce785f	a81cd9efb60683f8302520e87f79a450	13c3a46cc4b34518645fc118b3d7ea3f
30190	3597890be1faccb45bdeea009cce785f	a81cd9efb60683f8302520e87f79a450	13c3a46cc4b34518645fc118b3d7ea3f
30191	3597890be1faccb45bdeea009cce785f	a81cd9efb60683f8302520e87f79a450	13c3a46cc4b34518645fc118b3d7ea3f
30192	368f12fafad402da06c2116705cfd05d	b79b6350c85dbcfa7558aa37c728275a	e0f002f517d1c24ec52b3a387f7bd7ad
30193	368f12fafad402da06c2116705cfd05d	b79b6350c85dbcfa7558aa37c728275a	e0f002f517d1c24ec52b3a387f7bd7ad
30194	368f12fafad402da06c2116705cfd05d	b79b6350c85dbcfa7558aa37c728275a	e0f002f517d1c24ec52b3a387f7bd7ad
30195	368f12fafad402da06c2116705cfd05d	b79b6350c85dbcfa7558aa37c728275a	e0f002f517d1c24ec52b3a387f7bd7ad
30196	368f12fafad402da06c2116705cfd05d	b79b6350c85dbcfa7558aa37c728275a	e0f002f517d1c24ec52b3a387f7bd7ad
30197	b091e89bea218aecac62840a535e3394	5b11ad3967d07ef83cd4a8fc655f9bc7	3cda4e1169f8f2e8002a9c9931d1e14c
30198	b091e89bea218aecac62840a535e3394	5b11ad3967d07ef83cd4a8fc655f9bc7	3cda4e1169f8f2e8002a9c9931d1e14c
30199	b091e89bea218aecac62840a535e3394	5b11ad3967d07ef83cd4a8fc655f9bc7	3cda4e1169f8f2e8002a9c9931d1e14c
30200	b091e89bea218aecac62840a535e3394	5b11ad3967d07ef83cd4a8fc655f9bc7	3cda4e1169f8f2e8002a9c9931d1e14c
30201	b091e89bea218aecac62840a535e3394	5b11ad3967d07ef83cd4a8fc655f9bc7	3cda4e1169f8f2e8002a9c9931d1e14c
30202	b091e89bea218aecac62840a535e3394	5b11ad3967d07ef83cd4a8fc655f9bc7	3cda4e1169f8f2e8002a9c9931d1e14c
30203	b091e89bea218aecac62840a535e3394	5b11ad3967d07ef83cd4a8fc655f9bc7	3cda4e1169f8f2e8002a9c9931d1e14c
30204	b091e89bea218aecac62840a535e3394	5b11ad3967d07ef83cd4a8fc655f9bc7	3cda4e1169f8f2e8002a9c9931d1e14c
30205	b091e89bea218aecac62840a535e3394	5b11ad3967d07ef83cd4a8fc655f9bc7	3cda4e1169f8f2e8002a9c9931d1e14c
30206	b091e89bea218aecac62840a535e3394	5b11ad3967d07ef83cd4a8fc655f9bc7	3cda4e1169f8f2e8002a9c9931d1e14c
30207	b091e89bea218aecac62840a535e3394	5b11ad3967d07ef83cd4a8fc655f9bc7	3cda4e1169f8f2e8002a9c9931d1e14c
30208	b091e89bea218aecac62840a535e3394	5b11ad3967d07ef83cd4a8fc655f9bc7	3cda4e1169f8f2e8002a9c9931d1e14c
30209	b091e89bea218aecac62840a535e3394	5b11ad3967d07ef83cd4a8fc655f9bc7	3cda4e1169f8f2e8002a9c9931d1e14c
30210	b091e89bea218aecac62840a535e3394	5b11ad3967d07ef83cd4a8fc655f9bc7	3cda4e1169f8f2e8002a9c9931d1e14c
30211	b091e89bea218aecac62840a535e3394	5b11ad3967d07ef83cd4a8fc655f9bc7	3cda4e1169f8f2e8002a9c9931d1e14c
30212	b091e89bea218aecac62840a535e3394	5b11ad3967d07ef83cd4a8fc655f9bc7	3cda4e1169f8f2e8002a9c9931d1e14c
30213	b091e89bea218aecac62840a535e3394	5b11ad3967d07ef83cd4a8fc655f9bc7	3cda4e1169f8f2e8002a9c9931d1e14c
30214	f1de9eeb5003716f4447099793b93c5e	28bce55c9b787bb9d15924ab97b48e8d	cd6708db3234345d8e400d667e08bca2
30215	f1de9eeb5003716f4447099793b93c5e	28bce55c9b787bb9d15924ab97b48e8d	cd6708db3234345d8e400d667e08bca2
30216	f1de9eeb5003716f4447099793b93c5e	28bce55c9b787bb9d15924ab97b48e8d	cd6708db3234345d8e400d667e08bca2
30217	f1de9eeb5003716f4447099793b93c5e	28bce55c9b787bb9d15924ab97b48e8d	cd6708db3234345d8e400d667e08bca2
30218	f1de9eeb5003716f4447099793b93c5e	28bce55c9b787bb9d15924ab97b48e8d	cd6708db3234345d8e400d667e08bca2
30219	f1de9eeb5003716f4447099793b93c5e	28bce55c9b787bb9d15924ab97b48e8d	cd6708db3234345d8e400d667e08bca2
30220	f1de9eeb5003716f4447099793b93c5e	28bce55c9b787bb9d15924ab97b48e8d	cd6708db3234345d8e400d667e08bca2
30221	a149fabedc5221e2b01e29edc3c1fa32	cdc7444159b1694a2c35e604d9c94a29	c2d8bdf1a9a0668c7d060aadabd1e7ae
30222	a149fabedc5221e2b01e29edc3c1fa32	cdc7444159b1694a2c35e604d9c94a29	c2d8bdf1a9a0668c7d060aadabd1e7ae
30223	a149fabedc5221e2b01e29edc3c1fa32	cdc7444159b1694a2c35e604d9c94a29	c2d8bdf1a9a0668c7d060aadabd1e7ae
30224	a149fabedc5221e2b01e29edc3c1fa32	cdc7444159b1694a2c35e604d9c94a29	c2d8bdf1a9a0668c7d060aadabd1e7ae
30225	a149fabedc5221e2b01e29edc3c1fa32	cdc7444159b1694a2c35e604d9c94a29	c2d8bdf1a9a0668c7d060aadabd1e7ae
30226	cbb55e47a0dc92b32a049c84a42d08ee	f94a61f18dfa493de3b3c7fed11c788d	32441a6d3e3ac3bb664bfcd6cfb3ba2e
30227	cbb55e47a0dc92b32a049c84a42d08ee	f94a61f18dfa493de3b3c7fed11c788d	32441a6d3e3ac3bb664bfcd6cfb3ba2e
30228	cbb55e47a0dc92b32a049c84a42d08ee	f94a61f18dfa493de3b3c7fed11c788d	32441a6d3e3ac3bb664bfcd6cfb3ba2e
30229	cbb55e47a0dc92b32a049c84a42d08ee	f94a61f18dfa493de3b3c7fed11c788d	32441a6d3e3ac3bb664bfcd6cfb3ba2e
30230	cbb55e47a0dc92b32a049c84a42d08ee	f94a61f18dfa493de3b3c7fed11c788d	32441a6d3e3ac3bb664bfcd6cfb3ba2e
30231	cbb55e47a0dc92b32a049c84a42d08ee	f94a61f18dfa493de3b3c7fed11c788d	32441a6d3e3ac3bb664bfcd6cfb3ba2e
30232	cbb55e47a0dc92b32a049c84a42d08ee	f94a61f18dfa493de3b3c7fed11c788d	32441a6d3e3ac3bb664bfcd6cfb3ba2e
30233	dcab0afa45ba75df45af6961f4d6a88a	8fb962f29fdf17b9950cccc1dad21319	c78f69269b83030de844bf2b60f0176e
30234	dcab0afa45ba75df45af6961f4d6a88a	8fb962f29fdf17b9950cccc1dad21319	c78f69269b83030de844bf2b60f0176e
30235	dcab0afa45ba75df45af6961f4d6a88a	8fb962f29fdf17b9950cccc1dad21319	c78f69269b83030de844bf2b60f0176e
30236	dcab0afa45ba75df45af6961f4d6a88a	8fb962f29fdf17b9950cccc1dad21319	c78f69269b83030de844bf2b60f0176e
30237	dcab0afa45ba75df45af6961f4d6a88a	8fb962f29fdf17b9950cccc1dad21319	c78f69269b83030de844bf2b60f0176e
30238	c2e3ceaf6b929de0fdcdf63c90077b1c	b44046b78faff44ca74ced95dd5b4fdf	255c65498b6d659a7be5e93d77c35b98
30239	c2e3ceaf6b929de0fdcdf63c90077b1c	b44046b78faff44ca74ced95dd5b4fdf	255c65498b6d659a7be5e93d77c35b98
30240	c2e3ceaf6b929de0fdcdf63c90077b1c	b44046b78faff44ca74ced95dd5b4fdf	255c65498b6d659a7be5e93d77c35b98
30241	c2e3ceaf6b929de0fdcdf63c90077b1c	b44046b78faff44ca74ced95dd5b4fdf	255c65498b6d659a7be5e93d77c35b98
30242	c2e3ceaf6b929de0fdcdf63c90077b1c	b44046b78faff44ca74ced95dd5b4fdf	255c65498b6d659a7be5e93d77c35b98
30243	c2e3ceaf6b929de0fdcdf63c90077b1c	b44046b78faff44ca74ced95dd5b4fdf	255c65498b6d659a7be5e93d77c35b98
30244	c2e3ceaf6b929de0fdcdf63c90077b1c	b44046b78faff44ca74ced95dd5b4fdf	255c65498b6d659a7be5e93d77c35b98
30245	c501f6190b2296a2c2ae3d27b512085c	9443210fd1171c4a155102f3a99b91cf	f377f4c5b7f5d340b28c0fe269992a58
30246	c501f6190b2296a2c2ae3d27b512085c	9443210fd1171c4a155102f3a99b91cf	f377f4c5b7f5d340b28c0fe269992a58
30247	c501f6190b2296a2c2ae3d27b512085c	9443210fd1171c4a155102f3a99b91cf	f377f4c5b7f5d340b28c0fe269992a58
30248	c501f6190b2296a2c2ae3d27b512085c	9443210fd1171c4a155102f3a99b91cf	f377f4c5b7f5d340b28c0fe269992a58
30249	c501f6190b2296a2c2ae3d27b512085c	9443210fd1171c4a155102f3a99b91cf	f377f4c5b7f5d340b28c0fe269992a58
30250	a4779ac9e9a017d882486f5b99448193	b1f867cb76c6fe2cf1fb47dde9d69c24	f86d50f45b28faa05053bd48edfa5303
30251	a4779ac9e9a017d882486f5b99448193	b1f867cb76c6fe2cf1fb47dde9d69c24	f86d50f45b28faa05053bd48edfa5303
30252	a4779ac9e9a017d882486f5b99448193	b1f867cb76c6fe2cf1fb47dde9d69c24	f86d50f45b28faa05053bd48edfa5303
30253	a4779ac9e9a017d882486f5b99448193	b1f867cb76c6fe2cf1fb47dde9d69c24	f86d50f45b28faa05053bd48edfa5303
30254	a4779ac9e9a017d882486f5b99448193	b1f867cb76c6fe2cf1fb47dde9d69c24	f86d50f45b28faa05053bd48edfa5303
30255	1080c248b6e24fb8129248092edaa3cc	1a191002e9a7a74402e9dc7d439bed1f	3f8f542f2cd64d1aa97f05f231bbdd28
30256	1080c248b6e24fb8129248092edaa3cc	1a191002e9a7a74402e9dc7d439bed1f	3f8f542f2cd64d1aa97f05f231bbdd28
30257	1080c248b6e24fb8129248092edaa3cc	1a191002e9a7a74402e9dc7d439bed1f	3f8f542f2cd64d1aa97f05f231bbdd28
30258	1080c248b6e24fb8129248092edaa3cc	1a191002e9a7a74402e9dc7d439bed1f	3f8f542f2cd64d1aa97f05f231bbdd28
30259	1080c248b6e24fb8129248092edaa3cc	1a191002e9a7a74402e9dc7d439bed1f	3f8f542f2cd64d1aa97f05f231bbdd28
30260	1080c248b6e24fb8129248092edaa3cc	1a191002e9a7a74402e9dc7d439bed1f	3f8f542f2cd64d1aa97f05f231bbdd28
30261	1080c248b6e24fb8129248092edaa3cc	1a191002e9a7a74402e9dc7d439bed1f	3f8f542f2cd64d1aa97f05f231bbdd28
30262	716dff9fb9f1c706f899265ef71fc84c	e5ed2c04d61f3a3e75eb7025c0504baf	18e11d981a2ee778c6c443cce28a4f38
30263	716dff9fb9f1c706f899265ef71fc84c	e5ed2c04d61f3a3e75eb7025c0504baf	18e11d981a2ee778c6c443cce28a4f38
30264	716dff9fb9f1c706f899265ef71fc84c	e5ed2c04d61f3a3e75eb7025c0504baf	18e11d981a2ee778c6c443cce28a4f38
30265	716dff9fb9f1c706f899265ef71fc84c	e5ed2c04d61f3a3e75eb7025c0504baf	18e11d981a2ee778c6c443cce28a4f38
30266	716dff9fb9f1c706f899265ef71fc84c	e5ed2c04d61f3a3e75eb7025c0504baf	18e11d981a2ee778c6c443cce28a4f38
30267	10d5ae16f5ad813d259d96a7e9875306	a4eebd7fc5ac4003b1e19d0e08f5e435	309609ddb3aeba69e36bee1c943019ee
30268	10d5ae16f5ad813d259d96a7e9875306	a4eebd7fc5ac4003b1e19d0e08f5e435	309609ddb3aeba69e36bee1c943019ee
30269	10d5ae16f5ad813d259d96a7e9875306	a4eebd7fc5ac4003b1e19d0e08f5e435	309609ddb3aeba69e36bee1c943019ee
30270	10d5ae16f5ad813d259d96a7e9875306	a4eebd7fc5ac4003b1e19d0e08f5e435	309609ddb3aeba69e36bee1c943019ee
30271	10d5ae16f5ad813d259d96a7e9875306	a4eebd7fc5ac4003b1e19d0e08f5e435	309609ddb3aeba69e36bee1c943019ee
30272	10d5ae16f5ad813d259d96a7e9875306	a4eebd7fc5ac4003b1e19d0e08f5e435	309609ddb3aeba69e36bee1c943019ee
30273	10d5ae16f5ad813d259d96a7e9875306	a4eebd7fc5ac4003b1e19d0e08f5e435	309609ddb3aeba69e36bee1c943019ee
30274	7101af5ef4bbb0ec5a35fee9b4d58dad	1733cb48245c6bb0fad99e6ff9c4c60a	2eddfe1d14a164062c7ae1b830830319
30275	7101af5ef4bbb0ec5a35fee9b4d58dad	1733cb48245c6bb0fad99e6ff9c4c60a	2eddfe1d14a164062c7ae1b830830319
30276	7101af5ef4bbb0ec5a35fee9b4d58dad	1733cb48245c6bb0fad99e6ff9c4c60a	2eddfe1d14a164062c7ae1b830830319
30277	7101af5ef4bbb0ec5a35fee9b4d58dad	1733cb48245c6bb0fad99e6ff9c4c60a	2eddfe1d14a164062c7ae1b830830319
30278	7101af5ef4bbb0ec5a35fee9b4d58dad	1733cb48245c6bb0fad99e6ff9c4c60a	2eddfe1d14a164062c7ae1b830830319
30279	7101af5ef4bbb0ec5a35fee9b4d58dad	1733cb48245c6bb0fad99e6ff9c4c60a	2eddfe1d14a164062c7ae1b830830319
30280	7101af5ef4bbb0ec5a35fee9b4d58dad	1733cb48245c6bb0fad99e6ff9c4c60a	2eddfe1d14a164062c7ae1b830830319
30281	7101af5ef4bbb0ec5a35fee9b4d58dad	1733cb48245c6bb0fad99e6ff9c4c60a	2eddfe1d14a164062c7ae1b830830319
30282	7101af5ef4bbb0ec5a35fee9b4d58dad	1733cb48245c6bb0fad99e6ff9c4c60a	2eddfe1d14a164062c7ae1b830830319
30283	7101af5ef4bbb0ec5a35fee9b4d58dad	1733cb48245c6bb0fad99e6ff9c4c60a	2eddfe1d14a164062c7ae1b830830319
30284	6d968ef9247d7b16f6653a0923b8c7d7	5e881220bcdfbeb6466e09d1999638b8	b6d540924aff8c1cc2aaeea5928e4fc3
30285	6d968ef9247d7b16f6653a0923b8c7d7	5e881220bcdfbeb6466e09d1999638b8	b6d540924aff8c1cc2aaeea5928e4fc3
30286	6d968ef9247d7b16f6653a0923b8c7d7	5e881220bcdfbeb6466e09d1999638b8	b6d540924aff8c1cc2aaeea5928e4fc3
30287	6d968ef9247d7b16f6653a0923b8c7d7	5e881220bcdfbeb6466e09d1999638b8	b6d540924aff8c1cc2aaeea5928e4fc3
30288	6d968ef9247d7b16f6653a0923b8c7d7	5e881220bcdfbeb6466e09d1999638b8	b6d540924aff8c1cc2aaeea5928e4fc3
30289	6d968ef9247d7b16f6653a0923b8c7d7	5e881220bcdfbeb6466e09d1999638b8	b6d540924aff8c1cc2aaeea5928e4fc3
30290	6d968ef9247d7b16f6653a0923b8c7d7	5e881220bcdfbeb6466e09d1999638b8	b6d540924aff8c1cc2aaeea5928e4fc3
30291	acd3be31187f478b11d74429e77c1548	f9eb1cb105af0b751073516445bb6803	a9c7faa041500bf58852bf4d16c3e94c
30292	acd3be31187f478b11d74429e77c1548	f9eb1cb105af0b751073516445bb6803	a9c7faa041500bf58852bf4d16c3e94c
30293	acd3be31187f478b11d74429e77c1548	f9eb1cb105af0b751073516445bb6803	a9c7faa041500bf58852bf4d16c3e94c
30294	a9a074a11428e60c74b22b593f1daa34	c5c1e0484fe56dd8e7d4d66cf11b83f7	560bd6f75e7d3cc2765dd7b8085006a0
30295	a9a074a11428e60c74b22b593f1daa34	c5c1e0484fe56dd8e7d4d66cf11b83f7	560bd6f75e7d3cc2765dd7b8085006a0
30296	137c5a91c62b099b3bf0b27f46b06e8d	859599a25d676ebdd4ebc32eea05f9d2	51f5959824a9ff2d73a3ef458ce698a9
30297	137c5a91c62b099b3bf0b27f46b06e8d	859599a25d676ebdd4ebc32eea05f9d2	51f5959824a9ff2d73a3ef458ce698a9
30298	137c5a91c62b099b3bf0b27f46b06e8d	859599a25d676ebdd4ebc32eea05f9d2	51f5959824a9ff2d73a3ef458ce698a9
30299	137c5a91c62b099b3bf0b27f46b06e8d	859599a25d676ebdd4ebc32eea05f9d2	51f5959824a9ff2d73a3ef458ce698a9
30300	137c5a91c62b099b3bf0b27f46b06e8d	859599a25d676ebdd4ebc32eea05f9d2	51f5959824a9ff2d73a3ef458ce698a9
30301	137c5a91c62b099b3bf0b27f46b06e8d	859599a25d676ebdd4ebc32eea05f9d2	51f5959824a9ff2d73a3ef458ce698a9
30302	137c5a91c62b099b3bf0b27f46b06e8d	859599a25d676ebdd4ebc32eea05f9d2	51f5959824a9ff2d73a3ef458ce698a9
30303	f76197bd0213f6b0180ea2a03cc73586	b586a616bdf1f22cca19ae1d63c942ed	c1f81195fb8d41fae23c1cda1d92b832
30304	f76197bd0213f6b0180ea2a03cc73586	b586a616bdf1f22cca19ae1d63c942ed	c1f81195fb8d41fae23c1cda1d92b832
30305	f76197bd0213f6b0180ea2a03cc73586	b586a616bdf1f22cca19ae1d63c942ed	c1f81195fb8d41fae23c1cda1d92b832
30306	f76197bd0213f6b0180ea2a03cc73586	b586a616bdf1f22cca19ae1d63c942ed	c1f81195fb8d41fae23c1cda1d92b832
30307	f76197bd0213f6b0180ea2a03cc73586	b586a616bdf1f22cca19ae1d63c942ed	c1f81195fb8d41fae23c1cda1d92b832
30308	ebabaaac5252357440d403c0c4dbeeb3	8ba7dc214132127879dde1f9a6d999b4	15b7345d51e51ad6cf1af83963af12df
30309	ebabaaac5252357440d403c0c4dbeeb3	8ba7dc214132127879dde1f9a6d999b4	15b7345d51e51ad6cf1af83963af12df
30310	ebabaaac5252357440d403c0c4dbeeb3	8ba7dc214132127879dde1f9a6d999b4	15b7345d51e51ad6cf1af83963af12df
30311	ebabaaac5252357440d403c0c4dbeeb3	8ba7dc214132127879dde1f9a6d999b4	15b7345d51e51ad6cf1af83963af12df
30312	ebabaaac5252357440d403c0c4dbeeb3	8ba7dc214132127879dde1f9a6d999b4	15b7345d51e51ad6cf1af83963af12df
30313	ebabaaac5252357440d403c0c4dbeeb3	8ba7dc214132127879dde1f9a6d999b4	15b7345d51e51ad6cf1af83963af12df
30314	ebabaaac5252357440d403c0c4dbeeb3	8ba7dc214132127879dde1f9a6d999b4	15b7345d51e51ad6cf1af83963af12df
30315	ebabaaac5252357440d403c0c4dbeeb3	8ba7dc214132127879dde1f9a6d999b4	15b7345d51e51ad6cf1af83963af12df
30316	ebabaaac5252357440d403c0c4dbeeb3	8ba7dc214132127879dde1f9a6d999b4	15b7345d51e51ad6cf1af83963af12df
30317	ebabaaac5252357440d403c0c4dbeeb3	8ba7dc214132127879dde1f9a6d999b4	15b7345d51e51ad6cf1af83963af12df
30318	ebabaaac5252357440d403c0c4dbeeb3	8ba7dc214132127879dde1f9a6d999b4	15b7345d51e51ad6cf1af83963af12df
30319	ebabaaac5252357440d403c0c4dbeeb3	8ba7dc214132127879dde1f9a6d999b4	15b7345d51e51ad6cf1af83963af12df
30320	ebabaaac5252357440d403c0c4dbeeb3	8ba7dc214132127879dde1f9a6d999b4	15b7345d51e51ad6cf1af83963af12df
30321	ebabaaac5252357440d403c0c4dbeeb3	8ba7dc214132127879dde1f9a6d999b4	15b7345d51e51ad6cf1af83963af12df
30322	ebabaaac5252357440d403c0c4dbeeb3	8ba7dc214132127879dde1f9a6d999b4	15b7345d51e51ad6cf1af83963af12df
30323	ebabaaac5252357440d403c0c4dbeeb3	8ba7dc214132127879dde1f9a6d999b4	15b7345d51e51ad6cf1af83963af12df
30324	ebabaaac5252357440d403c0c4dbeeb3	8ba7dc214132127879dde1f9a6d999b4	15b7345d51e51ad6cf1af83963af12df
30325	d424326312943d1e1f1d9df47880cbbd	5bcfdd8f12ecc9ae0636632ea0cd548a	fbc16b2a50305a6cc05e2c158cff5781
30326	d424326312943d1e1f1d9df47880cbbd	5bcfdd8f12ecc9ae0636632ea0cd548a	fbc16b2a50305a6cc05e2c158cff5781
30327	d424326312943d1e1f1d9df47880cbbd	5bcfdd8f12ecc9ae0636632ea0cd548a	fbc16b2a50305a6cc05e2c158cff5781
30328	d424326312943d1e1f1d9df47880cbbd	5bcfdd8f12ecc9ae0636632ea0cd548a	fbc16b2a50305a6cc05e2c158cff5781
30329	d424326312943d1e1f1d9df47880cbbd	5bcfdd8f12ecc9ae0636632ea0cd548a	fbc16b2a50305a6cc05e2c158cff5781
30330	d424326312943d1e1f1d9df47880cbbd	5bcfdd8f12ecc9ae0636632ea0cd548a	fbc16b2a50305a6cc05e2c158cff5781
30331	d424326312943d1e1f1d9df47880cbbd	5bcfdd8f12ecc9ae0636632ea0cd548a	fbc16b2a50305a6cc05e2c158cff5781
30332	d42806d6d53de23b228b5c28458831e7	614b348a28a27f9d5e206717834ef750	0611d9c0b4f09b3163ba24d4b31326c3
30333	d42806d6d53de23b228b5c28458831e7	614b348a28a27f9d5e206717834ef750	0611d9c0b4f09b3163ba24d4b31326c3
30334	d42806d6d53de23b228b5c28458831e7	614b348a28a27f9d5e206717834ef750	0611d9c0b4f09b3163ba24d4b31326c3
30335	d42806d6d53de23b228b5c28458831e7	614b348a28a27f9d5e206717834ef750	0611d9c0b4f09b3163ba24d4b31326c3
30336	d42806d6d53de23b228b5c28458831e7	614b348a28a27f9d5e206717834ef750	0611d9c0b4f09b3163ba24d4b31326c3
30337	1d63adc385edb6e61352499c4adee286	67618d912eb829aed1bb67485203f5ad	95a36a93614fb19cec767c6e5744be22
30338	1d63adc385edb6e61352499c4adee286	67618d912eb829aed1bb67485203f5ad	95a36a93614fb19cec767c6e5744be22
30339	1d63adc385edb6e61352499c4adee286	67618d912eb829aed1bb67485203f5ad	95a36a93614fb19cec767c6e5744be22
30340	1d63adc385edb6e61352499c4adee286	67618d912eb829aed1bb67485203f5ad	95a36a93614fb19cec767c6e5744be22
30341	1d63adc385edb6e61352499c4adee286	67618d912eb829aed1bb67485203f5ad	95a36a93614fb19cec767c6e5744be22
30342	1d63adc385edb6e61352499c4adee286	67618d912eb829aed1bb67485203f5ad	95a36a93614fb19cec767c6e5744be22
30343	1d63adc385edb6e61352499c4adee286	67618d912eb829aed1bb67485203f5ad	95a36a93614fb19cec767c6e5744be22
30344	5e8378249324e18a8274f1645b5fea53	68dbe1967efa595a12bd5cf0e43561d4	8e451202464bc5b0d938cf6fc9b5f96f
30345	5e8378249324e18a8274f1645b5fea53	68dbe1967efa595a12bd5cf0e43561d4	8e451202464bc5b0d938cf6fc9b5f96f
30346	5e8378249324e18a8274f1645b5fea53	68dbe1967efa595a12bd5cf0e43561d4	8e451202464bc5b0d938cf6fc9b5f96f
30347	5e8378249324e18a8274f1645b5fea53	68dbe1967efa595a12bd5cf0e43561d4	8e451202464bc5b0d938cf6fc9b5f96f
30348	5e8378249324e18a8274f1645b5fea53	68dbe1967efa595a12bd5cf0e43561d4	8e451202464bc5b0d938cf6fc9b5f96f
30349	a391c48a003c4b3abc0575a7e3045dce	f2de6f5bbdf00682fbd1c1bfa5100dc5	44ecf2d34c27d1fc7079758ca75374e2
30350	a391c48a003c4b3abc0575a7e3045dce	f2de6f5bbdf00682fbd1c1bfa5100dc5	44ecf2d34c27d1fc7079758ca75374e2
30351	a391c48a003c4b3abc0575a7e3045dce	f2de6f5bbdf00682fbd1c1bfa5100dc5	44ecf2d34c27d1fc7079758ca75374e2
30352	a391c48a003c4b3abc0575a7e3045dce	f2de6f5bbdf00682fbd1c1bfa5100dc5	44ecf2d34c27d1fc7079758ca75374e2
30353	a391c48a003c4b3abc0575a7e3045dce	f2de6f5bbdf00682fbd1c1bfa5100dc5	44ecf2d34c27d1fc7079758ca75374e2
30354	ce8a741abf7a089ca5e208df2810a659	54a283089c6f91b04a3ca64606448c46	b3f9deac2491d71605b4d3d3ae652b65
30355	ce8a741abf7a089ca5e208df2810a659	54a283089c6f91b04a3ca64606448c46	b3f9deac2491d71605b4d3d3ae652b65
30356	ce8a741abf7a089ca5e208df2810a659	54a283089c6f91b04a3ca64606448c46	b3f9deac2491d71605b4d3d3ae652b65
30357	ce8a741abf7a089ca5e208df2810a659	54a283089c6f91b04a3ca64606448c46	b3f9deac2491d71605b4d3d3ae652b65
30358	ce8a741abf7a089ca5e208df2810a659	54a283089c6f91b04a3ca64606448c46	b3f9deac2491d71605b4d3d3ae652b65
30359	ce8a741abf7a089ca5e208df2810a659	54a283089c6f91b04a3ca64606448c46	b3f9deac2491d71605b4d3d3ae652b65
30360	ce8a741abf7a089ca5e208df2810a659	54a283089c6f91b04a3ca64606448c46	b3f9deac2491d71605b4d3d3ae652b65
30361	8a771952bf4cf6656ccc9ad710a8853e	d9dff31fcdbd8d1ba8ebae9ac449f45d	df1329d79d77fd957bbd227d73dd6d5e
30362	8a771952bf4cf6656ccc9ad710a8853e	d9dff31fcdbd8d1ba8ebae9ac449f45d	df1329d79d77fd957bbd227d73dd6d5e
30363	8a771952bf4cf6656ccc9ad710a8853e	d9dff31fcdbd8d1ba8ebae9ac449f45d	df1329d79d77fd957bbd227d73dd6d5e
30364	0b28240c6016094fc70ae154783c2c47	2f4533af0e1b4591989400cfaa5817e0	1603156e689d8dc5645b2c7b194179ab
30365	0b28240c6016094fc70ae154783c2c47	2f4533af0e1b4591989400cfaa5817e0	1603156e689d8dc5645b2c7b194179ab
30366	ad0605a26ae1259b10ca96d07e192248	fcf4477a4fe930d5e40a1e73e38092f3	80a8649bb0401a8f29a85a7d9f349d40
30367	ad0605a26ae1259b10ca96d07e192248	fcf4477a4fe930d5e40a1e73e38092f3	80a8649bb0401a8f29a85a7d9f349d40
30368	ad0605a26ae1259b10ca96d07e192248	fcf4477a4fe930d5e40a1e73e38092f3	80a8649bb0401a8f29a85a7d9f349d40
30369	ad0605a26ae1259b10ca96d07e192248	fcf4477a4fe930d5e40a1e73e38092f3	80a8649bb0401a8f29a85a7d9f349d40
30370	ad0605a26ae1259b10ca96d07e192248	fcf4477a4fe930d5e40a1e73e38092f3	80a8649bb0401a8f29a85a7d9f349d40
30371	ad0605a26ae1259b10ca96d07e192248	fcf4477a4fe930d5e40a1e73e38092f3	80a8649bb0401a8f29a85a7d9f349d40
30372	ad0605a26ae1259b10ca96d07e192248	fcf4477a4fe930d5e40a1e73e38092f3	80a8649bb0401a8f29a85a7d9f349d40
30373	425c2085ef3c38e839151e3ce07bbfaa	128ec1e41089c394c9e2987f82b4e3f1	37d901bd1aa838b079be024eef27a2c2
30374	425c2085ef3c38e839151e3ce07bbfaa	128ec1e41089c394c9e2987f82b4e3f1	37d901bd1aa838b079be024eef27a2c2
30375	425c2085ef3c38e839151e3ce07bbfaa	128ec1e41089c394c9e2987f82b4e3f1	37d901bd1aa838b079be024eef27a2c2
30376	425c2085ef3c38e839151e3ce07bbfaa	128ec1e41089c394c9e2987f82b4e3f1	37d901bd1aa838b079be024eef27a2c2
30377	425c2085ef3c38e839151e3ce07bbfaa	128ec1e41089c394c9e2987f82b4e3f1	37d901bd1aa838b079be024eef27a2c2
30378	78e94eaf4c454b2d1bc42411d70e66be	833a4ad80b6a6ba34e48f7cffe5e0fcd	a222019a3271bcdd60de0f9b765af036
30379	78e94eaf4c454b2d1bc42411d70e66be	833a4ad80b6a6ba34e48f7cffe5e0fcd	a222019a3271bcdd60de0f9b765af036
30380	78e94eaf4c454b2d1bc42411d70e66be	833a4ad80b6a6ba34e48f7cffe5e0fcd	a222019a3271bcdd60de0f9b765af036
30381	78e94eaf4c454b2d1bc42411d70e66be	833a4ad80b6a6ba34e48f7cffe5e0fcd	a222019a3271bcdd60de0f9b765af036
30382	78e94eaf4c454b2d1bc42411d70e66be	833a4ad80b6a6ba34e48f7cffe5e0fcd	a222019a3271bcdd60de0f9b765af036
30383	78e94eaf4c454b2d1bc42411d70e66be	833a4ad80b6a6ba34e48f7cffe5e0fcd	a222019a3271bcdd60de0f9b765af036
30384	78e94eaf4c454b2d1bc42411d70e66be	833a4ad80b6a6ba34e48f7cffe5e0fcd	a222019a3271bcdd60de0f9b765af036
30385	591eded2384d09ee33daa09447048ac4	aee3547a2b4e1e96d0c8dcb26a8984a7	67a4d67c78d47d1e9829605b5a82f70c
30386	591eded2384d09ee33daa09447048ac4	aee3547a2b4e1e96d0c8dcb26a8984a7	67a4d67c78d47d1e9829605b5a82f70c
30387	591eded2384d09ee33daa09447048ac4	aee3547a2b4e1e96d0c8dcb26a8984a7	67a4d67c78d47d1e9829605b5a82f70c
30388	591eded2384d09ee33daa09447048ac4	aee3547a2b4e1e96d0c8dcb26a8984a7	67a4d67c78d47d1e9829605b5a82f70c
30389	591eded2384d09ee33daa09447048ac4	aee3547a2b4e1e96d0c8dcb26a8984a7	67a4d67c78d47d1e9829605b5a82f70c
30390	f07237c8c12f8f8a07b5fb1a64a2c3be	fd866731fb0d6ce21303b44db5c9d215	8bd6a67eb3f5eb86335909dec7a36c56
30391	f07237c8c12f8f8a07b5fb1a64a2c3be	fd866731fb0d6ce21303b44db5c9d215	8bd6a67eb3f5eb86335909dec7a36c56
30392	f07237c8c12f8f8a07b5fb1a64a2c3be	fd866731fb0d6ce21303b44db5c9d215	8bd6a67eb3f5eb86335909dec7a36c56
30393	f07237c8c12f8f8a07b5fb1a64a2c3be	fd866731fb0d6ce21303b44db5c9d215	8bd6a67eb3f5eb86335909dec7a36c56
30394	f07237c8c12f8f8a07b5fb1a64a2c3be	fd866731fb0d6ce21303b44db5c9d215	8bd6a67eb3f5eb86335909dec7a36c56
30395	558aceac84e6a2a21b1118fce7d5856f	2e7d6023545dbc9268b2c027065d56d0	12bb93fb0e95b708a7e2ba58ae335143
30396	558aceac84e6a2a21b1118fce7d5856f	2e7d6023545dbc9268b2c027065d56d0	12bb93fb0e95b708a7e2ba58ae335143
30397	558aceac84e6a2a21b1118fce7d5856f	2e7d6023545dbc9268b2c027065d56d0	12bb93fb0e95b708a7e2ba58ae335143
30398	558aceac84e6a2a21b1118fce7d5856f	2e7d6023545dbc9268b2c027065d56d0	12bb93fb0e95b708a7e2ba58ae335143
30399	558aceac84e6a2a21b1118fce7d5856f	2e7d6023545dbc9268b2c027065d56d0	12bb93fb0e95b708a7e2ba58ae335143
30400	558aceac84e6a2a21b1118fce7d5856f	2e7d6023545dbc9268b2c027065d56d0	12bb93fb0e95b708a7e2ba58ae335143
30401	558aceac84e6a2a21b1118fce7d5856f	2e7d6023545dbc9268b2c027065d56d0	12bb93fb0e95b708a7e2ba58ae335143
30402	558aceac84e6a2a21b1118fce7d5856f	2e7d6023545dbc9268b2c027065d56d0	12bb93fb0e95b708a7e2ba58ae335143
30403	558aceac84e6a2a21b1118fce7d5856f	2e7d6023545dbc9268b2c027065d56d0	12bb93fb0e95b708a7e2ba58ae335143
30404	558aceac84e6a2a21b1118fce7d5856f	2e7d6023545dbc9268b2c027065d56d0	12bb93fb0e95b708a7e2ba58ae335143
30405	558aceac84e6a2a21b1118fce7d5856f	2e7d6023545dbc9268b2c027065d56d0	12bb93fb0e95b708a7e2ba58ae335143
30406	558aceac84e6a2a21b1118fce7d5856f	2e7d6023545dbc9268b2c027065d56d0	12bb93fb0e95b708a7e2ba58ae335143
30407	458f80e7cdd8091b6b9c4fe57469bb02	4e090e9df23ec0258bd1dd52217506f1	9962129b1bbd69915599d2027c93635e
30408	458f80e7cdd8091b6b9c4fe57469bb02	4e090e9df23ec0258bd1dd52217506f1	9962129b1bbd69915599d2027c93635e
30409	458f80e7cdd8091b6b9c4fe57469bb02	4e090e9df23ec0258bd1dd52217506f1	9962129b1bbd69915599d2027c93635e
30410	458f80e7cdd8091b6b9c4fe57469bb02	4e090e9df23ec0258bd1dd52217506f1	9962129b1bbd69915599d2027c93635e
30411	458f80e7cdd8091b6b9c4fe57469bb02	4e090e9df23ec0258bd1dd52217506f1	9962129b1bbd69915599d2027c93635e
30412	458f80e7cdd8091b6b9c4fe57469bb02	4e090e9df23ec0258bd1dd52217506f1	9962129b1bbd69915599d2027c93635e
30413	458f80e7cdd8091b6b9c4fe57469bb02	4e090e9df23ec0258bd1dd52217506f1	9962129b1bbd69915599d2027c93635e
30414	ba6151dbbd69ada0732e7ae9f8a738db	b51b6c2046cf7a548a2bcc7baa3db97c	b6c70d82e28c8d2cd5f3e168b1695013
30415	ba6151dbbd69ada0732e7ae9f8a738db	b51b6c2046cf7a548a2bcc7baa3db97c	b6c70d82e28c8d2cd5f3e168b1695013
30416	ba6151dbbd69ada0732e7ae9f8a738db	b51b6c2046cf7a548a2bcc7baa3db97c	b6c70d82e28c8d2cd5f3e168b1695013
30417	ba6151dbbd69ada0732e7ae9f8a738db	b51b6c2046cf7a548a2bcc7baa3db97c	b6c70d82e28c8d2cd5f3e168b1695013
30418	ba6151dbbd69ada0732e7ae9f8a738db	b51b6c2046cf7a548a2bcc7baa3db97c	b6c70d82e28c8d2cd5f3e168b1695013
30419	ba6151dbbd69ada0732e7ae9f8a738db	b51b6c2046cf7a548a2bcc7baa3db97c	b6c70d82e28c8d2cd5f3e168b1695013
30420	ba6151dbbd69ada0732e7ae9f8a738db	b51b6c2046cf7a548a2bcc7baa3db97c	b6c70d82e28c8d2cd5f3e168b1695013
30421	ba6151dbbd69ada0732e7ae9f8a738db	b51b6c2046cf7a548a2bcc7baa3db97c	b6c70d82e28c8d2cd5f3e168b1695013
30422	ba6151dbbd69ada0732e7ae9f8a738db	b51b6c2046cf7a548a2bcc7baa3db97c	b6c70d82e28c8d2cd5f3e168b1695013
30423	ba6151dbbd69ada0732e7ae9f8a738db	b51b6c2046cf7a548a2bcc7baa3db97c	b6c70d82e28c8d2cd5f3e168b1695013
30424	76e13806a3c91b84ed6d2fe3590e3acd	72f5da7d7ea4dd28ebec4c5ad24bbc1a	59f425bdf957ba02538c4af064af6c61
30425	76e13806a3c91b84ed6d2fe3590e3acd	72f5da7d7ea4dd28ebec4c5ad24bbc1a	59f425bdf957ba02538c4af064af6c61
30426	76e13806a3c91b84ed6d2fe3590e3acd	72f5da7d7ea4dd28ebec4c5ad24bbc1a	59f425bdf957ba02538c4af064af6c61
30427	76e13806a3c91b84ed6d2fe3590e3acd	72f5da7d7ea4dd28ebec4c5ad24bbc1a	59f425bdf957ba02538c4af064af6c61
30428	76e13806a3c91b84ed6d2fe3590e3acd	72f5da7d7ea4dd28ebec4c5ad24bbc1a	59f425bdf957ba02538c4af064af6c61
30429	76e13806a3c91b84ed6d2fe3590e3acd	72f5da7d7ea4dd28ebec4c5ad24bbc1a	59f425bdf957ba02538c4af064af6c61
30430	76e13806a3c91b84ed6d2fe3590e3acd	72f5da7d7ea4dd28ebec4c5ad24bbc1a	59f425bdf957ba02538c4af064af6c61
30431	08c6cc837db36879a8e7c1f36fdcf96f	2c086d084fbfcb27c150774ca13213d8	a6ea62111754c80f9d14cc949dd899b3
30432	08c6cc837db36879a8e7c1f36fdcf96f	2c086d084fbfcb27c150774ca13213d8	a6ea62111754c80f9d14cc949dd899b3
30433	08c6cc837db36879a8e7c1f36fdcf96f	2c086d084fbfcb27c150774ca13213d8	a6ea62111754c80f9d14cc949dd899b3
30434	08c6cc837db36879a8e7c1f36fdcf96f	2c086d084fbfcb27c150774ca13213d8	a6ea62111754c80f9d14cc949dd899b3
30435	08c6cc837db36879a8e7c1f36fdcf96f	2c086d084fbfcb27c150774ca13213d8	a6ea62111754c80f9d14cc949dd899b3
30436	59c667bbe1544744e940bb444931f37b	d0b9bcf9ff6730f8bd039edff183424c	99551e414b354e324b863f5b8dd9fb17
30437	59c667bbe1544744e940bb444931f37b	d0b9bcf9ff6730f8bd039edff183424c	99551e414b354e324b863f5b8dd9fb17
30438	59c667bbe1544744e940bb444931f37b	d0b9bcf9ff6730f8bd039edff183424c	99551e414b354e324b863f5b8dd9fb17
30439	59c667bbe1544744e940bb444931f37b	d0b9bcf9ff6730f8bd039edff183424c	99551e414b354e324b863f5b8dd9fb17
30440	59c667bbe1544744e940bb444931f37b	d0b9bcf9ff6730f8bd039edff183424c	99551e414b354e324b863f5b8dd9fb17
30441	59c667bbe1544744e940bb444931f37b	d0b9bcf9ff6730f8bd039edff183424c	99551e414b354e324b863f5b8dd9fb17
30442	59c667bbe1544744e940bb444931f37b	d0b9bcf9ff6730f8bd039edff183424c	99551e414b354e324b863f5b8dd9fb17
30443	59c667bbe1544744e940bb444931f37b	d0b9bcf9ff6730f8bd039edff183424c	99551e414b354e324b863f5b8dd9fb17
30444	59c667bbe1544744e940bb444931f37b	d0b9bcf9ff6730f8bd039edff183424c	99551e414b354e324b863f5b8dd9fb17
30445	59c667bbe1544744e940bb444931f37b	d0b9bcf9ff6730f8bd039edff183424c	99551e414b354e324b863f5b8dd9fb17
30446	59c667bbe1544744e940bb444931f37b	d0b9bcf9ff6730f8bd039edff183424c	99551e414b354e324b863f5b8dd9fb17
30447	59c667bbe1544744e940bb444931f37b	d0b9bcf9ff6730f8bd039edff183424c	99551e414b354e324b863f5b8dd9fb17
30448	59c667bbe1544744e940bb444931f37b	d0b9bcf9ff6730f8bd039edff183424c	99551e414b354e324b863f5b8dd9fb17
30449	59c667bbe1544744e940bb444931f37b	d0b9bcf9ff6730f8bd039edff183424c	99551e414b354e324b863f5b8dd9fb17
30450	59c667bbe1544744e940bb444931f37b	d0b9bcf9ff6730f8bd039edff183424c	99551e414b354e324b863f5b8dd9fb17
30451	59c667bbe1544744e940bb444931f37b	d0b9bcf9ff6730f8bd039edff183424c	99551e414b354e324b863f5b8dd9fb17
30452	59c667bbe1544744e940bb444931f37b	d0b9bcf9ff6730f8bd039edff183424c	99551e414b354e324b863f5b8dd9fb17
30453	78bae5860a45c9bfa4bc3e5a37239c97	31c5f10e9346a0d13c7af5c408b87620	0d5a2ac0970fa45db7b712dfb1a6adf3
30454	78bae5860a45c9bfa4bc3e5a37239c97	31c5f10e9346a0d13c7af5c408b87620	0d5a2ac0970fa45db7b712dfb1a6adf3
30455	78bae5860a45c9bfa4bc3e5a37239c97	31c5f10e9346a0d13c7af5c408b87620	0d5a2ac0970fa45db7b712dfb1a6adf3
30456	a7669821b503f2fb707dc7bf097e819f	694b920808d16edd3894eafca6065a48	cef8a1509936d4c1e30da6247c431e43
30457	78bae5860a45c9bfa4bc3e5a37239c97	31c5f10e9346a0d13c7af5c408b87620	0d5a2ac0970fa45db7b712dfb1a6adf3
30458	a91f67112414beb9257d70c5a6acf5e4	c274586edc4ddb1f319219d53b266acf	73aae412bafe61d1215ab025fb0db53c
30459	a91f67112414beb9257d70c5a6acf5e4	c274586edc4ddb1f319219d53b266acf	73aae412bafe61d1215ab025fb0db53c
30460	7bbaec0bed98835f805925a45f8b07d7	620349847c7e3401078e235e18501360	528598ae369f0895eeb1180589679fa3
30461	7bbaec0bed98835f805925a45f8b07d7	620349847c7e3401078e235e18501360	528598ae369f0895eeb1180589679fa3
30462	7bbaec0bed98835f805925a45f8b07d7	620349847c7e3401078e235e18501360	528598ae369f0895eeb1180589679fa3
30463	78bae5860a45c9bfa4bc3e5a37239c97	31c5f10e9346a0d13c7af5c408b87620	0d5a2ac0970fa45db7b712dfb1a6adf3
30464	78bae5860a45c9bfa4bc3e5a37239c97	31c5f10e9346a0d13c7af5c408b87620	0d5a2ac0970fa45db7b712dfb1a6adf3
30465	78bae5860a45c9bfa4bc3e5a37239c97	31c5f10e9346a0d13c7af5c408b87620	0d5a2ac0970fa45db7b712dfb1a6adf3
30466	78bae5860a45c9bfa4bc3e5a37239c97	31c5f10e9346a0d13c7af5c408b87620	0d5a2ac0970fa45db7b712dfb1a6adf3
30467	78bae5860a45c9bfa4bc3e5a37239c97	31c5f10e9346a0d13c7af5c408b87620	0d5a2ac0970fa45db7b712dfb1a6adf3
30468	78bae5860a45c9bfa4bc3e5a37239c97	31c5f10e9346a0d13c7af5c408b87620	0d5a2ac0970fa45db7b712dfb1a6adf3
30469	78bae5860a45c9bfa4bc3e5a37239c97	31c5f10e9346a0d13c7af5c408b87620	0d5a2ac0970fa45db7b712dfb1a6adf3
30470	78bae5860a45c9bfa4bc3e5a37239c97	31c5f10e9346a0d13c7af5c408b87620	0d5a2ac0970fa45db7b712dfb1a6adf3
30471	78bae5860a45c9bfa4bc3e5a37239c97	31c5f10e9346a0d13c7af5c408b87620	0d5a2ac0970fa45db7b712dfb1a6adf3
30472	dab3caf44befe2e721ec283711c8bdad	fd74e582e44df48917d1a6f9ca32d042	495277652e58fe153d1acb16d8c99209
30473	dab3caf44befe2e721ec283711c8bdad	fd74e582e44df48917d1a6f9ca32d042	495277652e58fe153d1acb16d8c99209
30474	dab3caf44befe2e721ec283711c8bdad	fd74e582e44df48917d1a6f9ca32d042	495277652e58fe153d1acb16d8c99209
30475	78bae5860a45c9bfa4bc3e5a37239c97	31c5f10e9346a0d13c7af5c408b87620	0d5a2ac0970fa45db7b712dfb1a6adf3
30476	78bae5860a45c9bfa4bc3e5a37239c97	31c5f10e9346a0d13c7af5c408b87620	0d5a2ac0970fa45db7b712dfb1a6adf3
30477	536101fd80d7426925152a569a01b49e	fdb49c3ffa3d634fafde2be6816e985d	1eab7d0f6c12ea8d88bdde76d895cd7e
30478	536101fd80d7426925152a569a01b49e	fdb49c3ffa3d634fafde2be6816e985d	1eab7d0f6c12ea8d88bdde76d895cd7e
30479	536101fd80d7426925152a569a01b49e	fdb49c3ffa3d634fafde2be6816e985d	1eab7d0f6c12ea8d88bdde76d895cd7e
30480	536101fd80d7426925152a569a01b49e	fdb49c3ffa3d634fafde2be6816e985d	1eab7d0f6c12ea8d88bdde76d895cd7e
30481	536101fd80d7426925152a569a01b49e	fdb49c3ffa3d634fafde2be6816e985d	1eab7d0f6c12ea8d88bdde76d895cd7e
30482	536101fd80d7426925152a569a01b49e	fdb49c3ffa3d634fafde2be6816e985d	1eab7d0f6c12ea8d88bdde76d895cd7e
30483	536101fd80d7426925152a569a01b49e	fdb49c3ffa3d634fafde2be6816e985d	1eab7d0f6c12ea8d88bdde76d895cd7e
30484	536101fd80d7426925152a569a01b49e	fdb49c3ffa3d634fafde2be6816e985d	1eab7d0f6c12ea8d88bdde76d895cd7e
30485	536101fd80d7426925152a569a01b49e	fdb49c3ffa3d634fafde2be6816e985d	1eab7d0f6c12ea8d88bdde76d895cd7e
30486	536101fd80d7426925152a569a01b49e	fdb49c3ffa3d634fafde2be6816e985d	1eab7d0f6c12ea8d88bdde76d895cd7e
30487	536101fd80d7426925152a569a01b49e	fdb49c3ffa3d634fafde2be6816e985d	1eab7d0f6c12ea8d88bdde76d895cd7e
30488	536101fd80d7426925152a569a01b49e	fdb49c3ffa3d634fafde2be6816e985d	1eab7d0f6c12ea8d88bdde76d895cd7e
30489	536101fd80d7426925152a569a01b49e	fdb49c3ffa3d634fafde2be6816e985d	1eab7d0f6c12ea8d88bdde76d895cd7e
30490	536101fd80d7426925152a569a01b49e	fdb49c3ffa3d634fafde2be6816e985d	1eab7d0f6c12ea8d88bdde76d895cd7e
30491	536101fd80d7426925152a569a01b49e	fdb49c3ffa3d634fafde2be6816e985d	1eab7d0f6c12ea8d88bdde76d895cd7e
30492	536101fd80d7426925152a569a01b49e	fdb49c3ffa3d634fafde2be6816e985d	1eab7d0f6c12ea8d88bdde76d895cd7e
30493	536101fd80d7426925152a569a01b49e	fdb49c3ffa3d634fafde2be6816e985d	1eab7d0f6c12ea8d88bdde76d895cd7e
30494	ff4a6736f63a78dfb821f5bdab7b3d47	47ae90177e4fad81d6439ec6c8d9bb30	ee02520a7e8d953f02df4d0b7526f587
30495	ff4a6736f63a78dfb821f5bdab7b3d47	47ae90177e4fad81d6439ec6c8d9bb30	ee02520a7e8d953f02df4d0b7526f587
30496	ff4a6736f63a78dfb821f5bdab7b3d47	47ae90177e4fad81d6439ec6c8d9bb30	ee02520a7e8d953f02df4d0b7526f587
30497	ff4a6736f63a78dfb821f5bdab7b3d47	47ae90177e4fad81d6439ec6c8d9bb30	ee02520a7e8d953f02df4d0b7526f587
30498	ff4a6736f63a78dfb821f5bdab7b3d47	47ae90177e4fad81d6439ec6c8d9bb30	ee02520a7e8d953f02df4d0b7526f587
30499	ff4a6736f63a78dfb821f5bdab7b3d47	47ae90177e4fad81d6439ec6c8d9bb30	ee02520a7e8d953f02df4d0b7526f587
30500	ff4a6736f63a78dfb821f5bdab7b3d47	47ae90177e4fad81d6439ec6c8d9bb30	ee02520a7e8d953f02df4d0b7526f587
30501	c670b3643caab5ae0c64a8ed418705bf	8735a5a2a9d36e0eeb49c83afb1ef6c0	dcdf2c743630bfc2bc3153467355077f
30502	c670b3643caab5ae0c64a8ed418705bf	8735a5a2a9d36e0eeb49c83afb1ef6c0	dcdf2c743630bfc2bc3153467355077f
30503	c670b3643caab5ae0c64a8ed418705bf	8735a5a2a9d36e0eeb49c83afb1ef6c0	dcdf2c743630bfc2bc3153467355077f
30504	c670b3643caab5ae0c64a8ed418705bf	8735a5a2a9d36e0eeb49c83afb1ef6c0	dcdf2c743630bfc2bc3153467355077f
30505	c670b3643caab5ae0c64a8ed418705bf	8735a5a2a9d36e0eeb49c83afb1ef6c0	dcdf2c743630bfc2bc3153467355077f
30506	f506af13d10aec7fcf75ac458260e71c	7710d53ee0d6980907fbd2ef9d3486b7	142ea2b7e3f02a01bbf1388ae37af588
30507	f506af13d10aec7fcf75ac458260e71c	7710d53ee0d6980907fbd2ef9d3486b7	142ea2b7e3f02a01bbf1388ae37af588
30508	f506af13d10aec7fcf75ac458260e71c	7710d53ee0d6980907fbd2ef9d3486b7	142ea2b7e3f02a01bbf1388ae37af588
30509	ba1340ae7cf1c92a75a8e05ad21303d4	37260ea333afea721aba5b719b218857	5a82eb0989b77f26ac67e4613f20de6c
30510	ba1340ae7cf1c92a75a8e05ad21303d4	37260ea333afea721aba5b719b218857	5a82eb0989b77f26ac67e4613f20de6c
30511	f506af13d10aec7fcf75ac458260e71c	7710d53ee0d6980907fbd2ef9d3486b7	142ea2b7e3f02a01bbf1388ae37af588
30512	f506af13d10aec7fcf75ac458260e71c	7710d53ee0d6980907fbd2ef9d3486b7	142ea2b7e3f02a01bbf1388ae37af588
30513	5c3a442209c879addcdc322013e83b74	15079dc462abc65304b8a0af9872543f	23c825a76d1eb819e8262251ca26c97c
30514	a623da70128357e1c471ed5b6f2b5ac5	44ee3c93fea7778f7654e16705666fca	b923d9df9406cbe76e7518043a3b4811
30515	a623da70128357e1c471ed5b6f2b5ac5	44ee3c93fea7778f7654e16705666fca	b923d9df9406cbe76e7518043a3b4811
30516	a623da70128357e1c471ed5b6f2b5ac5	44ee3c93fea7778f7654e16705666fca	b923d9df9406cbe76e7518043a3b4811
30517	a623da70128357e1c471ed5b6f2b5ac5	44ee3c93fea7778f7654e16705666fca	b923d9df9406cbe76e7518043a3b4811
30518	979c2a1cf1cf623af5e7cc2a026721ee	81219f06d48a7f32fc446ac641ad6435	d05751b51c1fe86833d0ac5de2fcf74a
30519	979c2a1cf1cf623af5e7cc2a026721ee	81219f06d48a7f32fc446ac641ad6435	d05751b51c1fe86833d0ac5de2fcf74a
30520	979c2a1cf1cf623af5e7cc2a026721ee	81219f06d48a7f32fc446ac641ad6435	d05751b51c1fe86833d0ac5de2fcf74a
30521	979c2a1cf1cf623af5e7cc2a026721ee	81219f06d48a7f32fc446ac641ad6435	d05751b51c1fe86833d0ac5de2fcf74a
30522	979c2a1cf1cf623af5e7cc2a026721ee	81219f06d48a7f32fc446ac641ad6435	d05751b51c1fe86833d0ac5de2fcf74a
30523	7ea91f2caf402194d5bba7043593b153	7bb222e1363baf987d9fcbd99d666e94	4dffeec16014e9cc93576d851d6466c3
30524	7ea91f2caf402194d5bba7043593b153	7bb222e1363baf987d9fcbd99d666e94	4dffeec16014e9cc93576d851d6466c3
30525	7ea91f2caf402194d5bba7043593b153	7bb222e1363baf987d9fcbd99d666e94	4dffeec16014e9cc93576d851d6466c3
30526	c9e14af70dda4f96a5bfbe2986f73dcb	a24c2c063521c026953f335be5ff18ac	585d2048a1a62d7cf4bed4338356ea37
30527	c9e14af70dda4f96a5bfbe2986f73dcb	a24c2c063521c026953f335be5ff18ac	585d2048a1a62d7cf4bed4338356ea37
30528	c9e14af70dda4f96a5bfbe2986f73dcb	a24c2c063521c026953f335be5ff18ac	585d2048a1a62d7cf4bed4338356ea37
30529	c9e14af70dda4f96a5bfbe2986f73dcb	a24c2c063521c026953f335be5ff18ac	585d2048a1a62d7cf4bed4338356ea37
30530	09feb5d7571237461cbf7f8903169387	ae0b619837d0e896f8197a3b57675f78	cc0e98130dc15e8257fe60bd04789b47
30531	09feb5d7571237461cbf7f8903169387	ae0b619837d0e896f8197a3b57675f78	cc0e98130dc15e8257fe60bd04789b47
30532	09feb5d7571237461cbf7f8903169387	ae0b619837d0e896f8197a3b57675f78	cc0e98130dc15e8257fe60bd04789b47
30533	e25df5c4dee254e32fb471775cf4e648	f24370e2b8a3911d9edb4705a3556373	68d310d0cfcde0ab7c5612f391902850
30534	09feb5d7571237461cbf7f8903169387	ae0b619837d0e896f8197a3b57675f78	cc0e98130dc15e8257fe60bd04789b47
30535	2b6cc17a661ab52acff0d2dc9d106c37	a58c4e225545169aa7ec16d802974fb8	4e14cf015675ee06607b0b4df24d96df
30536	2b6cc17a661ab52acff0d2dc9d106c37	a58c4e225545169aa7ec16d802974fb8	4e14cf015675ee06607b0b4df24d96df
30537	2b6cc17a661ab52acff0d2dc9d106c37	a58c4e225545169aa7ec16d802974fb8	4e14cf015675ee06607b0b4df24d96df
30538	2b6cc17a661ab52acff0d2dc9d106c37	a58c4e225545169aa7ec16d802974fb8	4e14cf015675ee06607b0b4df24d96df
30539	2b6cc17a661ab52acff0d2dc9d106c37	a58c4e225545169aa7ec16d802974fb8	4e14cf015675ee06607b0b4df24d96df
30540	2b6cc17a661ab52acff0d2dc9d106c37	a58c4e225545169aa7ec16d802974fb8	4e14cf015675ee06607b0b4df24d96df
30541	2b6cc17a661ab52acff0d2dc9d106c37	a58c4e225545169aa7ec16d802974fb8	4e14cf015675ee06607b0b4df24d96df
30542	2e7f93e68bbac740e0d473299980724a	a0bcbfa723aa933c616ea5a2af11a4c1	e3f36100d51a3aeecd5abfe3ca11e5c6
30543	2e7f93e68bbac740e0d473299980724a	a0bcbfa723aa933c616ea5a2af11a4c1	e3f36100d51a3aeecd5abfe3ca11e5c6
30544	2e7f93e68bbac740e0d473299980724a	a0bcbfa723aa933c616ea5a2af11a4c1	e3f36100d51a3aeecd5abfe3ca11e5c6
30545	2e7f93e68bbac740e0d473299980724a	a0bcbfa723aa933c616ea5a2af11a4c1	e3f36100d51a3aeecd5abfe3ca11e5c6
30546	2e7f93e68bbac740e0d473299980724a	a0bcbfa723aa933c616ea5a2af11a4c1	e3f36100d51a3aeecd5abfe3ca11e5c6
30547	55505220a49bf0df7db9df764b2ee5b4	57e69a33b37af8d962f0fdcc5ea29d7f	642ece23465de905f2291aa4d3350958
30548	55505220a49bf0df7db9df764b2ee5b4	57e69a33b37af8d962f0fdcc5ea29d7f	642ece23465de905f2291aa4d3350958
30549	55505220a49bf0df7db9df764b2ee5b4	57e69a33b37af8d962f0fdcc5ea29d7f	642ece23465de905f2291aa4d3350958
30550	55505220a49bf0df7db9df764b2ee5b4	57e69a33b37af8d962f0fdcc5ea29d7f	642ece23465de905f2291aa4d3350958
30551	55505220a49bf0df7db9df764b2ee5b4	57e69a33b37af8d962f0fdcc5ea29d7f	642ece23465de905f2291aa4d3350958
30552	55505220a49bf0df7db9df764b2ee5b4	57e69a33b37af8d962f0fdcc5ea29d7f	642ece23465de905f2291aa4d3350958
30553	55505220a49bf0df7db9df764b2ee5b4	57e69a33b37af8d962f0fdcc5ea29d7f	642ece23465de905f2291aa4d3350958
30554	e8024b8ca578b8358608c9d315c85e3d	4adac546034738833a549ab81ee0d2d2	69d871a464f0d4bb7bc54c2ee56b2a21
30555	e8024b8ca578b8358608c9d315c85e3d	4adac546034738833a549ab81ee0d2d2	69d871a464f0d4bb7bc54c2ee56b2a21
30556	e8024b8ca578b8358608c9d315c85e3d	4adac546034738833a549ab81ee0d2d2	69d871a464f0d4bb7bc54c2ee56b2a21
30557	e8024b8ca578b8358608c9d315c85e3d	4adac546034738833a549ab81ee0d2d2	69d871a464f0d4bb7bc54c2ee56b2a21
30558	e8024b8ca578b8358608c9d315c85e3d	4adac546034738833a549ab81ee0d2d2	69d871a464f0d4bb7bc54c2ee56b2a21
30559	123115ded3b332cc4fe168e5460b4e23	c8712928e99877c077a59378cbce2c14	4c03450ac189357829c7647d68f40673
30560	123115ded3b332cc4fe168e5460b4e23	c8712928e99877c077a59378cbce2c14	4c03450ac189357829c7647d68f40673
30561	123115ded3b332cc4fe168e5460b4e23	c8712928e99877c077a59378cbce2c14	4c03450ac189357829c7647d68f40673
30562	123115ded3b332cc4fe168e5460b4e23	c8712928e99877c077a59378cbce2c14	4c03450ac189357829c7647d68f40673
30563	123115ded3b332cc4fe168e5460b4e23	c8712928e99877c077a59378cbce2c14	4c03450ac189357829c7647d68f40673
30564	8b51e552af8388ffff3743d254b94565	d560e9906ba2eed1d0ec3664013d4afa	e5c01b2fa162be79c5314ac6de75db09
30565	8b51e552af8388ffff3743d254b94565	d560e9906ba2eed1d0ec3664013d4afa	e5c01b2fa162be79c5314ac6de75db09
30566	8b51e552af8388ffff3743d254b94565	d560e9906ba2eed1d0ec3664013d4afa	e5c01b2fa162be79c5314ac6de75db09
30567	9ba97025bebd7a4bd7e9bcee4a8a8a08	69b681751a30abd5442ccb8fe21f04f3	5bab0298cd6b2c0bb6b59cb84b6ea538
30568	9ba97025bebd7a4bd7e9bcee4a8a8a08	69b681751a30abd5442ccb8fe21f04f3	5bab0298cd6b2c0bb6b59cb84b6ea538
30569	bcd7ef9acdaba4049e6cda5f0ba913d2	db668420eb8d620010ee0e57a33f01f9	3a479ab2a561098025e81e5408b3766a
30570	bcd7ef9acdaba4049e6cda5f0ba913d2	db668420eb8d620010ee0e57a33f01f9	3a479ab2a561098025e81e5408b3766a
30571	f3de66106c794a07b9eef419139a5be6	1e4399512b644c119c89fa5c50466755	b1767d0002b9342b2fa750d48d207fbe
30572	f3de66106c794a07b9eef419139a5be6	1e4399512b644c119c89fa5c50466755	b1767d0002b9342b2fa750d48d207fbe
30573	f3de66106c794a07b9eef419139a5be6	1e4399512b644c119c89fa5c50466755	b1767d0002b9342b2fa750d48d207fbe
30574	f3de66106c794a07b9eef419139a5be6	1e4399512b644c119c89fa5c50466755	b1767d0002b9342b2fa750d48d207fbe
30575	f3de66106c794a07b9eef419139a5be6	1e4399512b644c119c89fa5c50466755	b1767d0002b9342b2fa750d48d207fbe
30576	5aeb7bd0411a071522bf6fa3540f0f68	421929def6a463db4c8b11cac2aecc53	b0cc3086ac991d6de75cb5195ab19868
30577	5aeb7bd0411a071522bf6fa3540f0f68	421929def6a463db4c8b11cac2aecc53	b0cc3086ac991d6de75cb5195ab19868
30578	5aeb7bd0411a071522bf6fa3540f0f68	421929def6a463db4c8b11cac2aecc53	b0cc3086ac991d6de75cb5195ab19868
30579	5aeb7bd0411a071522bf6fa3540f0f68	421929def6a463db4c8b11cac2aecc53	b0cc3086ac991d6de75cb5195ab19868
30580	5aeb7bd0411a071522bf6fa3540f0f68	421929def6a463db4c8b11cac2aecc53	b0cc3086ac991d6de75cb5195ab19868
30581	5aeb7bd0411a071522bf6fa3540f0f68	421929def6a463db4c8b11cac2aecc53	b0cc3086ac991d6de75cb5195ab19868
30582	5aeb7bd0411a071522bf6fa3540f0f68	421929def6a463db4c8b11cac2aecc53	b0cc3086ac991d6de75cb5195ab19868
30583	f2f20331757cc6251d4bf06a282dbd2a	af6d87fc620d849b0440a46327debd79	e0ae11c60936a7199bd608c7f5328bda
30584	f2f20331757cc6251d4bf06a282dbd2a	af6d87fc620d849b0440a46327debd79	e0ae11c60936a7199bd608c7f5328bda
30585	f2f20331757cc6251d4bf06a282dbd2a	af6d87fc620d849b0440a46327debd79	e0ae11c60936a7199bd608c7f5328bda
30586	f2f20331757cc6251d4bf06a282dbd2a	af6d87fc620d849b0440a46327debd79	e0ae11c60936a7199bd608c7f5328bda
30587	b9d9c305eecd223677c1cc2974bd7e26	0b2e86750e8224fe881a832ac6771bed	c8a98b16deaa2b0c71844055d704e6fa
30588	f2f20331757cc6251d4bf06a282dbd2a	af6d87fc620d849b0440a46327debd79	e0ae11c60936a7199bd608c7f5328bda
30589	f2f20331757cc6251d4bf06a282dbd2a	af6d87fc620d849b0440a46327debd79	e0ae11c60936a7199bd608c7f5328bda
30590	f2f20331757cc6251d4bf06a282dbd2a	af6d87fc620d849b0440a46327debd79	e0ae11c60936a7199bd608c7f5328bda
30591	734112fed0367c8577b5587427b13d18	643691f6d9eee85b113b811e8a7929b3	d0f4b6fe6abc5173aec2f565b3336c44
30592	734112fed0367c8577b5587427b13d18	643691f6d9eee85b113b811e8a7929b3	d0f4b6fe6abc5173aec2f565b3336c44
30593	a49537d799f09b2da6bf3fe1e626e506	2f766482995e1c03ab043a178057ef25	82ce690b83530857801b9d0d9f36c0b2
30594	a49537d799f09b2da6bf3fe1e626e506	2f766482995e1c03ab043a178057ef25	82ce690b83530857801b9d0d9f36c0b2
30595	a49537d799f09b2da6bf3fe1e626e506	2f766482995e1c03ab043a178057ef25	82ce690b83530857801b9d0d9f36c0b2
30596	a49537d799f09b2da6bf3fe1e626e506	2f766482995e1c03ab043a178057ef25	82ce690b83530857801b9d0d9f36c0b2
30597	a49537d799f09b2da6bf3fe1e626e506	2f766482995e1c03ab043a178057ef25	82ce690b83530857801b9d0d9f36c0b2
30598	a49537d799f09b2da6bf3fe1e626e506	2f766482995e1c03ab043a178057ef25	82ce690b83530857801b9d0d9f36c0b2
30599	a49537d799f09b2da6bf3fe1e626e506	2f766482995e1c03ab043a178057ef25	82ce690b83530857801b9d0d9f36c0b2
30600	cf306fcf08dacd4adddbeff60376c981	2ac39e383783af4a1918586323e9759e	a2e3f596c82afc9a991e9c2b2a8b92b1
30601	cf306fcf08dacd4adddbeff60376c981	2ac39e383783af4a1918586323e9759e	a2e3f596c82afc9a991e9c2b2a8b92b1
30602	cf306fcf08dacd4adddbeff60376c981	2ac39e383783af4a1918586323e9759e	a2e3f596c82afc9a991e9c2b2a8b92b1
30603	cf306fcf08dacd4adddbeff60376c981	2ac39e383783af4a1918586323e9759e	a2e3f596c82afc9a991e9c2b2a8b92b1
30604	cf306fcf08dacd4adddbeff60376c981	2ac39e383783af4a1918586323e9759e	a2e3f596c82afc9a991e9c2b2a8b92b1
30605	c510e0756a0708535380d28c4841ddfb	c32934e1a366f3e593dad0527b9b27e4	d6e0f1d5523b6707fe76997f15ca6c1b
30606	c510e0756a0708535380d28c4841ddfb	c32934e1a366f3e593dad0527b9b27e4	d6e0f1d5523b6707fe76997f15ca6c1b
30607	c510e0756a0708535380d28c4841ddfb	c32934e1a366f3e593dad0527b9b27e4	d6e0f1d5523b6707fe76997f15ca6c1b
30608	c510e0756a0708535380d28c4841ddfb	c32934e1a366f3e593dad0527b9b27e4	d6e0f1d5523b6707fe76997f15ca6c1b
30609	c510e0756a0708535380d28c4841ddfb	c32934e1a366f3e593dad0527b9b27e4	d6e0f1d5523b6707fe76997f15ca6c1b
30610	c510e0756a0708535380d28c4841ddfb	c32934e1a366f3e593dad0527b9b27e4	d6e0f1d5523b6707fe76997f15ca6c1b
30611	c510e0756a0708535380d28c4841ddfb	c32934e1a366f3e593dad0527b9b27e4	d6e0f1d5523b6707fe76997f15ca6c1b
30612	c510e0756a0708535380d28c4841ddfb	c32934e1a366f3e593dad0527b9b27e4	d6e0f1d5523b6707fe76997f15ca6c1b
30613	c510e0756a0708535380d28c4841ddfb	c32934e1a366f3e593dad0527b9b27e4	d6e0f1d5523b6707fe76997f15ca6c1b
30614	c510e0756a0708535380d28c4841ddfb	c32934e1a366f3e593dad0527b9b27e4	d6e0f1d5523b6707fe76997f15ca6c1b
30615	c510e0756a0708535380d28c4841ddfb	c32934e1a366f3e593dad0527b9b27e4	d6e0f1d5523b6707fe76997f15ca6c1b
30616	c510e0756a0708535380d28c4841ddfb	c32934e1a366f3e593dad0527b9b27e4	d6e0f1d5523b6707fe76997f15ca6c1b
30617	c510e0756a0708535380d28c4841ddfb	c32934e1a366f3e593dad0527b9b27e4	d6e0f1d5523b6707fe76997f15ca6c1b
30618	c510e0756a0708535380d28c4841ddfb	c32934e1a366f3e593dad0527b9b27e4	d6e0f1d5523b6707fe76997f15ca6c1b
30619	c510e0756a0708535380d28c4841ddfb	c32934e1a366f3e593dad0527b9b27e4	d6e0f1d5523b6707fe76997f15ca6c1b
30620	c510e0756a0708535380d28c4841ddfb	c32934e1a366f3e593dad0527b9b27e4	d6e0f1d5523b6707fe76997f15ca6c1b
30621	c510e0756a0708535380d28c4841ddfb	c32934e1a366f3e593dad0527b9b27e4	d6e0f1d5523b6707fe76997f15ca6c1b
30622	2794c06870150f89bd35fb7a60177cc3	acef5860c8a6c4c72c9c874e21b4eebc	fb04e91117d953f377dee8fa7315d6af
30623	2794c06870150f89bd35fb7a60177cc3	acef5860c8a6c4c72c9c874e21b4eebc	fb04e91117d953f377dee8fa7315d6af
30624	2794c06870150f89bd35fb7a60177cc3	acef5860c8a6c4c72c9c874e21b4eebc	fb04e91117d953f377dee8fa7315d6af
30625	2794c06870150f89bd35fb7a60177cc3	acef5860c8a6c4c72c9c874e21b4eebc	fb04e91117d953f377dee8fa7315d6af
30626	2794c06870150f89bd35fb7a60177cc3	acef5860c8a6c4c72c9c874e21b4eebc	fb04e91117d953f377dee8fa7315d6af
30627	2794c06870150f89bd35fb7a60177cc3	acef5860c8a6c4c72c9c874e21b4eebc	fb04e91117d953f377dee8fa7315d6af
30628	2794c06870150f89bd35fb7a60177cc3	acef5860c8a6c4c72c9c874e21b4eebc	fb04e91117d953f377dee8fa7315d6af
30629	525f289abcfe4224ef0dda0523475c5a	3d1fbc305c7fb2702931b290b660afa1	0c506c4df4c875607a127cd3e52c3bc2
30630	525f289abcfe4224ef0dda0523475c5a	3d1fbc305c7fb2702931b290b660afa1	0c506c4df4c875607a127cd3e52c3bc2
30631	525f289abcfe4224ef0dda0523475c5a	3d1fbc305c7fb2702931b290b660afa1	0c506c4df4c875607a127cd3e52c3bc2
30632	48860b7b175f11c572e89a6cdb6ad8c0	dd22067457db8aebb1c3fa82bd74cabb	8dbcd2f77b40484556971b886eb66080
30633	48860b7b175f11c572e89a6cdb6ad8c0	dd22067457db8aebb1c3fa82bd74cabb	8dbcd2f77b40484556971b886eb66080
30634	524548ce83a98878c3a8934e2be71648	2fafc8ac3ebbc444405b46cd05da135b	796993d24bb9a83ae9d1da3e0457bb6c
30635	524548ce83a98878c3a8934e2be71648	2fafc8ac3ebbc444405b46cd05da135b	796993d24bb9a83ae9d1da3e0457bb6c
30636	524548ce83a98878c3a8934e2be71648	2fafc8ac3ebbc444405b46cd05da135b	796993d24bb9a83ae9d1da3e0457bb6c
30637	524548ce83a98878c3a8934e2be71648	2fafc8ac3ebbc444405b46cd05da135b	796993d24bb9a83ae9d1da3e0457bb6c
30638	524548ce83a98878c3a8934e2be71648	2fafc8ac3ebbc444405b46cd05da135b	796993d24bb9a83ae9d1da3e0457bb6c
30639	524548ce83a98878c3a8934e2be71648	2fafc8ac3ebbc444405b46cd05da135b	796993d24bb9a83ae9d1da3e0457bb6c
30640	524548ce83a98878c3a8934e2be71648	2fafc8ac3ebbc444405b46cd05da135b	796993d24bb9a83ae9d1da3e0457bb6c
30641	57b07ee1528d40e3eb1b1bfd6d662443	cd316a898f75a975fd4d24758b365cec	4ff3adb2152d66b77b480b884e9cc333
30642	57b07ee1528d40e3eb1b1bfd6d662443	cd316a898f75a975fd4d24758b365cec	4ff3adb2152d66b77b480b884e9cc333
30643	57b07ee1528d40e3eb1b1bfd6d662443	cd316a898f75a975fd4d24758b365cec	4ff3adb2152d66b77b480b884e9cc333
30644	fc4740156f3571984ce5c3745d59ce07	3461c2b9bfc026fc8f300fa504b8c138	708bc646991fa420205fe4d659ad4f1f
30645	fc4740156f3571984ce5c3745d59ce07	3461c2b9bfc026fc8f300fa504b8c138	708bc646991fa420205fe4d659ad4f1f
30646	981a6ebad8329fc1eedd77110772310f	0754f76b4bc0f27f102f5527c9b046e8	92ea0665822946335114285d7ec80db3
30647	981a6ebad8329fc1eedd77110772310f	0754f76b4bc0f27f102f5527c9b046e8	92ea0665822946335114285d7ec80db3
30648	981a6ebad8329fc1eedd77110772310f	0754f76b4bc0f27f102f5527c9b046e8	92ea0665822946335114285d7ec80db3
30649	981a6ebad8329fc1eedd77110772310f	0754f76b4bc0f27f102f5527c9b046e8	92ea0665822946335114285d7ec80db3
30650	981a6ebad8329fc1eedd77110772310f	0754f76b4bc0f27f102f5527c9b046e8	92ea0665822946335114285d7ec80db3
30651	981a6ebad8329fc1eedd77110772310f	0754f76b4bc0f27f102f5527c9b046e8	92ea0665822946335114285d7ec80db3
30652	981a6ebad8329fc1eedd77110772310f	0754f76b4bc0f27f102f5527c9b046e8	92ea0665822946335114285d7ec80db3
30653	8112fe98b8f353bab409fc6f4521a760	59cf2f305a306d720eec811b6f3bb9c3	5d0d55df8d8681141c32294cf22e99b4
30654	8112fe98b8f353bab409fc6f4521a760	59cf2f305a306d720eec811b6f3bb9c3	5d0d55df8d8681141c32294cf22e99b4
30655	8112fe98b8f353bab409fc6f4521a760	59cf2f305a306d720eec811b6f3bb9c3	5d0d55df8d8681141c32294cf22e99b4
30656	8112fe98b8f353bab409fc6f4521a760	59cf2f305a306d720eec811b6f3bb9c3	5d0d55df8d8681141c32294cf22e99b4
30657	8112fe98b8f353bab409fc6f4521a760	59cf2f305a306d720eec811b6f3bb9c3	5d0d55df8d8681141c32294cf22e99b4
30658	8112fe98b8f353bab409fc6f4521a760	59cf2f305a306d720eec811b6f3bb9c3	5d0d55df8d8681141c32294cf22e99b4
30659	8112fe98b8f353bab409fc6f4521a760	59cf2f305a306d720eec811b6f3bb9c3	5d0d55df8d8681141c32294cf22e99b4
30660	8112fe98b8f353bab409fc6f4521a760	59cf2f305a306d720eec811b6f3bb9c3	5d0d55df8d8681141c32294cf22e99b4
30661	8112fe98b8f353bab409fc6f4521a760	59cf2f305a306d720eec811b6f3bb9c3	5d0d55df8d8681141c32294cf22e99b4
30662	8112fe98b8f353bab409fc6f4521a760	59cf2f305a306d720eec811b6f3bb9c3	5d0d55df8d8681141c32294cf22e99b4
30663	02850f44af4e61b48fe7e445cbc9549b	8492c824b3def37851aabede0ff070ac	a55d4a4b2f79db12ccfbf249e8e17bd7
30664	02850f44af4e61b48fe7e445cbc9549b	8492c824b3def37851aabede0ff070ac	a55d4a4b2f79db12ccfbf249e8e17bd7
30665	02850f44af4e61b48fe7e445cbc9549b	8492c824b3def37851aabede0ff070ac	a55d4a4b2f79db12ccfbf249e8e17bd7
30666	02850f44af4e61b48fe7e445cbc9549b	8492c824b3def37851aabede0ff070ac	a55d4a4b2f79db12ccfbf249e8e17bd7
30667	02850f44af4e61b48fe7e445cbc9549b	8492c824b3def37851aabede0ff070ac	a55d4a4b2f79db12ccfbf249e8e17bd7
30668	02850f44af4e61b48fe7e445cbc9549b	8492c824b3def37851aabede0ff070ac	a55d4a4b2f79db12ccfbf249e8e17bd7
30669	02850f44af4e61b48fe7e445cbc9549b	8492c824b3def37851aabede0ff070ac	a55d4a4b2f79db12ccfbf249e8e17bd7
30670	848695f8d247ab884a8d97dee7309643	6b8e01aa1bf693ac028c595c995b1894	7129c57ae6811d94309e786861051ba3
30671	848695f8d247ab884a8d97dee7309643	6b8e01aa1bf693ac028c595c995b1894	7129c57ae6811d94309e786861051ba3
30672	848695f8d247ab884a8d97dee7309643	6b8e01aa1bf693ac028c595c995b1894	7129c57ae6811d94309e786861051ba3
30673	848695f8d247ab884a8d97dee7309643	6b8e01aa1bf693ac028c595c995b1894	7129c57ae6811d94309e786861051ba3
30674	848695f8d247ab884a8d97dee7309643	6b8e01aa1bf693ac028c595c995b1894	7129c57ae6811d94309e786861051ba3
30675	c4f54f74b5897485bb840f9f5d7b0ca0	dcb68fff89ccd52b813eebd30bb58a7b	36e0aefaf9ff7ca151026913da6a9b90
30676	c4f54f74b5897485bb840f9f5d7b0ca0	dcb68fff89ccd52b813eebd30bb58a7b	36e0aefaf9ff7ca151026913da6a9b90
30677	c4f54f74b5897485bb840f9f5d7b0ca0	dcb68fff89ccd52b813eebd30bb58a7b	36e0aefaf9ff7ca151026913da6a9b90
30678	c4f54f74b5897485bb840f9f5d7b0ca0	dcb68fff89ccd52b813eebd30bb58a7b	36e0aefaf9ff7ca151026913da6a9b90
30679	c4f54f74b5897485bb840f9f5d7b0ca0	dcb68fff89ccd52b813eebd30bb58a7b	36e0aefaf9ff7ca151026913da6a9b90
30680	c4f54f74b5897485bb840f9f5d7b0ca0	dcb68fff89ccd52b813eebd30bb58a7b	36e0aefaf9ff7ca151026913da6a9b90
30681	c4f54f74b5897485bb840f9f5d7b0ca0	dcb68fff89ccd52b813eebd30bb58a7b	36e0aefaf9ff7ca151026913da6a9b90
30682	600790385c990d6f0eb4ef23bbb50028	161dc508fb6ab9790353f82e77bcaa03	6289cb43f2e592e95afae4fd897e9b84
30683	600790385c990d6f0eb4ef23bbb50028	161dc508fb6ab9790353f82e77bcaa03	6289cb43f2e592e95afae4fd897e9b84
30684	600790385c990d6f0eb4ef23bbb50028	161dc508fb6ab9790353f82e77bcaa03	6289cb43f2e592e95afae4fd897e9b84
30685	600790385c990d6f0eb4ef23bbb50028	161dc508fb6ab9790353f82e77bcaa03	6289cb43f2e592e95afae4fd897e9b84
30686	600790385c990d6f0eb4ef23bbb50028	161dc508fb6ab9790353f82e77bcaa03	6289cb43f2e592e95afae4fd897e9b84
30687	b35378afa343cb17c0abfa027856b0fd	79e13980bc3241e9e88f905f72a3d7b2	53c3640ed61d70933f9992e09dc63b4d
30688	b35378afa343cb17c0abfa027856b0fd	79e13980bc3241e9e88f905f72a3d7b2	53c3640ed61d70933f9992e09dc63b4d
30689	b35378afa343cb17c0abfa027856b0fd	79e13980bc3241e9e88f905f72a3d7b2	53c3640ed61d70933f9992e09dc63b4d
30690	034748e7a7c862b36c83a2f1ca41ac23	2ac92b378e3d05b5b710fdfcb9594afc	afaead408d3779338c274b65c802f4e3
30691	034748e7a7c862b36c83a2f1ca41ac23	2ac92b378e3d05b5b710fdfcb9594afc	afaead408d3779338c274b65c802f4e3
30692	58973fdcf1551df49b8cf7c6ec662081	62306da3b397e0c85eb8400ca80262fe	c882883b21ee3c4aabcb0c2fa6ed2665
30693	58973fdcf1551df49b8cf7c6ec662081	62306da3b397e0c85eb8400ca80262fe	c882883b21ee3c4aabcb0c2fa6ed2665
30694	58973fdcf1551df49b8cf7c6ec662081	62306da3b397e0c85eb8400ca80262fe	c882883b21ee3c4aabcb0c2fa6ed2665
30695	58973fdcf1551df49b8cf7c6ec662081	62306da3b397e0c85eb8400ca80262fe	c882883b21ee3c4aabcb0c2fa6ed2665
30696	58973fdcf1551df49b8cf7c6ec662081	62306da3b397e0c85eb8400ca80262fe	c882883b21ee3c4aabcb0c2fa6ed2665
30697	58973fdcf1551df49b8cf7c6ec662081	62306da3b397e0c85eb8400ca80262fe	c882883b21ee3c4aabcb0c2fa6ed2665
30698	58973fdcf1551df49b8cf7c6ec662081	62306da3b397e0c85eb8400ca80262fe	c882883b21ee3c4aabcb0c2fa6ed2665
30699	58973fdcf1551df49b8cf7c6ec662081	62306da3b397e0c85eb8400ca80262fe	c882883b21ee3c4aabcb0c2fa6ed2665
30700	58973fdcf1551df49b8cf7c6ec662081	62306da3b397e0c85eb8400ca80262fe	c882883b21ee3c4aabcb0c2fa6ed2665
30701	58973fdcf1551df49b8cf7c6ec662081	62306da3b397e0c85eb8400ca80262fe	c882883b21ee3c4aabcb0c2fa6ed2665
30702	58973fdcf1551df49b8cf7c6ec662081	62306da3b397e0c85eb8400ca80262fe	c882883b21ee3c4aabcb0c2fa6ed2665
30703	58973fdcf1551df49b8cf7c6ec662081	62306da3b397e0c85eb8400ca80262fe	c882883b21ee3c4aabcb0c2fa6ed2665
30704	ad0e935e5d39fbf47119462712c0e93d	ee745d41a4cf93b80e20efbf827ca3da	60453c82f7b7c37e1ebd7bd796481431
30705	ad0e935e5d39fbf47119462712c0e93d	ee745d41a4cf93b80e20efbf827ca3da	60453c82f7b7c37e1ebd7bd796481431
30706	ad0e935e5d39fbf47119462712c0e93d	ee745d41a4cf93b80e20efbf827ca3da	60453c82f7b7c37e1ebd7bd796481431
30707	ad0e935e5d39fbf47119462712c0e93d	ee745d41a4cf93b80e20efbf827ca3da	60453c82f7b7c37e1ebd7bd796481431
30708	ad0e935e5d39fbf47119462712c0e93d	ee745d41a4cf93b80e20efbf827ca3da	60453c82f7b7c37e1ebd7bd796481431
30709	ad0e935e5d39fbf47119462712c0e93d	ee745d41a4cf93b80e20efbf827ca3da	60453c82f7b7c37e1ebd7bd796481431
30710	ad0e935e5d39fbf47119462712c0e93d	ee745d41a4cf93b80e20efbf827ca3da	60453c82f7b7c37e1ebd7bd796481431
30711	ad0e935e5d39fbf47119462712c0e93d	ee745d41a4cf93b80e20efbf827ca3da	60453c82f7b7c37e1ebd7bd796481431
30712	ad0e935e5d39fbf47119462712c0e93d	ee745d41a4cf93b80e20efbf827ca3da	60453c82f7b7c37e1ebd7bd796481431
30713	ad0e935e5d39fbf47119462712c0e93d	ee745d41a4cf93b80e20efbf827ca3da	60453c82f7b7c37e1ebd7bd796481431
30714	ad0e935e5d39fbf47119462712c0e93d	ee745d41a4cf93b80e20efbf827ca3da	60453c82f7b7c37e1ebd7bd796481431
30715	ad0e935e5d39fbf47119462712c0e93d	ee745d41a4cf93b80e20efbf827ca3da	60453c82f7b7c37e1ebd7bd796481431
30716	8f78daa530ce7402592f46195c57cc07	e64d0932c914a6121e852cd303bdd3d8	181f43886aad0e2aa0e544d9313dd1f7
30717	8f78daa530ce7402592f46195c57cc07	e64d0932c914a6121e852cd303bdd3d8	181f43886aad0e2aa0e544d9313dd1f7
30718	8f78daa530ce7402592f46195c57cc07	e64d0932c914a6121e852cd303bdd3d8	181f43886aad0e2aa0e544d9313dd1f7
30719	8f78daa530ce7402592f46195c57cc07	e64d0932c914a6121e852cd303bdd3d8	181f43886aad0e2aa0e544d9313dd1f7
30720	8f78daa530ce7402592f46195c57cc07	e64d0932c914a6121e852cd303bdd3d8	181f43886aad0e2aa0e544d9313dd1f7
30721	8f78daa530ce7402592f46195c57cc07	e64d0932c914a6121e852cd303bdd3d8	181f43886aad0e2aa0e544d9313dd1f7
30722	8f78daa530ce7402592f46195c57cc07	e64d0932c914a6121e852cd303bdd3d8	181f43886aad0e2aa0e544d9313dd1f7
30723	da182990ae57078477601296d9008907	b9c2204bb2fa5248c1cec7050007c598	b902a665fedfb266eb7c5d399d4fa33b
30724	da182990ae57078477601296d9008907	b9c2204bb2fa5248c1cec7050007c598	b902a665fedfb266eb7c5d399d4fa33b
30725	da182990ae57078477601296d9008907	b9c2204bb2fa5248c1cec7050007c598	b902a665fedfb266eb7c5d399d4fa33b
30726	da182990ae57078477601296d9008907	b9c2204bb2fa5248c1cec7050007c598	b902a665fedfb266eb7c5d399d4fa33b
30727	da182990ae57078477601296d9008907	b9c2204bb2fa5248c1cec7050007c598	b902a665fedfb266eb7c5d399d4fa33b
30728	a4dcbd928359a01e7be1bf12a3b15946	6e2a92d79949d7968faf5d68d862c96d	396267863ab4ef5a89d7c17c2e16c426
30729	a4dcbd928359a01e7be1bf12a3b15946	6e2a92d79949d7968faf5d68d862c96d	396267863ab4ef5a89d7c17c2e16c426
30730	a4dcbd928359a01e7be1bf12a3b15946	6e2a92d79949d7968faf5d68d862c96d	396267863ab4ef5a89d7c17c2e16c426
30731	a4dcbd928359a01e7be1bf12a3b15946	6e2a92d79949d7968faf5d68d862c96d	396267863ab4ef5a89d7c17c2e16c426
30732	a4dcbd928359a01e7be1bf12a3b15946	6e2a92d79949d7968faf5d68d862c96d	396267863ab4ef5a89d7c17c2e16c426
30733	2d5ba8e70d8be3568736b639ea9c6667	91efad93db2fdf56821c0f9035783fc8	7226dae8b2b4dfb6b4a405d53ecedd77
30734	2d5ba8e70d8be3568736b639ea9c6667	91efad93db2fdf56821c0f9035783fc8	7226dae8b2b4dfb6b4a405d53ecedd77
30735	2d5ba8e70d8be3568736b639ea9c6667	91efad93db2fdf56821c0f9035783fc8	7226dae8b2b4dfb6b4a405d53ecedd77
30736	2d5ba8e70d8be3568736b639ea9c6667	91efad93db2fdf56821c0f9035783fc8	7226dae8b2b4dfb6b4a405d53ecedd77
30737	2d5ba8e70d8be3568736b639ea9c6667	91efad93db2fdf56821c0f9035783fc8	7226dae8b2b4dfb6b4a405d53ecedd77
30738	2d5ba8e70d8be3568736b639ea9c6667	91efad93db2fdf56821c0f9035783fc8	7226dae8b2b4dfb6b4a405d53ecedd77
30739	2d5ba8e70d8be3568736b639ea9c6667	91efad93db2fdf56821c0f9035783fc8	7226dae8b2b4dfb6b4a405d53ecedd77
30740	2d5ba8e70d8be3568736b639ea9c6667	91efad93db2fdf56821c0f9035783fc8	7226dae8b2b4dfb6b4a405d53ecedd77
30741	2d5ba8e70d8be3568736b639ea9c6667	91efad93db2fdf56821c0f9035783fc8	7226dae8b2b4dfb6b4a405d53ecedd77
30742	2d5ba8e70d8be3568736b639ea9c6667	91efad93db2fdf56821c0f9035783fc8	7226dae8b2b4dfb6b4a405d53ecedd77
30743	2d5ba8e70d8be3568736b639ea9c6667	91efad93db2fdf56821c0f9035783fc8	7226dae8b2b4dfb6b4a405d53ecedd77
30744	2d5ba8e70d8be3568736b639ea9c6667	91efad93db2fdf56821c0f9035783fc8	7226dae8b2b4dfb6b4a405d53ecedd77
30745	8521f8fc3a3a6cabbdcb671ae19f154e	356493e06182fa356ba5ba70ab978ddd	4f6907229abd9ad9a069ad10d5ac0f22
30746	8521f8fc3a3a6cabbdcb671ae19f154e	356493e06182fa356ba5ba70ab978ddd	4f6907229abd9ad9a069ad10d5ac0f22
30747	8521f8fc3a3a6cabbdcb671ae19f154e	356493e06182fa356ba5ba70ab978ddd	4f6907229abd9ad9a069ad10d5ac0f22
30748	8521f8fc3a3a6cabbdcb671ae19f154e	356493e06182fa356ba5ba70ab978ddd	4f6907229abd9ad9a069ad10d5ac0f22
30749	8521f8fc3a3a6cabbdcb671ae19f154e	356493e06182fa356ba5ba70ab978ddd	4f6907229abd9ad9a069ad10d5ac0f22
30750	8521f8fc3a3a6cabbdcb671ae19f154e	356493e06182fa356ba5ba70ab978ddd	4f6907229abd9ad9a069ad10d5ac0f22
30751	8521f8fc3a3a6cabbdcb671ae19f154e	356493e06182fa356ba5ba70ab978ddd	4f6907229abd9ad9a069ad10d5ac0f22
30752	62c2c1c9741c92517e7f24925ee85771	5f9f7149419659bf0baf9104b6e0b426	e0599f55ae4cf83d3d1833526d2c3cc9
30753	62c2c1c9741c92517e7f24925ee85771	5f9f7149419659bf0baf9104b6e0b426	e0599f55ae4cf83d3d1833526d2c3cc9
30754	62c2c1c9741c92517e7f24925ee85771	5f9f7149419659bf0baf9104b6e0b426	e0599f55ae4cf83d3d1833526d2c3cc9
30755	62c2c1c9741c92517e7f24925ee85771	5f9f7149419659bf0baf9104b6e0b426	e0599f55ae4cf83d3d1833526d2c3cc9
30756	62c2c1c9741c92517e7f24925ee85771	5f9f7149419659bf0baf9104b6e0b426	e0599f55ae4cf83d3d1833526d2c3cc9
30757	62c2c1c9741c92517e7f24925ee85771	5f9f7149419659bf0baf9104b6e0b426	e0599f55ae4cf83d3d1833526d2c3cc9
30758	62c2c1c9741c92517e7f24925ee85771	5f9f7149419659bf0baf9104b6e0b426	e0599f55ae4cf83d3d1833526d2c3cc9
30759	62c2c1c9741c92517e7f24925ee85771	5f9f7149419659bf0baf9104b6e0b426	e0599f55ae4cf83d3d1833526d2c3cc9
30760	62c2c1c9741c92517e7f24925ee85771	5f9f7149419659bf0baf9104b6e0b426	e0599f55ae4cf83d3d1833526d2c3cc9
30761	62c2c1c9741c92517e7f24925ee85771	5f9f7149419659bf0baf9104b6e0b426	e0599f55ae4cf83d3d1833526d2c3cc9
30762	f21417fe46189425bc5021010062d733	e198cd3f4a89a12392d646cccd3c27ac	9c6835b226bb60db515e52d1495f3347
30763	f21417fe46189425bc5021010062d733	e198cd3f4a89a12392d646cccd3c27ac	9c6835b226bb60db515e52d1495f3347
30764	f21417fe46189425bc5021010062d733	e198cd3f4a89a12392d646cccd3c27ac	9c6835b226bb60db515e52d1495f3347
30765	f21417fe46189425bc5021010062d733	e198cd3f4a89a12392d646cccd3c27ac	9c6835b226bb60db515e52d1495f3347
30766	f21417fe46189425bc5021010062d733	e198cd3f4a89a12392d646cccd3c27ac	9c6835b226bb60db515e52d1495f3347
30767	f21417fe46189425bc5021010062d733	e198cd3f4a89a12392d646cccd3c27ac	9c6835b226bb60db515e52d1495f3347
30768	f21417fe46189425bc5021010062d733	e198cd3f4a89a12392d646cccd3c27ac	9c6835b226bb60db515e52d1495f3347
30769	6d1b07b9ca6e2763198a42d3f17efd60	613a4a11d5445d6d8fa5aebb8a388e5b	0184c68b5450b37b114378df92f24d10
30770	6d1b07b9ca6e2763198a42d3f17efd60	613a4a11d5445d6d8fa5aebb8a388e5b	0184c68b5450b37b114378df92f24d10
30771	6d1b07b9ca6e2763198a42d3f17efd60	613a4a11d5445d6d8fa5aebb8a388e5b	0184c68b5450b37b114378df92f24d10
30772	4c5c601a5b5aae3bba948e22b6431d33	10276141487df14d0fed5a781ed2341c	7163b0832016f68ff54182626a413b03
30773	4c5c601a5b5aae3bba948e22b6431d33	10276141487df14d0fed5a781ed2341c	7163b0832016f68ff54182626a413b03
30774	472606de4dfcd5f22344d233d34b1958	7f77feb317f1378aa329d389b6b03a8b	bec9a7dce6b25fa8f7a27bae6d41e9fc
30775	472606de4dfcd5f22344d233d34b1958	7f77feb317f1378aa329d389b6b03a8b	bec9a7dce6b25fa8f7a27bae6d41e9fc
30776	472606de4dfcd5f22344d233d34b1958	7f77feb317f1378aa329d389b6b03a8b	bec9a7dce6b25fa8f7a27bae6d41e9fc
30777	472606de4dfcd5f22344d233d34b1958	7f77feb317f1378aa329d389b6b03a8b	bec9a7dce6b25fa8f7a27bae6d41e9fc
30778	472606de4dfcd5f22344d233d34b1958	7f77feb317f1378aa329d389b6b03a8b	bec9a7dce6b25fa8f7a27bae6d41e9fc
30779	472606de4dfcd5f22344d233d34b1958	7f77feb317f1378aa329d389b6b03a8b	bec9a7dce6b25fa8f7a27bae6d41e9fc
30780	472606de4dfcd5f22344d233d34b1958	7f77feb317f1378aa329d389b6b03a8b	bec9a7dce6b25fa8f7a27bae6d41e9fc
30781	472606de4dfcd5f22344d233d34b1958	7f77feb317f1378aa329d389b6b03a8b	bec9a7dce6b25fa8f7a27bae6d41e9fc
30782	472606de4dfcd5f22344d233d34b1958	7f77feb317f1378aa329d389b6b03a8b	bec9a7dce6b25fa8f7a27bae6d41e9fc
30783	472606de4dfcd5f22344d233d34b1958	7f77feb317f1378aa329d389b6b03a8b	bec9a7dce6b25fa8f7a27bae6d41e9fc
30784	472606de4dfcd5f22344d233d34b1958	7f77feb317f1378aa329d389b6b03a8b	bec9a7dce6b25fa8f7a27bae6d41e9fc
30785	472606de4dfcd5f22344d233d34b1958	7f77feb317f1378aa329d389b6b03a8b	bec9a7dce6b25fa8f7a27bae6d41e9fc
30786	472606de4dfcd5f22344d233d34b1958	7f77feb317f1378aa329d389b6b03a8b	bec9a7dce6b25fa8f7a27bae6d41e9fc
30787	472606de4dfcd5f22344d233d34b1958	7f77feb317f1378aa329d389b6b03a8b	bec9a7dce6b25fa8f7a27bae6d41e9fc
30788	472606de4dfcd5f22344d233d34b1958	7f77feb317f1378aa329d389b6b03a8b	bec9a7dce6b25fa8f7a27bae6d41e9fc
30789	472606de4dfcd5f22344d233d34b1958	7f77feb317f1378aa329d389b6b03a8b	bec9a7dce6b25fa8f7a27bae6d41e9fc
30790	472606de4dfcd5f22344d233d34b1958	7f77feb317f1378aa329d389b6b03a8b	bec9a7dce6b25fa8f7a27bae6d41e9fc
30791	7f95ff94ba8a743cd189fd634bff620e	13d9e57a22750588cc4f06bb5b2cab65	a0e8a3b61b8e9068044e2b37e7ab1956
30792	7f95ff94ba8a743cd189fd634bff620e	13d9e57a22750588cc4f06bb5b2cab65	a0e8a3b61b8e9068044e2b37e7ab1956
30793	7f95ff94ba8a743cd189fd634bff620e	13d9e57a22750588cc4f06bb5b2cab65	a0e8a3b61b8e9068044e2b37e7ab1956
30794	af3a32de3a6b6d655df300eac9056db2	a37ab6ff1c5f8a8b0773b568b5086501	c056daac61c26d7b191bb4448cbf448e
30795	af3a32de3a6b6d655df300eac9056db2	a37ab6ff1c5f8a8b0773b568b5086501	c056daac61c26d7b191bb4448cbf448e
30796	af3a32de3a6b6d655df300eac9056db2	a37ab6ff1c5f8a8b0773b568b5086501	c056daac61c26d7b191bb4448cbf448e
30797	af3a32de3a6b6d655df300eac9056db2	a37ab6ff1c5f8a8b0773b568b5086501	c056daac61c26d7b191bb4448cbf448e
30798	98e3f05cbfd7f78f2221f19c25eb4536	ae70ab27e5bf79d9b356fad49b7e4075	03dc5d4e16e91bd395202aed38914ea6
30799	98e3f05cbfd7f78f2221f19c25eb4536	ae70ab27e5bf79d9b356fad49b7e4075	03dc5d4e16e91bd395202aed38914ea6
30800	98e3f05cbfd7f78f2221f19c25eb4536	ae70ab27e5bf79d9b356fad49b7e4075	03dc5d4e16e91bd395202aed38914ea6
30801	98e3f05cbfd7f78f2221f19c25eb4536	ae70ab27e5bf79d9b356fad49b7e4075	03dc5d4e16e91bd395202aed38914ea6
30802	98e3f05cbfd7f78f2221f19c25eb4536	ae70ab27e5bf79d9b356fad49b7e4075	03dc5d4e16e91bd395202aed38914ea6
30803	030721e5ab206b5dc094c64e268b6bd9	ada285bceff6175b5ee8207fadc402ae	2aa80a29bbfbd8abfc00ffb86bc71125
30804	030721e5ab206b5dc094c64e268b6bd9	ada285bceff6175b5ee8207fadc402ae	2aa80a29bbfbd8abfc00ffb86bc71125
30805	030721e5ab206b5dc094c64e268b6bd9	ada285bceff6175b5ee8207fadc402ae	2aa80a29bbfbd8abfc00ffb86bc71125
30806	030721e5ab206b5dc094c64e268b6bd9	ada285bceff6175b5ee8207fadc402ae	2aa80a29bbfbd8abfc00ffb86bc71125
30807	030721e5ab206b5dc094c64e268b6bd9	ada285bceff6175b5ee8207fadc402ae	2aa80a29bbfbd8abfc00ffb86bc71125
30808	030721e5ab206b5dc094c64e268b6bd9	ada285bceff6175b5ee8207fadc402ae	2aa80a29bbfbd8abfc00ffb86bc71125
30809	030721e5ab206b5dc094c64e268b6bd9	ada285bceff6175b5ee8207fadc402ae	2aa80a29bbfbd8abfc00ffb86bc71125
30810	e9325b384716eeaccb2d46a61b7dbffb	e103da461439d6204d97eb4c0ed14ecc	52fc7bb89ec5f348b2355892b56fd7c3
30811	e9325b384716eeaccb2d46a61b7dbffb	e103da461439d6204d97eb4c0ed14ecc	52fc7bb89ec5f348b2355892b56fd7c3
30812	e9325b384716eeaccb2d46a61b7dbffb	e103da461439d6204d97eb4c0ed14ecc	52fc7bb89ec5f348b2355892b56fd7c3
30813	e9325b384716eeaccb2d46a61b7dbffb	e103da461439d6204d97eb4c0ed14ecc	52fc7bb89ec5f348b2355892b56fd7c3
30814	e9325b384716eeaccb2d46a61b7dbffb	e103da461439d6204d97eb4c0ed14ecc	52fc7bb89ec5f348b2355892b56fd7c3
30815	917f5e16be37046095d95c47c7b9c398	129def22744f4b5c959ab90150e8202b	20db65324ab5a968779c213e7710d518
30816	917f5e16be37046095d95c47c7b9c398	129def22744f4b5c959ab90150e8202b	20db65324ab5a968779c213e7710d518
30817	917f5e16be37046095d95c47c7b9c398	129def22744f4b5c959ab90150e8202b	20db65324ab5a968779c213e7710d518
30818	917f5e16be37046095d95c47c7b9c398	129def22744f4b5c959ab90150e8202b	20db65324ab5a968779c213e7710d518
30819	917f5e16be37046095d95c47c7b9c398	129def22744f4b5c959ab90150e8202b	20db65324ab5a968779c213e7710d518
30820	917f5e16be37046095d95c47c7b9c398	129def22744f4b5c959ab90150e8202b	20db65324ab5a968779c213e7710d518
30821	917f5e16be37046095d95c47c7b9c398	129def22744f4b5c959ab90150e8202b	20db65324ab5a968779c213e7710d518
30822	134432f5795f8c2af2809cf3dcf74a99	11df9ee9289beb3a7725e81956413006	5eb8aa8ea9bee2f2165b363e07dc2dc9
30823	134432f5795f8c2af2809cf3dcf74a99	11df9ee9289beb3a7725e81956413006	5eb8aa8ea9bee2f2165b363e07dc2dc9
30824	134432f5795f8c2af2809cf3dcf74a99	11df9ee9289beb3a7725e81956413006	5eb8aa8ea9bee2f2165b363e07dc2dc9
30825	134432f5795f8c2af2809cf3dcf74a99	11df9ee9289beb3a7725e81956413006	5eb8aa8ea9bee2f2165b363e07dc2dc9
30826	134432f5795f8c2af2809cf3dcf74a99	11df9ee9289beb3a7725e81956413006	5eb8aa8ea9bee2f2165b363e07dc2dc9
30827	b1e5fb430c97826a47807b29b90c7696	4c412289e83e419260407c63e452601d	8601d2f26941e546f9c2001d6c99f566
30828	b1e5fb430c97826a47807b29b90c7696	4c412289e83e419260407c63e452601d	8601d2f26941e546f9c2001d6c99f566
30829	b1e5fb430c97826a47807b29b90c7696	4c412289e83e419260407c63e452601d	8601d2f26941e546f9c2001d6c99f566
30830	b1e5fb430c97826a47807b29b90c7696	4c412289e83e419260407c63e452601d	8601d2f26941e546f9c2001d6c99f566
30831	b1e5fb430c97826a47807b29b90c7696	4c412289e83e419260407c63e452601d	8601d2f26941e546f9c2001d6c99f566
30832	afa7521724a4d41a2870dd2833dc131f	f98064d04a206a8a01d00991ac209410	0a1ad28c257f8e04c07a88e937aefa43
30833	afa7521724a4d41a2870dd2833dc131f	f98064d04a206a8a01d00991ac209410	0a1ad28c257f8e04c07a88e937aefa43
30834	afa7521724a4d41a2870dd2833dc131f	f98064d04a206a8a01d00991ac209410	0a1ad28c257f8e04c07a88e937aefa43
30835	afa7521724a4d41a2870dd2833dc131f	f98064d04a206a8a01d00991ac209410	0a1ad28c257f8e04c07a88e937aefa43
30836	afa7521724a4d41a2870dd2833dc131f	f98064d04a206a8a01d00991ac209410	0a1ad28c257f8e04c07a88e937aefa43
30837	afa7521724a4d41a2870dd2833dc131f	f98064d04a206a8a01d00991ac209410	0a1ad28c257f8e04c07a88e937aefa43
30838	afa7521724a4d41a2870dd2833dc131f	f98064d04a206a8a01d00991ac209410	0a1ad28c257f8e04c07a88e937aefa43
30839	0b7e0d71974d99b8698e3bc7327b0f4a	536bd6414a23dcf44258d41233002921	666fe6a3c0b30a363d8fbf7df5645a2e
30840	0b7e0d71974d99b8698e3bc7327b0f4a	536bd6414a23dcf44258d41233002921	666fe6a3c0b30a363d8fbf7df5645a2e
30841	0b7e0d71974d99b8698e3bc7327b0f4a	536bd6414a23dcf44258d41233002921	666fe6a3c0b30a363d8fbf7df5645a2e
30842	0b7e0d71974d99b8698e3bc7327b0f4a	536bd6414a23dcf44258d41233002921	666fe6a3c0b30a363d8fbf7df5645a2e
30843	0b7e0d71974d99b8698e3bc7327b0f4a	536bd6414a23dcf44258d41233002921	666fe6a3c0b30a363d8fbf7df5645a2e
30844	4d45d851bcbbda99383d59b27d20092d	1f8656efdf5746e7aa3e6dd758292b02	80f43a33e6a9123769387d75214951d1
30845	4d45d851bcbbda99383d59b27d20092d	1f8656efdf5746e7aa3e6dd758292b02	80f43a33e6a9123769387d75214951d1
30846	4d45d851bcbbda99383d59b27d20092d	1f8656efdf5746e7aa3e6dd758292b02	80f43a33e6a9123769387d75214951d1
30847	4d45d851bcbbda99383d59b27d20092d	1f8656efdf5746e7aa3e6dd758292b02	80f43a33e6a9123769387d75214951d1
30848	4d45d851bcbbda99383d59b27d20092d	1f8656efdf5746e7aa3e6dd758292b02	80f43a33e6a9123769387d75214951d1
30849	4d45d851bcbbda99383d59b27d20092d	1f8656efdf5746e7aa3e6dd758292b02	80f43a33e6a9123769387d75214951d1
30850	4d45d851bcbbda99383d59b27d20092d	1f8656efdf5746e7aa3e6dd758292b02	80f43a33e6a9123769387d75214951d1
30851	4d45d851bcbbda99383d59b27d20092d	1f8656efdf5746e7aa3e6dd758292b02	80f43a33e6a9123769387d75214951d1
30852	4d45d851bcbbda99383d59b27d20092d	1f8656efdf5746e7aa3e6dd758292b02	80f43a33e6a9123769387d75214951d1
30853	4d45d851bcbbda99383d59b27d20092d	1f8656efdf5746e7aa3e6dd758292b02	80f43a33e6a9123769387d75214951d1
30854	4d45d851bcbbda99383d59b27d20092d	1f8656efdf5746e7aa3e6dd758292b02	80f43a33e6a9123769387d75214951d1
30855	4d45d851bcbbda99383d59b27d20092d	1f8656efdf5746e7aa3e6dd758292b02	80f43a33e6a9123769387d75214951d1
30856	4d45d851bcbbda99383d59b27d20092d	1f8656efdf5746e7aa3e6dd758292b02	80f43a33e6a9123769387d75214951d1
30857	4d45d851bcbbda99383d59b27d20092d	1f8656efdf5746e7aa3e6dd758292b02	80f43a33e6a9123769387d75214951d1
30858	4d45d851bcbbda99383d59b27d20092d	1f8656efdf5746e7aa3e6dd758292b02	80f43a33e6a9123769387d75214951d1
30859	4d45d851bcbbda99383d59b27d20092d	1f8656efdf5746e7aa3e6dd758292b02	80f43a33e6a9123769387d75214951d1
30860	97628e104c55ffdfdcd19d6819428504	7a6c8556dff84da9a82f15eeddc972ef	705660523c5479e1f8374ea450354a60
30861	f25c83f49cf9b160ce5f8cfeef50f449	3f075cd31574bf24ea14c4f011a94b16	0083dd6a52f5a3b285c02d4a52ef49bd
30862	f25c83f49cf9b160ce5f8cfeef50f449	3f075cd31574bf24ea14c4f011a94b16	0083dd6a52f5a3b285c02d4a52ef49bd
30863	f25c83f49cf9b160ce5f8cfeef50f449	3f075cd31574bf24ea14c4f011a94b16	0083dd6a52f5a3b285c02d4a52ef49bd
30864	f25c83f49cf9b160ce5f8cfeef50f449	3f075cd31574bf24ea14c4f011a94b16	0083dd6a52f5a3b285c02d4a52ef49bd
30865	f25c83f49cf9b160ce5f8cfeef50f449	3f075cd31574bf24ea14c4f011a94b16	0083dd6a52f5a3b285c02d4a52ef49bd
30866	f25c83f49cf9b160ce5f8cfeef50f449	3f075cd31574bf24ea14c4f011a94b16	0083dd6a52f5a3b285c02d4a52ef49bd
30867	f25c83f49cf9b160ce5f8cfeef50f449	3f075cd31574bf24ea14c4f011a94b16	0083dd6a52f5a3b285c02d4a52ef49bd
30868	9a2fff7c1f785ef1036ca54e3c0b72ef	18410b0b131c423fd18cee79301edb08	0b944bdd884d2a51725a326cd0097707
30869	9a2fff7c1f785ef1036ca54e3c0b72ef	18410b0b131c423fd18cee79301edb08	0b944bdd884d2a51725a326cd0097707
30870	9a2fff7c1f785ef1036ca54e3c0b72ef	18410b0b131c423fd18cee79301edb08	0b944bdd884d2a51725a326cd0097707
30871	1bfcb60e72d8dff11b135b331b1e2d1c	4438f40b838022c7bea4f0dae42c69e7	bc7a0e3e37f4e9316412c1bf7c9b639c
30872	1bfcb60e72d8dff11b135b331b1e2d1c	4438f40b838022c7bea4f0dae42c69e7	bc7a0e3e37f4e9316412c1bf7c9b639c
30873	2660d918f97fb1ed68446d87bd6ed275	4766e333e289952b3c6f4e357e07e57a	06f5da5896f894a1e90661d9bde13305
30874	2660d918f97fb1ed68446d87bd6ed275	4766e333e289952b3c6f4e357e07e57a	06f5da5896f894a1e90661d9bde13305
30875	2660d918f97fb1ed68446d87bd6ed275	4766e333e289952b3c6f4e357e07e57a	06f5da5896f894a1e90661d9bde13305
30876	2660d918f97fb1ed68446d87bd6ed275	4766e333e289952b3c6f4e357e07e57a	06f5da5896f894a1e90661d9bde13305
30877	2660d918f97fb1ed68446d87bd6ed275	4766e333e289952b3c6f4e357e07e57a	06f5da5896f894a1e90661d9bde13305
30878	2660d918f97fb1ed68446d87bd6ed275	4766e333e289952b3c6f4e357e07e57a	06f5da5896f894a1e90661d9bde13305
30879	2660d918f97fb1ed68446d87bd6ed275	4766e333e289952b3c6f4e357e07e57a	06f5da5896f894a1e90661d9bde13305
30880	bd8aa1fa639450f91e5923eb2f538ac9	459c93102a7cc807b48fd80832820cde	6767e2662d6aa723a3cc1c82b23cd38d
30881	bd8aa1fa639450f91e5923eb2f538ac9	459c93102a7cc807b48fd80832820cde	6767e2662d6aa723a3cc1c82b23cd38d
30882	bd8aa1fa639450f91e5923eb2f538ac9	459c93102a7cc807b48fd80832820cde	6767e2662d6aa723a3cc1c82b23cd38d
30883	bd8aa1fa639450f91e5923eb2f538ac9	459c93102a7cc807b48fd80832820cde	6767e2662d6aa723a3cc1c82b23cd38d
30884	bd8aa1fa639450f91e5923eb2f538ac9	459c93102a7cc807b48fd80832820cde	6767e2662d6aa723a3cc1c82b23cd38d
30885	c68bcff6351c715df54b0917b1db8784	cbb0b5169ff41273626791a3ae5e2d7f	cbe20083b674683142ca3f64f498bb6c
30886	c68bcff6351c715df54b0917b1db8784	cbb0b5169ff41273626791a3ae5e2d7f	cbe20083b674683142ca3f64f498bb6c
30887	c68bcff6351c715df54b0917b1db8784	cbb0b5169ff41273626791a3ae5e2d7f	cbe20083b674683142ca3f64f498bb6c
30888	c68bcff6351c715df54b0917b1db8784	cbb0b5169ff41273626791a3ae5e2d7f	cbe20083b674683142ca3f64f498bb6c
30889	c68bcff6351c715df54b0917b1db8784	cbb0b5169ff41273626791a3ae5e2d7f	cbe20083b674683142ca3f64f498bb6c
30890	c68bcff6351c715df54b0917b1db8784	cbb0b5169ff41273626791a3ae5e2d7f	cbe20083b674683142ca3f64f498bb6c
30891	c68bcff6351c715df54b0917b1db8784	cbb0b5169ff41273626791a3ae5e2d7f	cbe20083b674683142ca3f64f498bb6c
30892	c68bcff6351c715df54b0917b1db8784	cbb0b5169ff41273626791a3ae5e2d7f	cbe20083b674683142ca3f64f498bb6c
30893	c68bcff6351c715df54b0917b1db8784	cbb0b5169ff41273626791a3ae5e2d7f	cbe20083b674683142ca3f64f498bb6c
30894	c68bcff6351c715df54b0917b1db8784	cbb0b5169ff41273626791a3ae5e2d7f	cbe20083b674683142ca3f64f498bb6c
30895	c68bcff6351c715df54b0917b1db8784	cbb0b5169ff41273626791a3ae5e2d7f	cbe20083b674683142ca3f64f498bb6c
30896	c68bcff6351c715df54b0917b1db8784	cbb0b5169ff41273626791a3ae5e2d7f	cbe20083b674683142ca3f64f498bb6c
30897	c68bcff6351c715df54b0917b1db8784	cbb0b5169ff41273626791a3ae5e2d7f	cbe20083b674683142ca3f64f498bb6c
30898	c68bcff6351c715df54b0917b1db8784	cbb0b5169ff41273626791a3ae5e2d7f	cbe20083b674683142ca3f64f498bb6c
30899	c68bcff6351c715df54b0917b1db8784	cbb0b5169ff41273626791a3ae5e2d7f	cbe20083b674683142ca3f64f498bb6c
30900	c68bcff6351c715df54b0917b1db8784	cbb0b5169ff41273626791a3ae5e2d7f	cbe20083b674683142ca3f64f498bb6c
30901	c68bcff6351c715df54b0917b1db8784	cbb0b5169ff41273626791a3ae5e2d7f	cbe20083b674683142ca3f64f498bb6c
30902	fd8da491277973c53e74f3e5529afbae	f93b7ad821986f6bf8c19dae3f37821d	7217f67ba9eb2ac569741b7d4c8d44fe
30903	fd8da491277973c53e74f3e5529afbae	f93b7ad821986f6bf8c19dae3f37821d	7217f67ba9eb2ac569741b7d4c8d44fe
30904	fd8da491277973c53e74f3e5529afbae	f93b7ad821986f6bf8c19dae3f37821d	7217f67ba9eb2ac569741b7d4c8d44fe
30905	fd8da491277973c53e74f3e5529afbae	f93b7ad821986f6bf8c19dae3f37821d	7217f67ba9eb2ac569741b7d4c8d44fe
30906	fd8da491277973c53e74f3e5529afbae	f93b7ad821986f6bf8c19dae3f37821d	7217f67ba9eb2ac569741b7d4c8d44fe
30907	fd8da491277973c53e74f3e5529afbae	f93b7ad821986f6bf8c19dae3f37821d	7217f67ba9eb2ac569741b7d4c8d44fe
30908	fd8da491277973c53e74f3e5529afbae	f93b7ad821986f6bf8c19dae3f37821d	7217f67ba9eb2ac569741b7d4c8d44fe
30909	166bc7848105503f8127db66e6205318	383d8474f4e22e0938d15a4f3d3cf9c3	712eed6ee6570bd70d0d0a0e5f394d78
30910	166bc7848105503f8127db66e6205318	383d8474f4e22e0938d15a4f3d3cf9c3	712eed6ee6570bd70d0d0a0e5f394d78
30911	166bc7848105503f8127db66e6205318	383d8474f4e22e0938d15a4f3d3cf9c3	712eed6ee6570bd70d0d0a0e5f394d78
30912	166bc7848105503f8127db66e6205318	383d8474f4e22e0938d15a4f3d3cf9c3	712eed6ee6570bd70d0d0a0e5f394d78
30913	166bc7848105503f8127db66e6205318	383d8474f4e22e0938d15a4f3d3cf9c3	712eed6ee6570bd70d0d0a0e5f394d78
30914	22569b824414bde28f10dac1967382fb	bc54c1f7374b9b2269688e1de3be8aac	82ecc7a24f2b894e988b7e2157531c1b
30915	22569b824414bde28f10dac1967382fb	bc54c1f7374b9b2269688e1de3be8aac	82ecc7a24f2b894e988b7e2157531c1b
30916	22569b824414bde28f10dac1967382fb	bc54c1f7374b9b2269688e1de3be8aac	82ecc7a24f2b894e988b7e2157531c1b
30917	22569b824414bde28f10dac1967382fb	bc54c1f7374b9b2269688e1de3be8aac	82ecc7a24f2b894e988b7e2157531c1b
30918	22569b824414bde28f10dac1967382fb	bc54c1f7374b9b2269688e1de3be8aac	82ecc7a24f2b894e988b7e2157531c1b
30919	22569b824414bde28f10dac1967382fb	bc54c1f7374b9b2269688e1de3be8aac	82ecc7a24f2b894e988b7e2157531c1b
30920	22569b824414bde28f10dac1967382fb	bc54c1f7374b9b2269688e1de3be8aac	82ecc7a24f2b894e988b7e2157531c1b
30921	37ed1822cb1a3dc9100a9498c81123b3	46bc21f116aae5f713cb99abf7fd968c	fd0800ec190f1a8f472c260727f2a61f
30922	37ed1822cb1a3dc9100a9498c81123b3	46bc21f116aae5f713cb99abf7fd968c	fd0800ec190f1a8f472c260727f2a61f
30923	37ed1822cb1a3dc9100a9498c81123b3	46bc21f116aae5f713cb99abf7fd968c	fd0800ec190f1a8f472c260727f2a61f
30924	37ed1822cb1a3dc9100a9498c81123b3	46bc21f116aae5f713cb99abf7fd968c	fd0800ec190f1a8f472c260727f2a61f
30925	37ed1822cb1a3dc9100a9498c81123b3	46bc21f116aae5f713cb99abf7fd968c	fd0800ec190f1a8f472c260727f2a61f
30926	6b1bd805f1b8e9578cdb26fa84e331ee	2abc8d698694ff11944e82608e0be4fd	1cfe2d4397fa2b45eb3f6a69478451ba
30927	6b1bd805f1b8e9578cdb26fa84e331ee	2abc8d698694ff11944e82608e0be4fd	1cfe2d4397fa2b45eb3f6a69478451ba
30928	6b1bd805f1b8e9578cdb26fa84e331ee	2abc8d698694ff11944e82608e0be4fd	1cfe2d4397fa2b45eb3f6a69478451ba
30929	6b1bd805f1b8e9578cdb26fa84e331ee	2abc8d698694ff11944e82608e0be4fd	1cfe2d4397fa2b45eb3f6a69478451ba
30930	6b1bd805f1b8e9578cdb26fa84e331ee	2abc8d698694ff11944e82608e0be4fd	1cfe2d4397fa2b45eb3f6a69478451ba
30931	596f7b98dcfbc649711fc22c8224d6d6	c173f9cd622a0e3f015e785b45573df5	e0781f6cfb0d24ff257457406c483df2
30932	596f7b98dcfbc649711fc22c8224d6d6	c173f9cd622a0e3f015e785b45573df5	e0781f6cfb0d24ff257457406c483df2
30933	596f7b98dcfbc649711fc22c8224d6d6	c173f9cd622a0e3f015e785b45573df5	e0781f6cfb0d24ff257457406c483df2
30934	c3977e8f0f9ac94d25d785fd587e4bfe	c0c720eb36d25ff3c5f1d310334bdc2d	c8cc21d20f3e830d57156701d421b906
30935	c3977e8f0f9ac94d25d785fd587e4bfe	c0c720eb36d25ff3c5f1d310334bdc2d	c8cc21d20f3e830d57156701d421b906
30936	c3977e8f0f9ac94d25d785fd587e4bfe	c0c720eb36d25ff3c5f1d310334bdc2d	c8cc21d20f3e830d57156701d421b906
30937	c3977e8f0f9ac94d25d785fd587e4bfe	c0c720eb36d25ff3c5f1d310334bdc2d	c8cc21d20f3e830d57156701d421b906
30938	b14ff562da9cb534742e639a9fcb1b62	37a8d87da60ff6f046ad2eee61c66b69	908a57f8a4a223823d14c3a96ab233ce
30939	b14ff562da9cb534742e639a9fcb1b62	37a8d87da60ff6f046ad2eee61c66b69	908a57f8a4a223823d14c3a96ab233ce
30940	b14ff562da9cb534742e639a9fcb1b62	37a8d87da60ff6f046ad2eee61c66b69	908a57f8a4a223823d14c3a96ab233ce
30941	b14ff562da9cb534742e639a9fcb1b62	37a8d87da60ff6f046ad2eee61c66b69	908a57f8a4a223823d14c3a96ab233ce
30942	818356758280a45a0df90d9eccc396e9	dbc219c9f1d3bfca4363d2592a829ce6	cfbc3a40971600782497d46a76545bd5
30943	4f794b854dfd456a840d0878a2045846	56abed0c810b78323d913b9ff6f4d4ad	793e439d59d7a98c2db7cd88f3312b72
30944	4f794b854dfd456a840d0878a2045846	56abed0c810b78323d913b9ff6f4d4ad	793e439d59d7a98c2db7cd88f3312b72
30945	4f794b854dfd456a840d0878a2045846	56abed0c810b78323d913b9ff6f4d4ad	793e439d59d7a98c2db7cd88f3312b72
30946	4f794b854dfd456a840d0878a2045846	56abed0c810b78323d913b9ff6f4d4ad	793e439d59d7a98c2db7cd88f3312b72
30947	4f794b854dfd456a840d0878a2045846	56abed0c810b78323d913b9ff6f4d4ad	793e439d59d7a98c2db7cd88f3312b72
30948	4f794b854dfd456a840d0878a2045846	56abed0c810b78323d913b9ff6f4d4ad	793e439d59d7a98c2db7cd88f3312b72
30949	4f794b854dfd456a840d0878a2045846	56abed0c810b78323d913b9ff6f4d4ad	793e439d59d7a98c2db7cd88f3312b72
30950	987136436af55faf27432fce1a39405a	db578f6b4eac1549b9c006007a2d2769	a0c93c3f1eeff6c94aa132ad1362f646
30951	987136436af55faf27432fce1a39405a	db578f6b4eac1549b9c006007a2d2769	a0c93c3f1eeff6c94aa132ad1362f646
30952	987136436af55faf27432fce1a39405a	db578f6b4eac1549b9c006007a2d2769	a0c93c3f1eeff6c94aa132ad1362f646
30953	d6a4a3aefe1d87706a81874107135e83	70563ad0708f81e4e5cad449e04c6054	5473b61dc1764858009ddb3927c502b3
30954	987136436af55faf27432fce1a39405a	db578f6b4eac1549b9c006007a2d2769	a0c93c3f1eeff6c94aa132ad1362f646
30955	ed5dbd41fa835172ff34e757cecf0f34	18c92fcae13e65da0146106adafe6727	3054e7abed67e408a5dafd8a9ba98770
30956	ed5dbd41fa835172ff34e757cecf0f34	18c92fcae13e65da0146106adafe6727	3054e7abed67e408a5dafd8a9ba98770
30957	ed5dbd41fa835172ff34e757cecf0f34	18c92fcae13e65da0146106adafe6727	3054e7abed67e408a5dafd8a9ba98770
30958	ed5dbd41fa835172ff34e757cecf0f34	18c92fcae13e65da0146106adafe6727	3054e7abed67e408a5dafd8a9ba98770
30959	ed5dbd41fa835172ff34e757cecf0f34	18c92fcae13e65da0146106adafe6727	3054e7abed67e408a5dafd8a9ba98770
30960	ed5dbd41fa835172ff34e757cecf0f34	18c92fcae13e65da0146106adafe6727	3054e7abed67e408a5dafd8a9ba98770
30961	ed5dbd41fa835172ff34e757cecf0f34	18c92fcae13e65da0146106adafe6727	3054e7abed67e408a5dafd8a9ba98770
30962	ed5dbd41fa835172ff34e757cecf0f34	18c92fcae13e65da0146106adafe6727	3054e7abed67e408a5dafd8a9ba98770
30963	ed5dbd41fa835172ff34e757cecf0f34	18c92fcae13e65da0146106adafe6727	3054e7abed67e408a5dafd8a9ba98770
30964	ed5dbd41fa835172ff34e757cecf0f34	18c92fcae13e65da0146106adafe6727	3054e7abed67e408a5dafd8a9ba98770
30965	ed5dbd41fa835172ff34e757cecf0f34	18c92fcae13e65da0146106adafe6727	3054e7abed67e408a5dafd8a9ba98770
30966	ed5dbd41fa835172ff34e757cecf0f34	18c92fcae13e65da0146106adafe6727	3054e7abed67e408a5dafd8a9ba98770
30967	b7493f2d9b538bc6fd9deb82c3e987b2	68f373db8a84261ebece91b993d307a9	80250743362720aa2640e53ff1c0edca
30968	b7493f2d9b538bc6fd9deb82c3e987b2	68f373db8a84261ebece91b993d307a9	80250743362720aa2640e53ff1c0edca
30969	b7493f2d9b538bc6fd9deb82c3e987b2	68f373db8a84261ebece91b993d307a9	80250743362720aa2640e53ff1c0edca
30970	b7493f2d9b538bc6fd9deb82c3e987b2	68f373db8a84261ebece91b993d307a9	80250743362720aa2640e53ff1c0edca
30971	b7493f2d9b538bc6fd9deb82c3e987b2	68f373db8a84261ebece91b993d307a9	80250743362720aa2640e53ff1c0edca
30972	c6b786eb26109d115357eeda4aea2a6e	21acd18e494700773150d6e72d4ebe3d	1c709e4a059f03c34986c1da3aee34aa
30973	c6b786eb26109d115357eeda4aea2a6e	21acd18e494700773150d6e72d4ebe3d	1c709e4a059f03c34986c1da3aee34aa
30974	c6b786eb26109d115357eeda4aea2a6e	21acd18e494700773150d6e72d4ebe3d	1c709e4a059f03c34986c1da3aee34aa
30975	cd684ac9625cafc6982445748ba6257a	110232d8359323de5ff8f54aa471e651	f1f9664b7d563c3492f38ca76c95b05e
30976	cd684ac9625cafc6982445748ba6257a	110232d8359323de5ff8f54aa471e651	f1f9664b7d563c3492f38ca76c95b05e
30977	7ca9687d2fe042cafe6a974d8d383c4a	64776a7a8e5f46323c0edf112a7cd631	732f2d42993807646fafc769d9064d8e
30978	7ca9687d2fe042cafe6a974d8d383c4a	64776a7a8e5f46323c0edf112a7cd631	732f2d42993807646fafc769d9064d8e
30979	df41dd90d79bbea745a1af42ebf7d096	16f3b68fecd6ee91af26c0200162ba15	eac77a7907595d31b85333fe699c49fa
30980	df41dd90d79bbea745a1af42ebf7d096	16f3b68fecd6ee91af26c0200162ba15	eac77a7907595d31b85333fe699c49fa
30981	df41dd90d79bbea745a1af42ebf7d096	16f3b68fecd6ee91af26c0200162ba15	eac77a7907595d31b85333fe699c49fa
30982	df41dd90d79bbea745a1af42ebf7d096	16f3b68fecd6ee91af26c0200162ba15	eac77a7907595d31b85333fe699c49fa
30983	df41dd90d79bbea745a1af42ebf7d096	16f3b68fecd6ee91af26c0200162ba15	eac77a7907595d31b85333fe699c49fa
30984	23200f2599f3e4518cf9b269f21aa55e	14e341820b78c7c7e6963ac2f94e4b6d	bfd5def29e8f5351f637344e88fe476e
30985	23200f2599f3e4518cf9b269f21aa55e	14e341820b78c7c7e6963ac2f94e4b6d	bfd5def29e8f5351f637344e88fe476e
30986	23200f2599f3e4518cf9b269f21aa55e	14e341820b78c7c7e6963ac2f94e4b6d	bfd5def29e8f5351f637344e88fe476e
30987	23200f2599f3e4518cf9b269f21aa55e	14e341820b78c7c7e6963ac2f94e4b6d	bfd5def29e8f5351f637344e88fe476e
30988	23200f2599f3e4518cf9b269f21aa55e	14e341820b78c7c7e6963ac2f94e4b6d	bfd5def29e8f5351f637344e88fe476e
30989	23200f2599f3e4518cf9b269f21aa55e	14e341820b78c7c7e6963ac2f94e4b6d	bfd5def29e8f5351f637344e88fe476e
30990	23200f2599f3e4518cf9b269f21aa55e	14e341820b78c7c7e6963ac2f94e4b6d	bfd5def29e8f5351f637344e88fe476e
30991	6b41d1bd021bbb60c4c262e5c8f26289	9f31185650f8ec84e31b648027de7a66	c0eff35a3ea27d845457486c9e16e729
30992	6b41d1bd021bbb60c4c262e5c8f26289	9f31185650f8ec84e31b648027de7a66	c0eff35a3ea27d845457486c9e16e729
30993	6b41d1bd021bbb60c4c262e5c8f26289	9f31185650f8ec84e31b648027de7a66	c0eff35a3ea27d845457486c9e16e729
30994	6b41d1bd021bbb60c4c262e5c8f26289	9f31185650f8ec84e31b648027de7a66	c0eff35a3ea27d845457486c9e16e729
30995	6b41d1bd021bbb60c4c262e5c8f26289	9f31185650f8ec84e31b648027de7a66	c0eff35a3ea27d845457486c9e16e729
30996	6b41d1bd021bbb60c4c262e5c8f26289	9f31185650f8ec84e31b648027de7a66	c0eff35a3ea27d845457486c9e16e729
30997	6b41d1bd021bbb60c4c262e5c8f26289	9f31185650f8ec84e31b648027de7a66	c0eff35a3ea27d845457486c9e16e729
30998	6b41d1bd021bbb60c4c262e5c8f26289	9f31185650f8ec84e31b648027de7a66	c0eff35a3ea27d845457486c9e16e729
30999	6b41d1bd021bbb60c4c262e5c8f26289	9f31185650f8ec84e31b648027de7a66	c0eff35a3ea27d845457486c9e16e729
31000	6b41d1bd021bbb60c4c262e5c8f26289	9f31185650f8ec84e31b648027de7a66	c0eff35a3ea27d845457486c9e16e729
31001	7c9287c167688ceab854ea9e24654b05	4d5abdc09010d0ca6f53d6cbfc4f83a2	5aaf68eb9998f49676908c22db9c09a5
31002	7c9287c167688ceab854ea9e24654b05	4d5abdc09010d0ca6f53d6cbfc4f83a2	5aaf68eb9998f49676908c22db9c09a5
31003	7c9287c167688ceab854ea9e24654b05	4d5abdc09010d0ca6f53d6cbfc4f83a2	5aaf68eb9998f49676908c22db9c09a5
31004	7c9287c167688ceab854ea9e24654b05	4d5abdc09010d0ca6f53d6cbfc4f83a2	5aaf68eb9998f49676908c22db9c09a5
31005	7c9287c167688ceab854ea9e24654b05	4d5abdc09010d0ca6f53d6cbfc4f83a2	5aaf68eb9998f49676908c22db9c09a5
31006	7c9287c167688ceab854ea9e24654b05	4d5abdc09010d0ca6f53d6cbfc4f83a2	5aaf68eb9998f49676908c22db9c09a5
31007	7c9287c167688ceab854ea9e24654b05	4d5abdc09010d0ca6f53d6cbfc4f83a2	5aaf68eb9998f49676908c22db9c09a5
31008	d63dc1b5a56dcb22285db7fc08e5175b	892e3ccb77e7d1322b7f301e6fb4fedc	8361ac3cf343a5ae90a232bbc38a10fb
31009	d63dc1b5a56dcb22285db7fc08e5175b	892e3ccb77e7d1322b7f301e6fb4fedc	8361ac3cf343a5ae90a232bbc38a10fb
31010	d63dc1b5a56dcb22285db7fc08e5175b	892e3ccb77e7d1322b7f301e6fb4fedc	8361ac3cf343a5ae90a232bbc38a10fb
31011	d63dc1b5a56dcb22285db7fc08e5175b	892e3ccb77e7d1322b7f301e6fb4fedc	8361ac3cf343a5ae90a232bbc38a10fb
31012	d63dc1b5a56dcb22285db7fc08e5175b	892e3ccb77e7d1322b7f301e6fb4fedc	8361ac3cf343a5ae90a232bbc38a10fb
31013	63b9e569d03b67f6105e9e917758dd50	5acf4079ff1bfc2e1b04ac3d91271b43	308e511e717f4af267c2f604de231f88
31014	63b9e569d03b67f6105e9e917758dd50	5acf4079ff1bfc2e1b04ac3d91271b43	308e511e717f4af267c2f604de231f88
31015	63b9e569d03b67f6105e9e917758dd50	5acf4079ff1bfc2e1b04ac3d91271b43	308e511e717f4af267c2f604de231f88
31016	63b9e569d03b67f6105e9e917758dd50	5acf4079ff1bfc2e1b04ac3d91271b43	308e511e717f4af267c2f604de231f88
31017	63b9e569d03b67f6105e9e917758dd50	5acf4079ff1bfc2e1b04ac3d91271b43	308e511e717f4af267c2f604de231f88
31018	63b9e569d03b67f6105e9e917758dd50	5acf4079ff1bfc2e1b04ac3d91271b43	308e511e717f4af267c2f604de231f88
31019	63b9e569d03b67f6105e9e917758dd50	5acf4079ff1bfc2e1b04ac3d91271b43	308e511e717f4af267c2f604de231f88
31020	63b9e569d03b67f6105e9e917758dd50	5acf4079ff1bfc2e1b04ac3d91271b43	308e511e717f4af267c2f604de231f88
31021	63b9e569d03b67f6105e9e917758dd50	5acf4079ff1bfc2e1b04ac3d91271b43	308e511e717f4af267c2f604de231f88
31022	63b9e569d03b67f6105e9e917758dd50	5acf4079ff1bfc2e1b04ac3d91271b43	308e511e717f4af267c2f604de231f88
31023	63b9e569d03b67f6105e9e917758dd50	5acf4079ff1bfc2e1b04ac3d91271b43	308e511e717f4af267c2f604de231f88
31024	63b9e569d03b67f6105e9e917758dd50	5acf4079ff1bfc2e1b04ac3d91271b43	308e511e717f4af267c2f604de231f88
31025	63b9e569d03b67f6105e9e917758dd50	5acf4079ff1bfc2e1b04ac3d91271b43	308e511e717f4af267c2f604de231f88
31026	63b9e569d03b67f6105e9e917758dd50	5acf4079ff1bfc2e1b04ac3d91271b43	308e511e717f4af267c2f604de231f88
31027	63b9e569d03b67f6105e9e917758dd50	5acf4079ff1bfc2e1b04ac3d91271b43	308e511e717f4af267c2f604de231f88
31028	63b9e569d03b67f6105e9e917758dd50	5acf4079ff1bfc2e1b04ac3d91271b43	308e511e717f4af267c2f604de231f88
31029	63b9e569d03b67f6105e9e917758dd50	5acf4079ff1bfc2e1b04ac3d91271b43	308e511e717f4af267c2f604de231f88
31030	485e84357d26896c04f77c908db128bd	5b8df77ba30b64f0bf6335f8b97ed99a	39f59d87d68e22c64f2477b2edb4d031
31031	485e84357d26896c04f77c908db128bd	5b8df77ba30b64f0bf6335f8b97ed99a	39f59d87d68e22c64f2477b2edb4d031
31032	485e84357d26896c04f77c908db128bd	5b8df77ba30b64f0bf6335f8b97ed99a	39f59d87d68e22c64f2477b2edb4d031
31033	485e84357d26896c04f77c908db128bd	5b8df77ba30b64f0bf6335f8b97ed99a	39f59d87d68e22c64f2477b2edb4d031
31034	485e84357d26896c04f77c908db128bd	5b8df77ba30b64f0bf6335f8b97ed99a	39f59d87d68e22c64f2477b2edb4d031
31035	485e84357d26896c04f77c908db128bd	5b8df77ba30b64f0bf6335f8b97ed99a	39f59d87d68e22c64f2477b2edb4d031
31036	485e84357d26896c04f77c908db128bd	5b8df77ba30b64f0bf6335f8b97ed99a	39f59d87d68e22c64f2477b2edb4d031
31037	793ab499ab3d2e78894151466d851f82	9f73aa40e71a026419f1ebbb118ade59	bada30af4180b2586c5ba157e1f1920a
31038	793ab499ab3d2e78894151466d851f82	9f73aa40e71a026419f1ebbb118ade59	bada30af4180b2586c5ba157e1f1920a
31039	793ab499ab3d2e78894151466d851f82	9f73aa40e71a026419f1ebbb118ade59	bada30af4180b2586c5ba157e1f1920a
31040	2fa789a4667afb425cd509c437efb37f	25304104f22335527697324450363920	aa4bf5496b028138fd9d922e0d270ea3
31041	2fa789a4667afb425cd509c437efb37f	25304104f22335527697324450363920	aa4bf5496b028138fd9d922e0d270ea3
31042	ba6070ca68ea26df6219fa52268dd024	a7c2692eb2e547795fe2e3a2a7d997ff	a97270ec74bc5159243cc77086504098
31043	ba6070ca68ea26df6219fa52268dd024	a7c2692eb2e547795fe2e3a2a7d997ff	a97270ec74bc5159243cc77086504098
31044	ba6070ca68ea26df6219fa52268dd024	a7c2692eb2e547795fe2e3a2a7d997ff	a97270ec74bc5159243cc77086504098
31045	ba6070ca68ea26df6219fa52268dd024	a7c2692eb2e547795fe2e3a2a7d997ff	a97270ec74bc5159243cc77086504098
31046	ba6070ca68ea26df6219fa52268dd024	a7c2692eb2e547795fe2e3a2a7d997ff	a97270ec74bc5159243cc77086504098
31047	ba6070ca68ea26df6219fa52268dd024	a7c2692eb2e547795fe2e3a2a7d997ff	a97270ec74bc5159243cc77086504098
31048	ba6070ca68ea26df6219fa52268dd024	a7c2692eb2e547795fe2e3a2a7d997ff	a97270ec74bc5159243cc77086504098
31049	242086c03efd858e78007b99a810e204	a22fb49316e995c69e65f5f7d2312257	42e4052b45f98a268b7f74e3914facc4
31050	242086c03efd858e78007b99a810e204	a22fb49316e995c69e65f5f7d2312257	42e4052b45f98a268b7f74e3914facc4
31051	242086c03efd858e78007b99a810e204	a22fb49316e995c69e65f5f7d2312257	42e4052b45f98a268b7f74e3914facc4
31052	242086c03efd858e78007b99a810e204	a22fb49316e995c69e65f5f7d2312257	42e4052b45f98a268b7f74e3914facc4
31053	242086c03efd858e78007b99a810e204	a22fb49316e995c69e65f5f7d2312257	42e4052b45f98a268b7f74e3914facc4
31054	d815cfc9e421fb5246014cc77a69f439	d1cc0d2f1e38f452ddf832df35f5f096	3d64119df0146decff0c78829fcf523d
31055	d815cfc9e421fb5246014cc77a69f439	d1cc0d2f1e38f452ddf832df35f5f096	3d64119df0146decff0c78829fcf523d
31056	d815cfc9e421fb5246014cc77a69f439	d1cc0d2f1e38f452ddf832df35f5f096	3d64119df0146decff0c78829fcf523d
31057	d815cfc9e421fb5246014cc77a69f439	d1cc0d2f1e38f452ddf832df35f5f096	3d64119df0146decff0c78829fcf523d
31058	d815cfc9e421fb5246014cc77a69f439	d1cc0d2f1e38f452ddf832df35f5f096	3d64119df0146decff0c78829fcf523d
31059	d815cfc9e421fb5246014cc77a69f439	d1cc0d2f1e38f452ddf832df35f5f096	3d64119df0146decff0c78829fcf523d
31060	d815cfc9e421fb5246014cc77a69f439	d1cc0d2f1e38f452ddf832df35f5f096	3d64119df0146decff0c78829fcf523d
31061	ee46dffc409314364dbbbe3becf620b1	77b60baea0c987266797e7703278e2ee	0ea1f2ca3ba3d8c02bd5d299834ab87d
31062	ee46dffc409314364dbbbe3becf620b1	77b60baea0c987266797e7703278e2ee	0ea1f2ca3ba3d8c02bd5d299834ab87d
31063	ee46dffc409314364dbbbe3becf620b1	77b60baea0c987266797e7703278e2ee	0ea1f2ca3ba3d8c02bd5d299834ab87d
31064	ee46dffc409314364dbbbe3becf620b1	77b60baea0c987266797e7703278e2ee	0ea1f2ca3ba3d8c02bd5d299834ab87d
31065	ee46dffc409314364dbbbe3becf620b1	77b60baea0c987266797e7703278e2ee	0ea1f2ca3ba3d8c02bd5d299834ab87d
31066	ee46dffc409314364dbbbe3becf620b1	77b60baea0c987266797e7703278e2ee	0ea1f2ca3ba3d8c02bd5d299834ab87d
31067	ee46dffc409314364dbbbe3becf620b1	77b60baea0c987266797e7703278e2ee	0ea1f2ca3ba3d8c02bd5d299834ab87d
31068	ee46dffc409314364dbbbe3becf620b1	77b60baea0c987266797e7703278e2ee	0ea1f2ca3ba3d8c02bd5d299834ab87d
31069	ee46dffc409314364dbbbe3becf620b1	77b60baea0c987266797e7703278e2ee	0ea1f2ca3ba3d8c02bd5d299834ab87d
31070	ee46dffc409314364dbbbe3becf620b1	77b60baea0c987266797e7703278e2ee	0ea1f2ca3ba3d8c02bd5d299834ab87d
31071	a8385ca3e6a6713644f8adc234be59cd	2f5de6b71f197f56071525d2a5412cda	64426a8b5e9f1c4c98542649a26863e1
31072	a8385ca3e6a6713644f8adc234be59cd	2f5de6b71f197f56071525d2a5412cda	64426a8b5e9f1c4c98542649a26863e1
31073	a8385ca3e6a6713644f8adc234be59cd	2f5de6b71f197f56071525d2a5412cda	64426a8b5e9f1c4c98542649a26863e1
31074	a8385ca3e6a6713644f8adc234be59cd	2f5de6b71f197f56071525d2a5412cda	64426a8b5e9f1c4c98542649a26863e1
31075	a8385ca3e6a6713644f8adc234be59cd	2f5de6b71f197f56071525d2a5412cda	64426a8b5e9f1c4c98542649a26863e1
31076	a8385ca3e6a6713644f8adc234be59cd	2f5de6b71f197f56071525d2a5412cda	64426a8b5e9f1c4c98542649a26863e1
31077	a8385ca3e6a6713644f8adc234be59cd	2f5de6b71f197f56071525d2a5412cda	64426a8b5e9f1c4c98542649a26863e1
31078	45f6ecb0d2a3f27ed950389b2f648f1a	f6bc2630fdeee746579017dce0eb7121	eaa9bc908c00f762d754217a76f66232
31079	45f6ecb0d2a3f27ed950389b2f648f1a	f6bc2630fdeee746579017dce0eb7121	eaa9bc908c00f762d754217a76f66232
31080	45f6ecb0d2a3f27ed950389b2f648f1a	f6bc2630fdeee746579017dce0eb7121	eaa9bc908c00f762d754217a76f66232
31081	45f6ecb0d2a3f27ed950389b2f648f1a	f6bc2630fdeee746579017dce0eb7121	eaa9bc908c00f762d754217a76f66232
31082	45f6ecb0d2a3f27ed950389b2f648f1a	f6bc2630fdeee746579017dce0eb7121	eaa9bc908c00f762d754217a76f66232
31083	460bdb3e48b43499a01e9e8d467b58ab	455ea94adfa3ec8763343b46d7067844	34a4be2d34ecbadf98c2073a18137fbf
31084	460bdb3e48b43499a01e9e8d467b58ab	455ea94adfa3ec8763343b46d7067844	34a4be2d34ecbadf98c2073a18137fbf
31085	460bdb3e48b43499a01e9e8d467b58ab	455ea94adfa3ec8763343b46d7067844	34a4be2d34ecbadf98c2073a18137fbf
31086	ce94a0eabaa05bffdc31e1bd304abad0	55b7c3c457405a99c6d5bdbdfde3193b	7f1cb3def26fcda38cfa48f3bf876518
31087	ce94a0eabaa05bffdc31e1bd304abad0	55b7c3c457405a99c6d5bdbdfde3193b	7f1cb3def26fcda38cfa48f3bf876518
31088	264eb074c639d2c57e8ed4d5a33cc90f	22e325f40fead553ceae7105696e3358	b1b13204c3c857f7aa5c6048fe4e9403
31089	264eb074c639d2c57e8ed4d5a33cc90f	22e325f40fead553ceae7105696e3358	b1b13204c3c857f7aa5c6048fe4e9403
31090	9b4fa1b75b202c339449572295c14f1a	08f3f163c669a81d42464a9df99d2e39	f270a8984b9e6137944eb9052e6928a2
31091	9b4fa1b75b202c339449572295c14f1a	08f3f163c669a81d42464a9df99d2e39	f270a8984b9e6137944eb9052e6928a2
31092	9b4fa1b75b202c339449572295c14f1a	08f3f163c669a81d42464a9df99d2e39	f270a8984b9e6137944eb9052e6928a2
31093	9b4fa1b75b202c339449572295c14f1a	08f3f163c669a81d42464a9df99d2e39	f270a8984b9e6137944eb9052e6928a2
31094	9b4fa1b75b202c339449572295c14f1a	08f3f163c669a81d42464a9df99d2e39	f270a8984b9e6137944eb9052e6928a2
31095	2565fad1c932e332da6d5a7b1aca6957	3b42087cdab26c724801395d49c13728	f1070fbfe3089d4c5ec7ff5633a3a263
31096	ea7121b77ce339df81d67231aef775b6	c969092261853a793cfcbe096cf54965	d5d59647ab0ce729126c2d62ce2b4ad2
31097	7aecc290529a6eaf166cd08fc7ba82a2	7a2cff646b899bf90e6f49d88de224e1	467622f055a65ead70096d36c2c5bf66
31098	ea7121b77ce339df81d67231aef775b6	c969092261853a793cfcbe096cf54965	d5d59647ab0ce729126c2d62ce2b4ad2
31099	a6afa45c757a70e3ceb0ba4b926fc84b	0f652158a6aa36858f35baf15ebef294	fb03f10e18c3a43db7f79f8ab30511f7
31100	c3fec1491811769ce86f8697552c5657	20fd495f1f7b1710953df67e1f8b3bb8	2b067d3830abb36e7c99d8609fd1b613
31101	c3fec1491811769ce86f8697552c5657	20fd495f1f7b1710953df67e1f8b3bb8	2b067d3830abb36e7c99d8609fd1b613
31102	c3fec1491811769ce86f8697552c5657	20fd495f1f7b1710953df67e1f8b3bb8	2b067d3830abb36e7c99d8609fd1b613
31103	c3fec1491811769ce86f8697552c5657	20fd495f1f7b1710953df67e1f8b3bb8	2b067d3830abb36e7c99d8609fd1b613
31104	c3fec1491811769ce86f8697552c5657	20fd495f1f7b1710953df67e1f8b3bb8	2b067d3830abb36e7c99d8609fd1b613
31105	c3fec1491811769ce86f8697552c5657	20fd495f1f7b1710953df67e1f8b3bb8	2b067d3830abb36e7c99d8609fd1b613
31106	c3fec1491811769ce86f8697552c5657	20fd495f1f7b1710953df67e1f8b3bb8	2b067d3830abb36e7c99d8609fd1b613
31107	ceebbb70e6b5ec90f43dd42a6b7faa3b	04f0d8b48f9721f4b34dcb05b195bddc	494f165bdb7103ce4c0a3fdf7f3bd697
31108	ceebbb70e6b5ec90f43dd42a6b7faa3b	04f0d8b48f9721f4b34dcb05b195bddc	494f165bdb7103ce4c0a3fdf7f3bd697
31109	ceebbb70e6b5ec90f43dd42a6b7faa3b	04f0d8b48f9721f4b34dcb05b195bddc	494f165bdb7103ce4c0a3fdf7f3bd697
31110	ceebbb70e6b5ec90f43dd42a6b7faa3b	04f0d8b48f9721f4b34dcb05b195bddc	494f165bdb7103ce4c0a3fdf7f3bd697
31111	ceebbb70e6b5ec90f43dd42a6b7faa3b	04f0d8b48f9721f4b34dcb05b195bddc	494f165bdb7103ce4c0a3fdf7f3bd697
31112	fe4ebb311e859a0d1d3af8bfcd585d22	1ad09cf826fa3ca3cec1b67c2f950631	8ed5cd8490ccbd81787790090b038f82
31113	fe4ebb311e859a0d1d3af8bfcd585d22	1ad09cf826fa3ca3cec1b67c2f950631	8ed5cd8490ccbd81787790090b038f82
31114	fe4ebb311e859a0d1d3af8bfcd585d22	1ad09cf826fa3ca3cec1b67c2f950631	8ed5cd8490ccbd81787790090b038f82
31115	07556d8487537c129a896e90cf99c8c1	b6bd6d8532486fb2be7b9070cf92d04e	c97ff198cfc2b0dee48c1655e0b908f9
31116	07556d8487537c129a896e90cf99c8c1	b6bd6d8532486fb2be7b9070cf92d04e	c97ff198cfc2b0dee48c1655e0b908f9
31117	6cb52d61f30abc0f7b15b36a90eb5758	593381b67347f4c9ca97be8b78a914a3	bdcee90271a4ecef6ba138c631cf0980
31118	6cb52d61f30abc0f7b15b36a90eb5758	593381b67347f4c9ca97be8b78a914a3	bdcee90271a4ecef6ba138c631cf0980
31119	379e9516858ac6a9aa9b036ad3456114	e42ac2bc714c35ef84cee4056ddf861f	e3be42f63f4bd3935c53c76656f24ab0
31120	379e9516858ac6a9aa9b036ad3456114	e42ac2bc714c35ef84cee4056ddf861f	e3be42f63f4bd3935c53c76656f24ab0
31121	379e9516858ac6a9aa9b036ad3456114	e42ac2bc714c35ef84cee4056ddf861f	e3be42f63f4bd3935c53c76656f24ab0
31122	f49958e9f30c0e45eb8890aebef60f71	b4c2fb0a5b7e4763ff187169c96fb1b6	7d0b3780e9206c2bb711c28847f414cd
31123	379e9516858ac6a9aa9b036ad3456114	e42ac2bc714c35ef84cee4056ddf861f	e3be42f63f4bd3935c53c76656f24ab0
31124	cc256ff1b20138ec7c7a05478c6061bb	fe81ce186c93978054d519d761e2fa8c	79493519e590c4ea1f75a494c0f38caf
31125	cc256ff1b20138ec7c7a05478c6061bb	fe81ce186c93978054d519d761e2fa8c	79493519e590c4ea1f75a494c0f38caf
31126	cc256ff1b20138ec7c7a05478c6061bb	fe81ce186c93978054d519d761e2fa8c	79493519e590c4ea1f75a494c0f38caf
31127	cc256ff1b20138ec7c7a05478c6061bb	fe81ce186c93978054d519d761e2fa8c	79493519e590c4ea1f75a494c0f38caf
31128	cc256ff1b20138ec7c7a05478c6061bb	fe81ce186c93978054d519d761e2fa8c	79493519e590c4ea1f75a494c0f38caf
31129	cc256ff1b20138ec7c7a05478c6061bb	fe81ce186c93978054d519d761e2fa8c	79493519e590c4ea1f75a494c0f38caf
31130	cc256ff1b20138ec7c7a05478c6061bb	fe81ce186c93978054d519d761e2fa8c	79493519e590c4ea1f75a494c0f38caf
31131	cc256ff1b20138ec7c7a05478c6061bb	fe81ce186c93978054d519d761e2fa8c	79493519e590c4ea1f75a494c0f38caf
31132	cc256ff1b20138ec7c7a05478c6061bb	fe81ce186c93978054d519d761e2fa8c	79493519e590c4ea1f75a494c0f38caf
31133	cc256ff1b20138ec7c7a05478c6061bb	fe81ce186c93978054d519d761e2fa8c	79493519e590c4ea1f75a494c0f38caf
31134	cc256ff1b20138ec7c7a05478c6061bb	fe81ce186c93978054d519d761e2fa8c	79493519e590c4ea1f75a494c0f38caf
31135	cc256ff1b20138ec7c7a05478c6061bb	fe81ce186c93978054d519d761e2fa8c	79493519e590c4ea1f75a494c0f38caf
31136	b788db7da7300cd9fb8d6daa2d6ad327	7f62564f8862c4d757358c0139b6c420	28d734d1f9af634d417fab6263955277
31137	b788db7da7300cd9fb8d6daa2d6ad327	7f62564f8862c4d757358c0139b6c420	28d734d1f9af634d417fab6263955277
31138	b788db7da7300cd9fb8d6daa2d6ad327	7f62564f8862c4d757358c0139b6c420	28d734d1f9af634d417fab6263955277
31139	b788db7da7300cd9fb8d6daa2d6ad327	7f62564f8862c4d757358c0139b6c420	28d734d1f9af634d417fab6263955277
31140	b788db7da7300cd9fb8d6daa2d6ad327	7f62564f8862c4d757358c0139b6c420	28d734d1f9af634d417fab6263955277
31141	b895572c57bedecbf5968963033c23f2	e8f47be02c27ae55dedc4c37c3ffc051	73ed6f1ea90b647982acb60ce05c05ee
31142	b895572c57bedecbf5968963033c23f2	e8f47be02c27ae55dedc4c37c3ffc051	73ed6f1ea90b647982acb60ce05c05ee
31143	b895572c57bedecbf5968963033c23f2	e8f47be02c27ae55dedc4c37c3ffc051	73ed6f1ea90b647982acb60ce05c05ee
31144	b895572c57bedecbf5968963033c23f2	e8f47be02c27ae55dedc4c37c3ffc051	73ed6f1ea90b647982acb60ce05c05ee
31145	b895572c57bedecbf5968963033c23f2	e8f47be02c27ae55dedc4c37c3ffc051	73ed6f1ea90b647982acb60ce05c05ee
31146	b895572c57bedecbf5968963033c23f2	e8f47be02c27ae55dedc4c37c3ffc051	73ed6f1ea90b647982acb60ce05c05ee
31147	b895572c57bedecbf5968963033c23f2	e8f47be02c27ae55dedc4c37c3ffc051	73ed6f1ea90b647982acb60ce05c05ee
31148	b895572c57bedecbf5968963033c23f2	e8f47be02c27ae55dedc4c37c3ffc051	73ed6f1ea90b647982acb60ce05c05ee
31149	b895572c57bedecbf5968963033c23f2	e8f47be02c27ae55dedc4c37c3ffc051	73ed6f1ea90b647982acb60ce05c05ee
31150	b895572c57bedecbf5968963033c23f2	e8f47be02c27ae55dedc4c37c3ffc051	73ed6f1ea90b647982acb60ce05c05ee
31151	b895572c57bedecbf5968963033c23f2	e8f47be02c27ae55dedc4c37c3ffc051	73ed6f1ea90b647982acb60ce05c05ee
31152	b895572c57bedecbf5968963033c23f2	e8f47be02c27ae55dedc4c37c3ffc051	73ed6f1ea90b647982acb60ce05c05ee
31153	c639344c87cf4ae80773615a9a38095f	bae0167c4977da8c3054c8a91cef3600	88f69176542ffd8233234ef30fe36963
31154	c639344c87cf4ae80773615a9a38095f	bae0167c4977da8c3054c8a91cef3600	88f69176542ffd8233234ef30fe36963
31155	c639344c87cf4ae80773615a9a38095f	bae0167c4977da8c3054c8a91cef3600	88f69176542ffd8233234ef30fe36963
31156	c639344c87cf4ae80773615a9a38095f	bae0167c4977da8c3054c8a91cef3600	88f69176542ffd8233234ef30fe36963
31157	c639344c87cf4ae80773615a9a38095f	bae0167c4977da8c3054c8a91cef3600	88f69176542ffd8233234ef30fe36963
31158	c639344c87cf4ae80773615a9a38095f	bae0167c4977da8c3054c8a91cef3600	88f69176542ffd8233234ef30fe36963
31159	c639344c87cf4ae80773615a9a38095f	bae0167c4977da8c3054c8a91cef3600	88f69176542ffd8233234ef30fe36963
31160	58e2f1461646ef1b64ab9abf91e1d625	14471b4fa51bc93db8ed607d974fb4aa	48311b08f683cf03d23886c6d4fd864d
31161	58e2f1461646ef1b64ab9abf91e1d625	14471b4fa51bc93db8ed607d974fb4aa	48311b08f683cf03d23886c6d4fd864d
31162	58e2f1461646ef1b64ab9abf91e1d625	14471b4fa51bc93db8ed607d974fb4aa	48311b08f683cf03d23886c6d4fd864d
31163	58e2f1461646ef1b64ab9abf91e1d625	14471b4fa51bc93db8ed607d974fb4aa	48311b08f683cf03d23886c6d4fd864d
31164	58e2f1461646ef1b64ab9abf91e1d625	14471b4fa51bc93db8ed607d974fb4aa	48311b08f683cf03d23886c6d4fd864d
31165	58e2f1461646ef1b64ab9abf91e1d625	14471b4fa51bc93db8ed607d974fb4aa	48311b08f683cf03d23886c6d4fd864d
31166	58e2f1461646ef1b64ab9abf91e1d625	14471b4fa51bc93db8ed607d974fb4aa	48311b08f683cf03d23886c6d4fd864d
31167	58e2f1461646ef1b64ab9abf91e1d625	14471b4fa51bc93db8ed607d974fb4aa	48311b08f683cf03d23886c6d4fd864d
31168	58e2f1461646ef1b64ab9abf91e1d625	14471b4fa51bc93db8ed607d974fb4aa	48311b08f683cf03d23886c6d4fd864d
31169	58e2f1461646ef1b64ab9abf91e1d625	14471b4fa51bc93db8ed607d974fb4aa	48311b08f683cf03d23886c6d4fd864d
31170	9f995b052b009bc333b34f0f26a98ebc	a7ac8a1190ae99dd532612180f5a80b7	eb5598d090d896f185275eb146577b90
31171	9f995b052b009bc333b34f0f26a98ebc	a7ac8a1190ae99dd532612180f5a80b7	eb5598d090d896f185275eb146577b90
31172	9f995b052b009bc333b34f0f26a98ebc	a7ac8a1190ae99dd532612180f5a80b7	eb5598d090d896f185275eb146577b90
31173	9f995b052b009bc333b34f0f26a98ebc	a7ac8a1190ae99dd532612180f5a80b7	eb5598d090d896f185275eb146577b90
31174	9f995b052b009bc333b34f0f26a98ebc	a7ac8a1190ae99dd532612180f5a80b7	eb5598d090d896f185275eb146577b90
31175	9f995b052b009bc333b34f0f26a98ebc	a7ac8a1190ae99dd532612180f5a80b7	eb5598d090d896f185275eb146577b90
31176	9f995b052b009bc333b34f0f26a98ebc	a7ac8a1190ae99dd532612180f5a80b7	eb5598d090d896f185275eb146577b90
31177	0794c937433519917ae61de447c4efee	5a52a7f979c3eca7c1237312ee28a0cd	d025b2cededf50b75882964e326220b2
31178	0794c937433519917ae61de447c4efee	5a52a7f979c3eca7c1237312ee28a0cd	d025b2cededf50b75882964e326220b2
31179	0794c937433519917ae61de447c4efee	5a52a7f979c3eca7c1237312ee28a0cd	d025b2cededf50b75882964e326220b2
31180	0794c937433519917ae61de447c4efee	5a52a7f979c3eca7c1237312ee28a0cd	d025b2cededf50b75882964e326220b2
31181	0794c937433519917ae61de447c4efee	5a52a7f979c3eca7c1237312ee28a0cd	d025b2cededf50b75882964e326220b2
31182	f7882528ca9295ef313f26d660aed897	ebcdf3a592fd49312a1d7d525daf8400	f06d8582cd4ed2e947bcaa4212810ca3
31183	f7882528ca9295ef313f26d660aed897	ebcdf3a592fd49312a1d7d525daf8400	f06d8582cd4ed2e947bcaa4212810ca3
31184	f7882528ca9295ef313f26d660aed897	ebcdf3a592fd49312a1d7d525daf8400	f06d8582cd4ed2e947bcaa4212810ca3
31185	f7882528ca9295ef313f26d660aed897	ebcdf3a592fd49312a1d7d525daf8400	f06d8582cd4ed2e947bcaa4212810ca3
31186	f7882528ca9295ef313f26d660aed897	ebcdf3a592fd49312a1d7d525daf8400	f06d8582cd4ed2e947bcaa4212810ca3
31187	f7882528ca9295ef313f26d660aed897	ebcdf3a592fd49312a1d7d525daf8400	f06d8582cd4ed2e947bcaa4212810ca3
31188	f7882528ca9295ef313f26d660aed897	ebcdf3a592fd49312a1d7d525daf8400	f06d8582cd4ed2e947bcaa4212810ca3
31189	f7882528ca9295ef313f26d660aed897	ebcdf3a592fd49312a1d7d525daf8400	f06d8582cd4ed2e947bcaa4212810ca3
31190	f7882528ca9295ef313f26d660aed897	ebcdf3a592fd49312a1d7d525daf8400	f06d8582cd4ed2e947bcaa4212810ca3
31191	f7882528ca9295ef313f26d660aed897	ebcdf3a592fd49312a1d7d525daf8400	f06d8582cd4ed2e947bcaa4212810ca3
31192	f7882528ca9295ef313f26d660aed897	ebcdf3a592fd49312a1d7d525daf8400	f06d8582cd4ed2e947bcaa4212810ca3
31193	f7882528ca9295ef313f26d660aed897	ebcdf3a592fd49312a1d7d525daf8400	f06d8582cd4ed2e947bcaa4212810ca3
31194	f7882528ca9295ef313f26d660aed897	ebcdf3a592fd49312a1d7d525daf8400	f06d8582cd4ed2e947bcaa4212810ca3
31195	f7882528ca9295ef313f26d660aed897	ebcdf3a592fd49312a1d7d525daf8400	f06d8582cd4ed2e947bcaa4212810ca3
31196	f7882528ca9295ef313f26d660aed897	ebcdf3a592fd49312a1d7d525daf8400	f06d8582cd4ed2e947bcaa4212810ca3
31197	f7882528ca9295ef313f26d660aed897	ebcdf3a592fd49312a1d7d525daf8400	f06d8582cd4ed2e947bcaa4212810ca3
31198	f7882528ca9295ef313f26d660aed897	ebcdf3a592fd49312a1d7d525daf8400	f06d8582cd4ed2e947bcaa4212810ca3
31199	9ab74160f03a910d0dbacf39fb87b2d1	7297697988136f5b80df50f51dd84b56	d85e9897718139618f6e5392a68cd2e1
31200	9ab74160f03a910d0dbacf39fb87b2d1	7297697988136f5b80df50f51dd84b56	d85e9897718139618f6e5392a68cd2e1
31201	9ab74160f03a910d0dbacf39fb87b2d1	7297697988136f5b80df50f51dd84b56	d85e9897718139618f6e5392a68cd2e1
31202	9ab74160f03a910d0dbacf39fb87b2d1	7297697988136f5b80df50f51dd84b56	d85e9897718139618f6e5392a68cd2e1
31203	9ab74160f03a910d0dbacf39fb87b2d1	7297697988136f5b80df50f51dd84b56	d85e9897718139618f6e5392a68cd2e1
31204	9ab74160f03a910d0dbacf39fb87b2d1	7297697988136f5b80df50f51dd84b56	d85e9897718139618f6e5392a68cd2e1
31205	9ab74160f03a910d0dbacf39fb87b2d1	7297697988136f5b80df50f51dd84b56	d85e9897718139618f6e5392a68cd2e1
31206	ebff76884578a6e54820f79c0c922370	47f8dcf9b925968b0326b9adef9a116b	70bb9e881863fef9bc75dc606b555e60
31207	ebff76884578a6e54820f79c0c922370	47f8dcf9b925968b0326b9adef9a116b	70bb9e881863fef9bc75dc606b555e60
31208	ebff76884578a6e54820f79c0c922370	47f8dcf9b925968b0326b9adef9a116b	70bb9e881863fef9bc75dc606b555e60
31209	ebff76884578a6e54820f79c0c922370	47f8dcf9b925968b0326b9adef9a116b	70bb9e881863fef9bc75dc606b555e60
31210	ebff76884578a6e54820f79c0c922370	47f8dcf9b925968b0326b9adef9a116b	70bb9e881863fef9bc75dc606b555e60
31211	1c670f763d78cb9b4e1c8085f6042e35	434f771870a5f3fd01476a8eff072b7a	3e48ad18257cda1f65252e3f4633b2dd
31212	1c670f763d78cb9b4e1c8085f6042e35	434f771870a5f3fd01476a8eff072b7a	3e48ad18257cda1f65252e3f4633b2dd
31213	1c670f763d78cb9b4e1c8085f6042e35	434f771870a5f3fd01476a8eff072b7a	3e48ad18257cda1f65252e3f4633b2dd
31214	1c670f763d78cb9b4e1c8085f6042e35	434f771870a5f3fd01476a8eff072b7a	3e48ad18257cda1f65252e3f4633b2dd
31215	1c670f763d78cb9b4e1c8085f6042e35	434f771870a5f3fd01476a8eff072b7a	3e48ad18257cda1f65252e3f4633b2dd
31216	1c670f763d78cb9b4e1c8085f6042e35	434f771870a5f3fd01476a8eff072b7a	3e48ad18257cda1f65252e3f4633b2dd
31217	1c670f763d78cb9b4e1c8085f6042e35	434f771870a5f3fd01476a8eff072b7a	3e48ad18257cda1f65252e3f4633b2dd
31218	363548e8b57fd918c8e4fbd1f6e4efb0	0c4161ba97255fb48ce91844f1e11a33	10774b94e66c0540c1128fae70edb138
31219	363548e8b57fd918c8e4fbd1f6e4efb0	0c4161ba97255fb48ce91844f1e11a33	10774b94e66c0540c1128fae70edb138
31220	363548e8b57fd918c8e4fbd1f6e4efb0	0c4161ba97255fb48ce91844f1e11a33	10774b94e66c0540c1128fae70edb138
31221	363548e8b57fd918c8e4fbd1f6e4efb0	0c4161ba97255fb48ce91844f1e11a33	10774b94e66c0540c1128fae70edb138
31222	363548e8b57fd918c8e4fbd1f6e4efb0	0c4161ba97255fb48ce91844f1e11a33	10774b94e66c0540c1128fae70edb138
31223	0dc9f7a0bd140037e978384993db68a4	b2f285560755bf91319ed332538998cf	48133bfbd4393e273bf892ea0c205484
31224	0dc9f7a0bd140037e978384993db68a4	b2f285560755bf91319ed332538998cf	48133bfbd4393e273bf892ea0c205484
31225	0dc9f7a0bd140037e978384993db68a4	b2f285560755bf91319ed332538998cf	48133bfbd4393e273bf892ea0c205484
31226	0dc9f7a0bd140037e978384993db68a4	b2f285560755bf91319ed332538998cf	48133bfbd4393e273bf892ea0c205484
31227	0dc9f7a0bd140037e978384993db68a4	b2f285560755bf91319ed332538998cf	48133bfbd4393e273bf892ea0c205484
31228	0dc9f7a0bd140037e978384993db68a4	b2f285560755bf91319ed332538998cf	48133bfbd4393e273bf892ea0c205484
31229	0dc9f7a0bd140037e978384993db68a4	b2f285560755bf91319ed332538998cf	48133bfbd4393e273bf892ea0c205484
31230	4cd64fa78b92bf338fd9276f1c6f377b	beb4c71af4b311055a7b53b1af3de604	e93df67a866754cbe15bac994aaf4e33
31231	4cd64fa78b92bf338fd9276f1c6f377b	beb4c71af4b311055a7b53b1af3de604	e93df67a866754cbe15bac994aaf4e33
31232	4cd64fa78b92bf338fd9276f1c6f377b	beb4c71af4b311055a7b53b1af3de604	e93df67a866754cbe15bac994aaf4e33
31233	4cd64fa78b92bf338fd9276f1c6f377b	beb4c71af4b311055a7b53b1af3de604	e93df67a866754cbe15bac994aaf4e33
31234	4cd64fa78b92bf338fd9276f1c6f377b	beb4c71af4b311055a7b53b1af3de604	e93df67a866754cbe15bac994aaf4e33
31235	8c2bb5909677f73ff24f248d558451e9	a1fb329810972f8176f52b91332569be	c0acecc01564dbf1c43173fbead13e65
31236	8c2bb5909677f73ff24f248d558451e9	a1fb329810972f8176f52b91332569be	c0acecc01564dbf1c43173fbead13e65
31237	8c2bb5909677f73ff24f248d558451e9	a1fb329810972f8176f52b91332569be	c0acecc01564dbf1c43173fbead13e65
31238	8c2bb5909677f73ff24f248d558451e9	a1fb329810972f8176f52b91332569be	c0acecc01564dbf1c43173fbead13e65
31239	8c2bb5909677f73ff24f248d558451e9	a1fb329810972f8176f52b91332569be	c0acecc01564dbf1c43173fbead13e65
31240	5819ed6ef049ca66135712e4e950d315	8641e6ba21621126de3e71b2081536b2	fd11aff3eb79fd6a6ac07b69b20a2be5
31241	5819ed6ef049ca66135712e4e950d315	8641e6ba21621126de3e71b2081536b2	fd11aff3eb79fd6a6ac07b69b20a2be5
31242	5819ed6ef049ca66135712e4e950d315	8641e6ba21621126de3e71b2081536b2	fd11aff3eb79fd6a6ac07b69b20a2be5
31243	5819ed6ef049ca66135712e4e950d315	8641e6ba21621126de3e71b2081536b2	fd11aff3eb79fd6a6ac07b69b20a2be5
31244	5819ed6ef049ca66135712e4e950d315	8641e6ba21621126de3e71b2081536b2	fd11aff3eb79fd6a6ac07b69b20a2be5
31245	f083c903e28a5b4f52b65201980d4b72	18cd19f5ecac3ba9398b30fc7ea4e211	ff4d5530a9ba508baf63c7ecfbab26ca
31246	f083c903e28a5b4f52b65201980d4b72	18cd19f5ecac3ba9398b30fc7ea4e211	ff4d5530a9ba508baf63c7ecfbab26ca
31247	46d60430fca1f5df345cf5ff3a132701	c9f54182e07bd971db0547d784f17456	e9bfbfa65865d16d1aab75823e648025
31248	46d60430fca1f5df345cf5ff3a132701	c9f54182e07bd971db0547d784f17456	e9bfbfa65865d16d1aab75823e648025
31249	46d60430fca1f5df345cf5ff3a132701	c9f54182e07bd971db0547d784f17456	e9bfbfa65865d16d1aab75823e648025
31250	46d60430fca1f5df345cf5ff3a132701	c9f54182e07bd971db0547d784f17456	e9bfbfa65865d16d1aab75823e648025
31251	46d60430fca1f5df345cf5ff3a132701	c9f54182e07bd971db0547d784f17456	e9bfbfa65865d16d1aab75823e648025
31252	62973bc2e3c6cc7e0f16758c0031a481	35cd1e3cdd38dbfe0ac7649e54b1ba0e	24a3f78b78cd969881cb62f637bb33cd
31253	62973bc2e3c6cc7e0f16758c0031a481	35cd1e3cdd38dbfe0ac7649e54b1ba0e	24a3f78b78cd969881cb62f637bb33cd
31254	62973bc2e3c6cc7e0f16758c0031a481	35cd1e3cdd38dbfe0ac7649e54b1ba0e	24a3f78b78cd969881cb62f637bb33cd
31255	62973bc2e3c6cc7e0f16758c0031a481	35cd1e3cdd38dbfe0ac7649e54b1ba0e	24a3f78b78cd969881cb62f637bb33cd
31256	62973bc2e3c6cc7e0f16758c0031a481	35cd1e3cdd38dbfe0ac7649e54b1ba0e	24a3f78b78cd969881cb62f637bb33cd
31257	62973bc2e3c6cc7e0f16758c0031a481	35cd1e3cdd38dbfe0ac7649e54b1ba0e	24a3f78b78cd969881cb62f637bb33cd
31258	62973bc2e3c6cc7e0f16758c0031a481	35cd1e3cdd38dbfe0ac7649e54b1ba0e	24a3f78b78cd969881cb62f637bb33cd
31259	de5ea6303e9daf1066a9c1c0123d5059	47d14cfa8700dd6476f91fe01b96c096	02d78e2de9b6db584173b6c481484971
31260	de5ea6303e9daf1066a9c1c0123d5059	47d14cfa8700dd6476f91fe01b96c096	02d78e2de9b6db584173b6c481484971
31261	de5ea6303e9daf1066a9c1c0123d5059	47d14cfa8700dd6476f91fe01b96c096	02d78e2de9b6db584173b6c481484971
31262	de5ea6303e9daf1066a9c1c0123d5059	47d14cfa8700dd6476f91fe01b96c096	02d78e2de9b6db584173b6c481484971
31263	de5ea6303e9daf1066a9c1c0123d5059	47d14cfa8700dd6476f91fe01b96c096	02d78e2de9b6db584173b6c481484971
31264	de5ea6303e9daf1066a9c1c0123d5059	47d14cfa8700dd6476f91fe01b96c096	02d78e2de9b6db584173b6c481484971
31265	de5ea6303e9daf1066a9c1c0123d5059	47d14cfa8700dd6476f91fe01b96c096	02d78e2de9b6db584173b6c481484971
31266	de5ea6303e9daf1066a9c1c0123d5059	47d14cfa8700dd6476f91fe01b96c096	02d78e2de9b6db584173b6c481484971
31267	de5ea6303e9daf1066a9c1c0123d5059	47d14cfa8700dd6476f91fe01b96c096	02d78e2de9b6db584173b6c481484971
31268	de5ea6303e9daf1066a9c1c0123d5059	47d14cfa8700dd6476f91fe01b96c096	02d78e2de9b6db584173b6c481484971
31269	9799d0f9136cfd75cdeb505edbf25fd3	44f97b0298f9c6938a977917fc563b9c	c63f11e08db00df94d5298d09b260e23
31270	9799d0f9136cfd75cdeb505edbf25fd3	44f97b0298f9c6938a977917fc563b9c	c63f11e08db00df94d5298d09b260e23
31271	9799d0f9136cfd75cdeb505edbf25fd3	44f97b0298f9c6938a977917fc563b9c	c63f11e08db00df94d5298d09b260e23
31272	9799d0f9136cfd75cdeb505edbf25fd3	44f97b0298f9c6938a977917fc563b9c	c63f11e08db00df94d5298d09b260e23
31273	9799d0f9136cfd75cdeb505edbf25fd3	44f97b0298f9c6938a977917fc563b9c	c63f11e08db00df94d5298d09b260e23
31274	9799d0f9136cfd75cdeb505edbf25fd3	44f97b0298f9c6938a977917fc563b9c	c63f11e08db00df94d5298d09b260e23
31275	9799d0f9136cfd75cdeb505edbf25fd3	44f97b0298f9c6938a977917fc563b9c	c63f11e08db00df94d5298d09b260e23
31276	5f9917f1c3132c89a809a1dc230ecc62	82882a7cd9f2c63f91ba7c207b2992d1	2a7963c5d965e859463a7313d0e014ca
31277	5f9917f1c3132c89a809a1dc230ecc62	82882a7cd9f2c63f91ba7c207b2992d1	2a7963c5d965e859463a7313d0e014ca
31278	5f9917f1c3132c89a809a1dc230ecc62	82882a7cd9f2c63f91ba7c207b2992d1	2a7963c5d965e859463a7313d0e014ca
31279	e757bef708a094720da758219873f156	f1a8f865dd27e5ba2e71d9af57f26cdd	04c41d62eab35f5081f383eca13e0ce2
31280	e757bef708a094720da758219873f156	f1a8f865dd27e5ba2e71d9af57f26cdd	04c41d62eab35f5081f383eca13e0ce2
31281	bd32a6f10b761f62b60ea640c0cbce11	f92670b2bd286222fe5eb1a6cc98001e	4ac05bc822877264ce0b02156bc23e5d
31282	bd32a6f10b761f62b60ea640c0cbce11	f92670b2bd286222fe5eb1a6cc98001e	4ac05bc822877264ce0b02156bc23e5d
31283	bd32a6f10b761f62b60ea640c0cbce11	f92670b2bd286222fe5eb1a6cc98001e	4ac05bc822877264ce0b02156bc23e5d
31284	bd32a6f10b761f62b60ea640c0cbce11	f92670b2bd286222fe5eb1a6cc98001e	4ac05bc822877264ce0b02156bc23e5d
31285	bd32a6f10b761f62b60ea640c0cbce11	f92670b2bd286222fe5eb1a6cc98001e	4ac05bc822877264ce0b02156bc23e5d
31286	bd32a6f10b761f62b60ea640c0cbce11	f92670b2bd286222fe5eb1a6cc98001e	4ac05bc822877264ce0b02156bc23e5d
31287	bd32a6f10b761f62b60ea640c0cbce11	f92670b2bd286222fe5eb1a6cc98001e	4ac05bc822877264ce0b02156bc23e5d
31288	60d547cd84e1603276593c7dc1f39c3b	d4bb3bc4dfdedd2277f4418bcdfee7ac	511449f9c05b265a864b32249177606b
31289	60d547cd84e1603276593c7dc1f39c3b	d4bb3bc4dfdedd2277f4418bcdfee7ac	511449f9c05b265a864b32249177606b
31290	60d547cd84e1603276593c7dc1f39c3b	d4bb3bc4dfdedd2277f4418bcdfee7ac	511449f9c05b265a864b32249177606b
31291	60d547cd84e1603276593c7dc1f39c3b	d4bb3bc4dfdedd2277f4418bcdfee7ac	511449f9c05b265a864b32249177606b
31292	60d547cd84e1603276593c7dc1f39c3b	d4bb3bc4dfdedd2277f4418bcdfee7ac	511449f9c05b265a864b32249177606b
31293	4a48e9d2250042d611c7135bb966dd48	57a90e7d30c4f88eb9c8b7dbebf12b1b	7deee6c667520474cf7b2f5d758d9a24
31294	4a48e9d2250042d611c7135bb966dd48	57a90e7d30c4f88eb9c8b7dbebf12b1b	7deee6c667520474cf7b2f5d758d9a24
31295	4a48e9d2250042d611c7135bb966dd48	57a90e7d30c4f88eb9c8b7dbebf12b1b	7deee6c667520474cf7b2f5d758d9a24
31296	4a48e9d2250042d611c7135bb966dd48	57a90e7d30c4f88eb9c8b7dbebf12b1b	7deee6c667520474cf7b2f5d758d9a24
31297	4a48e9d2250042d611c7135bb966dd48	57a90e7d30c4f88eb9c8b7dbebf12b1b	7deee6c667520474cf7b2f5d758d9a24
31298	4a48e9d2250042d611c7135bb966dd48	57a90e7d30c4f88eb9c8b7dbebf12b1b	7deee6c667520474cf7b2f5d758d9a24
31299	4a48e9d2250042d611c7135bb966dd48	57a90e7d30c4f88eb9c8b7dbebf12b1b	7deee6c667520474cf7b2f5d758d9a24
31300	4a48e9d2250042d611c7135bb966dd48	57a90e7d30c4f88eb9c8b7dbebf12b1b	7deee6c667520474cf7b2f5d758d9a24
31301	4a48e9d2250042d611c7135bb966dd48	57a90e7d30c4f88eb9c8b7dbebf12b1b	7deee6c667520474cf7b2f5d758d9a24
31302	4a48e9d2250042d611c7135bb966dd48	57a90e7d30c4f88eb9c8b7dbebf12b1b	7deee6c667520474cf7b2f5d758d9a24
31303	4a48e9d2250042d611c7135bb966dd48	57a90e7d30c4f88eb9c8b7dbebf12b1b	7deee6c667520474cf7b2f5d758d9a24
31304	4a48e9d2250042d611c7135bb966dd48	57a90e7d30c4f88eb9c8b7dbebf12b1b	7deee6c667520474cf7b2f5d758d9a24
31305	4a48e9d2250042d611c7135bb966dd48	57a90e7d30c4f88eb9c8b7dbebf12b1b	7deee6c667520474cf7b2f5d758d9a24
31306	4a48e9d2250042d611c7135bb966dd48	57a90e7d30c4f88eb9c8b7dbebf12b1b	7deee6c667520474cf7b2f5d758d9a24
31307	4a48e9d2250042d611c7135bb966dd48	57a90e7d30c4f88eb9c8b7dbebf12b1b	7deee6c667520474cf7b2f5d758d9a24
31308	4a48e9d2250042d611c7135bb966dd48	57a90e7d30c4f88eb9c8b7dbebf12b1b	7deee6c667520474cf7b2f5d758d9a24
31309	4a48e9d2250042d611c7135bb966dd48	57a90e7d30c4f88eb9c8b7dbebf12b1b	7deee6c667520474cf7b2f5d758d9a24
31310	b283769466fcdf837a9afd1a1daac39a	cf364850cb75bc6d9eed27e7b332e479	e478d2a036919e33e787ce2b374ecd72
31311	b283769466fcdf837a9afd1a1daac39a	cf364850cb75bc6d9eed27e7b332e479	e478d2a036919e33e787ce2b374ecd72
31312	b283769466fcdf837a9afd1a1daac39a	cf364850cb75bc6d9eed27e7b332e479	e478d2a036919e33e787ce2b374ecd72
31313	b283769466fcdf837a9afd1a1daac39a	cf364850cb75bc6d9eed27e7b332e479	e478d2a036919e33e787ce2b374ecd72
31314	b283769466fcdf837a9afd1a1daac39a	cf364850cb75bc6d9eed27e7b332e479	e478d2a036919e33e787ce2b374ecd72
31315	b283769466fcdf837a9afd1a1daac39a	cf364850cb75bc6d9eed27e7b332e479	e478d2a036919e33e787ce2b374ecd72
31316	b283769466fcdf837a9afd1a1daac39a	cf364850cb75bc6d9eed27e7b332e479	e478d2a036919e33e787ce2b374ecd72
31317	150b7bd7bf94ca94d57e4818f52864b6	df284114d0966580182fd1be37aab35d	60934ff2130d5f40efe13af64a9577be
31318	150b7bd7bf94ca94d57e4818f52864b6	df284114d0966580182fd1be37aab35d	60934ff2130d5f40efe13af64a9577be
31319	150b7bd7bf94ca94d57e4818f52864b6	df284114d0966580182fd1be37aab35d	60934ff2130d5f40efe13af64a9577be
31320	150b7bd7bf94ca94d57e4818f52864b6	df284114d0966580182fd1be37aab35d	60934ff2130d5f40efe13af64a9577be
31321	150b7bd7bf94ca94d57e4818f52864b6	df284114d0966580182fd1be37aab35d	60934ff2130d5f40efe13af64a9577be
31322	d36b796559070cb442a2513e4aa8fce2	ef8cf3d761bbbb6006e1b389d2864db9	125d390f98fc34aea87a96120376e856
31323	d36b796559070cb442a2513e4aa8fce2	ef8cf3d761bbbb6006e1b389d2864db9	125d390f98fc34aea87a96120376e856
31324	d36b796559070cb442a2513e4aa8fce2	ef8cf3d761bbbb6006e1b389d2864db9	125d390f98fc34aea87a96120376e856
31325	d36b796559070cb442a2513e4aa8fce2	ef8cf3d761bbbb6006e1b389d2864db9	125d390f98fc34aea87a96120376e856
31326	d36b796559070cb442a2513e4aa8fce2	ef8cf3d761bbbb6006e1b389d2864db9	125d390f98fc34aea87a96120376e856
31327	d36b796559070cb442a2513e4aa8fce2	ef8cf3d761bbbb6006e1b389d2864db9	125d390f98fc34aea87a96120376e856
31328	d36b796559070cb442a2513e4aa8fce2	ef8cf3d761bbbb6006e1b389d2864db9	125d390f98fc34aea87a96120376e856
31329	de7ab84f0852a5f429a1660549759c8c	e97019286f3847a0eb6a82fa9948418f	a788da3fac894a8c70cedb6691b574b4
31330	de7ab84f0852a5f429a1660549759c8c	e97019286f3847a0eb6a82fa9948418f	a788da3fac894a8c70cedb6691b574b4
31331	de7ab84f0852a5f429a1660549759c8c	e97019286f3847a0eb6a82fa9948418f	a788da3fac894a8c70cedb6691b574b4
31332	de7ab84f0852a5f429a1660549759c8c	e97019286f3847a0eb6a82fa9948418f	a788da3fac894a8c70cedb6691b574b4
31333	de7ab84f0852a5f429a1660549759c8c	e97019286f3847a0eb6a82fa9948418f	a788da3fac894a8c70cedb6691b574b4
31334	4c0fb38e533793a56426d512f16a23a1	0e9cc35074698973decd4e32abca5006	6d4470de9d6e51375c4ec91a5545774d
31335	4c0fb38e533793a56426d512f16a23a1	0e9cc35074698973decd4e32abca5006	6d4470de9d6e51375c4ec91a5545774d
31336	4c0fb38e533793a56426d512f16a23a1	0e9cc35074698973decd4e32abca5006	6d4470de9d6e51375c4ec91a5545774d
31337	4c0fb38e533793a56426d512f16a23a1	0e9cc35074698973decd4e32abca5006	6d4470de9d6e51375c4ec91a5545774d
31338	4c0fb38e533793a56426d512f16a23a1	0e9cc35074698973decd4e32abca5006	6d4470de9d6e51375c4ec91a5545774d
31339	a023f41d455b150f1686160d41098d7e	ef02446a6a5709b9031816c82b0f953d	de8e81768718b8478eba3c2fc94a3e86
31340	a023f41d455b150f1686160d41098d7e	ef02446a6a5709b9031816c82b0f953d	de8e81768718b8478eba3c2fc94a3e86
31341	a023f41d455b150f1686160d41098d7e	ef02446a6a5709b9031816c82b0f953d	de8e81768718b8478eba3c2fc94a3e86
31342	a023f41d455b150f1686160d41098d7e	ef02446a6a5709b9031816c82b0f953d	de8e81768718b8478eba3c2fc94a3e86
31343	a023f41d455b150f1686160d41098d7e	ef02446a6a5709b9031816c82b0f953d	de8e81768718b8478eba3c2fc94a3e86
31344	a023f41d455b150f1686160d41098d7e	ef02446a6a5709b9031816c82b0f953d	de8e81768718b8478eba3c2fc94a3e86
31345	a023f41d455b150f1686160d41098d7e	ef02446a6a5709b9031816c82b0f953d	de8e81768718b8478eba3c2fc94a3e86
31346	a023f41d455b150f1686160d41098d7e	ef02446a6a5709b9031816c82b0f953d	de8e81768718b8478eba3c2fc94a3e86
31347	a023f41d455b150f1686160d41098d7e	ef02446a6a5709b9031816c82b0f953d	de8e81768718b8478eba3c2fc94a3e86
31348	a023f41d455b150f1686160d41098d7e	ef02446a6a5709b9031816c82b0f953d	de8e81768718b8478eba3c2fc94a3e86
31349	a023f41d455b150f1686160d41098d7e	ef02446a6a5709b9031816c82b0f953d	de8e81768718b8478eba3c2fc94a3e86
31350	a023f41d455b150f1686160d41098d7e	ef02446a6a5709b9031816c82b0f953d	de8e81768718b8478eba3c2fc94a3e86
31351	216485bf8ae82a90b0edc958544fdf5b	e2b23f378a26a5847ed7ba260079971c	bfe76a215b92c5580e5e013ac2a85d73
31352	216485bf8ae82a90b0edc958544fdf5b	e2b23f378a26a5847ed7ba260079971c	bfe76a215b92c5580e5e013ac2a85d73
31353	216485bf8ae82a90b0edc958544fdf5b	e2b23f378a26a5847ed7ba260079971c	bfe76a215b92c5580e5e013ac2a85d73
31354	216485bf8ae82a90b0edc958544fdf5b	e2b23f378a26a5847ed7ba260079971c	bfe76a215b92c5580e5e013ac2a85d73
31355	216485bf8ae82a90b0edc958544fdf5b	e2b23f378a26a5847ed7ba260079971c	bfe76a215b92c5580e5e013ac2a85d73
31356	216485bf8ae82a90b0edc958544fdf5b	e2b23f378a26a5847ed7ba260079971c	bfe76a215b92c5580e5e013ac2a85d73
31357	216485bf8ae82a90b0edc958544fdf5b	e2b23f378a26a5847ed7ba260079971c	bfe76a215b92c5580e5e013ac2a85d73
31358	b4b228d794f7eed1b88c10b3a9e4262c	ec71368e3895fe67af238ba749403217	531a92f9095552d94433a4bbdb9b75d4
31359	b4b228d794f7eed1b88c10b3a9e4262c	ec71368e3895fe67af238ba749403217	531a92f9095552d94433a4bbdb9b75d4
31360	b4b228d794f7eed1b88c10b3a9e4262c	ec71368e3895fe67af238ba749403217	531a92f9095552d94433a4bbdb9b75d4
31361	b4b228d794f7eed1b88c10b3a9e4262c	ec71368e3895fe67af238ba749403217	531a92f9095552d94433a4bbdb9b75d4
31362	b4b228d794f7eed1b88c10b3a9e4262c	ec71368e3895fe67af238ba749403217	531a92f9095552d94433a4bbdb9b75d4
31363	c0b4c39d28c4775f29ba3d78ab4d8571	c8d36334103ef941fe3b3b72fd1b5836	d81bedd1624a5c3781163c92f070eda9
31364	c0b4c39d28c4775f29ba3d78ab4d8571	c8d36334103ef941fe3b3b72fd1b5836	d81bedd1624a5c3781163c92f070eda9
31365	c0b4c39d28c4775f29ba3d78ab4d8571	c8d36334103ef941fe3b3b72fd1b5836	d81bedd1624a5c3781163c92f070eda9
31366	c0b4c39d28c4775f29ba3d78ab4d8571	c8d36334103ef941fe3b3b72fd1b5836	d81bedd1624a5c3781163c92f070eda9
31367	c0b4c39d28c4775f29ba3d78ab4d8571	c8d36334103ef941fe3b3b72fd1b5836	d81bedd1624a5c3781163c92f070eda9
31368	c0b4c39d28c4775f29ba3d78ab4d8571	c8d36334103ef941fe3b3b72fd1b5836	d81bedd1624a5c3781163c92f070eda9
31369	c0b4c39d28c4775f29ba3d78ab4d8571	c8d36334103ef941fe3b3b72fd1b5836	d81bedd1624a5c3781163c92f070eda9
31370	830f6db1c116249a2c07dcd8db2dd48e	4b29f16188534c22b71731c0a5c18495	540fa711d6d2f1865e98a7d42e89b05e
31371	830f6db1c116249a2c07dcd8db2dd48e	4b29f16188534c22b71731c0a5c18495	540fa711d6d2f1865e98a7d42e89b05e
31372	830f6db1c116249a2c07dcd8db2dd48e	4b29f16188534c22b71731c0a5c18495	540fa711d6d2f1865e98a7d42e89b05e
31373	830f6db1c116249a2c07dcd8db2dd48e	4b29f16188534c22b71731c0a5c18495	540fa711d6d2f1865e98a7d42e89b05e
31374	830f6db1c116249a2c07dcd8db2dd48e	4b29f16188534c22b71731c0a5c18495	540fa711d6d2f1865e98a7d42e89b05e
31375	f60e872f26a009f6e87fff869f1133a9	a3f0f7505616bc76572d27c7ad546f86	5af400ae4514a16a141e1c0fd6dfacb1
31376	f60e872f26a009f6e87fff869f1133a9	a3f0f7505616bc76572d27c7ad546f86	5af400ae4514a16a141e1c0fd6dfacb1
31377	f60e872f26a009f6e87fff869f1133a9	a3f0f7505616bc76572d27c7ad546f86	5af400ae4514a16a141e1c0fd6dfacb1
31378	f60e872f26a009f6e87fff869f1133a9	a3f0f7505616bc76572d27c7ad546f86	5af400ae4514a16a141e1c0fd6dfacb1
31379	f60e872f26a009f6e87fff869f1133a9	a3f0f7505616bc76572d27c7ad546f86	5af400ae4514a16a141e1c0fd6dfacb1
31380	677821eaa3c8db2341274b82d43f53d4	999003bd7e91594df847ccd73392867f	89a3ef61af7c743f6eefbf142534adcc
31381	677821eaa3c8db2341274b82d43f53d4	999003bd7e91594df847ccd73392867f	89a3ef61af7c743f6eefbf142534adcc
31382	677821eaa3c8db2341274b82d43f53d4	999003bd7e91594df847ccd73392867f	89a3ef61af7c743f6eefbf142534adcc
31383	677821eaa3c8db2341274b82d43f53d4	999003bd7e91594df847ccd73392867f	89a3ef61af7c743f6eefbf142534adcc
31384	677821eaa3c8db2341274b82d43f53d4	999003bd7e91594df847ccd73392867f	89a3ef61af7c743f6eefbf142534adcc
31385	677821eaa3c8db2341274b82d43f53d4	999003bd7e91594df847ccd73392867f	89a3ef61af7c743f6eefbf142534adcc
31386	677821eaa3c8db2341274b82d43f53d4	999003bd7e91594df847ccd73392867f	89a3ef61af7c743f6eefbf142534adcc
31387	677821eaa3c8db2341274b82d43f53d4	999003bd7e91594df847ccd73392867f	89a3ef61af7c743f6eefbf142534adcc
31388	677821eaa3c8db2341274b82d43f53d4	999003bd7e91594df847ccd73392867f	89a3ef61af7c743f6eefbf142534adcc
31389	677821eaa3c8db2341274b82d43f53d4	999003bd7e91594df847ccd73392867f	89a3ef61af7c743f6eefbf142534adcc
31390	677821eaa3c8db2341274b82d43f53d4	999003bd7e91594df847ccd73392867f	89a3ef61af7c743f6eefbf142534adcc
31391	677821eaa3c8db2341274b82d43f53d4	999003bd7e91594df847ccd73392867f	89a3ef61af7c743f6eefbf142534adcc
31392	ba6151dbbd69ada0732e7ae9f8a738db	b51b6c2046cf7a548a2bcc7baa3db97c	b6c70d82e28c8d2cd5f3e168b1695013
31393	ba6151dbbd69ada0732e7ae9f8a738db	b51b6c2046cf7a548a2bcc7baa3db97c	b6c70d82e28c8d2cd5f3e168b1695013
31394	ba6151dbbd69ada0732e7ae9f8a738db	b51b6c2046cf7a548a2bcc7baa3db97c	b6c70d82e28c8d2cd5f3e168b1695013
31395	ba6151dbbd69ada0732e7ae9f8a738db	b51b6c2046cf7a548a2bcc7baa3db97c	b6c70d82e28c8d2cd5f3e168b1695013
31396	ba6151dbbd69ada0732e7ae9f8a738db	b51b6c2046cf7a548a2bcc7baa3db97c	b6c70d82e28c8d2cd5f3e168b1695013
31397	ba6151dbbd69ada0732e7ae9f8a738db	b51b6c2046cf7a548a2bcc7baa3db97c	b6c70d82e28c8d2cd5f3e168b1695013
31398	ba6151dbbd69ada0732e7ae9f8a738db	b51b6c2046cf7a548a2bcc7baa3db97c	b6c70d82e28c8d2cd5f3e168b1695013
31399	264a4252c57ddec01d0e68bbb6fcd226	fc04473dad9d6c0c02e770d9ed75ee3d	1233ba2d2f36e9f0e7861a2cbf4a039e
31400	264a4252c57ddec01d0e68bbb6fcd226	fc04473dad9d6c0c02e770d9ed75ee3d	1233ba2d2f36e9f0e7861a2cbf4a039e
31401	264a4252c57ddec01d0e68bbb6fcd226	fc04473dad9d6c0c02e770d9ed75ee3d	1233ba2d2f36e9f0e7861a2cbf4a039e
31402	264a4252c57ddec01d0e68bbb6fcd226	fc04473dad9d6c0c02e770d9ed75ee3d	1233ba2d2f36e9f0e7861a2cbf4a039e
31403	264a4252c57ddec01d0e68bbb6fcd226	fc04473dad9d6c0c02e770d9ed75ee3d	1233ba2d2f36e9f0e7861a2cbf4a039e
31404	264a4252c57ddec01d0e68bbb6fcd226	fc04473dad9d6c0c02e770d9ed75ee3d	1233ba2d2f36e9f0e7861a2cbf4a039e
31405	264a4252c57ddec01d0e68bbb6fcd226	fc04473dad9d6c0c02e770d9ed75ee3d	1233ba2d2f36e9f0e7861a2cbf4a039e
31406	264a4252c57ddec01d0e68bbb6fcd226	fc04473dad9d6c0c02e770d9ed75ee3d	1233ba2d2f36e9f0e7861a2cbf4a039e
31407	264a4252c57ddec01d0e68bbb6fcd226	fc04473dad9d6c0c02e770d9ed75ee3d	1233ba2d2f36e9f0e7861a2cbf4a039e
31408	264a4252c57ddec01d0e68bbb6fcd226	fc04473dad9d6c0c02e770d9ed75ee3d	1233ba2d2f36e9f0e7861a2cbf4a039e
31409	125d9eafc1ef49be12bf9827c62df4e0	8a21c312290e391684696cb75160c023	d07de86ced51461c6e530ef1f0c6c764
31410	125d9eafc1ef49be12bf9827c62df4e0	8a21c312290e391684696cb75160c023	d07de86ced51461c6e530ef1f0c6c764
31411	125d9eafc1ef49be12bf9827c62df4e0	8a21c312290e391684696cb75160c023	d07de86ced51461c6e530ef1f0c6c764
31412	125d9eafc1ef49be12bf9827c62df4e0	8a21c312290e391684696cb75160c023	d07de86ced51461c6e530ef1f0c6c764
31413	125d9eafc1ef49be12bf9827c62df4e0	8a21c312290e391684696cb75160c023	d07de86ced51461c6e530ef1f0c6c764
31414	125d9eafc1ef49be12bf9827c62df4e0	8a21c312290e391684696cb75160c023	d07de86ced51461c6e530ef1f0c6c764
31415	125d9eafc1ef49be12bf9827c62df4e0	8a21c312290e391684696cb75160c023	d07de86ced51461c6e530ef1f0c6c764
31416	08c6cc837db36879a8e7c1f36fdcf96f	2c086d084fbfcb27c150774ca13213d8	a6ea62111754c80f9d14cc949dd899b3
31417	08c6cc837db36879a8e7c1f36fdcf96f	2c086d084fbfcb27c150774ca13213d8	a6ea62111754c80f9d14cc949dd899b3
31418	08c6cc837db36879a8e7c1f36fdcf96f	2c086d084fbfcb27c150774ca13213d8	a6ea62111754c80f9d14cc949dd899b3
31419	08c6cc837db36879a8e7c1f36fdcf96f	2c086d084fbfcb27c150774ca13213d8	a6ea62111754c80f9d14cc949dd899b3
31420	08c6cc837db36879a8e7c1f36fdcf96f	2c086d084fbfcb27c150774ca13213d8	a6ea62111754c80f9d14cc949dd899b3
31421	91635538213bf7092c0bdf244b5a43fb	e5f94f36d3a0aaf70501778855cda294	54431eab2e2ea0c3863a1bd39f05e39f
31422	91635538213bf7092c0bdf244b5a43fb	e5f94f36d3a0aaf70501778855cda294	54431eab2e2ea0c3863a1bd39f05e39f
31423	91635538213bf7092c0bdf244b5a43fb	e5f94f36d3a0aaf70501778855cda294	54431eab2e2ea0c3863a1bd39f05e39f
31424	91635538213bf7092c0bdf244b5a43fb	e5f94f36d3a0aaf70501778855cda294	54431eab2e2ea0c3863a1bd39f05e39f
31425	91635538213bf7092c0bdf244b5a43fb	e5f94f36d3a0aaf70501778855cda294	54431eab2e2ea0c3863a1bd39f05e39f
31426	91635538213bf7092c0bdf244b5a43fb	e5f94f36d3a0aaf70501778855cda294	54431eab2e2ea0c3863a1bd39f05e39f
31427	91635538213bf7092c0bdf244b5a43fb	e5f94f36d3a0aaf70501778855cda294	54431eab2e2ea0c3863a1bd39f05e39f
31428	91635538213bf7092c0bdf244b5a43fb	e5f94f36d3a0aaf70501778855cda294	54431eab2e2ea0c3863a1bd39f05e39f
31429	91635538213bf7092c0bdf244b5a43fb	e5f94f36d3a0aaf70501778855cda294	54431eab2e2ea0c3863a1bd39f05e39f
31430	91635538213bf7092c0bdf244b5a43fb	e5f94f36d3a0aaf70501778855cda294	54431eab2e2ea0c3863a1bd39f05e39f
31431	91635538213bf7092c0bdf244b5a43fb	e5f94f36d3a0aaf70501778855cda294	54431eab2e2ea0c3863a1bd39f05e39f
31432	91635538213bf7092c0bdf244b5a43fb	e5f94f36d3a0aaf70501778855cda294	54431eab2e2ea0c3863a1bd39f05e39f
31433	91635538213bf7092c0bdf244b5a43fb	e5f94f36d3a0aaf70501778855cda294	54431eab2e2ea0c3863a1bd39f05e39f
31434	91635538213bf7092c0bdf244b5a43fb	e5f94f36d3a0aaf70501778855cda294	54431eab2e2ea0c3863a1bd39f05e39f
31435	91635538213bf7092c0bdf244b5a43fb	e5f94f36d3a0aaf70501778855cda294	54431eab2e2ea0c3863a1bd39f05e39f
31436	91635538213bf7092c0bdf244b5a43fb	e5f94f36d3a0aaf70501778855cda294	54431eab2e2ea0c3863a1bd39f05e39f
31437	91635538213bf7092c0bdf244b5a43fb	e5f94f36d3a0aaf70501778855cda294	54431eab2e2ea0c3863a1bd39f05e39f
31438	49fc214495f28b2600dfcb30002f4396	3041ba8b5b46348e39282cfb8e25086d	c33c165066cb90260a27cc78ebdaae16
31439	49fc214495f28b2600dfcb30002f4396	3041ba8b5b46348e39282cfb8e25086d	c33c165066cb90260a27cc78ebdaae16
31440	49fc214495f28b2600dfcb30002f4396	3041ba8b5b46348e39282cfb8e25086d	c33c165066cb90260a27cc78ebdaae16
31441	c1117403913e7fc5cfb379c0ec2f9f6e	7350b8562f79615bc4dacfa3f009587d	f931e6136476d949b708704e5f7c5646
31442	c1117403913e7fc5cfb379c0ec2f9f6e	7350b8562f79615bc4dacfa3f009587d	f931e6136476d949b708704e5f7c5646
31443	2c519c1865f6cc41460447b371f22180	6ebf3e0894ca5f6762d8c6480a9ce0fb	62d7ed4029aca675b845c6b53a4551d8
31444	2c519c1865f6cc41460447b371f22180	6ebf3e0894ca5f6762d8c6480a9ce0fb	62d7ed4029aca675b845c6b53a4551d8
31445	154df609fb9251de23015c554eed072b	da674187fc8a16cedab94cc74afec50c	a9e0c5e61b8531889a1fd5da3b4ee1ff
31446	154df609fb9251de23015c554eed072b	da674187fc8a16cedab94cc74afec50c	a9e0c5e61b8531889a1fd5da3b4ee1ff
31447	154df609fb9251de23015c554eed072b	da674187fc8a16cedab94cc74afec50c	a9e0c5e61b8531889a1fd5da3b4ee1ff
31448	534250011b047dab9c4f34d41e48fd9f	66479b3b025cfb5df822e0a150fac7a8	83e5bf102ebf16410800e4e6718cf713
31449	534250011b047dab9c4f34d41e48fd9f	66479b3b025cfb5df822e0a150fac7a8	83e5bf102ebf16410800e4e6718cf713
31450	534250011b047dab9c4f34d41e48fd9f	66479b3b025cfb5df822e0a150fac7a8	83e5bf102ebf16410800e4e6718cf713
31451	534250011b047dab9c4f34d41e48fd9f	66479b3b025cfb5df822e0a150fac7a8	83e5bf102ebf16410800e4e6718cf713
31452	534250011b047dab9c4f34d41e48fd9f	66479b3b025cfb5df822e0a150fac7a8	83e5bf102ebf16410800e4e6718cf713
31453	534250011b047dab9c4f34d41e48fd9f	66479b3b025cfb5df822e0a150fac7a8	83e5bf102ebf16410800e4e6718cf713
31454	534250011b047dab9c4f34d41e48fd9f	66479b3b025cfb5df822e0a150fac7a8	83e5bf102ebf16410800e4e6718cf713
31455	534250011b047dab9c4f34d41e48fd9f	66479b3b025cfb5df822e0a150fac7a8	83e5bf102ebf16410800e4e6718cf713
31456	534250011b047dab9c4f34d41e48fd9f	66479b3b025cfb5df822e0a150fac7a8	83e5bf102ebf16410800e4e6718cf713
31457	868f2a11d7117fa36664810f44766e20	dbd356a0e68b966d3d8ebe404125acdb	166f02dc2e55872d67a05606c921f76c
31458	868f2a11d7117fa36664810f44766e20	dbd356a0e68b966d3d8ebe404125acdb	166f02dc2e55872d67a05606c921f76c
31459	868f2a11d7117fa36664810f44766e20	dbd356a0e68b966d3d8ebe404125acdb	166f02dc2e55872d67a05606c921f76c
31460	534250011b047dab9c4f34d41e48fd9f	66479b3b025cfb5df822e0a150fac7a8	83e5bf102ebf16410800e4e6718cf713
31461	534250011b047dab9c4f34d41e48fd9f	66479b3b025cfb5df822e0a150fac7a8	83e5bf102ebf16410800e4e6718cf713
31462	dc63b615d12741b7946f8375b34786c4	c2e7ba1577d7d3d183ca77e3b95e6f5f	5b9ea23a00298cc9d095096111e6ad68
31463	dc63b615d12741b7946f8375b34786c4	c2e7ba1577d7d3d183ca77e3b95e6f5f	5b9ea23a00298cc9d095096111e6ad68
31464	dc63b615d12741b7946f8375b34786c4	c2e7ba1577d7d3d183ca77e3b95e6f5f	5b9ea23a00298cc9d095096111e6ad68
31465	dc63b615d12741b7946f8375b34786c4	c2e7ba1577d7d3d183ca77e3b95e6f5f	5b9ea23a00298cc9d095096111e6ad68
31466	dc63b615d12741b7946f8375b34786c4	c2e7ba1577d7d3d183ca77e3b95e6f5f	5b9ea23a00298cc9d095096111e6ad68
31467	dc63b615d12741b7946f8375b34786c4	c2e7ba1577d7d3d183ca77e3b95e6f5f	5b9ea23a00298cc9d095096111e6ad68
31468	dc63b615d12741b7946f8375b34786c4	c2e7ba1577d7d3d183ca77e3b95e6f5f	5b9ea23a00298cc9d095096111e6ad68
31469	81eb82353c5da11437afa3d70236b340	43b7ef383076bf6031189270646cc603	80ce0886eed61cc4fae5d70767bcbd20
31470	81eb82353c5da11437afa3d70236b340	43b7ef383076bf6031189270646cc603	80ce0886eed61cc4fae5d70767bcbd20
31471	81eb82353c5da11437afa3d70236b340	43b7ef383076bf6031189270646cc603	80ce0886eed61cc4fae5d70767bcbd20
31472	81eb82353c5da11437afa3d70236b340	43b7ef383076bf6031189270646cc603	80ce0886eed61cc4fae5d70767bcbd20
31473	81eb82353c5da11437afa3d70236b340	43b7ef383076bf6031189270646cc603	80ce0886eed61cc4fae5d70767bcbd20
31474	81eb82353c5da11437afa3d70236b340	43b7ef383076bf6031189270646cc603	80ce0886eed61cc4fae5d70767bcbd20
31475	81eb82353c5da11437afa3d70236b340	43b7ef383076bf6031189270646cc603	80ce0886eed61cc4fae5d70767bcbd20
31476	81eb82353c5da11437afa3d70236b340	43b7ef383076bf6031189270646cc603	80ce0886eed61cc4fae5d70767bcbd20
31477	81eb82353c5da11437afa3d70236b340	43b7ef383076bf6031189270646cc603	80ce0886eed61cc4fae5d70767bcbd20
31478	81eb82353c5da11437afa3d70236b340	43b7ef383076bf6031189270646cc603	80ce0886eed61cc4fae5d70767bcbd20
31479	2b8c177444086d9f0dde0dee6e0aedf2	2c8271d3ad31e239e0c9d50ce2201c61	395efad5d560c3832c34832eb21ebf22
31480	2b8c177444086d9f0dde0dee6e0aedf2	2c8271d3ad31e239e0c9d50ce2201c61	395efad5d560c3832c34832eb21ebf22
31481	2b8c177444086d9f0dde0dee6e0aedf2	2c8271d3ad31e239e0c9d50ce2201c61	395efad5d560c3832c34832eb21ebf22
31482	2b8c177444086d9f0dde0dee6e0aedf2	2c8271d3ad31e239e0c9d50ce2201c61	395efad5d560c3832c34832eb21ebf22
31483	2b8c177444086d9f0dde0dee6e0aedf2	2c8271d3ad31e239e0c9d50ce2201c61	395efad5d560c3832c34832eb21ebf22
31484	2b8c177444086d9f0dde0dee6e0aedf2	2c8271d3ad31e239e0c9d50ce2201c61	395efad5d560c3832c34832eb21ebf22
31485	2b8c177444086d9f0dde0dee6e0aedf2	2c8271d3ad31e239e0c9d50ce2201c61	395efad5d560c3832c34832eb21ebf22
31486	2b8c177444086d9f0dde0dee6e0aedf2	2c8271d3ad31e239e0c9d50ce2201c61	395efad5d560c3832c34832eb21ebf22
31487	2b8c177444086d9f0dde0dee6e0aedf2	2c8271d3ad31e239e0c9d50ce2201c61	395efad5d560c3832c34832eb21ebf22
31488	2b8c177444086d9f0dde0dee6e0aedf2	2c8271d3ad31e239e0c9d50ce2201c61	395efad5d560c3832c34832eb21ebf22
31489	2b8c177444086d9f0dde0dee6e0aedf2	2c8271d3ad31e239e0c9d50ce2201c61	395efad5d560c3832c34832eb21ebf22
31490	2b8c177444086d9f0dde0dee6e0aedf2	2c8271d3ad31e239e0c9d50ce2201c61	395efad5d560c3832c34832eb21ebf22
31491	fb79c0aa0a27942ee8bfb827e34bd79d	bc7d4ba7dcf3ab5e442819ada91a0a6a	6ff4bc29637b05a818ba259f4b0f63d9
31492	fb79c0aa0a27942ee8bfb827e34bd79d	bc7d4ba7dcf3ab5e442819ada91a0a6a	6ff4bc29637b05a818ba259f4b0f63d9
31493	fb79c0aa0a27942ee8bfb827e34bd79d	bc7d4ba7dcf3ab5e442819ada91a0a6a	6ff4bc29637b05a818ba259f4b0f63d9
31494	fb79c0aa0a27942ee8bfb827e34bd79d	bc7d4ba7dcf3ab5e442819ada91a0a6a	6ff4bc29637b05a818ba259f4b0f63d9
31495	fb79c0aa0a27942ee8bfb827e34bd79d	bc7d4ba7dcf3ab5e442819ada91a0a6a	6ff4bc29637b05a818ba259f4b0f63d9
31496	fb79c0aa0a27942ee8bfb827e34bd79d	bc7d4ba7dcf3ab5e442819ada91a0a6a	6ff4bc29637b05a818ba259f4b0f63d9
31497	fb79c0aa0a27942ee8bfb827e34bd79d	bc7d4ba7dcf3ab5e442819ada91a0a6a	6ff4bc29637b05a818ba259f4b0f63d9
31498	e778f63f0159a2e69f9d605e7d59f3a9	3fe8ab9a0a78d89611a4584848e87ce6	3efacb5a489382c2b0c73c1c1d85f779
31499	e778f63f0159a2e69f9d605e7d59f3a9	3fe8ab9a0a78d89611a4584848e87ce6	3efacb5a489382c2b0c73c1c1d85f779
31500	e778f63f0159a2e69f9d605e7d59f3a9	3fe8ab9a0a78d89611a4584848e87ce6	3efacb5a489382c2b0c73c1c1d85f779
31501	e778f63f0159a2e69f9d605e7d59f3a9	3fe8ab9a0a78d89611a4584848e87ce6	3efacb5a489382c2b0c73c1c1d85f779
31502	e778f63f0159a2e69f9d605e7d59f3a9	3fe8ab9a0a78d89611a4584848e87ce6	3efacb5a489382c2b0c73c1c1d85f779
31503	910fb496ac29546ad7fcb60b2ed9af1d	43bc8a0f9b305eca175d5c2325a9816a	c064c4c1b68eefc23d41b94d776efe85
31504	910fb496ac29546ad7fcb60b2ed9af1d	43bc8a0f9b305eca175d5c2325a9816a	c064c4c1b68eefc23d41b94d776efe85
31505	910fb496ac29546ad7fcb60b2ed9af1d	43bc8a0f9b305eca175d5c2325a9816a	c064c4c1b68eefc23d41b94d776efe85
31506	910fb496ac29546ad7fcb60b2ed9af1d	43bc8a0f9b305eca175d5c2325a9816a	c064c4c1b68eefc23d41b94d776efe85
31507	910fb496ac29546ad7fcb60b2ed9af1d	43bc8a0f9b305eca175d5c2325a9816a	c064c4c1b68eefc23d41b94d776efe85
31508	d9bbdd159bf5417660c67e4fb7caa221	fd319c6d9afc106642eba41deba8b54e	49f253588a927eb44d4f2d4dd8750d75
31509	d9bbdd159bf5417660c67e4fb7caa221	fd319c6d9afc106642eba41deba8b54e	49f253588a927eb44d4f2d4dd8750d75
31510	d9bbdd159bf5417660c67e4fb7caa221	fd319c6d9afc106642eba41deba8b54e	49f253588a927eb44d4f2d4dd8750d75
31511	0d17341da81dc7d4bd784281a25b9849	721afbbac42bd78866662777198a7366	8025ac40d4e1e1a8ecfd1f57193f1689
31512	0d17341da81dc7d4bd784281a25b9849	721afbbac42bd78866662777198a7366	8025ac40d4e1e1a8ecfd1f57193f1689
31513	0d17341da81dc7d4bd784281a25b9849	721afbbac42bd78866662777198a7366	8025ac40d4e1e1a8ecfd1f57193f1689
31514	0d17341da81dc7d4bd784281a25b9849	721afbbac42bd78866662777198a7366	8025ac40d4e1e1a8ecfd1f57193f1689
31515	a0e2a1c6aceb9aa01ddb573e8dbe2299	ce4645e2389dc8b4924ba3fd600cb1a6	609d303fb9483974460a73a3a2c1aef1
31516	a0e2a1c6aceb9aa01ddb573e8dbe2299	ce4645e2389dc8b4924ba3fd600cb1a6	609d303fb9483974460a73a3a2c1aef1
31517	a0e2a1c6aceb9aa01ddb573e8dbe2299	ce4645e2389dc8b4924ba3fd600cb1a6	609d303fb9483974460a73a3a2c1aef1
31518	42ec8e434275a54686ca4135d4f6cdad	c8bab9ebb4ea92e6789e7156df2b970a	97447d9cf7dd250063985ad80ce4fc59
31519	a0e2a1c6aceb9aa01ddb573e8dbe2299	ce4645e2389dc8b4924ba3fd600cb1a6	609d303fb9483974460a73a3a2c1aef1
31520	fbaa083a50663c64e17694f0f4542074	5bea5427f52a5ec07dbf8ac0fd347537	5b3122c86aedaaf4a776250d91d09c74
31521	fbaa083a50663c64e17694f0f4542074	5bea5427f52a5ec07dbf8ac0fd347537	5b3122c86aedaaf4a776250d91d09c74
31522	fbaa083a50663c64e17694f0f4542074	5bea5427f52a5ec07dbf8ac0fd347537	5b3122c86aedaaf4a776250d91d09c74
31523	fbaa083a50663c64e17694f0f4542074	5bea5427f52a5ec07dbf8ac0fd347537	5b3122c86aedaaf4a776250d91d09c74
31524	fbaa083a50663c64e17694f0f4542074	5bea5427f52a5ec07dbf8ac0fd347537	5b3122c86aedaaf4a776250d91d09c74
31525	fbaa083a50663c64e17694f0f4542074	5bea5427f52a5ec07dbf8ac0fd347537	5b3122c86aedaaf4a776250d91d09c74
31526	fbaa083a50663c64e17694f0f4542074	5bea5427f52a5ec07dbf8ac0fd347537	5b3122c86aedaaf4a776250d91d09c74
31527	b0ff2d91e6ffddb97fb13c6eed943dbf	db108f1d8a4b73072c5d873d1e3c3148	60f5659cce4c5527a95a820a02a92ddb
31528	b0ff2d91e6ffddb97fb13c6eed943dbf	db108f1d8a4b73072c5d873d1e3c3148	60f5659cce4c5527a95a820a02a92ddb
31529	b0ff2d91e6ffddb97fb13c6eed943dbf	db108f1d8a4b73072c5d873d1e3c3148	60f5659cce4c5527a95a820a02a92ddb
31530	b0ff2d91e6ffddb97fb13c6eed943dbf	db108f1d8a4b73072c5d873d1e3c3148	60f5659cce4c5527a95a820a02a92ddb
31531	b0ff2d91e6ffddb97fb13c6eed943dbf	db108f1d8a4b73072c5d873d1e3c3148	60f5659cce4c5527a95a820a02a92ddb
31532	2d0a9b96e64a775ec3dd6b7f767e3501	5b6ecac41c2bb9ae6ab3e8e568673f7e	f2166d3d5d9108e0806b05bb77f948fd
31533	2d0a9b96e64a775ec3dd6b7f767e3501	5b6ecac41c2bb9ae6ab3e8e568673f7e	f2166d3d5d9108e0806b05bb77f948fd
31534	2d0a9b96e64a775ec3dd6b7f767e3501	5b6ecac41c2bb9ae6ab3e8e568673f7e	f2166d3d5d9108e0806b05bb77f948fd
31535	2d0a9b96e64a775ec3dd6b7f767e3501	5b6ecac41c2bb9ae6ab3e8e568673f7e	f2166d3d5d9108e0806b05bb77f948fd
31536	2d0a9b96e64a775ec3dd6b7f767e3501	5b6ecac41c2bb9ae6ab3e8e568673f7e	f2166d3d5d9108e0806b05bb77f948fd
31537	2d0a9b96e64a775ec3dd6b7f767e3501	5b6ecac41c2bb9ae6ab3e8e568673f7e	f2166d3d5d9108e0806b05bb77f948fd
31538	2d0a9b96e64a775ec3dd6b7f767e3501	5b6ecac41c2bb9ae6ab3e8e568673f7e	f2166d3d5d9108e0806b05bb77f948fd
31539	85306dbbd54f570471bce6df6dfe8af4	f3dc04071b07d950e75d23e3b48103a7	8c7540d5c5e6fa087588e62b97863a24
31540	85306dbbd54f570471bce6df6dfe8af4	f3dc04071b07d950e75d23e3b48103a7	8c7540d5c5e6fa087588e62b97863a24
31541	85306dbbd54f570471bce6df6dfe8af4	f3dc04071b07d950e75d23e3b48103a7	8c7540d5c5e6fa087588e62b97863a24
31542	85306dbbd54f570471bce6df6dfe8af4	f3dc04071b07d950e75d23e3b48103a7	8c7540d5c5e6fa087588e62b97863a24
31543	85306dbbd54f570471bce6df6dfe8af4	f3dc04071b07d950e75d23e3b48103a7	8c7540d5c5e6fa087588e62b97863a24
31544	aa8c6fd4e4c255f92c9d4dae81cb17d3	5d8f217b222dbc47baee53b69bf025ac	20288600fa3f4617033304ba11c49187
31545	aa8c6fd4e4c255f92c9d4dae81cb17d3	5d8f217b222dbc47baee53b69bf025ac	20288600fa3f4617033304ba11c49187
31546	aa8c6fd4e4c255f92c9d4dae81cb17d3	5d8f217b222dbc47baee53b69bf025ac	20288600fa3f4617033304ba11c49187
# classes	legacy=551	wide=551	full=551
