# rank	legacy	wide	full
19717	9ab74160f03a910d0dbacf39fb87b2d1	7297697988136f5b80df50f51dd84b56	d85e9897718139618f6e5392a68cd2e1
19718	9ab74160f03a910d0dbacf39fb87b2d1	7297697988136f5b80df50f51dd84b56	d85e9897718139618f6e5392a68cd2e1
19719	9ab74160f03a910d0dbacf39fb87b2d1	7297697988136f5b80df50f51dd84b56	d85e9897718139618f6e5392a68cd2e1
19720	9ab74160f03a910d0dbacf39fb87b2d1	7297697988136f5b80df50f51dd84b56	d85e9897718139618f6e5392a68cd2e1
19721	9ab74160f03a910d0dbacf39fb87b2d1	7297697988136f5b80df50f51dd84b56	d85e9897718139618f6e5392a68cd2e1
19722	9ab74160f03a910d0dbacf39fb87b2d1	7297697988136f5b80df50f51dd84b56	d85e9897718139618f6e5392a68cd2e1
19723	9ab74160f03a910d0dbacf39fb87b2d1	7297697988136f5b80df50f51dd84b56	d85e9897718139618f6e5392a68cd2e1
19724	ebff76884578a6e54820f79c0c922370	47f8dcf9b925968b0326b9adef9a116b	70bb9e881863fef9bc75dc606b555e60
19725	ebff76884578a6e54820f79c0c922370	47f8dcf9b925968b0326b9adef9a116b	70bb9e881863fef9bc75dc606b555e60
19726	ebff76884578a6e54820f79c0c922370	47f8dcf9b925968b0326b9adef9a116b	70bb9e881863fef9bc75dc606b555e60
19727	ebff76884578a6e54820f79c0c922370	47f8dcf9b925968b0326b9adef9a116b	70bb9e881863fef9bc75dc606b555e60
19728	ebff76884578a6e54820f79c0c922370	47f8dcf9b925968b0326b9adef9a116b	70bb9e881863fef9bc75dc606b555e60
19729	1c670f763d78cb9b4e1c8085f6042e35	434f771870a5f3fd01476a8eff072b7a	3e48ad18257cda1f65252e3f4633b2dd
19730	1c670f763d78cb9b4e1c8085f6042e35	434f771870a5f3fd01476a8eff072b7a	3e48ad18257cda1f65252e3f4633b2dd
19731	1c670f763d78cb9b4e1c8085f6042e35	434f771870a5f3fd01476a8eff072b7a	3e48ad18257cda1f65252e3f4633b2dd
19732	1c670f763d78cb9b4e1c8085f6042e35	434f771870a5f3fd01476a8eff072b7a	3e48ad18257cda1f65252e3f4633b2dd
19733	1c670f763d78cb9b4e1c8085f6042e35	434f771870a5f3fd01476a8eff072b7a	3e48ad18257cda1f65252e3f4633b2dd
19734	1c670f763d78cb9b4e1c8085f6042e35	434f771870a5f3fd01476a8eff072b7a	3e48ad18257cda1f65252e3f4633b2dd
19735	1c670f763d78cb9b4e1c8085f6042e35	434f771870a5f3fd01476a8eff072b7a	3e48ad18257cda1f65252e3f4633b2dd
19736	363548e8b57fd918c8e4fbd1f6e4efb0	0c4161ba97255fb48ce91844f1e11a33	10774b94e66c0540c1128fae70edb138
19737	363548e8b57fd918c8e4fbd1f6e4efb0	0c4161ba97255fb48ce91844f1e11a33	10774b94e66c0540c1128fae70edb138
19738	363548e8b57fd918c8e4fbd1f6e4efb0	0c4161ba97255fb48ce91844f1e11a33	10774b94e66c0540c1128fae70edb138
19739	363548e8b57fd918c8e4fbd1f6e4efb0	0c4161ba97255fb48ce91844f1e11a33	10774b94e66c0540c1128fae70edb138
19740	363548e8b57fd918c8e4fbd1f6e4efb0	0c4161ba97255fb48ce91844f1e11a33	10774b94e66c0540c1128fae70edb138
19741	0dc9f7a0bd140037e978384993db68a4	b2f285560755bf91319ed332538998cf	48133bfbd4393e273bf892ea0c205484
19742	0dc9f7a0bd140037e978384993db68a4	b2f285560755bf91319ed332538998cf	48133bfbd4393e273bf892ea0c205484
19743	0dc9f7a0bd140037e978384993db68a4	b2f285560755bf91319ed332538998cf	48133bfbd4393e273bf892ea0c205484
19744	0dc9f7a0bd140037e978384993db68a4	b2f285560755bf91319ed332538998cf	48133bfbd4393e273bf892ea0c205484
19745	0dc9f7a0bd140037e978384993db68a4	b2f285560755bf91319ed332538998cf	48133bfbd4393e273bf892ea0c205484
19746	0dc9f7a0bd140037e978384993db68a4	b2f285560755bf91319ed332538998cf	48133bfbd4393e273bf892ea0c205484
19747	0dc9f7a0bd140037e978384993db68a4	b2f285560755bf91319ed332538998cf	48133bfbd4393e273bf892ea0c205484
19748	4cd64fa78b92bf338fd9276f1c6f377b	beb4c71af4b311055a7b53b1af3de604	e93df67a866754cbe15bac994aaf4e33
19749	4cd64fa78b92bf338fd9276f1c6f377b	beb4c71af4b311055a7b53b1af3de604	e93df67a866754cbe15bac994aaf4e33
19750	4cd64fa78b92bf338fd9276f1c6f377b	beb4c71af4b311055a7b53b1af3de604	e93df67a866754cbe15bac994aaf4e33
19751	4cd64fa78b92bf338fd9276f1c6f377b	beb4c71af4b311055a7b53b1af3de604	e93df67a866754cbe15bac994aaf4e33
19752	4cd64fa78b92bf338fd9276f1c6f377b	beb4c71af4b311055a7b53b1af3de604	e93df67a866754cbe15bac994aaf4e33
19753	8c2bb5909677f73ff24f248d558451e9	a1fb329810972f8176f52b91332569be	c0acecc01564dbf1c43173fbead13e65
19754	8c2bb5909677f73ff24f248d558451e9	a1fb329810972f8176f52b91332569be	c0acecc01564dbf1c43173fbead13e65
19755	8c2bb5909677f73ff24f248d558451e9	a1fb329810972f8176f52b91332569be	c0acecc01564dbf1c43173fbead13e65
19756	8c2bb5909677f73ff24f248d558451e9	a1fb329810972f8176f52b91332569be	c0acecc01564dbf1c43173fbead13e65
19757	8c2bb5909677f73ff24f248d558451e9	a1fb329810972f8176f52b91332569be	c0acecc01564dbf1c43173fbead13e65
19758	5819ed6ef049ca66135712e4e950d315	8641e6ba21621126de3e71b2081536b2	fd11aff3eb79fd6a6ac07b69b20a2be5
19759	5819ed6ef049ca66135712e4e950d315	8641e6ba21621126de3e71b2081536b2	fd11aff3eb79fd6a6ac07b69b20a2be5
19760	5819ed6ef049ca66135712e4e950d315	8641e6ba21621126de3e71b2081536b2	fd11aff3eb79fd6a6ac07b69b20a2be5
19761	5819ed6ef049ca66135712e4e950d315	8641e6ba21621126de3e71b2081536b2	fd11aff3eb79fd6a6ac07b69b20a2be5
19762	5819ed6ef049ca66135712e4e950d315	8641e6ba21621126de3e71b2081536b2	fd11aff3eb79fd6a6ac07b69b20a2be5
19763	f083c903e28a5b4f52b65201980d4b72	18cd19f5ecac3ba9398b30fc7ea4e211	ff4d5530a9ba508baf63c7ecfbab26ca
19764	f083c903e28a5b4f52b65201980d4b72	18cd19f5ecac3ba9398b30fc7ea4e211	ff4d5530a9ba508baf63c7ecfbab26ca
19765	46d60430fca1f5df345cf5ff3a132701	c9f54182e07bd971db0547d784f17456	e9bfbfa65865d16d1aab75823e648025
19766	46d60430fca1f5df345cf5ff3a132701	c9f54182e07bd971db0547d784f17456	e9bfbfa65865d16d1aab75823e648025
19767	46d60430fca1f5df345cf5ff3a132701	c9f54182e07bd971db0547d784f17456	e9bfbfa65865d16d1aab75823e648025
19768	46d60430fca1f5df345cf5ff3a132701	c9f54182e07bd971db0547d784f17456	e9bfbfa65865d16d1aab75823e648025
19769	46d60430fca1f5df345cf5ff3a132701	c9f54182e07bd971db0547d784f17456	e9bfbfa65865d16d1aab75823e648025
19770	62973bc2e3c6cc7e0f16758c0031a481	35cd1e3cdd38dbfe0ac7649e54b1ba0e	24a3f78b78cd969881cb62f637bb33cd
19771	62973bc2e3c6cc7e0f16758c0031a481	35cd1e3cdd38dbfe0ac7649e54b1ba0e	24a3f78b78cd969881cb62f637bb33cd
19772	62973bc2e3c6cc7e0f16758c0031a481	35cd1e3cdd38dbfe0ac7649e54b1ba0e	24a3f78b78cd969881cb62f637bb33cd
19773	62973bc2e3c6cc7e0f16758c0031a481	35cd1e3cdd38dbfe0ac7649e54b1ba0e	24a3f78b78cd969881cb62f637bb33cd
19774	62973bc2e3c6cc7e0f16758c0031a481	35cd1e3cdd38dbfe0ac7649e54b1ba0e	24a3f78b78cd969881cb62f637bb33cd
19775	62973bc2e3c6cc7e0f16758c0031a481	35cd1e3cdd38dbfe0ac7649e54b1ba0e	24a3f78b78cd969881cb62f637bb33cd
19776	62973bc2e3c6cc7e0f16758c0031a481	35cd1e3cdd38dbfe0ac7649e54b1ba0e	24a3f78b78cd969881cb62f637bb33cd
19777	de5ea6303e9daf1066a9c1c0123d5059	47d14cfa8700dd6476f91fe01b96c096	02d78e2de9b6db584173b6c481484971
19778	de5ea6303e9daf1066a9c1c0123d5059	47d14cfa8700dd6476f91fe01b96c096	02d78e2de9b6db584173b6c481484971
19779	de5ea6303e9daf1066a9c1c0123d5059	47d14cfa8700dd6476f91fe01b96c096	02d78e2de9b6db584173b6c481484971
19780	de5ea6303e9daf1066a9c1c0123d5059	47d14cfa8700dd6476f91fe01b96c096	02d78e2de9b6db584173b6c481484971
19781	de5ea6303e9daf1066a9c1c0123d5059	47d14cfa8700dd6476f91fe01b96c096	02d78e2de9b6db584173b6c481484971
19782	de5ea6303e9daf1066a9c1c0123d5059	47d14cfa8700dd6476f91fe01b96c096	02d78e2de9b6db584173b6c481484971
19783	de5ea6303e9daf1066a9c1c0123d5059	47d14cfa8700dd6476f91fe01b96c096	02d78e2de9b6db584173b6c481484971
19784	de5ea6303e9daf1066a9c1c0123d5059	47d14cfa8700dd6476f91fe01b96c096	02d78e2de9b6db584173b6c481484971
19785	de5ea6303e9daf1066a9c1c0123d5059	47d14cfa8700dd6476f91fe01b96c096	02d78e2de9b6db584173b6c481484971
19786	de5ea6303e9daf1066a9c1c0123d5059	47d14cfa8700dd6476f91fe01b96c096	02d78e2de9b6db584173b6c481484971
19787	9799d0f9136cfd75cdeb505edbf25fd3	44f97b0298f9c6938a977917fc563b9c	c63f11e08db00df94d5298d09b260e23
19788	9799d0f9136cfd75cdeb505edbf25fd3	44f97b0298f9c6938a977917fc563b9c	c63f11e08db00df94d5298d09b260e23
19789	9799d0f9136cfd75cdeb505edbf25fd3	44f97b0298f9c6938a977917fc563b9c	c63f11e08db00df94d5298d09b260e23
19790	9799d0f9136cfd75cdeb505edbf25fd3	44f97b0298f9c6938a977917fc563b9c	c63f11e08db00df94d5298d09b260e23
19791	9799d0f9136cfd75cdeb505edbf25fd3	44f97b0298f9c6938a977917fc563b9c	c63f11e08db00df94d5298d09b260e23
19792	9799d0f9136cfd75cdeb505edbf25fd3	44f97b0298f9c6938a977917fc563b9c	c63f11e08db00df94d5298d09b260e23
19793	9799d0f9136cfd75cdeb505edbf25fd3	44f97b0298f9c6938a977917fc563b9c	c63f11e08db00df94d5298d09b260e23
19794	5f9917f1c3132c89a809a1dc230ecc62	82882a7cd9f2c63f91ba7c207b2992d1	2a7963c5d965e859463a7313d0e014ca
19795	5f9917f1c3132c89a809a1dc230ecc62	82882a7cd9f2c63f91ba7c207b2992d1	2a7963c5d965e859463a7313d0e014ca
19796	5f9917f1c3132c89a809a1dc230ecc62	82882a7cd9f2c63f91ba7c207b2992d1	2a7963c5d965e859463a7313d0e014ca
19797	e757bef708a094720da758219873f156	f1a8f865dd27e5ba2e71d9af57f26cdd	04c41d62eab35f5081f383eca13e0ce2
19798	e757bef708a094720da758219873f156	f1a8f865dd27e5ba2e71d9af57f26cdd	04c41d62eab35f5081f383eca13e0ce2
19799	bd32a6f10b761f62b60ea640c0cbce11	f92670b2bd286222fe5eb1a6cc98001e	4ac05bc822877264ce0b02156bc23e5d
19800	bd32a6f10b761f62b60ea640c0cbce11	f92670b2bd286222fe5eb1a6cc98001e	4ac05bc822877264ce0b02156bc23e5d
19801	bd32a6f10b761f62b60ea640c0cbce11	f92670b2bd286222fe5eb1a6cc98001e	4ac05bc822877264ce0b02156bc23e5d
19802	bd32a6f10b761f62b60ea640c0cbce11	f92670b2bd286222fe5eb1a6cc98001e	4ac05bc822877264ce0b02156bc23e5d
19803	bd32a6f10b761f62b60ea640c0cbce11	f92670b2bd286222fe5eb1a6cc98001e	4ac05bc822877264ce0b02156bc23e5d
19804	bd32a6f10b761f62b60ea640c0cbce11	f92670b2bd286222fe5eb1a6cc98001e	4ac05bc822877264ce0b02156bc23e5d
19805	bd32a6f10b761f62b60ea640c0cbce11	f92670b2bd286222fe5eb1a6cc98001e	4ac05bc822877264ce0b02156bc23e5d
19806	60d547cd84e1603276593c7dc1f39c3b	d4bb3bc4dfdedd2277f4418bcdfee7ac	511449f9c05b265a864b32249177606b
19807	60d547cd84e1603276593c7dc1f39c3b	d4bb3bc4dfdedd2277f4418bcdfee7ac	511449f9c05b265a864b32249177606b
19808	60d547cd84e1603276593c7dc1f39c3b	d4bb3bc4dfdedd2277f4418bcdfee7ac	511449f9c05b265a864b32249177606b
19809	60d547cd84e1603276593c7dc1f39c3b	d4bb3bc4dfdedd2277f4418bcdfee7ac	511449f9c05b265a864b32249177606b
19810	60d547cd84e1603276593c7dc1f39c3b	d4bb3bc4dfdedd2277f4418bcdfee7ac	511449f9c05b265a864b32249177606b
19811	4a48e9d2250042d611c7135bb966dd48	57a90e7d30c4f88eb9c8b7dbebf12b1b	7deee6c667520474cf7b2f5d758d9a24
19812	4a48e9d2250042d611c7135bb966dd48	57a90e7d30c4f88eb9c8b7dbebf12b1b	7deee6c667520474cf7b2f5d758d9a24
19813	4a48e9d2250042d611c7135bb966dd48	57a90e7d30c4f88eb9c8b7dbebf12b1b	7deee6c667520474cf7b2f5d758d9a24
19814	4a48e9d2250042d611c7135bb966dd48	57a90e7d30c4f88eb9c8b7dbebf12b1b	7deee6c667520474cf7b2f5d758d9a24
19815	4a48e9d2250042d611c7135bb966dd48	57a90e7d30c4f88eb9c8b7dbebf12b1b	7deee6c667520474cf7b2f5d758d9a24
19816	4a48e9d2250042d611c7135bb966dd48	57a90e7d30c4f88eb9c8b7dbebf12b1b	7deee6c667520474cf7b2f5d758d9a24
19817	4a48e9d2250042d611c7135bb966dd48	57a90e7d30c4f88eb9c8b7dbebf12b1b	7deee6c667520474cf7b2f5d758d9a24
19818	4a48e9d2250042d611c7135bb966dd48	57a90e7d30c4f88eb9c8b7dbebf12b1b	7deee6c667520474cf7b2f5d758d9a24
19819	4a48e9d2250042d611c7135bb966dd48	57a90e7d30c4f88eb9c8b7dbebf12b1b	7deee6c667520474cf7b2f5d758d9a24
19820	4a48e9d2250042d611c7135bb966dd48	57a90e7d30c4f88eb9c8b7dbebf12b1b	7deee6c667520474cf7b2f5d758d9a24
19821	4a48e9d2250042d611c7135bb966dd48	57a90e7d30c4f88eb9c8b7dbebf12b1b	7deee6c667520474cf7b2f5d758d9a24
19822	4a48e9d2250042d611c7135bb966dd48	57a90e7d30c4f88eb9c8b7dbebf12b1b	7deee6c667520474cf7b2f5d758d9a24
19823	4a48e9d2250042d611c7135bb966dd48	57a90e7d30c4f88eb9c8b7dbebf12b1b	7deee6c667520474cf7b2f5d758d9a24
19824	4a48e9d2250042d611c7135bb966dd48	57a90e7d30c4f88eb9c8b7dbebf12b1b	7deee6c667520474cf7b2f5d758d9a24
19825	4a48e9d2250042d611c7135bb966dd48	57a90e7d30c4f88eb9c8b7dbebf12b1b	7deee6c667520474cf7b2f5d758d9a24
19826	4a48e9d2250042d611c7135bb966dd48	57a90e7d30c4f88eb9c8b7dbebf12b1b	7deee6c667520474cf7b2f5d758d9a24
19827	4a48e9d2250042d611c7135bb966dd48	57a90e7d30c4f88eb9c8b7dbebf12b1b	7deee6c667520474cf7b2f5d758d9a24
19828	8b1a650e8734445c3e6a18203246e3d8	dba4c147f88210c8c41e99ee0acd8feb	3d5e4ed231130aaa41209b859a92c8cc
19829	8b1a650e8734445c3e6a18203246e3d8	dba4c147f88210c8c41e99ee0acd8feb	3d5e4ed231130aaa41209b859a92c8cc
19830	8b1a650e8734445c3e6a18203246e3d8	dba4c147f88210c8c41e99ee0acd8feb	3d5e4ed231130aaa41209b859a92c8cc
19831	8b1a650e8734445c3e6a18203246e3d8	dba4c147f88210c8c41e99ee0acd8feb	3d5e4ed231130aaa41209b859a92c8cc
19832	8b1a650e8734445c3e6a18203246e3d8	dba4c147f88210c8c41e99ee0acd8feb	3d5e4ed231130aaa41209b859a92c8cc
19833	8b1a650e8734445c3e6a18203246e3d8	dba4c147f88210c8c41e99ee0acd8feb	3d5e4ed231130aaa41209b859a92c8cc
19834	8b1a650e8734445c3e6a18203246e3d8	dba4c147f88210c8c41e99ee0acd8feb	3d5e4ed231130aaa41209b859a92c8cc
19835	150b7bd7bf94ca94d57e4818f52864b6	df284114d0966580182fd1be37aab35d	60934ff2130d5f40efe13af64a9577be
19836	150b7bd7bf94ca94d57e4818f52864b6	df284114d0966580182fd1be37aab35d	60934ff2130d5f40efe13af64a9577be
19837	150b7bd7bf94ca94d57e4818f52864b6	df284114d0966580182fd1be37aab35d	60934ff2130d5f40efe13af64a9577be
19838	150b7bd7bf94ca94d57e4818f52864b6	df284114d0966580182fd1be37aab35d	60934ff2130d5f40efe13af64a9577be
19839	150b7bd7bf94ca94d57e4818f52864b6	df284114d0966580182fd1be37aab35d	60934ff2130d5f40efe13af64a9577be
19840	d36b796559070cb442a2513e4aa8fce2	ef8cf3d761bbbb6006e1b389d2864db9	125d390f98fc34aea87a96120376e856
19841	d36b796559070cb442a2513e4aa8fce2	ef8cf3d761bbbb6006e1b389d2864db9	125d390f98fc34aea87a96120376e856
19842	d36b796559070cb442a2513e4aa8fce2	ef8cf3d761bbbb6006e1b389d2864db9	125d390f98fc34aea87a96120376e856
19843	d36b796559070cb442a2513e4aa8fce2	ef8cf3d761bbbb6006e1b389d2864db9	125d390f98fc34aea87a96120376e856
19844	d36b796559070cb442a2513e4aa8fce2	ef8cf3d761bbbb6006e1b389d2864db9	125d390f98fc34aea87a96120376e856
19845	d36b796559070cb442a2513e4aa8fce2	ef8cf3d761bbbb6006e1b389d2864db9	125d390f98fc34aea87a96120376e856
19846	d36b796559070cb442a2513e4aa8fce2	ef8cf3d761bbbb6006e1b389d2864db9	125d390f98fc34aea87a96120376e856
19847	de7ab84f0852a5f429a1660549759c8c	e97019286f3847a0eb6a82fa9948418f	a788da3fac894a8c70cedb6691b574b4
19848	de7ab84f0852a5f429a1660549759c8c	e97019286f3847a0eb6a82fa9948418f	a788da3fac894a8c70cedb6691b574b4
19849	de7ab84f0852a5f429a1660549759c8c	e97019286f3847a0eb6a82fa9948418f	a788da3fac894a8c70cedb6691b574b4
19850	de7ab84f0852a5f429a1660549759c8c	e97019286f3847a0eb6a82fa9948418f	a788da3fac894a8c70cedb6691b574b4
19851	de7ab84f0852a5f429a1660549759c8c	e97019286f3847a0eb6a82fa9948418f	a788da3fac894a8c70cedb6691b574b4
19852	4c0fb38e533793a56426d512f16a23a1	0e9cc35074698973decd4e32abca5006	6d4470de9d6e51375c4ec91a5545774d
19853	4c0fb38e533793a56426d512f16a23a1	0e9cc35074698973decd4e32abca5006	6d4470de9d6e51375c4ec91a5545774d
19854	4c0fb38e533793a56426d512f16a23a1	0e9cc35074698973decd4e32abca5006	6d4470de9d6e51375c4ec91a5545774d
19855	4c0fb38e533793a56426d512f16a23a1	0e9cc35074698973decd4e32abca5006	6d4470de9d6e51375c4ec91a5545774d
19856	4c0fb38e533793a56426d512f16a23a1	0e9cc35074698973decd4e32abca5006	6d4470de9d6e51375c4ec91a5545774d
19857	a023f41d455b150f1686160d41098d7e	ef02446a6a5709b9031816c82b0f953d	de8e81768718b8478eba3c2fc94a3e86
19858	a023f41d455b150f1686160d41098d7e	ef02446a6a5709b9031816c82b0f953d	de8e81768718b8478eba3c2fc94a3e86
19859	a023f41d455b150f1686160d41098d7e	ef02446a6a5709b9031816c82b0f953d	de8e81768718b8478eba3c2fc94a3e86
19860	a023f41d455b150f1686160d41098d7e	ef02446a6a5709b9031816c82b0f953d	de8e81768718b8478eba3c2fc94a3e86
19861	a023f41d455b150f1686160d41098d7e	ef02446a6a5709b9031816c82b0f953d	de8e81768718b8478eba3c2fc94a3e86
19862	a023f41d455b150f1686160d41098d7e	ef02446a6a5709b9031816c82b0f953d	de8e81768718b8478eba3c2fc94a3e86
19863	a023f41d455b150f1686160d41098d7e	ef02446a6a5709b9031816c82b0f953d	de8e81768718b8478eba3c2fc94a3e86
19864	a023f41d455b150f1686160d41098d7e	ef02446a6a5709b9031816c82b0f953d	de8e81768718b8478eba3c2fc94a3e86
19865	a023f41d455b150f1686160d41098d7e	ef02446a6a5709b9031816c82b0f953d	de8e81768718b8478eba3c2fc94a3e86
19866	a023f41d455b150f1686160d41098d7e	ef02446a6a5709b9031816c82b0f953d	de8e81768718b8478eba3c2fc94a3e86
19867	a023f41d455b150f1686160d41098d7e	ef02446a6a5709b9031816c82b0f953d	de8e81768718b8478eba3c2fc94a3e86
19868	a023f41d455b150f1686160d41098d7e	ef02446a6a5709b9031816c82b0f953d	de8e81768718b8478eba3c2fc94a3e86
19869	216485bf8ae82a90b0edc958544fdf5b	e2b23f378a26a5847ed7ba260079971c	bfe76a215b92c5580e5e013ac2a85d73
19870	216485bf8ae82a90b0edc958544fdf5b	e2b23f378a26a5847ed7ba260079971c	bfe76a215b92c5580e5e013ac2a85d73
19871	216485bf8ae82a90b0edc958544fdf5b	e2b23f378a26a5847ed7ba260079971c	bfe76a215b92c5580e5e013ac2a85d73
19872	216485bf8ae82a90b0edc958544fdf5b	e2b23f378a26a5847ed7ba260079971c	bfe76a215b92c5580e5e013ac2a85d73
19873	216485bf8ae82a90b0edc958544fdf5b	e2b23f378a26a5847ed7ba260079971c	bfe76a215b92c5580e5e013ac2a85d73
19874	216485bf8ae82a90b0edc958544fdf5b	e2b23f378a26a5847ed7ba260079971c	bfe76a215b92c5580e5e013ac2a85d73
19875	216485bf8ae82a90b0edc958544fdf5b	e2b23f378a26a5847ed7ba260079971c	bfe76a215b92c5580e5e013ac2a85d73
19876	b4b228d794f7eed1b88c10b3a9e4262c	ec71368e3895fe67af238ba749403217	531a92f9095552d94433a4bbdb9b75d4
19877	b4b228d794f7eed1b88c10b3a9e4262c	ec71368e3895fe67af238ba749403217	531a92f9095552d94433a4bbdb9b75d4
19878	b4b228d794f7eed1b88c10b3a9e4262c	ec71368e3895fe67af238ba749403217	531a92f9095552d94433a4bbdb9b75d4
19879	b4b228d794f7eed1b88c10b3a9e4262c	ec71368e3895fe67af238ba749403217	531a92f9095552d94433a4bbdb9b75d4
19880	b4b228d794f7eed1b88c10b3a9e4262c	ec71368e3895fe67af238ba749403217	531a92f9095552d94433a4bbdb9b75d4
19881	c0b4c39d28c4775f29ba3d78ab4d8571	c8d36334103ef941fe3b3b72fd1b5836	d81bedd1624a5c3781163c92f070eda9
19882	c0b4c39d28c4775f29ba3d78ab4d8571	c8d36334103ef941fe3b3b72fd1b5836	d81bedd1624a5c3781163c92f070eda9
19883	c0b4c39d28c4775f29ba3d78ab4d8571	c8d36334103ef941fe3b3b72fd1b5836	d81bedd1624a5c3781163c92f070eda9
19884	c0b4c39d28c4775f29ba3d78ab4d8571	c8d36334103ef941fe3b3b72fd1b5836	d81bedd1624a5c3781163c92f070eda9
19885	c0b4c39d28c4775f29ba3d78ab4d8571	c8d36334103ef941fe3b3b72fd1b5836	d81bedd1624a5c3781163c92f070eda9
19886	c0b4c39d28c4775f29ba3d78ab4d8571	c8d36334103ef941fe3b3b72fd1b5836	d81bedd1624a5c3781163c92f070eda9
19887	c0b4c39d28c4775f29ba3d78ab4d8571	c8d36334103ef941fe3b3b72fd1b5836	d81bedd1624a5c3781163c92f070eda9
19888	830f6db1c116249a2c07dcd8db2dd48e	4b29f16188534c22b71731c0a5c18495	540fa711d6d2f1865e98a7d42e89b05e
19889	830f6db1c116249a2c07dcd8db2dd48e	4b29f16188534c22b71731c0a5c18495	540fa711d6d2f1865e98a7d42e89b05e
19890	830f6db1c116249a2c07dcd8db2dd48e	4b29f16188534c22b71731c0a5c18495	540fa711d6d2f1865e98a7d42e89b05e
19891	830f6db1c116249a2c07dcd8db2dd48e	4b29f16188534c22b71731c0a5c18495	540fa711d6d2f1865e98a7d42e89b05e
19892	830f6db1c116249a2c07dcd8db2dd48e	4b29f16188534c22b71731c0a5c18495	540fa711d6d2f1865e98a7d42e89b05e
19893	f60e872f26a009f6e87fff869f1133a9	a3f0f7505616bc76572d27c7ad546f86	5af400ae4514a16a141e1c0fd6dfacb1
19894	f60e872f26a009f6e87fff869f1133a9	a3f0f7505616bc76572d27c7ad546f86	5af400ae4514a16a141e1c0fd6dfacb1
19895	f60e872f26a009f6e87fff869f1133a9	a3f0f7505616bc76572d27c7ad546f86	5af400ae4514a16a141e1c0fd6dfacb1
19896	f60e872f26a009f6e87fff869f1133a9	a3f0f7505616bc76572d27c7ad546f86	5af400ae4514a16a141e1c0fd6dfacb1
19897	f60e872f26a009f6e87fff869f1133a9	a3f0f7505616bc76572d27c7ad546f86	5af400ae4514a16a141e1c0fd6dfacb1
19898	677821eaa3c8db2341274b82d43f53d4	999003bd7e91594df847ccd73392867f	89a3ef61af7c743f6eefbf142534adcc
19899	677821eaa3c8db2341274b82d43f53d4	999003bd7e91594df847ccd73392867f	89a3ef61af7c743f6eefbf142534adcc
19900	677821eaa3c8db2341274b82d43f53d4	999003bd7e91594df847ccd73392867f	89a3ef61af7c743f6eefbf142534adcc
19901	677821eaa3c8db2341274b82d43f53d4	999003bd7e91594df847ccd73392867f	89a3ef61af7c743f6eefbf142534adcc
19902	677821eaa3c8db2341274b82d43f53d4	999003bd7e91594df847ccd73392867f	89a3ef61af7c743f6eefbf142534adcc
19903	677821eaa3c8db2341274b82d43f53d4	999003bd7e91594df847ccd73392867f	89a3ef61af7c743f6eefbf142534adcc
19904	677821eaa3c8db2341274b82d43f53d4	999003bd7e91594df847ccd73392867f	89a3ef61af7c743f6eefbf142534adcc
19905	677821eaa3c8db2341274b82d43f53d4	999003bd7e91594df847ccd73392867f	89a3ef61af7c743f6eefbf142534adcc
19906	677821eaa3c8db2341274b82d43f53d4	999003bd7e91594df847ccd73392867f	89a3ef61af7c743f6eefbf142534adcc
19907	677821eaa3c8db2341274b82d43f53d4	999003bd7e91594df847ccd73392867f	89a3ef61af7c743f6eefbf142534adcc
19908	677821eaa3c8db2341274b82d43f53d4	999003bd7e91594df847ccd73392867f	89a3ef61af7c743f6eefbf142534adcc
19909	677821eaa3c8db2341274b82d43f53d4	999003bd7e91594df847ccd73392867f	89a3ef61af7c743f6eefbf142534adcc
19910	ba6151dbbd69ada0732e7ae9f8a738db	b51b6c2046cf7a548a2bcc7baa3db97c	b6c70d82e28c8d2cd5f3e168b1695013
19911	ba6151dbbd69ada0732e7ae9f8a738db	b51b6c2046cf7a548a2bcc7baa3db97c	b6c70d82e28c8d2cd5f3e168b1695013
19912	ba6151dbbd69ada0732e7ae9f8a738db	b51b6c2046cf7a548a2bcc7baa3db97c	b6c70d82e28c8d2cd5f3e168b1695013
19913	ba6151dbbd69ada0732e7ae9f8a738db	b51b6c2046cf7a548a2bcc7baa3db97c	b6c70d82e28c8d2cd5f3e168b1695013
19914	ba6151dbbd69ada0732e7ae9f8a738db	b51b6c2046cf7a548a2bcc7baa3db97c	b6c70d82e28c8d2cd5f3e168b1695013
19915	ba6151dbbd69ada0732e7ae9f8a738db	b51b6c2046cf7a548a2bcc7baa3db97c	b6c70d82e28c8d2cd5f3e168b1695013
19916	ba6151dbbd69ada0732e7ae9f8a738db	b51b6c2046cf7a548a2bcc7baa3db97c	b6c70d82e28c8d2cd5f3e168b1695013
19917	264a4252c57ddec01d0e68bbb6fcd226	fc04473dad9d6c0c02e770d9ed75ee3d	1233ba2d2f36e9f0e7861a2cbf4a039e
19918	264a4252c57ddec01d0e68bbb6fcd226	fc04473dad9d6c0c02e770d9ed75ee3d	1233ba2d2f36e9f0e7861a2cbf4a039e
19919	264a4252c57ddec01d0e68bbb6fcd226	fc04473dad9d6c0c02e770d9ed75ee3d	1233ba2d2f36e9f0e7861a2cbf4a039e
19920	264a4252c57ddec01d0e68bbb6fcd226	fc04473dad9d6c0c02e770d9ed75ee3d	1233ba2d2f36e9f0e7861a2cbf4a039e
19921	264a4252c57ddec01d0e68bbb6fcd226	fc04473dad9d6c0c02e770d9ed75ee3d	1233ba2d2f36e9f0e7861a2cbf4a039e
19922	264a4252c57ddec01d0e68bbb6fcd226	fc04473dad9d6c0c02e770d9ed75ee3d	1233ba2d2f36e9f0e7861a2cbf4a039e
19923	264a4252c57ddec01d0e68bbb6fcd226	fc04473dad9d6c0c02e770d9ed75ee3d	1233ba2d2f36e9f0e7861a2cbf4a039e
19924	264a4252c57ddec01d0e68bbb6fcd226	fc04473dad9d6c0c02e770d9ed75ee3d	1233ba2d2f36e9f0e7861a2cbf4a039e
19925	264a4252c57ddec01d0e68bbb6fcd226	fc04473dad9d6c0c02e770d9ed75ee3d	1233ba2d2f36e9f0e7861a2cbf4a039e
19926	264a4252c57ddec01d0e68bbb6fcd226	fc04473dad9d6c0c02e770d9ed75ee3d	1233ba2d2f36e9f0e7861a2cbf4a039e
19927	125d9eafc1ef49be12bf9827c62df4e0	8a21c312290e391684696cb75160c023	d07de86ced51461c6e530ef1f0c6c764
19928	125d9eafc1ef49be12bf9827c62df4e0	8a21c312290e391684696cb75160c023	d07de86ced51461c6e530ef1f0c6c764
19929	125d9eafc1ef49be12bf9827c62df4e0	8a21c312290e391684696cb75160c023	d07de86ced51461c6e530ef1f0c6c764
19930	125d9eafc1ef49be12bf9827c62df4e0	8a21c312290e391684696cb75160c023	d07de86ced51461c6e530ef1f0c6c764
19931	125d9eafc1ef49be12bf9827c62df4e0	8a21c312290e391684696cb75160c023	d07de86ced51461c6e530ef1f0c6c764
19932	125d9eafc1ef49be12bf9827c62df4e0	8a21c312290e391684696cb75160c023	d07de86ced51461c6e530ef1f0c6c764
19933	125d9eafc1ef49be12bf9827c62df4e0	8a21c312290e391684696cb75160c023	d07de86ced51461c6e530ef1f0c6c764
19934	08c6cc837db36879a8e7c1f36fdcf96f	2c086d084fbfcb27c150774ca13213d8	a6ea62111754c80f9d14cc949dd899b3
19935	08c6cc837db36879a8e7c1f36fdcf96f	2c086d084fbfcb27c150774ca13213d8	a6ea62111754c80f9d14cc949dd899b3
19936	08c6cc837db36879a8e7c1f36fdcf96f	2c086d084fbfcb27c150774ca13213d8	a6ea62111754c80f9d14cc949dd899b3
19937	08c6cc837db36879a8e7c1f36fdcf96f	2c086d084fbfcb27c150774ca13213d8	a6ea62111754c80f9d14cc949dd899b3
19938	08c6cc837db36879a8e7c1f36fdcf96f	2c086d084fbfcb27c150774ca13213d8	a6ea62111754c80f9d14cc949dd899b3
19939	2e09c76c7b5c657bd33141c4da81c5e8	ffdd25d150805d859ad985e2f57289e3	67f58ece9417426de4a9addb3e498a84
19940	2e09c76c7b5c657bd33141c4da81c5e8	ffdd25d150805d859ad985e2f57289e3	67f58ece9417426de4a9addb3e498a84
19941	2e09c76c7b5c657bd33141c4da81c5e8	ffdd25d150805d859ad985e2f57289e3	67f58ece9417426de4a9addb3e498a84
19942	2e09c76c7b5c657bd33141c4da81c5e8	ffdd25d150805d859ad985e2f57289e3	67f58ece9417426de4a9addb3e498a84
19943	2e09c76c7b5c657bd33141c4da81c5e8	ffdd25d150805d859ad985e2f57289e3	67f58ece9417426de4a9addb3e498a84
19944	2e09c76c7b5c657bd33141c4da81c5e8	ffdd25d150805d859ad985e2f57289e3	67f58ece9417426de4a9addb3e498a84
19945	2e09c76c7b5c657bd33141c4da81c5e8	ffdd25d150805d859ad985e2f57289e3	67f58ece9417426de4a9addb3e498a84
19946	2e09c76c7b5c657bd33141c4da81c5e8	ffdd25d150805d859ad985e2f57289e3	67f58ece9417426de4a9addb3e498a84
19947	2e09c76c7b5c657bd33141c4da81c5e8	ffdd25d150805d859ad985e2f57289e3	67f58ece9417426de4a9addb3e498a84
19948	2e09c76c7b5c657bd33141c4da81c5e8	ffdd25d150805d859ad985e2f57289e3	67f58ece9417426de4a9addb3e498a84
19949	2e09c76c7b5c657bd33141c4da81c5e8	ffdd25d150805d859ad985e2f57289e3	67f58ece9417426de4a9addb3e498a84
19950	2e09c76c7b5c657bd33141c4da81c5e8	ffdd25d150805d859ad985e2f57289e3	67f58ece9417426de4a9addb3e498a84
19951	2e09c76c7b5c657bd33141c4da81c5e8	ffdd25d150805d859ad985e2f57289e3	67f58ece9417426de4a9addb3e498a84
19952	2e09c76c7b5c657bd33141c4da81c5e8	ffdd25d150805d859ad985e2f57289e3	67f58ece9417426de4a9addb3e498a84
19953	2e09c76c7b5c657bd33141c4da81c5e8	ffdd25d150805d859ad985e2f57289e3	67f58ece9417426de4a9addb3e498a84
19954	2e09c76c7b5c657bd33141c4da81c5e8	ffdd25d150805d859ad985e2f57289e3	67f58ece9417426de4a9addb3e498a84
19955	2e09c76c7b5c657bd33141c4da81c5e8	ffdd25d150805d859ad985e2f57289e3	67f58ece9417426de4a9addb3e498a84
19956	49fc214495f28b2600dfcb30002f4396	3041ba8b5b46348e39282cfb8e25086d	c33c165066cb90260a27cc78ebdaae16
19957	49fc214495f28b2600dfcb30002f4396	3041ba8b5b46348e39282cfb8e25086d	c33c165066cb90260a27cc78ebdaae16
19958	49fc214495f28b2600dfcb30002f4396	3041ba8b5b46348e39282cfb8e25086d	c33c165066cb90260a27cc78ebdaae16
19959	c1117403913e7fc5cfb379c0ec2f9f6e	7350b8562f79615bc4dacfa3f009587d	f931e6136476d949b708704e5f7c5646
19960	c1117403913e7fc5cfb379c0ec2f9f6e	7350b8562f79615bc4dacfa3f009587d	f931e6136476d949b708704e5f7c5646
19961	2c519c1865f6cc41460447b371f22180	6ebf3e0894ca5f6762d8c6480a9ce0fb	62d7ed4029aca675b845c6b53a4551d8
19962	2c519c1865f6cc41460447b371f22180	6ebf3e0894ca5f6762d8c6480a9ce0fb	62d7ed4029aca675b845c6b53a4551d8
19963	154df609fb9251de23015c554eed072b	da674187fc8a16cedab94cc74afec50c	a9e0c5e61b8531889a1fd5da3b4ee1ff
19964	154df609fb9251de23015c554eed072b	da674187fc8a16cedab94cc74afec50c	a9e0c5e61b8531889a1fd5da3b4ee1ff
19965	154df609fb9251de23015c554eed072b	da674187fc8a16cedab94cc74afec50c	a9e0c5e61b8531889a1fd5da3b4ee1ff
19966	534250011b047dab9c4f34d41e48fd9f	66479b3b025cfb5df822e0a150fac7a8	83e5bf102ebf16410800e4e6718cf713
19967	534250011b047dab9c4f34d41e48fd9f	66479b3b025cfb5df822e0a150fac7a8	83e5bf102ebf16410800e4e6718cf713
19968	534250011b047dab9c4f34d41e48fd9f	66479b3b025cfb5df822e0a150fac7a8	83e5bf102ebf16410800e4e6718cf713
19969	534250011b047dab9c4f34d41e48fd9f	66479b3b025cfb5df822e0a150fac7a8	83e5bf102ebf16410800e4e6718cf713
19970	534250011b047dab9c4f34d41e48fd9f	66479b3b025cfb5df822e0a150fac7a8	83e5bf102ebf16410800e4e6718cf713
19971	534250011b047dab9c4f34d41e48fd9f	66479b3b025cfb5df822e0a150fac7a8	83e5bf102ebf16410800e4e6718cf713
19972	534250011b047dab9c4f34d41e48fd9f	66479b3b025cfb5df822e0a150fac7a8	83e5bf102ebf16410800e4e6718cf713
19973	534250011b047dab9c4f34d41e48fd9f	66479b3b025cfb5df822e0a150fac7a8	83e5bf102ebf16410800e4e6718cf713
19974	534250011b047dab9c4f34d41e48fd9f	66479b3b025cfb5df822e0a150fac7a8	83e5bf102ebf16410800e4e6718cf713
19975	868f2a11d7117fa36664810f44766e20	dbd356a0e68b966d3d8ebe404125acdb	166f02dc2e55872d67a05606c921f76c
19976	868f2a11d7117fa36664810f44766e20	dbd356a0e68b966d3d8ebe404125acdb	166f02dc2e55872d67a05606c921f76c
19977	868f2a11d7117fa36664810f44766e20	dbd356a0e68b966d3d8ebe404125acdb	166f02dc2e55872d67a05606c921f76c
19978	534250011b047dab9c4f34d41e48fd9f	66479b3b025cfb5df822e0a150fac7a8	83e5bf102ebf16410800e4e6718cf713
19979	534250011b047dab9c4f34d41e48fd9f	66479b3b025cfb5df822e0a150fac7a8	83e5bf102ebf16410800e4e6718cf713
19980	dc63b615d12741b7946f8375b34786c4	c2e7ba1577d7d3d183ca77e3b95e6f5f	5b9ea23a00298cc9d095096111e6ad68
19981	dc63b615d12741b7946f8375b34786c4	c2e7ba1577d7d3d183ca77e3b95e6f5f	5b9ea23a00298cc9d095096111e6ad68
19982	dc63b615d12741b7946f8375b34786c4	c2e7ba1577d7d3d183ca77e3b95e6f5f	5b9ea23a00298cc9d095096111e6ad68
19983	dc63b615d12741b7946f8375b34786c4	c2e7ba1577d7d3d183ca77e3b95e6f5f	5b9ea23a00298cc9d095096111e6ad68
19984	dc63b615d12741b7946f8375b34786c4	c2e7ba1577d7d3d183ca77e3b95e6f5f	5b9ea23a00298cc9d095096111e6ad68
19985	dc63b615d12741b7946f8375b34786c4	c2e7ba1577d7d3d183ca77e3b95e6f5f	5b9ea23a00298cc9d095096111e6ad68
19986	dc63b615d12741b7946f8375b34786c4	c2e7ba1577d7d3d183ca77e3b95e6f5f	5b9ea23a00298cc9d095096111e6ad68
19987	81eb82353c5da11437afa3d70236b340	43b7ef383076bf6031189270646cc603	80ce0886eed61cc4fae5d70767bcbd20
19988	81eb82353c5da11437afa3d70236b340	43b7ef383076bf6031189270646cc603	80ce0886eed61cc4fae5d70767bcbd20
19989	81eb82353c5da11437afa3d70236b340	43b7ef383076bf6031189270646cc603	80ce0886eed61cc4fae5d70767bcbd20
19990	81eb82353c5da11437afa3d70236b340	43b7ef383076bf6031189270646cc603	80ce0886eed61cc4fae5d70767bcbd20
19991	81eb82353c5da11437afa3d70236b340	43b7ef383076bf6031189270646cc603	80ce0886eed61cc4fae5d70767bcbd20
19992	81eb82353c5da11437afa3d70236b340	43b7ef383076bf6031189270646cc603	80ce0886eed61cc4fae5d70767bcbd20
19993	81eb82353c5da11437afa3d70236b340	43b7ef383076bf6031189270646cc603	80ce0886eed61cc4fae5d70767bcbd20
19994	81eb82353c5da11437afa3d70236b340	43b7ef383076bf6031189270646cc603	80ce0886eed61cc4fae5d70767bcbd20
19995	81eb82353c5da11437afa3d70236b340	43b7ef383076bf6031189270646cc603	80ce0886eed61cc4fae5d70767bcbd20
19996	81eb82353c5da11437afa3d70236b340	43b7ef383076bf6031189270646cc603	80ce0886eed61cc4fae5d70767bcbd20
19997	2b8c177444086d9f0dde0dee6e0aedf2	2c8271d3ad31e239e0c9d50ce2201c61	395efad5d560c3832c34832eb21ebf22
19998	2b8c177444086d9f0dde0dee6e0aedf2	2c8271d3ad31e239e0c9d50ce2201c61	395efad5d560c3832c34832eb21ebf22
19999	2b8c177444086d9f0dde0dee6e0aedf2	2c8271d3ad31e239e0c9d50ce2201c61	395efad5d560c3832c34832eb21ebf22
20000	2b8c177444086d9f0dde0dee6e0aedf2	2c8271d3ad31e239e0c9d50ce2201c61	395efad5d560c3832c34832eb21ebf22
20001	2b8c177444086d9f0dde0dee6e0aedf2	2c8271d3ad31e239e0c9d50ce2201c61	395efad5d560c3832c34832eb21ebf22
20002	2b8c177444086d9f0dde0dee6e0aedf2	2c8271d3ad31e239e0c9d50ce2201c61	395efad5d560c3832c34832eb21ebf22
20003	2b8c177444086d9f0dde0dee6e0aedf2	2c8271d3ad31e239e0c9d50ce2201c61	395efad5d560c3832c34832eb21ebf22
20004	2b8c177444086d9f0dde0dee6e0aedf2	2c8271d3ad31e239e0c9d50ce2201c61	395efad5d560c3832c34832eb21ebf22
20005	2b8c177444086d9f0dde0dee6e0aedf2	2c8271d3ad31e239e0c9d50ce2201c61	395efad5d560c3832c34832eb21ebf22
20006	2b8c177444086d9f0dde0dee6e0aedf2	2c8271d3ad31e239e0c9d50ce2201c61	395efad5d560c3832c34832eb21ebf22
20007	2b8c177444086d9f0dde0dee6e0aedf2	2c8271d3ad31e239e0c9d50ce2201c61	395efad5d560c3832c34832eb21ebf22
20008	2b8c177444086d9f0dde0dee6e0aedf2	2c8271d3ad31e239e0c9d50ce2201c61	395efad5d560c3832c34832eb21ebf22
20009	fb79c0aa0a27942ee8bfb827e34bd79d	bc7d4ba7dcf3ab5e442819ada91a0a6a	6ff4bc29637b05a818ba259f4b0f63d9
20010	fb79c0aa0a27942ee8bfb827e34bd79d	bc7d4ba7dcf3ab5e442819ada91a0a6a	6ff4bc29637b05a818ba259f4b0f63d9
20011	fb79c0aa0a27942ee8bfb827e34bd79d	bc7d4ba7dcf3ab5e442819ada91a0a6a	6ff4bc29637b05a818ba259f4b0f63d9
20012	fb79c0aa0a27942ee8bfb827e34bd79d	bc7d4ba7dcf3ab5e442819ada91a0a6a	6ff4bc29637b05a818ba259f4b0f63d9
20013	fb79c0aa0a27942ee8bfb827e34bd79d	bc7d4ba7dcf3ab5e442819ada91a0a6a	6ff4bc29637b05a818ba259f4b0f63d9
20014	fb79c0aa0a27942ee8bfb827e34bd79d	bc7d4ba7dcf3ab5e442819ada91a0a6a	6ff4bc29637b05a818ba259f4b0f63d9
20015	fb79c0aa0a27942ee8bfb827e34bd79d	bc7d4ba7dcf3ab5e442819ada91a0a6a	6ff4bc29637b05a818ba259f4b0f63d9
20016	e778f63f0159a2e69f9d605e7d59f3a9	3fe8ab9a0a78d89611a4584848e87ce6	3efacb5a489382c2b0c73c1c1d85f779
20017	e778f63f0159a2e69f9d605e7d59f3a9	3fe8ab9a0a78d89611a4584848e87ce6	3efacb5a489382c2b0c73c1c1d85f779
20018	e778f63f0159a2e69f9d605e7d59f3a9	3fe8ab9a0a78d89611a4584848e87ce6	3efacb5a489382c2b0c73c1c1d85f779
20019	e778f63f0159a2e69f9d605e7d59f3a9	3fe8ab9a0a78d89611a4584848e87ce6	3efacb5a489382c2b0c73c1c1d85f779
20020	e778f63f0159a2e69f9d605e7d59f3a9	3fe8ab9a0a78d89611a4584848e87ce6	3efacb5a489382c2b0c73c1c1d85f779
20021	910fb496ac29546ad7fcb60b2ed9af1d	43bc8a0f9b305eca175d5c2325a9816a	c064c4c1b68eefc23d41b94d776efe85
20022	910fb496ac29546ad7fcb60b2ed9af1d	43bc8a0f9b305eca175d5c2325a9816a	c064c4c1b68eefc23d41b94d776efe85
20023	910fb496ac29546ad7fcb60b2ed9af1d	43bc8a0f9b305eca175d5c2325a9816a	c064c4c1b68eefc23d41b94d776efe85
20024	910fb496ac29546ad7fcb60b2ed9af1d	43bc8a0f9b305eca175d5c2325a9816a	c064c4c1b68eefc23d41b94d776efe85
20025	910fb496ac29546ad7fcb60b2ed9af1d	43bc8a0f9b305eca175d5c2325a9816a	c064c4c1b68eefc23d41b94d776efe85
20026	d9bbdd159bf5417660c67e4fb7caa221	fd319c6d9afc106642eba41deba8b54e	49f253588a927eb44d4f2d4dd8750d75
20027	d9bbdd159bf5417660c67e4fb7caa221	fd319c6d9afc106642eba41deba8b54e	49f253588a927eb44d4f2d4dd8750d75
20028	d9bbdd159bf5417660c67e4fb7caa221	fd319c6d9afc106642eba41deba8b54e	49f253588a927eb44d4f2d4dd8750d75
20029	0d17341da81dc7d4bd784281a25b9849	721afbbac42bd78866662777198a7366	8025ac40d4e1e1a8ecfd1f57193f1689
20030	0d17341da81dc7d4bd784281a25b9849	721afbbac42bd78866662777198a7366	8025ac40d4e1e1a8ecfd1f57193f1689
20031	0d17341da81dc7d4bd784281a25b9849	721afbbac42bd78866662777198a7366	8025ac40d4e1e1a8ecfd1f57193f1689
20032	0d17341da81dc7d4bd784281a25b9849	721afbbac42bd78866662777198a7366	8025ac40d4e1e1a8ecfd1f57193f1689
20033	a0e2a1c6aceb9aa01ddb573e8dbe2299	ce4645e2389dc8b4924ba3fd600cb1a6	609d303fb9483974460a73a3a2c1aef1
20034	a0e2a1c6aceb9aa01ddb573e8dbe2299	ce4645e2389dc8b4924ba3fd600cb1a6	609d303fb9483974460a73a3a2c1aef1
20035	a0e2a1c6aceb9aa01ddb573e8dbe2299	ce4645e2389dc8b4924ba3fd600cb1a6	609d303fb9483974460a73a3a2c1aef1
20036	42ec8e434275a54686ca4135d4f6cdad	c8bab9ebb4ea92e6789e7156df2b970a	97447d9cf7dd250063985ad80ce4fc59
20037	a0e2a1c6aceb9aa01ddb573e8dbe2299	ce4645e2389dc8b4924ba3fd600cb1a6	609d303fb9483974460a73a3a2c1aef1
20038	fbaa083a50663c64e17694f0f4542074	5bea5427f52a5ec07dbf8ac0fd347537	5b3122c86aedaaf4a776250d91d09c74
20039	fbaa083a50663c64e17694f0f4542074	5bea5427f52a5ec07dbf8ac0fd347537	5b3122c86aedaaf4a776250d91d09c74
20040	fbaa083a50663c64e17694f0f4542074	5bea5427f52a5ec07dbf8ac0fd347537	5b3122c86aedaaf4a776250d91d09c74
20041	fbaa083a50663c64e17694f0f4542074	5bea5427f52a5ec07dbf8ac0fd347537	5b3122c86aedaaf4a776250d91d09c74
20042	fbaa083a50663c64e17694f0f4542074	5bea5427f52a5ec07dbf8ac0fd347537	5b3122c86aedaaf4a776250d91d09c74
20043	fbaa083a50663c64e17694f0f4542074	5bea5427f52a5ec07dbf8ac0fd347537	5b3122c86aedaaf4a776250d91d09c74
20044	fbaa083a50663c64e17694f0f4542074	5bea5427f52a5ec07dbf8ac0fd347537	5b3122c86aedaaf4a776250d91d09c74
20045	b0ff2d91e6ffddb97fb13c6eed943dbf	db108f1d8a4b73072c5d873d1e3c3148	60f5659cce4c5527a95a820a02a92ddb
20046	b0ff2d91e6ffddb97fb13c6eed943dbf	db108f1d8a4b73072c5d873d1e3c3148	60f5659cce4c5527a95a820a02a92ddb
20047	b0ff2d91e6ffddb97fb13c6eed943dbf	db108f1d8a4b73072c5d873d1e3c3148	60f5659cce4c5527a95a820a02a92ddb
20048	b0ff2d91e6ffddb97fb13c6eed943dbf	db108f1d8a4b73072c5d873d1e3c3148	60f5659cce4c5527a95a820a02a92ddb
20049	b0ff2d91e6ffddb97fb13c6eed943dbf	db108f1d8a4b73072c5d873d1e3c3148	60f5659cce4c5527a95a820a02a92ddb
20050	2d0a9b96e64a775ec3dd6b7f767e3501	5b6ecac41c2bb9ae6ab3e8e568673f7e	f2166d3d5d9108e0806b05bb77f948fd
20051	2d0a9b96e64a775ec3dd6b7f767e3501	5b6ecac41c2bb9ae6ab3e8e568673f7e	f2166d3d5d9108e0806b05bb77f948fd
20052	2d0a9b96e64a775ec3dd6b7f767e3501	5b6ecac41c2bb9ae6ab3e8e568673f7e	f2166d3d5d9108e0806b05bb77f948fd
20053	2d0a9b96e64a775ec3dd6b7f767e3501	5b6ecac41c2bb9ae6ab3e8e568673f7e	f2166d3d5d9108e0806b05bb77f948fd
20054	2d0a9b96e64a775ec3dd6b7f767e3501	5b6ecac41c2bb9ae6ab3e8e568673f7e	f2166d3d5d9108e0806b05bb77f948fd
20055	2d0a9b96e64a775ec3dd6b7f767e3501	5b6ecac41c2bb9ae6ab3e8e568673f7e	f2166d3d5d9108e0806b05bb77f948fd
20056	2d0a9b96e64a775ec3dd6b7f767e3501	5b6ecac41c2bb9ae6ab3e8e568673f7e	f2166d3d5d9108e0806b05bb77f948fd
20057	85306dbbd54f570471bce6df6dfe8af4	f3dc04071b07d950e75d23e3b48103a7	8c7540d5c5e6fa087588e62b97863a24
20058	85306dbbd54f570471bce6df6dfe8af4	f3dc04071b07d950e75d23e3b48103a7	8c7540d5c5e6fa087588e62b97863a24
20059	85306dbbd54f570471bce6df6dfe8af4	f3dc04071b07d950e75d23e3b48103a7	8c7540d5c5e6fa087588e62b97863a24
20060	85306dbbd54f570471bce6df6dfe8af4	f3dc04071b07d950e75d23e3b48103a7	8c7540d5c5e6fa087588e62b97863a24
20061	85306dbbd54f570471bce6df6dfe8af4	f3dc04071b07d950e75d23e3b48103a7	8c7540d5c5e6fa087588e62b97863a24
20062	aa8c6fd4e4c255f92c9d4dae81cb17d3	5d8f217b222dbc47baee53b69bf025ac	20288600fa3f4617033304ba11c49187
20063	aa8c6fd4e4c255f92c9d4dae81cb17d3	5d8f217b222dbc47baee53b69bf025ac	20288600fa3f4617033304ba11c49187
20064	aa8c6fd4e4c255f92c9d4dae81cb17d3	5d8f217b222dbc47baee53b69bf025ac	20288600fa3f4617033304ba11c49187
20065	aa8c6fd4e4c255f92c9d4dae81cb17d3	5d8f217b222dbc47baee53b69bf025ac	20288600fa3f4617033304ba11c49187
20066	aa8c6fd4e4c255f92c9d4dae81cb17d3	5d8f217b222dbc47baee53b69bf025ac	20288600fa3f4617033304ba11c49187
20067	31c17d578df4057543ae62f61c941b21	e9fd780750a3f4b3b2530c0b0b1f9306	408b3f00622bbd7d9ca87912864688b9
20068	31c17d578df4057543ae62f61c941b21	e9fd780750a3f4b3b2530c0b0b1f9306	408b3f00622bbd7d9ca87912864688b9
20069	31c17d578df4057543ae62f61c941b21	e9fd780750a3f4b3b2530c0b0b1f9306	408b3f00622bbd7d9ca87912864688b9
20070	70e4f1534e206b4c81bfcf644fbeb671	e735c2bf0636cb206591ceb6adfbee7e	d0d914f14ec65590f90d661075ab5671
20071	70e4f1534e206b4c81bfcf644fbeb671	e735c2bf0636cb206591ceb6adfbee7e	d0d914f14ec65590f90d661075ab5671
20072	7424961c585d6bfa00d162bc79bc1f2a	a24f0e3469de3ac2176fe7b7edda8921	f44d3b1fb620e51a3261d51d74d88e1a
20073	7424961c585d6bfa00d162bc79bc1f2a	a24f0e3469de3ac2176fe7b7edda8921	f44d3b1fb620e51a3261d51d74d88e1a
20074	ee6e5fc9e7e464fe41430a5ce58f2cfb	5511f310238c948e38a699ce1988d7ec	79d7af2431a5b05892f6e90f3bbf313f
20075	ee6e5fc9e7e464fe41430a5ce58f2cfb	5511f310238c948e38a699ce1988d7ec	79d7af2431a5b05892f6e90f3bbf313f
20076	ee6e5fc9e7e464fe41430a5ce58f2cfb	5511f310238c948e38a699ce1988d7ec	79d7af2431a5b05892f6e90f3bbf313f
20077	fc640c7b24f224f4fa5579fe70eb8215	7a8ff6db258851e886fb65201c582bb2	85ef17a461bad8f87d1aa801e6336e65
20078	dc4cc57fd7f5e4313c52237a1e6c9845	122649db160ccc2fd5c6476113fe49ba	4d352558dae9d27dcf714f8444cc3405
20079	baa739761bbc50feb4e831c14735211e	5c30f8e407783996dfd8a1823f59ad45	76fe264c41a0ed6a5c96d3c06d03f67e
20080	baa739761bbc50feb4e831c14735211e	5c30f8e407783996dfd8a1823f59ad45	76fe264c41a0ed6a5c96d3c06d03f67e
20081	baa739761bbc50feb4e831c14735211e	5c30f8e407783996dfd8a1823f59ad45	76fe264c41a0ed6a5c96d3c06d03f67e
20082	baa739761bbc50feb4e831c14735211e	5c30f8e407783996dfd8a1823f59ad45	76fe264c41a0ed6a5c96d3c06d03f67e
20083	baa739761bbc50feb4e831c14735211e	5c30f8e407783996dfd8a1823f59ad45	76fe264c41a0ed6a5c96d3c06d03f67e
20084	baa739761bbc50feb4e831c14735211e	5c30f8e407783996dfd8a1823f59ad45	76fe264c41a0ed6a5c96d3c06d03f67e
20085	baa739761bbc50feb4e831c14735211e	5c30f8e407783996dfd8a1823f59ad45	76fe264c41a0ed6a5c96d3c06d03f67e
20086	c52464cd42cc8001f59e59cc0605128d	54e41c4818a620ff190cbead54ae4872	a297b5259ef17b9945e77aa0e510ec4d
20087	c52464cd42cc8001f59e59cc0605128d	54e41c4818a620ff190cbead54ae4872	a297b5259ef17b9945e77aa0e510ec4d
20088	c52464cd42cc8001f59e59cc0605128d	54e41c4818a620ff190cbead54ae4872	a297b5259ef17b9945e77aa0e510ec4d
20089	5b7254b548beda42ba5b57ee2ba188d1	a28acf953dbed2f2e398e0e0a4faeb5e	58a05c1a19e342bc0c1fe86fef558f35
20090	5b7254b548beda42ba5b57ee2ba188d1	a28acf953dbed2f2e398e0e0a4faeb5e	58a05c1a19e342bc0c1fe86fef558f35
20091	c52464cd42cc8001f59e59cc0605128d	54e41c4818a620ff190cbead54ae4872	a297b5259ef17b9945e77aa0e510ec4d
20092	c52464cd42cc8001f59e59cc0605128d	54e41c4818a620ff190cbead54ae4872	a297b5259ef17b9945e77aa0e510ec4d
20093	c52464cd42cc8001f59e59cc0605128d	54e41c4818a620ff190cbead54ae4872	a297b5259ef17b9945e77aa0e510ec4d
20094	5b7254b548beda42ba5b57ee2ba188d1	a28acf953dbed2f2e398e0e0a4faeb5e	58a05c1a19e342bc0c1fe86fef558f35
20095	5b7254b548beda42ba5b57ee2ba188d1	a28acf953dbed2f2e398e0e0a4faeb5e	58a05c1a19e342bc0c1fe86fef558f35
20096	e053a191b7bc2f51c549801e331c6505	8be715ef3a5008afd464ac451c1726ba	92b5120b8dea1913ba3cfaee51957c81
20097	e053a191b7bc2f51c549801e331c6505	8be715ef3a5008afd464ac451c1726ba	92b5120b8dea1913ba3cfaee51957c81
20098	e053a191b7bc2f51c549801e331c6505	8be715ef3a5008afd464ac451c1726ba	92b5120b8dea1913ba3cfaee51957c81
20099	e053a191b7bc2f51c549801e331c6505	8be715ef3a5008afd464ac451c1726ba	92b5120b8dea1913ba3cfaee51957c81
20100	e053a191b7bc2f51c549801e331c6505	8be715ef3a5008afd464ac451c1726ba	92b5120b8dea1913ba3cfaee51957c81
20101	e053a191b7bc2f51c549801e331c6505	8be715ef3a5008afd464ac451c1726ba	92b5120b8dea1913ba3cfaee51957c81
20102	e053a191b7bc2f51c549801e331c6505	8be715ef3a5008afd464ac451c1726ba	92b5120b8dea1913ba3cfaee51957c81
20103	4ec2ec8fbbe77fb380c4371811e353dc	f78ec934e8f3671d6fc1623b4f820d57	193cc88ece564311769ae3b087a5d340
20104	4ec2ec8fbbe77fb380c4371811e353dc	f78ec934e8f3671d6fc1623b4f820d57	193cc88ece564311769ae3b087a5d340
20105	4ec2ec8fbbe77fb380c4371811e353dc	f78ec934e8f3671d6fc1623b4f820d57	193cc88ece564311769ae3b087a5d340
20106	4ec2ec8fbbe77fb380c4371811e353dc	f78ec934e8f3671d6fc1623b4f820d57	193cc88ece564311769ae3b087a5d340
20107	4ec2ec8fbbe77fb380c4371811e353dc	f78ec934e8f3671d6fc1623b4f820d57	193cc88ece564311769ae3b087a5d340
20108	4155069f1040e1b6892c43df390a5a7e	4e356008b087d7ae3abc538d5d583035	d3ddd986288c23549048388f1d4f8992
20109	4155069f1040e1b6892c43df390a5a7e	4e356008b087d7ae3abc538d5d583035	d3ddd986288c23549048388f1d4f8992
20110	4155069f1040e1b6892c43df390a5a7e	4e356008b087d7ae3abc538d5d583035	d3ddd986288c23549048388f1d4f8992
20111	4155069f1040e1b6892c43df390a5a7e	4e356008b087d7ae3abc538d5d583035	d3ddd986288c23549048388f1d4f8992
20112	4155069f1040e1b6892c43df390a5a7e	4e356008b087d7ae3abc538d5d583035	d3ddd986288c23549048388f1d4f8992
20113	4155069f1040e1b6892c43df390a5a7e	4e356008b087d7ae3abc538d5d583035	d3ddd986288c23549048388f1d4f8992
20114	4155069f1040e1b6892c43df390a5a7e	4e356008b087d7ae3abc538d5d583035	d3ddd986288c23549048388f1d4f8992
20115	4155069f1040e1b6892c43df390a5a7e	4e356008b087d7ae3abc538d5d583035	d3ddd986288c23549048388f1d4f8992
20116	4155069f1040e1b6892c43df390a5a7e	4e356008b087d7ae3abc538d5d583035	d3ddd986288c23549048388f1d4f8992
20117	4155069f1040e1b6892c43df390a5a7e	4e356008b087d7ae3abc538d5d583035	d3ddd986288c23549048388f1d4f8992
20118	4155069f1040e1b6892c43df390a5a7e	4e356008b087d7ae3abc538d5d583035	d3ddd986288c23549048388f1d4f8992
20119	4155069f1040e1b6892c43df390a5a7e	4e356008b087d7ae3abc538d5d583035	d3ddd986288c23549048388f1d4f8992
20120	4155069f1040e1b6892c43df390a5a7e	4e356008b087d7ae3abc538d5d583035	d3ddd986288c23549048388f1d4f8992
20121	4155069f1040e1b6892c43df390a5a7e	4e356008b087d7ae3abc538d5d583035	d3ddd986288c23549048388f1d4f8992
20122	4155069f1040e1b6892c43df390a5a7e	4e356008b087d7ae3abc538d5d583035	d3ddd986288c23549048388f1d4f8992
20123	4155069f1040e1b6892c43df390a5a7e	4e356008b087d7ae3abc538d5d583035	d3ddd986288c23549048388f1d4f8992
20124	4155069f1040e1b6892c43df390a5a7e	4e356008b087d7ae3abc538d5d583035	d3ddd986288c23549048388f1d4f8992
20125	5e098b5b2769a0423b6982bd33ce396f	a804ab1fba80ef2201d3e79b337e92f0	53c986bed69acc26a1a25346a3e6d1f7
20126	5e098b5b2769a0423b6982bd33ce396f	a804ab1fba80ef2201d3e79b337e92f0	53c986bed69acc26a1a25346a3e6d1f7
20127	5e098b5b2769a0423b6982bd33ce396f	a804ab1fba80ef2201d3e79b337e92f0	53c986bed69acc26a1a25346a3e6d1f7
20128	5e098b5b2769a0423b6982bd33ce396f	a804ab1fba80ef2201d3e79b337e92f0	53c986bed69acc26a1a25346a3e6d1f7
20129	5e098b5b2769a0423b6982bd33ce396f	a804ab1fba80ef2201d3e79b337e92f0	53c986bed69acc26a1a25346a3e6d1f7
20130	5e098b5b2769a0423b6982bd33ce396f	a804ab1fba80ef2201d3e79b337e92f0	53c986bed69acc26a1a25346a3e6d1f7
20131	5e098b5b2769a0423b6982bd33ce396f	a804ab1fba80ef2201d3e79b337e92f0	53c986bed69acc26a1a25346a3e6d1f7
20132	191d585af06a8ccb7b4d8a7398ea7aae	882bcf9efadc21352bacc865cad22e7d	3f06648ddc8e6acd42cbff73052bc5fa
20133	191d585af06a8ccb7b4d8a7398ea7aae	882bcf9efadc21352bacc865cad22e7d	3f06648ddc8e6acd42cbff73052bc5fa
20134	191d585af06a8ccb7b4d8a7398ea7aae	882bcf9efadc21352bacc865cad22e7d	3f06648ddc8e6acd42cbff73052bc5fa
20135	b59be151c421b17436d7f53e8af7f4ed	85996926dda26218a6a1ecc5ac52273a	213569a28d5811a07709b88f3efb7a95
20136	b59be151c421b17436d7f53e8af7f4ed	85996926dda26218a6a1ecc5ac52273a	213569a28d5811a07709b88f3efb7a95
20137	dd343b7881b065370bb296280781aa29	530e3d0d49d5527993fadb6cc87d422e	0bff3d7fa0181d9f05d1f81497b42999
20138	dd343b7881b065370bb296280781aa29	530e3d0d49d5527993fadb6cc87d422e	0bff3d7fa0181d9f05d1f81497b42999
20139	dd343b7881b065370bb296280781aa29	530e3d0d49d5527993fadb6cc87d422e	0bff3d7fa0181d9f05d1f81497b42999
20140	dd343b7881b065370bb296280781aa29	530e3d0d49d5527993fadb6cc87d422e	0bff3d7fa0181d9f05d1f81497b42999
20141	dd343b7881b065370bb296280781aa29	530e3d0d49d5527993fadb6cc87d422e	0bff3d7fa0181d9f05d1f81497b42999
20142	dd343b7881b065370bb296280781aa29	530e3d0d49d5527993fadb6cc87d422e	0bff3d7fa0181d9f05d1f81497b42999
20143	dd343b7881b065370bb296280781aa29	530e3d0d49d5527993fadb6cc87d422e	0bff3d7fa0181d9f05d1f81497b42999
20144	0038cee16c0cc8423891ac782ba9fc48	ad3445cea252d58ac1265295bf623f5b	987a3388a56da16225a0cee5a2a715e8
20145	0038cee16c0cc8423891ac782ba9fc48	ad3445cea252d58ac1265295bf623f5b	987a3388a56da16225a0cee5a2a715e8
20146	0038cee16c0cc8423891ac782ba9fc48	ad3445cea252d58ac1265295bf623f5b	987a3388a56da16225a0cee5a2a715e8
20147	0038cee16c0cc8423891ac782ba9fc48	ad3445cea252d58ac1265295bf623f5b	987a3388a56da16225a0cee5a2a715e8
20148	0038cee16c0cc8423891ac782ba9fc48	ad3445cea252d58ac1265295bf623f5b	987a3388a56da16225a0cee5a2a715e8
20149	67162fac0aa14dba7b9111d71bef4174	17bf65818bb69882875572c68d976797	d47a56ce7189e2069c642cc8a693201c
20150	67162fac0aa14dba7b9111d71bef4174	17bf65818bb69882875572c68d976797	d47a56ce7189e2069c642cc8a693201c
20151	67162fac0aa14dba7b9111d71bef4174	17bf65818bb69882875572c68d976797	d47a56ce7189e2069c642cc8a693201c
20152	67162fac0aa14dba7b9111d71bef4174	17bf65818bb69882875572c68d976797	d47a56ce7189e2069c642cc8a693201c
20153	67162fac0aa14dba7b9111d71bef4174	17bf65818bb69882875572c68d976797	d47a56ce7189e2069c642cc8a693201c
20154	67162fac0aa14dba7b9111d71bef4174	17bf65818bb69882875572c68d976797	d47a56ce7189e2069c642cc8a693201c
20155	67162fac0aa14dba7b9111d71bef4174	17bf65818bb69882875572c68d976797	d47a56ce7189e2069c642cc8a693201c
20156	9089f3df4ad3c6f5012a215bc1fbcdfb	3fe5b44eaa89627363d5eb2ae6b77354	1bb24d54621c2fdb5cdee5acc1f4b51f
20157	9089f3df4ad3c6f5012a215bc1fbcdfb	3fe5b44eaa89627363d5eb2ae6b77354	1bb24d54621c2fdb5cdee5acc1f4b51f
20158	9089f3df4ad3c6f5012a215bc1fbcdfb	3fe5b44eaa89627363d5eb2ae6b77354	1bb24d54621c2fdb5cdee5acc1f4b51f
20159	9089f3df4ad3c6f5012a215bc1fbcdfb	3fe5b44eaa89627363d5eb2ae6b77354	1bb24d54621c2fdb5cdee5acc1f4b51f
20160	9089f3df4ad3c6f5012a215bc1fbcdfb	3fe5b44eaa89627363d5eb2ae6b77354	1bb24d54621c2fdb5cdee5acc1f4b51f
20161	9089f3df4ad3c6f5012a215bc1fbcdfb	3fe5b44eaa89627363d5eb2ae6b77354	1bb24d54621c2fdb5cdee5acc1f4b51f
20162	9089f3df4ad3c6f5012a215bc1fbcdfb	3fe5b44eaa89627363d5eb2ae6b77354	1bb24d54621c2fdb5cdee5acc1f4b51f
20163	9089f3df4ad3c6f5012a215bc1fbcdfb	3fe5b44eaa89627363d5eb2ae6b77354	1bb24d54621c2fdb5cdee5acc1f4b51f
20164	9089f3df4ad3c6f5012a215bc1fbcdfb	3fe5b44eaa89627363d5eb2ae6b77354	1bb24d54621c2fdb5cdee5acc1f4b51f
20165	9089f3df4ad3c6f5012a215bc1fbcdfb	3fe5b44eaa89627363d5eb2ae6b77354	1bb24d54621c2fdb5cdee5acc1f4b51f
20166	9deebc1d0d5790ad09e421007ef62891	4f1a0010825af8db0bdb028e0490bb26	ec620b53847ef9c384485d6bb7fabe85
20167	9deebc1d0d5790ad09e421007ef62891	4f1a0010825af8db0bdb028e0490bb26	ec620b53847ef9c384485d6bb7fabe85
20168	9deebc1d0d5790ad09e421007ef62891	4f1a0010825af8db0bdb028e0490bb26	ec620b53847ef9c384485d6bb7fabe85
20169	9deebc1d0d5790ad09e421007ef62891	4f1a0010825af8db0bdb028e0490bb26	ec620b53847ef9c384485d6bb7fabe85
20170	9deebc1d0d5790ad09e421007ef62891	4f1a0010825af8db0bdb028e0490bb26	ec620b53847ef9c384485d6bb7fabe85
20171	9deebc1d0d5790ad09e421007ef62891	4f1a0010825af8db0bdb028e0490bb26	ec620b53847ef9c384485d6bb7fabe85
20172	9deebc1d0d5790ad09e421007ef62891	4f1a0010825af8db0bdb028e0490bb26	ec620b53847ef9c384485d6bb7fabe85
20173	15c8f5ce5a60619fb87d34d1a69dacdb	3de822a4664138d12cd4356139e97124	36ad9ce895e7fac9206ba02129c18867
20174	15c8f5ce5a60619fb87d34d1a69dacdb	3de822a4664138d12cd4356139e97124	36ad9ce895e7fac9206ba02129c18867
20175	15c8f5ce5a60619fb87d34d1a69dacdb	3de822a4664138d12cd4356139e97124	36ad9ce895e7fac9206ba02129c18867
20176	15c8f5ce5a60619fb87d34d1a69dacdb	3de822a4664138d12cd4356139e97124	36ad9ce895e7fac9206ba02129c18867
20177	15c8f5ce5a60619fb87d34d1a69dacdb	3de822a4664138d12cd4356139e97124	36ad9ce895e7fac9206ba02129c18867
20178	dc3a847e8841d0078816c654e3d63674	13d4f9190b09efa16fcc3dc9d6b172ef	1d8c8a23fc0ca18bde1edc7ba055f71c
20179	dc3a847e8841d0078816c654e3d63674	13d4f9190b09efa16fcc3dc9d6b172ef	1d8c8a23fc0ca18bde1edc7ba055f71c
20180	dc3a847e8841d0078816c654e3d63674	13d4f9190b09efa16fcc3dc9d6b172ef	1d8c8a23fc0ca18bde1edc7ba055f71c
20181	dc3a847e8841d0078816c654e3d63674	13d4f9190b09efa16fcc3dc9d6b172ef	1d8c8a23fc0ca18bde1edc7ba055f71c
20182	dc3a847e8841d0078816c654e3d63674	13d4f9190b09efa16fcc3dc9d6b172ef	1d8c8a23fc0ca18bde1edc7ba055f71c
20183	dc3a847e8841d0078816c654e3d63674	13d4f9190b09efa16fcc3dc9d6b172ef	1d8c8a23fc0ca18bde1edc7ba055f71c
20184	dc3a847e8841d0078816c654e3d63674	13d4f9190b09efa16fcc3dc9d6b172ef	1d8c8a23fc0ca18bde1edc7ba055f71c
20185	fb1620dedb963f27ce3667bc61236e14	2bb71de559ea64115e47a13fa47b600f	e38cbd31e198886b0780506e34df999c
20186	fb1620dedb963f27ce3667bc61236e14	2bb71de559ea64115e47a13fa47b600f	e38cbd31e198886b0780506e34df999c
20187	fb1620dedb963f27ce3667bc61236e14	2bb71de559ea64115e47a13fa47b600f	e38cbd31e198886b0780506e34df999c
20188	fb1620dedb963f27ce3667bc61236e14	2bb71de559ea64115e47a13fa47b600f	e38cbd31e198886b0780506e34df999c
20189	fb1620dedb963f27ce3667bc61236e14	2bb71de559ea64115e47a13fa47b600f	e38cbd31e198886b0780506e34df999c
20190	66035659e16f4bec85e4924c50419042	716c4fb45fa2f9980c1558ff1ef1dda9	d482a330e43e2538edd88b6cffb96f32
20191	66035659e16f4bec85e4924c50419042	716c4fb45fa2f9980c1558ff1ef1dda9	d482a330e43e2538edd88b6cffb96f32
20192	66035659e16f4bec85e4924c50419042	716c4fb45fa2f9980c1558ff1ef1dda9	d482a330e43e2538edd88b6cffb96f32
20193	66035659e16f4bec85e4924c50419042	716c4fb45fa2f9980c1558ff1ef1dda9	d482a330e43e2538edd88b6cffb96f32
20194	66035659e16f4bec85e4924c50419042	716c4fb45fa2f9980c1558ff1ef1dda9	d482a330e43e2538edd88b6cffb96f32
20195	12e370f2a1247258c52bee433a88dd6b	48660850e8ab056c6630e094402b55ac	cf2622de84ef2884308c0ae30369d63b
20196	12e370f2a1247258c52bee433a88dd6b	48660850e8ab056c6630e094402b55ac	cf2622de84ef2884308c0ae30369d63b
20197	12e370f2a1247258c52bee433a88dd6b	48660850e8ab056c6630e094402b55ac	cf2622de84ef2884308c0ae30369d63b
20198	12e370f2a1247258c52bee433a88dd6b	48660850e8ab056c6630e094402b55ac	cf2622de84ef2884308c0ae30369d63b
20199	12e370f2a1247258c52bee433a88dd6b	48660850e8ab056c6630e094402b55ac	cf2622de84ef2884308c0ae30369d63b
20200	12e370f2a1247258c52bee433a88dd6b	48660850e8ab056c6630e094402b55ac	cf2622de84ef2884308c0ae30369d63b
20201	12e370f2a1247258c52bee433a88dd6b	48660850e8ab056c6630e094402b55ac	cf2622de84ef2884308c0ae30369d63b
20202	6fe32647bf9eee988341b04e4368a514	2eb3e3d57f599fa418d925a3a1d7ab57	f15e1bcd94f082a0cde607e4165c50ec
20203	6fe32647bf9eee988341b04e4368a514	2eb3e3d57f599fa418d925a3a1d7ab57	f15e1bcd94f082a0cde607e4165c50ec
20204	6fe32647bf9eee988341b04e4368a514	2eb3e3d57f599fa418d925a3a1d7ab57	f15e1bcd94f082a0cde607e4165c50ec
20205	6fe32647bf9eee988341b04e4368a514	2eb3e3d57f599fa418d925a3a1d7ab57	f15e1bcd94f082a0cde607e4165c50ec
20206	6fe32647bf9eee988341b04e4368a514	2eb3e3d57f599fa418d925a3a1d7ab57	f15e1bcd94f082a0cde607e4165c50ec
20207	292dce7d0cada694e8434b1f67413ea1	3065a5e63501c3f844d345875340580e	0b736108b02384a09389cf0389ed6ea1
20208	292dce7d0cada694e8434b1f67413ea1	3065a5e63501c3f844d345875340580e	0b736108b02384a09389cf0389ed6ea1
20209	292dce7d0cada694e8434b1f67413ea1	3065a5e63501c3f844d345875340580e	0b736108b02384a09389cf0389ed6ea1
20210	292dce7d0cada694e8434b1f67413ea1	3065a5e63501c3f844d345875340580e	0b736108b02384a09389cf0389ed6ea1
20211	292dce7d0cada694e8434b1f67413ea1	3065a5e63501c3f844d345875340580e	0b736108b02384a09389cf0389ed6ea1
20212	292dce7d0cada694e8434b1f67413ea1	3065a5e63501c3f844d345875340580e	0b736108b02384a09389cf0389ed6ea1
20213	292dce7d0cada694e8434b1f67413ea1	3065a5e63501c3f844d345875340580e	0b736108b02384a09389cf0389ed6ea1
20214	292dce7d0cada694e8434b1f67413ea1	3065a5e63501c3f844d345875340580e	0b736108b02384a09389cf0389ed6ea1
20215	292dce7d0cada694e8434b1f67413ea1	3065a5e63501c3f844d345875340580e	0b736108b02384a09389cf0389ed6ea1
20216	292dce7d0cada694e8434b1f67413ea1	3065a5e63501c3f844d345875340580e	0b736108b02384a09389cf0389ed6ea1
20217	c59f38bcff592b29f90400c31e614de7	2e6994bca5e26f372450f806c3b32a30	5c46d60eb994d97b9316583b9c9c0e73
20218	292dce7d0cada694e8434b1f67413ea1	3065a5e63501c3f844d345875340580e	0b736108b02384a09389cf0389ed6ea1
20219	615d9c6cf74ac8e617f0ea7f4e90f8e3	1fc020a1a1a27dd6fb866b6604d4ecb4	3dfe2c3da64bedac4a879297359fc487
20220	615d9c6cf74ac8e617f0ea7f4e90f8e3	1fc020a1a1a27dd6fb866b6604d4ecb4	3dfe2c3da64bedac4a879297359fc487
20221	615d9c6cf74ac8e617f0ea7f4e90f8e3	1fc020a1a1a27dd6fb866b6604d4ecb4	3dfe2c3da64bedac4a879297359fc487
20222	615d9c6cf74ac8e617f0ea7f4e90f8e3	1fc020a1a1a27dd6fb866b6604d4ecb4	3dfe2c3da64bedac4a879297359fc487
20223	615d9c6cf74ac8e617f0ea7f4e90f8e3	1fc020a1a1a27dd6fb866b6604d4ecb4	3dfe2c3da64bedac4a879297359fc487
20224	615d9c6cf74ac8e617f0ea7f4e90f8e3	1fc020a1a1a27dd6fb866b6604d4ecb4	3dfe2c3da64bedac4a879297359fc487
20225	615d9c6cf74ac8e617f0ea7f4e90f8e3	1fc020a1a1a27dd6fb866b6604d4ecb4	3dfe2c3da64bedac4a879297359fc487
20226	5ee8123bc2d360f88be50c1de67cb358	de172bbbc9722614988b56308c87ce4b	c0a74b91c77233b2004c267ba5163e2c
20227	5ee8123bc2d360f88be50c1de67cb358	de172bbbc9722614988b56308c87ce4b	c0a74b91c77233b2004c267ba5163e2c
20228	5ee8123bc2d360f88be50c1de67cb358	de172bbbc9722614988b56308c87ce4b	c0a74b91c77233b2004c267ba5163e2c
20229	5ee8123bc2d360f88be50c1de67cb358	de172bbbc9722614988b56308c87ce4b	c0a74b91c77233b2004c267ba5163e2c
20230	5ee8123bc2d360f88be50c1de67cb358	de172bbbc9722614988b56308c87ce4b	c0a74b91c77233b2004c267ba5163e2c
20231	737f3df1f2e83b92e92e6edb66d4e6db	b8ffadea3c86eb32842adf96cc00704c	091cc3b5965f25ec45fe17e14b6b8e2f
20232	737f3df1f2e83b92e92e6edb66d4e6db	b8ffadea3c86eb32842adf96cc00704c	091cc3b5965f25ec45fe17e14b6b8e2f
20233	737f3df1f2e83b92e92e6edb66d4e6db	b8ffadea3c86eb32842adf96cc00704c	091cc3b5965f25ec45fe17e14b6b8e2f
20234	737f3df1f2e83b92e92e6edb66d4e6db	b8ffadea3c86eb32842adf96cc00704c	091cc3b5965f25ec45fe17e14b6b8e2f
20235	737f3df1f2e83b92e92e6edb66d4e6db	b8ffadea3c86eb32842adf96cc00704c	091cc3b5965f25ec45fe17e14b6b8e2f
20236	ff57d244368af3de0340371903f684ca	04cfce417a8c8dc61fb8ae700f64aff1	c0fd674ee48c7726bfa123e09d4b3f4a
20237	ff57d244368af3de0340371903f684ca	04cfce417a8c8dc61fb8ae700f64aff1	c0fd674ee48c7726bfa123e09d4b3f4a
20238	ff57d244368af3de0340371903f684ca	04cfce417a8c8dc61fb8ae700f64aff1	c0fd674ee48c7726bfa123e09d4b3f4a
20239	ff57d244368af3de0340371903f684ca	04cfce417a8c8dc61fb8ae700f64aff1	c0fd674ee48c7726bfa123e09d4b3f4a
20240	ff57d244368af3de0340371903f684ca	04cfce417a8c8dc61fb8ae700f64aff1	c0fd674ee48c7726bfa123e09d4b3f4a
20241	ff57d244368af3de0340371903f684ca	04cfce417a8c8dc61fb8ae700f64aff1	c0fd674ee48c7726bfa123e09d4b3f4a
20242	ff57d244368af3de0340371903f684ca	04cfce417a8c8dc61fb8ae700f64aff1	c0fd674ee48c7726bfa123e09d4b3f4a
20243	ff57d244368af3de0340371903f684ca	04cfce417a8c8dc61fb8ae700f64aff1	c0fd674ee48c7726bfa123e09d4b3f4a
20244	ff57d244368af3de0340371903f684ca	04cfce417a8c8dc61fb8ae700f64aff1	c0fd674ee48c7726bfa123e09d4b3f4a
20245	ff57d244368af3de0340371903f684ca	04cfce417a8c8dc61fb8ae700f64aff1	c0fd674ee48c7726bfa123e09d4b3f4a
20246	ff57d244368af3de0340371903f684ca	04cfce417a8c8dc61fb8ae700f64aff1	c0fd674ee48c7726bfa123e09d4b3f4a
20247	ff57d244368af3de0340371903f684ca	04cfce417a8c8dc61fb8ae700f64aff1	c0fd674ee48c7726bfa123e09d4b3f4a
20248	1092fcec7b41799eb1e88b79f675f598	4491ad5a5cf55876fc1e388153930f6b	5961f4b918b2e4404c4d330cca0ecf3c
20249	1092fcec7b41799eb1e88b79f675f598	4491ad5a5cf55876fc1e388153930f6b	5961f4b918b2e4404c4d330cca0ecf3c
20250	1092fcec7b41799eb1e88b79f675f598	4491ad5a5cf55876fc1e388153930f6b	5961f4b918b2e4404c4d330cca0ecf3c
20251	1092fcec7b41799eb1e88b79f675f598	4491ad5a5cf55876fc1e388153930f6b	5961f4b918b2e4404c4d330cca0ecf3c
20252	1092fcec7b41799eb1e88b79f675f598	4491ad5a5cf55876fc1e388153930f6b	5961f4b918b2e4404c4d330cca0ecf3c
20253	1092fcec7b41799eb1e88b79f675f598	4491ad5a5cf55876fc1e388153930f6b	5961f4b918b2e4404c4d330cca0ecf3c
20254	1092fcec7b41799eb1e88b79f675f598	4491ad5a5cf55876fc1e388153930f6b	5961f4b918b2e4404c4d330cca0ecf3c
20255	ddcc8d767b33cd6eba0b9f83472c845a	5a180849bdb0afa6c0d5bedd5d09e7f1	ec64da0c730299c047c80151076f5426
20256	ddcc8d767b33cd6eba0b9f83472c845a	5a180849bdb0afa6c0d5bedd5d09e7f1	ec64da0c730299c047c80151076f5426
20257	ddcc8d767b33cd6eba0b9f83472c845a	5a180849bdb0afa6c0d5bedd5d09e7f1	ec64da0c730299c047c80151076f5426
20258	ddcc8d767b33cd6eba0b9f83472c845a	5a180849bdb0afa6c0d5bedd5d09e7f1	ec64da0c730299c047c80151076f5426
20259	ddcc8d767b33cd6eba0b9f83472c845a	5a180849bdb0afa6c0d5bedd5d09e7f1	ec64da0c730299c047c80151076f5426
20260	ddcc8d767b33cd6eba0b9f83472c845a	5a180849bdb0afa6c0d5bedd5d09e7f1	ec64da0c730299c047c80151076f5426
20261	ddcc8d767b33cd6eba0b9f83472c845a	5a180849bdb0afa6c0d5bedd5d09e7f1	ec64da0c730299c047c80151076f5426
20262	ddcc8d767b33cd6eba0b9f83472c845a	5a180849bdb0afa6c0d5bedd5d09e7f1	ec64da0c730299c047c80151076f5426
20263	ddcc8d767b33cd6eba0b9f83472c845a	5a180849bdb0afa6c0d5bedd5d09e7f1	ec64da0c730299c047c80151076f5426
20264	ddcc8d767b33cd6eba0b9f83472c845a	5a180849bdb0afa6c0d5bedd5d09e7f1	ec64da0c730299c047c80151076f5426
20265	64729fc35982ac5be0db068e0db8175b	540c8d853f5fbf5d3f2fcf1d92c2fc34	e86956781cd8a8ed22e5260f5af4fa5f
20266	64729fc35982ac5be0db068e0db8175b	540c8d853f5fbf5d3f2fcf1d92c2fc34	e86956781cd8a8ed22e5260f5af4fa5f
20267	64729fc35982ac5be0db068e0db8175b	540c8d853f5fbf5d3f2fcf1d92c2fc34	e86956781cd8a8ed22e5260f5af4fa5f
20268	64729fc35982ac5be0db068e0db8175b	540c8d853f5fbf5d3f2fcf1d92c2fc34	e86956781cd8a8ed22e5260f5af4fa5f
20269	64729fc35982ac5be0db068e0db8175b	540c8d853f5fbf5d3f2fcf1d92c2fc34	e86956781cd8a8ed22e5260f5af4fa5f
20270	64729fc35982ac5be0db068e0db8175b	540c8d853f5fbf5d3f2fcf1d92c2fc34	e86956781cd8a8ed22e5260f5af4fa5f
20271	64729fc35982ac5be0db068e0db8175b	540c8d853f5fbf5d3f2fcf1d92c2fc34	e86956781cd8a8ed22e5260f5af4fa5f
20272	de78cc75ad7ab35647395ee280c03cb1	a499f682c9b312c6bbc272afca412e9e	52d484dbf9df273e16a6bd3f05edd419
20273	de78cc75ad7ab35647395ee280c03cb1	a499f682c9b312c6bbc272afca412e9e	52d484dbf9df273e16a6bd3f05edd419
20274	de78cc75ad7ab35647395ee280c03cb1	a499f682c9b312c6bbc272afca412e9e	52d484dbf9df273e16a6bd3f05edd419
20275	de78cc75ad7ab35647395ee280c03cb1	a499f682c9b312c6bbc272afca412e9e	52d484dbf9df273e16a6bd3f05edd419
20276	de78cc75ad7ab35647395ee280c03cb1	a499f682c9b312c6bbc272afca412e9e	52d484dbf9df273e16a6bd3f05edd419
20277	be6a37ea7138422b34125f82c0eda556	7b51651ac7fbaee5e715ca1aed8bde85	74d6cb3d49247c374e9286d74387a066
20278	be6a37ea7138422b34125f82c0eda556	7b51651ac7fbaee5e715ca1aed8bde85	74d6cb3d49247c374e9286d74387a066
20279	be6a37ea7138422b34125f82c0eda556	7b51651ac7fbaee5e715ca1aed8bde85	74d6cb3d49247c374e9286d74387a066
20280	be6a37ea7138422b34125f82c0eda556	7b51651ac7fbaee5e715ca1aed8bde85	74d6cb3d49247c374e9286d74387a066
20281	be6a37ea7138422b34125f82c0eda556	7b51651ac7fbaee5e715ca1aed8bde85	74d6cb3d49247c374e9286d74387a066
20282	be6a37ea7138422b34125f82c0eda556	7b51651ac7fbaee5e715ca1aed8bde85	74d6cb3d49247c374e9286d74387a066
20283	be6a37ea7138422b34125f82c0eda556	7b51651ac7fbaee5e715ca1aed8bde85	74d6cb3d49247c374e9286d74387a066
20284	be6a37ea7138422b34125f82c0eda556	7b51651ac7fbaee5e715ca1aed8bde85	74d6cb3d49247c374e9286d74387a066
20285	be6a37ea7138422b34125f82c0eda556	7b51651ac7fbaee5e715ca1aed8bde85	74d6cb3d49247c374e9286d74387a066
20286	be6a37ea7138422b34125f82c0eda556	7b51651ac7fbaee5e715ca1aed8bde85	74d6cb3d49247c374e9286d74387a066
20287	be6a37ea7138422b34125f82c0eda556	7b51651ac7fbaee5e715ca1aed8bde85	74d6cb3d49247c374e9286d74387a066
20288	be6a37ea7138422b34125f82c0eda556	7b51651ac7fbaee5e715ca1aed8bde85	74d6cb3d49247c374e9286d74387a066
20289	be6a37ea7138422b34125f82c0eda556	7b51651ac7fbaee5e715ca1aed8bde85	74d6cb3d49247c374e9286d74387a066
20290	be6a37ea7138422b34125f82c0eda556	7b51651ac7fbaee5e715ca1aed8bde85	74d6cb3d49247c374e9286d74387a066
20291	be6a37ea7138422b34125f82c0eda556	7b51651ac7fbaee5e715ca1aed8bde85	74d6cb3d49247c374e9286d74387a066
20292	be6a37ea7138422b34125f82c0eda556	7b51651ac7fbaee5e715ca1aed8bde85	74d6cb3d49247c374e9286d74387a066
20293	be6a37ea7138422b34125f82c0eda556	7b51651ac7fbaee5e715ca1aed8bde85	74d6cb3d49247c374e9286d74387a066
20294	fc73964c94f5fdf2449ec279afc18479	8d85c6bb14041232d658947ec0495d96	f0863d8f6922346c80e842fd33ccd9a5
20295	fc73964c94f5fdf2449ec279afc18479	8d85c6bb14041232d658947ec0495d96	f0863d8f6922346c80e842fd33ccd9a5
20296	fc73964c94f5fdf2449ec279afc18479	8d85c6bb14041232d658947ec0495d96	f0863d8f6922346c80e842fd33ccd9a5
20297	fc73964c94f5fdf2449ec279afc18479	8d85c6bb14041232d658947ec0495d96	f0863d8f6922346c80e842fd33ccd9a5
20298	fc73964c94f5fdf2449ec279afc18479	8d85c6bb14041232d658947ec0495d96	f0863d8f6922346c80e842fd33ccd9a5
20299	fc73964c94f5fdf2449ec279afc18479	8d85c6bb14041232d658947ec0495d96	f0863d8f6922346c80e842fd33ccd9a5
20300	fc73964c94f5fdf2449ec279afc18479	8d85c6bb14041232d658947ec0495d96	f0863d8f6922346c80e842fd33ccd9a5
20301	aa3ca774dfbe9679b8c58112ccbba179	b48e96b434a77ac73807a56903e3899e	4ee3c421601c3c8917f11e5b817a1e31
20302	aa3ca774dfbe9679b8c58112ccbba179	b48e96b434a77ac73807a56903e3899e	4ee3c421601c3c8917f11e5b817a1e31
20303	aa3ca774dfbe9679b8c58112ccbba179	b48e96b434a77ac73807a56903e3899e	4ee3c421601c3c8917f11e5b817a1e31
20304	73492eb33725e0a83877a682365e138b	2363e6247f51584cb100ca586b464bcc	3f872d7e89964a4044bbb1be7514c233
20305	73492eb33725e0a83877a682365e138b	2363e6247f51584cb100ca586b464bcc	3f872d7e89964a4044bbb1be7514c233
20306	3295d4a7b5ecf27180a074396f71d182	3aed3da519a186a791c84ba9e27c7b11	07e73dc7422048c5093a360e5e041b72
20307	3295d4a7b5ecf27180a074396f71d182	3aed3da519a186a791c84ba9e27c7b11	07e73dc7422048c5093a360e5e041b72
20308	3295d4a7b5ecf27180a074396f71d182	3aed3da519a186a791c84ba9e27c7b11	07e73dc7422048c5093a360e5e041b72
20309	3295d4a7b5ecf27180a074396f71d182	3aed3da519a186a791c84ba9e27c7b11	07e73dc7422048c5093a360e5e041b72
20310	3295d4a7b5ecf27180a074396f71d182	3aed3da519a186a791c84ba9e27c7b11	07e73dc7422048c5093a360e5e041b72
20311	3295d4a7b5ecf27180a074396f71d182	3aed3da519a186a791c84ba9e27c7b11	07e73dc7422048c5093a360e5e041b72
20312	3295d4a7b5ecf27180a074396f71d182	3aed3da519a186a791c84ba9e27c7b11	07e73dc7422048c5093a360e5e041b72
20313	ed0263fd3597ae5f1b984684b61f876b	b18f6428c837b1613c655cac28237a74	26fa43638e063533bd004f2e7d7a5193
20314	ed0263fd3597ae5f1b984684b61f876b	b18f6428c837b1613c655cac28237a74	26fa43638e063533bd004f2e7d7a5193
20315	ed0263fd3597ae5f1b984684b61f876b	b18f6428c837b1613c655cac28237a74	26fa43638e063533bd004f2e7d7a5193
20316	ed0263fd3597ae5f1b984684b61f876b	b18f6428c837b1613c655cac28237a74	26fa43638e063533bd004f2e7d7a5193
20317	ed0263fd3597ae5f1b984684b61f876b	b18f6428c837b1613c655cac28237a74	26fa43638e063533bd004f2e7d7a5193
20318	85718d1c4ac84fad18db4240425135d3	7d956abe80cfeb4bb8b331f3eebb291c	cc040b9c78c96d6f485132934d965f07
20319	85718d1c4ac84fad18db4240425135d3	7d956abe80cfeb4bb8b331f3eebb291c	cc040b9c78c96d6f485132934d965f07
20320	85718d1c4ac84fad18db4240425135d3	7d956abe80cfeb4bb8b331f3eebb291c	cc040b9c78c96d6f485132934d965f07
20321	85718d1c4ac84fad18db4240425135d3	7d956abe80cfeb4bb8b331f3eebb291c	cc040b9c78c96d6f485132934d965f07
20322	85718d1c4ac84fad18db4240425135d3	7d956abe80cfeb4bb8b331f3eebb291c	cc040b9c78c96d6f485132934d965f07
20323	85718d1c4ac84fad18db4240425135d3	7d956abe80cfeb4bb8b331f3eebb291c	cc040b9c78c96d6f485132934d965f07
20324	85718d1c4ac84fad18db4240425135d3	7d956abe80cfeb4bb8b331f3eebb291c	cc040b9c78c96d6f485132934d965f07
20325	f217bb301461e9e8f508481e40ed95a6	35a167dbabf32064d9249c9ecda5156d	dcecd83ab272c0ea36da1c35a2e9bd62
20326	f217bb301461e9e8f508481e40ed95a6	35a167dbabf32064d9249c9ecda5156d	dcecd83ab272c0ea36da1c35a2e9bd62
20327	f217bb301461e9e8f508481e40ed95a6	35a167dbabf32064d9249c9ecda5156d	dcecd83ab272c0ea36da1c35a2e9bd62
20328	f217bb301461e9e8f508481e40ed95a6	35a167dbabf32064d9249c9ecda5156d	dcecd83ab272c0ea36da1c35a2e9bd62
20329	f217bb301461e9e8f508481e40ed95a6	35a167dbabf32064d9249c9ecda5156d	dcecd83ab272c0ea36da1c35a2e9bd62
20330	f217bb301461e9e8f508481e40ed95a6	35a167dbabf32064d9249c9ecda5156d	dcecd83ab272c0ea36da1c35a2e9bd62
20331	f217bb301461e9e8f508481e40ed95a6	35a167dbabf32064d9249c9ecda5156d	dcecd83ab272c0ea36da1c35a2e9bd62
20332	f217bb301461e9e8f508481e40ed95a6	35a167dbabf32064d9249c9ecda5156d	dcecd83ab272c0ea36da1c35a2e9bd62
20333	f217bb301461e9e8f508481e40ed95a6	35a167dbabf32064d9249c9ecda5156d	dcecd83ab272c0ea36da1c35a2e9bd62
20334	f217bb301461e9e8f508481e40ed95a6	35a167dbabf32064d9249c9ecda5156d	dcecd83ab272c0ea36da1c35a2e9bd62
20335	0beeb5fdf4f95a3610b11a4ad4d84fd5	b0f35637d27c5ac6ba678f122be53a42	f64874ba34b57234ce38354cb54f56a1
20336	0beeb5fdf4f95a3610b11a4ad4d84fd5	b0f35637d27c5ac6ba678f122be53a42	f64874ba34b57234ce38354cb54f56a1
20337	0beeb5fdf4f95a3610b11a4ad4d84fd5	b0f35637d27c5ac6ba678f122be53a42	f64874ba34b57234ce38354cb54f56a1
20338	ef2f8f05df5c00ebd231e269c9d0cc31	c67b82e0496af75dea4ab5c1bfc2c9a6	700a403c2d38388d4e743599bb8ab38d
20339	ef2f8f05df5c00ebd231e269c9d0cc31	c67b82e0496af75dea4ab5c1bfc2c9a6	700a403c2d38388d4e743599bb8ab38d
20340	ef2f8f05df5c00ebd231e269c9d0cc31	c67b82e0496af75dea4ab5c1bfc2c9a6	700a403c2d38388d4e743599bb8ab38d
20341	7d49dd06fb1ce060a538fce098d46d25	3054f86a8d53e544586458560a835272	2b4da4184e6af2722c880cbefb1d2309
20342	def7ae7baca1c1b1afe8a5d729dd269f	53b4f76d587d300f0c7b9069321c2878	f200bea7f4246f17ac9b4f526bb4370b
20343	def7ae7baca1c1b1afe8a5d729dd269f	53b4f76d587d300f0c7b9069321c2878	f200bea7f4246f17ac9b4f526bb4370b
20344	def7ae7baca1c1b1afe8a5d729dd269f	53b4f76d587d300f0c7b9069321c2878	f200bea7f4246f17ac9b4f526bb4370b
20345	def7ae7baca1c1b1afe8a5d729dd269f	53b4f76d587d300f0c7b9069321c2878	f200bea7f4246f17ac9b4f526bb4370b
20346	def7ae7baca1c1b1afe8a5d729dd269f	53b4f76d587d300f0c7b9069321c2878	f200bea7f4246f17ac9b4f526bb4370b
20347	23bd6b8f42f166062654fc8cbf7f15d0	07389ed9f803ee3e44df91605d6fca13	e91866e959d1c5c238274beb2907f6e0
20348	23bd6b8f42f166062654fc8cbf7f15d0	07389ed9f803ee3e44df91605d6fca13	e91866e959d1c5c238274beb2907f6e0
20349	23bd6b8f42f166062654fc8cbf7f15d0	07389ed9f803ee3e44df91605d6fca13	e91866e959d1c5c238274beb2907f6e0
20350	23bd6b8f42f166062654fc8cbf7f15d0	07389ed9f803ee3e44df91605d6fca13	e91866e959d1c5c238274beb2907f6e0
20351	23bd6b8f42f166062654fc8cbf7f15d0	07389ed9f803ee3e44df91605d6fca13	e91866e959d1c5c238274beb2907f6e0
20352	23bd6b8f42f166062654fc8cbf7f15d0	07389ed9f803ee3e44df91605d6fca13	e91866e959d1c5c238274beb2907f6e0
20353	23bd6b8f42f166062654fc8cbf7f15d0	07389ed9f803ee3e44df91605d6fca13	e91866e959d1c5c238274beb2907f6e0
20354	e4dfa547f6a7b729ba2efde7ade35d32	e3e522fc26bcc06f1fff4eb8a858e891	1c4b469383fcc11bfb12a7aa99e6b8fe
20355	e4dfa547f6a7b729ba2efde7ade35d32	e3e522fc26bcc06f1fff4eb8a858e891	1c4b469383fcc11bfb12a7aa99e6b8fe
20356	e4dfa547f6a7b729ba2efde7ade35d32	e3e522fc26bcc06f1fff4eb8a858e891	1c4b469383fcc11bfb12a7aa99e6b8fe
20357	e4dfa547f6a7b729ba2efde7ade35d32	e3e522fc26bcc06f1fff4eb8a858e891	1c4b469383fcc11bfb12a7aa99e6b8fe
20358	e4dfa547f6a7b729ba2efde7ade35d32	e3e522fc26bcc06f1fff4eb8a858e891	1c4b469383fcc11bfb12a7aa99e6b8fe
20359	e4dfa547f6a7b729ba2efde7ade35d32	e3e522fc26bcc06f1fff4eb8a858e891	1c4b469383fcc11bfb12a7aa99e6b8fe
20360	e4dfa547f6a7b729ba2efde7ade35d32	e3e522fc26bcc06f1fff4eb8a858e891	1c4b469383fcc11bfb12a7aa99e6b8fe
20361	e4dfa547f6a7b729ba2efde7ade35d32	e3e522fc26bcc06f1fff4eb8a858e891	1c4b469383fcc11bfb12a7aa99e6b8fe
20362	e4dfa547f6a7b729ba2efde7ade35d32	e3e522fc26bcc06f1fff4eb8a858e891	1c4b469383fcc11bfb12a7aa99e6b8fe
20363	e4dfa547f6a7b729ba2efde7ade35d32	e3e522fc26bcc06f1fff4eb8a858e891	1c4b469383fcc11bfb12a7aa99e6b8fe
20364	7cd85b5dd92586ebfd0dce54182a5fbd	bb6b4ecb7ad3019d1d097b10cb2747d2	80ad1ef25fa62411231250580f9d2669
20365	7cd85b5dd92586ebfd0dce54182a5fbd	bb6b4ecb7ad3019d1d097b10cb2747d2	80ad1ef25fa62411231250580f9d2669
20366	7cd85b5dd92586ebfd0dce54182a5fbd	bb6b4ecb7ad3019d1d097b10cb2747d2	80ad1ef25fa62411231250580f9d2669
20367	7cd85b5dd92586ebfd0dce54182a5fbd	bb6b4ecb7ad3019d1d097b10cb2747d2	80ad1ef25fa62411231250580f9d2669
20368	7cd85b5dd92586ebfd0dce54182a5fbd	bb6b4ecb7ad3019d1d097b10cb2747d2	80ad1ef25fa62411231250580f9d2669
20369	7cd85b5dd92586ebfd0dce54182a5fbd	bb6b4ecb7ad3019d1d097b10cb2747d2	80ad1ef25fa62411231250580f9d2669
20370	7cd85b5dd92586ebfd0dce54182a5fbd	bb6b4ecb7ad3019d1d097b10cb2747d2	80ad1ef25fa62411231250580f9d2669
20371	afe5c72450a9e60da2f08b720a54546a	12f6d9cc5bd4eeb361f1cc3f9800b969	88bd3d8ba28f06dd41baefa5d2bcfefa
20372	afe5c72450a9e60da2f08b720a54546a	12f6d9cc5bd4eeb361f1cc3f9800b969	88bd3d8ba28f06dd41baefa5d2bcfefa
20373	afe5c72450a9e60da2f08b720a54546a	12f6d9cc5bd4eeb361f1cc3f9800b969	88bd3d8ba28f06dd41baefa5d2bcfefa
20374	24fc79f9d04704c7854588106604eacc	6bb92294e3921191be1b8534f9229347	32dc5dc9fc77223b0f008dd36c9737ac
20375	24fc79f9d04704c7854588106604eacc	6bb92294e3921191be1b8534f9229347	32dc5dc9fc77223b0f008dd36c9737ac
20376	7cd85b5dd92586ebfd0dce54182a5fbd	bb6b4ecb7ad3019d1d097b10cb2747d2	80ad1ef25fa62411231250580f9d2669
20377	7cd85b5dd92586ebfd0dce54182a5fbd	bb6b4ecb7ad3019d1d097b10cb2747d2	80ad1ef25fa62411231250580f9d2669
20378	7cd85b5dd92586ebfd0dce54182a5fbd	bb6b4ecb7ad3019d1d097b10cb2747d2	80ad1ef25fa62411231250580f9d2669
20379	7cd85b5dd92586ebfd0dce54182a5fbd	bb6b4ecb7ad3019d1d097b10cb2747d2	80ad1ef25fa62411231250580f9d2669
20380	7cd85b5dd92586ebfd0dce54182a5fbd	bb6b4ecb7ad3019d1d097b10cb2747d2	80ad1ef25fa62411231250580f9d2669
20381	7cd85b5dd92586ebfd0dce54182a5fbd	bb6b4ecb7ad3019d1d097b10cb2747d2	80ad1ef25fa62411231250580f9d2669
20382	7cd85b5dd92586ebfd0dce54182a5fbd	bb6b4ecb7ad3019d1d097b10cb2747d2	80ad1ef25fa62411231250580f9d2669
20383	7cd85b5dd92586ebfd0dce54182a5fbd	bb6b4ecb7ad3019d1d097b10cb2747d2	80ad1ef25fa62411231250580f9d2669
20384	7cd85b5dd92586ebfd0dce54182a5fbd	bb6b4ecb7ad3019d1d097b10cb2747d2	80ad1ef25fa62411231250580f9d2669
20385	7cd85b5dd92586ebfd0dce54182a5fbd	bb6b4ecb7ad3019d1d097b10cb2747d2	80ad1ef25fa62411231250580f9d2669
20386	7cd85b5dd92586ebfd0dce54182a5fbd	bb6b4ecb7ad3019d1d097b10cb2747d2	80ad1ef25fa62411231250580f9d2669
20387	7cd85b5dd92586ebfd0dce54182a5fbd	bb6b4ecb7ad3019d1d097b10cb2747d2	80ad1ef25fa62411231250580f9d2669
20388	f64539807ee3ad37818c948787a08f84	43c8cebccd8c33c13be9da374e8e89df	e3659c99f847a4f50183aed3492a4140
20389	f64539807ee3ad37818c948787a08f84	43c8cebccd8c33c13be9da374e8e89df	e3659c99f847a4f50183aed3492a4140
20390	f64539807ee3ad37818c948787a08f84	43c8cebccd8c33c13be9da374e8e89df	e3659c99f847a4f50183aed3492a4140
20391	f64539807ee3ad37818c948787a08f84	43c8cebccd8c33c13be9da374e8e89df	e3659c99f847a4f50183aed3492a4140
20392	f64539807ee3ad37818c948787a08f84	43c8cebccd8c33c13be9da374e8e89df	e3659c99f847a4f50183aed3492a4140
20393	f64539807ee3ad37818c948787a08f84	43c8cebccd8c33c13be9da374e8e89df	e3659c99f847a4f50183aed3492a4140
20394	f64539807ee3ad37818c948787a08f84	43c8cebccd8c33c13be9da374e8e89df	e3659c99f847a4f50183aed3492a4140
20395	f64539807ee3ad37818c948787a08f84	43c8cebccd8c33c13be9da374e8e89df	e3659c99f847a4f50183aed3492a4140
20396	f64539807ee3ad37818c948787a08f84	43c8cebccd8c33c13be9da374e8e89df	e3659c99f847a4f50183aed3492a4140
20397	f64539807ee3ad37818c948787a08f84	43c8cebccd8c33c13be9da374e8e89df	e3659c99f847a4f50183aed3492a4140
20398	f64539807ee3ad37818c948787a08f84	43c8cebccd8c33c13be9da374e8e89df	e3659c99f847a4f50183aed3492a4140
20399	f64539807ee3ad37818c948787a08f84	43c8cebccd8c33c13be9da374e8e89df	e3659c99f847a4f50183aed3492a4140
20400	f64539807ee3ad37818c948787a08f84	43c8cebccd8c33c13be9da374e8e89df	e3659c99f847a4f50183aed3492a4140
20401	f64539807ee3ad37818c948787a08f84	43c8cebccd8c33c13be9da374e8e89df	e3659c99f847a4f50183aed3492a4140
20402	f64539807ee3ad37818c948787a08f84	43c8cebccd8c33c13be9da374e8e89df	e3659c99f847a4f50183aed3492a4140
20403	f64539807ee3ad37818c948787a08f84	43c8cebccd8c33c13be9da374e8e89df	e3659c99f847a4f50183aed3492a4140
20404	f64539807ee3ad37818c948787a08f84	43c8cebccd8c33c13be9da374e8e89df	e3659c99f847a4f50183aed3492a4140
20405	a3d4418a8275288f04e9f2213b7ed569	7b7b433e0bc2690130acc891f61984de	743c70b45cc481290c47e7b88949c1fd
20406	a3d4418a8275288f04e9f2213b7ed569	7b7b433e0bc2690130acc891f61984de	743c70b45cc481290c47e7b88949c1fd
20407	a3d4418a8275288f04e9f2213b7ed569	7b7b433e0bc2690130acc891f61984de	743c70b45cc481290c47e7b88949c1fd
20408	a3d4418a8275288f04e9f2213b7ed569	7b7b433e0bc2690130acc891f61984de	743c70b45cc481290c47e7b88949c1fd
20409	a3d4418a8275288f04e9f2213b7ed569	7b7b433e0bc2690130acc891f61984de	743c70b45cc481290c47e7b88949c1fd
20410	a3d4418a8275288f04e9f2213b7ed569	7b7b433e0bc2690130acc891f61984de	743c70b45cc481290c47e7b88949c1fd
20411	a3d4418a8275288f04e9f2213b7ed569	7b7b433e0bc2690130acc891f61984de	743c70b45cc481290c47e7b88949c1fd
20412	630e6d24242fbe440b1607e059553f8e	a3939e1526a5a0e0a49e3e4f518ae045	249927aea3e759444497fd972a9333de
20413	630e6d24242fbe440b1607e059553f8e	a3939e1526a5a0e0a49e3e4f518ae045	249927aea3e759444497fd972a9333de
20414	630e6d24242fbe440b1607e059553f8e	a3939e1526a5a0e0a49e3e4f518ae045	249927aea3e759444497fd972a9333de
20415	0b3b65135e0c4b0e614feaafd04ef458	ac721ac8c357fa360c8b7be6c148052b	b3c487b355fc93964e0d99af22638558
20416	0b3b65135e0c4b0e614feaafd04ef458	ac721ac8c357fa360c8b7be6c148052b	b3c487b355fc93964e0d99af22638558
20417	a81c7285ce2ebe85368a9c5933d9d759	98e84901e82aaef3b89240c0520f400e	22acb29e4237166dd44ff2b2fd035571
20418	a81c7285ce2ebe85368a9c5933d9d759	98e84901e82aaef3b89240c0520f400e	22acb29e4237166dd44ff2b2fd035571
20419	a81c7285ce2ebe85368a9c5933d9d759	98e84901e82aaef3b89240c0520f400e	22acb29e4237166dd44ff2b2fd035571
20420	a81c7285ce2ebe85368a9c5933d9d759	98e84901e82aaef3b89240c0520f400e	22acb29e4237166dd44ff2b2fd035571
20421	a81c7285ce2ebe85368a9c5933d9d759	98e84901e82aaef3b89240c0520f400e	22acb29e4237166dd44ff2b2fd035571
20422	a81c7285ce2ebe85368a9c5933d9d759	98e84901e82aaef3b89240c0520f400e	22acb29e4237166dd44ff2b2fd035571
20423	a81c7285ce2ebe85368a9c5933d9d759	98e84901e82aaef3b89240c0520f400e	22acb29e4237166dd44ff2b2fd035571
20424	7d3aedf9b05c4fce834601bedd2547e0	3afbf73133713fd6547f8be4eb04b113	617903ed6d6056aaf5f8b49a0d253040
20425	a6433c700409d1469050214f9a33957c	eef3c39d9511f6ae7318b8c374f713cf	a263a7713a77f65a5bcd1d647523846c
20426	a6433c700409d1469050214f9a33957c	eef3c39d9511f6ae7318b8c374f713cf	a263a7713a77f65a5bcd1d647523846c
20427	7d3aedf9b05c4fce834601bedd2547e0	3afbf73133713fd6547f8be4eb04b113	617903ed6d6056aaf5f8b49a0d253040
20428	7d3aedf9b05c4fce834601bedd2547e0	3afbf73133713fd6547f8be4eb04b113	617903ed6d6056aaf5f8b49a0d253040
20429	4fec005909062b13696dbdb3ac90d966	4d5bb135e00e91ed145953b36fb2d935	c694054bf7d15fd3a5abcd4f100153e6
20430	4fec005909062b13696dbdb3ac90d966	4d5bb135e00e91ed145953b36fb2d935	c694054bf7d15fd3a5abcd4f100153e6
20431	4fec005909062b13696dbdb3ac90d966	4d5bb135e00e91ed145953b36fb2d935	c694054bf7d15fd3a5abcd4f100153e6
20432	4fec005909062b13696dbdb3ac90d966	4d5bb135e00e91ed145953b36fb2d935	c694054bf7d15fd3a5abcd4f100153e6
20433	4fec005909062b13696dbdb3ac90d966	4d5bb135e00e91ed145953b36fb2d935	c694054bf7d15fd3a5abcd4f100153e6
20434	a8204a2ffd249dc11774a48398c1826b	5a270b9860c2a69f5aa04e81dab1a3a4	7a9377e64d4b30df2a32deb6504bae47
20435	a8204a2ffd249dc11774a48398c1826b	5a270b9860c2a69f5aa04e81dab1a3a4	7a9377e64d4b30df2a32deb6504bae47
20436	a8204a2ffd249dc11774a48398c1826b	5a270b9860c2a69f5aa04e81dab1a3a4	7a9377e64d4b30df2a32deb6504bae47
20437	cee987258d7f41614d5fe39f4f4d8440	97025786d2e67fe7df59ed676417c44b	4e4cb062a518b6a3147ef11ebde0c974
20438	cee987258d7f41614d5fe39f4f4d8440	97025786d2e67fe7df59ed676417c44b	4e4cb062a518b6a3147ef11ebde0c974
20439	0e2757f57d5dcd10bc1a7bd2e07e0e00	0ec85eb9f537e62c8c69439a414429d3	827218cc30c6f4be2835714d6fd75aec
20440	0e2757f57d5dcd10bc1a7bd2e07e0e00	0ec85eb9f537e62c8c69439a414429d3	827218cc30c6f4be2835714d6fd75aec
20441	28e803ba93be8375afb6ada7958e610a	c557ba1821dca4cbb8d32535fa1ce389	95845d8261f7a22d02f9766c1050872a
20442	28e803ba93be8375afb6ada7958e610a	c557ba1821dca4cbb8d32535fa1ce389	95845d8261f7a22d02f9766c1050872a
20443	28e803ba93be8375afb6ada7958e610a	c557ba1821dca4cbb8d32535fa1ce389	95845d8261f7a22d02f9766c1050872a
20444	28e803ba93be8375afb6ada7958e610a	c557ba1821dca4cbb8d32535fa1ce389	95845d8261f7a22d02f9766c1050872a
20445	28e803ba93be8375afb6ada7958e610a	c557ba1821dca4cbb8d32535fa1ce389	95845d8261f7a22d02f9766c1050872a
20446	6fb5414ebd6861756296f3031ebff8b5	95b2e0c28adf31f3d7411ab513f64c2a	5f478e9adddcd7716690eaa6210202ed
20447	6fb5414ebd6861756296f3031ebff8b5	95b2e0c28adf31f3d7411ab513f64c2a	5f478e9adddcd7716690eaa6210202ed
20448	6fb5414ebd6861756296f3031ebff8b5	95b2e0c28adf31f3d7411ab513f64c2a	5f478e9adddcd7716690eaa6210202ed
20449	6fb5414ebd6861756296f3031ebff8b5	95b2e0c28adf31f3d7411ab513f64c2a	5f478e9adddcd7716690eaa6210202ed
20450	6fb5414ebd6861756296f3031ebff8b5	95b2e0c28adf31f3d7411ab513f64c2a	5f478e9adddcd7716690eaa6210202ed
20451	6fb5414ebd6861756296f3031ebff8b5	95b2e0c28adf31f3d7411ab513f64c2a	5f478e9adddcd7716690eaa6210202ed
20452	6fb5414ebd6861756296f3031ebff8b5	95b2e0c28adf31f3d7411ab513f64c2a	5f478e9adddcd7716690eaa6210202ed
20453	c0ad70cf8673565529d1c44c455815ed	f3097bc880239de3ccb20a44e1b92cb2	794191136384c76bb4738ccb15333809
20454	c0ad70cf8673565529d1c44c455815ed	f3097bc880239de3ccb20a44e1b92cb2	794191136384c76bb4738ccb15333809
20455	c0ad70cf8673565529d1c44c455815ed	f3097bc880239de3ccb20a44e1b92cb2	794191136384c76bb4738ccb15333809
20456	348e66e10522cedaad0089f69cb12abb	5444b2ff8829beba782dcf22e7b528dc	5d0ca6fdab012580a53b98646ac599c7
20457	c0ad70cf8673565529d1c44c455815ed	f3097bc880239de3ccb20a44e1b92cb2	794191136384c76bb4738ccb15333809
20458	88da21a9bdc31025bf079832cf4c3ed1	d2e22e6d91831b7397ad02096da08d36	d200266aa1be810bb67d4bc497a7209d
20459	88da21a9bdc31025bf079832cf4c3ed1	d2e22e6d91831b7397ad02096da08d36	d200266aa1be810bb67d4bc497a7209d
20460	88da21a9bdc31025bf079832cf4c3ed1	d2e22e6d91831b7397ad02096da08d36	d200266aa1be810bb67d4bc497a7209d
20461	88da21a9bdc31025bf079832cf4c3ed1	d2e22e6d91831b7397ad02096da08d36	d200266aa1be810bb67d4bc497a7209d
20462	88da21a9bdc31025bf079832cf4c3ed1	d2e22e6d91831b7397ad02096da08d36	d200266aa1be810bb67d4bc497a7209d
20463	88da21a9bdc31025bf079832cf4c3ed1	d2e22e6d91831b7397ad02096da08d36	d200266aa1be810bb67d4bc497a7209d
20464	88da21a9bdc31025bf079832cf4c3ed1	d2e22e6d91831b7397ad02096da08d36	d200266aa1be810bb67d4bc497a7209d
20465	04f7538c1fc0dcf8d9d84fbf6cd3db77	f6e259f4d27cf2cca131fc3091e4b558	eab306979ee18e4e236b1edc4acc205b
20466	04f7538c1fc0dcf8d9d84fbf6cd3db77	f6e259f4d27cf2cca131fc3091e4b558	eab306979ee18e4e236b1edc4acc205b
20467	04f7538c1fc0dcf8d9d84fbf6cd3db77	f6e259f4d27cf2cca131fc3091e4b558	eab306979ee18e4e236b1edc4acc205b
20468	04f7538c1fc0dcf8d9d84fbf6cd3db77	f6e259f4d27cf2cca131fc3091e4b558	eab306979ee18e4e236b1edc4acc205b
20469	04f7538c1fc0dcf8d9d84fbf6cd3db77	f6e259f4d27cf2cca131fc3091e4b558	eab306979ee18e4e236b1edc4acc205b
20470	88884b4499dfc5691f4f173f7118bd5a	86dea904cd98ad0fbc2f94bf08078aa9	72750f72ec7df4e334ba8a6d61c71716
20471	88884b4499dfc5691f4f173f7118bd5a	86dea904cd98ad0fbc2f94bf08078aa9	72750f72ec7df4e334ba8a6d61c71716
20472	88884b4499dfc5691f4f173f7118bd5a	86dea904cd98ad0fbc2f94bf08078aa9	72750f72ec7df4e334ba8a6d61c71716
20473	88884b4499dfc5691f4f173f7118bd5a	86dea904cd98ad0fbc2f94bf08078aa9	72750f72ec7df4e334ba8a6d61c71716
20474	88884b4499dfc5691f4f173f7118bd5a	86dea904cd98ad0fbc2f94bf08078aa9	72750f72ec7df4e334ba8a6d61c71716
20475	195131e5414c8281e861849e203970d3	06f012a65669b24fd63a8bb03f858efc	2b84d9044468f08f67b610d9050983b7
20476	195131e5414c8281e861849e203970d3	06f012a65669b24fd63a8bb03f858efc	2b84d9044468f08f67b610d9050983b7
20477	195131e5414c8281e861849e203970d3	06f012a65669b24fd63a8bb03f858efc	2b84d9044468f08f67b610d9050983b7
20478	195131e5414c8281e861849e203970d3	06f012a65669b24fd63a8bb03f858efc	2b84d9044468f08f67b610d9050983b7
20479	195131e5414c8281e861849e203970d3	06f012a65669b24fd63a8bb03f858efc	2b84d9044468f08f67b610d9050983b7
20480	195131e5414c8281e861849e203970d3	06f012a65669b24fd63a8bb03f858efc	2b84d9044468f08f67b610d9050983b7
20481	195131e5414c8281e861849e203970d3	06f012a65669b24fd63a8bb03f858efc	2b84d9044468f08f67b610d9050983b7
20482	195131e5414c8281e861849e203970d3	06f012a65669b24fd63a8bb03f858efc	2b84d9044468f08f67b610d9050983b7
20483	195131e5414c8281e861849e203970d3	06f012a65669b24fd63a8bb03f858efc	2b84d9044468f08f67b610d9050983b7
20484	195131e5414c8281e861849e203970d3	06f012a65669b24fd63a8bb03f858efc	2b84d9044468f08f67b610d9050983b7
20485	195131e5414c8281e861849e203970d3	06f012a65669b24fd63a8bb03f858efc	2b84d9044468f08f67b610d9050983b7
20486	195131e5414c8281e861849e203970d3	06f012a65669b24fd63a8bb03f858efc	2b84d9044468f08f67b610d9050983b7
20487	4ad1fd8c621b61545e00d4d31d73ecb7	18a825eef945b858a4a083594545a338	4eb0e78d3de560660bd4a8805ddd1c3b
20488	4ad1fd8c621b61545e00d4d31d73ecb7	18a825eef945b858a4a083594545a338	4eb0e78d3de560660bd4a8805ddd1c3b
20489	4ad1fd8c621b61545e00d4d31d73ecb7	18a825eef945b858a4a083594545a338	4eb0e78d3de560660bd4a8805ddd1c3b
20490	4ad1fd8c621b61545e00d4d31d73ecb7	18a825eef945b858a4a083594545a338	4eb0e78d3de560660bd4a8805ddd1c3b
20491	4ad1fd8c621b61545e00d4d31d73ecb7	18a825eef945b858a4a083594545a338	4eb0e78d3de560660bd4a8805ddd1c3b
20492	4ad1fd8c621b61545e00d4d31d73ecb7	18a825eef945b858a4a083594545a338	4eb0e78d3de560660bd4a8805ddd1c3b
20493	4ad1fd8c621b61545e00d4d31d73ecb7	18a825eef945b858a4a083594545a338	4eb0e78d3de560660bd4a8805ddd1c3b
20494	f76e163d262cde195487990ba114b3df	616e21960dcb5e776ada7dfd349f2e98	23c7fabdcfd886c5e56e954da749b28f
20495	f76e163d262cde195487990ba114b3df	616e21960dcb5e776ada7dfd349f2e98	23c7fabdcfd886c5e56e954da749b28f
20496	f76e163d262cde195487990ba114b3df	616e21960dcb5e776ada7dfd349f2e98	23c7fabdcfd886c5e56e954da749b28f
20497	f76e163d262cde195487990ba114b3df	616e21960dcb5e776ada7dfd349f2e98	23c7fabdcfd886c5e56e954da749b28f
20498	f76e163d262cde195487990ba114b3df	616e21960dcb5e776ada7dfd349f2e98	23c7fabdcfd886c5e56e954da749b28f
20499	f76e163d262cde195487990ba114b3df	616e21960dcb5e776ada7dfd349f2e98	23c7fabdcfd886c5e56e954da749b28f
20500	f76e163d262cde195487990ba114b3df	616e21960dcb5e776ada7dfd349f2e98	23c7fabdcfd886c5e56e954da749b28f
20501	f76e163d262cde195487990ba114b3df	616e21960dcb5e776ada7dfd349f2e98	23c7fabdcfd886c5e56e954da749b28f
20502	f76e163d262cde195487990ba114b3df	616e21960dcb5e776ada7dfd349f2e98	23c7fabdcfd886c5e56e954da749b28f
20503	f76e163d262cde195487990ba114b3df	616e21960dcb5e776ada7dfd349f2e98	23c7fabdcfd886c5e56e954da749b28f
20504	9c22461478e0409157522618b5baa4c2	4ccaf09a56d7c4f7e2426dd6710efff1	2d17452aebfc289dbb444eab5f1f156a
20505	9c22461478e0409157522618b5baa4c2	4ccaf09a56d7c4f7e2426dd6710efff1	2d17452aebfc289dbb444eab5f1f156a
20506	9c22461478e0409157522618b5baa4c2	4ccaf09a56d7c4f7e2426dd6710efff1	2d17452aebfc289dbb444eab5f1f156a
20507	9c22461478e0409157522618b5baa4c2	4ccaf09a56d7c4f7e2426dd6710efff1	2d17452aebfc289dbb444eab5f1f156a
20508	9c22461478e0409157522618b5baa4c2	4ccaf09a56d7c4f7e2426dd6710efff1	2d17452aebfc289dbb444eab5f1f156a
20509	9c22461478e0409157522618b5baa4c2	4ccaf09a56d7c4f7e2426dd6710efff1	2d17452aebfc289dbb444eab5f1f156a
20510	9c22461478e0409157522618b5baa4c2	4ccaf09a56d7c4f7e2426dd6710efff1	2d17452aebfc289dbb444eab5f1f156a
20511	74a1a5c536b8ab30fa2af646cdc05c19	c0cf28ad765deb04e4b370d5a5aca456	cf1fcf38a7d9264a38f0a449a2356c4d
20512	74a1a5c536b8ab30fa2af646cdc05c19	c0cf28ad765deb04e4b370d5a5aca456	cf1fcf38a7d9264a38f0a449a2356c4d
20513	74a1a5c536b8ab30fa2af646cdc05c19	c0cf28ad765deb04e4b370d5a5aca456	cf1fcf38a7d9264a38f0a449a2356c4d
20514	74a1a5c536b8ab30fa2af646cdc05c19	c0cf28ad765deb04e4b370d5a5aca456	cf1fcf38a7d9264a38f0a449a2356c4d
20515	74a1a5c536b8ab30fa2af646cdc05c19	c0cf28ad765deb04e4b370d5a5aca456	cf1fcf38a7d9264a38f0a449a2356c4d
20516	0be2a055c8d5fce01a378f7e60ec846f	3fe2587e8570d094062e1a2a2858b030	f943b0e2c720e3a22844b8f1db111fb3
20517	0be2a055c8d5fce01a378f7e60ec846f	3fe2587e8570d094062e1a2a2858b030	f943b0e2c720e3a22844b8f1db111fb3
20518	0be2a055c8d5fce01a378f7e60ec846f	3fe2587e8570d094062e1a2a2858b030	f943b0e2c720e3a22844b8f1db111fb3
20519	0be2a055c8d5fce01a378f7e60ec846f	3fe2587e8570d094062e1a2a2858b030	f943b0e2c720e3a22844b8f1db111fb3
20520	0be2a055c8d5fce01a378f7e60ec846f	3fe2587e8570d094062e1a2a2858b030	f943b0e2c720e3a22844b8f1db111fb3
20521	0be2a055c8d5fce01a378f7e60ec846f	3fe2587e8570d094062e1a2a2858b030	f943b0e2c720e3a22844b8f1db111fb3
20522	0be2a055c8d5fce01a378f7e60ec846f	3fe2587e8570d094062e1a2a2858b030	f943b0e2c720e3a22844b8f1db111fb3
20523	0be2a055c8d5fce01a378f7e60ec846f	3fe2587e8570d094062e1a2a2858b030	f943b0e2c720e3a22844b8f1db111fb3
20524	0be2a055c8d5fce01a378f7e60ec846f	3fe2587e8570d094062e1a2a2858b030	f943b0e2c720e3a22844b8f1db111fb3
20525	0be2a055c8d5fce01a378f7e60ec846f	3fe2587e8570d094062e1a2a2858b030	f943b0e2c720e3a22844b8f1db111fb3
20526	0be2a055c8d5fce01a378f7e60ec846f	3fe2587e8570d094062e1a2a2858b030	f943b0e2c720e3a22844b8f1db111fb3
20527	0be2a055c8d5fce01a378f7e60ec846f	3fe2587e8570d094062e1a2a2858b030	f943b0e2c720e3a22844b8f1db111fb3
20528	0be2a055c8d5fce01a378f7e60ec846f	3fe2587e8570d094062e1a2a2858b030	f943b0e2c720e3a22844b8f1db111fb3
20529	0be2a055c8d5fce01a378f7e60ec846f	3fe2587e8570d094062e1a2a2858b030	f943b0e2c720e3a22844b8f1db111fb3
20530	0be2a055c8d5fce01a378f7e60ec846f	3fe2587e8570d094062e1a2a2858b030	f943b0e2c720e3a22844b8f1db111fb3
20531	0be2a055c8d5fce01a378f7e60ec846f	3fe2587e8570d094062e1a2a2858b030	f943b0e2c720e3a22844b8f1db111fb3
20532	0be2a055c8d5fce01a378f7e60ec846f	3fe2587e8570d094062e1a2a2858b030	f943b0e2c720e3a22844b8f1db111fb3
20533	c133131773780cc7bcfa21e3bc480116	294ad1c68248c09142a3fb387117bba5	23ef31a28d17d6e55c518f563bd1e6e2
20534	c133131773780cc7bcfa21e3bc480116	294ad1c68248c09142a3fb387117bba5	23ef31a28d17d6e55c518f563bd1e6e2
20535	c133131773780cc7bcfa21e3bc480116	294ad1c68248c09142a3fb387117bba5	23ef31a28d17d6e55c518f563bd1e6e2
20536	696beeab75371e09de463b98c27d1353	751b691b5abce5b7c9d0e49831b675ec	f3c9b0f1bcf4ced1193ce5701cd8b5c3
20537	696beeab75371e09de463b98c27d1353	751b691b5abce5b7c9d0e49831b675ec	f3c9b0f1bcf4ced1193ce5701cd8b5c3
20538	696beeab75371e09de463b98c27d1353	751b691b5abce5b7c9d0e49831b675ec	f3c9b0f1bcf4ced1193ce5701cd8b5c3
20539	696beeab75371e09de463b98c27d1353	751b691b5abce5b7c9d0e49831b675ec	f3c9b0f1bcf4ced1193ce5701cd8b5c3
20540	f5b8446c9a0b56424b1017577e81cee8	2a75a704ed6a9d3a9fcac9a95bcafb8b	d59b4a75aa9d5078b95cc4dc270683f4
20541	8c2dc69baf3fdf31daa1787799099bbe	a1b0246c66271ca7e31161484b27e50d	59975eafcbfc6f1bc4559192a59f0702
20542	d36bf103188c510eeba1ad9753d036e9	b2ed55cc97d13e7e518745754d04e5b6	6a89364f6946f136d07fe67c1d37ef81
20543	8c2dc69baf3fdf31daa1787799099bbe	a1b0246c66271ca7e31161484b27e50d	59975eafcbfc6f1bc4559192a59f0702
20544	8c2dc69baf3fdf31daa1787799099bbe	a1b0246c66271ca7e31161484b27e50d	59975eafcbfc6f1bc4559192a59f0702
20545	7a3bec5aad2aef1ca7bc2f4d5409f6c7	8348cf2646c49550d804949eeb7b76a8	5dcc2d7c719a9b0c526bc08dec0f6167
20546	7a3bec5aad2aef1ca7bc2f4d5409f6c7	8348cf2646c49550d804949eeb7b76a8	5dcc2d7c719a9b0c526bc08dec0f6167
20547	7a3bec5aad2aef1ca7bc2f4d5409f6c7	8348cf2646c49550d804949eeb7b76a8	5dcc2d7c719a9b0c526bc08dec0f6167
20548	7a3bec5aad2aef1ca7bc2f4d5409f6c7	8348cf2646c49550d804949eeb7b76a8	5dcc2d7c719a9b0c526bc08dec0f6167
20549	7a3bec5aad2aef1ca7bc2f4d5409f6c7	8348cf2646c49550d804949eeb7b76a8	5dcc2d7c719a9b0c526bc08dec0f6167
20550	7a3bec5aad2aef1ca7bc2f4d5409f6c7	8348cf2646c49550d804949eeb7b76a8	5dcc2d7c719a9b0c526bc08dec0f6167
20551	7a3bec5aad2aef1ca7bc2f4d5409f6c7	8348cf2646c49550d804949eeb7b76a8	5dcc2d7c719a9b0c526bc08dec0f6167
20552	a93d3658fa259aefcf477008c106ed37	3008898cf71f0e419e2e6bf8f039adc0	091d2d3e038d303520e01a45da01c093
20553	a93d3658fa259aefcf477008c106ed37	3008898cf71f0e419e2e6bf8f039adc0	091d2d3e038d303520e01a45da01c093
20554	a93d3658fa259aefcf477008c106ed37	3008898cf71f0e419e2e6bf8f039adc0	091d2d3e038d303520e01a45da01c093
20555	509a67c97290d7557b5a147a87ba57bf	28dbc52f249798a30896cc7903787dd8	725ff8d0a446d32122bf86c86014aebf
20556	509a67c97290d7557b5a147a87ba57bf	28dbc52f249798a30896cc7903787dd8	725ff8d0a446d32122bf86c86014aebf
20557	00774c4401f8d9df2efc13ca7f042ff2	413a3e3fa225d9c9e75a6a62a8d2d5b1	6a048d92acda934772e04c972ec7371a
20558	00774c4401f8d9df2efc13ca7f042ff2	413a3e3fa225d9c9e75a6a62a8d2d5b1	6a048d92acda934772e04c972ec7371a
20559	00774c4401f8d9df2efc13ca7f042ff2	413a3e3fa225d9c9e75a6a62a8d2d5b1	6a048d92acda934772e04c972ec7371a
20560	00774c4401f8d9df2efc13ca7f042ff2	413a3e3fa225d9c9e75a6a62a8d2d5b1	6a048d92acda934772e04c972ec7371a
20561	00774c4401f8d9df2efc13ca7f042ff2	413a3e3fa225d9c9e75a6a62a8d2d5b1	6a048d92acda934772e04c972ec7371a
20562	00774c4401f8d9df2efc13ca7f042ff2	413a3e3fa225d9c9e75a6a62a8d2d5b1	6a048d92acda934772e04c972ec7371a
20563	00774c4401f8d9df2efc13ca7f042ff2	413a3e3fa225d9c9e75a6a62a8d2d5b1	6a048d92acda934772e04c972ec7371a
20564	9bc7a3b2e37e0743771ca8cb3158ccab	889a447fe1e099e59baa3f01d26aff24	6a4fa01c547bbe2faf162bd7e942530b
20565	9bc7a3b2e37e0743771ca8cb3158ccab	889a447fe1e099e59baa3f01d26aff24	6a4fa01c547bbe2faf162bd7e942530b
20566	9bc7a3b2e37e0743771ca8cb3158ccab	889a447fe1e099e59baa3f01d26aff24	6a4fa01c547bbe2faf162bd7e942530b
20567	9bc7a3b2e37e0743771ca8cb3158ccab	889a447fe1e099e59baa3f01d26aff24	6a4fa01c547bbe2faf162bd7e942530b
20568	9bc7a3b2e37e0743771ca8cb3158ccab	889a447fe1e099e59baa3f01d26aff24	6a4fa01c547bbe2faf162bd7e942530b
20569	9bc7a3b2e37e0743771ca8cb3158ccab	889a447fe1e099e59baa3f01d26aff24	6a4fa01c547bbe2faf162bd7e942530b
20570	9bc7a3b2e37e0743771ca8cb3158ccab	889a447fe1e099e59baa3f01d26aff24	6a4fa01c547bbe2faf162bd7e942530b
20571	9bc7a3b2e37e0743771ca8cb3158ccab	889a447fe1e099e59baa3f01d26aff24	6a4fa01c547bbe2faf162bd7e942530b
20572	9bc7a3b2e37e0743771ca8cb3158ccab	889a447fe1e099e59baa3f01d26aff24	6a4fa01c547bbe2faf162bd7e942530b
20573	9bc7a3b2e37e0743771ca8cb3158ccab	889a447fe1e099e59baa3f01d26aff24	6a4fa01c547bbe2faf162bd7e942530b
20574	9aa2956c4d68b96737bbb9c14adc9977	8c5742c706439ac958deefba26794b20	0c507e3fe6bef5fd901cb97c8bb0b21b
20575	9aa2956c4d68b96737bbb9c14adc9977	8c5742c706439ac958deefba26794b20	0c507e3fe6bef5fd901cb97c8bb0b21b
20576	9aa2956c4d68b96737bbb9c14adc9977	8c5742c706439ac958deefba26794b20	0c507e3fe6bef5fd901cb97c8bb0b21b
20577	9aa2956c4d68b96737bbb9c14adc9977	8c5742c706439ac958deefba26794b20	0c507e3fe6bef5fd901cb97c8bb0b21b
20578	9aa2956c4d68b96737bbb9c14adc9977	8c5742c706439ac958deefba26794b20	0c507e3fe6bef5fd901cb97c8bb0b21b
20579	9aa2956c4d68b96737bbb9c14adc9977	8c5742c706439ac958deefba26794b20	0c507e3fe6bef5fd901cb97c8bb0b21b
20580	9aa2956c4d68b96737bbb9c14adc9977	8c5742c706439ac958deefba26794b20	0c507e3fe6bef5fd901cb97c8bb0b21b
20581	b3acc9ab1081a0c861d69a021f4ee67b	46019c2487ae6bfc6aa4ba55f7cf7dec	a5669af9d328daae61cdd02c070c8b67
20582	b3acc9ab1081a0c861d69a021f4ee67b	46019c2487ae6bfc6aa4ba55f7cf7dec	a5669af9d328daae61cdd02c070c8b67
20583	b3acc9ab1081a0c861d69a021f4ee67b	46019c2487ae6bfc6aa4ba55f7cf7dec	a5669af9d328daae61cdd02c070c8b67
20584	b3acc9ab1081a0c861d69a021f4ee67b	46019c2487ae6bfc6aa4ba55f7cf7dec	a5669af9d328daae61cdd02c070c8b67
20585	b3acc9ab1081a0c861d69a021f4ee67b	46019c2487ae6bfc6aa4ba55f7cf7dec	a5669af9d328daae61cdd02c070c8b67
20586	a9c83a9d02d55f9b31d5ee6003964ddc	bc31692d565fac15b3109064364a28c7	36a6ecc7d8cfdbd335386ad2ecde166c
20587	a9c83a9d02d55f9b31d5ee6003964ddc	bc31692d565fac15b3109064364a28c7	36a6ecc7d8cfdbd335386ad2ecde166c
20588	a9c83a9d02d55f9b31d5ee6003964ddc	bc31692d565fac15b3109064364a28c7	36a6ecc7d8cfdbd335386ad2ecde166c
20589	a9c83a9d02d55f9b31d5ee6003964ddc	bc31692d565fac15b3109064364a28c7	36a6ecc7d8cfdbd335386ad2ecde166c
20590	a9c83a9d02d55f9b31d5ee6003964ddc	bc31692d565fac15b3109064364a28c7	36a6ecc7d8cfdbd335386ad2ecde166c
20591	a9c83a9d02d55f9b31d5ee6003964ddc	bc31692d565fac15b3109064364a28c7	36a6ecc7d8cfdbd335386ad2ecde166c
20592	a9c83a9d02d55f9b31d5ee6003964ddc	bc31692d565fac15b3109064364a28c7	36a6ecc7d8cfdbd335386ad2ecde166c
20593	600790385c990d6f0eb4ef23bbb50028	161dc508fb6ab9790353f82e77bcaa03	6289cb43f2e592e95afae4fd897e9b84
20594	600790385c990d6f0eb4ef23bbb50028	161dc508fb6ab9790353f82e77bcaa03	6289cb43f2e592e95afae4fd897e9b84
20595	600790385c990d6f0eb4ef23bbb50028	161dc508fb6ab9790353f82e77bcaa03	6289cb43f2e592e95afae4fd897e9b84
20596	600790385c990d6f0eb4ef23bbb50028	161dc508fb6ab9790353f82e77bcaa03	6289cb43f2e592e95afae4fd897e9b84
20597	600790385c990d6f0eb4ef23bbb50028	161dc508fb6ab9790353f82e77bcaa03	6289cb43f2e592e95afae4fd897e9b84
20598	034748e7a7c862b36c83a2f1ca41ac23	2ac92b378e3d05b5b710fdfcb9594afc	afaead408d3779338c274b65c802f4e3
20599	034748e7a7c862b36c83a2f1ca41ac23	2ac92b378e3d05b5b710fdfcb9594afc	afaead408d3779338c274b65c802f4e3
20600	034748e7a7c862b36c83a2f1ca41ac23	2ac92b378e3d05b5b710fdfcb9594afc	afaead408d3779338c274b65c802f4e3
20601	c86adc5cbc43a6b68e2a65fa1378d154	4f9bd811bee8e93e4d4d502c5bf95c37	31331f8bca311b8406e54eba74303728
20602	c86adc5cbc43a6b68e2a65fa1378d154	4f9bd811bee8e93e4d4d502c5bf95c37	31331f8bca311b8406e54eba74303728
20603	5bea58a5dfb417da76b9506a8212ea90	576e970af0156102d9ef6823131a6563	64916912b7f6052e5bb1da33809f85a0
20604	5bea58a5dfb417da76b9506a8212ea90	576e970af0156102d9ef6823131a6563	64916912b7f6052e5bb1da33809f85a0
20605	5bea58a5dfb417da76b9506a8212ea90	576e970af0156102d9ef6823131a6563	64916912b7f6052e5bb1da33809f85a0
20606	5bea58a5dfb417da76b9506a8212ea90	576e970af0156102d9ef6823131a6563	64916912b7f6052e5bb1da33809f85a0
20607	5bea58a5dfb417da76b9506a8212ea90	576e970af0156102d9ef6823131a6563	64916912b7f6052e5bb1da33809f85a0
20608	5bea58a5dfb417da76b9506a8212ea90	576e970af0156102d9ef6823131a6563	64916912b7f6052e5bb1da33809f85a0
20609	5bea58a5dfb417da76b9506a8212ea90	576e970af0156102d9ef6823131a6563	64916912b7f6052e5bb1da33809f85a0
20610	5bea58a5dfb417da76b9506a8212ea90	576e970af0156102d9ef6823131a6563	64916912b7f6052e5bb1da33809f85a0
20611	5bea58a5dfb417da76b9506a8212ea90	576e970af0156102d9ef6823131a6563	64916912b7f6052e5bb1da33809f85a0
20612	5bea58a5dfb417da76b9506a8212ea90	576e970af0156102d9ef6823131a6563	64916912b7f6052e5bb1da33809f85a0
20613	5bea58a5dfb417da76b9506a8212ea90	576e970af0156102d9ef6823131a6563	64916912b7f6052e5bb1da33809f85a0
20614	5bea58a5dfb417da76b9506a8212ea90	576e970af0156102d9ef6823131a6563	64916912b7f6052e5bb1da33809f85a0
20615	47d46b6d93ab3b9d3ef479d53826551f	98de97de7bb5d9ebce4d7d3918488d58	4ce0c01c77c11efb40429fc7c02e3653
20616	47d46b6d93ab3b9d3ef479d53826551f	98de97de7bb5d9ebce4d7d3918488d58	4ce0c01c77c11efb40429fc7c02e3653
20617	47d46b6d93ab3b9d3ef479d53826551f	98de97de7bb5d9ebce4d7d3918488d58	4ce0c01c77c11efb40429fc7c02e3653
20618	47d46b6d93ab3b9d3ef479d53826551f	98de97de7bb5d9ebce4d7d3918488d58	4ce0c01c77c11efb40429fc7c02e3653
20619	47d46b6d93ab3b9d3ef479d53826551f	98de97de7bb5d9ebce4d7d3918488d58	4ce0c01c77c11efb40429fc7c02e3653
20620	47d46b6d93ab3b9d3ef479d53826551f	98de97de7bb5d9ebce4d7d3918488d58	4ce0c01c77c11efb40429fc7c02e3653
20621	47d46b6d93ab3b9d3ef479d53826551f	98de97de7bb5d9ebce4d7d3918488d58	4ce0c01c77c11efb40429fc7c02e3653
20622	f98d3008b88a6dbac290b8ca6ae97f05	5134c6997fa55ffa3e7ae5a585c2a8e2	788df23ed432ecc0e064de5b9434f3b9
20623	f98d3008b88a6dbac290b8ca6ae97f05	5134c6997fa55ffa3e7ae5a585c2a8e2	788df23ed432ecc0e064de5b9434f3b9
20624	f98d3008b88a6dbac290b8ca6ae97f05	5134c6997fa55ffa3e7ae5a585c2a8e2	788df23ed432ecc0e064de5b9434f3b9
20625	f98d3008b88a6dbac290b8ca6ae97f05	5134c6997fa55ffa3e7ae5a585c2a8e2	788df23ed432ecc0e064de5b9434f3b9
20626	f98d3008b88a6dbac290b8ca6ae97f05	5134c6997fa55ffa3e7ae5a585c2a8e2	788df23ed432ecc0e064de5b9434f3b9
20627	8f78daa530ce7402592f46195c57cc07	e64d0932c914a6121e852cd303bdd3d8	181f43886aad0e2aa0e544d9313dd1f7
20628	8f78daa530ce7402592f46195c57cc07	e64d0932c914a6121e852cd303bdd3d8	181f43886aad0e2aa0e544d9313dd1f7
20629	8f78daa530ce7402592f46195c57cc07	e64d0932c914a6121e852cd303bdd3d8	181f43886aad0e2aa0e544d9313dd1f7
20630	8f78daa530ce7402592f46195c57cc07	e64d0932c914a6121e852cd303bdd3d8	181f43886aad0e2aa0e544d9313dd1f7
20631	8f78daa530ce7402592f46195c57cc07	e64d0932c914a6121e852cd303bdd3d8	181f43886aad0e2aa0e544d9313dd1f7
20632	8f78daa530ce7402592f46195c57cc07	e64d0932c914a6121e852cd303bdd3d8	181f43886aad0e2aa0e544d9313dd1f7
20633	8f78daa530ce7402592f46195c57cc07	e64d0932c914a6121e852cd303bdd3d8	181f43886aad0e2aa0e544d9313dd1f7
20634	8f78daa530ce7402592f46195c57cc07	e64d0932c914a6121e852cd303bdd3d8	181f43886aad0e2aa0e544d9313dd1f7
20635	8f78daa530ce7402592f46195c57cc07	e64d0932c914a6121e852cd303bdd3d8	181f43886aad0e2aa0e544d9313dd1f7
20636	8f78daa530ce7402592f46195c57cc07	e64d0932c914a6121e852cd303bdd3d8	181f43886aad0e2aa0e544d9313dd1f7
20637	8f78daa530ce7402592f46195c57cc07	e64d0932c914a6121e852cd303bdd3d8	181f43886aad0e2aa0e544d9313dd1f7
20638	8f78daa530ce7402592f46195c57cc07	e64d0932c914a6121e852cd303bdd3d8	181f43886aad0e2aa0e544d9313dd1f7
20639	a4dcbd928359a01e7be1bf12a3b15946	6e2a92d79949d7968faf5d68d862c96d	396267863ab4ef5a89d7c17c2e16c426
20640	a4dcbd928359a01e7be1bf12a3b15946	6e2a92d79949d7968faf5d68d862c96d	396267863ab4ef5a89d7c17c2e16c426
20641	a4dcbd928359a01e7be1bf12a3b15946	6e2a92d79949d7968faf5d68d862c96d	396267863ab4ef5a89d7c17c2e16c426
20642	a4dcbd928359a01e7be1bf12a3b15946	6e2a92d79949d7968faf5d68d862c96d	396267863ab4ef5a89d7c17c2e16c426
20643	a4dcbd928359a01e7be1bf12a3b15946	6e2a92d79949d7968faf5d68d862c96d	396267863ab4ef5a89d7c17c2e16c426
20644	21a19fe46df80bca78088b34c77d7f43	ea84455bd277f54a2fce16164a065454	0ce7a8d015efb852483d2accbe73390b
20645	21a19fe46df80bca78088b34c77d7f43	ea84455bd277f54a2fce16164a065454	0ce7a8d015efb852483d2accbe73390b
20646	21a19fe46df80bca78088b34c77d7f43	ea84455bd277f54a2fce16164a065454	0ce7a8d015efb852483d2accbe73390b
20647	21a19fe46df80bca78088b34c77d7f43	ea84455bd277f54a2fce16164a065454	0ce7a8d015efb852483d2accbe73390b
20648	21a19fe46df80bca78088b34c77d7f43	ea84455bd277f54a2fce16164a065454	0ce7a8d015efb852483d2accbe73390b
20649	21a19fe46df80bca78088b34c77d7f43	ea84455bd277f54a2fce16164a065454	0ce7a8d015efb852483d2accbe73390b
20650	21a19fe46df80bca78088b34c77d7f43	ea84455bd277f54a2fce16164a065454	0ce7a8d015efb852483d2accbe73390b
20651	21a19fe46df80bca78088b34c77d7f43	ea84455bd277f54a2fce16164a065454	0ce7a8d015efb852483d2accbe73390b
20652	21a19fe46df80bca78088b34c77d7f43	ea84455bd277f54a2fce16164a065454	0ce7a8d015efb852483d2accbe73390b
20653	21a19fe46df80bca78088b34c77d7f43	ea84455bd277f54a2fce16164a065454	0ce7a8d015efb852483d2accbe73390b
20654	21a19fe46df80bca78088b34c77d7f43	ea84455bd277f54a2fce16164a065454	0ce7a8d015efb852483d2accbe73390b
20655	21a19fe46df80bca78088b34c77d7f43	ea84455bd277f54a2fce16164a065454	0ce7a8d015efb852483d2accbe73390b
20656	a0cbefcf258a84c5deafbc7ba890b769	4c577d7ed8447c23383bc3cdaf66186e	3dfd9e31b18292f3cfa5753a57e6d8e5
20657	a0cbefcf258a84c5deafbc7ba890b769	4c577d7ed8447c23383bc3cdaf66186e	3dfd9e31b18292f3cfa5753a57e6d8e5
20658	a0cbefcf258a84c5deafbc7ba890b769	4c577d7ed8447c23383bc3cdaf66186e	3dfd9e31b18292f3cfa5753a57e6d8e5
20659	a0cbefcf258a84c5deafbc7ba890b769	4c577d7ed8447c23383bc3cdaf66186e	3dfd9e31b18292f3cfa5753a57e6d8e5
20660	a0cbefcf258a84c5deafbc7ba890b769	4c577d7ed8447c23383bc3cdaf66186e	3dfd9e31b18292f3cfa5753a57e6d8e5
20661	a0cbefcf258a84c5deafbc7ba890b769	4c577d7ed8447c23383bc3cdaf66186e	3dfd9e31b18292f3cfa5753a57e6d8e5
20662	a0cbefcf258a84c5deafbc7ba890b769	4c577d7ed8447c23383bc3cdaf66186e	3dfd9e31b18292f3cfa5753a57e6d8e5
20663	14e55e41a338da4f5e357e5a7202197a	b1af1933a6fbaff91e4acb73cb8b2589	c84650c3ec4ca6439ad7f3e1fc7e9832
20664	14e55e41a338da4f5e357e5a7202197a	b1af1933a6fbaff91e4acb73cb8b2589	c84650c3ec4ca6439ad7f3e1fc7e9832
20665	14e55e41a338da4f5e357e5a7202197a	b1af1933a6fbaff91e4acb73cb8b2589	c84650c3ec4ca6439ad7f3e1fc7e9832
20666	14e55e41a338da4f5e357e5a7202197a	b1af1933a6fbaff91e4acb73cb8b2589	c84650c3ec4ca6439ad7f3e1fc7e9832
20667	14e55e41a338da4f5e357e5a7202197a	b1af1933a6fbaff91e4acb73cb8b2589	c84650c3ec4ca6439ad7f3e1fc7e9832
20668	14e55e41a338da4f5e357e5a7202197a	b1af1933a6fbaff91e4acb73cb8b2589	c84650c3ec4ca6439ad7f3e1fc7e9832
20669	14e55e41a338da4f5e357e5a7202197a	b1af1933a6fbaff91e4acb73cb8b2589	c84650c3ec4ca6439ad7f3e1fc7e9832
20670	14e55e41a338da4f5e357e5a7202197a	b1af1933a6fbaff91e4acb73cb8b2589	c84650c3ec4ca6439ad7f3e1fc7e9832
20671	14e55e41a338da4f5e357e5a7202197a	b1af1933a6fbaff91e4acb73cb8b2589	c84650c3ec4ca6439ad7f3e1fc7e9832
20672	14e55e41a338da4f5e357e5a7202197a	b1af1933a6fbaff91e4acb73cb8b2589	c84650c3ec4ca6439ad7f3e1fc7e9832
20673	40263790995d2b8654bf2372954c27cc	36fd180ccc15a6beef8b9282e542e46f	8f175fbef5c36c46efac180ce448fa9c
20674	40263790995d2b8654bf2372954c27cc	36fd180ccc15a6beef8b9282e542e46f	8f175fbef5c36c46efac180ce448fa9c
20675	40263790995d2b8654bf2372954c27cc	36fd180ccc15a6beef8b9282e542e46f	8f175fbef5c36c46efac180ce448fa9c
20676	40263790995d2b8654bf2372954c27cc	36fd180ccc15a6beef8b9282e542e46f	8f175fbef5c36c46efac180ce448fa9c
20677	40263790995d2b8654bf2372954c27cc	36fd180ccc15a6beef8b9282e542e46f	8f175fbef5c36c46efac180ce448fa9c
20678	40263790995d2b8654bf2372954c27cc	36fd180ccc15a6beef8b9282e542e46f	8f175fbef5c36c46efac180ce448fa9c
20679	40263790995d2b8654bf2372954c27cc	36fd180ccc15a6beef8b9282e542e46f	8f175fbef5c36c46efac180ce448fa9c
20680	a275315cd1060b499d97a3698659e7dd	479c873b8b5c4ed752f985c0dcfce092	ddb5f0202d27d6b1c649b43c257e4a4d
20681	a275315cd1060b499d97a3698659e7dd	479c873b8b5c4ed752f985c0dcfce092	ddb5f0202d27d6b1c649b43c257e4a4d
20682	a275315cd1060b499d97a3698659e7dd	479c873b8b5c4ed752f985c0dcfce092	ddb5f0202d27d6b1c649b43c257e4a4d
20683	46505ce4ae41e53f7acf75ab8124d08e	0c5aed2da8971f693c4dd6d1dc6a3c6d	aace700b797d765702b2d1f89179bf8e
20684	46505ce4ae41e53f7acf75ab8124d08e	0c5aed2da8971f693c4dd6d1dc6a3c6d	aace700b797d765702b2d1f89179bf8e
20685	472606de4dfcd5f22344d233d34b1958	7f77feb317f1378aa329d389b6b03a8b	bec9a7dce6b25fa8f7a27bae6d41e9fc
20686	472606de4dfcd5f22344d233d34b1958	7f77feb317f1378aa329d389b6b03a8b	bec9a7dce6b25fa8f7a27bae6d41e9fc
20687	472606de4dfcd5f22344d233d34b1958	7f77feb317f1378aa329d389b6b03a8b	bec9a7dce6b25fa8f7a27bae6d41e9fc
20688	472606de4dfcd5f22344d233d34b1958	7f77feb317f1378aa329d389b6b03a8b	bec9a7dce6b25fa8f7a27bae6d41e9fc
20689	472606de4dfcd5f22344d233d34b1958	7f77feb317f1378aa329d389b6b03a8b	bec9a7dce6b25fa8f7a27bae6d41e9fc
20690	472606de4dfcd5f22344d233d34b1958	7f77feb317f1378aa329d389b6b03a8b	bec9a7dce6b25fa8f7a27bae6d41e9fc
20691	472606de4dfcd5f22344d233d34b1958	7f77feb317f1378aa329d389b6b03a8b	bec9a7dce6b25fa8f7a27bae6d41e9fc
20692	472606de4dfcd5f22344d233d34b1958	7f77feb317f1378aa329d389b6b03a8b	bec9a7dce6b25fa8f7a27bae6d41e9fc
20693	472606de4dfcd5f22344d233d34b1958	7f77feb317f1378aa329d389b6b03a8b	bec9a7dce6b25fa8f7a27bae6d41e9fc
20694	472606de4dfcd5f22344d233d34b1958	7f77feb317f1378aa329d389b6b03a8b	bec9a7dce6b25fa8f7a27bae6d41e9fc
20695	472606de4dfcd5f22344d233d34b1958	7f77feb317f1378aa329d389b6b03a8b	bec9a7dce6b25fa8f7a27bae6d41e9fc
20696	472606de4dfcd5f22344d233d34b1958	7f77feb317f1378aa329d389b6b03a8b	bec9a7dce6b25fa8f7a27bae6d41e9fc
20697	472606de4dfcd5f22344d233d34b1958	7f77feb317f1378aa329d389b6b03a8b	bec9a7dce6b25fa8f7a27bae6d41e9fc
20698	472606de4dfcd5f22344d233d34b1958	7f77feb317f1378aa329d389b6b03a8b	bec9a7dce6b25fa8f7a27bae6d41e9fc
20699	472606de4dfcd5f22344d233d34b1958	7f77feb317f1378aa329d389b6b03a8b	bec9a7dce6b25fa8f7a27bae6d41e9fc
20700	472606de4dfcd5f22344d233d34b1958	7f77feb317f1378aa329d389b6b03a8b	bec9a7dce6b25fa8f7a27bae6d41e9fc
20701	472606de4dfcd5f22344d233d34b1958	7f77feb317f1378aa329d389b6b03a8b	bec9a7dce6b25fa8f7a27bae6d41e9fc
20702	7f95ff94ba8a743cd189fd634bff620e	13d9e57a22750588cc4f06bb5b2cab65	a0e8a3b61b8e9068044e2b37e7ab1956
20703	7f95ff94ba8a743cd189fd634bff620e	13d9e57a22750588cc4f06bb5b2cab65	a0e8a3b61b8e9068044e2b37e7ab1956
20704	7f95ff94ba8a743cd189fd634bff620e	13d9e57a22750588cc4f06bb5b2cab65	a0e8a3b61b8e9068044e2b37e7ab1956
20705	af3a32de3a6b6d655df300eac9056db2	a37ab6ff1c5f8a8b0773b568b5086501	c056daac61c26d7b191bb4448cbf448e
20706	af3a32de3a6b6d655df300eac9056db2	a37ab6ff1c5f8a8b0773b568b5086501	c056daac61c26d7b191bb4448cbf448e
20707	af3a32de3a6b6d655df300eac9056db2	a37ab6ff1c5f8a8b0773b568b5086501	c056daac61c26d7b191bb4448cbf448e
20708	af3a32de3a6b6d655df300eac9056db2	a37ab6ff1c5f8a8b0773b568b5086501	c056daac61c26d7b191bb4448cbf448e
20709	98e3f05cbfd7f78f2221f19c25eb4536	ae70ab27e5bf79d9b356fad49b7e4075	03dc5d4e16e91bd395202aed38914ea6
20710	98e3f05cbfd7f78f2221f19c25eb4536	ae70ab27e5bf79d9b356fad49b7e4075	03dc5d4e16e91bd395202aed38914ea6
20711	98e3f05cbfd7f78f2221f19c25eb4536	ae70ab27e5bf79d9b356fad49b7e4075	03dc5d4e16e91bd395202aed38914ea6
20712	98e3f05cbfd7f78f2221f19c25eb4536	ae70ab27e5bf79d9b356fad49b7e4075	03dc5d4e16e91bd395202aed38914ea6
20713	98e3f05cbfd7f78f2221f19c25eb4536	ae70ab27e5bf79d9b356fad49b7e4075	03dc5d4e16e91bd395202aed38914ea6
20714	030721e5ab206b5dc094c64e268b6bd9	ada285bceff6175b5ee8207fadc402ae	2aa80a29bbfbd8abfc00ffb86bc71125
20715	030721e5ab206b5dc094c64e268b6bd9	ada285bceff6175b5ee8207fadc402ae	2aa80a29bbfbd8abfc00ffb86bc71125
20716	030721e5ab206b5dc094c64e268b6bd9	ada285bceff6175b5ee8207fadc402ae	2aa80a29bbfbd8abfc00ffb86bc71125
20717	030721e5ab206b5dc094c64e268b6bd9	ada285bceff6175b5ee8207fadc402ae	2aa80a29bbfbd8abfc00ffb86bc71125
20718	030721e5ab206b5dc094c64e268b6bd9	ada285bceff6175b5ee8207fadc402ae	2aa80a29bbfbd8abfc00ffb86bc71125
20719	030721e5ab206b5dc094c64e268b6bd9	ada285bceff6175b5ee8207fadc402ae	2aa80a29bbfbd8abfc00ffb86bc71125
20720	030721e5ab206b5dc094c64e268b6bd9	ada285bceff6175b5ee8207fadc402ae	2aa80a29bbfbd8abfc00ffb86bc71125
20721	e9325b384716eeaccb2d46a61b7dbffb	e103da461439d6204d97eb4c0ed14ecc	52fc7bb89ec5f348b2355892b56fd7c3
20722	e9325b384716eeaccb2d46a61b7dbffb	e103da461439d6204d97eb4c0ed14ecc	52fc7bb89ec5f348b2355892b56fd7c3
20723	e9325b384716eeaccb2d46a61b7dbffb	e103da461439d6204d97eb4c0ed14ecc	52fc7bb89ec5f348b2355892b56fd7c3
20724	e9325b384716eeaccb2d46a61b7dbffb	e103da461439d6204d97eb4c0ed14ecc	52fc7bb89ec5f348b2355892b56fd7c3
20725	e9325b384716eeaccb2d46a61b7dbffb	e103da461439d6204d97eb4c0ed14ecc	52fc7bb89ec5f348b2355892b56fd7c3
20726	917f5e16be37046095d95c47c7b9c398	129def22744f4b5c959ab90150e8202b	20db65324ab5a968779c213e7710d518
20727	917f5e16be37046095d95c47c7b9c398	129def22744f4b5c959ab90150e8202b	20db65324ab5a968779c213e7710d518
20728	917f5e16be37046095d95c47c7b9c398	129def22744f4b5c959ab90150e8202b	20db65324ab5a968779c213e7710d518
20729	917f5e16be37046095d95c47c7b9c398	129def22744f4b5c959ab90150e8202b	20db65324ab5a968779c213e7710d518
20730	917f5e16be37046095d95c47c7b9c398	129def22744f4b5c959ab90150e8202b	20db65324ab5a968779c213e7710d518
20731	917f5e16be37046095d95c47c7b9c398	129def22744f4b5c959ab90150e8202b	20db65324ab5a968779c213e7710d518
20732	917f5e16be37046095d95c47c7b9c398	129def22744f4b5c959ab90150e8202b	20db65324ab5a968779c213e7710d518
20733	134432f5795f8c2af2809cf3dcf74a99	11df9ee9289beb3a7725e81956413006	5eb8aa8ea9bee2f2165b363e07dc2dc9
20734	134432f5795f8c2af2809cf3dcf74a99	11df9ee9289beb3a7725e81956413006	5eb8aa8ea9bee2f2165b363e07dc2dc9
20735	134432f5795f8c2af2809cf3dcf74a99	11df9ee9289beb3a7725e81956413006	5eb8aa8ea9bee2f2165b363e07dc2dc9
20736	134432f5795f8c2af2809cf3dcf74a99	11df9ee9289beb3a7725e81956413006	5eb8aa8ea9bee2f2165b363e07dc2dc9
20737	134432f5795f8c2af2809cf3dcf74a99	11df9ee9289beb3a7725e81956413006	5eb8aa8ea9bee2f2165b363e07dc2dc9
20738	b1e5fb430c97826a47807b29b90c7696	4c412289e83e419260407c63e452601d	8601d2f26941e546f9c2001d6c99f566
20739	b1e5fb430c97826a47807b29b90c7696	4c412289e83e419260407c63e452601d	8601d2f26941e546f9c2001d6c99f566
20740	b1e5fb430c97826a47807b29b90c7696	4c412289e83e419260407c63e452601d	8601d2f26941e546f9c2001d6c99f566
20741	b1e5fb430c97826a47807b29b90c7696	4c412289e83e419260407c63e452601d	8601d2f26941e546f9c2001d6c99f566
20742	b1e5fb430c97826a47807b29b90c7696	4c412289e83e419260407c63e452601d	8601d2f26941e546f9c2001d6c99f566
20743	afa7521724a4d41a2870dd2833dc131f	f98064d04a206a8a01d00991ac209410	0a1ad28c257f8e04c07a88e937aefa43
20744	afa7521724a4d41a2870dd2833dc131f	f98064d04a206a8a01d00991ac209410	0a1ad28c257f8e04c07a88e937aefa43
20745	afa7521724a4d41a2870dd2833dc131f	f98064d04a206a8a01d00991ac209410	0a1ad28c257f8e04c07a88e937aefa43
20746	afa7521724a4d41a2870dd2833dc131f	f98064d04a206a8a01d00991ac209410	0a1ad28c257f8e04c07a88e937aefa43
20747	afa7521724a4d41a2870dd2833dc131f	f98064d04a206a8a01d00991ac209410	0a1ad28c257f8e04c07a88e937aefa43
20748	afa7521724a4d41a2870dd2833dc131f	f98064d04a206a8a01d00991ac209410	0a1ad28c257f8e04c07a88e937aefa43
20749	afa7521724a4d41a2870dd2833dc131f	f98064d04a206a8a01d00991ac209410	0a1ad28c257f8e04c07a88e937aefa43
20750	0b7e0d71974d99b8698e3bc7327b0f4a	536bd6414a23dcf44258d41233002921	666fe6a3c0b30a363d8fbf7df5645a2e
20751	0b7e0d71974d99b8698e3bc7327b0f4a	536bd6414a23dcf44258d41233002921	666fe6a3c0b30a363d8fbf7df5645a2e
20752	0b7e0d71974d99b8698e3bc7327b0f4a	536bd6414a23dcf44258d41233002921	666fe6a3c0b30a363d8fbf7df5645a2e
20753	0b7e0d71974d99b8698e3bc7327b0f4a	536bd6414a23dcf44258d41233002921	666fe6a3c0b30a363d8fbf7df5645a2e
20754	0b7e0d71974d99b8698e3bc7327b0f4a	536bd6414a23dcf44258d41233002921	666fe6a3c0b30a363d8fbf7df5645a2e
20755	4d45d851bcbbda99383d59b27d20092d	1f8656efdf5746e7aa3e6dd758292b02	80f43a33e6a9123769387d75214951d1
20756	4d45d851bcbbda99383d59b27d20092d	1f8656efdf5746e7aa3e6dd758292b02	80f43a33e6a9123769387d75214951d1
20757	4d45d851bcbbda99383d59b27d20092d	1f8656efdf5746e7aa3e6dd758292b02	80f43a33e6a9123769387d75214951d1
20758	4d45d851bcbbda99383d59b27d20092d	1f8656efdf5746e7aa3e6dd758292b02	80f43a33e6a9123769387d75214951d1
20759	4d45d851bcbbda99383d59b27d20092d	1f8656efdf5746e7aa3e6dd758292b02	80f43a33e6a9123769387d75214951d1
20760	4d45d851bcbbda99383d59b27d20092d	1f8656efdf5746e7aa3e6dd758292b02	80f43a33e6a9123769387d75214951d1
20761	4d45d851bcbbda99383d59b27d20092d	1f8656efdf5746e7aa3e6dd758292b02	80f43a33e6a9123769387d75214951d1
20762	4d45d851bcbbda99383d59b27d20092d	1f8656efdf5746e7aa3e6dd758292b02	80f43a33e6a9123769387d75214951d1
20763	4d45d851bcbbda99383d59b27d20092d	1f8656efdf5746e7aa3e6dd758292b02	80f43a33e6a9123769387d75214951d1
20764	4d45d851bcbbda99383d59b27d20092d	1f8656efdf5746e7aa3e6dd758292b02	80f43a33e6a9123769387d75214951d1
20765	4d45d851bcbbda99383d59b27d20092d	1f8656efdf5746e7aa3e6dd758292b02	80f43a33e6a9123769387d75214951d1
20766	4d45d851bcbbda99383d59b27d20092d	1f8656efdf5746e7aa3e6dd758292b02	80f43a33e6a9123769387d75214951d1
20767	4d45d851bcbbda99383d59b27d20092d	1f8656efdf5746e7aa3e6dd758292b02	80f43a33e6a9123769387d75214951d1
20768	4d45d851bcbbda99383d59b27d20092d	1f8656efdf5746e7aa3e6dd758292b02	80f43a33e6a9123769387d75214951d1
20769	4d45d851bcbbda99383d59b27d20092d	1f8656efdf5746e7aa3e6dd758292b02	80f43a33e6a9123769387d75214951d1
20770	4d45d851bcbbda99383d59b27d20092d	1f8656efdf5746e7aa3e6dd758292b02	80f43a33e6a9123769387d75214951d1
20771	97628e104c55ffdfdcd19d6819428504	7a6c8556dff84da9a82f15eeddc972ef	705660523c5479e1f8374ea450354a60
20772	f25c83f49cf9b160ce5f8cfeef50f449	3f075cd31574bf24ea14c4f011a94b16	0083dd6a52f5a3b285c02d4a52ef49bd
20773	f25c83f49cf9b160ce5f8cfeef50f449	3f075cd31574bf24ea14c4f011a94b16	0083dd6a52f5a3b285c02d4a52ef49bd
20774	f25c83f49cf9b160ce5f8cfeef50f449	3f075cd31574bf24ea14c4f011a94b16	0083dd6a52f5a3b285c02d4a52ef49bd
20775	f25c83f49cf9b160ce5f8cfeef50f449	3f075cd31574bf24ea14c4f011a94b16	0083dd6a52f5a3b285c02d4a52ef49bd
20776	f25c83f49cf9b160ce5f8cfeef50f449	3f075cd31574bf24ea14c4f011a94b16	0083dd6a52f5a3b285c02d4a52ef49bd
20777	f25c83f49cf9b160ce5f8cfeef50f449	3f075cd31574bf24ea14c4f011a94b16	0083dd6a52f5a3b285c02d4a52ef49bd
20778	f25c83f49cf9b160ce5f8cfeef50f449	3f075cd31574bf24ea14c4f011a94b16	0083dd6a52f5a3b285c02d4a52ef49bd
20779	9a2fff7c1f785ef1036ca54e3c0b72ef	18410b0b131c423fd18cee79301edb08	0b944bdd884d2a51725a326cd0097707
20780	9a2fff7c1f785ef1036ca54e3c0b72ef	18410b0b131c423fd18cee79301edb08	0b944bdd884d2a51725a326cd0097707
20781	9a2fff7c1f785ef1036ca54e3c0b72ef	18410b0b131c423fd18cee79301edb08	0b944bdd884d2a51725a326cd0097707
20782	1bfcb60e72d8dff11b135b331b1e2d1c	4438f40b838022c7bea4f0dae42c69e7	bc7a0e3e37f4e9316412c1bf7c9b639c
20783	1bfcb60e72d8dff11b135b331b1e2d1c	4438f40b838022c7bea4f0dae42c69e7	bc7a0e3e37f4e9316412c1bf7c9b639c
20784	2660d918f97fb1ed68446d87bd6ed275	4766e333e289952b3c6f4e357e07e57a	06f5da5896f894a1e90661d9bde13305
20785	2660d918f97fb1ed68446d87bd6ed275	4766e333e289952b3c6f4e357e07e57a	06f5da5896f894a1e90661d9bde13305
20786	2660d918f97fb1ed68446d87bd6ed275	4766e333e289952b3c6f4e357e07e57a	06f5da5896f894a1e90661d9bde13305
20787	2660d918f97fb1ed68446d87bd6ed275	4766e333e289952b3c6f4e357e07e57a	06f5da5896f894a1e90661d9bde13305
20788	2660d918f97fb1ed68446d87bd6ed275	4766e333e289952b3c6f4e357e07e57a	06f5da5896f894a1e90661d9bde13305
20789	2660d918f97fb1ed68446d87bd6ed275	4766e333e289952b3c6f4e357e07e57a	06f5da5896f894a1e90661d9bde13305
20790	2660d918f97fb1ed68446d87bd6ed275	4766e333e289952b3c6f4e357e07e57a	06f5da5896f894a1e90661d9bde13305
20791	bd8aa1fa639450f91e5923eb2f538ac9	459c93102a7cc807b48fd80832820cde	6767e2662d6aa723a3cc1c82b23cd38d
20792	bd8aa1fa639450f91e5923eb2f538ac9	459c93102a7cc807b48fd80832820cde	6767e2662d6aa723a3cc1c82b23cd38d
20793	bd8aa1fa639450f91e5923eb2f538ac9	459c93102a7cc807b48fd80832820cde	6767e2662d6aa723a3cc1c82b23cd38d
20794	bd8aa1fa639450f91e5923eb2f538ac9	459c93102a7cc807b48fd80832820cde	6767e2662d6aa723a3cc1c82b23cd38d
20795	bd8aa1fa639450f91e5923eb2f538ac9	459c93102a7cc807b48fd80832820cde	6767e2662d6aa723a3cc1c82b23cd38d
20796	34b790da13c3eaaef87821213b151bdc	c0bc184337df1f966ee8fa0f5d44abef	c77bddb5ca11bbd449443deb32e9d1c0
20797	34b790da13c3eaaef87821213b151bdc	c0bc184337df1f966ee8fa0f5d44abef	c77bddb5ca11bbd449443deb32e9d1c0
20798	34b790da13c3eaaef87821213b151bdc	c0bc184337df1f966ee8fa0f5d44abef	c77bddb5ca11bbd449443deb32e9d1c0
20799	34b790da13c3eaaef87821213b151bdc	c0bc184337df1f966ee8fa0f5d44abef	c77bddb5ca11bbd449443deb32e9d1c0
20800	34b790da13c3eaaef87821213b151bdc	c0bc184337df1f966ee8fa0f5d44abef	c77bddb5ca11bbd449443deb32e9d1c0
20801	34b790da13c3eaaef87821213b151bdc	c0bc184337df1f966ee8fa0f5d44abef	c77bddb5ca11bbd449443deb32e9d1c0
20802	34b790da13c3eaaef87821213b151bdc	c0bc184337df1f966ee8fa0f5d44abef	c77bddb5ca11bbd449443deb32e9d1c0
20803	34b790da13c3eaaef87821213b151bdc	c0bc184337df1f966ee8fa0f5d44abef	c77bddb5ca11bbd449443deb32e9d1c0
20804	34b790da13c3eaaef87821213b151bdc	c0bc184337df1f966ee8fa0f5d44abef	c77bddb5ca11bbd449443deb32e9d1c0
20805	34b790da13c3eaaef87821213b151bdc	c0bc184337df1f966ee8fa0f5d44abef	c77bddb5ca11bbd449443deb32e9d1c0
20806	34b790da13c3eaaef87821213b151bdc	c0bc184337df1f966ee8fa0f5d44abef	c77bddb5ca11bbd449443deb32e9d1c0
20807	34b790da13c3eaaef87821213b151bdc	c0bc184337df1f966ee8fa0f5d44abef	c77bddb5ca11bbd449443deb32e9d1c0
20808	34b790da13c3eaaef87821213b151bdc	c0bc184337df1f966ee8fa0f5d44abef	c77bddb5ca11bbd449443deb32e9d1c0
20809	34b790da13c3eaaef87821213b151bdc	c0bc184337df1f966ee8fa0f5d44abef	c77bddb5ca11bbd449443deb32e9d1c0
20810	34b790da13c3eaaef87821213b151bdc	c0bc184337df1f966ee8fa0f5d44abef	c77bddb5ca11bbd449443deb32e9d1c0
20811	34b790da13c3eaaef87821213b151bdc	c0bc184337df1f966ee8fa0f5d44abef	c77bddb5ca11bbd449443deb32e9d1c0
20812	34b790da13c3eaaef87821213b151bdc	c0bc184337df1f966ee8fa0f5d44abef	c77bddb5ca11bbd449443deb32e9d1c0
20813	d5bd0db4e7ce44ddd82ec5bb409718d2	4182fd7bfa2257536b1e2f93efd067f1	0df65e0a38e789091eb17819d6b9ad6a
20814	d5bd0db4e7ce44ddd82ec5bb409718d2	4182fd7bfa2257536b1e2f93efd067f1	0df65e0a38e789091eb17819d6b9ad6a
20815	d5bd0db4e7ce44ddd82ec5bb409718d2	4182fd7bfa2257536b1e2f93efd067f1	0df65e0a38e789091eb17819d6b9ad6a
20816	d5bd0db4e7ce44ddd82ec5bb409718d2	4182fd7bfa2257536b1e2f93efd067f1	0df65e0a38e789091eb17819d6b9ad6a
20817	d5bd0db4e7ce44ddd82ec5bb409718d2	4182fd7bfa2257536b1e2f93efd067f1	0df65e0a38e789091eb17819d6b9ad6a
20818	d5bd0db4e7ce44ddd82ec5bb409718d2	4182fd7bfa2257536b1e2f93efd067f1	0df65e0a38e789091eb17819d6b9ad6a
20819	d5bd0db4e7ce44ddd82ec5bb409718d2	4182fd7bfa2257536b1e2f93efd067f1	0df65e0a38e789091eb17819d6b9ad6a
20820	b5ea819a53172b89945eae19724f0b99	57aceb52ee3ecb8750316969f457211e	4d82143a4a892a2f4ddb268c3e0b804d
20821	b5ea819a53172b89945eae19724f0b99	57aceb52ee3ecb8750316969f457211e	4d82143a4a892a2f4ddb268c3e0b804d
20822	b5ea819a53172b89945eae19724f0b99	57aceb52ee3ecb8750316969f457211e	4d82143a4a892a2f4ddb268c3e0b804d
20823	b02b70a49546b69cec2f111a98ff1849	9a7814ea629b7cc08dbb7d88216931c6	03858c1b056dad42d80598de49d0a6cd
20824	b02b70a49546b69cec2f111a98ff1849	9a7814ea629b7cc08dbb7d88216931c6	03858c1b056dad42d80598de49d0a6cd
20825	3070436f0496ae07ac3067cf798a20bb	d1a679b9a29d0c895282eee5700c44f4	1c2a660c01f38fe3ae39d96cfe38b9b3
20826	3070436f0496ae07ac3067cf798a20bb	d1a679b9a29d0c895282eee5700c44f4	1c2a660c01f38fe3ae39d96cfe38b9b3
20827	3070436f0496ae07ac3067cf798a20bb	d1a679b9a29d0c895282eee5700c44f4	1c2a660c01f38fe3ae39d96cfe38b9b3
20828	3070436f0496ae07ac3067cf798a20bb	d1a679b9a29d0c895282eee5700c44f4	1c2a660c01f38fe3ae39d96cfe38b9b3
20829	3070436f0496ae07ac3067cf798a20bb	d1a679b9a29d0c895282eee5700c44f4	1c2a660c01f38fe3ae39d96cfe38b9b3
20830	3070436f0496ae07ac3067cf798a20bb	d1a679b9a29d0c895282eee5700c44f4	1c2a660c01f38fe3ae39d96cfe38b9b3
20831	3070436f0496ae07ac3067cf798a20bb	d1a679b9a29d0c895282eee5700c44f4	1c2a660c01f38fe3ae39d96cfe38b9b3
20832	3070436f0496ae07ac3067cf798a20bb	d1a679b9a29d0c895282eee5700c44f4	1c2a660c01f38fe3ae39d96cfe38b9b3
20833	3070436f0496ae07ac3067cf798a20bb	d1a679b9a29d0c895282eee5700c44f4	1c2a660c01f38fe3ae39d96cfe38b9b3
20834	3070436f0496ae07ac3067cf798a20bb	d1a679b9a29d0c895282eee5700c44f4	1c2a660c01f38fe3ae39d96cfe38b9b3
20835	3070436f0496ae07ac3067cf798a20bb	d1a679b9a29d0c895282eee5700c44f4	1c2a660c01f38fe3ae39d96cfe38b9b3
20836	3070436f0496ae07ac3067cf798a20bb	d1a679b9a29d0c895282eee5700c44f4	1c2a660c01f38fe3ae39d96cfe38b9b3
20837	a3317825162cded1f8c39d7ea36beecd	6e8ea23a607a0ccf50a3c2b75af16742	e0f60472b6ae2b45241e8a40b151c03d
20838	a3317825162cded1f8c39d7ea36beecd	6e8ea23a607a0ccf50a3c2b75af16742	e0f60472b6ae2b45241e8a40b151c03d
20839	a3317825162cded1f8c39d7ea36beecd	6e8ea23a607a0ccf50a3c2b75af16742	e0f60472b6ae2b45241e8a40b151c03d
20840	a3317825162cded1f8c39d7ea36beecd	6e8ea23a607a0ccf50a3c2b75af16742	e0f60472b6ae2b45241e8a40b151c03d
20841	a3317825162cded1f8c39d7ea36beecd	6e8ea23a607a0ccf50a3c2b75af16742	e0f60472b6ae2b45241e8a40b151c03d
20842	c01fa6c49037557ee854ee296ce53b01	a11cc5b73643e74e76300e35a6f7874e	b4f5142ed91f14eeabd9907588118929
20843	c01fa6c49037557ee854ee296ce53b01	a11cc5b73643e74e76300e35a6f7874e	b4f5142ed91f14eeabd9907588118929
20844	c01fa6c49037557ee854ee296ce53b01	a11cc5b73643e74e76300e35a6f7874e	b4f5142ed91f14eeabd9907588118929
20845	0f938e3248b94a4ed3e6310791e242cc	ddb382369a75e756c997b9e0a3512a0f	2aa89c8531060b745c1b4972e7d95938
20846	0f938e3248b94a4ed3e6310791e242cc	ddb382369a75e756c997b9e0a3512a0f	2aa89c8531060b745c1b4972e7d95938
20847	0f938e3248b94a4ed3e6310791e242cc	ddb382369a75e756c997b9e0a3512a0f	2aa89c8531060b745c1b4972e7d95938
20848	0f938e3248b94a4ed3e6310791e242cc	ddb382369a75e756c997b9e0a3512a0f	2aa89c8531060b745c1b4972e7d95938
20849	627b8f8c47a138a4632c912f8154761c	7982bf8a6ca353202e3642f2f123b6ff	0821223a342284fa32c343c9b6dc66c0
20850	627b8f8c47a138a4632c912f8154761c	7982bf8a6ca353202e3642f2f123b6ff	0821223a342284fa32c343c9b6dc66c0
20851	627b8f8c47a138a4632c912f8154761c	7982bf8a6ca353202e3642f2f123b6ff	0821223a342284fa32c343c9b6dc66c0
20852	627b8f8c47a138a4632c912f8154761c	7982bf8a6ca353202e3642f2f123b6ff	0821223a342284fa32c343c9b6dc66c0
20853	627b8f8c47a138a4632c912f8154761c	7982bf8a6ca353202e3642f2f123b6ff	0821223a342284fa32c343c9b6dc66c0
20854	1cb89fc9e5683d0bda230bbba95bfe30	40f33af9a8052855228d2947064cbb9b	9d6feaf0cdd021c1d00fc8308ebb56f4
20855	1cb89fc9e5683d0bda230bbba95bfe30	40f33af9a8052855228d2947064cbb9b	9d6feaf0cdd021c1d00fc8308ebb56f4
20856	1cb89fc9e5683d0bda230bbba95bfe30	40f33af9a8052855228d2947064cbb9b	9d6feaf0cdd021c1d00fc8308ebb56f4
20857	1cb89fc9e5683d0bda230bbba95bfe30	40f33af9a8052855228d2947064cbb9b	9d6feaf0cdd021c1d00fc8308ebb56f4
20858	1cb89fc9e5683d0bda230bbba95bfe30	40f33af9a8052855228d2947064cbb9b	9d6feaf0cdd021c1d00fc8308ebb56f4
20859	1cb89fc9e5683d0bda230bbba95bfe30	40f33af9a8052855228d2947064cbb9b	9d6feaf0cdd021c1d00fc8308ebb56f4
20860	1cb89fc9e5683d0bda230bbba95bfe30	40f33af9a8052855228d2947064cbb9b	9d6feaf0cdd021c1d00fc8308ebb56f4
20861	c37cd63777949c173ee5fc62f7317bfa	e28fa22c88db6691d6befa0d1b9922d9	58873df1b92c0b77692db55a7c364e3a
20862	c37cd63777949c173ee5fc62f7317bfa	e28fa22c88db6691d6befa0d1b9922d9	58873df1b92c0b77692db55a7c364e3a
20863	c37cd63777949c173ee5fc62f7317bfa	e28fa22c88db6691d6befa0d1b9922d9	58873df1b92c0b77692db55a7c364e3a
20864	54f127259cec2173d6eebd1287521ae1	37267d5def537a65a99f4ba18598eaf6	099dfa3daace8ea9de006290c5384bcd
20865	c37cd63777949c173ee5fc62f7317bfa	e28fa22c88db6691d6befa0d1b9922d9	58873df1b92c0b77692db55a7c364e3a
20866	9f721bd6114c0f779f1655e4e6329be8	910efe20acb851413ca6e47a89449123	93f4a3d902baeae3d3665a737d14ae18
20867	9f721bd6114c0f779f1655e4e6329be8	910efe20acb851413ca6e47a89449123	93f4a3d902baeae3d3665a737d14ae18
20868	9f721bd6114c0f779f1655e4e6329be8	910efe20acb851413ca6e47a89449123	93f4a3d902baeae3d3665a737d14ae18
20869	9f721bd6114c0f779f1655e4e6329be8	910efe20acb851413ca6e47a89449123	93f4a3d902baeae3d3665a737d14ae18
20870	9f721bd6114c0f779f1655e4e6329be8	910efe20acb851413ca6e47a89449123	93f4a3d902baeae3d3665a737d14ae18
20871	9f721bd6114c0f779f1655e4e6329be8	910efe20acb851413ca6e47a89449123	93f4a3d902baeae3d3665a737d14ae18
20872	9f721bd6114c0f779f1655e4e6329be8	910efe20acb851413ca6e47a89449123	93f4a3d902baeae3d3665a737d14ae18
20873	3247a90eaa0e92e632290fde57e61a6a	f05a26255296930ee87f57bb5a7a4b91	929d6bbf89a558924100e760589a2fe2
20874	3247a90eaa0e92e632290fde57e61a6a	f05a26255296930ee87f57bb5a7a4b91	929d6bbf89a558924100e760589a2fe2
20875	3247a90eaa0e92e632290fde57e61a6a	f05a26255296930ee87f57bb5a7a4b91	929d6bbf89a558924100e760589a2fe2
20876	3247a90eaa0e92e632290fde57e61a6a	f05a26255296930ee87f57bb5a7a4b91	929d6bbf89a558924100e760589a2fe2
20877	3247a90eaa0e92e632290fde57e61a6a	f05a26255296930ee87f57bb5a7a4b91	929d6bbf89a558924100e760589a2fe2
20878	8432bbdd13f5fef6149512dd120d9f61	1df6ddbf90343e56f6f01d2c2060723e	5df184c5882159cc97f9ddf958aca765
20879	8432bbdd13f5fef6149512dd120d9f61	1df6ddbf90343e56f6f01d2c2060723e	5df184c5882159cc97f9ddf958aca765
20880	8432bbdd13f5fef6149512dd120d9f61	1df6ddbf90343e56f6f01d2c2060723e	5df184c5882159cc97f9ddf958aca765
20881	8432bbdd13f5fef6149512dd120d9f61	1df6ddbf90343e56f6f01d2c2060723e	5df184c5882159cc97f9ddf958aca765
20882	8432bbdd13f5fef6149512dd120d9f61	1df6ddbf90343e56f6f01d2c2060723e	5df184c5882159cc97f9ddf958aca765
20883	9d0a9b376b3b5c44f03c2996aeb1f1ec	0b36b69eee09f650bb3deee64473d8cf	4c855738e161828ab12a79f6fd892f88
20884	9d0a9b376b3b5c44f03c2996aeb1f1ec	0b36b69eee09f650bb3deee64473d8cf	4c855738e161828ab12a79f6fd892f88
20885	9d0a9b376b3b5c44f03c2996aeb1f1ec	0b36b69eee09f650bb3deee64473d8cf	4c855738e161828ab12a79f6fd892f88
20886	2cc815539da21652fea368d792b45cf1	a218af59a0aecdf28216899046fbea4e	ab958794b9d34d62aad50a720deefa71
20887	2cc815539da21652fea368d792b45cf1	a218af59a0aecdf28216899046fbea4e	ab958794b9d34d62aad50a720deefa71
20888	527a9b38e90fd700fea21bb4fb04d932	a98bee3e4007f9dc65525828040974e9	986582a79b2957628c91f13b553a4f66
20889	527a9b38e90fd700fea21bb4fb04d932	a98bee3e4007f9dc65525828040974e9	986582a79b2957628c91f13b553a4f66
20890	9d0a9b376b3b5c44f03c2996aeb1f1ec	0b36b69eee09f650bb3deee64473d8cf	4c855738e161828ab12a79f6fd892f88
20891	9d0a9b376b3b5c44f03c2996aeb1f1ec	0b36b69eee09f650bb3deee64473d8cf	4c855738e161828ab12a79f6fd892f88
20892	9d0a9b376b3b5c44f03c2996aeb1f1ec	0b36b69eee09f650bb3deee64473d8cf	4c855738e161828ab12a79f6fd892f88
20893	9d0a9b376b3b5c44f03c2996aeb1f1ec	0b36b69eee09f650bb3deee64473d8cf	4c855738e161828ab12a79f6fd892f88
20894	9d0a9b376b3b5c44f03c2996aeb1f1ec	0b36b69eee09f650bb3deee64473d8cf	4c855738e161828ab12a79f6fd892f88
20895	6c1ae59ba2f917162c81b886d9602c35	6e096f61e2c257a6a457fc717231d7c2	9cec8e97e9a2599eb48ea5f4bf4c1075
20896	6c1ae59ba2f917162c81b886d9602c35	6e096f61e2c257a6a457fc717231d7c2	9cec8e97e9a2599eb48ea5f4bf4c1075
20897	6c1ae59ba2f917162c81b886d9602c35	6e096f61e2c257a6a457fc717231d7c2	9cec8e97e9a2599eb48ea5f4bf4c1075
20898	6c1ae59ba2f917162c81b886d9602c35	6e096f61e2c257a6a457fc717231d7c2	9cec8e97e9a2599eb48ea5f4bf4c1075
20899	6c1ae59ba2f917162c81b886d9602c35	6e096f61e2c257a6a457fc717231d7c2	9cec8e97e9a2599eb48ea5f4bf4c1075
20900	6c1ae59ba2f917162c81b886d9602c35	6e096f61e2c257a6a457fc717231d7c2	9cec8e97e9a2599eb48ea5f4bf4c1075
20901	6c1ae59ba2f917162c81b886d9602c35	6e096f61e2c257a6a457fc717231d7c2	9cec8e97e9a2599eb48ea5f4bf4c1075
20902	1bb44cb57b1e9c86be11925a227a10e0	99efe2cea0f4616ebd0c6f3b6da3a6a3	691e8c304ce8aa70dafed33f2076d05c
20903	1bb44cb57b1e9c86be11925a227a10e0	99efe2cea0f4616ebd0c6f3b6da3a6a3	691e8c304ce8aa70dafed33f2076d05c
20904	1bb44cb57b1e9c86be11925a227a10e0	99efe2cea0f4616ebd0c6f3b6da3a6a3	691e8c304ce8aa70dafed33f2076d05c
20905	1bb44cb57b1e9c86be11925a227a10e0	99efe2cea0f4616ebd0c6f3b6da3a6a3	691e8c304ce8aa70dafed33f2076d05c
20906	1bb44cb57b1e9c86be11925a227a10e0	99efe2cea0f4616ebd0c6f3b6da3a6a3	691e8c304ce8aa70dafed33f2076d05c
20907	1bb44cb57b1e9c86be11925a227a10e0	99efe2cea0f4616ebd0c6f3b6da3a6a3	691e8c304ce8aa70dafed33f2076d05c
20908	1bb44cb57b1e9c86be11925a227a10e0	99efe2cea0f4616ebd0c6f3b6da3a6a3	691e8c304ce8aa70dafed33f2076d05c
20909	1bb44cb57b1e9c86be11925a227a10e0	99efe2cea0f4616ebd0c6f3b6da3a6a3	691e8c304ce8aa70dafed33f2076d05c
20910	1bb44cb57b1e9c86be11925a227a10e0	99efe2cea0f4616ebd0c6f3b6da3a6a3	691e8c304ce8aa70dafed33f2076d05c
20911	1bb44cb57b1e9c86be11925a227a10e0	99efe2cea0f4616ebd0c6f3b6da3a6a3	691e8c304ce8aa70dafed33f2076d05c
20912	e457f63774f2306d50d6feb521dd677d	310bdb6bd46d7d8b3661f0c53683c112	e1225fe37bc3b1c909eaf112c50e8be5
20913	e457f63774f2306d50d6feb521dd677d	310bdb6bd46d7d8b3661f0c53683c112	e1225fe37bc3b1c909eaf112c50e8be5
20914	e457f63774f2306d50d6feb521dd677d	310bdb6bd46d7d8b3661f0c53683c112	e1225fe37bc3b1c909eaf112c50e8be5
20915	e457f63774f2306d50d6feb521dd677d	310bdb6bd46d7d8b3661f0c53683c112	e1225fe37bc3b1c909eaf112c50e8be5
20916	e457f63774f2306d50d6feb521dd677d	310bdb6bd46d7d8b3661f0c53683c112	e1225fe37bc3b1c909eaf112c50e8be5
20917	e457f63774f2306d50d6feb521dd677d	310bdb6bd46d7d8b3661f0c53683c112	e1225fe37bc3b1c909eaf112c50e8be5
20918	e457f63774f2306d50d6feb521dd677d	310bdb6bd46d7d8b3661f0c53683c112	e1225fe37bc3b1c909eaf112c50e8be5
20919	c5dda64bf94dc03d5dad86cd5fb2cdc6	c0c9822dd7ba2663b3518bc16992ec35	fa45ac1786b2d0a196ed4d6e00ae0b56
20920	c5dda64bf94dc03d5dad86cd5fb2cdc6	c0c9822dd7ba2663b3518bc16992ec35	fa45ac1786b2d0a196ed4d6e00ae0b56
20921	c5dda64bf94dc03d5dad86cd5fb2cdc6	c0c9822dd7ba2663b3518bc16992ec35	fa45ac1786b2d0a196ed4d6e00ae0b56
20922	c5dda64bf94dc03d5dad86cd5fb2cdc6	c0c9822dd7ba2663b3518bc16992ec35	fa45ac1786b2d0a196ed4d6e00ae0b56
20923	c5dda64bf94dc03d5dad86cd5fb2cdc6	c0c9822dd7ba2663b3518bc16992ec35	fa45ac1786b2d0a196ed4d6e00ae0b56
20924	0960e02f58c1a8637286121240fc7e0d	2bfd454ee4a519e5401ec2452900e882	f0547a6e61530b693435a1e399c42eb9
20925	0960e02f58c1a8637286121240fc7e0d	2bfd454ee4a519e5401ec2452900e882	f0547a6e61530b693435a1e399c42eb9
20926	0960e02f58c1a8637286121240fc7e0d	2bfd454ee4a519e5401ec2452900e882	f0547a6e61530b693435a1e399c42eb9
20927	0960e02f58c1a8637286121240fc7e0d	2bfd454ee4a519e5401ec2452900e882	f0547a6e61530b693435a1e399c42eb9
20928	0960e02f58c1a8637286121240fc7e0d	2bfd454ee4a519e5401ec2452900e882	f0547a6e61530b693435a1e399c42eb9
20929	0960e02f58c1a8637286121240fc7e0d	2bfd454ee4a519e5401ec2452900e882	f0547a6e61530b693435a1e399c42eb9
20930	0960e02f58c1a8637286121240fc7e0d	2bfd454ee4a519e5401ec2452900e882	f0547a6e61530b693435a1e399c42eb9
20931	0960e02f58c1a8637286121240fc7e0d	2bfd454ee4a519e5401ec2452900e882	f0547a6e61530b693435a1e399c42eb9
20932	0960e02f58c1a8637286121240fc7e0d	2bfd454ee4a519e5401ec2452900e882	f0547a6e61530b693435a1e399c42eb9
20933	0960e02f58c1a8637286121240fc7e0d	2bfd454ee4a519e5401ec2452900e882	f0547a6e61530b693435a1e399c42eb9
20934	0960e02f58c1a8637286121240fc7e0d	2bfd454ee4a519e5401ec2452900e882	f0547a6e61530b693435a1e399c42eb9
20935	0960e02f58c1a8637286121240fc7e0d	2bfd454ee4a519e5401ec2452900e882	f0547a6e61530b693435a1e399c42eb9
20936	0960e02f58c1a8637286121240fc7e0d	2bfd454ee4a519e5401ec2452900e882	f0547a6e61530b693435a1e399c42eb9
20937	0960e02f58c1a8637286121240fc7e0d	2bfd454ee4a519e5401ec2452900e882	f0547a6e61530b693435a1e399c42eb9
20938	0960e02f58c1a8637286121240fc7e0d	2bfd454ee4a519e5401ec2452900e882	f0547a6e61530b693435a1e399c42eb9
20939	0960e02f58c1a8637286121240fc7e0d	2bfd454ee4a519e5401ec2452900e882	f0547a6e61530b693435a1e399c42eb9
20940	0960e02f58c1a8637286121240fc7e0d	2bfd454ee4a519e5401ec2452900e882	f0547a6e61530b693435a1e399c42eb9
20941	96d8be1e37b143dbd6ebcfdd11b5ce30	5f9895eb6b5571559dc54c785a3ff6cb	daa7ee03992f0e61d111d8ebfa1efbb4
20942	96d8be1e37b143dbd6ebcfdd11b5ce30	5f9895eb6b5571559dc54c785a3ff6cb	daa7ee03992f0e61d111d8ebfa1efbb4
20943	96d8be1e37b143dbd6ebcfdd11b5ce30	5f9895eb6b5571559dc54c785a3ff6cb	daa7ee03992f0e61d111d8ebfa1efbb4
20944	96d8be1e37b143dbd6ebcfdd11b5ce30	5f9895eb6b5571559dc54c785a3ff6cb	daa7ee03992f0e61d111d8ebfa1efbb4
20945	96d8be1e37b143dbd6ebcfdd11b5ce30	5f9895eb6b5571559dc54c785a3ff6cb	daa7ee03992f0e61d111d8ebfa1efbb4
20946	96d8be1e37b143dbd6ebcfdd11b5ce30	5f9895eb6b5571559dc54c785a3ff6cb	daa7ee03992f0e61d111d8ebfa1efbb4
20947	96d8be1e37b143dbd6ebcfdd11b5ce30	5f9895eb6b5571559dc54c785a3ff6cb	daa7ee03992f0e61d111d8ebfa1efbb4
20948	2f29fd3274d551ac1126c5b69c441aa8	b2297eb6e8717db83875a7361c7e6d1b	fa9a024e9b3640484b5e43e7b1250688
20949	2f29fd3274d551ac1126c5b69c441aa8	b2297eb6e8717db83875a7361c7e6d1b	fa9a024e9b3640484b5e43e7b1250688
20950	2f29fd3274d551ac1126c5b69c441aa8	b2297eb6e8717db83875a7361c7e6d1b	fa9a024e9b3640484b5e43e7b1250688
20951	1fa9180c3e966408d9e63a5ccc1ca45c	8a74648949d1e0d4196029f9d880d4cf	db0d9d4ee819a484a776159a75d04c14
20952	1fa9180c3e966408d9e63a5ccc1ca45c	8a74648949d1e0d4196029f9d880d4cf	db0d9d4ee819a484a776159a75d04c14
20953	0a924a6395551f2da3099fab3d1f351b	539143b6579e36ebf2a458e6ee44f2e4	532e43ee58038f595b7a55ab58522c3b
20954	0a924a6395551f2da3099fab3d1f351b	539143b6579e36ebf2a458e6ee44f2e4	532e43ee58038f595b7a55ab58522c3b
20955	0a924a6395551f2da3099fab3d1f351b	539143b6579e36ebf2a458e6ee44f2e4	532e43ee58038f595b7a55ab58522c3b
20956	0a924a6395551f2da3099fab3d1f351b	539143b6579e36ebf2a458e6ee44f2e4	532e43ee58038f595b7a55ab58522c3b
20957	0a924a6395551f2da3099fab3d1f351b	539143b6579e36ebf2a458e6ee44f2e4	532e43ee58038f595b7a55ab58522c3b
20958	0a924a6395551f2da3099fab3d1f351b	539143b6579e36ebf2a458e6ee44f2e4	532e43ee58038f595b7a55ab58522c3b
20959	0a924a6395551f2da3099fab3d1f351b	539143b6579e36ebf2a458e6ee44f2e4	532e43ee58038f595b7a55ab58522c3b
20960	1838bed4bcf6164f7f064acf95549d6e	371f3c599c8fcc199192c8cc459ff42d	dc467e66f3c92741f25709b2fb993c2a
20961	1838bed4bcf6164f7f064acf95549d6e	371f3c599c8fcc199192c8cc459ff42d	dc467e66f3c92741f25709b2fb993c2a
20962	1838bed4bcf6164f7f064acf95549d6e	371f3c599c8fcc199192c8cc459ff42d	dc467e66f3c92741f25709b2fb993c2a
20963	1838bed4bcf6164f7f064acf95549d6e	371f3c599c8fcc199192c8cc459ff42d	dc467e66f3c92741f25709b2fb993c2a
20964	1838bed4bcf6164f7f064acf95549d6e	371f3c599c8fcc199192c8cc459ff42d	dc467e66f3c92741f25709b2fb993c2a
20965	6f344dd8b7a0c960e8a4112a7856cbea	8e360cef09b3dadc6de3e1dff5747ea1	d9b32f5ccf090bc2825d9d051d15643e
20966	6f344dd8b7a0c960e8a4112a7856cbea	8e360cef09b3dadc6de3e1dff5747ea1	d9b32f5ccf090bc2825d9d051d15643e
20967	6f344dd8b7a0c960e8a4112a7856cbea	8e360cef09b3dadc6de3e1dff5747ea1	d9b32f5ccf090bc2825d9d051d15643e
20968	6f344dd8b7a0c960e8a4112a7856cbea	8e360cef09b3dadc6de3e1dff5747ea1	d9b32f5ccf090bc2825d9d051d15643e
20969	6f344dd8b7a0c960e8a4112a7856cbea	8e360cef09b3dadc6de3e1dff5747ea1	d9b32f5ccf090bc2825d9d051d15643e
20970	6f344dd8b7a0c960e8a4112a7856cbea	8e360cef09b3dadc6de3e1dff5747ea1	d9b32f5ccf090bc2825d9d051d15643e
20971	6f344dd8b7a0c960e8a4112a7856cbea	8e360cef09b3dadc6de3e1dff5747ea1	d9b32f5ccf090bc2825d9d051d15643e
20972	6217e9191a23f118bf4e62346b5d3861	06f2e4e3a8d777fc60bf33c6614c292e	0eb02a82bf3d86e665d639a814992495
20973	6217e9191a23f118bf4e62346b5d3861	06f2e4e3a8d777fc60bf33c6614c292e	0eb02a82bf3d86e665d639a814992495
20974	6217e9191a23f118bf4e62346b5d3861	06f2e4e3a8d777fc60bf33c6614c292e	0eb02a82bf3d86e665d639a814992495
20975	6217e9191a23f118bf4e62346b5d3861	06f2e4e3a8d777fc60bf33c6614c292e	0eb02a82bf3d86e665d639a814992495
20976	6217e9191a23f118bf4e62346b5d3861	06f2e4e3a8d777fc60bf33c6614c292e	0eb02a82bf3d86e665d639a814992495
20977	6217e9191a23f118bf4e62346b5d3861	06f2e4e3a8d777fc60bf33c6614c292e	0eb02a82bf3d86e665d639a814992495
20978	6217e9191a23f118bf4e62346b5d3861	06f2e4e3a8d777fc60bf33c6614c292e	0eb02a82bf3d86e665d639a814992495
20979	6217e9191a23f118bf4e62346b5d3861	06f2e4e3a8d777fc60bf33c6614c292e	0eb02a82bf3d86e665d639a814992495
20980	6217e9191a23f118bf4e62346b5d3861	06f2e4e3a8d777fc60bf33c6614c292e	0eb02a82bf3d86e665d639a814992495
20981	6217e9191a23f118bf4e62346b5d3861	06f2e4e3a8d777fc60bf33c6614c292e	0eb02a82bf3d86e665d639a814992495
20982	c2a144d62603a9ae2929b60e9df9dec6	bd81a869e4ea1c86d2dc86ad585bcc2d	612606fdc685cf6c7837b3460429b88a
20983	c2a144d62603a9ae2929b60e9df9dec6	bd81a869e4ea1c86d2dc86ad585bcc2d	612606fdc685cf6c7837b3460429b88a
20984	c2a144d62603a9ae2929b60e9df9dec6	bd81a869e4ea1c86d2dc86ad585bcc2d	612606fdc685cf6c7837b3460429b88a
20985	c2a144d62603a9ae2929b60e9df9dec6	bd81a869e4ea1c86d2dc86ad585bcc2d	612606fdc685cf6c7837b3460429b88a
20986	c2a144d62603a9ae2929b60e9df9dec6	bd81a869e4ea1c86d2dc86ad585bcc2d	612606fdc685cf6c7837b3460429b88a
20987	c2a144d62603a9ae2929b60e9df9dec6	bd81a869e4ea1c86d2dc86ad585bcc2d	612606fdc685cf6c7837b3460429b88a
20988	c2a144d62603a9ae2929b60e9df9dec6	bd81a869e4ea1c86d2dc86ad585bcc2d	612606fdc685cf6c7837b3460429b88a
20989	526dbfbf2895d9b2f32a081f2f7f3c46	e8fe1e61e1c63a8a0421fb16c91e330d	9916f49ef26ea44e6e79e802ac1669f6
20990	526dbfbf2895d9b2f32a081f2f7f3c46	e8fe1e61e1c63a8a0421fb16c91e330d	9916f49ef26ea44e6e79e802ac1669f6
20991	526dbfbf2895d9b2f32a081f2f7f3c46	e8fe1e61e1c63a8a0421fb16c91e330d	9916f49ef26ea44e6e79e802ac1669f6
20992	526dbfbf2895d9b2f32a081f2f7f3c46	e8fe1e61e1c63a8a0421fb16c91e330d	9916f49ef26ea44e6e79e802ac1669f6
20993	526dbfbf2895d9b2f32a081f2f7f3c46	e8fe1e61e1c63a8a0421fb16c91e330d	9916f49ef26ea44e6e79e802ac1669f6
20994	7d363c8175f9a79365d74016af84a66c	a38f0dbb05903cbdb78c4b11598957a7	4b0c0dc809e47935a1dddf012cb56d70
20995	7d363c8175f9a79365d74016af84a66c	a38f0dbb05903cbdb78c4b11598957a7	4b0c0dc809e47935a1dddf012cb56d70
20996	7d363c8175f9a79365d74016af84a66c	a38f0dbb05903cbdb78c4b11598957a7	4b0c0dc809e47935a1dddf012cb56d70
20997	5bb0e7e601a14b114294514dcc5f75e0	dae691cbe11afe974192c457c76cf6ab	35ddcad1eba5095550a55fd1036b3358
20998	5bb0e7e601a14b114294514dcc5f75e0	dae691cbe11afe974192c457c76cf6ab	35ddcad1eba5095550a55fd1036b3358
20999	3771ad8f7300be7105fbdd914580af3d	886b05005c35a2cf612bb5b4e2ecf462	05e3d80c298e1cd5e725934c51e26c8d
21000	3771ad8f7300be7105fbdd914580af3d	886b05005c35a2cf612bb5b4e2ecf462	05e3d80c298e1cd5e725934c51e26c8d
21001	4f022afcceb7e3f69651b6e577745f5c	103276a8752e5f5e5398c09259fe6a4f	7d4ec13c1fbdf4884a5efaa11d8d5928
21002	4f022afcceb7e3f69651b6e577745f5c	103276a8752e5f5e5398c09259fe6a4f	7d4ec13c1fbdf4884a5efaa11d8d5928
21003	4f022afcceb7e3f69651b6e577745f5c	103276a8752e5f5e5398c09259fe6a4f	7d4ec13c1fbdf4884a5efaa11d8d5928
21004	4f022afcceb7e3f69651b6e577745f5c	103276a8752e5f5e5398c09259fe6a4f	7d4ec13c1fbdf4884a5efaa11d8d5928
21005	4f022afcceb7e3f69651b6e577745f5c	103276a8752e5f5e5398c09259fe6a4f	7d4ec13c1fbdf4884a5efaa11d8d5928
21006	b0a9fa65682c6c870abfe2795cec5a7b	c063b6a7c2a1def9a47994fb64a7bbb4	d63b8df13d431d8dbd7671425fa48eb7
21007	b0a9fa65682c6c870abfe2795cec5a7b	c063b6a7c2a1def9a47994fb64a7bbb4	d63b8df13d431d8dbd7671425fa48eb7
21008	b0a9fa65682c6c870abfe2795cec5a7b	c063b6a7c2a1def9a47994fb64a7bbb4	d63b8df13d431d8dbd7671425fa48eb7
21009	445e1d8b389012112fba31e351d7b96b	b063e3755f5a998f868dc1f17d716d74	d8f6c45375253eef35002aa462be9eaf
21010	445e1d8b389012112fba31e351d7b96b	b063e3755f5a998f868dc1f17d716d74	d8f6c45375253eef35002aa462be9eaf
21011	19f4257c47549da21a1eb61f4bbb3e98	e3003647a60c626a1a368179227baa4b	176b3b0cbd6483a2be55b2c85ef2bee8
21012	19f4257c47549da21a1eb61f4bbb3e98	e3003647a60c626a1a368179227baa4b	176b3b0cbd6483a2be55b2c85ef2bee8
21013	19f4257c47549da21a1eb61f4bbb3e98	e3003647a60c626a1a368179227baa4b	176b3b0cbd6483a2be55b2c85ef2bee8
21014	19f4257c47549da21a1eb61f4bbb3e98	e3003647a60c626a1a368179227baa4b	176b3b0cbd6483a2be55b2c85ef2bee8
21015	19f4257c47549da21a1eb61f4bbb3e98	e3003647a60c626a1a368179227baa4b	176b3b0cbd6483a2be55b2c85ef2bee8
21016	19f4257c47549da21a1eb61f4bbb3e98	e3003647a60c626a1a368179227baa4b	176b3b0cbd6483a2be55b2c85ef2bee8
21017	19f4257c47549da21a1eb61f4bbb3e98	e3003647a60c626a1a368179227baa4b	176b3b0cbd6483a2be55b2c85ef2bee8
21018	eec5be57dd74dee14ce8bfe152f007df	cbe37696c028edbfd78804b29f78eff8	d62099ad66ef19c168f637da554c376f
21019	5663f6632d787b2de22b2a1a445aeb2c	38f354cdbd2a6a133e296dec6a1e0027	f8b95a2d98021579d3f6beceeabd6304
21020	5663f6632d787b2de22b2a1a445aeb2c	38f354cdbd2a6a133e296dec6a1e0027	f8b95a2d98021579d3f6beceeabd6304
21021	5663f6632d787b2de22b2a1a445aeb2c	38f354cdbd2a6a133e296dec6a1e0027	f8b95a2d98021579d3f6beceeabd6304
21022	5663f6632d787b2de22b2a1a445aeb2c	38f354cdbd2a6a133e296dec6a1e0027	f8b95a2d98021579d3f6beceeabd6304
21023	96af5d543eabb4bfc7c3e6d3b450b245	ff180cc6901961613fdc213f9002e40a	7f3ffc26984e93ef22a7e2f560af86ad
21024	96af5d543eabb4bfc7c3e6d3b450b245	ff180cc6901961613fdc213f9002e40a	7f3ffc26984e93ef22a7e2f560af86ad
21025	96af5d543eabb4bfc7c3e6d3b450b245	ff180cc6901961613fdc213f9002e40a	7f3ffc26984e93ef22a7e2f560af86ad
21026	3c3c420b35dfc46baedc748bc3426520	ee76004e281d42354f9a018113012a6b	ffba28036451311d604dc382b4f548b4
21027	3c3c420b35dfc46baedc748bc3426520	ee76004e281d42354f9a018113012a6b	ffba28036451311d604dc382b4f548b4
21028	f8828b7bbc5eee5b2349a8a645d8fe1f	ce63c1fd874bea6d85b93b7bc8939e48	c10d7ed0a0963e59106f35ffe958af23
21029	f8828b7bbc5eee5b2349a8a645d8fe1f	ce63c1fd874bea6d85b93b7bc8939e48	c10d7ed0a0963e59106f35ffe958af23
21030	655dc5aa7c11691f69aa46791ccf6bd8	4edb496eacf46299e257c7038c4f9463	cdf861466a358fb134c12531f776f534
21031	655dc5aa7c11691f69aa46791ccf6bd8	4edb496eacf46299e257c7038c4f9463	cdf861466a358fb134c12531f776f534
21032	655dc5aa7c11691f69aa46791ccf6bd8	4edb496eacf46299e257c7038c4f9463	cdf861466a358fb134c12531f776f534
21033	c8b5a37129b6ac3bfeb44fe68b46202c	cff2811efa9cc8b59c97a67db5f30717	985d7511bb8418fd1c5158189d210d98
21034	655dc5aa7c11691f69aa46791ccf6bd8	4edb496eacf46299e257c7038c4f9463	cdf861466a358fb134c12531f776f534
21035	bcab70e982e7ab9ea6a6d840e7a44d9d	e8d6d9fb14e7e44e75d7642d47ead95a	9364ace50c894faa0da398f0a37110ad
21036	bcab70e982e7ab9ea6a6d840e7a44d9d	e8d6d9fb14e7e44e75d7642d47ead95a	9364ace50c894faa0da398f0a37110ad
21037	bcab70e982e7ab9ea6a6d840e7a44d9d	e8d6d9fb14e7e44e75d7642d47ead95a	9364ace50c894faa0da398f0a37110ad
21038	bcab70e982e7ab9ea6a6d840e7a44d9d	e8d6d9fb14e7e44e75d7642d47ead95a	9364ace50c894faa0da398f0a37110ad
21039	bcab70e982e7ab9ea6a6d840e7a44d9d	e8d6d9fb14e7e44e75d7642d47ead95a	9364ace50c894faa0da398f0a37110ad
21040	bcab70e982e7ab9ea6a6d840e7a44d9d	e8d6d9fb14e7e44e75d7642d47ead95a	9364ace50c894faa0da398f0a37110ad
21041	bcab70e982e7ab9ea6a6d840e7a44d9d	e8d6d9fb14e7e44e75d7642d47ead95a	9364ace50c894faa0da398f0a37110ad
21042	bcab70e982e7ab9ea6a6d840e7a44d9d	e8d6d9fb14e7e44e75d7642d47ead95a	9364ace50c894faa0da398f0a37110ad
21043	bcab70e982e7ab9ea6a6d840e7a44d9d	e8d6d9fb14e7e44e75d7642d47ead95a	9364ace50c894faa0da398f0a37110ad
21044	bcab70e982e7ab9ea6a6d840e7a44d9d	e8d6d9fb14e7e44e75d7642d47ead95a	9364ace50c894faa0da398f0a37110ad
21045	bcab70e982e7ab9ea6a6d840e7a44d9d	e8d6d9fb14e7e44e75d7642d47ead95a	9364ace50c894faa0da398f0a37110ad
21046	bcab70e982e7ab9ea6a6d840e7a44d9d	e8d6d9fb14e7e44e75d7642d47ead95a	9364ace50c894faa0da398f0a37110ad
21047	fc3ae0d0696e7d5d034018f7206cd5d6	cf18ff8ef6d80b93646b1bc2c34cfac5	bb57458cf7073e398771e6779646fc56
21048	fc3ae0d0696e7d5d034018f7206cd5d6	cf18ff8ef6d80b93646b1bc2c34cfac5	bb57458cf7073e398771e6779646fc56
21049	fc3ae0d0696e7d5d034018f7206cd5d6	cf18ff8ef6d80b93646b1bc2c34cfac5	bb57458cf7073e398771e6779646fc56
21050	fc3ae0d0696e7d5d034018f7206cd5d6	cf18ff8ef6d80b93646b1bc2c34cfac5	bb57458cf7073e398771e6779646fc56
21051	fc3ae0d0696e7d5d034018f7206cd5d6	cf18ff8ef6d80b93646b1bc2c34cfac5	bb57458cf7073e398771e6779646fc56
21052	cee0fc94b44c268a5abaa917797be800	5f2bd1663f5507124cae61b05800fe83	3704cde3881cfbd2316c0e667e7de300
21053	cee0fc94b44c268a5abaa917797be800	5f2bd1663f5507124cae61b05800fe83	3704cde3881cfbd2316c0e667e7de300
21054	cee0fc94b44c268a5abaa917797be800	5f2bd1663f5507124cae61b05800fe83	3704cde3881cfbd2316c0e667e7de300
21055	cee0fc94b44c268a5abaa917797be800	5f2bd1663f5507124cae61b05800fe83	3704cde3881cfbd2316c0e667e7de300
21056	cee0fc94b44c268a5abaa917797be800	5f2bd1663f5507124cae61b05800fe83	3704cde3881cfbd2316c0e667e7de300
21057	cee0fc94b44c268a5abaa917797be800	5f2bd1663f5507124cae61b05800fe83	3704cde3881cfbd2316c0e667e7de300
21058	cee0fc94b44c268a5abaa917797be800	5f2bd1663f5507124cae61b05800fe83	3704cde3881cfbd2316c0e667e7de300
21059	cee0fc94b44c268a5abaa917797be800	5f2bd1663f5507124cae61b05800fe83	3704cde3881cfbd2316c0e667e7de300
21060	cee0fc94b44c268a5abaa917797be800	5f2bd1663f5507124cae61b05800fe83	3704cde3881cfbd2316c0e667e7de300
21061	cee0fc94b44c268a5abaa917797be800	5f2bd1663f5507124cae61b05800fe83	3704cde3881cfbd2316c0e667e7de300
21062	cee0fc94b44c268a5abaa917797be800	5f2bd1663f5507124cae61b05800fe83	3704cde3881cfbd2316c0e667e7de300
21063	cee0fc94b44c268a5abaa917797be800	5f2bd1663f5507124cae61b05800fe83	3704cde3881cfbd2316c0e667e7de300
21064	7fdb3c6a8f67f24e9e1061d1ee265dab	b13538a24adfc92e24b89ca4bc58305c	cea230b872cc67d62c2a25937fad063b
21065	7fdb3c6a8f67f24e9e1061d1ee265dab	b13538a24adfc92e24b89ca4bc58305c	cea230b872cc67d62c2a25937fad063b
21066	7fdb3c6a8f67f24e9e1061d1ee265dab	b13538a24adfc92e24b89ca4bc58305c	cea230b872cc67d62c2a25937fad063b
21067	7fdb3c6a8f67f24e9e1061d1ee265dab	b13538a24adfc92e24b89ca4bc58305c	cea230b872cc67d62c2a25937fad063b
21068	7fdb3c6a8f67f24e9e1061d1ee265dab	b13538a24adfc92e24b89ca4bc58305c	cea230b872cc67d62c2a25937fad063b
21069	7fdb3c6a8f67f24e9e1061d1ee265dab	b13538a24adfc92e24b89ca4bc58305c	cea230b872cc67d62c2a25937fad063b
21070	7fdb3c6a8f67f24e9e1061d1ee265dab	b13538a24adfc92e24b89ca4bc58305c	cea230b872cc67d62c2a25937fad063b
21071	383cafbec59b6d1f3c8ebf7f658297e5	c9fd1164b9fabb51e1c6ac2d151c5aca	61b5816522f4a35564bfe981e511b2b1
21072	383cafbec59b6d1f3c8ebf7f658297e5	c9fd1164b9fabb51e1c6ac2d151c5aca	61b5816522f4a35564bfe981e511b2b1
21073	383cafbec59b6d1f3c8ebf7f658297e5	c9fd1164b9fabb51e1c6ac2d151c5aca	61b5816522f4a35564bfe981e511b2b1
21074	383cafbec59b6d1f3c8ebf7f658297e5	c9fd1164b9fabb51e1c6ac2d151c5aca	61b5816522f4a35564bfe981e511b2b1
21075	383cafbec59b6d1f3c8ebf7f658297e5	c9fd1164b9fabb51e1c6ac2d151c5aca	61b5816522f4a35564bfe981e511b2b1
21076	383cafbec59b6d1f3c8ebf7f658297e5	c9fd1164b9fabb51e1c6ac2d151c5aca	61b5816522f4a35564bfe981e511b2b1
21077	383cafbec59b6d1f3c8ebf7f658297e5	c9fd1164b9fabb51e1c6ac2d151c5aca	61b5816522f4a35564bfe981e511b2b1
21078	383cafbec59b6d1f3c8ebf7f658297e5	c9fd1164b9fabb51e1c6ac2d151c5aca	61b5816522f4a35564bfe981e511b2b1
21079	383cafbec59b6d1f3c8ebf7f658297e5	c9fd1164b9fabb51e1c6ac2d151c5aca	61b5816522f4a35564bfe981e511b2b1
21080	383cafbec59b6d1f3c8ebf7f658297e5	c9fd1164b9fabb51e1c6ac2d151c5aca	61b5816522f4a35564bfe981e511b2b1
21081	35df71875ea9c5555dd078c67e75584f	fdd69878bfe3fc53c1df51cbc4991538	87f727259d63e0b76163c9ce48265a2b
21082	35df71875ea9c5555dd078c67e75584f	fdd69878bfe3fc53c1df51cbc4991538	87f727259d63e0b76163c9ce48265a2b
21083	35df71875ea9c5555dd078c67e75584f	fdd69878bfe3fc53c1df51cbc4991538	87f727259d63e0b76163c9ce48265a2b
21084	35df71875ea9c5555dd078c67e75584f	fdd69878bfe3fc53c1df51cbc4991538	87f727259d63e0b76163c9ce48265a2b
21085	35df71875ea9c5555dd078c67e75584f	fdd69878bfe3fc53c1df51cbc4991538	87f727259d63e0b76163c9ce48265a2b
21086	35df71875ea9c5555dd078c67e75584f	fdd69878bfe3fc53c1df51cbc4991538	87f727259d63e0b76163c9ce48265a2b
21087	35df71875ea9c5555dd078c67e75584f	fdd69878bfe3fc53c1df51cbc4991538	87f727259d63e0b76163c9ce48265a2b
21088	e9f397f78b75830b9894965ac0208ead	042748f28259e85d37d0508894dedfc2	595d436ce7feb66996c7569fed3d0169
21089	e9f397f78b75830b9894965ac0208ead	042748f28259e85d37d0508894dedfc2	595d436ce7feb66996c7569fed3d0169
21090	e9f397f78b75830b9894965ac0208ead	042748f28259e85d37d0508894dedfc2	595d436ce7feb66996c7569fed3d0169
21091	e9f397f78b75830b9894965ac0208ead	042748f28259e85d37d0508894dedfc2	595d436ce7feb66996c7569fed3d0169
21092	e9f397f78b75830b9894965ac0208ead	042748f28259e85d37d0508894dedfc2	595d436ce7feb66996c7569fed3d0169
21093	971a8aac22ea6a7937379b59fa5446ee	21fb3528dd846d2f1d9ef760515fd22d	d9fb1f8fa0e2a8dbcb73a90019666892
21094	971a8aac22ea6a7937379b59fa5446ee	21fb3528dd846d2f1d9ef760515fd22d	d9fb1f8fa0e2a8dbcb73a90019666892
21095	971a8aac22ea6a7937379b59fa5446ee	21fb3528dd846d2f1d9ef760515fd22d	d9fb1f8fa0e2a8dbcb73a90019666892
21096	971a8aac22ea6a7937379b59fa5446ee	21fb3528dd846d2f1d9ef760515fd22d	d9fb1f8fa0e2a8dbcb73a90019666892
21097	971a8aac22ea6a7937379b59fa5446ee	21fb3528dd846d2f1d9ef760515fd22d	d9fb1f8fa0e2a8dbcb73a90019666892
21098	971a8aac22ea6a7937379b59fa5446ee	21fb3528dd846d2f1d9ef760515fd22d	d9fb1f8fa0e2a8dbcb73a90019666892
21099	971a8aac22ea6a7937379b59fa5446ee	21fb3528dd846d2f1d9ef760515fd22d	d9fb1f8fa0e2a8dbcb73a90019666892
21100	971a8aac22ea6a7937379b59fa5446ee	21fb3528dd846d2f1d9ef760515fd22d	d9fb1f8fa0e2a8dbcb73a90019666892
21101	971a8aac22ea6a7937379b59fa5446ee	21fb3528dd846d2f1d9ef760515fd22d	d9fb1f8fa0e2a8dbcb73a90019666892
21102	971a8aac22ea6a7937379b59fa5446ee	21fb3528dd846d2f1d9ef760515fd22d	d9fb1f8fa0e2a8dbcb73a90019666892
21103	971a8aac22ea6a7937379b59fa5446ee	21fb3528dd846d2f1d9ef760515fd22d	d9fb1f8fa0e2a8dbcb73a90019666892
21104	971a8aac22ea6a7937379b59fa5446ee	21fb3528dd846d2f1d9ef760515fd22d	d9fb1f8fa0e2a8dbcb73a90019666892
21105	971a8aac22ea6a7937379b59fa5446ee	21fb3528dd846d2f1d9ef760515fd22d	d9fb1f8fa0e2a8dbcb73a90019666892
21106	971a8aac22ea6a7937379b59fa5446ee	21fb3528dd846d2f1d9ef760515fd22d	d9fb1f8fa0e2a8dbcb73a90019666892
21107	971a8aac22ea6a7937379b59fa5446ee	21fb3528dd846d2f1d9ef760515fd22d	d9fb1f8fa0e2a8dbcb73a90019666892
21108	971a8aac22ea6a7937379b59fa5446ee	21fb3528dd846d2f1d9ef760515fd22d	d9fb1f8fa0e2a8dbcb73a90019666892
21109	971a8aac22ea6a7937379b59fa5446ee	21fb3528dd846d2f1d9ef760515fd22d	d9fb1f8fa0e2a8dbcb73a90019666892
21110	a707d2704a8a9facfbd4c48811a7d950	8a5e95595cb12d88c87f42030a50d893	bf804b1dc2fb4ce2f09fc915dcd98b4c
21111	a707d2704a8a9facfbd4c48811a7d950	8a5e95595cb12d88c87f42030a50d893	bf804b1dc2fb4ce2f09fc915dcd98b4c
21112	a707d2704a8a9facfbd4c48811a7d950	8a5e95595cb12d88c87f42030a50d893	bf804b1dc2fb4ce2f09fc915dcd98b4c
21113	a707d2704a8a9facfbd4c48811a7d950	8a5e95595cb12d88c87f42030a50d893	bf804b1dc2fb4ce2f09fc915dcd98b4c
21114	a707d2704a8a9facfbd4c48811a7d950	8a5e95595cb12d88c87f42030a50d893	bf804b1dc2fb4ce2f09fc915dcd98b4c
21115	a707d2704a8a9facfbd4c48811a7d950	8a5e95595cb12d88c87f42030a50d893	bf804b1dc2fb4ce2f09fc915dcd98b4c
21116	a707d2704a8a9facfbd4c48811a7d950	8a5e95595cb12d88c87f42030a50d893	bf804b1dc2fb4ce2f09fc915dcd98b4c
21117	5b811f52b8269a5dd579c4aebe73bd28	0b0a367a2ae0d9838bbd52d760a0f213	c1b2f4a3ae34962708138c5396b07da4
21118	5b811f52b8269a5dd579c4aebe73bd28	0b0a367a2ae0d9838bbd52d760a0f213	c1b2f4a3ae34962708138c5396b07da4
21119	5b811f52b8269a5dd579c4aebe73bd28	0b0a367a2ae0d9838bbd52d760a0f213	c1b2f4a3ae34962708138c5396b07da4
21120	5b811f52b8269a5dd579c4aebe73bd28	0b0a367a2ae0d9838bbd52d760a0f213	c1b2f4a3ae34962708138c5396b07da4
21121	5b811f52b8269a5dd579c4aebe73bd28	0b0a367a2ae0d9838bbd52d760a0f213	c1b2f4a3ae34962708138c5396b07da4
21122	80851401db5d104761fff010c3582252	bae444f657d56b61ae4097aee34a3ef1	36ea9e61aa3733636cfef743cbd596e2
21123	80851401db5d104761fff010c3582252	bae444f657d56b61ae4097aee34a3ef1	36ea9e61aa3733636cfef743cbd596e2
21124	80851401db5d104761fff010c3582252	bae444f657d56b61ae4097aee34a3ef1	36ea9e61aa3733636cfef743cbd596e2
21125	80851401db5d104761fff010c3582252	bae444f657d56b61ae4097aee34a3ef1	36ea9e61aa3733636cfef743cbd596e2
21126	80851401db5d104761fff010c3582252	bae444f657d56b61ae4097aee34a3ef1	36ea9e61aa3733636cfef743cbd596e2
21127	80851401db5d104761fff010c3582252	bae444f657d56b61ae4097aee34a3ef1	36ea9e61aa3733636cfef743cbd596e2
21128	80851401db5d104761fff010c3582252	bae444f657d56b61ae4097aee34a3ef1	36ea9e61aa3733636cfef743cbd596e2
21129	d6a5e10f695babbc320a6cfe6ae04a9d	0565296887e2b8701fd0f955da17442a	9a7ddc46067e60584dce0ae95a80af5d
21130	d6a5e10f695babbc320a6cfe6ae04a9d	0565296887e2b8701fd0f955da17442a	9a7ddc46067e60584dce0ae95a80af5d
21131	d6a5e10f695babbc320a6cfe6ae04a9d	0565296887e2b8701fd0f955da17442a	9a7ddc46067e60584dce0ae95a80af5d
21132	d6a5e10f695babbc320a6cfe6ae04a9d	0565296887e2b8701fd0f955da17442a	9a7ddc46067e60584dce0ae95a80af5d
21133	d6a5e10f695babbc320a6cfe6ae04a9d	0565296887e2b8701fd0f955da17442a	9a7ddc46067e60584dce0ae95a80af5d
21134	6a7c0f907e9a16fa30f99df172206b45	53a5f00d93facc4a190eafed8de3b452	24e522b8e243ded6ddaf24ac855f4105
21135	6a7c0f907e9a16fa30f99df172206b45	53a5f00d93facc4a190eafed8de3b452	24e522b8e243ded6ddaf24ac855f4105
21136	6a7c0f907e9a16fa30f99df172206b45	53a5f00d93facc4a190eafed8de3b452	24e522b8e243ded6ddaf24ac855f4105
21137	6a7c0f907e9a16fa30f99df172206b45	53a5f00d93facc4a190eafed8de3b452	24e522b8e243ded6ddaf24ac855f4105
21138	6a7c0f907e9a16fa30f99df172206b45	53a5f00d93facc4a190eafed8de3b452	24e522b8e243ded6ddaf24ac855f4105
21139	6a7c0f907e9a16fa30f99df172206b45	53a5f00d93facc4a190eafed8de3b452	24e522b8e243ded6ddaf24ac855f4105
21140	6a7c0f907e9a16fa30f99df172206b45	53a5f00d93facc4a190eafed8de3b452	24e522b8e243ded6ddaf24ac855f4105
21141	cb35c90e4ca307f35a0eba5135958406	2f2e86a5d3793addbe9b2f5b5e7833a5	74b58b3a7acbdc6b91a4612c15ac743e
21142	cb35c90e4ca307f35a0eba5135958406	2f2e86a5d3793addbe9b2f5b5e7833a5	74b58b3a7acbdc6b91a4612c15ac743e
21143	cb35c90e4ca307f35a0eba5135958406	2f2e86a5d3793addbe9b2f5b5e7833a5	74b58b3a7acbdc6b91a4612c15ac743e
21144	cb35c90e4ca307f35a0eba5135958406	2f2e86a5d3793addbe9b2f5b5e7833a5	74b58b3a7acbdc6b91a4612c15ac743e
21145	cb35c90e4ca307f35a0eba5135958406	2f2e86a5d3793addbe9b2f5b5e7833a5	74b58b3a7acbdc6b91a4612c15ac743e
21146	c34fe31c7988a8cbfdebdfab82a9d617	e03d2294d3b8f39d6f2f9618caf36150	548bc4c1ff120713f6f65b5b4def2fc7
21147	c34fe31c7988a8cbfdebdfab82a9d617	e03d2294d3b8f39d6f2f9618caf36150	548bc4c1ff120713f6f65b5b4def2fc7
21148	c34fe31c7988a8cbfdebdfab82a9d617	e03d2294d3b8f39d6f2f9618caf36150	548bc4c1ff120713f6f65b5b4def2fc7
21149	c34fe31c7988a8cbfdebdfab82a9d617	e03d2294d3b8f39d6f2f9618caf36150	548bc4c1ff120713f6f65b5b4def2fc7
21150	c34fe31c7988a8cbfdebdfab82a9d617	e03d2294d3b8f39d6f2f9618caf36150	548bc4c1ff120713f6f65b5b4def2fc7
21151	63f329b78d15fa4818f1901c424c3928	4bd16471d9074244d70976b68b839d6b	34759df7b24804f0bbdd43d4d123a778
21152	63f329b78d15fa4818f1901c424c3928	4bd16471d9074244d70976b68b839d6b	34759df7b24804f0bbdd43d4d123a778
21153	63f329b78d15fa4818f1901c424c3928	4bd16471d9074244d70976b68b839d6b	34759df7b24804f0bbdd43d4d123a778
21154	8f97ecfd28d62e457ccc791a45205484	e13e9f247d49c2fb35f0f58b5b3b1f4f	f7e9733a755d86f3319465890aa0f620
21155	8f97ecfd28d62e457ccc791a45205484	e13e9f247d49c2fb35f0f58b5b3b1f4f	f7e9733a755d86f3319465890aa0f620
21156	6ce11cf69ddd1ba4003d007b828243d6	9d448142bef481a053b1755bbc3b702d	43d2d134c1a7fcee988c78e6a7ba7cca
21157	6ce11cf69ddd1ba4003d007b828243d6	9d448142bef481a053b1755bbc3b702d	43d2d134c1a7fcee988c78e6a7ba7cca
21158	53286938e329df89381ed56fcc45148d	3318b06d977aa7071b28ea1b1a3824c2	95c60fc540892c6f144ce6c7894e75d1
21159	53286938e329df89381ed56fcc45148d	3318b06d977aa7071b28ea1b1a3824c2	95c60fc540892c6f144ce6c7894e75d1
21160	53286938e329df89381ed56fcc45148d	3318b06d977aa7071b28ea1b1a3824c2	95c60fc540892c6f144ce6c7894e75d1
21161	53286938e329df89381ed56fcc45148d	3318b06d977aa7071b28ea1b1a3824c2	95c60fc540892c6f144ce6c7894e75d1
21162	53286938e329df89381ed56fcc45148d	3318b06d977aa7071b28ea1b1a3824c2	95c60fc540892c6f144ce6c7894e75d1
21163	a6ba81498482a89fd44f7d8d100b52c0	8f26e63c3e8bcb397e5c141400c2940b	9114e43450492533669bdc70fe7db480
21164	a6ba81498482a89fd44f7d8d100b52c0	8f26e63c3e8bcb397e5c141400c2940b	9114e43450492533669bdc70fe7db480
21165	a6ba81498482a89fd44f7d8d100b52c0	8f26e63c3e8bcb397e5c141400c2940b	9114e43450492533669bdc70fe7db480
21166	a6ba81498482a89fd44f7d8d100b52c0	8f26e63c3e8bcb397e5c141400c2940b	9114e43450492533669bdc70fe7db480
21167	a6ba81498482a89fd44f7d8d100b52c0	8f26e63c3e8bcb397e5c141400c2940b	9114e43450492533669bdc70fe7db480
21168	a6ba81498482a89fd44f7d8d100b52c0	8f26e63c3e8bcb397e5c141400c2940b	9114e43450492533669bdc70fe7db480
21169	a6ba81498482a89fd44f7d8d100b52c0	8f26e63c3e8bcb397e5c141400c2940b	9114e43450492533669bdc70fe7db480
21170	10bfd7fe33f3eb44a3cc9c0674d377da	07095f2427ee9790a0e4e75fd3e4ed31	2d82aa44a3e3800081b1914ce904a03a
21171	10bfd7fe33f3eb44a3cc9c0674d377da	07095f2427ee9790a0e4e75fd3e4ed31	2d82aa44a3e3800081b1914ce904a03a
21172	10bfd7fe33f3eb44a3cc9c0674d377da	07095f2427ee9790a0e4e75fd3e4ed31	2d82aa44a3e3800081b1914ce904a03a
21173	10bfd7fe33f3eb44a3cc9c0674d377da	07095f2427ee9790a0e4e75fd3e4ed31	2d82aa44a3e3800081b1914ce904a03a
21174	10bfd7fe33f3eb44a3cc9c0674d377da	07095f2427ee9790a0e4e75fd3e4ed31	2d82aa44a3e3800081b1914ce904a03a
21175	10bfd7fe33f3eb44a3cc9c0674d377da	07095f2427ee9790a0e4e75fd3e4ed31	2d82aa44a3e3800081b1914ce904a03a
21176	10bfd7fe33f3eb44a3cc9c0674d377da	07095f2427ee9790a0e4e75fd3e4ed31	2d82aa44a3e3800081b1914ce904a03a
21177	10bfd7fe33f3eb44a3cc9c0674d377da	07095f2427ee9790a0e4e75fd3e4ed31	2d82aa44a3e3800081b1914ce904a03a
21178	10bfd7fe33f3eb44a3cc9c0674d377da	07095f2427ee9790a0e4e75fd3e4ed31	2d82aa44a3e3800081b1914ce904a03a
21179	10bfd7fe33f3eb44a3cc9c0674d377da	07095f2427ee9790a0e4e75fd3e4ed31	2d82aa44a3e3800081b1914ce904a03a
21180	9e0b5132e6a3ee8c4e6cb77c4848d8c0	15cd1daae356def80697e3e86a5410e3	53c878745b3ff846213be5f8c00d71bc
21181	9e0b5132e6a3ee8c4e6cb77c4848d8c0	15cd1daae356def80697e3e86a5410e3	53c878745b3ff846213be5f8c00d71bc
21182	9e0b5132e6a3ee8c4e6cb77c4848d8c0	15cd1daae356def80697e3e86a5410e3	53c878745b3ff846213be5f8c00d71bc
21183	9e0b5132e6a3ee8c4e6cb77c4848d8c0	15cd1daae356def80697e3e86a5410e3	53c878745b3ff846213be5f8c00d71bc
21184	9e0b5132e6a3ee8c4e6cb77c4848d8c0	15cd1daae356def80697e3e86a5410e3	53c878745b3ff846213be5f8c00d71bc
21185	9e0b5132e6a3ee8c4e6cb77c4848d8c0	15cd1daae356def80697e3e86a5410e3	53c878745b3ff846213be5f8c00d71bc
21186	9e0b5132e6a3ee8c4e6cb77c4848d8c0	15cd1daae356def80697e3e86a5410e3	53c878745b3ff846213be5f8c00d71bc
21187	3381866ea1115e114fb33c01fedbbbb5	bae94ddc0b9f94af942db39360b8a11a	28d54d68a59113cd9882a7e72d13062d
21188	3381866ea1115e114fb33c01fedbbbb5	bae94ddc0b9f94af942db39360b8a11a	28d54d68a59113cd9882a7e72d13062d
21189	3381866ea1115e114fb33c01fedbbbb5	bae94ddc0b9f94af942db39360b8a11a	28d54d68a59113cd9882a7e72d13062d
21190	6cbf787a6e53d1c10faba8cc7141de85	888726cd9644556f5cc27a3143abcd3a	09514df7f00eaeaf3c2aaf83d48d2bd1
21191	6cbf787a6e53d1c10faba8cc7141de85	888726cd9644556f5cc27a3143abcd3a	09514df7f00eaeaf3c2aaf83d48d2bd1
21192	5de69ff9e2989a7921470924c6acb3c2	042bbdb1b5da58bf674416c327c82901	0e5d2a78f2e8e591ed8035e2b1536daa
21193	5de69ff9e2989a7921470924c6acb3c2	042bbdb1b5da58bf674416c327c82901	0e5d2a78f2e8e591ed8035e2b1536daa
21194	5de69ff9e2989a7921470924c6acb3c2	042bbdb1b5da58bf674416c327c82901	0e5d2a78f2e8e591ed8035e2b1536daa
21195	5de69ff9e2989a7921470924c6acb3c2	042bbdb1b5da58bf674416c327c82901	0e5d2a78f2e8e591ed8035e2b1536daa
21196	5de69ff9e2989a7921470924c6acb3c2	042bbdb1b5da58bf674416c327c82901	0e5d2a78f2e8e591ed8035e2b1536daa
21197	5de69ff9e2989a7921470924c6acb3c2	042bbdb1b5da58bf674416c327c82901	0e5d2a78f2e8e591ed8035e2b1536daa
21198	5de69ff9e2989a7921470924c6acb3c2	042bbdb1b5da58bf674416c327c82901	0e5d2a78f2e8e591ed8035e2b1536daa
21199	b9f471bb5f09d81ff33c38837e4ec6b8	fa850b0c00f4ac09a4de079213d58f93	30570589d905a259ab48736e398b0324
21200	b9f471bb5f09d81ff33c38837e4ec6b8	fa850b0c00f4ac09a4de079213d58f93	30570589d905a259ab48736e398b0324
21201	b9f471bb5f09d81ff33c38837e4ec6b8	fa850b0c00f4ac09a4de079213d58f93	30570589d905a259ab48736e398b0324
21202	b9f471bb5f09d81ff33c38837e4ec6b8	fa850b0c00f4ac09a4de079213d58f93	30570589d905a259ab48736e398b0324
21203	b9f471bb5f09d81ff33c38837e4ec6b8	fa850b0c00f4ac09a4de079213d58f93	30570589d905a259ab48736e398b0324
21204	4a48e9d2250042d611c7135bb966dd48	57a90e7d30c4f88eb9c8b7dbebf12b1b	7deee6c667520474cf7b2f5d758d9a24
21205	4a48e9d2250042d611c7135bb966dd48	57a90e7d30c4f88eb9c8b7dbebf12b1b	7deee6c667520474cf7b2f5d758d9a24
21206	4a48e9d2250042d611c7135bb966dd48	57a90e7d30c4f88eb9c8b7dbebf12b1b	7deee6c667520474cf7b2f5d758d9a24
21207	4a48e9d2250042d611c7135bb966dd48	57a90e7d30c4f88eb9c8b7dbebf12b1b	7deee6c667520474cf7b2f5d758d9a24
21208	4a48e9d2250042d611c7135bb966dd48	57a90e7d30c4f88eb9c8b7dbebf12b1b	7deee6c667520474cf7b2f5d758d9a24
21209	4a48e9d2250042d611c7135bb966dd48	57a90e7d30c4f88eb9c8b7dbebf12b1b	7deee6c667520474cf7b2f5d758d9a24
21210	4a48e9d2250042d611c7135bb966dd48	57a90e7d30c4f88eb9c8b7dbebf12b1b	7deee6c667520474cf7b2f5d758d9a24
21211	4a48e9d2250042d611c7135bb966dd48	57a90e7d30c4f88eb9c8b7dbebf12b1b	7deee6c667520474cf7b2f5d758d9a24
21212	4a48e9d2250042d611c7135bb966dd48	57a90e7d30c4f88eb9c8b7dbebf12b1b	7deee6c667520474cf7b2f5d758d9a24
21213	4a48e9d2250042d611c7135bb966dd48	57a90e7d30c4f88eb9c8b7dbebf12b1b	7deee6c667520474cf7b2f5d758d9a24
21214	4a48e9d2250042d611c7135bb966dd48	57a90e7d30c4f88eb9c8b7dbebf12b1b	7deee6c667520474cf7b2f5d758d9a24
21215	4a48e9d2250042d611c7135bb966dd48	57a90e7d30c4f88eb9c8b7dbebf12b1b	7deee6c667520474cf7b2f5d758d9a24
21216	4a48e9d2250042d611c7135bb966dd48	57a90e7d30c4f88eb9c8b7dbebf12b1b	7deee6c667520474cf7b2f5d758d9a24
21217	4a48e9d2250042d611c7135bb966dd48	57a90e7d30c4f88eb9c8b7dbebf12b1b	7deee6c667520474cf7b2f5d758d9a24
21218	4a48e9d2250042d611c7135bb966dd48	57a90e7d30c4f88eb9c8b7dbebf12b1b	7deee6c667520474cf7b2f5d758d9a24
21219	4a48e9d2250042d611c7135bb966dd48	57a90e7d30c4f88eb9c8b7dbebf12b1b	7deee6c667520474cf7b2f5d758d9a24
21220	4a48e9d2250042d611c7135bb966dd48	57a90e7d30c4f88eb9c8b7dbebf12b1b	7deee6c667520474cf7b2f5d758d9a24
21221	8b1a650e8734445c3e6a18203246e3d8	dba4c147f88210c8c41e99ee0acd8feb	3d5e4ed231130aaa41209b859a92c8cc
21222	8b1a650e8734445c3e6a18203246e3d8	dba4c147f88210c8c41e99ee0acd8feb	3d5e4ed231130aaa41209b859a92c8cc
21223	8b1a650e8734445c3e6a18203246e3d8	dba4c147f88210c8c41e99ee0acd8feb	3d5e4ed231130aaa41209b859a92c8cc
21224	8b1a650e8734445c3e6a18203246e3d8	dba4c147f88210c8c41e99ee0acd8feb	3d5e4ed231130aaa41209b859a92c8cc
21225	8b1a650e8734445c3e6a18203246e3d8	dba4c147f88210c8c41e99ee0acd8feb	3d5e4ed231130aaa41209b859a92c8cc
21226	8b1a650e8734445c3e6a18203246e3d8	dba4c147f88210c8c41e99ee0acd8feb	3d5e4ed231130aaa41209b859a92c8cc
21227	8b1a650e8734445c3e6a18203246e3d8	dba4c147f88210c8c41e99ee0acd8feb	3d5e4ed231130aaa41209b859a92c8cc
21228	150b7bd7bf94ca94d57e4818f52864b6	df284114d0966580182fd1be37aab35d	60934ff2130d5f40efe13af64a9577be
21229	150b7bd7bf94ca94d57e4818f52864b6	df284114d0966580182fd1be37aab35d	60934ff2130d5f40efe13af64a9577be
21230	150b7bd7bf94ca94d57e4818f52864b6	df284114d0966580182fd1be37aab35d	60934ff2130d5f40efe13af64a9577be
21231	150b7bd7bf94ca94d57e4818f52864b6	df284114d0966580182fd1be37aab35d	60934ff2130d5f40efe13af64a9577be
21232	150b7bd7bf94ca94d57e4818f52864b6	df284114d0966580182fd1be37aab35d	60934ff2130d5f40efe13af64a9577be
21233	b424ba5c58828dc08c67e08022bbfd3e	306dd5173973cb6cf94bbf54849ac545	e79018a1c56554e060e482ef4c25f16e
21234	b424ba5c58828dc08c67e08022bbfd3e	306dd5173973cb6cf94bbf54849ac545	e79018a1c56554e060e482ef4c25f16e
21235	b424ba5c58828dc08c67e08022bbfd3e	306dd5173973cb6cf94bbf54849ac545	e79018a1c56554e060e482ef4c25f16e
21236	b424ba5c58828dc08c67e08022bbfd3e	306dd5173973cb6cf94bbf54849ac545	e79018a1c56554e060e482ef4c25f16e
21237	b424ba5c58828dc08c67e08022bbfd3e	306dd5173973cb6cf94bbf54849ac545	e79018a1c56554e060e482ef4c25f16e
21238	b424ba5c58828dc08c67e08022bbfd3e	306dd5173973cb6cf94bbf54849ac545	e79018a1c56554e060e482ef4c25f16e
21239	b424ba5c58828dc08c67e08022bbfd3e	306dd5173973cb6cf94bbf54849ac545	e79018a1c56554e060e482ef4c25f16e
21240	c6160a3530cb54b7b45d07c8ba5d78bf	59df1a2f9e385a191fd45b03c05e22d8	ad2def0e77f743216bdb2921c77dcf3b
21241	c6160a3530cb54b7b45d07c8ba5d78bf	59df1a2f9e385a191fd45b03c05e22d8	ad2def0e77f743216bdb2921c77dcf3b
21242	c6160a3530cb54b7b45d07c8ba5d78bf	59df1a2f9e385a191fd45b03c05e22d8	ad2def0e77f743216bdb2921c77dcf3b
21243	c6160a3530cb54b7b45d07c8ba5d78bf	59df1a2f9e385a191fd45b03c05e22d8	ad2def0e77f743216bdb2921c77dcf3b
21244	c6160a3530cb54b7b45d07c8ba5d78bf	59df1a2f9e385a191fd45b03c05e22d8	ad2def0e77f743216bdb2921c77dcf3b
21245	e9f29f497c64fb97353b0ffe9b3fdaf2	90ea125ecd69ebb125e57c7ef1ec0ef1	0a2dbbcd2cad5fb3e95767766586d742
21246	e9f29f497c64fb97353b0ffe9b3fdaf2	90ea125ecd69ebb125e57c7ef1ec0ef1	0a2dbbcd2cad5fb3e95767766586d742
21247	e9f29f497c64fb97353b0ffe9b3fdaf2	90ea125ecd69ebb125e57c7ef1ec0ef1	0a2dbbcd2cad5fb3e95767766586d742
21248	e9f29f497c64fb97353b0ffe9b3fdaf2	90ea125ecd69ebb125e57c7ef1ec0ef1	0a2dbbcd2cad5fb3e95767766586d742
21249	e9f29f497c64fb97353b0ffe9b3fdaf2	90ea125ecd69ebb125e57c7ef1ec0ef1	0a2dbbcd2cad5fb3e95767766586d742
21250	7186d0d2d41ecffd1389cc03d956ea54	a5805a634b1e98a30db6f5d5f778336f	53978455e166fb395cc02c2df533f54c
21251	7186d0d2d41ecffd1389cc03d956ea54	a5805a634b1e98a30db6f5d5f778336f	53978455e166fb395cc02c2df533f54c
21252	7186d0d2d41ecffd1389cc03d956ea54	a5805a634b1e98a30db6f5d5f778336f	53978455e166fb395cc02c2df533f54c
21253	7186d0d2d41ecffd1389cc03d956ea54	a5805a634b1e98a30db6f5d5f778336f	53978455e166fb395cc02c2df533f54c
21254	7186d0d2d41ecffd1389cc03d956ea54	a5805a634b1e98a30db6f5d5f778336f	53978455e166fb395cc02c2df533f54c
21255	7186d0d2d41ecffd1389cc03d956ea54	a5805a634b1e98a30db6f5d5f778336f	53978455e166fb395cc02c2df533f54c
21256	7186d0d2d41ecffd1389cc03d956ea54	a5805a634b1e98a30db6f5d5f778336f	53978455e166fb395cc02c2df533f54c
21257	6f92d299a65ad8c342bca628bfb07666	d19f2dff02586aed2e1a74e60cefd045	6a7d34cff89f854d921a152b32675ce2
21258	6f92d299a65ad8c342bca628bfb07666	d19f2dff02586aed2e1a74e60cefd045	6a7d34cff89f854d921a152b32675ce2
21259	6f92d299a65ad8c342bca628bfb07666	d19f2dff02586aed2e1a74e60cefd045	6a7d34cff89f854d921a152b32675ce2
21260	6f92d299a65ad8c342bca628bfb07666	d19f2dff02586aed2e1a74e60cefd045	6a7d34cff89f854d921a152b32675ce2
21261	6f92d299a65ad8c342bca628bfb07666	d19f2dff02586aed2e1a74e60cefd045	6a7d34cff89f854d921a152b32675ce2
21262	21448ce761b7e74f49d70f7eea2ca909	f0f26ea9be791c6168d660eac1acdd5e	830fad14e568bce7c14dafd8de3ea699
21263	21448ce761b7e74f49d70f7eea2ca909	f0f26ea9be791c6168d660eac1acdd5e	830fad14e568bce7c14dafd8de3ea699
21264	21448ce761b7e74f49d70f7eea2ca909	f0f26ea9be791c6168d660eac1acdd5e	830fad14e568bce7c14dafd8de3ea699
21265	21448ce761b7e74f49d70f7eea2ca909	f0f26ea9be791c6168d660eac1acdd5e	830fad14e568bce7c14dafd8de3ea699
21266	21448ce761b7e74f49d70f7eea2ca909	f0f26ea9be791c6168d660eac1acdd5e	830fad14e568bce7c14dafd8de3ea699
21267	21448ce761b7e74f49d70f7eea2ca909	f0f26ea9be791c6168d660eac1acdd5e	830fad14e568bce7c14dafd8de3ea699
21268	21448ce761b7e74f49d70f7eea2ca909	f0f26ea9be791c6168d660eac1acdd5e	830fad14e568bce7c14dafd8de3ea699
21269	369dbdb72baee2d259c35984f4922ff4	19c9cc43b42aff1a0bdb53416e869237	3e4adf241c7cf58465b0107a258e73a8
21270	369dbdb72baee2d259c35984f4922ff4	19c9cc43b42aff1a0bdb53416e869237	3e4adf241c7cf58465b0107a258e73a8
21271	369dbdb72baee2d259c35984f4922ff4	19c9cc43b42aff1a0bdb53416e869237	3e4adf241c7cf58465b0107a258e73a8
21272	369dbdb72baee2d259c35984f4922ff4	19c9cc43b42aff1a0bdb53416e869237	3e4adf241c7cf58465b0107a258e73a8
21273	369dbdb72baee2d259c35984f4922ff4	19c9cc43b42aff1a0bdb53416e869237	3e4adf241c7cf58465b0107a258e73a8
21274	a82151780a697e70ff68ee525afbff5b	b58d811101d9183400c4dfb001a3f2fc	d4d9a3d66b7154de5216b3e70a65c5df
21275	a82151780a697e70ff68ee525afbff5b	b58d811101d9183400c4dfb001a3f2fc	d4d9a3d66b7154de5216b3e70a65c5df
21276	a82151780a697e70ff68ee525afbff5b	b58d811101d9183400c4dfb001a3f2fc	d4d9a3d66b7154de5216b3e70a65c5df
21277	a82151780a697e70ff68ee525afbff5b	b58d811101d9183400c4dfb001a3f2fc	d4d9a3d66b7154de5216b3e70a65c5df
21278	a82151780a697e70ff68ee525afbff5b	b58d811101d9183400c4dfb001a3f2fc	d4d9a3d66b7154de5216b3e70a65c5df
21279	a82151780a697e70ff68ee525afbff5b	b58d811101d9183400c4dfb001a3f2fc	d4d9a3d66b7154de5216b3e70a65c5df
21280	a82151780a697e70ff68ee525afbff5b	b58d811101d9183400c4dfb001a3f2fc	d4d9a3d66b7154de5216b3e70a65c5df
21281	004aea6d86807de9f02e9c307a358165	0442ba2b9d102707683a9fa2e2ffd79a	006f8fa58e76a8dfc9b442d3db9b2fc9
21282	004aea6d86807de9f02e9c307a358165	0442ba2b9d102707683a9fa2e2ffd79a	006f8fa58e76a8dfc9b442d3db9b2fc9
21283	004aea6d86807de9f02e9c307a358165	0442ba2b9d102707683a9fa2e2ffd79a	006f8fa58e76a8dfc9b442d3db9b2fc9
21284	004aea6d86807de9f02e9c307a358165	0442ba2b9d102707683a9fa2e2ffd79a	006f8fa58e76a8dfc9b442d3db9b2fc9
21285	004aea6d86807de9f02e9c307a358165	0442ba2b9d102707683a9fa2e2ffd79a	006f8fa58e76a8dfc9b442d3db9b2fc9
21286	16a10d4cdc1cddc1bb3e075e969081f7	c3096c6b6fad20efdd03b6baeccca390	b22b58ab2394a6c78e41a84a156ed21b
21287	16a10d4cdc1cddc1bb3e075e969081f7	c3096c6b6fad20efdd03b6baeccca390	b22b58ab2394a6c78e41a84a156ed21b
21288	16a10d4cdc1cddc1bb3e075e969081f7	c3096c6b6fad20efdd03b6baeccca390	b22b58ab2394a6c78e41a84a156ed21b
21289	16a10d4cdc1cddc1bb3e075e969081f7	c3096c6b6fad20efdd03b6baeccca390	b22b58ab2394a6c78e41a84a156ed21b
21290	16a10d4cdc1cddc1bb3e075e969081f7	c3096c6b6fad20efdd03b6baeccca390	b22b58ab2394a6c78e41a84a156ed21b
21291	1bd65db19e2f3ab07015096a32d84bcd	e87570a3392958c4ac065ac340cd1d8a	790eae48eae75a5c99743067beeee615
21292	1bd65db19e2f3ab07015096a32d84bcd	e87570a3392958c4ac065ac340cd1d8a	790eae48eae75a5c99743067beeee615
21293	1bd65db19e2f3ab07015096a32d84bcd	e87570a3392958c4ac065ac340cd1d8a	790eae48eae75a5c99743067beeee615
21294	1bd65db19e2f3ab07015096a32d84bcd	e87570a3392958c4ac065ac340cd1d8a	790eae48eae75a5c99743067beeee615
21295	1bd65db19e2f3ab07015096a32d84bcd	e87570a3392958c4ac065ac340cd1d8a	790eae48eae75a5c99743067beeee615
21296	1bd65db19e2f3ab07015096a32d84bcd	e87570a3392958c4ac065ac340cd1d8a	790eae48eae75a5c99743067beeee615
21297	1bd65db19e2f3ab07015096a32d84bcd	e87570a3392958c4ac065ac340cd1d8a	790eae48eae75a5c99743067beeee615
21298	1bd65db19e2f3ab07015096a32d84bcd	e87570a3392958c4ac065ac340cd1d8a	790eae48eae75a5c99743067beeee615
21299	1bd65db19e2f3ab07015096a32d84bcd	e87570a3392958c4ac065ac340cd1d8a	790eae48eae75a5c99743067beeee615
21300	1bd65db19e2f3ab07015096a32d84bcd	e87570a3392958c4ac065ac340cd1d8a	790eae48eae75a5c99743067beeee615
21301	1bd65db19e2f3ab07015096a32d84bcd	e87570a3392958c4ac065ac340cd1d8a	790eae48eae75a5c99743067beeee615
21302	1bd65db19e2f3ab07015096a32d84bcd	e87570a3392958c4ac065ac340cd1d8a	790eae48eae75a5c99743067beeee615
21303	458f80e7cdd8091b6b9c4fe57469bb02	4e090e9df23ec0258bd1dd52217506f1	9962129b1bbd69915599d2027c93635e
21304	458f80e7cdd8091b6b9c4fe57469bb02	4e090e9df23ec0258bd1dd52217506f1	9962129b1bbd69915599d2027c93635e
21305	458f80e7cdd8091b6b9c4fe57469bb02	4e090e9df23ec0258bd1dd52217506f1	9962129b1bbd69915599d2027c93635e
21306	458f80e7cdd8091b6b9c4fe57469bb02	4e090e9df23ec0258bd1dd52217506f1	9962129b1bbd69915599d2027c93635e
21307	458f80e7cdd8091b6b9c4fe57469bb02	4e090e9df23ec0258bd1dd52217506f1	9962129b1bbd69915599d2027c93635e
21308	458f80e7cdd8091b6b9c4fe57469bb02	4e090e9df23ec0258bd1dd52217506f1	9962129b1bbd69915599d2027c93635e
21309	458f80e7cdd8091b6b9c4fe57469bb02	4e090e9df23ec0258bd1dd52217506f1	9962129b1bbd69915599d2027c93635e
21310	ba6151dbbd69ada0732e7ae9f8a738db	b51b6c2046cf7a548a2bcc7baa3db97c	b6c70d82e28c8d2cd5f3e168b1695013
21311	ba6151dbbd69ada0732e7ae9f8a738db	b51b6c2046cf7a548a2bcc7baa3db97c	b6c70d82e28c8d2cd5f3e168b1695013
21312	ba6151dbbd69ada0732e7ae9f8a738db	b51b6c2046cf7a548a2bcc7baa3db97c	b6c70d82e28c8d2cd5f3e168b1695013
21313	ba6151dbbd69ada0732e7ae9f8a738db	b51b6c2046cf7a548a2bcc7baa3db97c	b6c70d82e28c8d2cd5f3e168b1695013
21314	ba6151dbbd69ada0732e7ae9f8a738db	b51b6c2046cf7a548a2bcc7baa3db97c	b6c70d82e28c8d2cd5f3e168b1695013
21315	ba6151dbbd69ada0732e7ae9f8a738db	b51b6c2046cf7a548a2bcc7baa3db97c	b6c70d82e28c8d2cd5f3e168b1695013
21316	ba6151dbbd69ada0732e7ae9f8a738db	b51b6c2046cf7a548a2bcc7baa3db97c	b6c70d82e28c8d2cd5f3e168b1695013
21317	ba6151dbbd69ada0732e7ae9f8a738db	b51b6c2046cf7a548a2bcc7baa3db97c	b6c70d82e28c8d2cd5f3e168b1695013
21318	ba6151dbbd69ada0732e7ae9f8a738db	b51b6c2046cf7a548a2bcc7baa3db97c	b6c70d82e28c8d2cd5f3e168b1695013
21319	ba6151dbbd69ada0732e7ae9f8a738db	b51b6c2046cf7a548a2bcc7baa3db97c	b6c70d82e28c8d2cd5f3e168b1695013
21320	76e13806a3c91b84ed6d2fe3590e3acd	72f5da7d7ea4dd28ebec4c5ad24bbc1a	59f425bdf957ba02538c4af064af6c61
21321	76e13806a3c91b84ed6d2fe3590e3acd	72f5da7d7ea4dd28ebec4c5ad24bbc1a	59f425bdf957ba02538c4af064af6c61
21322	76e13806a3c91b84ed6d2fe3590e3acd	72f5da7d7ea4dd28ebec4c5ad24bbc1a	59f425bdf957ba02538c4af064af6c61
21323	76e13806a3c91b84ed6d2fe3590e3acd	72f5da7d7ea4dd28ebec4c5ad24bbc1a	59f425bdf957ba02538c4af064af6c61
21324	76e13806a3c91b84ed6d2fe3590e3acd	72f5da7d7ea4dd28ebec4c5ad24bbc1a	59f425bdf957ba02538c4af064af6c61
21325	76e13806a3c91b84ed6d2fe3590e3acd	72f5da7d7ea4dd28ebec4c5ad24bbc1a	59f425bdf957ba02538c4af064af6c61
21326	76e13806a3c91b84ed6d2fe3590e3acd	72f5da7d7ea4dd28ebec4c5ad24bbc1a	59f425bdf957ba02538c4af064af6c61
21327	08c6cc837db36879a8e7c1f36fdcf96f	2c086d084fbfcb27c150774ca13213d8	a6ea62111754c80f9d14cc949dd899b3
21328	08c6cc837db36879a8e7c1f36fdcf96f	2c086d084fbfcb27c150774ca13213d8	a6ea62111754c80f9d14cc949dd899b3
21329	08c6cc837db36879a8e7c1f36fdcf96f	2c086d084fbfcb27c150774ca13213d8	a6ea62111754c80f9d14cc949dd899b3
21330	08c6cc837db36879a8e7c1f36fdcf96f	2c086d084fbfcb27c150774ca13213d8	a6ea62111754c80f9d14cc949dd899b3
21331	08c6cc837db36879a8e7c1f36fdcf96f	2c086d084fbfcb27c150774ca13213d8	a6ea62111754c80f9d14cc949dd899b3
21332	d78e537cd37278c0a6aa377b3312f014	7081f6f0ae7a6f1cd07ce709fa774607	d46be9e57f224bf856d69f4feb9182fc
21333	d78e537cd37278c0a6aa377b3312f014	7081f6f0ae7a6f1cd07ce709fa774607	d46be9e57f224bf856d69f4feb9182fc
21334	d78e537cd37278c0a6aa377b3312f014	7081f6f0ae7a6f1cd07ce709fa774607	d46be9e57f224bf856d69f4feb9182fc
21335	d78e537cd37278c0a6aa377b3312f014	7081f6f0ae7a6f1cd07ce709fa774607	d46be9e57f224bf856d69f4feb9182fc
21336	d78e537cd37278c0a6aa377b3312f014	7081f6f0ae7a6f1cd07ce709fa774607	d46be9e57f224bf856d69f4feb9182fc
21337	d78e537cd37278c0a6aa377b3312f014	7081f6f0ae7a6f1cd07ce709fa774607	d46be9e57f224bf856d69f4feb9182fc
21338	d78e537cd37278c0a6aa377b3312f014	7081f6f0ae7a6f1cd07ce709fa774607	d46be9e57f224bf856d69f4feb9182fc
21339	d78e537cd37278c0a6aa377b3312f014	7081f6f0ae7a6f1cd07ce709fa774607	d46be9e57f224bf856d69f4feb9182fc
21340	d78e537cd37278c0a6aa377b3312f014	7081f6f0ae7a6f1cd07ce709fa774607	d46be9e57f224bf856d69f4feb9182fc
21341	d78e537cd37278c0a6aa377b3312f014	7081f6f0ae7a6f1cd07ce709fa774607	d46be9e57f224bf856d69f4feb9182fc
21342	d78e537cd37278c0a6aa377b3312f014	7081f6f0ae7a6f1cd07ce709fa774607	d46be9e57f224bf856d69f4feb9182fc
21343	d78e537cd37278c0a6aa377b3312f014	7081f6f0ae7a6f1cd07ce709fa774607	d46be9e57f224bf856d69f4feb9182fc
21344	d78e537cd37278c0a6aa377b3312f014	7081f6f0ae7a6f1cd07ce709fa774607	d46be9e57f224bf856d69f4feb9182fc
21345	d78e537cd37278c0a6aa377b3312f014	7081f6f0ae7a6f1cd07ce709fa774607	d46be9e57f224bf856d69f4feb9182fc
21346	d78e537cd37278c0a6aa377b3312f014	7081f6f0ae7a6f1cd07ce709fa774607	d46be9e57f224bf856d69f4feb9182fc
21347	d78e537cd37278c0a6aa377b3312f014	7081f6f0ae7a6f1cd07ce709fa774607	d46be9e57f224bf856d69f4feb9182fc
21348	d78e537cd37278c0a6aa377b3312f014	7081f6f0ae7a6f1cd07ce709fa774607	d46be9e57f224bf856d69f4feb9182fc
21349	68111ee87c8c9a4fb0e8ff7ef841d467	53bef97195bed961cdc7acc96254efb0	997532310473963b73c7197b551eb0bf
21350	68111ee87c8c9a4fb0e8ff7ef841d467	53bef97195bed961cdc7acc96254efb0	997532310473963b73c7197b551eb0bf
21351	68111ee87c8c9a4fb0e8ff7ef841d467	53bef97195bed961cdc7acc96254efb0	997532310473963b73c7197b551eb0bf
21352	bcdc0aa8b5264b1fe1b31bb1b2ad74f7	61a24166ef641ed1abadf47954d97a80	28ab82dd9d11996be1c709efbd2e6817
21353	68111ee87c8c9a4fb0e8ff7ef841d467	53bef97195bed961cdc7acc96254efb0	997532310473963b73c7197b551eb0bf
21354	c238e964d20c277556dd3c2cc06ad1a4	d0122624dda5141b620e9cb92f6b658f	cbf1fb46f987992b9088642c8971cab0
21355	c238e964d20c277556dd3c2cc06ad1a4	d0122624dda5141b620e9cb92f6b658f	cbf1fb46f987992b9088642c8971cab0
21356	35833381741413afa9b172364d6be79f	b608e7c856907d913cbd287915cf2588	8792dce15c7a994f736ec13dec3cfc57
21357	35833381741413afa9b172364d6be79f	b608e7c856907d913cbd287915cf2588	8792dce15c7a994f736ec13dec3cfc57
21358	35833381741413afa9b172364d6be79f	b608e7c856907d913cbd287915cf2588	8792dce15c7a994f736ec13dec3cfc57
21359	68111ee87c8c9a4fb0e8ff7ef841d467	53bef97195bed961cdc7acc96254efb0	997532310473963b73c7197b551eb0bf
21360	68111ee87c8c9a4fb0e8ff7ef841d467	53bef97195bed961cdc7acc96254efb0	997532310473963b73c7197b551eb0bf
21361	68111ee87c8c9a4fb0e8ff7ef841d467	53bef97195bed961cdc7acc96254efb0	997532310473963b73c7197b551eb0bf
21362	68111ee87c8c9a4fb0e8ff7ef841d467	53bef97195bed961cdc7acc96254efb0	997532310473963b73c7197b551eb0bf
21363	68111ee87c8c9a4fb0e8ff7ef841d467	53bef97195bed961cdc7acc96254efb0	997532310473963b73c7197b551eb0bf
21364	68111ee87c8c9a4fb0e8ff7ef841d467	53bef97195bed961cdc7acc96254efb0	997532310473963b73c7197b551eb0bf
21365	68111ee87c8c9a4fb0e8ff7ef841d467	53bef97195bed961cdc7acc96254efb0	997532310473963b73c7197b551eb0bf
21366	68111ee87c8c9a4fb0e8ff7ef841d467	53bef97195bed961cdc7acc96254efb0	997532310473963b73c7197b551eb0bf
21367	68111ee87c8c9a4fb0e8ff7ef841d467	53bef97195bed961cdc7acc96254efb0	997532310473963b73c7197b551eb0bf
21368	f71e240efb8fdd6da7c6b2ee46a21a31	9d5df25a01dc91cb8999639506a66df6	923449cf66979069cafb87a04d28a539
21369	f71e240efb8fdd6da7c6b2ee46a21a31	9d5df25a01dc91cb8999639506a66df6	923449cf66979069cafb87a04d28a539
21370	f71e240efb8fdd6da7c6b2ee46a21a31	9d5df25a01dc91cb8999639506a66df6	923449cf66979069cafb87a04d28a539
21371	68111ee87c8c9a4fb0e8ff7ef841d467	53bef97195bed961cdc7acc96254efb0	997532310473963b73c7197b551eb0bf
21372	68111ee87c8c9a4fb0e8ff7ef841d467	53bef97195bed961cdc7acc96254efb0	997532310473963b73c7197b551eb0bf
21373	536101fd80d7426925152a569a01b49e	fdb49c3ffa3d634fafde2be6816e985d	1eab7d0f6c12ea8d88bdde76d895cd7e
21374	536101fd80d7426925152a569a01b49e	fdb49c3ffa3d634fafde2be6816e985d	1eab7d0f6c12ea8d88bdde76d895cd7e
21375	536101fd80d7426925152a569a01b49e	fdb49c3ffa3d634fafde2be6816e985d	1eab7d0f6c12ea8d88bdde76d895cd7e
21376	536101fd80d7426925152a569a01b49e	fdb49c3ffa3d634fafde2be6816e985d	1eab7d0f6c12ea8d88bdde76d895cd7e
21377	536101fd80d7426925152a569a01b49e	fdb49c3ffa3d634fafde2be6816e985d	1eab7d0f6c12ea8d88bdde76d895cd7e
21378	536101fd80d7426925152a569a01b49e	fdb49c3ffa3d634fafde2be6816e985d	1eab7d0f6c12ea8d88bdde76d895cd7e
21379	536101fd80d7426925152a569a01b49e	fdb49c3ffa3d634fafde2be6816e985d	1eab7d0f6c12ea8d88bdde76d895cd7e
21380	536101fd80d7426925152a569a01b49e	fdb49c3ffa3d634fafde2be6816e985d	1eab7d0f6c12ea8d88bdde76d895cd7e
21381	536101fd80d7426925152a569a01b49e	fdb49c3ffa3d634fafde2be6816e985d	1eab7d0f6c12ea8d88bdde76d895cd7e
21382	536101fd80d7426925152a569a01b49e	fdb49c3ffa3d634fafde2be6816e985d	1eab7d0f6c12ea8d88bdde76d895cd7e
21383	536101fd80d7426925152a569a01b49e	fdb49c3ffa3d634fafde2be6816e985d	1eab7d0f6c12ea8d88bdde76d895cd7e
21384	536101fd80d7426925152a569a01b49e	fdb49c3ffa3d634fafde2be6816e985d	1eab7d0f6c12ea8d88bdde76d895cd7e
21385	536101fd80d7426925152a569a01b49e	fdb49c3ffa3d634fafde2be6816e985d	1eab7d0f6c12ea8d88bdde76d895cd7e
21386	536101fd80d7426925152a569a01b49e	fdb49c3ffa3d634fafde2be6816e985d	1eab7d0f6c12ea8d88bdde76d895cd7e
21387	536101fd80d7426925152a569a01b49e	fdb49c3ffa3d634fafde2be6816e985d	1eab7d0f6c12ea8d88bdde76d895cd7e
21388	536101fd80d7426925152a569a01b49e	fdb49c3ffa3d634fafde2be6816e985d	1eab7d0f6c12ea8d88bdde76d895cd7e
21389	536101fd80d7426925152a569a01b49e	fdb49c3ffa3d634fafde2be6816e985d	1eab7d0f6c12ea8d88bdde76d895cd7e
21390	ee9d46ae4ee4f3404708c749b6b449b3	231b5d77ac6637d4c862cfef0e47b1b4	60ccb111102644963fb33b232c541dff
21391	ee9d46ae4ee4f3404708c749b6b449b3	231b5d77ac6637d4c862cfef0e47b1b4	60ccb111102644963fb33b232c541dff
21392	ee9d46ae4ee4f3404708c749b6b449b3	231b5d77ac6637d4c862cfef0e47b1b4	60ccb111102644963fb33b232c541dff
21393	ee9d46ae4ee4f3404708c749b6b449b3	231b5d77ac6637d4c862cfef0e47b1b4	60ccb111102644963fb33b232c541dff
21394	ee9d46ae4ee4f3404708c749b6b449b3	231b5d77ac6637d4c862cfef0e47b1b4	60ccb111102644963fb33b232c541dff
21395	ee9d46ae4ee4f3404708c749b6b449b3	231b5d77ac6637d4c862cfef0e47b1b4	60ccb111102644963fb33b232c541dff
21396	ee9d46ae4ee4f3404708c749b6b449b3	231b5d77ac6637d4c862cfef0e47b1b4	60ccb111102644963fb33b232c541dff
21397	ee9d46ae4ee4f3404708c749b6b449b3	231b5d77ac6637d4c862cfef0e47b1b4	60ccb111102644963fb33b232c541dff
21398	ee9d46ae4ee4f3404708c749b6b449b3	231b5d77ac6637d4c862cfef0e47b1b4	60ccb111102644963fb33b232c541dff
21399	ee9d46ae4ee4f3404708c749b6b449b3	231b5d77ac6637d4c862cfef0e47b1b4	60ccb111102644963fb33b232c541dff
21400	ee9d46ae4ee4f3404708c749b6b449b3	231b5d77ac6637d4c862cfef0e47b1b4	60ccb111102644963fb33b232c541dff
21401	ee9d46ae4ee4f3404708c749b6b449b3	231b5d77ac6637d4c862cfef0e47b1b4	60ccb111102644963fb33b232c541dff
21402	b69163c26992c1edc04ad9c5c9eec3df	c127bdf02972c95bbfb045db9b5d35f8	a8e789bb7810ece3c1f6a1310cd7ad53
21403	b69163c26992c1edc04ad9c5c9eec3df	c127bdf02972c95bbfb045db9b5d35f8	a8e789bb7810ece3c1f6a1310cd7ad53
21404	b69163c26992c1edc04ad9c5c9eec3df	c127bdf02972c95bbfb045db9b5d35f8	a8e789bb7810ece3c1f6a1310cd7ad53
21405	c125e2441c8b96b55dbc8c9c237d6c8a	8a5727f78cfadc8b12e98759cef63639	86c1ccb3103cf98d8440724387a6cc62
21406	c125e2441c8b96b55dbc8c9c237d6c8a	8a5727f78cfadc8b12e98759cef63639	86c1ccb3103cf98d8440724387a6cc62
21407	b69163c26992c1edc04ad9c5c9eec3df	c127bdf02972c95bbfb045db9b5d35f8	a8e789bb7810ece3c1f6a1310cd7ad53
21408	b69163c26992c1edc04ad9c5c9eec3df	c127bdf02972c95bbfb045db9b5d35f8	a8e789bb7810ece3c1f6a1310cd7ad53
21409	fcc362e5a5a2c2e32b706092b8af7c8e	38284a7c5c25837d617d92618606252d	87d9d83c1745cae7cd96872fc0afd7de
21410	fcd2b3a2cac5e5504f8bfead00d7cb8a	d162b071a5a2ae8cca3a78b544bd6641	3a9a8c1dffb357c816b82ea00e8bdbda
21411	fcd2b3a2cac5e5504f8bfead00d7cb8a	d162b071a5a2ae8cca3a78b544bd6641	3a9a8c1dffb357c816b82ea00e8bdbda
21412	fcd2b3a2cac5e5504f8bfead00d7cb8a	d162b071a5a2ae8cca3a78b544bd6641	3a9a8c1dffb357c816b82ea00e8bdbda
21413	fcd2b3a2cac5e5504f8bfead00d7cb8a	d162b071a5a2ae8cca3a78b544bd6641	3a9a8c1dffb357c816b82ea00e8bdbda
21414	dd9bcd14ca5f79b926a4d718db3f8bce	abfb2e4d9af3b5bf767c655999c8cadd	476b0204db457db7081ad264ded7aaba
21415	dd9bcd14ca5f79b926a4d718db3f8bce	abfb2e4d9af3b5bf767c655999c8cadd	476b0204db457db7081ad264ded7aaba
21416	dd9bcd14ca5f79b926a4d718db3f8bce	abfb2e4d9af3b5bf767c655999c8cadd	476b0204db457db7081ad264ded7aaba
21417	dd9bcd14ca5f79b926a4d718db3f8bce	abfb2e4d9af3b5bf767c655999c8cadd	476b0204db457db7081ad264ded7aaba
21418	dd9bcd14ca5f79b926a4d718db3f8bce	abfb2e4d9af3b5bf767c655999c8cadd	476b0204db457db7081ad264ded7aaba
21419	ae59dbbec0efc8b80e38ae5f81e96278	eb06aa33ee802174afdde92dfb74c01b	cbe170d6e788fa4a7e871b09de1da81c
21420	ae59dbbec0efc8b80e38ae5f81e96278	eb06aa33ee802174afdde92dfb74c01b	cbe170d6e788fa4a7e871b09de1da81c
21421	ae59dbbec0efc8b80e38ae5f81e96278	eb06aa33ee802174afdde92dfb74c01b	cbe170d6e788fa4a7e871b09de1da81c
21422	7667d8a96d24292556a292bbf2839071	ba550e1499a2c8b395918433088e01b6	751a666b0a4c67871773c6331923260d
21423	7667d8a96d24292556a292bbf2839071	ba550e1499a2c8b395918433088e01b6	751a666b0a4c67871773c6331923260d
21424	7667d8a96d24292556a292bbf2839071	ba550e1499a2c8b395918433088e01b6	751a666b0a4c67871773c6331923260d
21425	7667d8a96d24292556a292bbf2839071	ba550e1499a2c8b395918433088e01b6	751a666b0a4c67871773c6331923260d
21426	7c85891095393582ba9540698d412f93	b2e4883ec7af7652a34d55187ad47b04	a0a9268dfc211b007bfe453fdb1d3acf
21427	7c85891095393582ba9540698d412f93	b2e4883ec7af7652a34d55187ad47b04	a0a9268dfc211b007bfe453fdb1d3acf
21428	7c85891095393582ba9540698d412f93	b2e4883ec7af7652a34d55187ad47b04	a0a9268dfc211b007bfe453fdb1d3acf
21429	c83c59a2288bbbfd4c49bfb875bfccf5	1c1569f506d3917bdce9e85f9a66022a	2da17d2b90711989e332e678e6335b15
21430	7c85891095393582ba9540698d412f93	b2e4883ec7af7652a34d55187ad47b04	a0a9268dfc211b007bfe453fdb1d3acf
21431	7a5dd7ed4eeda62e092c3ee19e1c7652	5d4d2d61472783b62e173c0245677c59	840c27c79c47e910d076241ef706dcce
21432	7a5dd7ed4eeda62e092c3ee19e1c7652	5d4d2d61472783b62e173c0245677c59	840c27c79c47e910d076241ef706dcce
21433	7a5dd7ed4eeda62e092c3ee19e1c7652	5d4d2d61472783b62e173c0245677c59	840c27c79c47e910d076241ef706dcce
21434	7a5dd7ed4eeda62e092c3ee19e1c7652	5d4d2d61472783b62e173c0245677c59	840c27c79c47e910d076241ef706dcce
21435	7a5dd7ed4eeda62e092c3ee19e1c7652	5d4d2d61472783b62e173c0245677c59	840c27c79c47e910d076241ef706dcce
21436	7a5dd7ed4eeda62e092c3ee19e1c7652	5d4d2d61472783b62e173c0245677c59	840c27c79c47e910d076241ef706dcce
21437	7a5dd7ed4eeda62e092c3ee19e1c7652	5d4d2d61472783b62e173c0245677c59	840c27c79c47e910d076241ef706dcce
21438	719b5f4279b401988d8db5d1050c858f	6f73d37c66520b0c5b96965aced2a110	c4a19e20ba74db422b1d8d3738d190d3
21439	719b5f4279b401988d8db5d1050c858f	6f73d37c66520b0c5b96965aced2a110	c4a19e20ba74db422b1d8d3738d190d3
21440	719b5f4279b401988d8db5d1050c858f	6f73d37c66520b0c5b96965aced2a110	c4a19e20ba74db422b1d8d3738d190d3
21441	719b5f4279b401988d8db5d1050c858f	6f73d37c66520b0c5b96965aced2a110	c4a19e20ba74db422b1d8d3738d190d3
21442	719b5f4279b401988d8db5d1050c858f	6f73d37c66520b0c5b96965aced2a110	c4a19e20ba74db422b1d8d3738d190d3
21443	cb16a2d4ee02602d306a0aeef3f47694	4391377f2c2ae9c3431befa9a2dcd8ff	afa8eebf01e61b494758694a895c392c
21444	cb16a2d4ee02602d306a0aeef3f47694	4391377f2c2ae9c3431befa9a2dcd8ff	afa8eebf01e61b494758694a895c392c
21445	cb16a2d4ee02602d306a0aeef3f47694	4391377f2c2ae9c3431befa9a2dcd8ff	afa8eebf01e61b494758694a895c392c
21446	cb16a2d4ee02602d306a0aeef3f47694	4391377f2c2ae9c3431befa9a2dcd8ff	afa8eebf01e61b494758694a895c392c
21447	cb16a2d4ee02602d306a0aeef3f47694	4391377f2c2ae9c3431befa9a2dcd8ff	afa8eebf01e61b494758694a895c392c
21448	cb16a2d4ee02602d306a0aeef3f47694	4391377f2c2ae9c3431befa9a2dcd8ff	afa8eebf01e61b494758694a895c392c
21449	cb16a2d4ee02602d306a0aeef3f47694	4391377f2c2ae9c3431befa9a2dcd8ff	afa8eebf01e61b494758694a895c392c
21450	34078cf9545636d7df07426503184460	c546ceeb3d8514f1d362658c85cd44fb	c2ab0e5b3165551168803ce276bd275c
21451	34078cf9545636d7df07426503184460	c546ceeb3d8514f1d362658c85cd44fb	c2ab0e5b3165551168803ce276bd275c
21452	34078cf9545636d7df07426503184460	c546ceeb3d8514f1d362658c85cd44fb	c2ab0e5b3165551168803ce276bd275c
21453	34078cf9545636d7df07426503184460	c546ceeb3d8514f1d362658c85cd44fb	c2ab0e5b3165551168803ce276bd275c
21454	34078cf9545636d7df07426503184460	c546ceeb3d8514f1d362658c85cd44fb	c2ab0e5b3165551168803ce276bd275c
21455	12b8aba56a3841b1e417826fe22db31d	4a46a98c7b5f352f675be2b59fefd972	2625110faa63433fd9f262410c316a81
21456	12b8aba56a3841b1e417826fe22db31d	4a46a98c7b5f352f675be2b59fefd972	2625110faa63433fd9f262410c316a81
21457	12b8aba56a3841b1e417826fe22db31d	4a46a98c7b5f352f675be2b59fefd972	2625110faa63433fd9f262410c316a81
21458	12b8aba56a3841b1e417826fe22db31d	4a46a98c7b5f352f675be2b59fefd972	2625110faa63433fd9f262410c316a81
21459	12b8aba56a3841b1e417826fe22db31d	4a46a98c7b5f352f675be2b59fefd972	2625110faa63433fd9f262410c316a81
21460	e4529a71a624d3a19b1462b73d13ea3f	487781a5de1212af2bfce63843c1f688	f1a96590d4f7bcb52b44322a06198e77
21461	e4529a71a624d3a19b1462b73d13ea3f	487781a5de1212af2bfce63843c1f688	f1a96590d4f7bcb52b44322a06198e77
21462	e4529a71a624d3a19b1462b73d13ea3f	487781a5de1212af2bfce63843c1f688	f1a96590d4f7bcb52b44322a06198e77
21463	caa3d98142689fbb9e05cedfa5344a6e	ef8926a8767c5305876d96784e20e4ed	1dbfc970c80899178d1e77fa4c0e235e
21464	caa3d98142689fbb9e05cedfa5344a6e	ef8926a8767c5305876d96784e20e4ed	1dbfc970c80899178d1e77fa4c0e235e
21465	046f12117e2fc7d487a8c27ee4fe76e2	15fec155baa8b4c0c0352b815f544579	6deebbe17196585cdc62274b127a1682
21466	046f12117e2fc7d487a8c27ee4fe76e2	15fec155baa8b4c0c0352b815f544579	6deebbe17196585cdc62274b127a1682
21467	097263a25a6ff57c368d6b003606d495	6c4962c90b8dc96098815718aba47502	14c3590c8137b67edb0698834cd62b09
21468	097263a25a6ff57c368d6b003606d495	6c4962c90b8dc96098815718aba47502	14c3590c8137b67edb0698834cd62b09
21469	097263a25a6ff57c368d6b003606d495	6c4962c90b8dc96098815718aba47502	14c3590c8137b67edb0698834cd62b09
21470	097263a25a6ff57c368d6b003606d495	6c4962c90b8dc96098815718aba47502	14c3590c8137b67edb0698834cd62b09
21471	097263a25a6ff57c368d6b003606d495	6c4962c90b8dc96098815718aba47502	14c3590c8137b67edb0698834cd62b09
21472	5b4a08a19684e453f17dfb2420ecd866	567fd9decf385cbdda8eb92d4b163b25	4e27eb0934d63985ec7f9ed8fb115dea
21473	5b4a08a19684e453f17dfb2420ecd866	567fd9decf385cbdda8eb92d4b163b25	4e27eb0934d63985ec7f9ed8fb115dea
21474	5b4a08a19684e453f17dfb2420ecd866	567fd9decf385cbdda8eb92d4b163b25	4e27eb0934d63985ec7f9ed8fb115dea
21475	5b4a08a19684e453f17dfb2420ecd866	567fd9decf385cbdda8eb92d4b163b25	4e27eb0934d63985ec7f9ed8fb115dea
21476	5b4a08a19684e453f17dfb2420ecd866	567fd9decf385cbdda8eb92d4b163b25	4e27eb0934d63985ec7f9ed8fb115dea
21477	5b4a08a19684e453f17dfb2420ecd866	567fd9decf385cbdda8eb92d4b163b25	4e27eb0934d63985ec7f9ed8fb115dea
21478	5b4a08a19684e453f17dfb2420ecd866	567fd9decf385cbdda8eb92d4b163b25	4e27eb0934d63985ec7f9ed8fb115dea
21479	52be060316ddfb2f3fc3aef463bcb538	2ac584c44208c7a92890b0aa5ff26553	b160adc0a9a5f62fe1308c8f2b9bf880
21480	52be060316ddfb2f3fc3aef463bcb538	2ac584c44208c7a92890b0aa5ff26553	b160adc0a9a5f62fe1308c8f2b9bf880
21481	52be060316ddfb2f3fc3aef463bcb538	2ac584c44208c7a92890b0aa5ff26553	b160adc0a9a5f62fe1308c8f2b9bf880
21482	52be060316ddfb2f3fc3aef463bcb538	2ac584c44208c7a92890b0aa5ff26553	b160adc0a9a5f62fe1308c8f2b9bf880
21483	52be060316ddfb2f3fc3aef463bcb538	2ac584c44208c7a92890b0aa5ff26553	b160adc0a9a5f62fe1308c8f2b9bf880
21484	52be060316ddfb2f3fc3aef463bcb538	2ac584c44208c7a92890b0aa5ff26553	b160adc0a9a5f62fe1308c8f2b9bf880
21485	52be060316ddfb2f3fc3aef463bcb538	2ac584c44208c7a92890b0aa5ff26553	b160adc0a9a5f62fe1308c8f2b9bf880
21486	52be060316ddfb2f3fc3aef463bcb538	2ac584c44208c7a92890b0aa5ff26553	b160adc0a9a5f62fe1308c8f2b9bf880
21487	52be060316ddfb2f3fc3aef463bcb538	2ac584c44208c7a92890b0aa5ff26553	b160adc0a9a5f62fe1308c8f2b9bf880
21488	52be060316ddfb2f3fc3aef463bcb538	2ac584c44208c7a92890b0aa5ff26553	b160adc0a9a5f62fe1308c8f2b9bf880
21489	1d15dd300acfcb6d81069f961fdd2c94	6328a3fdf39f3643ff9eb1dcb10d7e8f	ee455e3e13414abd7e032885241096e4
21490	1d15dd300acfcb6d81069f961fdd2c94	6328a3fdf39f3643ff9eb1dcb10d7e8f	ee455e3e13414abd7e032885241096e4
21491	1d15dd300acfcb6d81069f961fdd2c94	6328a3fdf39f3643ff9eb1dcb10d7e8f	ee455e3e13414abd7e032885241096e4
21492	1d15dd300acfcb6d81069f961fdd2c94	6328a3fdf39f3643ff9eb1dcb10d7e8f	ee455e3e13414abd7e032885241096e4
21493	1d15dd300acfcb6d81069f961fdd2c94	6328a3fdf39f3643ff9eb1dcb10d7e8f	ee455e3e13414abd7e032885241096e4
21494	1d15dd300acfcb6d81069f961fdd2c94	6328a3fdf39f3643ff9eb1dcb10d7e8f	ee455e3e13414abd7e032885241096e4
21495	1d15dd300acfcb6d81069f961fdd2c94	6328a3fdf39f3643ff9eb1dcb10d7e8f	ee455e3e13414abd7e032885241096e4
21496	e2d1b54388012140c45d1a1fb4af6299	ecd738fbcfba24a4971616c523040aa6	47336f347ce073dcf0ff972269209701
21497	e2d1b54388012140c45d1a1fb4af6299	ecd738fbcfba24a4971616c523040aa6	47336f347ce073dcf0ff972269209701
21498	e2d1b54388012140c45d1a1fb4af6299	ecd738fbcfba24a4971616c523040aa6	47336f347ce073dcf0ff972269209701
21499	e2d1b54388012140c45d1a1fb4af6299	ecd738fbcfba24a4971616c523040aa6	47336f347ce073dcf0ff972269209701
21500	e2d1b54388012140c45d1a1fb4af6299	ecd738fbcfba24a4971616c523040aa6	47336f347ce073dcf0ff972269209701
21501	39dcbeae7b3ed0bb229d878ca11a1823	e3bc0b4e95fde2cda51397dcc91c9b8c	eb479b6e082295390d79021b992f6e07
21502	39dcbeae7b3ed0bb229d878ca11a1823	e3bc0b4e95fde2cda51397dcc91c9b8c	eb479b6e082295390d79021b992f6e07
21503	39dcbeae7b3ed0bb229d878ca11a1823	e3bc0b4e95fde2cda51397dcc91c9b8c	eb479b6e082295390d79021b992f6e07
21504	39dcbeae7b3ed0bb229d878ca11a1823	e3bc0b4e95fde2cda51397dcc91c9b8c	eb479b6e082295390d79021b992f6e07
21505	39dcbeae7b3ed0bb229d878ca11a1823	e3bc0b4e95fde2cda51397dcc91c9b8c	eb479b6e082295390d79021b992f6e07
21506	39dcbeae7b3ed0bb229d878ca11a1823	e3bc0b4e95fde2cda51397dcc91c9b8c	eb479b6e082295390d79021b992f6e07
21507	39dcbeae7b3ed0bb229d878ca11a1823	e3bc0b4e95fde2cda51397dcc91c9b8c	eb479b6e082295390d79021b992f6e07
21508	39dcbeae7b3ed0bb229d878ca11a1823	e3bc0b4e95fde2cda51397dcc91c9b8c	eb479b6e082295390d79021b992f6e07
21509	39dcbeae7b3ed0bb229d878ca11a1823	e3bc0b4e95fde2cda51397dcc91c9b8c	eb479b6e082295390d79021b992f6e07
21510	39dcbeae7b3ed0bb229d878ca11a1823	e3bc0b4e95fde2cda51397dcc91c9b8c	eb479b6e082295390d79021b992f6e07
21511	39dcbeae7b3ed0bb229d878ca11a1823	e3bc0b4e95fde2cda51397dcc91c9b8c	eb479b6e082295390d79021b992f6e07
21512	39dcbeae7b3ed0bb229d878ca11a1823	e3bc0b4e95fde2cda51397dcc91c9b8c	eb479b6e082295390d79021b992f6e07
21513	39dcbeae7b3ed0bb229d878ca11a1823	e3bc0b4e95fde2cda51397dcc91c9b8c	eb479b6e082295390d79021b992f6e07
21514	39dcbeae7b3ed0bb229d878ca11a1823	e3bc0b4e95fde2cda51397dcc91c9b8c	eb479b6e082295390d79021b992f6e07
21515	39dcbeae7b3ed0bb229d878ca11a1823	e3bc0b4e95fde2cda51397dcc91c9b8c	eb479b6e082295390d79021b992f6e07
21516	39dcbeae7b3ed0bb229d878ca11a1823	e3bc0b4e95fde2cda51397dcc91c9b8c	eb479b6e082295390d79021b992f6e07
21517	39dcbeae7b3ed0bb229d878ca11a1823	e3bc0b4e95fde2cda51397dcc91c9b8c	eb479b6e082295390d79021b992f6e07
21518	0bd1c44f0545a1df944847145dbd3aae	2c020b8df70b9ae915845877069b1ebd	5aa2f73afe34154f28bbc0c0d5000646
21519	0bd1c44f0545a1df944847145dbd3aae	2c020b8df70b9ae915845877069b1ebd	5aa2f73afe34154f28bbc0c0d5000646
21520	0bd1c44f0545a1df944847145dbd3aae	2c020b8df70b9ae915845877069b1ebd	5aa2f73afe34154f28bbc0c0d5000646
21521	0bd1c44f0545a1df944847145dbd3aae	2c020b8df70b9ae915845877069b1ebd	5aa2f73afe34154f28bbc0c0d5000646
21522	0bd1c44f0545a1df944847145dbd3aae	2c020b8df70b9ae915845877069b1ebd	5aa2f73afe34154f28bbc0c0d5000646
21523	0bd1c44f0545a1df944847145dbd3aae	2c020b8df70b9ae915845877069b1ebd	5aa2f73afe34154f28bbc0c0d5000646
21524	0bd1c44f0545a1df944847145dbd3aae	2c020b8df70b9ae915845877069b1ebd	5aa2f73afe34154f28bbc0c0d5000646
21525	8ec44801471f6ab82814b69a31b8227c	5ab5b59f4f5ee2744d5262afcd94f17f	c8357512f9042a8486d4f0a2971b2224
21526	8ec44801471f6ab82814b69a31b8227c	5ab5b59f4f5ee2744d5262afcd94f17f	c8357512f9042a8486d4f0a2971b2224
21527	8ec44801471f6ab82814b69a31b8227c	5ab5b59f4f5ee2744d5262afcd94f17f	c8357512f9042a8486d4f0a2971b2224
21528	19b5ba955e6425094acd8e2e0b2e212c	c1ed1782a3fe3cbf9cab5d4746f45cd7	3a3c464a5ee547bdb685566ecbd041fc
21529	19b5ba955e6425094acd8e2e0b2e212c	c1ed1782a3fe3cbf9cab5d4746f45cd7	3a3c464a5ee547bdb685566ecbd041fc
21530	665380815c41ec7ce33d4e0195406f11	8eeeeb18f79aab7059713996e1f3b0be	93618ad03aab704ad702c078db3f5175
21531	665380815c41ec7ce33d4e0195406f11	8eeeeb18f79aab7059713996e1f3b0be	93618ad03aab704ad702c078db3f5175
21532	665380815c41ec7ce33d4e0195406f11	8eeeeb18f79aab7059713996e1f3b0be	93618ad03aab704ad702c078db3f5175
21533	95b89652117a12a0b479fa86b1a6b225	0f9655aae33bebc4cc2b33f01d173d92	fea08d771394e9c8943db5a94e271715
21534	95b89652117a12a0b479fa86b1a6b225	0f9655aae33bebc4cc2b33f01d173d92	fea08d771394e9c8943db5a94e271715
21535	95b89652117a12a0b479fa86b1a6b225	0f9655aae33bebc4cc2b33f01d173d92	fea08d771394e9c8943db5a94e271715
21536	95b89652117a12a0b479fa86b1a6b225	0f9655aae33bebc4cc2b33f01d173d92	fea08d771394e9c8943db5a94e271715
21537	665380815c41ec7ce33d4e0195406f11	8eeeeb18f79aab7059713996e1f3b0be	93618ad03aab704ad702c078db3f5175
21538	665380815c41ec7ce33d4e0195406f11	8eeeeb18f79aab7059713996e1f3b0be	93618ad03aab704ad702c078db3f5175
21539	665380815c41ec7ce33d4e0195406f11	8eeeeb18f79aab7059713996e1f3b0be	93618ad03aab704ad702c078db3f5175
21540	665380815c41ec7ce33d4e0195406f11	8eeeeb18f79aab7059713996e1f3b0be	93618ad03aab704ad702c078db3f5175
21541	665380815c41ec7ce33d4e0195406f11	8eeeeb18f79aab7059713996e1f3b0be	93618ad03aab704ad702c078db3f5175
21542	5b287fa0bf116d1be1fb864301c6c0fa	6083107c5dac8095714bc8321dfdf039	97587a824f05f1395482ff51119960f6
21543	5b287fa0bf116d1be1fb864301c6c0fa	6083107c5dac8095714bc8321dfdf039	97587a824f05f1395482ff51119960f6
21544	5b287fa0bf116d1be1fb864301c6c0fa	6083107c5dac8095714bc8321dfdf039	97587a824f05f1395482ff51119960f6
21545	5b287fa0bf116d1be1fb864301c6c0fa	6083107c5dac8095714bc8321dfdf039	97587a824f05f1395482ff51119960f6
21546	5b287fa0bf116d1be1fb864301c6c0fa	6083107c5dac8095714bc8321dfdf039	97587a824f05f1395482ff51119960f6
21547	5b287fa0bf116d1be1fb864301c6c0fa	6083107c5dac8095714bc8321dfdf039	97587a824f05f1395482ff51119960f6
21548	5b287fa0bf116d1be1fb864301c6c0fa	6083107c5dac8095714bc8321dfdf039	97587a824f05f1395482ff51119960f6
21549	2b9d4e581ae2d0875b1ae4c3519132ce	ae9a5b35f5de63a1837fdfd2444d077d	3863a34bc097e55bed2f899b786793b6
21550	2b9d4e581ae2d0875b1ae4c3519132ce	ae9a5b35f5de63a1837fdfd2444d077d	3863a34bc097e55bed2f899b786793b6
21551	2b9d4e581ae2d0875b1ae4c3519132ce	ae9a5b35f5de63a1837fdfd2444d077d	3863a34bc097e55bed2f899b786793b6
21552	847fb6d65c15f431b66f89f838f311c1	65513b6ab22d88cff6f23edc517dd9f6	75d7820d3ee06ca5c1acb1f6c59d5e31
21553	847fb6d65c15f431b66f89f838f311c1	65513b6ab22d88cff6f23edc517dd9f6	75d7820d3ee06ca5c1acb1f6c59d5e31
21554	2b9d4e581ae2d0875b1ae4c3519132ce	ae9a5b35f5de63a1837fdfd2444d077d	3863a34bc097e55bed2f899b786793b6
21555	2b9d4e581ae2d0875b1ae4c3519132ce	ae9a5b35f5de63a1837fdfd2444d077d	3863a34bc097e55bed2f899b786793b6
21556	2b9d4e581ae2d0875b1ae4c3519132ce	ae9a5b35f5de63a1837fdfd2444d077d	3863a34bc097e55bed2f899b786793b6
21557	2b9d4e581ae2d0875b1ae4c3519132ce	ae9a5b35f5de63a1837fdfd2444d077d	3863a34bc097e55bed2f899b786793b6
21558	2b9d4e581ae2d0875b1ae4c3519132ce	ae9a5b35f5de63a1837fdfd2444d077d	3863a34bc097e55bed2f899b786793b6
21559	411356b50ca3523e10a749da673b7288	27557d5d355489f64ccfa4c1ecafa82b	4332fe1409bf9bda23eea6f766abcbd0
21560	411356b50ca3523e10a749da673b7288	27557d5d355489f64ccfa4c1ecafa82b	4332fe1409bf9bda23eea6f766abcbd0
21561	411356b50ca3523e10a749da673b7288	27557d5d355489f64ccfa4c1ecafa82b	4332fe1409bf9bda23eea6f766abcbd0
21562	411356b50ca3523e10a749da673b7288	27557d5d355489f64ccfa4c1ecafa82b	4332fe1409bf9bda23eea6f766abcbd0
21563	411356b50ca3523e10a749da673b7288	27557d5d355489f64ccfa4c1ecafa82b	4332fe1409bf9bda23eea6f766abcbd0
21564	411356b50ca3523e10a749da673b7288	27557d5d355489f64ccfa4c1ecafa82b	4332fe1409bf9bda23eea6f766abcbd0
21565	411356b50ca3523e10a749da673b7288	27557d5d355489f64ccfa4c1ecafa82b	4332fe1409bf9bda23eea6f766abcbd0
21566	c87aced4745b6305707995d189652963	9709c48ee8612743b78356e4cf31372c	2d7b558f1f99acd7d21c555f9321d45f
21567	c87aced4745b6305707995d189652963	9709c48ee8612743b78356e4cf31372c	2d7b558f1f99acd7d21c555f9321d45f
21568	c87aced4745b6305707995d189652963	9709c48ee8612743b78356e4cf31372c	2d7b558f1f99acd7d21c555f9321d45f
21569	c87aced4745b6305707995d189652963	9709c48ee8612743b78356e4cf31372c	2d7b558f1f99acd7d21c555f9321d45f
21570	c87aced4745b6305707995d189652963	9709c48ee8612743b78356e4cf31372c	2d7b558f1f99acd7d21c555f9321d45f
21571	38849c1719a8a2f0c922bb734e69f0ba	7889f218a98ae02c497f9d08ff36ad11	f1de652b76f27a2ee979795843f0cf0e
21572	38849c1719a8a2f0c922bb734e69f0ba	7889f218a98ae02c497f9d08ff36ad11	f1de652b76f27a2ee979795843f0cf0e
21573	38849c1719a8a2f0c922bb734e69f0ba	7889f218a98ae02c497f9d08ff36ad11	f1de652b76f27a2ee979795843f0cf0e
21574	38849c1719a8a2f0c922bb734e69f0ba	7889f218a98ae02c497f9d08ff36ad11	f1de652b76f27a2ee979795843f0cf0e
21575	38849c1719a8a2f0c922bb734e69f0ba	7889f218a98ae02c497f9d08ff36ad11	f1de652b76f27a2ee979795843f0cf0e
21576	38849c1719a8a2f0c922bb734e69f0ba	7889f218a98ae02c497f9d08ff36ad11	f1de652b76f27a2ee979795843f0cf0e
21577	38849c1719a8a2f0c922bb734e69f0ba	7889f218a98ae02c497f9d08ff36ad11	f1de652b76f27a2ee979795843f0cf0e
21578	5cd2f6f454f5e3674b3515a0b42e3675	74b3d6b34f0f6e29e199a80f9b92d8aa	ebd0c68e9b737123986097eeaf48747d
21579	5cd2f6f454f5e3674b3515a0b42e3675	74b3d6b34f0f6e29e199a80f9b92d8aa	ebd0c68e9b737123986097eeaf48747d
21580	5cd2f6f454f5e3674b3515a0b42e3675	74b3d6b34f0f6e29e199a80f9b92d8aa	ebd0c68e9b737123986097eeaf48747d
21581	5cd2f6f454f5e3674b3515a0b42e3675	74b3d6b34f0f6e29e199a80f9b92d8aa	ebd0c68e9b737123986097eeaf48747d
21582	5cd2f6f454f5e3674b3515a0b42e3675	74b3d6b34f0f6e29e199a80f9b92d8aa	ebd0c68e9b737123986097eeaf48747d
21583	7648fbc6cc75c422ff4f41c7d2514d9b	4fcc9781f43ac4d2253fe783ee76665c	9651d3dee1a5f3123df557bc8b948313
21584	7648fbc6cc75c422ff4f41c7d2514d9b	4fcc9781f43ac4d2253fe783ee76665c	9651d3dee1a5f3123df557bc8b948313
21585	7648fbc6cc75c422ff4f41c7d2514d9b	4fcc9781f43ac4d2253fe783ee76665c	9651d3dee1a5f3123df557bc8b948313
21586	7648fbc6cc75c422ff4f41c7d2514d9b	4fcc9781f43ac4d2253fe783ee76665c	9651d3dee1a5f3123df557bc8b948313
21587	7648fbc6cc75c422ff4f41c7d2514d9b	4fcc9781f43ac4d2253fe783ee76665c	9651d3dee1a5f3123df557bc8b948313
21588	2523fde1233ebd03aa86d9b07064058a	368411c55925d08dde845a0fd94067d9	d8252d239e9133ab0bc47b778ce0745a
21589	2523fde1233ebd03aa86d9b07064058a	368411c55925d08dde845a0fd94067d9	d8252d239e9133ab0bc47b778ce0745a
21590	2523fde1233ebd03aa86d9b07064058a	368411c55925d08dde845a0fd94067d9	d8252d239e9133ab0bc47b778ce0745a
21591	2523fde1233ebd03aa86d9b07064058a	368411c55925d08dde845a0fd94067d9	d8252d239e9133ab0bc47b778ce0745a
21592	2523fde1233ebd03aa86d9b07064058a	368411c55925d08dde845a0fd94067d9	d8252d239e9133ab0bc47b778ce0745a
21593	2523fde1233ebd03aa86d9b07064058a	368411c55925d08dde845a0fd94067d9	d8252d239e9133ab0bc47b778ce0745a
21594	2523fde1233ebd03aa86d9b07064058a	368411c55925d08dde845a0fd94067d9	d8252d239e9133ab0bc47b778ce0745a
21595	bed22485f4db58fdaae0bafa98260180	c6d984f1bb7475b3aee159116e8136cb	5614d092c765c1736e207328c4c71764
21596	bed22485f4db58fdaae0bafa98260180	c6d984f1bb7475b3aee159116e8136cb	5614d092c765c1736e207328c4c71764
21597	bed22485f4db58fdaae0bafa98260180	c6d984f1bb7475b3aee159116e8136cb	5614d092c765c1736e207328c4c71764
21598	bed22485f4db58fdaae0bafa98260180	c6d984f1bb7475b3aee159116e8136cb	5614d092c765c1736e207328c4c71764
21599	bed22485f4db58fdaae0bafa98260180	c6d984f1bb7475b3aee159116e8136cb	5614d092c765c1736e207328c4c71764
21600	b5756372a4f0b2500caeae1cb96ff01c	8c467b1cc94a5a5cd1b0752ad16db77f	fc85a506c9bee33abb3eac13aec26e68
21601	b5756372a4f0b2500caeae1cb96ff01c	8c467b1cc94a5a5cd1b0752ad16db77f	fc85a506c9bee33abb3eac13aec26e68
21602	b5756372a4f0b2500caeae1cb96ff01c	8c467b1cc94a5a5cd1b0752ad16db77f	fc85a506c9bee33abb3eac13aec26e68
21603	b5756372a4f0b2500caeae1cb96ff01c	8c467b1cc94a5a5cd1b0752ad16db77f	fc85a506c9bee33abb3eac13aec26e68
21604	b5756372a4f0b2500caeae1cb96ff01c	8c467b1cc94a5a5cd1b0752ad16db77f	fc85a506c9bee33abb3eac13aec26e68
21605	b5756372a4f0b2500caeae1cb96ff01c	8c467b1cc94a5a5cd1b0752ad16db77f	fc85a506c9bee33abb3eac13aec26e68
21606	b5756372a4f0b2500caeae1cb96ff01c	8c467b1cc94a5a5cd1b0752ad16db77f	fc85a506c9bee33abb3eac13aec26e68
21607	b5756372a4f0b2500caeae1cb96ff01c	8c467b1cc94a5a5cd1b0752ad16db77f	fc85a506c9bee33abb3eac13aec26e68
21608	b5756372a4f0b2500caeae1cb96ff01c	8c467b1cc94a5a5cd1b0752ad16db77f	fc85a506c9bee33abb3eac13aec26e68
21609	b5756372a4f0b2500caeae1cb96ff01c	8c467b1cc94a5a5cd1b0752ad16db77f	fc85a506c9bee33abb3eac13aec26e68
21610	96a619bde1475e4a6017e34468deab94	9cc238bb1cab8fa243d9c9d9d6929b17	14ce3222bd53b60230ac1ea620164f34
21611	b5756372a4f0b2500caeae1cb96ff01c	8c467b1cc94a5a5cd1b0752ad16db77f	fc85a506c9bee33abb3eac13aec26e68
21612	1764566e21738f663bbef25036678704	d93f15e1c5786a5ee1e1aef466ce37f7	9f8818bd65eb8de8985f65d209f1c2e8
21613	1764566e21738f663bbef25036678704	d93f15e1c5786a5ee1e1aef466ce37f7	9f8818bd65eb8de8985f65d209f1c2e8
21614	1764566e21738f663bbef25036678704	d93f15e1c5786a5ee1e1aef466ce37f7	9f8818bd65eb8de8985f65d209f1c2e8
21615	1764566e21738f663bbef25036678704	d93f15e1c5786a5ee1e1aef466ce37f7	9f8818bd65eb8de8985f65d209f1c2e8
21616	1764566e21738f663bbef25036678704	d93f15e1c5786a5ee1e1aef466ce37f7	9f8818bd65eb8de8985f65d209f1c2e8
21617	1764566e21738f663bbef25036678704	d93f15e1c5786a5ee1e1aef466ce37f7	9f8818bd65eb8de8985f65d209f1c2e8
21618	1764566e21738f663bbef25036678704	d93f15e1c5786a5ee1e1aef466ce37f7	9f8818bd65eb8de8985f65d209f1c2e8
21619	7e3e2cf744b66106b1314c7cd550e008	024dea8f976b1daee1604b13ed6c962b	918825e28c7cce9e861a47a8e2efabf8
21620	7e3e2cf744b66106b1314c7cd550e008	024dea8f976b1daee1604b13ed6c962b	918825e28c7cce9e861a47a8e2efabf8
21621	7e3e2cf744b66106b1314c7cd550e008	024dea8f976b1daee1604b13ed6c962b	918825e28c7cce9e861a47a8e2efabf8
21622	7e3e2cf744b66106b1314c7cd550e008	024dea8f976b1daee1604b13ed6c962b	918825e28c7cce9e861a47a8e2efabf8
21623	7e3e2cf744b66106b1314c7cd550e008	024dea8f976b1daee1604b13ed6c962b	918825e28c7cce9e861a47a8e2efabf8
21624	7fd74f1cf5e3ae5dc38bc5eb202332d2	cd7510471834750377b63880f6e79561	3b7b92349ee2528b25d7814ad79b93ee
21625	7fd74f1cf5e3ae5dc38bc5eb202332d2	cd7510471834750377b63880f6e79561	3b7b92349ee2528b25d7814ad79b93ee
21626	7fd74f1cf5e3ae5dc38bc5eb202332d2	cd7510471834750377b63880f6e79561	3b7b92349ee2528b25d7814ad79b93ee
21627	7fd74f1cf5e3ae5dc38bc5eb202332d2	cd7510471834750377b63880f6e79561	3b7b92349ee2528b25d7814ad79b93ee
21628	7fd74f1cf5e3ae5dc38bc5eb202332d2	cd7510471834750377b63880f6e79561	3b7b92349ee2528b25d7814ad79b93ee
21629	63763b3fc876ca076e6121b38d0cee7a	bb1c7115385cf4a148947e86fc561489	3f0a2e6a959bcf5f80e0643afbcffe1a
21630	63763b3fc876ca076e6121b38d0cee7a	bb1c7115385cf4a148947e86fc561489	3f0a2e6a959bcf5f80e0643afbcffe1a
21631	63763b3fc876ca076e6121b38d0cee7a	bb1c7115385cf4a148947e86fc561489	3f0a2e6a959bcf5f80e0643afbcffe1a
21632	63763b3fc876ca076e6121b38d0cee7a	bb1c7115385cf4a148947e86fc561489	3f0a2e6a959bcf5f80e0643afbcffe1a
21633	63763b3fc876ca076e6121b38d0cee7a	bb1c7115385cf4a148947e86fc561489	3f0a2e6a959bcf5f80e0643afbcffe1a
21634	63763b3fc876ca076e6121b38d0cee7a	bb1c7115385cf4a148947e86fc561489	3f0a2e6a959bcf5f80e0643afbcffe1a
21635	63763b3fc876ca076e6121b38d0cee7a	bb1c7115385cf4a148947e86fc561489	3f0a2e6a959bcf5f80e0643afbcffe1a
21636	63763b3fc876ca076e6121b38d0cee7a	bb1c7115385cf4a148947e86fc561489	3f0a2e6a959bcf5f80e0643afbcffe1a
21637	63763b3fc876ca076e6121b38d0cee7a	bb1c7115385cf4a148947e86fc561489	3f0a2e6a959bcf5f80e0643afbcffe1a
21638	63763b3fc876ca076e6121b38d0cee7a	bb1c7115385cf4a148947e86fc561489	3f0a2e6a959bcf5f80e0643afbcffe1a
21639	63763b3fc876ca076e6121b38d0cee7a	bb1c7115385cf4a148947e86fc561489	3f0a2e6a959bcf5f80e0643afbcffe1a
21640	63763b3fc876ca076e6121b38d0cee7a	bb1c7115385cf4a148947e86fc561489	3f0a2e6a959bcf5f80e0643afbcffe1a
21641	7ae3cf5f7cc802438cbf3a8f273c4210	05665e0de2d2afdd84e9db5c9247b14b	d190abc105a2ecd3af657e6856dc4dc8
21642	7ae3cf5f7cc802438cbf3a8f273c4210	05665e0de2d2afdd84e9db5c9247b14b	d190abc105a2ecd3af657e6856dc4dc8
21643	7ae3cf5f7cc802438cbf3a8f273c4210	05665e0de2d2afdd84e9db5c9247b14b	d190abc105a2ecd3af657e6856dc4dc8
21644	7ae3cf5f7cc802438cbf3a8f273c4210	05665e0de2d2afdd84e9db5c9247b14b	d190abc105a2ecd3af657e6856dc4dc8
21645	7ae3cf5f7cc802438cbf3a8f273c4210	05665e0de2d2afdd84e9db5c9247b14b	d190abc105a2ecd3af657e6856dc4dc8
21646	7ae3cf5f7cc802438cbf3a8f273c4210	05665e0de2d2afdd84e9db5c9247b14b	d190abc105a2ecd3af657e6856dc4dc8
21647	7ae3cf5f7cc802438cbf3a8f273c4210	05665e0de2d2afdd84e9db5c9247b14b	d190abc105a2ecd3af657e6856dc4dc8
21648	4465f3dca3c92fdc291df279cc674903	075397aaa2f0d990c09f3a154dad52d4	a020d1c3187e921a91c2c421d324daaf
21649	4465f3dca3c92fdc291df279cc674903	075397aaa2f0d990c09f3a154dad52d4	a020d1c3187e921a91c2c421d324daaf
21650	4465f3dca3c92fdc291df279cc674903	075397aaa2f0d990c09f3a154dad52d4	a020d1c3187e921a91c2c421d324daaf
21651	4465f3dca3c92fdc291df279cc674903	075397aaa2f0d990c09f3a154dad52d4	a020d1c3187e921a91c2c421d324daaf
21652	4465f3dca3c92fdc291df279cc674903	075397aaa2f0d990c09f3a154dad52d4	a020d1c3187e921a91c2c421d324daaf
21653	4465f3dca3c92fdc291df279cc674903	075397aaa2f0d990c09f3a154dad52d4	a020d1c3187e921a91c2c421d324daaf
21654	4465f3dca3c92fdc291df279cc674903	075397aaa2f0d990c09f3a154dad52d4	a020d1c3187e921a91c2c421d324daaf
21655	4465f3dca3c92fdc291df279cc674903	075397aaa2f0d990c09f3a154dad52d4	a020d1c3187e921a91c2c421d324daaf
21656	4465f3dca3c92fdc291df279cc674903	075397aaa2f0d990c09f3a154dad52d4	a020d1c3187e921a91c2c421d324daaf
21657	4465f3dca3c92fdc291df279cc674903	075397aaa2f0d990c09f3a154dad52d4	a020d1c3187e921a91c2c421d324daaf
21658	09cbbadbaf668f476afed63e52eccbda	813da25bed0758d1822ea4fa578e80a9	d57329994ca1eb93ad38ac7bfed7e3fa
21659	09cbbadbaf668f476afed63e52eccbda	813da25bed0758d1822ea4fa578e80a9	d57329994ca1eb93ad38ac7bfed7e3fa
21660	09cbbadbaf668f476afed63e52eccbda	813da25bed0758d1822ea4fa578e80a9	d57329994ca1eb93ad38ac7bfed7e3fa
21661	09cbbadbaf668f476afed63e52eccbda	813da25bed0758d1822ea4fa578e80a9	d57329994ca1eb93ad38ac7bfed7e3fa
21662	09cbbadbaf668f476afed63e52eccbda	813da25bed0758d1822ea4fa578e80a9	d57329994ca1eb93ad38ac7bfed7e3fa
21663	09cbbadbaf668f476afed63e52eccbda	813da25bed0758d1822ea4fa578e80a9	d57329994ca1eb93ad38ac7bfed7e3fa
21664	09cbbadbaf668f476afed63e52eccbda	813da25bed0758d1822ea4fa578e80a9	d57329994ca1eb93ad38ac7bfed7e3fa
21665	52f35fe67839a4fd987d43b634fa0510	41112d9411cde94362e60741c09eef4b	88d83059d8715f9551fa45b0a0f02268
21666	52f35fe67839a4fd987d43b634fa0510	41112d9411cde94362e60741c09eef4b	88d83059d8715f9551fa45b0a0f02268
21667	52f35fe67839a4fd987d43b634fa0510	41112d9411cde94362e60741c09eef4b	88d83059d8715f9551fa45b0a0f02268
21668	52f35fe67839a4fd987d43b634fa0510	41112d9411cde94362e60741c09eef4b	88d83059d8715f9551fa45b0a0f02268
21669	52f35fe67839a4fd987d43b634fa0510	41112d9411cde94362e60741c09eef4b	88d83059d8715f9551fa45b0a0f02268
21670	e9147e7af9b80ac1c9473714302984e7	0baf4b4374a7bf7f3a1b4a786251fcc0	fcd666b2bed4594fb18ab9c528520c1b
21671	e9147e7af9b80ac1c9473714302984e7	0baf4b4374a7bf7f3a1b4a786251fcc0	fcd666b2bed4594fb18ab9c528520c1b
21672	e9147e7af9b80ac1c9473714302984e7	0baf4b4374a7bf7f3a1b4a786251fcc0	fcd666b2bed4594fb18ab9c528520c1b
21673	e9147e7af9b80ac1c9473714302984e7	0baf4b4374a7bf7f3a1b4a786251fcc0	fcd666b2bed4594fb18ab9c528520c1b
21674	e9147e7af9b80ac1c9473714302984e7	0baf4b4374a7bf7f3a1b4a786251fcc0	fcd666b2bed4594fb18ab9c528520c1b
21675	e9147e7af9b80ac1c9473714302984e7	0baf4b4374a7bf7f3a1b4a786251fcc0	fcd666b2bed4594fb18ab9c528520c1b
21676	e9147e7af9b80ac1c9473714302984e7	0baf4b4374a7bf7f3a1b4a786251fcc0	fcd666b2bed4594fb18ab9c528520c1b
21677	e9147e7af9b80ac1c9473714302984e7	0baf4b4374a7bf7f3a1b4a786251fcc0	fcd666b2bed4594fb18ab9c528520c1b
21678	e9147e7af9b80ac1c9473714302984e7	0baf4b4374a7bf7f3a1b4a786251fcc0	fcd666b2bed4594fb18ab9c528520c1b
21679	e9147e7af9b80ac1c9473714302984e7	0baf4b4374a7bf7f3a1b4a786251fcc0	fcd666b2bed4594fb18ab9c528520c1b
21680	e9147e7af9b80ac1c9473714302984e7	0baf4b4374a7bf7f3a1b4a786251fcc0	fcd666b2bed4594fb18ab9c528520c1b
21681	e9147e7af9b80ac1c9473714302984e7	0baf4b4374a7bf7f3a1b4a786251fcc0	fcd666b2bed4594fb18ab9c528520c1b
21682	e9147e7af9b80ac1c9473714302984e7	0baf4b4374a7bf7f3a1b4a786251fcc0	fcd666b2bed4594fb18ab9c528520c1b
21683	e9147e7af9b80ac1c9473714302984e7	0baf4b4374a7bf7f3a1b4a786251fcc0	fcd666b2bed4594fb18ab9c528520c1b
21684	e9147e7af9b80ac1c9473714302984e7	0baf4b4374a7bf7f3a1b4a786251fcc0	fcd666b2bed4594fb18ab9c528520c1b
21685	e9147e7af9b80ac1c9473714302984e7	0baf4b4374a7bf7f3a1b4a786251fcc0	fcd666b2bed4594fb18ab9c528520c1b
21686	e9147e7af9b80ac1c9473714302984e7	0baf4b4374a7bf7f3a1b4a786251fcc0	fcd666b2bed4594fb18ab9c528520c1b
21687	0f92c76f5fab5902410a520cf7a26306	0c47f1cf3eef407a0ad1c8f2a024798d	c04d89edf7606050155f3077d932df6a
21688	0f92c76f5fab5902410a520cf7a26306	0c47f1cf3eef407a0ad1c8f2a024798d	c04d89edf7606050155f3077d932df6a
21689	0f92c76f5fab5902410a520cf7a26306	0c47f1cf3eef407a0ad1c8f2a024798d	c04d89edf7606050155f3077d932df6a
21690	0f92c76f5fab5902410a520cf7a26306	0c47f1cf3eef407a0ad1c8f2a024798d	c04d89edf7606050155f3077d932df6a
21691	0f92c76f5fab5902410a520cf7a26306	0c47f1cf3eef407a0ad1c8f2a024798d	c04d89edf7606050155f3077d932df6a
21692	0f92c76f5fab5902410a520cf7a26306	0c47f1cf3eef407a0ad1c8f2a024798d	c04d89edf7606050155f3077d932df6a
21693	0f92c76f5fab5902410a520cf7a26306	0c47f1cf3eef407a0ad1c8f2a024798d	c04d89edf7606050155f3077d932df6a
21694	5ed9aa860338fee3ea6908e5a0560c8e	52415885a68c76cdaef221aef25a4ffd	8d37388ade24d51bd2dac40d7fe32b7e
21695	5ed9aa860338fee3ea6908e5a0560c8e	52415885a68c76cdaef221aef25a4ffd	8d37388ade24d51bd2dac40d7fe32b7e
21696	5ed9aa860338fee3ea6908e5a0560c8e	52415885a68c76cdaef221aef25a4ffd	8d37388ade24d51bd2dac40d7fe32b7e
21697	4532bc5f95b130e6047791015d3ba1f8	60dac95f9dd48c2eaa7a6e604bdfedbb	ca29affca766d2762f7b62298bd2ee10
21698	4532bc5f95b130e6047791015d3ba1f8	60dac95f9dd48c2eaa7a6e604bdfedbb	ca29affca766d2762f7b62298bd2ee10
21699	fa8441b6cff5759f3032e6e0d68dc3b5	f4c7d97af38cea515a165a284e09278a	42be14060c99d6cd3f1ddec69e0d7991
21700	fa8441b6cff5759f3032e6e0d68dc3b5	f4c7d97af38cea515a165a284e09278a	42be14060c99d6cd3f1ddec69e0d7991
21701	fa8441b6cff5759f3032e6e0d68dc3b5	f4c7d97af38cea515a165a284e09278a	42be14060c99d6cd3f1ddec69e0d7991
21702	fa8441b6cff5759f3032e6e0d68dc3b5	f4c7d97af38cea515a165a284e09278a	42be14060c99d6cd3f1ddec69e0d7991
21703	fa8441b6cff5759f3032e6e0d68dc3b5	f4c7d97af38cea515a165a284e09278a	42be14060c99d6cd3f1ddec69e0d7991
21704	fa8441b6cff5759f3032e6e0d68dc3b5	f4c7d97af38cea515a165a284e09278a	42be14060c99d6cd3f1ddec69e0d7991
21705	fa8441b6cff5759f3032e6e0d68dc3b5	f4c7d97af38cea515a165a284e09278a	42be14060c99d6cd3f1ddec69e0d7991
21706	192241a2b1b01614bde8f692ec2c3d92	ff57732a3e991f20a553487ecd7f09b9	28ef81609597a9dcfe0ee2f16e56eb6a
21707	192241a2b1b01614bde8f692ec2c3d92	ff57732a3e991f20a553487ecd7f09b9	28ef81609597a9dcfe0ee2f16e56eb6a
21708	192241a2b1b01614bde8f692ec2c3d92	ff57732a3e991f20a553487ecd7f09b9	28ef81609597a9dcfe0ee2f16e56eb6a
21709	192241a2b1b01614bde8f692ec2c3d92	ff57732a3e991f20a553487ecd7f09b9	28ef81609597a9dcfe0ee2f16e56eb6a
21710	192241a2b1b01614bde8f692ec2c3d92	ff57732a3e991f20a553487ecd7f09b9	28ef81609597a9dcfe0ee2f16e56eb6a
21711	1adf948d0107ea07b128f84c42696068	68798617fbe1f7718d75cfb245c20433	d3cf43234ab3a5b363ac6e586b79b9b8
21712	1adf948d0107ea07b128f84c42696068	68798617fbe1f7718d75cfb245c20433	d3cf43234ab3a5b363ac6e586b79b9b8
21713	1adf948d0107ea07b128f84c42696068	68798617fbe1f7718d75cfb245c20433	d3cf43234ab3a5b363ac6e586b79b9b8
21714	1adf948d0107ea07b128f84c42696068	68798617fbe1f7718d75cfb245c20433	d3cf43234ab3a5b363ac6e586b79b9b8
21715	1adf948d0107ea07b128f84c42696068	68798617fbe1f7718d75cfb245c20433	d3cf43234ab3a5b363ac6e586b79b9b8
21716	1adf948d0107ea07b128f84c42696068	68798617fbe1f7718d75cfb245c20433	d3cf43234ab3a5b363ac6e586b79b9b8
21717	1adf948d0107ea07b128f84c42696068	68798617fbe1f7718d75cfb245c20433	d3cf43234ab3a5b363ac6e586b79b9b8
21718	1f3f0343c1d05d2b4bd08971d0f440f8	934bf7825347efa592a2ad62ce886ca3	c2dce9d041cb2129b44170fcbd83179c
21719	1f3f0343c1d05d2b4bd08971d0f440f8	934bf7825347efa592a2ad62ce886ca3	c2dce9d041cb2129b44170fcbd83179c
21720	1f3f0343c1d05d2b4bd08971d0f440f8	934bf7825347efa592a2ad62ce886ca3	c2dce9d041cb2129b44170fcbd83179c
21721	1f3f0343c1d05d2b4bd08971d0f440f8	934bf7825347efa592a2ad62ce886ca3	c2dce9d041cb2129b44170fcbd83179c
21722	1f3f0343c1d05d2b4bd08971d0f440f8	934bf7825347efa592a2ad62ce886ca3	c2dce9d041cb2129b44170fcbd83179c
21723	1f3f0343c1d05d2b4bd08971d0f440f8	934bf7825347efa592a2ad62ce886ca3	c2dce9d041cb2129b44170fcbd83179c
21724	1f3f0343c1d05d2b4bd08971d0f440f8	934bf7825347efa592a2ad62ce886ca3	c2dce9d041cb2129b44170fcbd83179c
21725	1f3f0343c1d05d2b4bd08971d0f440f8	934bf7825347efa592a2ad62ce886ca3	c2dce9d041cb2129b44170fcbd83179c
21726	1f3f0343c1d05d2b4bd08971d0f440f8	934bf7825347efa592a2ad62ce886ca3	c2dce9d041cb2129b44170fcbd83179c
21727	1f3f0343c1d05d2b4bd08971d0f440f8	934bf7825347efa592a2ad62ce886ca3	c2dce9d041cb2129b44170fcbd83179c
21728	0beeb5fdf4f95a3610b11a4ad4d84fd5	b0f35637d27c5ac6ba678f122be53a42	f64874ba34b57234ce38354cb54f56a1
21729	0beeb5fdf4f95a3610b11a4ad4d84fd5	b0f35637d27c5ac6ba678f122be53a42	f64874ba34b57234ce38354cb54f56a1
21730	0beeb5fdf4f95a3610b11a4ad4d84fd5	b0f35637d27c5ac6ba678f122be53a42	f64874ba34b57234ce38354cb54f56a1
21731	ef2f8f05df5c00ebd231e269c9d0cc31	c67b82e0496af75dea4ab5c1bfc2c9a6	700a403c2d38388d4e743599bb8ab38d
21732	ef2f8f05df5c00ebd231e269c9d0cc31	c67b82e0496af75dea4ab5c1bfc2c9a6	700a403c2d38388d4e743599bb8ab38d
21733	ef2f8f05df5c00ebd231e269c9d0cc31	c67b82e0496af75dea4ab5c1bfc2c9a6	700a403c2d38388d4e743599bb8ab38d
21734	7d49dd06fb1ce060a538fce098d46d25	3054f86a8d53e544586458560a835272	2b4da4184e6af2722c880cbefb1d2309
21735	def7ae7baca1c1b1afe8a5d729dd269f	53b4f76d587d300f0c7b9069321c2878	f200bea7f4246f17ac9b4f526bb4370b
21736	def7ae7baca1c1b1afe8a5d729dd269f	53b4f76d587d300f0c7b9069321c2878	f200bea7f4246f17ac9b4f526bb4370b
21737	def7ae7baca1c1b1afe8a5d729dd269f	53b4f76d587d300f0c7b9069321c2878	f200bea7f4246f17ac9b4f526bb4370b
21738	def7ae7baca1c1b1afe8a5d729dd269f	53b4f76d587d300f0c7b9069321c2878	f200bea7f4246f17ac9b4f526bb4370b
21739	def7ae7baca1c1b1afe8a5d729dd269f	53b4f76d587d300f0c7b9069321c2878	f200bea7f4246f17ac9b4f526bb4370b
21740	e891e062a01a4dd3b5cec87eec2b2611	b25b8f1068c265959272fe5d9abfa476	404c89823c902bdfd26a3b695a3d8261
21741	e891e062a01a4dd3b5cec87eec2b2611	b25b8f1068c265959272fe5d9abfa476	404c89823c902bdfd26a3b695a3d8261
21742	e891e062a01a4dd3b5cec87eec2b2611	b25b8f1068c265959272fe5d9abfa476	404c89823c902bdfd26a3b695a3d8261
21743	e891e062a01a4dd3b5cec87eec2b2611	b25b8f1068c265959272fe5d9abfa476	404c89823c902bdfd26a3b695a3d8261
21744	e891e062a01a4dd3b5cec87eec2b2611	b25b8f1068c265959272fe5d9abfa476	404c89823c902bdfd26a3b695a3d8261
21745	e891e062a01a4dd3b5cec87eec2b2611	b25b8f1068c265959272fe5d9abfa476	404c89823c902bdfd26a3b695a3d8261
21746	e891e062a01a4dd3b5cec87eec2b2611	b25b8f1068c265959272fe5d9abfa476	404c89823c902bdfd26a3b695a3d8261
21747	5eb2fbbb4bb80df711f9107625b22d9d	67a7cb661324cd6950165824ea4c48b2	d382373e7501db9fc72d4874fcf1ba3d
21748	df436db780b89371ffd3aa7501725ffd	4f85a7192baeeafff78b348f84f8a4b2	5fc1903d9541553fe16c062e1fc82251
21749	df436db780b89371ffd3aa7501725ffd	4f85a7192baeeafff78b348f84f8a4b2	5fc1903d9541553fe16c062e1fc82251
21750	5eb2fbbb4bb80df711f9107625b22d9d	67a7cb661324cd6950165824ea4c48b2	d382373e7501db9fc72d4874fcf1ba3d
21751	5eb2fbbb4bb80df711f9107625b22d9d	67a7cb661324cd6950165824ea4c48b2	d382373e7501db9fc72d4874fcf1ba3d
21752	df436db780b89371ffd3aa7501725ffd	4f85a7192baeeafff78b348f84f8a4b2	5fc1903d9541553fe16c062e1fc82251
21753	df436db780b89371ffd3aa7501725ffd	4f85a7192baeeafff78b348f84f8a4b2	5fc1903d9541553fe16c062e1fc82251
21754	df436db780b89371ffd3aa7501725ffd	4f85a7192baeeafff78b348f84f8a4b2	5fc1903d9541553fe16c062e1fc82251
21755	5eb2fbbb4bb80df711f9107625b22d9d	67a7cb661324cd6950165824ea4c48b2	d382373e7501db9fc72d4874fcf1ba3d
21756	5eb2fbbb4bb80df711f9107625b22d9d	67a7cb661324cd6950165824ea4c48b2	d382373e7501db9fc72d4874fcf1ba3d
21757	89bed7f170d395644d3cc738298afe6e	7114a93c1c0eb0407d80502c1df0ba05	e5b671d806d7d7eadc238cf457a06372
21758	89bed7f170d395644d3cc738298afe6e	7114a93c1c0eb0407d80502c1df0ba05	e5b671d806d7d7eadc238cf457a06372
21759	89bed7f170d395644d3cc738298afe6e	7114a93c1c0eb0407d80502c1df0ba05	e5b671d806d7d7eadc238cf457a06372
21760	89bed7f170d395644d3cc738298afe6e	7114a93c1c0eb0407d80502c1df0ba05	e5b671d806d7d7eadc238cf457a06372
21761	89bed7f170d395644d3cc738298afe6e	7114a93c1c0eb0407d80502c1df0ba05	e5b671d806d7d7eadc238cf457a06372
21762	89bed7f170d395644d3cc738298afe6e	7114a93c1c0eb0407d80502c1df0ba05	e5b671d806d7d7eadc238cf457a06372
21763	89bed7f170d395644d3cc738298afe6e	7114a93c1c0eb0407d80502c1df0ba05	e5b671d806d7d7eadc238cf457a06372
21764	89bed7f170d395644d3cc738298afe6e	7114a93c1c0eb0407d80502c1df0ba05	e5b671d806d7d7eadc238cf457a06372
21765	89bed7f170d395644d3cc738298afe6e	7114a93c1c0eb0407d80502c1df0ba05	e5b671d806d7d7eadc238cf457a06372
21766	89bed7f170d395644d3cc738298afe6e	7114a93c1c0eb0407d80502c1df0ba05	e5b671d806d7d7eadc238cf457a06372
21767	0033593c1d4cdb21f41cfe20d09d3f8d	df008956c049a69fdd7d8c436377ce82	4313479b5db11005e7c948c0a61f78cd
21768	0033593c1d4cdb21f41cfe20d09d3f8d	df008956c049a69fdd7d8c436377ce82	4313479b5db11005e7c948c0a61f78cd
21769	89bed7f170d395644d3cc738298afe6e	7114a93c1c0eb0407d80502c1df0ba05	e5b671d806d7d7eadc238cf457a06372
21770	89bed7f170d395644d3cc738298afe6e	7114a93c1c0eb0407d80502c1df0ba05	e5b671d806d7d7eadc238cf457a06372
21771	89bed7f170d395644d3cc738298afe6e	7114a93c1c0eb0407d80502c1df0ba05	e5b671d806d7d7eadc238cf457a06372
21772	89bed7f170d395644d3cc738298afe6e	7114a93c1c0eb0407d80502c1df0ba05	e5b671d806d7d7eadc238cf457a06372
21773	89bed7f170d395644d3cc738298afe6e	7114a93c1c0eb0407d80502c1df0ba05	e5b671d806d7d7eadc238cf457a06372
21774	89bed7f170d395644d3cc738298afe6e	7114a93c1c0eb0407d80502c1df0ba05	e5b671d806d7d7eadc238cf457a06372
21775	89bed7f170d395644d3cc738298afe6e	7114a93c1c0eb0407d80502c1df0ba05	e5b671d806d7d7eadc238cf457a06372
21776	89bed7f170d395644d3cc738298afe6e	7114a93c1c0eb0407d80502c1df0ba05	e5b671d806d7d7eadc238cf457a06372
21777	89bed7f170d395644d3cc738298afe6e	7114a93c1c0eb0407d80502c1df0ba05	e5b671d806d7d7eadc238cf457a06372
21778	89bed7f170d395644d3cc738298afe6e	7114a93c1c0eb0407d80502c1df0ba05	e5b671d806d7d7eadc238cf457a06372
21779	89bed7f170d395644d3cc738298afe6e	7114a93c1c0eb0407d80502c1df0ba05	e5b671d806d7d7eadc238cf457a06372
21780	89bed7f170d395644d3cc738298afe6e	7114a93c1c0eb0407d80502c1df0ba05	e5b671d806d7d7eadc238cf457a06372
21781	b7fa7b666184ac1f0461e2286ab3b1f2	104e8adb1c380fc9db4af540dfe157f1	bab98dace7a95d5f0856ea09d3552ffa
21782	b7fa7b666184ac1f0461e2286ab3b1f2	104e8adb1c380fc9db4af540dfe157f1	bab98dace7a95d5f0856ea09d3552ffa
21783	b7fa7b666184ac1f0461e2286ab3b1f2	104e8adb1c380fc9db4af540dfe157f1	bab98dace7a95d5f0856ea09d3552ffa
21784	b7fa7b666184ac1f0461e2286ab3b1f2	104e8adb1c380fc9db4af540dfe157f1	bab98dace7a95d5f0856ea09d3552ffa
21785	b7fa7b666184ac1f0461e2286ab3b1f2	104e8adb1c380fc9db4af540dfe157f1	bab98dace7a95d5f0856ea09d3552ffa
21786	b7fa7b666184ac1f0461e2286ab3b1f2	104e8adb1c380fc9db4af540dfe157f1	bab98dace7a95d5f0856ea09d3552ffa
21787	b7fa7b666184ac1f0461e2286ab3b1f2	104e8adb1c380fc9db4af540dfe157f1	bab98dace7a95d5f0856ea09d3552ffa
21788	b7fa7b666184ac1f0461e2286ab3b1f2	104e8adb1c380fc9db4af540dfe157f1	bab98dace7a95d5f0856ea09d3552ffa
21789	b7fa7b666184ac1f0461e2286ab3b1f2	104e8adb1c380fc9db4af540dfe157f1	bab98dace7a95d5f0856ea09d3552ffa
21790	b7fa7b666184ac1f0461e2286ab3b1f2	104e8adb1c380fc9db4af540dfe157f1	bab98dace7a95d5f0856ea09d3552ffa
21791	b7fa7b666184ac1f0461e2286ab3b1f2	104e8adb1c380fc9db4af540dfe157f1	bab98dace7a95d5f0856ea09d3552ffa
21792	b7fa7b666184ac1f0461e2286ab3b1f2	104e8adb1c380fc9db4af540dfe157f1	bab98dace7a95d5f0856ea09d3552ffa
21793	b7fa7b666184ac1f0461e2286ab3b1f2	104e8adb1c380fc9db4af540dfe157f1	bab98dace7a95d5f0856ea09d3552ffa
21794	b7fa7b666184ac1f0461e2286ab3b1f2	104e8adb1c380fc9db4af540dfe157f1	bab98dace7a95d5f0856ea09d3552ffa
21795	b7fa7b666184ac1f0461e2286ab3b1f2	104e8adb1c380fc9db4af540dfe157f1	bab98dace7a95d5f0856ea09d3552ffa
21796	b7fa7b666184ac1f0461e2286ab3b1f2	104e8adb1c380fc9db4af540dfe157f1	bab98dace7a95d5f0856ea09d3552ffa
21797	b7fa7b666184ac1f0461e2286ab3b1f2	104e8adb1c380fc9db4af540dfe157f1	bab98dace7a95d5f0856ea09d3552ffa
21798	3d47ce45d3766d633f0a6684301e86bd	20de06e77c6752452d6469db524a2262	f97d0c342505f1935dc20619c9fe9105
21799	3d47ce45d3766d633f0a6684301e86bd	20de06e77c6752452d6469db524a2262	f97d0c342505f1935dc20619c9fe9105
21800	3d47ce45d3766d633f0a6684301e86bd	20de06e77c6752452d6469db524a2262	f97d0c342505f1935dc20619c9fe9105
21801	3d47ce45d3766d633f0a6684301e86bd	20de06e77c6752452d6469db524a2262	f97d0c342505f1935dc20619c9fe9105
21802	3d47ce45d3766d633f0a6684301e86bd	20de06e77c6752452d6469db524a2262	f97d0c342505f1935dc20619c9fe9105
21803	3d47ce45d3766d633f0a6684301e86bd	20de06e77c6752452d6469db524a2262	f97d0c342505f1935dc20619c9fe9105
21804	3d47ce45d3766d633f0a6684301e86bd	20de06e77c6752452d6469db524a2262	f97d0c342505f1935dc20619c9fe9105
21805	0a3e14843b3de95ef85727296a2f094f	ca4314392bd03f0e5a9d95e1bc928c10	52b089056840acda51bc9a250b277677
21806	0a3e14843b3de95ef85727296a2f094f	ca4314392bd03f0e5a9d95e1bc928c10	52b089056840acda51bc9a250b277677
21807	0a3e14843b3de95ef85727296a2f094f	ca4314392bd03f0e5a9d95e1bc928c10	52b089056840acda51bc9a250b277677
21808	0a3e14843b3de95ef85727296a2f094f	ca4314392bd03f0e5a9d95e1bc928c10	52b089056840acda51bc9a250b277677
21809	0a3e14843b3de95ef85727296a2f094f	ca4314392bd03f0e5a9d95e1bc928c10	52b089056840acda51bc9a250b277677
21810	709e256ea8825ba65b369bf8b74afbad	5cbca788c53674365173ec2c625e5fba	bbeae8f044e44a0a87614eb5cc5db1c5
21811	709e256ea8825ba65b369bf8b74afbad	5cbca788c53674365173ec2c625e5fba	bbeae8f044e44a0a87614eb5cc5db1c5
21812	709e256ea8825ba65b369bf8b74afbad	5cbca788c53674365173ec2c625e5fba	bbeae8f044e44a0a87614eb5cc5db1c5
21813	709e256ea8825ba65b369bf8b74afbad	5cbca788c53674365173ec2c625e5fba	bbeae8f044e44a0a87614eb5cc5db1c5
21814	709e256ea8825ba65b369bf8b74afbad	5cbca788c53674365173ec2c625e5fba	bbeae8f044e44a0a87614eb5cc5db1c5
21815	709e256ea8825ba65b369bf8b74afbad	5cbca788c53674365173ec2c625e5fba	bbeae8f044e44a0a87614eb5cc5db1c5
21816	709e256ea8825ba65b369bf8b74afbad	5cbca788c53674365173ec2c625e5fba	bbeae8f044e44a0a87614eb5cc5db1c5
21817	709e256ea8825ba65b369bf8b74afbad	5cbca788c53674365173ec2c625e5fba	bbeae8f044e44a0a87614eb5cc5db1c5
21818	709e256ea8825ba65b369bf8b74afbad	5cbca788c53674365173ec2c625e5fba	bbeae8f044e44a0a87614eb5cc5db1c5
21819	709e256ea8825ba65b369bf8b74afbad	5cbca788c53674365173ec2c625e5fba	bbeae8f044e44a0a87614eb5cc5db1c5
21820	709e256ea8825ba65b369bf8b74afbad	5cbca788c53674365173ec2c625e5fba	bbeae8f044e44a0a87614eb5cc5db1c5
21821	709e256ea8825ba65b369bf8b74afbad	5cbca788c53674365173ec2c625e5fba	bbeae8f044e44a0a87614eb5cc5db1c5
21822	01db09f5220fc30c13122b6845df1fac	3553170d0b6f647841e64d9152ab3c3f	7e1cf4ba8cf1218ee3539e409f71d9f8
21823	01db09f5220fc30c13122b6845df1fac	3553170d0b6f647841e64d9152ab3c3f	7e1cf4ba8cf1218ee3539e409f71d9f8
21824	01db09f5220fc30c13122b6845df1fac	3553170d0b6f647841e64d9152ab3c3f	7e1cf4ba8cf1218ee3539e409f71d9f8
21825	01db09f5220fc30c13122b6845df1fac	3553170d0b6f647841e64d9152ab3c3f	7e1cf4ba8cf1218ee3539e409f71d9f8
21826	01db09f5220fc30c13122b6845df1fac	3553170d0b6f647841e64d9152ab3c3f	7e1cf4ba8cf1218ee3539e409f71d9f8
21827	b4fefb07d7a8ea425f96067726679d47	e29db6985140e7b26e690f35e22d9448	bf88e9fcf9f3d3e654d4851271a4718f
21828	b4fefb07d7a8ea425f96067726679d47	e29db6985140e7b26e690f35e22d9448	bf88e9fcf9f3d3e654d4851271a4718f
21829	b4fefb07d7a8ea425f96067726679d47	e29db6985140e7b26e690f35e22d9448	bf88e9fcf9f3d3e654d4851271a4718f
21830	a7db55046122a9d91e82733a4ad9bbd2	6731791fa3278aafc6730e807ff94511	84a9a458444ff939e119e45eae22ed0a
21831	cf598f940f00d80160e1b3394de4d1e8	9c2bebd007e046376726459312e5bf83	9efe9ecefaf8679be2242287db9ad184
21832	cf598f940f00d80160e1b3394de4d1e8	9c2bebd007e046376726459312e5bf83	9efe9ecefaf8679be2242287db9ad184
21833	cf598f940f00d80160e1b3394de4d1e8	9c2bebd007e046376726459312e5bf83	9efe9ecefaf8679be2242287db9ad184
21834	6cfbbd8ac7cd1f95548cec11ca29631a	5f535a28923a858bc58c1a18d689f0a9	7e302d6e235177b3bff187bb92d83f26
21835	6cfbbd8ac7cd1f95548cec11ca29631a	5f535a28923a858bc58c1a18d689f0a9	7e302d6e235177b3bff187bb92d83f26
21836	6cfbbd8ac7cd1f95548cec11ca29631a	5f535a28923a858bc58c1a18d689f0a9	7e302d6e235177b3bff187bb92d83f26
21837	6cfbbd8ac7cd1f95548cec11ca29631a	5f535a28923a858bc58c1a18d689f0a9	7e302d6e235177b3bff187bb92d83f26
21838	6cfbbd8ac7cd1f95548cec11ca29631a	5f535a28923a858bc58c1a18d689f0a9	7e302d6e235177b3bff187bb92d83f26
21839	760fe6e7c2939f21a81dbf677878786c	79dcf440d23dd9b72bb78daf5c544ba7	6c8ae6db447b244f413a115661befc68
21840	760fe6e7c2939f21a81dbf677878786c	79dcf440d23dd9b72bb78daf5c544ba7	6c8ae6db447b244f413a115661befc68
21841	760fe6e7c2939f21a81dbf677878786c	79dcf440d23dd9b72bb78daf5c544ba7	6c8ae6db447b244f413a115661befc68
21842	760fe6e7c2939f21a81dbf677878786c	79dcf440d23dd9b72bb78daf5c544ba7	6c8ae6db447b244f413a115661befc68
21843	760fe6e7c2939f21a81dbf677878786c	79dcf440d23dd9b72bb78daf5c544ba7	6c8ae6db447b244f413a115661befc68
21844	760fe6e7c2939f21a81dbf677878786c	79dcf440d23dd9b72bb78daf5c544ba7	6c8ae6db447b244f413a115661befc68
21845	760fe6e7c2939f21a81dbf677878786c	79dcf440d23dd9b72bb78daf5c544ba7	6c8ae6db447b244f413a115661befc68
21846	d324a0514fb7d11b78d4b9797f801b28	73996b6d810db655225b77449c636ce3	b97800e05940412b0a6a44335ade4270
21847	d324a0514fb7d11b78d4b9797f801b28	73996b6d810db655225b77449c636ce3	b97800e05940412b0a6a44335ade4270
21848	d324a0514fb7d11b78d4b9797f801b28	73996b6d810db655225b77449c636ce3	b97800e05940412b0a6a44335ade4270
21849	36a58a9ed8a1e17d51d9d04cd6b0ee55	e316b0b62f22172ba32d6d4bd7adcfda	42b570b1008bc07b5f24709aa024d591
21850	d324a0514fb7d11b78d4b9797f801b28	73996b6d810db655225b77449c636ce3	b97800e05940412b0a6a44335ade4270
21851	1c3a199529daa5bc99bd77e8467bb786	f8b79ee3a75cc6083b20d9df98600e3d	b59ccf2f3e33cb68869a97a910437c1e
21852	1c3a199529daa5bc99bd77e8467bb786	f8b79ee3a75cc6083b20d9df98600e3d	b59ccf2f3e33cb68869a97a910437c1e
21853	1c3a199529daa5bc99bd77e8467bb786	f8b79ee3a75cc6083b20d9df98600e3d	b59ccf2f3e33cb68869a97a910437c1e
21854	1c3a199529daa5bc99bd77e8467bb786	f8b79ee3a75cc6083b20d9df98600e3d	b59ccf2f3e33cb68869a97a910437c1e
21855	1c3a199529daa5bc99bd77e8467bb786	f8b79ee3a75cc6083b20d9df98600e3d	b59ccf2f3e33cb68869a97a910437c1e
21856	1c3a199529daa5bc99bd77e8467bb786	f8b79ee3a75cc6083b20d9df98600e3d	b59ccf2f3e33cb68869a97a910437c1e
21857	1c3a199529daa5bc99bd77e8467bb786	f8b79ee3a75cc6083b20d9df98600e3d	b59ccf2f3e33cb68869a97a910437c1e
21858	850dc5f5e62b769d0c2014f3c71c08e5	9c1546847c7cfa7bb44bf8bb9b5e33fa	4e49faa25bafcb796ca8a9d18d1abe6d
21859	850dc5f5e62b769d0c2014f3c71c08e5	9c1546847c7cfa7bb44bf8bb9b5e33fa	4e49faa25bafcb796ca8a9d18d1abe6d
21860	850dc5f5e62b769d0c2014f3c71c08e5	9c1546847c7cfa7bb44bf8bb9b5e33fa	4e49faa25bafcb796ca8a9d18d1abe6d
21861	850dc5f5e62b769d0c2014f3c71c08e5	9c1546847c7cfa7bb44bf8bb9b5e33fa	4e49faa25bafcb796ca8a9d18d1abe6d
21862	850dc5f5e62b769d0c2014f3c71c08e5	9c1546847c7cfa7bb44bf8bb9b5e33fa	4e49faa25bafcb796ca8a9d18d1abe6d
21863	ac40a2c48bff2fabe8266629affe459a	d8ae3bc07a159055de01358c1f9341a9	92d7086d59b5b9db50b021cd32377eb2
21864	ac40a2c48bff2fabe8266629affe459a	d8ae3bc07a159055de01358c1f9341a9	92d7086d59b5b9db50b021cd32377eb2
21865	ac40a2c48bff2fabe8266629affe459a	d8ae3bc07a159055de01358c1f9341a9	92d7086d59b5b9db50b021cd32377eb2
21866	ac40a2c48bff2fabe8266629affe459a	d8ae3bc07a159055de01358c1f9341a9	92d7086d59b5b9db50b021cd32377eb2
21867	ac40a2c48bff2fabe8266629affe459a	d8ae3bc07a159055de01358c1f9341a9	92d7086d59b5b9db50b021cd32377eb2
21868	80f6e7cb36918b64e14caa83f4b3aa5b	1caad608185efd681624a767a928019c	9ba89faabdc449aa0bb2178ca6271ad7
21869	80f6e7cb36918b64e14caa83f4b3aa5b	1caad608185efd681624a767a928019c	9ba89faabdc449aa0bb2178ca6271ad7
21870	80f6e7cb36918b64e14caa83f4b3aa5b	1caad608185efd681624a767a928019c	9ba89faabdc449aa0bb2178ca6271ad7
21871	80f6e7cb36918b64e14caa83f4b3aa5b	1caad608185efd681624a767a928019c	9ba89faabdc449aa0bb2178ca6271ad7
21872	80f6e7cb36918b64e14caa83f4b3aa5b	1caad608185efd681624a767a928019c	9ba89faabdc449aa0bb2178ca6271ad7
21873	80f6e7cb36918b64e14caa83f4b3aa5b	1caad608185efd681624a767a928019c	9ba89faabdc449aa0bb2178ca6271ad7
21874	80f6e7cb36918b64e14caa83f4b3aa5b	1caad608185efd681624a767a928019c	9ba89faabdc449aa0bb2178ca6271ad7
21875	80f6e7cb36918b64e14caa83f4b3aa5b	1caad608185efd681624a767a928019c	9ba89faabdc449aa0bb2178ca6271ad7
21876	80f6e7cb36918b64e14caa83f4b3aa5b	1caad608185efd681624a767a928019c	9ba89faabdc449aa0bb2178ca6271ad7
21877	80f6e7cb36918b64e14caa83f4b3aa5b	1caad608185efd681624a767a928019c	9ba89faabdc449aa0bb2178ca6271ad7
21878	80f6e7cb36918b64e14caa83f4b3aa5b	1caad608185efd681624a767a928019c	9ba89faabdc449aa0bb2178ca6271ad7
21879	80f6e7cb36918b64e14caa83f4b3aa5b	1caad608185efd681624a767a928019c	9ba89faabdc449aa0bb2178ca6271ad7
21880	d74e925f437a48a3cfb3a9b3e9526d65	5780542ceae37895bb418fa5603f467a	9cb5fe1397f1965d3ce23a455161e7c1
21881	d74e925f437a48a3cfb3a9b3e9526d65	5780542ceae37895bb418fa5603f467a	9cb5fe1397f1965d3ce23a455161e7c1
21882	d74e925f437a48a3cfb3a9b3e9526d65	5780542ceae37895bb418fa5603f467a	9cb5fe1397f1965d3ce23a455161e7c1
21883	d74e925f437a48a3cfb3a9b3e9526d65	5780542ceae37895bb418fa5603f467a	9cb5fe1397f1965d3ce23a455161e7c1
21884	d74e925f437a48a3cfb3a9b3e9526d65	5780542ceae37895bb418fa5603f467a	9cb5fe1397f1965d3ce23a455161e7c1
21885	d74e925f437a48a3cfb3a9b3e9526d65	5780542ceae37895bb418fa5603f467a	9cb5fe1397f1965d3ce23a455161e7c1
21886	d74e925f437a48a3cfb3a9b3e9526d65	5780542ceae37895bb418fa5603f467a	9cb5fe1397f1965d3ce23a455161e7c1
21887	e6781554319b66cff9f8e6653a28da49	c95a4611bf3abe7100aee708f4a2f81e	bcc3ffe35feb98956b9d19efd0dbc125
21888	e6781554319b66cff9f8e6653a28da49	c95a4611bf3abe7100aee708f4a2f81e	bcc3ffe35feb98956b9d19efd0dbc125
21889	e6781554319b66cff9f8e6653a28da49	c95a4611bf3abe7100aee708f4a2f81e	bcc3ffe35feb98956b9d19efd0dbc125
21890	e6781554319b66cff9f8e6653a28da49	c95a4611bf3abe7100aee708f4a2f81e	bcc3ffe35feb98956b9d19efd0dbc125
21891	e6781554319b66cff9f8e6653a28da49	c95a4611bf3abe7100aee708f4a2f81e	bcc3ffe35feb98956b9d19efd0dbc125
21892	e6781554319b66cff9f8e6653a28da49	c95a4611bf3abe7100aee708f4a2f81e	bcc3ffe35feb98956b9d19efd0dbc125
21893	e6781554319b66cff9f8e6653a28da49	c95a4611bf3abe7100aee708f4a2f81e	bcc3ffe35feb98956b9d19efd0dbc125
21894	e6781554319b66cff9f8e6653a28da49	c95a4611bf3abe7100aee708f4a2f81e	bcc3ffe35feb98956b9d19efd0dbc125
21895	e6781554319b66cff9f8e6653a28da49	c95a4611bf3abe7100aee708f4a2f81e	bcc3ffe35feb98956b9d19efd0dbc125
21896	e6781554319b66cff9f8e6653a28da49	c95a4611bf3abe7100aee708f4a2f81e	bcc3ffe35feb98956b9d19efd0dbc125
21897	2655950f1cbe3145e54d78e6061278af	29b4ef15fe0b56031ffc9583ffda6428	b284fd3d6c9811b732f8675386718003
21898	2655950f1cbe3145e54d78e6061278af	29b4ef15fe0b56031ffc9583ffda6428	b284fd3d6c9811b732f8675386718003
21899	2655950f1cbe3145e54d78e6061278af	29b4ef15fe0b56031ffc9583ffda6428	b284fd3d6c9811b732f8675386718003
21900	2655950f1cbe3145e54d78e6061278af	29b4ef15fe0b56031ffc9583ffda6428	b284fd3d6c9811b732f8675386718003
21901	2655950f1cbe3145e54d78e6061278af	29b4ef15fe0b56031ffc9583ffda6428	b284fd3d6c9811b732f8675386718003
21902	2655950f1cbe3145e54d78e6061278af	29b4ef15fe0b56031ffc9583ffda6428	b284fd3d6c9811b732f8675386718003
21903	2655950f1cbe3145e54d78e6061278af	29b4ef15fe0b56031ffc9583ffda6428	b284fd3d6c9811b732f8675386718003
21904	a80b0515c2389d04836f5931e62626c3	d4546b04a5cb08d843a1c2e525410584	2333a37680795a8468d942b719c0aedb
21905	a80b0515c2389d04836f5931e62626c3	d4546b04a5cb08d843a1c2e525410584	2333a37680795a8468d942b719c0aedb
21906	a80b0515c2389d04836f5931e62626c3	d4546b04a5cb08d843a1c2e525410584	2333a37680795a8468d942b719c0aedb
21907	a80b0515c2389d04836f5931e62626c3	d4546b04a5cb08d843a1c2e525410584	2333a37680795a8468d942b719c0aedb
21908	a80b0515c2389d04836f5931e62626c3	d4546b04a5cb08d843a1c2e525410584	2333a37680795a8468d942b719c0aedb
21909	0562a14516d56a5299d6a7dfcb6ac607	981839be1fba183293ef2b68dbb975c8	5ce4d1518963d29cbe11d5e909e8a7d3
21910	0562a14516d56a5299d6a7dfcb6ac607	981839be1fba183293ef2b68dbb975c8	5ce4d1518963d29cbe11d5e909e8a7d3
21911	0562a14516d56a5299d6a7dfcb6ac607	981839be1fba183293ef2b68dbb975c8	5ce4d1518963d29cbe11d5e909e8a7d3
21912	0562a14516d56a5299d6a7dfcb6ac607	981839be1fba183293ef2b68dbb975c8	5ce4d1518963d29cbe11d5e909e8a7d3
21913	0562a14516d56a5299d6a7dfcb6ac607	981839be1fba183293ef2b68dbb975c8	5ce4d1518963d29cbe11d5e909e8a7d3
21914	0562a14516d56a5299d6a7dfcb6ac607	981839be1fba183293ef2b68dbb975c8	5ce4d1518963d29cbe11d5e909e8a7d3
21915	0562a14516d56a5299d6a7dfcb6ac607	981839be1fba183293ef2b68dbb975c8	5ce4d1518963d29cbe11d5e909e8a7d3
21916	0562a14516d56a5299d6a7dfcb6ac607	981839be1fba183293ef2b68dbb975c8	5ce4d1518963d29cbe11d5e909e8a7d3
21917	0562a14516d56a5299d6a7dfcb6ac607	981839be1fba183293ef2b68dbb975c8	5ce4d1518963d29cbe11d5e909e8a7d3
21918	0562a14516d56a5299d6a7dfcb6ac607	981839be1fba183293ef2b68dbb975c8	5ce4d1518963d29cbe11d5e909e8a7d3
21919	0562a14516d56a5299d6a7dfcb6ac607	981839be1fba183293ef2b68dbb975c8	5ce4d1518963d29cbe11d5e909e8a7d3
21920	0562a14516d56a5299d6a7dfcb6ac607	981839be1fba183293ef2b68dbb975c8	5ce4d1518963d29cbe11d5e909e8a7d3
21921	0562a14516d56a5299d6a7dfcb6ac607	981839be1fba183293ef2b68dbb975c8	5ce4d1518963d29cbe11d5e909e8a7d3
21922	0562a14516d56a5299d6a7dfcb6ac607	981839be1fba183293ef2b68dbb975c8	5ce4d1518963d29cbe11d5e909e8a7d3
21923	0562a14516d56a5299d6a7dfcb6ac607	981839be1fba183293ef2b68dbb975c8	5ce4d1518963d29cbe11d5e909e8a7d3
21924	0562a14516d56a5299d6a7dfcb6ac607	981839be1fba183293ef2b68dbb975c8	5ce4d1518963d29cbe11d5e909e8a7d3
21925	0562a14516d56a5299d6a7dfcb6ac607	981839be1fba183293ef2b68dbb975c8	5ce4d1518963d29cbe11d5e909e8a7d3
21926	916ad57856652256aa0ecfad03c7f6e9	6fbc51b4411f11e6a55503c4bf90c2d6	aad5dad231b007e2ce6520b5f565e4a9
21927	916ad57856652256aa0ecfad03c7f6e9	6fbc51b4411f11e6a55503c4bf90c2d6	aad5dad231b007e2ce6520b5f565e4a9
21928	916ad57856652256aa0ecfad03c7f6e9	6fbc51b4411f11e6a55503c4bf90c2d6	aad5dad231b007e2ce6520b5f565e4a9
21929	916ad57856652256aa0ecfad03c7f6e9	6fbc51b4411f11e6a55503c4bf90c2d6	aad5dad231b007e2ce6520b5f565e4a9
21930	916ad57856652256aa0ecfad03c7f6e9	6fbc51b4411f11e6a55503c4bf90c2d6	aad5dad231b007e2ce6520b5f565e4a9
21931	916ad57856652256aa0ecfad03c7f6e9	6fbc51b4411f11e6a55503c4bf90c2d6	aad5dad231b007e2ce6520b5f565e4a9
21932	916ad57856652256aa0ecfad03c7f6e9	6fbc51b4411f11e6a55503c4bf90c2d6	aad5dad231b007e2ce6520b5f565e4a9
21933	c2275deb2b575474af403f19dce79fc9	2f834a27af83a7a81b8fffcb6999d826	f7a348cfc66c9e16bcc4ca7e1995f0c5
21934	c2275deb2b575474af403f19dce79fc9	2f834a27af83a7a81b8fffcb6999d826	f7a348cfc66c9e16bcc4ca7e1995f0c5
21935	c2275deb2b575474af403f19dce79fc9	2f834a27af83a7a81b8fffcb6999d826	f7a348cfc66c9e16bcc4ca7e1995f0c5
21936	e2b977eabc9e5458f86ed3468c6d8466	b146538ff0656ec4c5d58646057ce3dd	4ad778d2f959d0e05323ef7aeaa5c246
21937	e2b977eabc9e5458f86ed3468c6d8466	b146538ff0656ec4c5d58646057ce3dd	4ad778d2f959d0e05323ef7aeaa5c246
21938	e6ea4a7abb68482ffc5c51328f8d6a7f	f95eca5e7dced24168821295ab015aa8	b31718fbbd8313e7d16d3248f1d47067
21939	e6ea4a7abb68482ffc5c51328f8d6a7f	f95eca5e7dced24168821295ab015aa8	b31718fbbd8313e7d16d3248f1d47067
21940	e6ea4a7abb68482ffc5c51328f8d6a7f	f95eca5e7dced24168821295ab015aa8	b31718fbbd8313e7d16d3248f1d47067
21941	e6ea4a7abb68482ffc5c51328f8d6a7f	f95eca5e7dced24168821295ab015aa8	b31718fbbd8313e7d16d3248f1d47067
21942	e6ea4a7abb68482ffc5c51328f8d6a7f	f95eca5e7dced24168821295ab015aa8	b31718fbbd8313e7d16d3248f1d47067
21943	e6ea4a7abb68482ffc5c51328f8d6a7f	f95eca5e7dced24168821295ab015aa8	b31718fbbd8313e7d16d3248f1d47067
21944	e6ea4a7abb68482ffc5c51328f8d6a7f	f95eca5e7dced24168821295ab015aa8	b31718fbbd8313e7d16d3248f1d47067
21945	01de468db52a5ab844c5031eb4048fec	e7a8316fdedb2424b7b6772d4383262f	ef1d2cf99d0b90b04967c6e21dbff72c
21946	01de468db52a5ab844c5031eb4048fec	e7a8316fdedb2424b7b6772d4383262f	ef1d2cf99d0b90b04967c6e21dbff72c
21947	01de468db52a5ab844c5031eb4048fec	e7a8316fdedb2424b7b6772d4383262f	ef1d2cf99d0b90b04967c6e21dbff72c
21948	3af6ead6ac786bcc533550af2e6fbb48	18c2f1872d644738d664d29a28c7942b	a27fb57d77eb151e9960e2d0f05feefc
21949	3af6ead6ac786bcc533550af2e6fbb48	18c2f1872d644738d664d29a28c7942b	a27fb57d77eb151e9960e2d0f05feefc
21950	38101ae59a76d4618b3fb9d7988535ab	0a4d9b4ac85c5cbf6fd9a8b0ad56af14	12b51bab399ac833ff88e6296fec01c7
21951	38101ae59a76d4618b3fb9d7988535ab	0a4d9b4ac85c5cbf6fd9a8b0ad56af14	12b51bab399ac833ff88e6296fec01c7
21952	38101ae59a76d4618b3fb9d7988535ab	0a4d9b4ac85c5cbf6fd9a8b0ad56af14	12b51bab399ac833ff88e6296fec01c7
21953	38101ae59a76d4618b3fb9d7988535ab	0a4d9b4ac85c5cbf6fd9a8b0ad56af14	12b51bab399ac833ff88e6296fec01c7
21954	38101ae59a76d4618b3fb9d7988535ab	0a4d9b4ac85c5cbf6fd9a8b0ad56af14	12b51bab399ac833ff88e6296fec01c7
21955	38101ae59a76d4618b3fb9d7988535ab	0a4d9b4ac85c5cbf6fd9a8b0ad56af14	12b51bab399ac833ff88e6296fec01c7
21956	38101ae59a76d4618b3fb9d7988535ab	0a4d9b4ac85c5cbf6fd9a8b0ad56af14	12b51bab399ac833ff88e6296fec01c7
21957	1d2ae4393541456da3fb31cb40c7cbae	a4b3d076a226802382930b073db8c20d	5956676659d34cf3c4d80f92c7101d4a
21958	1d2ae4393541456da3fb31cb40c7cbae	a4b3d076a226802382930b073db8c20d	5956676659d34cf3c4d80f92c7101d4a
21959	1d2ae4393541456da3fb31cb40c7cbae	a4b3d076a226802382930b073db8c20d	5956676659d34cf3c4d80f92c7101d4a
21960	1d2ae4393541456da3fb31cb40c7cbae	a4b3d076a226802382930b073db8c20d	5956676659d34cf3c4d80f92c7101d4a
21961	1d2ae4393541456da3fb31cb40c7cbae	a4b3d076a226802382930b073db8c20d	5956676659d34cf3c4d80f92c7101d4a
21962	1d2ae4393541456da3fb31cb40c7cbae	a4b3d076a226802382930b073db8c20d	5956676659d34cf3c4d80f92c7101d4a
21963	1d2ae4393541456da3fb31cb40c7cbae	a4b3d076a226802382930b073db8c20d	5956676659d34cf3c4d80f92c7101d4a
21964	1d2ae4393541456da3fb31cb40c7cbae	a4b3d076a226802382930b073db8c20d	5956676659d34cf3c4d80f92c7101d4a
21965	1d2ae4393541456da3fb31cb40c7cbae	a4b3d076a226802382930b073db8c20d	5956676659d34cf3c4d80f92c7101d4a
21966	1d2ae4393541456da3fb31cb40c7cbae	a4b3d076a226802382930b073db8c20d	5956676659d34cf3c4d80f92c7101d4a
21967	a91ad272800b93958c4a214890076f26	69db5d728dbdd64b9886d534c5e4c065	b786962b3a2275b5064c78f370eec096
21968	a91ad272800b93958c4a214890076f26	69db5d728dbdd64b9886d534c5e4c065	b786962b3a2275b5064c78f370eec096
21969	a91ad272800b93958c4a214890076f26	69db5d728dbdd64b9886d534c5e4c065	b786962b3a2275b5064c78f370eec096
21970	a91ad272800b93958c4a214890076f26	69db5d728dbdd64b9886d534c5e4c065	b786962b3a2275b5064c78f370eec096
21971	a91ad272800b93958c4a214890076f26	69db5d728dbdd64b9886d534c5e4c065	b786962b3a2275b5064c78f370eec096
21972	a91ad272800b93958c4a214890076f26	69db5d728dbdd64b9886d534c5e4c065	b786962b3a2275b5064c78f370eec096
21973	a91ad272800b93958c4a214890076f26	69db5d728dbdd64b9886d534c5e4c065	b786962b3a2275b5064c78f370eec096
21974	b0f80c34624efba018441cb0c828c73a	52508303cf1c2b5c8f419e8c124c0a21	963122f13609e51056a35115d944a15a
21975	b0f80c34624efba018441cb0c828c73a	52508303cf1c2b5c8f419e8c124c0a21	963122f13609e51056a35115d944a15a
21976	b0f80c34624efba018441cb0c828c73a	52508303cf1c2b5c8f419e8c124c0a21	963122f13609e51056a35115d944a15a
21977	b0f80c34624efba018441cb0c828c73a	52508303cf1c2b5c8f419e8c124c0a21	963122f13609e51056a35115d944a15a
21978	b0f80c34624efba018441cb0c828c73a	52508303cf1c2b5c8f419e8c124c0a21	963122f13609e51056a35115d944a15a
21979	23ed166dbfe4be7644bff145f0cd5467	cd98e18d1c32a806690f1488150893e8	0478c6680c15bf1431c248505c01a443
21980	23ed166dbfe4be7644bff145f0cd5467	cd98e18d1c32a806690f1488150893e8	0478c6680c15bf1431c248505c01a443
21981	23ed166dbfe4be7644bff145f0cd5467	cd98e18d1c32a806690f1488150893e8	0478c6680c15bf1431c248505c01a443
21982	23ed166dbfe4be7644bff145f0cd5467	cd98e18d1c32a806690f1488150893e8	0478c6680c15bf1431c248505c01a443
21983	23ed166dbfe4be7644bff145f0cd5467	cd98e18d1c32a806690f1488150893e8	0478c6680c15bf1431c248505c01a443
21984	23ed166dbfe4be7644bff145f0cd5467	cd98e18d1c32a806690f1488150893e8	0478c6680c15bf1431c248505c01a443
21985	23ed166dbfe4be7644bff145f0cd5467	cd98e18d1c32a806690f1488150893e8	0478c6680c15bf1431c248505c01a443
21986	0086a0e3c984820228e9880c8f29c7be	d7718cfd34dc008a041e9dc3a4856835	090ba9a5685f441a9242f32794e8b996
21987	0086a0e3c984820228e9880c8f29c7be	d7718cfd34dc008a041e9dc3a4856835	090ba9a5685f441a9242f32794e8b996
21988	0086a0e3c984820228e9880c8f29c7be	d7718cfd34dc008a041e9dc3a4856835	090ba9a5685f441a9242f32794e8b996
21989	0086a0e3c984820228e9880c8f29c7be	d7718cfd34dc008a041e9dc3a4856835	090ba9a5685f441a9242f32794e8b996
21990	0086a0e3c984820228e9880c8f29c7be	d7718cfd34dc008a041e9dc3a4856835	090ba9a5685f441a9242f32794e8b996
21991	c180351dcba9735830a3adbe3156281a	1c37819f53a322949b6fea7e7ba23921	70097db2028b7d92db8af7468c15a2ee
21992	c180351dcba9735830a3adbe3156281a	1c37819f53a322949b6fea7e7ba23921	70097db2028b7d92db8af7468c15a2ee
21993	c180351dcba9735830a3adbe3156281a	1c37819f53a322949b6fea7e7ba23921	70097db2028b7d92db8af7468c15a2ee
21994	30240576b9995277aa7d3e0634e5a602	ba9634a6bd8919810292ca462a31e611	ec96035b3a1a24d976a683eae46d1736
21995	30240576b9995277aa7d3e0634e5a602	ba9634a6bd8919810292ca462a31e611	ec96035b3a1a24d976a683eae46d1736
21996	de35fa11fbe5a1c3c5b75ad555c70a4d	713f0319678c25e5abf31b611d16f7c2	ab9b1615a26343cf47b04c38a8c88ef5
21997	de35fa11fbe5a1c3c5b75ad555c70a4d	713f0319678c25e5abf31b611d16f7c2	ab9b1615a26343cf47b04c38a8c88ef5
21998	de35fa11fbe5a1c3c5b75ad555c70a4d	713f0319678c25e5abf31b611d16f7c2	ab9b1615a26343cf47b04c38a8c88ef5
21999	de35fa11fbe5a1c3c5b75ad555c70a4d	713f0319678c25e5abf31b611d16f7c2	ab9b1615a26343cf47b04c38a8c88ef5
22000	de35fa11fbe5a1c3c5b75ad555c70a4d	713f0319678c25e5abf31b611d16f7c2	ab9b1615a26343cf47b04c38a8c88ef5
22001	de35fa11fbe5a1c3c5b75ad555c70a4d	713f0319678c25e5abf31b611d16f7c2	ab9b1615a26343cf47b04c38a8c88ef5
22002	de35fa11fbe5a1c3c5b75ad555c70a4d	713f0319678c25e5abf31b611d16f7c2	ab9b1615a26343cf47b04c38a8c88ef5
22003	5fc37305a203b14bdea31e86eb350050	df570e418e9ae935b072eddc4d4e0bab	9830c4d7943e59aff9a21cd18db71270
22004	5fc37305a203b14bdea31e86eb350050	df570e418e9ae935b072eddc4d4e0bab	9830c4d7943e59aff9a21cd18db71270
22005	5fc37305a203b14bdea31e86eb350050	df570e418e9ae935b072eddc4d4e0bab	9830c4d7943e59aff9a21cd18db71270
22006	5fc37305a203b14bdea31e86eb350050	df570e418e9ae935b072eddc4d4e0bab	9830c4d7943e59aff9a21cd18db71270
22007	5fc37305a203b14bdea31e86eb350050	df570e418e9ae935b072eddc4d4e0bab	9830c4d7943e59aff9a21cd18db71270
22008	8f71f87c729527ff29837bc58c703a2a	d2754c6fadefc599b4d8be2e5269bd49	195cebb2e2ddf995b5208374ec209a06
22009	8f71f87c729527ff29837bc58c703a2a	d2754c6fadefc599b4d8be2e5269bd49	195cebb2e2ddf995b5208374ec209a06
22010	8f71f87c729527ff29837bc58c703a2a	d2754c6fadefc599b4d8be2e5269bd49	195cebb2e2ddf995b5208374ec209a06
22011	af221b34cf81b44038750e1498e01ebf	12b71fae7c2102940523dfcab08c05a0	4e8a6697e4a35534da7d9cc5c4a7df6f
22012	af221b34cf81b44038750e1498e01ebf	12b71fae7c2102940523dfcab08c05a0	4e8a6697e4a35534da7d9cc5c4a7df6f
22013	b3888a3d163fe7dee64d6982057a5d41	e00b6439bef51edeab1d99c79c5ae40e	eb14b7d6803ed5602c7c3ed67f787765
22014	b3888a3d163fe7dee64d6982057a5d41	e00b6439bef51edeab1d99c79c5ae40e	eb14b7d6803ed5602c7c3ed67f787765
22015	8f71f87c729527ff29837bc58c703a2a	d2754c6fadefc599b4d8be2e5269bd49	195cebb2e2ddf995b5208374ec209a06
22016	8f71f87c729527ff29837bc58c703a2a	d2754c6fadefc599b4d8be2e5269bd49	195cebb2e2ddf995b5208374ec209a06
22017	8f71f87c729527ff29837bc58c703a2a	d2754c6fadefc599b4d8be2e5269bd49	195cebb2e2ddf995b5208374ec209a06
22018	d7d4b4bac2dd93ac820ad32027cd459a	0768f80089848df82ce3e5b44d547f61	aca8c8562c6a2bd6f811ab4f74466696
22019	8f71f87c729527ff29837bc58c703a2a	d2754c6fadefc599b4d8be2e5269bd49	195cebb2e2ddf995b5208374ec209a06
22020	faa23592c41c56e7fd4363d6b20055b7	d67bc1f269e06a99d051a239c5bc66c0	087a4b28c0b504d18242f3356b751de3
22021	faa23592c41c56e7fd4363d6b20055b7	d67bc1f269e06a99d051a239c5bc66c0	087a4b28c0b504d18242f3356b751de3
22022	faa23592c41c56e7fd4363d6b20055b7	d67bc1f269e06a99d051a239c5bc66c0	087a4b28c0b504d18242f3356b751de3
22023	faa23592c41c56e7fd4363d6b20055b7	d67bc1f269e06a99d051a239c5bc66c0	087a4b28c0b504d18242f3356b751de3
22024	faa23592c41c56e7fd4363d6b20055b7	d67bc1f269e06a99d051a239c5bc66c0	087a4b28c0b504d18242f3356b751de3
22025	faa23592c41c56e7fd4363d6b20055b7	d67bc1f269e06a99d051a239c5bc66c0	087a4b28c0b504d18242f3356b751de3
22026	faa23592c41c56e7fd4363d6b20055b7	d67bc1f269e06a99d051a239c5bc66c0	087a4b28c0b504d18242f3356b751de3
22027	faa23592c41c56e7fd4363d6b20055b7	d67bc1f269e06a99d051a239c5bc66c0	087a4b28c0b504d18242f3356b751de3
22028	faa23592c41c56e7fd4363d6b20055b7	d67bc1f269e06a99d051a239c5bc66c0	087a4b28c0b504d18242f3356b751de3
22029	faa23592c41c56e7fd4363d6b20055b7	d67bc1f269e06a99d051a239c5bc66c0	087a4b28c0b504d18242f3356b751de3
22030	faa23592c41c56e7fd4363d6b20055b7	d67bc1f269e06a99d051a239c5bc66c0	087a4b28c0b504d18242f3356b751de3
22031	faa23592c41c56e7fd4363d6b20055b7	d67bc1f269e06a99d051a239c5bc66c0	087a4b28c0b504d18242f3356b751de3
22032	176df0538f760912d6d3f979a143a8d7	0d85cf1be723344240bd3a6aedc7d688	caa135307a47dd68d0f0ca9f8ee94483
22033	176df0538f760912d6d3f979a143a8d7	0d85cf1be723344240bd3a6aedc7d688	caa135307a47dd68d0f0ca9f8ee94483
22034	176df0538f760912d6d3f979a143a8d7	0d85cf1be723344240bd3a6aedc7d688	caa135307a47dd68d0f0ca9f8ee94483
22035	176df0538f760912d6d3f979a143a8d7	0d85cf1be723344240bd3a6aedc7d688	caa135307a47dd68d0f0ca9f8ee94483
22036	176df0538f760912d6d3f979a143a8d7	0d85cf1be723344240bd3a6aedc7d688	caa135307a47dd68d0f0ca9f8ee94483
22037	69e2c1b7c5fbe4c26752f17689ef7e91	01dbd9c5477d7ea29f13d93b5ce25a4e	0b896778a22078e0fb60477eafba06fd
22038	69e2c1b7c5fbe4c26752f17689ef7e91	01dbd9c5477d7ea29f13d93b5ce25a4e	0b896778a22078e0fb60477eafba06fd
22039	69e2c1b7c5fbe4c26752f17689ef7e91	01dbd9c5477d7ea29f13d93b5ce25a4e	0b896778a22078e0fb60477eafba06fd
22040	69e2c1b7c5fbe4c26752f17689ef7e91	01dbd9c5477d7ea29f13d93b5ce25a4e	0b896778a22078e0fb60477eafba06fd
22041	69e2c1b7c5fbe4c26752f17689ef7e91	01dbd9c5477d7ea29f13d93b5ce25a4e	0b896778a22078e0fb60477eafba06fd
22042	69e2c1b7c5fbe4c26752f17689ef7e91	01dbd9c5477d7ea29f13d93b5ce25a4e	0b896778a22078e0fb60477eafba06fd
22043	69e2c1b7c5fbe4c26752f17689ef7e91	01dbd9c5477d7ea29f13d93b5ce25a4e	0b896778a22078e0fb60477eafba06fd
22044	69e2c1b7c5fbe4c26752f17689ef7e91	01dbd9c5477d7ea29f13d93b5ce25a4e	0b896778a22078e0fb60477eafba06fd
22045	69e2c1b7c5fbe4c26752f17689ef7e91	01dbd9c5477d7ea29f13d93b5ce25a4e	0b896778a22078e0fb60477eafba06fd
22046	69e2c1b7c5fbe4c26752f17689ef7e91	01dbd9c5477d7ea29f13d93b5ce25a4e	0b896778a22078e0fb60477eafba06fd
22047	69e2c1b7c5fbe4c26752f17689ef7e91	01dbd9c5477d7ea29f13d93b5ce25a4e	0b896778a22078e0fb60477eafba06fd
22048	69e2c1b7c5fbe4c26752f17689ef7e91	01dbd9c5477d7ea29f13d93b5ce25a4e	0b896778a22078e0fb60477eafba06fd
22049	7fdb3c6a8f67f24e9e1061d1ee265dab	b13538a24adfc92e24b89ca4bc58305c	cea230b872cc67d62c2a25937fad063b
22050	7fdb3c6a8f67f24e9e1061d1ee265dab	b13538a24adfc92e24b89ca4bc58305c	cea230b872cc67d62c2a25937fad063b
22051	7fdb3c6a8f67f24e9e1061d1ee265dab	b13538a24adfc92e24b89ca4bc58305c	cea230b872cc67d62c2a25937fad063b
22052	7fdb3c6a8f67f24e9e1061d1ee265dab	b13538a24adfc92e24b89ca4bc58305c	cea230b872cc67d62c2a25937fad063b
22053	7fdb3c6a8f67f24e9e1061d1ee265dab	b13538a24adfc92e24b89ca4bc58305c	cea230b872cc67d62c2a25937fad063b
22054	7fdb3c6a8f67f24e9e1061d1ee265dab	b13538a24adfc92e24b89ca4bc58305c	cea230b872cc67d62c2a25937fad063b
22055	7fdb3c6a8f67f24e9e1061d1ee265dab	b13538a24adfc92e24b89ca4bc58305c	cea230b872cc67d62c2a25937fad063b
22056	383cafbec59b6d1f3c8ebf7f658297e5	c9fd1164b9fabb51e1c6ac2d151c5aca	61b5816522f4a35564bfe981e511b2b1
22057	383cafbec59b6d1f3c8ebf7f658297e5	c9fd1164b9fabb51e1c6ac2d151c5aca	61b5816522f4a35564bfe981e511b2b1
22058	383cafbec59b6d1f3c8ebf7f658297e5	c9fd1164b9fabb51e1c6ac2d151c5aca	61b5816522f4a35564bfe981e511b2b1
22059	383cafbec59b6d1f3c8ebf7f658297e5	c9fd1164b9fabb51e1c6ac2d151c5aca	61b5816522f4a35564bfe981e511b2b1
22060	383cafbec59b6d1f3c8ebf7f658297e5	c9fd1164b9fabb51e1c6ac2d151c5aca	61b5816522f4a35564bfe981e511b2b1
22061	383cafbec59b6d1f3c8ebf7f658297e5	c9fd1164b9fabb51e1c6ac2d151c5aca	61b5816522f4a35564bfe981e511b2b1
22062	383cafbec59b6d1f3c8ebf7f658297e5	c9fd1164b9fabb51e1c6ac2d151c5aca	61b5816522f4a35564bfe981e511b2b1
22063	383cafbec59b6d1f3c8ebf7f658297e5	c9fd1164b9fabb51e1c6ac2d151c5aca	61b5816522f4a35564bfe981e511b2b1
22064	383cafbec59b6d1f3c8ebf7f658297e5	c9fd1164b9fabb51e1c6ac2d151c5aca	61b5816522f4a35564bfe981e511b2b1
22065	383cafbec59b6d1f3c8ebf7f658297e5	c9fd1164b9fabb51e1c6ac2d151c5aca	61b5816522f4a35564bfe981e511b2b1
22066	3597890be1faccb45bdeea009cce785f	a81cd9efb60683f8302520e87f79a450	13c3a46cc4b34518645fc118b3d7ea3f
22067	3597890be1faccb45bdeea009cce785f	a81cd9efb60683f8302520e87f79a450	13c3a46cc4b34518645fc118b3d7ea3f
22068	3597890be1faccb45bdeea009cce785f	a81cd9efb60683f8302520e87f79a450	13c3a46cc4b34518645fc118b3d7ea3f
22069	3597890be1faccb45bdeea009cce785f	a81cd9efb60683f8302520e87f79a450	13c3a46cc4b34518645fc118b3d7ea3f
22070	3597890be1faccb45bdeea009cce785f	a81cd9efb60683f8302520e87f79a450	13c3a46cc4b34518645fc118b3d7ea3f
22071	3597890be1faccb45bdeea009cce785f	a81cd9efb60683f8302520e87f79a450	13c3a46cc4b34518645fc118b3d7ea3f
22072	3597890be1faccb45bdeea009cce785f	a81cd9efb60683f8302520e87f79a450	13c3a46cc4b34518645fc118b3d7ea3f
22073	368f12fafad402da06c2116705cfd05d	b79b6350c85dbcfa7558aa37c728275a	e0f002f517d1c24ec52b3a387f7bd7ad
22074	368f12fafad402da06c2116705cfd05d	b79b6350c85dbcfa7558aa37c728275a	e0f002f517d1c24ec52b3a387f7bd7ad
22075	368f12fafad402da06c2116705cfd05d	b79b6350c85dbcfa7558aa37c728275a	e0f002f517d1c24ec52b3a387f7bd7ad
22076	368f12fafad402da06c2116705cfd05d	b79b6350c85dbcfa7558aa37c728275a	e0f002f517d1c24ec52b3a387f7bd7ad
22077	368f12fafad402da06c2116705cfd05d	b79b6350c85dbcfa7558aa37c728275a	e0f002f517d1c24ec52b3a387f7bd7ad
22078	3ecbf4c18448bef9aec6dfb3f4343bdf	364e70e89986a4874f6a3813724e8dd8	4ccf6d8ffaebcdd7203e6ee8aa314c13
22079	3ecbf4c18448bef9aec6dfb3f4343bdf	364e70e89986a4874f6a3813724e8dd8	4ccf6d8ffaebcdd7203e6ee8aa314c13
22080	3ecbf4c18448bef9aec6dfb3f4343bdf	364e70e89986a4874f6a3813724e8dd8	4ccf6d8ffaebcdd7203e6ee8aa314c13
22081	3ecbf4c18448bef9aec6dfb3f4343bdf	364e70e89986a4874f6a3813724e8dd8	4ccf6d8ffaebcdd7203e6ee8aa314c13
22082	3ecbf4c18448bef9aec6dfb3f4343bdf	364e70e89986a4874f6a3813724e8dd8	4ccf6d8ffaebcdd7203e6ee8aa314c13
22083	3ecbf4c18448bef9aec6dfb3f4343bdf	364e70e89986a4874f6a3813724e8dd8	4ccf6d8ffaebcdd7203e6ee8aa314c13
22084	3ecbf4c18448bef9aec6dfb3f4343bdf	364e70e89986a4874f6a3813724e8dd8	4ccf6d8ffaebcdd7203e6ee8aa314c13
22085	3ecbf4c18448bef9aec6dfb3f4343bdf	364e70e89986a4874f6a3813724e8dd8	4ccf6d8ffaebcdd7203e6ee8aa314c13
22086	3ecbf4c18448bef9aec6dfb3f4343bdf	364e70e89986a4874f6a3813724e8dd8	4ccf6d8ffaebcdd7203e6ee8aa314c13
22087	3ecbf4c18448bef9aec6dfb3f4343bdf	364e70e89986a4874f6a3813724e8dd8	4ccf6d8ffaebcdd7203e6ee8aa314c13
22088	3ecbf4c18448bef9aec6dfb3f4343bdf	364e70e89986a4874f6a3813724e8dd8	4ccf6d8ffaebcdd7203e6ee8aa314c13
22089	3ecbf4c18448bef9aec6dfb3f4343bdf	364e70e89986a4874f6a3813724e8dd8	4ccf6d8ffaebcdd7203e6ee8aa314c13
22090	3ecbf4c18448bef9aec6dfb3f4343bdf	364e70e89986a4874f6a3813724e8dd8	4ccf6d8ffaebcdd7203e6ee8aa314c13
22091	3ecbf4c18448bef9aec6dfb3f4343bdf	364e70e89986a4874f6a3813724e8dd8	4ccf6d8ffaebcdd7203e6ee8aa314c13
22092	3ecbf4c18448bef9aec6dfb3f4343bdf	364e70e89986a4874f6a3813724e8dd8	4ccf6d8ffaebcdd7203e6ee8aa314c13
22093	3ecbf4c18448bef9aec6dfb3f4343bdf	364e70e89986a4874f6a3813724e8dd8	4ccf6d8ffaebcdd7203e6ee8aa314c13
22094	3ecbf4c18448bef9aec6dfb3f4343bdf	364e70e89986a4874f6a3813724e8dd8	4ccf6d8ffaebcdd7203e6ee8aa314c13
22095	f1de9eeb5003716f4447099793b93c5e	28bce55c9b787bb9d15924ab97b48e8d	cd6708db3234345d8e400d667e08bca2
22096	f1de9eeb5003716f4447099793b93c5e	28bce55c9b787bb9d15924ab97b48e8d	cd6708db3234345d8e400d667e08bca2
22097	f1de9eeb5003716f4447099793b93c5e	28bce55c9b787bb9d15924ab97b48e8d	cd6708db3234345d8e400d667e08bca2
22098	f1de9eeb5003716f4447099793b93c5e	28bce55c9b787bb9d15924ab97b48e8d	cd6708db3234345d8e400d667e08bca2
22099	f1de9eeb5003716f4447099793b93c5e	28bce55c9b787bb9d15924ab97b48e8d	cd6708db3234345d8e400d667e08bca2
22100	f1de9eeb5003716f4447099793b93c5e	28bce55c9b787bb9d15924ab97b48e8d	cd6708db3234345d8e400d667e08bca2
22101	f1de9eeb5003716f4447099793b93c5e	28bce55c9b787bb9d15924ab97b48e8d	cd6708db3234345d8e400d667e08bca2
22102	a149fabedc5221e2b01e29edc3c1fa32	cdc7444159b1694a2c35e604d9c94a29	c2d8bdf1a9a0668c7d060aadabd1e7ae
22103	a149fabedc5221e2b01e29edc3c1fa32	cdc7444159b1694a2c35e604d9c94a29	c2d8bdf1a9a0668c7d060aadabd1e7ae
22104	a149fabedc5221e2b01e29edc3c1fa32	cdc7444159b1694a2c35e604d9c94a29	c2d8bdf1a9a0668c7d060aadabd1e7ae
22105	a149fabedc5221e2b01e29edc3c1fa32	cdc7444159b1694a2c35e604d9c94a29	c2d8bdf1a9a0668c7d060aadabd1e7ae
22106	a149fabedc5221e2b01e29edc3c1fa32	cdc7444159b1694a2c35e604d9c94a29	c2d8bdf1a9a0668c7d060aadabd1e7ae
22107	cbb55e47a0dc92b32a049c84a42d08ee	f94a61f18dfa493de3b3c7fed11c788d	32441a6d3e3ac3bb664bfcd6cfb3ba2e
22108	cbb55e47a0dc92b32a049c84a42d08ee	f94a61f18dfa493de3b3c7fed11c788d	32441a6d3e3ac3bb664bfcd6cfb3ba2e
22109	cbb55e47a0dc92b32a049c84a42d08ee	f94a61f18dfa493de3b3c7fed11c788d	32441a6d3e3ac3bb664bfcd6cfb3ba2e
22110	cbb55e47a0dc92b32a049c84a42d08ee	f94a61f18dfa493de3b3c7fed11c788d	32441a6d3e3ac3bb664bfcd6cfb3ba2e
22111	cbb55e47a0dc92b32a049c84a42d08ee	f94a61f18dfa493de3b3c7fed11c788d	32441a6d3e3ac3bb664bfcd6cfb3ba2e
22112	cbb55e47a0dc92b32a049c84a42d08ee	f94a61f18dfa493de3b3c7fed11c788d	32441a6d3e3ac3bb664bfcd6cfb3ba2e
22113	cbb55e47a0dc92b32a049c84a42d08ee	f94a61f18dfa493de3b3c7fed11c788d	32441a6d3e3ac3bb664bfcd6cfb3ba2e
22114	dcab0afa45ba75df45af6961f4d6a88a	8fb962f29fdf17b9950cccc1dad21319	c78f69269b83030de844bf2b60f0176e
22115	dcab0afa45ba75df45af6961f4d6a88a	8fb962f29fdf17b9950cccc1dad21319	c78f69269b83030de844bf2b60f0176e
22116	dcab0afa45ba75df45af6961f4d6a88a	8fb962f29fdf17b9950cccc1dad21319	c78f69269b83030de844bf2b60f0176e
22117	dcab0afa45ba75df45af6961f4d6a88a	8fb962f29fdf17b9950cccc1dad21319	c78f69269b83030de844bf2b60f0176e
22118	dcab0afa45ba75df45af6961f4d6a88a	8fb962f29fdf17b9950cccc1dad21319	c78f69269b83030de844bf2b60f0176e
22119	c2e3ceaf6b929de0fdcdf63c90077b1c	b44046b78faff44ca74ced95dd5b4fdf	255c65498b6d659a7be5e93d77c35b98
22120	c2e3ceaf6b929de0fdcdf63c90077b1c	b44046b78faff44ca74ced95dd5b4fdf	255c65498b6d659a7be5e93d77c35b98
22121	c2e3ceaf6b929de0fdcdf63c90077b1c	b44046b78faff44ca74ced95dd5b4fdf	255c65498b6d659a7be5e93d77c35b98
22122	c2e3ceaf6b929de0fdcdf63c90077b1c	b44046b78faff44ca74ced95dd5b4fdf	255c65498b6d659a7be5e93d77c35b98
22123	c2e3ceaf6b929de0fdcdf63c90077b1c	b44046b78faff44ca74ced95dd5b4fdf	255c65498b6d659a7be5e93d77c35b98
22124	c2e3ceaf6b929de0fdcdf63c90077b1c	b44046b78faff44ca74ced95dd5b4fdf	255c65498b6d659a7be5e93d77c35b98
22125	c2e3ceaf6b929de0fdcdf63c90077b1c	b44046b78faff44ca74ced95dd5b4fdf	255c65498b6d659a7be5e93d77c35b98
22126	c501f6190b2296a2c2ae3d27b512085c	9443210fd1171c4a155102f3a99b91cf	f377f4c5b7f5d340b28c0fe269992a58
22127	c501f6190b2296a2c2ae3d27b512085c	9443210fd1171c4a155102f3a99b91cf	f377f4c5b7f5d340b28c0fe269992a58
22128	c501f6190b2296a2c2ae3d27b512085c	9443210fd1171c4a155102f3a99b91cf	f377f4c5b7f5d340b28c0fe269992a58
22129	c501f6190b2296a2c2ae3d27b512085c	9443210fd1171c4a155102f3a99b91cf	f377f4c5b7f5d340b28c0fe269992a58
22130	c501f6190b2296a2c2ae3d27b512085c	9443210fd1171c4a155102f3a99b91cf	f377f4c5b7f5d340b28c0fe269992a58
22131	a4779ac9e9a017d882486f5b99448193	b1f867cb76c6fe2cf1fb47dde9d69c24	f86d50f45b28faa05053bd48edfa5303
22132	a4779ac9e9a017d882486f5b99448193	b1f867cb76c6fe2cf1fb47dde9d69c24	f86d50f45b28faa05053bd48edfa5303
22133	a4779ac9e9a017d882486f5b99448193	b1f867cb76c6fe2cf1fb47dde9d69c24	f86d50f45b28faa05053bd48edfa5303
22134	a4779ac9e9a017d882486f5b99448193	b1f867cb76c6fe2cf1fb47dde9d69c24	f86d50f45b28faa05053bd48edfa5303
22135	a4779ac9e9a017d882486f5b99448193	b1f867cb76c6fe2cf1fb47dde9d69c24	f86d50f45b28faa05053bd48edfa5303
22136	1080c248b6e24fb8129248092edaa3cc	1a191002e9a7a74402e9dc7d439bed1f	3f8f542f2cd64d1aa97f05f231bbdd28
22137	1080c248b6e24fb8129248092edaa3cc	1a191002e9a7a74402e9dc7d439bed1f	3f8f542f2cd64d1aa97f05f231bbdd28
22138	1080c248b6e24fb8129248092edaa3cc	1a191002e9a7a74402e9dc7d439bed1f	3f8f542f2cd64d1aa97f05f231bbdd28
22139	1080c248b6e24fb8129248092edaa3cc	1a191002e9a7a74402e9dc7d439bed1f	3f8f542f2cd64d1aa97f05f231bbdd28
22140	1080c248b6e24fb8129248092edaa3cc	1a191002e9a7a74402e9dc7d439bed1f	3f8f542f2cd64d1aa97f05f231bbdd28
22141	1080c248b6e24fb8129248092edaa3cc	1a191002e9a7a74402e9dc7d439bed1f	3f8f542f2cd64d1aa97f05f231bbdd28
22142	1080c248b6e24fb8129248092edaa3cc	1a191002e9a7a74402e9dc7d439bed1f	3f8f542f2cd64d1aa97f05f231bbdd28
22143	716dff9fb9f1c706f899265ef71fc84c	e5ed2c04d61f3a3e75eb7025c0504baf	18e11d981a2ee778c6c443cce28a4f38
22144	716dff9fb9f1c706f899265ef71fc84c	e5ed2c04d61f3a3e75eb7025c0504baf	18e11d981a2ee778c6c443cce28a4f38
22145	716dff9fb9f1c706f899265ef71fc84c	e5ed2c04d61f3a3e75eb7025c0504baf	18e11d981a2ee778c6c443cce28a4f38
22146	716dff9fb9f1c706f899265ef71fc84c	e5ed2c04d61f3a3e75eb7025c0504baf	18e11d981a2ee778c6c443cce28a4f38
22147	716dff9fb9f1c706f899265ef71fc84c	e5ed2c04d61f3a3e75eb7025c0504baf	18e11d981a2ee778c6c443cce28a4f38
22148	0c0da792ff78eb1cbd984818ed8367ae	6ccd62d26123a8c8d90aa740bd003bf5	419d1276b36175f800966266c5c4327e
22149	0c0da792ff78eb1cbd984818ed8367ae	6ccd62d26123a8c8d90aa740bd003bf5	419d1276b36175f800966266c5c4327e
22150	0c0da792ff78eb1cbd984818ed8367ae	6ccd62d26123a8c8d90aa740bd003bf5	419d1276b36175f800966266c5c4327e
22151	0c0da792ff78eb1cbd984818ed8367ae	6ccd62d26123a8c8d90aa740bd003bf5	419d1276b36175f800966266c5c4327e
22152	0c0da792ff78eb1cbd984818ed8367ae	6ccd62d26123a8c8d90aa740bd003bf5	419d1276b36175f800966266c5c4327e
22153	0c0da792ff78eb1cbd984818ed8367ae	6ccd62d26123a8c8d90aa740bd003bf5	419d1276b36175f800966266c5c4327e
22154	0c0da792ff78eb1cbd984818ed8367ae	6ccd62d26123a8c8d90aa740bd003bf5	419d1276b36175f800966266c5c4327e
22155	9fa09f335c3033cd90f8ea7348c2e4b5	aa608b4345a5909b749cd987226b90fa	50932481b844e603debc86a90ff20019
22156	9fa09f335c3033cd90f8ea7348c2e4b5	aa608b4345a5909b749cd987226b90fa	50932481b844e603debc86a90ff20019
22157	9fa09f335c3033cd90f8ea7348c2e4b5	aa608b4345a5909b749cd987226b90fa	50932481b844e603debc86a90ff20019
22158	9fa09f335c3033cd90f8ea7348c2e4b5	aa608b4345a5909b749cd987226b90fa	50932481b844e603debc86a90ff20019
22159	9fa09f335c3033cd90f8ea7348c2e4b5	aa608b4345a5909b749cd987226b90fa	50932481b844e603debc86a90ff20019
22160	9fa09f335c3033cd90f8ea7348c2e4b5	aa608b4345a5909b749cd987226b90fa	50932481b844e603debc86a90ff20019
22161	9fa09f335c3033cd90f8ea7348c2e4b5	aa608b4345a5909b749cd987226b90fa	50932481b844e603debc86a90ff20019
22162	9fa09f335c3033cd90f8ea7348c2e4b5	aa608b4345a5909b749cd987226b90fa	50932481b844e603debc86a90ff20019
22163	9fa09f335c3033cd90f8ea7348c2e4b5	aa608b4345a5909b749cd987226b90fa	50932481b844e603debc86a90ff20019
22164	9fa09f335c3033cd90f8ea7348c2e4b5	aa608b4345a5909b749cd987226b90fa	50932481b844e603debc86a90ff20019
22165	8c32e96c0c397f9578a5a8cae70a0e82	046d4765345b31ab80555a6f06e72271	2b405bacddd84a85e496eb9493ba0db2
22166	8c32e96c0c397f9578a5a8cae70a0e82	046d4765345b31ab80555a6f06e72271	2b405bacddd84a85e496eb9493ba0db2
22167	8c32e96c0c397f9578a5a8cae70a0e82	046d4765345b31ab80555a6f06e72271	2b405bacddd84a85e496eb9493ba0db2
22168	8c32e96c0c397f9578a5a8cae70a0e82	046d4765345b31ab80555a6f06e72271	2b405bacddd84a85e496eb9493ba0db2
22169	8c32e96c0c397f9578a5a8cae70a0e82	046d4765345b31ab80555a6f06e72271	2b405bacddd84a85e496eb9493ba0db2
22170	8c32e96c0c397f9578a5a8cae70a0e82	046d4765345b31ab80555a6f06e72271	2b405bacddd84a85e496eb9493ba0db2
22171	8c32e96c0c397f9578a5a8cae70a0e82	046d4765345b31ab80555a6f06e72271	2b405bacddd84a85e496eb9493ba0db2
22172	acd3be31187f478b11d74429e77c1548	f9eb1cb105af0b751073516445bb6803	a9c7faa041500bf58852bf4d16c3e94c
22173	acd3be31187f478b11d74429e77c1548	f9eb1cb105af0b751073516445bb6803	a9c7faa041500bf58852bf4d16c3e94c
22174	acd3be31187f478b11d74429e77c1548	f9eb1cb105af0b751073516445bb6803	a9c7faa041500bf58852bf4d16c3e94c
22175	8aea9d6bb9c6813f4c47a93905405be9	17a0f4bb1acabc6185f519aacba7ee9e	4a36b44aa9ab8427e92ab22158bc27a9
22176	8aea9d6bb9c6813f4c47a93905405be9	17a0f4bb1acabc6185f519aacba7ee9e	4a36b44aa9ab8427e92ab22158bc27a9
22177	137c5a91c62b099b3bf0b27f46b06e8d	859599a25d676ebdd4ebc32eea05f9d2	51f5959824a9ff2d73a3ef458ce698a9
22178	137c5a91c62b099b3bf0b27f46b06e8d	859599a25d676ebdd4ebc32eea05f9d2	51f5959824a9ff2d73a3ef458ce698a9
22179	137c5a91c62b099b3bf0b27f46b06e8d	859599a25d676ebdd4ebc32eea05f9d2	51f5959824a9ff2d73a3ef458ce698a9
22180	137c5a91c62b099b3bf0b27f46b06e8d	859599a25d676ebdd4ebc32eea05f9d2	51f5959824a9ff2d73a3ef458ce698a9
22181	137c5a91c62b099b3bf0b27f46b06e8d	859599a25d676ebdd4ebc32eea05f9d2	51f5959824a9ff2d73a3ef458ce698a9
22182	137c5a91c62b099b3bf0b27f46b06e8d	859599a25d676ebdd4ebc32eea05f9d2	51f5959824a9ff2d73a3ef458ce698a9
22183	137c5a91c62b099b3bf0b27f46b06e8d	859599a25d676ebdd4ebc32eea05f9d2	51f5959824a9ff2d73a3ef458ce698a9
22184	f76197bd0213f6b0180ea2a03cc73586	b586a616bdf1f22cca19ae1d63c942ed	c1f81195fb8d41fae23c1cda1d92b832
22185	f76197bd0213f6b0180ea2a03cc73586	b586a616bdf1f22cca19ae1d63c942ed	c1f81195fb8d41fae23c1cda1d92b832
22186	f76197bd0213f6b0180ea2a03cc73586	b586a616bdf1f22cca19ae1d63c942ed	c1f81195fb8d41fae23c1cda1d92b832
22187	f76197bd0213f6b0180ea2a03cc73586	b586a616bdf1f22cca19ae1d63c942ed	c1f81195fb8d41fae23c1cda1d92b832
22188	f76197bd0213f6b0180ea2a03cc73586	b586a616bdf1f22cca19ae1d63c942ed	c1f81195fb8d41fae23c1cda1d92b832
22189	ebabaaac5252357440d403c0c4dbeeb3	8ba7dc214132127879dde1f9a6d999b4	15b7345d51e51ad6cf1af83963af12df
22190	ebabaaac5252357440d403c0c4dbeeb3	8ba7dc214132127879dde1f9a6d999b4	15b7345d51e51ad6cf1af83963af12df
22191	ebabaaac5252357440d403c0c4dbeeb3	8ba7dc214132127879dde1f9a6d999b4	15b7345d51e51ad6cf1af83963af12df
22192	ebabaaac5252357440d403c0c4dbeeb3	8ba7dc214132127879dde1f9a6d999b4	15b7345d51e51ad6cf1af83963af12df
22193	ebabaaac5252357440d403c0c4dbeeb3	8ba7dc214132127879dde1f9a6d999b4	15b7345d51e51ad6cf1af83963af12df
22194	ebabaaac5252357440d403c0c4dbeeb3	8ba7dc214132127879dde1f9a6d999b4	15b7345d51e51ad6cf1af83963af12df
22195	ebabaaac5252357440d403c0c4dbeeb3	8ba7dc214132127879dde1f9a6d999b4	15b7345d51e51ad6cf1af83963af12df
22196	ebabaaac5252357440d403c0c4dbeeb3	8ba7dc214132127879dde1f9a6d999b4	15b7345d51e51ad6cf1af83963af12df
22197	ebabaaac5252357440d403c0c4dbeeb3	8ba7dc214132127879dde1f9a6d999b4	15b7345d51e51ad6cf1af83963af12df
22198	ebabaaac5252357440d403c0c4dbeeb3	8ba7dc214132127879dde1f9a6d999b4	15b7345d51e51ad6cf1af83963af12df
22199	ebabaaac5252357440d403c0c4dbeeb3	8ba7dc214132127879dde1f9a6d999b4	15b7345d51e51ad6cf1af83963af12df
22200	ebabaaac5252357440d403c0c4dbeeb3	8ba7dc214132127879dde1f9a6d999b4	15b7345d51e51ad6cf1af83963af12df
22201	ebabaaac5252357440d403c0c4dbeeb3	8ba7dc214132127879dde1f9a6d999b4	15b7345d51e51ad6cf1af83963af12df
22202	ebabaaac5252357440d403c0c4dbeeb3	8ba7dc214132127879dde1f9a6d999b4	15b7345d51e51ad6cf1af83963af12df
22203	ebabaaac5252357440d403c0c4dbeeb3	8ba7dc214132127879dde1f9a6d999b4	15b7345d51e51ad6cf1af83963af12df
22204	ebabaaac5252357440d403c0c4dbeeb3	8ba7dc214132127879dde1f9a6d999b4	15b7345d51e51ad6cf1af83963af12df
22205	ebabaaac5252357440d403c0c4dbeeb3	8ba7dc214132127879dde1f9a6d999b4	15b7345d51e51ad6cf1af83963af12df
22206	d424326312943d1e1f1d9df47880cbbd	5bcfdd8f12ecc9ae0636632ea0cd548a	fbc16b2a50305a6cc05e2c158cff5781
22207	d424326312943d1e1f1d9df47880cbbd	5bcfdd8f12ecc9ae0636632ea0cd548a	fbc16b2a50305a6cc05e2c158cff5781
22208	d424326312943d1e1f1d9df47880cbbd	5bcfdd8f12ecc9ae0636632ea0cd548a	fbc16b2a50305a6cc05e2c158cff5781
22209	d424326312943d1e1f1d9df47880cbbd	5bcfdd8f12ecc9ae0636632ea0cd548a	fbc16b2a50305a6cc05e2c158cff5781
22210	d424326312943d1e1f1d9df47880cbbd	5bcfdd8f12ecc9ae0636632ea0cd548a	fbc16b2a50305a6cc05e2c158cff5781
22211	d424326312943d1e1f1d9df47880cbbd	5bcfdd8f12ecc9ae0636632ea0cd548a	fbc16b2a50305a6cc05e2c158cff5781
22212	d424326312943d1e1f1d9df47880cbbd	5bcfdd8f12ecc9ae0636632ea0cd548a	fbc16b2a50305a6cc05e2c158cff5781
22213	d42806d6d53de23b228b5c28458831e7	614b348a28a27f9d5e206717834ef750	0611d9c0b4f09b3163ba24d4b31326c3
22214	d42806d6d53de23b228b5c28458831e7	614b348a28a27f9d5e206717834ef750	0611d9c0b4f09b3163ba24d4b31326c3
22215	d42806d6d53de23b228b5c28458831e7	614b348a28a27f9d5e206717834ef750	0611d9c0b4f09b3163ba24d4b31326c3
22216	d42806d6d53de23b228b5c28458831e7	614b348a28a27f9d5e206717834ef750	0611d9c0b4f09b3163ba24d4b31326c3
22217	d42806d6d53de23b228b5c28458831e7	614b348a28a27f9d5e206717834ef750	0611d9c0b4f09b3163ba24d4b31326c3
22218	1d63adc385edb6e61352499c4adee286	67618d912eb829aed1bb67485203f5ad	95a36a93614fb19cec767c6e5744be22
22219	1d63adc385edb6e61352499c4adee286	67618d912eb829aed1bb67485203f5ad	95a36a93614fb19cec767c6e5744be22
22220	1d63adc385edb6e61352499c4adee286	67618d912eb829aed1bb67485203f5ad	95a36a93614fb19cec767c6e5744be22
22221	1d63adc385edb6e61352499c4adee286	67618d912eb829aed1bb67485203f5ad	95a36a93614fb19cec767c6e5744be22
22222	1d63adc385edb6e61352499c4adee286	67618d912eb829aed1bb67485203f5ad	95a36a93614fb19cec767c6e5744be22
22223	1d63adc385edb6e61352499c4adee286	67618d912eb829aed1bb67485203f5ad	95a36a93614fb19cec767c6e5744be22
22224	1d63adc385edb6e61352499c4adee286	67618d912eb829aed1bb67485203f5ad	95a36a93614fb19cec767c6e5744be22
22225	5e8378249324e18a8274f1645b5fea53	68dbe1967efa595a12bd5cf0e43561d4	8e451202464bc5b0d938cf6fc9b5f96f
22226	5e8378249324e18a8274f1645b5fea53	68dbe1967efa595a12bd5cf0e43561d4	8e451202464bc5b0d938cf6fc9b5f96f
22227	5e8378249324e18a8274f1645b5fea53	68dbe1967efa595a12bd5cf0e43561d4	8e451202464bc5b0d938cf6fc9b5f96f
22228	5e8378249324e18a8274f1645b5fea53	68dbe1967efa595a12bd5cf0e43561d4	8e451202464bc5b0d938cf6fc9b5f96f
22229	5e8378249324e18a8274f1645b5fea53	68dbe1967efa595a12bd5cf0e43561d4	8e451202464bc5b0d938cf6fc9b5f96f
22230	a391c48a003c4b3abc0575a7e3045dce	f2de6f5bbdf00682fbd1c1bfa5100dc5	44ecf2d34c27d1fc7079758ca75374e2
22231	a391c48a003c4b3abc0575a7e3045dce	f2de6f5bbdf00682fbd1c1bfa5100dc5	44ecf2d34c27d1fc7079758ca75374e2
22232	a391c48a003c4b3abc0575a7e3045dce	f2de6f5bbdf00682fbd1c1bfa5100dc5	44ecf2d34c27d1fc7079758ca75374e2
22233	a391c48a003c4b3abc0575a7e3045dce	f2de6f5bbdf00682fbd1c1bfa5100dc5	44ecf2d34c27d1fc7079758ca75374e2
22234	a391c48a003c4b3abc0575a7e3045dce	f2de6f5bbdf00682fbd1c1bfa5100dc5	44ecf2d34c27d1fc7079758ca75374e2
22235	ce8a741abf7a089ca5e208df2810a659	54a283089c6f91b04a3ca64606448c46	b3f9deac2491d71605b4d3d3ae652b65
22236	ce8a741abf7a089ca5e208df2810a659	54a283089c6f91b04a3ca64606448c46	b3f9deac2491d71605b4d3d3ae652b65
22237	ce8a741abf7a089ca5e208df2810a659	54a283089c6f91b04a3ca64606448c46	b3f9deac2491d71605b4d3d3ae652b65
22238	ce8a741abf7a089ca5e208df2810a659	54a283089c6f91b04a3ca64606448c46	b3f9deac2491d71605b4d3d3ae652b65
22239	ce8a741abf7a089ca5e208df2810a659	54a283089c6f91b04a3ca64606448c46	b3f9deac2491d71605b4d3d3ae652b65
22240	ce8a741abf7a089ca5e208df2810a659	54a283089c6f91b04a3ca64606448c46	b3f9deac2491d71605b4d3d3ae652b65
22241	ce8a741abf7a089ca5e208df2810a659	54a283089c6f91b04a3ca64606448c46	b3f9deac2491d71605b4d3d3ae652b65
22242	8a771952bf4cf6656ccc9ad710a8853e	d9dff31fcdbd8d1ba8ebae9ac449f45d	df1329d79d77fd957bbd227d73dd6d5e
22243	8a771952bf4cf6656ccc9ad710a8853e	d9dff31fcdbd8d1ba8ebae9ac449f45d	df1329d79d77fd957bbd227d73dd6d5e
22244	8a771952bf4cf6656ccc9ad710a8853e	d9dff31fcdbd8d1ba8ebae9ac449f45d	df1329d79d77fd957bbd227d73dd6d5e
22245	0b28240c6016094fc70ae154783c2c47	2f4533af0e1b4591989400cfaa5817e0	1603156e689d8dc5645b2c7b194179ab
22246	0b28240c6016094fc70ae154783c2c47	2f4533af0e1b4591989400cfaa5817e0	1603156e689d8dc5645b2c7b194179ab
22247	ad0605a26ae1259b10ca96d07e192248	fcf4477a4fe930d5e40a1e73e38092f3	80a8649bb0401a8f29a85a7d9f349d40
22248	ad0605a26ae1259b10ca96d07e192248	fcf4477a4fe930d5e40a1e73e38092f3	80a8649bb0401a8f29a85a7d9f349d40
22249	ad0605a26ae1259b10ca96d07e192248	fcf4477a4fe930d5e40a1e73e38092f3	80a8649bb0401a8f29a85a7d9f349d40
22250	ad0605a26ae1259b10ca96d07e192248	fcf4477a4fe930d5e40a1e73e38092f3	80a8649bb0401a8f29a85a7d9f349d40
22251	ad0605a26ae1259b10ca96d07e192248	fcf4477a4fe930d5e40a1e73e38092f3	80a8649bb0401a8f29a85a7d9f349d40
22252	ad0605a26ae1259b10ca96d07e192248	fcf4477a4fe930d5e40a1e73e38092f3	80a8649bb0401a8f29a85a7d9f349d40
22253	ad0605a26ae1259b10ca96d07e192248	fcf4477a4fe930d5e40a1e73e38092f3	80a8649bb0401a8f29a85a7d9f349d40
22254	425c2085ef3c38e839151e3ce07bbfaa	128ec1e41089c394c9e2987f82b4e3f1	37d901bd1aa838b079be024eef27a2c2
22255	425c2085ef3c38e839151e3ce07bbfaa	128ec1e41089c394c9e2987f82b4e3f1	37d901bd1aa838b079be024eef27a2c2
22256	425c2085ef3c38e839151e3ce07bbfaa	128ec1e41089c394c9e2987f82b4e3f1	37d901bd1aa838b079be024eef27a2c2
22257	425c2085ef3c38e839151e3ce07bbfaa	128ec1e41089c394c9e2987f82b4e3f1	37d901bd1aa838b079be024eef27a2c2
22258	425c2085ef3c38e839151e3ce07bbfaa	128ec1e41089c394c9e2987f82b4e3f1	37d901bd1aa838b079be024eef27a2c2
22259	78e94eaf4c454b2d1bc42411d70e66be	833a4ad80b6a6ba34e48f7cffe5e0fcd	a222019a3271bcdd60de0f9b765af036
22260	78e94eaf4c454b2d1bc42411d70e66be	833a4ad80b6a6ba34e48f7cffe5e0fcd	a222019a3271bcdd60de0f9b765af036
22261	78e94eaf4c454b2d1bc42411d70e66be	833a4ad80b6a6ba34e48f7cffe5e0fcd	a222019a3271bcdd60de0f9b765af036
22262	78e94eaf4c454b2d1bc42411d70e66be	833a4ad80b6a6ba34e48f7cffe5e0fcd	a222019a3271bcdd60de0f9b765af036
22263	78e94eaf4c454b2d1bc42411d70e66be	833a4ad80b6a6ba34e48f7cffe5e0fcd	a222019a3271bcdd60de0f9b765af036
22264	78e94eaf4c454b2d1bc42411d70e66be	833a4ad80b6a6ba34e48f7cffe5e0fcd	a222019a3271bcdd60de0f9b765af036
22265	78e94eaf4c454b2d1bc42411d70e66be	833a4ad80b6a6ba34e48f7cffe5e0fcd	a222019a3271bcdd60de0f9b765af036
22266	591eded2384d09ee33daa09447048ac4	aee3547a2b4e1e96d0c8dcb26a8984a7	67a4d67c78d47d1e9829605b5a82f70c
22267	591eded2384d09ee33daa09447048ac4	aee3547a2b4e1e96d0c8dcb26a8984a7	67a4d67c78d47d1e9829605b5a82f70c
22268	591eded2384d09ee33daa09447048ac4	aee3547a2b4e1e96d0c8dcb26a8984a7	67a4d67c78d47d1e9829605b5a82f70c
22269	591eded2384d09ee33daa09447048ac4	aee3547a2b4e1e96d0c8dcb26a8984a7	67a4d67c78d47d1e9829605b5a82f70c
22270	591eded2384d09ee33daa09447048ac4	aee3547a2b4e1e96d0c8dcb26a8984a7	67a4d67c78d47d1e9829605b5a82f70c
22271	f07237c8c12f8f8a07b5fb1a64a2c3be	fd866731fb0d6ce21303b44db5c9d215	8bd6a67eb3f5eb86335909dec7a36c56
22272	f07237c8c12f8f8a07b5fb1a64a2c3be	fd866731fb0d6ce21303b44db5c9d215	8bd6a67eb3f5eb86335909dec7a36c56
22273	f07237c8c12f8f8a07b5fb1a64a2c3be	fd866731fb0d6ce21303b44db5c9d215	8bd6a67eb3f5eb86335909dec7a36c56
22274	f07237c8c12f8f8a07b5fb1a64a2c3be	fd866731fb0d6ce21303b44db5c9d215	8bd6a67eb3f5eb86335909dec7a36c56
22275	f07237c8c12f8f8a07b5fb1a64a2c3be	fd866731fb0d6ce21303b44db5c9d215	8bd6a67eb3f5eb86335909dec7a36c56
22276	558aceac84e6a2a21b1118fce7d5856f	2e7d6023545dbc9268b2c027065d56d0	12bb93fb0e95b708a7e2ba58ae335143
22277	558aceac84e6a2a21b1118fce7d5856f	2e7d6023545dbc9268b2c027065d56d0	12bb93fb0e95b708a7e2ba58ae335143
22278	558aceac84e6a2a21b1118fce7d5856f	2e7d6023545dbc9268b2c027065d56d0	12bb93fb0e95b708a7e2ba58ae335143
22279	558aceac84e6a2a21b1118fce7d5856f	2e7d6023545dbc9268b2c027065d56d0	12bb93fb0e95b708a7e2ba58ae335143
22280	558aceac84e6a2a21b1118fce7d5856f	2e7d6023545dbc9268b2c027065d56d0	12bb93fb0e95b708a7e2ba58ae335143
22281	558aceac84e6a2a21b1118fce7d5856f	2e7d6023545dbc9268b2c027065d56d0	12bb93fb0e95b708a7e2ba58ae335143
22282	558aceac84e6a2a21b1118fce7d5856f	2e7d6023545dbc9268b2c027065d56d0	12bb93fb0e95b708a7e2ba58ae335143
22283	558aceac84e6a2a21b1118fce7d5856f	2e7d6023545dbc9268b2c027065d56d0	12bb93fb0e95b708a7e2ba58ae335143
22284	558aceac84e6a2a21b1118fce7d5856f	2e7d6023545dbc9268b2c027065d56d0	12bb93fb0e95b708a7e2ba58ae335143
22285	558aceac84e6a2a21b1118fce7d5856f	2e7d6023545dbc9268b2c027065d56d0	12bb93fb0e95b708a7e2ba58ae335143
22286	558aceac84e6a2a21b1118fce7d5856f	2e7d6023545dbc9268b2c027065d56d0	12bb93fb0e95b708a7e2ba58ae335143
22287	558aceac84e6a2a21b1118fce7d5856f	2e7d6023545dbc9268b2c027065d56d0	12bb93fb0e95b708a7e2ba58ae335143
22288	458f80e7cdd8091b6b9c4fe57469bb02	4e090e9df23ec0258bd1dd52217506f1	9962129b1bbd69915599d2027c93635e
22289	458f80e7cdd8091b6b9c4fe57469bb02	4e090e9df23ec0258bd1dd52217506f1	9962129b1bbd69915599d2027c93635e
22290	458f80e7cdd8091b6b9c4fe57469bb02	4e090e9df23ec0258bd1dd52217506f1	9962129b1bbd69915599d2027c93635e
22291	458f80e7cdd8091b6b9c4fe57469bb02	4e090e9df23ec0258bd1dd52217506f1	9962129b1bbd69915599d2027c93635e
22292	458f80e7cdd8091b6b9c4fe57469bb02	4e090e9df23ec0258bd1dd52217506f1	9962129b1bbd69915599d2027c93635e
22293	458f80e7cdd8091b6b9c4fe57469bb02	4e090e9df23ec0258bd1dd52217506f1	9962129b1bbd69915599d2027c93635e
22294	458f80e7cdd8091b6b9c4fe57469bb02	4e090e9df23ec0258bd1dd52217506f1	9962129b1bbd69915599d2027c93635e
22295	ba6151dbbd69ada0732e7ae9f8a738db	b51b6c2046cf7a548a2bcc7baa3db97c	b6c70d82e28c8d2cd5f3e168b1695013
22296	ba6151dbbd69ada0732e7ae9f8a738db	b51b6c2046cf7a548a2bcc7baa3db97c	b6c70d82e28c8d2cd5f3e168b1695013
22297	ba6151dbbd69ada0732e7ae9f8a738db	b51b6c2046cf7a548a2bcc7baa3db97c	b6c70d82e28c8d2cd5f3e168b1695013
22298	ba6151dbbd69ada0732e7ae9f8a738db	b51b6c2046cf7a548a2bcc7baa3db97c	b6c70d82e28c8d2cd5f3e168b1695013
22299	ba6151dbbd69ada0732e7ae9f8a738db	b51b6c2046cf7a548a2bcc7baa3db97c	b6c70d82e28c8d2cd5f3e168b1695013
22300	ba6151dbbd69ada0732e7ae9f8a738db	b51b6c2046cf7a548a2bcc7baa3db97c	b6c70d82e28c8d2cd5f3e168b1695013
22301	ba6151dbbd69ada0732e7ae9f8a738db	b51b6c2046cf7a548a2bcc7baa3db97c	b6c70d82e28c8d2cd5f3e168b1695013
22302	ba6151dbbd69ada0732e7ae9f8a738db	b51b6c2046cf7a548a2bcc7baa3db97c	b6c70d82e28c8d2cd5f3e168b1695013
22303	ba6151dbbd69ada0732e7ae9f8a738db	b51b6c2046cf7a548a2bcc7baa3db97c	b6c70d82e28c8d2cd5f3e168b1695013
22304	ba6151dbbd69ada0732e7ae9f8a738db	b51b6c2046cf7a548a2bcc7baa3db97c	b6c70d82e28c8d2cd5f3e168b1695013
22305	76e13806a3c91b84ed6d2fe3590e3acd	72f5da7d7ea4dd28ebec4c5ad24bbc1a	59f425bdf957ba02538c4af064af6c61
22306	76e13806a3c91b84ed6d2fe3590e3acd	72f5da7d7ea4dd28ebec4c5ad24bbc1a	59f425bdf957ba02538c4af064af6c61
22307	76e13806a3c91b84ed6d2fe3590e3acd	72f5da7d7ea4dd28ebec4c5ad24bbc1a	59f425bdf957ba02538c4af064af6c61
22308	76e13806a3c91b84ed6d2fe3590e3acd	72f5da7d7ea4dd28ebec4c5ad24bbc1a	59f425bdf957ba02538c4af064af6c61
22309	76e13806a3c91b84ed6d2fe3590e3acd	72f5da7d7ea4dd28ebec4c5ad24bbc1a	59f425bdf957ba02538c4af064af6c61
22310	76e13806a3c91b84ed6d2fe3590e3acd	72f5da7d7ea4dd28ebec4c5ad24bbc1a	59f425bdf957ba02538c4af064af6c61
22311	76e13806a3c91b84ed6d2fe3590e3acd	72f5da7d7ea4dd28ebec4c5ad24bbc1a	59f425bdf957ba02538c4af064af6c61
22312	08c6cc837db36879a8e7c1f36fdcf96f	2c086d084fbfcb27c150774ca13213d8	a6ea62111754c80f9d14cc949dd899b3
22313	08c6cc837db36879a8e7c1f36fdcf96f	2c086d084fbfcb27c150774ca13213d8	a6ea62111754c80f9d14cc949dd899b3
22314	08c6cc837db36879a8e7c1f36fdcf96f	2c086d084fbfcb27c150774ca13213d8	a6ea62111754c80f9d14cc949dd899b3
22315	08c6cc837db36879a8e7c1f36fdcf96f	2c086d084fbfcb27c150774ca13213d8	a6ea62111754c80f9d14cc949dd899b3
22316	08c6cc837db36879a8e7c1f36fdcf96f	2c086d084fbfcb27c150774ca13213d8	a6ea62111754c80f9d14cc949dd899b3
22317	2e8942175251c6106981019802790299	2954f239baece5a404d06e47a0f71c26	26f85d50bb3b3fc24c877c110226803d
22318	2e8942175251c6106981019802790299	2954f239baece5a404d06e47a0f71c26	26f85d50bb3b3fc24c877c110226803d
22319	2e8942175251c6106981019802790299	2954f239baece5a404d06e47a0f71c26	26f85d50bb3b3fc24c877c110226803d
22320	2e8942175251c6106981019802790299	2954f239baece5a404d06e47a0f71c26	26f85d50bb3b3fc24c877c110226803d
22321	2e8942175251c6106981019802790299	2954f239baece5a404d06e47a0f71c26	26f85d50bb3b3fc24c877c110226803d
22322	2e8942175251c6106981019802790299	2954f239baece5a404d06e47a0f71c26	26f85d50bb3b3fc24c877c110226803d
22323	2e8942175251c6106981019802790299	2954f239baece5a404d06e47a0f71c26	26f85d50bb3b3fc24c877c110226803d
22324	2e8942175251c6106981019802790299	2954f239baece5a404d06e47a0f71c26	26f85d50bb3b3fc24c877c110226803d
22325	2e8942175251c6106981019802790299	2954f239baece5a404d06e47a0f71c26	26f85d50bb3b3fc24c877c110226803d
22326	2e8942175251c6106981019802790299	2954f239baece5a404d06e47a0f71c26	26f85d50bb3b3fc24c877c110226803d
22327	2e8942175251c6106981019802790299	2954f239baece5a404d06e47a0f71c26	26f85d50bb3b3fc24c877c110226803d
22328	2e8942175251c6106981019802790299	2954f239baece5a404d06e47a0f71c26	26f85d50bb3b3fc24c877c110226803d
22329	2e8942175251c6106981019802790299	2954f239baece5a404d06e47a0f71c26	26f85d50bb3b3fc24c877c110226803d
22330	2e8942175251c6106981019802790299	2954f239baece5a404d06e47a0f71c26	26f85d50bb3b3fc24c877c110226803d
22331	2e8942175251c6106981019802790299	2954f239baece5a404d06e47a0f71c26	26f85d50bb3b3fc24c877c110226803d
22332	2e8942175251c6106981019802790299	2954f239baece5a404d06e47a0f71c26	26f85d50bb3b3fc24c877c110226803d
22333	2e8942175251c6106981019802790299	2954f239baece5a404d06e47a0f71c26	26f85d50bb3b3fc24c877c110226803d
22334	8815e45dbdd6f6c85c6117b43d9dbf62	2ccfcac11aad520483e70bbf624c2ae9	89737f74d0a5c74e615e86f9a98984ee
22335	8815e45dbdd6f6c85c6117b43d9dbf62	2ccfcac11aad520483e70bbf624c2ae9	89737f74d0a5c74e615e86f9a98984ee
22336	8815e45dbdd6f6c85c6117b43d9dbf62	2ccfcac11aad520483e70bbf624c2ae9	89737f74d0a5c74e615e86f9a98984ee
22337	1a71cb0e2275da00c7eb069521d02d72	c3118845b61196ac5c2b5d1f343dcef9	b2c7fad9087cffe2bd07fd5a3f4b5d36
22338	8815e45dbdd6f6c85c6117b43d9dbf62	2ccfcac11aad520483e70bbf624c2ae9	89737f74d0a5c74e615e86f9a98984ee
22339	0a9ebc1fb03dc304471876724b8a29fd	38a4370c2ce4a6d8887b2096fab1494a	3ee7837ce668a5386517be75805d5c6d
22340	0a9ebc1fb03dc304471876724b8a29fd	38a4370c2ce4a6d8887b2096fab1494a	3ee7837ce668a5386517be75805d5c6d
22341	2694ba6e16f5fac2c8c602cfe82f639e	67f9effed0b46bca341af36e02eb9255	0ae23095233177d877c9dd145966f482
22342	2694ba6e16f5fac2c8c602cfe82f639e	67f9effed0b46bca341af36e02eb9255	0ae23095233177d877c9dd145966f482
22343	2694ba6e16f5fac2c8c602cfe82f639e	67f9effed0b46bca341af36e02eb9255	0ae23095233177d877c9dd145966f482
22344	8815e45dbdd6f6c85c6117b43d9dbf62	2ccfcac11aad520483e70bbf624c2ae9	89737f74d0a5c74e615e86f9a98984ee
22345	8815e45dbdd6f6c85c6117b43d9dbf62	2ccfcac11aad520483e70bbf624c2ae9	89737f74d0a5c74e615e86f9a98984ee
22346	8815e45dbdd6f6c85c6117b43d9dbf62	2ccfcac11aad520483e70bbf624c2ae9	89737f74d0a5c74e615e86f9a98984ee
22347	8815e45dbdd6f6c85c6117b43d9dbf62	2ccfcac11aad520483e70bbf624c2ae9	89737f74d0a5c74e615e86f9a98984ee
22348	8815e45dbdd6f6c85c6117b43d9dbf62	2ccfcac11aad520483e70bbf624c2ae9	89737f74d0a5c74e615e86f9a98984ee
22349	8815e45dbdd6f6c85c6117b43d9dbf62	2ccfcac11aad520483e70bbf624c2ae9	89737f74d0a5c74e615e86f9a98984ee
22350	8815e45dbdd6f6c85c6117b43d9dbf62	2ccfcac11aad520483e70bbf624c2ae9	89737f74d0a5c74e615e86f9a98984ee
22351	8815e45dbdd6f6c85c6117b43d9dbf62	2ccfcac11aad520483e70bbf624c2ae9	89737f74d0a5c74e615e86f9a98984ee
22352	8815e45dbdd6f6c85c6117b43d9dbf62	2ccfcac11aad520483e70bbf624c2ae9	89737f74d0a5c74e615e86f9a98984ee
22353	e76b24627b16a9100629e9330f57eae8	04907b34c84d736ce40e9028efabd45b	3a6bf26e72745f1e8a410f3f9693741c
22354	e76b24627b16a9100629e9330f57eae8	04907b34c84d736ce40e9028efabd45b	3a6bf26e72745f1e8a410f3f9693741c
22355	e76b24627b16a9100629e9330f57eae8	04907b34c84d736ce40e9028efabd45b	3a6bf26e72745f1e8a410f3f9693741c
22356	8815e45dbdd6f6c85c6117b43d9dbf62	2ccfcac11aad520483e70bbf624c2ae9	89737f74d0a5c74e615e86f9a98984ee
22357	8815e45dbdd6f6c85c6117b43d9dbf62	2ccfcac11aad520483e70bbf624c2ae9	89737f74d0a5c74e615e86f9a98984ee
22358	536101fd80d7426925152a569a01b49e	fdb49c3ffa3d634fafde2be6816e985d	1eab7d0f6c12ea8d88bdde76d895cd7e
22359	536101fd80d7426925152a569a01b49e	fdb49c3ffa3d634fafde2be6816e985d	1eab7d0f6c12ea8d88bdde76d895cd7e
22360	536101fd80d7426925152a569a01b49e	fdb49c3ffa3d634fafde2be6816e985d	1eab7d0f6c12ea8d88bdde76d895cd7e
22361	536101fd80d7426925152a569a01b49e	fdb49c3ffa3d634fafde2be6816e985d	1eab7d0f6c12ea8d88bdde76d895cd7e
22362	536101fd80d7426925152a569a01b49e	fdb49c3ffa3d634fafde2be6816e985d	1eab7d0f6c12ea8d88bdde76d895cd7e
22363	536101fd80d7426925152a569a01b49e	fdb49c3ffa3d634fafde2be6816e985d	1eab7d0f6c12ea8d88bdde76d895cd7e
22364	536101fd80d7426925152a569a01b49e	fdb49c3ffa3d634fafde2be6816e985d	1eab7d0f6c12ea8d88bdde76d895cd7e
22365	536101fd80d7426925152a569a01b49e	fdb49c3ffa3d634fafde2be6816e985d	1eab7d0f6c12ea8d88bdde76d895cd7e
22366	536101fd80d7426925152a569a01b49e	fdb49c3ffa3d634fafde2be6816e985d	1eab7d0f6c12ea8d88bdde76d895cd7e
22367	536101fd80d7426925152a569a01b49e	fdb49c3ffa3d634fafde2be6816e985d	1eab7d0f6c12ea8d88bdde76d895cd7e
22368	536101fd80d7426925152a569a01b49e	fdb49c3ffa3d634fafde2be6816e985d	1eab7d0f6c12ea8d88bdde76d895cd7e
22369	536101fd80d7426925152a569a01b49e	fdb49c3ffa3d634fafde2be6816e985d	1eab7d0f6c12ea8d88bdde76d895cd7e
22370	536101fd80d7426925152a569a01b49e	fdb49c3ffa3d634fafde2be6816e985d	1eab7d0f6c12ea8d88bdde76d895cd7e
22371	536101fd80d7426925152a569a01b49e	fdb49c3ffa3d634fafde2be6816e985d	1eab7d0f6c12ea8d88bdde76d895cd7e
22372	536101fd80d7426925152a569a01b49e	fdb49c3ffa3d634fafde2be6816e985d	1eab7d0f6c12ea8d88bdde76d895cd7e
22373	536101fd80d7426925152a569a01b49e	fdb49c3ffa3d634fafde2be6816e985d	1eab7d0f6c12ea8d88bdde76d895cd7e
22374	536101fd80d7426925152a569a01b49e	fdb49c3ffa3d634fafde2be6816e985d	1eab7d0f6c12ea8d88bdde76d895cd7e
22375	ff4a6736f63a78dfb821f5bdab7b3d47	47ae90177e4fad81d6439ec6c8d9bb30	ee02520a7e8d953f02df4d0b7526f587
22376	ff4a6736f63a78dfb821f5bdab7b3d47	47ae90177e4fad81d6439ec6c8d9bb30	ee02520a7e8d953f02df4d0b7526f587
22377	ff4a6736f63a78dfb821f5bdab7b3d47	47ae90177e4fad81d6439ec6c8d9bb30	ee02520a7e8d953f02df4d0b7526f587
22378	ff4a6736f63a78dfb821f5bdab7b3d47	47ae90177e4fad81d6439ec6c8d9bb30	ee02520a7e8d953f02df4d0b7526f587
22379	ff4a6736f63a78dfb821f5bdab7b3d47	47ae90177e4fad81d6439ec6c8d9bb30	ee02520a7e8d953f02df4d0b7526f587
22380	ff4a6736f63a78dfb821f5bdab7b3d47	47ae90177e4fad81d6439ec6c8d9bb30	ee02520a7e8d953f02df4d0b7526f587
22381	ff4a6736f63a78dfb821f5bdab7b3d47	47ae90177e4fad81d6439ec6c8d9bb30	ee02520a7e8d953f02df4d0b7526f587
22382	c670b3643caab5ae0c64a8ed418705bf	8735a5a2a9d36e0eeb49c83afb1ef6c0	dcdf2c743630bfc2bc3153467355077f
22383	c670b3643caab5ae0c64a8ed418705bf	8735a5a2a9d36e0eeb49c83afb1ef6c0	dcdf2c743630bfc2bc3153467355077f
22384	c670b3643caab5ae0c64a8ed418705bf	8735a5a2a9d36e0eeb49c83afb1ef6c0	dcdf2c743630bfc2bc3153467355077f
22385	c670b3643caab5ae0c64a8ed418705bf	8735a5a2a9d36e0eeb49c83afb1ef6c0	dcdf2c743630bfc2bc3153467355077f
22386	c670b3643caab5ae0c64a8ed418705bf	8735a5a2a9d36e0eeb49c83afb1ef6c0	dcdf2c743630bfc2bc3153467355077f
22387	f506af13d10aec7fcf75ac458260e71c	7710d53ee0d6980907fbd2ef9d3486b7	142ea2b7e3f02a01bbf1388ae37af588
22388	f506af13d10aec7fcf75ac458260e71c	7710d53ee0d6980907fbd2ef9d3486b7	142ea2b7e3f02a01bbf1388ae37af588
22389	f506af13d10aec7fcf75ac458260e71c	7710d53ee0d6980907fbd2ef9d3486b7	142ea2b7e3f02a01bbf1388ae37af588
22390	ba1340ae7cf1c92a75a8e05ad21303d4	37260ea333afea721aba5b719b218857	5a82eb0989b77f26ac67e4613f20de6c
22391	ba1340ae7cf1c92a75a8e05ad21303d4	37260ea333afea721aba5b719b218857	5a82eb0989b77f26ac67e4613f20de6c
22392	f506af13d10aec7fcf75ac458260e71c	7710d53ee0d6980907fbd2ef9d3486b7	142ea2b7e3f02a01bbf1388ae37af588
22393	f506af13d10aec7fcf75ac458260e71c	7710d53ee0d6980907fbd2ef9d3486b7	142ea2b7e3f02a01bbf1388ae37af588
22394	5c3a442209c879addcdc322013e83b74	15079dc462abc65304b8a0af9872543f	23c825a76d1eb819e8262251ca26c97c
22395	a623da70128357e1c471ed5b6f2b5ac5	44ee3c93fea7778f7654e16705666fca	b923d9df9406cbe76e7518043a3b4811
22396	a623da70128357e1c471ed5b6f2b5ac5	44ee3c93fea7778f7654e16705666fca	b923d9df9406cbe76e7518043a3b4811
22397	a623da70128357e1c471ed5b6f2b5ac5	44ee3c93fea7778f7654e16705666fca	b923d9df9406cbe76e7518043a3b4811
22398	a623da70128357e1c471ed5b6f2b5ac5	44ee3c93fea7778f7654e16705666fca	b923d9df9406cbe76e7518043a3b4811
22399	979c2a1cf1cf623af5e7cc2a026721ee	81219f06d48a7f32fc446ac641ad6435	d05751b51c1fe86833d0ac5de2fcf74a
22400	979c2a1cf1cf623af5e7cc2a026721ee	81219f06d48a7f32fc446ac641ad6435	d05751b51c1fe86833d0ac5de2fcf74a
22401	979c2a1cf1cf623af5e7cc2a026721ee	81219f06d48a7f32fc446ac641ad6435	d05751b51c1fe86833d0ac5de2fcf74a
22402	979c2a1cf1cf623af5e7cc2a026721ee	81219f06d48a7f32fc446ac641ad6435	d05751b51c1fe86833d0ac5de2fcf74a
22403	979c2a1cf1cf623af5e7cc2a026721ee	81219f06d48a7f32fc446ac641ad6435	d05751b51c1fe86833d0ac5de2fcf74a
22404	7ea91f2caf402194d5bba7043593b153	7bb222e1363baf987d9fcbd99d666e94	4dffeec16014e9cc93576d851d6466c3
22405	7ea91f2caf402194d5bba7043593b153	7bb222e1363baf987d9fcbd99d666e94	4dffeec16014e9cc93576d851d6466c3
22406	7ea91f2caf402194d5bba7043593b153	7bb222e1363baf987d9fcbd99d666e94	4dffeec16014e9cc93576d851d6466c3
22407	c9e14af70dda4f96a5bfbe2986f73dcb	a24c2c063521c026953f335be5ff18ac	585d2048a1a62d7cf4bed4338356ea37
22408	c9e14af70dda4f96a5bfbe2986f73dcb	a24c2c063521c026953f335be5ff18ac	585d2048a1a62d7cf4bed4338356ea37
22409	c9e14af70dda4f96a5bfbe2986f73dcb	a24c2c063521c026953f335be5ff18ac	585d2048a1a62d7cf4bed4338356ea37
22410	c9e14af70dda4f96a5bfbe2986f73dcb	a24c2c063521c026953f335be5ff18ac	585d2048a1a62d7cf4bed4338356ea37
22411	09feb5d7571237461cbf7f8903169387	ae0b619837d0e896f8197a3b57675f78	cc0e98130dc15e8257fe60bd04789b47
22412	09feb5d7571237461cbf7f8903169387	ae0b619837d0e896f8197a3b57675f78	cc0e98130dc15e8257fe60bd04789b47
22413	09feb5d7571237461cbf7f8903169387	ae0b619837d0e896f8197a3b57675f78	cc0e98130dc15e8257fe60bd04789b47
22414	e25df5c4dee254e32fb471775cf4e648	f24370e2b8a3911d9edb4705a3556373	68d310d0cfcde0ab7c5612f391902850
22415	09feb5d7571237461cbf7f8903169387	ae0b619837d0e896f8197a3b57675f78	cc0e98130dc15e8257fe60bd04789b47
22416	2b6cc17a661ab52acff0d2dc9d106c37	a58c4e225545169aa7ec16d802974fb8	4e14cf015675ee06607b0b4df24d96df
22417	2b6cc17a661ab52acff0d2dc9d106c37	a58c4e225545169aa7ec16d802974fb8	4e14cf015675ee06607b0b4df24d96df
22418	2b6cc17a661ab52acff0d2dc9d106c37	a58c4e225545169aa7ec16d802974fb8	4e14cf015675ee06607b0b4df24d96df
22419	2b6cc17a661ab52acff0d2dc9d106c37	a58c4e225545169aa7ec16d802974fb8	4e14cf015675ee06607b0b4df24d96df
22420	2b6cc17a661ab52acff0d2dc9d106c37	a58c4e225545169aa7ec16d802974fb8	4e14cf015675ee06607b0b4df24d96df
22421	2b6cc17a661ab52acff0d2dc9d106c37	a58c4e225545169aa7ec16d802974fb8	4e14cf015675ee06607b0b4df24d96df
22422	2b6cc17a661ab52acff0d2dc9d106c37	a58c4e225545169aa7ec16d802974fb8	4e14cf015675ee06607b0b4df24d96df
22423	2e7f93e68bbac740e0d473299980724a	a0bcbfa723aa933c616ea5a2af11a4c1	e3f36100d51a3aeecd5abfe3ca11e5c6
22424	2e7f93e68bbac740e0d473299980724a	a0bcbfa723aa933c616ea5a2af11a4c1	e3f36100d51a3aeecd5abfe3ca11e5c6
22425	2e7f93e68bbac740e0d473299980724a	a0bcbfa723aa933c616ea5a2af11a4c1	e3f36100d51a3aeecd5abfe3ca11e5c6
22426	2e7f93e68bbac740e0d473299980724a	a0bcbfa723aa933c616ea5a2af11a4c1	e3f36100d51a3aeecd5abfe3ca11e5c6
22427	2e7f93e68bbac740e0d473299980724a	a0bcbfa723aa933c616ea5a2af11a4c1	e3f36100d51a3aeecd5abfe3ca11e5c6
22428	55505220a49bf0df7db9df764b2ee5b4	57e69a33b37af8d962f0fdcc5ea29d7f	642ece23465de905f2291aa4d3350958
22429	55505220a49bf0df7db9df764b2ee5b4	57e69a33b37af8d962f0fdcc5ea29d7f	642ece23465de905f2291aa4d3350958
22430	55505220a49bf0df7db9df764b2ee5b4	57e69a33b37af8d962f0fdcc5ea29d7f	642ece23465de905f2291aa4d3350958
22431	55505220a49bf0df7db9df764b2ee5b4	57e69a33b37af8d962f0fdcc5ea29d7f	642ece23465de905f2291aa4d3350958
22432	55505220a49bf0df7db9df764b2ee5b4	57e69a33b37af8d962f0fdcc5ea29d7f	642ece23465de905f2291aa4d3350958
22433	55505220a49bf0df7db9df764b2ee5b4	57e69a33b37af8d962f0fdcc5ea29d7f	642ece23465de905f2291aa4d3350958
22434	55505220a49bf0df7db9df764b2ee5b4	57e69a33b37af8d962f0fdcc5ea29d7f	642ece23465de905f2291aa4d3350958
22435	e8024b8ca578b8358608c9d315c85e3d	4adac546034738833a549ab81ee0d2d2	69d871a464f0d4bb7bc54c2ee56b2a21
22436	e8024b8ca578b8358608c9d315c85e3d	4adac546034738833a549ab81ee0d2d2	69d871a464f0d4bb7bc54c2ee56b2a21
22437	e8024b8ca578b8358608c9d315c85e3d	4adac546034738833a549ab81ee0d2d2	69d871a464f0d4bb7bc54c2ee56b2a21
22438	e8024b8ca578b8358608c9d315c85e3d	4adac546034738833a549ab81ee0d2d2	69d871a464f0d4bb7bc54c2ee56b2a21
22439	e8024b8ca578b8358608c9d315c85e3d	4adac546034738833a549ab81ee0d2d2	69d871a464f0d4bb7bc54c2ee56b2a21
22440	123115ded3b332cc4fe168e5460b4e23	c8712928e99877c077a59378cbce2c14	4c03450ac189357829c7647d68f40673
22441	123115ded3b332cc4fe168e5460b4e23	c8712928e99877c077a59378cbce2c14	4c03450ac189357829c7647d68f40673
22442	123115ded3b332cc4fe168e5460b4e23	c8712928e99877c077a59378cbce2c14	4c03450ac189357829c7647d68f40673
22443	123115ded3b332cc4fe168e5460b4e23	c8712928e99877c077a59378cbce2c14	4c03450ac189357829c7647d68f40673
22444	123115ded3b332cc4fe168e5460b4e23	c8712928e99877c077a59378cbce2c14	4c03450ac189357829c7647d68f40673
22445	8b51e552af8388ffff3743d254b94565	d560e9906ba2eed1d0ec3664013d4afa	e5c01b2fa162be79c5314ac6de75db09
22446	8b51e552af8388ffff3743d254b94565	d560e9906ba2eed1d0ec3664013d4afa	e5c01b2fa162be79c5314ac6de75db09
22447	8b51e552af8388ffff3743d254b94565	d560e9906ba2eed1d0ec3664013d4afa	e5c01b2fa162be79c5314ac6de75db09
22448	9ba97025bebd7a4bd7e9bcee4a8a8a08	69b681751a30abd5442ccb8fe21f04f3	5bab0298cd6b2c0bb6b59cb84b6ea538
22449	9ba97025bebd7a4bd7e9bcee4a8a8a08	69b681751a30abd5442ccb8fe21f04f3	5bab0298cd6b2c0bb6b59cb84b6ea538
22450	bcd7ef9acdaba4049e6cda5f0ba913d2	db668420eb8d620010ee0e57a33f01f9	3a479ab2a561098025e81e5408b3766a
22451	bcd7ef9acdaba4049e6cda5f0ba913d2	db668420eb8d620010ee0e57a33f01f9	3a479ab2a561098025e81e5408b3766a
22452	f3de66106c794a07b9eef419139a5be6	1e4399512b644c119c89fa5c50466755	b1767d0002b9342b2fa750d48d207fbe
22453	f3de66106c794a07b9eef419139a5be6	1e4399512b644c119c89fa5c50466755	b1767d0002b9342b2fa750d48d207fbe
22454	f3de66106c794a07b9eef419139a5be6	1e4399512b644c119c89fa5c50466755	b1767d0002b9342b2fa750d48d207fbe
22455	f3de66106c794a07b9eef419139a5be6	1e4399512b644c119c89fa5c50466755	b1767d0002b9342b2fa750d48d207fbe
22456	f3de66106c794a07b9eef419139a5be6	1e4399512b644c119c89fa5c50466755	b1767d0002b9342b2fa750d48d207fbe
22457	5aeb7bd0411a071522bf6fa3540f0f68	421929def6a463db4c8b11cac2aecc53	b0cc3086ac991d6de75cb5195ab19868
22458	5aeb7bd0411a071522bf6fa3540f0f68	421929def6a463db4c8b11cac2aecc53	b0cc3086ac991d6de75cb5195ab19868
22459	5aeb7bd0411a071522bf6fa3540f0f68	421929def6a463db4c8b11cac2aecc53	b0cc3086ac991d6de75cb5195ab19868
22460	5aeb7bd0411a071522bf6fa3540f0f68	421929def6a463db4c8b11cac2aecc53	b0cc3086ac991d6de75cb5195ab19868
22461	5aeb7bd0411a071522bf6fa3540f0f68	421929def6a463db4c8b11cac2aecc53	b0cc3086ac991d6de75cb5195ab19868
22462	5aeb7bd0411a071522bf6fa3540f0f68	421929def6a463db4c8b11cac2aecc53	b0cc3086ac991d6de75cb5195ab19868
22463	5aeb7bd0411a071522bf6fa3540f0f68	421929def6a463db4c8b11cac2aecc53	b0cc3086ac991d6de75cb5195ab19868
22464	f2f20331757cc6251d4bf06a282dbd2a	af6d87fc620d849b0440a46327debd79	e0ae11c60936a7199bd608c7f5328bda
22465	f2f20331757cc6251d4bf06a282dbd2a	af6d87fc620d849b0440a46327debd79	e0ae11c60936a7199bd608c7f5328bda
22466	f2f20331757cc6251d4bf06a282dbd2a	af6d87fc620d849b0440a46327debd79	e0ae11c60936a7199bd608c7f5328bda
22467	f2f20331757cc6251d4bf06a282dbd2a	af6d87fc620d849b0440a46327debd79	e0ae11c60936a7199bd608c7f5328bda
22468	b9d9c305eecd223677c1cc2974bd7e26	0b2e86750e8224fe881a832ac6771bed	c8a98b16deaa2b0c71844055d704e6fa
22469	f2f20331757cc6251d4bf06a282dbd2a	af6d87fc620d849b0440a46327debd79	e0ae11c60936a7199bd608c7f5328bda
22470	f2f20331757cc6251d4bf06a282dbd2a	af6d87fc620d849b0440a46327debd79	e0ae11c60936a7199bd608c7f5328bda
22471	f2f20331757cc6251d4bf06a282dbd2a	af6d87fc620d849b0440a46327debd79	e0ae11c60936a7199bd608c7f5328bda
22472	734112fed0367c8577b5587427b13d18	643691f6d9eee85b113b811e8a7929b3	d0f4b6fe6abc5173aec2f565b3336c44
22473	734112fed0367c8577b5587427b13d18	643691f6d9eee85b113b811e8a7929b3	d0f4b6fe6abc5173aec2f565b3336c44
22474	a49537d799f09b2da6bf3fe1e626e506	2f766482995e1c03ab043a178057ef25	82ce690b83530857801b9d0d9f36c0b2
22475	a49537d799f09b2da6bf3fe1e626e506	2f766482995e1c03ab043a178057ef25	82ce690b83530857801b9d0d9f36c0b2
22476	a49537d799f09b2da6bf3fe1e626e506	2f766482995e1c03ab043a178057ef25	82ce690b83530857801b9d0d9f36c0b2
22477	a49537d799f09b2da6bf3fe1e626e506	2f766482995e1c03ab043a178057ef25	82ce690b83530857801b9d0d9f36c0b2
22478	a49537d799f09b2da6bf3fe1e626e506	2f766482995e1c03ab043a178057ef25	82ce690b83530857801b9d0d9f36c0b2
22479	a49537d799f09b2da6bf3fe1e626e506	2f766482995e1c03ab043a178057ef25	82ce690b83530857801b9d0d9f36c0b2
22480	a49537d799f09b2da6bf3fe1e626e506	2f766482995e1c03ab043a178057ef25	82ce690b83530857801b9d0d9f36c0b2
22481	cf306fcf08dacd4adddbeff60376c981	2ac39e383783af4a1918586323e9759e	a2e3f596c82afc9a991e9c2b2a8b92b1
22482	cf306fcf08dacd4adddbeff60376c981	2ac39e383783af4a1918586323e9759e	a2e3f596c82afc9a991e9c2b2a8b92b1
22483	cf306fcf08dacd4adddbeff60376c981	2ac39e383783af4a1918586323e9759e	a2e3f596c82afc9a991e9c2b2a8b92b1
22484	cf306fcf08dacd4adddbeff60376c981	2ac39e383783af4a1918586323e9759e	a2e3f596c82afc9a991e9c2b2a8b92b1
22485	cf306fcf08dacd4adddbeff60376c981	2ac39e383783af4a1918586323e9759e	a2e3f596c82afc9a991e9c2b2a8b92b1
22486	c510e0756a0708535380d28c4841ddfb	c32934e1a366f3e593dad0527b9b27e4	d6e0f1d5523b6707fe76997f15ca6c1b
22487	c510e0756a0708535380d28c4841ddfb	c32934e1a366f3e593dad0527b9b27e4	d6e0f1d5523b6707fe76997f15ca6c1b
22488	c510e0756a0708535380d28c4841ddfb	c32934e1a366f3e593dad0527b9b27e4	d6e0f1d5523b6707fe76997f15ca6c1b
22489	c510e0756a0708535380d28c4841ddfb	c32934e1a366f3e593dad0527b9b27e4	d6e0f1d5523b6707fe76997f15ca6c1b
22490	c510e0756a0708535380d28c4841ddfb	c32934e1a366f3e593dad0527b9b27e4	d6e0f1d5523b6707fe76997f15ca6c1b
22491	c510e0756a0708535380d28c4841ddfb	c32934e1a366f3e593dad0527b9b27e4	d6e0f1d5523b6707fe76997f15ca6c1b
22492	c510e0756a0708535380d28c4841ddfb	c32934e1a366f3e593dad0527b9b27e4	d6e0f1d5523b6707fe76997f15ca6c1b
22493	c510e0756a0708535380d28c4841ddfb	c32934e1a366f3e593dad0527b9b27e4	d6e0f1d5523b6707fe76997f15ca6c1b
22494	c510e0756a0708535380d28c4841ddfb	c32934e1a366f3e593dad0527b9b27e4	d6e0f1d5523b6707fe76997f15ca6c1b
22495	c510e0756a0708535380d28c4841ddfb	c32934e1a366f3e593dad0527b9b27e4	d6e0f1d5523b6707fe76997f15ca6c1b
22496	c510e0756a0708535380d28c4841ddfb	c32934e1a366f3e593dad0527b9b27e4	d6e0f1d5523b6707fe76997f15ca6c1b
22497	c510e0756a0708535380d28c4841ddfb	c32934e1a366f3e593dad0527b9b27e4	d6e0f1d5523b6707fe76997f15ca6c1b
22498	c510e0756a0708535380d28c4841ddfb	c32934e1a366f3e593dad0527b9b27e4	d6e0f1d5523b6707fe76997f15ca6c1b
22499	c510e0756a0708535380d28c4841ddfb	c32934e1a366f3e593dad0527b9b27e4	d6e0f1d5523b6707fe76997f15ca6c1b
22500	c510e0756a0708535380d28c4841ddfb	c32934e1a366f3e593dad0527b9b27e4	d6e0f1d5523b6707fe76997f15ca6c1b
22501	c510e0756a0708535380d28c4841ddfb	c32934e1a366f3e593dad0527b9b27e4	d6e0f1d5523b6707fe76997f15ca6c1b
22502	c510e0756a0708535380d28c4841ddfb	c32934e1a366f3e593dad0527b9b27e4	d6e0f1d5523b6707fe76997f15ca6c1b
22503	2794c06870150f89bd35fb7a60177cc3	acef5860c8a6c4c72c9c874e21b4eebc	fb04e91117d953f377dee8fa7315d6af
22504	2794c06870150f89bd35fb7a60177cc3	acef5860c8a6c4c72c9c874e21b4eebc	fb04e91117d953f377dee8fa7315d6af
22505	2794c06870150f89bd35fb7a60177cc3	acef5860c8a6c4c72c9c874e21b4eebc	fb04e91117d953f377dee8fa7315d6af
22506	2794c06870150f89bd35fb7a60177cc3	acef5860c8a6c4c72c9c874e21b4eebc	fb04e91117d953f377dee8fa7315d6af
22507	2794c06870150f89bd35fb7a60177cc3	acef5860c8a6c4c72c9c874e21b4eebc	fb04e91117d953f377dee8fa7315d6af
22508	2794c06870150f89bd35fb7a60177cc3	acef5860c8a6c4c72c9c874e21b4eebc	fb04e91117d953f377dee8fa7315d6af
22509	2794c06870150f89bd35fb7a60177cc3	acef5860c8a6c4c72c9c874e21b4eebc	fb04e91117d953f377dee8fa7315d6af
22510	525f289abcfe4224ef0dda0523475c5a	3d1fbc305c7fb2702931b290b660afa1	0c506c4df4c875607a127cd3e52c3bc2
22511	525f289abcfe4224ef0dda0523475c5a	3d1fbc305c7fb2702931b290b660afa1	0c506c4df4c875607a127cd3e52c3bc2
22512	525f289abcfe4224ef0dda0523475c5a	3d1fbc305c7fb2702931b290b660afa1	0c506c4df4c875607a127cd3e52c3bc2
22513	48860b7b175f11c572e89a6cdb6ad8c0	dd22067457db8aebb1c3fa82bd74cabb	8dbcd2f77b40484556971b886eb66080
22514	48860b7b175f11c572e89a6cdb6ad8c0	dd22067457db8aebb1c3fa82bd74cabb	8dbcd2f77b40484556971b886eb66080
22515	524548ce83a98878c3a8934e2be71648	2fafc8ac3ebbc444405b46cd05da135b	796993d24bb9a83ae9d1da3e0457bb6c
22516	524548ce83a98878c3a8934e2be71648	2fafc8ac3ebbc444405b46cd05da135b	796993d24bb9a83ae9d1da3e0457bb6c
22517	524548ce83a98878c3a8934e2be71648	2fafc8ac3ebbc444405b46cd05da135b	796993d24bb9a83ae9d1da3e0457bb6c
22518	524548ce83a98878c3a8934e2be71648	2fafc8ac3ebbc444405b46cd05da135b	796993d24bb9a83ae9d1da3e0457bb6c
22519	524548ce83a98878c3a8934e2be71648	2fafc8ac3ebbc444405b46cd05da135b	796993d24bb9a83ae9d1da3e0457bb6c
22520	524548ce83a98878c3a8934e2be71648	2fafc8ac3ebbc444405b46cd05da135b	796993d24bb9a83ae9d1da3e0457bb6c
22521	524548ce83a98878c3a8934e2be71648	2fafc8ac3ebbc444405b46cd05da135b	796993d24bb9a83ae9d1da3e0457bb6c
22522	57b07ee1528d40e3eb1b1bfd6d662443	cd316a898f75a975fd4d24758b365cec	4ff3adb2152d66b77b480b884e9cc333
22523	57b07ee1528d40e3eb1b1bfd6d662443	cd316a898f75a975fd4d24758b365cec	4ff3adb2152d66b77b480b884e9cc333
22524	57b07ee1528d40e3eb1b1bfd6d662443	cd316a898f75a975fd4d24758b365cec	4ff3adb2152d66b77b480b884e9cc333
22525	fc4740156f3571984ce5c3745d59ce07	3461c2b9bfc026fc8f300fa504b8c138	708bc646991fa420205fe4d659ad4f1f
22526	fc4740156f3571984ce5c3745d59ce07	3461c2b9bfc026fc8f300fa504b8c138	708bc646991fa420205fe4d659ad4f1f
22527	981a6ebad8329fc1eedd77110772310f	0754f76b4bc0f27f102f5527c9b046e8	92ea0665822946335114285d7ec80db3
22528	981a6ebad8329fc1eedd77110772310f	0754f76b4bc0f27f102f5527c9b046e8	92ea0665822946335114285d7ec80db3
22529	981a6ebad8329fc1eedd77110772310f	0754f76b4bc0f27f102f5527c9b046e8	92ea0665822946335114285d7ec80db3
22530	981a6ebad8329fc1eedd77110772310f	0754f76b4bc0f27f102f5527c9b046e8	92ea0665822946335114285d7ec80db3
22531	981a6ebad8329fc1eedd77110772310f	0754f76b4bc0f27f102f5527c9b046e8	92ea0665822946335114285d7ec80db3
22532	981a6ebad8329fc1eedd77110772310f	0754f76b4bc0f27f102f5527c9b046e8	92ea0665822946335114285d7ec80db3
22533	981a6ebad8329fc1eedd77110772310f	0754f76b4bc0f27f102f5527c9b046e8	92ea0665822946335114285d7ec80db3
22534	8112fe98b8f353bab409fc6f4521a760	59cf2f305a306d720eec811b6f3bb9c3	5d0d55df8d8681141c32294cf22e99b4
22535	8112fe98b8f353bab409fc6f4521a760	59cf2f305a306d720eec811b6f3bb9c3	5d0d55df8d8681141c32294cf22e99b4
22536	8112fe98b8f353bab409fc6f4521a760	59cf2f305a306d720eec811b6f3bb9c3	5d0d55df8d8681141c32294cf22e99b4
22537	8112fe98b8f353bab409fc6f4521a760	59cf2f305a306d720eec811b6f3bb9c3	5d0d55df8d8681141c32294cf22e99b4
22538	8112fe98b8f353bab409fc6f4521a760	59cf2f305a306d720eec811b6f3bb9c3	5d0d55df8d8681141c32294cf22e99b4
22539	8112fe98b8f353bab409fc6f4521a760	59cf2f305a306d720eec811b6f3bb9c3	5d0d55df8d8681141c32294cf22e99b4
22540	8112fe98b8f353bab409fc6f4521a760	59cf2f305a306d720eec811b6f3bb9c3	5d0d55df8d8681141c32294cf22e99b4
22541	8112fe98b8f353bab409fc6f4521a760	59cf2f305a306d720eec811b6f3bb9c3	5d0d55df8d8681141c32294cf22e99b4
22542	8112fe98b8f353bab409fc6f4521a760	59cf2f305a306d720eec811b6f3bb9c3	5d0d55df8d8681141c32294cf22e99b4
22543	8112fe98b8f353bab409fc6f4521a760	59cf2f305a306d720eec811b6f3bb9c3	5d0d55df8d8681141c32294cf22e99b4
22544	02850f44af4e61b48fe7e445cbc9549b	8492c824b3def37851aabede0ff070ac	a55d4a4b2f79db12ccfbf249e8e17bd7
22545	02850f44af4e61b48fe7e445cbc9549b	8492c824b3def37851aabede0ff070ac	a55d4a4b2f79db12ccfbf249e8e17bd7
22546	02850f44af4e61b48fe7e445cbc9549b	8492c824b3def37851aabede0ff070ac	a55d4a4b2f79db12ccfbf249e8e17bd7
22547	02850f44af4e61b48fe7e445cbc9549b	8492c824b3def37851aabede0ff070ac	a55d4a4b2f79db12ccfbf249e8e17bd7
22548	02850f44af4e61b48fe7e445cbc9549b	8492c824b3def37851aabede0ff070ac	a55d4a4b2f79db12ccfbf249e8e17bd7
22549	02850f44af4e61b48fe7e445cbc9549b	8492c824b3def37851aabede0ff070ac	a55d4a4b2f79db12ccfbf249e8e17bd7
22550	02850f44af4e61b48fe7e445cbc9549b	8492c824b3def37851aabede0ff070ac	a55d4a4b2f79db12ccfbf249e8e17bd7
22551	848695f8d247ab884a8d97dee7309643	6b8e01aa1bf693ac028c595c995b1894	7129c57ae6811d94309e786861051ba3
22552	848695f8d247ab884a8d97dee7309643	6b8e01aa1bf693ac028c595c995b1894	7129c57ae6811d94309e786861051ba3
22553	848695f8d247ab884a8d97dee7309643	6b8e01aa1bf693ac028c595c995b1894	7129c57ae6811d94309e786861051ba3
22554	848695f8d247ab884a8d97dee7309643	6b8e01aa1bf693ac028c595c995b1894	7129c57ae6811d94309e786861051ba3
22555	848695f8d247ab884a8d97dee7309643	6b8e01aa1bf693ac028c595c995b1894	7129c57ae6811d94309e786861051ba3
22556	c4f54f74b5897485bb840f9f5d7b0ca0	dcb68fff89ccd52b813eebd30bb58a7b	36e0aefaf9ff7ca151026913da6a9b90
22557	c4f54f74b5897485bb840f9f5d7b0ca0	dcb68fff89ccd52b813eebd30bb58a7b	36e0aefaf9ff7ca151026913da6a9b90
22558	c4f54f74b5897485bb840f9f5d7b0ca0	dcb68fff89ccd52b813eebd30bb58a7b	36e0aefaf9ff7ca151026913da6a9b90
22559	c4f54f74b5897485bb840f9f5d7b0ca0	dcb68fff89ccd52b813eebd30bb58a7b	36e0aefaf9ff7ca151026913da6a9b90
22560	c4f54f74b5897485bb840f9f5d7b0ca0	dcb68fff89ccd52b813eebd30bb58a7b	36e0aefaf9ff7ca151026913da6a9b90
22561	c4f54f74b5897485bb840f9f5d7b0ca0	dcb68fff89ccd52b813eebd30bb58a7b	36e0aefaf9ff7ca151026913da6a9b90
22562	c4f54f74b5897485bb840f9f5d7b0ca0	dcb68fff89ccd52b813eebd30bb58a7b	36e0aefaf9ff7ca151026913da6a9b90
22563	600790385c990d6f0eb4ef23bbb50028	161dc508fb6ab9790353f82e77bcaa03	6289cb43f2e592e95afae4fd897e9b84
22564	600790385c990d6f0eb4ef23bbb50028	161dc508fb6ab9790353f82e77bcaa03	6289cb43f2e592e95afae4fd897e9b84
22565	600790385c990d6f0eb4ef23bbb50028	161dc508fb6ab9790353f82e77bcaa03	6289cb43f2e592e95afae4fd897e9b84
22566	600790385c990d6f0eb4ef23bbb50028	161dc508fb6ab9790353f82e77bcaa03	6289cb43f2e592e95afae4fd897e9b84
22567	600790385c990d6f0eb4ef23bbb50028	161dc508fb6ab9790353f82e77bcaa03	6289cb43f2e592e95afae4fd897e9b84
22568	b35378afa343cb17c0abfa027856b0fd	79e13980bc3241e9e88f905f72a3d7b2	53c3640ed61d70933f9992e09dc63b4d
22569	b35378afa343cb17c0abfa027856b0fd	79e13980bc3241e9e88f905f72a3d7b2	53c3640ed61d70933f9992e09dc63b4d
22570	b35378afa343cb17c0abfa027856b0fd	79e13980bc3241e9e88f905f72a3d7b2	53c3640ed61d70933f9992e09dc63b4d
22571	034748e7a7c862b36c83a2f1ca41ac23	2ac92b378e3d05b5b710fdfcb9594afc	afaead408d3779338c274b65c802f4e3
22572	034748e7a7c862b36c83a2f1ca41ac23	2ac92b378e3d05b5b710fdfcb9594afc	afaead408d3779338c274b65c802f4e3
22573	58973fdcf1551df49b8cf7c6ec662081	62306da3b397e0c85eb8400ca80262fe	c882883b21ee3c4aabcb0c2fa6ed2665
22574	58973fdcf1551df49b8cf7c6ec662081	62306da3b397e0c85eb8400ca80262fe	c882883b21ee3c4aabcb0c2fa6ed2665
22575	58973fdcf1551df49b8cf7c6ec662081	62306da3b397e0c85eb8400ca80262fe	c882883b21ee3c4aabcb0c2fa6ed2665
22576	58973fdcf1551df49b8cf7c6ec662081	62306da3b397e0c85eb8400ca80262fe	c882883b21ee3c4aabcb0c2fa6ed2665
22577	58973fdcf1551df49b8cf7c6ec662081	62306da3b397e0c85eb8400ca80262fe	c882883b21ee3c4aabcb0c2fa6ed2665
22578	58973fdcf1551df49b8cf7c6ec662081	62306da3b397e0c85eb8400ca80262fe	c882883b21ee3c4aabcb0c2fa6ed2665
22579	58973fdcf1551df49b8cf7c6ec662081	62306da3b397e0c85eb8400ca80262fe	c882883b21ee3c4aabcb0c2fa6ed2665
22580	58973fdcf1551df49b8cf7c6ec662081	62306da3b397e0c85eb8400ca80262fe	c882883b21ee3c4aabcb0c2fa6ed2665
22581	58973fdcf1551df49b8cf7c6ec662081	62306da3b397e0c85eb8400ca80262fe	c882883b21ee3c4aabcb0c2fa6ed2665
22582	58973fdcf1551df49b8cf7c6ec662081	62306da3b397e0c85eb8400ca80262fe	c882883b21ee3c4aabcb0c2fa6ed2665
22583	58973fdcf1551df49b8cf7c6ec662081	62306da3b397e0c85eb8400ca80262fe	c882883b21ee3c4aabcb0c2fa6ed2665
22584	58973fdcf1551df49b8cf7c6ec662081	62306da3b397e0c85eb8400ca80262fe	c882883b21ee3c4aabcb0c2fa6ed2665
22585	ad0e935e5d39fbf47119462712c0e93d	ee745d41a4cf93b80e20efbf827ca3da	60453c82f7b7c37e1ebd7bd796481431
22586	ad0e935e5d39fbf47119462712c0e93d	ee745d41a4cf93b80e20efbf827ca3da	60453c82f7b7c37e1ebd7bd796481431
22587	ad0e935e5d39fbf47119462712c0e93d	ee745d41a4cf93b80e20efbf827ca3da	60453c82f7b7c37e1ebd7bd796481431
22588	ad0e935e5d39fbf47119462712c0e93d	ee745d41a4cf93b80e20efbf827ca3da	60453c82f7b7c37e1ebd7bd796481431
22589	ad0e935e5d39fbf47119462712c0e93d	ee745d41a4cf93b80e20efbf827ca3da	60453c82f7b7c37e1ebd7bd796481431
22590	ad0e935e5d39fbf47119462712c0e93d	ee745d41a4cf93b80e20efbf827ca3da	60453c82f7b7c37e1ebd7bd796481431
22591	ad0e935e5d39fbf47119462712c0e93d	ee745d41a4cf93b80e20efbf827ca3da	60453c82f7b7c37e1ebd7bd796481431
22592	ad0e935e5d39fbf47119462712c0e93d	ee745d41a4cf93b80e20efbf827ca3da	60453c82f7b7c37e1ebd7bd796481431
22593	ad0e935e5d39fbf47119462712c0e93d	ee745d41a4cf93b80e20efbf827ca3da	60453c82f7b7c37e1ebd7bd796481431
22594	ad0e935e5d39fbf47119462712c0e93d	ee745d41a4cf93b80e20efbf827ca3da	60453c82f7b7c37e1ebd7bd796481431
22595	ad0e935e5d39fbf47119462712c0e93d	ee745d41a4cf93b80e20efbf827ca3da	60453c82f7b7c37e1ebd7bd796481431
22596	ad0e935e5d39fbf47119462712c0e93d	ee745d41a4cf93b80e20efbf827ca3da	60453c82f7b7c37e1ebd7bd796481431
22597	8f78daa530ce7402592f46195c57cc07	e64d0932c914a6121e852cd303bdd3d8	181f43886aad0e2aa0e544d9313dd1f7
22598	8f78daa530ce7402592f46195c57cc07	e64d0932c914a6121e852cd303bdd3d8	181f43886aad0e2aa0e544d9313dd1f7
22599	8f78daa530ce7402592f46195c57cc07	e64d0932c914a6121e852cd303bdd3d8	181f43886aad0e2aa0e544d9313dd1f7
22600	8f78daa530ce7402592f46195c57cc07	e64d0932c914a6121e852cd303bdd3d8	181f43886aad0e2aa0e544d9313dd1f7
22601	8f78daa530ce7402592f46195c57cc07	e64d0932c914a6121e852cd303bdd3d8	181f43886aad0e2aa0e544d9313dd1f7
22602	8f78daa530ce7402592f46195c57cc07	e64d0932c914a6121e852cd303bdd3d8	181f43886aad0e2aa0e544d9313dd1f7
22603	8f78daa530ce7402592f46195c57cc07	e64d0932c914a6121e852cd303bdd3d8	181f43886aad0e2aa0e544d9313dd1f7
22604	da182990ae57078477601296d9008907	b9c2204bb2fa5248c1cec7050007c598	b902a665fedfb266eb7c5d399d4fa33b
22605	da182990ae57078477601296d9008907	b9c2204bb2fa5248c1cec7050007c598	b902a665fedfb266eb7c5d399d4fa33b
22606	da182990ae57078477601296d9008907	b9c2204bb2fa5248c1cec7050007c598	b902a665fedfb266eb7c5d399d4fa33b
22607	da182990ae57078477601296d9008907	b9c2204bb2fa5248c1cec7050007c598	b902a665fedfb266eb7c5d399d4fa33b
22608	da182990ae57078477601296d9008907	b9c2204bb2fa5248c1cec7050007c598	b902a665fedfb266eb7c5d399d4fa33b
22609	a4dcbd928359a01e7be1bf12a3b15946	6e2a92d79949d7968faf5d68d862c96d	396267863ab4ef5a89d7c17c2e16c426
22610	a4dcbd928359a01e7be1bf12a3b15946	6e2a92d79949d7968faf5d68d862c96d	396267863ab4ef5a89d7c17c2e16c426
22611	a4dcbd928359a01e7be1bf12a3b15946	6e2a92d79949d7968faf5d68d862c96d	396267863ab4ef5a89d7c17c2e16c426
22612	a4dcbd928359a01e7be1bf12a3b15946	6e2a92d79949d7968faf5d68d862c96d	396267863ab4ef5a89d7c17c2e16c426
22613	a4dcbd928359a01e7be1bf12a3b15946	6e2a92d79949d7968faf5d68d862c96d	396267863ab4ef5a89d7c17c2e16c426
22614	2d5ba8e70d8be3568736b639ea9c6667	91efad93db2fdf56821c0f9035783fc8	7226dae8b2b4dfb6b4a405d53ecedd77
22615	2d5ba8e70d8be3568736b639ea9c6667	91efad93db2fdf56821c0f9035783fc8	7226dae8b2b4dfb6b4a405d53ecedd77
22616	2d5ba8e70d8be3568736b639ea9c6667	91efad93db2fdf56821c0f9035783fc8	7226dae8b2b4dfb6b4a405d53ecedd77
22617	2d5ba8e70d8be3568736b639ea9c6667	91efad93db2fdf56821c0f9035783fc8	7226dae8b2b4dfb6b4a405d53ecedd77
22618	2d5ba8e70d8be3568736b639ea9c6667	91efad93db2fdf56821c0f9035783fc8	7226dae8b2b4dfb6b4a405d53ecedd77
22619	2d5ba8e70d8be3568736b639ea9c6667	91efad93db2fdf56821c0f9035783fc8	7226dae8b2b4dfb6b4a405d53ecedd77
22620	2d5ba8e70d8be3568736b639ea9c6667	91efad93db2fdf56821c0f9035783fc8	7226dae8b2b4dfb6b4a405d53ecedd77
22621	2d5ba8e70d8be3568736b639ea9c6667	91efad93db2fdf56821c0f9035783fc8	7226dae8b2b4dfb6b4a405d53ecedd77
22622	2d5ba8e70d8be3568736b639ea9c6667	91efad93db2fdf56821c0f9035783fc8	7226dae8b2b4dfb6b4a405d53ecedd77
22623	2d5ba8e70d8be3568736b639ea9c6667	91efad93db2fdf56821c0f9035783fc8	7226dae8b2b4dfb6b4a405d53ecedd77
22624	2d5ba8e70d8be3568736b639ea9c6667	91efad93db2fdf56821c0f9035783fc8	7226dae8b2b4dfb6b4a405d53ecedd77
22625	2d5ba8e70d8be3568736b639ea9c6667	91efad93db2fdf56821c0f9035783fc8	7226dae8b2b4dfb6b4a405d53ecedd77
22626	8521f8fc3a3a6cabbdcb671ae19f154e	356493e06182fa356ba5ba70ab978ddd	4f6907229abd9ad9a069ad10d5ac0f22
22627	8521f8fc3a3a6cabbdcb671ae19f154e	356493e06182fa356ba5ba70ab978ddd	4f6907229abd9ad9a069ad10d5ac0f22
22628	8521f8fc3a3a6cabbdcb671ae19f154e	356493e06182fa356ba5ba70ab978ddd	4f6907229abd9ad9a069ad10d5ac0f22
22629	8521f8fc3a3a6cabbdcb671ae19f154e	356493e06182fa356ba5ba70ab978ddd	4f6907229abd9ad9a069ad10d5ac0f22
22630	8521f8fc3a3a6cabbdcb671ae19f154e	356493e06182fa356ba5ba70ab978ddd	4f6907229abd9ad9a069ad10d5ac0f22
22631	8521f8fc3a3a6cabbdcb671ae19f154e	356493e06182fa356ba5ba70ab978ddd	4f6907229abd9ad9a069ad10d5ac0f22
22632	8521f8fc3a3a6cabbdcb671ae19f154e	356493e06182fa356ba5ba70ab978ddd	4f6907229abd9ad9a069ad10d5ac0f22
22633	62c2c1c9741c92517e7f24925ee85771	5f9f7149419659bf0baf9104b6e0b426	e0599f55ae4cf83d3d1833526d2c3cc9
22634	62c2c1c9741c92517e7f24925ee85771	5f9f7149419659bf0baf9104b6e0b426	e0599f55ae4cf83d3d1833526d2c3cc9
22635	62c2c1c9741c92517e7f24925ee85771	5f9f7149419659bf0baf9104b6e0b426	e0599f55ae4cf83d3d1833526d2c3cc9
22636	62c2c1c9741c92517e7f24925ee85771	5f9f7149419659bf0baf9104b6e0b426	e0599f55ae4cf83d3d1833526d2c3cc9
22637	62c2c1c9741c92517e7f24925ee85771	5f9f7149419659bf0baf9104b6e0b426	e0599f55ae4cf83d3d1833526d2c3cc9
22638	62c2c1c9741c92517e7f24925ee85771	5f9f7149419659bf0baf9104b6e0b426	e0599f55ae4cf83d3d1833526d2c3cc9
22639	62c2c1c9741c92517e7f24925ee85771	5f9f7149419659bf0baf9104b6e0b426	e0599f55ae4cf83d3d1833526d2c3cc9
22640	62c2c1c9741c92517e7f24925ee85771	5f9f7149419659bf0baf9104b6e0b426	e0599f55ae4cf83d3d1833526d2c3cc9
22641	62c2c1c9741c92517e7f24925ee85771	5f9f7149419659bf0baf9104b6e0b426	e0599f55ae4cf83d3d1833526d2c3cc9
22642	62c2c1c9741c92517e7f24925ee85771	5f9f7149419659bf0baf9104b6e0b426	e0599f55ae4cf83d3d1833526d2c3cc9
22643	f21417fe46189425bc5021010062d733	e198cd3f4a89a12392d646cccd3c27ac	9c6835b226bb60db515e52d1495f3347
22644	f21417fe46189425bc5021010062d733	e198cd3f4a89a12392d646cccd3c27ac	9c6835b226bb60db515e52d1495f3347
22645	f21417fe46189425bc5021010062d733	e198cd3f4a89a12392d646cccd3c27ac	9c6835b226bb60db515e52d1495f3347
22646	f21417fe46189425bc5021010062d733	e198cd3f4a89a12392d646cccd3c27ac	9c6835b226bb60db515e52d1495f3347
22647	f21417fe46189425bc5021010062d733	e198cd3f4a89a12392d646cccd3c27ac	9c6835b226bb60db515e52d1495f3347
22648	f21417fe46189425bc5021010062d733	e198cd3f4a89a12392d646cccd3c27ac	9c6835b226bb60db515e52d1495f3347
22649	f21417fe46189425bc5021010062d733	e198cd3f4a89a12392d646cccd3c27ac	9c6835b226bb60db515e52d1495f3347
22650	6d1b07b9ca6e2763198a42d3f17efd60	613a4a11d5445d6d8fa5aebb8a388e5b	0184c68b5450b37b114378df92f24d10
22651	6d1b07b9ca6e2763198a42d3f17efd60	613a4a11d5445d6d8fa5aebb8a388e5b	0184c68b5450b37b114378df92f24d10
22652	6d1b07b9ca6e2763198a42d3f17efd60	613a4a11d5445d6d8fa5aebb8a388e5b	0184c68b5450b37b114378df92f24d10
22653	4c5c601a5b5aae3bba948e22b6431d33	10276141487df14d0fed5a781ed2341c	7163b0832016f68ff54182626a413b03
22654	4c5c601a5b5aae3bba948e22b6431d33	10276141487df14d0fed5a781ed2341c	7163b0832016f68ff54182626a413b03
22655	472606de4dfcd5f22344d233d34b1958	7f77feb317f1378aa329d389b6b03a8b	bec9a7dce6b25fa8f7a27bae6d41e9fc
22656	472606de4dfcd5f22344d233d34b1958	7f77feb317f1378aa329d389b6b03a8b	bec9a7dce6b25fa8f7a27bae6d41e9fc
22657	472606de4dfcd5f22344d233d34b1958	7f77feb317f1378aa329d389b6b03a8b	bec9a7dce6b25fa8f7a27bae6d41e9fc
22658	472606de4dfcd5f22344d233d34b1958	7f77feb317f1378aa329d389b6b03a8b	bec9a7dce6b25fa8f7a27bae6d41e9fc
22659	472606de4dfcd5f22344d233d34b1958	7f77feb317f1378aa329d389b6b03a8b	bec9a7dce6b25fa8f7a27bae6d41e9fc
22660	472606de4dfcd5f22344d233d34b1958	7f77feb317f1378aa329d389b6b03a8b	bec9a7dce6b25fa8f7a27bae6d41e9fc
22661	472606de4dfcd5f22344d233d34b1958	7f77feb317f1378aa329d389b6b03a8b	bec9a7dce6b25fa8f7a27bae6d41e9fc
22662	472606de4dfcd5f22344d233d34b1958	7f77feb317f1378aa329d389b6b03a8b	bec9a7dce6b25fa8f7a27bae6d41e9fc
22663	472606de4dfcd5f22344d233d34b1958	7f77feb317f1378aa329d389b6b03a8b	bec9a7dce6b25fa8f7a27bae6d41e9fc
22664	472606de4dfcd5f22344d233d34b1958	7f77feb317f1378aa329d389b6b03a8b	bec9a7dce6b25fa8f7a27bae6d41e9fc
22665	472606de4dfcd5f22344d233d34b1958	7f77feb317f1378aa329d389b6b03a8b	bec9a7dce6b25fa8f7a27bae6d41e9fc
22666	472606de4dfcd5f22344d233d34b1958	7f77feb317f1378aa329d389b6b03a8b	bec9a7dce6b25fa8f7a27bae6d41e9fc
22667	472606de4dfcd5f22344d233d34b1958	7f77feb317f1378aa329d389b6b03a8b	bec9a7dce6b25fa8f7a27bae6d41e9fc
22668	472606de4dfcd5f22344d233d34b1958	7f77feb317f1378aa329d389b6b03a8b	bec9a7dce6b25fa8f7a27bae6d41e9fc
22669	472606de4dfcd5f22344d233d34b1958	7f77feb317f1378aa329d389b6b03a8b	bec9a7dce6b25fa8f7a27bae6d41e9fc
22670	472606de4dfcd5f22344d233d34b1958	7f77feb317f1378aa329d389b6b03a8b	bec9a7dce6b25fa8f7a27bae6d41e9fc
22671	472606de4dfcd5f22344d233d34b1958	7f77feb317f1378aa329d389b6b03a8b	bec9a7dce6b25fa8f7a27bae6d41e9fc
22672	7f95ff94ba8a743cd189fd634bff620e	13d9e57a22750588cc4f06bb5b2cab65	a0e8a3b61b8e9068044e2b37e7ab1956
22673	7f95ff94ba8a743cd189fd634bff620e	13d9e57a22750588cc4f06bb5b2cab65	a0e8a3b61b8e9068044e2b37e7ab1956
22674	7f95ff94ba8a743cd189fd634bff620e	13d9e57a22750588cc4f06bb5b2cab65	a0e8a3b61b8e9068044e2b37e7ab1956
22675	af3a32de3a6b6d655df300eac9056db2	a37ab6ff1c5f8a8b0773b568b5086501	c056daac61c26d7b191bb4448cbf448e
22676	af3a32de3a6b6d655df300eac9056db2	a37ab6ff1c5f8a8b0773b568b5086501	c056daac61c26d7b191bb4448cbf448e
22677	af3a32de3a6b6d655df300eac9056db2	a37ab6ff1c5f8a8b0773b568b5086501	c056daac61c26d7b191bb4448cbf448e
22678	af3a32de3a6b6d655df300eac9056db2	a37ab6ff1c5f8a8b0773b568b5086501	c056daac61c26d7b191bb4448cbf448e
22679	98e3f05cbfd7f78f2221f19c25eb4536	ae70ab27e5bf79d9b356fad49b7e4075	03dc5d4e16e91bd395202aed38914ea6
22680	98e3f05cbfd7f78f2221f19c25eb4536	ae70ab27e5bf79d9b356fad49b7e4075	03dc5d4e16e91bd395202aed38914ea6
22681	98e3f05cbfd7f78f2221f19c25eb4536	ae70ab27e5bf79d9b356fad49b7e4075	03dc5d4e16e91bd395202aed38914ea6
22682	98e3f05cbfd7f78f2221f19c25eb4536	ae70ab27e5bf79d9b356fad49b7e4075	03dc5d4e16e91bd395202aed38914ea6
22683	98e3f05cbfd7f78f2221f19c25eb4536	ae70ab27e5bf79d9b356fad49b7e4075	03dc5d4e16e91bd395202aed38914ea6
22684	030721e5ab206b5dc094c64e268b6bd9	ada285bceff6175b5ee8207fadc402ae	2aa80a29bbfbd8abfc00ffb86bc71125
22685	030721e5ab206b5dc094c64e268b6bd9	ada285bceff6175b5ee8207fadc402ae	2aa80a29bbfbd8abfc00ffb86bc71125
22686	030721e5ab206b5dc094c64e268b6bd9	ada285bceff6175b5ee8207fadc402ae	2aa80a29bbfbd8abfc00ffb86bc71125
22687	030721e5ab206b5dc094c64e268b6bd9	ada285bceff6175b5ee8207fadc402ae	2aa80a29bbfbd8abfc00ffb86bc71125
22688	030721e5ab206b5dc094c64e268b6bd9	ada285bceff6175b5ee8207fadc402ae	2aa80a29bbfbd8abfc00ffb86bc71125
22689	030721e5ab206b5dc094c64e268b6bd9	ada285bceff6175b5ee8207fadc402ae	2aa80a29bbfbd8abfc00ffb86bc71125
22690	030721e5ab206b5dc094c64e268b6bd9	ada285bceff6175b5ee8207fadc402ae	2aa80a29bbfbd8abfc00ffb86bc71125
22691	e9325b384716eeaccb2d46a61b7dbffb	e103da461439d6204d97eb4c0ed14ecc	52fc7bb89ec5f348b2355892b56fd7c3
22692	e9325b384716eeaccb2d46a61b7dbffb	e103da461439d6204d97eb4c0ed14ecc	52fc7bb89ec5f348b2355892b56fd7c3
22693	e9325b384716eeaccb2d46a61b7dbffb	e103da461439d6204d97eb4c0ed14ecc	52fc7bb89ec5f348b2355892b56fd7c3
22694	e9325b384716eeaccb2d46a61b7dbffb	e103da461439d6204d97eb4c0ed14ecc	52fc7bb89ec5f348b2355892b56fd7c3
22695	e9325b384716eeaccb2d46a61b7dbffb	e103da461439d6204d97eb4c0ed14ecc	52fc7bb89ec5f348b2355892b56fd7c3
22696	917f5e16be37046095d95c47c7b9c398	129def22744f4b5c959ab90150e8202b	20db65324ab5a968779c213e7710d518
22697	917f5e16be37046095d95c47c7b9c398	129def22744f4b5c959ab90150e8202b	20db65324ab5a968779c213e7710d518
22698	917f5e16be37046095d95c47c7b9c398	129def22744f4b5c959ab90150e8202b	20db65324ab5a968779c213e7710d518
22699	917f5e16be37046095d95c47c7b9c398	129def22744f4b5c959ab90150e8202b	20db65324ab5a968779c213e7710d518
22700	917f5e16be37046095d95c47c7b9c398	129def22744f4b5c959ab90150e8202b	20db65324ab5a968779c213e7710d518
22701	917f5e16be37046095d95c47c7b9c398	129def22744f4b5c959ab90150e8202b	20db65324ab5a968779c213e7710d518
22702	917f5e16be37046095d95c47c7b9c398	129def22744f4b5c959ab90150e8202b	20db65324ab5a968779c213e7710d518
22703	134432f5795f8c2af2809cf3dcf74a99	11df9ee9289beb3a7725e81956413006	5eb8aa8ea9bee2f2165b363e07dc2dc9
22704	134432f5795f8c2af2809cf3dcf74a99	11df9ee9289beb3a7725e81956413006	5eb8aa8ea9bee2f2165b363e07dc2dc9
22705	134432f5795f8c2af2809cf3dcf74a99	11df9ee9289beb3a7725e81956413006	5eb8aa8ea9bee2f2165b363e07dc2dc9
22706	134432f5795f8c2af2809cf3dcf74a99	11df9ee9289beb3a7725e81956413006	5eb8aa8ea9bee2f2165b363e07dc2dc9
22707	134432f5795f8c2af2809cf3dcf74a99	11df9ee9289beb3a7725e81956413006	5eb8aa8ea9bee2f2165b363e07dc2dc9
22708	b1e5fb430c97826a47807b29b90c7696	4c412289e83e419260407c63e452601d	8601d2f26941e546f9c2001d6c99f566
22709	b1e5fb430c97826a47807b29b90c7696	4c412289e83e419260407c63e452601d	8601d2f26941e546f9c2001d6c99f566
22710	b1e5fb430c97826a47807b29b90c7696	4c412289e83e419260407c63e452601d	8601d2f26941e546f9c2001d6c99f566
22711	b1e5fb430c97826a47807b29b90c7696	4c412289e83e419260407c63e452601d	8601d2f26941e546f9c2001d6c99f566
22712	b1e5fb430c97826a47807b29b90c7696	4c412289e83e419260407c63e452601d	8601d2f26941e546f9c2001d6c99f566
22713	afa7521724a4d41a2870dd2833dc131f	f98064d04a206a8a01d00991ac209410	0a1ad28c257f8e04c07a88e937aefa43
22714	afa7521724a4d41a2870dd2833dc131f	f98064d04a206a8a01d00991ac209410	0a1ad28c257f8e04c07a88e937aefa43
22715	afa7521724a4d41a2870dd2833dc131f	f98064d04a206a8a01d00991ac209410	0a1ad28c257f8e04c07a88e937aefa43
22716	afa7521724a4d41a2870dd2833dc131f	f98064d04a206a8a01d00991ac209410	0a1ad28c257f8e04c07a88e937aefa43
22717	afa7521724a4d41a2870dd2833dc131f	f98064d04a206a8a01d00991ac209410	0a1ad28c257f8e04c07a88e937aefa43
22718	afa7521724a4d41a2870dd2833dc131f	f98064d04a206a8a01d00991ac209410	0a1ad28c257f8e04c07a88e937aefa43
22719	afa7521724a4d41a2870dd2833dc131f	f98064d04a206a8a01d00991ac209410	0a1ad28c257f8e04c07a88e937aefa43
22720	0b7e0d71974d99b8698e3bc7327b0f4a	536bd6414a23dcf44258d41233002921	666fe6a3c0b30a363d8fbf7df5645a2e
22721	0b7e0d71974d99b8698e3bc7327b0f4a	536bd6414a23dcf44258d41233002921	666fe6a3c0b30a363d8fbf7df5645a2e
22722	0b7e0d71974d99b8698e3bc7327b0f4a	536bd6414a23dcf44258d41233002921	666fe6a3c0b30a363d8fbf7df5645a2e
22723	0b7e0d71974d99b8698e3bc7327b0f4a	536bd6414a23dcf44258d41233002921	666fe6a3c0b30a363d8fbf7df5645a2e
22724	0b7e0d71974d99b8698e3bc7327b0f4a	536bd6414a23dcf44258d41233002921	666fe6a3c0b30a363d8fbf7df5645a2e
22725	4d45d851bcbbda99383d59b27d20092d	1f8656efdf5746e7aa3e6dd758292b02	80f43a33e6a9123769387d75214951d1
22726	4d45d851bcbbda99383d59b27d20092d	1f8656efdf5746e7aa3e6dd758292b02	80f43a33e6a9123769387d75214951d1
22727	4d45d851bcbbda99383d59b27d20092d	1f8656efdf5746e7aa3e6dd758292b02	80f43a33e6a9123769387d75214951d1
22728	4d45d851bcbbda99383d59b27d20092d	1f8656efdf5746e7aa3e6dd758292b02	80f43a33e6a9123769387d75214951d1
22729	4d45d851bcbbda99383d59b27d20092d	1f8656efdf5746e7aa3e6dd758292b02	80f43a33e6a9123769387d75214951d1
22730	4d45d851bcbbda99383d59b27d20092d	1f8656efdf5746e7aa3e6dd758292b02	80f43a33e6a9123769387d75214951d1
22731	4d45d851bcbbda99383d59b27d20092d	1f8656efdf5746e7aa3e6dd758292b02	80f43a33e6a9123769387d75214951d1
22732	4d45d851bcbbda99383d59b27d20092d	1f8656efdf5746e7aa3e6dd758292b02	80f43a33e6a9123769387d75214951d1
22733	4d45d851bcbbda99383d59b27d20092d	1f8656efdf5746e7aa3e6dd758292b02	80f43a33e6a9123769387d75214951d1
22734	4d45d851bcbbda99383d59b27d20092d	1f8656efdf5746e7aa3e6dd758292b02	80f43a33e6a9123769387d75214951d1
22735	4d45d851bcbbda99383d59b27d20092d	1f8656efdf5746e7aa3e6dd758292b02	80f43a33e6a9123769387d75214951d1
22736	4d45d851bcbbda99383d59b27d20092d	1f8656efdf5746e7aa3e6dd758292b02	80f43a33e6a9123769387d75214951d1
22737	4d45d851bcbbda99383d59b27d20092d	1f8656efdf5746e7aa3e6dd758292b02	80f43a33e6a9123769387d75214951d1
22738	4d45d851bcbbda99383d59b27d20092d	1f8656efdf5746e7aa3e6dd758292b02	80f43a33e6a9123769387d75214951d1
22739	4d45d851bcbbda99383d59b27d20092d	1f8656efdf5746e7aa3e6dd758292b02	80f43a33e6a9123769387d75214951d1
22740	4d45d851bcbbda99383d59b27d20092d	1f8656efdf5746e7aa3e6dd758292b02	80f43a33e6a9123769387d75214951d1
22741	97628e104c55ffdfdcd19d6819428504	7a6c8556dff84da9a82f15eeddc972ef	705660523c5479e1f8374ea450354a60
22742	f25c83f49cf9b160ce5f8cfeef50f449	3f075cd31574bf24ea14c4f011a94b16	0083dd6a52f5a3b285c02d4a52ef49bd
22743	f25c83f49cf9b160ce5f8cfeef50f449	3f075cd31574bf24ea14c4f011a94b16	0083dd6a52f5a3b285c02d4a52ef49bd
22744	f25c83f49cf9b160ce5f8cfeef50f449	3f075cd31574bf24ea14c4f011a94b16	0083dd6a52f5a3b285c02d4a52ef49bd
22745	f25c83f49cf9b160ce5f8cfeef50f449	3f075cd31574bf24ea14c4f011a94b16	0083dd6a52f5a3b285c02d4a52ef49bd
22746	f25c83f49cf9b160ce5f8cfeef50f449	3f075cd31574bf24ea14c4f011a94b16	0083dd6a52f5a3b285c02d4a52ef49bd
22747	f25c83f49cf9b160ce5f8cfeef50f449	3f075cd31574bf24ea14c4f011a94b16	0083dd6a52f5a3b285c02d4a52ef49bd
22748	f25c83f49cf9b160ce5f8cfeef50f449	3f075cd31574bf24ea14c4f011a94b16	0083dd6a52f5a3b285c02d4a52ef49bd
22749	9a2fff7c1f785ef1036ca54e3c0b72ef	18410b0b131c423fd18cee79301edb08	0b944bdd884d2a51725a326cd0097707
22750	9a2fff7c1f785ef1036ca54e3c0b72ef	18410b0b131c423fd18cee79301edb08	0b944bdd884d2a51725a326cd0097707
22751	9a2fff7c1f785ef1036ca54e3c0b72ef	18410b0b131c423fd18cee79301edb08	0b944bdd884d2a51725a326cd0097707
22752	1bfcb60e72d8dff11b135b331b1e2d1c	4438f40b838022c7bea4f0dae42c69e7	bc7a0e3e37f4e9316412c1bf7c9b639c
22753	1bfcb60e72d8dff11b135b331b1e2d1c	4438f40b838022c7bea4f0dae42c69e7	bc7a0e3e37f4e9316412c1bf7c9b639c
22754	2660d918f97fb1ed68446d87bd6ed275	4766e333e289952b3c6f4e357e07e57a	06f5da5896f894a1e90661d9bde13305
22755	2660d918f97fb1ed68446d87bd6ed275	4766e333e289952b3c6f4e357e07e57a	06f5da5896f894a1e90661d9bde13305
22756	2660d918f97fb1ed68446d87bd6ed275	4766e333e289952b3c6f4e357e07e57a	06f5da5896f894a1e90661d9bde13305
22757	2660d918f97fb1ed68446d87bd6ed275	4766e333e289952b3c6f4e357e07e57a	06f5da5896f894a1e90661d9bde13305
22758	2660d918f97fb1ed68446d87bd6ed275	4766e333e289952b3c6f4e357e07e57a	06f5da5896f894a1e90661d9bde13305
22759	2660d918f97fb1ed68446d87bd6ed275	4766e333e289952b3c6f4e357e07e57a	06f5da5896f894a1e90661d9bde13305
22760	2660d918f97fb1ed68446d87bd6ed275	4766e333e289952b3c6f4e357e07e57a	06f5da5896f894a1e90661d9bde13305
22761	bd8aa1fa639450f91e5923eb2f538ac9	459c93102a7cc807b48fd80832820cde	6767e2662d6aa723a3cc1c82b23cd38d
22762	bd8aa1fa639450f91e5923eb2f538ac9	459c93102a7cc807b48fd80832820cde	6767e2662d6aa723a3cc1c82b23cd38d
22763	bd8aa1fa639450f91e5923eb2f538ac9	459c93102a7cc807b48fd80832820cde	6767e2662d6aa723a3cc1c82b23cd38d
22764	bd8aa1fa639450f91e5923eb2f538ac9	459c93102a7cc807b48fd80832820cde	6767e2662d6aa723a3cc1c82b23cd38d
22765	bd8aa1fa639450f91e5923eb2f538ac9	459c93102a7cc807b48fd80832820cde	6767e2662d6aa723a3cc1c82b23cd38d
22766	c68bcff6351c715df54b0917b1db8784	cbb0b5169ff41273626791a3ae5e2d7f	cbe20083b674683142ca3f64f498bb6c
22767	c68bcff6351c715df54b0917b1db8784	cbb0b5169ff41273626791a3ae5e2d7f	cbe20083b674683142ca3f64f498bb6c
22768	c68bcff6351c715df54b0917b1db8784	cbb0b5169ff41273626791a3ae5e2d7f	cbe20083b674683142ca3f64f498bb6c
22769	c68bcff6351c715df54b0917b1db8784	cbb0b5169ff41273626791a3ae5e2d7f	cbe20083b674683142ca3f64f498bb6c
22770	c68bcff6351c715df54b0917b1db8784	cbb0b5169ff41273626791a3ae5e2d7f	cbe20083b674683142ca3f64f498bb6c
22771	c68bcff6351c715df54b0917b1db8784	cbb0b5169ff41273626791a3ae5e2d7f	cbe20083b674683142ca3f64f498bb6c
22772	c68bcff6351c715df54b0917b1db8784	cbb0b5169ff41273626791a3ae5e2d7f	cbe20083b674683142ca3f64f498bb6c
22773	c68bcff6351c715df54b0917b1db8784	cbb0b5169ff41273626791a3ae5e2d7f	cbe20083b674683142ca3f64f498bb6c
22774	c68bcff6351c715df54b0917b1db8784	cbb0b5169ff41273626791a3ae5e2d7f	cbe20083b674683142ca3f64f498bb6c
22775	c68bcff6351c715df54b0917b1db8784	cbb0b5169ff41273626791a3ae5e2d7f	cbe20083b674683142ca3f64f498bb6c
22776	c68bcff6351c715df54b0917b1db8784	cbb0b5169ff41273626791a3ae5e2d7f	cbe20083b674683142ca3f64f498bb6c
22777	c68bcff6351c715df54b0917b1db8784	cbb0b5169ff41273626791a3ae5e2d7f	cbe20083b674683142ca3f64f498bb6c
22778	c68bcff6351c715df54b0917b1db8784	cbb0b5169ff41273626791a3ae5e2d7f	cbe20083b674683142ca3f64f498bb6c
22779	c68bcff6351c715df54b0917b1db8784	cbb0b5169ff41273626791a3ae5e2d7f	cbe20083b674683142ca3f64f498bb6c
22780	c68bcff6351c715df54b0917b1db8784	cbb0b5169ff41273626791a3ae5e2d7f	cbe20083b674683142ca3f64f498bb6c
22781	c68bcff6351c715df54b0917b1db8784	cbb0b5169ff41273626791a3ae5e2d7f	cbe20083b674683142ca3f64f498bb6c
22782	c68bcff6351c715df54b0917b1db8784	cbb0b5169ff41273626791a3ae5e2d7f	cbe20083b674683142ca3f64f498bb6c
22783	fd8da491277973c53e74f3e5529afbae	f93b7ad821986f6bf8c19dae3f37821d	7217f67ba9eb2ac569741b7d4c8d44fe
22784	fd8da491277973c53e74f3e5529afbae	f93b7ad821986f6bf8c19dae3f37821d	7217f67ba9eb2ac569741b7d4c8d44fe
22785	fd8da491277973c53e74f3e5529afbae	f93b7ad821986f6bf8c19dae3f37821d	7217f67ba9eb2ac569741b7d4c8d44fe
22786	fd8da491277973c53e74f3e5529afbae	f93b7ad821986f6bf8c19dae3f37821d	7217f67ba9eb2ac569741b7d4c8d44fe
22787	fd8da491277973c53e74f3e5529afbae	f93b7ad821986f6bf8c19dae3f37821d	7217f67ba9eb2ac569741b7d4c8d44fe
22788	fd8da491277973c53e74f3e5529afbae	f93b7ad821986f6bf8c19dae3f37821d	7217f67ba9eb2ac569741b7d4c8d44fe
22789	fd8da491277973c53e74f3e5529afbae	f93b7ad821986f6bf8c19dae3f37821d	7217f67ba9eb2ac569741b7d4c8d44fe
22790	166bc7848105503f8127db66e6205318	383d8474f4e22e0938d15a4f3d3cf9c3	712eed6ee6570bd70d0d0a0e5f394d78
22791	166bc7848105503f8127db66e6205318	383d8474f4e22e0938d15a4f3d3cf9c3	712eed6ee6570bd70d0d0a0e5f394d78
22792	166bc7848105503f8127db66e6205318	383d8474f4e22e0938d15a4f3d3cf9c3	712eed6ee6570bd70d0d0a0e5f394d78
22793	166bc7848105503f8127db66e6205318	383d8474f4e22e0938d15a4f3d3cf9c3	712eed6ee6570bd70d0d0a0e5f394d78
22794	166bc7848105503f8127db66e6205318	383d8474f4e22e0938d15a4f3d3cf9c3	712eed6ee6570bd70d0d0a0e5f394d78
22795	22569b824414bde28f10dac1967382fb	bc54c1f7374b9b2269688e1de3be8aac	82ecc7a24f2b894e988b7e2157531c1b
22796	22569b824414bde28f10dac1967382fb	bc54c1f7374b9b2269688e1de3be8aac	82ecc7a24f2b894e988b7e2157531c1b
22797	22569b824414bde28f10dac1967382fb	bc54c1f7374b9b2269688e1de3be8aac	82ecc7a24f2b894e988b7e2157531c1b
22798	22569b824414bde28f10dac1967382fb	bc54c1f7374b9b2269688e1de3be8aac	82ecc7a24f2b894e988b7e2157531c1b
22799	22569b824414bde28f10dac1967382fb	bc54c1f7374b9b2269688e1de3be8aac	82ecc7a24f2b894e988b7e2157531c1b
22800	22569b824414bde28f10dac1967382fb	bc54c1f7374b9b2269688e1de3be8aac	82ecc7a24f2b894e988b7e2157531c1b
22801	22569b824414bde28f10dac1967382fb	bc54c1f7374b9b2269688e1de3be8aac	82ecc7a24f2b894e988b7e2157531c1b
22802	37ed1822cb1a3dc9100a9498c81123b3	46bc21f116aae5f713cb99abf7fd968c	fd0800ec190f1a8f472c260727f2a61f
22803	37ed1822cb1a3dc9100a9498c81123b3	46bc21f116aae5f713cb99abf7fd968c	fd0800ec190f1a8f472c260727f2a61f
22804	37ed1822cb1a3dc9100a9498c81123b3	46bc21f116aae5f713cb99abf7fd968c	fd0800ec190f1a8f472c260727f2a61f
22805	37ed1822cb1a3dc9100a9498c81123b3	46bc21f116aae5f713cb99abf7fd968c	fd0800ec190f1a8f472c260727f2a61f
22806	37ed1822cb1a3dc9100a9498c81123b3	46bc21f116aae5f713cb99abf7fd968c	fd0800ec190f1a8f472c260727f2a61f
22807	6b1bd805f1b8e9578cdb26fa84e331ee	2abc8d698694ff11944e82608e0be4fd	1cfe2d4397fa2b45eb3f6a69478451ba
22808	6b1bd805f1b8e9578cdb26fa84e331ee	2abc8d698694ff11944e82608e0be4fd	1cfe2d4397fa2b45eb3f6a69478451ba
22809	6b1bd805f1b8e9578cdb26fa84e331ee	2abc8d698694ff11944e82608e0be4fd	1cfe2d4397fa2b45eb3f6a69478451ba
22810	6b1bd805f1b8e9578cdb26fa84e331ee	2abc8d698694ff11944e82608e0be4fd	1cfe2d4397fa2b45eb3f6a69478451ba
22811	6b1bd805f1b8e9578cdb26fa84e331ee	2abc8d698694ff11944e82608e0be4fd	1cfe2d4397fa2b45eb3f6a69478451ba
22812	596f7b98dcfbc649711fc22c8224d6d6	c173f9cd622a0e3f015e785b45573df5	e0781f6cfb0d24ff257457406c483df2
22813	596f7b98dcfbc649711fc22c8224d6d6	c173f9cd622a0e3f015e785b45573df5	e0781f6cfb0d24ff257457406c483df2
22814	596f7b98dcfbc649711fc22c8224d6d6	c173f9cd622a0e3f015e785b45573df5	e0781f6cfb0d24ff257457406c483df2
22815	c3977e8f0f9ac94d25d785fd587e4bfe	c0c720eb36d25ff3c5f1d310334bdc2d	c8cc21d20f3e830d57156701d421b906
22816	c3977e8f0f9ac94d25d785fd587e4bfe	c0c720eb36d25ff3c5f1d310334bdc2d	c8cc21d20f3e830d57156701d421b906
22817	c3977e8f0f9ac94d25d785fd587e4bfe	c0c720eb36d25ff3c5f1d310334bdc2d	c8cc21d20f3e830d57156701d421b906
22818	c3977e8f0f9ac94d25d785fd587e4bfe	c0c720eb36d25ff3c5f1d310334bdc2d	c8cc21d20f3e830d57156701d421b906
22819	b14ff562da9cb534742e639a9fcb1b62	37a8d87da60ff6f046ad2eee61c66b69	908a57f8a4a223823d14c3a96ab233ce
22820	b14ff562da9cb534742e639a9fcb1b62	37a8d87da60ff6f046ad2eee61c66b69	908a57f8a4a223823d14c3a96ab233ce
22821	b14ff562da9cb534742e639a9fcb1b62	37a8d87da60ff6f046ad2eee61c66b69	908a57f8a4a223823d14c3a96ab233ce
22822	b14ff562da9cb534742e639a9fcb1b62	37a8d87da60ff6f046ad2eee61c66b69	908a57f8a4a223823d14c3a96ab233ce
22823	818356758280a45a0df90d9eccc396e9	dbc219c9f1d3bfca4363d2592a829ce6	cfbc3a40971600782497d46a76545bd5
22824	4f794b854dfd456a840d0878a2045846	56abed0c810b78323d913b9ff6f4d4ad	793e439d59d7a98c2db7cd88f3312b72
22825	4f794b854dfd456a840d0878a2045846	56abed0c810b78323d913b9ff6f4d4ad	793e439d59d7a98c2db7cd88f3312b72
22826	4f794b854dfd456a840d0878a2045846	56abed0c810b78323d913b9ff6f4d4ad	793e439d59d7a98c2db7cd88f3312b72
22827	4f794b854dfd456a840d0878a2045846	56abed0c810b78323d913b9ff6f4d4ad	793e439d59d7a98c2db7cd88f3312b72
22828	4f794b854dfd456a840d0878a2045846	56abed0c810b78323d913b9ff6f4d4ad	793e439d59d7a98c2db7cd88f3312b72
22829	4f794b854dfd456a840d0878a2045846	56abed0c810b78323d913b9ff6f4d4ad	793e439d59d7a98c2db7cd88f3312b72
22830	4f794b854dfd456a840d0878a2045846	56abed0c810b78323d913b9ff6f4d4ad	793e439d59d7a98c2db7cd88f3312b72
22831	987136436af55faf27432fce1a39405a	db578f6b4eac1549b9c006007a2d2769	a0c93c3f1eeff6c94aa132ad1362f646
22832	987136436af55faf27432fce1a39405a	db578f6b4eac1549b9c006007a2d2769	a0c93c3f1eeff6c94aa132ad1362f646
22833	987136436af55faf27432fce1a39405a	db578f6b4eac1549b9c006007a2d2769	a0c93c3f1eeff6c94aa132ad1362f646
22834	d6a4a3aefe1d87706a81874107135e83	70563ad0708f81e4e5cad449e04c6054	5473b61dc1764858009ddb3927c502b3
22835	987136436af55faf27432fce1a39405a	db578f6b4eac1549b9c006007a2d2769	a0c93c3f1eeff6c94aa132ad1362f646
22836	ed5dbd41fa835172ff34e757cecf0f34	18c92fcae13e65da0146106adafe6727	3054e7abed67e408a5dafd8a9ba98770
22837	ed5dbd41fa835172ff34e757cecf0f34	18c92fcae13e65da0146106adafe6727	3054e7abed67e408a5dafd8a9ba98770
22838	ed5dbd41fa835172ff34e757cecf0f34	18c92fcae13e65da0146106adafe6727	3054e7abed67e408a5dafd8a9ba98770
22839	ed5dbd41fa835172ff34e757cecf0f34	18c92fcae13e65da0146106adafe6727	3054e7abed67e408a5dafd8a9ba98770
22840	ed5dbd41fa835172ff34e757cecf0f34	18c92fcae13e65da0146106adafe6727	3054e7abed67e408a5dafd8a9ba98770
22841	ed5dbd41fa835172ff34e757cecf0f34	18c92fcae13e65da0146106adafe6727	3054e7abed67e408a5dafd8a9ba98770
22842	ed5dbd41fa835172ff34e757cecf0f34	18c92fcae13e65da0146106adafe6727	3054e7abed67e408a5dafd8a9ba98770
22843	ed5dbd41fa835172ff34e757cecf0f34	18c92fcae13e65da0146106adafe6727	3054e7abed67e408a5dafd8a9ba98770
22844	ed5dbd41fa835172ff34e757cecf0f34	18c92fcae13e65da0146106adafe6727	3054e7abed67e408a5dafd8a9ba98770
22845	ed5dbd41fa835172ff34e757cecf0f34	18c92fcae13e65da0146106adafe6727	3054e7abed67e408a5dafd8a9ba98770
22846	ed5dbd41fa835172ff34e757cecf0f34	18c92fcae13e65da0146106adafe6727	3054e7abed67e408a5dafd8a9ba98770
22847	ed5dbd41fa835172ff34e757cecf0f34	18c92fcae13e65da0146106adafe6727	3054e7abed67e408a5dafd8a9ba98770
22848	b7493f2d9b538bc6fd9deb82c3e987b2	68f373db8a84261ebece91b993d307a9	80250743362720aa2640e53ff1c0edca
22849	b7493f2d9b538bc6fd9deb82c3e987b2	68f373db8a84261ebece91b993d307a9	80250743362720aa2640e53ff1c0edca
22850	b7493f2d9b538bc6fd9deb82c3e987b2	68f373db8a84261ebece91b993d307a9	80250743362720aa2640e53ff1c0edca
22851	b7493f2d9b538bc6fd9deb82c3e987b2	68f373db8a84261ebece91b993d307a9	80250743362720aa2640e53ff1c0edca
22852	b7493f2d9b538bc6fd9deb82c3e987b2	68f373db8a84261ebece91b993d307a9	80250743362720aa2640e53ff1c0edca
22853	c6b786eb26109d115357eeda4aea2a6e	21acd18e494700773150d6e72d4ebe3d	1c709e4a059f03c34986c1da3aee34aa
22854	c6b786eb26109d115357eeda4aea2a6e	21acd18e494700773150d6e72d4ebe3d	1c709e4a059f03c34986c1da3aee34aa
22855	c6b786eb26109d115357eeda4aea2a6e	21acd18e494700773150d6e72d4ebe3d	1c709e4a059f03c34986c1da3aee34aa
22856	cd684ac9625cafc6982445748ba6257a	110232d8359323de5ff8f54aa471e651	f1f9664b7d563c3492f38ca76c95b05e
22857	cd684ac9625cafc6982445748ba6257a	110232d8359323de5ff8f54aa471e651	f1f9664b7d563c3492f38ca76c95b05e
22858	7ca9687d2fe042cafe6a974d8d383c4a	64776a7a8e5f46323c0edf112a7cd631	732f2d42993807646fafc769d9064d8e
22859	7ca9687d2fe042cafe6a974d8d383c4a	64776a7a8e5f46323c0edf112a7cd631	732f2d42993807646fafc769d9064d8e
22860	df41dd90d79bbea745a1af42ebf7d096	16f3b68fecd6ee91af26c0200162ba15	eac77a7907595d31b85333fe699c49fa
22861	df41dd90d79bbea745a1af42ebf7d096	16f3b68fecd6ee91af26c0200162ba15	eac77a7907595d31b85333fe699c49fa
22862	df41dd90d79bbea745a1af42ebf7d096	16f3b68fecd6ee91af26c0200162ba15	eac77a7907595d31b85333fe699c49fa
22863	df41dd90d79bbea745a1af42ebf7d096	16f3b68fecd6ee91af26c0200162ba15	eac77a7907595d31b85333fe699c49fa
22864	df41dd90d79bbea745a1af42ebf7d096	16f3b68fecd6ee91af26c0200162ba15	eac77a7907595d31b85333fe699c49fa
22865	23200f2599f3e4518cf9b269f21aa55e	14e341820b78c7c7e6963ac2f94e4b6d	bfd5def29e8f5351f637344e88fe476e
22866	23200f2599f3e4518cf9b269f21aa55e	14e341820b78c7c7e6963ac2f94e4b6d	bfd5def29e8f5351f637344e88fe476e
22867	23200f2599f3e4518cf9b269f21aa55e	14e341820b78c7c7e6963ac2f94e4b6d	bfd5def29e8f5351f637344e88fe476e
22868	23200f2599f3e4518cf9b269f21aa55e	14e341820b78c7c7e6963ac2f94e4b6d	bfd5def29e8f5351f637344e88fe476e
22869	23200f2599f3e4518cf9b269f21aa55e	14e341820b78c7c7e6963ac2f94e4b6d	bfd5def29e8f5351f637344e88fe476e
22870	23200f2599f3e4518cf9b269f21aa55e	14e341820b78c7c7e6963ac2f94e4b6d	bfd5def29e8f5351f637344e88fe476e
22871	23200f2599f3e4518cf9b269f21aa55e	14e341820b78c7c7e6963ac2f94e4b6d	bfd5def29e8f5351f637344e88fe476e
22872	6b41d1bd021bbb60c4c262e5c8f26289	9f31185650f8ec84e31b648027de7a66	c0eff35a3ea27d845457486c9e16e729
22873	6b41d1bd021bbb60c4c262e5c8f26289	9f31185650f8ec84e31b648027de7a66	c0eff35a3ea27d845457486c9e16e729
22874	6b41d1bd021bbb60c4c262e5c8f26289	9f31185650f8ec84e31b648027de7a66	c0eff35a3ea27d845457486c9e16e729
22875	6b41d1bd021bbb60c4c262e5c8f26289	9f31185650f8ec84e31b648027de7a66	c0eff35a3ea27d845457486c9e16e729
22876	6b41d1bd021bbb60c4c262e5c8f26289	9f31185650f8ec84e31b648027de7a66	c0eff35a3ea27d845457486c9e16e729
22877	6b41d1bd021bbb60c4c262e5c8f26289	9f31185650f8ec84e31b648027de7a66	c0eff35a3ea27d845457486c9e16e729
22878	6b41d1bd021bbb60c4c262e5c8f26289	9f31185650f8ec84e31b648027de7a66	c0eff35a3ea27d845457486c9e16e729
22879	6b41d1bd021bbb60c4c262e5c8f26289	9f31185650f8ec84e31b648027de7a66	c0eff35a3ea27d845457486c9e16e729
22880	6b41d1bd021bbb60c4c262e5c8f26289	9f31185650f8ec84e31b648027de7a66	c0eff35a3ea27d845457486c9e16e729
22881	6b41d1bd021bbb60c4c262e5c8f26289	9f31185650f8ec84e31b648027de7a66	c0eff35a3ea27d845457486c9e16e729
22882	7c9287c167688ceab854ea9e24654b05	4d5abdc09010d0ca6f53d6cbfc4f83a2	5aaf68eb9998f49676908c22db9c09a5
22883	7c9287c167688ceab854ea9e24654b05	4d5abdc09010d0ca6f53d6cbfc4f83a2	5aaf68eb9998f49676908c22db9c09a5
22884	7c9287c167688ceab854ea9e24654b05	4d5abdc09010d0ca6f53d6cbfc4f83a2	5aaf68eb9998f49676908c22db9c09a5
22885	7c9287c167688ceab854ea9e24654b05	4d5abdc09010d0ca6f53d6cbfc4f83a2	5aaf68eb9998f49676908c22db9c09a5
22886	7c9287c167688ceab854ea9e24654b05	4d5abdc09010d0ca6f53d6cbfc4f83a2	5aaf68eb9998f49676908c22db9c09a5
22887	7c9287c167688ceab854ea9e24654b05	4d5abdc09010d0ca6f53d6cbfc4f83a2	5aaf68eb9998f49676908c22db9c09a5
22888	7c9287c167688ceab854ea9e24654b05	4d5abdc09010d0ca6f53d6cbfc4f83a2	5aaf68eb9998f49676908c22db9c09a5
22889	d63dc1b5a56dcb22285db7fc08e5175b	892e3ccb77e7d1322b7f301e6fb4fedc	8361ac3cf343a5ae90a232bbc38a10fb
22890	d63dc1b5a56dcb22285db7fc08e5175b	892e3ccb77e7d1322b7f301e6fb4fedc	8361ac3cf343a5ae90a232bbc38a10fb
22891	d63dc1b5a56dcb22285db7fc08e5175b	892e3ccb77e7d1322b7f301e6fb4fedc	8361ac3cf343a5ae90a232bbc38a10fb
22892	d63dc1b5a56dcb22285db7fc08e5175b	892e3ccb77e7d1322b7f301e6fb4fedc	8361ac3cf343a5ae90a232bbc38a10fb
22893	d63dc1b5a56dcb22285db7fc08e5175b	892e3ccb77e7d1322b7f301e6fb4fedc	8361ac3cf343a5ae90a232bbc38a10fb
22894	63b9e569d03b67f6105e9e917758dd50	5acf4079ff1bfc2e1b04ac3d91271b43	308e511e717f4af267c2f604de231f88
22895	63b9e569d03b67f6105e9e917758dd50	5acf4079ff1bfc2e1b04ac3d91271b43	308e511e717f4af267c2f604de231f88
22896	63b9e569d03b67f6105e9e917758dd50	5acf4079ff1bfc2e1b04ac3d91271b43	308e511e717f4af267c2f604de231f88
22897	63b9e569d03b67f6105e9e917758dd50	5acf4079ff1bfc2e1b04ac3d91271b43	308e511e717f4af267c2f604de231f88
22898	63b9e569d03b67f6105e9e917758dd50	5acf4079ff1bfc2e1b04ac3d91271b43	308e511e717f4af267c2f604de231f88
22899	63b9e569d03b67f6105e9e917758dd50	5acf4079ff1bfc2e1b04ac3d91271b43	308e511e717f4af267c2f604de231f88
22900	63b9e569d03b67f6105e9e917758dd50	5acf4079ff1bfc2e1b04ac3d91271b43	308e511e717f4af267c2f604de231f88
22901	63b9e569d03b67f6105e9e917758dd50	5acf4079ff1bfc2e1b04ac3d91271b43	308e511e717f4af267c2f604de231f88
22902	63b9e569d03b67f6105e9e917758dd50	5acf4079ff1bfc2e1b04ac3d91271b43	308e511e717f4af267c2f604de231f88
22903	63b9e569d03b67f6105e9e917758dd50	5acf4079ff1bfc2e1b04ac3d91271b43	308e511e717f4af267c2f604de231f88
22904	63b9e569d03b67f6105e9e917758dd50	5acf4079ff1bfc2e1b04ac3d91271b43	308e511e717f4af267c2f604de231f88
22905	63b9e569d03b67f6105e9e917758dd50	5acf4079ff1bfc2e1b04ac3d91271b43	308e511e717f4af267c2f604de231f88
22906	63b9e569d03b67f6105e9e917758dd50	5acf4079ff1bfc2e1b04ac3d91271b43	308e511e717f4af267c2f604de231f88
22907	63b9e569d03b67f6105e9e917758dd50	5acf4079ff1bfc2e1b04ac3d91271b43	308e511e717f4af267c2f604de231f88
22908	63b9e569d03b67f6105e9e917758dd50	5acf4079ff1bfc2e1b04ac3d91271b43	308e511e717f4af267c2f604de231f88
22909	63b9e569d03b67f6105e9e917758dd50	5acf4079ff1bfc2e1b04ac3d91271b43	308e511e717f4af267c2f604de231f88
22910	63b9e569d03b67f6105e9e917758dd50	5acf4079ff1bfc2e1b04ac3d91271b43	308e511e717f4af267c2f604de231f88
22911	485e84357d26896c04f77c908db128bd	5b8df77ba30b64f0bf6335f8b97ed99a	39f59d87d68e22c64f2477b2edb4d031
22912	485e84357d26896c04f77c908db128bd	5b8df77ba30b64f0bf6335f8b97ed99a	39f59d87d68e22c64f2477b2edb4d031
22913	485e84357d26896c04f77c908db128bd	5b8df77ba30b64f0bf6335f8b97ed99a	39f59d87d68e22c64f2477b2edb4d031
22914	485e84357d26896c04f77c908db128bd	5b8df77ba30b64f0bf6335f8b97ed99a	39f59d87d68e22c64f2477b2edb4d031
22915	485e84357d26896c04f77c908db128bd	5b8df77ba30b64f0bf6335f8b97ed99a	39f59d87d68e22c64f2477b2edb4d031
22916	485e84357d26896c04f77c908db128bd	5b8df77ba30b64f0bf6335f8b97ed99a	39f59d87d68e22c64f2477b2edb4d031
22917	485e84357d26896c04f77c908db128bd	5b8df77ba30b64f0bf6335f8b97ed99a	39f59d87d68e22c64f2477b2edb4d031
22918	793ab499ab3d2e78894151466d851f82	9f73aa40e71a026419f1ebbb118ade59	bada30af4180b2586c5ba157e1f1920a
22919	793ab499ab3d2e78894151466d851f82	9f73aa40e71a026419f1ebbb118ade59	bada30af4180b2586c5ba157e1f1920a
22920	793ab499ab3d2e78894151466d851f82	9f73aa40e71a026419f1ebbb118ade59	bada30af4180b2586c5ba157e1f1920a
22921	2fa789a4667afb425cd509c437efb37f	25304104f22335527697324450363920	aa4bf5496b028138fd9d922e0d270ea3
22922	2fa789a4667afb425cd509c437efb37f	25304104f22335527697324450363920	aa4bf5496b028138fd9d922e0d270ea3
22923	ba6070ca68ea26df6219fa52268dd024	a7c2692eb2e547795fe2e3a2a7d997ff	a97270ec74bc5159243cc77086504098
22924	ba6070ca68ea26df6219fa52268dd024	a7c2692eb2e547795fe2e3a2a7d997ff	a97270ec74bc5159243cc77086504098
22925	ba6070ca68ea26df6219fa52268dd024	a7c2692eb2e547795fe2e3a2a7d997ff	a97270ec74bc5159243cc77086504098
22926	ba6070ca68ea26df6219fa52268dd024	a7c2692eb2e547795fe2e3a2a7d997ff	a97270ec74bc5159243cc77086504098
22927	ba6070ca68ea26df6219fa52268dd024	a7c2692eb2e547795fe2e3a2a7d997ff	a97270ec74bc5159243cc77086504098
22928	ba6070ca68ea26df6219fa52268dd024	a7c2692eb2e547795fe2e3a2a7d997ff	a97270ec74bc5159243cc77086504098
22929	ba6070ca68ea26df6219fa52268dd024	a7c2692eb2e547795fe2e3a2a7d997ff	a97270ec74bc5159243cc77086504098
22930	242086c03efd858e78007b99a810e204	a22fb49316e995c69e65f5f7d2312257	42e4052b45f98a268b7f74e3914facc4
22931	242086c03efd858e78007b99a810e204	a22fb49316e995c69e65f5f7d2312257	42e4052b45f98a268b7f74e3914facc4
22932	242086c03efd858e78007b99a810e204	a22fb49316e995c69e65f5f7d2312257	42e4052b45f98a268b7f74e3914facc4
22933	242086c03efd858e78007b99a810e204	a22fb49316e995c69e65f5f7d2312257	42e4052b45f98a268b7f74e3914facc4
22934	242086c03efd858e78007b99a810e204	a22fb49316e995c69e65f5f7d2312257	42e4052b45f98a268b7f74e3914facc4
22935	d815cfc9e421fb5246014cc77a69f439	d1cc0d2f1e38f452ddf832df35f5f096	3d64119df0146decff0c78829fcf523d
22936	d815cfc9e421fb5246014cc77a69f439	d1cc0d2f1e38f452ddf832df35f5f096	3d64119df0146decff0c78829fcf523d
22937	d815cfc9e421fb5246014cc77a69f439	d1cc0d2f1e38f452ddf832df35f5f096	3d64119df0146decff0c78829fcf523d
22938	d815cfc9e421fb5246014cc77a69f439	d1cc0d2f1e38f452ddf832df35f5f096	3d64119df0146decff0c78829fcf523d
22939	d815cfc9e421fb5246014cc77a69f439	d1cc0d2f1e38f452ddf832df35f5f096	3d64119df0146decff0c78829fcf523d
22940	d815cfc9e421fb5246014cc77a69f439	d1cc0d2f1e38f452ddf832df35f5f096	3d64119df0146decff0c78829fcf523d
22941	d815cfc9e421fb5246014cc77a69f439	d1cc0d2f1e38f452ddf832df35f5f096	3d64119df0146decff0c78829fcf523d
22942	ee46dffc409314364dbbbe3becf620b1	77b60baea0c987266797e7703278e2ee	0ea1f2ca3ba3d8c02bd5d299834ab87d
22943	ee46dffc409314364dbbbe3becf620b1	77b60baea0c987266797e7703278e2ee	0ea1f2ca3ba3d8c02bd5d299834ab87d
22944	ee46dffc409314364dbbbe3becf620b1	77b60baea0c987266797e7703278e2ee	0ea1f2ca3ba3d8c02bd5d299834ab87d
22945	ee46dffc409314364dbbbe3becf620b1	77b60baea0c987266797e7703278e2ee	0ea1f2ca3ba3d8c02bd5d299834ab87d
22946	ee46dffc409314364dbbbe3becf620b1	77b60baea0c987266797e7703278e2ee	0ea1f2ca3ba3d8c02bd5d299834ab87d
22947	ee46dffc409314364dbbbe3becf620b1	77b60baea0c987266797e7703278e2ee	0ea1f2ca3ba3d8c02bd5d299834ab87d
22948	ee46dffc409314364dbbbe3becf620b1	77b60baea0c987266797e7703278e2ee	0ea1f2ca3ba3d8c02bd5d299834ab87d
22949	ee46dffc409314364dbbbe3becf620b1	77b60baea0c987266797e7703278e2ee	0ea1f2ca3ba3d8c02bd5d299834ab87d
22950	ee46dffc409314364dbbbe3becf620b1	77b60baea0c987266797e7703278e2ee	0ea1f2ca3ba3d8c02bd5d299834ab87d
22951	ee46dffc409314364dbbbe3becf620b1	77b60baea0c987266797e7703278e2ee	0ea1f2ca3ba3d8c02bd5d299834ab87d
22952	a8385ca3e6a6713644f8adc234be59cd	2f5de6b71f197f56071525d2a5412cda	64426a8b5e9f1c4c98542649a26863e1
22953	a8385ca3e6a6713644f8adc234be59cd	2f5de6b71f197f56071525d2a5412cda	64426a8b5e9f1c4c98542649a26863e1
22954	a8385ca3e6a6713644f8adc234be59cd	2f5de6b71f197f56071525d2a5412cda	64426a8b5e9f1c4c98542649a26863e1
22955	a8385ca3e6a6713644f8adc234be59cd	2f5de6b71f197f56071525d2a5412cda	64426a8b5e9f1c4c98542649a26863e1
22956	a8385ca3e6a6713644f8adc234be59cd	2f5de6b71f197f56071525d2a5412cda	64426a8b5e9f1c4c98542649a26863e1
22957	a8385ca3e6a6713644f8adc234be59cd	2f5de6b71f197f56071525d2a5412cda	64426a8b5e9f1c4c98542649a26863e1
22958	a8385ca3e6a6713644f8adc234be59cd	2f5de6b71f197f56071525d2a5412cda	64426a8b5e9f1c4c98542649a26863e1
22959	45f6ecb0d2a3f27ed950389b2f648f1a	f6bc2630fdeee746579017dce0eb7121	eaa9bc908c00f762d754217a76f66232
22960	45f6ecb0d2a3f27ed950389b2f648f1a	f6bc2630fdeee746579017dce0eb7121	eaa9bc908c00f762d754217a76f66232
22961	45f6ecb0d2a3f27ed950389b2f648f1a	f6bc2630fdeee746579017dce0eb7121	eaa9bc908c00f762d754217a76f66232
22962	45f6ecb0d2a3f27ed950389b2f648f1a	f6bc2630fdeee746579017dce0eb7121	eaa9bc908c00f762d754217a76f66232
22963	45f6ecb0d2a3f27ed950389b2f648f1a	f6bc2630fdeee746579017dce0eb7121	eaa9bc908c00f762d754217a76f66232
22964	0a9bbd7c77bce6bc13776f6015df2457	bd909d4463169e90715ec298081f5e58	010c87a92f6bcaa618e44a765c1896a3
22965	0a9bbd7c77bce6bc13776f6015df2457	bd909d4463169e90715ec298081f5e58	010c87a92f6bcaa618e44a765c1896a3
22966	0a9bbd7c77bce6bc13776f6015df2457	bd909d4463169e90715ec298081f5e58	010c87a92f6bcaa618e44a765c1896a3
22967	194fa9b09f0fd044d50633baa9f0fb7c	3375cdc1e2bec6602cf56ac2f5ef8d3f	745383d42f0965acf36199a15818d744
22968	194fa9b09f0fd044d50633baa9f0fb7c	3375cdc1e2bec6602cf56ac2f5ef8d3f	745383d42f0965acf36199a15818d744
22969	e0bc74e4989ab8303d0756bf52f1ac73	a824191f3bc5aa743782a68e80b727f4	85717bea1f7ec852cd4d56c0773e233f
22970	e0bc74e4989ab8303d0756bf52f1ac73	a824191f3bc5aa743782a68e80b727f4	85717bea1f7ec852cd4d56c0773e233f
22971	e03794d052600ab4230f213dc56e41af	3bec10e988fd3008be0d71598b702620	a8bfb3e7c98cd52e9e5a485502d489f3
22972	e03794d052600ab4230f213dc56e41af	3bec10e988fd3008be0d71598b702620	a8bfb3e7c98cd52e9e5a485502d489f3
22973	e03794d052600ab4230f213dc56e41af	3bec10e988fd3008be0d71598b702620	a8bfb3e7c98cd52e9e5a485502d489f3
22974	e03794d052600ab4230f213dc56e41af	3bec10e988fd3008be0d71598b702620	a8bfb3e7c98cd52e9e5a485502d489f3
22975	e03794d052600ab4230f213dc56e41af	3bec10e988fd3008be0d71598b702620	a8bfb3e7c98cd52e9e5a485502d489f3
22976	ef21951d5cb985f280451d39a483185b	9f780ae37371154272ee6af96c06267c	ebc0748b5b5b7224486011aef8a95cff
22977	01eab18da990bd336e7936720d8b6a22	3179065a4897b80d6eef5235a52bce31	3139c21a1cf88e29bb4c91071312b466
22978	a4c44eab922adb790097aad5c593b98a	9a4ca752c0da252f4ecf95b76c648f09	9e1d4ba68d7aa00f1b7dbc14119348ce
22979	01eab18da990bd336e7936720d8b6a22	3179065a4897b80d6eef5235a52bce31	3139c21a1cf88e29bb4c91071312b466
22980	426936b692b6998514f0797af533ccd1	e3b4096795e2e9830485ce7e2e8ebce6	bc8f373f11c4c6e7e4a0870aa047146d
22981	8ad9dbc178fd840844aaa858dee5a3c3	9673ea7c1c76b61c2807bf878d15ef74	bd844e25f5dab7ae94053fc7847c4d8f
22982	8ad9dbc178fd840844aaa858dee5a3c3	9673ea7c1c76b61c2807bf878d15ef74	bd844e25f5dab7ae94053fc7847c4d8f
22983	8ad9dbc178fd840844aaa858dee5a3c3	9673ea7c1c76b61c2807bf878d15ef74	bd844e25f5dab7ae94053fc7847c4d8f
22984	8ad9dbc178fd840844aaa858dee5a3c3	9673ea7c1c76b61c2807bf878d15ef74	bd844e25f5dab7ae94053fc7847c4d8f
22985	8ad9dbc178fd840844aaa858dee5a3c3	9673ea7c1c76b61c2807bf878d15ef74	bd844e25f5dab7ae94053fc7847c4d8f
22986	8ad9dbc178fd840844aaa858dee5a3c3	9673ea7c1c76b61c2807bf878d15ef74	bd844e25f5dab7ae94053fc7847c4d8f
22987	8ad9dbc178fd840844aaa858dee5a3c3	9673ea7c1c76b61c2807bf878d15ef74	bd844e25f5dab7ae94053fc7847c4d8f
22988	e60f3e4a6eb57926d2e87da393f37069	f149bbeb827450b621d3ce0883d21416	f42c4d1179634af8cd4da337e7490a4d
22989	e60f3e4a6eb57926d2e87da393f37069	f149bbeb827450b621d3ce0883d21416	f42c4d1179634af8cd4da337e7490a4d
22990	e60f3e4a6eb57926d2e87da393f37069	f149bbeb827450b621d3ce0883d21416	f42c4d1179634af8cd4da337e7490a4d
22991	e60f3e4a6eb57926d2e87da393f37069	f149bbeb827450b621d3ce0883d21416	f42c4d1179634af8cd4da337e7490a4d
22992	e60f3e4a6eb57926d2e87da393f37069	f149bbeb827450b621d3ce0883d21416	f42c4d1179634af8cd4da337e7490a4d
22993	63efc4704c3430ea871f38850eae914e	3dd4359f2a874d624f40e75b6b734d45	334e55ad64b0c7d02b1c853f3f3cd462
22994	63efc4704c3430ea871f38850eae914e	3dd4359f2a874d624f40e75b6b734d45	334e55ad64b0c7d02b1c853f3f3cd462
22995	63efc4704c3430ea871f38850eae914e	3dd4359f2a874d624f40e75b6b734d45	334e55ad64b0c7d02b1c853f3f3cd462
22996	0a2f26da18426c4923edda7b0f847f5b	bc32b90064f5d377986d65c58956f444	35008d9aebab9595cdd9b1992e8fab0b
22997	0a2f26da18426c4923edda7b0f847f5b	bc32b90064f5d377986d65c58956f444	35008d9aebab9595cdd9b1992e8fab0b
22998	1dfab60bb1d8af98f58e6f14e230665a	07acc92d8905d5a4659e5639b60f78d1	35ef4ee0bb453588196e0b336807338a
22999	1dfab60bb1d8af98f58e6f14e230665a	07acc92d8905d5a4659e5639b60f78d1	35ef4ee0bb453588196e0b336807338a
23000	7a4bd4b12f7ad2fbdbba3ed8bd50f294	a3860f809dbc1fb50ae4a95f4ab3ca7f	3df3399d4554bc079c8cdb19d0d7d0ec
23001	7a4bd4b12f7ad2fbdbba3ed8bd50f294	a3860f809dbc1fb50ae4a95f4ab3ca7f	3df3399d4554bc079c8cdb19d0d7d0ec
23002	7a4bd4b12f7ad2fbdbba3ed8bd50f294	a3860f809dbc1fb50ae4a95f4ab3ca7f	3df3399d4554bc079c8cdb19d0d7d0ec
23003	d74d28bc290df0cbd242e099f257ee69	b2602cd2cde5e3ade9d0ea856f39870e	881ea3a29516ec835031d497e8729851
23004	7a4bd4b12f7ad2fbdbba3ed8bd50f294	a3860f809dbc1fb50ae4a95f4ab3ca7f	3df3399d4554bc079c8cdb19d0d7d0ec
23005	cc256ff1b20138ec7c7a05478c6061bb	fe81ce186c93978054d519d761e2fa8c	79493519e590c4ea1f75a494c0f38caf
23006	cc256ff1b20138ec7c7a05478c6061bb	fe81ce186c93978054d519d761e2fa8c	79493519e590c4ea1f75a494c0f38caf
23007	cc256ff1b20138ec7c7a05478c6061bb	fe81ce186c93978054d519d761e2fa8c	79493519e590c4ea1f75a494c0f38caf
23008	cc256ff1b20138ec7c7a05478c6061bb	fe81ce186c93978054d519d761e2fa8c	79493519e590c4ea1f75a494c0f38caf
23009	cc256ff1b20138ec7c7a05478c6061bb	fe81ce186c93978054d519d761e2fa8c	79493519e590c4ea1f75a494c0f38caf
23010	cc256ff1b20138ec7c7a05478c6061bb	fe81ce186c93978054d519d761e2fa8c	79493519e590c4ea1f75a494c0f38caf
23011	cc256ff1b20138ec7c7a05478c6061bb	fe81ce186c93978054d519d761e2fa8c	79493519e590c4ea1f75a494c0f38caf
23012	cc256ff1b20138ec7c7a05478c6061bb	fe81ce186c93978054d519d761e2fa8c	79493519e590c4ea1f75a494c0f38caf
23013	cc256ff1b20138ec7c7a05478c6061bb	fe81ce186c93978054d519d761e2fa8c	79493519e590c4ea1f75a494c0f38caf
23014	cc256ff1b20138ec7c7a05478c6061bb	fe81ce186c93978054d519d761e2fa8c	79493519e590c4ea1f75a494c0f38caf
23015	cc256ff1b20138ec7c7a05478c6061bb	fe81ce186c93978054d519d761e2fa8c	79493519e590c4ea1f75a494c0f38caf
23016	cc256ff1b20138ec7c7a05478c6061bb	fe81ce186c93978054d519d761e2fa8c	79493519e590c4ea1f75a494c0f38caf
23017	b788db7da7300cd9fb8d6daa2d6ad327	7f62564f8862c4d757358c0139b6c420	28d734d1f9af634d417fab6263955277
23018	b788db7da7300cd9fb8d6daa2d6ad327	7f62564f8862c4d757358c0139b6c420	28d734d1f9af634d417fab6263955277
23019	b788db7da7300cd9fb8d6daa2d6ad327	7f62564f8862c4d757358c0139b6c420	28d734d1f9af634d417fab6263955277
23020	b788db7da7300cd9fb8d6daa2d6ad327	7f62564f8862c4d757358c0139b6c420	28d734d1f9af634d417fab6263955277
23021	b788db7da7300cd9fb8d6daa2d6ad327	7f62564f8862c4d757358c0139b6c420	28d734d1f9af634d417fab6263955277
23022	6cf4dcffce125a2a2e4d211401f16287	a9729c86c2e207ca917985a033f7ba68	34202443f659ab70a7664604b05c1bab
23023	6cf4dcffce125a2a2e4d211401f16287	a9729c86c2e207ca917985a033f7ba68	34202443f659ab70a7664604b05c1bab
23024	6cf4dcffce125a2a2e4d211401f16287	a9729c86c2e207ca917985a033f7ba68	34202443f659ab70a7664604b05c1bab
23025	6cf4dcffce125a2a2e4d211401f16287	a9729c86c2e207ca917985a033f7ba68	34202443f659ab70a7664604b05c1bab
23026	6cf4dcffce125a2a2e4d211401f16287	a9729c86c2e207ca917985a033f7ba68	34202443f659ab70a7664604b05c1bab
23027	6cf4dcffce125a2a2e4d211401f16287	a9729c86c2e207ca917985a033f7ba68	34202443f659ab70a7664604b05c1bab
23028	6cf4dcffce125a2a2e4d211401f16287	a9729c86c2e207ca917985a033f7ba68	34202443f659ab70a7664604b05c1bab
23029	6cf4dcffce125a2a2e4d211401f16287	a9729c86c2e207ca917985a033f7ba68	34202443f659ab70a7664604b05c1bab
23030	6cf4dcffce125a2a2e4d211401f16287	a9729c86c2e207ca917985a033f7ba68	34202443f659ab70a7664604b05c1bab
23031	6cf4dcffce125a2a2e4d211401f16287	a9729c86c2e207ca917985a033f7ba68	34202443f659ab70a7664604b05c1bab
23032	6cf4dcffce125a2a2e4d211401f16287	a9729c86c2e207ca917985a033f7ba68	34202443f659ab70a7664604b05c1bab
23033	6cf4dcffce125a2a2e4d211401f16287	a9729c86c2e207ca917985a033f7ba68	34202443f659ab70a7664604b05c1bab
23034	c639344c87cf4ae80773615a9a38095f	bae0167c4977da8c3054c8a91cef3600	88f69176542ffd8233234ef30fe36963
23035	c639344c87cf4ae80773615a9a38095f	bae0167c4977da8c3054c8a91cef3600	88f69176542ffd8233234ef30fe36963
23036	c639344c87cf4ae80773615a9a38095f	bae0167c4977da8c3054c8a91cef3600	88f69176542ffd8233234ef30fe36963
23037	c639344c87cf4ae80773615a9a38095f	bae0167c4977da8c3054c8a91cef3600	88f69176542ffd8233234ef30fe36963
23038	c639344c87cf4ae80773615a9a38095f	bae0167c4977da8c3054c8a91cef3600	88f69176542ffd8233234ef30fe36963
23039	c639344c87cf4ae80773615a9a38095f	bae0167c4977da8c3054c8a91cef3600	88f69176542ffd8233234ef30fe36963
23040	c639344c87cf4ae80773615a9a38095f	bae0167c4977da8c3054c8a91cef3600	88f69176542ffd8233234ef30fe36963
23041	58e2f1461646ef1b64ab9abf91e1d625	14471b4fa51bc93db8ed607d974fb4aa	48311b08f683cf03d23886c6d4fd864d
23042	58e2f1461646ef1b64ab9abf91e1d625	14471b4fa51bc93db8ed607d974fb4aa	48311b08f683cf03d23886c6d4fd864d
23043	58e2f1461646ef1b64ab9abf91e1d625	14471b4fa51bc93db8ed607d974fb4aa	48311b08f683cf03d23886c6d4fd864d
23044	58e2f1461646ef1b64ab9abf91e1d625	14471b4fa51bc93db8ed607d974fb4aa	48311b08f683cf03d23886c6d4fd864d
23045	58e2f1461646ef1b64ab9abf91e1d625	14471b4fa51bc93db8ed607d974fb4aa	48311b08f683cf03d23886c6d4fd864d
23046	58e2f1461646ef1b64ab9abf91e1d625	14471b4fa51bc93db8ed607d974fb4aa	48311b08f683cf03d23886c6d4fd864d
23047	58e2f1461646ef1b64ab9abf91e1d625	14471b4fa51bc93db8ed607d974fb4aa	48311b08f683cf03d23886c6d4fd864d
23048	58e2f1461646ef1b64ab9abf91e1d625	14471b4fa51bc93db8ed607d974fb4aa	48311b08f683cf03d23886c6d4fd864d
23049	58e2f1461646ef1b64ab9abf91e1d625	14471b4fa51bc93db8ed607d974fb4aa	48311b08f683cf03d23886c6d4fd864d
23050	58e2f1461646ef1b64ab9abf91e1d625	14471b4fa51bc93db8ed607d974fb4aa	48311b08f683cf03d23886c6d4fd864d
23051	9f995b052b009bc333b34f0f26a98ebc	a7ac8a1190ae99dd532612180f5a80b7	eb5598d090d896f185275eb146577b90
23052	9f995b052b009bc333b34f0f26a98ebc	a7ac8a1190ae99dd532612180f5a80b7	eb5598d090d896f185275eb146577b90
23053	9f995b052b009bc333b34f0f26a98ebc	a7ac8a1190ae99dd532612180f5a80b7	eb5598d090d896f185275eb146577b90
23054	9f995b052b009bc333b34f0f26a98ebc	a7ac8a1190ae99dd532612180f5a80b7	eb5598d090d896f185275eb146577b90
23055	9f995b052b009bc333b34f0f26a98ebc	a7ac8a1190ae99dd532612180f5a80b7	eb5598d090d896f185275eb146577b90
23056	9f995b052b009bc333b34f0f26a98ebc	a7ac8a1190ae99dd532612180f5a80b7	eb5598d090d896f185275eb146577b90
23057	9f995b052b009bc333b34f0f26a98ebc	a7ac8a1190ae99dd532612180f5a80b7	eb5598d090d896f185275eb146577b90
23058	0794c937433519917ae61de447c4efee	5a52a7f979c3eca7c1237312ee28a0cd	d025b2cededf50b75882964e326220b2
23059	0794c937433519917ae61de447c4efee	5a52a7f979c3eca7c1237312ee28a0cd	d025b2cededf50b75882964e326220b2
23060	0794c937433519917ae61de447c4efee	5a52a7f979c3eca7c1237312ee28a0cd	d025b2cededf50b75882964e326220b2
23061	0794c937433519917ae61de447c4efee	5a52a7f979c3eca7c1237312ee28a0cd	d025b2cededf50b75882964e326220b2
23062	0794c937433519917ae61de447c4efee	5a52a7f979c3eca7c1237312ee28a0cd	d025b2cededf50b75882964e326220b2
23063	f7882528ca9295ef313f26d660aed897	ebcdf3a592fd49312a1d7d525daf8400	f06d8582cd4ed2e947bcaa4212810ca3
23064	f7882528ca9295ef313f26d660aed897	ebcdf3a592fd49312a1d7d525daf8400	f06d8582cd4ed2e947bcaa4212810ca3
23065	f7882528ca9295ef313f26d660aed897	ebcdf3a592fd49312a1d7d525daf8400	f06d8582cd4ed2e947bcaa4212810ca3
23066	f7882528ca9295ef313f26d660aed897	ebcdf3a592fd49312a1d7d525daf8400	f06d8582cd4ed2e947bcaa4212810ca3
23067	f7882528ca9295ef313f26d660aed897	ebcdf3a592fd49312a1d7d525daf8400	f06d8582cd4ed2e947bcaa4212810ca3
23068	f7882528ca9295ef313f26d660aed897	ebcdf3a592fd49312a1d7d525daf8400	f06d8582cd4ed2e947bcaa4212810ca3
23069	f7882528ca9295ef313f26d660aed897	ebcdf3a592fd49312a1d7d525daf8400	f06d8582cd4ed2e947bcaa4212810ca3
23070	f7882528ca9295ef313f26d660aed897	ebcdf3a592fd49312a1d7d525daf8400	f06d8582cd4ed2e947bcaa4212810ca3
23071	f7882528ca9295ef313f26d660aed897	ebcdf3a592fd49312a1d7d525daf8400	f06d8582cd4ed2e947bcaa4212810ca3
23072	f7882528ca9295ef313f26d660aed897	ebcdf3a592fd49312a1d7d525daf8400	f06d8582cd4ed2e947bcaa4212810ca3
23073	f7882528ca9295ef313f26d660aed897	ebcdf3a592fd49312a1d7d525daf8400	f06d8582cd4ed2e947bcaa4212810ca3
23074	f7882528ca9295ef313f26d660aed897	ebcdf3a592fd49312a1d7d525daf8400	f06d8582cd4ed2e947bcaa4212810ca3
23075	f7882528ca9295ef313f26d660aed897	ebcdf3a592fd49312a1d7d525daf8400	f06d8582cd4ed2e947bcaa4212810ca3
23076	f7882528ca9295ef313f26d660aed897	ebcdf3a592fd49312a1d7d525daf8400	f06d8582cd4ed2e947bcaa4212810ca3
23077	f7882528ca9295ef313f26d660aed897	ebcdf3a592fd49312a1d7d525daf8400	f06d8582cd4ed2e947bcaa4212810ca3
23078	f7882528ca9295ef313f26d660aed897	ebcdf3a592fd49312a1d7d525daf8400	f06d8582cd4ed2e947bcaa4212810ca3
23079	f7882528ca9295ef313f26d660aed897	ebcdf3a592fd49312a1d7d525daf8400	f06d8582cd4ed2e947bcaa4212810ca3
23080	9ab74160f03a910d0dbacf39fb87b2d1	7297697988136f5b80df50f51dd84b56	d85e9897718139618f6e5392a68cd2e1
23081	9ab74160f03a910d0dbacf39fb87b2d1	7297697988136f5b80df50f51dd84b56	d85e9897718139618f6e5392a68cd2e1
23082	9ab74160f03a910d0dbacf39fb87b2d1	7297697988136f5b80df50f51dd84b56	d85e9897718139618f6e5392a68cd2e1
23083	9ab74160f03a910d0dbacf39fb87b2d1	7297697988136f5b80df50f51dd84b56	d85e9897718139618f6e5392a68cd2e1
23084	9ab74160f03a910d0dbacf39fb87b2d1	7297697988136f5b80df50f51dd84b56	d85e9897718139618f6e5392a68cd2e1
23085	9ab74160f03a910d0dbacf39fb87b2d1	7297697988136f5b80df50f51dd84b56	d85e9897718139618f6e5392a68cd2e1
23086	9ab74160f03a910d0dbacf39fb87b2d1	7297697988136f5b80df50f51dd84b56	d85e9897718139618f6e5392a68cd2e1
23087	ebff76884578a6e54820f79c0c922370	47f8dcf9b925968b0326b9adef9a116b	70bb9e881863fef9bc75dc606b555e60
23088	ebff76884578a6e54820f79c0c922370	47f8dcf9b925968b0326b9adef9a116b	70bb9e881863fef9bc75dc606b555e60
23089	ebff76884578a6e54820f79c0c922370	47f8dcf9b925968b0326b9adef9a116b	70bb9e881863fef9bc75dc606b555e60
23090	ebff76884578a6e54820f79c0c922370	47f8dcf9b925968b0326b9adef9a116b	70bb9e881863fef9bc75dc606b555e60
23091	ebff76884578a6e54820f79c0c922370	47f8dcf9b925968b0326b9adef9a116b	70bb9e881863fef9bc75dc606b555e60
23092	1c670f763d78cb9b4e1c8085f6042e35	434f771870a5f3fd01476a8eff072b7a	3e48ad18257cda1f65252e3f4633b2dd
23093	1c670f763d78cb9b4e1c8085f6042e35	434f771870a5f3fd01476a8eff072b7a	3e48ad18257cda1f65252e3f4633b2dd
23094	1c670f763d78cb9b4e1c8085f6042e35	434f771870a5f3fd01476a8eff072b7a	3e48ad18257cda1f65252e3f4633b2dd
23095	1c670f763d78cb9b4e1c8085f6042e35	434f771870a5f3fd01476a8eff072b7a	3e48ad18257cda1f65252e3f4633b2dd
23096	1c670f763d78cb9b4e1c8085f6042e35	434f771870a5f3fd01476a8eff072b7a	3e48ad18257cda1f65252e3f4633b2dd
23097	1c670f763d78cb9b4e1c8085f6042e35	434f771870a5f3fd01476a8eff072b7a	3e48ad18257cda1f65252e3f4633b2dd
23098	1c670f763d78cb9b4e1c8085f6042e35	434f771870a5f3fd01476a8eff072b7a	3e48ad18257cda1f65252e3f4633b2dd
23099	363548e8b57fd918c8e4fbd1f6e4efb0	0c4161ba97255fb48ce91844f1e11a33	10774b94e66c0540c1128fae70edb138
23100	363548e8b57fd918c8e4fbd1f6e4efb0	0c4161ba97255fb48ce91844f1e11a33	10774b94e66c0540c1128fae70edb138
23101	363548e8b57fd918c8e4fbd1f6e4efb0	0c4161ba97255fb48ce91844f1e11a33	10774b94e66c0540c1128fae70edb138
23102	363548e8b57fd918c8e4fbd1f6e4efb0	0c4161ba97255fb48ce91844f1e11a33	10774b94e66c0540c1128fae70edb138
23103	363548e8b57fd918c8e4fbd1f6e4efb0	0c4161ba97255fb48ce91844f1e11a33	10774b94e66c0540c1128fae70edb138
23104	0dc9f7a0bd140037e978384993db68a4	b2f285560755bf91319ed332538998cf	48133bfbd4393e273bf892ea0c205484
23105	0dc9f7a0bd140037e978384993db68a4	b2f285560755bf91319ed332538998cf	48133bfbd4393e273bf892ea0c205484
23106	0dc9f7a0bd140037e978384993db68a4	b2f285560755bf91319ed332538998cf	48133bfbd4393e273bf892ea0c205484
23107	0dc9f7a0bd140037e978384993db68a4	b2f285560755bf91319ed332538998cf	48133bfbd4393e273bf892ea0c205484
23108	0dc9f7a0bd140037e978384993db68a4	b2f285560755bf91319ed332538998cf	48133bfbd4393e273bf892ea0c205484
23109	0dc9f7a0bd140037e978384993db68a4	b2f285560755bf91319ed332538998cf	48133bfbd4393e273bf892ea0c205484
23110	0dc9f7a0bd140037e978384993db68a4	b2f285560755bf91319ed332538998cf	48133bfbd4393e273bf892ea0c205484
23111	4cd64fa78b92bf338fd9276f1c6f377b	beb4c71af4b311055a7b53b1af3de604	e93df67a866754cbe15bac994aaf4e33
23112	4cd64fa78b92bf338fd9276f1c6f377b	beb4c71af4b311055a7b53b1af3de604	e93df67a866754cbe15bac994aaf4e33
23113	4cd64fa78b92bf338fd9276f1c6f377b	beb4c71af4b311055a7b53b1af3de604	e93df67a866754cbe15bac994aaf4e33
23114	4cd64fa78b92bf338fd9276f1c6f377b	beb4c71af4b311055a7b53b1af3de604	e93df67a866754cbe15bac994aaf4e33
23115	4cd64fa78b92bf338fd9276f1c6f377b	beb4c71af4b311055a7b53b1af3de604	e93df67a866754cbe15bac994aaf4e33
23116	8c2bb5909677f73ff24f248d558451e9	a1fb329810972f8176f52b91332569be	c0acecc01564dbf1c43173fbead13e65
23117	8c2bb5909677f73ff24f248d558451e9	a1fb329810972f8176f52b91332569be	c0acecc01564dbf1c43173fbead13e65
23118	8c2bb5909677f73ff24f248d558451e9	a1fb329810972f8176f52b91332569be	c0acecc01564dbf1c43173fbead13e65
23119	8c2bb5909677f73ff24f248d558451e9	a1fb329810972f8176f52b91332569be	c0acecc01564dbf1c43173fbead13e65
23120	8c2bb5909677f73ff24f248d558451e9	a1fb329810972f8176f52b91332569be	c0acecc01564dbf1c43173fbead13e65
23121	5819ed6ef049ca66135712e4e950d315	8641e6ba21621126de3e71b2081536b2	fd11aff3eb79fd6a6ac07b69b20a2be5
23122	5819ed6ef049ca66135712e4e950d315	8641e6ba21621126de3e71b2081536b2	fd11aff3eb79fd6a6ac07b69b20a2be5
23123	5819ed6ef049ca66135712e4e950d315	8641e6ba21621126de3e71b2081536b2	fd11aff3eb79fd6a6ac07b69b20a2be5
23124	5819ed6ef049ca66135712e4e950d315	8641e6ba21621126de3e71b2081536b2	fd11aff3eb79fd6a6ac07b69b20a2be5
23125	5819ed6ef049ca66135712e4e950d315	8641e6ba21621126de3e71b2081536b2	fd11aff3eb79fd6a6ac07b69b20a2be5
23126	f083c903e28a5b4f52b65201980d4b72	18cd19f5ecac3ba9398b30fc7ea4e211	ff4d5530a9ba508baf63c7ecfbab26ca
23127	f083c903e28a5b4f52b65201980d4b72	18cd19f5ecac3ba9398b30fc7ea4e211	ff4d5530a9ba508baf63c7ecfbab26ca
23128	46d60430fca1f5df345cf5ff3a132701	c9f54182e07bd971db0547d784f17456	e9bfbfa65865d16d1aab75823e648025
23129	46d60430fca1f5df345cf5ff3a132701	c9f54182e07bd971db0547d784f17456	e9bfbfa65865d16d1aab75823e648025
23130	46d60430fca1f5df345cf5ff3a132701	c9f54182e07bd971db0547d784f17456	e9bfbfa65865d16d1aab75823e648025
23131	46d60430fca1f5df345cf5ff3a132701	c9f54182e07bd971db0547d784f17456	e9bfbfa65865d16d1aab75823e648025
23132	46d60430fca1f5df345cf5ff3a132701	c9f54182e07bd971db0547d784f17456	e9bfbfa65865d16d1aab75823e648025
23133	62973bc2e3c6cc7e0f16758c0031a481	35cd1e3cdd38dbfe0ac7649e54b1ba0e	24a3f78b78cd969881cb62f637bb33cd
23134	62973bc2e3c6cc7e0f16758c0031a481	35cd1e3cdd38dbfe0ac7649e54b1ba0e	24a3f78b78cd969881cb62f637bb33cd
23135	62973bc2e3c6cc7e0f16758c0031a481	35cd1e3cdd38dbfe0ac7649e54b1ba0e	24a3f78b78cd969881cb62f637bb33cd
23136	62973bc2e3c6cc7e0f16758c0031a481	35cd1e3cdd38dbfe0ac7649e54b1ba0e	24a3f78b78cd969881cb62f637bb33cd
23137	62973bc2e3c6cc7e0f16758c0031a481	35cd1e3cdd38dbfe0ac7649e54b1ba0e	24a3f78b78cd969881cb62f637bb33cd
23138	62973bc2e3c6cc7e0f16758c0031a481	35cd1e3cdd38dbfe0ac7649e54b1ba0e	24a3f78b78cd969881cb62f637bb33cd
23139	62973bc2e3c6cc7e0f16758c0031a481	35cd1e3cdd38dbfe0ac7649e54b1ba0e	24a3f78b78cd969881cb62f637bb33cd
23140	de5ea6303e9daf1066a9c1c0123d5059	47d14cfa8700dd6476f91fe01b96c096	02d78e2de9b6db584173b6c481484971
23141	de5ea6303e9daf1066a9c1c0123d5059	47d14cfa8700dd6476f91fe01b96c096	02d78e2de9b6db584173b6c481484971
23142	de5ea6303e9daf1066a9c1c0123d5059	47d14cfa8700dd6476f91fe01b96c096	02d78e2de9b6db584173b6c481484971
23143	de5ea6303e9daf1066a9c1c0123d5059	47d14cfa8700dd6476f91fe01b96c096	02d78e2de9b6db584173b6c481484971
23144	de5ea6303e9daf1066a9c1c0123d5059	47d14cfa8700dd6476f91fe01b96c096	02d78e2de9b6db584173b6c481484971
23145	de5ea6303e9daf1066a9c1c0123d5059	47d14cfa8700dd6476f91fe01b96c096	02d78e2de9b6db584173b6c481484971
23146	de5ea6303e9daf1066a9c1c0123d5059	47d14cfa8700dd6476f91fe01b96c096	02d78e2de9b6db584173b6c481484971
23147	de5ea6303e9daf1066a9c1c0123d5059	47d14cfa8700dd6476f91fe01b96c096	02d78e2de9b6db584173b6c481484971
23148	de5ea6303e9daf1066a9c1c0123d5059	47d14cfa8700dd6476f91fe01b96c096	02d78e2de9b6db584173b6c481484971
23149	de5ea6303e9daf1066a9c1c0123d5059	47d14cfa8700dd6476f91fe01b96c096	02d78e2de9b6db584173b6c481484971
23150	9799d0f9136cfd75cdeb505edbf25fd3	44f97b0298f9c6938a977917fc563b9c	c63f11e08db00df94d5298d09b260e23
23151	9799d0f9136cfd75cdeb505edbf25fd3	44f97b0298f9c6938a977917fc563b9c	c63f11e08db00df94d5298d09b260e23
23152	9799d0f9136cfd75cdeb505edbf25fd3	44f97b0298f9c6938a977917fc563b9c	c63f11e08db00df94d5298d09b260e23
23153	9799d0f9136cfd75cdeb505edbf25fd3	44f97b0298f9c6938a977917fc563b9c	c63f11e08db00df94d5298d09b260e23
23154	9799d0f9136cfd75cdeb505edbf25fd3	44f97b0298f9c6938a977917fc563b9c	c63f11e08db00df94d5298d09b260e23
23155	9799d0f9136cfd75cdeb505edbf25fd3	44f97b0298f9c6938a977917fc563b9c	c63f11e08db00df94d5298d09b260e23
23156	9799d0f9136cfd75cdeb505edbf25fd3	44f97b0298f9c6938a977917fc563b9c	c63f11e08db00df94d5298d09b260e23
23157	5f9917f1c3132c89a809a1dc230ecc62	82882a7cd9f2c63f91ba7c207b2992d1	2a7963c5d965e859463a7313d0e014ca
23158	5f9917f1c3132c89a809a1dc230ecc62	82882a7cd9f2c63f91ba7c207b2992d1	2a7963c5d965e859463a7313d0e014ca
23159	5f9917f1c3132c89a809a1dc230ecc62	82882a7cd9f2c63f91ba7c207b2992d1	2a7963c5d965e859463a7313d0e014ca
23160	e757bef708a094720da758219873f156	f1a8f865dd27e5ba2e71d9af57f26cdd	04c41d62eab35f5081f383eca13e0ce2
23161	e757bef708a094720da758219873f156	f1a8f865dd27e5ba2e71d9af57f26cdd	04c41d62eab35f5081f383eca13e0ce2
23162	bd32a6f10b761f62b60ea640c0cbce11	f92670b2bd286222fe5eb1a6cc98001e	4ac05bc822877264ce0b02156bc23e5d
23163	bd32a6f10b761f62b60ea640c0cbce11	f92670b2bd286222fe5eb1a6cc98001e	4ac05bc822877264ce0b02156bc23e5d
23164	bd32a6f10b761f62b60ea640c0cbce11	f92670b2bd286222fe5eb1a6cc98001e	4ac05bc822877264ce0b02156bc23e5d
23165	bd32a6f10b761f62b60ea640c0cbce11	f92670b2bd286222fe5eb1a6cc98001e	4ac05bc822877264ce0b02156bc23e5d
23166	bd32a6f10b761f62b60ea640c0cbce11	f92670b2bd286222fe5eb1a6cc98001e	4ac05bc822877264ce0b02156bc23e5d
23167	bd32a6f10b761f62b60ea640c0cbce11	f92670b2bd286222fe5eb1a6cc98001e	4ac05bc822877264ce0b02156bc23e5d
23168	bd32a6f10b761f62b60ea640c0cbce11	f92670b2bd286222fe5eb1a6cc98001e	4ac05bc822877264ce0b02156bc23e5d
23169	60d547cd84e1603276593c7dc1f39c3b	d4bb3bc4dfdedd2277f4418bcdfee7ac	511449f9c05b265a864b32249177606b
23170	60d547cd84e1603276593c7dc1f39c3b	d4bb3bc4dfdedd2277f4418bcdfee7ac	511449f9c05b265a864b32249177606b
23171	60d547cd84e1603276593c7dc1f39c3b	d4bb3bc4dfdedd2277f4418bcdfee7ac	511449f9c05b265a864b32249177606b
23172	60d547cd84e1603276593c7dc1f39c3b	d4bb3bc4dfdedd2277f4418bcdfee7ac	511449f9c05b265a864b32249177606b
23173	60d547cd84e1603276593c7dc1f39c3b	d4bb3bc4dfdedd2277f4418bcdfee7ac	511449f9c05b265a864b32249177606b
23174	4a48e9d2250042d611c7135bb966dd48	57a90e7d30c4f88eb9c8b7dbebf12b1b	7deee6c667520474cf7b2f5d758d9a24
23175	4a48e9d2250042d611c7135bb966dd48	57a90e7d30c4f88eb9c8b7dbebf12b1b	7deee6c667520474cf7b2f5d758d9a24
23176	4a48e9d2250042d611c7135bb966dd48	57a90e7d30c4f88eb9c8b7dbebf12b1b	7deee6c667520474cf7b2f5d758d9a24
23177	4a48e9d2250042d611c7135bb966dd48	57a90e7d30c4f88eb9c8b7dbebf12b1b	7deee6c667520474cf7b2f5d758d9a24
23178	4a48e9d2250042d611c7135bb966dd48	57a90e7d30c4f88eb9c8b7dbebf12b1b	7deee6c667520474cf7b2f5d758d9a24
23179	4a48e9d2250042d611c7135bb966dd48	57a90e7d30c4f88eb9c8b7dbebf12b1b	7deee6c667520474cf7b2f5d758d9a24
23180	4a48e9d2250042d611c7135bb966dd48	57a90e7d30c4f88eb9c8b7dbebf12b1b	7deee6c667520474cf7b2f5d758d9a24
23181	4a48e9d2250042d611c7135bb966dd48	57a90e7d30c4f88eb9c8b7dbebf12b1b	7deee6c667520474cf7b2f5d758d9a24
23182	4a48e9d2250042d611c7135bb966dd48	57a90e7d30c4f88eb9c8b7dbebf12b1b	7deee6c667520474cf7b2f5d758d9a24
23183	4a48e9d2250042d611c7135bb966dd48	57a90e7d30c4f88eb9c8b7dbebf12b1b	7deee6c667520474cf7b2f5d758d9a24
23184	4a48e9d2250042d611c7135bb966dd48	57a90e7d30c4f88eb9c8b7dbebf12b1b	7deee6c667520474cf7b2f5d758d9a24
23185	4a48e9d2250042d611c7135bb966dd48	57a90e7d30c4f88eb9c8b7dbebf12b1b	7deee6c667520474cf7b2f5d758d9a24
23186	4a48e9d2250042d611c7135bb966dd48	57a90e7d30c4f88eb9c8b7dbebf12b1b	7deee6c667520474cf7b2f5d758d9a24
23187	4a48e9d2250042d611c7135bb966dd48	57a90e7d30c4f88eb9c8b7dbebf12b1b	7deee6c667520474cf7b2f5d758d9a24
23188	4a48e9d2250042d611c7135bb966dd48	57a90e7d30c4f88eb9c8b7dbebf12b1b	7deee6c667520474cf7b2f5d758d9a24
23189	4a48e9d2250042d611c7135bb966dd48	57a90e7d30c4f88eb9c8b7dbebf12b1b	7deee6c667520474cf7b2f5d758d9a24
23190	4a48e9d2250042d611c7135bb966dd48	57a90e7d30c4f88eb9c8b7dbebf12b1b	7deee6c667520474cf7b2f5d758d9a24
23191	b283769466fcdf837a9afd1a1daac39a	cf364850cb75bc6d9eed27e7b332e479	e478d2a036919e33e787ce2b374ecd72
23192	b283769466fcdf837a9afd1a1daac39a	cf364850cb75bc6d9eed27e7b332e479	e478d2a036919e33e787ce2b374ecd72
23193	b283769466fcdf837a9afd1a1daac39a	cf364850cb75bc6d9eed27e7b332e479	e478d2a036919e33e787ce2b374ecd72
23194	b283769466fcdf837a9afd1a1daac39a	cf364850cb75bc6d9eed27e7b332e479	e478d2a036919e33e787ce2b374ecd72
23195	b283769466fcdf837a9afd1a1daac39a	cf364850cb75bc6d9eed27e7b332e479	e478d2a036919e33e787ce2b374ecd72
23196	b283769466fcdf837a9afd1a1daac39a	cf364850cb75bc6d9eed27e7b332e479	e478d2a036919e33e787ce2b374ecd72
23197	b283769466fcdf837a9afd1a1daac39a	cf364850cb75bc6d9eed27e7b332e479	e478d2a036919e33e787ce2b374ecd72
23198	150b7bd7bf94ca94d57e4818f52864b6	df284114d0966580182fd1be37aab35d	60934ff2130d5f40efe13af64a9577be
23199	150b7bd7bf94ca94d57e4818f52864b6	df284114d0966580182fd1be37aab35d	60934ff2130d5f40efe13af64a9577be
23200	150b7bd7bf94ca94d57e4818f52864b6	df284114d0966580182fd1be37aab35d	60934ff2130d5f40efe13af64a9577be
23201	150b7bd7bf94ca94d57e4818f52864b6	df284114d0966580182fd1be37aab35d	60934ff2130d5f40efe13af64a9577be
23202	150b7bd7bf94ca94d57e4818f52864b6	df284114d0966580182fd1be37aab35d	60934ff2130d5f40efe13af64a9577be
23203	d36b796559070cb442a2513e4aa8fce2	ef8cf3d761bbbb6006e1b389d2864db9	125d390f98fc34aea87a96120376e856
23204	d36b796559070cb442a2513e4aa8fce2	ef8cf3d761bbbb6006e1b389d2864db9	125d390f98fc34aea87a96120376e856
23205	d36b796559070cb442a2513e4aa8fce2	ef8cf3d761bbbb6006e1b389d2864db9	125d390f98fc34aea87a96120376e856
23206	d36b796559070cb442a2513e4aa8fce2	ef8cf3d761bbbb6006e1b389d2864db9	125d390f98fc34aea87a96120376e856
23207	d36b796559070cb442a2513e4aa8fce2	ef8cf3d761bbbb6006e1b389d2864db9	125d390f98fc34aea87a96120376e856
23208	d36b796559070cb442a2513e4aa8fce2	ef8cf3d761bbbb6006e1b389d2864db9	125d390f98fc34aea87a96120376e856
23209	d36b796559070cb442a2513e4aa8fce2	ef8cf3d761bbbb6006e1b389d2864db9	125d390f98fc34aea87a96120376e856
23210	de7ab84f0852a5f429a1660549759c8c	e97019286f3847a0eb6a82fa9948418f	a788da3fac894a8c70cedb6691b574b4
23211	de7ab84f0852a5f429a1660549759c8c	e97019286f3847a0eb6a82fa9948418f	a788da3fac894a8c70cedb6691b574b4
23212	de7ab84f0852a5f429a1660549759c8c	e97019286f3847a0eb6a82fa9948418f	a788da3fac894a8c70cedb6691b574b4
23213	de7ab84f0852a5f429a1660549759c8c	e97019286f3847a0eb6a82fa9948418f	a788da3fac894a8c70cedb6691b574b4
23214	de7ab84f0852a5f429a1660549759c8c	e97019286f3847a0eb6a82fa9948418f	a788da3fac894a8c70cedb6691b574b4
23215	4c0fb38e533793a56426d512f16a23a1	0e9cc35074698973decd4e32abca5006	6d4470de9d6e51375c4ec91a5545774d
23216	4c0fb38e533793a56426d512f16a23a1	0e9cc35074698973decd4e32abca5006	6d4470de9d6e51375c4ec91a5545774d
23217	4c0fb38e533793a56426d512f16a23a1	0e9cc35074698973decd4e32abca5006	6d4470de9d6e51375c4ec91a5545774d
23218	4c0fb38e533793a56426d512f16a23a1	0e9cc35074698973decd4e32abca5006	6d4470de9d6e51375c4ec91a5545774d
23219	4c0fb38e533793a56426d512f16a23a1	0e9cc35074698973decd4e32abca5006	6d4470de9d6e51375c4ec91a5545774d
23220	a023f41d455b150f1686160d41098d7e	ef02446a6a5709b9031816c82b0f953d	de8e81768718b8478eba3c2fc94a3e86
23221	a023f41d455b150f1686160d41098d7e	ef02446a6a5709b9031816c82b0f953d	de8e81768718b8478eba3c2fc94a3e86
23222	a023f41d455b150f1686160d41098d7e	ef02446a6a5709b9031816c82b0f953d	de8e81768718b8478eba3c2fc94a3e86
23223	a023f41d455b150f1686160d41098d7e	ef02446a6a5709b9031816c82b0f953d	de8e81768718b8478eba3c2fc94a3e86
23224	a023f41d455b150f1686160d41098d7e	ef02446a6a5709b9031816c82b0f953d	de8e81768718b8478eba3c2fc94a3e86
23225	a023f41d455b150f1686160d41098d7e	ef02446a6a5709b9031816c82b0f953d	de8e81768718b8478eba3c2fc94a3e86
23226	a023f41d455b150f1686160d41098d7e	ef02446a6a5709b9031816c82b0f953d	de8e81768718b8478eba3c2fc94a3e86
23227	a023f41d455b150f1686160d41098d7e	ef02446a6a5709b9031816c82b0f953d	de8e81768718b8478eba3c2fc94a3e86
23228	a023f41d455b150f1686160d41098d7e	ef02446a6a5709b9031816c82b0f953d	de8e81768718b8478eba3c2fc94a3e86
23229	a023f41d455b150f1686160d41098d7e	ef02446a6a5709b9031816c82b0f953d	de8e81768718b8478eba3c2fc94a3e86
23230	a023f41d455b150f1686160d41098d7e	ef02446a6a5709b9031816c82b0f953d	de8e81768718b8478eba3c2fc94a3e86
23231	a023f41d455b150f1686160d41098d7e	ef02446a6a5709b9031816c82b0f953d	de8e81768718b8478eba3c2fc94a3e86
23232	216485bf8ae82a90b0edc958544fdf5b	e2b23f378a26a5847ed7ba260079971c	bfe76a215b92c5580e5e013ac2a85d73
23233	216485bf8ae82a90b0edc958544fdf5b	e2b23f378a26a5847ed7ba260079971c	bfe76a215b92c5580e5e013ac2a85d73
23234	216485bf8ae82a90b0edc958544fdf5b	e2b23f378a26a5847ed7ba260079971c	bfe76a215b92c5580e5e013ac2a85d73
23235	216485bf8ae82a90b0edc958544fdf5b	e2b23f378a26a5847ed7ba260079971c	bfe76a215b92c5580e5e013ac2a85d73
23236	216485bf8ae82a90b0edc958544fdf5b	e2b23f378a26a5847ed7ba260079971c	bfe76a215b92c5580e5e013ac2a85d73
23237	216485bf8ae82a90b0edc958544fdf5b	e2b23f378a26a5847ed7ba260079971c	bfe76a215b92c5580e5e013ac2a85d73
23238	216485bf8ae82a90b0edc958544fdf5b	e2b23f378a26a5847ed7ba260079971c	bfe76a215b92c5580e5e013ac2a85d73
23239	b4b228d794f7eed1b88c10b3a9e4262c	ec71368e3895fe67af238ba749403217	531a92f9095552d94433a4bbdb9b75d4
23240	b4b228d794f7eed1b88c10b3a9e4262c	ec71368e3895fe67af238ba749403217	531a92f9095552d94433a4bbdb9b75d4
23241	b4b228d794f7eed1b88c10b3a9e4262c	ec71368e3895fe67af238ba749403217	531a92f9095552d94433a4bbdb9b75d4
23242	b4b228d794f7eed1b88c10b3a9e4262c	ec71368e3895fe67af238ba749403217	531a92f9095552d94433a4bbdb9b75d4
23243	b4b228d794f7eed1b88c10b3a9e4262c	ec71368e3895fe67af238ba749403217	531a92f9095552d94433a4bbdb9b75d4
23244	c0b4c39d28c4775f29ba3d78ab4d8571	c8d36334103ef941fe3b3b72fd1b5836	d81bedd1624a5c3781163c92f070eda9
23245	c0b4c39d28c4775f29ba3d78ab4d8571	c8d36334103ef941fe3b3b72fd1b5836	d81bedd1624a5c3781163c92f070eda9
23246	c0b4c39d28c4775f29ba3d78ab4d8571	c8d36334103ef941fe3b3b72fd1b5836	d81bedd1624a5c3781163c92f070eda9
23247	c0b4c39d28c4775f29ba3d78ab4d8571	c8d36334103ef941fe3b3b72fd1b5836	d81bedd1624a5c3781163c92f070eda9
23248	c0b4c39d28c4775f29ba3d78ab4d8571	c8d36334103ef941fe3b3b72fd1b5836	d81bedd1624a5c3781163c92f070eda9
23249	c0b4c39d28c4775f29ba3d78ab4d8571	c8d36334103ef941fe3b3b72fd1b5836	d81bedd1624a5c3781163c92f070eda9
23250	c0b4c39d28c4775f29ba3d78ab4d8571	c8d36334103ef941fe3b3b72fd1b5836	d81bedd1624a5c3781163c92f070eda9
23251	830f6db1c116249a2c07dcd8db2dd48e	4b29f16188534c22b71731c0a5c18495	540fa711d6d2f1865e98a7d42e89b05e
23252	830f6db1c116249a2c07dcd8db2dd48e	4b29f16188534c22b71731c0a5c18495	540fa711d6d2f1865e98a7d42e89b05e
23253	830f6db1c116249a2c07dcd8db2dd48e	4b29f16188534c22b71731c0a5c18495	540fa711d6d2f1865e98a7d42e89b05e
23254	830f6db1c116249a2c07dcd8db2dd48e	4b29f16188534c22b71731c0a5c18495	540fa711d6d2f1865e98a7d42e89b05e
23255	830f6db1c116249a2c07dcd8db2dd48e	4b29f16188534c22b71731c0a5c18495	540fa711d6d2f1865e98a7d42e89b05e
23256	f60e872f26a009f6e87fff869f1133a9	a3f0f7505616bc76572d27c7ad546f86	5af400ae4514a16a141e1c0fd6dfacb1
23257	f60e872f26a009f6e87fff869f1133a9	a3f0f7505616bc76572d27c7ad546f86	5af400ae4514a16a141e1c0fd6dfacb1
23258	f60e872f26a009f6e87fff869f1133a9	a3f0f7505616bc76572d27c7ad546f86	5af400ae4514a16a141e1c0fd6dfacb1
23259	f60e872f26a009f6e87fff869f1133a9	a3f0f7505616bc76572d27c7ad546f86	5af400ae4514a16a141e1c0fd6dfacb1
23260	f60e872f26a009f6e87fff869f1133a9	a3f0f7505616bc76572d27c7ad546f86	5af400ae4514a16a141e1c0fd6dfacb1
23261	677821eaa3c8db2341274b82d43f53d4	999003bd7e91594df847ccd73392867f	89a3ef61af7c743f6eefbf142534adcc
23262	677821eaa3c8db2341274b82d43f53d4	999003bd7e91594df847ccd73392867f	89a3ef61af7c743f6eefbf142534adcc
23263	677821eaa3c8db2341274b82d43f53d4	999003bd7e91594df847ccd73392867f	89a3ef61af7c743f6eefbf142534adcc
23264	677821eaa3c8db2341274b82d43f53d4	999003bd7e91594df847ccd73392867f	89a3ef61af7c743f6eefbf142534adcc
23265	677821eaa3c8db2341274b82d43f53d4	999003bd7e91594df847ccd73392867f	89a3ef61af7c743f6eefbf142534adcc
23266	677821eaa3c8db2341274b82d43f53d4	999003bd7e91594df847ccd73392867f	89a3ef61af7c743f6eefbf142534adcc
23267	677821eaa3c8db2341274b82d43f53d4	999003bd7e91594df847ccd73392867f	89a3ef61af7c743f6eefbf142534adcc
23268	677821eaa3c8db2341274b82d43f53d4	999003bd7e91594df847ccd73392867f	89a3ef61af7c743f6eefbf142534adcc
23269	677821eaa3c8db2341274b82d43f53d4	999003bd7e91594df847ccd73392867f	89a3ef61af7c743f6eefbf142534adcc
23270	677821eaa3c8db2341274b82d43f53d4	999003bd7e91594df847ccd73392867f	89a3ef61af7c743f6eefbf142534adcc
23271	677821eaa3c8db2341274b82d43f53d4	999003bd7e91594df847ccd73392867f	89a3ef61af7c743f6eefbf142534adcc
23272	677821eaa3c8db2341274b82d43f53d4	999003bd7e91594df847ccd73392867f	89a3ef61af7c743f6eefbf142534adcc
23273	ba6151dbbd69ada0732e7ae9f8a738db	b51b6c2046cf7a548a2bcc7baa3db97c	b6c70d82e28c8d2cd5f3e168b1695013
23274	ba6151dbbd69ada0732e7ae9f8a738db	b51b6c2046cf7a548a2bcc7baa3db97c	b6c70d82e28c8d2cd5f3e168b1695013
23275	ba6151dbbd69ada0732e7ae9f8a738db	b51b6c2046cf7a548a2bcc7baa3db97c	b6c70d82e28c8d2cd5f3e168b1695013
23276	ba6151dbbd69ada0732e7ae9f8a738db	b51b6c2046cf7a548a2bcc7baa3db97c	b6c70d82e28c8d2cd5f3e168b1695013
23277	ba6151dbbd69ada0732e7ae9f8a738db	b51b6c2046cf7a548a2bcc7baa3db97c	b6c70d82e28c8d2cd5f3e168b1695013
23278	ba6151dbbd69ada0732e7ae9f8a738db	b51b6c2046cf7a548a2bcc7baa3db97c	b6c70d82e28c8d2cd5f3e168b1695013
23279	ba6151dbbd69ada0732e7ae9f8a738db	b51b6c2046cf7a548a2bcc7baa3db97c	b6c70d82e28c8d2cd5f3e168b1695013
23280	264a4252c57ddec01d0e68bbb6fcd226	fc04473dad9d6c0c02e770d9ed75ee3d	1233ba2d2f36e9f0e7861a2cbf4a039e
23281	264a4252c57ddec01d0e68bbb6fcd226	fc04473dad9d6c0c02e770d9ed75ee3d	1233ba2d2f36e9f0e7861a2cbf4a039e
23282	264a4252c57ddec01d0e68bbb6fcd226	fc04473dad9d6c0c02e770d9ed75ee3d	1233ba2d2f36e9f0e7861a2cbf4a039e
23283	264a4252c57ddec01d0e68bbb6fcd226	fc04473dad9d6c0c02e770d9ed75ee3d	1233ba2d2f36e9f0e7861a2cbf4a039e
23284	264a4252c57ddec01d0e68bbb6fcd226	fc04473dad9d6c0c02e770d9ed75ee3d	1233ba2d2f36e9f0e7861a2cbf4a039e
23285	264a4252c57ddec01d0e68bbb6fcd226	fc04473dad9d6c0c02e770d9ed75ee3d	1233ba2d2f36e9f0e7861a2cbf4a039e
23286	264a4252c57ddec01d0e68bbb6fcd226	fc04473dad9d6c0c02e770d9ed75ee3d	1233ba2d2f36e9f0e7861a2cbf4a039e
23287	264a4252c57ddec01d0e68bbb6fcd226	fc04473dad9d6c0c02e770d9ed75ee3d	1233ba2d2f36e9f0e7861a2cbf4a039e
23288	264a4252c57ddec01d0e68bbb6fcd226	fc04473dad9d6c0c02e770d9ed75ee3d	1233ba2d2f36e9f0e7861a2cbf4a039e
23289	264a4252c57ddec01d0e68bbb6fcd226	fc04473dad9d6c0c02e770d9ed75ee3d	1233ba2d2f36e9f0e7861a2cbf4a039e
23290	125d9eafc1ef49be12bf9827c62df4e0	8a21c312290e391684696cb75160c023	d07de86ced51461c6e530ef1f0c6c764
23291	125d9eafc1ef49be12bf9827c62df4e0	8a21c312290e391684696cb75160c023	d07de86ced51461c6e530ef1f0c6c764
23292	125d9eafc1ef49be12bf9827c62df4e0	8a21c312290e391684696cb75160c023	d07de86ced51461c6e530ef1f0c6c764
23293	125d9eafc1ef49be12bf9827c62df4e0	8a21c312290e391684696cb75160c023	d07de86ced51461c6e530ef1f0c6c764
23294	125d9eafc1ef49be12bf9827c62df4e0	8a21c312290e391684696cb75160c023	d07de86ced51461c6e530ef1f0c6c764
23295	125d9eafc1ef49be12bf9827c62df4e0	8a21c312290e391684696cb75160c023	d07de86ced51461c6e530ef1f0c6c764
23296	125d9eafc1ef49be12bf9827c62df4e0	8a21c312290e391684696cb75160c023	d07de86ced51461c6e530ef1f0c6c764
23297	08c6cc837db36879a8e7c1f36fdcf96f	2c086d084fbfcb27c150774ca13213d8	a6ea62111754c80f9d14cc949dd899b3
23298	08c6cc837db36879a8e7c1f36fdcf96f	2c086d084fbfcb27c150774ca13213d8	a6ea62111754c80f9d14cc949dd899b3
23299	08c6cc837db36879a8e7c1f36fdcf96f	2c086d084fbfcb27c150774ca13213d8	a6ea62111754c80f9d14cc949dd899b3
23300	08c6cc837db36879a8e7c1f36fdcf96f	2c086d084fbfcb27c150774ca13213d8	a6ea62111754c80f9d14cc949dd899b3
23301	08c6cc837db36879a8e7c1f36fdcf96f	2c086d084fbfcb27c150774ca13213d8	a6ea62111754c80f9d14cc949dd899b3
23302	2e09c76c7b5c657bd33141c4da81c5e8	ffdd25d150805d859ad985e2f57289e3	67f58ece9417426de4a9addb3e498a84
23303	2e09c76c7b5c657bd33141c4da81c5e8	ffdd25d150805d859ad985e2f57289e3	67f58ece9417426de4a9addb3e498a84
23304	2e09c76c7b5c657bd33141c4da81c5e8	ffdd25d150805d859ad985e2f57289e3	67f58ece9417426de4a9addb3e498a84
23305	2e09c76c7b5c657bd33141c4da81c5e8	ffdd25d150805d859ad985e2f57289e3	67f58ece9417426de4a9addb3e498a84
23306	2e09c76c7b5c657bd33141c4da81c5e8	ffdd25d150805d859ad985e2f57289e3	67f58ece9417426de4a9addb3e498a84
23307	2e09c76c7b5c657bd33141c4da81c5e8	ffdd25d150805d859ad985e2f57289e3	67f58ece9417426de4a9addb3e498a84
23308	2e09c76c7b5c657bd33141c4da81c5e8	ffdd25d150805d859ad985e2f57289e3	67f58ece9417426de4a9addb3e498a84
23309	2e09c76c7b5c657bd33141c4da81c5e8	ffdd25d150805d859ad985e2f57289e3	67f58ece9417426de4a9addb3e498a84
23310	2e09c76c7b5c657bd33141c4da81c5e8	ffdd25d150805d859ad985e2f57289e3	67f58ece9417426de4a9addb3e498a84
23311	2e09c76c7b5c657bd33141c4da81c5e8	ffdd25d150805d859ad985e2f57289e3	67f58ece9417426de4a9addb3e498a84
23312	2e09c76c7b5c657bd33141c4da81c5e8	ffdd25d150805d859ad985e2f57289e3	67f58ece9417426de4a9addb3e498a84
23313	2e09c76c7b5c657bd33141c4da81c5e8	ffdd25d150805d859ad985e2f57289e3	67f58ece9417426de4a9addb3e498a84
23314	2e09c76c7b5c657bd33141c4da81c5e8	ffdd25d150805d859ad985e2f57289e3	67f58ece9417426de4a9addb3e498a84
23315	2e09c76c7b5c657bd33141c4da81c5e8	ffdd25d150805d859ad985e2f57289e3	67f58ece9417426de4a9addb3e498a84
23316	2e09c76c7b5c657bd33141c4da81c5e8	ffdd25d150805d859ad985e2f57289e3	67f58ece9417426de4a9addb3e498a84
23317	2e09c76c7b5c657bd33141c4da81c5e8	ffdd25d150805d859ad985e2f57289e3	67f58ece9417426de4a9addb3e498a84
23318	2e09c76c7b5c657bd33141c4da81c5e8	ffdd25d150805d859ad985e2f57289e3	67f58ece9417426de4a9addb3e498a84
23319	49fc214495f28b2600dfcb30002f4396	3041ba8b5b46348e39282cfb8e25086d	c33c165066cb90260a27cc78ebdaae16
23320	49fc214495f28b2600dfcb30002f4396	3041ba8b5b46348e39282cfb8e25086d	c33c165066cb90260a27cc78ebdaae16
23321	49fc214495f28b2600dfcb30002f4396	3041ba8b5b46348e39282cfb8e25086d	c33c165066cb90260a27cc78ebdaae16
23322	c1117403913e7fc5cfb379c0ec2f9f6e	7350b8562f79615bc4dacfa3f009587d	f931e6136476d949b708704e5f7c5646
23323	c1117403913e7fc5cfb379c0ec2f9f6e	7350b8562f79615bc4dacfa3f009587d	f931e6136476d949b708704e5f7c5646
23324	2c519c1865f6cc41460447b371f22180	6ebf3e0894ca5f6762d8c6480a9ce0fb	62d7ed4029aca675b845c6b53a4551d8
23325	2c519c1865f6cc41460447b371f22180	6ebf3e0894ca5f6762d8c6480a9ce0fb	62d7ed4029aca675b845c6b53a4551d8
23326	154df609fb9251de23015c554eed072b	da674187fc8a16cedab94cc74afec50c	a9e0c5e61b8531889a1fd5da3b4ee1ff
23327	154df609fb9251de23015c554eed072b	da674187fc8a16cedab94cc74afec50c	a9e0c5e61b8531889a1fd5da3b4ee1ff
23328	154df609fb9251de23015c554eed072b	da674187fc8a16cedab94cc74afec50c	a9e0c5e61b8531889a1fd5da3b4ee1ff
23329	534250011b047dab9c4f34d41e48fd9f	66479b3b025cfb5df822e0a150fac7a8	83e5bf102ebf16410800e4e6718cf713
23330	534250011b047dab9c4f34d41e48fd9f	66479b3b025cfb5df822e0a150fac7a8	83e5bf102ebf16410800e4e6718cf713
23331	534250011b047dab9c4f34d41e48fd9f	66479b3b025cfb5df822e0a150fac7a8	83e5bf102ebf16410800e4e6718cf713
23332	534250011b047dab9c4f34d41e48fd9f	66479b3b025cfb5df822e0a150fac7a8	83e5bf102ebf16410800e4e6718cf713
23333	534250011b047dab9c4f34d41e48fd9f	66479b3b025cfb5df822e0a150fac7a8	83e5bf102ebf16410800e4e6718cf713
23334	534250011b047dab9c4f34d41e48fd9f	66479b3b025cfb5df822e0a150fac7a8	83e5bf102ebf16410800e4e6718cf713
23335	534250011b047dab9c4f34d41e48fd9f	66479b3b025cfb5df822e0a150fac7a8	83e5bf102ebf16410800e4e6718cf713
23336	534250011b047dab9c4f34d41e48fd9f	66479b3b025cfb5df822e0a150fac7a8	83e5bf102ebf16410800e4e6718cf713
23337	534250011b047dab9c4f34d41e48fd9f	66479b3b025cfb5df822e0a150fac7a8	83e5bf102ebf16410800e4e6718cf713
23338	868f2a11d7117fa36664810f44766e20	dbd356a0e68b966d3d8ebe404125acdb	166f02dc2e55872d67a05606c921f76c
23339	868f2a11d7117fa36664810f44766e20	dbd356a0e68b966d3d8ebe404125acdb	166f02dc2e55872d67a05606c921f76c
23340	868f2a11d7117fa36664810f44766e20	dbd356a0e68b966d3d8ebe404125acdb	166f02dc2e55872d67a05606c921f76c
23341	534250011b047dab9c4f34d41e48fd9f	66479b3b025cfb5df822e0a150fac7a8	83e5bf102ebf16410800e4e6718cf713
23342	534250011b047dab9c4f34d41e48fd9f	66479b3b025cfb5df822e0a150fac7a8	83e5bf102ebf16410800e4e6718cf713
23343	dc63b615d12741b7946f8375b34786c4	c2e7ba1577d7d3d183ca77e3b95e6f5f	5b9ea23a00298cc9d095096111e6ad68
23344	dc63b615d12741b7946f8375b34786c4	c2e7ba1577d7d3d183ca77e3b95e6f5f	5b9ea23a00298cc9d095096111e6ad68
23345	dc63b615d12741b7946f8375b34786c4	c2e7ba1577d7d3d183ca77e3b95e6f5f	5b9ea23a00298cc9d095096111e6ad68
23346	dc63b615d12741b7946f8375b34786c4	c2e7ba1577d7d3d183ca77e3b95e6f5f	5b9ea23a00298cc9d095096111e6ad68
23347	dc63b615d12741b7946f8375b34786c4	c2e7ba1577d7d3d183ca77e3b95e6f5f	5b9ea23a00298cc9d095096111e6ad68
23348	dc63b615d12741b7946f8375b34786c4	c2e7ba1577d7d3d183ca77e3b95e6f5f	5b9ea23a00298cc9d095096111e6ad68
23349	dc63b615d12741b7946f8375b34786c4	c2e7ba1577d7d3d183ca77e3b95e6f5f	5b9ea23a00298cc9d095096111e6ad68
23350	81eb82353c5da11437afa3d70236b340	43b7ef383076bf6031189270646cc603	80ce0886eed61cc4fae5d70767bcbd20
23351	81eb82353c5da11437afa3d70236b340	43b7ef383076bf6031189270646cc603	80ce0886eed61cc4fae5d70767bcbd20
23352	81eb82353c5da11437afa3d70236b340	43b7ef383076bf6031189270646cc603	80ce0886eed61cc4fae5d70767bcbd20
23353	81eb82353c5da11437afa3d70236b340	43b7ef383076bf6031189270646cc603	80ce0886eed61cc4fae5d70767bcbd20
23354	81eb82353c5da11437afa3d70236b340	43b7ef383076bf6031189270646cc603	80ce0886eed61cc4fae5d70767bcbd20
23355	81eb82353c5da11437afa3d70236b340	43b7ef383076bf6031189270646cc603	80ce0886eed61cc4fae5d70767bcbd20
23356	81eb82353c5da11437afa3d70236b340	43b7ef383076bf6031189270646cc603	80ce0886eed61cc4fae5d70767bcbd20
23357	81eb82353c5da11437afa3d70236b340	43b7ef383076bf6031189270646cc603	80ce0886eed61cc4fae5d70767bcbd20
23358	81eb82353c5da11437afa3d70236b340	43b7ef383076bf6031189270646cc603	80ce0886eed61cc4fae5d70767bcbd20
23359	81eb82353c5da11437afa3d70236b340	43b7ef383076bf6031189270646cc603	80ce0886eed61cc4fae5d70767bcbd20
23360	2b8c177444086d9f0dde0dee6e0aedf2	2c8271d3ad31e239e0c9d50ce2201c61	395efad5d560c3832c34832eb21ebf22
23361	2b8c177444086d9f0dde0dee6e0aedf2	2c8271d3ad31e239e0c9d50ce2201c61	395efad5d560c3832c34832eb21ebf22
23362	2b8c177444086d9f0dde0dee6e0aedf2	2c8271d3ad31e239e0c9d50ce2201c61	395efad5d560c3832c34832eb21ebf22
23363	2b8c177444086d9f0dde0dee6e0aedf2	2c8271d3ad31e239e0c9d50ce2201c61	395efad5d560c3832c34832eb21ebf22
23364	2b8c177444086d9f0dde0dee6e0aedf2	2c8271d3ad31e239e0c9d50ce2201c61	395efad5d560c3832c34832eb21ebf22
23365	2b8c177444086d9f0dde0dee6e0aedf2	2c8271d3ad31e239e0c9d50ce2201c61	395efad5d560c3832c34832eb21ebf22
23366	2b8c177444086d9f0dde0dee6e0aedf2	2c8271d3ad31e239e0c9d50ce2201c61	395efad5d560c3832c34832eb21ebf22
23367	2b8c177444086d9f0dde0dee6e0aedf2	2c8271d3ad31e239e0c9d50ce2201c61	395efad5d560c3832c34832eb21ebf22
23368	2b8c177444086d9f0dde0dee6e0aedf2	2c8271d3ad31e239e0c9d50ce2201c61	395efad5d560c3832c34832eb21ebf22
23369	2b8c177444086d9f0dde0dee6e0aedf2	2c8271d3ad31e239e0c9d50ce2201c61	395efad5d560c3832c34832eb21ebf22
23370	2b8c177444086d9f0dde0dee6e0aedf2	2c8271d3ad31e239e0c9d50ce2201c61	395efad5d560c3832c34832eb21ebf22
23371	2b8c177444086d9f0dde0dee6e0aedf2	2c8271d3ad31e239e0c9d50ce2201c61	395efad5d560c3832c34832eb21ebf22
23372	fb79c0aa0a27942ee8bfb827e34bd79d	bc7d4ba7dcf3ab5e442819ada91a0a6a	6ff4bc29637b05a818ba259f4b0f63d9
23373	fb79c0aa0a27942ee8bfb827e34bd79d	bc7d4ba7dcf3ab5e442819ada91a0a6a	6ff4bc29637b05a818ba259f4b0f63d9
23374	fb79c0aa0a27942ee8bfb827e34bd79d	bc7d4ba7dcf3ab5e442819ada91a0a6a	6ff4bc29637b05a818ba259f4b0f63d9
23375	fb79c0aa0a27942ee8bfb827e34bd79d	bc7d4ba7dcf3ab5e442819ada91a0a6a	6ff4bc29637b05a818ba259f4b0f63d9
23376	fb79c0aa0a27942ee8bfb827e34bd79d	bc7d4ba7dcf3ab5e442819ada91a0a6a	6ff4bc29637b05a818ba259f4b0f63d9
23377	fb79c0aa0a27942ee8bfb827e34bd79d	bc7d4ba7dcf3ab5e442819ada91a0a6a	6ff4bc29637b05a818ba259f4b0f63d9
23378	fb79c0aa0a27942ee8bfb827e34bd79d	bc7d4ba7dcf3ab5e442819ada91a0a6a	6ff4bc29637b05a818ba259f4b0f63d9
23379	e778f63f0159a2e69f9d605e7d59f3a9	3fe8ab9a0a78d89611a4584848e87ce6	3efacb5a489382c2b0c73c1c1d85f779
23380	e778f63f0159a2e69f9d605e7d59f3a9	3fe8ab9a0a78d89611a4584848e87ce6	3efacb5a489382c2b0c73c1c1d85f779
23381	e778f63f0159a2e69f9d605e7d59f3a9	3fe8ab9a0a78d89611a4584848e87ce6	3efacb5a489382c2b0c73c1c1d85f779
23382	e778f63f0159a2e69f9d605e7d59f3a9	3fe8ab9a0a78d89611a4584848e87ce6	3efacb5a489382c2b0c73c1c1d85f779
23383	e778f63f0159a2e69f9d605e7d59f3a9	3fe8ab9a0a78d89611a4584848e87ce6	3efacb5a489382c2b0c73c1c1d85f779
23384	910fb496ac29546ad7fcb60b2ed9af1d	43bc8a0f9b305eca175d5c2325a9816a	c064c4c1b68eefc23d41b94d776efe85
23385	910fb496ac29546ad7fcb60b2ed9af1d	43bc8a0f9b305eca175d5c2325a9816a	c064c4c1b68eefc23d41b94d776efe85
23386	910fb496ac29546ad7fcb60b2ed9af1d	43bc8a0f9b305eca175d5c2325a9816a	c064c4c1b68eefc23d41b94d776efe85
23387	910fb496ac29546ad7fcb60b2ed9af1d	43bc8a0f9b305eca175d5c2325a9816a	c064c4c1b68eefc23d41b94d776efe85
23388	910fb496ac29546ad7fcb60b2ed9af1d	43bc8a0f9b305eca175d5c2325a9816a	c064c4c1b68eefc23d41b94d776efe85
23389	d9bbdd159bf5417660c67e4fb7caa221	fd319c6d9afc106642eba41deba8b54e	49f253588a927eb44d4f2d4dd8750d75
23390	d9bbdd159bf5417660c67e4fb7caa221	fd319c6d9afc106642eba41deba8b54e	49f253588a927eb44d4f2d4dd8750d75
23391	d9bbdd159bf5417660c67e4fb7caa221	fd319c6d9afc106642eba41deba8b54e	49f253588a927eb44d4f2d4dd8750d75
23392	0d17341da81dc7d4bd784281a25b9849	721afbbac42bd78866662777198a7366	8025ac40d4e1e1a8ecfd1f57193f1689
23393	0d17341da81dc7d4bd784281a25b9849	721afbbac42bd78866662777198a7366	8025ac40d4e1e1a8ecfd1f57193f1689
23394	0d17341da81dc7d4bd784281a25b9849	721afbbac42bd78866662777198a7366	8025ac40d4e1e1a8ecfd1f57193f1689
23395	0d17341da81dc7d4bd784281a25b9849	721afbbac42bd78866662777198a7366	8025ac40d4e1e1a8ecfd1f57193f1689
23396	a0e2a1c6aceb9aa01ddb573e8dbe2299	ce4645e2389dc8b4924ba3fd600cb1a6	609d303fb9483974460a73a3a2c1aef1
23397	a0e2a1c6aceb9aa01ddb573e8dbe2299	ce4645e2389dc8b4924ba3fd600cb1a6	609d303fb9483974460a73a3a2c1aef1
23398	a0e2a1c6aceb9aa01ddb573e8dbe2299	ce4645e2389dc8b4924ba3fd600cb1a6	609d303fb9483974460a73a3a2c1aef1
23399	42ec8e434275a54686ca4135d4f6cdad	c8bab9ebb4ea92e6789e7156df2b970a	97447d9cf7dd250063985ad80ce4fc59
23400	a0e2a1c6aceb9aa01ddb573e8dbe2299	ce4645e2389dc8b4924ba3fd600cb1a6	609d303fb9483974460a73a3a2c1aef1
23401	fbaa083a50663c64e17694f0f4542074	5bea5427f52a5ec07dbf8ac0fd347537	5b3122c86aedaaf4a776250d91d09c74
23402	fbaa083a50663c64e17694f0f4542074	5bea5427f52a5ec07dbf8ac0fd347537	5b3122c86aedaaf4a776250d91d09c74
23403	fbaa083a50663c64e17694f0f4542074	5bea5427f52a5ec07dbf8ac0fd347537	5b3122c86aedaaf4a776250d91d09c74
23404	fbaa083a50663c64e17694f0f4542074	5bea5427f52a5ec07dbf8ac0fd347537	5b3122c86aedaaf4a776250d91d09c74
23405	fbaa083a50663c64e17694f0f4542074	5bea5427f52a5ec07dbf8ac0fd347537	5b3122c86aedaaf4a776250d91d09c74
23406	fbaa083a50663c64e17694f0f4542074	5bea5427f52a5ec07dbf8ac0fd347537	5b3122c86aedaaf4a776250d91d09c74
23407	fbaa083a50663c64e17694f0f4542074	5bea5427f52a5ec07dbf8ac0fd347537	5b3122c86aedaaf4a776250d91d09c74
23408	b0ff2d91e6ffddb97fb13c6eed943dbf	db108f1d8a4b73072c5d873d1e3c3148	60f5659cce4c5527a95a820a02a92ddb
23409	b0ff2d91e6ffddb97fb13c6eed943dbf	db108f1d8a4b73072c5d873d1e3c3148	60f5659cce4c5527a95a820a02a92ddb
23410	b0ff2d91e6ffddb97fb13c6eed943dbf	db108f1d8a4b73072c5d873d1e3c3148	60f5659cce4c5527a95a820a02a92ddb
23411	b0ff2d91e6ffddb97fb13c6eed943dbf	db108f1d8a4b73072c5d873d1e3c3148	60f5659cce4c5527a95a820a02a92ddb
23412	b0ff2d91e6ffddb97fb13c6eed943dbf	db108f1d8a4b73072c5d873d1e3c3148	60f5659cce4c5527a95a820a02a92ddb
23413	2d0a9b96e64a775ec3dd6b7f767e3501	5b6ecac41c2bb9ae6ab3e8e568673f7e	f2166d3d5d9108e0806b05bb77f948fd
23414	2d0a9b96e64a775ec3dd6b7f767e3501	5b6ecac41c2bb9ae6ab3e8e568673f7e	f2166d3d5d9108e0806b05bb77f948fd
23415	2d0a9b96e64a775ec3dd6b7f767e3501	5b6ecac41c2bb9ae6ab3e8e568673f7e	f2166d3d5d9108e0806b05bb77f948fd
23416	2d0a9b96e64a775ec3dd6b7f767e3501	5b6ecac41c2bb9ae6ab3e8e568673f7e	f2166d3d5d9108e0806b05bb77f948fd
23417	2d0a9b96e64a775ec3dd6b7f767e3501	5b6ecac41c2bb9ae6ab3e8e568673f7e	f2166d3d5d9108e0806b05bb77f948fd
23418	2d0a9b96e64a775ec3dd6b7f767e3501	5b6ecac41c2bb9ae6ab3e8e568673f7e	f2166d3d5d9108e0806b05bb77f948fd
23419	2d0a9b96e64a775ec3dd6b7f767e3501	5b6ecac41c2bb9ae6ab3e8e568673f7e	f2166d3d5d9108e0806b05bb77f948fd
23420	85306dbbd54f570471bce6df6dfe8af4	f3dc04071b07d950e75d23e3b48103a7	8c7540d5c5e6fa087588e62b97863a24
23421	85306dbbd54f570471bce6df6dfe8af4	f3dc04071b07d950e75d23e3b48103a7	8c7540d5c5e6fa087588e62b97863a24
23422	85306dbbd54f570471bce6df6dfe8af4	f3dc04071b07d950e75d23e3b48103a7	8c7540d5c5e6fa087588e62b97863a24
23423	85306dbbd54f570471bce6df6dfe8af4	f3dc04071b07d950e75d23e3b48103a7	8c7540d5c5e6fa087588e62b97863a24
23424	85306dbbd54f570471bce6df6dfe8af4	f3dc04071b07d950e75d23e3b48103a7	8c7540d5c5e6fa087588e62b97863a24
23425	aa8c6fd4e4c255f92c9d4dae81cb17d3	5d8f217b222dbc47baee53b69bf025ac	20288600fa3f4617033304ba11c49187
23426	aa8c6fd4e4c255f92c9d4dae81cb17d3	5d8f217b222dbc47baee53b69bf025ac	20288600fa3f4617033304ba11c49187
23427	aa8c6fd4e4c255f92c9d4dae81cb17d3	5d8f217b222dbc47baee53b69bf025ac	20288600fa3f4617033304ba11c49187
23428	aa8c6fd4e4c255f92c9d4dae81cb17d3	5d8f217b222dbc47baee53b69bf025ac	20288600fa3f4617033304ba11c49187
23429	aa8c6fd4e4c255f92c9d4dae81cb17d3	5d8f217b222dbc47baee53b69bf025ac	20288600fa3f4617033304ba11c49187
23430	31c17d578df4057543ae62f61c941b21	e9fd780750a3f4b3b2530c0b0b1f9306	408b3f00622bbd7d9ca87912864688b9
23431	31c17d578df4057543ae62f61c941b21	e9fd780750a3f4b3b2530c0b0b1f9306	408b3f00622bbd7d9ca87912864688b9
23432	31c17d578df4057543ae62f61c941b21	e9fd780750a3f4b3b2530c0b0b1f9306	408b3f00622bbd7d9ca87912864688b9
23433	70e4f1534e206b4c81bfcf644fbeb671	e735c2bf0636cb206591ceb6adfbee7e	d0d914f14ec65590f90d661075ab5671
23434	70e4f1534e206b4c81bfcf644fbeb671	e735c2bf0636cb206591ceb6adfbee7e	d0d914f14ec65590f90d661075ab5671
23435	7424961c585d6bfa00d162bc79bc1f2a	a24f0e3469de3ac2176fe7b7edda8921	f44d3b1fb620e51a3261d51d74d88e1a
23436	7424961c585d6bfa00d162bc79bc1f2a	a24f0e3469de3ac2176fe7b7edda8921	f44d3b1fb620e51a3261d51d74d88e1a
23437	ee6e5fc9e7e464fe41430a5ce58f2cfb	5511f310238c948e38a699ce1988d7ec	79d7af2431a5b05892f6e90f3bbf313f
23438	ee6e5fc9e7e464fe41430a5ce58f2cfb	5511f310238c948e38a699ce1988d7ec	79d7af2431a5b05892f6e90f3bbf313f
23439	ee6e5fc9e7e464fe41430a5ce58f2cfb	5511f310238c948e38a699ce1988d7ec	79d7af2431a5b05892f6e90f3bbf313f
23440	fc640c7b24f224f4fa5579fe70eb8215	7a8ff6db258851e886fb65201c582bb2	85ef17a461bad8f87d1aa801e6336e65
23441	dc4cc57fd7f5e4313c52237a1e6c9845	122649db160ccc2fd5c6476113fe49ba	4d352558dae9d27dcf714f8444cc3405
23442	da2b4a5f96d6f3ea9ec2314a80e1db11	d043f58479230ebaece7f95755d3ab4e	cf78ea2580dceb34933c40657b6f7865
23443	da2b4a5f96d6f3ea9ec2314a80e1db11	d043f58479230ebaece7f95755d3ab4e	cf78ea2580dceb34933c40657b6f7865
23444	da2b4a5f96d6f3ea9ec2314a80e1db11	d043f58479230ebaece7f95755d3ab4e	cf78ea2580dceb34933c40657b6f7865
23445	da2b4a5f96d6f3ea9ec2314a80e1db11	d043f58479230ebaece7f95755d3ab4e	cf78ea2580dceb34933c40657b6f7865
23446	da2b4a5f96d6f3ea9ec2314a80e1db11	d043f58479230ebaece7f95755d3ab4e	cf78ea2580dceb34933c40657b6f7865
23447	da2b4a5f96d6f3ea9ec2314a80e1db11	d043f58479230ebaece7f95755d3ab4e	cf78ea2580dceb34933c40657b6f7865
23448	da2b4a5f96d6f3ea9ec2314a80e1db11	d043f58479230ebaece7f95755d3ab4e	cf78ea2580dceb34933c40657b6f7865
23449	c52464cd42cc8001f59e59cc0605128d	54e41c4818a620ff190cbead54ae4872	a297b5259ef17b9945e77aa0e510ec4d
23450	c52464cd42cc8001f59e59cc0605128d	54e41c4818a620ff190cbead54ae4872	a297b5259ef17b9945e77aa0e510ec4d
23451	c52464cd42cc8001f59e59cc0605128d	54e41c4818a620ff190cbead54ae4872	a297b5259ef17b9945e77aa0e510ec4d
23452	5b7254b548beda42ba5b57ee2ba188d1	a28acf953dbed2f2e398e0e0a4faeb5e	58a05c1a19e342bc0c1fe86fef558f35
23453	5b7254b548beda42ba5b57ee2ba188d1	a28acf953dbed2f2e398e0e0a4faeb5e	58a05c1a19e342bc0c1fe86fef558f35
23454	c52464cd42cc8001f59e59cc0605128d	54e41c4818a620ff190cbead54ae4872	a297b5259ef17b9945e77aa0e510ec4d
23455	c52464cd42cc8001f59e59cc0605128d	54e41c4818a620ff190cbead54ae4872	a297b5259ef17b9945e77aa0e510ec4d
23456	c52464cd42cc8001f59e59cc0605128d	54e41c4818a620ff190cbead54ae4872	a297b5259ef17b9945e77aa0e510ec4d
23457	5b7254b548beda42ba5b57ee2ba188d1	a28acf953dbed2f2e398e0e0a4faeb5e	58a05c1a19e342bc0c1fe86fef558f35
23458	5b7254b548beda42ba5b57ee2ba188d1	a28acf953dbed2f2e398e0e0a4faeb5e	58a05c1a19e342bc0c1fe86fef558f35
23459	282b2b7792d08016d25b5e2531edb688	b7c4f9ac96941cee920b3f21237d23fb	e44de0ac73bc348cee7cc17ebfd6ad0c
23460	282b2b7792d08016d25b5e2531edb688	b7c4f9ac96941cee920b3f21237d23fb	e44de0ac73bc348cee7cc17ebfd6ad0c
23461	282b2b7792d08016d25b5e2531edb688	b7c4f9ac96941cee920b3f21237d23fb	e44de0ac73bc348cee7cc17ebfd6ad0c
23462	282b2b7792d08016d25b5e2531edb688	b7c4f9ac96941cee920b3f21237d23fb	e44de0ac73bc348cee7cc17ebfd6ad0c
23463	282b2b7792d08016d25b5e2531edb688	b7c4f9ac96941cee920b3f21237d23fb	e44de0ac73bc348cee7cc17ebfd6ad0c
23464	282b2b7792d08016d25b5e2531edb688	b7c4f9ac96941cee920b3f21237d23fb	e44de0ac73bc348cee7cc17ebfd6ad0c
23465	282b2b7792d08016d25b5e2531edb688	b7c4f9ac96941cee920b3f21237d23fb	e44de0ac73bc348cee7cc17ebfd6ad0c
23466	4ec2ec8fbbe77fb380c4371811e353dc	f78ec934e8f3671d6fc1623b4f820d57	193cc88ece564311769ae3b087a5d340
23467	4ec2ec8fbbe77fb380c4371811e353dc	f78ec934e8f3671d6fc1623b4f820d57	193cc88ece564311769ae3b087a5d340
23468	4ec2ec8fbbe77fb380c4371811e353dc	f78ec934e8f3671d6fc1623b4f820d57	193cc88ece564311769ae3b087a5d340
23469	4ec2ec8fbbe77fb380c4371811e353dc	f78ec934e8f3671d6fc1623b4f820d57	193cc88ece564311769ae3b087a5d340
23470	4ec2ec8fbbe77fb380c4371811e353dc	f78ec934e8f3671d6fc1623b4f820d57	193cc88ece564311769ae3b087a5d340
23471	4155069f1040e1b6892c43df390a5a7e	4e356008b087d7ae3abc538d5d583035	d3ddd986288c23549048388f1d4f8992
23472	4155069f1040e1b6892c43df390a5a7e	4e356008b087d7ae3abc538d5d583035	d3ddd986288c23549048388f1d4f8992
23473	4155069f1040e1b6892c43df390a5a7e	4e356008b087d7ae3abc538d5d583035	d3ddd986288c23549048388f1d4f8992
23474	4155069f1040e1b6892c43df390a5a7e	4e356008b087d7ae3abc538d5d583035	d3ddd986288c23549048388f1d4f8992
23475	4155069f1040e1b6892c43df390a5a7e	4e356008b087d7ae3abc538d5d583035	d3ddd986288c23549048388f1d4f8992
23476	4155069f1040e1b6892c43df390a5a7e	4e356008b087d7ae3abc538d5d583035	d3ddd986288c23549048388f1d4f8992
23477	4155069f1040e1b6892c43df390a5a7e	4e356008b087d7ae3abc538d5d583035	d3ddd986288c23549048388f1d4f8992
23478	4155069f1040e1b6892c43df390a5a7e	4e356008b087d7ae3abc538d5d583035	d3ddd986288c23549048388f1d4f8992
23479	4155069f1040e1b6892c43df390a5a7e	4e356008b087d7ae3abc538d5d583035	d3ddd986288c23549048388f1d4f8992
23480	4155069f1040e1b6892c43df390a5a7e	4e356008b087d7ae3abc538d5d583035	d3ddd986288c23549048388f1d4f8992
23481	4155069f1040e1b6892c43df390a5a7e	4e356008b087d7ae3abc538d5d583035	d3ddd986288c23549048388f1d4f8992
23482	4155069f1040e1b6892c43df390a5a7e	4e356008b087d7ae3abc538d5d583035	d3ddd986288c23549048388f1d4f8992
23483	4155069f1040e1b6892c43df390a5a7e	4e356008b087d7ae3abc538d5d583035	d3ddd986288c23549048388f1d4f8992
23484	4155069f1040e1b6892c43df390a5a7e	4e356008b087d7ae3abc538d5d583035	d3ddd986288c23549048388f1d4f8992
23485	4155069f1040e1b6892c43df390a5a7e	4e356008b087d7ae3abc538d5d583035	d3ddd986288c23549048388f1d4f8992
23486	4155069f1040e1b6892c43df390a5a7e	4e356008b087d7ae3abc538d5d583035	d3ddd986288c23549048388f1d4f8992
23487	4155069f1040e1b6892c43df390a5a7e	4e356008b087d7ae3abc538d5d583035	d3ddd986288c23549048388f1d4f8992
23488	5e098b5b2769a0423b6982bd33ce396f	a804ab1fba80ef2201d3e79b337e92f0	53c986bed69acc26a1a25346a3e6d1f7
23489	5e098b5b2769a0423b6982bd33ce396f	a804ab1fba80ef2201d3e79b337e92f0	53c986bed69acc26a1a25346a3e6d1f7
23490	5e098b5b2769a0423b6982bd33ce396f	a804ab1fba80ef2201d3e79b337e92f0	53c986bed69acc26a1a25346a3e6d1f7
23491	5e098b5b2769a0423b6982bd33ce396f	a804ab1fba80ef2201d3e79b337e92f0	53c986bed69acc26a1a25346a3e6d1f7
23492	5e098b5b2769a0423b6982bd33ce396f	a804ab1fba80ef2201d3e79b337e92f0	53c986bed69acc26a1a25346a3e6d1f7
23493	5e098b5b2769a0423b6982bd33ce396f	a804ab1fba80ef2201d3e79b337e92f0	53c986bed69acc26a1a25346a3e6d1f7
23494	5e098b5b2769a0423b6982bd33ce396f	a804ab1fba80ef2201d3e79b337e92f0	53c986bed69acc26a1a25346a3e6d1f7
23495	191d585af06a8ccb7b4d8a7398ea7aae	882bcf9efadc21352bacc865cad22e7d	3f06648ddc8e6acd42cbff73052bc5fa
23496	191d585af06a8ccb7b4d8a7398ea7aae	882bcf9efadc21352bacc865cad22e7d	3f06648ddc8e6acd42cbff73052bc5fa
23497	191d585af06a8ccb7b4d8a7398ea7aae	882bcf9efadc21352bacc865cad22e7d	3f06648ddc8e6acd42cbff73052bc5fa
23498	b59be151c421b17436d7f53e8af7f4ed	85996926dda26218a6a1ecc5ac52273a	213569a28d5811a07709b88f3efb7a95
23499	b59be151c421b17436d7f53e8af7f4ed	85996926dda26218a6a1ecc5ac52273a	213569a28d5811a07709b88f3efb7a95
23500	dd343b7881b065370bb296280781aa29	530e3d0d49d5527993fadb6cc87d422e	0bff3d7fa0181d9f05d1f81497b42999
23501	dd343b7881b065370bb296280781aa29	530e3d0d49d5527993fadb6cc87d422e	0bff3d7fa0181d9f05d1f81497b42999
23502	dd343b7881b065370bb296280781aa29	530e3d0d49d5527993fadb6cc87d422e	0bff3d7fa0181d9f05d1f81497b42999
23503	dd343b7881b065370bb296280781aa29	530e3d0d49d5527993fadb6cc87d422e	0bff3d7fa0181d9f05d1f81497b42999
23504	dd343b7881b065370bb296280781aa29	530e3d0d49d5527993fadb6cc87d422e	0bff3d7fa0181d9f05d1f81497b42999
23505	dd343b7881b065370bb296280781aa29	530e3d0d49d5527993fadb6cc87d422e	0bff3d7fa0181d9f05d1f81497b42999
23506	dd343b7881b065370bb296280781aa29	530e3d0d49d5527993fadb6cc87d422e	0bff3d7fa0181d9f05d1f81497b42999
23507	0038cee16c0cc8423891ac782ba9fc48	ad3445cea252d58ac1265295bf623f5b	987a3388a56da16225a0cee5a2a715e8
23508	0038cee16c0cc8423891ac782ba9fc48	ad3445cea252d58ac1265295bf623f5b	987a3388a56da16225a0cee5a2a715e8
23509	0038cee16c0cc8423891ac782ba9fc48	ad3445cea252d58ac1265295bf623f5b	987a3388a56da16225a0cee5a2a715e8
23510	0038cee16c0cc8423891ac782ba9fc48	ad3445cea252d58ac1265295bf623f5b	987a3388a56da16225a0cee5a2a715e8
23511	0038cee16c0cc8423891ac782ba9fc48	ad3445cea252d58ac1265295bf623f5b	987a3388a56da16225a0cee5a2a715e8
23512	67162fac0aa14dba7b9111d71bef4174	17bf65818bb69882875572c68d976797	d47a56ce7189e2069c642cc8a693201c
23513	67162fac0aa14dba7b9111d71bef4174	17bf65818bb69882875572c68d976797	d47a56ce7189e2069c642cc8a693201c
23514	67162fac0aa14dba7b9111d71bef4174	17bf65818bb69882875572c68d976797	d47a56ce7189e2069c642cc8a693201c
23515	67162fac0aa14dba7b9111d71bef4174	17bf65818bb69882875572c68d976797	d47a56ce7189e2069c642cc8a693201c
23516	67162fac0aa14dba7b9111d71bef4174	17bf65818bb69882875572c68d976797	d47a56ce7189e2069c642cc8a693201c
23517	67162fac0aa14dba7b9111d71bef4174	17bf65818bb69882875572c68d976797	d47a56ce7189e2069c642cc8a693201c
23518	67162fac0aa14dba7b9111d71bef4174	17bf65818bb69882875572c68d976797	d47a56ce7189e2069c642cc8a693201c
23519	9089f3df4ad3c6f5012a215bc1fbcdfb	3fe5b44eaa89627363d5eb2ae6b77354	1bb24d54621c2fdb5cdee5acc1f4b51f
23520	9089f3df4ad3c6f5012a215bc1fbcdfb	3fe5b44eaa89627363d5eb2ae6b77354	1bb24d54621c2fdb5cdee5acc1f4b51f
23521	9089f3df4ad3c6f5012a215bc1fbcdfb	3fe5b44eaa89627363d5eb2ae6b77354	1bb24d54621c2fdb5cdee5acc1f4b51f
23522	9089f3df4ad3c6f5012a215bc1fbcdfb	3fe5b44eaa89627363d5eb2ae6b77354	1bb24d54621c2fdb5cdee5acc1f4b51f
23523	9089f3df4ad3c6f5012a215bc1fbcdfb	3fe5b44eaa89627363d5eb2ae6b77354	1bb24d54621c2fdb5cdee5acc1f4b51f
23524	9089f3df4ad3c6f5012a215bc1fbcdfb	3fe5b44eaa89627363d5eb2ae6b77354	1bb24d54621c2fdb5cdee5acc1f4b51f
23525	9089f3df4ad3c6f5012a215bc1fbcdfb	3fe5b44eaa89627363d5eb2ae6b77354	1bb24d54621c2fdb5cdee5acc1f4b51f
23526	9089f3df4ad3c6f5012a215bc1fbcdfb	3fe5b44eaa89627363d5eb2ae6b77354	1bb24d54621c2fdb5cdee5acc1f4b51f
23527	9089f3df4ad3c6f5012a215bc1fbcdfb	3fe5b44eaa89627363d5eb2ae6b77354	1bb24d54621c2fdb5cdee5acc1f4b51f
23528	9089f3df4ad3c6f5012a215bc1fbcdfb	3fe5b44eaa89627363d5eb2ae6b77354	1bb24d54621c2fdb5cdee5acc1f4b51f
23529	9deebc1d0d5790ad09e421007ef62891	4f1a0010825af8db0bdb028e0490bb26	ec620b53847ef9c384485d6bb7fabe85
23530	9deebc1d0d5790ad09e421007ef62891	4f1a0010825af8db0bdb028e0490bb26	ec620b53847ef9c384485d6bb7fabe85
23531	9deebc1d0d5790ad09e421007ef62891	4f1a0010825af8db0bdb028e0490bb26	ec620b53847ef9c384485d6bb7fabe85
23532	9deebc1d0d5790ad09e421007ef62891	4f1a0010825af8db0bdb028e0490bb26	ec620b53847ef9c384485d6bb7fabe85
23533	9deebc1d0d5790ad09e421007ef62891	4f1a0010825af8db0bdb028e0490bb26	ec620b53847ef9c384485d6bb7fabe85
23534	9deebc1d0d5790ad09e421007ef62891	4f1a0010825af8db0bdb028e0490bb26	ec620b53847ef9c384485d6bb7fabe85
23535	9deebc1d0d5790ad09e421007ef62891	4f1a0010825af8db0bdb028e0490bb26	ec620b53847ef9c384485d6bb7fabe85
23536	15c8f5ce5a60619fb87d34d1a69dacdb	3de822a4664138d12cd4356139e97124	36ad9ce895e7fac9206ba02129c18867
23537	15c8f5ce5a60619fb87d34d1a69dacdb	3de822a4664138d12cd4356139e97124	36ad9ce895e7fac9206ba02129c18867
23538	15c8f5ce5a60619fb87d34d1a69dacdb	3de822a4664138d12cd4356139e97124	36ad9ce895e7fac9206ba02129c18867
23539	15c8f5ce5a60619fb87d34d1a69dacdb	3de822a4664138d12cd4356139e97124	36ad9ce895e7fac9206ba02129c18867
23540	15c8f5ce5a60619fb87d34d1a69dacdb	3de822a4664138d12cd4356139e97124	36ad9ce895e7fac9206ba02129c18867
23541	dc3a847e8841d0078816c654e3d63674	13d4f9190b09efa16fcc3dc9d6b172ef	1d8c8a23fc0ca18bde1edc7ba055f71c
23542	dc3a847e8841d0078816c654e3d63674	13d4f9190b09efa16fcc3dc9d6b172ef	1d8c8a23fc0ca18bde1edc7ba055f71c
23543	dc3a847e8841d0078816c654e3d63674	13d4f9190b09efa16fcc3dc9d6b172ef	1d8c8a23fc0ca18bde1edc7ba055f71c
23544	dc3a847e8841d0078816c654e3d63674	13d4f9190b09efa16fcc3dc9d6b172ef	1d8c8a23fc0ca18bde1edc7ba055f71c
23545	dc3a847e8841d0078816c654e3d63674	13d4f9190b09efa16fcc3dc9d6b172ef	1d8c8a23fc0ca18bde1edc7ba055f71c
23546	dc3a847e8841d0078816c654e3d63674	13d4f9190b09efa16fcc3dc9d6b172ef	1d8c8a23fc0ca18bde1edc7ba055f71c
23547	dc3a847e8841d0078816c654e3d63674	13d4f9190b09efa16fcc3dc9d6b172ef	1d8c8a23fc0ca18bde1edc7ba055f71c
23548	fb1620dedb963f27ce3667bc61236e14	2bb71de559ea64115e47a13fa47b600f	e38cbd31e198886b0780506e34df999c
23549	fb1620dedb963f27ce3667bc61236e14	2bb71de559ea64115e47a13fa47b600f	e38cbd31e198886b0780506e34df999c
23550	fb1620dedb963f27ce3667bc61236e14	2bb71de559ea64115e47a13fa47b600f	e38cbd31e198886b0780506e34df999c
23551	fb1620dedb963f27ce3667bc61236e14	2bb71de559ea64115e47a13fa47b600f	e38cbd31e198886b0780506e34df999c
23552	fb1620dedb963f27ce3667bc61236e14	2bb71de559ea64115e47a13fa47b600f	e38cbd31e198886b0780506e34df999c
23553	66035659e16f4bec85e4924c50419042	716c4fb45fa2f9980c1558ff1ef1dda9	d482a330e43e2538edd88b6cffb96f32
23554	66035659e16f4bec85e4924c50419042	716c4fb45fa2f9980c1558ff1ef1dda9	d482a330e43e2538edd88b6cffb96f32
23555	66035659e16f4bec85e4924c50419042	716c4fb45fa2f9980c1558ff1ef1dda9	d482a330e43e2538edd88b6cffb96f32
23556	66035659e16f4bec85e4924c50419042	716c4fb45fa2f9980c1558ff1ef1dda9	d482a330e43e2538edd88b6cffb96f32
23557	66035659e16f4bec85e4924c50419042	716c4fb45fa2f9980c1558ff1ef1dda9	d482a330e43e2538edd88b6cffb96f32
23558	12e370f2a1247258c52bee433a88dd6b	48660850e8ab056c6630e094402b55ac	cf2622de84ef2884308c0ae30369d63b
23559	12e370f2a1247258c52bee433a88dd6b	48660850e8ab056c6630e094402b55ac	cf2622de84ef2884308c0ae30369d63b
23560	12e370f2a1247258c52bee433a88dd6b	48660850e8ab056c6630e094402b55ac	cf2622de84ef2884308c0ae30369d63b
23561	12e370f2a1247258c52bee433a88dd6b	48660850e8ab056c6630e094402b55ac	cf2622de84ef2884308c0ae30369d63b
23562	12e370f2a1247258c52bee433a88dd6b	48660850e8ab056c6630e094402b55ac	cf2622de84ef2884308c0ae30369d63b
23563	12e370f2a1247258c52bee433a88dd6b	48660850e8ab056c6630e094402b55ac	cf2622de84ef2884308c0ae30369d63b
23564	12e370f2a1247258c52bee433a88dd6b	48660850e8ab056c6630e094402b55ac	cf2622de84ef2884308c0ae30369d63b
23565	6fe32647bf9eee988341b04e4368a514	2eb3e3d57f599fa418d925a3a1d7ab57	f15e1bcd94f082a0cde607e4165c50ec
23566	6fe32647bf9eee988341b04e4368a514	2eb3e3d57f599fa418d925a3a1d7ab57	f15e1bcd94f082a0cde607e4165c50ec
23567	6fe32647bf9eee988341b04e4368a514	2eb3e3d57f599fa418d925a3a1d7ab57	f15e1bcd94f082a0cde607e4165c50ec
23568	6fe32647bf9eee988341b04e4368a514	2eb3e3d57f599fa418d925a3a1d7ab57	f15e1bcd94f082a0cde607e4165c50ec
23569	6fe32647bf9eee988341b04e4368a514	2eb3e3d57f599fa418d925a3a1d7ab57	f15e1bcd94f082a0cde607e4165c50ec
23570	292dce7d0cada694e8434b1f67413ea1	3065a5e63501c3f844d345875340580e	0b736108b02384a09389cf0389ed6ea1
23571	292dce7d0cada694e8434b1f67413ea1	3065a5e63501c3f844d345875340580e	0b736108b02384a09389cf0389ed6ea1
23572	292dce7d0cada694e8434b1f67413ea1	3065a5e63501c3f844d345875340580e	0b736108b02384a09389cf0389ed6ea1
23573	292dce7d0cada694e8434b1f67413ea1	3065a5e63501c3f844d345875340580e	0b736108b02384a09389cf0389ed6ea1
23574	292dce7d0cada694e8434b1f67413ea1	3065a5e63501c3f844d345875340580e	0b736108b02384a09389cf0389ed6ea1
23575	292dce7d0cada694e8434b1f67413ea1	3065a5e63501c3f844d345875340580e	0b736108b02384a09389cf0389ed6ea1
23576	292dce7d0cada694e8434b1f67413ea1	3065a5e63501c3f844d345875340580e	0b736108b02384a09389cf0389ed6ea1
23577	292dce7d0cada694e8434b1f67413ea1	3065a5e63501c3f844d345875340580e	0b736108b02384a09389cf0389ed6ea1
23578	292dce7d0cada694e8434b1f67413ea1	3065a5e63501c3f844d345875340580e	0b736108b02384a09389cf0389ed6ea1
23579	292dce7d0cada694e8434b1f67413ea1	3065a5e63501c3f844d345875340580e	0b736108b02384a09389cf0389ed6ea1
23580	c59f38bcff592b29f90400c31e614de7	2e6994bca5e26f372450f806c3b32a30	5c46d60eb994d97b9316583b9c9c0e73
23581	292dce7d0cada694e8434b1f67413ea1	3065a5e63501c3f844d345875340580e	0b736108b02384a09389cf0389ed6ea1
23582	615d9c6cf74ac8e617f0ea7f4e90f8e3	1fc020a1a1a27dd6fb866b6604d4ecb4	3dfe2c3da64bedac4a879297359fc487
23583	615d9c6cf74ac8e617f0ea7f4e90f8e3	1fc020a1a1a27dd6fb866b6604d4ecb4	3dfe2c3da64bedac4a879297359fc487
23584	615d9c6cf74ac8e617f0ea7f4e90f8e3	1fc020a1a1a27dd6fb866b6604d4ecb4	3dfe2c3da64bedac4a879297359fc487
23585	615d9c6cf74ac8e617f0ea7f4e90f8e3	1fc020a1a1a27dd6fb866b6604d4ecb4	3dfe2c3da64bedac4a879297359fc487
23586	615d9c6cf74ac8e617f0ea7f4e90f8e3	1fc020a1a1a27dd6fb866b6604d4ecb4	3dfe2c3da64bedac4a879297359fc487
23587	615d9c6cf74ac8e617f0ea7f4e90f8e3	1fc020a1a1a27dd6fb866b6604d4ecb4	3dfe2c3da64bedac4a879297359fc487
23588	615d9c6cf74ac8e617f0ea7f4e90f8e3	1fc020a1a1a27dd6fb866b6604d4ecb4	3dfe2c3da64bedac4a879297359fc487
23589	5ee8123bc2d360f88be50c1de67cb358	de172bbbc9722614988b56308c87ce4b	c0a74b91c77233b2004c267ba5163e2c
23590	5ee8123bc2d360f88be50c1de67cb358	de172bbbc9722614988b56308c87ce4b	c0a74b91c77233b2004c267ba5163e2c
23591	5ee8123bc2d360f88be50c1de67cb358	de172bbbc9722614988b56308c87ce4b	c0a74b91c77233b2004c267ba5163e2c
23592	5ee8123bc2d360f88be50c1de67cb358	de172bbbc9722614988b56308c87ce4b	c0a74b91c77233b2004c267ba5163e2c
23593	5ee8123bc2d360f88be50c1de67cb358	de172bbbc9722614988b56308c87ce4b	c0a74b91c77233b2004c267ba5163e2c
23594	737f3df1f2e83b92e92e6edb66d4e6db	b8ffadea3c86eb32842adf96cc00704c	091cc3b5965f25ec45fe17e14b6b8e2f
23595	737f3df1f2e83b92e92e6edb66d4e6db	b8ffadea3c86eb32842adf96cc00704c	091cc3b5965f25ec45fe17e14b6b8e2f
23596	737f3df1f2e83b92e92e6edb66d4e6db	b8ffadea3c86eb32842adf96cc00704c	091cc3b5965f25ec45fe17e14b6b8e2f
23597	737f3df1f2e83b92e92e6edb66d4e6db	b8ffadea3c86eb32842adf96cc00704c	091cc3b5965f25ec45fe17e14b6b8e2f
23598	737f3df1f2e83b92e92e6edb66d4e6db	b8ffadea3c86eb32842adf96cc00704c	091cc3b5965f25ec45fe17e14b6b8e2f
23599	ff57d244368af3de0340371903f684ca	04cfce417a8c8dc61fb8ae700f64aff1	c0fd674ee48c7726bfa123e09d4b3f4a
23600	ff57d244368af3de0340371903f684ca	04cfce417a8c8dc61fb8ae700f64aff1	c0fd674ee48c7726bfa123e09d4b3f4a
23601	ff57d244368af3de0340371903f684ca	04cfce417a8c8dc61fb8ae700f64aff1	c0fd674ee48c7726bfa123e09d4b3f4a
23602	ff57d244368af3de0340371903f684ca	04cfce417a8c8dc61fb8ae700f64aff1	c0fd674ee48c7726bfa123e09d4b3f4a
23603	ff57d244368af3de0340371903f684ca	04cfce417a8c8dc61fb8ae700f64aff1	c0fd674ee48c7726bfa123e09d4b3f4a
23604	ff57d244368af3de0340371903f684ca	04cfce417a8c8dc61fb8ae700f64aff1	c0fd674ee48c7726bfa123e09d4b3f4a
23605	ff57d244368af3de0340371903f684ca	04cfce417a8c8dc61fb8ae700f64aff1	c0fd674ee48c7726bfa123e09d4b3f4a
23606	ff57d244368af3de0340371903f684ca	04cfce417a8c8dc61fb8ae700f64aff1	c0fd674ee48c7726bfa123e09d4b3f4a
23607	ff57d244368af3de0340371903f684ca	04cfce417a8c8dc61fb8ae700f64aff1	c0fd674ee48c7726bfa123e09d4b3f4a
23608	ff57d244368af3de0340371903f684ca	04cfce417a8c8dc61fb8ae700f64aff1	c0fd674ee48c7726bfa123e09d4b3f4a
23609	ff57d244368af3de0340371903f684ca	04cfce417a8c8dc61fb8ae700f64aff1	c0fd674ee48c7726bfa123e09d4b3f4a
23610	ff57d244368af3de0340371903f684ca	04cfce417a8c8dc61fb8ae700f64aff1	c0fd674ee48c7726bfa123e09d4b3f4a
23611	1092fcec7b41799eb1e88b79f675f598	4491ad5a5cf55876fc1e388153930f6b	5961f4b918b2e4404c4d330cca0ecf3c
23612	1092fcec7b41799eb1e88b79f675f598	4491ad5a5cf55876fc1e388153930f6b	5961f4b918b2e4404c4d330cca0ecf3c
23613	1092fcec7b41799eb1e88b79f675f598	4491ad5a5cf55876fc1e388153930f6b	5961f4b918b2e4404c4d330cca0ecf3c
23614	1092fcec7b41799eb1e88b79f675f598	4491ad5a5cf55876fc1e388153930f6b	5961f4b918b2e4404c4d330cca0ecf3c
23615	1092fcec7b41799eb1e88b79f675f598	4491ad5a5cf55876fc1e388153930f6b	5961f4b918b2e4404c4d330cca0ecf3c
23616	1092fcec7b41799eb1e88b79f675f598	4491ad5a5cf55876fc1e388153930f6b	5961f4b918b2e4404c4d330cca0ecf3c
23617	1092fcec7b41799eb1e88b79f675f598	4491ad5a5cf55876fc1e388153930f6b	5961f4b918b2e4404c4d330cca0ecf3c
23618	ddcc8d767b33cd6eba0b9f83472c845a	5a180849bdb0afa6c0d5bedd5d09e7f1	ec64da0c730299c047c80151076f5426
23619	ddcc8d767b33cd6eba0b9f83472c845a	5a180849bdb0afa6c0d5bedd5d09e7f1	ec64da0c730299c047c80151076f5426
23620	ddcc8d767b33cd6eba0b9f83472c845a	5a180849bdb0afa6c0d5bedd5d09e7f1	ec64da0c730299c047c80151076f5426
23621	ddcc8d767b33cd6eba0b9f83472c845a	5a180849bdb0afa6c0d5bedd5d09e7f1	ec64da0c730299c047c80151076f5426
23622	ddcc8d767b33cd6eba0b9f83472c845a	5a180849bdb0afa6c0d5bedd5d09e7f1	ec64da0c730299c047c80151076f5426
23623	ddcc8d767b33cd6eba0b9f83472c845a	5a180849bdb0afa6c0d5bedd5d09e7f1	ec64da0c730299c047c80151076f5426
23624	ddcc8d767b33cd6eba0b9f83472c845a	5a180849bdb0afa6c0d5bedd5d09e7f1	ec64da0c730299c047c80151076f5426
23625	ddcc8d767b33cd6eba0b9f83472c845a	5a180849bdb0afa6c0d5bedd5d09e7f1	ec64da0c730299c047c80151076f5426
23626	ddcc8d767b33cd6eba0b9f83472c845a	5a180849bdb0afa6c0d5bedd5d09e7f1	ec64da0c730299c047c80151076f5426
23627	ddcc8d767b33cd6eba0b9f83472c845a	5a180849bdb0afa6c0d5bedd5d09e7f1	ec64da0c730299c047c80151076f5426
23628	64729fc35982ac5be0db068e0db8175b	540c8d853f5fbf5d3f2fcf1d92c2fc34	e86956781cd8a8ed22e5260f5af4fa5f
23629	64729fc35982ac5be0db068e0db8175b	540c8d853f5fbf5d3f2fcf1d92c2fc34	e86956781cd8a8ed22e5260f5af4fa5f
23630	64729fc35982ac5be0db068e0db8175b	540c8d853f5fbf5d3f2fcf1d92c2fc34	e86956781cd8a8ed22e5260f5af4fa5f
23631	64729fc35982ac5be0db068e0db8175b	540c8d853f5fbf5d3f2fcf1d92c2fc34	e86956781cd8a8ed22e5260f5af4fa5f
23632	64729fc35982ac5be0db068e0db8175b	540c8d853f5fbf5d3f2fcf1d92c2fc34	e86956781cd8a8ed22e5260f5af4fa5f
23633	64729fc35982ac5be0db068e0db8175b	540c8d853f5fbf5d3f2fcf1d92c2fc34	e86956781cd8a8ed22e5260f5af4fa5f
23634	64729fc35982ac5be0db068e0db8175b	540c8d853f5fbf5d3f2fcf1d92c2fc34	e86956781cd8a8ed22e5260f5af4fa5f
23635	de78cc75ad7ab35647395ee280c03cb1	a499f682c9b312c6bbc272afca412e9e	52d484dbf9df273e16a6bd3f05edd419
23636	de78cc75ad7ab35647395ee280c03cb1	a499f682c9b312c6bbc272afca412e9e	52d484dbf9df273e16a6bd3f05edd419
23637	de78cc75ad7ab35647395ee280c03cb1	a499f682c9b312c6bbc272afca412e9e	52d484dbf9df273e16a6bd3f05edd419
23638	de78cc75ad7ab35647395ee280c03cb1	a499f682c9b312c6bbc272afca412e9e	52d484dbf9df273e16a6bd3f05edd419
23639	de78cc75ad7ab35647395ee280c03cb1	a499f682c9b312c6bbc272afca412e9e	52d484dbf9df273e16a6bd3f05edd419
23640	be6a37ea7138422b34125f82c0eda556	7b51651ac7fbaee5e715ca1aed8bde85	74d6cb3d49247c374e9286d74387a066
23641	be6a37ea7138422b34125f82c0eda556	7b51651ac7fbaee5e715ca1aed8bde85	74d6cb3d49247c374e9286d74387a066
23642	be6a37ea7138422b34125f82c0eda556	7b51651ac7fbaee5e715ca1aed8bde85	74d6cb3d49247c374e9286d74387a066
23643	be6a37ea7138422b34125f82c0eda556	7b51651ac7fbaee5e715ca1aed8bde85	74d6cb3d49247c374e9286d74387a066
23644	be6a37ea7138422b34125f82c0eda556	7b51651ac7fbaee5e715ca1aed8bde85	74d6cb3d49247c374e9286d74387a066
23645	be6a37ea7138422b34125f82c0eda556	7b51651ac7fbaee5e715ca1aed8bde85	74d6cb3d49247c374e9286d74387a066
23646	be6a37ea7138422b34125f82c0eda556	7b51651ac7fbaee5e715ca1aed8bde85	74d6cb3d49247c374e9286d74387a066
23647	be6a37ea7138422b34125f82c0eda556	7b51651ac7fbaee5e715ca1aed8bde85	74d6cb3d49247c374e9286d74387a066
23648	be6a37ea7138422b34125f82c0eda556	7b51651ac7fbaee5e715ca1aed8bde85	74d6cb3d49247c374e9286d74387a066
23649	be6a37ea7138422b34125f82c0eda556	7b51651ac7fbaee5e715ca1aed8bde85	74d6cb3d49247c374e9286d74387a066
23650	be6a37ea7138422b34125f82c0eda556	7b51651ac7fbaee5e715ca1aed8bde85	74d6cb3d49247c374e9286d74387a066
23651	be6a37ea7138422b34125f82c0eda556	7b51651ac7fbaee5e715ca1aed8bde85	74d6cb3d49247c374e9286d74387a066
23652	be6a37ea7138422b34125f82c0eda556	7b51651ac7fbaee5e715ca1aed8bde85	74d6cb3d49247c374e9286d74387a066
23653	be6a37ea7138422b34125f82c0eda556	7b51651ac7fbaee5e715ca1aed8bde85	74d6cb3d49247c374e9286d74387a066
23654	be6a37ea7138422b34125f82c0eda556	7b51651ac7fbaee5e715ca1aed8bde85	74d6cb3d49247c374e9286d74387a066
23655	be6a37ea7138422b34125f82c0eda556	7b51651ac7fbaee5e715ca1aed8bde85	74d6cb3d49247c374e9286d74387a066
23656	be6a37ea7138422b34125f82c0eda556	7b51651ac7fbaee5e715ca1aed8bde85	74d6cb3d49247c374e9286d74387a066
23657	fc73964c94f5fdf2449ec279afc18479	8d85c6bb14041232d658947ec0495d96	f0863d8f6922346c80e842fd33ccd9a5
23658	fc73964c94f5fdf2449ec279afc18479	8d85c6bb14041232d658947ec0495d96	f0863d8f6922346c80e842fd33ccd9a5
23659	fc73964c94f5fdf2449ec279afc18479	8d85c6bb14041232d658947ec0495d96	f0863d8f6922346c80e842fd33ccd9a5
# classes	legacy=523	wide=523	full=523
