# rank	legacy	wide	full
0	da4e8ba646b22203c2278bab1b1930c2	5a4798504b7cc243222be3fa5bbc8582	ea5ac0ee41d6056ba8fcf2ec21bd942a
1	102bbe33074f845882b88f1307edce3b	ba5ca75d97d086546c0a642cabeaa6a9	9ead95d6d8ee4aca41c8048323e97045
2	8596f6234729c4223ec1741408cfdae0	1b8c4ac49d6a81ae05351344d1014dc1	8f8d7bd57819be7a49812e5218bff589
3	40272e709bb694f1665d28d1e86fa6c0	0132cb2e61c5b134c70df595b6019a41	8193b6e9e09a903a73c73e024716e5ed
4	3085e3fbb32bb9a8549a147a2f877f29	06b70edaa5d7cf7a41b67d797ed2cca2	a9efed6d7d1adb82f9a97283a3e4934a
5	b3f3493dd0406f98edf4d368c25e62b8	94948daa6b91a2e3a745adc13d501bf2	54f6db18caebadccb22ec407d6912949
6	ede9e032a06c87369ed4738391092154	466494fec7c4aabb97c296dec34a1d6f	2716c00c02ff0d41f9dc902b2c8be4a2
7	4665126d823435db1dcc19c9fc0bba0e	a8e0b4523149a1c540b1d78c2ce614f5	326a18ac58a4c3d5d1bda5eae5953add
8	6fd948a082a77b4998edef840327a5ec	ee8af9d2d60df4e5d3477ee699d2d80a	d67759638842886ffd1294eed4dd9f36
9	6fd948a082a77b4998edef840327a5ec	ee8af9d2d60df4e5d3477ee699d2d80a	d67759638842886ffd1294eed4dd9f36
10	6d8394ac4f05779ae486dc46fe16068d	16c77b0d8b6c3aba439c874a051d1aeb	10e62a24ae5426cc45bc3ea24aa04da7
11	0b0525b63f95bad4a63c9ff3ad99290e	9e9124c7bd55dec1d2aad69b8abe337b	7d6cddcbdb6cc2fb8c3cf706f3eecf17
12	497af2495137729de276cc1fc51bc24f	b579adab8fd04a5111c2f1ecca79d647	e04eaf93c0584d938b0195d0dca59cd3
13	3de000e4d603e89be997e505e3cb5a6a	4127bfdcb99a64e12ffddca200370f18	98573f8a8305fe7b4f1ff85de9d3bbab
14	7de6d8f30684e79c39668c9cb8056f31	ac7c72bca9b937da041aa60997b41cff	dea0348d07d3e1f440a67d05c4813b5b
15	3de000e4d603e89be997e505e3cb5a6a	4127bfdcb99a64e12ffddca200370f18	98573f8a8305fe7b4f1ff85de9d3bbab
16	2ca824d06f562b5f7bbc6b292713d561	5c72a33f6eb2a867499a8ed347a24b24	8048a71f29edd8c39d4f73da886a02cc
17	a8f6a7ba372db522afe5edd18d45a706	810ffb9648ebfa180f08495a48614720	daa2b998a2bbf54031b17ae104af6cbd
18	a8f6a7ba372db522afe5edd18d45a706	810ffb9648ebfa180f08495a48614720	daa2b998a2bbf54031b17ae104af6cbd
19	a8f6a7ba372db522afe5edd18d45a706	810ffb9648ebfa180f08495a48614720	daa2b998a2bbf54031b17ae104af6cbd
20	7d40982479db45ab3b61db93ec2db042	a2eff3aeb6d19ef253af639b8408eaa6	8b9380b00a591738e773eee7595e96af
21	7d40982479db45ab3b61db93ec2db042	a2eff3aeb6d19ef253af639b8408eaa6	8b9380b00a591738e773eee7595e96af
22	7d40982479db45ab3b61db93ec2db042	a2eff3aeb6d19ef253af639b8408eaa6	8b9380b00a591738e773eee7595e96af
23	7d40982479db45ab3b61db93ec2db042	a2eff3aeb6d19ef253af639b8408eaa6	8b9380b00a591738e773eee7595e96af
24	8ff48149f3804d449f6052f5142ccd08	80783ae58935a2e1f498be2f6b27d51a	9bb47fe9b0352af3f5af8a193cec9708
25	8ff48149f3804d449f6052f5142ccd08	80783ae58935a2e1f498be2f6b27d51a	9bb47fe9b0352af3f5af8a193cec9708
26	8ff48149f3804d449f6052f5142ccd08	80783ae58935a2e1f498be2f6b27d51a	9bb47fe9b0352af3f5af8a193cec9708
27	ce00dea22f93736495caa5b56a1afde5	70176642705aeb30d34c69daacdfa108	bf6322336b8c8ee0aaf18562cdea2a4e
28	ce00dea22f93736495caa5b56a1afde5	70176642705aeb30d34c69daacdfa108	bf6322336b8c8ee0aaf18562cdea2a4e
29	b3c5fe0e9519f1d9c569aff167b99054	5c057c80f1ed076d9b1f1687fc5b55ca	781f5c0e29fe293b5c8412ccf5bd9e97
30	b3c5fe0e9519f1d9c569aff167b99054	5c057c80f1ed076d9b1f1687fc5b55ca	781f5c0e29fe293b5c8412ccf5bd9e97
31	b3c5fe0e9519f1d9c569aff167b99054	5c057c80f1ed076d9b1f1687fc5b55ca	781f5c0e29fe293b5c8412ccf5bd9e97
32	20178ff96d78dccd92ae84b22e245408	d7f159218f59d0e3321e12d2af3e9240	e5bc6f566f7014a17aabc1b09dccda64
33	0f97f1fc9161bec429a9e57314ff51b5	11542132bfba3595237cd8e73cdbbc80	549395238323b141e5ad3ef1697ded08
34	348fed9662cae5f503f4da5ac08bd678	9fe83f8d289b41ac8dfa22f9459cf64c	c0b83645413a1f646d8d3f677ffd2484
35	348fed9662cae5f503f4da5ac08bd678	9fe83f8d289b41ac8dfa22f9459cf64c	c0b83645413a1f646d8d3f677ffd2484
36	4c9308a2fb21c5324339f12eb238e201	ce2f58006d3cb61bdfe44d320a1bedb0	96029b10fe5da0787ffb3d46640c7fa4
37	4c9308a2fb21c5324339f12eb238e201	ce2f58006d3cb61bdfe44d320a1bedb0	96029b10fe5da0787ffb3d46640c7fa4
38	4c9308a2fb21c5324339f12eb238e201	ce2f58006d3cb61bdfe44d320a1bedb0	96029b10fe5da0787ffb3d46640c7fa4
39	b2677e8742ad460f4a61e0118726661c	e3bc19d4df0253cce40bd444d35b845c	9f9fb6be3f7df5fc128b09d37d62a55c
40	4c9308a2fb21c5324339f12eb238e201	ce2f58006d3cb61bdfe44d320a1bedb0	96029b10fe5da0787ffb3d46640c7fa4
41	1d8d28481f4d632b7ceb11ff797decd0	70208ada2ea599d546f4e092b94946f6	f32e0ec1030b98fffbe229471a298684
42	1d8d28481f4d632b7ceb11ff797decd0	70208ada2ea599d546f4e092b94946f6	f32e0ec1030b98fffbe229471a298684
43	1d8d28481f4d632b7ceb11ff797decd0	70208ada2ea599d546f4e092b94946f6	f32e0ec1030b98fffbe229471a298684
44	1d8d28481f4d632b7ceb11ff797decd0	70208ada2ea599d546f4e092b94946f6	f32e0ec1030b98fffbe229471a298684
45	1d8d28481f4d632b7ceb11ff797decd0	70208ada2ea599d546f4e092b94946f6	f32e0ec1030b98fffbe229471a298684
46	1d8d28481f4d632b7ceb11ff797decd0	70208ada2ea599d546f4e092b94946f6	f32e0ec1030b98fffbe229471a298684
47	1d8d28481f4d632b7ceb11ff797decd0	70208ada2ea599d546f4e092b94946f6	f32e0ec1030b98fffbe229471a298684
48	1d8d28481f4d632b7ceb11ff797decd0	70208ada2ea599d546f4e092b94946f6	f32e0ec1030b98fffbe229471a298684
49	1d8d28481f4d632b7ceb11ff797decd0	70208ada2ea599d546f4e092b94946f6	f32e0ec1030b98fffbe229471a298684
50	1d8d28481f4d632b7ceb11ff797decd0	70208ada2ea599d546f4e092b94946f6	f32e0ec1030b98fffbe229471a298684
51	1d8d28481f4d632b7ceb11ff797decd0	70208ada2ea599d546f4e092b94946f6	f32e0ec1030b98fffbe229471a298684
52	1d8d28481f4d632b7ceb11ff797decd0	70208ada2ea599d546f4e092b94946f6	f32e0ec1030b98fffbe229471a298684
53	81619756448efbc14033193d76863a5b	bde611e399d104cec4342b1d0a602e7e	095c35d2378e5920671795f291bb14b5
54	81619756448efbc14033193d76863a5b	bde611e399d104cec4342b1d0a602e7e	095c35d2378e5920671795f291bb14b5
55	81619756448efbc14033193d76863a5b	bde611e399d104cec4342b1d0a602e7e	095c35d2378e5920671795f291bb14b5
56	81619756448efbc14033193d76863a5b	bde611e399d104cec4342b1d0a602e7e	095c35d2378e5920671795f291bb14b5
57	81619756448efbc14033193d76863a5b	bde611e399d104cec4342b1d0a602e7e	095c35d2378e5920671795f291bb14b5
58	00046bf697c3afe4887c3607324461d7	48c0549cf0d1ab8f8052474ba5317ead	23400b1abdb81e2e414bf40cd7db07e0
59	00046bf697c3afe4887c3607324461d7	48c0549cf0d1ab8f8052474ba5317ead	23400b1abdb81e2e414bf40cd7db07e0
60	00046bf697c3afe4887c3607324461d7	48c0549cf0d1ab8f8052474ba5317ead	23400b1abdb81e2e414bf40cd7db07e0
61	00046bf697c3afe4887c3607324461d7	48c0549cf0d1ab8f8052474ba5317ead	23400b1abdb81e2e414bf40cd7db07e0
62	00046bf697c3afe4887c3607324461d7	48c0549cf0d1ab8f8052474ba5317ead	23400b1abdb81e2e414bf40cd7db07e0
63	00046bf697c3afe4887c3607324461d7	48c0549cf0d1ab8f8052474ba5317ead	23400b1abdb81e2e414bf40cd7db07e0
64	00046bf697c3afe4887c3607324461d7	48c0549cf0d1ab8f8052474ba5317ead	23400b1abdb81e2e414bf40cd7db07e0
65	00046bf697c3afe4887c3607324461d7	48c0549cf0d1ab8f8052474ba5317ead	23400b1abdb81e2e414bf40cd7db07e0
66	00046bf697c3afe4887c3607324461d7	48c0549cf0d1ab8f8052474ba5317ead	23400b1abdb81e2e414bf40cd7db07e0
67	00046bf697c3afe4887c3607324461d7	48c0549cf0d1ab8f8052474ba5317ead	23400b1abdb81e2e414bf40cd7db07e0
68	00046bf697c3afe4887c3607324461d7	48c0549cf0d1ab8f8052474ba5317ead	23400b1abdb81e2e414bf40cd7db07e0
69	00046bf697c3afe4887c3607324461d7	48c0549cf0d1ab8f8052474ba5317ead	23400b1abdb81e2e414bf40cd7db07e0
70	e9d0442399a2e1504b8371e43e8036db	92a2c7e3986966c14c9248f20869c89a	ae2c7f0ed63fade21e9b62186a889b8d
71	e9d0442399a2e1504b8371e43e8036db	92a2c7e3986966c14c9248f20869c89a	ae2c7f0ed63fade21e9b62186a889b8d
72	e9d0442399a2e1504b8371e43e8036db	92a2c7e3986966c14c9248f20869c89a	ae2c7f0ed63fade21e9b62186a889b8d
73	e9d0442399a2e1504b8371e43e8036db	92a2c7e3986966c14c9248f20869c89a	ae2c7f0ed63fade21e9b62186a889b8d
74	e9d0442399a2e1504b8371e43e8036db	92a2c7e3986966c14c9248f20869c89a	ae2c7f0ed63fade21e9b62186a889b8d
75	e9d0442399a2e1504b8371e43e8036db	92a2c7e3986966c14c9248f20869c89a	ae2c7f0ed63fade21e9b62186a889b8d
76	e9d0442399a2e1504b8371e43e8036db	92a2c7e3986966c14c9248f20869c89a	ae2c7f0ed63fade21e9b62186a889b8d
77	9d9f671d690d9208f7c6cd1a0cfeaf01	e478dcc4e15b7b519010d4fb93b605c3	788460dfaeaf2d34c6002dcd5d7db43f
78	9d9f671d690d9208f7c6cd1a0cfeaf01	e478dcc4e15b7b519010d4fb93b605c3	788460dfaeaf2d34c6002dcd5d7db43f
79	9d9f671d690d9208f7c6cd1a0cfeaf01	e478dcc4e15b7b519010d4fb93b605c3	788460dfaeaf2d34c6002dcd5d7db43f
80	f77bb58b7875c6c875affa2f228723af	ceb1e64518ba98485feb6c6bb64396e8	66fcde90c2138c4c665635368f66a4bf
81	00bc8ab98ce215fd00a3fe8c2dfccb74	811d74324b48165ad544c5f5bd683fa7	a09299feab5ed795d07a6d56de5c22be
82	9d9f671d690d9208f7c6cd1a0cfeaf01	e478dcc4e15b7b519010d4fb93b605c3	788460dfaeaf2d34c6002dcd5d7db43f
83	9d9f671d690d9208f7c6cd1a0cfeaf01	e478dcc4e15b7b519010d4fb93b605c3	788460dfaeaf2d34c6002dcd5d7db43f
84	9d9f671d690d9208f7c6cd1a0cfeaf01	e478dcc4e15b7b519010d4fb93b605c3	788460dfaeaf2d34c6002dcd5d7db43f
85	88bb243ba88a9e56270b0c067cba2d88	960dfbc3c2f534621baf120c0e995c25	8a9e90026815aed8e944cb941ef8b8b3
86	56cbfb7499a63f61adff979d6f35c38a	14aed45a663e674b80084159fd429358	10cf55f226b414e5ae33acaa27350d3d
87	a5d20776afcdf3b2a16c0a67347bd361	480a6de810d67fbf0bd72203bd2df15a	44441df7d9448831ff56a4e8321e6238
88	a5d20776afcdf3b2a16c0a67347bd361	480a6de810d67fbf0bd72203bd2df15a	44441df7d9448831ff56a4e8321e6238
89	a5d20776afcdf3b2a16c0a67347bd361	480a6de810d67fbf0bd72203bd2df15a	44441df7d9448831ff56a4e8321e6238
90	a5d20776afcdf3b2a16c0a67347bd361	480a6de810d67fbf0bd72203bd2df15a	44441df7d9448831ff56a4e8321e6238
91	a5d20776afcdf3b2a16c0a67347bd361	480a6de810d67fbf0bd72203bd2df15a	44441df7d9448831ff56a4e8321e6238
92	a5d20776afcdf3b2a16c0a67347bd361	480a6de810d67fbf0bd72203bd2df15a	44441df7d9448831ff56a4e8321e6238
93	a5d20776afcdf3b2a16c0a67347bd361	480a6de810d67fbf0bd72203bd2df15a	44441df7d9448831ff56a4e8321e6238
94	7f6a8564c04d0b03f4bac8802d318025	5e38fd8b5ea9ebf0793841d12fcfd8aa	db251dd26c8ebc3eb4ed949a163e5f8a
95	181c5a9a8f5f6544dc835a8389678d9c	60fbdd07104dba249018d077bf8f14ce	1620c8a3c39629bc38f8242b31622cca
96	9e02b6d382499d1f61f86073cfb61ec5	3202719fe99be65631d433b3ecd1d43c	003ce7265b12ed0a7613810204ea5608
97	17781d3e8e3d9e99a405aa6b5693cf9d	e1b8e68a3040ff3763fa710745b93658	6d9ce286564f29b7769c4228c055370c
98	6df4604be19d00fd7b9c562702ddbabb	b51470510bf5ec1bf92799ba7a14907b	dc8c6a5bb4af809331d9044b02ba5e1f
99	1544cf60c88eb9a52625ad38c999c076	cb98ac7604bc9a442947650e9fddb953	48fc0f6789e732df7f9072a0b6446649
100	1544cf60c88eb9a52625ad38c999c076	cb98ac7604bc9a442947650e9fddb953	48fc0f6789e732df7f9072a0b6446649
101	1544cf60c88eb9a52625ad38c999c076	cb98ac7604bc9a442947650e9fddb953	48fc0f6789e732df7f9072a0b6446649
102	1544cf60c88eb9a52625ad38c999c076	cb98ac7604bc9a442947650e9fddb953	48fc0f6789e732df7f9072a0b6446649
103	1544cf60c88eb9a52625ad38c999c076	cb98ac7604bc9a442947650e9fddb953	48fc0f6789e732df7f9072a0b6446649
104	1544cf60c88eb9a52625ad38c999c076	cb98ac7604bc9a442947650e9fddb953	48fc0f6789e732df7f9072a0b6446649
105	1544cf60c88eb9a52625ad38c999c076	cb98ac7604bc9a442947650e9fddb953	48fc0f6789e732df7f9072a0b6446649
106	1544cf60c88eb9a52625ad38c999c076	cb98ac7604bc9a442947650e9fddb953	48fc0f6789e732df7f9072a0b6446649
107	1544cf60c88eb9a52625ad38c999c076	cb98ac7604bc9a442947650e9fddb953	48fc0f6789e732df7f9072a0b6446649
108	1544cf60c88eb9a52625ad38c999c076	cb98ac7604bc9a442947650e9fddb953	48fc0f6789e732df7f9072a0b6446649
109	1544cf60c88eb9a52625ad38c999c076	cb98ac7604bc9a442947650e9fddb953	48fc0f6789e732df7f9072a0b6446649
110	1544cf60c88eb9a52625ad38c999c076	cb98ac7604bc9a442947650e9fddb953	48fc0f6789e732df7f9072a0b6446649
111	1544cf60c88eb9a52625ad38c999c076	cb98ac7604bc9a442947650e9fddb953	48fc0f6789e732df7f9072a0b6446649
112	1544cf60c88eb9a52625ad38c999c076	cb98ac7604bc9a442947650e9fddb953	48fc0f6789e732df7f9072a0b6446649
113	1544cf60c88eb9a52625ad38c999c076	cb98ac7604bc9a442947650e9fddb953	48fc0f6789e732df7f9072a0b6446649
114	1544cf60c88eb9a52625ad38c999c076	cb98ac7604bc9a442947650e9fddb953	48fc0f6789e732df7f9072a0b6446649
115	1544cf60c88eb9a52625ad38c999c076	cb98ac7604bc9a442947650e9fddb953	48fc0f6789e732df7f9072a0b6446649
116	ff0c6bbfce5c15f593c2a38f07b141bb	656c3c385a8e4fed120264e277a8a762	b235bced8606d1445727c2a1bdfebfbc
117	ff0c6bbfce5c15f593c2a38f07b141bb	656c3c385a8e4fed120264e277a8a762	b235bced8606d1445727c2a1bdfebfbc
118	ff0c6bbfce5c15f593c2a38f07b141bb	656c3c385a8e4fed120264e277a8a762	b235bced8606d1445727c2a1bdfebfbc
119	ff0c6bbfce5c15f593c2a38f07b141bb	656c3c385a8e4fed120264e277a8a762	b235bced8606d1445727c2a1bdfebfbc
120	ff0c6bbfce5c15f593c2a38f07b141bb	656c3c385a8e4fed120264e277a8a762	b235bced8606d1445727c2a1bdfebfbc
121	ff0c6bbfce5c15f593c2a38f07b141bb	656c3c385a8e4fed120264e277a8a762	b235bced8606d1445727c2a1bdfebfbc
122	ff0c6bbfce5c15f593c2a38f07b141bb	656c3c385a8e4fed120264e277a8a762	b235bced8606d1445727c2a1bdfebfbc
123	d07663c95e2053dfb342d88a5cc2f84f	9fa679d1ac5aaddb2b0c33013dfa0804	b62656d0d031f6b4fa2cccea4a301b73
124	d07663c95e2053dfb342d88a5cc2f84f	9fa679d1ac5aaddb2b0c33013dfa0804	b62656d0d031f6b4fa2cccea4a301b73
125	d07663c95e2053dfb342d88a5cc2f84f	9fa679d1ac5aaddb2b0c33013dfa0804	b62656d0d031f6b4fa2cccea4a301b73
126	d07663c95e2053dfb342d88a5cc2f84f	9fa679d1ac5aaddb2b0c33013dfa0804	b62656d0d031f6b4fa2cccea4a301b73
127	d07663c95e2053dfb342d88a5cc2f84f	9fa679d1ac5aaddb2b0c33013dfa0804	b62656d0d031f6b4fa2cccea4a301b73
128	b0ce767c0845dab1ae5d271b102efdc1	b93cdf7247978981cb966418f4cad60e	8e59863e30a4fe5fdc681c3c1d14b793
129	b0ce767c0845dab1ae5d271b102efdc1	b93cdf7247978981cb966418f4cad60e	8e59863e30a4fe5fdc681c3c1d14b793
130	b0ce767c0845dab1ae5d271b102efdc1	b93cdf7247978981cb966418f4cad60e	8e59863e30a4fe5fdc681c3c1d14b793
131	b0ce767c0845dab1ae5d271b102efdc1	b93cdf7247978981cb966418f4cad60e	8e59863e30a4fe5fdc681c3c1d14b793
132	b0ce767c0845dab1ae5d271b102efdc1	b93cdf7247978981cb966418f4cad60e	8e59863e30a4fe5fdc681c3c1d14b793
133	b0ce767c0845dab1ae5d271b102efdc1	b93cdf7247978981cb966418f4cad60e	8e59863e30a4fe5fdc681c3c1d14b793
134	b0ce767c0845dab1ae5d271b102efdc1	b93cdf7247978981cb966418f4cad60e	8e59863e30a4fe5fdc681c3c1d14b793
135	c4f5ac9ae4378a83198d2c47bfa3749e	0ddadf3eb57e26674a2e7cc590606225	ed7242b93a28ea834e81f3ed9b7918d0
136	c4f5ac9ae4378a83198d2c47bfa3749e	0ddadf3eb57e26674a2e7cc590606225	ed7242b93a28ea834e81f3ed9b7918d0
137	c4f5ac9ae4378a83198d2c47bfa3749e	0ddadf3eb57e26674a2e7cc590606225	ed7242b93a28ea834e81f3ed9b7918d0
138	c4f5ac9ae4378a83198d2c47bfa3749e	0ddadf3eb57e26674a2e7cc590606225	ed7242b93a28ea834e81f3ed9b7918d0
139	c4f5ac9ae4378a83198d2c47bfa3749e	0ddadf3eb57e26674a2e7cc590606225	ed7242b93a28ea834e81f3ed9b7918d0
140	a6a09400518715e58fbf9f816cf96a27	92b702624e8f3e4f73382f70496c11d8	27b9de8f0342111e0c0fd03f1735eb3b
141	a6a09400518715e58fbf9f816cf96a27	92b702624e8f3e4f73382f70496c11d8	27b9de8f0342111e0c0fd03f1735eb3b
142	a6a09400518715e58fbf9f816cf96a27	92b702624e8f3e4f73382f70496c11d8	27b9de8f0342111e0c0fd03f1735eb3b
143	a6a09400518715e58fbf9f816cf96a27	92b702624e8f3e4f73382f70496c11d8	27b9de8f0342111e0c0fd03f1735eb3b
144	a6a09400518715e58fbf9f816cf96a27	92b702624e8f3e4f73382f70496c11d8	27b9de8f0342111e0c0fd03f1735eb3b
145	a6a09400518715e58fbf9f816cf96a27	92b702624e8f3e4f73382f70496c11d8	27b9de8f0342111e0c0fd03f1735eb3b
146	a6a09400518715e58fbf9f816cf96a27	92b702624e8f3e4f73382f70496c11d8	27b9de8f0342111e0c0fd03f1735eb3b
147	bb41ca2feed55ffaca41bfd5daebde22	571b9785cd1c74494593efdedace8144	650a54f4aa89b9cc5759b3f33b9dc30a
148	bb41ca2feed55ffaca41bfd5daebde22	571b9785cd1c74494593efdedace8144	650a54f4aa89b9cc5759b3f33b9dc30a
149	bb41ca2feed55ffaca41bfd5daebde22	571b9785cd1c74494593efdedace8144	650a54f4aa89b9cc5759b3f33b9dc30a
150	bb41ca2feed55ffaca41bfd5daebde22	571b9785cd1c74494593efdedace8144	650a54f4aa89b9cc5759b3f33b9dc30a
151	bb41ca2feed55ffaca41bfd5daebde22	571b9785cd1c74494593efdedace8144	650a54f4aa89b9cc5759b3f33b9dc30a
152	38c4312fe99e3cffa5bf318045c8ac32	f7604d6b2817be05a1ae07d0e417d0b6	284fdcb7d9a434f1b7d75a92aaaf2c99
153	38c4312fe99e3cffa5bf318045c8ac32	f7604d6b2817be05a1ae07d0e417d0b6	284fdcb7d9a434f1b7d75a92aaaf2c99
154	38c4312fe99e3cffa5bf318045c8ac32	f7604d6b2817be05a1ae07d0e417d0b6	284fdcb7d9a434f1b7d75a92aaaf2c99
155	38c4312fe99e3cffa5bf318045c8ac32	783a860fc37a4052c5337ea0ece3e76c	e955b460a5df09d3148375d86095d5a2
156	38c4312fe99e3cffa5bf318045c8ac32	639b165c240faf3952a9a56422c2873a	ca1191b509721e1c638ab31b2bf40bf8
157	b5f37af8e4fe7c6ed46d986778fe50a8	699def0c97a902bbc30763e2f987ede5	2eb2e0bdd049fdd98dd817e20787088a
158	b5f37af8e4fe7c6ed46d986778fe50a8	699def0c97a902bbc30763e2f987ede5	2eb2e0bdd049fdd98dd817e20787088a
159	b5f37af8e4fe7c6ed46d986778fe50a8	699def0c97a902bbc30763e2f987ede5	2eb2e0bdd049fdd98dd817e20787088a
160	8f65bf908b6501d765a780d96335f014	425d7cc2ebd4e95b67c8262b62f3763c	e8b4f6f2245ef3ef0490ecea09ae1978
161	8f65bf908b6501d765a780d96335f014	425d7cc2ebd4e95b67c8262b62f3763c	e8b4f6f2245ef3ef0490ecea09ae1978
162	9baba4e5de51aa385049fb8c6fde8736	4b2b6ca319d7314d3783f942596da4aa	c3b293a785b664159b35153384fb3402
163	9baba4e5de51aa385049fb8c6fde8736	4b2b6ca319d7314d3783f942596da4aa	c3b293a785b664159b35153384fb3402
164	1ac1b5e76daaa86eeb5a925932fc78b0	ae10c18767fc1960b7f702b98a59b03e	6572bd187573e22780b52548d19edd7e
165	1ac1b5e76daaa86eeb5a925932fc78b0	ae10c18767fc1960b7f702b98a59b03e	6572bd187573e22780b52548d19edd7e
166	1ac1b5e76daaa86eeb5a925932fc78b0	ae10c18767fc1960b7f702b98a59b03e	6572bd187573e22780b52548d19edd7e
167	1ac1b5e76daaa86eeb5a925932fc78b0	ae10c18767fc1960b7f702b98a59b03e	6572bd187573e22780b52548d19edd7e
168	1ac1b5e76daaa86eeb5a925932fc78b0	ae10c18767fc1960b7f702b98a59b03e	6572bd187573e22780b52548d19edd7e
169	01d4257b7eeaf368d447ea734442ca98	7acc2cfa8825b2e5db6005e695482895	ff64e5bedf05a492b82b2b4997378f69
170	01d4257b7eeaf368d447ea734442ca98	7acc2cfa8825b2e5db6005e695482895	ff64e5bedf05a492b82b2b4997378f69
171	01d4257b7eeaf368d447ea734442ca98	7acc2cfa8825b2e5db6005e695482895	ff64e5bedf05a492b82b2b4997378f69
172	01d4257b7eeaf368d447ea734442ca98	7acc2cfa8825b2e5db6005e695482895	ff64e5bedf05a492b82b2b4997378f69
173	01d4257b7eeaf368d447ea734442ca98	7acc2cfa8825b2e5db6005e695482895	ff64e5bedf05a492b82b2b4997378f69
174	01d4257b7eeaf368d447ea734442ca98	7acc2cfa8825b2e5db6005e695482895	ff64e5bedf05a492b82b2b4997378f69
175	01d4257b7eeaf368d447ea734442ca98	7acc2cfa8825b2e5db6005e695482895	ff64e5bedf05a492b82b2b4997378f69
176	84805e867a1de3bf13c534821f6c8889	06f42b52bcec2575e91c41614ff3b62f	e210a97e0c1acf32fc7327c91eab6dd8
177	84805e867a1de3bf13c534821f6c8889	06f42b52bcec2575e91c41614ff3b62f	e210a97e0c1acf32fc7327c91eab6dd8
178	84805e867a1de3bf13c534821f6c8889	06f42b52bcec2575e91c41614ff3b62f	e210a97e0c1acf32fc7327c91eab6dd8
179	84805e867a1de3bf13c534821f6c8889	06f42b52bcec2575e91c41614ff3b62f	e210a97e0c1acf32fc7327c91eab6dd8
180	84805e867a1de3bf13c534821f6c8889	06f42b52bcec2575e91c41614ff3b62f	e210a97e0c1acf32fc7327c91eab6dd8
181	84805e867a1de3bf13c534821f6c8889	06f42b52bcec2575e91c41614ff3b62f	e210a97e0c1acf32fc7327c91eab6dd8
182	84805e867a1de3bf13c534821f6c8889	06f42b52bcec2575e91c41614ff3b62f	e210a97e0c1acf32fc7327c91eab6dd8
183	84805e867a1de3bf13c534821f6c8889	06f42b52bcec2575e91c41614ff3b62f	e210a97e0c1acf32fc7327c91eab6dd8
184	84805e867a1de3bf13c534821f6c8889	06f42b52bcec2575e91c41614ff3b62f	e210a97e0c1acf32fc7327c91eab6dd8
185	84805e867a1de3bf13c534821f6c8889	06f42b52bcec2575e91c41614ff3b62f	e210a97e0c1acf32fc7327c91eab6dd8
186	89a2bc246eb7ea11c3840434e7ff6752	d8a311cdfc2488d157de4c5fff4b920a	882de5499b207d319918e1db5780dc65
187	89a2bc246eb7ea11c3840434e7ff6752	d8a311cdfc2488d157de4c5fff4b920a	882de5499b207d319918e1db5780dc65
188	89a2bc246eb7ea11c3840434e7ff6752	d8a311cdfc2488d157de4c5fff4b920a	882de5499b207d319918e1db5780dc65
189	89a2bc246eb7ea11c3840434e7ff6752	d8a311cdfc2488d157de4c5fff4b920a	882de5499b207d319918e1db5780dc65
190	89a2bc246eb7ea11c3840434e7ff6752	d8a311cdfc2488d157de4c5fff4b920a	882de5499b207d319918e1db5780dc65
191	89a2bc246eb7ea11c3840434e7ff6752	d8a311cdfc2488d157de4c5fff4b920a	882de5499b207d319918e1db5780dc65
192	89a2bc246eb7ea11c3840434e7ff6752	d8a311cdfc2488d157de4c5fff4b920a	882de5499b207d319918e1db5780dc65
193	71313b527f57a5a97b4ba0b94cfda151	3a2a18d3fdc2e819203975005ca7fd88	d540d9f71f7bc00b1f1182ad6edfd446
194	71313b527f57a5a97b4ba0b94cfda151	3a2a18d3fdc2e819203975005ca7fd88	d540d9f71f7bc00b1f1182ad6edfd446
195	71313b527f57a5a97b4ba0b94cfda151	3a2a18d3fdc2e819203975005ca7fd88	d540d9f71f7bc00b1f1182ad6edfd446
196	c9956b21b332bd19bf64444d776e187a	fbdd5bb4734c495bacfba9bf1d6d4de7	c3b8ef567f778cf7759e5dea2b120e23
197	518f546751813b9655bf935b3a687879	ed3b4e798787ffa135232d8cdcb6de12	63d06dc053ca47594ad75fc3caba7c3f
198	1e00f9872cf253529eeb59b395f50b63	baa9517ecd9df6c0f5316ceb61002b29	de660c1369e9badcec6116b1d9ed6bc9
199	1e00f9872cf253529eeb59b395f50b63	baa9517ecd9df6c0f5316ceb61002b29	de660c1369e9badcec6116b1d9ed6bc9
200	1e00f9872cf253529eeb59b395f50b63	baa9517ecd9df6c0f5316ceb61002b29	de660c1369e9badcec6116b1d9ed6bc9
201	1e00f9872cf253529eeb59b395f50b63	baa9517ecd9df6c0f5316ceb61002b29	de660c1369e9badcec6116b1d9ed6bc9
202	2babcf8f33052b076d3c8e5e8c162916	cc7f86673804b210e653b1b90c9b8249	cf9a1374a006bf4163c8b1709094b9cc
203	1e00f9872cf253529eeb59b395f50b63	baa9517ecd9df6c0f5316ceb61002b29	de660c1369e9badcec6116b1d9ed6bc9
204	1e00f9872cf253529eeb59b395f50b63	baa9517ecd9df6c0f5316ceb61002b29	de660c1369e9badcec6116b1d9ed6bc9
205	472f5d3f89657840a9f962b55f9f28f1	0e7461837b3b61f979c4d7947c3241bf	0a898acacf0e4de35023f301fb13f3f1
206	e519516af7a9b174058596ad1e370b3d	7fc908efcdccf6700e73244410f87aa0	d995154db1123cf42da6fb14076cf6b0
207	472f5d3f89657840a9f962b55f9f28f1	0e7461837b3b61f979c4d7947c3241bf	0a898acacf0e4de35023f301fb13f3f1
208	472f5d3f89657840a9f962b55f9f28f1	0e7461837b3b61f979c4d7947c3241bf	0a898acacf0e4de35023f301fb13f3f1
209	472f5d3f89657840a9f962b55f9f28f1	0e7461837b3b61f979c4d7947c3241bf	0a898acacf0e4de35023f301fb13f3f1
210	d45f4b34cad9031f7f64659ca5b87d08	7545c143ea479ac9a13173f633efa2d1	0b31fb784c1bf2dde28d781efd4cb795
211	d45f4b34cad9031f7f64659ca5b87d08	7545c143ea479ac9a13173f633efa2d1	0b31fb784c1bf2dde28d781efd4cb795
212	d45f4b34cad9031f7f64659ca5b87d08	7545c143ea479ac9a13173f633efa2d1	0b31fb784c1bf2dde28d781efd4cb795
213	d45f4b34cad9031f7f64659ca5b87d08	7545c143ea479ac9a13173f633efa2d1	0b31fb784c1bf2dde28d781efd4cb795
214	d45f4b34cad9031f7f64659ca5b87d08	7545c143ea479ac9a13173f633efa2d1	0b31fb784c1bf2dde28d781efd4cb795
215	d45f4b34cad9031f7f64659ca5b87d08	7545c143ea479ac9a13173f633efa2d1	0b31fb784c1bf2dde28d781efd4cb795
216	d45f4b34cad9031f7f64659ca5b87d08	7545c143ea479ac9a13173f633efa2d1	0b31fb784c1bf2dde28d781efd4cb795
217	d45f4b34cad9031f7f64659ca5b87d08	7545c143ea479ac9a13173f633efa2d1	0b31fb784c1bf2dde28d781efd4cb795
218	d45f4b34cad9031f7f64659ca5b87d08	7545c143ea479ac9a13173f633efa2d1	0b31fb784c1bf2dde28d781efd4cb795
219	d45f4b34cad9031f7f64659ca5b87d08	7545c143ea479ac9a13173f633efa2d1	0b31fb784c1bf2dde28d781efd4cb795
220	d45f4b34cad9031f7f64659ca5b87d08	7545c143ea479ac9a13173f633efa2d1	0b31fb784c1bf2dde28d781efd4cb795
221	d45f4b34cad9031f7f64659ca5b87d08	7545c143ea479ac9a13173f633efa2d1	0b31fb784c1bf2dde28d781efd4cb795
222	d45f4b34cad9031f7f64659ca5b87d08	7545c143ea479ac9a13173f633efa2d1	0b31fb784c1bf2dde28d781efd4cb795
223	d45f4b34cad9031f7f64659ca5b87d08	7545c143ea479ac9a13173f633efa2d1	0b31fb784c1bf2dde28d781efd4cb795
224	d45f4b34cad9031f7f64659ca5b87d08	7545c143ea479ac9a13173f633efa2d1	0b31fb784c1bf2dde28d781efd4cb795
225	d45f4b34cad9031f7f64659ca5b87d08	7545c143ea479ac9a13173f633efa2d1	0b31fb784c1bf2dde28d781efd4cb795
226	d45f4b34cad9031f7f64659ca5b87d08	7545c143ea479ac9a13173f633efa2d1	0b31fb784c1bf2dde28d781efd4cb795
227	88d7857aa5067a05bd0eb2ab196b1506	fddd39163648d521aa085c0380405537	d3dae2939b7150355990920429a6b15e
228	88d7857aa5067a05bd0eb2ab196b1506	fddd39163648d521aa085c0380405537	d3dae2939b7150355990920429a6b15e
229	88d7857aa5067a05bd0eb2ab196b1506	fddd39163648d521aa085c0380405537	d3dae2939b7150355990920429a6b15e
230	88d7857aa5067a05bd0eb2ab196b1506	fddd39163648d521aa085c0380405537	d3dae2939b7150355990920429a6b15e
231	88d7857aa5067a05bd0eb2ab196b1506	fddd39163648d521aa085c0380405537	d3dae2939b7150355990920429a6b15e
232	88d7857aa5067a05bd0eb2ab196b1506	fddd39163648d521aa085c0380405537	d3dae2939b7150355990920429a6b15e
233	88d7857aa5067a05bd0eb2ab196b1506	fddd39163648d521aa085c0380405537	d3dae2939b7150355990920429a6b15e
234	b320a404f56f82d317142c9ccf6a7ef3	1a3b43552b621a7335da20e385599911	c649523964b975dd87a5b96b6f614c8d
235	b320a404f56f82d317142c9ccf6a7ef3	1a3b43552b621a7335da20e385599911	c649523964b975dd87a5b96b6f614c8d
236	b320a404f56f82d317142c9ccf6a7ef3	1a3b43552b621a7335da20e385599911	c649523964b975dd87a5b96b6f614c8d
237	b320a404f56f82d317142c9ccf6a7ef3	1a3b43552b621a7335da20e385599911	c649523964b975dd87a5b96b6f614c8d
238	b320a404f56f82d317142c9ccf6a7ef3	1a3b43552b621a7335da20e385599911	c649523964b975dd87a5b96b6f614c8d
239	11966053a0d3f68b3e9564b24e19948b	c3422edf9c0c2a4ecbf2266e4156607e	09a5f7d7a57eb344cb8374d453bb4db3
240	11966053a0d3f68b3e9564b24e19948b	c3422edf9c0c2a4ecbf2266e4156607e	09a5f7d7a57eb344cb8374d453bb4db3
241	11966053a0d3f68b3e9564b24e19948b	c3422edf9c0c2a4ecbf2266e4156607e	09a5f7d7a57eb344cb8374d453bb4db3
242	853709a96c4adeda29abd89c0b7e83b5	267ef83303a314bdd33f04e06bd14bb2	0ebee87069290e344495652c8f77174f
243	853709a96c4adeda29abd89c0b7e83b5	267ef83303a314bdd33f04e06bd14bb2	0ebee87069290e344495652c8f77174f
244	853709a96c4adeda29abd89c0b7e83b5	267ef83303a314bdd33f04e06bd14bb2	0ebee87069290e344495652c8f77174f
245	853709a96c4adeda29abd89c0b7e83b5	267ef83303a314bdd33f04e06bd14bb2	0ebee87069290e344495652c8f77174f
246	71df1157971b5812a1d844a6d3dd77ef	3ce0aa55d38c988a8f68f89f4ca61ed6	7672e29d2112fc4a42064d55a2c6c284
247	71df1157971b5812a1d844a6d3dd77ef	3ce0aa55d38c988a8f68f89f4ca61ed6	7672e29d2112fc4a42064d55a2c6c284
248	71df1157971b5812a1d844a6d3dd77ef	3ce0aa55d38c988a8f68f89f4ca61ed6	7672e29d2112fc4a42064d55a2c6c284
249	71df1157971b5812a1d844a6d3dd77ef	3ce0aa55d38c988a8f68f89f4ca61ed6	7672e29d2112fc4a42064d55a2c6c284
250	71df1157971b5812a1d844a6d3dd77ef	3ce0aa55d38c988a8f68f89f4ca61ed6	7672e29d2112fc4a42064d55a2c6c284
251	5ed5c68eb9e330a2a96aa40be1a7c25c	dd822f35c98974891207913b8b9492a6	0f302af9fb10fe3ed2d7538e52d81eb1
252	5ed5c68eb9e330a2a96aa40be1a7c25c	dd822f35c98974891207913b8b9492a6	0f302af9fb10fe3ed2d7538e52d81eb1
253	5ed5c68eb9e330a2a96aa40be1a7c25c	dd822f35c98974891207913b8b9492a6	0f302af9fb10fe3ed2d7538e52d81eb1
254	5ed5c68eb9e330a2a96aa40be1a7c25c	dd822f35c98974891207913b8b9492a6	0f302af9fb10fe3ed2d7538e52d81eb1
255	4cb6d8e8d5d09ecc891a945a8e9779ab	b30334e0e3cf42975870cd8ffc936015	09cbcde46b3cc5c089240c67e30f0c9a
256	73164de684d8c9bc479c1422b61c7979	e15412776a25fb1f12a058c449044781	013ce2320fa8e2b3fe1ae4742d688b5d
257	73164de684d8c9bc479c1422b61c7979	e15412776a25fb1f12a058c449044781	013ce2320fa8e2b3fe1ae4742d688b5d
258	73164de684d8c9bc479c1422b61c7979	e15412776a25fb1f12a058c449044781	013ce2320fa8e2b3fe1ae4742d688b5d
259	73164de684d8c9bc479c1422b61c7979	e15412776a25fb1f12a058c449044781	013ce2320fa8e2b3fe1ae4742d688b5d
260	73164de684d8c9bc479c1422b61c7979	e15412776a25fb1f12a058c449044781	013ce2320fa8e2b3fe1ae4742d688b5d
261	73164de684d8c9bc479c1422b61c7979	e15412776a25fb1f12a058c449044781	013ce2320fa8e2b3fe1ae4742d688b5d
262	73164de684d8c9bc479c1422b61c7979	e15412776a25fb1f12a058c449044781	013ce2320fa8e2b3fe1ae4742d688b5d
263	176c79796fd79d35d424169cfe8f22eb	c2283eab95f831581901aa32de19dc74	0b00560496a2cf37abd7888d5f096885
264	176c79796fd79d35d424169cfe8f22eb	c2283eab95f831581901aa32de19dc74	0b00560496a2cf37abd7888d5f096885
265	176c79796fd79d35d424169cfe8f22eb	c2283eab95f831581901aa32de19dc74	0b00560496a2cf37abd7888d5f096885
266	176c79796fd79d35d424169cfe8f22eb	c2283eab95f831581901aa32de19dc74	0b00560496a2cf37abd7888d5f096885
267	25880fca5612ce08c91cc03a7bb8c384	ab324a6625827ad70dd73f0fefc4bae7	281eb0b872cc89ceb857589014e7b047
268	3521266b25cad5e806128c57629187f4	658854efc8f2efe0fc8dcffd74f6d3ab	55be099b630c96cbac426c3d6bce04a7
269	3521266b25cad5e806128c57629187f4	658854efc8f2efe0fc8dcffd74f6d3ab	55be099b630c96cbac426c3d6bce04a7
270	3521266b25cad5e806128c57629187f4	658854efc8f2efe0fc8dcffd74f6d3ab	55be099b630c96cbac426c3d6bce04a7
271	3521266b25cad5e806128c57629187f4	658854efc8f2efe0fc8dcffd74f6d3ab	55be099b630c96cbac426c3d6bce04a7
272	3521266b25cad5e806128c57629187f4	658854efc8f2efe0fc8dcffd74f6d3ab	55be099b630c96cbac426c3d6bce04a7
273	3521266b25cad5e806128c57629187f4	658854efc8f2efe0fc8dcffd74f6d3ab	55be099b630c96cbac426c3d6bce04a7
274	3521266b25cad5e806128c57629187f4	658854efc8f2efe0fc8dcffd74f6d3ab	55be099b630c96cbac426c3d6bce04a7
275	4a39bad8449c4adad5226ffa066ea6d3	0423d640b9471a9af749464c1445c528	be053279853d9fb295cca5bd5be7757e
276	4a39bad8449c4adad5226ffa066ea6d3	0423d640b9471a9af749464c1445c528	be053279853d9fb295cca5bd5be7757e
277	4a39bad8449c4adad5226ffa066ea6d3	0423d640b9471a9af749464c1445c528	be053279853d9fb295cca5bd5be7757e
278	4a39bad8449c4adad5226ffa066ea6d3	0423d640b9471a9af749464c1445c528	be053279853d9fb295cca5bd5be7757e
279	4a39bad8449c4adad5226ffa066ea6d3	0423d640b9471a9af749464c1445c528	be053279853d9fb295cca5bd5be7757e
280	477f738398a263cd13563e38f10ffb1e	68fe2bdfee572459382d9ce1b552dbf4	80b6e12ed88a890cd7fc0e20bafff503
281	477f738398a263cd13563e38f10ffb1e	68fe2bdfee572459382d9ce1b552dbf4	80b6e12ed88a890cd7fc0e20bafff503
282	477f738398a263cd13563e38f10ffb1e	68fe2bdfee572459382d9ce1b552dbf4	80b6e12ed88a890cd7fc0e20bafff503
283	477f738398a263cd13563e38f10ffb1e	68fe2bdfee572459382d9ce1b552dbf4	80b6e12ed88a890cd7fc0e20bafff503
284	477f738398a263cd13563e38f10ffb1e	68fe2bdfee572459382d9ce1b552dbf4	80b6e12ed88a890cd7fc0e20bafff503
285	477f738398a263cd13563e38f10ffb1e	68fe2bdfee572459382d9ce1b552dbf4	80b6e12ed88a890cd7fc0e20bafff503
286	477f738398a263cd13563e38f10ffb1e	68fe2bdfee572459382d9ce1b552dbf4	80b6e12ed88a890cd7fc0e20bafff503
287	107eb0520ffb4f294760da466f273641	b5d7414b3570ef212d3fd8872d26c17f	f9ecc1536e6387e9e299dc4b0c2c07d5
288	107eb0520ffb4f294760da466f273641	b5d7414b3570ef212d3fd8872d26c17f	f9ecc1536e6387e9e299dc4b0c2c07d5
289	107eb0520ffb4f294760da466f273641	b5d7414b3570ef212d3fd8872d26c17f	f9ecc1536e6387e9e299dc4b0c2c07d5
290	107eb0520ffb4f294760da466f273641	b5d7414b3570ef212d3fd8872d26c17f	f9ecc1536e6387e9e299dc4b0c2c07d5
291	107eb0520ffb4f294760da466f273641	b5d7414b3570ef212d3fd8872d26c17f	f9ecc1536e6387e9e299dc4b0c2c07d5
292	21f3b1be99f2dd82225b71645251f39d	52069bf0a8841af1e3686f565cdaf1b0	37576af2064781c5f471efde7b74bf31
293	21f3b1be99f2dd82225b71645251f39d	52069bf0a8841af1e3686f565cdaf1b0	37576af2064781c5f471efde7b74bf31
294	21f3b1be99f2dd82225b71645251f39d	52069bf0a8841af1e3686f565cdaf1b0	37576af2064781c5f471efde7b74bf31
295	21f3b1be99f2dd82225b71645251f39d	52069bf0a8841af1e3686f565cdaf1b0	37576af2064781c5f471efde7b74bf31
296	21f3b1be99f2dd82225b71645251f39d	52069bf0a8841af1e3686f565cdaf1b0	37576af2064781c5f471efde7b74bf31
297	b0e6041477c32241f3f0df8ac0775e07	08f3b9b0d4c73c181406cf3de14dff97	581fc9c6027314744f22058c82f94c7d
298	b0e6041477c32241f3f0df8ac0775e07	08f3b9b0d4c73c181406cf3de14dff97	581fc9c6027314744f22058c82f94c7d
299	b0e6041477c32241f3f0df8ac0775e07	08f3b9b0d4c73c181406cf3de14dff97	581fc9c6027314744f22058c82f94c7d
300	b0e6041477c32241f3f0df8ac0775e07	08f3b9b0d4c73c181406cf3de14dff97	581fc9c6027314744f22058c82f94c7d
301	b0e6041477c32241f3f0df8ac0775e07	08f3b9b0d4c73c181406cf3de14dff97	581fc9c6027314744f22058c82f94c7d
302	b0e6041477c32241f3f0df8ac0775e07	08f3b9b0d4c73c181406cf3de14dff97	581fc9c6027314744f22058c82f94c7d
303	b0e6041477c32241f3f0df8ac0775e07	08f3b9b0d4c73c181406cf3de14dff97	581fc9c6027314744f22058c82f94c7d
304	d2f45ac2a4bc1286a26b9e37b85f04d6	1d71dc5064a30da021a2715e8ffcde87	6ef0dca8bad518084a0207465766ead5
305	d2f45ac2a4bc1286a26b9e37b85f04d6	1d71dc5064a30da021a2715e8ffcde87	6ef0dca8bad518084a0207465766ead5
306	d2f45ac2a4bc1286a26b9e37b85f04d6	1d71dc5064a30da021a2715e8ffcde87	6ef0dca8bad518084a0207465766ead5
307	b0e6041477c32241f3f0df8ac0775e07	08f3b9b0d4c73c181406cf3de14dff97	581fc9c6027314744f22058c82f94c7d
308	b0e6041477c32241f3f0df8ac0775e07	08f3b9b0d4c73c181406cf3de14dff97	581fc9c6027314744f22058c82f94c7d
309	fae1d9ae425d8f0ae2a46b8c8ab86c7d	ed2221173549cd8b5423d8be7ee666d8	62f14521acece7e4803bae3cf2292198
310	fae1d9ae425d8f0ae2a46b8c8ab86c7d	ed2221173549cd8b5423d8be7ee666d8	62f14521acece7e4803bae3cf2292198
311	fae1d9ae425d8f0ae2a46b8c8ab86c7d	ed2221173549cd8b5423d8be7ee666d8	62f14521acece7e4803bae3cf2292198
312	fae1d9ae425d8f0ae2a46b8c8ab86c7d	ed2221173549cd8b5423d8be7ee666d8	62f14521acece7e4803bae3cf2292198
313	fae1d9ae425d8f0ae2a46b8c8ab86c7d	ed2221173549cd8b5423d8be7ee666d8	62f14521acece7e4803bae3cf2292198
314	fae1d9ae425d8f0ae2a46b8c8ab86c7d	ed2221173549cd8b5423d8be7ee666d8	62f14521acece7e4803bae3cf2292198
315	fae1d9ae425d8f0ae2a46b8c8ab86c7d	ed2221173549cd8b5423d8be7ee666d8	62f14521acece7e4803bae3cf2292198
316	b1d7b816554bce6e0f58d342855189a8	a5fbdd1940b0d472d62e294daa0d8fb5	a8df474ae06df8108ded9713c6b09501
317	b1d7b816554bce6e0f58d342855189a8	a5fbdd1940b0d472d62e294daa0d8fb5	a8df474ae06df8108ded9713c6b09501
318	b1d7b816554bce6e0f58d342855189a8	a5fbdd1940b0d472d62e294daa0d8fb5	a8df474ae06df8108ded9713c6b09501
319	b1d7b816554bce6e0f58d342855189a8	a5fbdd1940b0d472d62e294daa0d8fb5	a8df474ae06df8108ded9713c6b09501
320	b1d7b816554bce6e0f58d342855189a8	a5fbdd1940b0d472d62e294daa0d8fb5	a8df474ae06df8108ded9713c6b09501
321	b1d7b816554bce6e0f58d342855189a8	a5fbdd1940b0d472d62e294daa0d8fb5	a8df474ae06df8108ded9713c6b09501
322	b1d7b816554bce6e0f58d342855189a8	a5fbdd1940b0d472d62e294daa0d8fb5	a8df474ae06df8108ded9713c6b09501
323	b1d7b816554bce6e0f58d342855189a8	a5fbdd1940b0d472d62e294daa0d8fb5	a8df474ae06df8108ded9713c6b09501
324	b1d7b816554bce6e0f58d342855189a8	a5fbdd1940b0d472d62e294daa0d8fb5	a8df474ae06df8108ded9713c6b09501
325	b1d7b816554bce6e0f58d342855189a8	a5fbdd1940b0d472d62e294daa0d8fb5	a8df474ae06df8108ded9713c6b09501
326	55dc3d46810c9c858e2956ef685a9412	9ea638acb7110619b734c74b4f950737	ab8dcc55134e3e7c6a5c0d833405a31c
327	55dc3d46810c9c858e2956ef685a9412	9ea638acb7110619b734c74b4f950737	ab8dcc55134e3e7c6a5c0d833405a31c
328	55dc3d46810c9c858e2956ef685a9412	9ea638acb7110619b734c74b4f950737	ab8dcc55134e3e7c6a5c0d833405a31c
329	55dc3d46810c9c858e2956ef685a9412	9ea638acb7110619b734c74b4f950737	ab8dcc55134e3e7c6a5c0d833405a31c
330	55dc3d46810c9c858e2956ef685a9412	9ea638acb7110619b734c74b4f950737	ab8dcc55134e3e7c6a5c0d833405a31c
331	55dc3d46810c9c858e2956ef685a9412	9ea638acb7110619b734c74b4f950737	ab8dcc55134e3e7c6a5c0d833405a31c
332	55dc3d46810c9c858e2956ef685a9412	9ea638acb7110619b734c74b4f950737	ab8dcc55134e3e7c6a5c0d833405a31c
333	5037f2165fcc9a437791bf82be46c369	62dfcc9a22351bfed5f2fbc767672ed9	c194cf8014446d879787cd50cbbd0d1a
334	5037f2165fcc9a437791bf82be46c369	62dfcc9a22351bfed5f2fbc767672ed9	c194cf8014446d879787cd50cbbd0d1a
335	5037f2165fcc9a437791bf82be46c369	62dfcc9a22351bfed5f2fbc767672ed9	c194cf8014446d879787cd50cbbd0d1a
336	5037f2165fcc9a437791bf82be46c369	62dfcc9a22351bfed5f2fbc767672ed9	c194cf8014446d879787cd50cbbd0d1a
337	5037f2165fcc9a437791bf82be46c369	37870ff2eab60450a41cddf0fdc8e35b	9e2e357ef9f44a083d931945fdd506f5
338	b280d0f579b0b80a1a423699d3891480	6fd596a759b1e8b979c987d48e8f7a84	8e61b7562c6fb29ac72c36b6c5447ab6
339	b280d0f579b0b80a1a423699d3891480	6fd596a759b1e8b979c987d48e8f7a84	8e61b7562c6fb29ac72c36b6c5447ab6
340	b280d0f579b0b80a1a423699d3891480	6fd596a759b1e8b979c987d48e8f7a84	8e61b7562c6fb29ac72c36b6c5447ab6
341	b280d0f579b0b80a1a423699d3891480	6fd596a759b1e8b979c987d48e8f7a84	8e61b7562c6fb29ac72c36b6c5447ab6
342	b280d0f579b0b80a1a423699d3891480	6fd596a759b1e8b979c987d48e8f7a84	8e61b7562c6fb29ac72c36b6c5447ab6
343	b280d0f579b0b80a1a423699d3891480	6fd596a759b1e8b979c987d48e8f7a84	8e61b7562c6fb29ac72c36b6c5447ab6
344	b280d0f579b0b80a1a423699d3891480	6fd596a759b1e8b979c987d48e8f7a84	8e61b7562c6fb29ac72c36b6c5447ab6
345	b280d0f579b0b80a1a423699d3891480	6fd596a759b1e8b979c987d48e8f7a84	8e61b7562c6fb29ac72c36b6c5447ab6
346	b280d0f579b0b80a1a423699d3891480	6fd596a759b1e8b979c987d48e8f7a84	8e61b7562c6fb29ac72c36b6c5447ab6
347	b280d0f579b0b80a1a423699d3891480	6fd596a759b1e8b979c987d48e8f7a84	8e61b7562c6fb29ac72c36b6c5447ab6
348	b280d0f579b0b80a1a423699d3891480	6fd596a759b1e8b979c987d48e8f7a84	8e61b7562c6fb29ac72c36b6c5447ab6
349	b280d0f579b0b80a1a423699d3891480	6fd596a759b1e8b979c987d48e8f7a84	8e61b7562c6fb29ac72c36b6c5447ab6
350	b280d0f579b0b80a1a423699d3891480	6fd596a759b1e8b979c987d48e8f7a84	8e61b7562c6fb29ac72c36b6c5447ab6
351	b280d0f579b0b80a1a423699d3891480	6fd596a759b1e8b979c987d48e8f7a84	8e61b7562c6fb29ac72c36b6c5447ab6
352	b280d0f579b0b80a1a423699d3891480	6fd596a759b1e8b979c987d48e8f7a84	8e61b7562c6fb29ac72c36b6c5447ab6
353	b280d0f579b0b80a1a423699d3891480	6fd596a759b1e8b979c987d48e8f7a84	8e61b7562c6fb29ac72c36b6c5447ab6
354	b280d0f579b0b80a1a423699d3891480	6fd596a759b1e8b979c987d48e8f7a84	8e61b7562c6fb29ac72c36b6c5447ab6
355	468dc423c291d9e4a1a43c209ef7a5bf	07763424d6a94df6075b8aa03953a8d2	1a0ce2185a21b603cf3ea478bdd9ae81
356	468dc423c291d9e4a1a43c209ef7a5bf	07763424d6a94df6075b8aa03953a8d2	1a0ce2185a21b603cf3ea478bdd9ae81
357	468dc423c291d9e4a1a43c209ef7a5bf	07763424d6a94df6075b8aa03953a8d2	1a0ce2185a21b603cf3ea478bdd9ae81
358	22f321f111ddf92fd3d1f6bfa2d6c947	a7884b15f1a63216644e881e606a804a	fa142f9f70b3409050d1852ffb9e4165
359	199866566ac458c3ca1148ce6626e0f8	e092b9ff38a4eef38ac0a27ba6b89fa3	964ed0a086542a8073a41faf0e0a4dc9
360	5e75ac6a3699ad70c165f089cbec7f45	7a8d7dd8eaa36b3fdb700b8eb72fbffd	578c8d0d55f39e958b637177cdb597c0
361	5e75ac6a3699ad70c165f089cbec7f45	7a8d7dd8eaa36b3fdb700b8eb72fbffd	578c8d0d55f39e958b637177cdb597c0
362	0b70f40819c83067d6b3e949e2dcc7ab	1eeaf4858b339513fa559c780760464b	822d6a6aa4fe4a713375f83bb301d09b
363	0b70f40819c83067d6b3e949e2dcc7ab	1eeaf4858b339513fa559c780760464b	822d6a6aa4fe4a713375f83bb301d09b
364	0b70f40819c83067d6b3e949e2dcc7ab	1eeaf4858b339513fa559c780760464b	822d6a6aa4fe4a713375f83bb301d09b
365	da709f2172617dc36d82d7ab6fd5a0d6	70ee5c20cc7cf27db316edfa7ac3b5b6	2ae66f8492995b6980f656aaa38dd892
366	da709f2172617dc36d82d7ab6fd5a0d6	70ee5c20cc7cf27db316edfa7ac3b5b6	2ae66f8492995b6980f656aaa38dd892
367	da709f2172617dc36d82d7ab6fd5a0d6	abaf6155266495faa1d41380d98651ed	9c94c2377c613e0371bea48c1893280f
368	da709f2172617dc36d82d7ab6fd5a0d6	abaf6155266495faa1d41380d98651ed	9c94c2377c613e0371bea48c1893280f
369	da709f2172617dc36d82d7ab6fd5a0d6	abaf6155266495faa1d41380d98651ed	9c94c2377c613e0371bea48c1893280f
370	da709f2172617dc36d82d7ab6fd5a0d6	abaf6155266495faa1d41380d98651ed	9c94c2377c613e0371bea48c1893280f
371	da709f2172617dc36d82d7ab6fd5a0d6	abaf6155266495faa1d41380d98651ed	9c94c2377c613e0371bea48c1893280f
372	da709f2172617dc36d82d7ab6fd5a0d6	abaf6155266495faa1d41380d98651ed	9c94c2377c613e0371bea48c1893280f
373	da709f2172617dc36d82d7ab6fd5a0d6	abaf6155266495faa1d41380d98651ed	9c94c2377c613e0371bea48c1893280f
374	0373ca871379e0bddc5bfea892ce743e	2b107ea8aeb3bbf02e019878f8da18d0	42ef840f9172ced3aae78299bf9a9099
375	0373ca871379e0bddc5bfea892ce743e	2b107ea8aeb3bbf02e019878f8da18d0	42ef840f9172ced3aae78299bf9a9099
376	a96e2f34a3359deed35b011d4c519f81	1b6a62b451b877e2ce98e87f3040c28b	182a73a302ea4012987698490842721f
377	da709f2172617dc36d82d7ab6fd5a0d6	abaf6155266495faa1d41380d98651ed	9c94c2377c613e0371bea48c1893280f
378	da709f2172617dc36d82d7ab6fd5a0d6	abaf6155266495faa1d41380d98651ed	9c94c2377c613e0371bea48c1893280f
379	47a3aef41da3da79c899f7fc81e2458c	678261507cbb59d7975d89950b63f9fb	770f9baabb0143b3d6421aa8f06cce2f
380	47a3aef41da3da79c899f7fc81e2458c	678261507cbb59d7975d89950b63f9fb	770f9baabb0143b3d6421aa8f06cce2f
381	47a3aef41da3da79c899f7fc81e2458c	678261507cbb59d7975d89950b63f9fb	770f9baabb0143b3d6421aa8f06cce2f
382	47a3aef41da3da79c899f7fc81e2458c	678261507cbb59d7975d89950b63f9fb	770f9baabb0143b3d6421aa8f06cce2f
383	47a3aef41da3da79c899f7fc81e2458c	678261507cbb59d7975d89950b63f9fb	770f9baabb0143b3d6421aa8f06cce2f
384	47a3aef41da3da79c899f7fc81e2458c	678261507cbb59d7975d89950b63f9fb	770f9baabb0143b3d6421aa8f06cce2f
385	47a3aef41da3da79c899f7fc81e2458c	678261507cbb59d7975d89950b63f9fb	770f9baabb0143b3d6421aa8f06cce2f
386	8ed8ce9840a5fc7b3881070b9505eaad	bde60591e0d60daa363c0a27656ecafd	fe1e33bc2db73d050302bbd2aebb7baa
387	8ed8ce9840a5fc7b3881070b9505eaad	bde60591e0d60daa363c0a27656ecafd	fe1e33bc2db73d050302bbd2aebb7baa
388	8ed8ce9840a5fc7b3881070b9505eaad	bde60591e0d60daa363c0a27656ecafd	fe1e33bc2db73d050302bbd2aebb7baa
389	586f59ee31a08b10191b5ff1471458ca	a40d7be1c01a718a0b385ca8037d056d	d22b39e006a82dcadae91f51204b7bed
390	565b2ec2b119f74a872eb778ceca2d3d	0a66bea5b802245d17f8a6b3e23e25d4	cd47035618aa8b1b4b920c7bc1d4787f
391	d56947dd6804feb11ff6e391baa6baf7	f557c87ed9a03a0e50195267daf5fad8	dbfa7fa1cd6826c2799b99490408dbeb
392	d56947dd6804feb11ff6e391baa6baf7	f557c87ed9a03a0e50195267daf5fad8	dbfa7fa1cd6826c2799b99490408dbeb
393	d56947dd6804feb11ff6e391baa6baf7	f557c87ed9a03a0e50195267daf5fad8	dbfa7fa1cd6826c2799b99490408dbeb
394	d56947dd6804feb11ff6e391baa6baf7	f557c87ed9a03a0e50195267daf5fad8	dbfa7fa1cd6826c2799b99490408dbeb
395	d56947dd6804feb11ff6e391baa6baf7	f557c87ed9a03a0e50195267daf5fad8	dbfa7fa1cd6826c2799b99490408dbeb
396	cd2ccf70a7016fd3bc78088b4e5a11f2	eac37d453da56c6ec2c6a04444e47e6c	6cecf3cca8107ae40bab43d3b2371d14
397	cd2ccf70a7016fd3bc78088b4e5a11f2	eac37d453da56c6ec2c6a04444e47e6c	6cecf3cca8107ae40bab43d3b2371d14
398	cd2ccf70a7016fd3bc78088b4e5a11f2	eac37d453da56c6ec2c6a04444e47e6c	6cecf3cca8107ae40bab43d3b2371d14
399	cd2ccf70a7016fd3bc78088b4e5a11f2	eac37d453da56c6ec2c6a04444e47e6c	6cecf3cca8107ae40bab43d3b2371d14
400	cd2ccf70a7016fd3bc78088b4e5a11f2	eac37d453da56c6ec2c6a04444e47e6c	6cecf3cca8107ae40bab43d3b2371d14
401	cd2ccf70a7016fd3bc78088b4e5a11f2	eac37d453da56c6ec2c6a04444e47e6c	6cecf3cca8107ae40bab43d3b2371d14
402	cd2ccf70a7016fd3bc78088b4e5a11f2	eac37d453da56c6ec2c6a04444e47e6c	6cecf3cca8107ae40bab43d3b2371d14
403	cd2ccf70a7016fd3bc78088b4e5a11f2	eac37d453da56c6ec2c6a04444e47e6c	6cecf3cca8107ae40bab43d3b2371d14
404	cd2ccf70a7016fd3bc78088b4e5a11f2	eac37d453da56c6ec2c6a04444e47e6c	6cecf3cca8107ae40bab43d3b2371d14
405	cd2ccf70a7016fd3bc78088b4e5a11f2	eac37d453da56c6ec2c6a04444e47e6c	6cecf3cca8107ae40bab43d3b2371d14
406	cd2ccf70a7016fd3bc78088b4e5a11f2	eac37d453da56c6ec2c6a04444e47e6c	6cecf3cca8107ae40bab43d3b2371d14
407	cd2ccf70a7016fd3bc78088b4e5a11f2	eac37d453da56c6ec2c6a04444e47e6c	6cecf3cca8107ae40bab43d3b2371d14
408	c2eefb20563c6f586bd6dca7c9cb9712	94d48ce56a8e01754b79b1158c8f03cb	a5c5e9b718b36d5cebcf6cbbe294265f
409	c2eefb20563c6f586bd6dca7c9cb9712	94d48ce56a8e01754b79b1158c8f03cb	a5c5e9b718b36d5cebcf6cbbe294265f
410	c2eefb20563c6f586bd6dca7c9cb9712	94d48ce56a8e01754b79b1158c8f03cb	a5c5e9b718b36d5cebcf6cbbe294265f
411	1566e0b1097d2c8a3ba356e2d9241fb0	b8cc36b498fc7a0564769f43fc02bf22	c860202cfa06aee63487eefed7a9706e
412	1566e0b1097d2c8a3ba356e2d9241fb0	b8cc36b498fc7a0564769f43fc02bf22	c860202cfa06aee63487eefed7a9706e
413	c2eefb20563c6f586bd6dca7c9cb9712	94d48ce56a8e01754b79b1158c8f03cb	a5c5e9b718b36d5cebcf6cbbe294265f
414	c2eefb20563c6f586bd6dca7c9cb9712	94d48ce56a8e01754b79b1158c8f03cb	a5c5e9b718b36d5cebcf6cbbe294265f
415	b6368c53628e61cb27962845ba6fa629	9361564e0a5a75f4c4b9a4f8a13891e4	1503409839499ceffa65af5fbdc4550d
416	7c868bdc7c19e528bdf7ecfa13cdee0a	e82a6e5153d839ac3f8cad5b8eb5c04c	c1c8cda64def916f659b29ee9f68fc35
417	7c868bdc7c19e528bdf7ecfa13cdee0a	e82a6e5153d839ac3f8cad5b8eb5c04c	c1c8cda64def916f659b29ee9f68fc35
418	4bbb58ec95f73f719a9cfba43286adfa	c2f9293b002416603d6e3f2599e77390	3699e0fdfbd02aee682a2778fafcf487
419	4bbb58ec95f73f719a9cfba43286adfa	c2f9293b002416603d6e3f2599e77390	3699e0fdfbd02aee682a2778fafcf487
420	8ec809667f771ef32f2f1b4d7fa29661	afcf11c0e14433b835b128945d2f9473	586a3844c66ada969c49451fe88341b0
421	8ec809667f771ef32f2f1b4d7fa29661	afcf11c0e14433b835b128945d2f9473	586a3844c66ada969c49451fe88341b0
422	8ec809667f771ef32f2f1b4d7fa29661	afcf11c0e14433b835b128945d2f9473	586a3844c66ada969c49451fe88341b0
423	8ec809667f771ef32f2f1b4d7fa29661	afcf11c0e14433b835b128945d2f9473	586a3844c66ada969c49451fe88341b0
424	8ec809667f771ef32f2f1b4d7fa29661	afcf11c0e14433b835b128945d2f9473	586a3844c66ada969c49451fe88341b0
425	898508e260a5d729cbd4c9b50ad3f701	6ddfcabe7ba39d2a27e0d1a42bcb8aaa	dbd69ca2f44386de480d8a0a6a706002
426	898508e260a5d729cbd4c9b50ad3f701	6ddfcabe7ba39d2a27e0d1a42bcb8aaa	dbd69ca2f44386de480d8a0a6a706002
427	898508e260a5d729cbd4c9b50ad3f701	6ddfcabe7ba39d2a27e0d1a42bcb8aaa	dbd69ca2f44386de480d8a0a6a706002
428	25d8cddfab57f2c5e837c10c65123588	c29189d3872307d8509daee064fd48fe	86b3fcf4cb604a15dcb53ff53e1091d4
429	25d8cddfab57f2c5e837c10c65123588	c29189d3872307d8509daee064fd48fe	86b3fcf4cb604a15dcb53ff53e1091d4
430	25d8cddfab57f2c5e837c10c65123588	fdfb7d95789fa604cdaec7b006321956	8e11e63b845aa27beab27b662c30bd98
431	25d8cddfab57f2c5e837c10c65123588	fdfb7d95789fa604cdaec7b006321956	8e11e63b845aa27beab27b662c30bd98
432	3b2a9e55df5a9874cbf03bfcb7d4e42c	841dbcabb307822e6cc6b49f1b703621	392bd750ea0d08b1906aa4590b48dfe4
433	a8469907f533ea513766c129c8cc4be3	43936491626e016454852777b202abf6	7b94730df719f37d6ae58a75494b923b
434	3b2a9e55df5a9874cbf03bfcb7d4e42c	841dbcabb307822e6cc6b49f1b703621	392bd750ea0d08b1906aa4590b48dfe4
435	51b4996b191497e13c8c7ed2787e989b	4f7f1953c500891c2113fd74e14db37b	942ad5920c3c6659e2da7ad302cd9976
436	a8469907f533ea513766c129c8cc4be3	43936491626e016454852777b202abf6	7b94730df719f37d6ae58a75494b923b
437	77d3532cdc4db5ece0dd7b785e40c488	6bb92acdd8391a3f1a1768a9c7bd446b	30f0a7349c70ad3ba088dfe5609a0582
438	77d3532cdc4db5ece0dd7b785e40c488	6bb92acdd8391a3f1a1768a9c7bd446b	30f0a7349c70ad3ba088dfe5609a0582
439	77d3532cdc4db5ece0dd7b785e40c488	6bb92acdd8391a3f1a1768a9c7bd446b	30f0a7349c70ad3ba088dfe5609a0582
440	aed24e484a036bdf2d64f5ac41bf46fa	e01d6b611ac2623dcd5042504879e967	da0f059b7f32bd63b0073c8b3736ba42
441	aed24e484a036bdf2d64f5ac41bf46fa	e01d6b611ac2623dcd5042504879e967	da0f059b7f32bd63b0073c8b3736ba42
442	77d3532cdc4db5ece0dd7b785e40c488	51b155cc47b5aefa9c2b85a123c26168	d37789c02f29407647277687b846f599
443	77d3532cdc4db5ece0dd7b785e40c488	51b155cc47b5aefa9c2b85a123c26168	d37789c02f29407647277687b846f599
444	8accb7177a0430808bde832c8b1ba5b5	4f89c64dbe30e615716521163bd974df	aa27b6898463106b96ff0a30b545380f
445	8accb7177a0430808bde832c8b1ba5b5	4f89c64dbe30e615716521163bd974df	aa27b6898463106b96ff0a30b545380f
446	8accb7177a0430808bde832c8b1ba5b5	4f89c64dbe30e615716521163bd974df	aa27b6898463106b96ff0a30b545380f
447	fe5e60b270ae392c8196034ab0ae4853	27566afae4093761863cea33c30524da	5ea55b0ed4c01ebddf69439cd25c074e
448	8accb7177a0430808bde832c8b1ba5b5	4f89c64dbe30e615716521163bd974df	aa27b6898463106b96ff0a30b545380f
449	314745185fa4fcd3d63bd343679c573f	ec09b68238e62759eb0af89b082b1bf0	59e54a739918e95b92dd512f05da8c52
450	314745185fa4fcd3d63bd343679c573f	ec09b68238e62759eb0af89b082b1bf0	59e54a739918e95b92dd512f05da8c52
451	314745185fa4fcd3d63bd343679c573f	ec09b68238e62759eb0af89b082b1bf0	59e54a739918e95b92dd512f05da8c52
452	314745185fa4fcd3d63bd343679c573f	ec09b68238e62759eb0af89b082b1bf0	59e54a739918e95b92dd512f05da8c52
453	314745185fa4fcd3d63bd343679c573f	ec09b68238e62759eb0af89b082b1bf0	59e54a739918e95b92dd512f05da8c52
454	314745185fa4fcd3d63bd343679c573f	ec09b68238e62759eb0af89b082b1bf0	59e54a739918e95b92dd512f05da8c52
455	314745185fa4fcd3d63bd343679c573f	ec09b68238e62759eb0af89b082b1bf0	59e54a739918e95b92dd512f05da8c52
456	47cdc9947bc9e0272eb7909c69200479	c19bb8392a7bb4c542b55c7006e1d0a9	cacc2683d2830eef764be61b9e4d9f88
457	47cdc9947bc9e0272eb7909c69200479	c19bb8392a7bb4c542b55c7006e1d0a9	cacc2683d2830eef764be61b9e4d9f88
458	47cdc9947bc9e0272eb7909c69200479	c19bb8392a7bb4c542b55c7006e1d0a9	cacc2683d2830eef764be61b9e4d9f88
459	47cdc9947bc9e0272eb7909c69200479	c19bb8392a7bb4c542b55c7006e1d0a9	cacc2683d2830eef764be61b9e4d9f88
460	47cdc9947bc9e0272eb7909c69200479	c19bb8392a7bb4c542b55c7006e1d0a9	cacc2683d2830eef764be61b9e4d9f88
461	66fa829c9794370989ec7352521f90f0	bbe8d1381cf02fae97c1bf4821bb6984	b7bff89711e508aa880b5565dc135b63
462	66fa829c9794370989ec7352521f90f0	bbe8d1381cf02fae97c1bf4821bb6984	b7bff89711e508aa880b5565dc135b63
463	66fa829c9794370989ec7352521f90f0	bbe8d1381cf02fae97c1bf4821bb6984	b7bff89711e508aa880b5565dc135b63
464	66fa829c9794370989ec7352521f90f0	bbe8d1381cf02fae97c1bf4821bb6984	b7bff89711e508aa880b5565dc135b63
465	66fa829c9794370989ec7352521f90f0	bbe8d1381cf02fae97c1bf4821bb6984	b7bff89711e508aa880b5565dc135b63
466	262781b661247daea21dd6dd8a604742	9809966ba9ee30cb18d417422134e660	d2ef3d1d7c5764407793635391a0018d
467	262781b661247daea21dd6dd8a604742	9809966ba9ee30cb18d417422134e660	d2ef3d1d7c5764407793635391a0018d
468	262781b661247daea21dd6dd8a604742	9809966ba9ee30cb18d417422134e660	d2ef3d1d7c5764407793635391a0018d
469	6799a470de820613b65a38eff451a66f	f6dcd130a6215e70c761fc0491788927	959ebcd3367a2170abb7cb2bac53805f
470	6799a470de820613b65a38eff451a66f	f6dcd130a6215e70c761fc0491788927	959ebcd3367a2170abb7cb2bac53805f
471	d76a845b94b1056e3b674c25673840f4	3f284d2be4ebd008a8e178ca6659fe86	f0becfcc9b0f2eddbce2e5261e55ffb2
472	175f474a58acf142158d660a97f44550	211fa38eca61570bcb4b68d36ee3c0df	5cf2b422d22b9f8c19c5f45b47ef67dc
473	d81cdbc3aab4e3a52e786e495ff55363	acbad06e1d85eb5b2845ce7fe6c35b0f	197850d5b8c8dc7df8dbc9c51960c432
474	d81cdbc3aab4e3a52e786e495ff55363	acbad06e1d85eb5b2845ce7fe6c35b0f	197850d5b8c8dc7df8dbc9c51960c432
475	d81cdbc3aab4e3a52e786e495ff55363	acbad06e1d85eb5b2845ce7fe6c35b0f	197850d5b8c8dc7df8dbc9c51960c432
476	102f5f3b7ef7de19bc2658a718e4a61c	de3b70dfeb5b3ee84e37836547b03efc	d91bc9a2533d702f170d26eb80d48062
477	97d3befa89695b71d3b6bbeb8c705233	ccc6ec0fb859d6b609e2f2bae0e85e3a	615dff5bcfb367475a6f03afc220a156
478	6b69289a7a59878a0b990ade410eed03	e07b9e21e08d9b902554e2ca7310be5b	4cf3f7fb791bc7ac6b12684dde25acb7
479	6b69289a7a59878a0b990ade410eed03	e07b9e21e08d9b902554e2ca7310be5b	4cf3f7fb791bc7ac6b12684dde25acb7
480	6b69289a7a59878a0b990ade410eed03	e07b9e21e08d9b902554e2ca7310be5b	4cf3f7fb791bc7ac6b12684dde25acb7
481	6b69289a7a59878a0b990ade410eed03	e07b9e21e08d9b902554e2ca7310be5b	4cf3f7fb791bc7ac6b12684dde25acb7
482	6b69289a7a59878a0b990ade410eed03	e07b9e21e08d9b902554e2ca7310be5b	4cf3f7fb791bc7ac6b12684dde25acb7
483	6b69289a7a59878a0b990ade410eed03	e07b9e21e08d9b902554e2ca7310be5b	4cf3f7fb791bc7ac6b12684dde25acb7
484	6b69289a7a59878a0b990ade410eed03	e07b9e21e08d9b902554e2ca7310be5b	4cf3f7fb791bc7ac6b12684dde25acb7
485	ca5c88aaafcd8da1bdc681c887bba2fb	c2ebec00afd2d8987bca06c18b81cffb	d157fd329e223a7d197a23b21cf6a23d
486	ca5c88aaafcd8da1bdc681c887bba2fb	c2ebec00afd2d8987bca06c18b81cffb	d157fd329e223a7d197a23b21cf6a23d
487	ca5c88aaafcd8da1bdc681c887bba2fb	c2ebec00afd2d8987bca06c18b81cffb	d157fd329e223a7d197a23b21cf6a23d
488	abc7d011e38d0d591f1290c43676dcee	ffd0862170f22542013c559262103751	f622566ad9461bdd44f26f615ba7debd
489	6f5d8fda5f2f727c982b73b7ae7544b8	9dfd6bb9d922f7aa17e8e947037fb9e2	8ac12c8fc59fa499681550b07ca3a727
490	ca5c88aaafcd8da1bdc681c887bba2fb	c2ebec00afd2d8987bca06c18b81cffb	d157fd329e223a7d197a23b21cf6a23d
491	ca5c88aaafcd8da1bdc681c887bba2fb	c2ebec00afd2d8987bca06c18b81cffb	d157fd329e223a7d197a23b21cf6a23d
492	ca5c88aaafcd8da1bdc681c887bba2fb	c2ebec00afd2d8987bca06c18b81cffb	d157fd329e223a7d197a23b21cf6a23d
493	abc7d011e38d0d591f1290c43676dcee	0f1302a411151f18127d9f75b1f3c14b	a79145a789caf1c5e593001505fe3036
494	6f5d8fda5f2f727c982b73b7ae7544b8	9dfd6bb9d922f7aa17e8e947037fb9e2	8ac12c8fc59fa499681550b07ca3a727
495	212b8512ef315a39f399f099d3209dfe	2ce57bae6e1f8a67b170aae4cd4397cc	9e17a829fd63bf626eb086e4f08522e3
496	212b8512ef315a39f399f099d3209dfe	2ce57bae6e1f8a67b170aae4cd4397cc	9e17a829fd63bf626eb086e4f08522e3
497	212b8512ef315a39f399f099d3209dfe	2ce57bae6e1f8a67b170aae4cd4397cc	9e17a829fd63bf626eb086e4f08522e3
498	212b8512ef315a39f399f099d3209dfe	2ce57bae6e1f8a67b170aae4cd4397cc	9e17a829fd63bf626eb086e4f08522e3
499	212b8512ef315a39f399f099d3209dfe	2ce57bae6e1f8a67b170aae4cd4397cc	9e17a829fd63bf626eb086e4f08522e3
500	212b8512ef315a39f399f099d3209dfe	2ce57bae6e1f8a67b170aae4cd4397cc	9e17a829fd63bf626eb086e4f08522e3
501	212b8512ef315a39f399f099d3209dfe	2ce57bae6e1f8a67b170aae4cd4397cc	9e17a829fd63bf626eb086e4f08522e3
502	0126453763829bb2bb2844f01d6f2bd9	39672c3eeac8e1223d2180bce8c10f60	7512104f1fee703145f5404d1d128dfb
503	0126453763829bb2bb2844f01d6f2bd9	39672c3eeac8e1223d2180bce8c10f60	7512104f1fee703145f5404d1d128dfb
504	0126453763829bb2bb2844f01d6f2bd9	39672c3eeac8e1223d2180bce8c10f60	7512104f1fee703145f5404d1d128dfb
505	0126453763829bb2bb2844f01d6f2bd9	39672c3eeac8e1223d2180bce8c10f60	7512104f1fee703145f5404d1d128dfb
506	0126453763829bb2bb2844f01d6f2bd9	39672c3eeac8e1223d2180bce8c10f60	7512104f1fee703145f5404d1d128dfb
507	115d088266b2c7ead782c6b284c395c9	86cb80f3c4187777fac6bc33d96682f8	18a2fbf173cf785e3809526106c99e9a
508	115d088266b2c7ead782c6b284c395c9	86cb80f3c4187777fac6bc33d96682f8	18a2fbf173cf785e3809526106c99e9a
509	115d088266b2c7ead782c6b284c395c9	86cb80f3c4187777fac6bc33d96682f8	18a2fbf173cf785e3809526106c99e9a
510	115d088266b2c7ead782c6b284c395c9	86cb80f3c4187777fac6bc33d96682f8	18a2fbf173cf785e3809526106c99e9a
511	115d088266b2c7ead782c6b284c395c9	86cb80f3c4187777fac6bc33d96682f8	18a2fbf173cf785e3809526106c99e9a
512	115d088266b2c7ead782c6b284c395c9	86cb80f3c4187777fac6bc33d96682f8	18a2fbf173cf785e3809526106c99e9a
513	115d088266b2c7ead782c6b284c395c9	86cb80f3c4187777fac6bc33d96682f8	18a2fbf173cf785e3809526106c99e9a
514	115d088266b2c7ead782c6b284c395c9	86cb80f3c4187777fac6bc33d96682f8	18a2fbf173cf785e3809526106c99e9a
515	115d088266b2c7ead782c6b284c395c9	86cb80f3c4187777fac6bc33d96682f8	18a2fbf173cf785e3809526106c99e9a
516	115d088266b2c7ead782c6b284c395c9	86cb80f3c4187777fac6bc33d96682f8	18a2fbf173cf785e3809526106c99e9a
517	115d088266b2c7ead782c6b284c395c9	86cb80f3c4187777fac6bc33d96682f8	18a2fbf173cf785e3809526106c99e9a
518	115d088266b2c7ead782c6b284c395c9	86cb80f3c4187777fac6bc33d96682f8	18a2fbf173cf785e3809526106c99e9a
519	115d088266b2c7ead782c6b284c395c9	86cb80f3c4187777fac6bc33d96682f8	18a2fbf173cf785e3809526106c99e9a
520	115d088266b2c7ead782c6b284c395c9	86cb80f3c4187777fac6bc33d96682f8	18a2fbf173cf785e3809526106c99e9a
521	115d088266b2c7ead782c6b284c395c9	86cb80f3c4187777fac6bc33d96682f8	18a2fbf173cf785e3809526106c99e9a
522	115d088266b2c7ead782c6b284c395c9	86cb80f3c4187777fac6bc33d96682f8	18a2fbf173cf785e3809526106c99e9a
523	115d088266b2c7ead782c6b284c395c9	86cb80f3c4187777fac6bc33d96682f8	18a2fbf173cf785e3809526106c99e9a
524	0bcf4493f45dad469d670fc5ad61a4b5	f32a8feffc112084e1d4df1ba825d1be	a7370f5daab9a5f7b680f3967c1597c5
525	0bcf4493f45dad469d670fc5ad61a4b5	f32a8feffc112084e1d4df1ba825d1be	a7370f5daab9a5f7b680f3967c1597c5
526	0bcf4493f45dad469d670fc5ad61a4b5	f32a8feffc112084e1d4df1ba825d1be	a7370f5daab9a5f7b680f3967c1597c5
527	0bcf4493f45dad469d670fc5ad61a4b5	f32a8feffc112084e1d4df1ba825d1be	a7370f5daab9a5f7b680f3967c1597c5
528	0bcf4493f45dad469d670fc5ad61a4b5	f32a8feffc112084e1d4df1ba825d1be	a7370f5daab9a5f7b680f3967c1597c5
529	0bcf4493f45dad469d670fc5ad61a4b5	f32a8feffc112084e1d4df1ba825d1be	a7370f5daab9a5f7b680f3967c1597c5
530	0bcf4493f45dad469d670fc5ad61a4b5	f32a8feffc112084e1d4df1ba825d1be	a7370f5daab9a5f7b680f3967c1597c5
531	47bd977eb3af8730193706f34f8fb46a	18341e40900c86f0473fcd66a5311307	d3486175a72d09e1e07d4f600f9c8a88
532	47bd977eb3af8730193706f34f8fb46a	18341e40900c86f0473fcd66a5311307	d3486175a72d09e1e07d4f600f9c8a88
533	47bd977eb3af8730193706f34f8fb46a	18341e40900c86f0473fcd66a5311307	d3486175a72d09e1e07d4f600f9c8a88
534	bda0879f54579d46c63870b9aab10fc5	7cc05bfc80f5daecbbf34aebcffcc421	3f64042c4a037d72800c710bbd8486ea
535	bda0879f54579d46c63870b9aab10fc5	7cc05bfc80f5daecbbf34aebcffcc421	3f64042c4a037d72800c710bbd8486ea
536	6dfd391c685a5d93a37abf932ae0d0de	649012ef116f4b656c72a4f20414aa0e	b6c66094050b0d6b7ae49a61e5a90781
537	6dfd391c685a5d93a37abf932ae0d0de	649012ef116f4b656c72a4f20414aa0e	b6c66094050b0d6b7ae49a61e5a90781
538	6dfd391c685a5d93a37abf932ae0d0de	649012ef116f4b656c72a4f20414aa0e	b6c66094050b0d6b7ae49a61e5a90781
539	6dfd391c685a5d93a37abf932ae0d0de	649012ef116f4b656c72a4f20414aa0e	b6c66094050b0d6b7ae49a61e5a90781
540	6dfd391c685a5d93a37abf932ae0d0de	649012ef116f4b656c72a4f20414aa0e	b6c66094050b0d6b7ae49a61e5a90781
541	6dfd391c685a5d93a37abf932ae0d0de	9e39d4b753b21775ecafd0f31ba49e4d	7a1d9030ba29ca93cf5978428e5ad3d6
542	6dfd391c685a5d93a37abf932ae0d0de	649012ef116f4b656c72a4f20414aa0e	b6c66094050b0d6b7ae49a61e5a90781
543	49cdf0fdde895a6fdc135c2d75ca565b	0f403501e736c066994d8b56947b03c6	cf01ef42b315d381ca2dbe9022cde11e
544	49cdf0fdde895a6fdc135c2d75ca565b	0f403501e736c066994d8b56947b03c6	cf01ef42b315d381ca2dbe9022cde11e
545	49cdf0fdde895a6fdc135c2d75ca565b	0f403501e736c066994d8b56947b03c6	cf01ef42b315d381ca2dbe9022cde11e
546	e022c2f8c612ec60c41768e329ddb0b5	29305c0efb51e9e4fdb6cdb971ef3ca2	e3bb1c5bcf220ad4e1caf725bf22006d
547	e022c2f8c612ec60c41768e329ddb0b5	29305c0efb51e9e4fdb6cdb971ef3ca2	e3bb1c5bcf220ad4e1caf725bf22006d
548	6c819faf2d8ca28bdddcfba2c42f5d9e	47a4c27ae4aafb48cec5a9e39c4968c2	d8f1f25c6bcf4838997ebdcfe3b8c315
549	6c819faf2d8ca28bdddcfba2c42f5d9e	47a4c27ae4aafb48cec5a9e39c4968c2	d8f1f25c6bcf4838997ebdcfe3b8c315
550	6c819faf2d8ca28bdddcfba2c42f5d9e	47a4c27ae4aafb48cec5a9e39c4968c2	d8f1f25c6bcf4838997ebdcfe3b8c315
551	6c819faf2d8ca28bdddcfba2c42f5d9e	47a4c27ae4aafb48cec5a9e39c4968c2	d8f1f25c6bcf4838997ebdcfe3b8c315
552	6c819faf2d8ca28bdddcfba2c42f5d9e	47a4c27ae4aafb48cec5a9e39c4968c2	d8f1f25c6bcf4838997ebdcfe3b8c315
553	6c819faf2d8ca28bdddcfba2c42f5d9e	47a4c27ae4aafb48cec5a9e39c4968c2	d8f1f25c6bcf4838997ebdcfe3b8c315
554	6c819faf2d8ca28bdddcfba2c42f5d9e	47a4c27ae4aafb48cec5a9e39c4968c2	d8f1f25c6bcf4838997ebdcfe3b8c315
555	f726ca93447b57d612389e503bfc3334	36dcefa55f2c68f2f13fac5d99b4005d	ac8fd9dda807f209d1eb1684f0572a41
556	f726ca93447b57d612389e503bfc3334	36dcefa55f2c68f2f13fac5d99b4005d	ac8fd9dda807f209d1eb1684f0572a41
557	f726ca93447b57d612389e503bfc3334	36dcefa55f2c68f2f13fac5d99b4005d	ac8fd9dda807f209d1eb1684f0572a41
558	f726ca93447b57d612389e503bfc3334	36dcefa55f2c68f2f13fac5d99b4005d	ac8fd9dda807f209d1eb1684f0572a41
559	f726ca93447b57d612389e503bfc3334	36dcefa55f2c68f2f13fac5d99b4005d	ac8fd9dda807f209d1eb1684f0572a41
560	f726ca93447b57d612389e503bfc3334	36dcefa55f2c68f2f13fac5d99b4005d	ac8fd9dda807f209d1eb1684f0572a41
561	f726ca93447b57d612389e503bfc3334	36dcefa55f2c68f2f13fac5d99b4005d	ac8fd9dda807f209d1eb1684f0572a41
562	f726ca93447b57d612389e503bfc3334	36dcefa55f2c68f2f13fac5d99b4005d	ac8fd9dda807f209d1eb1684f0572a41
563	f726ca93447b57d612389e503bfc3334	36dcefa55f2c68f2f13fac5d99b4005d	ac8fd9dda807f209d1eb1684f0572a41
564	f726ca93447b57d612389e503bfc3334	36dcefa55f2c68f2f13fac5d99b4005d	ac8fd9dda807f209d1eb1684f0572a41
565	4ccc41ccf6cb84b368ef126cfb7e42e1	ed1ba451de58f7567f9eda0cffe3c1de	401f77befc1be72c4ace8576f9e9df30
566	4ccc41ccf6cb84b368ef126cfb7e42e1	ed1ba451de58f7567f9eda0cffe3c1de	401f77befc1be72c4ace8576f9e9df30
567	4ccc41ccf6cb84b368ef126cfb7e42e1	ed1ba451de58f7567f9eda0cffe3c1de	401f77befc1be72c4ace8576f9e9df30
568	4ccc41ccf6cb84b368ef126cfb7e42e1	ed1ba451de58f7567f9eda0cffe3c1de	401f77befc1be72c4ace8576f9e9df30
569	4ccc41ccf6cb84b368ef126cfb7e42e1	ed1ba451de58f7567f9eda0cffe3c1de	401f77befc1be72c4ace8576f9e9df30
570	4ccc41ccf6cb84b368ef126cfb7e42e1	ed1ba451de58f7567f9eda0cffe3c1de	401f77befc1be72c4ace8576f9e9df30
571	4ccc41ccf6cb84b368ef126cfb7e42e1	ed1ba451de58f7567f9eda0cffe3c1de	401f77befc1be72c4ace8576f9e9df30
572	04c349b10cf5776bcc94ab8e1675eda5	401a9f2f946f11e2cddb1708bc77d240	447a4a0a9be024f2e7df435d95dbfdfb
573	04c349b10cf5776bcc94ab8e1675eda5	401a9f2f946f11e2cddb1708bc77d240	447a4a0a9be024f2e7df435d95dbfdfb
574	04c349b10cf5776bcc94ab8e1675eda5	401a9f2f946f11e2cddb1708bc77d240	447a4a0a9be024f2e7df435d95dbfdfb
575	2571fadba0c83cdbecc7bdf9cf3176ee	5985a68bee106236e69e137ce1c0806d	d18e3eca9b63c7f6a7c6e53883bc3132
576	067daf161e2086adc420375231072ce8	a1d8b0072d705feb2a8453efdfedd218	1abbbbb44c25aa11c3a047dcbe66e4db
577	4dc17af9f993e842fa2501c6c3e206ea	ae6b8b76f5793c769a2a300e9712cf9e	ac51d2d050e2426dcce12c58b5059c39
578	4dc17af9f993e842fa2501c6c3e206ea	ae6b8b76f5793c769a2a300e9712cf9e	ac51d2d050e2426dcce12c58b5059c39
579	4dc17af9f993e842fa2501c6c3e206ea	ae6b8b76f5793c769a2a300e9712cf9e	ac51d2d050e2426dcce12c58b5059c39
580	4dc17af9f993e842fa2501c6c3e206ea	ae6b8b76f5793c769a2a300e9712cf9e	ac51d2d050e2426dcce12c58b5059c39
581	4dc17af9f993e842fa2501c6c3e206ea	ae6b8b76f5793c769a2a300e9712cf9e	ac51d2d050e2426dcce12c58b5059c39
582	4dc17af9f993e842fa2501c6c3e206ea	ae6b8b76f5793c769a2a300e9712cf9e	ac51d2d050e2426dcce12c58b5059c39
583	4dc17af9f993e842fa2501c6c3e206ea	ae6b8b76f5793c769a2a300e9712cf9e	ac51d2d050e2426dcce12c58b5059c39
584	048d7f98b4c1aa6e591eb5b64040cb7f	8c120be77d460ce2d4e634d6c3069387	997aef8a55e36a84c612e0ead75c228f
585	048d7f98b4c1aa6e591eb5b64040cb7f	8c120be77d460ce2d4e634d6c3069387	997aef8a55e36a84c612e0ead75c228f
586	048d7f98b4c1aa6e591eb5b64040cb7f	8c120be77d460ce2d4e634d6c3069387	997aef8a55e36a84c612e0ead75c228f
587	429a9efe1334aeb7eb34224581748895	982355cd7c15d163f91254fd74167905	171253483e7a81486bb2e585ee9410d8
588	429a9efe1334aeb7eb34224581748895	982355cd7c15d163f91254fd74167905	171253483e7a81486bb2e585ee9410d8
589	21f137e172335a51d05a68794c29ed18	42a96606e8bf999cfa8a993aaad69b7e	25bf8fb92af368f07a98e86438683401
590	21f137e172335a51d05a68794c29ed18	42a96606e8bf999cfa8a993aaad69b7e	25bf8fb92af368f07a98e86438683401
591	21f137e172335a51d05a68794c29ed18	42a96606e8bf999cfa8a993aaad69b7e	25bf8fb92af368f07a98e86438683401
592	21f137e172335a51d05a68794c29ed18	42a96606e8bf999cfa8a993aaad69b7e	25bf8fb92af368f07a98e86438683401
593	21f137e172335a51d05a68794c29ed18	42a96606e8bf999cfa8a993aaad69b7e	25bf8fb92af368f07a98e86438683401
594	1a1ac7919a5959445317e90f31379ea9	24904a0fd0f274ef6bd81a6c99c91c31	c362558a6e4103402c7873ebc0844342
595	1a1ac7919a5959445317e90f31379ea9	24904a0fd0f274ef6bd81a6c99c91c31	c362558a6e4103402c7873ebc0844342
596	1a1ac7919a5959445317e90f31379ea9	24904a0fd0f274ef6bd81a6c99c91c31	c362558a6e4103402c7873ebc0844342
597	1a1ac7919a5959445317e90f31379ea9	24904a0fd0f274ef6bd81a6c99c91c31	c362558a6e4103402c7873ebc0844342
598	1a1ac7919a5959445317e90f31379ea9	24904a0fd0f274ef6bd81a6c99c91c31	c362558a6e4103402c7873ebc0844342
599	1a1ac7919a5959445317e90f31379ea9	24904a0fd0f274ef6bd81a6c99c91c31	c362558a6e4103402c7873ebc0844342
600	1a1ac7919a5959445317e90f31379ea9	24904a0fd0f274ef6bd81a6c99c91c31	c362558a6e4103402c7873ebc0844342
601	772d355dd3fb03c3dd5196279f5f79a3	2dea4874fc49acd4a8297da8174244f5	63406459c6e0aa230bc49e0ec616ba77
602	772d355dd3fb03c3dd5196279f5f79a3	2dea4874fc49acd4a8297da8174244f5	63406459c6e0aa230bc49e0ec616ba77
603	772d355dd3fb03c3dd5196279f5f79a3	d759cdec026c8cb012d89fd56fbfba73	9d17782e3481a51127c4cdaf97982b14
604	772d355dd3fb03c3dd5196279f5f79a3	2dea4874fc49acd4a8297da8174244f5	63406459c6e0aa230bc49e0ec616ba77
605	772d355dd3fb03c3dd5196279f5f79a3	2dea4874fc49acd4a8297da8174244f5	63406459c6e0aa230bc49e0ec616ba77
606	f22c77016a452de20269a85dc634ff55	1d1b1745cc91694adbed82b36c2bb89c	9ee6c3b4c24da485c16331a0faae766f
607	f22c77016a452de20269a85dc634ff55	1d1b1745cc91694adbed82b36c2bb89c	9ee6c3b4c24da485c16331a0faae766f
608	f22c77016a452de20269a85dc634ff55	1d1b1745cc91694adbed82b36c2bb89c	9ee6c3b4c24da485c16331a0faae766f
609	db1d46a8707da72f63baf65aeb3be224	67227396bcef572bd5269ea09f814a09	07641c72bbd34365377bf6e1fbcb3cd6
610	db1d46a8707da72f63baf65aeb3be224	67227396bcef572bd5269ea09f814a09	07641c72bbd34365377bf6e1fbcb3cd6
611	6f175ba2a6d21d33919ba27203b5806a	2527e79866fcf26a6e90c50707bd2584	b4514af24398a6b5fc7fbb1ebac41dfe
612	6f175ba2a6d21d33919ba27203b5806a	2527e79866fcf26a6e90c50707bd2584	b4514af24398a6b5fc7fbb1ebac41dfe
613	6000c07509d0461837e569050169c6ca	9a527e387182a60d28055e7d6de58e29	d1871c1baa917676670f1592ad3390f5
614	6000c07509d0461837e569050169c6ca	9a527e387182a60d28055e7d6de58e29	d1871c1baa917676670f1592ad3390f5
615	6000c07509d0461837e569050169c6ca	9a527e387182a60d28055e7d6de58e29	d1871c1baa917676670f1592ad3390f5
616	e641edb6eccebed5300e66f5000c2941	7729d224309cf4b9197ae51f32f4bb38	1d8649d745456dbb9c159e23790f4077
617	6000c07509d0461837e569050169c6ca	9a527e387182a60d28055e7d6de58e29	d1871c1baa917676670f1592ad3390f5
618	88fa7f7d3ddd86856328bcd62f6fe3c7	30cc14a86a727068166b77221c35035d	05e81095aab14d1ac505488a22600f5b
619	88fa7f7d3ddd86856328bcd62f6fe3c7	30cc14a86a727068166b77221c35035d	05e81095aab14d1ac505488a22600f5b
620	88fa7f7d3ddd86856328bcd62f6fe3c7	30cc14a86a727068166b77221c35035d	05e81095aab14d1ac505488a22600f5b
621	88fa7f7d3ddd86856328bcd62f6fe3c7	30cc14a86a727068166b77221c35035d	05e81095aab14d1ac505488a22600f5b
622	88fa7f7d3ddd86856328bcd62f6fe3c7	30cc14a86a727068166b77221c35035d	05e81095aab14d1ac505488a22600f5b
623	88fa7f7d3ddd86856328bcd62f6fe3c7	30cc14a86a727068166b77221c35035d	05e81095aab14d1ac505488a22600f5b
624	88fa7f7d3ddd86856328bcd62f6fe3c7	30cc14a86a727068166b77221c35035d	05e81095aab14d1ac505488a22600f5b
625	9d70cbcf990fa8b4153f8395166ec939	b2f84a07cff9a66285b4ca6784605677	4b5581a9614fe3ec92996f00b1dddd89
626	9d70cbcf990fa8b4153f8395166ec939	b2f84a07cff9a66285b4ca6784605677	4b5581a9614fe3ec92996f00b1dddd89
627	9d70cbcf990fa8b4153f8395166ec939	b2f84a07cff9a66285b4ca6784605677	4b5581a9614fe3ec92996f00b1dddd89
628	9d70cbcf990fa8b4153f8395166ec939	b2f84a07cff9a66285b4ca6784605677	4b5581a9614fe3ec92996f00b1dddd89
629	9d70cbcf990fa8b4153f8395166ec939	b2f84a07cff9a66285b4ca6784605677	4b5581a9614fe3ec92996f00b1dddd89
630	ab58decb5c918a705e7239e6cc222269	4332ad56f860b5b744fd650a263d23c6	6a9ab318171940eb5c8bfc724b5b9461
631	ab58decb5c918a705e7239e6cc222269	4332ad56f860b5b744fd650a263d23c6	6a9ab318171940eb5c8bfc724b5b9461
632	ab58decb5c918a705e7239e6cc222269	4332ad56f860b5b744fd650a263d23c6	6a9ab318171940eb5c8bfc724b5b9461
633	ab58decb5c918a705e7239e6cc222269	4332ad56f860b5b744fd650a263d23c6	6a9ab318171940eb5c8bfc724b5b9461
634	ab58decb5c918a705e7239e6cc222269	4332ad56f860b5b744fd650a263d23c6	6a9ab318171940eb5c8bfc724b5b9461
635	04faf05d89f8591ac69d0ea68f8f0124	c59a40103cd039b96a8e6c34dfdaa97d	78e518bdcc458d46d087f179c65b6dba
636	04faf05d89f8591ac69d0ea68f8f0124	c59a40103cd039b96a8e6c34dfdaa97d	78e518bdcc458d46d087f179c65b6dba
637	04faf05d89f8591ac69d0ea68f8f0124	c59a40103cd039b96a8e6c34dfdaa97d	78e518bdcc458d46d087f179c65b6dba
638	04faf05d89f8591ac69d0ea68f8f0124	c59a40103cd039b96a8e6c34dfdaa97d	78e518bdcc458d46d087f179c65b6dba
639	04faf05d89f8591ac69d0ea68f8f0124	c59a40103cd039b96a8e6c34dfdaa97d	78e518bdcc458d46d087f179c65b6dba
640	04faf05d89f8591ac69d0ea68f8f0124	c59a40103cd039b96a8e6c34dfdaa97d	78e518bdcc458d46d087f179c65b6dba
641	04faf05d89f8591ac69d0ea68f8f0124	c59a40103cd039b96a8e6c34dfdaa97d	78e518bdcc458d46d087f179c65b6dba
642	04faf05d89f8591ac69d0ea68f8f0124	c59a40103cd039b96a8e6c34dfdaa97d	78e518bdcc458d46d087f179c65b6dba
643	04faf05d89f8591ac69d0ea68f8f0124	c59a40103cd039b96a8e6c34dfdaa97d	78e518bdcc458d46d087f179c65b6dba
644	04faf05d89f8591ac69d0ea68f8f0124	c59a40103cd039b96a8e6c34dfdaa97d	78e518bdcc458d46d087f179c65b6dba
645	ab722ea57f8cc007399ce29e9b24f58a	63356148630828ec8d37a2181af20864	72dedf95de494e49d470f5416435b7aa
646	04faf05d89f8591ac69d0ea68f8f0124	c59a40103cd039b96a8e6c34dfdaa97d	78e518bdcc458d46d087f179c65b6dba
647	0282ae8639730b49b074f4bc07a6c9e9	a66fa6b82e836b853a3ab780ce11b5b7	6813433777fe41c264c6e31faf215045
648	0282ae8639730b49b074f4bc07a6c9e9	a66fa6b82e836b853a3ab780ce11b5b7	6813433777fe41c264c6e31faf215045
649	0282ae8639730b49b074f4bc07a6c9e9	a66fa6b82e836b853a3ab780ce11b5b7	6813433777fe41c264c6e31faf215045
650	0282ae8639730b49b074f4bc07a6c9e9	a66fa6b82e836b853a3ab780ce11b5b7	6813433777fe41c264c6e31faf215045
651	0282ae8639730b49b074f4bc07a6c9e9	a66fa6b82e836b853a3ab780ce11b5b7	6813433777fe41c264c6e31faf215045
652	0282ae8639730b49b074f4bc07a6c9e9	a66fa6b82e836b853a3ab780ce11b5b7	6813433777fe41c264c6e31faf215045
653	0282ae8639730b49b074f4bc07a6c9e9	a66fa6b82e836b853a3ab780ce11b5b7	6813433777fe41c264c6e31faf215045
654	260ec37e147c2c6a23390a39864b2f55	ee6da1687ffb1712a13453ed5f4f4934	517fb30ff20549104699394eaf0c5620
655	260ec37e147c2c6a23390a39864b2f55	ee6da1687ffb1712a13453ed5f4f4934	517fb30ff20549104699394eaf0c5620
656	260ec37e147c2c6a23390a39864b2f55	ee6da1687ffb1712a13453ed5f4f4934	517fb30ff20549104699394eaf0c5620
657	830287ce00f41c96db36a04cdad3302e	28b1e8adfe66436e389831fbf50eed33	07a6dcb4a3f6286e62308dc94cb45794
658	227bf09e9ef0583779100c15169ff2a5	1f021501ac0d64e0e30a91434ce6bddb	8f7b377cbbc8a47b94ae19055a8bf99b
659	260ec37e147c2c6a23390a39864b2f55	ee6da1687ffb1712a13453ed5f4f4934	517fb30ff20549104699394eaf0c5620
660	260ec37e147c2c6a23390a39864b2f55	ee6da1687ffb1712a13453ed5f4f4934	517fb30ff20549104699394eaf0c5620
661	260ec37e147c2c6a23390a39864b2f55	ee6da1687ffb1712a13453ed5f4f4934	517fb30ff20549104699394eaf0c5620
662	68d8ed04a88036a64651958db854c107	4b21713b882dde48667735fea81db9ae	fa1f3016365423d2961d99e8ee600b0f
663	e0cf09b75f739209555bdc1092076d95	6ed6caf7467996f1b3d992d9927e7146	8a436a5002a9f0fa6edb19f445941243
664	7f49efb6424c0f7cbac7a7d264285333	b5acdef68aab57326aa697e38cda0333	2c4315f81f3448989fc9b472e3d30db7
665	7f49efb6424c0f7cbac7a7d264285333	b5acdef68aab57326aa697e38cda0333	2c4315f81f3448989fc9b472e3d30db7
666	7f49efb6424c0f7cbac7a7d264285333	b5acdef68aab57326aa697e38cda0333	2c4315f81f3448989fc9b472e3d30db7
667	7f49efb6424c0f7cbac7a7d264285333	b5acdef68aab57326aa697e38cda0333	2c4315f81f3448989fc9b472e3d30db7
668	7f49efb6424c0f7cbac7a7d264285333	b5acdef68aab57326aa697e38cda0333	2c4315f81f3448989fc9b472e3d30db7
669	7f49efb6424c0f7cbac7a7d264285333	b5acdef68aab57326aa697e38cda0333	2c4315f81f3448989fc9b472e3d30db7
670	7f49efb6424c0f7cbac7a7d264285333	b5acdef68aab57326aa697e38cda0333	2c4315f81f3448989fc9b472e3d30db7
671	11f66e22a81c402993cb683205da9b4d	5d5287498e2f9a826ec8ae9d48363f94	0433f9b31e315ed4627d7f64dc013962
672	11f66e22a81c402993cb683205da9b4d	1ab640e658396bc37ff0b61b3c621a41	0678bb772fa2386a796d6820c8c978b1
673	11f66e22a81c402993cb683205da9b4d	1ab640e658396bc37ff0b61b3c621a41	0678bb772fa2386a796d6820c8c978b1
674	ddc742ed3073a81bdc6a38fb70a206bc	c1ac443d10f79f133f3123766a4d7413	46d03cf97935de659796609f71d2825b
675	bf84cf380f96828b501d31fc2709bb49	ee5474b0f1bea7077a378e849475f5f7	23af191334792b2bb670340492693959
676	a86d138b0216e9bcb64dc58376f1e267	ec01f77319e1a4f7ba221ea1e4250d14	01b6cf8b56c594543be82441cf52dd0c
677	a86d138b0216e9bcb64dc58376f1e267	ec01f77319e1a4f7ba221ea1e4250d14	01b6cf8b56c594543be82441cf52dd0c
678	a86d138b0216e9bcb64dc58376f1e267	ec01f77319e1a4f7ba221ea1e4250d14	01b6cf8b56c594543be82441cf52dd0c
679	a86d138b0216e9bcb64dc58376f1e267	ec01f77319e1a4f7ba221ea1e4250d14	01b6cf8b56c594543be82441cf52dd0c
680	a86d138b0216e9bcb64dc58376f1e267	ec01f77319e1a4f7ba221ea1e4250d14	01b6cf8b56c594543be82441cf52dd0c
681	a86d138b0216e9bcb64dc58376f1e267	ec01f77319e1a4f7ba221ea1e4250d14	01b6cf8b56c594543be82441cf52dd0c
682	a86d138b0216e9bcb64dc58376f1e267	ec01f77319e1a4f7ba221ea1e4250d14	01b6cf8b56c594543be82441cf52dd0c
683	a86d138b0216e9bcb64dc58376f1e267	ec01f77319e1a4f7ba221ea1e4250d14	01b6cf8b56c594543be82441cf52dd0c
684	a86d138b0216e9bcb64dc58376f1e267	ec01f77319e1a4f7ba221ea1e4250d14	01b6cf8b56c594543be82441cf52dd0c
685	a86d138b0216e9bcb64dc58376f1e267	ec01f77319e1a4f7ba221ea1e4250d14	01b6cf8b56c594543be82441cf52dd0c
686	a86d138b0216e9bcb64dc58376f1e267	ec01f77319e1a4f7ba221ea1e4250d14	01b6cf8b56c594543be82441cf52dd0c
687	a86d138b0216e9bcb64dc58376f1e267	ec01f77319e1a4f7ba221ea1e4250d14	01b6cf8b56c594543be82441cf52dd0c
688	a86d138b0216e9bcb64dc58376f1e267	ec01f77319e1a4f7ba221ea1e4250d14	01b6cf8b56c594543be82441cf52dd0c
689	a86d138b0216e9bcb64dc58376f1e267	ec01f77319e1a4f7ba221ea1e4250d14	01b6cf8b56c594543be82441cf52dd0c
690	a86d138b0216e9bcb64dc58376f1e267	ec01f77319e1a4f7ba221ea1e4250d14	01b6cf8b56c594543be82441cf52dd0c
691	a86d138b0216e9bcb64dc58376f1e267	ec01f77319e1a4f7ba221ea1e4250d14	01b6cf8b56c594543be82441cf52dd0c
692	a86d138b0216e9bcb64dc58376f1e267	ec01f77319e1a4f7ba221ea1e4250d14	01b6cf8b56c594543be82441cf52dd0c
693	acfa1ea73b2c7b045c6de3801efd2f1b	485774df31b2825a0147e164ac63a34d	926f103e283cca765e4756846c048e6c
694	acfa1ea73b2c7b045c6de3801efd2f1b	485774df31b2825a0147e164ac63a34d	926f103e283cca765e4756846c048e6c
695	acfa1ea73b2c7b045c6de3801efd2f1b	485774df31b2825a0147e164ac63a34d	926f103e283cca765e4756846c048e6c
696	acfa1ea73b2c7b045c6de3801efd2f1b	485774df31b2825a0147e164ac63a34d	926f103e283cca765e4756846c048e6c
697	acfa1ea73b2c7b045c6de3801efd2f1b	485774df31b2825a0147e164ac63a34d	926f103e283cca765e4756846c048e6c
698	acfa1ea73b2c7b045c6de3801efd2f1b	485774df31b2825a0147e164ac63a34d	926f103e283cca765e4756846c048e6c
699	acfa1ea73b2c7b045c6de3801efd2f1b	485774df31b2825a0147e164ac63a34d	926f103e283cca765e4756846c048e6c
700	e224a51a3b236fec25028c182a6c2e98	0101fb722c2d1531be4870e1ab4201c9	e5f3403ef094d6c21323d2e920db76b9
701	e224a51a3b236fec25028c182a6c2e98	0101fb722c2d1531be4870e1ab4201c9	e5f3403ef094d6c21323d2e920db76b9
702	e224a51a3b236fec25028c182a6c2e98	0101fb722c2d1531be4870e1ab4201c9	e5f3403ef094d6c21323d2e920db76b9
703	38df578ada60d273939e6ecaa7d5661a	fdd1046d17f86ae8da2e5e9632ede554	2de1cf4bb43bd72136df3406049ad0f8
704	38df578ada60d273939e6ecaa7d5661a	fdd1046d17f86ae8da2e5e9632ede554	2de1cf4bb43bd72136df3406049ad0f8
705	95472e4893770bbf365a1f5fe5c12bd9	555c35a5d98a0a574cf0f523c09b9616	bca830c8935e2f2649d4a77721ae2911
706	95472e4893770bbf365a1f5fe5c12bd9	555c35a5d98a0a574cf0f523c09b9616	bca830c8935e2f2649d4a77721ae2911
707	95472e4893770bbf365a1f5fe5c12bd9	555c35a5d98a0a574cf0f523c09b9616	bca830c8935e2f2649d4a77721ae2911
708	95472e4893770bbf365a1f5fe5c12bd9	555c35a5d98a0a574cf0f523c09b9616	bca830c8935e2f2649d4a77721ae2911
709	95472e4893770bbf365a1f5fe5c12bd9	555c35a5d98a0a574cf0f523c09b9616	bca830c8935e2f2649d4a77721ae2911
710	95472e4893770bbf365a1f5fe5c12bd9	555c35a5d98a0a574cf0f523c09b9616	bca830c8935e2f2649d4a77721ae2911
711	95472e4893770bbf365a1f5fe5c12bd9	555c35a5d98a0a574cf0f523c09b9616	bca830c8935e2f2649d4a77721ae2911
712	a681a51c02113e13db1f068ce54e98ae	5e0641dc992fa4b5fd0fd5c45bc679e5	430f99ec5d2b9ffdb6e69e11f9f67272
713	a681a51c02113e13db1f068ce54e98ae	5e0641dc992fa4b5fd0fd5c45bc679e5	430f99ec5d2b9ffdb6e69e11f9f67272
714	a681a51c02113e13db1f068ce54e98ae	5e0641dc992fa4b5fd0fd5c45bc679e5	430f99ec5d2b9ffdb6e69e11f9f67272
715	a681a51c02113e13db1f068ce54e98ae	5e0641dc992fa4b5fd0fd5c45bc679e5	430f99ec5d2b9ffdb6e69e11f9f67272
716	a681a51c02113e13db1f068ce54e98ae	5e0641dc992fa4b5fd0fd5c45bc679e5	430f99ec5d2b9ffdb6e69e11f9f67272
717	bb1e5c2a316444a937c1c8bde72c019f	fd623626293de6a9b85d98932172946a	3f8fd6e1894ea5099f3eb5300b03665c
718	bb1e5c2a316444a937c1c8bde72c019f	fd623626293de6a9b85d98932172946a	3f8fd6e1894ea5099f3eb5300b03665c
719	bb1e5c2a316444a937c1c8bde72c019f	fd623626293de6a9b85d98932172946a	3f8fd6e1894ea5099f3eb5300b03665c
720	bb1e5c2a316444a937c1c8bde72c019f	fd623626293de6a9b85d98932172946a	3f8fd6e1894ea5099f3eb5300b03665c
721	bb1e5c2a316444a937c1c8bde72c019f	fd623626293de6a9b85d98932172946a	3f8fd6e1894ea5099f3eb5300b03665c
722	bb1e5c2a316444a937c1c8bde72c019f	fd623626293de6a9b85d98932172946a	3f8fd6e1894ea5099f3eb5300b03665c
723	bb1e5c2a316444a937c1c8bde72c019f	fd623626293de6a9b85d98932172946a	3f8fd6e1894ea5099f3eb5300b03665c
724	8f1b67df03809e2e0e3f0e4516dbf546	ffe44a726d0c5378bd0bc3ccbe0e7823	7bc74618235c9b2d0c18195c327dcc4b
725	8f1b67df03809e2e0e3f0e4516dbf546	ffe44a726d0c5378bd0bc3ccbe0e7823	7bc74618235c9b2d0c18195c327dcc4b
726	8f1b67df03809e2e0e3f0e4516dbf546	ffe44a726d0c5378bd0bc3ccbe0e7823	7bc74618235c9b2d0c18195c327dcc4b
727	8f1b67df03809e2e0e3f0e4516dbf546	ffe44a726d0c5378bd0bc3ccbe0e7823	7bc74618235c9b2d0c18195c327dcc4b
728	8f1b67df03809e2e0e3f0e4516dbf546	ffe44a726d0c5378bd0bc3ccbe0e7823	7bc74618235c9b2d0c18195c327dcc4b
729	8f1b67df03809e2e0e3f0e4516dbf546	ffe44a726d0c5378bd0bc3ccbe0e7823	7bc74618235c9b2d0c18195c327dcc4b
730	8f1b67df03809e2e0e3f0e4516dbf546	ffe44a726d0c5378bd0bc3ccbe0e7823	7bc74618235c9b2d0c18195c327dcc4b
731	8f1b67df03809e2e0e3f0e4516dbf546	ffe44a726d0c5378bd0bc3ccbe0e7823	7bc74618235c9b2d0c18195c327dcc4b
732	8f1b67df03809e2e0e3f0e4516dbf546	ffe44a726d0c5378bd0bc3ccbe0e7823	7bc74618235c9b2d0c18195c327dcc4b
733	8f1b67df03809e2e0e3f0e4516dbf546	ffe44a726d0c5378bd0bc3ccbe0e7823	7bc74618235c9b2d0c18195c327dcc4b
734	17b47e1cf08e6f30fe4dee431fce714a	e0e42536dc0ee100a63fc3c3e0ed7234	dbdf62ec2c54d785d93e57d42c3d43fe
735	17b47e1cf08e6f30fe4dee431fce714a	e0e42536dc0ee100a63fc3c3e0ed7234	dbdf62ec2c54d785d93e57d42c3d43fe
736	17b47e1cf08e6f30fe4dee431fce714a	e0e42536dc0ee100a63fc3c3e0ed7234	dbdf62ec2c54d785d93e57d42c3d43fe
737	830d166f2e0cc144b5b827c488aabbaf	3af3fa393a9dc695e9fcc07a48c1c51b	b66b0cbac95a3c0c8494c28a88ffd355
738	830d166f2e0cc144b5b827c488aabbaf	3af3fa393a9dc695e9fcc07a48c1c51b	b66b0cbac95a3c0c8494c28a88ffd355
739	5dd9866fa1c9996cbfbd41c2ea69c336	148de4f3b85fa7463da4dd1fe4d6c874	aa79e3dce0c6b001ef0b53cac824aa36
740	493a333f508d1ef8657944863c644374	f618d0ab35415ac85cabd2b05b43acad	e60ff5ec658e516b6850c92be1edf465
741	afc40429ee20094e8b77688f338f4f8f	8215703bfd4d19a3767c5cb2944a0795	c91e5895140641935ee0a199f0c2a762
742	afc40429ee20094e8b77688f338f4f8f	8215703bfd4d19a3767c5cb2944a0795	c91e5895140641935ee0a199f0c2a762
743	afc40429ee20094e8b77688f338f4f8f	8215703bfd4d19a3767c5cb2944a0795	c91e5895140641935ee0a199f0c2a762
744	afc40429ee20094e8b77688f338f4f8f	8215703bfd4d19a3767c5cb2944a0795	c91e5895140641935ee0a199f0c2a762
745	afc40429ee20094e8b77688f338f4f8f	8215703bfd4d19a3767c5cb2944a0795	c91e5895140641935ee0a199f0c2a762
746	1e8200b1acd0521d21289bef80837ae3	3096bf89ea3a3b2efbbb71046f76077b	6870f762f5af4ecdd1f05ffd99217205
747	1e8200b1acd0521d21289bef80837ae3	3096bf89ea3a3b2efbbb71046f76077b	6870f762f5af4ecdd1f05ffd99217205
748	1e8200b1acd0521d21289bef80837ae3	3096bf89ea3a3b2efbbb71046f76077b	6870f762f5af4ecdd1f05ffd99217205
749	1e8200b1acd0521d21289bef80837ae3	3096bf89ea3a3b2efbbb71046f76077b	6870f762f5af4ecdd1f05ffd99217205
750	1e8200b1acd0521d21289bef80837ae3	3096bf89ea3a3b2efbbb71046f76077b	6870f762f5af4ecdd1f05ffd99217205
751	1e8200b1acd0521d21289bef80837ae3	3096bf89ea3a3b2efbbb71046f76077b	6870f762f5af4ecdd1f05ffd99217205
752	1e8200b1acd0521d21289bef80837ae3	3096bf89ea3a3b2efbbb71046f76077b	6870f762f5af4ecdd1f05ffd99217205
753	3ff5f7c82a47805bbffd8ba481ae82ca	2b936b88272dadccab4ced31a50ace5a	fe273aa47fb6b3b3e601182c3d0e0928
754	22c2b30bb4aea2da1b3799b0230fd55a	c91e5dc0683cb30cfcd514e4c65c3de6	c54ae95b1df30805f16c5202e134dbb8
755	22c2b30bb4aea2da1b3799b0230fd55a	c91e5dc0683cb30cfcd514e4c65c3de6	c54ae95b1df30805f16c5202e134dbb8
756	3ff5f7c82a47805bbffd8ba481ae82ca	2b936b88272dadccab4ced31a50ace5a	fe273aa47fb6b3b3e601182c3d0e0928
757	3ff5f7c82a47805bbffd8ba481ae82ca	2b936b88272dadccab4ced31a50ace5a	fe273aa47fb6b3b3e601182c3d0e0928
758	3ff5f7c82a47805bbffd8ba481ae82ca	2b936b88272dadccab4ced31a50ace5a	fe273aa47fb6b3b3e601182c3d0e0928
759	3ff5f7c82a47805bbffd8ba481ae82ca	2b936b88272dadccab4ced31a50ace5a	fe273aa47fb6b3b3e601182c3d0e0928
760	3ff5f7c82a47805bbffd8ba481ae82ca	2b936b88272dadccab4ced31a50ace5a	fe273aa47fb6b3b3e601182c3d0e0928
761	7c90b9e00f3e04d3535352d20c0b5e26	e79832209597c9149826cd9e502dc02a	f197b2a4f0eed5c124691fd61cb93854
762	0cd325d2c944323cd16ab12d752ac9cc	0af30f73d648be26e2b8508f1cae0b1a	e5cf9545b3278b414f9ff24cc52324b0
763	915dee63bb588c073de82d86c45ab6ee	3281f5fb96848943e9bed7ac49400a48	d9570a712bb3f4549648925defb826db
764	915dee63bb588c073de82d86c45ab6ee	3281f5fb96848943e9bed7ac49400a48	d9570a712bb3f4549648925defb826db
765	915dee63bb588c073de82d86c45ab6ee	3281f5fb96848943e9bed7ac49400a48	d9570a712bb3f4549648925defb826db
766	915dee63bb588c073de82d86c45ab6ee	3281f5fb96848943e9bed7ac49400a48	d9570a712bb3f4549648925defb826db
767	915dee63bb588c073de82d86c45ab6ee	3281f5fb96848943e9bed7ac49400a48	d9570a712bb3f4549648925defb826db
768	915dee63bb588c073de82d86c45ab6ee	3281f5fb96848943e9bed7ac49400a48	d9570a712bb3f4549648925defb826db
769	915dee63bb588c073de82d86c45ab6ee	3281f5fb96848943e9bed7ac49400a48	d9570a712bb3f4549648925defb826db
770	d53b39661413e96178d62c0e566a3472	63843b67323e91f64c77a5e91bc9568e	7c2685aae0d1cd7f36e43ff41ccee2fc
771	d53b39661413e96178d62c0e566a3472	63843b67323e91f64c77a5e91bc9568e	7c2685aae0d1cd7f36e43ff41ccee2fc
772	d53b39661413e96178d62c0e566a3472	63843b67323e91f64c77a5e91bc9568e	7c2685aae0d1cd7f36e43ff41ccee2fc
773	2724531f4416ba4191e274f4022eae38	8bf5f8af133755fe48a8fd10fb5eec22	725c4e4e7596bd6e9f7dd1ec19adbf8a
774	2724531f4416ba4191e274f4022eae38	8bf5f8af133755fe48a8fd10fb5eec22	725c4e4e7596bd6e9f7dd1ec19adbf8a
775	915dee63bb588c073de82d86c45ab6ee	3281f5fb96848943e9bed7ac49400a48	d9570a712bb3f4549648925defb826db
776	915dee63bb588c073de82d86c45ab6ee	3281f5fb96848943e9bed7ac49400a48	d9570a712bb3f4549648925defb826db
777	915dee63bb588c073de82d86c45ab6ee	3281f5fb96848943e9bed7ac49400a48	d9570a712bb3f4549648925defb826db
778	915dee63bb588c073de82d86c45ab6ee	3281f5fb96848943e9bed7ac49400a48	d9570a712bb3f4549648925defb826db
779	915dee63bb588c073de82d86c45ab6ee	3281f5fb96848943e9bed7ac49400a48	d9570a712bb3f4549648925defb826db
780	915dee63bb588c073de82d86c45ab6ee	3281f5fb96848943e9bed7ac49400a48	d9570a712bb3f4549648925defb826db
781	915dee63bb588c073de82d86c45ab6ee	3281f5fb96848943e9bed7ac49400a48	d9570a712bb3f4549648925defb826db
782	915dee63bb588c073de82d86c45ab6ee	3281f5fb96848943e9bed7ac49400a48	d9570a712bb3f4549648925defb826db
783	915dee63bb588c073de82d86c45ab6ee	3281f5fb96848943e9bed7ac49400a48	d9570a712bb3f4549648925defb826db
784	915dee63bb588c073de82d86c45ab6ee	3281f5fb96848943e9bed7ac49400a48	d9570a712bb3f4549648925defb826db
785	915dee63bb588c073de82d86c45ab6ee	3281f5fb96848943e9bed7ac49400a48	d9570a712bb3f4549648925defb826db
786	915dee63bb588c073de82d86c45ab6ee	3281f5fb96848943e9bed7ac49400a48	d9570a712bb3f4549648925defb826db
787	6469a9592f061fd0724f45b2d2b95a10	07093e90649d049e703c20fd13808391	9f6894efedacc3c16d8e3d6d7462c59f
788	6469a9592f061fd0724f45b2d2b95a10	07093e90649d049e703c20fd13808391	9f6894efedacc3c16d8e3d6d7462c59f
789	6469a9592f061fd0724f45b2d2b95a10	07093e90649d049e703c20fd13808391	9f6894efedacc3c16d8e3d6d7462c59f
790	6469a9592f061fd0724f45b2d2b95a10	07093e90649d049e703c20fd13808391	9f6894efedacc3c16d8e3d6d7462c59f
791	6469a9592f061fd0724f45b2d2b95a10	07093e90649d049e703c20fd13808391	9f6894efedacc3c16d8e3d6d7462c59f
792	6469a9592f061fd0724f45b2d2b95a10	07093e90649d049e703c20fd13808391	9f6894efedacc3c16d8e3d6d7462c59f
793	6469a9592f061fd0724f45b2d2b95a10	07093e90649d049e703c20fd13808391	9f6894efedacc3c16d8e3d6d7462c59f
794	6469a9592f061fd0724f45b2d2b95a10	07093e90649d049e703c20fd13808391	9f6894efedacc3c16d8e3d6d7462c59f
795	6469a9592f061fd0724f45b2d2b95a10	07093e90649d049e703c20fd13808391	9f6894efedacc3c16d8e3d6d7462c59f
796	6469a9592f061fd0724f45b2d2b95a10	07093e90649d049e703c20fd13808391	9f6894efedacc3c16d8e3d6d7462c59f
797	6469a9592f061fd0724f45b2d2b95a10	07093e90649d049e703c20fd13808391	9f6894efedacc3c16d8e3d6d7462c59f
798	6469a9592f061fd0724f45b2d2b95a10	07093e90649d049e703c20fd13808391	9f6894efedacc3c16d8e3d6d7462c59f
799	6469a9592f061fd0724f45b2d2b95a10	07093e90649d049e703c20fd13808391	9f6894efedacc3c16d8e3d6d7462c59f
800	6469a9592f061fd0724f45b2d2b95a10	07093e90649d049e703c20fd13808391	9f6894efedacc3c16d8e3d6d7462c59f
801	6469a9592f061fd0724f45b2d2b95a10	07093e90649d049e703c20fd13808391	9f6894efedacc3c16d8e3d6d7462c59f
802	6469a9592f061fd0724f45b2d2b95a10	07093e90649d049e703c20fd13808391	9f6894efedacc3c16d8e3d6d7462c59f
803	6469a9592f061fd0724f45b2d2b95a10	07093e90649d049e703c20fd13808391	9f6894efedacc3c16d8e3d6d7462c59f
804	8de9d9ea1a68f818798f5e702c8d2b18	d9c5556d4212da7ee50b156c8c2bc0cd	72fb0fa5c64cdc16170805fc0c5a483f
805	8de9d9ea1a68f818798f5e702c8d2b18	d9c5556d4212da7ee50b156c8c2bc0cd	72fb0fa5c64cdc16170805fc0c5a483f
806	8de9d9ea1a68f818798f5e702c8d2b18	d9c5556d4212da7ee50b156c8c2bc0cd	72fb0fa5c64cdc16170805fc0c5a483f
807	8de9d9ea1a68f818798f5e702c8d2b18	d9c5556d4212da7ee50b156c8c2bc0cd	72fb0fa5c64cdc16170805fc0c5a483f
808	8de9d9ea1a68f818798f5e702c8d2b18	d9c5556d4212da7ee50b156c8c2bc0cd	72fb0fa5c64cdc16170805fc0c5a483f
809	8de9d9ea1a68f818798f5e702c8d2b18	d9c5556d4212da7ee50b156c8c2bc0cd	72fb0fa5c64cdc16170805fc0c5a483f
810	8de9d9ea1a68f818798f5e702c8d2b18	d9c5556d4212da7ee50b156c8c2bc0cd	72fb0fa5c64cdc16170805fc0c5a483f
811	f66dec926193447de3e704d63a9873ef	ee700615bdc489c4702e3e40b0910c9e	52928420aedbc852f1da26d5df3ea6a8
812	f66dec926193447de3e704d63a9873ef	ee700615bdc489c4702e3e40b0910c9e	52928420aedbc852f1da26d5df3ea6a8
813	f66dec926193447de3e704d63a9873ef	ee700615bdc489c4702e3e40b0910c9e	52928420aedbc852f1da26d5df3ea6a8
814	bd284740e2409a9e1f22b456b81d335b	65a0c2c1003d102e5b79d338c9e36791	5340736490585804511365127ffcb93a
815	bd284740e2409a9e1f22b456b81d335b	65a0c2c1003d102e5b79d338c9e36791	5340736490585804511365127ffcb93a
816	ae3fe8effea8e6ccb5dd6b3ca89bff83	239664469d50db633ab582261fa38da1	09b2269d965a25a18983dc4b98af1c55
817	ae3fe8effea8e6ccb5dd6b3ca89bff83	239664469d50db633ab582261fa38da1	09b2269d965a25a18983dc4b98af1c55
818	ae3fe8effea8e6ccb5dd6b3ca89bff83	239664469d50db633ab582261fa38da1	09b2269d965a25a18983dc4b98af1c55
819	124701b661732761cab5c6f4e940352b	f90c2d2073bbeeeef2b6000c9d752887	41326f27563ac51831d98e5727a803c3
820	0b9843e05f4c7d8e1119c697525ad286	9cdbf41a440831f0ec8d7c1e7e07eaf2	d46855345faae5a087fc0323cf457a32
821	4afdcce75ecc68b72e3f7f98eb548ba9	b4f98ad23159b28aab238bfd6da8202b	20b767ce17a8aef8e60786b135ca2ad7
822	3aa14751b8c500c1acb0f8dee3613384	6d1043f8258af923b62dfab6f1028e82	fc113c1cafb2c851f437035873ce8d2e
823	cc1e247c182ed3f24f9574571b18afd2	82a02e93d3a71ecc326347ab443f563c	a96040393a1036c978c2c0eed8534fab
824	e7e157e2aff45aeab5e223ad94a3bb8e	e506eae03605fa776546e9df10f0ba59	d99da335e688ce223ef47b78bf5ad170
825	e7e157e2aff45aeab5e223ad94a3bb8e	e506eae03605fa776546e9df10f0ba59	d99da335e688ce223ef47b78bf5ad170
826	55150981581986ac071a1aca068e9df4	5bbb9886eb5981b1450f395233a0be0f	24abd7dba18e576a87bbd714831bb0cf
827	55150981581986ac071a1aca068e9df4	5bbb9886eb5981b1450f395233a0be0f	24abd7dba18e576a87bbd714831bb0cf
828	e04cf1794b210e87e3054210465e4d39	3b7b5f11b7dadc079083dbf58ddce02d	f17eeddbb4ff43eb15fcbcc835668a6a
829	e04cf1794b210e87e3054210465e4d39	3b7b5f11b7dadc079083dbf58ddce02d	f17eeddbb4ff43eb15fcbcc835668a6a
830	e04cf1794b210e87e3054210465e4d39	3b7b5f11b7dadc079083dbf58ddce02d	f17eeddbb4ff43eb15fcbcc835668a6a
831	e04cf1794b210e87e3054210465e4d39	3b7b5f11b7dadc079083dbf58ddce02d	f17eeddbb4ff43eb15fcbcc835668a6a
832	e04cf1794b210e87e3054210465e4d39	3b7b5f11b7dadc079083dbf58ddce02d	f17eeddbb4ff43eb15fcbcc835668a6a
833	474964c0aef132caf2b2269af2661a83	d7bc42566172199445df95bb582662b6	399a21c377d4118629bebf201debf705
834	474964c0aef132caf2b2269af2661a83	d7bc42566172199445df95bb582662b6	399a21c377d4118629bebf201debf705
835	474964c0aef132caf2b2269af2661a83	d7bc42566172199445df95bb582662b6	399a21c377d4118629bebf201debf705
836	e89b6559278513b2b7501240acfdbd0b	6dd262e686aaf37243d1bef581845f38	02052d2765870984feb5f99746449505
837	97e86c387d9c0d1ad0a0f5d7331d638c	940327a979ae08c8143a2595ea981c27	ac1dc7cf21a9384cd5d48da622beec7f
838	9cac717c1f92e91f698aa1bf95a14747	4c6f3031ae8db1e48d9fb8fea9499b1a	af27d2e9ce5349932506dbf01cfab678
839	9cac717c1f92e91f698aa1bf95a14747	4c6f3031ae8db1e48d9fb8fea9499b1a	af27d2e9ce5349932506dbf01cfab678
840	480a9862ba34ed46bde23af9fcfbae0b	7029017c1635de21576c9d4840e7e686	44ac2073b2889598f00debb6a8779eea
841	480a9862ba34ed46bde23af9fcfbae0b	7029017c1635de21576c9d4840e7e686	44ac2073b2889598f00debb6a8779eea
842	480a9862ba34ed46bde23af9fcfbae0b	7029017c1635de21576c9d4840e7e686	44ac2073b2889598f00debb6a8779eea
843	ea52cd6ba668659a22921694a20609c3	2b1da290842fa388d31a0a145d511a28	e299408be26ae50facdbe2bc4e175244
844	ea52cd6ba668659a22921694a20609c3	2b1da290842fa388d31a0a145d511a28	e299408be26ae50facdbe2bc4e175244
845	d3febc418ca5cf0d930af3793f3df6eb	4ac1b6352f5c1ad7e1cb8bcc160b2f1f	2464e4f514f0525f5f1ae9025e6a8267
846	d3febc418ca5cf0d930af3793f3df6eb	4ac1b6352f5c1ad7e1cb8bcc160b2f1f	2464e4f514f0525f5f1ae9025e6a8267
847	d3febc418ca5cf0d930af3793f3df6eb	4ac1b6352f5c1ad7e1cb8bcc160b2f1f	2464e4f514f0525f5f1ae9025e6a8267
848	d3febc418ca5cf0d930af3793f3df6eb	038072b75b2581877834bfbe424a3dc7	acb6251a8a46e445dd1a5dcb66d0a80f
849	d3febc418ca5cf0d930af3793f3df6eb	038072b75b2581877834bfbe424a3dc7	acb6251a8a46e445dd1a5dcb66d0a80f
850	d3febc418ca5cf0d930af3793f3df6eb	038072b75b2581877834bfbe424a3dc7	acb6251a8a46e445dd1a5dcb66d0a80f
851	d3febc418ca5cf0d930af3793f3df6eb	038072b75b2581877834bfbe424a3dc7	acb6251a8a46e445dd1a5dcb66d0a80f
852	6de9393cd633c78842ffb1454b46ec62	0cad974c747584ea80b54993bf15c27c	d92d7ece2e7e6c2ee5e5f6197512d2fd
853	6de9393cd633c78842ffb1454b46ec62	0cad974c747584ea80b54993bf15c27c	d92d7ece2e7e6c2ee5e5f6197512d2fd
854	6de9393cd633c78842ffb1454b46ec62	0cad974c747584ea80b54993bf15c27c	d92d7ece2e7e6c2ee5e5f6197512d2fd
855	30d6d5aa96a8fad0a51d4aa402424496	0f571473dfcdf105c8bc175623e90efc	fb081d9529ed9d00b23d61c701bf0343
856	6de9393cd633c78842ffb1454b46ec62	0cad974c747584ea80b54993bf15c27c	d92d7ece2e7e6c2ee5e5f6197512d2fd
857	5ac95723480221753f655dcb53fc9610	a5d480180a2cf286c6a91a78eaa5858e	131ce2751d0dc2c84cb8f8cdde1dd3fc
858	5ac95723480221753f655dcb53fc9610	a5d480180a2cf286c6a91a78eaa5858e	131ce2751d0dc2c84cb8f8cdde1dd3fc
859	5ac95723480221753f655dcb53fc9610	a5d480180a2cf286c6a91a78eaa5858e	131ce2751d0dc2c84cb8f8cdde1dd3fc
860	5ac95723480221753f655dcb53fc9610	a5d480180a2cf286c6a91a78eaa5858e	131ce2751d0dc2c84cb8f8cdde1dd3fc
861	5ac95723480221753f655dcb53fc9610	a5d480180a2cf286c6a91a78eaa5858e	131ce2751d0dc2c84cb8f8cdde1dd3fc
862	5ac95723480221753f655dcb53fc9610	a5d480180a2cf286c6a91a78eaa5858e	131ce2751d0dc2c84cb8f8cdde1dd3fc
863	5ac95723480221753f655dcb53fc9610	a5d480180a2cf286c6a91a78eaa5858e	131ce2751d0dc2c84cb8f8cdde1dd3fc
864	0667ba835b7c50ff5a78f29dcb495867	b287fe75cd39ff59c159a93b5a1a7e50	01c330e6e79bc8da14796dc64c64884d
865	0667ba835b7c50ff5a78f29dcb495867	b287fe75cd39ff59c159a93b5a1a7e50	01c330e6e79bc8da14796dc64c64884d
866	0667ba835b7c50ff5a78f29dcb495867	b287fe75cd39ff59c159a93b5a1a7e50	01c330e6e79bc8da14796dc64c64884d
867	0667ba835b7c50ff5a78f29dcb495867	b287fe75cd39ff59c159a93b5a1a7e50	01c330e6e79bc8da14796dc64c64884d
868	0667ba835b7c50ff5a78f29dcb495867	b287fe75cd39ff59c159a93b5a1a7e50	01c330e6e79bc8da14796dc64c64884d
869	853a0853789fb29bc7fcd806394d26e5	e4bd19d309e02813e8b3fe01be555f0f	edbd79b29eb28e0453253005342553c1
870	853a0853789fb29bc7fcd806394d26e5	e4bd19d309e02813e8b3fe01be555f0f	edbd79b29eb28e0453253005342553c1
871	853a0853789fb29bc7fcd806394d26e5	e4bd19d309e02813e8b3fe01be555f0f	edbd79b29eb28e0453253005342553c1
872	853a0853789fb29bc7fcd806394d26e5	e4bd19d309e02813e8b3fe01be555f0f	edbd79b29eb28e0453253005342553c1
873	853a0853789fb29bc7fcd806394d26e5	e4bd19d309e02813e8b3fe01be555f0f	edbd79b29eb28e0453253005342553c1
874	92bf2e983c74bab12a2a3f4433bae57a	389af824d6e864661f9d276155c1b31e	8c4d42a85b804db3e3f01d5f28431e9a
875	92bf2e983c74bab12a2a3f4433bae57a	389af824d6e864661f9d276155c1b31e	8c4d42a85b804db3e3f01d5f28431e9a
876	92bf2e983c74bab12a2a3f4433bae57a	389af824d6e864661f9d276155c1b31e	8c4d42a85b804db3e3f01d5f28431e9a
877	92bf2e983c74bab12a2a3f4433bae57a	389af824d6e864661f9d276155c1b31e	8c4d42a85b804db3e3f01d5f28431e9a
878	92bf2e983c74bab12a2a3f4433bae57a	389af824d6e864661f9d276155c1b31e	8c4d42a85b804db3e3f01d5f28431e9a
879	92bf2e983c74bab12a2a3f4433bae57a	6e79b4b5af3aeaa029b0e87bf429bf25	452392feb332d5a24f5c738b14a6c78f
880	92bf2e983c74bab12a2a3f4433bae57a	9bfc1da6bc8528362715f75115e3c9d8	0420befce9df6cacf2ddcb7b91986d4a
881	92bf2e983c74bab12a2a3f4433bae57a	d5be081f8063d032b5eacfbc921ed78d	711b132bf49450079ad43cf2990bae00
882	92bf2e983c74bab12a2a3f4433bae57a	d5be081f8063d032b5eacfbc921ed78d	711b132bf49450079ad43cf2990bae00
883	92bf2e983c74bab12a2a3f4433bae57a	d5be081f8063d032b5eacfbc921ed78d	711b132bf49450079ad43cf2990bae00
884	92bf2e983c74bab12a2a3f4433bae57a	389af824d6e864661f9d276155c1b31e	8c4d42a85b804db3e3f01d5f28431e9a
885	92bf2e983c74bab12a2a3f4433bae57a	389af824d6e864661f9d276155c1b31e	8c4d42a85b804db3e3f01d5f28431e9a
886	c5bf049be654647d1635973a4ba77e14	2455e08b9b32976b2f11888147a7a7ac	0b1da0b64eba80fcca58c35ffd82b9f8
887	c5bf049be654647d1635973a4ba77e14	2455e08b9b32976b2f11888147a7a7ac	0b1da0b64eba80fcca58c35ffd82b9f8
888	c5bf049be654647d1635973a4ba77e14	2455e08b9b32976b2f11888147a7a7ac	0b1da0b64eba80fcca58c35ffd82b9f8
889	a20684f5990958604fe5b524b2da5b33	90a03af89571cf40cf304e3126a334c5	f15f0a4c31e00bf9ffe85092566ae45a
890	a20684f5990958604fe5b524b2da5b33	90a03af89571cf40cf304e3126a334c5	f15f0a4c31e00bf9ffe85092566ae45a
891	abbb57755071bc8d37eda6e96afd4a55	e6fcdbb1fda04667610c83da507dcba3	9049d5c8bc84021ad150c3a3fb6e1c5c
892	abbb57755071bc8d37eda6e96afd4a55	e6fcdbb1fda04667610c83da507dcba3	9049d5c8bc84021ad150c3a3fb6e1c5c
893	d51abcc451a6477bae44cf3a298de816	3cdfd072f010c0aa8a69389784099db7	9dd6c83ae9f03848b1cf439ad438a14c
894	d51abcc451a6477bae44cf3a298de816	3cdfd072f010c0aa8a69389784099db7	9dd6c83ae9f03848b1cf439ad438a14c
895	d51abcc451a6477bae44cf3a298de816	3cdfd072f010c0aa8a69389784099db7	9dd6c83ae9f03848b1cf439ad438a14c
896	d51abcc451a6477bae44cf3a298de816	3cdfd072f010c0aa8a69389784099db7	9dd6c83ae9f03848b1cf439ad438a14c
897	d51abcc451a6477bae44cf3a298de816	3cdfd072f010c0aa8a69389784099db7	9dd6c83ae9f03848b1cf439ad438a14c
898	d51abcc451a6477bae44cf3a298de816	3cdfd072f010c0aa8a69389784099db7	9dd6c83ae9f03848b1cf439ad438a14c
899	d51abcc451a6477bae44cf3a298de816	3cdfd072f010c0aa8a69389784099db7	9dd6c83ae9f03848b1cf439ad438a14c
900	d51abcc451a6477bae44cf3a298de816	3cdfd072f010c0aa8a69389784099db7	9dd6c83ae9f03848b1cf439ad438a14c
901	d51abcc451a6477bae44cf3a298de816	3cdfd072f010c0aa8a69389784099db7	9dd6c83ae9f03848b1cf439ad438a14c
902	d51abcc451a6477bae44cf3a298de816	3cdfd072f010c0aa8a69389784099db7	9dd6c83ae9f03848b1cf439ad438a14c
903	3406232136d9b769fd9a0d8d1be17e29	0e6822469239fb521ef6b5d7112c291c	cde99e56f291fda137335a8b669b9379
904	3406232136d9b769fd9a0d8d1be17e29	0e6822469239fb521ef6b5d7112c291c	cde99e56f291fda137335a8b669b9379
905	3406232136d9b769fd9a0d8d1be17e29	0e6822469239fb521ef6b5d7112c291c	cde99e56f291fda137335a8b669b9379
906	3406232136d9b769fd9a0d8d1be17e29	0e6822469239fb521ef6b5d7112c291c	cde99e56f291fda137335a8b669b9379
907	3406232136d9b769fd9a0d8d1be17e29	0e6822469239fb521ef6b5d7112c291c	cde99e56f291fda137335a8b669b9379
908	3406232136d9b769fd9a0d8d1be17e29	0e6822469239fb521ef6b5d7112c291c	cde99e56f291fda137335a8b669b9379
909	3406232136d9b769fd9a0d8d1be17e29	0e6822469239fb521ef6b5d7112c291c	cde99e56f291fda137335a8b669b9379
910	06a6fbe8ab2fe0c40c238944bd85f56c	0b16ffaab321bc5aacc4aaab56427b0f	0469eb79e92aabd98e19e013df44ce2a
911	06a6fbe8ab2fe0c40c238944bd85f56c	0b16ffaab321bc5aacc4aaab56427b0f	0469eb79e92aabd98e19e013df44ce2a
912	06a6fbe8ab2fe0c40c238944bd85f56c	0b16ffaab321bc5aacc4aaab56427b0f	0469eb79e92aabd98e19e013df44ce2a
913	06a6fbe8ab2fe0c40c238944bd85f56c	0b16ffaab321bc5aacc4aaab56427b0f	0469eb79e92aabd98e19e013df44ce2a
914	06a6fbe8ab2fe0c40c238944bd85f56c	0b16ffaab321bc5aacc4aaab56427b0f	0469eb79e92aabd98e19e013df44ce2a
915	67a1913038dc615eafea2182937257ab	b0bfb0240073dbf2a1c877de47eb5ade	92651287b1c89955d6a9a93f3e3a9d30
916	67a1913038dc615eafea2182937257ab	b0bfb0240073dbf2a1c877de47eb5ade	92651287b1c89955d6a9a93f3e3a9d30
917	67a1913038dc615eafea2182937257ab	b0bfb0240073dbf2a1c877de47eb5ade	92651287b1c89955d6a9a93f3e3a9d30
918	67a1913038dc615eafea2182937257ab	b0bfb0240073dbf2a1c877de47eb5ade	92651287b1c89955d6a9a93f3e3a9d30
919	67a1913038dc615eafea2182937257ab	b0bfb0240073dbf2a1c877de47eb5ade	92651287b1c89955d6a9a93f3e3a9d30
920	67a1913038dc615eafea2182937257ab	b0bfb0240073dbf2a1c877de47eb5ade	92651287b1c89955d6a9a93f3e3a9d30
921	67a1913038dc615eafea2182937257ab	b0bfb0240073dbf2a1c877de47eb5ade	92651287b1c89955d6a9a93f3e3a9d30
922	67a1913038dc615eafea2182937257ab	b0bfb0240073dbf2a1c877de47eb5ade	92651287b1c89955d6a9a93f3e3a9d30
923	67a1913038dc615eafea2182937257ab	b0bfb0240073dbf2a1c877de47eb5ade	92651287b1c89955d6a9a93f3e3a9d30
924	67a1913038dc615eafea2182937257ab	b0bfb0240073dbf2a1c877de47eb5ade	92651287b1c89955d6a9a93f3e3a9d30
925	67a1913038dc615eafea2182937257ab	b0bfb0240073dbf2a1c877de47eb5ade	92651287b1c89955d6a9a93f3e3a9d30
926	67a1913038dc615eafea2182937257ab	b0bfb0240073dbf2a1c877de47eb5ade	92651287b1c89955d6a9a93f3e3a9d30
927	67a1913038dc615eafea2182937257ab	b0bfb0240073dbf2a1c877de47eb5ade	92651287b1c89955d6a9a93f3e3a9d30
928	67a1913038dc615eafea2182937257ab	b0bfb0240073dbf2a1c877de47eb5ade	92651287b1c89955d6a9a93f3e3a9d30
929	67a1913038dc615eafea2182937257ab	b0bfb0240073dbf2a1c877de47eb5ade	92651287b1c89955d6a9a93f3e3a9d30
930	67a1913038dc615eafea2182937257ab	b0bfb0240073dbf2a1c877de47eb5ade	92651287b1c89955d6a9a93f3e3a9d30
931	67a1913038dc615eafea2182937257ab	b0bfb0240073dbf2a1c877de47eb5ade	92651287b1c89955d6a9a93f3e3a9d30
932	4fb94358607981f28cae1875b81879a1	253dc5de985fd8c0dad880c8c80a853a	2ab99a362d49180140d73387780cdcae
933	4fb94358607981f28cae1875b81879a1	253dc5de985fd8c0dad880c8c80a853a	2ab99a362d49180140d73387780cdcae
934	4fb94358607981f28cae1875b81879a1	253dc5de985fd8c0dad880c8c80a853a	2ab99a362d49180140d73387780cdcae
935	2280c40aef6d4ec563d9982b791dc088	21b058c35c53c4a2d9e6cd56136cf3a2	287903f4de4bc46ea141c2fcbbb1e439
936	2280c40aef6d4ec563d9982b791dc088	21b058c35c53c4a2d9e6cd56136cf3a2	287903f4de4bc46ea141c2fcbbb1e439
937	2280c40aef6d4ec563d9982b791dc088	21b058c35c53c4a2d9e6cd56136cf3a2	287903f4de4bc46ea141c2fcbbb1e439
938	2280c40aef6d4ec563d9982b791dc088	21b058c35c53c4a2d9e6cd56136cf3a2	287903f4de4bc46ea141c2fcbbb1e439
939	b36ce3e9d72921a688ee2180b3c5b440	0c138278ce70bfe7977cfed18b2e60e7	524fccc93ca26e4a0e54587ff933c720
940	21126223d26f98dd4b38354249c3f079	3c7821a8e1844f293282bdd9c3b852ce	a9bac2758beea66d04a5f40c44353138
941	cb2752f6e1a32d38c54b04e2b51dde46	d65133bb54893a510685c41199018d60	2e6e6747b5cdd18abe57648e320569b0
942	21126223d26f98dd4b38354249c3f079	3c7821a8e1844f293282bdd9c3b852ce	a9bac2758beea66d04a5f40c44353138
943	21126223d26f98dd4b38354249c3f079	3c7821a8e1844f293282bdd9c3b852ce	a9bac2758beea66d04a5f40c44353138
944	c266dde3ce27d69f699118e3d916e4e8	e26496e560de43a79276f2f500120ca7	83968b818c81ae7f18561bec10c7343b
945	c266dde3ce27d69f699118e3d916e4e8	e26496e560de43a79276f2f500120ca7	83968b818c81ae7f18561bec10c7343b
946	c266dde3ce27d69f699118e3d916e4e8	e26496e560de43a79276f2f500120ca7	83968b818c81ae7f18561bec10c7343b
947	c266dde3ce27d69f699118e3d916e4e8	e26496e560de43a79276f2f500120ca7	83968b818c81ae7f18561bec10c7343b
948	c266dde3ce27d69f699118e3d916e4e8	e26496e560de43a79276f2f500120ca7	83968b818c81ae7f18561bec10c7343b
949	46c478a6109b70532a0d898bf6bbcc1e	0c9f59711c978b3772835e32e73bf8b8	a1360a2d9da6e4d33971453b7ea9c1dc
950	9c4a5234d854253d22437a507a27767b	761df61839cebd11b53d376a77a31f10	1efc3ff6153b774d57fe9843b6702ab4
951	37bb5a7f0d63747e6f105083ae3aa6c0	66bad0c555144d803b6eab139968d820	fc8f6e2b8a58337a80e843811b13526c
952	37bb5a7f0d63747e6f105083ae3aa6c0	66bad0c555144d803b6eab139968d820	fc8f6e2b8a58337a80e843811b13526c
953	37bb5a7f0d63747e6f105083ae3aa6c0	66bad0c555144d803b6eab139968d820	fc8f6e2b8a58337a80e843811b13526c
954	0a34348c6cd8dee1685206a36472bd0e	b17b46ffc6531dd42dee5ca7d2d8b559	b1ecee8a4df37dad9dc6a8cf6a9a6934
955	0a34348c6cd8dee1685206a36472bd0e	b17b46ffc6531dd42dee5ca7d2d8b559	b1ecee8a4df37dad9dc6a8cf6a9a6934
956	4e659f988567bb56fa624dce77fdb996	c55bae9026ccdc5f3575d9c8edddd664	c63f21ea89b932272833fb41fe40f30a
957	4e659f988567bb56fa624dce77fdb996	c55bae9026ccdc5f3575d9c8edddd664	c63f21ea89b932272833fb41fe40f30a
958	4e659f988567bb56fa624dce77fdb996	c55bae9026ccdc5f3575d9c8edddd664	c63f21ea89b932272833fb41fe40f30a
959	4e659f988567bb56fa624dce77fdb996	c55bae9026ccdc5f3575d9c8edddd664	c63f21ea89b932272833fb41fe40f30a
960	4e659f988567bb56fa624dce77fdb996	c55bae9026ccdc5f3575d9c8edddd664	c63f21ea89b932272833fb41fe40f30a
961	4e659f988567bb56fa624dce77fdb996	c55bae9026ccdc5f3575d9c8edddd664	c63f21ea89b932272833fb41fe40f30a
962	4e659f988567bb56fa624dce77fdb996	c55bae9026ccdc5f3575d9c8edddd664	c63f21ea89b932272833fb41fe40f30a
963	3e7fb1823946935cc033a83a4903098c	38dc5b74bedc55f21784ca7ff49b73d6	f75c9f60c817969b276bc64bd5d8c3dd
964	3e7fb1823946935cc033a83a4903098c	38dc5b74bedc55f21784ca7ff49b73d6	f75c9f60c817969b276bc64bd5d8c3dd
965	3e7fb1823946935cc033a83a4903098c	38dc5b74bedc55f21784ca7ff49b73d6	f75c9f60c817969b276bc64bd5d8c3dd
966	3e7fb1823946935cc033a83a4903098c	38dc5b74bedc55f21784ca7ff49b73d6	f75c9f60c817969b276bc64bd5d8c3dd
967	3e7fb1823946935cc033a83a4903098c	38dc5b74bedc55f21784ca7ff49b73d6	f75c9f60c817969b276bc64bd5d8c3dd
968	3e7fb1823946935cc033a83a4903098c	38dc5b74bedc55f21784ca7ff49b73d6	f75c9f60c817969b276bc64bd5d8c3dd
969	3e7fb1823946935cc033a83a4903098c	38dc5b74bedc55f21784ca7ff49b73d6	f75c9f60c817969b276bc64bd5d8c3dd
970	3e7fb1823946935cc033a83a4903098c	38dc5b74bedc55f21784ca7ff49b73d6	f75c9f60c817969b276bc64bd5d8c3dd
971	3e7fb1823946935cc033a83a4903098c	38dc5b74bedc55f21784ca7ff49b73d6	f75c9f60c817969b276bc64bd5d8c3dd
972	3e7fb1823946935cc033a83a4903098c	38dc5b74bedc55f21784ca7ff49b73d6	f75c9f60c817969b276bc64bd5d8c3dd
973	eae7c2465906875ba3f22a59385099da	7777472527a1ddfd992c1c213707f2f3	451ff16c15079024046f03cd794b8f9b
974	eae7c2465906875ba3f22a59385099da	7777472527a1ddfd992c1c213707f2f3	451ff16c15079024046f03cd794b8f9b
975	eae7c2465906875ba3f22a59385099da	7777472527a1ddfd992c1c213707f2f3	451ff16c15079024046f03cd794b8f9b
976	eae7c2465906875ba3f22a59385099da	7777472527a1ddfd992c1c213707f2f3	451ff16c15079024046f03cd794b8f9b
977	eae7c2465906875ba3f22a59385099da	7777472527a1ddfd992c1c213707f2f3	451ff16c15079024046f03cd794b8f9b
978	eae7c2465906875ba3f22a59385099da	7777472527a1ddfd992c1c213707f2f3	451ff16c15079024046f03cd794b8f9b
979	eae7c2465906875ba3f22a59385099da	7777472527a1ddfd992c1c213707f2f3	451ff16c15079024046f03cd794b8f9b
980	80b1e42e58a70680515e0f850cde5c40	7b0566164a64382b2be961917162ba5a	48e569e7c26995878df0343b6ae07efb
981	80b1e42e58a70680515e0f850cde5c40	7b0566164a64382b2be961917162ba5a	48e569e7c26995878df0343b6ae07efb
982	80b1e42e58a70680515e0f850cde5c40	7b0566164a64382b2be961917162ba5a	48e569e7c26995878df0343b6ae07efb
983	80b1e42e58a70680515e0f850cde5c40	7b0566164a64382b2be961917162ba5a	48e569e7c26995878df0343b6ae07efb
984	80b1e42e58a70680515e0f850cde5c40	7b0566164a64382b2be961917162ba5a	48e569e7c26995878df0343b6ae07efb
985	4caa8ce25e9975c79207c6976f9cd89e	958110642e1a370248f27222403f039b	bcd882525e9131ab665a672bf89fc29a
986	4caa8ce25e9975c79207c6976f9cd89e	958110642e1a370248f27222403f039b	bcd882525e9131ab665a672bf89fc29a
987	4caa8ce25e9975c79207c6976f9cd89e	958110642e1a370248f27222403f039b	bcd882525e9131ab665a672bf89fc29a
988	203df05a23afc0ea1c9fccb49cfb7514	27923786800b93907b22e4b869b8683e	1dde2160ec521c1fbaccdd0b20283dd5
989	203df05a23afc0ea1c9fccb49cfb7514	27923786800b93907b22e4b869b8683e	1dde2160ec521c1fbaccdd0b20283dd5
990	92a7b226590ce9142d5bb10de6780dd0	ba7e04a7a3ab3ec9ac7b062b42546e86	b688a77920a950dec96641b8ac5d7d31
991	92a7b226590ce9142d5bb10de6780dd0	ba7e04a7a3ab3ec9ac7b062b42546e86	b688a77920a950dec96641b8ac5d7d31
992	f9c670b64e6076a530c98494b3e292e0	e20d84c4641d001649c24683424e1425	fd61c666c5aac2f692d3a6e17c9cdc2a
993	f9c670b64e6076a530c98494b3e292e0	e20d84c4641d001649c24683424e1425	fd61c666c5aac2f692d3a6e17c9cdc2a
994	f9c670b64e6076a530c98494b3e292e0	e20d84c4641d001649c24683424e1425	fd61c666c5aac2f692d3a6e17c9cdc2a
995	300dad5c43ed5f48fca5564ac4a65a9d	f6f1387dd58eca0a2738fcc0435dab53	f3567f3f730b69bdc8dbcd0c41dd461c
996	300dad5c43ed5f48fca5564ac4a65a9d	f6f1387dd58eca0a2738fcc0435dab53	f3567f3f730b69bdc8dbcd0c41dd461c
997	bd8c066be1a0c26495a546e55274077a	ad55feed95a3eadebf056f9c04bd2be7	ea2259cb231960ad00fffa1d28c971e8
998	bd8c066be1a0c26495a546e55274077a	ad55feed95a3eadebf056f9c04bd2be7	ea2259cb231960ad00fffa1d28c971e8
999	35c0418ffe98ecdd0ce9efaada60e346	3fa94f93feedcb069ac752e37a610527	52fe094350542b9bf160f4e1e7d79284
1000	dd0047bd5379ba1a0e87b13a14330573	c9a0fb69e3b5fa0a602dd63e2535b5ec	f88da2802d891d1bd2ee2cb1b577f3da
1001	bdcdd04ad9c830e7510c133a09ad761b	503ba6cdcc2d7e15a473a893af01eca3	bbfde56c010cabcc23c97ef7fc57d0ee
1002	08989797fde09dd37dc4259db42c8f69	6466d512c12c9ead394c77c1f53a2a72	54696eabc5ca274c7a7a768f1f39115a
1003	08989797fde09dd37dc4259db42c8f69	6466d512c12c9ead394c77c1f53a2a72	54696eabc5ca274c7a7a768f1f39115a
1004	08989797fde09dd37dc4259db42c8f69	6466d512c12c9ead394c77c1f53a2a72	54696eabc5ca274c7a7a768f1f39115a
1005	08989797fde09dd37dc4259db42c8f69	6466d512c12c9ead394c77c1f53a2a72	54696eabc5ca274c7a7a768f1f39115a
1006	08989797fde09dd37dc4259db42c8f69	6466d512c12c9ead394c77c1f53a2a72	54696eabc5ca274c7a7a768f1f39115a
1007	08989797fde09dd37dc4259db42c8f69	6466d512c12c9ead394c77c1f53a2a72	54696eabc5ca274c7a7a768f1f39115a
1008	08989797fde09dd37dc4259db42c8f69	6466d512c12c9ead394c77c1f53a2a72	54696eabc5ca274c7a7a768f1f39115a
1009	08989797fde09dd37dc4259db42c8f69	6466d512c12c9ead394c77c1f53a2a72	54696eabc5ca274c7a7a768f1f39115a
1010	08989797fde09dd37dc4259db42c8f69	6466d512c12c9ead394c77c1f53a2a72	54696eabc5ca274c7a7a768f1f39115a
1011	08989797fde09dd37dc4259db42c8f69	6466d512c12c9ead394c77c1f53a2a72	54696eabc5ca274c7a7a768f1f39115a
1012	08989797fde09dd37dc4259db42c8f69	6466d512c12c9ead394c77c1f53a2a72	54696eabc5ca274c7a7a768f1f39115a
1013	08989797fde09dd37dc4259db42c8f69	6466d512c12c9ead394c77c1f53a2a72	54696eabc5ca274c7a7a768f1f39115a
1014	d6acb9b8ed6c9fb2dbf2cde5ce71d62e	d4720b05940183610901d690bf64e786	ede0fc00e5331a4a65427baba572b48d
1015	d6acb9b8ed6c9fb2dbf2cde5ce71d62e	d4720b05940183610901d690bf64e786	ede0fc00e5331a4a65427baba572b48d
1016	d6acb9b8ed6c9fb2dbf2cde5ce71d62e	d4720b05940183610901d690bf64e786	ede0fc00e5331a4a65427baba572b48d
1017	86d6400e992345d35a8115b55f72e418	8e0663d6570f807cbae426095af27ee0	e3dd06bf01f70dab8263ce04b39c1d3f
1018	86d6400e992345d35a8115b55f72e418	8e0663d6570f807cbae426095af27ee0	e3dd06bf01f70dab8263ce04b39c1d3f
1019	86d6400e992345d35a8115b55f72e418	8e0663d6570f807cbae426095af27ee0	e3dd06bf01f70dab8263ce04b39c1d3f
1020	86d6400e992345d35a8115b55f72e418	8e0663d6570f807cbae426095af27ee0	e3dd06bf01f70dab8263ce04b39c1d3f
1021	409484610320e0659a56b704e235a204	df983a2376d88d2452577d99d75a6d16	2dbc02a9f4dcc826176ed2f16734ef0f
1022	409484610320e0659a56b704e235a204	df983a2376d88d2452577d99d75a6d16	2dbc02a9f4dcc826176ed2f16734ef0f
1023	409484610320e0659a56b704e235a204	df983a2376d88d2452577d99d75a6d16	2dbc02a9f4dcc826176ed2f16734ef0f
1024	4be80fba6025631dc9bd98d670134503	f7f7e0fa712958d981c388c84713cbb5	36c33506e5dcc015a68183155418004e
1025	409484610320e0659a56b704e235a204	df983a2376d88d2452577d99d75a6d16	2dbc02a9f4dcc826176ed2f16734ef0f
1026	fbc3d22c0733069836ea0847691e92f2	88aeeee3c74350f31b898fff98550e52	81ff1d1f76eb0d0c6a74b3b1e9978c3b
1027	fbc3d22c0733069836ea0847691e92f2	88aeeee3c74350f31b898fff98550e52	81ff1d1f76eb0d0c6a74b3b1e9978c3b
1028	fbc3d22c0733069836ea0847691e92f2	88aeeee3c74350f31b898fff98550e52	81ff1d1f76eb0d0c6a74b3b1e9978c3b
1029	fbc3d22c0733069836ea0847691e92f2	88aeeee3c74350f31b898fff98550e52	81ff1d1f76eb0d0c6a74b3b1e9978c3b
1030	fbc3d22c0733069836ea0847691e92f2	88aeeee3c74350f31b898fff98550e52	81ff1d1f76eb0d0c6a74b3b1e9978c3b
1031	fbc3d22c0733069836ea0847691e92f2	88aeeee3c74350f31b898fff98550e52	81ff1d1f76eb0d0c6a74b3b1e9978c3b
1032	fbc3d22c0733069836ea0847691e92f2	88aeeee3c74350f31b898fff98550e52	81ff1d1f76eb0d0c6a74b3b1e9978c3b
1033	a69b1ba21978100090387807920520d2	d9194b520409b14d5317a18fe849462b	c10a3173ecfc41c2e13eaa8d69c60523
1034	a69b1ba21978100090387807920520d2	d9194b520409b14d5317a18fe849462b	c10a3173ecfc41c2e13eaa8d69c60523
1035	a69b1ba21978100090387807920520d2	d9194b520409b14d5317a18fe849462b	c10a3173ecfc41c2e13eaa8d69c60523
1036	a69b1ba21978100090387807920520d2	d9194b520409b14d5317a18fe849462b	c10a3173ecfc41c2e13eaa8d69c60523
1037	a69b1ba21978100090387807920520d2	d9194b520409b14d5317a18fe849462b	c10a3173ecfc41c2e13eaa8d69c60523
1038	8e3595040e8f2b13bbc149e6150386e2	179f450aaf996aece0e6d7753ecaf5fc	df53ef462bcc7fcf65fd8c4fec0f14f0
1039	8e3595040e8f2b13bbc149e6150386e2	179f450aaf996aece0e6d7753ecaf5fc	df53ef462bcc7fcf65fd8c4fec0f14f0
1040	8e3595040e8f2b13bbc149e6150386e2	179f450aaf996aece0e6d7753ecaf5fc	df53ef462bcc7fcf65fd8c4fec0f14f0
1041	8e3595040e8f2b13bbc149e6150386e2	179f450aaf996aece0e6d7753ecaf5fc	df53ef462bcc7fcf65fd8c4fec0f14f0
1042	8e3595040e8f2b13bbc149e6150386e2	179f450aaf996aece0e6d7753ecaf5fc	df53ef462bcc7fcf65fd8c4fec0f14f0
1043	94478e889edd1732a4c0593d9c17bd65	ca89fe44a74e2291ebe7e2235873c9d0	dc6780c6a1f2a5e6e1bbd83cbbf509c0
1044	94478e889edd1732a4c0593d9c17bd65	ca89fe44a74e2291ebe7e2235873c9d0	dc6780c6a1f2a5e6e1bbd83cbbf509c0
1045	94478e889edd1732a4c0593d9c17bd65	ca89fe44a74e2291ebe7e2235873c9d0	dc6780c6a1f2a5e6e1bbd83cbbf509c0
1046	94478e889edd1732a4c0593d9c17bd65	ca89fe44a74e2291ebe7e2235873c9d0	dc6780c6a1f2a5e6e1bbd83cbbf509c0
1047	94478e889edd1732a4c0593d9c17bd65	ca89fe44a74e2291ebe7e2235873c9d0	dc6780c6a1f2a5e6e1bbd83cbbf509c0
1048	94478e889edd1732a4c0593d9c17bd65	ca89fe44a74e2291ebe7e2235873c9d0	dc6780c6a1f2a5e6e1bbd83cbbf509c0
1049	94478e889edd1732a4c0593d9c17bd65	ca89fe44a74e2291ebe7e2235873c9d0	dc6780c6a1f2a5e6e1bbd83cbbf509c0
1050	ab65d2b0e5a018f6c5b6bdc3882dbfc9	83ca6ef2229627fd38b08643bb406306	20f98ea2f55e6c9a822092840c3ea61e
1051	ab65d2b0e5a018f6c5b6bdc3882dbfc9	83ca6ef2229627fd38b08643bb406306	20f98ea2f55e6c9a822092840c3ea61e
1052	ab65d2b0e5a018f6c5b6bdc3882dbfc9	83ca6ef2229627fd38b08643bb406306	20f98ea2f55e6c9a822092840c3ea61e
1053	ab65d2b0e5a018f6c5b6bdc3882dbfc9	83ca6ef2229627fd38b08643bb406306	20f98ea2f55e6c9a822092840c3ea61e
1054	ab65d2b0e5a018f6c5b6bdc3882dbfc9	83ca6ef2229627fd38b08643bb406306	20f98ea2f55e6c9a822092840c3ea61e
1055	67d67973609ca7871e6c73a30e28bee7	d905e4ab5599308b266ab4f1f517b504	23ff25abbbe570d4d44382696dc99f04
1056	67d67973609ca7871e6c73a30e28bee7	d905e4ab5599308b266ab4f1f517b504	23ff25abbbe570d4d44382696dc99f04
1057	67d67973609ca7871e6c73a30e28bee7	d905e4ab5599308b266ab4f1f517b504	23ff25abbbe570d4d44382696dc99f04
1058	67d67973609ca7871e6c73a30e28bee7	d905e4ab5599308b266ab4f1f517b504	23ff25abbbe570d4d44382696dc99f04
1059	67d67973609ca7871e6c73a30e28bee7	d905e4ab5599308b266ab4f1f517b504	23ff25abbbe570d4d44382696dc99f04
1060	67d67973609ca7871e6c73a30e28bee7	d905e4ab5599308b266ab4f1f517b504	23ff25abbbe570d4d44382696dc99f04
1061	67d67973609ca7871e6c73a30e28bee7	d905e4ab5599308b266ab4f1f517b504	23ff25abbbe570d4d44382696dc99f04
1062	9ed3ab06e3e2e89a107980300826a86e	63003efbf87091597a0461d8e1e2feeb	ea0108c7affbf875814101d9c2dd75de
1063	9ed3ab06e3e2e89a107980300826a86e	63003efbf87091597a0461d8e1e2feeb	ea0108c7affbf875814101d9c2dd75de
1064	9ed3ab06e3e2e89a107980300826a86e	63003efbf87091597a0461d8e1e2feeb	ea0108c7affbf875814101d9c2dd75de
1065	a0336d0a92f42f549aeade8f02c451e1	5d6878af6e89661f816126dfe3c83615	b58aa83da61fc5a8f7f031640b65be8f
1066	a0336d0a92f42f549aeade8f02c451e1	5d6878af6e89661f816126dfe3c83615	b58aa83da61fc5a8f7f031640b65be8f
1067	9ed3ab06e3e2e89a107980300826a86e	63003efbf87091597a0461d8e1e2feeb	ea0108c7affbf875814101d9c2dd75de
1068	9ed3ab06e3e2e89a107980300826a86e	63003efbf87091597a0461d8e1e2feeb	ea0108c7affbf875814101d9c2dd75de
1069	9ed3ab06e3e2e89a107980300826a86e	63003efbf87091597a0461d8e1e2feeb	ea0108c7affbf875814101d9c2dd75de
1070	68a7ff70e8e1557f19acdfcc699da635	0a26261e475463f9d2902d4db0cd8058	ca73705033d8ce4efcdb6d5275b2cd02
1071	4cf3d941eafcd9786774429af934d659	af42b65a8e7cddf06027a90e66bdb901	47df3389d2f36c16c81efe714714c5e8
1072	f41ceaa96a8fe37b09b89470c12f2dec	32de9faf7821006fb807787d6927c236	239403e9185f53699c803ad44c0f9896
1073	f41ceaa96a8fe37b09b89470c12f2dec	32de9faf7821006fb807787d6927c236	239403e9185f53699c803ad44c0f9896
1074	f41ceaa96a8fe37b09b89470c12f2dec	32de9faf7821006fb807787d6927c236	239403e9185f53699c803ad44c0f9896
1075	f41ceaa96a8fe37b09b89470c12f2dec	32de9faf7821006fb807787d6927c236	239403e9185f53699c803ad44c0f9896
1076	f41ceaa96a8fe37b09b89470c12f2dec	32de9faf7821006fb807787d6927c236	239403e9185f53699c803ad44c0f9896
1077	f41ceaa96a8fe37b09b89470c12f2dec	32de9faf7821006fb807787d6927c236	239403e9185f53699c803ad44c0f9896
1078	f41ceaa96a8fe37b09b89470c12f2dec	32de9faf7821006fb807787d6927c236	239403e9185f53699c803ad44c0f9896
1079	130d2c307d7b992647bf06e6eab4c168	2c8262b9599edf37a0ee54fd0fa10f56	eb8a85989b68709f28493c4e6ea42aa6
1080	130d2c307d7b992647bf06e6eab4c168	2c8262b9599edf37a0ee54fd0fa10f56	eb8a85989b68709f28493c4e6ea42aa6
1081	130d2c307d7b992647bf06e6eab4c168	2c8262b9599edf37a0ee54fd0fa10f56	eb8a85989b68709f28493c4e6ea42aa6
1082	92ae3affdab323e4ea68e88906b01da4	1d006de005c13c97292852cb68127e39	1822fec3efd01a6196f1377cf49a3f7d
1083	92ae3affdab323e4ea68e88906b01da4	1d006de005c13c97292852cb68127e39	1822fec3efd01a6196f1377cf49a3f7d
1084	ad5e487f1f756dc81df729f6538d8054	ad4ed03500aebe723cba50aec889fbee	377e48997641133164403a4107eaf3d1
1085	ad5e487f1f756dc81df729f6538d8054	ad4ed03500aebe723cba50aec889fbee	377e48997641133164403a4107eaf3d1
1086	ad5e487f1f756dc81df729f6538d8054	ad4ed03500aebe723cba50aec889fbee	377e48997641133164403a4107eaf3d1
1087	ad5e487f1f756dc81df729f6538d8054	ad4ed03500aebe723cba50aec889fbee	377e48997641133164403a4107eaf3d1
1088	ad5e487f1f756dc81df729f6538d8054	ad4ed03500aebe723cba50aec889fbee	377e48997641133164403a4107eaf3d1
1089	ad5e487f1f756dc81df729f6538d8054	ad4ed03500aebe723cba50aec889fbee	377e48997641133164403a4107eaf3d1
1090	ad5e487f1f756dc81df729f6538d8054	ad4ed03500aebe723cba50aec889fbee	377e48997641133164403a4107eaf3d1
1091	ad5e487f1f756dc81df729f6538d8054	ad4ed03500aebe723cba50aec889fbee	377e48997641133164403a4107eaf3d1
1092	ad5e487f1f756dc81df729f6538d8054	ad4ed03500aebe723cba50aec889fbee	377e48997641133164403a4107eaf3d1
1093	ad5e487f1f756dc81df729f6538d8054	ad4ed03500aebe723cba50aec889fbee	377e48997641133164403a4107eaf3d1
1094	ad5e487f1f756dc81df729f6538d8054	ad4ed03500aebe723cba50aec889fbee	377e48997641133164403a4107eaf3d1
1095	ad5e487f1f756dc81df729f6538d8054	ad4ed03500aebe723cba50aec889fbee	377e48997641133164403a4107eaf3d1
1096	ad5e487f1f756dc81df729f6538d8054	ad4ed03500aebe723cba50aec889fbee	377e48997641133164403a4107eaf3d1
1097	ad5e487f1f756dc81df729f6538d8054	ad4ed03500aebe723cba50aec889fbee	377e48997641133164403a4107eaf3d1
1098	ad5e487f1f756dc81df729f6538d8054	ad4ed03500aebe723cba50aec889fbee	377e48997641133164403a4107eaf3d1
1099	ad5e487f1f756dc81df729f6538d8054	ad4ed03500aebe723cba50aec889fbee	377e48997641133164403a4107eaf3d1
1100	ad5e487f1f756dc81df729f6538d8054	ad4ed03500aebe723cba50aec889fbee	377e48997641133164403a4107eaf3d1
1101	a1efac618fc7804f8952ce95af54adac	f097fc734337be2b55280b9cee7d51bf	f5e10323e575f5f47e006949e3c50239
1102	a1efac618fc7804f8952ce95af54adac	f097fc734337be2b55280b9cee7d51bf	f5e10323e575f5f47e006949e3c50239
1103	a1efac618fc7804f8952ce95af54adac	f097fc734337be2b55280b9cee7d51bf	f5e10323e575f5f47e006949e3c50239
1104	a163088274d904c760de6168ba79778f	2c71b7bed4ddd9d4c25d2787a9c8c03e	fc69e3e89b52215716842a2f535bcaa8
1105	a163088274d904c760de6168ba79778f	2c71b7bed4ddd9d4c25d2787a9c8c03e	fc69e3e89b52215716842a2f535bcaa8
1106	a163088274d904c760de6168ba79778f	2c71b7bed4ddd9d4c25d2787a9c8c03e	fc69e3e89b52215716842a2f535bcaa8
1107	a163088274d904c760de6168ba79778f	2c71b7bed4ddd9d4c25d2787a9c8c03e	fc69e3e89b52215716842a2f535bcaa8
1108	50edeb38b8e774fc4d0d4767a74eb464	a7d919e6a49bc9e438f1ebcda0d36a05	ff75e63bef95f2f9a78bd8b9c164cf94
1109	50edeb38b8e774fc4d0d4767a74eb464	a7d919e6a49bc9e438f1ebcda0d36a05	ff75e63bef95f2f9a78bd8b9c164cf94
1110	50edeb38b8e774fc4d0d4767a74eb464	a7d919e6a49bc9e438f1ebcda0d36a05	ff75e63bef95f2f9a78bd8b9c164cf94
1111	50edeb38b8e774fc4d0d4767a74eb464	a7d919e6a49bc9e438f1ebcda0d36a05	ff75e63bef95f2f9a78bd8b9c164cf94
1112	50edeb38b8e774fc4d0d4767a74eb464	a7d919e6a49bc9e438f1ebcda0d36a05	ff75e63bef95f2f9a78bd8b9c164cf94
1113	4d924b60bcd5b61ff391060fd86ed06f	5c064e412dabffa73b4ec28aa06c756d	fe3714ba1c611d1cd6d0682dd7c30ced
1114	4d924b60bcd5b61ff391060fd86ed06f	5c064e412dabffa73b4ec28aa06c756d	fe3714ba1c611d1cd6d0682dd7c30ced
1115	4d924b60bcd5b61ff391060fd86ed06f	5c064e412dabffa73b4ec28aa06c756d	fe3714ba1c611d1cd6d0682dd7c30ced
1116	4d924b60bcd5b61ff391060fd86ed06f	5c064e412dabffa73b4ec28aa06c756d	fe3714ba1c611d1cd6d0682dd7c30ced
1117	4d924b60bcd5b61ff391060fd86ed06f	5c064e412dabffa73b4ec28aa06c756d	fe3714ba1c611d1cd6d0682dd7c30ced
1118	4d924b60bcd5b61ff391060fd86ed06f	5c064e412dabffa73b4ec28aa06c756d	fe3714ba1c611d1cd6d0682dd7c30ced
1119	4d924b60bcd5b61ff391060fd86ed06f	5c064e412dabffa73b4ec28aa06c756d	fe3714ba1c611d1cd6d0682dd7c30ced
1120	1900170604abea938cd21aa531736c09	8d1cfaabbe785f61c2b1e5e8943254ef	c182ad7541d84137e28c8d5fa9950af4
1121	1900170604abea938cd21aa531736c09	8d1cfaabbe785f61c2b1e5e8943254ef	c182ad7541d84137e28c8d5fa9950af4
1122	1900170604abea938cd21aa531736c09	8d1cfaabbe785f61c2b1e5e8943254ef	c182ad7541d84137e28c8d5fa9950af4
1123	1900170604abea938cd21aa531736c09	8d1cfaabbe785f61c2b1e5e8943254ef	c182ad7541d84137e28c8d5fa9950af4
1124	1900170604abea938cd21aa531736c09	8d1cfaabbe785f61c2b1e5e8943254ef	c182ad7541d84137e28c8d5fa9950af4
1125	d52d7d9502853dbedf2b6e9b9c4ea00a	b9ef31d2cbcc4fac3e4c9a6067ddbf4e	4b8356ed81833f5d2f2ba6be42c5fca0
1126	d52d7d9502853dbedf2b6e9b9c4ea00a	b9ef31d2cbcc4fac3e4c9a6067ddbf4e	4b8356ed81833f5d2f2ba6be42c5fca0
1127	d52d7d9502853dbedf2b6e9b9c4ea00a	b9ef31d2cbcc4fac3e4c9a6067ddbf4e	4b8356ed81833f5d2f2ba6be42c5fca0
1128	d52d7d9502853dbedf2b6e9b9c4ea00a	b9ef31d2cbcc4fac3e4c9a6067ddbf4e	4b8356ed81833f5d2f2ba6be42c5fca0
1129	d52d7d9502853dbedf2b6e9b9c4ea00a	b9ef31d2cbcc4fac3e4c9a6067ddbf4e	4b8356ed81833f5d2f2ba6be42c5fca0
1130	d52d7d9502853dbedf2b6e9b9c4ea00a	b9ef31d2cbcc4fac3e4c9a6067ddbf4e	4b8356ed81833f5d2f2ba6be42c5fca0
1131	d52d7d9502853dbedf2b6e9b9c4ea00a	b9ef31d2cbcc4fac3e4c9a6067ddbf4e	4b8356ed81833f5d2f2ba6be42c5fca0
1132	ba8cc65b076fb05a0cc01be1fb700b7d	be0b7fef299be749d1ad7aac1cfd52b1	a83e013d011c00f3e05bec7a4c6f16ce
1133	ba8cc65b076fb05a0cc01be1fb700b7d	be0b7fef299be749d1ad7aac1cfd52b1	a83e013d011c00f3e05bec7a4c6f16ce
1134	ba8cc65b076fb05a0cc01be1fb700b7d	be0b7fef299be749d1ad7aac1cfd52b1	a83e013d011c00f3e05bec7a4c6f16ce
1135	ba8cc65b076fb05a0cc01be1fb700b7d	be0b7fef299be749d1ad7aac1cfd52b1	a83e013d011c00f3e05bec7a4c6f16ce
1136	ba8cc65b076fb05a0cc01be1fb700b7d	be0b7fef299be749d1ad7aac1cfd52b1	a83e013d011c00f3e05bec7a4c6f16ce
1137	70214cb3b865383f14fd9767f4f3169d	41203f0c51572a3e8dd2c63a360938e3	b313a5e0e653ae0a9a7f2c587ad46e15
1138	70214cb3b865383f14fd9767f4f3169d	41203f0c51572a3e8dd2c63a360938e3	b313a5e0e653ae0a9a7f2c587ad46e15
1139	70214cb3b865383f14fd9767f4f3169d	41203f0c51572a3e8dd2c63a360938e3	b313a5e0e653ae0a9a7f2c587ad46e15
1140	70214cb3b865383f14fd9767f4f3169d	41203f0c51572a3e8dd2c63a360938e3	b313a5e0e653ae0a9a7f2c587ad46e15
1141	70214cb3b865383f14fd9767f4f3169d	41203f0c51572a3e8dd2c63a360938e3	b313a5e0e653ae0a9a7f2c587ad46e15
1142	4e322da3cb2700f260a9317c6b33a6cc	dd9589c17c3339ba533b4dc0f68eecee	fa139f70e7004cd1025dc96508032701
1143	4e322da3cb2700f260a9317c6b33a6cc	dd9589c17c3339ba533b4dc0f68eecee	fa139f70e7004cd1025dc96508032701
1144	4e322da3cb2700f260a9317c6b33a6cc	dd9589c17c3339ba533b4dc0f68eecee	fa139f70e7004cd1025dc96508032701
1145	4e322da3cb2700f260a9317c6b33a6cc	dd9589c17c3339ba533b4dc0f68eecee	fa139f70e7004cd1025dc96508032701
1146	4e322da3cb2700f260a9317c6b33a6cc	dd9589c17c3339ba533b4dc0f68eecee	fa139f70e7004cd1025dc96508032701
1147	191975cfe0c69983150398c1f1d502f1	c4ea87ebe20c5f6e40299b778789746d	07deeab5d99bcce72b0d9f469c2b50b6
1148	191975cfe0c69983150398c1f1d502f1	c4ea87ebe20c5f6e40299b778789746d	07deeab5d99bcce72b0d9f469c2b50b6
1149	20d3c61134e2fb01d89461be0d574737	eece77416a6865d9821c20dbc20b9f91	9c6ffa3871ceb2673c10641ff55dc986
1150	20d3c61134e2fb01d89461be0d574737	eece77416a6865d9821c20dbc20b9f91	9c6ffa3871ceb2673c10641ff55dc986
1151	20d3c61134e2fb01d89461be0d574737	eece77416a6865d9821c20dbc20b9f91	9c6ffa3871ceb2673c10641ff55dc986
1152	20d3c61134e2fb01d89461be0d574737	eece77416a6865d9821c20dbc20b9f91	9c6ffa3871ceb2673c10641ff55dc986
1153	20d3c61134e2fb01d89461be0d574737	eece77416a6865d9821c20dbc20b9f91	9c6ffa3871ceb2673c10641ff55dc986
1154	0d3a28a3f26e47a71005ea3bd7bc0557	420b049eb7ea76061f526f89aa01fd08	44219e57d6ffafa14800a361bd3b6d5a
1155	0d3a28a3f26e47a71005ea3bd7bc0557	420b049eb7ea76061f526f89aa01fd08	44219e57d6ffafa14800a361bd3b6d5a
1156	0d3a28a3f26e47a71005ea3bd7bc0557	420b049eb7ea76061f526f89aa01fd08	44219e57d6ffafa14800a361bd3b6d5a
1157	0d3a28a3f26e47a71005ea3bd7bc0557	420b049eb7ea76061f526f89aa01fd08	44219e57d6ffafa14800a361bd3b6d5a
1158	0d3a28a3f26e47a71005ea3bd7bc0557	420b049eb7ea76061f526f89aa01fd08	44219e57d6ffafa14800a361bd3b6d5a
1159	0d3a28a3f26e47a71005ea3bd7bc0557	420b049eb7ea76061f526f89aa01fd08	44219e57d6ffafa14800a361bd3b6d5a
1160	0d3a28a3f26e47a71005ea3bd7bc0557	420b049eb7ea76061f526f89aa01fd08	44219e57d6ffafa14800a361bd3b6d5a
1161	946bc202bddde13482260a83fcaa5253	212b54b608772054321b0d8ca379fd06	68345d21a08997f1a98d132dbc20db72
1162	84145aab28890e8fc8e93a149ceae656	77088d2ec8d5a64fddf9147d847021a6	ab45e604996c6bcc4e46e9691b8e68c9
1163	84145aab28890e8fc8e93a149ceae656	77088d2ec8d5a64fddf9147d847021a6	ab45e604996c6bcc4e46e9691b8e68c9
1164	84145aab28890e8fc8e93a149ceae656	77088d2ec8d5a64fddf9147d847021a6	ab45e604996c6bcc4e46e9691b8e68c9
1165	84145aab28890e8fc8e93a149ceae656	77088d2ec8d5a64fddf9147d847021a6	ab45e604996c6bcc4e46e9691b8e68c9
1166	84145aab28890e8fc8e93a149ceae656	77088d2ec8d5a64fddf9147d847021a6	ab45e604996c6bcc4e46e9691b8e68c9
1167	84145aab28890e8fc8e93a149ceae656	77088d2ec8d5a64fddf9147d847021a6	ab45e604996c6bcc4e46e9691b8e68c9
1168	84145aab28890e8fc8e93a149ceae656	77088d2ec8d5a64fddf9147d847021a6	ab45e604996c6bcc4e46e9691b8e68c9
1169	7b264006fb5b377f4a1cfdb355331f79	23a6819bbd4ac0dcaa8b7ee75dc40c17	658864784a20fb7e7a4fcd6cf455b6d9
1170	093a6e4ee2d135db9ffa1b7ecb3c3108	28fd8aa718a9a8dcdaf540740facd2c1	392de868ad9230ce889d0e0b65dd9990
1171	2e110020229c4c853ece3ba011b8e61a	74e242a242af6f75840c088c51bf5e0d	af910f6771426ac8088497f569027a6d
1172	2e110020229c4c853ece3ba011b8e61a	74e242a242af6f75840c088c51bf5e0d	af910f6771426ac8088497f569027a6d
1173	2e110020229c4c853ece3ba011b8e61a	74e242a242af6f75840c088c51bf5e0d	af910f6771426ac8088497f569027a6d
1174	2e110020229c4c853ece3ba011b8e61a	74e242a242af6f75840c088c51bf5e0d	af910f6771426ac8088497f569027a6d
1175	2e110020229c4c853ece3ba011b8e61a	74e242a242af6f75840c088c51bf5e0d	af910f6771426ac8088497f569027a6d
1176	2e110020229c4c853ece3ba011b8e61a	74e242a242af6f75840c088c51bf5e0d	af910f6771426ac8088497f569027a6d
1177	2e110020229c4c853ece3ba011b8e61a	74e242a242af6f75840c088c51bf5e0d	af910f6771426ac8088497f569027a6d
1178	45228e82a8aa165ad18c580c6138d948	01506b19a20a64b8fd2a2b50b7fb78cc	b1151b58c591f39eabf387a5a0d0d09f
1179	45228e82a8aa165ad18c580c6138d948	01506b19a20a64b8fd2a2b50b7fb78cc	b1151b58c591f39eabf387a5a0d0d09f
1180	45228e82a8aa165ad18c580c6138d948	01506b19a20a64b8fd2a2b50b7fb78cc	b1151b58c591f39eabf387a5a0d0d09f
1181	175818b7b8c569250c286605dabe26a1	dcea0e1f52d54d1da924960d3e24884d	215bf4ce62ba21c2f90fec8ceb48bed6
1182	f744c5292814b1ca9c5116d76e846db6	da15fed8365f60a07208e27cf0ac4a07	9588e375e11862aa1ad8b120f0e4c0ac
1183	1918098168d77e316d9fa8f030ee00f2	256e3a15e5e23130b034e610c5b4aa06	0b5a856aaf51c093dd395b17be55a338
1184	1918098168d77e316d9fa8f030ee00f2	256e3a15e5e23130b034e610c5b4aa06	0b5a856aaf51c093dd395b17be55a338
1185	1918098168d77e316d9fa8f030ee00f2	256e3a15e5e23130b034e610c5b4aa06	0b5a856aaf51c093dd395b17be55a338
1186	1918098168d77e316d9fa8f030ee00f2	256e3a15e5e23130b034e610c5b4aa06	0b5a856aaf51c093dd395b17be55a338
1187	1918098168d77e316d9fa8f030ee00f2	256e3a15e5e23130b034e610c5b4aa06	0b5a856aaf51c093dd395b17be55a338
1188	1918098168d77e316d9fa8f030ee00f2	256e3a15e5e23130b034e610c5b4aa06	0b5a856aaf51c093dd395b17be55a338
1189	1918098168d77e316d9fa8f030ee00f2	256e3a15e5e23130b034e610c5b4aa06	0b5a856aaf51c093dd395b17be55a338
1190	a76e8607f31718278017ae6af76105a6	a7fda604c204fcfd113ef96fc930f9e5	78d1f1e7cf23f081061b3fd8f5473450
1191	a76e8607f31718278017ae6af76105a6	a7fda604c204fcfd113ef96fc930f9e5	78d1f1e7cf23f081061b3fd8f5473450
1192	a76e8607f31718278017ae6af76105a6	a88e18d33a71dba896faadb5122e257a	190cb09af41aec5684b753c83b985ebd
1193	a76e8607f31718278017ae6af76105a6	a7fda604c204fcfd113ef96fc930f9e5	78d1f1e7cf23f081061b3fd8f5473450
1194	a76e8607f31718278017ae6af76105a6	a7fda604c204fcfd113ef96fc930f9e5	78d1f1e7cf23f081061b3fd8f5473450
1195	3c35d5c6f8613bf54b6d7918e438943e	904f500a77076e4b112fd4454bbf0fce	19bc461b0133bee27e29235e7f3d12a6
1196	3c35d5c6f8613bf54b6d7918e438943e	904f500a77076e4b112fd4454bbf0fce	19bc461b0133bee27e29235e7f3d12a6
1197	3c35d5c6f8613bf54b6d7918e438943e	904f500a77076e4b112fd4454bbf0fce	19bc461b0133bee27e29235e7f3d12a6
1198	3c35d5c6f8613bf54b6d7918e438943e	904f500a77076e4b112fd4454bbf0fce	19bc461b0133bee27e29235e7f3d12a6
1199	3c35d5c6f8613bf54b6d7918e438943e	904f500a77076e4b112fd4454bbf0fce	19bc461b0133bee27e29235e7f3d12a6
1200	3c35d5c6f8613bf54b6d7918e438943e	904f500a77076e4b112fd4454bbf0fce	19bc461b0133bee27e29235e7f3d12a6
1201	3c35d5c6f8613bf54b6d7918e438943e	904f500a77076e4b112fd4454bbf0fce	19bc461b0133bee27e29235e7f3d12a6
1202	720e66f7962e97f4c19b102250b885e5	c806241f65f27b6f55632fe14a23abe1	224f3c0f21dfb3427253784c4470d140
1203	720e66f7962e97f4c19b102250b885e5	c806241f65f27b6f55632fe14a23abe1	224f3c0f21dfb3427253784c4470d140
1204	720e66f7962e97f4c19b102250b885e5	c806241f65f27b6f55632fe14a23abe1	224f3c0f21dfb3427253784c4470d140
1205	720e66f7962e97f4c19b102250b885e5	c806241f65f27b6f55632fe14a23abe1	224f3c0f21dfb3427253784c4470d140
1206	720e66f7962e97f4c19b102250b885e5	c806241f65f27b6f55632fe14a23abe1	224f3c0f21dfb3427253784c4470d140
1207	720e66f7962e97f4c19b102250b885e5	c806241f65f27b6f55632fe14a23abe1	224f3c0f21dfb3427253784c4470d140
1208	720e66f7962e97f4c19b102250b885e5	c806241f65f27b6f55632fe14a23abe1	224f3c0f21dfb3427253784c4470d140
1209	720e66f7962e97f4c19b102250b885e5	c806241f65f27b6f55632fe14a23abe1	224f3c0f21dfb3427253784c4470d140
1210	720e66f7962e97f4c19b102250b885e5	c806241f65f27b6f55632fe14a23abe1	224f3c0f21dfb3427253784c4470d140
1211	720e66f7962e97f4c19b102250b885e5	c806241f65f27b6f55632fe14a23abe1	224f3c0f21dfb3427253784c4470d140
1212	aafef2c1586de215857857375d88001d	7689dd0ed6bcffdd39dcc1f7b0f1774c	472cfb6df4276698746e8214d8766675
1213	aafef2c1586de215857857375d88001d	7689dd0ed6bcffdd39dcc1f7b0f1774c	472cfb6df4276698746e8214d8766675
1214	aafef2c1586de215857857375d88001d	7689dd0ed6bcffdd39dcc1f7b0f1774c	472cfb6df4276698746e8214d8766675
1215	aafef2c1586de215857857375d88001d	7689dd0ed6bcffdd39dcc1f7b0f1774c	472cfb6df4276698746e8214d8766675
1216	aafef2c1586de215857857375d88001d	7689dd0ed6bcffdd39dcc1f7b0f1774c	472cfb6df4276698746e8214d8766675
1217	aafef2c1586de215857857375d88001d	7689dd0ed6bcffdd39dcc1f7b0f1774c	472cfb6df4276698746e8214d8766675
1218	aafef2c1586de215857857375d88001d	7689dd0ed6bcffdd39dcc1f7b0f1774c	472cfb6df4276698746e8214d8766675
1219	24611e02d6f39eb2afea975772807772	9d474fac0260c297b6fdb8355d9e4296	a352bde7563b7b178a55760286cbfc47
1220	24611e02d6f39eb2afea975772807772	9d474fac0260c297b6fdb8355d9e4296	a352bde7563b7b178a55760286cbfc47
1221	24611e02d6f39eb2afea975772807772	9d474fac0260c297b6fdb8355d9e4296	a352bde7563b7b178a55760286cbfc47
1222	b426ebd2adff067c7b514bf9fca179c1	f6d1ed21e577942468025e85cfe511af	0142d79b7eef26ea673d92fe3f2191ca
1223	b426ebd2adff067c7b514bf9fca179c1	f6d1ed21e577942468025e85cfe511af	0142d79b7eef26ea673d92fe3f2191ca
1224	f049035b63dee05053b54259507998cf	7f3444b28039725edf512b6d3909e82d	70165baaf376b83a6c5ffda7922ba1d2
1225	f049035b63dee05053b54259507998cf	7f3444b28039725edf512b6d3909e82d	70165baaf376b83a6c5ffda7922ba1d2
1226	f049035b63dee05053b54259507998cf	7f3444b28039725edf512b6d3909e82d	70165baaf376b83a6c5ffda7922ba1d2
1227	2d4c146b2c3265469ea3a27cff472ec2	27066039df23f888be49340b0f131eb8	a849a5d62055037ce686018892f3de79
1228	2d4c146b2c3265469ea3a27cff472ec2	27066039df23f888be49340b0f131eb8	a849a5d62055037ce686018892f3de79
1229	f049035b63dee05053b54259507998cf	7f3444b28039725edf512b6d3909e82d	70165baaf376b83a6c5ffda7922ba1d2
1230	f049035b63dee05053b54259507998cf	7f3444b28039725edf512b6d3909e82d	70165baaf376b83a6c5ffda7922ba1d2
1231	2cdd9b127a805f623b0a15b556cb630f	2ce0b76895512e89e19a0aa9ea892121	d3cb2138c0f800d52a9dae9684c45de2
1232	2cdd9b127a805f623b0a15b556cb630f	2ce0b76895512e89e19a0aa9ea892121	d3cb2138c0f800d52a9dae9684c45de2
1233	2cdd9b127a805f623b0a15b556cb630f	2ce0b76895512e89e19a0aa9ea892121	d3cb2138c0f800d52a9dae9684c45de2
1234	790289d740701f298f5bb759980f0cbe	9025f082b4fae361a6842bbdecb3918c	07560aff4a399c1ecf76178b2880b7f5
1235	790289d740701f298f5bb759980f0cbe	9025f082b4fae361a6842bbdecb3918c	07560aff4a399c1ecf76178b2880b7f5
1236	10dbc1c61a4d09cb0f4134b57da8611c	a8c1c991bbf8e86a37064029d00b9038	9444a80fd13857c588978d0084f955d8
1237	10dbc1c61a4d09cb0f4134b57da8611c	a8c1c991bbf8e86a37064029d00b9038	9444a80fd13857c588978d0084f955d8
1238	10dbc1c61a4d09cb0f4134b57da8611c	a8c1c991bbf8e86a37064029d00b9038	9444a80fd13857c588978d0084f955d8
1239	10dbc1c61a4d09cb0f4134b57da8611c	a8c1c991bbf8e86a37064029d00b9038	9444a80fd13857c588978d0084f955d8
1240	10dbc1c61a4d09cb0f4134b57da8611c	a8c1c991bbf8e86a37064029d00b9038	9444a80fd13857c588978d0084f955d8
1241	b52ee7da7c48c64ee49afdde6d1affd4	3c92a79d59c259de9f5109d3fe2a275b	ba5cab6d563e71316d9656232354beeb
1242	b52ee7da7c48c64ee49afdde6d1affd4	3c92a79d59c259de9f5109d3fe2a275b	ba5cab6d563e71316d9656232354beeb
1243	b52ee7da7c48c64ee49afdde6d1affd4	3c92a79d59c259de9f5109d3fe2a275b	ba5cab6d563e71316d9656232354beeb
1244	1d08e37a663ebc810ea39b9e55d98d32	77e9ac11463eabfedfd044c9f1edf068	83e87483c229306ebfdc7d221ad685a5
1245	1d08e37a663ebc810ea39b9e55d98d32	77e9ac11463eabfedfd044c9f1edf068	83e87483c229306ebfdc7d221ad685a5
1246	1d08e37a663ebc810ea39b9e55d98d32	77e9ac11463eabfedfd044c9f1edf068	83e87483c229306ebfdc7d221ad685a5
1247	1d08e37a663ebc810ea39b9e55d98d32	77e9ac11463eabfedfd044c9f1edf068	83e87483c229306ebfdc7d221ad685a5
1248	2f4970dfd4187a97a07cbd1b3d45af0d	1e5cce6a384780d821deaa84e8bd8122	86469ad6279b93c46e2b5ee08de65fff
1249	2f4970dfd4187a97a07cbd1b3d45af0d	1e5cce6a384780d821deaa84e8bd8122	86469ad6279b93c46e2b5ee08de65fff
1250	2f4970dfd4187a97a07cbd1b3d45af0d	1e5cce6a384780d821deaa84e8bd8122	86469ad6279b93c46e2b5ee08de65fff
1251	2f4970dfd4187a97a07cbd1b3d45af0d	1e5cce6a384780d821deaa84e8bd8122	86469ad6279b93c46e2b5ee08de65fff
1252	6f0d1320a4b1aaf4556a9e1f3325f135	813015ce40f0a75666b5f85c40449db2	5751b7699b7e1fcc9b247878973d0d5e
1253	e62f9608bc9c85528e9610080736b6a2	052e61d201becef714d008e8b3a10f76	1967594be574e4f5f75324864edc5c97
1254	e62f9608bc9c85528e9610080736b6a2	052e61d201becef714d008e8b3a10f76	1967594be574e4f5f75324864edc5c97
1255	e62f9608bc9c85528e9610080736b6a2	052e61d201becef714d008e8b3a10f76	1967594be574e4f5f75324864edc5c97
1256	e62f9608bc9c85528e9610080736b6a2	052e61d201becef714d008e8b3a10f76	1967594be574e4f5f75324864edc5c97
1257	e62f9608bc9c85528e9610080736b6a2	052e61d201becef714d008e8b3a10f76	1967594be574e4f5f75324864edc5c97
1258	e62f9608bc9c85528e9610080736b6a2	052e61d201becef714d008e8b3a10f76	1967594be574e4f5f75324864edc5c97
1259	e62f9608bc9c85528e9610080736b6a2	052e61d201becef714d008e8b3a10f76	1967594be574e4f5f75324864edc5c97
1260	91b558f1ee46c85de30302f9a613daf1	d630e6a30051f243ba589fd421ed3bee	bc0dd1b2ecbe767ca1b452b7f0887319
1261	91b558f1ee46c85de30302f9a613daf1	d630e6a30051f243ba589fd421ed3bee	bc0dd1b2ecbe767ca1b452b7f0887319
1262	91b558f1ee46c85de30302f9a613daf1	d630e6a30051f243ba589fd421ed3bee	bc0dd1b2ecbe767ca1b452b7f0887319
1263	ac61683d7c3c377af2cc9dd6a63963f5	e27f6ad62e0588cdc04f64212a5a4782	f916a6f67264f6ebe80222b570ebd04e
1264	91b558f1ee46c85de30302f9a613daf1	d630e6a30051f243ba589fd421ed3bee	bc0dd1b2ecbe767ca1b452b7f0887319
1265	231e84198ec46308c15b865db7bd441d	575b159e1a301942e342344b74e684e2	4f1787af2df3c8f399afe7192d9b1356
1266	231e84198ec46308c15b865db7bd441d	575b159e1a301942e342344b74e684e2	4f1787af2df3c8f399afe7192d9b1356
1267	231e84198ec46308c15b865db7bd441d	575b159e1a301942e342344b74e684e2	4f1787af2df3c8f399afe7192d9b1356
1268	231e84198ec46308c15b865db7bd441d	575b159e1a301942e342344b74e684e2	4f1787af2df3c8f399afe7192d9b1356
1269	231e84198ec46308c15b865db7bd441d	575b159e1a301942e342344b74e684e2	4f1787af2df3c8f399afe7192d9b1356
1270	231e84198ec46308c15b865db7bd441d	575b159e1a301942e342344b74e684e2	4f1787af2df3c8f399afe7192d9b1356
1271	231e84198ec46308c15b865db7bd441d	575b159e1a301942e342344b74e684e2	4f1787af2df3c8f399afe7192d9b1356
1272	2e6a7fd0491af4afd0b8ea1b8d966c79	9be71835d6fdc0fd285351115009288c	fc0d7bf761b6f98b18ce941ea3c177c2
1273	2e6a7fd0491af4afd0b8ea1b8d966c79	9be71835d6fdc0fd285351115009288c	fc0d7bf761b6f98b18ce941ea3c177c2
1274	2e6a7fd0491af4afd0b8ea1b8d966c79	9be71835d6fdc0fd285351115009288c	fc0d7bf761b6f98b18ce941ea3c177c2
1275	2e6a7fd0491af4afd0b8ea1b8d966c79	9be71835d6fdc0fd285351115009288c	fc0d7bf761b6f98b18ce941ea3c177c2
1276	2e6a7fd0491af4afd0b8ea1b8d966c79	9be71835d6fdc0fd285351115009288c	fc0d7bf761b6f98b18ce941ea3c177c2
1277	0426339891f4941b2a1e21e3b257efdd	0ce564ea7a0fb87e6971ed01f76c4e7d	ff4e4f8320e05e35a92beb6f67c5afb5
1278	0426339891f4941b2a1e21e3b257efdd	0ce564ea7a0fb87e6971ed01f76c4e7d	ff4e4f8320e05e35a92beb6f67c5afb5
1279	0426339891f4941b2a1e21e3b257efdd	0ce564ea7a0fb87e6971ed01f76c4e7d	ff4e4f8320e05e35a92beb6f67c5afb5
1280	0426339891f4941b2a1e21e3b257efdd	0ce564ea7a0fb87e6971ed01f76c4e7d	ff4e4f8320e05e35a92beb6f67c5afb5
1281	0426339891f4941b2a1e21e3b257efdd	0ce564ea7a0fb87e6971ed01f76c4e7d	ff4e4f8320e05e35a92beb6f67c5afb5
1282	6aca2b23854fbd084407599651cf9a8c	e76235d7e8ed0a8f34f3705051932a13	86a52b643c11fcb60d1deb299f79f7e3
1283	6aca2b23854fbd084407599651cf9a8c	e76235d7e8ed0a8f34f3705051932a13	86a52b643c11fcb60d1deb299f79f7e3
1284	6aca2b23854fbd084407599651cf9a8c	e76235d7e8ed0a8f34f3705051932a13	86a52b643c11fcb60d1deb299f79f7e3
1285	7295fea2d0d47c2f446ceeb94a766767	0b51a046cb42f442956dd2d6b9faf745	cee6560ac68de96645bcd8aa20d80c3a
1286	7295fea2d0d47c2f446ceeb94a766767	0b51a046cb42f442956dd2d6b9faf745	cee6560ac68de96645bcd8aa20d80c3a
1287	c336f6ac7ae4e814da7cd0bc26217945	84dfc6f1de0770bab08ac99de04587c6	842be20a729854aa6c489a6ec7331a5d
1288	c336f6ac7ae4e814da7cd0bc26217945	84dfc6f1de0770bab08ac99de04587c6	842be20a729854aa6c489a6ec7331a5d
1289	711499dc6b07615d1404aec643b32416	69389e129ab90d8df28590cd1330f3cb	e5b0b9fbf9754242af39f0db778c7925
1290	711499dc6b07615d1404aec643b32416	69389e129ab90d8df28590cd1330f3cb	e5b0b9fbf9754242af39f0db778c7925
1291	711499dc6b07615d1404aec643b32416	69389e129ab90d8df28590cd1330f3cb	e5b0b9fbf9754242af39f0db778c7925
1292	711499dc6b07615d1404aec643b32416	3f7ac4b95aa47087046e0483f2cac85e	4b72b94da877bf7f8a86426799b55c54
1293	711499dc6b07615d1404aec643b32416	3f7ac4b95aa47087046e0483f2cac85e	4b72b94da877bf7f8a86426799b55c54
1294	b8ea45bee064b33f205e8fd0744e392f	1478892ce99a8b5a82743521d882b9a8	e5281117d774c51cffc26d8a099dfaef
1295	b8ea45bee064b33f205e8fd0744e392f	1478892ce99a8b5a82743521d882b9a8	e5281117d774c51cffc26d8a099dfaef
1296	b8ea45bee064b33f205e8fd0744e392f	1478892ce99a8b5a82743521d882b9a8	e5281117d774c51cffc26d8a099dfaef
1297	b8ea45bee064b33f205e8fd0744e392f	1478892ce99a8b5a82743521d882b9a8	e5281117d774c51cffc26d8a099dfaef
1298	b8ea45bee064b33f205e8fd0744e392f	1478892ce99a8b5a82743521d882b9a8	e5281117d774c51cffc26d8a099dfaef
1299	b8ea45bee064b33f205e8fd0744e392f	1478892ce99a8b5a82743521d882b9a8	e5281117d774c51cffc26d8a099dfaef
1300	b8ea45bee064b33f205e8fd0744e392f	1478892ce99a8b5a82743521d882b9a8	e5281117d774c51cffc26d8a099dfaef
1301	68cdfa809d29871245a701e4e2da3b0f	856b24cba1cca400ff4e302aa1af9554	04288eceb3660e9dbc45faaebb8a8330
1302	68cdfa809d29871245a701e4e2da3b0f	856b24cba1cca400ff4e302aa1af9554	04288eceb3660e9dbc45faaebb8a8330
1303	68cdfa809d29871245a701e4e2da3b0f	856b24cba1cca400ff4e302aa1af9554	04288eceb3660e9dbc45faaebb8a8330
1304	68cdfa809d29871245a701e4e2da3b0f	856b24cba1cca400ff4e302aa1af9554	04288eceb3660e9dbc45faaebb8a8330
1305	be8afa09164391ac399e83cc675c8409	25da20c5220375fda4f7203c768aaa5f	ba00079767ff8bf94bb808cd6d71f72b
1306	68cdfa809d29871245a701e4e2da3b0f	856b24cba1cca400ff4e302aa1af9554	04288eceb3660e9dbc45faaebb8a8330
1307	68cdfa809d29871245a701e4e2da3b0f	856b24cba1cca400ff4e302aa1af9554	04288eceb3660e9dbc45faaebb8a8330
1308	68cdfa809d29871245a701e4e2da3b0f	856b24cba1cca400ff4e302aa1af9554	04288eceb3660e9dbc45faaebb8a8330
1309	019051d3ef38e0795d7117c7b5ee4492	d2b68bc53d3194feb968b7ac722cac95	631697c4962c69f5269339c0ffea0c4f
1310	d1b43c7f8ecc07645a415c7e0894e9d6	ed54c3b01098b5e6f261da984b6407ac	828724e8fedc09e6dc83fb2d6f26219b
1311	c62cd238f2cc1f6295d100ab076d071f	abae210a30b65ef2a482cd8178e88823	05e8db510a9e1cfb8e0e00a55e85a350
1312	c62cd238f2cc1f6295d100ab076d071f	abae210a30b65ef2a482cd8178e88823	05e8db510a9e1cfb8e0e00a55e85a350
1313	c62cd238f2cc1f6295d100ab076d071f	abae210a30b65ef2a482cd8178e88823	05e8db510a9e1cfb8e0e00a55e85a350
1314	c62cd238f2cc1f6295d100ab076d071f	abae210a30b65ef2a482cd8178e88823	05e8db510a9e1cfb8e0e00a55e85a350
1315	c62cd238f2cc1f6295d100ab076d071f	abae210a30b65ef2a482cd8178e88823	05e8db510a9e1cfb8e0e00a55e85a350
1316	c62cd238f2cc1f6295d100ab076d071f	abae210a30b65ef2a482cd8178e88823	05e8db510a9e1cfb8e0e00a55e85a350
1317	c62cd238f2cc1f6295d100ab076d071f	abae210a30b65ef2a482cd8178e88823	05e8db510a9e1cfb8e0e00a55e85a350
1318	e953f2b261265daf46da7c6759a6c4c0	020b3466c319d486cc3ddb2e90a49a41	ba774330de3b4acff7587fd5283d36b1
1319	e953f2b261265daf46da7c6759a6c4c0	020b3466c319d486cc3ddb2e90a49a41	ba774330de3b4acff7587fd5283d36b1
1320	e953f2b261265daf46da7c6759a6c4c0	020b3466c319d486cc3ddb2e90a49a41	ba774330de3b4acff7587fd5283d36b1
1321	e953f2b261265daf46da7c6759a6c4c0	020b3466c319d486cc3ddb2e90a49a41	ba774330de3b4acff7587fd5283d36b1
1322	e953f2b261265daf46da7c6759a6c4c0	020b3466c319d486cc3ddb2e90a49a41	ba774330de3b4acff7587fd5283d36b1
1323	3046cce769a80ca216e916533108cd88	680b29044ae59693a71cd9db37e3849d	6bbbb808ca22cfdace1adfebc5c8cef2
1324	3046cce769a80ca216e916533108cd88	680b29044ae59693a71cd9db37e3849d	6bbbb808ca22cfdace1adfebc5c8cef2
1325	3046cce769a80ca216e916533108cd88	680b29044ae59693a71cd9db37e3849d	6bbbb808ca22cfdace1adfebc5c8cef2
1326	3046cce769a80ca216e916533108cd88	680b29044ae59693a71cd9db37e3849d	6bbbb808ca22cfdace1adfebc5c8cef2
1327	3046cce769a80ca216e916533108cd88	680b29044ae59693a71cd9db37e3849d	6bbbb808ca22cfdace1adfebc5c8cef2
1328	3046cce769a80ca216e916533108cd88	680b29044ae59693a71cd9db37e3849d	6bbbb808ca22cfdace1adfebc5c8cef2
1329	3046cce769a80ca216e916533108cd88	680b29044ae59693a71cd9db37e3849d	6bbbb808ca22cfdace1adfebc5c8cef2
1330	3046cce769a80ca216e916533108cd88	680b29044ae59693a71cd9db37e3849d	6bbbb808ca22cfdace1adfebc5c8cef2
1331	3046cce769a80ca216e916533108cd88	680b29044ae59693a71cd9db37e3849d	6bbbb808ca22cfdace1adfebc5c8cef2
1332	3046cce769a80ca216e916533108cd88	680b29044ae59693a71cd9db37e3849d	6bbbb808ca22cfdace1adfebc5c8cef2
1333	3046cce769a80ca216e916533108cd88	680b29044ae59693a71cd9db37e3849d	6bbbb808ca22cfdace1adfebc5c8cef2
1334	3046cce769a80ca216e916533108cd88	680b29044ae59693a71cd9db37e3849d	6bbbb808ca22cfdace1adfebc5c8cef2
1335	3046cce769a80ca216e916533108cd88	680b29044ae59693a71cd9db37e3849d	6bbbb808ca22cfdace1adfebc5c8cef2
1336	3046cce769a80ca216e916533108cd88	680b29044ae59693a71cd9db37e3849d	6bbbb808ca22cfdace1adfebc5c8cef2
1337	3046cce769a80ca216e916533108cd88	680b29044ae59693a71cd9db37e3849d	6bbbb808ca22cfdace1adfebc5c8cef2
1338	3046cce769a80ca216e916533108cd88	680b29044ae59693a71cd9db37e3849d	6bbbb808ca22cfdace1adfebc5c8cef2
1339	c2f738f189b5e5d04ea4b099e7fc8661	1625956d9b96f5cdbab9548541df0360	6d57ca9a17dbea8a78bc34b848bdd453
1340	df42d053c83add5660e3232bf8b67b70	2e0cc41f6bec3bfb2e4e8c2d929f4460	67bcc628a3d0e126ccceffa345398cf8
1341	df42d053c83add5660e3232bf8b67b70	2e0cc41f6bec3bfb2e4e8c2d929f4460	67bcc628a3d0e126ccceffa345398cf8
1342	df42d053c83add5660e3232bf8b67b70	2e0cc41f6bec3bfb2e4e8c2d929f4460	67bcc628a3d0e126ccceffa345398cf8
1343	df42d053c83add5660e3232bf8b67b70	2e0cc41f6bec3bfb2e4e8c2d929f4460	67bcc628a3d0e126ccceffa345398cf8
1344	df42d053c83add5660e3232bf8b67b70	2e0cc41f6bec3bfb2e4e8c2d929f4460	67bcc628a3d0e126ccceffa345398cf8
1345	df42d053c83add5660e3232bf8b67b70	2e0cc41f6bec3bfb2e4e8c2d929f4460	67bcc628a3d0e126ccceffa345398cf8
1346	df42d053c83add5660e3232bf8b67b70	2e0cc41f6bec3bfb2e4e8c2d929f4460	67bcc628a3d0e126ccceffa345398cf8
1347	96d13a64ec9858ed368c9ed8e35b3af6	a8625ec7599a978c3ff4a6c208274ea6	3586fb15236396b570bfdc5dea28d82a
1348	96825d51c329e3d4966361fc2eafc257	1702d9dce9cec7f00e8fb0a8eda0eeba	a0220214e25d7f29741058ad2b7c0c7e
1349	96825d51c329e3d4966361fc2eafc257	1702d9dce9cec7f00e8fb0a8eda0eeba	a0220214e25d7f29741058ad2b7c0c7e
1350	31c75f9d6ece169de3e5a6967ab56b2c	1e1c80c5f5fe7bcdeac24eb0be40b5d3	9408ac20968912389f8860549b799503
1351	31c75f9d6ece169de3e5a6967ab56b2c	1e1c80c5f5fe7bcdeac24eb0be40b5d3	9408ac20968912389f8860549b799503
1352	2da17059d55a751fe90d9cba8b2be1e2	b72afd2ae158a4b1e881c7929173188a	29bd635c1bd45525b8f4e5b47bf1b7c6
1353	2da17059d55a751fe90d9cba8b2be1e2	b72afd2ae158a4b1e881c7929173188a	29bd635c1bd45525b8f4e5b47bf1b7c6
1354	2da17059d55a751fe90d9cba8b2be1e2	b72afd2ae158a4b1e881c7929173188a	29bd635c1bd45525b8f4e5b47bf1b7c6
1355	2da17059d55a751fe90d9cba8b2be1e2	b72afd2ae158a4b1e881c7929173188a	29bd635c1bd45525b8f4e5b47bf1b7c6
1356	2da17059d55a751fe90d9cba8b2be1e2	b72afd2ae158a4b1e881c7929173188a	29bd635c1bd45525b8f4e5b47bf1b7c6
1357	9cc3b58689c8e5baeae9e7199e412dd0	4e927bc0902cc70441376da508c24f40	81f12ddbff484d88a4c9458809760e7c
1358	2da17059d55a751fe90d9cba8b2be1e2	b72afd2ae158a4b1e881c7929173188a	29bd635c1bd45525b8f4e5b47bf1b7c6
1359	a0b9874301fdcd5ea76b12352cdee154	848db9eaa38dfe3a988e63b9f2dc8a5e	9c1df6b8cfe67c58752aa59af82332c7
1360	e29e933340aff62df8bf31022bb8be1c	0aa455ad5250a440e006bac6482bc9e0	8e59b7d0e9fefea233968153ed13c9e8
1361	0ec46d064a0e2fd9d7fb966117052315	9f7b9384256fad3638825f708406a339	40f320b8dd686fe0629dac4bce6d4f44
1362	5f12b8c348747d4f86d20de417b182d3	f23904be3aedb243460169fa1889dab2	d5b933bd8639887ddf3163ac4afe1596
1363	5f12b8c348747d4f86d20de417b182d3	f23904be3aedb243460169fa1889dab2	d5b933bd8639887ddf3163ac4afe1596
1364	da171eeb365195a4fde3974e9bee7f24	35080331be52225a89240261789047cd	e0d35f512ab5cff871a63770a324a627
1365	da171eeb365195a4fde3974e9bee7f24	35080331be52225a89240261789047cd	e0d35f512ab5cff871a63770a324a627
1366	da171eeb365195a4fde3974e9bee7f24	35080331be52225a89240261789047cd	e0d35f512ab5cff871a63770a324a627
1367	da171eeb365195a4fde3974e9bee7f24	35080331be52225a89240261789047cd	e0d35f512ab5cff871a63770a324a627
1368	da171eeb365195a4fde3974e9bee7f24	35080331be52225a89240261789047cd	e0d35f512ab5cff871a63770a324a627
1369	da171eeb365195a4fde3974e9bee7f24	35080331be52225a89240261789047cd	e0d35f512ab5cff871a63770a324a627
1370	da171eeb365195a4fde3974e9bee7f24	35080331be52225a89240261789047cd	e0d35f512ab5cff871a63770a324a627
1371	508c7ca3c25c43fcfc2cf66359f6a052	0f94162c97c65ac55917e3551598b8b1	bb79aab5d3148b39fd0b43f4dd08fc0d
1372	508c7ca3c25c43fcfc2cf66359f6a052	0f94162c97c65ac55917e3551598b8b1	bb79aab5d3148b39fd0b43f4dd08fc0d
1373	508c7ca3c25c43fcfc2cf66359f6a052	0f94162c97c65ac55917e3551598b8b1	bb79aab5d3148b39fd0b43f4dd08fc0d
1374	508c7ca3c25c43fcfc2cf66359f6a052	0f94162c97c65ac55917e3551598b8b1	bb79aab5d3148b39fd0b43f4dd08fc0d
1375	508c7ca3c25c43fcfc2cf66359f6a052	0f94162c97c65ac55917e3551598b8b1	bb79aab5d3148b39fd0b43f4dd08fc0d
1376	508c7ca3c25c43fcfc2cf66359f6a052	0f94162c97c65ac55917e3551598b8b1	bb79aab5d3148b39fd0b43f4dd08fc0d
1377	508c7ca3c25c43fcfc2cf66359f6a052	0f94162c97c65ac55917e3551598b8b1	bb79aab5d3148b39fd0b43f4dd08fc0d
1378	508c7ca3c25c43fcfc2cf66359f6a052	0f94162c97c65ac55917e3551598b8b1	bb79aab5d3148b39fd0b43f4dd08fc0d
1379	508c7ca3c25c43fcfc2cf66359f6a052	0f94162c97c65ac55917e3551598b8b1	bb79aab5d3148b39fd0b43f4dd08fc0d
1380	508c7ca3c25c43fcfc2cf66359f6a052	0f94162c97c65ac55917e3551598b8b1	bb79aab5d3148b39fd0b43f4dd08fc0d
1381	fce6c08f5bbd8b838b5db09e1121acae	f0869c03db0eeecf987b40a16a935f06	4cfb2f562a00ab3154689fe244d3bdae
1382	fce6c08f5bbd8b838b5db09e1121acae	f0869c03db0eeecf987b40a16a935f06	4cfb2f562a00ab3154689fe244d3bdae
1383	fce6c08f5bbd8b838b5db09e1121acae	f0869c03db0eeecf987b40a16a935f06	4cfb2f562a00ab3154689fe244d3bdae
1384	fce6c08f5bbd8b838b5db09e1121acae	f0869c03db0eeecf987b40a16a935f06	4cfb2f562a00ab3154689fe244d3bdae
1385	fce6c08f5bbd8b838b5db09e1121acae	f0869c03db0eeecf987b40a16a935f06	4cfb2f562a00ab3154689fe244d3bdae
1386	fce6c08f5bbd8b838b5db09e1121acae	f0869c03db0eeecf987b40a16a935f06	4cfb2f562a00ab3154689fe244d3bdae
1387	fce6c08f5bbd8b838b5db09e1121acae	f0869c03db0eeecf987b40a16a935f06	4cfb2f562a00ab3154689fe244d3bdae
1388	861ebb59a3b5da96a40911bc3b723e01	f305e3a08e3223a19c5bcf62363ba8a2	19095eff24b527c90d05e03d4b2cb359
1389	861ebb59a3b5da96a40911bc3b723e01	f305e3a08e3223a19c5bcf62363ba8a2	19095eff24b527c90d05e03d4b2cb359
1390	861ebb59a3b5da96a40911bc3b723e01	f305e3a08e3223a19c5bcf62363ba8a2	19095eff24b527c90d05e03d4b2cb359
1391	861ebb59a3b5da96a40911bc3b723e01	f305e3a08e3223a19c5bcf62363ba8a2	19095eff24b527c90d05e03d4b2cb359
1392	861ebb59a3b5da96a40911bc3b723e01	f305e3a08e3223a19c5bcf62363ba8a2	19095eff24b527c90d05e03d4b2cb359
1393	ef1af2963ae890575ea3912f223ff8a3	e35ecf56544010814eb8777282f85588	368092a54287ae9de69de72be9718b6d
1394	ef1af2963ae890575ea3912f223ff8a3	e35ecf56544010814eb8777282f85588	368092a54287ae9de69de72be9718b6d
1395	ef1af2963ae890575ea3912f223ff8a3	e35ecf56544010814eb8777282f85588	368092a54287ae9de69de72be9718b6d
1396	1808483e432ed7d4403ab1ea8ffd55ca	555dd2b61064b1aa9ab915daa45ed7c8	8dbb40e84794cad89307d03577aa78a2
1397	ea8cb7a1be3404312d57083796300322	13ff290b7d80d4ae068224ee290877ab	4e5b1786cce45e70317abd710b03d0db
1398	4dfa0d37d4259263f6959b1f85abda49	643691c9cb52a6227944ab6d076ed481	9154ff51ba28211bdb65db84839ff8ea
1399	1ed57cfd187f2f1ddfcbd1e3479eee40	663c842d25918c46cc166f23a15e1edd	23ce6ced46af0a67182fdfc0fada2520
1400	ad1d171eeb1a6922c1d32b2bead8fbcf	b76b416fa2260f8fb19aa258bc9ee4a0	ee8668fb07c518349fb4e867e479c117
1401	ad1d171eeb1a6922c1d32b2bead8fbcf	b76b416fa2260f8fb19aa258bc9ee4a0	ee8668fb07c518349fb4e867e479c117
1402	ad1d171eeb1a6922c1d32b2bead8fbcf	b76b416fa2260f8fb19aa258bc9ee4a0	ee8668fb07c518349fb4e867e479c117
1403	9273a23275bb27ae8d3c9a5bccd4fb51	c1e7d54a9c1cd4fe1f87b77cfe480ea8	33d7552a68aa08e157c9afd6565bc6ec
1404	33e135a0a8ce97aca1809a5f1fd5eddd	6fcf206025de8a53abc5378a2b57cfc7	44599cd567ff219bd016c952f3f3ea25
1405	5f782894556a4f564d24160f22d91e73	b63251bdf862f258f209201fa49f029c	0e01038e8d5eac66fec2effca22869c2
1406	3049c3f783fed8fef5614882ccb9433c	abac2b8d8727fc1b07f8affe1f634bd6	fa623dd2e895e23eff5db268a903a6d8
1407	61145b0018838d2c37c62e4a42acfcbd	9fce13b4835f56d407b4cfae7e0c7b9e	4077766c83f0d017db36eb94b79bd4c3
1408	04500d31e5efa9ed33ce6632e742f188	10bcea44e403da61a6a9baa467c7b816	7948c87e08a456d65eceae518fe1d873
1409	29407c998415da82f1249431503c433c	f0609175bbdfa250f2e561248bd4d319	4b218caf34ce8467f7b60e5cf4f8c4de
1410	09f8386cd8dd5c2cbd3767bf9c8eb98f	22420d7498ad731b0898a5a1eab9d32a	a1ad3a839857b5f209fe5d97c9558f9f
1411	09f8386cd8dd5c2cbd3767bf9c8eb98f	22420d7498ad731b0898a5a1eab9d32a	a1ad3a839857b5f209fe5d97c9558f9f
1412	09f8386cd8dd5c2cbd3767bf9c8eb98f	22420d7498ad731b0898a5a1eab9d32a	a1ad3a839857b5f209fe5d97c9558f9f
1413	09f8386cd8dd5c2cbd3767bf9c8eb98f	22420d7498ad731b0898a5a1eab9d32a	a1ad3a839857b5f209fe5d97c9558f9f
1414	09f8386cd8dd5c2cbd3767bf9c8eb98f	22420d7498ad731b0898a5a1eab9d32a	a1ad3a839857b5f209fe5d97c9558f9f
1415	09f8386cd8dd5c2cbd3767bf9c8eb98f	22420d7498ad731b0898a5a1eab9d32a	a1ad3a839857b5f209fe5d97c9558f9f
1416	09f8386cd8dd5c2cbd3767bf9c8eb98f	22420d7498ad731b0898a5a1eab9d32a	a1ad3a839857b5f209fe5d97c9558f9f
1417	80dc66bca491efd5514cc69097290291	950e8245675d1530d79316990c41c218	1ff8dc8601daadda03558eb66734ead4
1418	9fc40879cf60f26680e93326a60f3fc7	2b25811457ccee5e7a3b3c3d6c7c183a	60c7cf8718fd6067ac2fff44a4eaa31e
1419	9fc40879cf60f26680e93326a60f3fc7	2b25811457ccee5e7a3b3c3d6c7c183a	60c7cf8718fd6067ac2fff44a4eaa31e
1420	b6247fad0f3ff679003d3b38d923ebfa	e759cdc13da64d021e4a449227ac29ca	487db41a81f3d9626d94dc04942b32f8
1421	b6247fad0f3ff679003d3b38d923ebfa	e759cdc13da64d021e4a449227ac29ca	487db41a81f3d9626d94dc04942b32f8
1422	f5bc200deb36b6a637f9c85140ed6809	67e2394ea469abea08213c79e4c1ae05	86844db7566ed3395b165b3bd74402a0
1423	f5bc200deb36b6a637f9c85140ed6809	67e2394ea469abea08213c79e4c1ae05	86844db7566ed3395b165b3bd74402a0
1424	f5bc200deb36b6a637f9c85140ed6809	67e2394ea469abea08213c79e4c1ae05	86844db7566ed3395b165b3bd74402a0
1425	6b9374b6d1acdecf619a8a311f9b0094	cfb2e673be8144a5ccd682e7e9935880	a049a73883bf8458cf97fa78d92c9781
1426	89b593e133733788b1e09834271bc54b	6381914f3a2913f799e76895c7a80615	48c4f80ee4e97dee1194fedbf09ec75c
1427	ba3489dd95e9cb396a07dabf91bb8a71	d007afbbd1f311a8e8af53f19adc46a0	2d7d73e3f394a08a45cb134b88dfda9b
1428	ba3489dd95e9cb396a07dabf91bb8a71	d007afbbd1f311a8e8af53f19adc46a0	2d7d73e3f394a08a45cb134b88dfda9b
1429	e55952de0740c722cc52f6077e61ebab	f1e4e59afe05d2f4dc34d2e068e44576	bb2bb791bae70ef96f2d139ce95c4327
1430	e55952de0740c722cc52f6077e61ebab	f1e4e59afe05d2f4dc34d2e068e44576	bb2bb791bae70ef96f2d139ce95c4327
1431	e55952de0740c722cc52f6077e61ebab	f1e4e59afe05d2f4dc34d2e068e44576	bb2bb791bae70ef96f2d139ce95c4327
1432	6167f65645414c04fbbcc580a9ffa92c	aa38715bc873a6c94525e7a6f116afd2	7658539607b735ca393820f336f237d7
1433	e55952de0740c722cc52f6077e61ebab	f1e4e59afe05d2f4dc34d2e068e44576	bb2bb791bae70ef96f2d139ce95c4327
1434	8a77e60d5d8c12a50d4ecca012cd4cdb	bc0d8c9fa22eb091d667bd0a574ebbc4	2c25abff4ce7d87116c2651cdfd61c7f
1435	8a77e60d5d8c12a50d4ecca012cd4cdb	bc0d8c9fa22eb091d667bd0a574ebbc4	2c25abff4ce7d87116c2651cdfd61c7f
1436	8a77e60d5d8c12a50d4ecca012cd4cdb	bc0d8c9fa22eb091d667bd0a574ebbc4	2c25abff4ce7d87116c2651cdfd61c7f
1437	8a77e60d5d8c12a50d4ecca012cd4cdb	bc0d8c9fa22eb091d667bd0a574ebbc4	2c25abff4ce7d87116c2651cdfd61c7f
1438	8a77e60d5d8c12a50d4ecca012cd4cdb	bc0d8c9fa22eb091d667bd0a574ebbc4	2c25abff4ce7d87116c2651cdfd61c7f
1439	8a77e60d5d8c12a50d4ecca012cd4cdb	bc0d8c9fa22eb091d667bd0a574ebbc4	2c25abff4ce7d87116c2651cdfd61c7f
1440	8a77e60d5d8c12a50d4ecca012cd4cdb	bc0d8c9fa22eb091d667bd0a574ebbc4	2c25abff4ce7d87116c2651cdfd61c7f
1441	8a77e60d5d8c12a50d4ecca012cd4cdb	e456a05025f0a0e475fc60eb8e567bf6	4d91e6b2ed9d7e9ac9f9811e69123ae0
1442	8a77e60d5d8c12a50d4ecca012cd4cdb	e456a05025f0a0e475fc60eb8e567bf6	4d91e6b2ed9d7e9ac9f9811e69123ae0
1443	8a77e60d5d8c12a50d4ecca012cd4cdb	e456a05025f0a0e475fc60eb8e567bf6	4d91e6b2ed9d7e9ac9f9811e69123ae0
1444	8a77e60d5d8c12a50d4ecca012cd4cdb	e456a05025f0a0e475fc60eb8e567bf6	4d91e6b2ed9d7e9ac9f9811e69123ae0
1445	8a77e60d5d8c12a50d4ecca012cd4cdb	e456a05025f0a0e475fc60eb8e567bf6	4d91e6b2ed9d7e9ac9f9811e69123ae0
1446	b0838ab46d300c43fc806a98b129cbce	6d422b34836ed2abbde0c130bd7d3f60	246182ec3fae3e145dd8663cfbcc7d41
1447	b0838ab46d300c43fc806a98b129cbce	6d422b34836ed2abbde0c130bd7d3f60	246182ec3fae3e145dd8663cfbcc7d41
1448	b0838ab46d300c43fc806a98b129cbce	6d422b34836ed2abbde0c130bd7d3f60	246182ec3fae3e145dd8663cfbcc7d41
1449	b0838ab46d300c43fc806a98b129cbce	6d422b34836ed2abbde0c130bd7d3f60	246182ec3fae3e145dd8663cfbcc7d41
1450	b0838ab46d300c43fc806a98b129cbce	6d422b34836ed2abbde0c130bd7d3f60	246182ec3fae3e145dd8663cfbcc7d41
1451	45064b06956238e626b5871e5fb7b8c2	c8ab1ce276c87b5fb32c2017db28fa4b	c33a733f2638b34f0291a947a71671cf
1452	45064b06956238e626b5871e5fb7b8c2	c8ab1ce276c87b5fb32c2017db28fa4b	c33a733f2638b34f0291a947a71671cf
1453	45064b06956238e626b5871e5fb7b8c2	c8ab1ce276c87b5fb32c2017db28fa4b	c33a733f2638b34f0291a947a71671cf
1454	45064b06956238e626b5871e5fb7b8c2	c8ab1ce276c87b5fb32c2017db28fa4b	c33a733f2638b34f0291a947a71671cf
1455	45064b06956238e626b5871e5fb7b8c2	c8ab1ce276c87b5fb32c2017db28fa4b	c33a733f2638b34f0291a947a71671cf
1456	45064b06956238e626b5871e5fb7b8c2	c8ab1ce276c87b5fb32c2017db28fa4b	c33a733f2638b34f0291a947a71671cf
1457	45064b06956238e626b5871e5fb7b8c2	c8ab1ce276c87b5fb32c2017db28fa4b	c33a733f2638b34f0291a947a71671cf
1458	45064b06956238e626b5871e5fb7b8c2	c8ab1ce276c87b5fb32c2017db28fa4b	c33a733f2638b34f0291a947a71671cf
1459	45064b06956238e626b5871e5fb7b8c2	c8ab1ce276c87b5fb32c2017db28fa4b	c33a733f2638b34f0291a947a71671cf
1460	45064b06956238e626b5871e5fb7b8c2	c8ab1ce276c87b5fb32c2017db28fa4b	c33a733f2638b34f0291a947a71671cf
1461	45064b06956238e626b5871e5fb7b8c2	c8ab1ce276c87b5fb32c2017db28fa4b	c33a733f2638b34f0291a947a71671cf
1462	45064b06956238e626b5871e5fb7b8c2	c8ab1ce276c87b5fb32c2017db28fa4b	c33a733f2638b34f0291a947a71671cf
1463	537b8b5ecf16c78a5e7495d52a91c8b1	17010e72b1f5de0f0e3c86683bd11f74	286eb9e02bbd43bf37cfa47d4b77661f
1464	537b8b5ecf16c78a5e7495d52a91c8b1	17010e72b1f5de0f0e3c86683bd11f74	286eb9e02bbd43bf37cfa47d4b77661f
1465	537b8b5ecf16c78a5e7495d52a91c8b1	17010e72b1f5de0f0e3c86683bd11f74	286eb9e02bbd43bf37cfa47d4b77661f
1466	537b8b5ecf16c78a5e7495d52a91c8b1	17010e72b1f5de0f0e3c86683bd11f74	286eb9e02bbd43bf37cfa47d4b77661f
1467	537b8b5ecf16c78a5e7495d52a91c8b1	17010e72b1f5de0f0e3c86683bd11f74	286eb9e02bbd43bf37cfa47d4b77661f
1468	537b8b5ecf16c78a5e7495d52a91c8b1	17010e72b1f5de0f0e3c86683bd11f74	286eb9e02bbd43bf37cfa47d4b77661f
1469	537b8b5ecf16c78a5e7495d52a91c8b1	17010e72b1f5de0f0e3c86683bd11f74	286eb9e02bbd43bf37cfa47d4b77661f
1470	2c62b8ea0f59b6a3dd11ba360aee84d0	03b2558402856a8b16999928429c332b	9824e6ee73b759f03af84ce6d3360e81
1471	2c62b8ea0f59b6a3dd11ba360aee84d0	03b2558402856a8b16999928429c332b	9824e6ee73b759f03af84ce6d3360e81
1472	2c62b8ea0f59b6a3dd11ba360aee84d0	03b2558402856a8b16999928429c332b	9824e6ee73b759f03af84ce6d3360e81
1473	b26a8240c63a9fee3b1a5aa9a500b2e5	e2d8596692fe19c13de1f73a52110fe4	8ca32f8bfe5159adbca38b8e314c8ef8
1474	d80e62b1b6a20a2f638a595a51873eeb	955c92fd64ca6e7e2b5de7164537934c	1c355d28bb12dcc87dced54aa27a8e6b
1475	2c62b8ea0f59b6a3dd11ba360aee84d0	03b2558402856a8b16999928429c332b	9824e6ee73b759f03af84ce6d3360e81
1476	2c62b8ea0f59b6a3dd11ba360aee84d0	03b2558402856a8b16999928429c332b	9824e6ee73b759f03af84ce6d3360e81
1477	2c62b8ea0f59b6a3dd11ba360aee84d0	03b2558402856a8b16999928429c332b	9824e6ee73b759f03af84ce6d3360e81
1478	22248ced88d7125eaf61c7e034740098	696fafd5c592768f15ed307652a88e44	8bca6f4b282e65fd2d38b605d70ebb9b
1479	d4310f8ab92419af3c4f341d291fd582	03f877cdaa11e023cbfe0c12408e042d	dba1516a9281468a2d1e0df60954414b
1480	5e60fefcc7d0bfa885eb2a2d4dc0fcd7	f5e8aceabee11f84498b34e04fee6fa5	59e66a527232ce957a29921fa947fb83
1481	5e60fefcc7d0bfa885eb2a2d4dc0fcd7	f5e8aceabee11f84498b34e04fee6fa5	59e66a527232ce957a29921fa947fb83
1482	5e60fefcc7d0bfa885eb2a2d4dc0fcd7	f5e8aceabee11f84498b34e04fee6fa5	59e66a527232ce957a29921fa947fb83
1483	5e60fefcc7d0bfa885eb2a2d4dc0fcd7	f5e8aceabee11f84498b34e04fee6fa5	59e66a527232ce957a29921fa947fb83
1484	5e60fefcc7d0bfa885eb2a2d4dc0fcd7	f5e8aceabee11f84498b34e04fee6fa5	59e66a527232ce957a29921fa947fb83
1485	5e60fefcc7d0bfa885eb2a2d4dc0fcd7	f5e8aceabee11f84498b34e04fee6fa5	59e66a527232ce957a29921fa947fb83
1486	5e60fefcc7d0bfa885eb2a2d4dc0fcd7	f5e8aceabee11f84498b34e04fee6fa5	59e66a527232ce957a29921fa947fb83
1487	54510f7d07d271b7cc71cd161a208164	36c48ff7ceb1daa23f51476d04edd546	75eaffa751a79b14c117ed10939d65aa
1488	54510f7d07d271b7cc71cd161a208164	36c48ff7ceb1daa23f51476d04edd546	75eaffa751a79b14c117ed10939d65aa
1489	0b95c4c2d15a38417dab828c5c95327f	9d44353fa0f9bb209c3c01ac2208f442	abd3a4c1dc33233e410130775dce175e
1490	e705adf62cc97a72b98b39b0d9951393	3413f4c5ddbc49aa1728d68671e6f09d	fc51ea53e685b4a27325d02a2d50f3ed
1491	e705adf62cc97a72b98b39b0d9951393	ccb7361104300839dbc8a3b78107b5f7	a28cac39abda4d417f0432808ff23daf
1492	9b21f49d60f3aa53e029aab02871145a	aae52e4935dfa6354fd42158f3bed9cd	2e15717bee4df4986532b461d5c50a19
1493	9b21f49d60f3aa53e029aab02871145a	aae52e4935dfa6354fd42158f3bed9cd	2e15717bee4df4986532b461d5c50a19
1494	9b21f49d60f3aa53e029aab02871145a	aae52e4935dfa6354fd42158f3bed9cd	2e15717bee4df4986532b461d5c50a19
1495	9b21f49d60f3aa53e029aab02871145a	aae52e4935dfa6354fd42158f3bed9cd	2e15717bee4df4986532b461d5c50a19
1496	9b21f49d60f3aa53e029aab02871145a	aae52e4935dfa6354fd42158f3bed9cd	2e15717bee4df4986532b461d5c50a19
1497	9b21f49d60f3aa53e029aab02871145a	aae52e4935dfa6354fd42158f3bed9cd	2e15717bee4df4986532b461d5c50a19
1498	9b21f49d60f3aa53e029aab02871145a	aae52e4935dfa6354fd42158f3bed9cd	2e15717bee4df4986532b461d5c50a19
1499	9b21f49d60f3aa53e029aab02871145a	aae52e4935dfa6354fd42158f3bed9cd	2e15717bee4df4986532b461d5c50a19
1500	9b21f49d60f3aa53e029aab02871145a	aae52e4935dfa6354fd42158f3bed9cd	2e15717bee4df4986532b461d5c50a19
1501	9b21f49d60f3aa53e029aab02871145a	aae52e4935dfa6354fd42158f3bed9cd	2e15717bee4df4986532b461d5c50a19
1502	9b21f49d60f3aa53e029aab02871145a	aae52e4935dfa6354fd42158f3bed9cd	2e15717bee4df4986532b461d5c50a19
1503	9b21f49d60f3aa53e029aab02871145a	aae52e4935dfa6354fd42158f3bed9cd	2e15717bee4df4986532b461d5c50a19
1504	9b21f49d60f3aa53e029aab02871145a	aae52e4935dfa6354fd42158f3bed9cd	2e15717bee4df4986532b461d5c50a19
1505	9b21f49d60f3aa53e029aab02871145a	aae52e4935dfa6354fd42158f3bed9cd	2e15717bee4df4986532b461d5c50a19
1506	9b21f49d60f3aa53e029aab02871145a	aae52e4935dfa6354fd42158f3bed9cd	2e15717bee4df4986532b461d5c50a19
1507	9b21f49d60f3aa53e029aab02871145a	aae52e4935dfa6354fd42158f3bed9cd	2e15717bee4df4986532b461d5c50a19
1508	9b21f49d60f3aa53e029aab02871145a	aae52e4935dfa6354fd42158f3bed9cd	2e15717bee4df4986532b461d5c50a19
1509	b12bcfe44db5fe87fb2fd871994393d5	7eb70f92a4276b0a10fb8e9db0b4b843	70746816a9a5be498c5f2d75b174407a
1510	b12bcfe44db5fe87fb2fd871994393d5	7eb70f92a4276b0a10fb8e9db0b4b843	70746816a9a5be498c5f2d75b174407a
1511	b12bcfe44db5fe87fb2fd871994393d5	7eb70f92a4276b0a10fb8e9db0b4b843	70746816a9a5be498c5f2d75b174407a
1512	3c122f38477856a95d5a925c5c093a3d	706f33c3cec7c55c34d3a76e1dc4cf25	adaaaf9a3551fbf9c04f24472e7c3533
1513	3c122f38477856a95d5a925c5c093a3d	fb67d0b6c50dcf95b49e13f8783f02b0	bd6df604a41348b3497e35fafa190bf2
1514	55c095348a7d1e064d7be69415eceb07	9e867c18190a0b275a47a38d21016407	ffe92c6aa8482875cf7a3793689bb6c0
1515	55c095348a7d1e064d7be69415eceb07	9e867c18190a0b275a47a38d21016407	ffe92c6aa8482875cf7a3793689bb6c0
1516	3974dea9d1e2d4f4eee440b4155d7722	477c27831a462f654a1f6756b16b3b4e	1c6ffed4f0347676f7d1ba817732aa80
1517	3974dea9d1e2d4f4eee440b4155d7722	477c27831a462f654a1f6756b16b3b4e	1c6ffed4f0347676f7d1ba817732aa80
1518	3974dea9d1e2d4f4eee440b4155d7722	477c27831a462f654a1f6756b16b3b4e	1c6ffed4f0347676f7d1ba817732aa80
1519	b56f2b7e54f9e067a07892f0083d992a	8dcb2780de9b5e0d97550a96cc1690b9	d4fe35b241842a30db66d48b724c32b9
1520	b56f2b7e54f9e067a07892f0083d992a	8dcb2780de9b5e0d97550a96cc1690b9	d4fe35b241842a30db66d48b724c32b9
1521	d0c81f2f9d83fde5226f353f65777329	dd28479c6b4430da9a590fd969c89fdd	33ecfbe966bfb07623dc8464485debc1
1522	d0c81f2f9d83fde5226f353f65777329	dd28479c6b4430da9a590fd969c89fdd	33ecfbe966bfb07623dc8464485debc1
1523	d0c81f2f9d83fde5226f353f65777329	dd28479c6b4430da9a590fd969c89fdd	33ecfbe966bfb07623dc8464485debc1
1524	d0c81f2f9d83fde5226f353f65777329	dd28479c6b4430da9a590fd969c89fdd	33ecfbe966bfb07623dc8464485debc1
1525	d0c81f2f9d83fde5226f353f65777329	dd28479c6b4430da9a590fd969c89fdd	33ecfbe966bfb07623dc8464485debc1
1526	d0c81f2f9d83fde5226f353f65777329	dd28479c6b4430da9a590fd969c89fdd	33ecfbe966bfb07623dc8464485debc1
1527	d0c81f2f9d83fde5226f353f65777329	dd28479c6b4430da9a590fd969c89fdd	33ecfbe966bfb07623dc8464485debc1
1528	dcd0e2e50d7f84f6037b388df6f9fc8e	17cd5659bd203033a2a92a51556961a1	5a98167d6d767a0073296786ca161203
1529	dcd0e2e50d7f84f6037b388df6f9fc8e	17cd5659bd203033a2a92a51556961a1	5a98167d6d767a0073296786ca161203
1530	dcd0e2e50d7f84f6037b388df6f9fc8e	17cd5659bd203033a2a92a51556961a1	5a98167d6d767a0073296786ca161203
1531	dcd0e2e50d7f84f6037b388df6f9fc8e	17cd5659bd203033a2a92a51556961a1	5a98167d6d767a0073296786ca161203
1532	dcd0e2e50d7f84f6037b388df6f9fc8e	17cd5659bd203033a2a92a51556961a1	5a98167d6d767a0073296786ca161203
1533	0196a61081d9af0ce1598d5608e0995a	1d2f23363062aff13197556b65382feb	887cbb42490bba9f1a1171ec76968f49
1534	0196a61081d9af0ce1598d5608e0995a	1d2f23363062aff13197556b65382feb	887cbb42490bba9f1a1171ec76968f49
1535	0196a61081d9af0ce1598d5608e0995a	1d2f23363062aff13197556b65382feb	887cbb42490bba9f1a1171ec76968f49
1536	0196a61081d9af0ce1598d5608e0995a	9af551ac85227e798fea958fa4f888ae	714bdf10bbdc50a133e385bdb5d60962
1537	0196a61081d9af0ce1598d5608e0995a	9af551ac85227e798fea958fa4f888ae	714bdf10bbdc50a133e385bdb5d60962
1538	2babd81c225fe08bf44c29335efa11b9	7313b6b40d03b26e87f9587541b1c95d	9f9b220052c925743758d1d7a2127297
1539	2babd81c225fe08bf44c29335efa11b9	7313b6b40d03b26e87f9587541b1c95d	9f9b220052c925743758d1d7a2127297
1540	4955941d181c3c5a1a9a42d3f2407fa1	318345cbd0a7617fffcbb7626b8c55a4	06a1e3859148a223ee2ec1340e9b27f7
1541	4955941d181c3c5a1a9a42d3f2407fa1	318345cbd0a7617fffcbb7626b8c55a4	06a1e3859148a223ee2ec1340e9b27f7
1542	4955941d181c3c5a1a9a42d3f2407fa1	318345cbd0a7617fffcbb7626b8c55a4	06a1e3859148a223ee2ec1340e9b27f7
1543	4955941d181c3c5a1a9a42d3f2407fa1	318345cbd0a7617fffcbb7626b8c55a4	06a1e3859148a223ee2ec1340e9b27f7
1544	4955941d181c3c5a1a9a42d3f2407fa1	318345cbd0a7617fffcbb7626b8c55a4	06a1e3859148a223ee2ec1340e9b27f7
1545	6e579c5ddc7c3fd0e1ebfe1c952eae24	f9ee92d8a8b77399819dc2de474975af	a8a26780ffcf64eeaece73e0f0347eef
1546	6e579c5ddc7c3fd0e1ebfe1c952eae24	f9ee92d8a8b77399819dc2de474975af	a8a26780ffcf64eeaece73e0f0347eef
1547	6e579c5ddc7c3fd0e1ebfe1c952eae24	f9ee92d8a8b77399819dc2de474975af	a8a26780ffcf64eeaece73e0f0347eef
1548	6e579c5ddc7c3fd0e1ebfe1c952eae24	f9ee92d8a8b77399819dc2de474975af	a8a26780ffcf64eeaece73e0f0347eef
1549	6e579c5ddc7c3fd0e1ebfe1c952eae24	f9ee92d8a8b77399819dc2de474975af	a8a26780ffcf64eeaece73e0f0347eef
1550	25aea4c070f55f0a644ed41136835ff3	ee0a55455eda89ce26232dd077400549	665f4090937f610af354be2df9808d31
1551	25aea4c070f55f0a644ed41136835ff3	ee0a55455eda89ce26232dd077400549	665f4090937f610af354be2df9808d31
1552	25aea4c070f55f0a644ed41136835ff3	ee0a55455eda89ce26232dd077400549	665f4090937f610af354be2df9808d31
1553	e8b47882edc03bcae5e611a7bf8354c0	e4bf937c9c6825bb77634fbf0d7145e1	c8a60dbf4e16e10f14ce144ed3b2ff91
1554	e8b47882edc03bcae5e611a7bf8354c0	e4bf937c9c6825bb77634fbf0d7145e1	c8a60dbf4e16e10f14ce144ed3b2ff91
1555	7d5332ead030f2f21aa2d3435ba5e7e1	58888f90ff83405ca166cdc38ca1d7ee	edaa68dc226f9229a84c3b4552de14c7
1556	7d5332ead030f2f21aa2d3435ba5e7e1	7f312861a3cd28976ff4bd6a46e3f477	bc8f784493b6fbbd2b71a3d65f13baeb
1557	d5856df9d5e0444cc155c7f840bdc021	bf6354ea48dcec213dad3131050892e4	77014c1df49ceb4d0692b608590187ec
1558	d5856df9d5e0444cc155c7f840bdc021	bf6354ea48dcec213dad3131050892e4	77014c1df49ceb4d0692b608590187ec
1559	d5856df9d5e0444cc155c7f840bdc021	bf6354ea48dcec213dad3131050892e4	77014c1df49ceb4d0692b608590187ec
1560	d5856df9d5e0444cc155c7f840bdc021	bf6354ea48dcec213dad3131050892e4	77014c1df49ceb4d0692b608590187ec
1561	d5856df9d5e0444cc155c7f840bdc021	bf6354ea48dcec213dad3131050892e4	77014c1df49ceb4d0692b608590187ec
1562	a6cd813ed9baa3c63eb1fe0c064de61b	db0ba762e275cb8bf69473c980e97514	bcd962bfda932044c988bd91928ae33a
1563	a6cd813ed9baa3c63eb1fe0c064de61b	db0ba762e275cb8bf69473c980e97514	bcd962bfda932044c988bd91928ae33a
1564	a6cd813ed9baa3c63eb1fe0c064de61b	db0ba762e275cb8bf69473c980e97514	bcd962bfda932044c988bd91928ae33a
1565	a6cd813ed9baa3c63eb1fe0c064de61b	db0ba762e275cb8bf69473c980e97514	bcd962bfda932044c988bd91928ae33a
1566	a6cd813ed9baa3c63eb1fe0c064de61b	db0ba762e275cb8bf69473c980e97514	bcd962bfda932044c988bd91928ae33a
1567	a6cd813ed9baa3c63eb1fe0c064de61b	db0ba762e275cb8bf69473c980e97514	bcd962bfda932044c988bd91928ae33a
1568	a6cd813ed9baa3c63eb1fe0c064de61b	db0ba762e275cb8bf69473c980e97514	bcd962bfda932044c988bd91928ae33a
1569	91f45dad92254a5bcc2256f2e11fc246	04df7d20383dd0b09002c938ecfe06b3	a8aac93a2c24449ce152795d36ba5fd5
1570	91f45dad92254a5bcc2256f2e11fc246	8482a590ebb4e2f68c0b19094305d1cf	017e30198cb9dc8abdeba5f994a87f91
1571	91f45dad92254a5bcc2256f2e11fc246	8482a590ebb4e2f68c0b19094305d1cf	017e30198cb9dc8abdeba5f994a87f91
1572	91f45dad92254a5bcc2256f2e11fc246	8482a590ebb4e2f68c0b19094305d1cf	017e30198cb9dc8abdeba5f994a87f91
1573	91f45dad92254a5bcc2256f2e11fc246	8482a590ebb4e2f68c0b19094305d1cf	017e30198cb9dc8abdeba5f994a87f91
1574	91f45dad92254a5bcc2256f2e11fc246	8482a590ebb4e2f68c0b19094305d1cf	017e30198cb9dc8abdeba5f994a87f91
1575	91f45dad92254a5bcc2256f2e11fc246	8482a590ebb4e2f68c0b19094305d1cf	017e30198cb9dc8abdeba5f994a87f91
1576	91f45dad92254a5bcc2256f2e11fc246	8482a590ebb4e2f68c0b19094305d1cf	017e30198cb9dc8abdeba5f994a87f91
1577	91f45dad92254a5bcc2256f2e11fc246	04df7d20383dd0b09002c938ecfe06b3	a8aac93a2c24449ce152795d36ba5fd5
1578	91f45dad92254a5bcc2256f2e11fc246	8482a590ebb4e2f68c0b19094305d1cf	017e30198cb9dc8abdeba5f994a87f91
1579	66a9525fbc979de760104a30fc075dff	7c9a2bd8b3ecbe962b0b398f416d6312	17ddd9d29add7611030bdd8b733d38c8
1580	66a9525fbc979de760104a30fc075dff	7c9a2bd8b3ecbe962b0b398f416d6312	17ddd9d29add7611030bdd8b733d38c8
1581	66a9525fbc979de760104a30fc075dff	7c9a2bd8b3ecbe962b0b398f416d6312	17ddd9d29add7611030bdd8b733d38c8
1582	66a9525fbc979de760104a30fc075dff	7c9a2bd8b3ecbe962b0b398f416d6312	17ddd9d29add7611030bdd8b733d38c8
1583	66a9525fbc979de760104a30fc075dff	7c9a2bd8b3ecbe962b0b398f416d6312	17ddd9d29add7611030bdd8b733d38c8
1584	66a9525fbc979de760104a30fc075dff	7c9a2bd8b3ecbe962b0b398f416d6312	17ddd9d29add7611030bdd8b733d38c8
1585	66a9525fbc979de760104a30fc075dff	7c9a2bd8b3ecbe962b0b398f416d6312	17ddd9d29add7611030bdd8b733d38c8
1586	7b2482fa141a63f956cd42de3696209f	a4649c46df7963d1beaefa9beea6d89d	d9de6a5013688b56969d7f3f64778f47
1587	7b2482fa141a63f956cd42de3696209f	a4649c46df7963d1beaefa9beea6d89d	d9de6a5013688b56969d7f3f64778f47
1588	7b2482fa141a63f956cd42de3696209f	a4649c46df7963d1beaefa9beea6d89d	d9de6a5013688b56969d7f3f64778f47
1589	bd0fbdd958be12fc13687fd5239367eb	9dae60bcf9caeb65c1f0fff2f10bdf31	fcabada98717f9744aa6d8ec7cf01457
1590	78cc5aaf376eab6555afea8a19226777	126558622c836b3c238faa2f48eac135	a20214c2e5e22275ca19fa15814fdd07
1591	5ab399e43e15a097bb3e30b4cf76944f	6af7a7631a186655ed2aa28b1dac41e2	d2cba08340fc9615cac1a9234a77b3d4
1592	5ab399e43e15a097bb3e30b4cf76944f	6af7a7631a186655ed2aa28b1dac41e2	d2cba08340fc9615cac1a9234a77b3d4
1593	5ab399e43e15a097bb3e30b4cf76944f	6af7a7631a186655ed2aa28b1dac41e2	d2cba08340fc9615cac1a9234a77b3d4
1594	5ab399e43e15a097bb3e30b4cf76944f	6af7a7631a186655ed2aa28b1dac41e2	d2cba08340fc9615cac1a9234a77b3d4
1595	5ab399e43e15a097bb3e30b4cf76944f	6af7a7631a186655ed2aa28b1dac41e2	d2cba08340fc9615cac1a9234a77b3d4
1596	5ab399e43e15a097bb3e30b4cf76944f	6af7a7631a186655ed2aa28b1dac41e2	d2cba08340fc9615cac1a9234a77b3d4
1597	5ab399e43e15a097bb3e30b4cf76944f	6af7a7631a186655ed2aa28b1dac41e2	d2cba08340fc9615cac1a9234a77b3d4
1598	ec7da9dcc18d88af48070f5acfd2fdfa	bbb69a7739d8ffda813a8e519bae59a1	3751a3c36f0154f685e0924f6e5f3ec7
1599	ec7da9dcc18d88af48070f5acfd2fdfa	bbb69a7739d8ffda813a8e519bae59a1	3751a3c36f0154f685e0924f6e5f3ec7
1600	ec7da9dcc18d88af48070f5acfd2fdfa	bbb69a7739d8ffda813a8e519bae59a1	3751a3c36f0154f685e0924f6e5f3ec7
1601	ec7da9dcc18d88af48070f5acfd2fdfa	bbb69a7739d8ffda813a8e519bae59a1	3751a3c36f0154f685e0924f6e5f3ec7
1602	ec7da9dcc18d88af48070f5acfd2fdfa	bbb69a7739d8ffda813a8e519bae59a1	3751a3c36f0154f685e0924f6e5f3ec7
1603	d45f4b34cad9031f7f64659ca5b87d08	7545c143ea479ac9a13173f633efa2d1	0b31fb784c1bf2dde28d781efd4cb795
1604	d45f4b34cad9031f7f64659ca5b87d08	7545c143ea479ac9a13173f633efa2d1	0b31fb784c1bf2dde28d781efd4cb795
1605	d45f4b34cad9031f7f64659ca5b87d08	7545c143ea479ac9a13173f633efa2d1	0b31fb784c1bf2dde28d781efd4cb795
1606	d45f4b34cad9031f7f64659ca5b87d08	7545c143ea479ac9a13173f633efa2d1	0b31fb784c1bf2dde28d781efd4cb795
1607	d45f4b34cad9031f7f64659ca5b87d08	7545c143ea479ac9a13173f633efa2d1	0b31fb784c1bf2dde28d781efd4cb795
1608	d45f4b34cad9031f7f64659ca5b87d08	7545c143ea479ac9a13173f633efa2d1	0b31fb784c1bf2dde28d781efd4cb795
1609	d45f4b34cad9031f7f64659ca5b87d08	7545c143ea479ac9a13173f633efa2d1	0b31fb784c1bf2dde28d781efd4cb795
1610	d45f4b34cad9031f7f64659ca5b87d08	7545c143ea479ac9a13173f633efa2d1	0b31fb784c1bf2dde28d781efd4cb795
1611	d45f4b34cad9031f7f64659ca5b87d08	7545c143ea479ac9a13173f633efa2d1	0b31fb784c1bf2dde28d781efd4cb795
1612	d45f4b34cad9031f7f64659ca5b87d08	7545c143ea479ac9a13173f633efa2d1	0b31fb784c1bf2dde28d781efd4cb795
1613	d45f4b34cad9031f7f64659ca5b87d08	7545c143ea479ac9a13173f633efa2d1	0b31fb784c1bf2dde28d781efd4cb795
1614	d45f4b34cad9031f7f64659ca5b87d08	7545c143ea479ac9a13173f633efa2d1	0b31fb784c1bf2dde28d781efd4cb795
1615	d45f4b34cad9031f7f64659ca5b87d08	7545c143ea479ac9a13173f633efa2d1	0b31fb784c1bf2dde28d781efd4cb795
1616	d45f4b34cad9031f7f64659ca5b87d08	7545c143ea479ac9a13173f633efa2d1	0b31fb784c1bf2dde28d781efd4cb795
1617	d45f4b34cad9031f7f64659ca5b87d08	7545c143ea479ac9a13173f633efa2d1	0b31fb784c1bf2dde28d781efd4cb795
1618	d45f4b34cad9031f7f64659ca5b87d08	7545c143ea479ac9a13173f633efa2d1	0b31fb784c1bf2dde28d781efd4cb795
1619	d45f4b34cad9031f7f64659ca5b87d08	7545c143ea479ac9a13173f633efa2d1	0b31fb784c1bf2dde28d781efd4cb795
1620	88d7857aa5067a05bd0eb2ab196b1506	fddd39163648d521aa085c0380405537	d3dae2939b7150355990920429a6b15e
1621	88d7857aa5067a05bd0eb2ab196b1506	fddd39163648d521aa085c0380405537	d3dae2939b7150355990920429a6b15e
1622	88d7857aa5067a05bd0eb2ab196b1506	fddd39163648d521aa085c0380405537	d3dae2939b7150355990920429a6b15e
1623	88d7857aa5067a05bd0eb2ab196b1506	fddd39163648d521aa085c0380405537	d3dae2939b7150355990920429a6b15e
1624	88d7857aa5067a05bd0eb2ab196b1506	fddd39163648d521aa085c0380405537	d3dae2939b7150355990920429a6b15e
1625	88d7857aa5067a05bd0eb2ab196b1506	fddd39163648d521aa085c0380405537	d3dae2939b7150355990920429a6b15e
1626	88d7857aa5067a05bd0eb2ab196b1506	fddd39163648d521aa085c0380405537	d3dae2939b7150355990920429a6b15e
1627	b320a404f56f82d317142c9ccf6a7ef3	1a3b43552b621a7335da20e385599911	c649523964b975dd87a5b96b6f614c8d
1628	b320a404f56f82d317142c9ccf6a7ef3	1a3b43552b621a7335da20e385599911	c649523964b975dd87a5b96b6f614c8d
1629	b320a404f56f82d317142c9ccf6a7ef3	1a3b43552b621a7335da20e385599911	c649523964b975dd87a5b96b6f614c8d
1630	b320a404f56f82d317142c9ccf6a7ef3	1a3b43552b621a7335da20e385599911	c649523964b975dd87a5b96b6f614c8d
1631	b320a404f56f82d317142c9ccf6a7ef3	1a3b43552b621a7335da20e385599911	c649523964b975dd87a5b96b6f614c8d
1632	ee82e24f16ef659da2c04d19a3f7eec1	b67670793fab5b9115fe7c2d7438e753	5349b84161a7de5426f206c4ff5f9a38
1633	b77e2d67a2250023f582caebacbfed6f	db582d4089492958f229f2cb5b20d15f	d917f2ac3a52a5793d1a97a4ae0b5edc
1634	cd26090f8a91cba9d1ef0153da1b2cd0	d57b1d150480e9aa1c32a65ead495eb6	fb559d83bef34c2fb21593f58e9b8bed
1635	00eefd1115e34c5256c2bcb540d528c8	317bd3311ed03ba39b7463bc287e2a92	bf4d329f1724865b81017876533d2bc8
1636	00eefd1115e34c5256c2bcb540d528c8	317bd3311ed03ba39b7463bc287e2a92	bf4d329f1724865b81017876533d2bc8
1637	00eefd1115e34c5256c2bcb540d528c8	317bd3311ed03ba39b7463bc287e2a92	bf4d329f1724865b81017876533d2bc8
1638	00eefd1115e34c5256c2bcb540d528c8	317bd3311ed03ba39b7463bc287e2a92	bf4d329f1724865b81017876533d2bc8
1639	19e9a4bcc971a344746fbef056f54749	12cead82d815e2500df2de8b6f798a67	e0a96b697e1626f0132621f2b649a27d
1640	19e9a4bcc971a344746fbef056f54749	12cead82d815e2500df2de8b6f798a67	e0a96b697e1626f0132621f2b649a27d
1641	19e9a4bcc971a344746fbef056f54749	12cead82d815e2500df2de8b6f798a67	e0a96b697e1626f0132621f2b649a27d
1642	19e9a4bcc971a344746fbef056f54749	12cead82d815e2500df2de8b6f798a67	e0a96b697e1626f0132621f2b649a27d
1643	19e9a4bcc971a344746fbef056f54749	12cead82d815e2500df2de8b6f798a67	e0a96b697e1626f0132621f2b649a27d
1644	57c42d7800c2036d1e963a78945e6224	e52fc988a61576f5a93950cd72637d44	15daac54a316fd6078d4b31f55e0082c
1645	57c42d7800c2036d1e963a78945e6224	e52fc988a61576f5a93950cd72637d44	15daac54a316fd6078d4b31f55e0082c
1646	57c42d7800c2036d1e963a78945e6224	e52fc988a61576f5a93950cd72637d44	15daac54a316fd6078d4b31f55e0082c
1647	57c42d7800c2036d1e963a78945e6224	e52fc988a61576f5a93950cd72637d44	15daac54a316fd6078d4b31f55e0082c
1648	222f52a5394394ce7e9f7264f445a433	a324ad4be2dafdbbd9f3d8239a690e88	7b5e72ea4913179a8d893a7ae3e152f0
1649	0a49e615f76068b067c66f302e2d9756	366b217bcef452c947b0a300ba5b3abe	bc2cc79dfad0f8801530efd61ea10345
1650	0a49e615f76068b067c66f302e2d9756	366b217bcef452c947b0a300ba5b3abe	bc2cc79dfad0f8801530efd61ea10345
1651	0a49e615f76068b067c66f302e2d9756	366b217bcef452c947b0a300ba5b3abe	bc2cc79dfad0f8801530efd61ea10345
1652	0a49e615f76068b067c66f302e2d9756	366b217bcef452c947b0a300ba5b3abe	bc2cc79dfad0f8801530efd61ea10345
1653	0a49e615f76068b067c66f302e2d9756	366b217bcef452c947b0a300ba5b3abe	bc2cc79dfad0f8801530efd61ea10345
1654	0a49e615f76068b067c66f302e2d9756	366b217bcef452c947b0a300ba5b3abe	bc2cc79dfad0f8801530efd61ea10345
1655	0a49e615f76068b067c66f302e2d9756	366b217bcef452c947b0a300ba5b3abe	bc2cc79dfad0f8801530efd61ea10345
1656	26798fc3447b8e2ab8078213bd00dd56	774222bdaeea5f54cae1843798241fc5	aaf5124921a42d21bb1542b1e0e3fedb
1657	d49d44378425885ae954b6638bd34caf	aa618550693d22ab0db07d0f17a30285	4a3e823522b4f1a222e3a105bcb05f5e
1658	d49d44378425885ae954b6638bd34caf	aa618550693d22ab0db07d0f17a30285	4a3e823522b4f1a222e3a105bcb05f5e
1659	f38c459b542edf53c77b4f2b02c3e0ce	b441660abd241e654aabfca2734ad21d	1d2e2c0add75f29c349a48851288d8d6
1660	f38c459b542edf53c77b4f2b02c3e0ce	b441660abd241e654aabfca2734ad21d	1d2e2c0add75f29c349a48851288d8d6
1661	3775af6d0b675d98a12f33afae2df474	ff4e745b93419ca6b13b691d7c9b9235	f3dd5f59601957ab2d4f9045585e1b94
1662	3775af6d0b675d98a12f33afae2df474	ff4e745b93419ca6b13b691d7c9b9235	f3dd5f59601957ab2d4f9045585e1b94
1663	3775af6d0b675d98a12f33afae2df474	ff4e745b93419ca6b13b691d7c9b9235	f3dd5f59601957ab2d4f9045585e1b94
1664	3775af6d0b675d98a12f33afae2df474	ff4e745b93419ca6b13b691d7c9b9235	f3dd5f59601957ab2d4f9045585e1b94
1665	3775af6d0b675d98a12f33afae2df474	ff4e745b93419ca6b13b691d7c9b9235	f3dd5f59601957ab2d4f9045585e1b94
1666	3775af6d0b675d98a12f33afae2df474	ff4e745b93419ca6b13b691d7c9b9235	f3dd5f59601957ab2d4f9045585e1b94
1667	3775af6d0b675d98a12f33afae2df474	ff4e745b93419ca6b13b691d7c9b9235	f3dd5f59601957ab2d4f9045585e1b94
1668	1c251c8f81970261c74f20ab9fd1d353	2ec372059d74fd4652767c8862f4e898	1c031b98c3495dae22ec5943298aa147
1669	1c251c8f81970261c74f20ab9fd1d353	2ec372059d74fd4652767c8862f4e898	1c031b98c3495dae22ec5943298aa147
1670	1c251c8f81970261c74f20ab9fd1d353	2ec372059d74fd4652767c8862f4e898	1c031b98c3495dae22ec5943298aa147
1671	1c251c8f81970261c74f20ab9fd1d353	2ec372059d74fd4652767c8862f4e898	1c031b98c3495dae22ec5943298aa147
1672	1c251c8f81970261c74f20ab9fd1d353	2ec372059d74fd4652767c8862f4e898	1c031b98c3495dae22ec5943298aa147
1673	6e4f482a578bc5ca7556e73d8f78d0a6	8342e67ea224e03238790373106d564f	8e0b9649918929b609984169be8fec35
1674	6e4f482a578bc5ca7556e73d8f78d0a6	8342e67ea224e03238790373106d564f	8e0b9649918929b609984169be8fec35
1675	6e4f482a578bc5ca7556e73d8f78d0a6	8342e67ea224e03238790373106d564f	8e0b9649918929b609984169be8fec35
1676	6e4f482a578bc5ca7556e73d8f78d0a6	8342e67ea224e03238790373106d564f	8e0b9649918929b609984169be8fec35
1677	6e4f482a578bc5ca7556e73d8f78d0a6	8342e67ea224e03238790373106d564f	8e0b9649918929b609984169be8fec35
1678	6e4f482a578bc5ca7556e73d8f78d0a6	8342e67ea224e03238790373106d564f	8e0b9649918929b609984169be8fec35
1679	6e4f482a578bc5ca7556e73d8f78d0a6	8342e67ea224e03238790373106d564f	8e0b9649918929b609984169be8fec35
1680	c7b6813bd4e9e400a44e0e62a3ee541e	8720d2df992899694ae04d7441149e06	ce02c3f216d26842941d4dc33fc9ec8b
1681	c7b6813bd4e9e400a44e0e62a3ee541e	8720d2df992899694ae04d7441149e06	ce02c3f216d26842941d4dc33fc9ec8b
1682	c7b6813bd4e9e400a44e0e62a3ee541e	8720d2df992899694ae04d7441149e06	ce02c3f216d26842941d4dc33fc9ec8b
1683	c7b6813bd4e9e400a44e0e62a3ee541e	8720d2df992899694ae04d7441149e06	ce02c3f216d26842941d4dc33fc9ec8b
1684	c7b6813bd4e9e400a44e0e62a3ee541e	8720d2df992899694ae04d7441149e06	ce02c3f216d26842941d4dc33fc9ec8b
1685	f32ef2c88d76be53f815483b7ff173d5	d375daa34f6402f4920567c0fd448a42	78eba7736e50ce832fea6cc238b27034
1686	f32ef2c88d76be53f815483b7ff173d5	d375daa34f6402f4920567c0fd448a42	78eba7736e50ce832fea6cc238b27034
1687	f32ef2c88d76be53f815483b7ff173d5	d375daa34f6402f4920567c0fd448a42	78eba7736e50ce832fea6cc238b27034
1688	f32ef2c88d76be53f815483b7ff173d5	d375daa34f6402f4920567c0fd448a42	78eba7736e50ce832fea6cc238b27034
1689	f32ef2c88d76be53f815483b7ff173d5	d375daa34f6402f4920567c0fd448a42	78eba7736e50ce832fea6cc238b27034
1690	1198ed5c1d85ed82cb614f81c8151177	a058c6fe87245db9cc3249431467534f	d61aff19788842e4bb00a5d0b864eb29
1691	1198ed5c1d85ed82cb614f81c8151177	a058c6fe87245db9cc3249431467534f	d61aff19788842e4bb00a5d0b864eb29
1692	1198ed5c1d85ed82cb614f81c8151177	a058c6fe87245db9cc3249431467534f	d61aff19788842e4bb00a5d0b864eb29
1693	1198ed5c1d85ed82cb614f81c8151177	a058c6fe87245db9cc3249431467534f	d61aff19788842e4bb00a5d0b864eb29
1694	1198ed5c1d85ed82cb614f81c8151177	68cb36319d146d63af2161fb4f402f85	5b3c46f373accd54a263409e3c01c32f
1695	1198ed5c1d85ed82cb614f81c8151177	68cb36319d146d63af2161fb4f402f85	5b3c46f373accd54a263409e3c01c32f
1696	1198ed5c1d85ed82cb614f81c8151177	a058c6fe87245db9cc3249431467534f	d61aff19788842e4bb00a5d0b864eb29
1697	1198ed5c1d85ed82cb614f81c8151177	a058c6fe87245db9cc3249431467534f	d61aff19788842e4bb00a5d0b864eb29
1698	1198ed5c1d85ed82cb614f81c8151177	a058c6fe87245db9cc3249431467534f	d61aff19788842e4bb00a5d0b864eb29
1699	1198ed5c1d85ed82cb614f81c8151177	a058c6fe87245db9cc3249431467534f	d61aff19788842e4bb00a5d0b864eb29
1700	1198ed5c1d85ed82cb614f81c8151177	a058c6fe87245db9cc3249431467534f	d61aff19788842e4bb00a5d0b864eb29
1701	1198ed5c1d85ed82cb614f81c8151177	68cb36319d146d63af2161fb4f402f85	5b3c46f373accd54a263409e3c01c32f
1702	e6c2fb48d4f08e00e68fdaf1935a8fb3	1baabe3e33a8c40ff1cf2e48ef66f187	d2f12a2119a9109ad3eabccdc13ae70d
1703	e6c2fb48d4f08e00e68fdaf1935a8fb3	1baabe3e33a8c40ff1cf2e48ef66f187	d2f12a2119a9109ad3eabccdc13ae70d
1704	e6c2fb48d4f08e00e68fdaf1935a8fb3	1baabe3e33a8c40ff1cf2e48ef66f187	d2f12a2119a9109ad3eabccdc13ae70d
1705	e6c2fb48d4f08e00e68fdaf1935a8fb3	1baabe3e33a8c40ff1cf2e48ef66f187	d2f12a2119a9109ad3eabccdc13ae70d
1706	e6c2fb48d4f08e00e68fdaf1935a8fb3	1baabe3e33a8c40ff1cf2e48ef66f187	d2f12a2119a9109ad3eabccdc13ae70d
1707	e6c2fb48d4f08e00e68fdaf1935a8fb3	1baabe3e33a8c40ff1cf2e48ef66f187	d2f12a2119a9109ad3eabccdc13ae70d
1708	e6c2fb48d4f08e00e68fdaf1935a8fb3	1baabe3e33a8c40ff1cf2e48ef66f187	d2f12a2119a9109ad3eabccdc13ae70d
1709	219486bb52849e5751ff9a4b45dcd6fb	bcad9b91f5f9d461a32c3ecaa4d19f2e	25a61c1e1940e4c50865634d959f2357
1710	219486bb52849e5751ff9a4b45dcd6fb	bcad9b91f5f9d461a32c3ecaa4d19f2e	25a61c1e1940e4c50865634d959f2357
1711	219486bb52849e5751ff9a4b45dcd6fb	bcad9b91f5f9d461a32c3ecaa4d19f2e	25a61c1e1940e4c50865634d959f2357
1712	219486bb52849e5751ff9a4b45dcd6fb	bcad9b91f5f9d461a32c3ecaa4d19f2e	25a61c1e1940e4c50865634d959f2357
1713	219486bb52849e5751ff9a4b45dcd6fb	bcad9b91f5f9d461a32c3ecaa4d19f2e	25a61c1e1940e4c50865634d959f2357
1714	219486bb52849e5751ff9a4b45dcd6fb	bcad9b91f5f9d461a32c3ecaa4d19f2e	25a61c1e1940e4c50865634d959f2357
1715	219486bb52849e5751ff9a4b45dcd6fb	bcad9b91f5f9d461a32c3ecaa4d19f2e	25a61c1e1940e4c50865634d959f2357
1716	219486bb52849e5751ff9a4b45dcd6fb	bcad9b91f5f9d461a32c3ecaa4d19f2e	25a61c1e1940e4c50865634d959f2357
1717	219486bb52849e5751ff9a4b45dcd6fb	bcad9b91f5f9d461a32c3ecaa4d19f2e	25a61c1e1940e4c50865634d959f2357
1718	219486bb52849e5751ff9a4b45dcd6fb	bcad9b91f5f9d461a32c3ecaa4d19f2e	25a61c1e1940e4c50865634d959f2357
1719	a822e2fc1ab8a852c2f069673c4a32a0	854214ba5effd81e32954f9e58d47d00	642e57082d3e385fc01f946b4aecd08f
1720	a822e2fc1ab8a852c2f069673c4a32a0	854214ba5effd81e32954f9e58d47d00	642e57082d3e385fc01f946b4aecd08f
1721	a822e2fc1ab8a852c2f069673c4a32a0	854214ba5effd81e32954f9e58d47d00	642e57082d3e385fc01f946b4aecd08f
1722	a822e2fc1ab8a852c2f069673c4a32a0	854214ba5effd81e32954f9e58d47d00	642e57082d3e385fc01f946b4aecd08f
1723	a822e2fc1ab8a852c2f069673c4a32a0	854214ba5effd81e32954f9e58d47d00	642e57082d3e385fc01f946b4aecd08f
1724	a822e2fc1ab8a852c2f069673c4a32a0	854214ba5effd81e32954f9e58d47d00	642e57082d3e385fc01f946b4aecd08f
1725	a822e2fc1ab8a852c2f069673c4a32a0	854214ba5effd81e32954f9e58d47d00	642e57082d3e385fc01f946b4aecd08f
1726	5037f2165fcc9a437791bf82be46c369	df74d8ec0d8334953809d2617291a329	a6157b9dedcbcbfad7d542776e0b3bdc
1727	5037f2165fcc9a437791bf82be46c369	df74d8ec0d8334953809d2617291a329	a6157b9dedcbcbfad7d542776e0b3bdc
1728	5037f2165fcc9a437791bf82be46c369	df74d8ec0d8334953809d2617291a329	a6157b9dedcbcbfad7d542776e0b3bdc
1729	5037f2165fcc9a437791bf82be46c369	df74d8ec0d8334953809d2617291a329	a6157b9dedcbcbfad7d542776e0b3bdc
1730	5037f2165fcc9a437791bf82be46c369	6da6e872c727206700cd0629b0d08403	49a91d3d531efe85d057595ae5438233
1731	0979777853d88965a0f975e2b0b1519e	08fed3411f32613d935a914fd0c91f91	2fd1f5b2d194886198b81e4799a5abe6
1732	0979777853d88965a0f975e2b0b1519e	08fed3411f32613d935a914fd0c91f91	2fd1f5b2d194886198b81e4799a5abe6
1733	0979777853d88965a0f975e2b0b1519e	08fed3411f32613d935a914fd0c91f91	2fd1f5b2d194886198b81e4799a5abe6
1734	0979777853d88965a0f975e2b0b1519e	08fed3411f32613d935a914fd0c91f91	2fd1f5b2d194886198b81e4799a5abe6
1735	0979777853d88965a0f975e2b0b1519e	08fed3411f32613d935a914fd0c91f91	2fd1f5b2d194886198b81e4799a5abe6
1736	0979777853d88965a0f975e2b0b1519e	08fed3411f32613d935a914fd0c91f91	2fd1f5b2d194886198b81e4799a5abe6
1737	0979777853d88965a0f975e2b0b1519e	08fed3411f32613d935a914fd0c91f91	2fd1f5b2d194886198b81e4799a5abe6
1738	0979777853d88965a0f975e2b0b1519e	08fed3411f32613d935a914fd0c91f91	2fd1f5b2d194886198b81e4799a5abe6
1739	0979777853d88965a0f975e2b0b1519e	08fed3411f32613d935a914fd0c91f91	2fd1f5b2d194886198b81e4799a5abe6
1740	0979777853d88965a0f975e2b0b1519e	08fed3411f32613d935a914fd0c91f91	2fd1f5b2d194886198b81e4799a5abe6
1741	0979777853d88965a0f975e2b0b1519e	08fed3411f32613d935a914fd0c91f91	2fd1f5b2d194886198b81e4799a5abe6
1742	0979777853d88965a0f975e2b0b1519e	08fed3411f32613d935a914fd0c91f91	2fd1f5b2d194886198b81e4799a5abe6
1743	0979777853d88965a0f975e2b0b1519e	08fed3411f32613d935a914fd0c91f91	2fd1f5b2d194886198b81e4799a5abe6
1744	0979777853d88965a0f975e2b0b1519e	08fed3411f32613d935a914fd0c91f91	2fd1f5b2d194886198b81e4799a5abe6
1745	0979777853d88965a0f975e2b0b1519e	08fed3411f32613d935a914fd0c91f91	2fd1f5b2d194886198b81e4799a5abe6
1746	0979777853d88965a0f975e2b0b1519e	08fed3411f32613d935a914fd0c91f91	2fd1f5b2d194886198b81e4799a5abe6
1747	0979777853d88965a0f975e2b0b1519e	08fed3411f32613d935a914fd0c91f91	2fd1f5b2d194886198b81e4799a5abe6
1748	838eb3e7f02ec25c5620f4c0bdd6adb3	b1a3b944f0c89eb804ff41c86e9eb048	b90db20fadeae795a8d432e6568c1161
1749	838eb3e7f02ec25c5620f4c0bdd6adb3	b1a3b944f0c89eb804ff41c86e9eb048	b90db20fadeae795a8d432e6568c1161
1750	838eb3e7f02ec25c5620f4c0bdd6adb3	b1a3b944f0c89eb804ff41c86e9eb048	b90db20fadeae795a8d432e6568c1161
1751	89372f1df88f6b4b85990897f837f160	637d0652465e58264b7515a84ede66ec	b58c662dfe0f7d80be4c4d55adaedbc8
1752	635f2fea10809df8454317152f26078c	e84b93f1011a7f54c53debf4dab9a122	5380afd6dce93fa3f75bafe67380ff6f
1753	12996001bf7229323a27209198fa636f	3b504bd94f7969e4595751588ed4169b	14581400ce07f974ad6d21429d624cef
1754	12996001bf7229323a27209198fa636f	3b504bd94f7969e4595751588ed4169b	14581400ce07f974ad6d21429d624cef
1755	3e4de87342cf3193e63107ef46e79411	7810c6edfd3631aa0fd73967fe885867	7330ec849ccc32f9df28f1a7e7db2582
1756	3e4de87342cf3193e63107ef46e79411	7810c6edfd3631aa0fd73967fe885867	7330ec849ccc32f9df28f1a7e7db2582
1757	3e4de87342cf3193e63107ef46e79411	7810c6edfd3631aa0fd73967fe885867	7330ec849ccc32f9df28f1a7e7db2582
1758	6110223ffc1881893fc39cf58d8ee3e4	1e0d9ea37b7fab5f74cfbce6511e0018	e2bc83ae835470c45b1699965873b665
1759	6110223ffc1881893fc39cf58d8ee3e4	1e0d9ea37b7fab5f74cfbce6511e0018	e2bc83ae835470c45b1699965873b665
1760	ed535cdf08057b964b42d3f867e6cbe9	528ccadc672110ae9bad669c5ae8a1e6	5d7c0d0909a44c87eb46afd9ae6d2fff
1761	ed535cdf08057b964b42d3f867e6cbe9	528ccadc672110ae9bad669c5ae8a1e6	5d7c0d0909a44c87eb46afd9ae6d2fff
1762	ed535cdf08057b964b42d3f867e6cbe9	528ccadc672110ae9bad669c5ae8a1e6	5d7c0d0909a44c87eb46afd9ae6d2fff
1763	ed535cdf08057b964b42d3f867e6cbe9	528ccadc672110ae9bad669c5ae8a1e6	5d7c0d0909a44c87eb46afd9ae6d2fff
1764	ed535cdf08057b964b42d3f867e6cbe9	528ccadc672110ae9bad669c5ae8a1e6	5d7c0d0909a44c87eb46afd9ae6d2fff
1765	ed535cdf08057b964b42d3f867e6cbe9	528ccadc672110ae9bad669c5ae8a1e6	5d7c0d0909a44c87eb46afd9ae6d2fff
1766	ed535cdf08057b964b42d3f867e6cbe9	528ccadc672110ae9bad669c5ae8a1e6	5d7c0d0909a44c87eb46afd9ae6d2fff
1767	fabd888591678d3aa28874216906f9f7	c5514a29a49cbbd966833349f7209a85	d02c8241c1746ccaddb22c4671a0bb2a
1768	3e19aa402d0bbaf16ca5b322f0e09cfa	5bfd5c9db091b44f6d1bcf712757c13a	70aaf1aa09ab8c18269205213436b8d4
1769	3e19aa402d0bbaf16ca5b322f0e09cfa	5bfd5c9db091b44f6d1bcf712757c13a	70aaf1aa09ab8c18269205213436b8d4
1770	d06801fd15814f6a1e7af23570b6afe3	f7da566bb33db90d86d6656cd8073fe5	4a1f724f9fdc037667e42c8e4de3c5e8
1771	d06801fd15814f6a1e7af23570b6afe3	f7da566bb33db90d86d6656cd8073fe5	4a1f724f9fdc037667e42c8e4de3c5e8
1772	e6051b33fd37da5a7459063c83c44ee1	12bcedec7f198eff80b6785b295a99ad	314a0e30087dc7dd5c3276d7957deb5a
1773	e6051b33fd37da5a7459063c83c44ee1	12bcedec7f198eff80b6785b295a99ad	314a0e30087dc7dd5c3276d7957deb5a
1774	e6051b33fd37da5a7459063c83c44ee1	12bcedec7f198eff80b6785b295a99ad	314a0e30087dc7dd5c3276d7957deb5a
1775	e6051b33fd37da5a7459063c83c44ee1	12bcedec7f198eff80b6785b295a99ad	314a0e30087dc7dd5c3276d7957deb5a
1776	e6051b33fd37da5a7459063c83c44ee1	12bcedec7f198eff80b6785b295a99ad	314a0e30087dc7dd5c3276d7957deb5a
1777	e6051b33fd37da5a7459063c83c44ee1	12bcedec7f198eff80b6785b295a99ad	314a0e30087dc7dd5c3276d7957deb5a
1778	e6051b33fd37da5a7459063c83c44ee1	12bcedec7f198eff80b6785b295a99ad	314a0e30087dc7dd5c3276d7957deb5a
1779	11d1b4dda58fa063014d1fed465de7a3	7d031ea7bbcbafb243397f68c40e9d4b	eaf68196f842b928f6df85ba873bbfa8
1780	11d1b4dda58fa063014d1fed465de7a3	7d031ea7bbcbafb243397f68c40e9d4b	eaf68196f842b928f6df85ba873bbfa8
1781	11d1b4dda58fa063014d1fed465de7a3	7d031ea7bbcbafb243397f68c40e9d4b	eaf68196f842b928f6df85ba873bbfa8
1782	11d1b4dda58fa063014d1fed465de7a3	7d031ea7bbcbafb243397f68c40e9d4b	eaf68196f842b928f6df85ba873bbfa8
1783	11d1b4dda58fa063014d1fed465de7a3	7d031ea7bbcbafb243397f68c40e9d4b	eaf68196f842b928f6df85ba873bbfa8
1784	11d1b4dda58fa063014d1fed465de7a3	7d031ea7bbcbafb243397f68c40e9d4b	eaf68196f842b928f6df85ba873bbfa8
1785	11d1b4dda58fa063014d1fed465de7a3	7d031ea7bbcbafb243397f68c40e9d4b	eaf68196f842b928f6df85ba873bbfa8
1786	11d1b4dda58fa063014d1fed465de7a3	7d031ea7bbcbafb243397f68c40e9d4b	eaf68196f842b928f6df85ba873bbfa8
1787	11d1b4dda58fa063014d1fed465de7a3	7d031ea7bbcbafb243397f68c40e9d4b	eaf68196f842b928f6df85ba873bbfa8
1788	11d1b4dda58fa063014d1fed465de7a3	7d031ea7bbcbafb243397f68c40e9d4b	eaf68196f842b928f6df85ba873bbfa8
1789	a6f590adce0b370884b6b696082c69c9	b20d5e14c83bb608a6c3e9d60c17e051	48c0a21f3b49d0582de3201be84f1dc8
1790	a6f590adce0b370884b6b696082c69c9	b20d5e14c83bb608a6c3e9d60c17e051	48c0a21f3b49d0582de3201be84f1dc8
1791	a6f590adce0b370884b6b696082c69c9	b20d5e14c83bb608a6c3e9d60c17e051	48c0a21f3b49d0582de3201be84f1dc8
1792	a6f590adce0b370884b6b696082c69c9	b20d5e14c83bb608a6c3e9d60c17e051	48c0a21f3b49d0582de3201be84f1dc8
1793	a6f590adce0b370884b6b696082c69c9	b20d5e14c83bb608a6c3e9d60c17e051	48c0a21f3b49d0582de3201be84f1dc8
1794	a6f590adce0b370884b6b696082c69c9	b20d5e14c83bb608a6c3e9d60c17e051	48c0a21f3b49d0582de3201be84f1dc8
1795	a6f590adce0b370884b6b696082c69c9	b20d5e14c83bb608a6c3e9d60c17e051	48c0a21f3b49d0582de3201be84f1dc8
1796	309409cfb4521636c809d64f2e93c9c0	234921acdb9bdd796d0354aee4bc4484	6dc499fe7a9a0ab5682ccc065cf4dbf5
1797	309409cfb4521636c809d64f2e93c9c0	234921acdb9bdd796d0354aee4bc4484	6dc499fe7a9a0ab5682ccc065cf4dbf5
1798	309409cfb4521636c809d64f2e93c9c0	234921acdb9bdd796d0354aee4bc4484	6dc499fe7a9a0ab5682ccc065cf4dbf5
1799	309409cfb4521636c809d64f2e93c9c0	234921acdb9bdd796d0354aee4bc4484	6dc499fe7a9a0ab5682ccc065cf4dbf5
1800	309409cfb4521636c809d64f2e93c9c0	234921acdb9bdd796d0354aee4bc4484	6dc499fe7a9a0ab5682ccc065cf4dbf5
1801	ee4195379f6b39a686ef36edd8f603cc	5dccbebaff8749db1c91aed8b281b00d	4cd9c11cf7258cdb7237b47d17023a92
1802	ee4195379f6b39a686ef36edd8f603cc	5dccbebaff8749db1c91aed8b281b00d	4cd9c11cf7258cdb7237b47d17023a92
1803	ee4195379f6b39a686ef36edd8f603cc	5dccbebaff8749db1c91aed8b281b00d	4cd9c11cf7258cdb7237b47d17023a92
1804	91a4776a6ef92e4b20289a8550e45bb4	56c49212e616f392f4ca5006cf9408e5	afd0229e009e62e5b206005cc110ff67
1805	91a4776a6ef92e4b20289a8550e45bb4	56c49212e616f392f4ca5006cf9408e5	afd0229e009e62e5b206005cc110ff67
1806	ee4195379f6b39a686ef36edd8f603cc	5dccbebaff8749db1c91aed8b281b00d	4cd9c11cf7258cdb7237b47d17023a92
1807	ee4195379f6b39a686ef36edd8f603cc	5dccbebaff8749db1c91aed8b281b00d	4cd9c11cf7258cdb7237b47d17023a92
1808	3a9ad92fb0ae86ec33ab24e37255e626	0869ce021a29d62df89b010bb287acbd	9fa8c17d2354c663ab358cd0be0e1581
1809	a108aedb69cdd2d331bdb95a253895db	c7e0932d0a9374fef4965d9895465a7d	cf226d9649bc522aa59d7a568ab5fdba
1810	a108aedb69cdd2d331bdb95a253895db	c7e0932d0a9374fef4965d9895465a7d	cf226d9649bc522aa59d7a568ab5fdba
1811	c92c4150866ba887eddcc3bbb86b516e	6b8fb73e0217541a5aad20edf55dc61b	065fb95e2078302c9d5c63466ffeec81
1812	cd3e440538256e10ff7987368bf181be	8797a774249dd92dedc07779ae47bff4	1e74389e7ad3d20f5c9ba69910b6c38e
1813	8b12c34aebdad424ba2ce69f84edfd7f	62c324cb4c5e73ec4678b4932424e6f7	7d56bedd947f9359cb2a98f8cb605a2e
1814	8b12c34aebdad424ba2ce69f84edfd7f	62c324cb4c5e73ec4678b4932424e6f7	7d56bedd947f9359cb2a98f8cb605a2e
1815	8b12c34aebdad424ba2ce69f84edfd7f	62c324cb4c5e73ec4678b4932424e6f7	7d56bedd947f9359cb2a98f8cb605a2e
1816	8b12c34aebdad424ba2ce69f84edfd7f	62c324cb4c5e73ec4678b4932424e6f7	7d56bedd947f9359cb2a98f8cb605a2e
1817	8b12c34aebdad424ba2ce69f84edfd7f	62c324cb4c5e73ec4678b4932424e6f7	7d56bedd947f9359cb2a98f8cb605a2e
1818	f2eec538426ba1130e4e2cf0f7623b16	d3b5ef28cd33e7f78e2c6e108f827518	3d894d03110b07e53bb2474bcc4b035e
1819	f2eec538426ba1130e4e2cf0f7623b16	d3b5ef28cd33e7f78e2c6e108f827518	3d894d03110b07e53bb2474bcc4b035e
1820	f2eec538426ba1130e4e2cf0f7623b16	d3b5ef28cd33e7f78e2c6e108f827518	3d894d03110b07e53bb2474bcc4b035e
1821	4f6ac93f2641b30856d0638542336c87	1f5f849cf71d08404e94903008e8e47a	3bdf302b9f7364b0df5e9b15eea8a463
1822	4f6ac93f2641b30856d0638542336c87	1f5f849cf71d08404e94903008e8e47a	3bdf302b9f7364b0df5e9b15eea8a463
1823	4f6ac93f2641b30856d0638542336c87	1f5f849cf71d08404e94903008e8e47a	3bdf302b9f7364b0df5e9b15eea8a463
1824	4f6ac93f2641b30856d0638542336c87	1f5f849cf71d08404e94903008e8e47a	3bdf302b9f7364b0df5e9b15eea8a463
1825	0908c79b13b86d8e2acd863a92f42bdf	ee40a3b6ba09d66cd2277a3ff9d2ea45	ea3864a3ae2e6f454b17eafcf095ffaf
1826	0908c79b13b86d8e2acd863a92f42bdf	ee40a3b6ba09d66cd2277a3ff9d2ea45	ea3864a3ae2e6f454b17eafcf095ffaf
1827	0908c79b13b86d8e2acd863a92f42bdf	ee40a3b6ba09d66cd2277a3ff9d2ea45	ea3864a3ae2e6f454b17eafcf095ffaf
1828	b6063e10d266a63fac516ef9171a117e	38a3e5e006de9f7312fc2b8a16ccc4cd	0c65c6b4ef9a054731c7515c2aa90f02
1829	40149435d1c65659809a96bb9b929d1f	697a48e53a83b7a3e44bdbe579fdd5ab	30157ee51e47d4ad8d6f2a7504bee547
1830	9b01545ccfb01b82949401ec28c55d83	79526f42fab7661fdcff7c662092a3aa	a51278c64d95e79759e3880682e846de
1831	9b01545ccfb01b82949401ec28c55d83	79526f42fab7661fdcff7c662092a3aa	a51278c64d95e79759e3880682e846de
1832	9b01545ccfb01b82949401ec28c55d83	79526f42fab7661fdcff7c662092a3aa	a51278c64d95e79759e3880682e846de
1833	9b01545ccfb01b82949401ec28c55d83	79526f42fab7661fdcff7c662092a3aa	a51278c64d95e79759e3880682e846de
1834	9b01545ccfb01b82949401ec28c55d83	79526f42fab7661fdcff7c662092a3aa	a51278c64d95e79759e3880682e846de
1835	9b01545ccfb01b82949401ec28c55d83	79526f42fab7661fdcff7c662092a3aa	a51278c64d95e79759e3880682e846de
1836	9b01545ccfb01b82949401ec28c55d83	79526f42fab7661fdcff7c662092a3aa	a51278c64d95e79759e3880682e846de
1837	57060fa07f32e6812078f2d6dc1c484a	0f3e63d7f65b240fec6ea71d84d3cb23	9367c476b936309b1136b7564ee150c6
1838	57060fa07f32e6812078f2d6dc1c484a	0f3e63d7f65b240fec6ea71d84d3cb23	9367c476b936309b1136b7564ee150c6
1839	57060fa07f32e6812078f2d6dc1c484a	0f3e63d7f65b240fec6ea71d84d3cb23	9367c476b936309b1136b7564ee150c6
1840	57060fa07f32e6812078f2d6dc1c484a	0f3e63d7f65b240fec6ea71d84d3cb23	9367c476b936309b1136b7564ee150c6
1841	57060fa07f32e6812078f2d6dc1c484a	0f3e63d7f65b240fec6ea71d84d3cb23	9367c476b936309b1136b7564ee150c6
1842	d5614c440226b386deb71007af425b1b	8f8fe9d90011e3402c3ae5e286d11fec	438d92869658485edbadd838b7106a53
1843	d5614c440226b386deb71007af425b1b	8f8fe9d90011e3402c3ae5e286d11fec	438d92869658485edbadd838b7106a53
1844	d5614c440226b386deb71007af425b1b	8f8fe9d90011e3402c3ae5e286d11fec	438d92869658485edbadd838b7106a53
1845	d5614c440226b386deb71007af425b1b	8f8fe9d90011e3402c3ae5e286d11fec	438d92869658485edbadd838b7106a53
1846	d5614c440226b386deb71007af425b1b	8f8fe9d90011e3402c3ae5e286d11fec	438d92869658485edbadd838b7106a53
1847	d5614c440226b386deb71007af425b1b	8f8fe9d90011e3402c3ae5e286d11fec	438d92869658485edbadd838b7106a53
1848	d5614c440226b386deb71007af425b1b	8f8fe9d90011e3402c3ae5e286d11fec	438d92869658485edbadd838b7106a53
1849	03a5167ef31e4600995e88227404b7bf	30e6c7cc5adeca756f53772b47cc83eb	f01dafa08d26aec3394c8c83a0bf994c
1850	03a5167ef31e4600995e88227404b7bf	30e6c7cc5adeca756f53772b47cc83eb	f01dafa08d26aec3394c8c83a0bf994c
1851	03a5167ef31e4600995e88227404b7bf	30e6c7cc5adeca756f53772b47cc83eb	f01dafa08d26aec3394c8c83a0bf994c
1852	03a5167ef31e4600995e88227404b7bf	30e6c7cc5adeca756f53772b47cc83eb	f01dafa08d26aec3394c8c83a0bf994c
1853	03a5167ef31e4600995e88227404b7bf	30e6c7cc5adeca756f53772b47cc83eb	f01dafa08d26aec3394c8c83a0bf994c
1854	385f65c7d7d3e914ba62fcea5aa534ce	cf01981f5d44a080036e02ca759b2838	bb4575eb7c42d3ed2797ef8e85413eb0
1855	385f65c7d7d3e914ba62fcea5aa534ce	cf01981f5d44a080036e02ca759b2838	bb4575eb7c42d3ed2797ef8e85413eb0
1856	385f65c7d7d3e914ba62fcea5aa534ce	cf01981f5d44a080036e02ca759b2838	bb4575eb7c42d3ed2797ef8e85413eb0
1857	385f65c7d7d3e914ba62fcea5aa534ce	cf01981f5d44a080036e02ca759b2838	bb4575eb7c42d3ed2797ef8e85413eb0
1858	385f65c7d7d3e914ba62fcea5aa534ce	cf01981f5d44a080036e02ca759b2838	bb4575eb7c42d3ed2797ef8e85413eb0
1859	7dafcc98518dd809a26f908583f717e0	0419e2a1fd8f22840f291c607241cabf	f345bf673f16fe72aa238c3d827889a6
1860	7dafcc98518dd809a26f908583f717e0	0419e2a1fd8f22840f291c607241cabf	f345bf673f16fe72aa238c3d827889a6
1861	7dafcc98518dd809a26f908583f717e0	0419e2a1fd8f22840f291c607241cabf	f345bf673f16fe72aa238c3d827889a6
1862	5f315f8a8660507900878c7da55870db	95a966f1eeec0fe8acd8b48b7c4407da	269dcdaf703a67aac0f559d22ba31f23
1863	5f315f8a8660507900878c7da55870db	95a966f1eeec0fe8acd8b48b7c4407da	269dcdaf703a67aac0f559d22ba31f23
1864	be6aa556dfe921dc666f6e714f1d72e0	721595738bdd15a1bbf02e00eb844641	f97dbb75176e7d9f69489519a8304488
1865	be6aa556dfe921dc666f6e714f1d72e0	c33a5d9a98a15e921434b6cd572594d8	2dab1db40c6c760664ba6c9f1b55f995
1866	d3baf686d2cae6f9be462452181358b9	b107d79593df438a53461cada79b30ec	33ab3c712c58a8071ae89947f8b9a843
1867	d3baf686d2cae6f9be462452181358b9	b107d79593df438a53461cada79b30ec	33ab3c712c58a8071ae89947f8b9a843
1868	d3baf686d2cae6f9be462452181358b9	b107d79593df438a53461cada79b30ec	33ab3c712c58a8071ae89947f8b9a843
1869	d3baf686d2cae6f9be462452181358b9	b107d79593df438a53461cada79b30ec	33ab3c712c58a8071ae89947f8b9a843
1870	d3baf686d2cae6f9be462452181358b9	b107d79593df438a53461cada79b30ec	33ab3c712c58a8071ae89947f8b9a843
1871	17fc9d6912578353b2b86bf565595121	5a075275574f174244da3bbcc9ab0d04	9e63b50e762e3a55f1f6ce8f691a3dc0
1872	17fc9d6912578353b2b86bf565595121	5a075275574f174244da3bbcc9ab0d04	9e63b50e762e3a55f1f6ce8f691a3dc0
1873	17fc9d6912578353b2b86bf565595121	5a075275574f174244da3bbcc9ab0d04	9e63b50e762e3a55f1f6ce8f691a3dc0
1874	17fc9d6912578353b2b86bf565595121	5a075275574f174244da3bbcc9ab0d04	9e63b50e762e3a55f1f6ce8f691a3dc0
1875	17fc9d6912578353b2b86bf565595121	5a075275574f174244da3bbcc9ab0d04	9e63b50e762e3a55f1f6ce8f691a3dc0
1876	17fc9d6912578353b2b86bf565595121	5a075275574f174244da3bbcc9ab0d04	9e63b50e762e3a55f1f6ce8f691a3dc0
1877	17fc9d6912578353b2b86bf565595121	5a075275574f174244da3bbcc9ab0d04	9e63b50e762e3a55f1f6ce8f691a3dc0
1878	c3ce8092f86c72dcfe7bc59f2cbc927e	33736772347c95958a130af5761a8cae	08ccb0431522e31d1f3e668e82685b84
1879	c3ce8092f86c72dcfe7bc59f2cbc927e	33736772347c95958a130af5761a8cae	08ccb0431522e31d1f3e668e82685b84
1880	c3ce8092f86c72dcfe7bc59f2cbc927e	33736772347c95958a130af5761a8cae	08ccb0431522e31d1f3e668e82685b84
1881	d662be35a38f29701253b0462bd2345e	52f539b4c064063661e70b75e54c1cef	2ec12cd5a32ca00a3b46c555b5edc60c
1882	43040afdb5c94a4393239418eec2e253	592a9a4c9e42fae0f3f6f6f0d3bf2604	774fadaf85ed02c7c3d354e5b9278640
1883	c3ce8092f86c72dcfe7bc59f2cbc927e	33736772347c95958a130af5761a8cae	08ccb0431522e31d1f3e668e82685b84
1884	c3ce8092f86c72dcfe7bc59f2cbc927e	33736772347c95958a130af5761a8cae	08ccb0431522e31d1f3e668e82685b84
1885	c3ce8092f86c72dcfe7bc59f2cbc927e	33736772347c95958a130af5761a8cae	08ccb0431522e31d1f3e668e82685b84
1886	43040afdb5c94a4393239418eec2e253	592a9a4c9e42fae0f3f6f6f0d3bf2604	774fadaf85ed02c7c3d354e5b9278640
1887	43040afdb5c94a4393239418eec2e253	592a9a4c9e42fae0f3f6f6f0d3bf2604	774fadaf85ed02c7c3d354e5b9278640
1888	8b4ae6fbe6c2590044da55f90b3d126e	140f2028fd49962f3b796dcfcda65a22	bfc7692debe776a9a731b84aa16ca0e4
1889	8b4ae6fbe6c2590044da55f90b3d126e	140f2028fd49962f3b796dcfcda65a22	bfc7692debe776a9a731b84aa16ca0e4
1890	8b4ae6fbe6c2590044da55f90b3d126e	140f2028fd49962f3b796dcfcda65a22	bfc7692debe776a9a731b84aa16ca0e4
1891	8b4ae6fbe6c2590044da55f90b3d126e	140f2028fd49962f3b796dcfcda65a22	bfc7692debe776a9a731b84aa16ca0e4
1892	8b4ae6fbe6c2590044da55f90b3d126e	140f2028fd49962f3b796dcfcda65a22	bfc7692debe776a9a731b84aa16ca0e4
1893	8b4ae6fbe6c2590044da55f90b3d126e	140f2028fd49962f3b796dcfcda65a22	bfc7692debe776a9a731b84aa16ca0e4
1894	8b4ae6fbe6c2590044da55f90b3d126e	140f2028fd49962f3b796dcfcda65a22	bfc7692debe776a9a731b84aa16ca0e4
1895	4a8360d8edce77fee7cb9bfffb9c8066	7114601a0a6289f5291428a8c6bf13cf	5981979da309b143a2ca05b7619f0a29
1896	4a8360d8edce77fee7cb9bfffb9c8066	7114601a0a6289f5291428a8c6bf13cf	5981979da309b143a2ca05b7619f0a29
1897	4a8360d8edce77fee7cb9bfffb9c8066	7114601a0a6289f5291428a8c6bf13cf	5981979da309b143a2ca05b7619f0a29
1898	4a8360d8edce77fee7cb9bfffb9c8066	7114601a0a6289f5291428a8c6bf13cf	5981979da309b143a2ca05b7619f0a29
1899	4a8360d8edce77fee7cb9bfffb9c8066	7114601a0a6289f5291428a8c6bf13cf	5981979da309b143a2ca05b7619f0a29
1900	7a19cfa0cbb90ea9980717cfecdc7026	15ea60bc83968c28126f75d9f56249d0	63d438ae18b9158c73adc27c33b9d28c
1901	7a19cfa0cbb90ea9980717cfecdc7026	15ea60bc83968c28126f75d9f56249d0	63d438ae18b9158c73adc27c33b9d28c
1902	7a19cfa0cbb90ea9980717cfecdc7026	15ea60bc83968c28126f75d9f56249d0	63d438ae18b9158c73adc27c33b9d28c
1903	7a19cfa0cbb90ea9980717cfecdc7026	15ea60bc83968c28126f75d9f56249d0	63d438ae18b9158c73adc27c33b9d28c
1904	7a19cfa0cbb90ea9980717cfecdc7026	15ea60bc83968c28126f75d9f56249d0	63d438ae18b9158c73adc27c33b9d28c
1905	7a19cfa0cbb90ea9980717cfecdc7026	15ea60bc83968c28126f75d9f56249d0	63d438ae18b9158c73adc27c33b9d28c
1906	7a19cfa0cbb90ea9980717cfecdc7026	15ea60bc83968c28126f75d9f56249d0	63d438ae18b9158c73adc27c33b9d28c
1907	7a19cfa0cbb90ea9980717cfecdc7026	15ea60bc83968c28126f75d9f56249d0	63d438ae18b9158c73adc27c33b9d28c
1908	7a19cfa0cbb90ea9980717cfecdc7026	15ea60bc83968c28126f75d9f56249d0	63d438ae18b9158c73adc27c33b9d28c
1909	7a19cfa0cbb90ea9980717cfecdc7026	15ea60bc83968c28126f75d9f56249d0	63d438ae18b9158c73adc27c33b9d28c
1910	7a19cfa0cbb90ea9980717cfecdc7026	15ea60bc83968c28126f75d9f56249d0	63d438ae18b9158c73adc27c33b9d28c
1911	7a19cfa0cbb90ea9980717cfecdc7026	15ea60bc83968c28126f75d9f56249d0	63d438ae18b9158c73adc27c33b9d28c
1912	7a19cfa0cbb90ea9980717cfecdc7026	15ea60bc83968c28126f75d9f56249d0	63d438ae18b9158c73adc27c33b9d28c
1913	7a19cfa0cbb90ea9980717cfecdc7026	15ea60bc83968c28126f75d9f56249d0	63d438ae18b9158c73adc27c33b9d28c
1914	7a19cfa0cbb90ea9980717cfecdc7026	15ea60bc83968c28126f75d9f56249d0	63d438ae18b9158c73adc27c33b9d28c
1915	7a19cfa0cbb90ea9980717cfecdc7026	15ea60bc83968c28126f75d9f56249d0	63d438ae18b9158c73adc27c33b9d28c
1916	7a19cfa0cbb90ea9980717cfecdc7026	15ea60bc83968c28126f75d9f56249d0	63d438ae18b9158c73adc27c33b9d28c
1917	80d4c2ed18e045e091d27601e265ccb7	056526c6e379b1540f31888b59623d48	6e07940fc5e85b95b81f0d0a2b26e523
1918	80d4c2ed18e045e091d27601e265ccb7	056526c6e379b1540f31888b59623d48	6e07940fc5e85b95b81f0d0a2b26e523
1919	80d4c2ed18e045e091d27601e265ccb7	056526c6e379b1540f31888b59623d48	6e07940fc5e85b95b81f0d0a2b26e523
1920	80d4c2ed18e045e091d27601e265ccb7	056526c6e379b1540f31888b59623d48	6e07940fc5e85b95b81f0d0a2b26e523
1921	80d4c2ed18e045e091d27601e265ccb7	056526c6e379b1540f31888b59623d48	6e07940fc5e85b95b81f0d0a2b26e523
1922	80d4c2ed18e045e091d27601e265ccb7	056526c6e379b1540f31888b59623d48	6e07940fc5e85b95b81f0d0a2b26e523
1923	80d4c2ed18e045e091d27601e265ccb7	056526c6e379b1540f31888b59623d48	6e07940fc5e85b95b81f0d0a2b26e523
1924	ad905dc2a2a51c2f235a1fdd0bdd6d58	277533dbb8aed76d9d0ca0940687ec92	7bead481c6e9c45251298fb4c65af775
1925	ad905dc2a2a51c2f235a1fdd0bdd6d58	277533dbb8aed76d9d0ca0940687ec92	7bead481c6e9c45251298fb4c65af775
1926	ad905dc2a2a51c2f235a1fdd0bdd6d58	277533dbb8aed76d9d0ca0940687ec92	7bead481c6e9c45251298fb4c65af775
1927	1e204bda9b54e3fd0520b2735fe0ca8b	89166c0863c1ae823c3ecd87f7012d03	160f1b070964e9bde28f5657252c1123
1928	1e204bda9b54e3fd0520b2735fe0ca8b	89166c0863c1ae823c3ecd87f7012d03	160f1b070964e9bde28f5657252c1123
1929	f027a959584783f9ca97184e608be692	3fa98f0ffaa279a92641551b60572d9a	53f451e469d9d5a236f298552b3ecf4a
1930	f027a959584783f9ca97184e608be692	3fa98f0ffaa279a92641551b60572d9a	53f451e469d9d5a236f298552b3ecf4a
1931	f027a959584783f9ca97184e608be692	3fa98f0ffaa279a92641551b60572d9a	53f451e469d9d5a236f298552b3ecf4a
1932	b6c74339dd34e8e9b4e058e3cfbaae5c	fc63e688b576711b08c6b4f0ba624e15	f16dccc7259ee9931f59ca6f3f58cd03
1933	9414b6881aaefbd47fc2df4645ab7540	ba9badc981e3468db0659b358e6fb5ad	6cfcfd420ed05e26f1ef94f7cce349b6
1934	658172fb6a6cb7024ccde41f413ece99	ad27a5f56323a92634e849bb8dba51f6	f0df9c1f1229eb026555c9f629758d35
1935	658172fb6a6cb7024ccde41f413ece99	ad27a5f56323a92634e849bb8dba51f6	f0df9c1f1229eb026555c9f629758d35
1936	f027a959584783f9ca97184e608be692	3fa98f0ffaa279a92641551b60572d9a	53f451e469d9d5a236f298552b3ecf4a
1937	f027a959584783f9ca97184e608be692	3fa98f0ffaa279a92641551b60572d9a	53f451e469d9d5a236f298552b3ecf4a
1938	f027a959584783f9ca97184e608be692	3fa98f0ffaa279a92641551b60572d9a	53f451e469d9d5a236f298552b3ecf4a
1939	f027a959584783f9ca97184e608be692	3fa98f0ffaa279a92641551b60572d9a	53f451e469d9d5a236f298552b3ecf4a
1940	f027a959584783f9ca97184e608be692	3fa98f0ffaa279a92641551b60572d9a	53f451e469d9d5a236f298552b3ecf4a
1941	f8d81664af04c9ef3154fb1d8ed188d3	957a6c8c35a02d6011f066e2b527afea	1e3a7f727dcca8e9d0915b532ead5be9
1942	f8d81664af04c9ef3154fb1d8ed188d3	957a6c8c35a02d6011f066e2b527afea	1e3a7f727dcca8e9d0915b532ead5be9
1943	f8d81664af04c9ef3154fb1d8ed188d3	957a6c8c35a02d6011f066e2b527afea	1e3a7f727dcca8e9d0915b532ead5be9
1944	f8d81664af04c9ef3154fb1d8ed188d3	957a6c8c35a02d6011f066e2b527afea	1e3a7f727dcca8e9d0915b532ead5be9
1945	f8d81664af04c9ef3154fb1d8ed188d3	957a6c8c35a02d6011f066e2b527afea	1e3a7f727dcca8e9d0915b532ead5be9
1946	f8d81664af04c9ef3154fb1d8ed188d3	957a6c8c35a02d6011f066e2b527afea	1e3a7f727dcca8e9d0915b532ead5be9
1947	f8d81664af04c9ef3154fb1d8ed188d3	957a6c8c35a02d6011f066e2b527afea	1e3a7f727dcca8e9d0915b532ead5be9
1948	c54331ef7a00509c9198fb83b7962cb7	f475c75e7f7fffd6074e1f94716eef43	f442585ba502641cf761786179f8e6a3
1949	c54331ef7a00509c9198fb83b7962cb7	f475c75e7f7fffd6074e1f94716eef43	f442585ba502641cf761786179f8e6a3
1950	c54331ef7a00509c9198fb83b7962cb7	f475c75e7f7fffd6074e1f94716eef43	f442585ba502641cf761786179f8e6a3
1951	02215a2555ecccd5b3739813a7dde394	936eb145187458fb6cfefa994db4ceda	ebce545670aa03ec8f9ce63f17243e3e
1952	25507d8d06456d12b9899ee77ccaf9d7	dc113ada67c74d420ade93d756baf387	946ef848bd99010af66aca3813751dcb
1953	c54331ef7a00509c9198fb83b7962cb7	f475c75e7f7fffd6074e1f94716eef43	f442585ba502641cf761786179f8e6a3
1954	c54331ef7a00509c9198fb83b7962cb7	f475c75e7f7fffd6074e1f94716eef43	f442585ba502641cf761786179f8e6a3
1955	c54331ef7a00509c9198fb83b7962cb7	f475c75e7f7fffd6074e1f94716eef43	f442585ba502641cf761786179f8e6a3
1956	c54331ef7a00509c9198fb83b7962cb7	f475c75e7f7fffd6074e1f94716eef43	f442585ba502641cf761786179f8e6a3
1957	c54331ef7a00509c9198fb83b7962cb7	f475c75e7f7fffd6074e1f94716eef43	f442585ba502641cf761786179f8e6a3
1958	1091e52c7b08b34331ee2b44d7c7499c	bbd0d0b0545990d749332b9b2dd5bb17	677b50c3c0155f317c0f80cda2dbe9fc
1959	1091e52c7b08b34331ee2b44d7c7499c	bbd0d0b0545990d749332b9b2dd5bb17	677b50c3c0155f317c0f80cda2dbe9fc
1960	1091e52c7b08b34331ee2b44d7c7499c	bbd0d0b0545990d749332b9b2dd5bb17	677b50c3c0155f317c0f80cda2dbe9fc
1961	1091e52c7b08b34331ee2b44d7c7499c	bbd0d0b0545990d749332b9b2dd5bb17	677b50c3c0155f317c0f80cda2dbe9fc
1962	1091e52c7b08b34331ee2b44d7c7499c	bbd0d0b0545990d749332b9b2dd5bb17	677b50c3c0155f317c0f80cda2dbe9fc
1963	1091e52c7b08b34331ee2b44d7c7499c	bbd0d0b0545990d749332b9b2dd5bb17	677b50c3c0155f317c0f80cda2dbe9fc
1964	1091e52c7b08b34331ee2b44d7c7499c	bbd0d0b0545990d749332b9b2dd5bb17	677b50c3c0155f317c0f80cda2dbe9fc
1965	5f44e0458a9b88b53a1256a5a8414093	545c6affc312ed04aae6428f4512e5d2	cf85f9446bc78b302cf401ca227160e5
1966	5f44e0458a9b88b53a1256a5a8414093	545c6affc312ed04aae6428f4512e5d2	cf85f9446bc78b302cf401ca227160e5
1967	5f44e0458a9b88b53a1256a5a8414093	545c6affc312ed04aae6428f4512e5d2	cf85f9446bc78b302cf401ca227160e5
1968	5f44e0458a9b88b53a1256a5a8414093	545c6affc312ed04aae6428f4512e5d2	cf85f9446bc78b302cf401ca227160e5
1969	5f44e0458a9b88b53a1256a5a8414093	545c6affc312ed04aae6428f4512e5d2	cf85f9446bc78b302cf401ca227160e5
1970	9994f184b6b9a543cba58042d120e577	68136a40c5d40e4200bd271c50b726cd	44005e2cb26bca64cf7c35fe0734ce66
1971	9994f184b6b9a543cba58042d120e577	68136a40c5d40e4200bd271c50b726cd	44005e2cb26bca64cf7c35fe0734ce66
1972	9994f184b6b9a543cba58042d120e577	68136a40c5d40e4200bd271c50b726cd	44005e2cb26bca64cf7c35fe0734ce66
1973	6d79672fe51d84356317286dc2f76865	d7706470c5920765cc7d090cbd03b5a6	40feca68a029b27dd9345634367f1571
1974	9994f184b6b9a543cba58042d120e577	62d7d762c4f3c63eef41033875a944b3	246c3786ad2869e6e3e4283a16d3e314
1975	9994f184b6b9a543cba58042d120e577	68136a40c5d40e4200bd271c50b726cd	44005e2cb26bca64cf7c35fe0734ce66
1976	9994f184b6b9a543cba58042d120e577	68136a40c5d40e4200bd271c50b726cd	44005e2cb26bca64cf7c35fe0734ce66
1977	d6ae5f5562f7c1ab7c25b196d3fc8709	d7ebe30d22111c0eedda0bdafc0c17c2	b5950a4810ef9afc576200db3a70b061
1978	d6ae5f5562f7c1ab7c25b196d3fc8709	d7ebe30d22111c0eedda0bdafc0c17c2	b5950a4810ef9afc576200db3a70b061
1979	d6ae5f5562f7c1ab7c25b196d3fc8709	d7ebe30d22111c0eedda0bdafc0c17c2	b5950a4810ef9afc576200db3a70b061
1980	d6ae5f5562f7c1ab7c25b196d3fc8709	d7ebe30d22111c0eedda0bdafc0c17c2	b5950a4810ef9afc576200db3a70b061
1981	d6ae5f5562f7c1ab7c25b196d3fc8709	d7ebe30d22111c0eedda0bdafc0c17c2	b5950a4810ef9afc576200db3a70b061
1982	59d82f99264403242b63ccbb51ec84b4	f81cd20aaea3c137c5409f2b64a7f314	d708b6c1fffdc29f516a6f28b8a79143
1983	70f84944a856203f35d651f6395fcd59	bc872807a6fc60a103027f8d758ee4f9	1418cb8cf39e25894d51c920176d8c3a
1984	b035837182cfaeac8b14b2309864fe1d	c0ba8f504a5cd1e7d4ba02004b4d8add	5a69dce048d826458dde6870dc334212
1985	70f84944a856203f35d651f6395fcd59	bc872807a6fc60a103027f8d758ee4f9	1418cb8cf39e25894d51c920176d8c3a
1986	70f84944a856203f35d651f6395fcd59	bc872807a6fc60a103027f8d758ee4f9	1418cb8cf39e25894d51c920176d8c3a
1987	2199e2bc27339f54839f44795031e213	0f2cb79e012d445340a6bfbec2822d07	c0fa06bc85dd52712a6da8cf797883da
1988	2199e2bc27339f54839f44795031e213	0f2cb79e012d445340a6bfbec2822d07	c0fa06bc85dd52712a6da8cf797883da
1989	2199e2bc27339f54839f44795031e213	0f2cb79e012d445340a6bfbec2822d07	c0fa06bc85dd52712a6da8cf797883da
1990	2199e2bc27339f54839f44795031e213	0f2cb79e012d445340a6bfbec2822d07	c0fa06bc85dd52712a6da8cf797883da
1991	2199e2bc27339f54839f44795031e213	0f2cb79e012d445340a6bfbec2822d07	c0fa06bc85dd52712a6da8cf797883da
1992	2199e2bc27339f54839f44795031e213	0f2cb79e012d445340a6bfbec2822d07	c0fa06bc85dd52712a6da8cf797883da
1993	2199e2bc27339f54839f44795031e213	0f2cb79e012d445340a6bfbec2822d07	c0fa06bc85dd52712a6da8cf797883da
1994	bcb9b39795f3cb6b00dd231db026e6ec	e3d333aaafefdc28515b2fb4d11a3d9d	085a701e0e81fd8c3972f75611292e4f
1995	bcb9b39795f3cb6b00dd231db026e6ec	e3d333aaafefdc28515b2fb4d11a3d9d	085a701e0e81fd8c3972f75611292e4f
1996	0f9e443d9249c0a308ef7d1693a2f742	00ad61f7bcd81ef2b463147adac3a23a	d3e09126c380b484a9a219d44b6d385e
1997	bcb9b39795f3cb6b00dd231db026e6ec	e3d333aaafefdc28515b2fb4d11a3d9d	085a701e0e81fd8c3972f75611292e4f
1998	bcb9b39795f3cb6b00dd231db026e6ec	e3d333aaafefdc28515b2fb4d11a3d9d	085a701e0e81fd8c3972f75611292e4f
1999	2c5ee353badec37c6c9fc3d6ee9c69d5	124b2a51f8a79b598426cdbe6bbf9398	a5b82edb298c0820bcc2ec9553ebe186
2000	2c5ee353badec37c6c9fc3d6ee9c69d5	124b2a51f8a79b598426cdbe6bbf9398	a5b82edb298c0820bcc2ec9553ebe186
2001	2c5ee353badec37c6c9fc3d6ee9c69d5	124b2a51f8a79b598426cdbe6bbf9398	a5b82edb298c0820bcc2ec9553ebe186
2002	2c5ee353badec37c6c9fc3d6ee9c69d5	124b2a51f8a79b598426cdbe6bbf9398	a5b82edb298c0820bcc2ec9553ebe186
2003	2c5ee353badec37c6c9fc3d6ee9c69d5	124b2a51f8a79b598426cdbe6bbf9398	a5b82edb298c0820bcc2ec9553ebe186
2004	616ed2952ee4c4645be2db5768e1f1c0	9fbe8bc666f268f90a885bb5bd1d9a21	4bda6779f3f7381708f8afbfbf74e61a
2005	616ed2952ee4c4645be2db5768e1f1c0	9fbe8bc666f268f90a885bb5bd1d9a21	4bda6779f3f7381708f8afbfbf74e61a
2006	0cda1d1f2ee55481de19ed8ac77c64d9	b2d4ebec491b9988fed60c949eed573c	3330bb41b4c7a3747dcdd31d19743c71
2007	0cda1d1f2ee55481de19ed8ac77c64d9	b2d4ebec491b9988fed60c949eed573c	3330bb41b4c7a3747dcdd31d19743c71
2008	0cda1d1f2ee55481de19ed8ac77c64d9	b2d4ebec491b9988fed60c949eed573c	3330bb41b4c7a3747dcdd31d19743c71
2009	b1f499f4dedcc3dee4dff6d23b946ffd	c753f226cb199b7cecc11a7e17e835c9	d58c3b7f0b885358dde376eea89bc014
2010	0cda1d1f2ee55481de19ed8ac77c64d9	b2d4ebec491b9988fed60c949eed573c	3330bb41b4c7a3747dcdd31d19743c71
2011	1ff0b1f918a5945bad2029fd65bf6dfd	98b23cb7303e469be3a26f12750379cc	54d09b6e596b8e817b2079ae7a34284f
2012	1ff0b1f918a5945bad2029fd65bf6dfd	98b23cb7303e469be3a26f12750379cc	54d09b6e596b8e817b2079ae7a34284f
2013	1ff0b1f918a5945bad2029fd65bf6dfd	98b23cb7303e469be3a26f12750379cc	54d09b6e596b8e817b2079ae7a34284f
2014	1ff0b1f918a5945bad2029fd65bf6dfd	98b23cb7303e469be3a26f12750379cc	54d09b6e596b8e817b2079ae7a34284f
2015	1ff0b1f918a5945bad2029fd65bf6dfd	98b23cb7303e469be3a26f12750379cc	54d09b6e596b8e817b2079ae7a34284f
2016	1ff0b1f918a5945bad2029fd65bf6dfd	98b23cb7303e469be3a26f12750379cc	54d09b6e596b8e817b2079ae7a34284f
2017	1ff0b1f918a5945bad2029fd65bf6dfd	98b23cb7303e469be3a26f12750379cc	54d09b6e596b8e817b2079ae7a34284f
2018	3490e178683be6c9cd18f95ecbbdd95e	42f0362009c49c9cf2dd97e501309fe6	3ba36ac0ba0b9d84b2e2732a8e3331f7
2019	3490e178683be6c9cd18f95ecbbdd95e	42f0362009c49c9cf2dd97e501309fe6	3ba36ac0ba0b9d84b2e2732a8e3331f7
2020	3490e178683be6c9cd18f95ecbbdd95e	42f0362009c49c9cf2dd97e501309fe6	3ba36ac0ba0b9d84b2e2732a8e3331f7
2021	3490e178683be6c9cd18f95ecbbdd95e	42f0362009c49c9cf2dd97e501309fe6	3ba36ac0ba0b9d84b2e2732a8e3331f7
2022	3490e178683be6c9cd18f95ecbbdd95e	42f0362009c49c9cf2dd97e501309fe6	3ba36ac0ba0b9d84b2e2732a8e3331f7
2023	a6dbc76d48646d8e719c19601f78996e	3780944cbf4645aa3c387b09594bbca8	10d95923733c12c376840098495d199b
2024	a6dbc76d48646d8e719c19601f78996e	3780944cbf4645aa3c387b09594bbca8	10d95923733c12c376840098495d199b
2025	a6dbc76d48646d8e719c19601f78996e	3780944cbf4645aa3c387b09594bbca8	10d95923733c12c376840098495d199b
2026	a6dbc76d48646d8e719c19601f78996e	3780944cbf4645aa3c387b09594bbca8	10d95923733c12c376840098495d199b
2027	a6dbc76d48646d8e719c19601f78996e	3780944cbf4645aa3c387b09594bbca8	10d95923733c12c376840098495d199b
2028	db1e2f8ca2c978f81dd3ba9042cf4065	3e7db014fc5ea10319789a67609551ef	6839a2d2c7b0487d68b9823aeef73758
2029	db1e2f8ca2c978f81dd3ba9042cf4065	3e7db014fc5ea10319789a67609551ef	6839a2d2c7b0487d68b9823aeef73758
2030	db1e2f8ca2c978f81dd3ba9042cf4065	3e7db014fc5ea10319789a67609551ef	6839a2d2c7b0487d68b9823aeef73758
2031	db1e2f8ca2c978f81dd3ba9042cf4065	3e7db014fc5ea10319789a67609551ef	6839a2d2c7b0487d68b9823aeef73758
2032	db1e2f8ca2c978f81dd3ba9042cf4065	3e7db014fc5ea10319789a67609551ef	6839a2d2c7b0487d68b9823aeef73758
2033	db1e2f8ca2c978f81dd3ba9042cf4065	3e7db014fc5ea10319789a67609551ef	6839a2d2c7b0487d68b9823aeef73758
2034	db1e2f8ca2c978f81dd3ba9042cf4065	3e7db014fc5ea10319789a67609551ef	6839a2d2c7b0487d68b9823aeef73758
2035	db1e2f8ca2c978f81dd3ba9042cf4065	3e7db014fc5ea10319789a67609551ef	6839a2d2c7b0487d68b9823aeef73758
2036	db1e2f8ca2c978f81dd3ba9042cf4065	3e7db014fc5ea10319789a67609551ef	6839a2d2c7b0487d68b9823aeef73758
2037	db1e2f8ca2c978f81dd3ba9042cf4065	3e7db014fc5ea10319789a67609551ef	6839a2d2c7b0487d68b9823aeef73758
2038	db1e2f8ca2c978f81dd3ba9042cf4065	3e7db014fc5ea10319789a67609551ef	6839a2d2c7b0487d68b9823aeef73758
2039	db1e2f8ca2c978f81dd3ba9042cf4065	3e7db014fc5ea10319789a67609551ef	6839a2d2c7b0487d68b9823aeef73758
2040	7db81fa50a7b3e0f59225f3d7ee9c5b7	85d00b68ad6d04898746f69c83951062	59720052a3a2eb8400d9d8fb2a3df5c5
2041	7db81fa50a7b3e0f59225f3d7ee9c5b7	85d00b68ad6d04898746f69c83951062	59720052a3a2eb8400d9d8fb2a3df5c5
2042	7db81fa50a7b3e0f59225f3d7ee9c5b7	85d00b68ad6d04898746f69c83951062	59720052a3a2eb8400d9d8fb2a3df5c5
2043	7db81fa50a7b3e0f59225f3d7ee9c5b7	85d00b68ad6d04898746f69c83951062	59720052a3a2eb8400d9d8fb2a3df5c5
2044	7db81fa50a7b3e0f59225f3d7ee9c5b7	85d00b68ad6d04898746f69c83951062	59720052a3a2eb8400d9d8fb2a3df5c5
2045	7db81fa50a7b3e0f59225f3d7ee9c5b7	85d00b68ad6d04898746f69c83951062	59720052a3a2eb8400d9d8fb2a3df5c5
2046	7db81fa50a7b3e0f59225f3d7ee9c5b7	85d00b68ad6d04898746f69c83951062	59720052a3a2eb8400d9d8fb2a3df5c5
2047	d304906d8a13d72249813664f9864ced	1772eb101ff8b5f1f6eeef7da7ce3ea7	d4e5d0fbcee8f12a7fcff7a3ce7febdc
2048	d304906d8a13d72249813664f9864ced	1772eb101ff8b5f1f6eeef7da7ce3ea7	d4e5d0fbcee8f12a7fcff7a3ce7febdc
2049	d304906d8a13d72249813664f9864ced	1772eb101ff8b5f1f6eeef7da7ce3ea7	d4e5d0fbcee8f12a7fcff7a3ce7febdc
2050	d304906d8a13d72249813664f9864ced	6a94f73b30918485c419fb286ec5eabb	53c785f722d31b7ccd49e9dc48682b51
2051	d6a423ea2c97ec51f51419bd639e39b1	a04b84b2c12bd22090c5f015becc54b3	30be0233971b96b1d3aa278b2bb77142
2052	d304906d8a13d72249813664f9864ced	1772eb101ff8b5f1f6eeef7da7ce3ea7	d4e5d0fbcee8f12a7fcff7a3ce7febdc
2053	d304906d8a13d72249813664f9864ced	1772eb101ff8b5f1f6eeef7da7ce3ea7	d4e5d0fbcee8f12a7fcff7a3ce7febdc
2054	d304906d8a13d72249813664f9864ced	1772eb101ff8b5f1f6eeef7da7ce3ea7	d4e5d0fbcee8f12a7fcff7a3ce7febdc
2055	d304906d8a13d72249813664f9864ced	6a94f73b30918485c419fb286ec5eabb	53c785f722d31b7ccd49e9dc48682b51
2056	d304906d8a13d72249813664f9864ced	6a94f73b30918485c419fb286ec5eabb	53c785f722d31b7ccd49e9dc48682b51
2057	87be628433f1527bc5332f04c87a7e3f	9b864ff8646c74f917b1c82204e3888c	da1f35119de67159bb86daae732fc3ab
2058	87be628433f1527bc5332f04c87a7e3f	9b864ff8646c74f917b1c82204e3888c	da1f35119de67159bb86daae732fc3ab
2059	87be628433f1527bc5332f04c87a7e3f	9b864ff8646c74f917b1c82204e3888c	da1f35119de67159bb86daae732fc3ab
2060	87be628433f1527bc5332f04c87a7e3f	9b864ff8646c74f917b1c82204e3888c	da1f35119de67159bb86daae732fc3ab
2061	87be628433f1527bc5332f04c87a7e3f	9b864ff8646c74f917b1c82204e3888c	da1f35119de67159bb86daae732fc3ab
2062	87be628433f1527bc5332f04c87a7e3f	9b864ff8646c74f917b1c82204e3888c	da1f35119de67159bb86daae732fc3ab
2063	87be628433f1527bc5332f04c87a7e3f	9b864ff8646c74f917b1c82204e3888c	da1f35119de67159bb86daae732fc3ab
2064	b32be86cb13759363e470185f85d6ce0	0310e7006165a00958c9f32361590678	775d4106a2414fece1200be2e909eed4
2065	b32be86cb13759363e470185f85d6ce0	6df9ad036eef187391bce693eba8d000	bcded25b76598817f76e132282a8fd99
2066	b32be86cb13759363e470185f85d6ce0	0310e7006165a00958c9f32361590678	775d4106a2414fece1200be2e909eed4
2067	b32be86cb13759363e470185f85d6ce0	0310e7006165a00958c9f32361590678	775d4106a2414fece1200be2e909eed4
2068	b32be86cb13759363e470185f85d6ce0	0310e7006165a00958c9f32361590678	775d4106a2414fece1200be2e909eed4
2069	151a2e289258ba29c8c8c7d54976b334	705c33b0520f696292e5999435b89383	40594df139384a1238156ef6b3b820ae
2070	151a2e289258ba29c8c8c7d54976b334	705c33b0520f696292e5999435b89383	40594df139384a1238156ef6b3b820ae
2071	151a2e289258ba29c8c8c7d54976b334	705c33b0520f696292e5999435b89383	40594df139384a1238156ef6b3b820ae
2072	151a2e289258ba29c8c8c7d54976b334	705c33b0520f696292e5999435b89383	40594df139384a1238156ef6b3b820ae
2073	151a2e289258ba29c8c8c7d54976b334	705c33b0520f696292e5999435b89383	40594df139384a1238156ef6b3b820ae
2074	151a2e289258ba29c8c8c7d54976b334	705c33b0520f696292e5999435b89383	40594df139384a1238156ef6b3b820ae
2075	151a2e289258ba29c8c8c7d54976b334	705c33b0520f696292e5999435b89383	40594df139384a1238156ef6b3b820ae
2076	151a2e289258ba29c8c8c7d54976b334	705c33b0520f696292e5999435b89383	40594df139384a1238156ef6b3b820ae
2077	151a2e289258ba29c8c8c7d54976b334	705c33b0520f696292e5999435b89383	40594df139384a1238156ef6b3b820ae
2078	151a2e289258ba29c8c8c7d54976b334	705c33b0520f696292e5999435b89383	40594df139384a1238156ef6b3b820ae
2079	151a2e289258ba29c8c8c7d54976b334	705c33b0520f696292e5999435b89383	40594df139384a1238156ef6b3b820ae
2080	151a2e289258ba29c8c8c7d54976b334	705c33b0520f696292e5999435b89383	40594df139384a1238156ef6b3b820ae
2081	151a2e289258ba29c8c8c7d54976b334	705c33b0520f696292e5999435b89383	40594df139384a1238156ef6b3b820ae
2082	151a2e289258ba29c8c8c7d54976b334	705c33b0520f696292e5999435b89383	40594df139384a1238156ef6b3b820ae
2083	151a2e289258ba29c8c8c7d54976b334	705c33b0520f696292e5999435b89383	40594df139384a1238156ef6b3b820ae
2084	151a2e289258ba29c8c8c7d54976b334	705c33b0520f696292e5999435b89383	40594df139384a1238156ef6b3b820ae
2085	151a2e289258ba29c8c8c7d54976b334	705c33b0520f696292e5999435b89383	40594df139384a1238156ef6b3b820ae
2086	6eda77f83f5a8ee082f69dffedbfc1e8	c2acfbf472cbafb1f0c7019408e1b2d3	6a9134b10e791bd1f6fcad07b6c68577
2087	6eda77f83f5a8ee082f69dffedbfc1e8	c2acfbf472cbafb1f0c7019408e1b2d3	6a9134b10e791bd1f6fcad07b6c68577
2088	6eda77f83f5a8ee082f69dffedbfc1e8	c2acfbf472cbafb1f0c7019408e1b2d3	6a9134b10e791bd1f6fcad07b6c68577
2089	6eda77f83f5a8ee082f69dffedbfc1e8	c2acfbf472cbafb1f0c7019408e1b2d3	6a9134b10e791bd1f6fcad07b6c68577
2090	6eda77f83f5a8ee082f69dffedbfc1e8	c2acfbf472cbafb1f0c7019408e1b2d3	6a9134b10e791bd1f6fcad07b6c68577
2091	6eda77f83f5a8ee082f69dffedbfc1e8	c2acfbf472cbafb1f0c7019408e1b2d3	6a9134b10e791bd1f6fcad07b6c68577
2092	6eda77f83f5a8ee082f69dffedbfc1e8	c2acfbf472cbafb1f0c7019408e1b2d3	6a9134b10e791bd1f6fcad07b6c68577
2093	4ea1a6e1e41473304736ee78268128d8	d72e24f24e176dce5841882ead8f2937	5bfd7546ea7cdbdd9df88f8e8b62cb5e
2094	4ea1a6e1e41473304736ee78268128d8	d72e24f24e176dce5841882ead8f2937	5bfd7546ea7cdbdd9df88f8e8b62cb5e
2095	4ea1a6e1e41473304736ee78268128d8	d72e24f24e176dce5841882ead8f2937	5bfd7546ea7cdbdd9df88f8e8b62cb5e
2096	e1279155e9c3bdd624f9da018297e8bd	6db400dc8034ef846727e137a1eceeea	ec2b204a2cf0685d443866df916c3baf
2097	e1279155e9c3bdd624f9da018297e8bd	6db400dc8034ef846727e137a1eceeea	ec2b204a2cf0685d443866df916c3baf
2098	375c78ef00bb752492858939340602d6	f914682de810aa3f415397d46fb75fd3	8af28ea89ac45d149376b8670b9b64d4
2099	375c78ef00bb752492858939340602d6	f914682de810aa3f415397d46fb75fd3	8af28ea89ac45d149376b8670b9b64d4
2100	375c78ef00bb752492858939340602d6	f914682de810aa3f415397d46fb75fd3	8af28ea89ac45d149376b8670b9b64d4
2101	375c78ef00bb752492858939340602d6	f914682de810aa3f415397d46fb75fd3	8af28ea89ac45d149376b8670b9b64d4
2102	375c78ef00bb752492858939340602d6	f914682de810aa3f415397d46fb75fd3	8af28ea89ac45d149376b8670b9b64d4
2103	375c78ef00bb752492858939340602d6	f914682de810aa3f415397d46fb75fd3	8af28ea89ac45d149376b8670b9b64d4
2104	375c78ef00bb752492858939340602d6	f914682de810aa3f415397d46fb75fd3	8af28ea89ac45d149376b8670b9b64d4
2105	8555d7c32fb919d95dfe7b561b58540d	efafef0f7ee47b4f3d0bda89a4c820cd	0ce9e86907ecc5eaea064979d4644b5a
2106	8555d7c32fb919d95dfe7b561b58540d	efafef0f7ee47b4f3d0bda89a4c820cd	0ce9e86907ecc5eaea064979d4644b5a
2107	8555d7c32fb919d95dfe7b561b58540d	efafef0f7ee47b4f3d0bda89a4c820cd	0ce9e86907ecc5eaea064979d4644b5a
2108	8555d7c32fb919d95dfe7b561b58540d	efafef0f7ee47b4f3d0bda89a4c820cd	0ce9e86907ecc5eaea064979d4644b5a
2109	8555d7c32fb919d95dfe7b561b58540d	efafef0f7ee47b4f3d0bda89a4c820cd	0ce9e86907ecc5eaea064979d4644b5a
2110	bc7983bbbf5fb984c1c69db681c53395	cd6ff9ccf8b1ce74c8bc4847cd318bdf	81a0bb4ef6bf47a2a0e378c20aa71ec0
2111	bc7983bbbf5fb984c1c69db681c53395	cd6ff9ccf8b1ce74c8bc4847cd318bdf	81a0bb4ef6bf47a2a0e378c20aa71ec0
2112	bc7983bbbf5fb984c1c69db681c53395	cd6ff9ccf8b1ce74c8bc4847cd318bdf	81a0bb4ef6bf47a2a0e378c20aa71ec0
2113	bc7983bbbf5fb984c1c69db681c53395	cd6ff9ccf8b1ce74c8bc4847cd318bdf	81a0bb4ef6bf47a2a0e378c20aa71ec0
2114	bc7983bbbf5fb984c1c69db681c53395	cd6ff9ccf8b1ce74c8bc4847cd318bdf	81a0bb4ef6bf47a2a0e378c20aa71ec0
2115	bc7983bbbf5fb984c1c69db681c53395	cd6ff9ccf8b1ce74c8bc4847cd318bdf	81a0bb4ef6bf47a2a0e378c20aa71ec0
2116	bc7983bbbf5fb984c1c69db681c53395	cd6ff9ccf8b1ce74c8bc4847cd318bdf	81a0bb4ef6bf47a2a0e378c20aa71ec0
2117	96da1c445aa6985773e34574b548d333	59cdf56e01e2ff360945f53e77a3a42b	e004a525ebb16a86488f78131aa6c6ac
2118	96da1c445aa6985773e34574b548d333	59cdf56e01e2ff360945f53e77a3a42b	e004a525ebb16a86488f78131aa6c6ac
2119	96da1c445aa6985773e34574b548d333	59cdf56e01e2ff360945f53e77a3a42b	e004a525ebb16a86488f78131aa6c6ac
2120	96da1c445aa6985773e34574b548d333	59cdf56e01e2ff360945f53e77a3a42b	e004a525ebb16a86488f78131aa6c6ac
2121	96da1c445aa6985773e34574b548d333	59cdf56e01e2ff360945f53e77a3a42b	e004a525ebb16a86488f78131aa6c6ac
2122	e5e798259507308ef5921e1fcbb4f2de	d68705cede9da10bcfe4e694263db528	5919b45a59e2335fce35c279b8f86a27
2123	e5e798259507308ef5921e1fcbb4f2de	d68705cede9da10bcfe4e694263db528	5919b45a59e2335fce35c279b8f86a27
2124	e5e798259507308ef5921e1fcbb4f2de	d68705cede9da10bcfe4e694263db528	5919b45a59e2335fce35c279b8f86a27
2125	e5e798259507308ef5921e1fcbb4f2de	d68705cede9da10bcfe4e694263db528	5919b45a59e2335fce35c279b8f86a27
2126	e5e798259507308ef5921e1fcbb4f2de	d68705cede9da10bcfe4e694263db528	5919b45a59e2335fce35c279b8f86a27
2127	ca625fd55f20947ba6a3707ebdb35e62	96af24b6b4470af4e1515cd0c11c1a4e	bb5506c2eb6288f8b550d70c9f8dd3ca
2128	ca625fd55f20947ba6a3707ebdb35e62	96af24b6b4470af4e1515cd0c11c1a4e	bb5506c2eb6288f8b550d70c9f8dd3ca
2129	ca625fd55f20947ba6a3707ebdb35e62	96af24b6b4470af4e1515cd0c11c1a4e	bb5506c2eb6288f8b550d70c9f8dd3ca
2130	830d166f2e0cc144b5b827c488aabbaf	3af3fa393a9dc695e9fcc07a48c1c51b	b66b0cbac95a3c0c8494c28a88ffd355
2131	830d166f2e0cc144b5b827c488aabbaf	3af3fa393a9dc695e9fcc07a48c1c51b	b66b0cbac95a3c0c8494c28a88ffd355
2132	5dd9866fa1c9996cbfbd41c2ea69c336	148de4f3b85fa7463da4dd1fe4d6c874	aa79e3dce0c6b001ef0b53cac824aa36
2133	4d6001f8584eac60a91f2a5de9941ea8	e85b1a0002ffdd167f6a273000237b27	a0ade3f5091441a953b215d40d21d35a
2134	afc40429ee20094e8b77688f338f4f8f	8215703bfd4d19a3767c5cb2944a0795	c91e5895140641935ee0a199f0c2a762
2135	afc40429ee20094e8b77688f338f4f8f	8215703bfd4d19a3767c5cb2944a0795	c91e5895140641935ee0a199f0c2a762
2136	afc40429ee20094e8b77688f338f4f8f	8215703bfd4d19a3767c5cb2944a0795	c91e5895140641935ee0a199f0c2a762
2137	afc40429ee20094e8b77688f338f4f8f	8215703bfd4d19a3767c5cb2944a0795	c91e5895140641935ee0a199f0c2a762
2138	afc40429ee20094e8b77688f338f4f8f	8215703bfd4d19a3767c5cb2944a0795	c91e5895140641935ee0a199f0c2a762
2139	90ed7d02935ca313842c7fe0fef38442	265dfad1186f5fd155de240c641fac84	354777c694fc09b27fa71893534e5897
2140	90ed7d02935ca313842c7fe0fef38442	265dfad1186f5fd155de240c641fac84	354777c694fc09b27fa71893534e5897
2141	90ed7d02935ca313842c7fe0fef38442	265dfad1186f5fd155de240c641fac84	354777c694fc09b27fa71893534e5897
2142	90ed7d02935ca313842c7fe0fef38442	265dfad1186f5fd155de240c641fac84	354777c694fc09b27fa71893534e5897
2143	90ed7d02935ca313842c7fe0fef38442	265dfad1186f5fd155de240c641fac84	354777c694fc09b27fa71893534e5897
2144	90ed7d02935ca313842c7fe0fef38442	265dfad1186f5fd155de240c641fac84	354777c694fc09b27fa71893534e5897
2145	90ed7d02935ca313842c7fe0fef38442	265dfad1186f5fd155de240c641fac84	354777c694fc09b27fa71893534e5897
2146	6ef49e5ce38c085bf2675d6e125890f2	8c331d3cb1ca43341a4867ab509b9102	bc5031170e82ad79f94bce43fe84eda0
2147	8ac621e1209d7b15fbfa0455ab8ff323	f8c9a0ee0afee36af9fe22454330c658	41dc1cb8e8745cf15829a59b7b130683
2148	8ac621e1209d7b15fbfa0455ab8ff323	f8c9a0ee0afee36af9fe22454330c658	41dc1cb8e8745cf15829a59b7b130683
2149	6ef49e5ce38c085bf2675d6e125890f2	8c331d3cb1ca43341a4867ab509b9102	bc5031170e82ad79f94bce43fe84eda0
2150	6ef49e5ce38c085bf2675d6e125890f2	8c331d3cb1ca43341a4867ab509b9102	bc5031170e82ad79f94bce43fe84eda0
2151	7da97524282882db2c98e3836aa605a8	5cde10206b0b72bace6b11022bb1e82b	c6086e4655a63d4e100465c21f6aa291
2152	7da97524282882db2c98e3836aa605a8	5cde10206b0b72bace6b11022bb1e82b	c6086e4655a63d4e100465c21f6aa291
2153	7da97524282882db2c98e3836aa605a8	5cde10206b0b72bace6b11022bb1e82b	c6086e4655a63d4e100465c21f6aa291
2154	6ef49e5ce38c085bf2675d6e125890f2	a890c3db855229aa65036c0a3d9878be	31a6617527e4f66a3493d72f67175995
2155	6ef49e5ce38c085bf2675d6e125890f2	032ae4aba6fd8f45c500baaae5154678	ed662a780996a0465355da02c8c09ced
2156	2e9cb1a78dd34f6e978f22b74a78774b	e35f47a52c26f67a57d2e9ada9a4d019	dae0ade1cf4d0cde78d88ded1f4fb4c7
2157	2e9cb1a78dd34f6e978f22b74a78774b	e35f47a52c26f67a57d2e9ada9a4d019	dae0ade1cf4d0cde78d88ded1f4fb4c7
2158	2e9cb1a78dd34f6e978f22b74a78774b	e35f47a52c26f67a57d2e9ada9a4d019	dae0ade1cf4d0cde78d88ded1f4fb4c7
2159	2e9cb1a78dd34f6e978f22b74a78774b	e35f47a52c26f67a57d2e9ada9a4d019	dae0ade1cf4d0cde78d88ded1f4fb4c7
2160	2e9cb1a78dd34f6e978f22b74a78774b	e35f47a52c26f67a57d2e9ada9a4d019	dae0ade1cf4d0cde78d88ded1f4fb4c7
2161	2e9cb1a78dd34f6e978f22b74a78774b	e35f47a52c26f67a57d2e9ada9a4d019	dae0ade1cf4d0cde78d88ded1f4fb4c7
2162	2e9cb1a78dd34f6e978f22b74a78774b	e35f47a52c26f67a57d2e9ada9a4d019	dae0ade1cf4d0cde78d88ded1f4fb4c7
2163	e93f3cdef39fe2f7146125b46236a238	f5c2f122e540b93fd1bef12073850dcf	c6157f238dc95e23dd127dc37ed28969
2164	e93f3cdef39fe2f7146125b46236a238	f5c2f122e540b93fd1bef12073850dcf	c6157f238dc95e23dd127dc37ed28969
2165	e93f3cdef39fe2f7146125b46236a238	f5c2f122e540b93fd1bef12073850dcf	c6157f238dc95e23dd127dc37ed28969
2166	37edbef7260158ea1b32447d66540813	63b6efe0a722ec34ec49889d57c38eb3	5d39063a51c2da97fdd7f68bc96cc5e3
2167	37edbef7260158ea1b32447d66540813	63b6efe0a722ec34ec49889d57c38eb3	5d39063a51c2da97fdd7f68bc96cc5e3
2168	2e9cb1a78dd34f6e978f22b74a78774b	e35f47a52c26f67a57d2e9ada9a4d019	dae0ade1cf4d0cde78d88ded1f4fb4c7
2169	2e9cb1a78dd34f6e978f22b74a78774b	e35f47a52c26f67a57d2e9ada9a4d019	dae0ade1cf4d0cde78d88ded1f4fb4c7
2170	2e9cb1a78dd34f6e978f22b74a78774b	e35f47a52c26f67a57d2e9ada9a4d019	dae0ade1cf4d0cde78d88ded1f4fb4c7
2171	2e9cb1a78dd34f6e978f22b74a78774b	e35f47a52c26f67a57d2e9ada9a4d019	dae0ade1cf4d0cde78d88ded1f4fb4c7
2172	2e9cb1a78dd34f6e978f22b74a78774b	e8699dd23e2eceec9ac10ffb533252ff	454dd1a222f6e46cdc93f973c3d0b509
2173	2e9cb1a78dd34f6e978f22b74a78774b	e35f47a52c26f67a57d2e9ada9a4d019	dae0ade1cf4d0cde78d88ded1f4fb4c7
2174	2e9cb1a78dd34f6e978f22b74a78774b	e35f47a52c26f67a57d2e9ada9a4d019	dae0ade1cf4d0cde78d88ded1f4fb4c7
2175	2e9cb1a78dd34f6e978f22b74a78774b	e35f47a52c26f67a57d2e9ada9a4d019	dae0ade1cf4d0cde78d88ded1f4fb4c7
2176	2e9cb1a78dd34f6e978f22b74a78774b	e35f47a52c26f67a57d2e9ada9a4d019	dae0ade1cf4d0cde78d88ded1f4fb4c7
2177	2e9cb1a78dd34f6e978f22b74a78774b	e35f47a52c26f67a57d2e9ada9a4d019	dae0ade1cf4d0cde78d88ded1f4fb4c7
2178	2e9cb1a78dd34f6e978f22b74a78774b	e35f47a52c26f67a57d2e9ada9a4d019	dae0ade1cf4d0cde78d88ded1f4fb4c7
2179	2e9cb1a78dd34f6e978f22b74a78774b	e35f47a52c26f67a57d2e9ada9a4d019	dae0ade1cf4d0cde78d88ded1f4fb4c7
2180	2b16e6b1d2fa504cb4d21e0019d52322	a6cc5a77cf5ee11c79708a37d789d943	244c4931cc49fbd8e61ea610cbe5566d
2181	2b16e6b1d2fa504cb4d21e0019d52322	a6cc5a77cf5ee11c79708a37d789d943	244c4931cc49fbd8e61ea610cbe5566d
2182	2b16e6b1d2fa504cb4d21e0019d52322	a6cc5a77cf5ee11c79708a37d789d943	244c4931cc49fbd8e61ea610cbe5566d
2183	2b16e6b1d2fa504cb4d21e0019d52322	a6cc5a77cf5ee11c79708a37d789d943	244c4931cc49fbd8e61ea610cbe5566d
2184	2b16e6b1d2fa504cb4d21e0019d52322	a6cc5a77cf5ee11c79708a37d789d943	244c4931cc49fbd8e61ea610cbe5566d
2185	2b16e6b1d2fa504cb4d21e0019d52322	a6cc5a77cf5ee11c79708a37d789d943	244c4931cc49fbd8e61ea610cbe5566d
2186	2b16e6b1d2fa504cb4d21e0019d52322	a6cc5a77cf5ee11c79708a37d789d943	244c4931cc49fbd8e61ea610cbe5566d
2187	2b16e6b1d2fa504cb4d21e0019d52322	a6cc5a77cf5ee11c79708a37d789d943	244c4931cc49fbd8e61ea610cbe5566d
2188	2b16e6b1d2fa504cb4d21e0019d52322	a6cc5a77cf5ee11c79708a37d789d943	244c4931cc49fbd8e61ea610cbe5566d
2189	2b16e6b1d2fa504cb4d21e0019d52322	a6cc5a77cf5ee11c79708a37d789d943	244c4931cc49fbd8e61ea610cbe5566d
2190	2b16e6b1d2fa504cb4d21e0019d52322	a6cc5a77cf5ee11c79708a37d789d943	244c4931cc49fbd8e61ea610cbe5566d
2191	2b16e6b1d2fa504cb4d21e0019d52322	a6cc5a77cf5ee11c79708a37d789d943	244c4931cc49fbd8e61ea610cbe5566d
2192	2b16e6b1d2fa504cb4d21e0019d52322	a6cc5a77cf5ee11c79708a37d789d943	244c4931cc49fbd8e61ea610cbe5566d
2193	2b16e6b1d2fa504cb4d21e0019d52322	a6cc5a77cf5ee11c79708a37d789d943	244c4931cc49fbd8e61ea610cbe5566d
2194	2b16e6b1d2fa504cb4d21e0019d52322	a6cc5a77cf5ee11c79708a37d789d943	244c4931cc49fbd8e61ea610cbe5566d
2195	2b16e6b1d2fa504cb4d21e0019d52322	a6cc5a77cf5ee11c79708a37d789d943	244c4931cc49fbd8e61ea610cbe5566d
2196	2b16e6b1d2fa504cb4d21e0019d52322	a6cc5a77cf5ee11c79708a37d789d943	244c4931cc49fbd8e61ea610cbe5566d
2197	7ac4f75598e464cf89b6cf333a9a7374	297ed4b2d27f4c8d62cd94ac3a6a1b27	8f243ddefacc700284196c9677bae90c
2198	6b115b29d299cf1ec864d769b40e71d3	0c9f616404bfd559fc228e39ee4213ab	9300e20f19585a312d9070ecdc96b751
2199	6b115b29d299cf1ec864d769b40e71d3	0c9f616404bfd559fc228e39ee4213ab	9300e20f19585a312d9070ecdc96b751
2200	6badb8f8772cc00466d92867cf843ad5	7265edd5d6fc459d31b57e0f5c2ed32c	0dfa1951e929d0d83614c4b2c4e2a339
2201	6badb8f8772cc00466d92867cf843ad5	7265edd5d6fc459d31b57e0f5c2ed32c	0dfa1951e929d0d83614c4b2c4e2a339
2202	b7258c71b5b5052cb20170b2e64dd540	5ef2135ef94e8c521a0801a8066193ae	87344cb5c2a6c206f680388513905418
2203	b7258c71b5b5052cb20170b2e64dd540	5ef2135ef94e8c521a0801a8066193ae	87344cb5c2a6c206f680388513905418
2204	c44a259884eabc69452401e4e6008df2	a37782513be76df6f21c95a62408c78a	9b156f7e575b62a72bd08b4276cb5e5d
2205	c44a259884eabc69452401e4e6008df2	a37782513be76df6f21c95a62408c78a	9b156f7e575b62a72bd08b4276cb5e5d
2206	c44a259884eabc69452401e4e6008df2	a37782513be76df6f21c95a62408c78a	9b156f7e575b62a72bd08b4276cb5e5d
2207	c44a259884eabc69452401e4e6008df2	a37782513be76df6f21c95a62408c78a	9b156f7e575b62a72bd08b4276cb5e5d
2208	c44a259884eabc69452401e4e6008df2	a37782513be76df6f21c95a62408c78a	9b156f7e575b62a72bd08b4276cb5e5d
2209	a01a12e199c4588aa629c2343102fe8c	8f6c6231eaad2a9eef702130c0df0cfc	d562993d652cc26d9b76081e5c525ad5
2210	a01a12e199c4588aa629c2343102fe8c	8f6c6231eaad2a9eef702130c0df0cfc	d562993d652cc26d9b76081e5c525ad5
2211	a01a12e199c4588aa629c2343102fe8c	8f6c6231eaad2a9eef702130c0df0cfc	d562993d652cc26d9b76081e5c525ad5
2212	a01a12e199c4588aa629c2343102fe8c	f7a7c137b0e8c4e9f03623c533e33daf	ddbfdf09861e36a68afed363ab3bbbd5
2213	a01a12e199c4588aa629c2343102fe8c	f7a7c137b0e8c4e9f03623c533e33daf	ddbfdf09861e36a68afed363ab3bbbd5
2214	092c6f0b8a6f1043ee59e3577335238e	3b0e047d599cf5a6bdea21f17b460429	d98a13eebb617f7dfe7b1c1d78628ca3
2215	a01a12e199c4588aa629c2343102fe8c	dc495864b9c8663ced689e77433bb71d	d5b4c709ba85c6a6acde1c73ee7d8a47
2216	929b494623309946360c2650c630e1f9	e88a1c30fc9d21ee351ada58017593f5	97874d5c19f13278679c815f7cba7581
2217	3e2ab4d78c9e231dd41849c2a250f1cd	25f36dcca7131b8600982793c9bed52e	126d197c79ca37d620d6d63e6f5848b6
2218	3e2ab4d78c9e231dd41849c2a250f1cd	25f36dcca7131b8600982793c9bed52e	126d197c79ca37d620d6d63e6f5848b6
2219	c4a8464eaaec341b043a476c85376547	dbb9c2fa2c1cc714f472323fed16293b	303150b881f6ded1c4c736ef2a812d38
2220	c4a8464eaaec341b043a476c85376547	dbb9c2fa2c1cc714f472323fed16293b	303150b881f6ded1c4c736ef2a812d38
2221	f75e7496ab9a4c36f836469f309e2295	062f0b7ad0e7974ee1c3658d57d46681	19969f62901e6f27991c26cee39e51f5
2222	f75e7496ab9a4c36f836469f309e2295	062f0b7ad0e7974ee1c3658d57d46681	19969f62901e6f27991c26cee39e51f5
2223	f75e7496ab9a4c36f836469f309e2295	062f0b7ad0e7974ee1c3658d57d46681	19969f62901e6f27991c26cee39e51f5
2224	f75e7496ab9a4c36f836469f309e2295	062f0b7ad0e7974ee1c3658d57d46681	19969f62901e6f27991c26cee39e51f5
2225	f75e7496ab9a4c36f836469f309e2295	062f0b7ad0e7974ee1c3658d57d46681	19969f62901e6f27991c26cee39e51f5
2226	a82b290335aedb0797ca88af87bc1f97	6f3fa700792b32baa735c108c621a104	0491aa2f74804c5efd3ee6c0d439ce3a
2227	a82b290335aedb0797ca88af87bc1f97	6f3fa700792b32baa735c108c621a104	0491aa2f74804c5efd3ee6c0d439ce3a
2228	a82b290335aedb0797ca88af87bc1f97	6f3fa700792b32baa735c108c621a104	0491aa2f74804c5efd3ee6c0d439ce3a
2229	b49cade3a8f9aca5fc69ac117607d46d	321087912ccbca0d5c785053d3384601	1ac93fa541a4b8397a15ae20167a3ec9
2230	a224279d60da15ae8353defc8b9552fe	efea9e60b82cca21cd9184f5da0fc5fb	35042d18382cffaf660c351019d59592
2231	71532635c759ab2ea7868f9861b31775	437e3a8bb93e29b6cca853573ff918d5	e13ab6eccc829e5e1d5cc4136d284b68
2232	71532635c759ab2ea7868f9861b31775	437e3a8bb93e29b6cca853573ff918d5	e13ab6eccc829e5e1d5cc4136d284b68
2233	e4042af48c0166559320dc741acb8df0	2c165809442577f2714ad0d6356de4cf	12bd8189ee59d8c8772e0a0dfc2b7582
2234	e4042af48c0166559320dc741acb8df0	2c165809442577f2714ad0d6356de4cf	12bd8189ee59d8c8772e0a0dfc2b7582
2235	e4042af48c0166559320dc741acb8df0	2c165809442577f2714ad0d6356de4cf	12bd8189ee59d8c8772e0a0dfc2b7582
2236	e4042af48c0166559320dc741acb8df0	2c165809442577f2714ad0d6356de4cf	12bd8189ee59d8c8772e0a0dfc2b7582
2237	e4042af48c0166559320dc741acb8df0	2c165809442577f2714ad0d6356de4cf	12bd8189ee59d8c8772e0a0dfc2b7582
2238	c3bdf18244bcba9d53da84006ee1f2c6	5d609755223abd2895e633212ac1c825	06b67a2b60a272df406566cff75abc1a
2239	c3bdf18244bcba9d53da84006ee1f2c6	5d609755223abd2895e633212ac1c825	06b67a2b60a272df406566cff75abc1a
2240	c3bdf18244bcba9d53da84006ee1f2c6	5d609755223abd2895e633212ac1c825	06b67a2b60a272df406566cff75abc1a
2241	c3bdf18244bcba9d53da84006ee1f2c6	5d609755223abd2895e633212ac1c825	06b67a2b60a272df406566cff75abc1a
2242	c3bdf18244bcba9d53da84006ee1f2c6	5d609755223abd2895e633212ac1c825	06b67a2b60a272df406566cff75abc1a
2243	c3bdf18244bcba9d53da84006ee1f2c6	5d609755223abd2895e633212ac1c825	06b67a2b60a272df406566cff75abc1a
2244	c3bdf18244bcba9d53da84006ee1f2c6	5d609755223abd2895e633212ac1c825	06b67a2b60a272df406566cff75abc1a
2245	c8dfba8c36e91ea395aefba0a7ffac12	30a6a0b8049472997617f17abf8931eb	1830f82e721f294d3bc1d698c3c808d7
2246	c8dfba8c36e91ea395aefba0a7ffac12	30a6a0b8049472997617f17abf8931eb	1830f82e721f294d3bc1d698c3c808d7
2247	c8dfba8c36e91ea395aefba0a7ffac12	30a6a0b8049472997617f17abf8931eb	1830f82e721f294d3bc1d698c3c808d7
2248	2be7cbec2c980a1ed90bbd46e3e48334	4396832ee6b6fcb4df263ac38f54c565	f3033c0b1d9492305f448919bcca7051
2249	c8dfba8c36e91ea395aefba0a7ffac12	30a6a0b8049472997617f17abf8931eb	1830f82e721f294d3bc1d698c3c808d7
2250	5e7668609d5f8aa5f7fd79e157b08dd1	9f1a816a815ee2f9ce6dfe302bc0d0f4	3caaa2d739853b9492f1c7907308afba
2251	5e7668609d5f8aa5f7fd79e157b08dd1	9f1a816a815ee2f9ce6dfe302bc0d0f4	3caaa2d739853b9492f1c7907308afba
2252	5e7668609d5f8aa5f7fd79e157b08dd1	9f1a816a815ee2f9ce6dfe302bc0d0f4	3caaa2d739853b9492f1c7907308afba
2253	5e7668609d5f8aa5f7fd79e157b08dd1	9f1a816a815ee2f9ce6dfe302bc0d0f4	3caaa2d739853b9492f1c7907308afba
2254	5e7668609d5f8aa5f7fd79e157b08dd1	9f1a816a815ee2f9ce6dfe302bc0d0f4	3caaa2d739853b9492f1c7907308afba
2255	5e7668609d5f8aa5f7fd79e157b08dd1	9f1a816a815ee2f9ce6dfe302bc0d0f4	3caaa2d739853b9492f1c7907308afba
2256	5e7668609d5f8aa5f7fd79e157b08dd1	9f1a816a815ee2f9ce6dfe302bc0d0f4	3caaa2d739853b9492f1c7907308afba
2257	e03cef79ffbcb6f71551a2b1620acd63	ad47bf3987a0a17b43700a6ddb01482f	fb3175a88ad8b0f86d03e4b487228fa3
2258	e03cef79ffbcb6f71551a2b1620acd63	ad47bf3987a0a17b43700a6ddb01482f	fb3175a88ad8b0f86d03e4b487228fa3
2259	e03cef79ffbcb6f71551a2b1620acd63	ad47bf3987a0a17b43700a6ddb01482f	fb3175a88ad8b0f86d03e4b487228fa3
2260	e03cef79ffbcb6f71551a2b1620acd63	ad47bf3987a0a17b43700a6ddb01482f	fb3175a88ad8b0f86d03e4b487228fa3
2261	e03cef79ffbcb6f71551a2b1620acd63	ad47bf3987a0a17b43700a6ddb01482f	fb3175a88ad8b0f86d03e4b487228fa3
2262	7eb2ab0cc14f3eede3b4cb4e592c1c0e	ec6e84a3376cd699d06ab94c02e0550d	292f21bb39f1ab74801fde860f433063
2263	7eb2ab0cc14f3eede3b4cb4e592c1c0e	ec6e84a3376cd699d06ab94c02e0550d	292f21bb39f1ab74801fde860f433063
2264	7eb2ab0cc14f3eede3b4cb4e592c1c0e	ec6e84a3376cd699d06ab94c02e0550d	292f21bb39f1ab74801fde860f433063
2265	7eb2ab0cc14f3eede3b4cb4e592c1c0e	ec6e84a3376cd699d06ab94c02e0550d	292f21bb39f1ab74801fde860f433063
2266	7eb2ab0cc14f3eede3b4cb4e592c1c0e	ec6e84a3376cd699d06ab94c02e0550d	292f21bb39f1ab74801fde860f433063
2267	a40fc92e277c6675bbf1e7f61871a663	fb41af2e255352b7d67d2304caa78266	40a5fbf167c3a84b9cc965caced34372
2268	a40fc92e277c6675bbf1e7f61871a663	fb41af2e255352b7d67d2304caa78266	40a5fbf167c3a84b9cc965caced34372
2269	a40fc92e277c6675bbf1e7f61871a663	fb41af2e255352b7d67d2304caa78266	40a5fbf167c3a84b9cc965caced34372
2270	a40fc92e277c6675bbf1e7f61871a663	fb41af2e255352b7d67d2304caa78266	40a5fbf167c3a84b9cc965caced34372
2271	a40fc92e277c6675bbf1e7f61871a663	fb41af2e255352b7d67d2304caa78266	40a5fbf167c3a84b9cc965caced34372
2272	516b13952e4a9cba52ddc705b33cb402	24f7c66499434d625c3d063f79645206	cbfeeb808b9bdc012d6916379f0b3c14
2273	516b13952e4a9cba52ddc705b33cb402	24f7c66499434d625c3d063f79645206	cbfeeb808b9bdc012d6916379f0b3c14
2274	3a9e333f768719531459bcd75a2743cb	bfffa568b07c0d278b6c72b89687ee31	9ed6137abe355284b9cf7057d65990d3
2275	3a9e333f768719531459bcd75a2743cb	bfffa568b07c0d278b6c72b89687ee31	9ed6137abe355284b9cf7057d65990d3
2276	3a9e333f768719531459bcd75a2743cb	bfffa568b07c0d278b6c72b89687ee31	9ed6137abe355284b9cf7057d65990d3
2277	a40fc92e277c6675bbf1e7f61871a663	fb41af2e255352b7d67d2304caa78266	40a5fbf167c3a84b9cc965caced34372
2278	a40fc92e277c6675bbf1e7f61871a663	fb41af2e255352b7d67d2304caa78266	40a5fbf167c3a84b9cc965caced34372
2279	367540064816070e9df6dfec0fea765f	b854a8c359c1ad3652d51def1e2dee2c	31b556cc4f9e03437c6e5a3ac5f66df0
2280	367540064816070e9df6dfec0fea765f	b854a8c359c1ad3652d51def1e2dee2c	31b556cc4f9e03437c6e5a3ac5f66df0
2281	367540064816070e9df6dfec0fea765f	b854a8c359c1ad3652d51def1e2dee2c	31b556cc4f9e03437c6e5a3ac5f66df0
2282	e78b9fc1bf9ffd7bf60b5ec6fda9a5b2	b6740d4bb66b1082ea1b09aa789ab608	bfb7d90bc26a50b89a484ff890daabac
2283	e78b9fc1bf9ffd7bf60b5ec6fda9a5b2	b6740d4bb66b1082ea1b09aa789ab608	bfb7d90bc26a50b89a484ff890daabac
2284	4511b1756f46f08f1cd1ec4c54ea6aac	5e17c0ff6b78254689ce8c0c57329903	8145e2a9931e341598ba7367831d97a9
2285	4511b1756f46f08f1cd1ec4c54ea6aac	5e17c0ff6b78254689ce8c0c57329903	8145e2a9931e341598ba7367831d97a9
2286	559d4a5282318318f554139ef5df2b93	5f453d937681205a2d72841d4961ff91	84df89935db4e5597240d67962c8507e
2287	559d4a5282318318f554139ef5df2b93	5f453d937681205a2d72841d4961ff91	84df89935db4e5597240d67962c8507e
2288	559d4a5282318318f554139ef5df2b93	5f453d937681205a2d72841d4961ff91	84df89935db4e5597240d67962c8507e
2289	559d4a5282318318f554139ef5df2b93	5f453d937681205a2d72841d4961ff91	84df89935db4e5597240d67962c8507e
2290	559d4a5282318318f554139ef5df2b93	5f453d937681205a2d72841d4961ff91	84df89935db4e5597240d67962c8507e
2291	559d4a5282318318f554139ef5df2b93	5f453d937681205a2d72841d4961ff91	84df89935db4e5597240d67962c8507e
2292	559d4a5282318318f554139ef5df2b93	5f453d937681205a2d72841d4961ff91	84df89935db4e5597240d67962c8507e
2293	559d4a5282318318f554139ef5df2b93	5f453d937681205a2d72841d4961ff91	84df89935db4e5597240d67962c8507e
2294	559d4a5282318318f554139ef5df2b93	5f453d937681205a2d72841d4961ff91	84df89935db4e5597240d67962c8507e
2295	559d4a5282318318f554139ef5df2b93	5f453d937681205a2d72841d4961ff91	84df89935db4e5597240d67962c8507e
2296	28775241913186e698058f0b74996bf7	bb86ab44a4a6ad04bb089a09440c2d1d	7cf7c30b546b424b5948aa4cdc498ffd
2297	28775241913186e698058f0b74996bf7	bb86ab44a4a6ad04bb089a09440c2d1d	7cf7c30b546b424b5948aa4cdc498ffd
2298	28775241913186e698058f0b74996bf7	bb86ab44a4a6ad04bb089a09440c2d1d	7cf7c30b546b424b5948aa4cdc498ffd
2299	28775241913186e698058f0b74996bf7	bb86ab44a4a6ad04bb089a09440c2d1d	7cf7c30b546b424b5948aa4cdc498ffd
2300	28775241913186e698058f0b74996bf7	bb86ab44a4a6ad04bb089a09440c2d1d	7cf7c30b546b424b5948aa4cdc498ffd
2301	28775241913186e698058f0b74996bf7	bb86ab44a4a6ad04bb089a09440c2d1d	7cf7c30b546b424b5948aa4cdc498ffd
2302	28775241913186e698058f0b74996bf7	bb86ab44a4a6ad04bb089a09440c2d1d	7cf7c30b546b424b5948aa4cdc498ffd
2303	1bd41e7db1d76e099ab450d4647f4bb3	d196e1a865c7d131cdec000d22604782	0c2a96ab8d2d221050a4e78265a10544
2304	1bd41e7db1d76e099ab450d4647f4bb3	d196e1a865c7d131cdec000d22604782	0c2a96ab8d2d221050a4e78265a10544
2305	1bd41e7db1d76e099ab450d4647f4bb3	d196e1a865c7d131cdec000d22604782	0c2a96ab8d2d221050a4e78265a10544
2306	1bd41e7db1d76e099ab450d4647f4bb3	d196e1a865c7d131cdec000d22604782	0c2a96ab8d2d221050a4e78265a10544
2307	1bd41e7db1d76e099ab450d4647f4bb3	d196e1a865c7d131cdec000d22604782	0c2a96ab8d2d221050a4e78265a10544
2308	5efee55e85cd971adc506c4b66a639d9	ddbf3765ace484941e2f2e286fda7a01	091a84b445a14ace08dfcd4ea489292f
2309	5efee55e85cd971adc506c4b66a639d9	ddbf3765ace484941e2f2e286fda7a01	091a84b445a14ace08dfcd4ea489292f
2310	5efee55e85cd971adc506c4b66a639d9	ddbf3765ace484941e2f2e286fda7a01	091a84b445a14ace08dfcd4ea489292f
2311	5efee55e85cd971adc506c4b66a639d9	ddbf3765ace484941e2f2e286fda7a01	091a84b445a14ace08dfcd4ea489292f
2312	5efee55e85cd971adc506c4b66a639d9	ddbf3765ace484941e2f2e286fda7a01	091a84b445a14ace08dfcd4ea489292f
2313	5efee55e85cd971adc506c4b66a639d9	ddbf3765ace484941e2f2e286fda7a01	091a84b445a14ace08dfcd4ea489292f
2314	5efee55e85cd971adc506c4b66a639d9	ddbf3765ace484941e2f2e286fda7a01	091a84b445a14ace08dfcd4ea489292f
2315	5efee55e85cd971adc506c4b66a639d9	ddbf3765ace484941e2f2e286fda7a01	091a84b445a14ace08dfcd4ea489292f
2316	5efee55e85cd971adc506c4b66a639d9	ddbf3765ace484941e2f2e286fda7a01	091a84b445a14ace08dfcd4ea489292f
2317	5efee55e85cd971adc506c4b66a639d9	ddbf3765ace484941e2f2e286fda7a01	091a84b445a14ace08dfcd4ea489292f
2318	5efee55e85cd971adc506c4b66a639d9	ddbf3765ace484941e2f2e286fda7a01	091a84b445a14ace08dfcd4ea489292f
2319	5efee55e85cd971adc506c4b66a639d9	ddbf3765ace484941e2f2e286fda7a01	091a84b445a14ace08dfcd4ea489292f
2320	5efee55e85cd971adc506c4b66a639d9	ddbf3765ace484941e2f2e286fda7a01	091a84b445a14ace08dfcd4ea489292f
2321	5efee55e85cd971adc506c4b66a639d9	ddbf3765ace484941e2f2e286fda7a01	091a84b445a14ace08dfcd4ea489292f
2322	5efee55e85cd971adc506c4b66a639d9	ddbf3765ace484941e2f2e286fda7a01	091a84b445a14ace08dfcd4ea489292f
2323	5efee55e85cd971adc506c4b66a639d9	ddbf3765ace484941e2f2e286fda7a01	091a84b445a14ace08dfcd4ea489292f
2324	5efee55e85cd971adc506c4b66a639d9	ddbf3765ace484941e2f2e286fda7a01	091a84b445a14ace08dfcd4ea489292f
2325	c2516d334f1a5d312bc69a33decb2bd8	c2e29e3491d24fc221ca4845cb649a68	ec45561196f54c459a89d1190898c588
2326	c2516d334f1a5d312bc69a33decb2bd8	c2e29e3491d24fc221ca4845cb649a68	ec45561196f54c459a89d1190898c588
2327	c2516d334f1a5d312bc69a33decb2bd8	c2e29e3491d24fc221ca4845cb649a68	ec45561196f54c459a89d1190898c588
2328	c2516d334f1a5d312bc69a33decb2bd8	2214e44af1c8611b5aaed354ed70be0f	4b743d9948a68b81147f5a5e6b8e93da
2329	c2516d334f1a5d312bc69a33decb2bd8	2214e44af1c8611b5aaed354ed70be0f	4b743d9948a68b81147f5a5e6b8e93da
2330	c2516d334f1a5d312bc69a33decb2bd8	2214e44af1c8611b5aaed354ed70be0f	4b743d9948a68b81147f5a5e6b8e93da
2331	c2516d334f1a5d312bc69a33decb2bd8	2214e44af1c8611b5aaed354ed70be0f	4b743d9948a68b81147f5a5e6b8e93da
2332	63e6f9f7af52b59a13414c0a72ebb340	59f5b73aae4e14fbd5c540e646171eb9	e57c1edf2fb98feb88f4cbb35c31d8a7
2333	f58b4e65ac689a53c0d5a3433e224672	1a17a4097a9bd2ba85391e5010ce2867	469fae1cd4e6432b55c52ca52e95db81
2334	f58b4e65ac689a53c0d5a3433e224672	1a17a4097a9bd2ba85391e5010ce2867	469fae1cd4e6432b55c52ca52e95db81
2335	9223a4546f2ab835c7fd00cdf74ab430	8284324938c67ca03bba3b673595a27b	8f5ca1b01402124775a8674338115af3
2336	9223a4546f2ab835c7fd00cdf74ab430	8284324938c67ca03bba3b673595a27b	8f5ca1b01402124775a8674338115af3
2337	1bf4c0e5772046a90c4523c915cbb9a9	d26e96724c09b2039a5ff22b3706c110	44c32d4c82b6704039cd0ddf66355833
2338	50170ff1ccacc5a56802d8ab3816f655	f9def406d22e42170331e888e818dfd9	a4a28783916cbb2ab0176e7c62403de6
2339	50170ff1ccacc5a56802d8ab3816f655	f9def406d22e42170331e888e818dfd9	a4a28783916cbb2ab0176e7c62403de6
2340	583032eae84b0a271890810293d96834	a27083fea603bf3853cb93dfaadf47df	c79828c377132851cdb4b23e917aee28
2341	583032eae84b0a271890810293d96834	a27083fea603bf3853cb93dfaadf47df	c79828c377132851cdb4b23e917aee28
2342	583032eae84b0a271890810293d96834	a27083fea603bf3853cb93dfaadf47df	c79828c377132851cdb4b23e917aee28
2343	583032eae84b0a271890810293d96834	a27083fea603bf3853cb93dfaadf47df	c79828c377132851cdb4b23e917aee28
2344	7ec2651e08aaa4601db35b9e5f12b84f	a397594b18afda427ee673cdf349c106	9c6eb329c0e50b7ce8f17a89eff2d192
2345	7ec2651e08aaa4601db35b9e5f12b84f	a397594b18afda427ee673cdf349c106	9c6eb329c0e50b7ce8f17a89eff2d192
2346	7ec2651e08aaa4601db35b9e5f12b84f	a397594b18afda427ee673cdf349c106	9c6eb329c0e50b7ce8f17a89eff2d192
2347	0ac8967a0626c75a525bd3c10f150eff	5169732b7191539b14f7d5054b2c1196	e7f13d9e623135aa317b4c03035644d1
2348	0ac8967a0626c75a525bd3c10f150eff	5169732b7191539b14f7d5054b2c1196	e7f13d9e623135aa317b4c03035644d1
2349	9e63174d2da6e095c122af297e9a32f6	e3d3054b7049506b040fba86a6ad70e2	c2ae46ac2df55deb0cbbf12003ea307c
2350	9e63174d2da6e095c122af297e9a32f6	e3d3054b7049506b040fba86a6ad70e2	c2ae46ac2df55deb0cbbf12003ea307c
2351	9e63174d2da6e095c122af297e9a32f6	e3d3054b7049506b040fba86a6ad70e2	c2ae46ac2df55deb0cbbf12003ea307c
2352	9e63174d2da6e095c122af297e9a32f6	e3d3054b7049506b040fba86a6ad70e2	c2ae46ac2df55deb0cbbf12003ea307c
2353	9e63174d2da6e095c122af297e9a32f6	e3d3054b7049506b040fba86a6ad70e2	c2ae46ac2df55deb0cbbf12003ea307c
2354	9e63174d2da6e095c122af297e9a32f6	e3d3054b7049506b040fba86a6ad70e2	c2ae46ac2df55deb0cbbf12003ea307c
2355	9e63174d2da6e095c122af297e9a32f6	e3d3054b7049506b040fba86a6ad70e2	c2ae46ac2df55deb0cbbf12003ea307c
2356	9827f4c2fdf874b6b67e3d29e07ec872	994301cc5955b19dd303b9042a0045a7	a3b270653bdc426f2db9189f51399ab2
2357	9827f4c2fdf874b6b67e3d29e07ec872	994301cc5955b19dd303b9042a0045a7	a3b270653bdc426f2db9189f51399ab2
2358	9827f4c2fdf874b6b67e3d29e07ec872	994301cc5955b19dd303b9042a0045a7	a3b270653bdc426f2db9189f51399ab2
2359	9827f4c2fdf874b6b67e3d29e07ec872	994301cc5955b19dd303b9042a0045a7	a3b270653bdc426f2db9189f51399ab2
2360	9827f4c2fdf874b6b67e3d29e07ec872	aaad8935726d98ef4e16c547538faf56	eae33f7da1e8110a4bd6a325d0fe82fb
2361	9827f4c2fdf874b6b67e3d29e07ec872	994301cc5955b19dd303b9042a0045a7	a3b270653bdc426f2db9189f51399ab2
2362	9827f4c2fdf874b6b67e3d29e07ec872	994301cc5955b19dd303b9042a0045a7	a3b270653bdc426f2db9189f51399ab2
2363	9827f4c2fdf874b6b67e3d29e07ec872	994301cc5955b19dd303b9042a0045a7	a3b270653bdc426f2db9189f51399ab2
2364	9827f4c2fdf874b6b67e3d29e07ec872	994301cc5955b19dd303b9042a0045a7	a3b270653bdc426f2db9189f51399ab2
2365	9827f4c2fdf874b6b67e3d29e07ec872	994301cc5955b19dd303b9042a0045a7	a3b270653bdc426f2db9189f51399ab2
2366	30f377af56d930c25677b59cbac4553d	8048b3249de9609050b7bfc4aec30ea7	00768fbc19d15bed5b2c0ff955172de9
2367	30f377af56d930c25677b59cbac4553d	8048b3249de9609050b7bfc4aec30ea7	00768fbc19d15bed5b2c0ff955172de9
2368	30f377af56d930c25677b59cbac4553d	8048b3249de9609050b7bfc4aec30ea7	00768fbc19d15bed5b2c0ff955172de9
2369	30f377af56d930c25677b59cbac4553d	8048b3249de9609050b7bfc4aec30ea7	00768fbc19d15bed5b2c0ff955172de9
2370	30f377af56d930c25677b59cbac4553d	8048b3249de9609050b7bfc4aec30ea7	00768fbc19d15bed5b2c0ff955172de9
2371	30f377af56d930c25677b59cbac4553d	8048b3249de9609050b7bfc4aec30ea7	00768fbc19d15bed5b2c0ff955172de9
2372	30f377af56d930c25677b59cbac4553d	8048b3249de9609050b7bfc4aec30ea7	00768fbc19d15bed5b2c0ff955172de9
2373	312682c4a84c7f505fb35e98214ef153	7cd2624b43210b9c448cbd77a672cdc8	4203eae7273d9d7c6dfbe58e2b524c70
2374	312682c4a84c7f505fb35e98214ef153	7cd2624b43210b9c448cbd77a672cdc8	4203eae7273d9d7c6dfbe58e2b524c70
2375	312682c4a84c7f505fb35e98214ef153	7cd2624b43210b9c448cbd77a672cdc8	4203eae7273d9d7c6dfbe58e2b524c70
2376	312682c4a84c7f505fb35e98214ef153	7cd2624b43210b9c448cbd77a672cdc8	4203eae7273d9d7c6dfbe58e2b524c70
2377	312682c4a84c7f505fb35e98214ef153	7cd2624b43210b9c448cbd77a672cdc8	4203eae7273d9d7c6dfbe58e2b524c70
2378	e9223a720c42352983b0b1290051b99d	04cb79362c2c565d90194d15c3b9b611	6096f5feab98442d40ddb62f7fce06c8
2379	e9223a720c42352983b0b1290051b99d	04cb79362c2c565d90194d15c3b9b611	6096f5feab98442d40ddb62f7fce06c8
2380	e9223a720c42352983b0b1290051b99d	04cb79362c2c565d90194d15c3b9b611	6096f5feab98442d40ddb62f7fce06c8
2381	e9223a720c42352983b0b1290051b99d	04cb79362c2c565d90194d15c3b9b611	6096f5feab98442d40ddb62f7fce06c8
2382	e9223a720c42352983b0b1290051b99d	04cb79362c2c565d90194d15c3b9b611	6096f5feab98442d40ddb62f7fce06c8
2383	e9223a720c42352983b0b1290051b99d	04cb79362c2c565d90194d15c3b9b611	6096f5feab98442d40ddb62f7fce06c8
2384	e9223a720c42352983b0b1290051b99d	04cb79362c2c565d90194d15c3b9b611	6096f5feab98442d40ddb62f7fce06c8
2385	d2f9f0fe2647ead11aaea7e652013698	05097440b2c2764d8ce811791c719f2e	90525bb6a0bc54e20928d69c84bea389
2386	d2f9f0fe2647ead11aaea7e652013698	05097440b2c2764d8ce811791c719f2e	90525bb6a0bc54e20928d69c84bea389
2387	d2f9f0fe2647ead11aaea7e652013698	05097440b2c2764d8ce811791c719f2e	90525bb6a0bc54e20928d69c84bea389
2388	d2f9f0fe2647ead11aaea7e652013698	05097440b2c2764d8ce811791c719f2e	90525bb6a0bc54e20928d69c84bea389
2389	d2f9f0fe2647ead11aaea7e652013698	05097440b2c2764d8ce811791c719f2e	90525bb6a0bc54e20928d69c84bea389
2390	2dfe992331866fff56117d6b336b1fbc	e3d68dfd98b6addb983389213d44ac4e	e2d27b7a9042fecc63d6b45371e958db
2391	40a26de9347b2a6d3d27be302a10ff94	3a69686b94f29f0c7e8fed6e46dc6f8d	15f76b4aaa796c3d130df2c9b0658933
2392	1c24c5bddf8585e5379e8d671beccd18	f4b467a11fe1f8ecb68d1766c8cb6e54	5a7c33e01a70bfdd6ce60be53332607d
2393	1f59c16cef7f380da19f2f10a39f008a	bb5cfdca216a159d08f56035ba29f071	5b5ad577242457ce7a7ef49dc833d0b0
2394	1f59c16cef7f380da19f2f10a39f008a	bb5cfdca216a159d08f56035ba29f071	5b5ad577242457ce7a7ef49dc833d0b0
2395	d7541ce976da1bf4238f77571328437d	9df5fb2cd15470b5d28ad4aaae62a2c2	58d89c709fa60a7389c0f0499c6bd0be
2396	d7541ce976da1bf4238f77571328437d	9df5fb2cd15470b5d28ad4aaae62a2c2	58d89c709fa60a7389c0f0499c6bd0be
2397	d7541ce976da1bf4238f77571328437d	9df5fb2cd15470b5d28ad4aaae62a2c2	58d89c709fa60a7389c0f0499c6bd0be
2398	d7541ce976da1bf4238f77571328437d	9df5fb2cd15470b5d28ad4aaae62a2c2	58d89c709fa60a7389c0f0499c6bd0be
2399	d7541ce976da1bf4238f77571328437d	9df5fb2cd15470b5d28ad4aaae62a2c2	58d89c709fa60a7389c0f0499c6bd0be
2400	d7541ce976da1bf4238f77571328437d	9df5fb2cd15470b5d28ad4aaae62a2c2	58d89c709fa60a7389c0f0499c6bd0be
2401	d7541ce976da1bf4238f77571328437d	9df5fb2cd15470b5d28ad4aaae62a2c2	58d89c709fa60a7389c0f0499c6bd0be
2402	01691aac85184fbdd43df8ddadb1b2cd	4a25261758ec7cfea27c84fcbcad7d5e	40fca01e0afa7e9a0fd61a23fea7a391
2403	01691aac85184fbdd43df8ddadb1b2cd	4a25261758ec7cfea27c84fcbcad7d5e	40fca01e0afa7e9a0fd61a23fea7a391
2404	01691aac85184fbdd43df8ddadb1b2cd	4a25261758ec7cfea27c84fcbcad7d5e	40fca01e0afa7e9a0fd61a23fea7a391
2405	01691aac85184fbdd43df8ddadb1b2cd	4a25261758ec7cfea27c84fcbcad7d5e	40fca01e0afa7e9a0fd61a23fea7a391
2406	01691aac85184fbdd43df8ddadb1b2cd	4a25261758ec7cfea27c84fcbcad7d5e	40fca01e0afa7e9a0fd61a23fea7a391
2407	2a39e2a9dc5b4dd6a0dfdcf0757e9a8d	430069881d34bcb78e13ba18279d5fa9	c945e80fc7dca2732118052c434506e1
2408	2a39e2a9dc5b4dd6a0dfdcf0757e9a8d	430069881d34bcb78e13ba18279d5fa9	c945e80fc7dca2732118052c434506e1
2409	2a39e2a9dc5b4dd6a0dfdcf0757e9a8d	430069881d34bcb78e13ba18279d5fa9	c945e80fc7dca2732118052c434506e1
2410	0e0869296eed900ba93e6861b8eeaa7e	c3dffdc7ada4cecbb7b322444aa48e3d	d6028e87b63df46567e02241f81356b8
2411	0e0869296eed900ba93e6861b8eeaa7e	c3dffdc7ada4cecbb7b322444aa48e3d	d6028e87b63df46567e02241f81356b8
2412	c11286e98773a0757f32f58edb61b08c	00483bf56956896562d56ab4cb34f3f5	165f245054d2ebe2a1ee358c75ca7585
2413	c11286e98773a0757f32f58edb61b08c	00483bf56956896562d56ab4cb34f3f5	165f245054d2ebe2a1ee358c75ca7585
2414	322cc396eec7b0bfa15cde33d8d161c9	6e5143857da1ec6fce014804f5eaea60	32bcc2bedbac94b820f39e088f3bd339
2415	322cc396eec7b0bfa15cde33d8d161c9	6e5143857da1ec6fce014804f5eaea60	32bcc2bedbac94b820f39e088f3bd339
2416	322cc396eec7b0bfa15cde33d8d161c9	6e5143857da1ec6fce014804f5eaea60	32bcc2bedbac94b820f39e088f3bd339
2417	9c578e7eb1165aea29153561361be2c9	bc1eb286857a8778b4b6449da6657701	87c714046f7c9e2a48d5ca743eead69f
2418	322cc396eec7b0bfa15cde33d8d161c9	6e5143857da1ec6fce014804f5eaea60	32bcc2bedbac94b820f39e088f3bd339
2419	f25bc256ecc1807d2962c987be8b9e05	9134b53fde7e17b6ad9c8c75fc0fd510	4673a6dd55a01ae6583d30a1712dd7ce
2420	f25bc256ecc1807d2962c987be8b9e05	9134b53fde7e17b6ad9c8c75fc0fd510	4673a6dd55a01ae6583d30a1712dd7ce
2421	f25bc256ecc1807d2962c987be8b9e05	9134b53fde7e17b6ad9c8c75fc0fd510	4673a6dd55a01ae6583d30a1712dd7ce
2422	f25bc256ecc1807d2962c987be8b9e05	9134b53fde7e17b6ad9c8c75fc0fd510	4673a6dd55a01ae6583d30a1712dd7ce
2423	f25bc256ecc1807d2962c987be8b9e05	9134b53fde7e17b6ad9c8c75fc0fd510	4673a6dd55a01ae6583d30a1712dd7ce
2424	f25bc256ecc1807d2962c987be8b9e05	9134b53fde7e17b6ad9c8c75fc0fd510	4673a6dd55a01ae6583d30a1712dd7ce
2425	f25bc256ecc1807d2962c987be8b9e05	9134b53fde7e17b6ad9c8c75fc0fd510	4673a6dd55a01ae6583d30a1712dd7ce
2426	f25bc256ecc1807d2962c987be8b9e05	9134b53fde7e17b6ad9c8c75fc0fd510	4673a6dd55a01ae6583d30a1712dd7ce
2427	f25bc256ecc1807d2962c987be8b9e05	9134b53fde7e17b6ad9c8c75fc0fd510	4673a6dd55a01ae6583d30a1712dd7ce
2428	f25bc256ecc1807d2962c987be8b9e05	9134b53fde7e17b6ad9c8c75fc0fd510	4673a6dd55a01ae6583d30a1712dd7ce
2429	f25bc256ecc1807d2962c987be8b9e05	9134b53fde7e17b6ad9c8c75fc0fd510	4673a6dd55a01ae6583d30a1712dd7ce
2430	f25bc256ecc1807d2962c987be8b9e05	9134b53fde7e17b6ad9c8c75fc0fd510	4673a6dd55a01ae6583d30a1712dd7ce
2431	224ac3af7c9744c0558ac8db0528b885	c90328cd428b6ccb2993612703bd34ff	fc526f0f585c5fa52f4fc04cd98300ec
2432	224ac3af7c9744c0558ac8db0528b885	c90328cd428b6ccb2993612703bd34ff	fc526f0f585c5fa52f4fc04cd98300ec
2433	224ac3af7c9744c0558ac8db0528b885	c90328cd428b6ccb2993612703bd34ff	fc526f0f585c5fa52f4fc04cd98300ec
2434	224ac3af7c9744c0558ac8db0528b885	c90328cd428b6ccb2993612703bd34ff	fc526f0f585c5fa52f4fc04cd98300ec
2435	224ac3af7c9744c0558ac8db0528b885	c90328cd428b6ccb2993612703bd34ff	fc526f0f585c5fa52f4fc04cd98300ec
2436	149851ae727e5fa7ec95a45001473424	1c983b646cd4dd786e4e1d231bbf8014	e6810651d23ab8da5fdc14c08571e912
2437	149851ae727e5fa7ec95a45001473424	1c983b646cd4dd786e4e1d231bbf8014	e6810651d23ab8da5fdc14c08571e912
2438	149851ae727e5fa7ec95a45001473424	1c983b646cd4dd786e4e1d231bbf8014	e6810651d23ab8da5fdc14c08571e912
2439	149851ae727e5fa7ec95a45001473424	1c983b646cd4dd786e4e1d231bbf8014	e6810651d23ab8da5fdc14c08571e912
2440	149851ae727e5fa7ec95a45001473424	1c983b646cd4dd786e4e1d231bbf8014	e6810651d23ab8da5fdc14c08571e912
2441	149851ae727e5fa7ec95a45001473424	1c983b646cd4dd786e4e1d231bbf8014	e6810651d23ab8da5fdc14c08571e912
2442	149851ae727e5fa7ec95a45001473424	1c983b646cd4dd786e4e1d231bbf8014	e6810651d23ab8da5fdc14c08571e912
2443	149851ae727e5fa7ec95a45001473424	1c983b646cd4dd786e4e1d231bbf8014	e6810651d23ab8da5fdc14c08571e912
2444	149851ae727e5fa7ec95a45001473424	1c983b646cd4dd786e4e1d231bbf8014	e6810651d23ab8da5fdc14c08571e912
2445	149851ae727e5fa7ec95a45001473424	1c983b646cd4dd786e4e1d231bbf8014	e6810651d23ab8da5fdc14c08571e912
2446	149851ae727e5fa7ec95a45001473424	1c983b646cd4dd786e4e1d231bbf8014	e6810651d23ab8da5fdc14c08571e912
2447	149851ae727e5fa7ec95a45001473424	1c983b646cd4dd786e4e1d231bbf8014	e6810651d23ab8da5fdc14c08571e912
2448	3d7ae23461a58df8a48941a5d4ae2ad7	e5a29718e1f0bd755139440702ffd455	e578e3a90fc110dea2897cb775275433
2449	3d7ae23461a58df8a48941a5d4ae2ad7	e5a29718e1f0bd755139440702ffd455	e578e3a90fc110dea2897cb775275433
2450	3d7ae23461a58df8a48941a5d4ae2ad7	e5a29718e1f0bd755139440702ffd455	e578e3a90fc110dea2897cb775275433
2451	3d7ae23461a58df8a48941a5d4ae2ad7	e5a29718e1f0bd755139440702ffd455	e578e3a90fc110dea2897cb775275433
2452	3d7ae23461a58df8a48941a5d4ae2ad7	e5a29718e1f0bd755139440702ffd455	e578e3a90fc110dea2897cb775275433
2453	3d7ae23461a58df8a48941a5d4ae2ad7	e5a29718e1f0bd755139440702ffd455	e578e3a90fc110dea2897cb775275433
2454	3d7ae23461a58df8a48941a5d4ae2ad7	e5a29718e1f0bd755139440702ffd455	e578e3a90fc110dea2897cb775275433
2455	2c8edf30cbce92356e0417e6c19f3ba4	ba336501b98f9480a7c933612c5b0082	add8f7d7ad8ce17b1cc786464931d96d
2456	2c8edf30cbce92356e0417e6c19f3ba4	ba336501b98f9480a7c933612c5b0082	add8f7d7ad8ce17b1cc786464931d96d
2457	2c8edf30cbce92356e0417e6c19f3ba4	ba336501b98f9480a7c933612c5b0082	add8f7d7ad8ce17b1cc786464931d96d
2458	884470dc10442c6477a7ab7b83c3cd9b	33293a22741c835aace9b553dcdf63e6	720b1053d8025c7e04df9d84b14edcd9
2459	d496577117de1074256d01323154aeca	904079a096c30e3af67c519191269824	3a39c4c4fd925530ecedb03d725ccc0a
2460	2c8edf30cbce92356e0417e6c19f3ba4	ba336501b98f9480a7c933612c5b0082	add8f7d7ad8ce17b1cc786464931d96d
2461	2c8edf30cbce92356e0417e6c19f3ba4	ba336501b98f9480a7c933612c5b0082	add8f7d7ad8ce17b1cc786464931d96d
2462	2c8edf30cbce92356e0417e6c19f3ba4	ba336501b98f9480a7c933612c5b0082	add8f7d7ad8ce17b1cc786464931d96d
2463	8a19d18a3df38702ed6df8343d7d6bdf	fa4649eca68b3366489571f66a0fc3b0	d287f0bba878222d9b5e988879eb0fb6
2464	2c957c45a0178b3304b8a8c6e5b6fb9e	cc03ddd8501db877dae604f5f4041d69	c414282b81820dcb1964cc6f0afa7769
2465	5942dbf3797ce06f23b689f4dea04327	6ecc76e3c2003e224a4bcba86e0617dc	1044dba92d84ebbd2c64c2ef8ebdbf30
2466	5942dbf3797ce06f23b689f4dea04327	6ecc76e3c2003e224a4bcba86e0617dc	1044dba92d84ebbd2c64c2ef8ebdbf30
2467	5942dbf3797ce06f23b689f4dea04327	6ecc76e3c2003e224a4bcba86e0617dc	1044dba92d84ebbd2c64c2ef8ebdbf30
2468	5942dbf3797ce06f23b689f4dea04327	6ecc76e3c2003e224a4bcba86e0617dc	1044dba92d84ebbd2c64c2ef8ebdbf30
2469	5942dbf3797ce06f23b689f4dea04327	6ecc76e3c2003e224a4bcba86e0617dc	1044dba92d84ebbd2c64c2ef8ebdbf30
2470	5942dbf3797ce06f23b689f4dea04327	6ecc76e3c2003e224a4bcba86e0617dc	1044dba92d84ebbd2c64c2ef8ebdbf30
2471	5942dbf3797ce06f23b689f4dea04327	6ecc76e3c2003e224a4bcba86e0617dc	1044dba92d84ebbd2c64c2ef8ebdbf30
2472	4a9700e70bb8d57efd7202f394c8c506	16c5c6263b643476ceac409514d82749	c8ec9b1f70c5526057c5c8f58d91c977
2473	4a9700e70bb8d57efd7202f394c8c506	ddba092c4c263236e5d97689d311deb5	db3d72b4c06be1461086a42347f16c67
2474	50229bf06bb315151b4649a848b6c1b4	48bf663ad5ae3688c2b7d09d1384a5b9	ce12f6f77bf8005f59230c163977d269
2475	f3872a4aedc26d224f3bdd7500394254	8ae078d1f7d6d8dcbf5049af7f672f90	cb63b2a05096ef48af1b68bcb40c555a
2476	2704a8f3b55fd760897f25a79d1ca6ad	90033a56aedb4d117b18e9b7ad493342	149cacd9597a3c8de85f13992d6d8420
2477	081f8a9039b7292fe6a2e9d7cd622931	184ec6caa1d30ae87554db939c9f5ca2	c3848d6a479caec76594397f0e84143d
2478	081f8a9039b7292fe6a2e9d7cd622931	184ec6caa1d30ae87554db939c9f5ca2	c3848d6a479caec76594397f0e84143d
2479	081f8a9039b7292fe6a2e9d7cd622931	184ec6caa1d30ae87554db939c9f5ca2	c3848d6a479caec76594397f0e84143d
2480	081f8a9039b7292fe6a2e9d7cd622931	184ec6caa1d30ae87554db939c9f5ca2	c3848d6a479caec76594397f0e84143d
2481	081f8a9039b7292fe6a2e9d7cd622931	184ec6caa1d30ae87554db939c9f5ca2	c3848d6a479caec76594397f0e84143d
2482	081f8a9039b7292fe6a2e9d7cd622931	184ec6caa1d30ae87554db939c9f5ca2	c3848d6a479caec76594397f0e84143d
2483	081f8a9039b7292fe6a2e9d7cd622931	184ec6caa1d30ae87554db939c9f5ca2	c3848d6a479caec76594397f0e84143d
2484	081f8a9039b7292fe6a2e9d7cd622931	184ec6caa1d30ae87554db939c9f5ca2	c3848d6a479caec76594397f0e84143d
2485	081f8a9039b7292fe6a2e9d7cd622931	184ec6caa1d30ae87554db939c9f5ca2	c3848d6a479caec76594397f0e84143d
2486	081f8a9039b7292fe6a2e9d7cd622931	184ec6caa1d30ae87554db939c9f5ca2	c3848d6a479caec76594397f0e84143d
2487	081f8a9039b7292fe6a2e9d7cd622931	184ec6caa1d30ae87554db939c9f5ca2	c3848d6a479caec76594397f0e84143d
2488	081f8a9039b7292fe6a2e9d7cd622931	184ec6caa1d30ae87554db939c9f5ca2	c3848d6a479caec76594397f0e84143d
2489	081f8a9039b7292fe6a2e9d7cd622931	184ec6caa1d30ae87554db939c9f5ca2	c3848d6a479caec76594397f0e84143d
2490	081f8a9039b7292fe6a2e9d7cd622931	184ec6caa1d30ae87554db939c9f5ca2	c3848d6a479caec76594397f0e84143d
2491	081f8a9039b7292fe6a2e9d7cd622931	184ec6caa1d30ae87554db939c9f5ca2	c3848d6a479caec76594397f0e84143d
2492	081f8a9039b7292fe6a2e9d7cd622931	184ec6caa1d30ae87554db939c9f5ca2	c3848d6a479caec76594397f0e84143d
2493	081f8a9039b7292fe6a2e9d7cd622931	184ec6caa1d30ae87554db939c9f5ca2	c3848d6a479caec76594397f0e84143d
2494	456c306a826c9f93174285260251d25c	452f01d3a86fd63c3fe188d17a7169a4	497c5bdf97f12752f905897a8539f4da
2495	456c306a826c9f93174285260251d25c	452f01d3a86fd63c3fe188d17a7169a4	497c5bdf97f12752f905897a8539f4da
2496	456c306a826c9f93174285260251d25c	452f01d3a86fd63c3fe188d17a7169a4	497c5bdf97f12752f905897a8539f4da
2497	f7caadca99386658644349a59a02ddde	203c0f685280bac7a05a0b424a5d6c08	5c7b62624bdda05427b283e274d28752
2498	f7caadca99386658644349a59a02ddde	203c0f685280bac7a05a0b424a5d6c08	5c7b62624bdda05427b283e274d28752
2499	26bba8debe35b079f7078e9ced11c842	f34afba576c753a5254e9a37428c4310	426cd05361937d43a68b97051a88905a
2500	26bba8debe35b079f7078e9ced11c842	f34afba576c753a5254e9a37428c4310	426cd05361937d43a68b97051a88905a
2501	a49767e8a59ea8c1b45d93463e5e23f8	21ade8148f56d547e48e40d6cf863421	026745764f649978857e2f7a622d6501
2502	a49767e8a59ea8c1b45d93463e5e23f8	21ade8148f56d547e48e40d6cf863421	026745764f649978857e2f7a622d6501
2503	a49767e8a59ea8c1b45d93463e5e23f8	21ade8148f56d547e48e40d6cf863421	026745764f649978857e2f7a622d6501
2504	a49767e8a59ea8c1b45d93463e5e23f8	21ade8148f56d547e48e40d6cf863421	026745764f649978857e2f7a622d6501
2505	a49767e8a59ea8c1b45d93463e5e23f8	21ade8148f56d547e48e40d6cf863421	026745764f649978857e2f7a622d6501
2506	0889019a109203019260c2c201259b77	386e3462aa19486d405151e8f80ea6ea	d8489764d7327c3adaa294b5e7fa1d64
2507	0889019a109203019260c2c201259b77	386e3462aa19486d405151e8f80ea6ea	d8489764d7327c3adaa294b5e7fa1d64
2508	0889019a109203019260c2c201259b77	386e3462aa19486d405151e8f80ea6ea	d8489764d7327c3adaa294b5e7fa1d64
2509	0889019a109203019260c2c201259b77	386e3462aa19486d405151e8f80ea6ea	d8489764d7327c3adaa294b5e7fa1d64
2510	0889019a109203019260c2c201259b77	386e3462aa19486d405151e8f80ea6ea	d8489764d7327c3adaa294b5e7fa1d64
2511	0889019a109203019260c2c201259b77	386e3462aa19486d405151e8f80ea6ea	d8489764d7327c3adaa294b5e7fa1d64
2512	0889019a109203019260c2c201259b77	386e3462aa19486d405151e8f80ea6ea	d8489764d7327c3adaa294b5e7fa1d64
2513	3553743dc3e907fc4258e2bf8dfc32c7	9905a37aec5909d1a8c9bb16beca809e	f4387eeac68f1cb432d95ff315f59499
2514	3553743dc3e907fc4258e2bf8dfc32c7	9905a37aec5909d1a8c9bb16beca809e	f4387eeac68f1cb432d95ff315f59499
2515	3553743dc3e907fc4258e2bf8dfc32c7	9905a37aec5909d1a8c9bb16beca809e	f4387eeac68f1cb432d95ff315f59499
2516	3553743dc3e907fc4258e2bf8dfc32c7	9905a37aec5909d1a8c9bb16beca809e	f4387eeac68f1cb432d95ff315f59499
2517	3553743dc3e907fc4258e2bf8dfc32c7	9905a37aec5909d1a8c9bb16beca809e	f4387eeac68f1cb432d95ff315f59499
2518	f7a0bb407eca4321a1cb3964056ee57e	1f41da79f7d87ba6020c38825c21e1eb	a5920785cf4c25f33b80232af1a79729
2519	f7a0bb407eca4321a1cb3964056ee57e	1f41da79f7d87ba6020c38825c21e1eb	a5920785cf4c25f33b80232af1a79729
2520	f7a0bb407eca4321a1cb3964056ee57e	1f41da79f7d87ba6020c38825c21e1eb	a5920785cf4c25f33b80232af1a79729
2521	f7a0bb407eca4321a1cb3964056ee57e	1f41da79f7d87ba6020c38825c21e1eb	a5920785cf4c25f33b80232af1a79729
2522	f7a0bb407eca4321a1cb3964056ee57e	1f41da79f7d87ba6020c38825c21e1eb	a5920785cf4c25f33b80232af1a79729
2523	f7a0bb407eca4321a1cb3964056ee57e	1f41da79f7d87ba6020c38825c21e1eb	a5920785cf4c25f33b80232af1a79729
2524	f7a0bb407eca4321a1cb3964056ee57e	1f41da79f7d87ba6020c38825c21e1eb	a5920785cf4c25f33b80232af1a79729
2525	290c479e3169aa5c548a0a6d0df98bb1	7370cff6c6f4c35ca9fb7d9bc8550879	05a35aab81876d944197c0bdef59d059
2526	290c479e3169aa5c548a0a6d0df98bb1	7370cff6c6f4c35ca9fb7d9bc8550879	05a35aab81876d944197c0bdef59d059
2527	290c479e3169aa5c548a0a6d0df98bb1	7370cff6c6f4c35ca9fb7d9bc8550879	05a35aab81876d944197c0bdef59d059
2528	290c479e3169aa5c548a0a6d0df98bb1	7370cff6c6f4c35ca9fb7d9bc8550879	05a35aab81876d944197c0bdef59d059
2529	290c479e3169aa5c548a0a6d0df98bb1	7370cff6c6f4c35ca9fb7d9bc8550879	05a35aab81876d944197c0bdef59d059
2530	986eaddd4ecb59f0905dfc99699d3451	d6890eb3079418d5a04a0be62ba2be2b	c8517bd99361ffefffad7e63f2077edc
2531	986eaddd4ecb59f0905dfc99699d3451	d6890eb3079418d5a04a0be62ba2be2b	c8517bd99361ffefffad7e63f2077edc
2532	986eaddd4ecb59f0905dfc99699d3451	d6890eb3079418d5a04a0be62ba2be2b	c8517bd99361ffefffad7e63f2077edc
2533	d335c62b543a58f9f7ab8727ea83e7ba	c933a798d8a6e015a594802611a45375	518af608c1423a88461b4434dad97d91
2534	25fdc484d1a05f6101f44bdb89cf09fa	f25adbf8216fc0c9185960c4d42bfb89	f2dfb3287a932920ba69f17ec8a38264
2535	ad9deb432d4320f06d5f4ff7c0b57f69	1dd533bde34e659399c86f82ce239f37	d46094bcefedbadd4ddf255535fb5d4a
2536	ad9deb432d4320f06d5f4ff7c0b57f69	1dd533bde34e659399c86f82ce239f37	d46094bcefedbadd4ddf255535fb5d4a
2537	ad9deb432d4320f06d5f4ff7c0b57f69	1dd533bde34e659399c86f82ce239f37	d46094bcefedbadd4ddf255535fb5d4a
2538	8ccf730967d91f047726a1dd37c71a14	e763c06c1cac2b850490fc701e3b76c8	c86e86be42274a8bf1da7842314b82f2
2539	8ccf730967d91f047726a1dd37c71a14	e763c06c1cac2b850490fc701e3b76c8	c86e86be42274a8bf1da7842314b82f2
2540	62b31b03be9331fcac77bee7d8c37e9b	a8fecb2239176cddcd446d3469bc3f73	385e23c8ab20f95fa1725c861f1a084f
2541	62b31b03be9331fcac77bee7d8c37e9b	62f675e0d77bd50212b444f6c1538890	7e7a86fbf55417b9a3d63e478f42897a
2542	8e5770977ba4d2964f34e91fed5f53eb	bde0a468b242d8e00f5db9044748e51b	6407e918c5cf0afaded6f2c5137a6cab
2543	8e5770977ba4d2964f34e91fed5f53eb	bde0a468b242d8e00f5db9044748e51b	6407e918c5cf0afaded6f2c5137a6cab
2544	8e5770977ba4d2964f34e91fed5f53eb	bde0a468b242d8e00f5db9044748e51b	6407e918c5cf0afaded6f2c5137a6cab
2545	8e5770977ba4d2964f34e91fed5f53eb	bde0a468b242d8e00f5db9044748e51b	6407e918c5cf0afaded6f2c5137a6cab
2546	8e5770977ba4d2964f34e91fed5f53eb	bde0a468b242d8e00f5db9044748e51b	6407e918c5cf0afaded6f2c5137a6cab
2547	93c65996003dec0ba87a13c5f46481d4	dd3aa94f34bac887b5dca22cbae25fba	765532b8b868e394607fbd0dd2a1309b
2548	93c65996003dec0ba87a13c5f46481d4	dd3aa94f34bac887b5dca22cbae25fba	765532b8b868e394607fbd0dd2a1309b
2549	93c65996003dec0ba87a13c5f46481d4	dd3aa94f34bac887b5dca22cbae25fba	765532b8b868e394607fbd0dd2a1309b
2550	93c65996003dec0ba87a13c5f46481d4	dd3aa94f34bac887b5dca22cbae25fba	765532b8b868e394607fbd0dd2a1309b
2551	93c65996003dec0ba87a13c5f46481d4	dd3aa94f34bac887b5dca22cbae25fba	765532b8b868e394607fbd0dd2a1309b
2552	93c65996003dec0ba87a13c5f46481d4	dd3aa94f34bac887b5dca22cbae25fba	765532b8b868e394607fbd0dd2a1309b
2553	93c65996003dec0ba87a13c5f46481d4	dd3aa94f34bac887b5dca22cbae25fba	765532b8b868e394607fbd0dd2a1309b
2554	4192238e94aaf1e5a401e557d598b2b6	098f085fbfe8444dee9ac24ea50eead1	9af4a477e571a1626a9b9f0f0c46055b
2555	4192238e94aaf1e5a401e557d598b2b6	098f085fbfe8444dee9ac24ea50eead1	9af4a477e571a1626a9b9f0f0c46055b
2556	4192238e94aaf1e5a401e557d598b2b6	098f085fbfe8444dee9ac24ea50eead1	9af4a477e571a1626a9b9f0f0c46055b
2557	4192238e94aaf1e5a401e557d598b2b6	098f085fbfe8444dee9ac24ea50eead1	9af4a477e571a1626a9b9f0f0c46055b
2558	4192238e94aaf1e5a401e557d598b2b6	098f085fbfe8444dee9ac24ea50eead1	9af4a477e571a1626a9b9f0f0c46055b
2559	4192238e94aaf1e5a401e557d598b2b6	098f085fbfe8444dee9ac24ea50eead1	9af4a477e571a1626a9b9f0f0c46055b
2560	4192238e94aaf1e5a401e557d598b2b6	098f085fbfe8444dee9ac24ea50eead1	9af4a477e571a1626a9b9f0f0c46055b
2561	4192238e94aaf1e5a401e557d598b2b6	098f085fbfe8444dee9ac24ea50eead1	9af4a477e571a1626a9b9f0f0c46055b
2562	4192238e94aaf1e5a401e557d598b2b6	098f085fbfe8444dee9ac24ea50eead1	9af4a477e571a1626a9b9f0f0c46055b
2563	4192238e94aaf1e5a401e557d598b2b6	098f085fbfe8444dee9ac24ea50eead1	9af4a477e571a1626a9b9f0f0c46055b
2564	e3921401a1573f20e14089552e0d2070	c958b687adfb98f76c4250981496612a	edbe78d8b7118ee486643e086589b9c5
2565	e3921401a1573f20e14089552e0d2070	c958b687adfb98f76c4250981496612a	edbe78d8b7118ee486643e086589b9c5
2566	e3921401a1573f20e14089552e0d2070	c958b687adfb98f76c4250981496612a	edbe78d8b7118ee486643e086589b9c5
2567	e3921401a1573f20e14089552e0d2070	c958b687adfb98f76c4250981496612a	edbe78d8b7118ee486643e086589b9c5
2568	e3921401a1573f20e14089552e0d2070	c958b687adfb98f76c4250981496612a	edbe78d8b7118ee486643e086589b9c5
2569	e3921401a1573f20e14089552e0d2070	c958b687adfb98f76c4250981496612a	edbe78d8b7118ee486643e086589b9c5
2570	e3921401a1573f20e14089552e0d2070	c958b687adfb98f76c4250981496612a	edbe78d8b7118ee486643e086589b9c5
2571	0ad4e6743cfcbb0105009ad27c0c4569	6494c0875ba04d7fa4826cef8f3b4234	90d613151ce36b8dfe085c1a4cab6760
2572	0ad4e6743cfcbb0105009ad27c0c4569	6494c0875ba04d7fa4826cef8f3b4234	90d613151ce36b8dfe085c1a4cab6760
2573	0ad4e6743cfcbb0105009ad27c0c4569	6494c0875ba04d7fa4826cef8f3b4234	90d613151ce36b8dfe085c1a4cab6760
2574	b2421a9d77f6fd7e0d1fef580dd04399	1dd535d39fe21e37473c9c5b4493182f	4f43a34ca3ae2046419702e468e85564
2575	b2421a9d77f6fd7e0d1fef580dd04399	1dd535d39fe21e37473c9c5b4493182f	4f43a34ca3ae2046419702e468e85564
2576	688bf3d3a55bffac36b0bc79955284b5	159a166f32a06bd6c35fcd1f8905f182	d275476a9ca2ce0f93f3ab2d793b41f8
2577	688bf3d3a55bffac36b0bc79955284b5	159a166f32a06bd6c35fcd1f8905f182	d275476a9ca2ce0f93f3ab2d793b41f8
2578	688bf3d3a55bffac36b0bc79955284b5	159a166f32a06bd6c35fcd1f8905f182	d275476a9ca2ce0f93f3ab2d793b41f8
2579	688bf3d3a55bffac36b0bc79955284b5	159a166f32a06bd6c35fcd1f8905f182	d275476a9ca2ce0f93f3ab2d793b41f8
2580	688bf3d3a55bffac36b0bc79955284b5	159a166f32a06bd6c35fcd1f8905f182	d275476a9ca2ce0f93f3ab2d793b41f8
2581	688bf3d3a55bffac36b0bc79955284b5	159a166f32a06bd6c35fcd1f8905f182	d275476a9ca2ce0f93f3ab2d793b41f8
2582	688bf3d3a55bffac36b0bc79955284b5	159a166f32a06bd6c35fcd1f8905f182	d275476a9ca2ce0f93f3ab2d793b41f8
2583	55f93259e92bb016238811df88c0d7bf	c7457ecfa41119d711f91c92492ec587	7b6829c16243891c385964abfd80d3a4
2584	55f93259e92bb016238811df88c0d7bf	c7457ecfa41119d711f91c92492ec587	7b6829c16243891c385964abfd80d3a4
2585	55f93259e92bb016238811df88c0d7bf	c7457ecfa41119d711f91c92492ec587	7b6829c16243891c385964abfd80d3a4
2586	55f93259e92bb016238811df88c0d7bf	c7457ecfa41119d711f91c92492ec587	7b6829c16243891c385964abfd80d3a4
2587	55f93259e92bb016238811df88c0d7bf	c7457ecfa41119d711f91c92492ec587	7b6829c16243891c385964abfd80d3a4
2588	390543bf38f53591d53876701bed7dd0	f1d814e1c0f7c852d8f24395b04d2d57	b55fabad3546a757f73628173d6c3a0b
2589	390543bf38f53591d53876701bed7dd0	f1d814e1c0f7c852d8f24395b04d2d57	b55fabad3546a757f73628173d6c3a0b
2590	390543bf38f53591d53876701bed7dd0	f1d814e1c0f7c852d8f24395b04d2d57	b55fabad3546a757f73628173d6c3a0b
2591	390543bf38f53591d53876701bed7dd0	f1d814e1c0f7c852d8f24395b04d2d57	b55fabad3546a757f73628173d6c3a0b
2592	390543bf38f53591d53876701bed7dd0	f1d814e1c0f7c852d8f24395b04d2d57	b55fabad3546a757f73628173d6c3a0b
2593	390543bf38f53591d53876701bed7dd0	f1d814e1c0f7c852d8f24395b04d2d57	b55fabad3546a757f73628173d6c3a0b
2594	390543bf38f53591d53876701bed7dd0	f1d814e1c0f7c852d8f24395b04d2d57	b55fabad3546a757f73628173d6c3a0b
2595	390543bf38f53591d53876701bed7dd0	f1d814e1c0f7c852d8f24395b04d2d57	b55fabad3546a757f73628173d6c3a0b
2596	390543bf38f53591d53876701bed7dd0	f1d814e1c0f7c852d8f24395b04d2d57	b55fabad3546a757f73628173d6c3a0b
2597	390543bf38f53591d53876701bed7dd0	f1d814e1c0f7c852d8f24395b04d2d57	b55fabad3546a757f73628173d6c3a0b
2598	390543bf38f53591d53876701bed7dd0	f1d814e1c0f7c852d8f24395b04d2d57	b55fabad3546a757f73628173d6c3a0b
2599	390543bf38f53591d53876701bed7dd0	f1d814e1c0f7c852d8f24395b04d2d57	b55fabad3546a757f73628173d6c3a0b
2600	390543bf38f53591d53876701bed7dd0	f1d814e1c0f7c852d8f24395b04d2d57	b55fabad3546a757f73628173d6c3a0b
2601	390543bf38f53591d53876701bed7dd0	f1d814e1c0f7c852d8f24395b04d2d57	b55fabad3546a757f73628173d6c3a0b
2602	390543bf38f53591d53876701bed7dd0	f1d814e1c0f7c852d8f24395b04d2d57	b55fabad3546a757f73628173d6c3a0b
2603	390543bf38f53591d53876701bed7dd0	f1d814e1c0f7c852d8f24395b04d2d57	b55fabad3546a757f73628173d6c3a0b
2604	390543bf38f53591d53876701bed7dd0	f1d814e1c0f7c852d8f24395b04d2d57	b55fabad3546a757f73628173d6c3a0b
2605	7adbeed355fafc72e160586ea9dc4daf	b74ca7cdff99b4e1b62988cd777bdb43	78c03910e769e4ac59db3c13e6aed001
2606	7adbeed355fafc72e160586ea9dc4daf	b74ca7cdff99b4e1b62988cd777bdb43	78c03910e769e4ac59db3c13e6aed001
2607	7adbeed355fafc72e160586ea9dc4daf	b74ca7cdff99b4e1b62988cd777bdb43	78c03910e769e4ac59db3c13e6aed001
2608	7adbeed355fafc72e160586ea9dc4daf	b74ca7cdff99b4e1b62988cd777bdb43	78c03910e769e4ac59db3c13e6aed001
2609	7adbeed355fafc72e160586ea9dc4daf	b74ca7cdff99b4e1b62988cd777bdb43	78c03910e769e4ac59db3c13e6aed001
2610	7adbeed355fafc72e160586ea9dc4daf	b74ca7cdff99b4e1b62988cd777bdb43	78c03910e769e4ac59db3c13e6aed001
2611	7adbeed355fafc72e160586ea9dc4daf	b74ca7cdff99b4e1b62988cd777bdb43	78c03910e769e4ac59db3c13e6aed001
2612	c201ee09cf685b018ab5df7f9eada729	c9d34dd34dfd34b0cf5c409333fb2c7a	c40197ebf06c21e92128dfd16fbdd303
2613	c201ee09cf685b018ab5df7f9eada729	c9d34dd34dfd34b0cf5c409333fb2c7a	c40197ebf06c21e92128dfd16fbdd303
2614	c201ee09cf685b018ab5df7f9eada729	c9d34dd34dfd34b0cf5c409333fb2c7a	c40197ebf06c21e92128dfd16fbdd303
2615	662b19e93c4d6bcd06a36b11e1fb6c24	9a988bb4cb3591af5bd4c6de8a8603ae	f009e0b745e097826e629a194efb63f8
2616	662b19e93c4d6bcd06a36b11e1fb6c24	9a988bb4cb3591af5bd4c6de8a8603ae	f009e0b745e097826e629a194efb63f8
2617	4532cd45ff7d7a7925f50704687c54b9	25d81d0b934a5086d7ab0142bb48a4f1	fa45418f5fd2a86acad37cd61d47a212
2618	977ce5cbb2e4163e73b59ca9848714f9	95de2877fbd1f970a6e3ba4f5a2fbbe7	68927fffdae0cc668156595cdac26018
2619	977ce5cbb2e4163e73b59ca9848714f9	95de2877fbd1f970a6e3ba4f5a2fbbe7	68927fffdae0cc668156595cdac26018
2620	4532cd45ff7d7a7925f50704687c54b9	25d81d0b934a5086d7ab0142bb48a4f1	fa45418f5fd2a86acad37cd61d47a212
2621	4532cd45ff7d7a7925f50704687c54b9	25d81d0b934a5086d7ab0142bb48a4f1	fa45418f5fd2a86acad37cd61d47a212
2622	4532cd45ff7d7a7925f50704687c54b9	25d81d0b934a5086d7ab0142bb48a4f1	fa45418f5fd2a86acad37cd61d47a212
2623	4532cd45ff7d7a7925f50704687c54b9	25d81d0b934a5086d7ab0142bb48a4f1	fa45418f5fd2a86acad37cd61d47a212
2624	ddc99b84799554bfbe0997556caeaf55	0dca04dea978762135152c51c0904166	f9eeb72b5ee6921a1c20b88e3250c205
2625	ddc99b84799554bfbe0997556caeaf55	0dca04dea978762135152c51c0904166	f9eeb72b5ee6921a1c20b88e3250c205
2626	ddc99b84799554bfbe0997556caeaf55	0dca04dea978762135152c51c0904166	f9eeb72b5ee6921a1c20b88e3250c205
2627	ddc99b84799554bfbe0997556caeaf55	0dca04dea978762135152c51c0904166	f9eeb72b5ee6921a1c20b88e3250c205
2628	ddc99b84799554bfbe0997556caeaf55	0dca04dea978762135152c51c0904166	f9eeb72b5ee6921a1c20b88e3250c205
2629	85687f1dd2b60c712bb77766682f3f48	0b96427bade846d6e1f8192dd8321056	debaf55e3f685259eee21e351fe8e523
2630	85687f1dd2b60c712bb77766682f3f48	0b96427bade846d6e1f8192dd8321056	debaf55e3f685259eee21e351fe8e523
2631	85687f1dd2b60c712bb77766682f3f48	0b96427bade846d6e1f8192dd8321056	debaf55e3f685259eee21e351fe8e523
2632	85687f1dd2b60c712bb77766682f3f48	0b96427bade846d6e1f8192dd8321056	debaf55e3f685259eee21e351fe8e523
2633	85687f1dd2b60c712bb77766682f3f48	0b96427bade846d6e1f8192dd8321056	debaf55e3f685259eee21e351fe8e523
2634	98563d7dca317f24161a8d7536968ac1	584bd59031c89e9fb91fbbf6eede7abd	19895d946cd5df477c0f201a3beb570b
2635	98563d7dca317f24161a8d7536968ac1	584bd59031c89e9fb91fbbf6eede7abd	19895d946cd5df477c0f201a3beb570b
2636	98563d7dca317f24161a8d7536968ac1	584bd59031c89e9fb91fbbf6eede7abd	19895d946cd5df477c0f201a3beb570b
2637	98563d7dca317f24161a8d7536968ac1	584bd59031c89e9fb91fbbf6eede7abd	19895d946cd5df477c0f201a3beb570b
2638	98563d7dca317f24161a8d7536968ac1	584bd59031c89e9fb91fbbf6eede7abd	19895d946cd5df477c0f201a3beb570b
2639	98563d7dca317f24161a8d7536968ac1	584bd59031c89e9fb91fbbf6eede7abd	19895d946cd5df477c0f201a3beb570b
2640	98563d7dca317f24161a8d7536968ac1	584bd59031c89e9fb91fbbf6eede7abd	19895d946cd5df477c0f201a3beb570b
2641	c5217284e703e42036d43cf23b47f283	1e1a86741d629efaa4a9f6c432f740fc	eca862ac685ce89f2dae87fd88643c2b
2642	cee95516bfe5114d6392d96ffd7e8688	3c1af0ba4ae3af475b23aba0cc1c57ba	2d4f7ab51f998d531b4ac50ba4b00759
2643	cee95516bfe5114d6392d96ffd7e8688	3c1af0ba4ae3af475b23aba0cc1c57ba	2d4f7ab51f998d531b4ac50ba4b00759
2644	fa3dbd0e3e94d7ea7f33383957e4c30c	4a9f6808c0d0be0106a2c224e05b1121	a067de2f22fb34fec66c6139b17bd4a1
2645	fa3dbd0e3e94d7ea7f33383957e4c30c	4a9f6808c0d0be0106a2c224e05b1121	a067de2f22fb34fec66c6139b17bd4a1
2646	9c989e42caeb2039e591b01183dc74d5	182f805b2b9b93de18afd7a6da45ee05	580c2eabfbe3d72b38fef2191d24c837
2647	9c989e42caeb2039e591b01183dc74d5	182f805b2b9b93de18afd7a6da45ee05	580c2eabfbe3d72b38fef2191d24c837
2648	9c989e42caeb2039e591b01183dc74d5	182f805b2b9b93de18afd7a6da45ee05	580c2eabfbe3d72b38fef2191d24c837
2649	9c989e42caeb2039e591b01183dc74d5	182f805b2b9b93de18afd7a6da45ee05	580c2eabfbe3d72b38fef2191d24c837
2650	9c989e42caeb2039e591b01183dc74d5	182f805b2b9b93de18afd7a6da45ee05	580c2eabfbe3d72b38fef2191d24c837
2651	9c989e42caeb2039e591b01183dc74d5	182f805b2b9b93de18afd7a6da45ee05	580c2eabfbe3d72b38fef2191d24c837
2652	9c989e42caeb2039e591b01183dc74d5	182f805b2b9b93de18afd7a6da45ee05	580c2eabfbe3d72b38fef2191d24c837
2653	fae447ce0fb02d9b3a0aa548fee70c06	b97d2605e0c46ea87192f561c536cb1b	5ae51e26f45971fd8388df2b47e8ce02
2654	fae447ce0fb02d9b3a0aa548fee70c06	b97d2605e0c46ea87192f561c536cb1b	5ae51e26f45971fd8388df2b47e8ce02
2655	fae447ce0fb02d9b3a0aa548fee70c06	b97d2605e0c46ea87192f561c536cb1b	5ae51e26f45971fd8388df2b47e8ce02
2656	fae447ce0fb02d9b3a0aa548fee70c06	b97d2605e0c46ea87192f561c536cb1b	5ae51e26f45971fd8388df2b47e8ce02
2657	fae447ce0fb02d9b3a0aa548fee70c06	b97d2605e0c46ea87192f561c536cb1b	5ae51e26f45971fd8388df2b47e8ce02
2658	ea2d1ce4a4913b98447e644f61f53fb2	b41fa2d592635f300b2ddac5505a9956	3094d8b3ac393332fe3d9f9b479525eb
2659	ea2d1ce4a4913b98447e644f61f53fb2	b41fa2d592635f300b2ddac5505a9956	3094d8b3ac393332fe3d9f9b479525eb
2660	ea2d1ce4a4913b98447e644f61f53fb2	b41fa2d592635f300b2ddac5505a9956	3094d8b3ac393332fe3d9f9b479525eb
2661	ea2d1ce4a4913b98447e644f61f53fb2	b41fa2d592635f300b2ddac5505a9956	3094d8b3ac393332fe3d9f9b479525eb
2662	ea2d1ce4a4913b98447e644f61f53fb2	b41fa2d592635f300b2ddac5505a9956	3094d8b3ac393332fe3d9f9b479525eb
2663	ea2d1ce4a4913b98447e644f61f53fb2	b41fa2d592635f300b2ddac5505a9956	3094d8b3ac393332fe3d9f9b479525eb
2664	ea2d1ce4a4913b98447e644f61f53fb2	b41fa2d592635f300b2ddac5505a9956	3094d8b3ac393332fe3d9f9b479525eb
2665	62b9aef425b9a543c302bdba18cfb900	2377f70bf9fa89f0d40589ba8686bfc9	f81c36993e66653d48e50b8665c018f0
2666	62b9aef425b9a543c302bdba18cfb900	2377f70bf9fa89f0d40589ba8686bfc9	f81c36993e66653d48e50b8665c018f0
2667	62b9aef425b9a543c302bdba18cfb900	2377f70bf9fa89f0d40589ba8686bfc9	f81c36993e66653d48e50b8665c018f0
2668	62b9aef425b9a543c302bdba18cfb900	2377f70bf9fa89f0d40589ba8686bfc9	f81c36993e66653d48e50b8665c018f0
2669	62b9aef425b9a543c302bdba18cfb900	2377f70bf9fa89f0d40589ba8686bfc9	f81c36993e66653d48e50b8665c018f0
2670	16ae26a22a8404e9bc0d833315e0d56b	ddf07243ff443d17d4c069e0317a23c4	34fa96a231b951ba1072dc0020337a79
2671	16ae26a22a8404e9bc0d833315e0d56b	ddf07243ff443d17d4c069e0317a23c4	34fa96a231b951ba1072dc0020337a79
2672	16ae26a22a8404e9bc0d833315e0d56b	ddf07243ff443d17d4c069e0317a23c4	34fa96a231b951ba1072dc0020337a79
2673	16ae26a22a8404e9bc0d833315e0d56b	ddf07243ff443d17d4c069e0317a23c4	34fa96a231b951ba1072dc0020337a79
2674	16ae26a22a8404e9bc0d833315e0d56b	ddf07243ff443d17d4c069e0317a23c4	34fa96a231b951ba1072dc0020337a79
2675	6a192137102cba1f6cc98730a6764ffc	9d0a3a16f9af24182b2f34b58076ab6e	b0cac1df8ab2d3464b0bead0417791a9
2676	6a192137102cba1f6cc98730a6764ffc	9d0a3a16f9af24182b2f34b58076ab6e	b0cac1df8ab2d3464b0bead0417791a9
2677	6a192137102cba1f6cc98730a6764ffc	9d0a3a16f9af24182b2f34b58076ab6e	b0cac1df8ab2d3464b0bead0417791a9
2678	6a192137102cba1f6cc98730a6764ffc	9d0a3a16f9af24182b2f34b58076ab6e	b0cac1df8ab2d3464b0bead0417791a9
2679	6a192137102cba1f6cc98730a6764ffc	9d0a3a16f9af24182b2f34b58076ab6e	b0cac1df8ab2d3464b0bead0417791a9
2680	6a192137102cba1f6cc98730a6764ffc	9d0a3a16f9af24182b2f34b58076ab6e	b0cac1df8ab2d3464b0bead0417791a9
2681	6a192137102cba1f6cc98730a6764ffc	2ab8fb487a01fba66338967f4d9e81cd	60e776022a9a9b0c3018ba17ff3aa6f6
2682	6a192137102cba1f6cc98730a6764ffc	2ab8fb487a01fba66338967f4d9e81cd	60e776022a9a9b0c3018ba17ff3aa6f6
2683	6a192137102cba1f6cc98730a6764ffc	2ab8fb487a01fba66338967f4d9e81cd	60e776022a9a9b0c3018ba17ff3aa6f6
2684	6a192137102cba1f6cc98730a6764ffc	2ab8fb487a01fba66338967f4d9e81cd	60e776022a9a9b0c3018ba17ff3aa6f6
2685	6a192137102cba1f6cc98730a6764ffc	9d0a3a16f9af24182b2f34b58076ab6e	b0cac1df8ab2d3464b0bead0417791a9
2686	6a192137102cba1f6cc98730a6764ffc	9d0a3a16f9af24182b2f34b58076ab6e	b0cac1df8ab2d3464b0bead0417791a9
2687	e6c2fb48d4f08e00e68fdaf1935a8fb3	1baabe3e33a8c40ff1cf2e48ef66f187	d2f12a2119a9109ad3eabccdc13ae70d
2688	e6c2fb48d4f08e00e68fdaf1935a8fb3	1baabe3e33a8c40ff1cf2e48ef66f187	d2f12a2119a9109ad3eabccdc13ae70d
2689	e6c2fb48d4f08e00e68fdaf1935a8fb3	1baabe3e33a8c40ff1cf2e48ef66f187	d2f12a2119a9109ad3eabccdc13ae70d
2690	e6c2fb48d4f08e00e68fdaf1935a8fb3	1baabe3e33a8c40ff1cf2e48ef66f187	d2f12a2119a9109ad3eabccdc13ae70d
2691	e6c2fb48d4f08e00e68fdaf1935a8fb3	1baabe3e33a8c40ff1cf2e48ef66f187	d2f12a2119a9109ad3eabccdc13ae70d
2692	e6c2fb48d4f08e00e68fdaf1935a8fb3	1baabe3e33a8c40ff1cf2e48ef66f187	d2f12a2119a9109ad3eabccdc13ae70d
2693	e6c2fb48d4f08e00e68fdaf1935a8fb3	1baabe3e33a8c40ff1cf2e48ef66f187	d2f12a2119a9109ad3eabccdc13ae70d
2694	219486bb52849e5751ff9a4b45dcd6fb	bcad9b91f5f9d461a32c3ecaa4d19f2e	25a61c1e1940e4c50865634d959f2357
2695	219486bb52849e5751ff9a4b45dcd6fb	bcad9b91f5f9d461a32c3ecaa4d19f2e	25a61c1e1940e4c50865634d959f2357
2696	219486bb52849e5751ff9a4b45dcd6fb	bcad9b91f5f9d461a32c3ecaa4d19f2e	25a61c1e1940e4c50865634d959f2357
2697	219486bb52849e5751ff9a4b45dcd6fb	bcad9b91f5f9d461a32c3ecaa4d19f2e	25a61c1e1940e4c50865634d959f2357
2698	219486bb52849e5751ff9a4b45dcd6fb	bcad9b91f5f9d461a32c3ecaa4d19f2e	25a61c1e1940e4c50865634d959f2357
2699	219486bb52849e5751ff9a4b45dcd6fb	bcad9b91f5f9d461a32c3ecaa4d19f2e	25a61c1e1940e4c50865634d959f2357
2700	219486bb52849e5751ff9a4b45dcd6fb	bcad9b91f5f9d461a32c3ecaa4d19f2e	25a61c1e1940e4c50865634d959f2357
2701	219486bb52849e5751ff9a4b45dcd6fb	bcad9b91f5f9d461a32c3ecaa4d19f2e	25a61c1e1940e4c50865634d959f2357
2702	219486bb52849e5751ff9a4b45dcd6fb	bcad9b91f5f9d461a32c3ecaa4d19f2e	25a61c1e1940e4c50865634d959f2357
2703	219486bb52849e5751ff9a4b45dcd6fb	bcad9b91f5f9d461a32c3ecaa4d19f2e	25a61c1e1940e4c50865634d959f2357
2704	a822e2fc1ab8a852c2f069673c4a32a0	854214ba5effd81e32954f9e58d47d00	642e57082d3e385fc01f946b4aecd08f
2705	a822e2fc1ab8a852c2f069673c4a32a0	854214ba5effd81e32954f9e58d47d00	642e57082d3e385fc01f946b4aecd08f
2706	a822e2fc1ab8a852c2f069673c4a32a0	854214ba5effd81e32954f9e58d47d00	642e57082d3e385fc01f946b4aecd08f
2707	a822e2fc1ab8a852c2f069673c4a32a0	854214ba5effd81e32954f9e58d47d00	642e57082d3e385fc01f946b4aecd08f
2708	a822e2fc1ab8a852c2f069673c4a32a0	854214ba5effd81e32954f9e58d47d00	642e57082d3e385fc01f946b4aecd08f
2709	a822e2fc1ab8a852c2f069673c4a32a0	854214ba5effd81e32954f9e58d47d00	642e57082d3e385fc01f946b4aecd08f
2710	a822e2fc1ab8a852c2f069673c4a32a0	854214ba5effd81e32954f9e58d47d00	642e57082d3e385fc01f946b4aecd08f
2711	5037f2165fcc9a437791bf82be46c369	df74d8ec0d8334953809d2617291a329	a6157b9dedcbcbfad7d542776e0b3bdc
2712	5037f2165fcc9a437791bf82be46c369	df74d8ec0d8334953809d2617291a329	a6157b9dedcbcbfad7d542776e0b3bdc
2713	5037f2165fcc9a437791bf82be46c369	df74d8ec0d8334953809d2617291a329	a6157b9dedcbcbfad7d542776e0b3bdc
2714	5037f2165fcc9a437791bf82be46c369	df74d8ec0d8334953809d2617291a329	a6157b9dedcbcbfad7d542776e0b3bdc
2715	5037f2165fcc9a437791bf82be46c369	6da6e872c727206700cd0629b0d08403	49a91d3d531efe85d057595ae5438233
2716	26a22edbdee5b296ad9542a5256275e4	f06f4136f86be7aa0015c40ef0796600	5a9405c5cbddc1461c5d6c459b872d3e
2717	26a22edbdee5b296ad9542a5256275e4	f06f4136f86be7aa0015c40ef0796600	5a9405c5cbddc1461c5d6c459b872d3e
2718	26a22edbdee5b296ad9542a5256275e4	f06f4136f86be7aa0015c40ef0796600	5a9405c5cbddc1461c5d6c459b872d3e
2719	26a22edbdee5b296ad9542a5256275e4	f06f4136f86be7aa0015c40ef0796600	5a9405c5cbddc1461c5d6c459b872d3e
2720	26a22edbdee5b296ad9542a5256275e4	f06f4136f86be7aa0015c40ef0796600	5a9405c5cbddc1461c5d6c459b872d3e
2721	26a22edbdee5b296ad9542a5256275e4	f06f4136f86be7aa0015c40ef0796600	5a9405c5cbddc1461c5d6c459b872d3e
2722	26a22edbdee5b296ad9542a5256275e4	f06f4136f86be7aa0015c40ef0796600	5a9405c5cbddc1461c5d6c459b872d3e
2723	26a22edbdee5b296ad9542a5256275e4	f06f4136f86be7aa0015c40ef0796600	5a9405c5cbddc1461c5d6c459b872d3e
2724	26a22edbdee5b296ad9542a5256275e4	f06f4136f86be7aa0015c40ef0796600	5a9405c5cbddc1461c5d6c459b872d3e
2725	26a22edbdee5b296ad9542a5256275e4	f06f4136f86be7aa0015c40ef0796600	5a9405c5cbddc1461c5d6c459b872d3e
2726	26a22edbdee5b296ad9542a5256275e4	f06f4136f86be7aa0015c40ef0796600	5a9405c5cbddc1461c5d6c459b872d3e
2727	26a22edbdee5b296ad9542a5256275e4	f06f4136f86be7aa0015c40ef0796600	5a9405c5cbddc1461c5d6c459b872d3e
2728	26a22edbdee5b296ad9542a5256275e4	f06f4136f86be7aa0015c40ef0796600	5a9405c5cbddc1461c5d6c459b872d3e
2729	26a22edbdee5b296ad9542a5256275e4	f06f4136f86be7aa0015c40ef0796600	5a9405c5cbddc1461c5d6c459b872d3e
2730	26a22edbdee5b296ad9542a5256275e4	f06f4136f86be7aa0015c40ef0796600	5a9405c5cbddc1461c5d6c459b872d3e
2731	26a22edbdee5b296ad9542a5256275e4	f06f4136f86be7aa0015c40ef0796600	5a9405c5cbddc1461c5d6c459b872d3e
2732	26a22edbdee5b296ad9542a5256275e4	f06f4136f86be7aa0015c40ef0796600	5a9405c5cbddc1461c5d6c459b872d3e
2733	27fa9998c98f523bb428afb452e4d201	8929ad9bd2151354013220969270bb4e	ce62195e26474b0e165d7298b033ab68
2734	27fa9998c98f523bb428afb452e4d201	8929ad9bd2151354013220969270bb4e	ce62195e26474b0e165d7298b033ab68
2735	27fa9998c98f523bb428afb452e4d201	8929ad9bd2151354013220969270bb4e	ce62195e26474b0e165d7298b033ab68
2736	bb307bd9e87ab4c66df8db81f3180e71	da6d9b085a845f2ccf2494136279f4d5	408b15e76c5a7429692bb89d29f479f5
2737	f30c2204dbcc664fa121ad62455b0f98	62ddf25c965007835c6ea1bbba9f9ffb	811c11e6c83e93f3c4152ae495cecad2
2738	518eb1d43b1cd293c363973c09d62fb4	83e7c31db667af81a002d008bbd412bf	7e743490205c89d37473bf4e70bee687
2739	518eb1d43b1cd293c363973c09d62fb4	83e7c31db667af81a002d008bbd412bf	7e743490205c89d37473bf4e70bee687
2740	d9838b53192fb8d125db8dcd792c07e1	97fdb5797d95483a1540faf30943f372	2d7d8b647dabe1a558b5c479f6882381
2741	d9838b53192fb8d125db8dcd792c07e1	97fdb5797d95483a1540faf30943f372	2d7d8b647dabe1a558b5c479f6882381
2742	d9838b53192fb8d125db8dcd792c07e1	97fdb5797d95483a1540faf30943f372	2d7d8b647dabe1a558b5c479f6882381
2743	39763f45515b1ce29aef753589e5a167	33836e01e86817c007e49decbb33fdd1	9d7ec80885eaab8f430b67d13768706a
2744	39763f45515b1ce29aef753589e5a167	33836e01e86817c007e49decbb33fdd1	9d7ec80885eaab8f430b67d13768706a
2745	d8b80af63a755a5e620fae54030b084f	66c972b5553f9dd0d84c25b14304dbf1	469a5f6b68875128de6bea4a59f1b4ec
2746	d8b80af63a755a5e620fae54030b084f	66c972b5553f9dd0d84c25b14304dbf1	469a5f6b68875128de6bea4a59f1b4ec
2747	d8b80af63a755a5e620fae54030b084f	66c972b5553f9dd0d84c25b14304dbf1	469a5f6b68875128de6bea4a59f1b4ec
2748	d8b80af63a755a5e620fae54030b084f	66c972b5553f9dd0d84c25b14304dbf1	469a5f6b68875128de6bea4a59f1b4ec
2749	d8b80af63a755a5e620fae54030b084f	66c972b5553f9dd0d84c25b14304dbf1	469a5f6b68875128de6bea4a59f1b4ec
2750	d8b80af63a755a5e620fae54030b084f	66c972b5553f9dd0d84c25b14304dbf1	469a5f6b68875128de6bea4a59f1b4ec
2751	d8b80af63a755a5e620fae54030b084f	66c972b5553f9dd0d84c25b14304dbf1	469a5f6b68875128de6bea4a59f1b4ec
2752	88ff50f0bd87ef069eaed0427ff310c9	a13f060b24ffdeb501f8a7fa97f8118c	a2b8b3d09d6867793fc59c5ff3f57b23
2753	978a6d83d23eb24b524f7ed566bb2812	ff1bd80c1ae072cbdb53119ac626b1fb	eff9ab7e662e93532e63b0a6f9a35879
2754	978a6d83d23eb24b524f7ed566bb2812	ff1bd80c1ae072cbdb53119ac626b1fb	eff9ab7e662e93532e63b0a6f9a35879
2755	d8b80af63a755a5e620fae54030b084f	66c972b5553f9dd0d84c25b14304dbf1	469a5f6b68875128de6bea4a59f1b4ec
2756	d8b80af63a755a5e620fae54030b084f	66c972b5553f9dd0d84c25b14304dbf1	469a5f6b68875128de6bea4a59f1b4ec
2757	008ee53ee15cb48a840ed88f5b96b986	2b25476cf9287f93666a640675d2b2ec	cc080b01194bc16158bd49b82620c317
2758	008ee53ee15cb48a840ed88f5b96b986	2b25476cf9287f93666a640675d2b2ec	cc080b01194bc16158bd49b82620c317
2759	008ee53ee15cb48a840ed88f5b96b986	2b25476cf9287f93666a640675d2b2ec	cc080b01194bc16158bd49b82620c317
2760	008ee53ee15cb48a840ed88f5b96b986	2b25476cf9287f93666a640675d2b2ec	cc080b01194bc16158bd49b82620c317
2761	008ee53ee15cb48a840ed88f5b96b986	2b25476cf9287f93666a640675d2b2ec	cc080b01194bc16158bd49b82620c317
2762	008ee53ee15cb48a840ed88f5b96b986	2b25476cf9287f93666a640675d2b2ec	cc080b01194bc16158bd49b82620c317
2763	008ee53ee15cb48a840ed88f5b96b986	2b25476cf9287f93666a640675d2b2ec	cc080b01194bc16158bd49b82620c317
2764	2130e0c6c0fcf60e90a2606885df9c53	6ec104e3b6974133e0c901f3adac1eb6	1aaa3745c351557b23d6403a4964f411
2765	2130e0c6c0fcf60e90a2606885df9c53	6ec104e3b6974133e0c901f3adac1eb6	1aaa3745c351557b23d6403a4964f411
2766	2130e0c6c0fcf60e90a2606885df9c53	6ec104e3b6974133e0c901f3adac1eb6	1aaa3745c351557b23d6403a4964f411
2767	008ee53ee15cb48a840ed88f5b96b986	2b25476cf9287f93666a640675d2b2ec	cc080b01194bc16158bd49b82620c317
2768	008ee53ee15cb48a840ed88f5b96b986	2b25476cf9287f93666a640675d2b2ec	cc080b01194bc16158bd49b82620c317
2769	008ee53ee15cb48a840ed88f5b96b986	2b25476cf9287f93666a640675d2b2ec	cc080b01194bc16158bd49b82620c317
2770	008ee53ee15cb48a840ed88f5b96b986	2b25476cf9287f93666a640675d2b2ec	cc080b01194bc16158bd49b82620c317
2771	008ee53ee15cb48a840ed88f5b96b986	2b25476cf9287f93666a640675d2b2ec	cc080b01194bc16158bd49b82620c317
2772	008ee53ee15cb48a840ed88f5b96b986	2b25476cf9287f93666a640675d2b2ec	cc080b01194bc16158bd49b82620c317
2773	008ee53ee15cb48a840ed88f5b96b986	2b25476cf9287f93666a640675d2b2ec	cc080b01194bc16158bd49b82620c317
2774	8ce5b3f658505c32e04cc2e041998377	2c9a590d8f95834fab4f3578975f1421	a9e7159fcb0e5325687373d9c9bb3b23
2775	8ce5b3f658505c32e04cc2e041998377	2c9a590d8f95834fab4f3578975f1421	a9e7159fcb0e5325687373d9c9bb3b23
2776	8ce5b3f658505c32e04cc2e041998377	2c9a590d8f95834fab4f3578975f1421	a9e7159fcb0e5325687373d9c9bb3b23
2777	8ce5b3f658505c32e04cc2e041998377	2c9a590d8f95834fab4f3578975f1421	a9e7159fcb0e5325687373d9c9bb3b23
2778	8ce5b3f658505c32e04cc2e041998377	2c9a590d8f95834fab4f3578975f1421	a9e7159fcb0e5325687373d9c9bb3b23
2779	8ce5b3f658505c32e04cc2e041998377	2c9a590d8f95834fab4f3578975f1421	a9e7159fcb0e5325687373d9c9bb3b23
2780	8ce5b3f658505c32e04cc2e041998377	2c9a590d8f95834fab4f3578975f1421	a9e7159fcb0e5325687373d9c9bb3b23
2781	d9b1a3800281f5a309b9d8344cc717e2	8265c20994050a488922d2f201405111	2112cdb7d99ec8e4d98f562f4345650f
2782	d9b1a3800281f5a309b9d8344cc717e2	8265c20994050a488922d2f201405111	2112cdb7d99ec8e4d98f562f4345650f
2783	d9b1a3800281f5a309b9d8344cc717e2	8265c20994050a488922d2f201405111	2112cdb7d99ec8e4d98f562f4345650f
2784	d9b1a3800281f5a309b9d8344cc717e2	8265c20994050a488922d2f201405111	2112cdb7d99ec8e4d98f562f4345650f
2785	d9b1a3800281f5a309b9d8344cc717e2	8265c20994050a488922d2f201405111	2112cdb7d99ec8e4d98f562f4345650f
2786	f4f38a139ce05b342452587a0d212a62	c4f192e9aa6b0602a9722c81792ba2c5	41adc0bea42f5fe5f87025aa7f28cf42
2787	f4f38a139ce05b342452587a0d212a62	c4f192e9aa6b0602a9722c81792ba2c5	41adc0bea42f5fe5f87025aa7f28cf42
2788	f4f38a139ce05b342452587a0d212a62	c4f192e9aa6b0602a9722c81792ba2c5	41adc0bea42f5fe5f87025aa7f28cf42
2789	6de26c1e8d02148ad6fe0bb932386040	50787ccd380196a309f546d1ffb7370b	fdd22e76244e9371bd24262bcdce71c3
2790	6de26c1e8d02148ad6fe0bb932386040	50787ccd380196a309f546d1ffb7370b	fdd22e76244e9371bd24262bcdce71c3
2791	f4f38a139ce05b342452587a0d212a62	c4f192e9aa6b0602a9722c81792ba2c5	41adc0bea42f5fe5f87025aa7f28cf42
2792	f4f38a139ce05b342452587a0d212a62	c4f192e9aa6b0602a9722c81792ba2c5	41adc0bea42f5fe5f87025aa7f28cf42
2793	c36fbdb7e48ca564dabe69ded152b113	fec38d9a712dbabb9289a07a012a1350	c736ef8e3ab4a48069589e3e3f4dc7e6
2794	e56bd97dcc42b8d3b9e2d5fadb1da8dd	4eba501508aaa1fe34bd9795c2f4bcb7	87fb1ad225dd4ab6b46044ecd722a5c4
2795	e56bd97dcc42b8d3b9e2d5fadb1da8dd	4eba501508aaa1fe34bd9795c2f4bcb7	87fb1ad225dd4ab6b46044ecd722a5c4
2796	a02a679f76d6ba8e23a56d0462e187c1	7bdee0d683af86ae500bf15a0d4cdbba	1d89f9a7cedcf3b7203a5fff604530cc
2797	a02a679f76d6ba8e23a56d0462e187c1	7bdee0d683af86ae500bf15a0d4cdbba	1d89f9a7cedcf3b7203a5fff604530cc
2798	78e5b2c4fea0a82451f6e6e04b11b9af	3a12af477e8da27ba2d9567a71834956	23bfb86cfbcd3dba8d46c729797b2b7f
2799	78e5b2c4fea0a82451f6e6e04b11b9af	3a12af477e8da27ba2d9567a71834956	23bfb86cfbcd3dba8d46c729797b2b7f
2800	78e5b2c4fea0a82451f6e6e04b11b9af	3a12af477e8da27ba2d9567a71834956	23bfb86cfbcd3dba8d46c729797b2b7f
2801	78e5b2c4fea0a82451f6e6e04b11b9af	3a12af477e8da27ba2d9567a71834956	23bfb86cfbcd3dba8d46c729797b2b7f
2802	78e5b2c4fea0a82451f6e6e04b11b9af	3a12af477e8da27ba2d9567a71834956	23bfb86cfbcd3dba8d46c729797b2b7f
2803	162e11d676d6de2b4d850496b2ea41d0	7a6c14c52754c0519d307b1cae754631	fda4504781bcf6c0d54efc59e4c0bdc6
2804	162e11d676d6de2b4d850496b2ea41d0	7a6c14c52754c0519d307b1cae754631	fda4504781bcf6c0d54efc59e4c0bdc6
2805	162e11d676d6de2b4d850496b2ea41d0	7a6c14c52754c0519d307b1cae754631	fda4504781bcf6c0d54efc59e4c0bdc6
2806	e1564e25420acde15a02f0a75c01f31a	16979ed40c827eafb18d87f4c72a7e8b	acd22aeb8d21f183ec10a5b598422930
2807	e1564e25420acde15a02f0a75c01f31a	16979ed40c827eafb18d87f4c72a7e8b	acd22aeb8d21f183ec10a5b598422930
2808	e1564e25420acde15a02f0a75c01f31a	16979ed40c827eafb18d87f4c72a7e8b	acd22aeb8d21f183ec10a5b598422930
2809	e1564e25420acde15a02f0a75c01f31a	16979ed40c827eafb18d87f4c72a7e8b	acd22aeb8d21f183ec10a5b598422930
2810	6210c1910d6b2ea445ee076681bd756a	41bfb1701174d4521484f3ab6f57e1d2	a222700e675f8574ec211348dd8255c4
2811	60bb80d18659be84915f11c7b83ef7ae	74fb448bf690ca6dfd41aea808e9db7d	0d434433c55a53db52636a5b3f12ce23
2812	60bb80d18659be84915f11c7b83ef7ae	74fb448bf690ca6dfd41aea808e9db7d	0d434433c55a53db52636a5b3f12ce23
2813	9c6239c284cbe27d89bbbc6344913a24	430c5c808d3710b65d856f55248cabfb	2f7c80c6bacbeaecef0fb60abdcb39bf
2814	60bb80d18659be84915f11c7b83ef7ae	74fb448bf690ca6dfd41aea808e9db7d	0d434433c55a53db52636a5b3f12ce23
2815	a587ee7d0488b5c055b4ebf7bba748d1	f03d50016d3216c9f5bfec47865c89ac	11fc2746f5f10bf17a5d0142d7eb1107
2816	a587ee7d0488b5c055b4ebf7bba748d1	f03d50016d3216c9f5bfec47865c89ac	11fc2746f5f10bf17a5d0142d7eb1107
2817	a587ee7d0488b5c055b4ebf7bba748d1	f03d50016d3216c9f5bfec47865c89ac	11fc2746f5f10bf17a5d0142d7eb1107
2818	a587ee7d0488b5c055b4ebf7bba748d1	f03d50016d3216c9f5bfec47865c89ac	11fc2746f5f10bf17a5d0142d7eb1107
2819	a587ee7d0488b5c055b4ebf7bba748d1	f03d50016d3216c9f5bfec47865c89ac	11fc2746f5f10bf17a5d0142d7eb1107
2820	a587ee7d0488b5c055b4ebf7bba748d1	f03d50016d3216c9f5bfec47865c89ac	11fc2746f5f10bf17a5d0142d7eb1107
2821	a587ee7d0488b5c055b4ebf7bba748d1	f03d50016d3216c9f5bfec47865c89ac	11fc2746f5f10bf17a5d0142d7eb1107
2822	baa1fa0d6aed80f00b65a3cf02e3cb6c	e22ea58c141136296e81d8bb5395c83b	08ac87fae5523592a09a9f1cbfc29d3a
2823	baa1fa0d6aed80f00b65a3cf02e3cb6c	e22ea58c141136296e81d8bb5395c83b	08ac87fae5523592a09a9f1cbfc29d3a
2824	baa1fa0d6aed80f00b65a3cf02e3cb6c	e22ea58c141136296e81d8bb5395c83b	08ac87fae5523592a09a9f1cbfc29d3a
2825	baa1fa0d6aed80f00b65a3cf02e3cb6c	e22ea58c141136296e81d8bb5395c83b	08ac87fae5523592a09a9f1cbfc29d3a
2826	baa1fa0d6aed80f00b65a3cf02e3cb6c	e22ea58c141136296e81d8bb5395c83b	08ac87fae5523592a09a9f1cbfc29d3a
2827	0c17c5c74134ca489e133468b828776f	0247062744f807782e6f7cbb8d9b42c2	69924c6bde3c03021858e469583afdd6
2828	0c17c5c74134ca489e133468b828776f	0247062744f807782e6f7cbb8d9b42c2	69924c6bde3c03021858e469583afdd6
2829	0c17c5c74134ca489e133468b828776f	0247062744f807782e6f7cbb8d9b42c2	69924c6bde3c03021858e469583afdd6
2830	0c17c5c74134ca489e133468b828776f	0247062744f807782e6f7cbb8d9b42c2	69924c6bde3c03021858e469583afdd6
2831	0c17c5c74134ca489e133468b828776f	0247062744f807782e6f7cbb8d9b42c2	69924c6bde3c03021858e469583afdd6
2832	0c17c5c74134ca489e133468b828776f	0247062744f807782e6f7cbb8d9b42c2	69924c6bde3c03021858e469583afdd6
2833	0c17c5c74134ca489e133468b828776f	0247062744f807782e6f7cbb8d9b42c2	69924c6bde3c03021858e469583afdd6
2834	1f810b96d2d0a69bf5b1053c8dda3e30	fcbdb210f2044a3af37992384911f309	1b5503e03513ad48170dcb2f6558a43d
2835	1f810b96d2d0a69bf5b1053c8dda3e30	fcbdb210f2044a3af37992384911f309	1b5503e03513ad48170dcb2f6558a43d
2836	1f810b96d2d0a69bf5b1053c8dda3e30	fcbdb210f2044a3af37992384911f309	1b5503e03513ad48170dcb2f6558a43d
2837	1f810b96d2d0a69bf5b1053c8dda3e30	fcbdb210f2044a3af37992384911f309	1b5503e03513ad48170dcb2f6558a43d
2838	1f810b96d2d0a69bf5b1053c8dda3e30	fcbdb210f2044a3af37992384911f309	1b5503e03513ad48170dcb2f6558a43d
2839	e6788548b9398577986368b9f2e5edfc	d449c5f321b9d1e92efb4cac95f26ec3	3842511588100a74e6b7b1e8c0ef69e8
2840	e6788548b9398577986368b9f2e5edfc	d449c5f321b9d1e92efb4cac95f26ec3	3842511588100a74e6b7b1e8c0ef69e8
2841	e6788548b9398577986368b9f2e5edfc	d449c5f321b9d1e92efb4cac95f26ec3	3842511588100a74e6b7b1e8c0ef69e8
2842	e6788548b9398577986368b9f2e5edfc	d449c5f321b9d1e92efb4cac95f26ec3	3842511588100a74e6b7b1e8c0ef69e8
2843	e6788548b9398577986368b9f2e5edfc	d449c5f321b9d1e92efb4cac95f26ec3	3842511588100a74e6b7b1e8c0ef69e8
2844	70c11ad02e36ccdd8711f5fff7873701	2ffd6131e5aafed34f587240b8c93823	956f5985286cd03b91d211ecd0154164
2845	70c11ad02e36ccdd8711f5fff7873701	2ffd6131e5aafed34f587240b8c93823	956f5985286cd03b91d211ecd0154164
2846	70c11ad02e36ccdd8711f5fff7873701	2ffd6131e5aafed34f587240b8c93823	956f5985286cd03b91d211ecd0154164
2847	7fd00aa9b8669ccdb702c74cb4626c2f	59340f9bafeac43e273bba7b7096af5a	a7c229faa3c7035e2543718d7ef32e78
2848	74e757e9e2d620bec9c50907ca6d7f6a	f4000d1d31625936a37a2a171fcadd04	9fddc3ee8aa5dac13ded7cd75519fc86
2849	1601d0acf90c42cde8216c9bd119c52a	abf92dbcb9ceb3f97a6ed9214bbe98a8	e29cd84f446a6393a288fbbbf73510ee
2850	1601d0acf90c42cde8216c9bd119c52a	abf92dbcb9ceb3f97a6ed9214bbe98a8	e29cd84f446a6393a288fbbbf73510ee
2851	011836051a7717d41b8492a1aa98e6ae	3f111535b8a3b854fba99ff00f4f5465	9099cb5dc929515c81887e5ae759d58e
2852	011836051a7717d41b8492a1aa98e6ae	3f111535b8a3b854fba99ff00f4f5465	9099cb5dc929515c81887e5ae759d58e
2853	011836051a7717d41b8492a1aa98e6ae	3f111535b8a3b854fba99ff00f4f5465	9099cb5dc929515c81887e5ae759d58e
2854	e81ac712c6b2ef991df623109a450729	e642874290c73aa52a85273ef9285365	6720fe363f76716a1e6a3a1ab0b9faf3
2855	e81ac712c6b2ef991df623109a450729	e642874290c73aa52a85273ef9285365	6720fe363f76716a1e6a3a1ab0b9faf3
2856	8171c3e063c01a9900ec57be2beed905	dfcfd4182126d59222601ca2c96570b1	1a7e4fb12602ad3abc318731ff4e7417
2857	8171c3e063c01a9900ec57be2beed905	dfcfd4182126d59222601ca2c96570b1	1a7e4fb12602ad3abc318731ff4e7417
2858	8171c3e063c01a9900ec57be2beed905	dfcfd4182126d59222601ca2c96570b1	1a7e4fb12602ad3abc318731ff4e7417
2859	8171c3e063c01a9900ec57be2beed905	dfcfd4182126d59222601ca2c96570b1	1a7e4fb12602ad3abc318731ff4e7417
2860	8171c3e063c01a9900ec57be2beed905	dfcfd4182126d59222601ca2c96570b1	1a7e4fb12602ad3abc318731ff4e7417
2861	8171c3e063c01a9900ec57be2beed905	dfcfd4182126d59222601ca2c96570b1	1a7e4fb12602ad3abc318731ff4e7417
2862	8171c3e063c01a9900ec57be2beed905	dfcfd4182126d59222601ca2c96570b1	1a7e4fb12602ad3abc318731ff4e7417
2863	2d942b4399927eb5a18a0a75c21f6423	62215bc592bbc06644167fd618df56a3	213c2bddf72012e54610420ded3c07f6
2864	2d942b4399927eb5a18a0a75c21f6423	62215bc592bbc06644167fd618df56a3	213c2bddf72012e54610420ded3c07f6
2865	2d942b4399927eb5a18a0a75c21f6423	62215bc592bbc06644167fd618df56a3	213c2bddf72012e54610420ded3c07f6
2866	b5136744838296979ebbff0512f0582d	09b3cc948cb26de4ecdf7d768c1b0e0c	325b7b8d0574aba8f6dcc31695157e5e
2867	873e653b7adb26928d087e33976556ff	63548b97996cec31f54f14803c407b3e	ab0bfd71c9ee2b430933e2019467dca5
2868	2d942b4399927eb5a18a0a75c21f6423	62215bc592bbc06644167fd618df56a3	213c2bddf72012e54610420ded3c07f6
2869	2d942b4399927eb5a18a0a75c21f6423	62215bc592bbc06644167fd618df56a3	213c2bddf72012e54610420ded3c07f6
2870	2d942b4399927eb5a18a0a75c21f6423	62215bc592bbc06644167fd618df56a3	213c2bddf72012e54610420ded3c07f6
2871	d3fe0e60fb72175da6c0080a8d1468c5	a22ec61f992763ee1c75ebfe2833c8f4	8fe775e30fc31cb7daf3f9b93044340e
2872	d3fe0e60fb72175da6c0080a8d1468c5	a22ec61f992763ee1c75ebfe2833c8f4	8fe775e30fc31cb7daf3f9b93044340e
2873	1957766212cff42ac57628ca18d2576a	6b783e79ec54c0f024ba1d53100d21a6	3eeb112e4c54b87aeb1fdbf8419ba663
2874	1957766212cff42ac57628ca18d2576a	6b783e79ec54c0f024ba1d53100d21a6	3eeb112e4c54b87aeb1fdbf8419ba663
2875	1957766212cff42ac57628ca18d2576a	6b783e79ec54c0f024ba1d53100d21a6	3eeb112e4c54b87aeb1fdbf8419ba663
2876	1957766212cff42ac57628ca18d2576a	6b783e79ec54c0f024ba1d53100d21a6	3eeb112e4c54b87aeb1fdbf8419ba663
2877	1957766212cff42ac57628ca18d2576a	6b783e79ec54c0f024ba1d53100d21a6	3eeb112e4c54b87aeb1fdbf8419ba663
2878	1957766212cff42ac57628ca18d2576a	6b783e79ec54c0f024ba1d53100d21a6	3eeb112e4c54b87aeb1fdbf8419ba663
2879	1957766212cff42ac57628ca18d2576a	6b783e79ec54c0f024ba1d53100d21a6	3eeb112e4c54b87aeb1fdbf8419ba663
2880	2d5c3baafb3ce30f7e520dfee62dfcad	e9eddf182a4c57ddd320718b09fcff74	2d571077b7c25e318515df192102aadc
2881	2d5c3baafb3ce30f7e520dfee62dfcad	e9eddf182a4c57ddd320718b09fcff74	2d571077b7c25e318515df192102aadc
2882	2d5c3baafb3ce30f7e520dfee62dfcad	e9eddf182a4c57ddd320718b09fcff74	2d571077b7c25e318515df192102aadc
2883	2d5c3baafb3ce30f7e520dfee62dfcad	e9eddf182a4c57ddd320718b09fcff74	2d571077b7c25e318515df192102aadc
2884	2d5c3baafb3ce30f7e520dfee62dfcad	e9eddf182a4c57ddd320718b09fcff74	2d571077b7c25e318515df192102aadc
2885	9d980e46bb145acf1dba5aee38d09c7b	8fc9a4d574bf49a6d62ae200fce05049	139b206e7ef0f6e6086321d674a7ed23
2886	9d980e46bb145acf1dba5aee38d09c7b	8fc9a4d574bf49a6d62ae200fce05049	139b206e7ef0f6e6086321d674a7ed23
2887	9d980e46bb145acf1dba5aee38d09c7b	8fc9a4d574bf49a6d62ae200fce05049	139b206e7ef0f6e6086321d674a7ed23
2888	9d980e46bb145acf1dba5aee38d09c7b	8fc9a4d574bf49a6d62ae200fce05049	139b206e7ef0f6e6086321d674a7ed23
2889	9d980e46bb145acf1dba5aee38d09c7b	8fc9a4d574bf49a6d62ae200fce05049	139b206e7ef0f6e6086321d674a7ed23
2890	9d980e46bb145acf1dba5aee38d09c7b	8fc9a4d574bf49a6d62ae200fce05049	139b206e7ef0f6e6086321d674a7ed23
2891	9d980e46bb145acf1dba5aee38d09c7b	8fc9a4d574bf49a6d62ae200fce05049	139b206e7ef0f6e6086321d674a7ed23
2892	9d980e46bb145acf1dba5aee38d09c7b	8fc9a4d574bf49a6d62ae200fce05049	139b206e7ef0f6e6086321d674a7ed23
2893	9d980e46bb145acf1dba5aee38d09c7b	8fc9a4d574bf49a6d62ae200fce05049	139b206e7ef0f6e6086321d674a7ed23
2894	9d980e46bb145acf1dba5aee38d09c7b	8fc9a4d574bf49a6d62ae200fce05049	139b206e7ef0f6e6086321d674a7ed23
2895	9d980e46bb145acf1dba5aee38d09c7b	8fc9a4d574bf49a6d62ae200fce05049	139b206e7ef0f6e6086321d674a7ed23
2896	9d980e46bb145acf1dba5aee38d09c7b	8fc9a4d574bf49a6d62ae200fce05049	139b206e7ef0f6e6086321d674a7ed23
2897	9d980e46bb145acf1dba5aee38d09c7b	8fc9a4d574bf49a6d62ae200fce05049	139b206e7ef0f6e6086321d674a7ed23
2898	9d980e46bb145acf1dba5aee38d09c7b	8fc9a4d574bf49a6d62ae200fce05049	139b206e7ef0f6e6086321d674a7ed23
2899	9d980e46bb145acf1dba5aee38d09c7b	8fc9a4d574bf49a6d62ae200fce05049	139b206e7ef0f6e6086321d674a7ed23
2900	9d980e46bb145acf1dba5aee38d09c7b	8fc9a4d574bf49a6d62ae200fce05049	139b206e7ef0f6e6086321d674a7ed23
2901	9d980e46bb145acf1dba5aee38d09c7b	8fc9a4d574bf49a6d62ae200fce05049	139b206e7ef0f6e6086321d674a7ed23
2902	34cf00816dff97cd6fd207b74bc06b20	39498ff6d8842367849fc86ff14f9289	24131049133699745b58c3249ed52d1c
2903	34cf00816dff97cd6fd207b74bc06b20	39498ff6d8842367849fc86ff14f9289	24131049133699745b58c3249ed52d1c
2904	34cf00816dff97cd6fd207b74bc06b20	39498ff6d8842367849fc86ff14f9289	24131049133699745b58c3249ed52d1c
2905	34cf00816dff97cd6fd207b74bc06b20	39498ff6d8842367849fc86ff14f9289	24131049133699745b58c3249ed52d1c
2906	34cf00816dff97cd6fd207b74bc06b20	39498ff6d8842367849fc86ff14f9289	24131049133699745b58c3249ed52d1c
2907	34cf00816dff97cd6fd207b74bc06b20	39498ff6d8842367849fc86ff14f9289	24131049133699745b58c3249ed52d1c
2908	34cf00816dff97cd6fd207b74bc06b20	39498ff6d8842367849fc86ff14f9289	24131049133699745b58c3249ed52d1c
2909	c0a5f7a3d5bcff88247b097c83380532	e5fdcd9e1ddb2e145d02755a2e43924f	51a3a1330b26d02e97c2ca44e01896b0
2910	c0a5f7a3d5bcff88247b097c83380532	e5fdcd9e1ddb2e145d02755a2e43924f	51a3a1330b26d02e97c2ca44e01896b0
2911	c0a5f7a3d5bcff88247b097c83380532	e5fdcd9e1ddb2e145d02755a2e43924f	51a3a1330b26d02e97c2ca44e01896b0
2912	48e90043aec3fbfde4969ce209d3714c	b3879d4751c2b505e093490fe4d6a9bf	305bbc1210bca90b4255ed9511eb5a02
2913	48e90043aec3fbfde4969ce209d3714c	b3879d4751c2b505e093490fe4d6a9bf	305bbc1210bca90b4255ed9511eb5a02
2914	a3ecddd0af3118f53ac4e1a905d37508	0e76b8622659c80565ccaeefb4708a70	e956b72a0632748279757d5170c78455
2915	a3ecddd0af3118f53ac4e1a905d37508	0e76b8622659c80565ccaeefb4708a70	e956b72a0632748279757d5170c78455
2916	a3ecddd0af3118f53ac4e1a905d37508	0e76b8622659c80565ccaeefb4708a70	e956b72a0632748279757d5170c78455
2917	a3ecddd0af3118f53ac4e1a905d37508	0e76b8622659c80565ccaeefb4708a70	e956b72a0632748279757d5170c78455
2918	a3ecddd0af3118f53ac4e1a905d37508	0e76b8622659c80565ccaeefb4708a70	e956b72a0632748279757d5170c78455
2919	a3ecddd0af3118f53ac4e1a905d37508	0e76b8622659c80565ccaeefb4708a70	e956b72a0632748279757d5170c78455
2920	a3ecddd0af3118f53ac4e1a905d37508	0e76b8622659c80565ccaeefb4708a70	e956b72a0632748279757d5170c78455
2921	0fc8a14d304f0832fbfae7d9f412351d	1b9168afbb72723424807589c72b395d	67d04f4a23848ecf2c8d9960d5561a5d
2922	f746740f835a691a9f05265932f93585	4d19fe3b8b4397c9aad3c948ce2978b9	d81828d85d2f398379ee84b1da543174
2923	8347ad2c48f23e62281d1b9a18556925	4cec22e39f54ddc051c99efcbeb9eaec	a1615b616dd96313c212766f1d91b891
2924	d88a53277f039cc42538b4238dd09248	408314694c4c1660186184c64d0b2448	6ce8a4745621d90c84f350476938f2cb
2925	d88a53277f039cc42538b4238dd09248	408314694c4c1660186184c64d0b2448	6ce8a4745621d90c84f350476938f2cb
2926	ee4b1571eb42c6b0e6cc71e80aa9d96c	59b295cb948f4776a9c1d6f1e3dc33cb	be1caa00e6d76c356c89cd6c03351a6f
2927	ee4b1571eb42c6b0e6cc71e80aa9d96c	59b295cb948f4776a9c1d6f1e3dc33cb	be1caa00e6d76c356c89cd6c03351a6f
2928	ee4b1571eb42c6b0e6cc71e80aa9d96c	59b295cb948f4776a9c1d6f1e3dc33cb	be1caa00e6d76c356c89cd6c03351a6f
2929	ee4b1571eb42c6b0e6cc71e80aa9d96c	59b295cb948f4776a9c1d6f1e3dc33cb	be1caa00e6d76c356c89cd6c03351a6f
2930	ee4b1571eb42c6b0e6cc71e80aa9d96c	59b295cb948f4776a9c1d6f1e3dc33cb	be1caa00e6d76c356c89cd6c03351a6f
2931	ee4b1571eb42c6b0e6cc71e80aa9d96c	59b295cb948f4776a9c1d6f1e3dc33cb	be1caa00e6d76c356c89cd6c03351a6f
2932	ee4b1571eb42c6b0e6cc71e80aa9d96c	59b295cb948f4776a9c1d6f1e3dc33cb	be1caa00e6d76c356c89cd6c03351a6f
2933	0d8167c6b4adfc000ab312c82217883e	b5588cbc76f6e8d37a3eae102cbe55a3	615a52cc491e765b244ca706103a0d93
2934	0d8167c6b4adfc000ab312c82217883e	b5588cbc76f6e8d37a3eae102cbe55a3	615a52cc491e765b244ca706103a0d93
2935	0d8167c6b4adfc000ab312c82217883e	b5588cbc76f6e8d37a3eae102cbe55a3	615a52cc491e765b244ca706103a0d93
2936	0d8167c6b4adfc000ab312c82217883e	b5588cbc76f6e8d37a3eae102cbe55a3	615a52cc491e765b244ca706103a0d93
2937	0d8167c6b4adfc000ab312c82217883e	b5588cbc76f6e8d37a3eae102cbe55a3	615a52cc491e765b244ca706103a0d93
2938	0d8167c6b4adfc000ab312c82217883e	b5588cbc76f6e8d37a3eae102cbe55a3	615a52cc491e765b244ca706103a0d93
2939	0d8167c6b4adfc000ab312c82217883e	b5588cbc76f6e8d37a3eae102cbe55a3	615a52cc491e765b244ca706103a0d93
2940	0d8167c6b4adfc000ab312c82217883e	b5588cbc76f6e8d37a3eae102cbe55a3	615a52cc491e765b244ca706103a0d93
2941	0d8167c6b4adfc000ab312c82217883e	b5588cbc76f6e8d37a3eae102cbe55a3	615a52cc491e765b244ca706103a0d93
2942	0d8167c6b4adfc000ab312c82217883e	b5588cbc76f6e8d37a3eae102cbe55a3	615a52cc491e765b244ca706103a0d93
2943	601e175bd427ca4dd26f4d384fffabe5	cb7f7c38028222bb55feb1f5ed83ec40	3d15a06b13317e288cfcce998e1d5e34
2944	601e175bd427ca4dd26f4d384fffabe5	cb7f7c38028222bb55feb1f5ed83ec40	3d15a06b13317e288cfcce998e1d5e34
2945	601e175bd427ca4dd26f4d384fffabe5	cb7f7c38028222bb55feb1f5ed83ec40	3d15a06b13317e288cfcce998e1d5e34
2946	601e175bd427ca4dd26f4d384fffabe5	cb7f7c38028222bb55feb1f5ed83ec40	3d15a06b13317e288cfcce998e1d5e34
2947	601e175bd427ca4dd26f4d384fffabe5	cb7f7c38028222bb55feb1f5ed83ec40	3d15a06b13317e288cfcce998e1d5e34
2948	601e175bd427ca4dd26f4d384fffabe5	cb7f7c38028222bb55feb1f5ed83ec40	3d15a06b13317e288cfcce998e1d5e34
2949	601e175bd427ca4dd26f4d384fffabe5	cb7f7c38028222bb55feb1f5ed83ec40	3d15a06b13317e288cfcce998e1d5e34
2950	55bf1e1a7df807a75831eadfedd61b1c	e6349877842138596f63fa975e9ef3dc	6c279761866d7c6596c3bf8bce2a343c
2951	55bf1e1a7df807a75831eadfedd61b1c	e6349877842138596f63fa975e9ef3dc	6c279761866d7c6596c3bf8bce2a343c
2952	55bf1e1a7df807a75831eadfedd61b1c	e6349877842138596f63fa975e9ef3dc	6c279761866d7c6596c3bf8bce2a343c
2953	55bf1e1a7df807a75831eadfedd61b1c	e6349877842138596f63fa975e9ef3dc	6c279761866d7c6596c3bf8bce2a343c
2954	55bf1e1a7df807a75831eadfedd61b1c	e6349877842138596f63fa975e9ef3dc	6c279761866d7c6596c3bf8bce2a343c
2955	2669c2822eeca247f40e04e2d3c6d69d	cfb6c5e1101f4700f6662cd636189b2b	a2f8767de96f4b7c4e2ad030a8ef5132
2956	2669c2822eeca247f40e04e2d3c6d69d	cfb6c5e1101f4700f6662cd636189b2b	a2f8767de96f4b7c4e2ad030a8ef5132
2957	2669c2822eeca247f40e04e2d3c6d69d	cfb6c5e1101f4700f6662cd636189b2b	a2f8767de96f4b7c4e2ad030a8ef5132
2958	731396309a0895a148011da17faf3996	cafa94ee622e752d203e5f7b97f75b1c	09265432bf53da0cae11974402024c6d
2959	731396309a0895a148011da17faf3996	cafa94ee622e752d203e5f7b97f75b1c	09265432bf53da0cae11974402024c6d
2960	2669c2822eeca247f40e04e2d3c6d69d	cfb6c5e1101f4700f6662cd636189b2b	a2f8767de96f4b7c4e2ad030a8ef5132
2961	2669c2822eeca247f40e04e2d3c6d69d	cfb6c5e1101f4700f6662cd636189b2b	a2f8767de96f4b7c4e2ad030a8ef5132
2962	facd7f9b61fb67b7f49e643e5c9c7497	a293fb97ea28b0b4d9368ed243bc04c6	0ae017fd1bbdc051c64796608a35d05d
2963	facd7f9b61fb67b7f49e643e5c9c7497	a293fb97ea28b0b4d9368ed243bc04c6	0ae017fd1bbdc051c64796608a35d05d
2964	facd7f9b61fb67b7f49e643e5c9c7497	a293fb97ea28b0b4d9368ed243bc04c6	0ae017fd1bbdc051c64796608a35d05d
2965	facd7f9b61fb67b7f49e643e5c9c7497	a293fb97ea28b0b4d9368ed243bc04c6	0ae017fd1bbdc051c64796608a35d05d
2966	facd7f9b61fb67b7f49e643e5c9c7497	a293fb97ea28b0b4d9368ed243bc04c6	0ae017fd1bbdc051c64796608a35d05d
2967	046c3b0c4f60fced7670d2ff78cd368c	a3d94b1b0ba8a489203c601c93410d0d	20438b898a0241994c8de48d02583c9d
2968	046c3b0c4f60fced7670d2ff78cd368c	a3d94b1b0ba8a489203c601c93410d0d	20438b898a0241994c8de48d02583c9d
2969	25d050539bcb57d344789e2ccec84e38	5f89bbcfb1afedcfcedd10c5ce0711b1	f9ffcd2a2704dd1ca9102ea5097d0ff0
2970	ebbf303e5a16eca78a5cfbfaa0bb82c8	9dfd75f60e08366836f2864e9f867471	f8c3a66e2086d8f4c6b3c80fe761622e
2971	ebbf303e5a16eca78a5cfbfaa0bb82c8	9dfd75f60e08366836f2864e9f867471	f8c3a66e2086d8f4c6b3c80fe761622e
2972	e481bba922d18d13259f289e772ebea3	4c5959f595b875e740a735de5c6632bc	d758f7d03192522dcf707c4210cb6df6
2973	e481bba922d18d13259f289e772ebea3	4c5959f595b875e740a735de5c6632bc	d758f7d03192522dcf707c4210cb6df6
2974	e481bba922d18d13259f289e772ebea3	4c5959f595b875e740a735de5c6632bc	d758f7d03192522dcf707c4210cb6df6
2975	e481bba922d18d13259f289e772ebea3	4c5959f595b875e740a735de5c6632bc	d758f7d03192522dcf707c4210cb6df6
2976	e481bba922d18d13259f289e772ebea3	4c5959f595b875e740a735de5c6632bc	d758f7d03192522dcf707c4210cb6df6
2977	e481bba922d18d13259f289e772ebea3	4c5959f595b875e740a735de5c6632bc	d758f7d03192522dcf707c4210cb6df6
2978	e481bba922d18d13259f289e772ebea3	4c5959f595b875e740a735de5c6632bc	d758f7d03192522dcf707c4210cb6df6
2979	e6cf0d0c7a3825824482d36dc3ff12f1	e17c16487e331dfbaa6da83ffd263eca	89d4154e17ee67622076201ee2d9344d
2980	e6cf0d0c7a3825824482d36dc3ff12f1	e17c16487e331dfbaa6da83ffd263eca	89d4154e17ee67622076201ee2d9344d
2981	ba4f312e4ab2f79cd15bed333c83d24f	799c489c49ece042b695bd96e958cc9b	79958311a0c154b5ac897e60c5609422
2982	e481bba922d18d13259f289e772ebea3	4c5959f595b875e740a735de5c6632bc	d758f7d03192522dcf707c4210cb6df6
2983	e481bba922d18d13259f289e772ebea3	4c5959f595b875e740a735de5c6632bc	d758f7d03192522dcf707c4210cb6df6
2984	b87f24f0a6432e677b1924171f3637a3	b582d7d3215caf6cfa2b47b5eae40fbe	569faa8dc7c1bde8ae1036b6501c499f
2985	b87f24f0a6432e677b1924171f3637a3	b582d7d3215caf6cfa2b47b5eae40fbe	569faa8dc7c1bde8ae1036b6501c499f
2986	b87f24f0a6432e677b1924171f3637a3	b582d7d3215caf6cfa2b47b5eae40fbe	569faa8dc7c1bde8ae1036b6501c499f
2987	b87f24f0a6432e677b1924171f3637a3	cebfd31479d84a5cb90fed4fcfbac42c	9942f91bdf7be8fd55280a1a3f431e11
2988	b87f24f0a6432e677b1924171f3637a3	cebfd31479d84a5cb90fed4fcfbac42c	9942f91bdf7be8fd55280a1a3f431e11
2989	b87f24f0a6432e677b1924171f3637a3	cebfd31479d84a5cb90fed4fcfbac42c	9942f91bdf7be8fd55280a1a3f431e11
2990	b87f24f0a6432e677b1924171f3637a3	cebfd31479d84a5cb90fed4fcfbac42c	9942f91bdf7be8fd55280a1a3f431e11
2991	4cd014396671b2c452c15075d28d2c51	58aba290b3a14c7177081a00b6e72854	a75fe49d534b664f1b47b11b25688589
2992	4cd014396671b2c452c15075d28d2c51	58aba290b3a14c7177081a00b6e72854	a75fe49d534b664f1b47b11b25688589
2993	4cd014396671b2c452c15075d28d2c51	58aba290b3a14c7177081a00b6e72854	a75fe49d534b664f1b47b11b25688589
2994	b1c07a6c11106cb9c53cfa80d8b7ac6e	38c0d30af377fba99672893891aa1a4c	2a8386174c72a8955367d45b89a7e582
2995	4cd014396671b2c452c15075d28d2c51	58aba290b3a14c7177081a00b6e72854	a75fe49d534b664f1b47b11b25688589
2996	dd14a26434f91bfb11f0db2ce7afc889	7f027d00bc9b9b9302309e0f93eb1633	f7a92c2a475bf6cad184e987d3c93525
2997	dd14a26434f91bfb11f0db2ce7afc889	7f027d00bc9b9b9302309e0f93eb1633	f7a92c2a475bf6cad184e987d3c93525
2998	dd14a26434f91bfb11f0db2ce7afc889	7f027d00bc9b9b9302309e0f93eb1633	f7a92c2a475bf6cad184e987d3c93525
2999	dd14a26434f91bfb11f0db2ce7afc889	7f027d00bc9b9b9302309e0f93eb1633	f7a92c2a475bf6cad184e987d3c93525
3000	dd14a26434f91bfb11f0db2ce7afc889	7f027d00bc9b9b9302309e0f93eb1633	f7a92c2a475bf6cad184e987d3c93525
3001	dd14a26434f91bfb11f0db2ce7afc889	7f027d00bc9b9b9302309e0f93eb1633	f7a92c2a475bf6cad184e987d3c93525
3002	dd14a26434f91bfb11f0db2ce7afc889	7f027d00bc9b9b9302309e0f93eb1633	f7a92c2a475bf6cad184e987d3c93525
3003	226e35f5705334059f37f2d353611235	2c80a4763a07e81c22e0bdf4bfb8d307	f7c2df939c6d4e252705327ba47138e7
3004	226e35f5705334059f37f2d353611235	2c80a4763a07e81c22e0bdf4bfb8d307	f7c2df939c6d4e252705327ba47138e7
3005	226e35f5705334059f37f2d353611235	2c80a4763a07e81c22e0bdf4bfb8d307	f7c2df939c6d4e252705327ba47138e7
3006	226e35f5705334059f37f2d353611235	2c80a4763a07e81c22e0bdf4bfb8d307	f7c2df939c6d4e252705327ba47138e7
3007	226e35f5705334059f37f2d353611235	2c80a4763a07e81c22e0bdf4bfb8d307	f7c2df939c6d4e252705327ba47138e7
3008	4b45bcdd7e9aec737a57e2ffa27eacf3	2fbf85a40ac9ac8f5ce0daf771089a93	6b21d52bfbc51ac226d8b22453042d5e
3009	4b45bcdd7e9aec737a57e2ffa27eacf3	2fbf85a40ac9ac8f5ce0daf771089a93	6b21d52bfbc51ac226d8b22453042d5e
3010	4b45bcdd7e9aec737a57e2ffa27eacf3	2fbf85a40ac9ac8f5ce0daf771089a93	6b21d52bfbc51ac226d8b22453042d5e
3011	4b45bcdd7e9aec737a57e2ffa27eacf3	2fbf85a40ac9ac8f5ce0daf771089a93	6b21d52bfbc51ac226d8b22453042d5e
3012	4b45bcdd7e9aec737a57e2ffa27eacf3	2fbf85a40ac9ac8f5ce0daf771089a93	6b21d52bfbc51ac226d8b22453042d5e
3013	dcc1800fafa211219ec5c42ed6de85af	be46d16560d8e37cec7d51520f6cb8dd	6f6984b36bac5104baa7b243cc59d767
3014	dcc1800fafa211219ec5c42ed6de85af	be46d16560d8e37cec7d51520f6cb8dd	6f6984b36bac5104baa7b243cc59d767
3015	dcc1800fafa211219ec5c42ed6de85af	be46d16560d8e37cec7d51520f6cb8dd	6f6984b36bac5104baa7b243cc59d767
3016	dcc1800fafa211219ec5c42ed6de85af	be46d16560d8e37cec7d51520f6cb8dd	6f6984b36bac5104baa7b243cc59d767
3017	dcc1800fafa211219ec5c42ed6de85af	be46d16560d8e37cec7d51520f6cb8dd	6f6984b36bac5104baa7b243cc59d767
3018	dcc1800fafa211219ec5c42ed6de85af	be46d16560d8e37cec7d51520f6cb8dd	6f6984b36bac5104baa7b243cc59d767
3019	dcc1800fafa211219ec5c42ed6de85af	be46d16560d8e37cec7d51520f6cb8dd	6f6984b36bac5104baa7b243cc59d767
3020	dcc1800fafa211219ec5c42ed6de85af	be46d16560d8e37cec7d51520f6cb8dd	6f6984b36bac5104baa7b243cc59d767
3021	dcc1800fafa211219ec5c42ed6de85af	be46d16560d8e37cec7d51520f6cb8dd	6f6984b36bac5104baa7b243cc59d767
3022	dcc1800fafa211219ec5c42ed6de85af	be46d16560d8e37cec7d51520f6cb8dd	6f6984b36bac5104baa7b243cc59d767
3023	dcc1800fafa211219ec5c42ed6de85af	be46d16560d8e37cec7d51520f6cb8dd	6f6984b36bac5104baa7b243cc59d767
3024	dcc1800fafa211219ec5c42ed6de85af	be46d16560d8e37cec7d51520f6cb8dd	6f6984b36bac5104baa7b243cc59d767
3025	5af2122cf93e442c14d85f3158c9b899	7828c2cf03840a0bd68a02f471069cf7	7e974612f8a70792f58bcdb514054c39
3026	5af2122cf93e442c14d85f3158c9b899	7828c2cf03840a0bd68a02f471069cf7	7e974612f8a70792f58bcdb514054c39
3027	5af2122cf93e442c14d85f3158c9b899	7828c2cf03840a0bd68a02f471069cf7	7e974612f8a70792f58bcdb514054c39
3028	5af2122cf93e442c14d85f3158c9b899	7828c2cf03840a0bd68a02f471069cf7	7e974612f8a70792f58bcdb514054c39
3029	5af2122cf93e442c14d85f3158c9b899	7828c2cf03840a0bd68a02f471069cf7	7e974612f8a70792f58bcdb514054c39
3030	5af2122cf93e442c14d85f3158c9b899	7828c2cf03840a0bd68a02f471069cf7	7e974612f8a70792f58bcdb514054c39
3031	5af2122cf93e442c14d85f3158c9b899	7828c2cf03840a0bd68a02f471069cf7	7e974612f8a70792f58bcdb514054c39
3032	89c4d635dbec0a99450c4a7f6545b2de	4eba45cc6f615d09556ac51d74eeda2f	be24f0225f7b9fe8876b6fe96c61a06c
3033	89c4d635dbec0a99450c4a7f6545b2de	4eba45cc6f615d09556ac51d74eeda2f	be24f0225f7b9fe8876b6fe96c61a06c
3034	89c4d635dbec0a99450c4a7f6545b2de	4eba45cc6f615d09556ac51d74eeda2f	be24f0225f7b9fe8876b6fe96c61a06c
3035	6d084ba730d606f12450cb1c4f657ef2	b2d598e0204c67950af3e0815cd89c2f	0fbe967f2199c54e03b5736d6566e606
3036	6d084ba730d606f12450cb1c4f657ef2	b2d598e0204c67950af3e0815cd89c2f	0fbe967f2199c54e03b5736d6566e606
3037	89c4d635dbec0a99450c4a7f6545b2de	4eba45cc6f615d09556ac51d74eeda2f	be24f0225f7b9fe8876b6fe96c61a06c
3038	89c4d635dbec0a99450c4a7f6545b2de	4eba45cc6f615d09556ac51d74eeda2f	be24f0225f7b9fe8876b6fe96c61a06c
3039	89c4d635dbec0a99450c4a7f6545b2de	4eba45cc6f615d09556ac51d74eeda2f	be24f0225f7b9fe8876b6fe96c61a06c
3040	aea36ef90736092750b7fd9b28975efc	572872dd94045369b39126a26b612c24	c0ace414b8e13adaeb880e949bee1eed
3041	6010d602ab44ae6d06395a39604886b3	3c478f2203e84c00007c26fc855444ae	9ffbe546c5eec5478465ef92bf87152f
3042	ac2420c57af48b1ee23f944ba29633f0	c5ad12e488fd1869f28694d7ceb8e00a	7c31468ac123b0ad7c91fe563f2cf6de
3043	ac2420c57af48b1ee23f944ba29633f0	c5ad12e488fd1869f28694d7ceb8e00a	7c31468ac123b0ad7c91fe563f2cf6de
3044	ac2420c57af48b1ee23f944ba29633f0	c5ad12e488fd1869f28694d7ceb8e00a	7c31468ac123b0ad7c91fe563f2cf6de
3045	ac2420c57af48b1ee23f944ba29633f0	c5ad12e488fd1869f28694d7ceb8e00a	7c31468ac123b0ad7c91fe563f2cf6de
3046	ac2420c57af48b1ee23f944ba29633f0	c5ad12e488fd1869f28694d7ceb8e00a	7c31468ac123b0ad7c91fe563f2cf6de
3047	ac2420c57af48b1ee23f944ba29633f0	c5ad12e488fd1869f28694d7ceb8e00a	7c31468ac123b0ad7c91fe563f2cf6de
3048	ac2420c57af48b1ee23f944ba29633f0	c5ad12e488fd1869f28694d7ceb8e00a	7c31468ac123b0ad7c91fe563f2cf6de
3049	1b0b6051ad51fe83fa0147b91cfd1e97	563201fd3bf1927ba5007276a62ba88b	a8159bd3693cbcc3119b9627306b6edb
3050	1b0b6051ad51fe83fa0147b91cfd1e97	563201fd3bf1927ba5007276a62ba88b	a8159bd3693cbcc3119b9627306b6edb
3051	0369f323bbefd408f69c95b9d3029f88	2315ca7c16f0aaf896583b97c57b9d4e	0fbb22307f147630573c01905edf76d6
3052	f988fa0fc1354e97e88dba85e4120c65	93622f8aa297ce78b9172fe2f61f78a5	288d452d1498d3a6c44a290da263beb9
3053	f988fa0fc1354e97e88dba85e4120c65	93622f8aa297ce78b9172fe2f61f78a5	288d452d1498d3a6c44a290da263beb9
3054	ad5e487f1f756dc81df729f6538d8054	ad4ed03500aebe723cba50aec889fbee	377e48997641133164403a4107eaf3d1
3055	ad5e487f1f756dc81df729f6538d8054	ad4ed03500aebe723cba50aec889fbee	377e48997641133164403a4107eaf3d1
3056	ad5e487f1f756dc81df729f6538d8054	ad4ed03500aebe723cba50aec889fbee	377e48997641133164403a4107eaf3d1
3057	ad5e487f1f756dc81df729f6538d8054	ad4ed03500aebe723cba50aec889fbee	377e48997641133164403a4107eaf3d1
3058	ad5e487f1f756dc81df729f6538d8054	ad4ed03500aebe723cba50aec889fbee	377e48997641133164403a4107eaf3d1
3059	ad5e487f1f756dc81df729f6538d8054	ad4ed03500aebe723cba50aec889fbee	377e48997641133164403a4107eaf3d1
3060	ad5e487f1f756dc81df729f6538d8054	ad4ed03500aebe723cba50aec889fbee	377e48997641133164403a4107eaf3d1
3061	ad5e487f1f756dc81df729f6538d8054	ad4ed03500aebe723cba50aec889fbee	377e48997641133164403a4107eaf3d1
3062	ad5e487f1f756dc81df729f6538d8054	ad4ed03500aebe723cba50aec889fbee	377e48997641133164403a4107eaf3d1
3063	ad5e487f1f756dc81df729f6538d8054	ad4ed03500aebe723cba50aec889fbee	377e48997641133164403a4107eaf3d1
3064	ad5e487f1f756dc81df729f6538d8054	ad4ed03500aebe723cba50aec889fbee	377e48997641133164403a4107eaf3d1
3065	ad5e487f1f756dc81df729f6538d8054	ad4ed03500aebe723cba50aec889fbee	377e48997641133164403a4107eaf3d1
3066	ad5e487f1f756dc81df729f6538d8054	ad4ed03500aebe723cba50aec889fbee	377e48997641133164403a4107eaf3d1
3067	ad5e487f1f756dc81df729f6538d8054	ad4ed03500aebe723cba50aec889fbee	377e48997641133164403a4107eaf3d1
3068	ad5e487f1f756dc81df729f6538d8054	ad4ed03500aebe723cba50aec889fbee	377e48997641133164403a4107eaf3d1
3069	ad5e487f1f756dc81df729f6538d8054	ad4ed03500aebe723cba50aec889fbee	377e48997641133164403a4107eaf3d1
3070	ad5e487f1f756dc81df729f6538d8054	ad4ed03500aebe723cba50aec889fbee	377e48997641133164403a4107eaf3d1
3071	a1efac618fc7804f8952ce95af54adac	f097fc734337be2b55280b9cee7d51bf	f5e10323e575f5f47e006949e3c50239
3072	a1efac618fc7804f8952ce95af54adac	f097fc734337be2b55280b9cee7d51bf	f5e10323e575f5f47e006949e3c50239
3073	a1efac618fc7804f8952ce95af54adac	f097fc734337be2b55280b9cee7d51bf	f5e10323e575f5f47e006949e3c50239
3074	a163088274d904c760de6168ba79778f	2c71b7bed4ddd9d4c25d2787a9c8c03e	fc69e3e89b52215716842a2f535bcaa8
3075	a163088274d904c760de6168ba79778f	2c71b7bed4ddd9d4c25d2787a9c8c03e	fc69e3e89b52215716842a2f535bcaa8
3076	a163088274d904c760de6168ba79778f	2c71b7bed4ddd9d4c25d2787a9c8c03e	fc69e3e89b52215716842a2f535bcaa8
3077	a163088274d904c760de6168ba79778f	2c71b7bed4ddd9d4c25d2787a9c8c03e	fc69e3e89b52215716842a2f535bcaa8
3078	50edeb38b8e774fc4d0d4767a74eb464	a7d919e6a49bc9e438f1ebcda0d36a05	ff75e63bef95f2f9a78bd8b9c164cf94
3079	50edeb38b8e774fc4d0d4767a74eb464	a7d919e6a49bc9e438f1ebcda0d36a05	ff75e63bef95f2f9a78bd8b9c164cf94
3080	50edeb38b8e774fc4d0d4767a74eb464	a7d919e6a49bc9e438f1ebcda0d36a05	ff75e63bef95f2f9a78bd8b9c164cf94
3081	50edeb38b8e774fc4d0d4767a74eb464	a7d919e6a49bc9e438f1ebcda0d36a05	ff75e63bef95f2f9a78bd8b9c164cf94
3082	50edeb38b8e774fc4d0d4767a74eb464	a7d919e6a49bc9e438f1ebcda0d36a05	ff75e63bef95f2f9a78bd8b9c164cf94
3083	4d924b60bcd5b61ff391060fd86ed06f	5c064e412dabffa73b4ec28aa06c756d	fe3714ba1c611d1cd6d0682dd7c30ced
3084	4d924b60bcd5b61ff391060fd86ed06f	5c064e412dabffa73b4ec28aa06c756d	fe3714ba1c611d1cd6d0682dd7c30ced
3085	4d924b60bcd5b61ff391060fd86ed06f	5c064e412dabffa73b4ec28aa06c756d	fe3714ba1c611d1cd6d0682dd7c30ced
3086	4d924b60bcd5b61ff391060fd86ed06f	5c064e412dabffa73b4ec28aa06c756d	fe3714ba1c611d1cd6d0682dd7c30ced
3087	4d924b60bcd5b61ff391060fd86ed06f	5c064e412dabffa73b4ec28aa06c756d	fe3714ba1c611d1cd6d0682dd7c30ced
3088	4d924b60bcd5b61ff391060fd86ed06f	5c064e412dabffa73b4ec28aa06c756d	fe3714ba1c611d1cd6d0682dd7c30ced
3089	4d924b60bcd5b61ff391060fd86ed06f	5c064e412dabffa73b4ec28aa06c756d	fe3714ba1c611d1cd6d0682dd7c30ced
3090	1900170604abea938cd21aa531736c09	8d1cfaabbe785f61c2b1e5e8943254ef	c182ad7541d84137e28c8d5fa9950af4
3091	1900170604abea938cd21aa531736c09	8d1cfaabbe785f61c2b1e5e8943254ef	c182ad7541d84137e28c8d5fa9950af4
3092	1900170604abea938cd21aa531736c09	8d1cfaabbe785f61c2b1e5e8943254ef	c182ad7541d84137e28c8d5fa9950af4
3093	1900170604abea938cd21aa531736c09	8d1cfaabbe785f61c2b1e5e8943254ef	c182ad7541d84137e28c8d5fa9950af4
3094	1900170604abea938cd21aa531736c09	8d1cfaabbe785f61c2b1e5e8943254ef	c182ad7541d84137e28c8d5fa9950af4
3095	c88011ca6aba9136de0d6af70b46f8b6	1958d6a96a3bfb9edb313e6b2761833c	860f412f3ceb532fd1bb0a9ef9f4af42
3096	c88011ca6aba9136de0d6af70b46f8b6	1958d6a96a3bfb9edb313e6b2761833c	860f412f3ceb532fd1bb0a9ef9f4af42
3097	c88011ca6aba9136de0d6af70b46f8b6	1958d6a96a3bfb9edb313e6b2761833c	860f412f3ceb532fd1bb0a9ef9f4af42
3098	c88011ca6aba9136de0d6af70b46f8b6	1958d6a96a3bfb9edb313e6b2761833c	860f412f3ceb532fd1bb0a9ef9f4af42
3099	c88011ca6aba9136de0d6af70b46f8b6	1958d6a96a3bfb9edb313e6b2761833c	860f412f3ceb532fd1bb0a9ef9f4af42
3100	c88011ca6aba9136de0d6af70b46f8b6	1958d6a96a3bfb9edb313e6b2761833c	860f412f3ceb532fd1bb0a9ef9f4af42
3101	c88011ca6aba9136de0d6af70b46f8b6	1958d6a96a3bfb9edb313e6b2761833c	860f412f3ceb532fd1bb0a9ef9f4af42
3102	ba8cc65b076fb05a0cc01be1fb700b7d	ac13d4e063c2c66ac1bbba13c1728039	ab04d69e1543da786aa64894a542bc8a
3103	ba8cc65b076fb05a0cc01be1fb700b7d	ac13d4e063c2c66ac1bbba13c1728039	ab04d69e1543da786aa64894a542bc8a
3104	ba8cc65b076fb05a0cc01be1fb700b7d	ac13d4e063c2c66ac1bbba13c1728039	ab04d69e1543da786aa64894a542bc8a
3105	ba8cc65b076fb05a0cc01be1fb700b7d	ac13d4e063c2c66ac1bbba13c1728039	ab04d69e1543da786aa64894a542bc8a
3106	ba8cc65b076fb05a0cc01be1fb700b7d	ac13d4e063c2c66ac1bbba13c1728039	ab04d69e1543da786aa64894a542bc8a
3107	70214cb3b865383f14fd9767f4f3169d	41203f0c51572a3e8dd2c63a360938e3	b313a5e0e653ae0a9a7f2c587ad46e15
3108	70214cb3b865383f14fd9767f4f3169d	41203f0c51572a3e8dd2c63a360938e3	b313a5e0e653ae0a9a7f2c587ad46e15
3109	70214cb3b865383f14fd9767f4f3169d	41203f0c51572a3e8dd2c63a360938e3	b313a5e0e653ae0a9a7f2c587ad46e15
3110	70214cb3b865383f14fd9767f4f3169d	41203f0c51572a3e8dd2c63a360938e3	b313a5e0e653ae0a9a7f2c587ad46e15
3111	70214cb3b865383f14fd9767f4f3169d	41203f0c51572a3e8dd2c63a360938e3	b313a5e0e653ae0a9a7f2c587ad46e15
3112	e1186b6dde1abec688a3b0497bcd5e1d	88cf8a2ed0c24c355634557d81b40378	8eed0b30c89334f890535364859c114b
3113	e1186b6dde1abec688a3b0497bcd5e1d	88cf8a2ed0c24c355634557d81b40378	8eed0b30c89334f890535364859c114b
3114	e1186b6dde1abec688a3b0497bcd5e1d	88cf8a2ed0c24c355634557d81b40378	8eed0b30c89334f890535364859c114b
3115	e1186b6dde1abec688a3b0497bcd5e1d	88cf8a2ed0c24c355634557d81b40378	8eed0b30c89334f890535364859c114b
3116	e1186b6dde1abec688a3b0497bcd5e1d	88cf8a2ed0c24c355634557d81b40378	8eed0b30c89334f890535364859c114b
3117	4ea8872d482a3c5ff4eea106de321d9c	f1b6570e99797dba271b194dfb961697	0057869d987842f39629a153e33c4e84
3118	4ea8872d482a3c5ff4eea106de321d9c	f1b6570e99797dba271b194dfb961697	0057869d987842f39629a153e33c4e84
3119	20d3c61134e2fb01d89461be0d574737	5991ecb39542f37e4e52c76d5373b749	9a5cdd128b5cdcb000c7c4b764ed7682
3120	20d3c61134e2fb01d89461be0d574737	5991ecb39542f37e4e52c76d5373b749	9a5cdd128b5cdcb000c7c4b764ed7682
3121	20d3c61134e2fb01d89461be0d574737	5991ecb39542f37e4e52c76d5373b749	9a5cdd128b5cdcb000c7c4b764ed7682
3122	20d3c61134e2fb01d89461be0d574737	5991ecb39542f37e4e52c76d5373b749	9a5cdd128b5cdcb000c7c4b764ed7682
3123	20d3c61134e2fb01d89461be0d574737	5991ecb39542f37e4e52c76d5373b749	9a5cdd128b5cdcb000c7c4b764ed7682
3124	0d3a28a3f26e47a71005ea3bd7bc0557	420b049eb7ea76061f526f89aa01fd08	44219e57d6ffafa14800a361bd3b6d5a
3125	0d3a28a3f26e47a71005ea3bd7bc0557	420b049eb7ea76061f526f89aa01fd08	44219e57d6ffafa14800a361bd3b6d5a
3126	0d3a28a3f26e47a71005ea3bd7bc0557	420b049eb7ea76061f526f89aa01fd08	44219e57d6ffafa14800a361bd3b6d5a
3127	0d3a28a3f26e47a71005ea3bd7bc0557	420b049eb7ea76061f526f89aa01fd08	44219e57d6ffafa14800a361bd3b6d5a
3128	0d3a28a3f26e47a71005ea3bd7bc0557	420b049eb7ea76061f526f89aa01fd08	44219e57d6ffafa14800a361bd3b6d5a
3129	0d3a28a3f26e47a71005ea3bd7bc0557	420b049eb7ea76061f526f89aa01fd08	44219e57d6ffafa14800a361bd3b6d5a
3130	0d3a28a3f26e47a71005ea3bd7bc0557	420b049eb7ea76061f526f89aa01fd08	44219e57d6ffafa14800a361bd3b6d5a
3131	946bc202bddde13482260a83fcaa5253	212b54b608772054321b0d8ca379fd06	68345d21a08997f1a98d132dbc20db72
3132	84145aab28890e8fc8e93a149ceae656	77088d2ec8d5a64fddf9147d847021a6	ab45e604996c6bcc4e46e9691b8e68c9
3133	84145aab28890e8fc8e93a149ceae656	77088d2ec8d5a64fddf9147d847021a6	ab45e604996c6bcc4e46e9691b8e68c9
3134	84145aab28890e8fc8e93a149ceae656	77088d2ec8d5a64fddf9147d847021a6	ab45e604996c6bcc4e46e9691b8e68c9
3135	84145aab28890e8fc8e93a149ceae656	77088d2ec8d5a64fddf9147d847021a6	ab45e604996c6bcc4e46e9691b8e68c9
3136	84145aab28890e8fc8e93a149ceae656	77088d2ec8d5a64fddf9147d847021a6	ab45e604996c6bcc4e46e9691b8e68c9
3137	84145aab28890e8fc8e93a149ceae656	77088d2ec8d5a64fddf9147d847021a6	ab45e604996c6bcc4e46e9691b8e68c9
3138	84145aab28890e8fc8e93a149ceae656	77088d2ec8d5a64fddf9147d847021a6	ab45e604996c6bcc4e46e9691b8e68c9
3139	7b264006fb5b377f4a1cfdb355331f79	23a6819bbd4ac0dcaa8b7ee75dc40c17	658864784a20fb7e7a4fcd6cf455b6d9
3140	093a6e4ee2d135db9ffa1b7ecb3c3108	28fd8aa718a9a8dcdaf540740facd2c1	392de868ad9230ce889d0e0b65dd9990
3141	2e110020229c4c853ece3ba011b8e61a	74e242a242af6f75840c088c51bf5e0d	af910f6771426ac8088497f569027a6d
3142	2e110020229c4c853ece3ba011b8e61a	74e242a242af6f75840c088c51bf5e0d	af910f6771426ac8088497f569027a6d
3143	2e110020229c4c853ece3ba011b8e61a	74e242a242af6f75840c088c51bf5e0d	af910f6771426ac8088497f569027a6d
3144	2e110020229c4c853ece3ba011b8e61a	74e242a242af6f75840c088c51bf5e0d	af910f6771426ac8088497f569027a6d
3145	2e110020229c4c853ece3ba011b8e61a	74e242a242af6f75840c088c51bf5e0d	af910f6771426ac8088497f569027a6d
3146	2e110020229c4c853ece3ba011b8e61a	74e242a242af6f75840c088c51bf5e0d	af910f6771426ac8088497f569027a6d
3147	2e110020229c4c853ece3ba011b8e61a	74e242a242af6f75840c088c51bf5e0d	af910f6771426ac8088497f569027a6d
3148	45228e82a8aa165ad18c580c6138d948	01506b19a20a64b8fd2a2b50b7fb78cc	b1151b58c591f39eabf387a5a0d0d09f
3149	45228e82a8aa165ad18c580c6138d948	01506b19a20a64b8fd2a2b50b7fb78cc	b1151b58c591f39eabf387a5a0d0d09f
3150	45228e82a8aa165ad18c580c6138d948	01506b19a20a64b8fd2a2b50b7fb78cc	b1151b58c591f39eabf387a5a0d0d09f
3151	175818b7b8c569250c286605dabe26a1	dcea0e1f52d54d1da924960d3e24884d	215bf4ce62ba21c2f90fec8ceb48bed6
3152	61b55d600af6e411ed4e1c3415133e21	42b5fbadac3d3b1da2bdabb62da5f03f	94aed9b23f434095d947573a3f5009c9
3153	1918098168d77e316d9fa8f030ee00f2	256e3a15e5e23130b034e610c5b4aa06	0b5a856aaf51c093dd395b17be55a338
3154	1918098168d77e316d9fa8f030ee00f2	256e3a15e5e23130b034e610c5b4aa06	0b5a856aaf51c093dd395b17be55a338
3155	1918098168d77e316d9fa8f030ee00f2	256e3a15e5e23130b034e610c5b4aa06	0b5a856aaf51c093dd395b17be55a338
3156	1918098168d77e316d9fa8f030ee00f2	256e3a15e5e23130b034e610c5b4aa06	0b5a856aaf51c093dd395b17be55a338
3157	1918098168d77e316d9fa8f030ee00f2	256e3a15e5e23130b034e610c5b4aa06	0b5a856aaf51c093dd395b17be55a338
3158	1918098168d77e316d9fa8f030ee00f2	256e3a15e5e23130b034e610c5b4aa06	0b5a856aaf51c093dd395b17be55a338
3159	1918098168d77e316d9fa8f030ee00f2	256e3a15e5e23130b034e610c5b4aa06	0b5a856aaf51c093dd395b17be55a338
3160	a76e8607f31718278017ae6af76105a6	a7fda604c204fcfd113ef96fc930f9e5	78d1f1e7cf23f081061b3fd8f5473450
3161	a76e8607f31718278017ae6af76105a6	a7fda604c204fcfd113ef96fc930f9e5	78d1f1e7cf23f081061b3fd8f5473450
3162	a76e8607f31718278017ae6af76105a6	a88e18d33a71dba896faadb5122e257a	190cb09af41aec5684b753c83b985ebd
3163	a76e8607f31718278017ae6af76105a6	a7fda604c204fcfd113ef96fc930f9e5	78d1f1e7cf23f081061b3fd8f5473450
3164	a76e8607f31718278017ae6af76105a6	a7fda604c204fcfd113ef96fc930f9e5	78d1f1e7cf23f081061b3fd8f5473450
3165	a9e2d0335f14f61e24b5f61fa2139e9f	db17b2f74a51f007662a2b2027c500af	f3c954f74f9beadedec7c66b57c52e4b
3166	a9e2d0335f14f61e24b5f61fa2139e9f	db17b2f74a51f007662a2b2027c500af	f3c954f74f9beadedec7c66b57c52e4b
3167	a9e2d0335f14f61e24b5f61fa2139e9f	db17b2f74a51f007662a2b2027c500af	f3c954f74f9beadedec7c66b57c52e4b
3168	a9e2d0335f14f61e24b5f61fa2139e9f	db17b2f74a51f007662a2b2027c500af	f3c954f74f9beadedec7c66b57c52e4b
3169	a9e2d0335f14f61e24b5f61fa2139e9f	db17b2f74a51f007662a2b2027c500af	f3c954f74f9beadedec7c66b57c52e4b
3170	a9e2d0335f14f61e24b5f61fa2139e9f	db17b2f74a51f007662a2b2027c500af	f3c954f74f9beadedec7c66b57c52e4b
3171	a9e2d0335f14f61e24b5f61fa2139e9f	db17b2f74a51f007662a2b2027c500af	f3c954f74f9beadedec7c66b57c52e4b
3172	a9e2d0335f14f61e24b5f61fa2139e9f	14d0ddd315605ff56e6621e29bccc2f8	aef7f7f84f27ee010432ae820c454db1
3173	a9e2d0335f14f61e24b5f61fa2139e9f	14d0ddd315605ff56e6621e29bccc2f8	aef7f7f84f27ee010432ae820c454db1
3174	a9e2d0335f14f61e24b5f61fa2139e9f	14d0ddd315605ff56e6621e29bccc2f8	aef7f7f84f27ee010432ae820c454db1
3175	a9e2d0335f14f61e24b5f61fa2139e9f	14d0ddd315605ff56e6621e29bccc2f8	aef7f7f84f27ee010432ae820c454db1
3176	a9e2d0335f14f61e24b5f61fa2139e9f	14d0ddd315605ff56e6621e29bccc2f8	aef7f7f84f27ee010432ae820c454db1
3177	a9e2d0335f14f61e24b5f61fa2139e9f	14d0ddd315605ff56e6621e29bccc2f8	aef7f7f84f27ee010432ae820c454db1
3178	a9e2d0335f14f61e24b5f61fa2139e9f	14d0ddd315605ff56e6621e29bccc2f8	aef7f7f84f27ee010432ae820c454db1
3179	a9e2d0335f14f61e24b5f61fa2139e9f	14d0ddd315605ff56e6621e29bccc2f8	aef7f7f84f27ee010432ae820c454db1
3180	a9e2d0335f14f61e24b5f61fa2139e9f	14d0ddd315605ff56e6621e29bccc2f8	aef7f7f84f27ee010432ae820c454db1
3181	a9e2d0335f14f61e24b5f61fa2139e9f	14d0ddd315605ff56e6621e29bccc2f8	aef7f7f84f27ee010432ae820c454db1
3182	015536289b8f44f7555739155e38eb0a	98eb1e655cd512c1b415793ae8579105	583c854e0f068e43cb892fab73fd1ddd
3183	015536289b8f44f7555739155e38eb0a	98eb1e655cd512c1b415793ae8579105	583c854e0f068e43cb892fab73fd1ddd
3184	015536289b8f44f7555739155e38eb0a	98eb1e655cd512c1b415793ae8579105	583c854e0f068e43cb892fab73fd1ddd
3185	015536289b8f44f7555739155e38eb0a	98eb1e655cd512c1b415793ae8579105	583c854e0f068e43cb892fab73fd1ddd
3186	015536289b8f44f7555739155e38eb0a	98eb1e655cd512c1b415793ae8579105	583c854e0f068e43cb892fab73fd1ddd
3187	015536289b8f44f7555739155e38eb0a	98eb1e655cd512c1b415793ae8579105	583c854e0f068e43cb892fab73fd1ddd
3188	015536289b8f44f7555739155e38eb0a	98eb1e655cd512c1b415793ae8579105	583c854e0f068e43cb892fab73fd1ddd
3189	cbcd060fc06447f64668c4e6dbb47afe	6127064bc6886701615ad0a5ea4d8781	94e9aaff3ba6615f155e1577644ee182
3190	cbcd060fc06447f64668c4e6dbb47afe	6127064bc6886701615ad0a5ea4d8781	94e9aaff3ba6615f155e1577644ee182
3191	cbcd060fc06447f64668c4e6dbb47afe	6127064bc6886701615ad0a5ea4d8781	94e9aaff3ba6615f155e1577644ee182
3192	cbcd060fc06447f64668c4e6dbb47afe	9a0886a8358a58745aee079dbad91c8b	ffd26b2342a50abd6fd6bf25742acc24
3193	cbcd060fc06447f64668c4e6dbb47afe	9a0886a8358a58745aee079dbad91c8b	ffd26b2342a50abd6fd6bf25742acc24
3194	0470ca160d1b3296e1919b2658cb8340	4f97295290dc37057031392c06104752	81af664e99ad99c7efc8ad5b4c98d37f
3195	0470ca160d1b3296e1919b2658cb8340	4f97295290dc37057031392c06104752	81af664e99ad99c7efc8ad5b4c98d37f
3196	0470ca160d1b3296e1919b2658cb8340	4f97295290dc37057031392c06104752	81af664e99ad99c7efc8ad5b4c98d37f
3197	0470ca160d1b3296e1919b2658cb8340	4f97295290dc37057031392c06104752	81af664e99ad99c7efc8ad5b4c98d37f
3198	0470ca160d1b3296e1919b2658cb8340	4f97295290dc37057031392c06104752	81af664e99ad99c7efc8ad5b4c98d37f
3199	0470ca160d1b3296e1919b2658cb8340	4f97295290dc37057031392c06104752	81af664e99ad99c7efc8ad5b4c98d37f
3200	0470ca160d1b3296e1919b2658cb8340	4f97295290dc37057031392c06104752	81af664e99ad99c7efc8ad5b4c98d37f
3201	c3fa2d775601f78a2122c70cb2de371a	7d0c982b4fd10600d6f3e095d41eda6f	6c52b69612f893a00633cebe531f90b3
3202	3fa092356b49cec59faafc0cef861158	49326d8a42b4442501798926d1a9b7a3	68bdca15f87795136de7809a5d341258
3203	3fa092356b49cec59faafc0cef861158	49326d8a42b4442501798926d1a9b7a3	68bdca15f87795136de7809a5d341258
3204	b427116d802faf95364f2a5470b6f7a7	4197c3a5f8ff08edb8dd96c15678a1b6	281007d4ac4dcdd2a8b00c1c75971358
3205	41c067449173627a1eda0dda115d0735	1eac6293812f91a8bcb3497c5f93c027	64c09b651101a3a2e9ec1df4051e9430
3206	784cd7ecf09ae18eaddf3f2766abb1a7	0f523dc55f43a68f9bd0276430fb7a3c	57e7a3ef48aead5f0d3887b614155193
3207	784cd7ecf09ae18eaddf3f2766abb1a7	0f523dc55f43a68f9bd0276430fb7a3c	57e7a3ef48aead5f0d3887b614155193
3208	784cd7ecf09ae18eaddf3f2766abb1a7	0f523dc55f43a68f9bd0276430fb7a3c	57e7a3ef48aead5f0d3887b614155193
3209	784cd7ecf09ae18eaddf3f2766abb1a7	0f523dc55f43a68f9bd0276430fb7a3c	57e7a3ef48aead5f0d3887b614155193
3210	784cd7ecf09ae18eaddf3f2766abb1a7	0f523dc55f43a68f9bd0276430fb7a3c	57e7a3ef48aead5f0d3887b614155193
3211	0c6d352634e3c1febda88f3d5fd7cbb2	915689846879d553639ed080eaf76ee2	eb1f97ae802fee0d5a326dd86c51e741
3212	0c6d352634e3c1febda88f3d5fd7cbb2	915689846879d553639ed080eaf76ee2	eb1f97ae802fee0d5a326dd86c51e741
3213	0c6d352634e3c1febda88f3d5fd7cbb2	915689846879d553639ed080eaf76ee2	eb1f97ae802fee0d5a326dd86c51e741
3214	8219f3493e037e1b4346b32136c29a5a	994acac4cec44a28218ddaeb6dd59833	107f7134b918a67d5eb22f4aa170d01c
3215	8219f3493e037e1b4346b32136c29a5a	994acac4cec44a28218ddaeb6dd59833	107f7134b918a67d5eb22f4aa170d01c
3216	8219f3493e037e1b4346b32136c29a5a	994acac4cec44a28218ddaeb6dd59833	107f7134b918a67d5eb22f4aa170d01c
3217	8219f3493e037e1b4346b32136c29a5a	994acac4cec44a28218ddaeb6dd59833	107f7134b918a67d5eb22f4aa170d01c
3218	2802ae19cfcf03ae88f53fcd97d4ebcb	9e6f266777710ccd0fe307d9db8366b1	ef618bad33723e1cf1f1615d691ac395
3219	2802ae19cfcf03ae88f53fcd97d4ebcb	9e6f266777710ccd0fe307d9db8366b1	ef618bad33723e1cf1f1615d691ac395
3220	2802ae19cfcf03ae88f53fcd97d4ebcb	9e6f266777710ccd0fe307d9db8366b1	ef618bad33723e1cf1f1615d691ac395
3221	2802ae19cfcf03ae88f53fcd97d4ebcb	9e6f266777710ccd0fe307d9db8366b1	ef618bad33723e1cf1f1615d691ac395
3222	1c540a66d92ed9f1299fad546611f275	587a955178817981c2e61515c1fb656d	91e0d341e14216fed8282a0577a58146
3223	26a158fabf97b82c4e14a4aefe631d64	9b7851baad9ab79853aa48a7679d7c40	d07aaca3e1303c89ed96c707018d7610
3224	26a158fabf97b82c4e14a4aefe631d64	9b7851baad9ab79853aa48a7679d7c40	d07aaca3e1303c89ed96c707018d7610
3225	26a158fabf97b82c4e14a4aefe631d64	9b7851baad9ab79853aa48a7679d7c40	d07aaca3e1303c89ed96c707018d7610
3226	26a158fabf97b82c4e14a4aefe631d64	9b7851baad9ab79853aa48a7679d7c40	d07aaca3e1303c89ed96c707018d7610
3227	26a158fabf97b82c4e14a4aefe631d64	9b7851baad9ab79853aa48a7679d7c40	d07aaca3e1303c89ed96c707018d7610
3228	26a158fabf97b82c4e14a4aefe631d64	9b7851baad9ab79853aa48a7679d7c40	d07aaca3e1303c89ed96c707018d7610
3229	26a158fabf97b82c4e14a4aefe631d64	9b7851baad9ab79853aa48a7679d7c40	d07aaca3e1303c89ed96c707018d7610
3230	7738a03dc3782c40a7f97e4fdb414885	17f197741cafb653195060dc8baddfc4	86aa6604b643ada904dd9bf42024b61c
3231	7738a03dc3782c40a7f97e4fdb414885	17f197741cafb653195060dc8baddfc4	86aa6604b643ada904dd9bf42024b61c
3232	7738a03dc3782c40a7f97e4fdb414885	17f197741cafb653195060dc8baddfc4	86aa6604b643ada904dd9bf42024b61c
3233	be7252bed5d91c20126a96213d463e5c	e4b2edd96d3821fec21150e50f120ca9	a142c560f4b6fb8b495d3ede50bf9433
3234	7738a03dc3782c40a7f97e4fdb414885	17f197741cafb653195060dc8baddfc4	86aa6604b643ada904dd9bf42024b61c
3235	abd65545790e3fad8650f85423a1d55f	201476304cb9f6bb47afbec22d5853f5	f2905a2c1a9f3b5bb982483c7dfbff53
3236	abd65545790e3fad8650f85423a1d55f	201476304cb9f6bb47afbec22d5853f5	f2905a2c1a9f3b5bb982483c7dfbff53
3237	abd65545790e3fad8650f85423a1d55f	201476304cb9f6bb47afbec22d5853f5	f2905a2c1a9f3b5bb982483c7dfbff53
3238	abd65545790e3fad8650f85423a1d55f	201476304cb9f6bb47afbec22d5853f5	f2905a2c1a9f3b5bb982483c7dfbff53
3239	abd65545790e3fad8650f85423a1d55f	201476304cb9f6bb47afbec22d5853f5	f2905a2c1a9f3b5bb982483c7dfbff53
3240	abd65545790e3fad8650f85423a1d55f	201476304cb9f6bb47afbec22d5853f5	f2905a2c1a9f3b5bb982483c7dfbff53
3241	abd65545790e3fad8650f85423a1d55f	201476304cb9f6bb47afbec22d5853f5	f2905a2c1a9f3b5bb982483c7dfbff53
3242	abd65545790e3fad8650f85423a1d55f	201476304cb9f6bb47afbec22d5853f5	f2905a2c1a9f3b5bb982483c7dfbff53
3243	abd65545790e3fad8650f85423a1d55f	201476304cb9f6bb47afbec22d5853f5	f2905a2c1a9f3b5bb982483c7dfbff53
3244	abd65545790e3fad8650f85423a1d55f	201476304cb9f6bb47afbec22d5853f5	f2905a2c1a9f3b5bb982483c7dfbff53
3245	abd65545790e3fad8650f85423a1d55f	201476304cb9f6bb47afbec22d5853f5	f2905a2c1a9f3b5bb982483c7dfbff53
3246	abd65545790e3fad8650f85423a1d55f	201476304cb9f6bb47afbec22d5853f5	f2905a2c1a9f3b5bb982483c7dfbff53
3247	4b8dde3707f1ebd00437da86a2719c70	c49ce783eb592810002c3f326bfd91af	79ebbef174a285735047757cbe9497cf
3248	4b8dde3707f1ebd00437da86a2719c70	c49ce783eb592810002c3f326bfd91af	79ebbef174a285735047757cbe9497cf
3249	4b8dde3707f1ebd00437da86a2719c70	c49ce783eb592810002c3f326bfd91af	79ebbef174a285735047757cbe9497cf
3250	4b8dde3707f1ebd00437da86a2719c70	c49ce783eb592810002c3f326bfd91af	79ebbef174a285735047757cbe9497cf
3251	4b8dde3707f1ebd00437da86a2719c70	c49ce783eb592810002c3f326bfd91af	79ebbef174a285735047757cbe9497cf
3252	0a64eac84622da099fac53c230648f29	7c15b1a619991524b9cf7972e5320430	bee43f44821ba5d982ca187d2adc1461
3253	0a64eac84622da099fac53c230648f29	7c15b1a619991524b9cf7972e5320430	bee43f44821ba5d982ca187d2adc1461
3254	0a64eac84622da099fac53c230648f29	7c15b1a619991524b9cf7972e5320430	bee43f44821ba5d982ca187d2adc1461
3255	870da212349dc32e2bba63a48da4fd54	45643f0447d5971f68f571d429f58abe	9677f3d47eb594d12a8025c2fa935e00
3256	870da212349dc32e2bba63a48da4fd54	45643f0447d5971f68f571d429f58abe	9677f3d47eb594d12a8025c2fa935e00
3257	55fc00be0a9dc13e31df032c743a6d15	920f56f2e2ccac1b263683930fc46e74	267e036f97275f01ecf8cd4b2ef7eaea
3258	55fc00be0a9dc13e31df032c743a6d15	920f56f2e2ccac1b263683930fc46e74	267e036f97275f01ecf8cd4b2ef7eaea
3259	ef4acaf9ad5d3dd8b3f825bbc84a8811	63c4fd52ec930fd5ac729bc0e0f64473	54b6364c070ada688d53ba63d8139f9c
3260	ef4acaf9ad5d3dd8b3f825bbc84a8811	63c4fd52ec930fd5ac729bc0e0f64473	54b6364c070ada688d53ba63d8139f9c
3261	ef4acaf9ad5d3dd8b3f825bbc84a8811	63c4fd52ec930fd5ac729bc0e0f64473	54b6364c070ada688d53ba63d8139f9c
3262	ef4acaf9ad5d3dd8b3f825bbc84a8811	8574a10512e2393443026469a2a454f5	0175da0b2b5e0e1c05e8c4a105641e29
3263	ef4acaf9ad5d3dd8b3f825bbc84a8811	7af52f363afdd511884e47e8c57c94e7	353aca42367388941512e8e4a21ac15d
3264	43be6d76b797de0ad0a282adebd0bf99	6f59d30c43692a6984bba63393a8e4e1	5ecb8e442421e7a34ef1ee0437eb6694
3265	43be6d76b797de0ad0a282adebd0bf99	6f59d30c43692a6984bba63393a8e4e1	5ecb8e442421e7a34ef1ee0437eb6694
3266	43be6d76b797de0ad0a282adebd0bf99	6f59d30c43692a6984bba63393a8e4e1	5ecb8e442421e7a34ef1ee0437eb6694
3267	43be6d76b797de0ad0a282adebd0bf99	6f59d30c43692a6984bba63393a8e4e1	5ecb8e442421e7a34ef1ee0437eb6694
3268	43be6d76b797de0ad0a282adebd0bf99	6f59d30c43692a6984bba63393a8e4e1	5ecb8e442421e7a34ef1ee0437eb6694
3269	43be6d76b797de0ad0a282adebd0bf99	6f59d30c43692a6984bba63393a8e4e1	5ecb8e442421e7a34ef1ee0437eb6694
3270	43be6d76b797de0ad0a282adebd0bf99	6f59d30c43692a6984bba63393a8e4e1	5ecb8e442421e7a34ef1ee0437eb6694
3271	d67b25b400dc39d98b47be456fb42bd1	9569876b15202587dba97fd1844dbc7e	edc39c34e8c06427b0da8eb37dff5ac5
3272	d67b25b400dc39d98b47be456fb42bd1	9569876b15202587dba97fd1844dbc7e	edc39c34e8c06427b0da8eb37dff5ac5
3273	d67b25b400dc39d98b47be456fb42bd1	9569876b15202587dba97fd1844dbc7e	edc39c34e8c06427b0da8eb37dff5ac5
3274	d67b25b400dc39d98b47be456fb42bd1	9569876b15202587dba97fd1844dbc7e	edc39c34e8c06427b0da8eb37dff5ac5
3275	d67b25b400dc39d98b47be456fb42bd1	9569876b15202587dba97fd1844dbc7e	edc39c34e8c06427b0da8eb37dff5ac5
3276	d67b25b400dc39d98b47be456fb42bd1	9569876b15202587dba97fd1844dbc7e	edc39c34e8c06427b0da8eb37dff5ac5
3277	d67b25b400dc39d98b47be456fb42bd1	9569876b15202587dba97fd1844dbc7e	edc39c34e8c06427b0da8eb37dff5ac5
3278	d67b25b400dc39d98b47be456fb42bd1	9569876b15202587dba97fd1844dbc7e	edc39c34e8c06427b0da8eb37dff5ac5
3279	d67b25b400dc39d98b47be456fb42bd1	9569876b15202587dba97fd1844dbc7e	edc39c34e8c06427b0da8eb37dff5ac5
3280	d67b25b400dc39d98b47be456fb42bd1	9569876b15202587dba97fd1844dbc7e	edc39c34e8c06427b0da8eb37dff5ac5
3281	46c0f8c3d5b78f27563d5ed41e631cde	c16aa0585191433e38ea37c5dd6d666f	5e0e2b5a5c9245e7a82c6174f75f8b72
3282	46c0f8c3d5b78f27563d5ed41e631cde	c16aa0585191433e38ea37c5dd6d666f	5e0e2b5a5c9245e7a82c6174f75f8b72
3283	46c0f8c3d5b78f27563d5ed41e631cde	c16aa0585191433e38ea37c5dd6d666f	5e0e2b5a5c9245e7a82c6174f75f8b72
3284	46c0f8c3d5b78f27563d5ed41e631cde	c16aa0585191433e38ea37c5dd6d666f	5e0e2b5a5c9245e7a82c6174f75f8b72
3285	46c0f8c3d5b78f27563d5ed41e631cde	c16aa0585191433e38ea37c5dd6d666f	5e0e2b5a5c9245e7a82c6174f75f8b72
3286	46c0f8c3d5b78f27563d5ed41e631cde	c16aa0585191433e38ea37c5dd6d666f	5e0e2b5a5c9245e7a82c6174f75f8b72
3287	46c0f8c3d5b78f27563d5ed41e631cde	c16aa0585191433e38ea37c5dd6d666f	5e0e2b5a5c9245e7a82c6174f75f8b72
3288	04e9784c9811f269f933f020c6156f31	9e2d2512915a82cc22d2f90e338d1ebd	780436c92e30a8f5f0bd6963690c0f50
3289	04e9784c9811f269f933f020c6156f31	9e2d2512915a82cc22d2f90e338d1ebd	780436c92e30a8f5f0bd6963690c0f50
3290	04e9784c9811f269f933f020c6156f31	9e2d2512915a82cc22d2f90e338d1ebd	780436c92e30a8f5f0bd6963690c0f50
3291	04e9784c9811f269f933f020c6156f31	9e2d2512915a82cc22d2f90e338d1ebd	780436c92e30a8f5f0bd6963690c0f50
3292	04e9784c9811f269f933f020c6156f31	9e2d2512915a82cc22d2f90e338d1ebd	780436c92e30a8f5f0bd6963690c0f50
3293	e3b10164791c0b82ef1181a0ea70d215	efd3eea68c8804ae6240a74d71f657ff	b70ea4d752806ea7b0b473af8169f8f8
3294	e3b10164791c0b82ef1181a0ea70d215	efd3eea68c8804ae6240a74d71f657ff	b70ea4d752806ea7b0b473af8169f8f8
3295	e3b10164791c0b82ef1181a0ea70d215	efd3eea68c8804ae6240a74d71f657ff	b70ea4d752806ea7b0b473af8169f8f8
3296	e3b10164791c0b82ef1181a0ea70d215	efd3eea68c8804ae6240a74d71f657ff	b70ea4d752806ea7b0b473af8169f8f8
3297	e3b10164791c0b82ef1181a0ea70d215	efd3eea68c8804ae6240a74d71f657ff	b70ea4d752806ea7b0b473af8169f8f8
3298	e3b10164791c0b82ef1181a0ea70d215	efd3eea68c8804ae6240a74d71f657ff	b70ea4d752806ea7b0b473af8169f8f8
3299	e3b10164791c0b82ef1181a0ea70d215	efd3eea68c8804ae6240a74d71f657ff	b70ea4d752806ea7b0b473af8169f8f8
3300	37619c25108be815c419bf95088715a8	c7b4e6228b7e3f1b1d6ae7f49c1b7a2c	26faa7aefb5276a69214e43f265aa40b
3301	e3b10164791c0b82ef1181a0ea70d215	efd3eea68c8804ae6240a74d71f657ff	b70ea4d752806ea7b0b473af8169f8f8
3302	e3b10164791c0b82ef1181a0ea70d215	efd3eea68c8804ae6240a74d71f657ff	b70ea4d752806ea7b0b473af8169f8f8
3303	e3b10164791c0b82ef1181a0ea70d215	efd3eea68c8804ae6240a74d71f657ff	b70ea4d752806ea7b0b473af8169f8f8
3304	e3b10164791c0b82ef1181a0ea70d215	efd3eea68c8804ae6240a74d71f657ff	b70ea4d752806ea7b0b473af8169f8f8
3305	e3b10164791c0b82ef1181a0ea70d215	efd3eea68c8804ae6240a74d71f657ff	b70ea4d752806ea7b0b473af8169f8f8
3306	e3b10164791c0b82ef1181a0ea70d215	efd3eea68c8804ae6240a74d71f657ff	b70ea4d752806ea7b0b473af8169f8f8
3307	e3b10164791c0b82ef1181a0ea70d215	efd3eea68c8804ae6240a74d71f657ff	b70ea4d752806ea7b0b473af8169f8f8
3308	e3b10164791c0b82ef1181a0ea70d215	efd3eea68c8804ae6240a74d71f657ff	b70ea4d752806ea7b0b473af8169f8f8
3309	e3b10164791c0b82ef1181a0ea70d215	efd3eea68c8804ae6240a74d71f657ff	b70ea4d752806ea7b0b473af8169f8f8
3310	80e750309c6b00f6740467baf8663b16	f816b138ad42bc5892006f96299c20e8	b6e18d61eca9600dd090c9663aedf72a
3311	80e750309c6b00f6740467baf8663b16	f816b138ad42bc5892006f96299c20e8	b6e18d61eca9600dd090c9663aedf72a
3312	80e750309c6b00f6740467baf8663b16	f816b138ad42bc5892006f96299c20e8	b6e18d61eca9600dd090c9663aedf72a
3313	80e750309c6b00f6740467baf8663b16	f816b138ad42bc5892006f96299c20e8	b6e18d61eca9600dd090c9663aedf72a
3314	80e750309c6b00f6740467baf8663b16	f816b138ad42bc5892006f96299c20e8	b6e18d61eca9600dd090c9663aedf72a
3315	80e750309c6b00f6740467baf8663b16	f816b138ad42bc5892006f96299c20e8	b6e18d61eca9600dd090c9663aedf72a
3316	80e750309c6b00f6740467baf8663b16	f816b138ad42bc5892006f96299c20e8	b6e18d61eca9600dd090c9663aedf72a
3317	f7fb5790d4194c24fe09bf93487ddd2f	2b56e1a4b1c232424ed822a3c4a775e1	fc7d6fdeeeaaa1072aaf60f3250f696e
3318	f7fb5790d4194c24fe09bf93487ddd2f	2b56e1a4b1c232424ed822a3c4a775e1	fc7d6fdeeeaaa1072aaf60f3250f696e
3319	f7fb5790d4194c24fe09bf93487ddd2f	2b56e1a4b1c232424ed822a3c4a775e1	fc7d6fdeeeaaa1072aaf60f3250f696e
3320	77b635c575517eab1fb08e36551235df	9d7989d14dc95ded2d0bb714f91b22b8	f0793e9bf45b3ef317d7527a102d08d2
3321	77b635c575517eab1fb08e36551235df	9d7989d14dc95ded2d0bb714f91b22b8	f0793e9bf45b3ef317d7527a102d08d2
3322	681058ddb91f26c763cee4ce5fceef1c	01b6512c96f753a2f9d80c6020a416ad	dfdd6ed4ae3803605e73bf43b1a3ab9a
3323	681058ddb91f26c763cee4ce5fceef1c	01b6512c96f753a2f9d80c6020a416ad	dfdd6ed4ae3803605e73bf43b1a3ab9a
3324	681058ddb91f26c763cee4ce5fceef1c	01b6512c96f753a2f9d80c6020a416ad	dfdd6ed4ae3803605e73bf43b1a3ab9a
3325	6ae4f9fa28cf7bd629656de6f5c8161a	231a49af7761eeb1bcb1377e1af2f9aa	912ef46acbdcc484ad5af8b431adf26a
3326	b0e48804aa6dfd3501173d64a40f07d5	2d9455402a0b2d796cf047a100b6e9e8	991ad954338228e6eca94585a6353f7c
3327	6ae4f9fa28cf7bd629656de6f5c8161a	231a49af7761eeb1bcb1377e1af2f9aa	912ef46acbdcc484ad5af8b431adf26a
3328	6ae4f9fa28cf7bd629656de6f5c8161a	231a49af7761eeb1bcb1377e1af2f9aa	912ef46acbdcc484ad5af8b431adf26a
3329	6715e6ede67b91c198c1cf08f803efbb	0a2eda78ea646402e98576042d08d1c0	358125c5a46ce89a4447d90b4f3ae5ac
3330	05c090c157c4d1917fccc21c5222e430	da4e002a38579406d335adff4296df59	f0dd3658dd3efd54ddddc4caa429821a
3331	05c090c157c4d1917fccc21c5222e430	da4e002a38579406d335adff4296df59	f0dd3658dd3efd54ddddc4caa429821a
3332	02b06cc3dad3b2b674a9161cdbbd2581	cf52bb800ca85f06ab463c9b57b94273	cc5c4fd3295eea215350000d03ada692
3333	02b06cc3dad3b2b674a9161cdbbd2581	cf52bb800ca85f06ab463c9b57b94273	cc5c4fd3295eea215350000d03ada692
3334	7ed322d868f585d0ffe2c542fead453f	6872709a838d3736f63d07d38d84de24	db7d1f24c1c3ec23e5525acf20d71aa9
3335	7ed322d868f585d0ffe2c542fead453f	6872709a838d3736f63d07d38d84de24	db7d1f24c1c3ec23e5525acf20d71aa9
3336	7ed322d868f585d0ffe2c542fead453f	6872709a838d3736f63d07d38d84de24	db7d1f24c1c3ec23e5525acf20d71aa9
3337	7ed322d868f585d0ffe2c542fead453f	6872709a838d3736f63d07d38d84de24	db7d1f24c1c3ec23e5525acf20d71aa9
3338	7ed322d868f585d0ffe2c542fead453f	6872709a838d3736f63d07d38d84de24	db7d1f24c1c3ec23e5525acf20d71aa9
3339	7ed322d868f585d0ffe2c542fead453f	6872709a838d3736f63d07d38d84de24	db7d1f24c1c3ec23e5525acf20d71aa9
3340	7ed322d868f585d0ffe2c542fead453f	6872709a838d3736f63d07d38d84de24	db7d1f24c1c3ec23e5525acf20d71aa9
3341	7b36e47aa32b2abfc11758447a77cdcb	9b5e77a6e916f7a1a91919e478ff77a7	d8738ee234d906af084e429eb80d754e
3342	7b36e47aa32b2abfc11758447a77cdcb	9b5e77a6e916f7a1a91919e478ff77a7	d8738ee234d906af084e429eb80d754e
3343	7b36e47aa32b2abfc11758447a77cdcb	9b5e77a6e916f7a1a91919e478ff77a7	d8738ee234d906af084e429eb80d754e
3344	7b36e47aa32b2abfc11758447a77cdcb	9b5e77a6e916f7a1a91919e478ff77a7	d8738ee234d906af084e429eb80d754e
3345	7b36e47aa32b2abfc11758447a77cdcb	9b5e77a6e916f7a1a91919e478ff77a7	d8738ee234d906af084e429eb80d754e
3346	7b36e47aa32b2abfc11758447a77cdcb	9b5e77a6e916f7a1a91919e478ff77a7	d8738ee234d906af084e429eb80d754e
3347	7b36e47aa32b2abfc11758447a77cdcb	9b5e77a6e916f7a1a91919e478ff77a7	d8738ee234d906af084e429eb80d754e
3348	7b36e47aa32b2abfc11758447a77cdcb	9b5e77a6e916f7a1a91919e478ff77a7	d8738ee234d906af084e429eb80d754e
3349	7b36e47aa32b2abfc11758447a77cdcb	9b5e77a6e916f7a1a91919e478ff77a7	d8738ee234d906af084e429eb80d754e
3350	7b36e47aa32b2abfc11758447a77cdcb	9b5e77a6e916f7a1a91919e478ff77a7	d8738ee234d906af084e429eb80d754e
3351	7a55b926417391272ba8a37e7bf19bc2	b92173e710934e039b4caa4912638a09	2bd298caf5894bd227e5bad6a991f72f
3352	7a55b926417391272ba8a37e7bf19bc2	b92173e710934e039b4caa4912638a09	2bd298caf5894bd227e5bad6a991f72f
3353	7a55b926417391272ba8a37e7bf19bc2	b92173e710934e039b4caa4912638a09	2bd298caf5894bd227e5bad6a991f72f
3354	7a55b926417391272ba8a37e7bf19bc2	b92173e710934e039b4caa4912638a09	2bd298caf5894bd227e5bad6a991f72f
3355	7a55b926417391272ba8a37e7bf19bc2	b92173e710934e039b4caa4912638a09	2bd298caf5894bd227e5bad6a991f72f
3356	7a55b926417391272ba8a37e7bf19bc2	b92173e710934e039b4caa4912638a09	2bd298caf5894bd227e5bad6a991f72f
3357	7a55b926417391272ba8a37e7bf19bc2	b92173e710934e039b4caa4912638a09	2bd298caf5894bd227e5bad6a991f72f
3358	efb980a1aa732745a74ab8aa22734096	575baf09869373ca829b4ab70610b3eb	49d3a61fd56410c92e5f44224ba84378
3359	efb980a1aa732745a74ab8aa22734096	575baf09869373ca829b4ab70610b3eb	49d3a61fd56410c92e5f44224ba84378
3360	efb980a1aa732745a74ab8aa22734096	575baf09869373ca829b4ab70610b3eb	49d3a61fd56410c92e5f44224ba84378
3361	efb980a1aa732745a74ab8aa22734096	575baf09869373ca829b4ab70610b3eb	49d3a61fd56410c92e5f44224ba84378
3362	efb980a1aa732745a74ab8aa22734096	575baf09869373ca829b4ab70610b3eb	49d3a61fd56410c92e5f44224ba84378
3363	b9d3a70c2e55840f3023120f33b2cc05	62c5012f6fd8886c1e8863bff6314314	157c0148294391aea98781143e4c7ef0
3364	bd9041d4f29d0f8ebbfe04d89ec6dc85	5463328c57eff4d9a01020ce30eae72e	34a56c11be95cb69c5c53525ccd40646
3365	3f7174974bc2705fd7eb4257bfcc2948	374537eb0dd559124d6da7234647114f	c64106cd9d36832a9fb3d8a641c16d87
3366	13a79c7f456b91dc8a3ecc238b2a5597	cb4f770753720bb9ff388236bdfc63e6	04c739133f53549976ce529aec36b186
3367	8066aef8176aadd3c1d4f982994306e4	d756d2415b9c47e9d3a2215c74f6aadc	136e85bd4314a4439a4d9bbca23382a0
3368	caccd1a57d708f320cd14044e5f726d8	076576aaa9fbc14d0bfa61e41707eadb	670ad167561f0f7c2ae6074d2352f322
3369	8ce1b21151ec26efb0c16dd8c9a4be46	312e660094efa96d522aa58be67a86f6	0945f3cfa637338f8946ef9271cf3f15
3370	cbf43239ceebacc8ac1261899c936b01	01866a034d0f6f63c26ef600bf72fb85	f5e7876f246e242de4ad8b32b4be1819
3371	f935e968c2b2e9b7e6ad5e090774f826	42151539aac1c39a39a27737a4acdc81	3a3f76099ff7a00e0b95e9c6724c44f1
3372	f935e968c2b2e9b7e6ad5e090774f826	42151539aac1c39a39a27737a4acdc81	3a3f76099ff7a00e0b95e9c6724c44f1
3373	3ab159c3040727a32bd0d93ac45f0e07	a8124ea002b4d515fb2531254ec0a8cb	76972f41e0cda987a7b27676f154991f
3374	0fa391e4e09cd6e00cfa0b20b920b36c	e05006a9ff2207e419b3e2c369fa3a78	1ccbdd638b44be0084a5a78335aca238
3375	aee16558545bd1893cda3f59b1b87ae1	7d16220ef310214867e7210bc98ccff9	1ec9d82ed5113c7e6ed7f07c7187cb65
3376	47b690caa73d6f94572b0e13b8db6381	a755466e5fd3737cadce238b6b386d35	44d56e7ac78599b37c2983885697d04a
3377	893677098c713cb50b145084dba08f40	5794187e4bbb2883f75f115fbfe7bd49	ac8a2b9dcf084e31a49a7f32ba21ea3d
3378	47b690caa73d6f94572b0e13b8db6381	a755466e5fd3737cadce238b6b386d35	44d56e7ac78599b37c2983885697d04a
3379	e2eea7733ab0fc19d45a8d8d236a6127	7463ec5ae69c7dbaaa6df58aa815d3f6	4ccbdb342a64907247ed937635cd1166
3380	522884fa3e98fa9f6ad084539a2e664b	9dde084437823b6be81df38ae714c7b7	003d6af6b3648c13e55e4dbc174a0fcb
3381	522884fa3e98fa9f6ad084539a2e664b	9dde084437823b6be81df38ae714c7b7	003d6af6b3648c13e55e4dbc174a0fcb
3382	522884fa3e98fa9f6ad084539a2e664b	9dde084437823b6be81df38ae714c7b7	003d6af6b3648c13e55e4dbc174a0fcb
3383	522884fa3e98fa9f6ad084539a2e664b	9dde084437823b6be81df38ae714c7b7	003d6af6b3648c13e55e4dbc174a0fcb
3384	522884fa3e98fa9f6ad084539a2e664b	9dde084437823b6be81df38ae714c7b7	003d6af6b3648c13e55e4dbc174a0fcb
3385	522884fa3e98fa9f6ad084539a2e664b	9dde084437823b6be81df38ae714c7b7	003d6af6b3648c13e55e4dbc174a0fcb
3386	522884fa3e98fa9f6ad084539a2e664b	9dde084437823b6be81df38ae714c7b7	003d6af6b3648c13e55e4dbc174a0fcb
3387	127bedc524e5f2fefba72d57d9381c6d	d997bc5e57c745e037a81acce07fb07e	5544584673df3430b7c0330b1d9074cd
3388	127bedc524e5f2fefba72d57d9381c6d	d997bc5e57c745e037a81acce07fb07e	5544584673df3430b7c0330b1d9074cd
3389	127bedc524e5f2fefba72d57d9381c6d	d997bc5e57c745e037a81acce07fb07e	5544584673df3430b7c0330b1d9074cd
3390	fdc199ce4b98c51f24be763d92d2917b	5823641a3ea35cca58148ef6dc53c4a0	36278df007be06866fc9745eee47f9d3
3391	fdc199ce4b98c51f24be763d92d2917b	5823641a3ea35cca58148ef6dc53c4a0	36278df007be06866fc9745eee47f9d3
3392	d1311911b6c934aff1ac14625a90a31d	a85440d2db5a76e9283b7e4253ebd8ff	40ac00e7368da4df50cf2510e4b4d726
3393	d1311911b6c934aff1ac14625a90a31d	a85440d2db5a76e9283b7e4253ebd8ff	40ac00e7368da4df50cf2510e4b4d726
3394	d1311911b6c934aff1ac14625a90a31d	a85440d2db5a76e9283b7e4253ebd8ff	40ac00e7368da4df50cf2510e4b4d726
3395	9f04edfa40bf50d2df719f267f551269	af3283950d41c61b82907286f5e7302b	97ce4b425799774f33066f375ff47813
3396	d2db736e62b468f1fb2e1e1e8d3e4ff3	dbc618c342432134d604e2f5386a4b15	2d34361f8cbc3266b3931fc3751132a1
3397	96dca617ac6615c4e764f2e7ecd85d4b	c3776bc0a437fa70757b788e3dd1608f	3fa8d452f88783a4ece0012b4a0abf67
3398	96dca617ac6615c4e764f2e7ecd85d4b	c3776bc0a437fa70757b788e3dd1608f	3fa8d452f88783a4ece0012b4a0abf67
3399	e00bd1e7c55aa22acf802fcc99ebd369	ab20314ac9b90b6520631eebd6fac242	da63a9451da911e4cd2eb81af09a0c30
3400	e00bd1e7c55aa22acf802fcc99ebd369	ab20314ac9b90b6520631eebd6fac242	da63a9451da911e4cd2eb81af09a0c30
3401	e00bd1e7c55aa22acf802fcc99ebd369	ab20314ac9b90b6520631eebd6fac242	da63a9451da911e4cd2eb81af09a0c30
3402	396c1fc0966d30bc38e72e8fdbc6c0f3	ffe4ab80004ba6f882e32a42a0fbbbc5	56456af101719ab4402b67546e095ad5
3403	e00bd1e7c55aa22acf802fcc99ebd369	ab20314ac9b90b6520631eebd6fac242	da63a9451da911e4cd2eb81af09a0c30
3404	4eed96a4efbc6ce1a04eaea689a8a826	4a943961ac4bd844c843fb8ca4af9596	4093957c734c38bf0fe55d83871b9d41
3405	4eed96a4efbc6ce1a04eaea689a8a826	4a943961ac4bd844c843fb8ca4af9596	4093957c734c38bf0fe55d83871b9d41
3406	4eed96a4efbc6ce1a04eaea689a8a826	4a943961ac4bd844c843fb8ca4af9596	4093957c734c38bf0fe55d83871b9d41
3407	4eed96a4efbc6ce1a04eaea689a8a826	4a943961ac4bd844c843fb8ca4af9596	4093957c734c38bf0fe55d83871b9d41
3408	4eed96a4efbc6ce1a04eaea689a8a826	4a943961ac4bd844c843fb8ca4af9596	4093957c734c38bf0fe55d83871b9d41
3409	4eed96a4efbc6ce1a04eaea689a8a826	4a943961ac4bd844c843fb8ca4af9596	4093957c734c38bf0fe55d83871b9d41
3410	4eed96a4efbc6ce1a04eaea689a8a826	4a943961ac4bd844c843fb8ca4af9596	4093957c734c38bf0fe55d83871b9d41
3411	4eed96a4efbc6ce1a04eaea689a8a826	4a943961ac4bd844c843fb8ca4af9596	4093957c734c38bf0fe55d83871b9d41
3412	4eed96a4efbc6ce1a04eaea689a8a826	4a943961ac4bd844c843fb8ca4af9596	4093957c734c38bf0fe55d83871b9d41
3413	4eed96a4efbc6ce1a04eaea689a8a826	4a943961ac4bd844c843fb8ca4af9596	4093957c734c38bf0fe55d83871b9d41
3414	4eed96a4efbc6ce1a04eaea689a8a826	4a943961ac4bd844c843fb8ca4af9596	4093957c734c38bf0fe55d83871b9d41
3415	4eed96a4efbc6ce1a04eaea689a8a826	4a943961ac4bd844c843fb8ca4af9596	4093957c734c38bf0fe55d83871b9d41
3416	5262f750fbc98450230334eb821cbd25	cf06de15da51bd344c944a4054e42ea9	271ac09ee068bcc8ad6cefcacbe7e092
3417	5262f750fbc98450230334eb821cbd25	cf06de15da51bd344c944a4054e42ea9	271ac09ee068bcc8ad6cefcacbe7e092
3418	5262f750fbc98450230334eb821cbd25	cf06de15da51bd344c944a4054e42ea9	271ac09ee068bcc8ad6cefcacbe7e092
3419	5262f750fbc98450230334eb821cbd25	cf06de15da51bd344c944a4054e42ea9	271ac09ee068bcc8ad6cefcacbe7e092
3420	5262f750fbc98450230334eb821cbd25	cf06de15da51bd344c944a4054e42ea9	271ac09ee068bcc8ad6cefcacbe7e092
3421	562d48183aebef1398fc8af9dff3922c	082116496a1889794ca90da1af31132b	122ab7bd0f6674a6400b16ee5ddf99a3
3422	562d48183aebef1398fc8af9dff3922c	082116496a1889794ca90da1af31132b	122ab7bd0f6674a6400b16ee5ddf99a3
3423	562d48183aebef1398fc8af9dff3922c	082116496a1889794ca90da1af31132b	122ab7bd0f6674a6400b16ee5ddf99a3
3424	562d48183aebef1398fc8af9dff3922c	082116496a1889794ca90da1af31132b	122ab7bd0f6674a6400b16ee5ddf99a3
3425	562d48183aebef1398fc8af9dff3922c	082116496a1889794ca90da1af31132b	122ab7bd0f6674a6400b16ee5ddf99a3
3426	562d48183aebef1398fc8af9dff3922c	082116496a1889794ca90da1af31132b	122ab7bd0f6674a6400b16ee5ddf99a3
3427	562d48183aebef1398fc8af9dff3922c	082116496a1889794ca90da1af31132b	122ab7bd0f6674a6400b16ee5ddf99a3
3428	562d48183aebef1398fc8af9dff3922c	082116496a1889794ca90da1af31132b	122ab7bd0f6674a6400b16ee5ddf99a3
3429	562d48183aebef1398fc8af9dff3922c	082116496a1889794ca90da1af31132b	122ab7bd0f6674a6400b16ee5ddf99a3
3430	562d48183aebef1398fc8af9dff3922c	082116496a1889794ca90da1af31132b	122ab7bd0f6674a6400b16ee5ddf99a3
3431	562d48183aebef1398fc8af9dff3922c	082116496a1889794ca90da1af31132b	122ab7bd0f6674a6400b16ee5ddf99a3
3432	562d48183aebef1398fc8af9dff3922c	082116496a1889794ca90da1af31132b	122ab7bd0f6674a6400b16ee5ddf99a3
3433	371179108b791a1021ec5bbed28fca25	6b58c05c373ee81b9e51448c917420c3	7ff0c14a4d446e307aca91fcb2165772
3434	371179108b791a1021ec5bbed28fca25	6b58c05c373ee81b9e51448c917420c3	7ff0c14a4d446e307aca91fcb2165772
3435	371179108b791a1021ec5bbed28fca25	6b58c05c373ee81b9e51448c917420c3	7ff0c14a4d446e307aca91fcb2165772
3436	371179108b791a1021ec5bbed28fca25	6b58c05c373ee81b9e51448c917420c3	7ff0c14a4d446e307aca91fcb2165772
3437	371179108b791a1021ec5bbed28fca25	6b58c05c373ee81b9e51448c917420c3	7ff0c14a4d446e307aca91fcb2165772
3438	371179108b791a1021ec5bbed28fca25	6b58c05c373ee81b9e51448c917420c3	7ff0c14a4d446e307aca91fcb2165772
3439	371179108b791a1021ec5bbed28fca25	6b58c05c373ee81b9e51448c917420c3	7ff0c14a4d446e307aca91fcb2165772
3440	638af1afccdc58af3007ba947ca019d1	ee46df64d87315ad5a1b5cb8a809a537	f2c393422631200777cef5e49d0d3e16
3441	638af1afccdc58af3007ba947ca019d1	ee46df64d87315ad5a1b5cb8a809a537	f2c393422631200777cef5e49d0d3e16
3442	638af1afccdc58af3007ba947ca019d1	ee46df64d87315ad5a1b5cb8a809a537	f2c393422631200777cef5e49d0d3e16
3443	d219981238672676617e3a80b7936d8f	d33f549304e65df779cb67a555a9f7ef	65c46308abd758ec5f65f8f37f7a8d00
3444	d219981238672676617e3a80b7936d8f	d33f549304e65df779cb67a555a9f7ef	65c46308abd758ec5f65f8f37f7a8d00
3445	638af1afccdc58af3007ba947ca019d1	ee46df64d87315ad5a1b5cb8a809a537	f2c393422631200777cef5e49d0d3e16
3446	638af1afccdc58af3007ba947ca019d1	ee46df64d87315ad5a1b5cb8a809a537	f2c393422631200777cef5e49d0d3e16
3447	638af1afccdc58af3007ba947ca019d1	ee46df64d87315ad5a1b5cb8a809a537	f2c393422631200777cef5e49d0d3e16
3448	048035138fd77651803bcf8e1ef32e19	a44674390772e74f5c1f5d6987137585	321edaee79f97a13a231de32d3d59edd
3449	98581210ceaf9f227ceb6506bb1010f6	1e73c0fd02266c83c637440fba8964fd	89c95a20aae8a818c215dc4d1c9545bc
3450	3eb8f5e1d720dff6dbf8fc6176b40b62	2e40a7a03de692503d70567e8733269a	c4768c8f6cedbed5740ebec944b80bca
3451	3eb8f5e1d720dff6dbf8fc6176b40b62	2e40a7a03de692503d70567e8733269a	c4768c8f6cedbed5740ebec944b80bca
3452	3eb8f5e1d720dff6dbf8fc6176b40b62	2e40a7a03de692503d70567e8733269a	c4768c8f6cedbed5740ebec944b80bca
3453	3eb8f5e1d720dff6dbf8fc6176b40b62	2e40a7a03de692503d70567e8733269a	c4768c8f6cedbed5740ebec944b80bca
3454	3eb8f5e1d720dff6dbf8fc6176b40b62	2e40a7a03de692503d70567e8733269a	c4768c8f6cedbed5740ebec944b80bca
3455	3eb8f5e1d720dff6dbf8fc6176b40b62	2e40a7a03de692503d70567e8733269a	c4768c8f6cedbed5740ebec944b80bca
3456	3eb8f5e1d720dff6dbf8fc6176b40b62	2e40a7a03de692503d70567e8733269a	c4768c8f6cedbed5740ebec944b80bca
3457	004fbfecffb53f84aa9303fd90bfd30d	35563b821cf2ee2cc6aa0461a0896625	e62e21294d621eb76d0a0a5a71440488
3458	8fa2ad0fe55621cc48fefc0935c70f64	7441793c03088de4e3cc7fed36aa43ec	9e8b5263a59dcda72d33cc727d1a5069
3459	931607ea7705a5745b9a5399c7eaefd3	ed37c8f8263bfadf8a1dad55f5ac2864	ba5e8de370fad1023e815f66e9cbc0f5
3460	2f8a8172e24d648dfecfe356fe0e8e1d	958bd1ddbcae89e7908f5618917e2cb2	ac9ab122e6cbaa68587b19f07c5c5f37
3461	1d967e423ec2cbab3d70cc3ce4af7c57	cf6344a7d055801d9bbf9dcc4034cbed	8d110b1d44492a0236357350709ba968
3462	1544cf60c88eb9a52625ad38c999c076	cb98ac7604bc9a442947650e9fddb953	48fc0f6789e732df7f9072a0b6446649
3463	1544cf60c88eb9a52625ad38c999c076	cb98ac7604bc9a442947650e9fddb953	48fc0f6789e732df7f9072a0b6446649
3464	1544cf60c88eb9a52625ad38c999c076	cb98ac7604bc9a442947650e9fddb953	48fc0f6789e732df7f9072a0b6446649
3465	1544cf60c88eb9a52625ad38c999c076	cb98ac7604bc9a442947650e9fddb953	48fc0f6789e732df7f9072a0b6446649
3466	1544cf60c88eb9a52625ad38c999c076	cb98ac7604bc9a442947650e9fddb953	48fc0f6789e732df7f9072a0b6446649
3467	1544cf60c88eb9a52625ad38c999c076	cb98ac7604bc9a442947650e9fddb953	48fc0f6789e732df7f9072a0b6446649
3468	1544cf60c88eb9a52625ad38c999c076	cb98ac7604bc9a442947650e9fddb953	48fc0f6789e732df7f9072a0b6446649
3469	1544cf60c88eb9a52625ad38c999c076	cb98ac7604bc9a442947650e9fddb953	48fc0f6789e732df7f9072a0b6446649
3470	1544cf60c88eb9a52625ad38c999c076	cb98ac7604bc9a442947650e9fddb953	48fc0f6789e732df7f9072a0b6446649
3471	1544cf60c88eb9a52625ad38c999c076	cb98ac7604bc9a442947650e9fddb953	48fc0f6789e732df7f9072a0b6446649
3472	1544cf60c88eb9a52625ad38c999c076	cb98ac7604bc9a442947650e9fddb953	48fc0f6789e732df7f9072a0b6446649
3473	1544cf60c88eb9a52625ad38c999c076	cb98ac7604bc9a442947650e9fddb953	48fc0f6789e732df7f9072a0b6446649
3474	1544cf60c88eb9a52625ad38c999c076	cb98ac7604bc9a442947650e9fddb953	48fc0f6789e732df7f9072a0b6446649
3475	1544cf60c88eb9a52625ad38c999c076	cb98ac7604bc9a442947650e9fddb953	48fc0f6789e732df7f9072a0b6446649
3476	1544cf60c88eb9a52625ad38c999c076	cb98ac7604bc9a442947650e9fddb953	48fc0f6789e732df7f9072a0b6446649
3477	1544cf60c88eb9a52625ad38c999c076	cb98ac7604bc9a442947650e9fddb953	48fc0f6789e732df7f9072a0b6446649
3478	1544cf60c88eb9a52625ad38c999c076	cb98ac7604bc9a442947650e9fddb953	48fc0f6789e732df7f9072a0b6446649
3479	ff0c6bbfce5c15f593c2a38f07b141bb	656c3c385a8e4fed120264e277a8a762	b235bced8606d1445727c2a1bdfebfbc
3480	ff0c6bbfce5c15f593c2a38f07b141bb	656c3c385a8e4fed120264e277a8a762	b235bced8606d1445727c2a1bdfebfbc
3481	ff0c6bbfce5c15f593c2a38f07b141bb	656c3c385a8e4fed120264e277a8a762	b235bced8606d1445727c2a1bdfebfbc
3482	ff0c6bbfce5c15f593c2a38f07b141bb	656c3c385a8e4fed120264e277a8a762	b235bced8606d1445727c2a1bdfebfbc
3483	ff0c6bbfce5c15f593c2a38f07b141bb	656c3c385a8e4fed120264e277a8a762	b235bced8606d1445727c2a1bdfebfbc
3484	ff0c6bbfce5c15f593c2a38f07b141bb	656c3c385a8e4fed120264e277a8a762	b235bced8606d1445727c2a1bdfebfbc
3485	ff0c6bbfce5c15f593c2a38f07b141bb	656c3c385a8e4fed120264e277a8a762	b235bced8606d1445727c2a1bdfebfbc
3486	d07663c95e2053dfb342d88a5cc2f84f	9fa679d1ac5aaddb2b0c33013dfa0804	b62656d0d031f6b4fa2cccea4a301b73
3487	d07663c95e2053dfb342d88a5cc2f84f	9fa679d1ac5aaddb2b0c33013dfa0804	b62656d0d031f6b4fa2cccea4a301b73
3488	d07663c95e2053dfb342d88a5cc2f84f	9fa679d1ac5aaddb2b0c33013dfa0804	b62656d0d031f6b4fa2cccea4a301b73
3489	d07663c95e2053dfb342d88a5cc2f84f	9fa679d1ac5aaddb2b0c33013dfa0804	b62656d0d031f6b4fa2cccea4a301b73
3490	d07663c95e2053dfb342d88a5cc2f84f	9fa679d1ac5aaddb2b0c33013dfa0804	b62656d0d031f6b4fa2cccea4a301b73
3491	b0ce767c0845dab1ae5d271b102efdc1	b93cdf7247978981cb966418f4cad60e	8e59863e30a4fe5fdc681c3c1d14b793
3492	b0ce767c0845dab1ae5d271b102efdc1	b93cdf7247978981cb966418f4cad60e	8e59863e30a4fe5fdc681c3c1d14b793
3493	b0ce767c0845dab1ae5d271b102efdc1	b93cdf7247978981cb966418f4cad60e	8e59863e30a4fe5fdc681c3c1d14b793
3494	b0ce767c0845dab1ae5d271b102efdc1	b93cdf7247978981cb966418f4cad60e	8e59863e30a4fe5fdc681c3c1d14b793
3495	b0ce767c0845dab1ae5d271b102efdc1	b93cdf7247978981cb966418f4cad60e	8e59863e30a4fe5fdc681c3c1d14b793
3496	b0ce767c0845dab1ae5d271b102efdc1	b93cdf7247978981cb966418f4cad60e	8e59863e30a4fe5fdc681c3c1d14b793
3497	b0ce767c0845dab1ae5d271b102efdc1	b93cdf7247978981cb966418f4cad60e	8e59863e30a4fe5fdc681c3c1d14b793
3498	c4f5ac9ae4378a83198d2c47bfa3749e	0ddadf3eb57e26674a2e7cc590606225	ed7242b93a28ea834e81f3ed9b7918d0
3499	c4f5ac9ae4378a83198d2c47bfa3749e	0ddadf3eb57e26674a2e7cc590606225	ed7242b93a28ea834e81f3ed9b7918d0
3500	c4f5ac9ae4378a83198d2c47bfa3749e	0ddadf3eb57e26674a2e7cc590606225	ed7242b93a28ea834e81f3ed9b7918d0
3501	c4f5ac9ae4378a83198d2c47bfa3749e	0ddadf3eb57e26674a2e7cc590606225	ed7242b93a28ea834e81f3ed9b7918d0
3502	c4f5ac9ae4378a83198d2c47bfa3749e	0ddadf3eb57e26674a2e7cc590606225	ed7242b93a28ea834e81f3ed9b7918d0
3503	a6a09400518715e58fbf9f816cf96a27	92b702624e8f3e4f73382f70496c11d8	27b9de8f0342111e0c0fd03f1735eb3b
3504	a6a09400518715e58fbf9f816cf96a27	92b702624e8f3e4f73382f70496c11d8	27b9de8f0342111e0c0fd03f1735eb3b
3505	a6a09400518715e58fbf9f816cf96a27	92b702624e8f3e4f73382f70496c11d8	27b9de8f0342111e0c0fd03f1735eb3b
3506	a6a09400518715e58fbf9f816cf96a27	92b702624e8f3e4f73382f70496c11d8	27b9de8f0342111e0c0fd03f1735eb3b
3507	a6a09400518715e58fbf9f816cf96a27	92b702624e8f3e4f73382f70496c11d8	27b9de8f0342111e0c0fd03f1735eb3b
3508	a6a09400518715e58fbf9f816cf96a27	92b702624e8f3e4f73382f70496c11d8	27b9de8f0342111e0c0fd03f1735eb3b
3509	a6a09400518715e58fbf9f816cf96a27	92b702624e8f3e4f73382f70496c11d8	27b9de8f0342111e0c0fd03f1735eb3b
3510	bb41ca2feed55ffaca41bfd5daebde22	571b9785cd1c74494593efdedace8144	650a54f4aa89b9cc5759b3f33b9dc30a
3511	bb41ca2feed55ffaca41bfd5daebde22	571b9785cd1c74494593efdedace8144	650a54f4aa89b9cc5759b3f33b9dc30a
3512	bb41ca2feed55ffaca41bfd5daebde22	571b9785cd1c74494593efdedace8144	650a54f4aa89b9cc5759b3f33b9dc30a
3513	bb41ca2feed55ffaca41bfd5daebde22	571b9785cd1c74494593efdedace8144	650a54f4aa89b9cc5759b3f33b9dc30a
3514	bb41ca2feed55ffaca41bfd5daebde22	571b9785cd1c74494593efdedace8144	650a54f4aa89b9cc5759b3f33b9dc30a
3515	38c4312fe99e3cffa5bf318045c8ac32	f7604d6b2817be05a1ae07d0e417d0b6	284fdcb7d9a434f1b7d75a92aaaf2c99
3516	38c4312fe99e3cffa5bf318045c8ac32	f7604d6b2817be05a1ae07d0e417d0b6	284fdcb7d9a434f1b7d75a92aaaf2c99
3517	38c4312fe99e3cffa5bf318045c8ac32	f7604d6b2817be05a1ae07d0e417d0b6	284fdcb7d9a434f1b7d75a92aaaf2c99
3518	38c4312fe99e3cffa5bf318045c8ac32	783a860fc37a4052c5337ea0ece3e76c	e955b460a5df09d3148375d86095d5a2
3519	38c4312fe99e3cffa5bf318045c8ac32	639b165c240faf3952a9a56422c2873a	ca1191b509721e1c638ab31b2bf40bf8
3520	b5f37af8e4fe7c6ed46d986778fe50a8	699def0c97a902bbc30763e2f987ede5	2eb2e0bdd049fdd98dd817e20787088a
3521	b5f37af8e4fe7c6ed46d986778fe50a8	699def0c97a902bbc30763e2f987ede5	2eb2e0bdd049fdd98dd817e20787088a
3522	b5f37af8e4fe7c6ed46d986778fe50a8	699def0c97a902bbc30763e2f987ede5	2eb2e0bdd049fdd98dd817e20787088a
3523	8f65bf908b6501d765a780d96335f014	425d7cc2ebd4e95b67c8262b62f3763c	e8b4f6f2245ef3ef0490ecea09ae1978
3524	8f65bf908b6501d765a780d96335f014	425d7cc2ebd4e95b67c8262b62f3763c	e8b4f6f2245ef3ef0490ecea09ae1978
3525	9baba4e5de51aa385049fb8c6fde8736	4b2b6ca319d7314d3783f942596da4aa	c3b293a785b664159b35153384fb3402
3526	9baba4e5de51aa385049fb8c6fde8736	4b2b6ca319d7314d3783f942596da4aa	c3b293a785b664159b35153384fb3402
3527	1ac1b5e76daaa86eeb5a925932fc78b0	ae10c18767fc1960b7f702b98a59b03e	6572bd187573e22780b52548d19edd7e
3528	1ac1b5e76daaa86eeb5a925932fc78b0	ae10c18767fc1960b7f702b98a59b03e	6572bd187573e22780b52548d19edd7e
3529	1ac1b5e76daaa86eeb5a925932fc78b0	ae10c18767fc1960b7f702b98a59b03e	6572bd187573e22780b52548d19edd7e
3530	1ac1b5e76daaa86eeb5a925932fc78b0	ae10c18767fc1960b7f702b98a59b03e	6572bd187573e22780b52548d19edd7e
3531	1ac1b5e76daaa86eeb5a925932fc78b0	ae10c18767fc1960b7f702b98a59b03e	6572bd187573e22780b52548d19edd7e
3532	01d4257b7eeaf368d447ea734442ca98	7acc2cfa8825b2e5db6005e695482895	ff64e5bedf05a492b82b2b4997378f69
3533	01d4257b7eeaf368d447ea734442ca98	7acc2cfa8825b2e5db6005e695482895	ff64e5bedf05a492b82b2b4997378f69
3534	01d4257b7eeaf368d447ea734442ca98	7acc2cfa8825b2e5db6005e695482895	ff64e5bedf05a492b82b2b4997378f69
3535	01d4257b7eeaf368d447ea734442ca98	7acc2cfa8825b2e5db6005e695482895	ff64e5bedf05a492b82b2b4997378f69
3536	01d4257b7eeaf368d447ea734442ca98	7acc2cfa8825b2e5db6005e695482895	ff64e5bedf05a492b82b2b4997378f69
3537	01d4257b7eeaf368d447ea734442ca98	7acc2cfa8825b2e5db6005e695482895	ff64e5bedf05a492b82b2b4997378f69
3538	01d4257b7eeaf368d447ea734442ca98	7acc2cfa8825b2e5db6005e695482895	ff64e5bedf05a492b82b2b4997378f69
3539	84805e867a1de3bf13c534821f6c8889	06f42b52bcec2575e91c41614ff3b62f	e210a97e0c1acf32fc7327c91eab6dd8
3540	84805e867a1de3bf13c534821f6c8889	06f42b52bcec2575e91c41614ff3b62f	e210a97e0c1acf32fc7327c91eab6dd8
3541	84805e867a1de3bf13c534821f6c8889	06f42b52bcec2575e91c41614ff3b62f	e210a97e0c1acf32fc7327c91eab6dd8
3542	84805e867a1de3bf13c534821f6c8889	06f42b52bcec2575e91c41614ff3b62f	e210a97e0c1acf32fc7327c91eab6dd8
3543	84805e867a1de3bf13c534821f6c8889	06f42b52bcec2575e91c41614ff3b62f	e210a97e0c1acf32fc7327c91eab6dd8
3544	84805e867a1de3bf13c534821f6c8889	06f42b52bcec2575e91c41614ff3b62f	e210a97e0c1acf32fc7327c91eab6dd8
3545	84805e867a1de3bf13c534821f6c8889	06f42b52bcec2575e91c41614ff3b62f	e210a97e0c1acf32fc7327c91eab6dd8
3546	84805e867a1de3bf13c534821f6c8889	06f42b52bcec2575e91c41614ff3b62f	e210a97e0c1acf32fc7327c91eab6dd8
3547	84805e867a1de3bf13c534821f6c8889	06f42b52bcec2575e91c41614ff3b62f	e210a97e0c1acf32fc7327c91eab6dd8
3548	84805e867a1de3bf13c534821f6c8889	06f42b52bcec2575e91c41614ff3b62f	e210a97e0c1acf32fc7327c91eab6dd8
3549	89a2bc246eb7ea11c3840434e7ff6752	d8a311cdfc2488d157de4c5fff4b920a	882de5499b207d319918e1db5780dc65
3550	89a2bc246eb7ea11c3840434e7ff6752	d8a311cdfc2488d157de4c5fff4b920a	882de5499b207d319918e1db5780dc65
3551	89a2bc246eb7ea11c3840434e7ff6752	d8a311cdfc2488d157de4c5fff4b920a	882de5499b207d319918e1db5780dc65
3552	89a2bc246eb7ea11c3840434e7ff6752	d8a311cdfc2488d157de4c5fff4b920a	882de5499b207d319918e1db5780dc65
3553	89a2bc246eb7ea11c3840434e7ff6752	d8a311cdfc2488d157de4c5fff4b920a	882de5499b207d319918e1db5780dc65
3554	89a2bc246eb7ea11c3840434e7ff6752	d8a311cdfc2488d157de4c5fff4b920a	882de5499b207d319918e1db5780dc65
3555	89a2bc246eb7ea11c3840434e7ff6752	d8a311cdfc2488d157de4c5fff4b920a	882de5499b207d319918e1db5780dc65
3556	71313b527f57a5a97b4ba0b94cfda151	3a2a18d3fdc2e819203975005ca7fd88	d540d9f71f7bc00b1f1182ad6edfd446
3557	71313b527f57a5a97b4ba0b94cfda151	3a2a18d3fdc2e819203975005ca7fd88	d540d9f71f7bc00b1f1182ad6edfd446
3558	71313b527f57a5a97b4ba0b94cfda151	3a2a18d3fdc2e819203975005ca7fd88	d540d9f71f7bc00b1f1182ad6edfd446
3559	c9956b21b332bd19bf64444d776e187a	fbdd5bb4734c495bacfba9bf1d6d4de7	c3b8ef567f778cf7759e5dea2b120e23
3560	518f546751813b9655bf935b3a687879	ed3b4e798787ffa135232d8cdcb6de12	63d06dc053ca47594ad75fc3caba7c3f
3561	1e00f9872cf253529eeb59b395f50b63	baa9517ecd9df6c0f5316ceb61002b29	de660c1369e9badcec6116b1d9ed6bc9
3562	1e00f9872cf253529eeb59b395f50b63	baa9517ecd9df6c0f5316ceb61002b29	de660c1369e9badcec6116b1d9ed6bc9
3563	1e00f9872cf253529eeb59b395f50b63	baa9517ecd9df6c0f5316ceb61002b29	de660c1369e9badcec6116b1d9ed6bc9
3564	1e00f9872cf253529eeb59b395f50b63	baa9517ecd9df6c0f5316ceb61002b29	de660c1369e9badcec6116b1d9ed6bc9
3565	2babcf8f33052b076d3c8e5e8c162916	cc7f86673804b210e653b1b90c9b8249	cf9a1374a006bf4163c8b1709094b9cc
3566	1e00f9872cf253529eeb59b395f50b63	baa9517ecd9df6c0f5316ceb61002b29	de660c1369e9badcec6116b1d9ed6bc9
3567	1e00f9872cf253529eeb59b395f50b63	baa9517ecd9df6c0f5316ceb61002b29	de660c1369e9badcec6116b1d9ed6bc9
3568	472f5d3f89657840a9f962b55f9f28f1	0e7461837b3b61f979c4d7947c3241bf	0a898acacf0e4de35023f301fb13f3f1
3569	e519516af7a9b174058596ad1e370b3d	7fc908efcdccf6700e73244410f87aa0	d995154db1123cf42da6fb14076cf6b0
3570	472f5d3f89657840a9f962b55f9f28f1	0e7461837b3b61f979c4d7947c3241bf	0a898acacf0e4de35023f301fb13f3f1
3571	472f5d3f89657840a9f962b55f9f28f1	0e7461837b3b61f979c4d7947c3241bf	0a898acacf0e4de35023f301fb13f3f1
3572	472f5d3f89657840a9f962b55f9f28f1	0e7461837b3b61f979c4d7947c3241bf	0a898acacf0e4de35023f301fb13f3f1
3573	d45f4b34cad9031f7f64659ca5b87d08	7545c143ea479ac9a13173f633efa2d1	0b31fb784c1bf2dde28d781efd4cb795
3574	d45f4b34cad9031f7f64659ca5b87d08	7545c143ea479ac9a13173f633efa2d1	0b31fb784c1bf2dde28d781efd4cb795
3575	d45f4b34cad9031f7f64659ca5b87d08	7545c143ea479ac9a13173f633efa2d1	0b31fb784c1bf2dde28d781efd4cb795
3576	d45f4b34cad9031f7f64659ca5b87d08	7545c143ea479ac9a13173f633efa2d1	0b31fb784c1bf2dde28d781efd4cb795
3577	d45f4b34cad9031f7f64659ca5b87d08	7545c143ea479ac9a13173f633efa2d1	0b31fb784c1bf2dde28d781efd4cb795
3578	d45f4b34cad9031f7f64659ca5b87d08	7545c143ea479ac9a13173f633efa2d1	0b31fb784c1bf2dde28d781efd4cb795
3579	d45f4b34cad9031f7f64659ca5b87d08	7545c143ea479ac9a13173f633efa2d1	0b31fb784c1bf2dde28d781efd4cb795
3580	d45f4b34cad9031f7f64659ca5b87d08	7545c143ea479ac9a13173f633efa2d1	0b31fb784c1bf2dde28d781efd4cb795
3581	d45f4b34cad9031f7f64659ca5b87d08	7545c143ea479ac9a13173f633efa2d1	0b31fb784c1bf2dde28d781efd4cb795
3582	d45f4b34cad9031f7f64659ca5b87d08	7545c143ea479ac9a13173f633efa2d1	0b31fb784c1bf2dde28d781efd4cb795
3583	d45f4b34cad9031f7f64659ca5b87d08	7545c143ea479ac9a13173f633efa2d1	0b31fb784c1bf2dde28d781efd4cb795
3584	d45f4b34cad9031f7f64659ca5b87d08	7545c143ea479ac9a13173f633efa2d1	0b31fb784c1bf2dde28d781efd4cb795
3585	d45f4b34cad9031f7f64659ca5b87d08	7545c143ea479ac9a13173f633efa2d1	0b31fb784c1bf2dde28d781efd4cb795
3586	d45f4b34cad9031f7f64659ca5b87d08	7545c143ea479ac9a13173f633efa2d1	0b31fb784c1bf2dde28d781efd4cb795
3587	d45f4b34cad9031f7f64659ca5b87d08	7545c143ea479ac9a13173f633efa2d1	0b31fb784c1bf2dde28d781efd4cb795
3588	d45f4b34cad9031f7f64659ca5b87d08	7545c143ea479ac9a13173f633efa2d1	0b31fb784c1bf2dde28d781efd4cb795
3589	d45f4b34cad9031f7f64659ca5b87d08	7545c143ea479ac9a13173f633efa2d1	0b31fb784c1bf2dde28d781efd4cb795
3590	461f0c6e30938a794c6f6a25eb22cc6b	9e1f88321d38b115b4f31102a99a28a1	5e77fcf14cee3c17a264770b2a114875
3591	461f0c6e30938a794c6f6a25eb22cc6b	9e1f88321d38b115b4f31102a99a28a1	5e77fcf14cee3c17a264770b2a114875
3592	461f0c6e30938a794c6f6a25eb22cc6b	9e1f88321d38b115b4f31102a99a28a1	5e77fcf14cee3c17a264770b2a114875
3593	461f0c6e30938a794c6f6a25eb22cc6b	9e1f88321d38b115b4f31102a99a28a1	5e77fcf14cee3c17a264770b2a114875
3594	461f0c6e30938a794c6f6a25eb22cc6b	9e1f88321d38b115b4f31102a99a28a1	5e77fcf14cee3c17a264770b2a114875
3595	461f0c6e30938a794c6f6a25eb22cc6b	9e1f88321d38b115b4f31102a99a28a1	5e77fcf14cee3c17a264770b2a114875
3596	461f0c6e30938a794c6f6a25eb22cc6b	9e1f88321d38b115b4f31102a99a28a1	5e77fcf14cee3c17a264770b2a114875
3597	b320a404f56f82d317142c9ccf6a7ef3	1a3b43552b621a7335da20e385599911	c649523964b975dd87a5b96b6f614c8d
3598	b320a404f56f82d317142c9ccf6a7ef3	1a3b43552b621a7335da20e385599911	c649523964b975dd87a5b96b6f614c8d
3599	b320a404f56f82d317142c9ccf6a7ef3	1a3b43552b621a7335da20e385599911	c649523964b975dd87a5b96b6f614c8d
3600	b320a404f56f82d317142c9ccf6a7ef3	1a3b43552b621a7335da20e385599911	c649523964b975dd87a5b96b6f614c8d
3601	b320a404f56f82d317142c9ccf6a7ef3	1a3b43552b621a7335da20e385599911	c649523964b975dd87a5b96b6f614c8d
3602	11966053a0d3f68b3e9564b24e19948b	c3422edf9c0c2a4ecbf2266e4156607e	09a5f7d7a57eb344cb8374d453bb4db3
3603	11966053a0d3f68b3e9564b24e19948b	c3422edf9c0c2a4ecbf2266e4156607e	09a5f7d7a57eb344cb8374d453bb4db3
3604	11966053a0d3f68b3e9564b24e19948b	c3422edf9c0c2a4ecbf2266e4156607e	09a5f7d7a57eb344cb8374d453bb4db3
3605	853709a96c4adeda29abd89c0b7e83b5	267ef83303a314bdd33f04e06bd14bb2	0ebee87069290e344495652c8f77174f
3606	853709a96c4adeda29abd89c0b7e83b5	267ef83303a314bdd33f04e06bd14bb2	0ebee87069290e344495652c8f77174f
3607	853709a96c4adeda29abd89c0b7e83b5	267ef83303a314bdd33f04e06bd14bb2	0ebee87069290e344495652c8f77174f
3608	853709a96c4adeda29abd89c0b7e83b5	267ef83303a314bdd33f04e06bd14bb2	0ebee87069290e344495652c8f77174f
3609	71df1157971b5812a1d844a6d3dd77ef	3ce0aa55d38c988a8f68f89f4ca61ed6	7672e29d2112fc4a42064d55a2c6c284
3610	71df1157971b5812a1d844a6d3dd77ef	3ce0aa55d38c988a8f68f89f4ca61ed6	7672e29d2112fc4a42064d55a2c6c284
3611	71df1157971b5812a1d844a6d3dd77ef	3ce0aa55d38c988a8f68f89f4ca61ed6	7672e29d2112fc4a42064d55a2c6c284
3612	71df1157971b5812a1d844a6d3dd77ef	3ce0aa55d38c988a8f68f89f4ca61ed6	7672e29d2112fc4a42064d55a2c6c284
3613	71df1157971b5812a1d844a6d3dd77ef	3ce0aa55d38c988a8f68f89f4ca61ed6	7672e29d2112fc4a42064d55a2c6c284
3614	5ed5c68eb9e330a2a96aa40be1a7c25c	dd822f35c98974891207913b8b9492a6	0f302af9fb10fe3ed2d7538e52d81eb1
3615	5ed5c68eb9e330a2a96aa40be1a7c25c	dd822f35c98974891207913b8b9492a6	0f302af9fb10fe3ed2d7538e52d81eb1
3616	5ed5c68eb9e330a2a96aa40be1a7c25c	dd822f35c98974891207913b8b9492a6	0f302af9fb10fe3ed2d7538e52d81eb1
3617	5ed5c68eb9e330a2a96aa40be1a7c25c	dd822f35c98974891207913b8b9492a6	0f302af9fb10fe3ed2d7538e52d81eb1
3618	4cb6d8e8d5d09ecc891a945a8e9779ab	b30334e0e3cf42975870cd8ffc936015	09cbcde46b3cc5c089240c67e30f0c9a
3619	73164de684d8c9bc479c1422b61c7979	e15412776a25fb1f12a058c449044781	013ce2320fa8e2b3fe1ae4742d688b5d
3620	73164de684d8c9bc479c1422b61c7979	e15412776a25fb1f12a058c449044781	013ce2320fa8e2b3fe1ae4742d688b5d
3621	73164de684d8c9bc479c1422b61c7979	e15412776a25fb1f12a058c449044781	013ce2320fa8e2b3fe1ae4742d688b5d
3622	73164de684d8c9bc479c1422b61c7979	e15412776a25fb1f12a058c449044781	013ce2320fa8e2b3fe1ae4742d688b5d
3623	73164de684d8c9bc479c1422b61c7979	e15412776a25fb1f12a058c449044781	013ce2320fa8e2b3fe1ae4742d688b5d
3624	73164de684d8c9bc479c1422b61c7979	e15412776a25fb1f12a058c449044781	013ce2320fa8e2b3fe1ae4742d688b5d
3625	73164de684d8c9bc479c1422b61c7979	e15412776a25fb1f12a058c449044781	013ce2320fa8e2b3fe1ae4742d688b5d
3626	176c79796fd79d35d424169cfe8f22eb	c2283eab95f831581901aa32de19dc74	0b00560496a2cf37abd7888d5f096885
3627	176c79796fd79d35d424169cfe8f22eb	c2283eab95f831581901aa32de19dc74	0b00560496a2cf37abd7888d5f096885
3628	176c79796fd79d35d424169cfe8f22eb	c2283eab95f831581901aa32de19dc74	0b00560496a2cf37abd7888d5f096885
3629	176c79796fd79d35d424169cfe8f22eb	c2283eab95f831581901aa32de19dc74	0b00560496a2cf37abd7888d5f096885
3630	25880fca5612ce08c91cc03a7bb8c384	ab324a6625827ad70dd73f0fefc4bae7	281eb0b872cc89ceb857589014e7b047
3631	3521266b25cad5e806128c57629187f4	658854efc8f2efe0fc8dcffd74f6d3ab	55be099b630c96cbac426c3d6bce04a7
3632	3521266b25cad5e806128c57629187f4	658854efc8f2efe0fc8dcffd74f6d3ab	55be099b630c96cbac426c3d6bce04a7
3633	3521266b25cad5e806128c57629187f4	658854efc8f2efe0fc8dcffd74f6d3ab	55be099b630c96cbac426c3d6bce04a7
3634	3521266b25cad5e806128c57629187f4	658854efc8f2efe0fc8dcffd74f6d3ab	55be099b630c96cbac426c3d6bce04a7
3635	3521266b25cad5e806128c57629187f4	658854efc8f2efe0fc8dcffd74f6d3ab	55be099b630c96cbac426c3d6bce04a7
3636	3521266b25cad5e806128c57629187f4	658854efc8f2efe0fc8dcffd74f6d3ab	55be099b630c96cbac426c3d6bce04a7
3637	3521266b25cad5e806128c57629187f4	658854efc8f2efe0fc8dcffd74f6d3ab	55be099b630c96cbac426c3d6bce04a7
3638	4a39bad8449c4adad5226ffa066ea6d3	0423d640b9471a9af749464c1445c528	be053279853d9fb295cca5bd5be7757e
3639	4a39bad8449c4adad5226ffa066ea6d3	0423d640b9471a9af749464c1445c528	be053279853d9fb295cca5bd5be7757e
3640	4a39bad8449c4adad5226ffa066ea6d3	0423d640b9471a9af749464c1445c528	be053279853d9fb295cca5bd5be7757e
3641	4a39bad8449c4adad5226ffa066ea6d3	0423d640b9471a9af749464c1445c528	be053279853d9fb295cca5bd5be7757e
3642	4a39bad8449c4adad5226ffa066ea6d3	0423d640b9471a9af749464c1445c528	be053279853d9fb295cca5bd5be7757e
3643	477f738398a263cd13563e38f10ffb1e	68fe2bdfee572459382d9ce1b552dbf4	80b6e12ed88a890cd7fc0e20bafff503
3644	477f738398a263cd13563e38f10ffb1e	68fe2bdfee572459382d9ce1b552dbf4	80b6e12ed88a890cd7fc0e20bafff503
3645	477f738398a263cd13563e38f10ffb1e	68fe2bdfee572459382d9ce1b552dbf4	80b6e12ed88a890cd7fc0e20bafff503
3646	477f738398a263cd13563e38f10ffb1e	68fe2bdfee572459382d9ce1b552dbf4	80b6e12ed88a890cd7fc0e20bafff503
3647	477f738398a263cd13563e38f10ffb1e	68fe2bdfee572459382d9ce1b552dbf4	80b6e12ed88a890cd7fc0e20bafff503
3648	477f738398a263cd13563e38f10ffb1e	68fe2bdfee572459382d9ce1b552dbf4	80b6e12ed88a890cd7fc0e20bafff503
3649	477f738398a263cd13563e38f10ffb1e	68fe2bdfee572459382d9ce1b552dbf4	80b6e12ed88a890cd7fc0e20bafff503
3650	107eb0520ffb4f294760da466f273641	eab71b5511171ae06ad7e2182022626a	38105b1439b3b5c3e337be3a4c701bff
3651	107eb0520ffb4f294760da466f273641	eab71b5511171ae06ad7e2182022626a	38105b1439b3b5c3e337be3a4c701bff
3652	107eb0520ffb4f294760da466f273641	eab71b5511171ae06ad7e2182022626a	38105b1439b3b5c3e337be3a4c701bff
3653	107eb0520ffb4f294760da466f273641	eab71b5511171ae06ad7e2182022626a	38105b1439b3b5c3e337be3a4c701bff
3654	107eb0520ffb4f294760da466f273641	eab71b5511171ae06ad7e2182022626a	38105b1439b3b5c3e337be3a4c701bff
3655	21f3b1be99f2dd82225b71645251f39d	52069bf0a8841af1e3686f565cdaf1b0	37576af2064781c5f471efde7b74bf31
3656	21f3b1be99f2dd82225b71645251f39d	52069bf0a8841af1e3686f565cdaf1b0	37576af2064781c5f471efde7b74bf31
3657	21f3b1be99f2dd82225b71645251f39d	52069bf0a8841af1e3686f565cdaf1b0	37576af2064781c5f471efde7b74bf31
3658	21f3b1be99f2dd82225b71645251f39d	52069bf0a8841af1e3686f565cdaf1b0	37576af2064781c5f471efde7b74bf31
3659	21f3b1be99f2dd82225b71645251f39d	52069bf0a8841af1e3686f565cdaf1b0	37576af2064781c5f471efde7b74bf31
3660	b0e6041477c32241f3f0df8ac0775e07	08f3b9b0d4c73c181406cf3de14dff97	581fc9c6027314744f22058c82f94c7d
3661	b0e6041477c32241f3f0df8ac0775e07	08f3b9b0d4c73c181406cf3de14dff97	581fc9c6027314744f22058c82f94c7d
3662	b0e6041477c32241f3f0df8ac0775e07	08f3b9b0d4c73c181406cf3de14dff97	581fc9c6027314744f22058c82f94c7d
3663	b0e6041477c32241f3f0df8ac0775e07	08f3b9b0d4c73c181406cf3de14dff97	581fc9c6027314744f22058c82f94c7d
3664	b0e6041477c32241f3f0df8ac0775e07	08f3b9b0d4c73c181406cf3de14dff97	581fc9c6027314744f22058c82f94c7d
3665	b0e6041477c32241f3f0df8ac0775e07	08f3b9b0d4c73c181406cf3de14dff97	581fc9c6027314744f22058c82f94c7d
3666	b0e6041477c32241f3f0df8ac0775e07	08f3b9b0d4c73c181406cf3de14dff97	581fc9c6027314744f22058c82f94c7d
3667	d2f45ac2a4bc1286a26b9e37b85f04d6	1d71dc5064a30da021a2715e8ffcde87	6ef0dca8bad518084a0207465766ead5
3668	d2f45ac2a4bc1286a26b9e37b85f04d6	1d71dc5064a30da021a2715e8ffcde87	6ef0dca8bad518084a0207465766ead5
3669	d2f45ac2a4bc1286a26b9e37b85f04d6	1d71dc5064a30da021a2715e8ffcde87	6ef0dca8bad518084a0207465766ead5
3670	b0e6041477c32241f3f0df8ac0775e07	08f3b9b0d4c73c181406cf3de14dff97	581fc9c6027314744f22058c82f94c7d
3671	b0e6041477c32241f3f0df8ac0775e07	08f3b9b0d4c73c181406cf3de14dff97	581fc9c6027314744f22058c82f94c7d
3672	fae1d9ae425d8f0ae2a46b8c8ab86c7d	ed2221173549cd8b5423d8be7ee666d8	62f14521acece7e4803bae3cf2292198
3673	fae1d9ae425d8f0ae2a46b8c8ab86c7d	ed2221173549cd8b5423d8be7ee666d8	62f14521acece7e4803bae3cf2292198
3674	fae1d9ae425d8f0ae2a46b8c8ab86c7d	ed2221173549cd8b5423d8be7ee666d8	62f14521acece7e4803bae3cf2292198
3675	fae1d9ae425d8f0ae2a46b8c8ab86c7d	ed2221173549cd8b5423d8be7ee666d8	62f14521acece7e4803bae3cf2292198
3676	fae1d9ae425d8f0ae2a46b8c8ab86c7d	ed2221173549cd8b5423d8be7ee666d8	62f14521acece7e4803bae3cf2292198
3677	fae1d9ae425d8f0ae2a46b8c8ab86c7d	ed2221173549cd8b5423d8be7ee666d8	62f14521acece7e4803bae3cf2292198
3678	fae1d9ae425d8f0ae2a46b8c8ab86c7d	ed2221173549cd8b5423d8be7ee666d8	62f14521acece7e4803bae3cf2292198
3679	b1d7b816554bce6e0f58d342855189a8	a5fbdd1940b0d472d62e294daa0d8fb5	a8df474ae06df8108ded9713c6b09501
3680	b1d7b816554bce6e0f58d342855189a8	a5fbdd1940b0d472d62e294daa0d8fb5	a8df474ae06df8108ded9713c6b09501
3681	b1d7b816554bce6e0f58d342855189a8	a5fbdd1940b0d472d62e294daa0d8fb5	a8df474ae06df8108ded9713c6b09501
3682	b1d7b816554bce6e0f58d342855189a8	a5fbdd1940b0d472d62e294daa0d8fb5	a8df474ae06df8108ded9713c6b09501
3683	b1d7b816554bce6e0f58d342855189a8	a5fbdd1940b0d472d62e294daa0d8fb5	a8df474ae06df8108ded9713c6b09501
3684	b1d7b816554bce6e0f58d342855189a8	a5fbdd1940b0d472d62e294daa0d8fb5	a8df474ae06df8108ded9713c6b09501
3685	b1d7b816554bce6e0f58d342855189a8	a5fbdd1940b0d472d62e294daa0d8fb5	a8df474ae06df8108ded9713c6b09501
3686	b1d7b816554bce6e0f58d342855189a8	a5fbdd1940b0d472d62e294daa0d8fb5	a8df474ae06df8108ded9713c6b09501
3687	b1d7b816554bce6e0f58d342855189a8	a5fbdd1940b0d472d62e294daa0d8fb5	a8df474ae06df8108ded9713c6b09501
3688	b1d7b816554bce6e0f58d342855189a8	a5fbdd1940b0d472d62e294daa0d8fb5	a8df474ae06df8108ded9713c6b09501
3689	55dc3d46810c9c858e2956ef685a9412	9ea638acb7110619b734c74b4f950737	ab8dcc55134e3e7c6a5c0d833405a31c
3690	55dc3d46810c9c858e2956ef685a9412	9ea638acb7110619b734c74b4f950737	ab8dcc55134e3e7c6a5c0d833405a31c
3691	55dc3d46810c9c858e2956ef685a9412	9ea638acb7110619b734c74b4f950737	ab8dcc55134e3e7c6a5c0d833405a31c
3692	55dc3d46810c9c858e2956ef685a9412	9ea638acb7110619b734c74b4f950737	ab8dcc55134e3e7c6a5c0d833405a31c
3693	55dc3d46810c9c858e2956ef685a9412	9ea638acb7110619b734c74b4f950737	ab8dcc55134e3e7c6a5c0d833405a31c
3694	55dc3d46810c9c858e2956ef685a9412	9ea638acb7110619b734c74b4f950737	ab8dcc55134e3e7c6a5c0d833405a31c
3695	55dc3d46810c9c858e2956ef685a9412	9ea638acb7110619b734c74b4f950737	ab8dcc55134e3e7c6a5c0d833405a31c
3696	5037f2165fcc9a437791bf82be46c369	62dfcc9a22351bfed5f2fbc767672ed9	c194cf8014446d879787cd50cbbd0d1a
3697	5037f2165fcc9a437791bf82be46c369	62dfcc9a22351bfed5f2fbc767672ed9	c194cf8014446d879787cd50cbbd0d1a
3698	5037f2165fcc9a437791bf82be46c369	62dfcc9a22351bfed5f2fbc767672ed9	c194cf8014446d879787cd50cbbd0d1a
3699	5037f2165fcc9a437791bf82be46c369	62dfcc9a22351bfed5f2fbc767672ed9	c194cf8014446d879787cd50cbbd0d1a
3700	5037f2165fcc9a437791bf82be46c369	37870ff2eab60450a41cddf0fdc8e35b	9e2e357ef9f44a083d931945fdd506f5
3701	e67ccadbe3245dee792d13f16640b6a6	1c437e11643470e86d9540cb7fdb6030	b242bdb8edcd9751a925bf65cd2f12aa
3702	e67ccadbe3245dee792d13f16640b6a6	1c437e11643470e86d9540cb7fdb6030	b242bdb8edcd9751a925bf65cd2f12aa
3703	e67ccadbe3245dee792d13f16640b6a6	1c437e11643470e86d9540cb7fdb6030	b242bdb8edcd9751a925bf65cd2f12aa
3704	e67ccadbe3245dee792d13f16640b6a6	1c437e11643470e86d9540cb7fdb6030	b242bdb8edcd9751a925bf65cd2f12aa
3705	e67ccadbe3245dee792d13f16640b6a6	1c437e11643470e86d9540cb7fdb6030	b242bdb8edcd9751a925bf65cd2f12aa
3706	e67ccadbe3245dee792d13f16640b6a6	1c437e11643470e86d9540cb7fdb6030	b242bdb8edcd9751a925bf65cd2f12aa
3707	e67ccadbe3245dee792d13f16640b6a6	1c437e11643470e86d9540cb7fdb6030	b242bdb8edcd9751a925bf65cd2f12aa
3708	e67ccadbe3245dee792d13f16640b6a6	1c437e11643470e86d9540cb7fdb6030	b242bdb8edcd9751a925bf65cd2f12aa
3709	e67ccadbe3245dee792d13f16640b6a6	1c437e11643470e86d9540cb7fdb6030	b242bdb8edcd9751a925bf65cd2f12aa
3710	e67ccadbe3245dee792d13f16640b6a6	1c437e11643470e86d9540cb7fdb6030	b242bdb8edcd9751a925bf65cd2f12aa
3711	e67ccadbe3245dee792d13f16640b6a6	1c437e11643470e86d9540cb7fdb6030	b242bdb8edcd9751a925bf65cd2f12aa
3712	e67ccadbe3245dee792d13f16640b6a6	1c437e11643470e86d9540cb7fdb6030	b242bdb8edcd9751a925bf65cd2f12aa
3713	e67ccadbe3245dee792d13f16640b6a6	1c437e11643470e86d9540cb7fdb6030	b242bdb8edcd9751a925bf65cd2f12aa
3714	e67ccadbe3245dee792d13f16640b6a6	1c437e11643470e86d9540cb7fdb6030	b242bdb8edcd9751a925bf65cd2f12aa
3715	e67ccadbe3245dee792d13f16640b6a6	1c437e11643470e86d9540cb7fdb6030	b242bdb8edcd9751a925bf65cd2f12aa
3716	e67ccadbe3245dee792d13f16640b6a6	1c437e11643470e86d9540cb7fdb6030	b242bdb8edcd9751a925bf65cd2f12aa
3717	e67ccadbe3245dee792d13f16640b6a6	1c437e11643470e86d9540cb7fdb6030	b242bdb8edcd9751a925bf65cd2f12aa
3718	468dc423c291d9e4a1a43c209ef7a5bf	07763424d6a94df6075b8aa03953a8d2	1a0ce2185a21b603cf3ea478bdd9ae81
3719	468dc423c291d9e4a1a43c209ef7a5bf	07763424d6a94df6075b8aa03953a8d2	1a0ce2185a21b603cf3ea478bdd9ae81
3720	468dc423c291d9e4a1a43c209ef7a5bf	07763424d6a94df6075b8aa03953a8d2	1a0ce2185a21b603cf3ea478bdd9ae81
3721	22f321f111ddf92fd3d1f6bfa2d6c947	a7884b15f1a63216644e881e606a804a	fa142f9f70b3409050d1852ffb9e4165
3722	199866566ac458c3ca1148ce6626e0f8	e092b9ff38a4eef38ac0a27ba6b89fa3	964ed0a086542a8073a41faf0e0a4dc9
3723	5e75ac6a3699ad70c165f089cbec7f45	7a8d7dd8eaa36b3fdb700b8eb72fbffd	578c8d0d55f39e958b637177cdb597c0
3724	5e75ac6a3699ad70c165f089cbec7f45	7a8d7dd8eaa36b3fdb700b8eb72fbffd	578c8d0d55f39e958b637177cdb597c0
3725	0b70f40819c83067d6b3e949e2dcc7ab	1eeaf4858b339513fa559c780760464b	822d6a6aa4fe4a713375f83bb301d09b
3726	0b70f40819c83067d6b3e949e2dcc7ab	1eeaf4858b339513fa559c780760464b	822d6a6aa4fe4a713375f83bb301d09b
3727	0b70f40819c83067d6b3e949e2dcc7ab	1eeaf4858b339513fa559c780760464b	822d6a6aa4fe4a713375f83bb301d09b
3728	da709f2172617dc36d82d7ab6fd5a0d6	70ee5c20cc7cf27db316edfa7ac3b5b6	2ae66f8492995b6980f656aaa38dd892
3729	da709f2172617dc36d82d7ab6fd5a0d6	70ee5c20cc7cf27db316edfa7ac3b5b6	2ae66f8492995b6980f656aaa38dd892
3730	da709f2172617dc36d82d7ab6fd5a0d6	abaf6155266495faa1d41380d98651ed	9c94c2377c613e0371bea48c1893280f
3731	da709f2172617dc36d82d7ab6fd5a0d6	abaf6155266495faa1d41380d98651ed	9c94c2377c613e0371bea48c1893280f
3732	da709f2172617dc36d82d7ab6fd5a0d6	abaf6155266495faa1d41380d98651ed	9c94c2377c613e0371bea48c1893280f
3733	da709f2172617dc36d82d7ab6fd5a0d6	abaf6155266495faa1d41380d98651ed	9c94c2377c613e0371bea48c1893280f
3734	da709f2172617dc36d82d7ab6fd5a0d6	abaf6155266495faa1d41380d98651ed	9c94c2377c613e0371bea48c1893280f
3735	da709f2172617dc36d82d7ab6fd5a0d6	abaf6155266495faa1d41380d98651ed	9c94c2377c613e0371bea48c1893280f
3736	da709f2172617dc36d82d7ab6fd5a0d6	abaf6155266495faa1d41380d98651ed	9c94c2377c613e0371bea48c1893280f
3737	0373ca871379e0bddc5bfea892ce743e	2b107ea8aeb3bbf02e019878f8da18d0	42ef840f9172ced3aae78299bf9a9099
3738	0373ca871379e0bddc5bfea892ce743e	2b107ea8aeb3bbf02e019878f8da18d0	42ef840f9172ced3aae78299bf9a9099
3739	a96e2f34a3359deed35b011d4c519f81	1b6a62b451b877e2ce98e87f3040c28b	182a73a302ea4012987698490842721f
3740	da709f2172617dc36d82d7ab6fd5a0d6	abaf6155266495faa1d41380d98651ed	9c94c2377c613e0371bea48c1893280f
3741	da709f2172617dc36d82d7ab6fd5a0d6	abaf6155266495faa1d41380d98651ed	9c94c2377c613e0371bea48c1893280f
3742	b47fbe3cb13299e5593b51c422aa818b	1f76143308081097d36cfc29195bafec	878da957c1f10f4b01b4c7f81f9d5400
3743	b47fbe3cb13299e5593b51c422aa818b	1f76143308081097d36cfc29195bafec	878da957c1f10f4b01b4c7f81f9d5400
3744	b47fbe3cb13299e5593b51c422aa818b	1f76143308081097d36cfc29195bafec	878da957c1f10f4b01b4c7f81f9d5400
3745	b47fbe3cb13299e5593b51c422aa818b	1f76143308081097d36cfc29195bafec	878da957c1f10f4b01b4c7f81f9d5400
3746	b47fbe3cb13299e5593b51c422aa818b	1f76143308081097d36cfc29195bafec	878da957c1f10f4b01b4c7f81f9d5400
3747	b47fbe3cb13299e5593b51c422aa818b	1f76143308081097d36cfc29195bafec	878da957c1f10f4b01b4c7f81f9d5400
3748	b47fbe3cb13299e5593b51c422aa818b	1f76143308081097d36cfc29195bafec	878da957c1f10f4b01b4c7f81f9d5400
3749	0592fe61e30b1569b623c8711d3d3fb7	9d10c1bc947fdc1ce0936e44708dc3d1	2a20da62c7ae7d0135f93500c195a4c5
3750	0592fe61e30b1569b623c8711d3d3fb7	9d10c1bc947fdc1ce0936e44708dc3d1	2a20da62c7ae7d0135f93500c195a4c5
3751	0592fe61e30b1569b623c8711d3d3fb7	9d10c1bc947fdc1ce0936e44708dc3d1	2a20da62c7ae7d0135f93500c195a4c5
3752	0592fe61e30b1569b623c8711d3d3fb7	cd8a40fb82775f9cf416bfbc459018d7	553d09cd80c1e21e21fb5ed1922e255c
3753	8b932d65f983e3bb7d935b95afa3edc0	1859760e231695558ec74df2fd1230af	e76264c0fcad19b6dffa6a4def439089
3754	1047c8eaaa33c9b2bef037154d95527e	14d63c94705f053dfa76ad8c56b16cb2	4342f73b8ec9cd3da128b614795c701b
3755	1047c8eaaa33c9b2bef037154d95527e	14d63c94705f053dfa76ad8c56b16cb2	4342f73b8ec9cd3da128b614795c701b
3756	1047c8eaaa33c9b2bef037154d95527e	14d63c94705f053dfa76ad8c56b16cb2	4342f73b8ec9cd3da128b614795c701b
3757	1047c8eaaa33c9b2bef037154d95527e	14d63c94705f053dfa76ad8c56b16cb2	4342f73b8ec9cd3da128b614795c701b
3758	1047c8eaaa33c9b2bef037154d95527e	14d63c94705f053dfa76ad8c56b16cb2	4342f73b8ec9cd3da128b614795c701b
3759	cd2ccf70a7016fd3bc78088b4e5a11f2	475f33991c44680db45437363cca3b19	b150df6fea1e75bf22dcebd5940fe525
3760	cd2ccf70a7016fd3bc78088b4e5a11f2	475f33991c44680db45437363cca3b19	b150df6fea1e75bf22dcebd5940fe525
3761	cd2ccf70a7016fd3bc78088b4e5a11f2	475f33991c44680db45437363cca3b19	b150df6fea1e75bf22dcebd5940fe525
3762	cd2ccf70a7016fd3bc78088b4e5a11f2	475f33991c44680db45437363cca3b19	b150df6fea1e75bf22dcebd5940fe525
3763	cd2ccf70a7016fd3bc78088b4e5a11f2	475f33991c44680db45437363cca3b19	b150df6fea1e75bf22dcebd5940fe525
3764	cd2ccf70a7016fd3bc78088b4e5a11f2	475f33991c44680db45437363cca3b19	b150df6fea1e75bf22dcebd5940fe525
3765	cd2ccf70a7016fd3bc78088b4e5a11f2	475f33991c44680db45437363cca3b19	b150df6fea1e75bf22dcebd5940fe525
3766	cd2ccf70a7016fd3bc78088b4e5a11f2	475f33991c44680db45437363cca3b19	b150df6fea1e75bf22dcebd5940fe525
3767	cd2ccf70a7016fd3bc78088b4e5a11f2	475f33991c44680db45437363cca3b19	b150df6fea1e75bf22dcebd5940fe525
3768	cd2ccf70a7016fd3bc78088b4e5a11f2	475f33991c44680db45437363cca3b19	b150df6fea1e75bf22dcebd5940fe525
3769	cd2ccf70a7016fd3bc78088b4e5a11f2	475f33991c44680db45437363cca3b19	b150df6fea1e75bf22dcebd5940fe525
3770	cd2ccf70a7016fd3bc78088b4e5a11f2	475f33991c44680db45437363cca3b19	b150df6fea1e75bf22dcebd5940fe525
3771	c2eefb20563c6f586bd6dca7c9cb9712	94d48ce56a8e01754b79b1158c8f03cb	a5c5e9b718b36d5cebcf6cbbe294265f
3772	c2eefb20563c6f586bd6dca7c9cb9712	94d48ce56a8e01754b79b1158c8f03cb	a5c5e9b718b36d5cebcf6cbbe294265f
3773	c2eefb20563c6f586bd6dca7c9cb9712	94d48ce56a8e01754b79b1158c8f03cb	a5c5e9b718b36d5cebcf6cbbe294265f
3774	1566e0b1097d2c8a3ba356e2d9241fb0	b8cc36b498fc7a0564769f43fc02bf22	c860202cfa06aee63487eefed7a9706e
3775	1566e0b1097d2c8a3ba356e2d9241fb0	b8cc36b498fc7a0564769f43fc02bf22	c860202cfa06aee63487eefed7a9706e
3776	c2eefb20563c6f586bd6dca7c9cb9712	94d48ce56a8e01754b79b1158c8f03cb	a5c5e9b718b36d5cebcf6cbbe294265f
3777	c2eefb20563c6f586bd6dca7c9cb9712	94d48ce56a8e01754b79b1158c8f03cb	a5c5e9b718b36d5cebcf6cbbe294265f
3778	b6368c53628e61cb27962845ba6fa629	9361564e0a5a75f4c4b9a4f8a13891e4	1503409839499ceffa65af5fbdc4550d
3779	7c868bdc7c19e528bdf7ecfa13cdee0a	e82a6e5153d839ac3f8cad5b8eb5c04c	c1c8cda64def916f659b29ee9f68fc35
3780	7c868bdc7c19e528bdf7ecfa13cdee0a	e82a6e5153d839ac3f8cad5b8eb5c04c	c1c8cda64def916f659b29ee9f68fc35
3781	4bbb58ec95f73f719a9cfba43286adfa	c2f9293b002416603d6e3f2599e77390	3699e0fdfbd02aee682a2778fafcf487
3782	4bbb58ec95f73f719a9cfba43286adfa	c2f9293b002416603d6e3f2599e77390	3699e0fdfbd02aee682a2778fafcf487
3783	8ec809667f771ef32f2f1b4d7fa29661	afcf11c0e14433b835b128945d2f9473	586a3844c66ada969c49451fe88341b0
3784	8ec809667f771ef32f2f1b4d7fa29661	afcf11c0e14433b835b128945d2f9473	586a3844c66ada969c49451fe88341b0
3785	8ec809667f771ef32f2f1b4d7fa29661	afcf11c0e14433b835b128945d2f9473	586a3844c66ada969c49451fe88341b0
3786	8ec809667f771ef32f2f1b4d7fa29661	afcf11c0e14433b835b128945d2f9473	586a3844c66ada969c49451fe88341b0
3787	8ec809667f771ef32f2f1b4d7fa29661	afcf11c0e14433b835b128945d2f9473	586a3844c66ada969c49451fe88341b0
3788	898508e260a5d729cbd4c9b50ad3f701	6ddfcabe7ba39d2a27e0d1a42bcb8aaa	dbd69ca2f44386de480d8a0a6a706002
3789	898508e260a5d729cbd4c9b50ad3f701	6ddfcabe7ba39d2a27e0d1a42bcb8aaa	dbd69ca2f44386de480d8a0a6a706002
3790	898508e260a5d729cbd4c9b50ad3f701	6ddfcabe7ba39d2a27e0d1a42bcb8aaa	dbd69ca2f44386de480d8a0a6a706002
3791	25d8cddfab57f2c5e837c10c65123588	c29189d3872307d8509daee064fd48fe	86b3fcf4cb604a15dcb53ff53e1091d4
3792	25d8cddfab57f2c5e837c10c65123588	c29189d3872307d8509daee064fd48fe	86b3fcf4cb604a15dcb53ff53e1091d4
3793	25d8cddfab57f2c5e837c10c65123588	fdfb7d95789fa604cdaec7b006321956	8e11e63b845aa27beab27b662c30bd98
3794	25d8cddfab57f2c5e837c10c65123588	fdfb7d95789fa604cdaec7b006321956	8e11e63b845aa27beab27b662c30bd98
3795	3b2a9e55df5a9874cbf03bfcb7d4e42c	841dbcabb307822e6cc6b49f1b703621	392bd750ea0d08b1906aa4590b48dfe4
3796	a8469907f533ea513766c129c8cc4be3	43936491626e016454852777b202abf6	7b94730df719f37d6ae58a75494b923b
3797	3b2a9e55df5a9874cbf03bfcb7d4e42c	841dbcabb307822e6cc6b49f1b703621	392bd750ea0d08b1906aa4590b48dfe4
3798	51b4996b191497e13c8c7ed2787e989b	4f7f1953c500891c2113fd74e14db37b	942ad5920c3c6659e2da7ad302cd9976
3799	a8469907f533ea513766c129c8cc4be3	43936491626e016454852777b202abf6	7b94730df719f37d6ae58a75494b923b
3800	77d3532cdc4db5ece0dd7b785e40c488	51b155cc47b5aefa9c2b85a123c26168	d37789c02f29407647277687b846f599
3801	77d3532cdc4db5ece0dd7b785e40c488	51b155cc47b5aefa9c2b85a123c26168	d37789c02f29407647277687b846f599
3802	77d3532cdc4db5ece0dd7b785e40c488	51b155cc47b5aefa9c2b85a123c26168	d37789c02f29407647277687b846f599
3803	aed24e484a036bdf2d64f5ac41bf46fa	e01d6b611ac2623dcd5042504879e967	da0f059b7f32bd63b0073c8b3736ba42
3804	aed24e484a036bdf2d64f5ac41bf46fa	e01d6b611ac2623dcd5042504879e967	da0f059b7f32bd63b0073c8b3736ba42
3805	77d3532cdc4db5ece0dd7b785e40c488	51b155cc47b5aefa9c2b85a123c26168	d37789c02f29407647277687b846f599
3806	77d3532cdc4db5ece0dd7b785e40c488	51b155cc47b5aefa9c2b85a123c26168	d37789c02f29407647277687b846f599
3807	8accb7177a0430808bde832c8b1ba5b5	4f89c64dbe30e615716521163bd974df	aa27b6898463106b96ff0a30b545380f
3808	8accb7177a0430808bde832c8b1ba5b5	4f89c64dbe30e615716521163bd974df	aa27b6898463106b96ff0a30b545380f
3809	8accb7177a0430808bde832c8b1ba5b5	4f89c64dbe30e615716521163bd974df	aa27b6898463106b96ff0a30b545380f
3810	fe5e60b270ae392c8196034ab0ae4853	27566afae4093761863cea33c30524da	5ea55b0ed4c01ebddf69439cd25c074e
3811	8accb7177a0430808bde832c8b1ba5b5	4f89c64dbe30e615716521163bd974df	aa27b6898463106b96ff0a30b545380f
3812	314745185fa4fcd3d63bd343679c573f	ec09b68238e62759eb0af89b082b1bf0	59e54a739918e95b92dd512f05da8c52
3813	314745185fa4fcd3d63bd343679c573f	ec09b68238e62759eb0af89b082b1bf0	59e54a739918e95b92dd512f05da8c52
3814	314745185fa4fcd3d63bd343679c573f	ec09b68238e62759eb0af89b082b1bf0	59e54a739918e95b92dd512f05da8c52
3815	314745185fa4fcd3d63bd343679c573f	ec09b68238e62759eb0af89b082b1bf0	59e54a739918e95b92dd512f05da8c52
3816	314745185fa4fcd3d63bd343679c573f	ec09b68238e62759eb0af89b082b1bf0	59e54a739918e95b92dd512f05da8c52
3817	314745185fa4fcd3d63bd343679c573f	ec09b68238e62759eb0af89b082b1bf0	59e54a739918e95b92dd512f05da8c52
3818	314745185fa4fcd3d63bd343679c573f	ec09b68238e62759eb0af89b082b1bf0	59e54a739918e95b92dd512f05da8c52
3819	47cdc9947bc9e0272eb7909c69200479	c19bb8392a7bb4c542b55c7006e1d0a9	cacc2683d2830eef764be61b9e4d9f88
3820	47cdc9947bc9e0272eb7909c69200479	c19bb8392a7bb4c542b55c7006e1d0a9	cacc2683d2830eef764be61b9e4d9f88
3821	47cdc9947bc9e0272eb7909c69200479	c19bb8392a7bb4c542b55c7006e1d0a9	cacc2683d2830eef764be61b9e4d9f88
3822	47cdc9947bc9e0272eb7909c69200479	c19bb8392a7bb4c542b55c7006e1d0a9	cacc2683d2830eef764be61b9e4d9f88
3823	47cdc9947bc9e0272eb7909c69200479	c19bb8392a7bb4c542b55c7006e1d0a9	cacc2683d2830eef764be61b9e4d9f88
3824	66fa829c9794370989ec7352521f90f0	bbe8d1381cf02fae97c1bf4821bb6984	b7bff89711e508aa880b5565dc135b63
3825	66fa829c9794370989ec7352521f90f0	bbe8d1381cf02fae97c1bf4821bb6984	b7bff89711e508aa880b5565dc135b63
3826	66fa829c9794370989ec7352521f90f0	bbe8d1381cf02fae97c1bf4821bb6984	b7bff89711e508aa880b5565dc135b63
3827	66fa829c9794370989ec7352521f90f0	bbe8d1381cf02fae97c1bf4821bb6984	b7bff89711e508aa880b5565dc135b63
3828	66fa829c9794370989ec7352521f90f0	bbe8d1381cf02fae97c1bf4821bb6984	b7bff89711e508aa880b5565dc135b63
3829	262781b661247daea21dd6dd8a604742	9809966ba9ee30cb18d417422134e660	d2ef3d1d7c5764407793635391a0018d
3830	262781b661247daea21dd6dd8a604742	9809966ba9ee30cb18d417422134e660	d2ef3d1d7c5764407793635391a0018d
3831	262781b661247daea21dd6dd8a604742	9809966ba9ee30cb18d417422134e660	d2ef3d1d7c5764407793635391a0018d
3832	6799a470de820613b65a38eff451a66f	f6dcd130a6215e70c761fc0491788927	959ebcd3367a2170abb7cb2bac53805f
3833	6799a470de820613b65a38eff451a66f	f6dcd130a6215e70c761fc0491788927	959ebcd3367a2170abb7cb2bac53805f
3834	d76a845b94b1056e3b674c25673840f4	3f284d2be4ebd008a8e178ca6659fe86	f0becfcc9b0f2eddbce2e5261e55ffb2
3835	175f474a58acf142158d660a97f44550	211fa38eca61570bcb4b68d36ee3c0df	5cf2b422d22b9f8c19c5f45b47ef67dc
3836	d81cdbc3aab4e3a52e786e495ff55363	acbad06e1d85eb5b2845ce7fe6c35b0f	197850d5b8c8dc7df8dbc9c51960c432
3837	d81cdbc3aab4e3a52e786e495ff55363	acbad06e1d85eb5b2845ce7fe6c35b0f	197850d5b8c8dc7df8dbc9c51960c432
3838	d81cdbc3aab4e3a52e786e495ff55363	acbad06e1d85eb5b2845ce7fe6c35b0f	197850d5b8c8dc7df8dbc9c51960c432
3839	102f5f3b7ef7de19bc2658a718e4a61c	de3b70dfeb5b3ee84e37836547b03efc	d91bc9a2533d702f170d26eb80d48062
3840	97d3befa89695b71d3b6bbeb8c705233	ccc6ec0fb859d6b609e2f2bae0e85e3a	615dff5bcfb367475a6f03afc220a156
3841	4c4f881258cefd12b79e687422906cd4	12e14c062b15ff9d7d3b0298a2375c86	6ebc9fa789b45e7882419de6ce303ccc
3842	4c4f881258cefd12b79e687422906cd4	12e14c062b15ff9d7d3b0298a2375c86	6ebc9fa789b45e7882419de6ce303ccc
3843	4c4f881258cefd12b79e687422906cd4	12e14c062b15ff9d7d3b0298a2375c86	6ebc9fa789b45e7882419de6ce303ccc
3844	4c4f881258cefd12b79e687422906cd4	12e14c062b15ff9d7d3b0298a2375c86	6ebc9fa789b45e7882419de6ce303ccc
3845	4c4f881258cefd12b79e687422906cd4	12e14c062b15ff9d7d3b0298a2375c86	6ebc9fa789b45e7882419de6ce303ccc
3846	4c4f881258cefd12b79e687422906cd4	12e14c062b15ff9d7d3b0298a2375c86	6ebc9fa789b45e7882419de6ce303ccc
3847	4c4f881258cefd12b79e687422906cd4	12e14c062b15ff9d7d3b0298a2375c86	6ebc9fa789b45e7882419de6ce303ccc
3848	07f59fa96b4ea55f8292ab5899fa0df2	b7f9a18c0a691e97dd68ae2e6f182644	5f1d4ee3ac5725f37ec72185246306e6
3849	07f59fa96b4ea55f8292ab5899fa0df2	b7f9a18c0a691e97dd68ae2e6f182644	5f1d4ee3ac5725f37ec72185246306e6
3850	07f59fa96b4ea55f8292ab5899fa0df2	b7f9a18c0a691e97dd68ae2e6f182644	5f1d4ee3ac5725f37ec72185246306e6
3851	7a7c76c3b3ad43e1510f9d7f3d7b1485	bdc2c6bc8800f981137ff73cf1d7f28f	fa71181134da1f7684b03298b7cfc40c
3852	8d3f9af2341a6588c041c6942a793dc5	782aef23079d7c15ab58379628669b07	8cde3ef099eec87bb8dc9922cd0bb9d2
3853	07f59fa96b4ea55f8292ab5899fa0df2	b7f9a18c0a691e97dd68ae2e6f182644	5f1d4ee3ac5725f37ec72185246306e6
3854	07f59fa96b4ea55f8292ab5899fa0df2	b7f9a18c0a691e97dd68ae2e6f182644	5f1d4ee3ac5725f37ec72185246306e6
3855	07f59fa96b4ea55f8292ab5899fa0df2	b7f9a18c0a691e97dd68ae2e6f182644	5f1d4ee3ac5725f37ec72185246306e6
3856	c149604f665101bf67610e55cac79733	c601f31e53d6ab4d9067496d1fa92a3a	5505dd8531215b4ba04d04147ea7188f
3857	8d3f9af2341a6588c041c6942a793dc5	782aef23079d7c15ab58379628669b07	8cde3ef099eec87bb8dc9922cd0bb9d2
3858	7cacf0c14c525cb31ed5f0d6e56fa94e	f8fd244f4b8048f003a4d014e47bc0bd	de3431bd779ee06bf3c5f3dd61652a4e
3859	7cacf0c14c525cb31ed5f0d6e56fa94e	f8fd244f4b8048f003a4d014e47bc0bd	de3431bd779ee06bf3c5f3dd61652a4e
3860	7cacf0c14c525cb31ed5f0d6e56fa94e	f8fd244f4b8048f003a4d014e47bc0bd	de3431bd779ee06bf3c5f3dd61652a4e
3861	7cacf0c14c525cb31ed5f0d6e56fa94e	f8fd244f4b8048f003a4d014e47bc0bd	de3431bd779ee06bf3c5f3dd61652a4e
3862	7cacf0c14c525cb31ed5f0d6e56fa94e	f8fd244f4b8048f003a4d014e47bc0bd	de3431bd779ee06bf3c5f3dd61652a4e
3863	7cacf0c14c525cb31ed5f0d6e56fa94e	f8fd244f4b8048f003a4d014e47bc0bd	de3431bd779ee06bf3c5f3dd61652a4e
3864	7cacf0c14c525cb31ed5f0d6e56fa94e	f8fd244f4b8048f003a4d014e47bc0bd	de3431bd779ee06bf3c5f3dd61652a4e
3865	9d9c4235e8073aaab7313eca811ef541	95c33920b5bdb8081e9a738a6601c673	d24450efd30d955bf19f61e8541e4558
3866	9d9c4235e8073aaab7313eca811ef541	95c33920b5bdb8081e9a738a6601c673	d24450efd30d955bf19f61e8541e4558
3867	9d9c4235e8073aaab7313eca811ef541	95c33920b5bdb8081e9a738a6601c673	d24450efd30d955bf19f61e8541e4558
3868	0bc61f6d30e176dcd85e6f4433a5165e	ad5fc8cbb5cb87814314bdbfba3a33db	2faf92ed48e972507121cb5b29ac4b3c
3869	0bc61f6d30e176dcd85e6f4433a5165e	ad5fc8cbb5cb87814314bdbfba3a33db	2faf92ed48e972507121cb5b29ac4b3c
3870	95d2584553281a374372d25f0b554b87	fa071a8979d96464fed113d871c04c76	a0756c71573fcb8048d0a55f60634b85
3871	95d2584553281a374372d25f0b554b87	fa071a8979d96464fed113d871c04c76	a0756c71573fcb8048d0a55f60634b85
3872	95d2584553281a374372d25f0b554b87	fa071a8979d96464fed113d871c04c76	a0756c71573fcb8048d0a55f60634b85
3873	95d2584553281a374372d25f0b554b87	fa071a8979d96464fed113d871c04c76	a0756c71573fcb8048d0a55f60634b85
3874	95d2584553281a374372d25f0b554b87	fa071a8979d96464fed113d871c04c76	a0756c71573fcb8048d0a55f60634b85
3875	95d2584553281a374372d25f0b554b87	fa071a8979d96464fed113d871c04c76	a0756c71573fcb8048d0a55f60634b85
3876	95d2584553281a374372d25f0b554b87	fa071a8979d96464fed113d871c04c76	a0756c71573fcb8048d0a55f60634b85
3877	95d2584553281a374372d25f0b554b87	fa071a8979d96464fed113d871c04c76	a0756c71573fcb8048d0a55f60634b85
3878	95d2584553281a374372d25f0b554b87	fa071a8979d96464fed113d871c04c76	a0756c71573fcb8048d0a55f60634b85
3879	95d2584553281a374372d25f0b554b87	fa071a8979d96464fed113d871c04c76	a0756c71573fcb8048d0a55f60634b85
3880	95d2584553281a374372d25f0b554b87	fa071a8979d96464fed113d871c04c76	a0756c71573fcb8048d0a55f60634b85
3881	95d2584553281a374372d25f0b554b87	fa071a8979d96464fed113d871c04c76	a0756c71573fcb8048d0a55f60634b85
3882	95d2584553281a374372d25f0b554b87	fa071a8979d96464fed113d871c04c76	a0756c71573fcb8048d0a55f60634b85
3883	95d2584553281a374372d25f0b554b87	fa071a8979d96464fed113d871c04c76	a0756c71573fcb8048d0a55f60634b85
3884	95d2584553281a374372d25f0b554b87	fa071a8979d96464fed113d871c04c76	a0756c71573fcb8048d0a55f60634b85
3885	95d2584553281a374372d25f0b554b87	fa071a8979d96464fed113d871c04c76	a0756c71573fcb8048d0a55f60634b85
3886	95d2584553281a374372d25f0b554b87	fa071a8979d96464fed113d871c04c76	a0756c71573fcb8048d0a55f60634b85
3887	57926c41c5f2b1de7e12e0f9aacb1ac5	afcf37e421f0488961767bed8c528776	925dc7f44fa06e985bd446de5ee2ab88
3888	57926c41c5f2b1de7e12e0f9aacb1ac5	afcf37e421f0488961767bed8c528776	925dc7f44fa06e985bd446de5ee2ab88
3889	57926c41c5f2b1de7e12e0f9aacb1ac5	afcf37e421f0488961767bed8c528776	925dc7f44fa06e985bd446de5ee2ab88
3890	57926c41c5f2b1de7e12e0f9aacb1ac5	afcf37e421f0488961767bed8c528776	925dc7f44fa06e985bd446de5ee2ab88
3891	57926c41c5f2b1de7e12e0f9aacb1ac5	afcf37e421f0488961767bed8c528776	925dc7f44fa06e985bd446de5ee2ab88
3892	57926c41c5f2b1de7e12e0f9aacb1ac5	afcf37e421f0488961767bed8c528776	925dc7f44fa06e985bd446de5ee2ab88
3893	57926c41c5f2b1de7e12e0f9aacb1ac5	afcf37e421f0488961767bed8c528776	925dc7f44fa06e985bd446de5ee2ab88
3894	7230309aef24b5d1320443d2d4656f37	2dff0ceb9f3bb9b984fba5ddef428572	f2f630c825f075c31261397666264c0f
3895	7230309aef24b5d1320443d2d4656f37	2dff0ceb9f3bb9b984fba5ddef428572	f2f630c825f075c31261397666264c0f
3896	7230309aef24b5d1320443d2d4656f37	2dff0ceb9f3bb9b984fba5ddef428572	f2f630c825f075c31261397666264c0f
3897	aa67ba968fbb9c2f025502f8c1c4d4cc	a61f49afee3e295516bd44e8a6516b15	d21c4c3c7fd56423d2aee860ae43f038
3898	aa67ba968fbb9c2f025502f8c1c4d4cc	a61f49afee3e295516bd44e8a6516b15	d21c4c3c7fd56423d2aee860ae43f038
3899	6dfd391c685a5d93a37abf932ae0d0de	649012ef116f4b656c72a4f20414aa0e	b6c66094050b0d6b7ae49a61e5a90781
3900	6dfd391c685a5d93a37abf932ae0d0de	649012ef116f4b656c72a4f20414aa0e	b6c66094050b0d6b7ae49a61e5a90781
3901	6dfd391c685a5d93a37abf932ae0d0de	649012ef116f4b656c72a4f20414aa0e	b6c66094050b0d6b7ae49a61e5a90781
3902	6dfd391c685a5d93a37abf932ae0d0de	649012ef116f4b656c72a4f20414aa0e	b6c66094050b0d6b7ae49a61e5a90781
3903	6dfd391c685a5d93a37abf932ae0d0de	649012ef116f4b656c72a4f20414aa0e	b6c66094050b0d6b7ae49a61e5a90781
3904	6dfd391c685a5d93a37abf932ae0d0de	9e39d4b753b21775ecafd0f31ba49e4d	7a1d9030ba29ca93cf5978428e5ad3d6
3905	6dfd391c685a5d93a37abf932ae0d0de	649012ef116f4b656c72a4f20414aa0e	b6c66094050b0d6b7ae49a61e5a90781
3906	49cdf0fdde895a6fdc135c2d75ca565b	0f403501e736c066994d8b56947b03c6	cf01ef42b315d381ca2dbe9022cde11e
3907	49cdf0fdde895a6fdc135c2d75ca565b	0f403501e736c066994d8b56947b03c6	cf01ef42b315d381ca2dbe9022cde11e
3908	49cdf0fdde895a6fdc135c2d75ca565b	0f403501e736c066994d8b56947b03c6	cf01ef42b315d381ca2dbe9022cde11e
3909	e022c2f8c612ec60c41768e329ddb0b5	29305c0efb51e9e4fdb6cdb971ef3ca2	e3bb1c5bcf220ad4e1caf725bf22006d
3910	e022c2f8c612ec60c41768e329ddb0b5	29305c0efb51e9e4fdb6cdb971ef3ca2	e3bb1c5bcf220ad4e1caf725bf22006d
3911	1115972f6b5a056921d787a0e137422e	2ef4e15ee7ba9cc937ef7aad8f5e0a77	b00e74c0d085f719a027c348b8ef4d38
3912	1115972f6b5a056921d787a0e137422e	2ef4e15ee7ba9cc937ef7aad8f5e0a77	b00e74c0d085f719a027c348b8ef4d38
3913	1115972f6b5a056921d787a0e137422e	2ef4e15ee7ba9cc937ef7aad8f5e0a77	b00e74c0d085f719a027c348b8ef4d38
3914	1115972f6b5a056921d787a0e137422e	2ef4e15ee7ba9cc937ef7aad8f5e0a77	b00e74c0d085f719a027c348b8ef4d38
3915	1115972f6b5a056921d787a0e137422e	2ef4e15ee7ba9cc937ef7aad8f5e0a77	b00e74c0d085f719a027c348b8ef4d38
3916	1115972f6b5a056921d787a0e137422e	2ef4e15ee7ba9cc937ef7aad8f5e0a77	b00e74c0d085f719a027c348b8ef4d38
3917	1115972f6b5a056921d787a0e137422e	2ef4e15ee7ba9cc937ef7aad8f5e0a77	b00e74c0d085f719a027c348b8ef4d38
3918	792bf51eb27af41fb5e55f6110409b6c	d0fad6c297ddf5ef241e41f012b5721b	0248cd92520a95c62048934c566b9287
3919	792bf51eb27af41fb5e55f6110409b6c	d0fad6c297ddf5ef241e41f012b5721b	0248cd92520a95c62048934c566b9287
3920	792bf51eb27af41fb5e55f6110409b6c	d0fad6c297ddf5ef241e41f012b5721b	0248cd92520a95c62048934c566b9287
3921	792bf51eb27af41fb5e55f6110409b6c	d0fad6c297ddf5ef241e41f012b5721b	0248cd92520a95c62048934c566b9287
3922	792bf51eb27af41fb5e55f6110409b6c	d0fad6c297ddf5ef241e41f012b5721b	0248cd92520a95c62048934c566b9287
3923	792bf51eb27af41fb5e55f6110409b6c	d0fad6c297ddf5ef241e41f012b5721b	0248cd92520a95c62048934c566b9287
3924	792bf51eb27af41fb5e55f6110409b6c	d0fad6c297ddf5ef241e41f012b5721b	0248cd92520a95c62048934c566b9287
3925	792bf51eb27af41fb5e55f6110409b6c	d0fad6c297ddf5ef241e41f012b5721b	0248cd92520a95c62048934c566b9287
3926	792bf51eb27af41fb5e55f6110409b6c	d0fad6c297ddf5ef241e41f012b5721b	0248cd92520a95c62048934c566b9287
3927	792bf51eb27af41fb5e55f6110409b6c	d0fad6c297ddf5ef241e41f012b5721b	0248cd92520a95c62048934c566b9287
3928	4ccc41ccf6cb84b368ef126cfb7e42e1	ed1ba451de58f7567f9eda0cffe3c1de	401f77befc1be72c4ace8576f9e9df30
3929	4ccc41ccf6cb84b368ef126cfb7e42e1	ed1ba451de58f7567f9eda0cffe3c1de	401f77befc1be72c4ace8576f9e9df30
3930	4ccc41ccf6cb84b368ef126cfb7e42e1	ed1ba451de58f7567f9eda0cffe3c1de	401f77befc1be72c4ace8576f9e9df30
3931	4ccc41ccf6cb84b368ef126cfb7e42e1	ed1ba451de58f7567f9eda0cffe3c1de	401f77befc1be72c4ace8576f9e9df30
3932	4ccc41ccf6cb84b368ef126cfb7e42e1	ed1ba451de58f7567f9eda0cffe3c1de	401f77befc1be72c4ace8576f9e9df30
3933	4ccc41ccf6cb84b368ef126cfb7e42e1	ed1ba451de58f7567f9eda0cffe3c1de	401f77befc1be72c4ace8576f9e9df30
3934	4ccc41ccf6cb84b368ef126cfb7e42e1	ed1ba451de58f7567f9eda0cffe3c1de	401f77befc1be72c4ace8576f9e9df30
3935	04c349b10cf5776bcc94ab8e1675eda5	401a9f2f946f11e2cddb1708bc77d240	447a4a0a9be024f2e7df435d95dbfdfb
3936	04c349b10cf5776bcc94ab8e1675eda5	401a9f2f946f11e2cddb1708bc77d240	447a4a0a9be024f2e7df435d95dbfdfb
3937	04c349b10cf5776bcc94ab8e1675eda5	401a9f2f946f11e2cddb1708bc77d240	447a4a0a9be024f2e7df435d95dbfdfb
3938	2571fadba0c83cdbecc7bdf9cf3176ee	5985a68bee106236e69e137ce1c0806d	d18e3eca9b63c7f6a7c6e53883bc3132
3939	067daf161e2086adc420375231072ce8	a1d8b0072d705feb2a8453efdfedd218	1abbbbb44c25aa11c3a047dcbe66e4db
3940	4dc17af9f993e842fa2501c6c3e206ea	ae6b8b76f5793c769a2a300e9712cf9e	ac51d2d050e2426dcce12c58b5059c39
3941	4dc17af9f993e842fa2501c6c3e206ea	ae6b8b76f5793c769a2a300e9712cf9e	ac51d2d050e2426dcce12c58b5059c39
3942	4dc17af9f993e842fa2501c6c3e206ea	ae6b8b76f5793c769a2a300e9712cf9e	ac51d2d050e2426dcce12c58b5059c39
# classes	legacy=808	wide=857	full=857
