# rank	legacy	wide	full
19717	ff0c6bbfce5c15f593c2a38f07b141bb	656c3c385a8e4fed120264e277a8a762	b235bced8606d1445727c2a1bdfebfbc
19718	ff0c6bbfce5c15f593c2a38f07b141bb	656c3c385a8e4fed120264e277a8a762	b235bced8606d1445727c2a1bdfebfbc
19719	ff0c6bbfce5c15f593c2a38f07b141bb	656c3c385a8e4fed120264e277a8a762	b235bced8606d1445727c2a1bdfebfbc
19720	ff0c6bbfce5c15f593c2a38f07b141bb	656c3c385a8e4fed120264e277a8a762	b235bced8606d1445727c2a1bdfebfbc
19721	ff0c6bbfce5c15f593c2a38f07b141bb	656c3c385a8e4fed120264e277a8a762	b235bced8606d1445727c2a1bdfebfbc
19722	ff0c6bbfce5c15f593c2a38f07b141bb	656c3c385a8e4fed120264e277a8a762	b235bced8606d1445727c2a1bdfebfbc
19723	ff0c6bbfce5c15f593c2a38f07b141bb	656c3c385a8e4fed120264e277a8a762	b235bced8606d1445727c2a1bdfebfbc
19724	d07663c95e2053dfb342d88a5cc2f84f	9fa679d1ac5aaddb2b0c33013dfa0804	b62656d0d031f6b4fa2cccea4a301b73
19725	d07663c95e2053dfb342d88a5cc2f84f	9fa679d1ac5aaddb2b0c33013dfa0804	b62656d0d031f6b4fa2cccea4a301b73
19726	d07663c95e2053dfb342d88a5cc2f84f	9fa679d1ac5aaddb2b0c33013dfa0804	b62656d0d031f6b4fa2cccea4a301b73
19727	d07663c95e2053dfb342d88a5cc2f84f	9fa679d1ac5aaddb2b0c33013dfa0804	b62656d0d031f6b4fa2cccea4a301b73
19728	d07663c95e2053dfb342d88a5cc2f84f	9fa679d1ac5aaddb2b0c33013dfa0804	b62656d0d031f6b4fa2cccea4a301b73
19729	b0ce767c0845dab1ae5d271b102efdc1	b93cdf7247978981cb966418f4cad60e	8e59863e30a4fe5fdc681c3c1d14b793
19730	b0ce767c0845dab1ae5d271b102efdc1	b93cdf7247978981cb966418f4cad60e	8e59863e30a4fe5fdc681c3c1d14b793
19731	b0ce767c0845dab1ae5d271b102efdc1	b93cdf7247978981cb966418f4cad60e	8e59863e30a4fe5fdc681c3c1d14b793
19732	b0ce767c0845dab1ae5d271b102efdc1	b93cdf7247978981cb966418f4cad60e	8e59863e30a4fe5fdc681c3c1d14b793
19733	b0ce767c0845dab1ae5d271b102efdc1	b93cdf7247978981cb966418f4cad60e	8e59863e30a4fe5fdc681c3c1d14b793
19734	b0ce767c0845dab1ae5d271b102efdc1	b93cdf7247978981cb966418f4cad60e	8e59863e30a4fe5fdc681c3c1d14b793
19735	b0ce767c0845dab1ae5d271b102efdc1	b93cdf7247978981cb966418f4cad60e	8e59863e30a4fe5fdc681c3c1d14b793
19736	c4f5ac9ae4378a83198d2c47bfa3749e	0ddadf3eb57e26674a2e7cc590606225	ed7242b93a28ea834e81f3ed9b7918d0
19737	c4f5ac9ae4378a83198d2c47bfa3749e	0ddadf3eb57e26674a2e7cc590606225	ed7242b93a28ea834e81f3ed9b7918d0
19738	c4f5ac9ae4378a83198d2c47bfa3749e	0ddadf3eb57e26674a2e7cc590606225	ed7242b93a28ea834e81f3ed9b7918d0
19739	c4f5ac9ae4378a83198d2c47bfa3749e	0ddadf3eb57e26674a2e7cc590606225	ed7242b93a28ea834e81f3ed9b7918d0
19740	c4f5ac9ae4378a83198d2c47bfa3749e	0ddadf3eb57e26674a2e7cc590606225	ed7242b93a28ea834e81f3ed9b7918d0
19741	a6a09400518715e58fbf9f816cf96a27	92b702624e8f3e4f73382f70496c11d8	27b9de8f0342111e0c0fd03f1735eb3b
19742	a6a09400518715e58fbf9f816cf96a27	92b702624e8f3e4f73382f70496c11d8	27b9de8f0342111e0c0fd03f1735eb3b
19743	a6a09400518715e58fbf9f816cf96a27	92b702624e8f3e4f73382f70496c11d8	27b9de8f0342111e0c0fd03f1735eb3b
19744	a6a09400518715e58fbf9f816cf96a27	92b702624e8f3e4f73382f70496c11d8	27b9de8f0342111e0c0fd03f1735eb3b
19745	a6a09400518715e58fbf9f816cf96a27	92b702624e8f3e4f73382f70496c11d8	27b9de8f0342111e0c0fd03f1735eb3b
19746	a6a09400518715e58fbf9f816cf96a27	92b702624e8f3e4f73382f70496c11d8	27b9de8f0342111e0c0fd03f1735eb3b
19747	a6a09400518715e58fbf9f816cf96a27	92b702624e8f3e4f73382f70496c11d8	27b9de8f0342111e0c0fd03f1735eb3b
19748	bb41ca2feed55ffaca41bfd5daebde22	571b9785cd1c74494593efdedace8144	650a54f4aa89b9cc5759b3f33b9dc30a
19749	bb41ca2feed55ffaca41bfd5daebde22	571b9785cd1c74494593efdedace8144	650a54f4aa89b9cc5759b3f33b9dc30a
19750	bb41ca2feed55ffaca41bfd5daebde22	571b9785cd1c74494593efdedace8144	650a54f4aa89b9cc5759b3f33b9dc30a
19751	bb41ca2feed55ffaca41bfd5daebde22	571b9785cd1c74494593efdedace8144	650a54f4aa89b9cc5759b3f33b9dc30a
19752	bb41ca2feed55ffaca41bfd5daebde22	571b9785cd1c74494593efdedace8144	650a54f4aa89b9cc5759b3f33b9dc30a
19753	38c4312fe99e3cffa5bf318045c8ac32	f7604d6b2817be05a1ae07d0e417d0b6	284fdcb7d9a434f1b7d75a92aaaf2c99
19754	38c4312fe99e3cffa5bf318045c8ac32	f7604d6b2817be05a1ae07d0e417d0b6	284fdcb7d9a434f1b7d75a92aaaf2c99
19755	38c4312fe99e3cffa5bf318045c8ac32	f7604d6b2817be05a1ae07d0e417d0b6	284fdcb7d9a434f1b7d75a92aaaf2c99
19756	38c4312fe99e3cffa5bf318045c8ac32	783a860fc37a4052c5337ea0ece3e76c	e955b460a5df09d3148375d86095d5a2
19757	38c4312fe99e3cffa5bf318045c8ac32	639b165c240faf3952a9a56422c2873a	ca1191b509721e1c638ab31b2bf40bf8
19758	b5f37af8e4fe7c6ed46d986778fe50a8	699def0c97a902bbc30763e2f987ede5	2eb2e0bdd049fdd98dd817e20787088a
19759	b5f37af8e4fe7c6ed46d986778fe50a8	699def0c97a902bbc30763e2f987ede5	2eb2e0bdd049fdd98dd817e20787088a
19760	b5f37af8e4fe7c6ed46d986778fe50a8	699def0c97a902bbc30763e2f987ede5	2eb2e0bdd049fdd98dd817e20787088a
19761	8f65bf908b6501d765a780d96335f014	425d7cc2ebd4e95b67c8262b62f3763c	e8b4f6f2245ef3ef0490ecea09ae1978
19762	8f65bf908b6501d765a780d96335f014	425d7cc2ebd4e95b67c8262b62f3763c	e8b4f6f2245ef3ef0490ecea09ae1978
19763	9baba4e5de51aa385049fb8c6fde8736	4b2b6ca319d7314d3783f942596da4aa	c3b293a785b664159b35153384fb3402
19764	9baba4e5de51aa385049fb8c6fde8736	4b2b6ca319d7314d3783f942596da4aa	c3b293a785b664159b35153384fb3402
19765	1ac1b5e76daaa86eeb5a925932fc78b0	ae10c18767fc1960b7f702b98a59b03e	6572bd187573e22780b52548d19edd7e
19766	1ac1b5e76daaa86eeb5a925932fc78b0	ae10c18767fc1960b7f702b98a59b03e	6572bd187573e22780b52548d19edd7e
19767	1ac1b5e76daaa86eeb5a925932fc78b0	ae10c18767fc1960b7f702b98a59b03e	6572bd187573e22780b52548d19edd7e
19768	1ac1b5e76daaa86eeb5a925932fc78b0	ae10c18767fc1960b7f702b98a59b03e	6572bd187573e22780b52548d19edd7e
19769	1ac1b5e76daaa86eeb5a925932fc78b0	ae10c18767fc1960b7f702b98a59b03e	6572bd187573e22780b52548d19edd7e
19770	01d4257b7eeaf368d447ea734442ca98	7acc2cfa8825b2e5db6005e695482895	ff64e5bedf05a492b82b2b4997378f69
19771	01d4257b7eeaf368d447ea734442ca98	7acc2cfa8825b2e5db6005e695482895	ff64e5bedf05a492b82b2b4997378f69
19772	01d4257b7eeaf368d447ea734442ca98	7acc2cfa8825b2e5db6005e695482895	ff64e5bedf05a492b82b2b4997378f69
19773	01d4257b7eeaf368d447ea734442ca98	7acc2cfa8825b2e5db6005e695482895	ff64e5bedf05a492b82b2b4997378f69
19774	01d4257b7eeaf368d447ea734442ca98	7acc2cfa8825b2e5db6005e695482895	ff64e5bedf05a492b82b2b4997378f69
19775	01d4257b7eeaf368d447ea734442ca98	7acc2cfa8825b2e5db6005e695482895	ff64e5bedf05a492b82b2b4997378f69
19776	01d4257b7eeaf368d447ea734442ca98	7acc2cfa8825b2e5db6005e695482895	ff64e5bedf05a492b82b2b4997378f69
19777	84805e867a1de3bf13c534821f6c8889	06f42b52bcec2575e91c41614ff3b62f	e210a97e0c1acf32fc7327c91eab6dd8
19778	84805e867a1de3bf13c534821f6c8889	06f42b52bcec2575e91c41614ff3b62f	e210a97e0c1acf32fc7327c91eab6dd8
19779	84805e867a1de3bf13c534821f6c8889	06f42b52bcec2575e91c41614ff3b62f	e210a97e0c1acf32fc7327c91eab6dd8
19780	84805e867a1de3bf13c534821f6c8889	06f42b52bcec2575e91c41614ff3b62f	e210a97e0c1acf32fc7327c91eab6dd8
19781	84805e867a1de3bf13c534821f6c8889	06f42b52bcec2575e91c41614ff3b62f	e210a97e0c1acf32fc7327c91eab6dd8
19782	84805e867a1de3bf13c534821f6c8889	06f42b52bcec2575e91c41614ff3b62f	e210a97e0c1acf32fc7327c91eab6dd8
19783	84805e867a1de3bf13c534821f6c8889	06f42b52bcec2575e91c41614ff3b62f	e210a97e0c1acf32fc7327c91eab6dd8
19784	84805e867a1de3bf13c534821f6c8889	06f42b52bcec2575e91c41614ff3b62f	e210a97e0c1acf32fc7327c91eab6dd8
19785	84805e867a1de3bf13c534821f6c8889	06f42b52bcec2575e91c41614ff3b62f	e210a97e0c1acf32fc7327c91eab6dd8
19786	84805e867a1de3bf13c534821f6c8889	06f42b52bcec2575e91c41614ff3b62f	e210a97e0c1acf32fc7327c91eab6dd8
19787	89a2bc246eb7ea11c3840434e7ff6752	d8a311cdfc2488d157de4c5fff4b920a	882de5499b207d319918e1db5780dc65
19788	89a2bc246eb7ea11c3840434e7ff6752	d8a311cdfc2488d157de4c5fff4b920a	882de5499b207d319918e1db5780dc65
19789	89a2bc246eb7ea11c3840434e7ff6752	d8a311cdfc2488d157de4c5fff4b920a	882de5499b207d319918e1db5780dc65
19790	89a2bc246eb7ea11c3840434e7ff6752	d8a311cdfc2488d157de4c5fff4b920a	882de5499b207d319918e1db5780dc65
19791	89a2bc246eb7ea11c3840434e7ff6752	d8a311cdfc2488d157de4c5fff4b920a	882de5499b207d319918e1db5780dc65
19792	89a2bc246eb7ea11c3840434e7ff6752	d8a311cdfc2488d157de4c5fff4b920a	882de5499b207d319918e1db5780dc65
19793	89a2bc246eb7ea11c3840434e7ff6752	d8a311cdfc2488d157de4c5fff4b920a	882de5499b207d319918e1db5780dc65
19794	71313b527f57a5a97b4ba0b94cfda151	3a2a18d3fdc2e819203975005ca7fd88	d540d9f71f7bc00b1f1182ad6edfd446
19795	71313b527f57a5a97b4ba0b94cfda151	3a2a18d3fdc2e819203975005ca7fd88	d540d9f71f7bc00b1f1182ad6edfd446
19796	71313b527f57a5a97b4ba0b94cfda151	3a2a18d3fdc2e819203975005ca7fd88	d540d9f71f7bc00b1f1182ad6edfd446
19797	c9956b21b332bd19bf64444d776e187a	fbdd5bb4734c495bacfba9bf1d6d4de7	c3b8ef567f778cf7759e5dea2b120e23
19798	518f546751813b9655bf935b3a687879	ed3b4e798787ffa135232d8cdcb6de12	63d06dc053ca47594ad75fc3caba7c3f
19799	1e00f9872cf253529eeb59b395f50b63	baa9517ecd9df6c0f5316ceb61002b29	de660c1369e9badcec6116b1d9ed6bc9
19800	1e00f9872cf253529eeb59b395f50b63	baa9517ecd9df6c0f5316ceb61002b29	de660c1369e9badcec6116b1d9ed6bc9
19801	1e00f9872cf253529eeb59b395f50b63	baa9517ecd9df6c0f5316ceb61002b29	de660c1369e9badcec6116b1d9ed6bc9
19802	1e00f9872cf253529eeb59b395f50b63	baa9517ecd9df6c0f5316ceb61002b29	de660c1369e9badcec6116b1d9ed6bc9
19803	2babcf8f33052b076d3c8e5e8c162916	cc7f86673804b210e653b1b90c9b8249	cf9a1374a006bf4163c8b1709094b9cc
19804	1e00f9872cf253529eeb59b395f50b63	baa9517ecd9df6c0f5316ceb61002b29	de660c1369e9badcec6116b1d9ed6bc9
19805	1e00f9872cf253529eeb59b395f50b63	baa9517ecd9df6c0f5316ceb61002b29	de660c1369e9badcec6116b1d9ed6bc9
19806	472f5d3f89657840a9f962b55f9f28f1	0e7461837b3b61f979c4d7947c3241bf	0a898acacf0e4de35023f301fb13f3f1
19807	e519516af7a9b174058596ad1e370b3d	7fc908efcdccf6700e73244410f87aa0	d995154db1123cf42da6fb14076cf6b0
19808	472f5d3f89657840a9f962b55f9f28f1	0e7461837b3b61f979c4d7947c3241bf	0a898acacf0e4de35023f301fb13f3f1
19809	472f5d3f89657840a9f962b55f9f28f1	0e7461837b3b61f979c4d7947c3241bf	0a898acacf0e4de35023f301fb13f3f1
19810	472f5d3f89657840a9f962b55f9f28f1	0e7461837b3b61f979c4d7947c3241bf	0a898acacf0e4de35023f301fb13f3f1
19811	d45f4b34cad9031f7f64659ca5b87d08	7545c143ea479ac9a13173f633efa2d1	0b31fb784c1bf2dde28d781efd4cb795
19812	d45f4b34cad9031f7f64659ca5b87d08	7545c143ea479ac9a13173f633efa2d1	0b31fb784c1bf2dde28d781efd4cb795
19813	d45f4b34cad9031f7f64659ca5b87d08	7545c143ea479ac9a13173f633efa2d1	0b31fb784c1bf2dde28d781efd4cb795
19814	d45f4b34cad9031f7f64659ca5b87d08	7545c143ea479ac9a13173f633efa2d1	0b31fb784c1bf2dde28d781efd4cb795
19815	d45f4b34cad9031f7f64659ca5b87d08	7545c143ea479ac9a13173f633efa2d1	0b31fb784c1bf2dde28d781efd4cb795
19816	d45f4b34cad9031f7f64659ca5b87d08	7545c143ea479ac9a13173f633efa2d1	0b31fb784c1bf2dde28d781efd4cb795
19817	d45f4b34cad9031f7f64659ca5b87d08	7545c143ea479ac9a13173f633efa2d1	0b31fb784c1bf2dde28d781efd4cb795
19818	d45f4b34cad9031f7f64659ca5b87d08	7545c143ea479ac9a13173f633efa2d1	0b31fb784c1bf2dde28d781efd4cb795
19819	d45f4b34cad9031f7f64659ca5b87d08	7545c143ea479ac9a13173f633efa2d1	0b31fb784c1bf2dde28d781efd4cb795
19820	d45f4b34cad9031f7f64659ca5b87d08	7545c143ea479ac9a13173f633efa2d1	0b31fb784c1bf2dde28d781efd4cb795
19821	d45f4b34cad9031f7f64659ca5b87d08	7545c143ea479ac9a13173f633efa2d1	0b31fb784c1bf2dde28d781efd4cb795
19822	d45f4b34cad9031f7f64659ca5b87d08	7545c143ea479ac9a13173f633efa2d1	0b31fb784c1bf2dde28d781efd4cb795
19823	d45f4b34cad9031f7f64659ca5b87d08	7545c143ea479ac9a13173f633efa2d1	0b31fb784c1bf2dde28d781efd4cb795
19824	d45f4b34cad9031f7f64659ca5b87d08	7545c143ea479ac9a13173f633efa2d1	0b31fb784c1bf2dde28d781efd4cb795
19825	d45f4b34cad9031f7f64659ca5b87d08	7545c143ea479ac9a13173f633efa2d1	0b31fb784c1bf2dde28d781efd4cb795
19826	d45f4b34cad9031f7f64659ca5b87d08	7545c143ea479ac9a13173f633efa2d1	0b31fb784c1bf2dde28d781efd4cb795
19827	d45f4b34cad9031f7f64659ca5b87d08	7545c143ea479ac9a13173f633efa2d1	0b31fb784c1bf2dde28d781efd4cb795
19828	88d7857aa5067a05bd0eb2ab196b1506	fddd39163648d521aa085c0380405537	d3dae2939b7150355990920429a6b15e
19829	88d7857aa5067a05bd0eb2ab196b1506	fddd39163648d521aa085c0380405537	d3dae2939b7150355990920429a6b15e
19830	88d7857aa5067a05bd0eb2ab196b1506	fddd39163648d521aa085c0380405537	d3dae2939b7150355990920429a6b15e
19831	88d7857aa5067a05bd0eb2ab196b1506	fddd39163648d521aa085c0380405537	d3dae2939b7150355990920429a6b15e
19832	88d7857aa5067a05bd0eb2ab196b1506	fddd39163648d521aa085c0380405537	d3dae2939b7150355990920429a6b15e
19833	88d7857aa5067a05bd0eb2ab196b1506	fddd39163648d521aa085c0380405537	d3dae2939b7150355990920429a6b15e
19834	88d7857aa5067a05bd0eb2ab196b1506	fddd39163648d521aa085c0380405537	d3dae2939b7150355990920429a6b15e
19835	b320a404f56f82d317142c9ccf6a7ef3	1a3b43552b621a7335da20e385599911	c649523964b975dd87a5b96b6f614c8d
19836	b320a404f56f82d317142c9ccf6a7ef3	1a3b43552b621a7335da20e385599911	c649523964b975dd87a5b96b6f614c8d
19837	b320a404f56f82d317142c9ccf6a7ef3	1a3b43552b621a7335da20e385599911	c649523964b975dd87a5b96b6f614c8d
19838	71eb7bb775b80729941e3928e255b826	b732259576bbd449b1012c4a1057e321	1274121a257882e80048d9c488cf7a0c
19839	71eb7bb775b80729941e3928e255b826	b732259576bbd449b1012c4a1057e321	1274121a257882e80048d9c488cf7a0c
19840	11966053a0d3f68b3e9564b24e19948b	c3422edf9c0c2a4ecbf2266e4156607e	09a5f7d7a57eb344cb8374d453bb4db3
19841	11966053a0d3f68b3e9564b24e19948b	c3422edf9c0c2a4ecbf2266e4156607e	09a5f7d7a57eb344cb8374d453bb4db3
19842	11966053a0d3f68b3e9564b24e19948b	c3422edf9c0c2a4ecbf2266e4156607e	09a5f7d7a57eb344cb8374d453bb4db3
19843	853709a96c4adeda29abd89c0b7e83b5	267ef83303a314bdd33f04e06bd14bb2	0ebee87069290e344495652c8f77174f
19844	853709a96c4adeda29abd89c0b7e83b5	267ef83303a314bdd33f04e06bd14bb2	0ebee87069290e344495652c8f77174f
19845	853709a96c4adeda29abd89c0b7e83b5	267ef83303a314bdd33f04e06bd14bb2	0ebee87069290e344495652c8f77174f
19846	853709a96c4adeda29abd89c0b7e83b5	267ef83303a314bdd33f04e06bd14bb2	0ebee87069290e344495652c8f77174f
19847	71df1157971b5812a1d844a6d3dd77ef	3ce0aa55d38c988a8f68f89f4ca61ed6	7672e29d2112fc4a42064d55a2c6c284
19848	71df1157971b5812a1d844a6d3dd77ef	3ce0aa55d38c988a8f68f89f4ca61ed6	7672e29d2112fc4a42064d55a2c6c284
19849	71df1157971b5812a1d844a6d3dd77ef	3ce0aa55d38c988a8f68f89f4ca61ed6	7672e29d2112fc4a42064d55a2c6c284
19850	71df1157971b5812a1d844a6d3dd77ef	3ce0aa55d38c988a8f68f89f4ca61ed6	7672e29d2112fc4a42064d55a2c6c284
19851	71df1157971b5812a1d844a6d3dd77ef	3ce0aa55d38c988a8f68f89f4ca61ed6	7672e29d2112fc4a42064d55a2c6c284
19852	5ed5c68eb9e330a2a96aa40be1a7c25c	dd822f35c98974891207913b8b9492a6	0f302af9fb10fe3ed2d7538e52d81eb1
19853	5ed5c68eb9e330a2a96aa40be1a7c25c	dd822f35c98974891207913b8b9492a6	0f302af9fb10fe3ed2d7538e52d81eb1
19854	5ed5c68eb9e330a2a96aa40be1a7c25c	dd822f35c98974891207913b8b9492a6	0f302af9fb10fe3ed2d7538e52d81eb1
19855	5ed5c68eb9e330a2a96aa40be1a7c25c	dd822f35c98974891207913b8b9492a6	0f302af9fb10fe3ed2d7538e52d81eb1
19856	4cb6d8e8d5d09ecc891a945a8e9779ab	b30334e0e3cf42975870cd8ffc936015	09cbcde46b3cc5c089240c67e30f0c9a
19857	73164de684d8c9bc479c1422b61c7979	e15412776a25fb1f12a058c449044781	013ce2320fa8e2b3fe1ae4742d688b5d
19858	73164de684d8c9bc479c1422b61c7979	e15412776a25fb1f12a058c449044781	013ce2320fa8e2b3fe1ae4742d688b5d
19859	73164de684d8c9bc479c1422b61c7979	e15412776a25fb1f12a058c449044781	013ce2320fa8e2b3fe1ae4742d688b5d
19860	73164de684d8c9bc479c1422b61c7979	e15412776a25fb1f12a058c449044781	013ce2320fa8e2b3fe1ae4742d688b5d
19861	73164de684d8c9bc479c1422b61c7979	e15412776a25fb1f12a058c449044781	013ce2320fa8e2b3fe1ae4742d688b5d
19862	73164de684d8c9bc479c1422b61c7979	e15412776a25fb1f12a058c449044781	013ce2320fa8e2b3fe1ae4742d688b5d
19863	73164de684d8c9bc479c1422b61c7979	e15412776a25fb1f12a058c449044781	013ce2320fa8e2b3fe1ae4742d688b5d
19864	176c79796fd79d35d424169cfe8f22eb	c2283eab95f831581901aa32de19dc74	0b00560496a2cf37abd7888d5f096885
19865	176c79796fd79d35d424169cfe8f22eb	c2283eab95f831581901aa32de19dc74	0b00560496a2cf37abd7888d5f096885
19866	176c79796fd79d35d424169cfe8f22eb	c2283eab95f831581901aa32de19dc74	0b00560496a2cf37abd7888d5f096885
19867	176c79796fd79d35d424169cfe8f22eb	c2283eab95f831581901aa32de19dc74	0b00560496a2cf37abd7888d5f096885
19868	25880fca5612ce08c91cc03a7bb8c384	ab324a6625827ad70dd73f0fefc4bae7	281eb0b872cc89ceb857589014e7b047
19869	3521266b25cad5e806128c57629187f4	658854efc8f2efe0fc8dcffd74f6d3ab	55be099b630c96cbac426c3d6bce04a7
19870	3521266b25cad5e806128c57629187f4	658854efc8f2efe0fc8dcffd74f6d3ab	55be099b630c96cbac426c3d6bce04a7
19871	3521266b25cad5e806128c57629187f4	658854efc8f2efe0fc8dcffd74f6d3ab	55be099b630c96cbac426c3d6bce04a7
19872	3521266b25cad5e806128c57629187f4	658854efc8f2efe0fc8dcffd74f6d3ab	55be099b630c96cbac426c3d6bce04a7
19873	3521266b25cad5e806128c57629187f4	658854efc8f2efe0fc8dcffd74f6d3ab	55be099b630c96cbac426c3d6bce04a7
19874	3521266b25cad5e806128c57629187f4	658854efc8f2efe0fc8dcffd74f6d3ab	55be099b630c96cbac426c3d6bce04a7
19875	3521266b25cad5e806128c57629187f4	658854efc8f2efe0fc8dcffd74f6d3ab	55be099b630c96cbac426c3d6bce04a7
19876	4a39bad8449c4adad5226ffa066ea6d3	0423d640b9471a9af749464c1445c528	be053279853d9fb295cca5bd5be7757e
19877	4a39bad8449c4adad5226ffa066ea6d3	0423d640b9471a9af749464c1445c528	be053279853d9fb295cca5bd5be7757e
19878	4a39bad8449c4adad5226ffa066ea6d3	0423d640b9471a9af749464c1445c528	be053279853d9fb295cca5bd5be7757e
19879	4a39bad8449c4adad5226ffa066ea6d3	0423d640b9471a9af749464c1445c528	be053279853d9fb295cca5bd5be7757e
19880	4a39bad8449c4adad5226ffa066ea6d3	0423d640b9471a9af749464c1445c528	be053279853d9fb295cca5bd5be7757e
19881	477f738398a263cd13563e38f10ffb1e	68fe2bdfee572459382d9ce1b552dbf4	80b6e12ed88a890cd7fc0e20bafff503
19882	477f738398a263cd13563e38f10ffb1e	68fe2bdfee572459382d9ce1b552dbf4	80b6e12ed88a890cd7fc0e20bafff503
19883	477f738398a263cd13563e38f10ffb1e	68fe2bdfee572459382d9ce1b552dbf4	80b6e12ed88a890cd7fc0e20bafff503
19884	477f738398a263cd13563e38f10ffb1e	68fe2bdfee572459382d9ce1b552dbf4	80b6e12ed88a890cd7fc0e20bafff503
19885	477f738398a263cd13563e38f10ffb1e	68fe2bdfee572459382d9ce1b552dbf4	80b6e12ed88a890cd7fc0e20bafff503
19886	477f738398a263cd13563e38f10ffb1e	68fe2bdfee572459382d9ce1b552dbf4	80b6e12ed88a890cd7fc0e20bafff503
19887	477f738398a263cd13563e38f10ffb1e	68fe2bdfee572459382d9ce1b552dbf4	80b6e12ed88a890cd7fc0e20bafff503
19888	107eb0520ffb4f294760da466f273641	b5d7414b3570ef212d3fd8872d26c17f	f9ecc1536e6387e9e299dc4b0c2c07d5
19889	107eb0520ffb4f294760da466f273641	b5d7414b3570ef212d3fd8872d26c17f	f9ecc1536e6387e9e299dc4b0c2c07d5
19890	107eb0520ffb4f294760da466f273641	b5d7414b3570ef212d3fd8872d26c17f	f9ecc1536e6387e9e299dc4b0c2c07d5
19891	107eb0520ffb4f294760da466f273641	b5d7414b3570ef212d3fd8872d26c17f	f9ecc1536e6387e9e299dc4b0c2c07d5
19892	107eb0520ffb4f294760da466f273641	b5d7414b3570ef212d3fd8872d26c17f	f9ecc1536e6387e9e299dc4b0c2c07d5
19893	21f3b1be99f2dd82225b71645251f39d	52069bf0a8841af1e3686f565cdaf1b0	37576af2064781c5f471efde7b74bf31
19894	21f3b1be99f2dd82225b71645251f39d	52069bf0a8841af1e3686f565cdaf1b0	37576af2064781c5f471efde7b74bf31
19895	21f3b1be99f2dd82225b71645251f39d	52069bf0a8841af1e3686f565cdaf1b0	37576af2064781c5f471efde7b74bf31
19896	21f3b1be99f2dd82225b71645251f39d	52069bf0a8841af1e3686f565cdaf1b0	37576af2064781c5f471efde7b74bf31
19897	21f3b1be99f2dd82225b71645251f39d	52069bf0a8841af1e3686f565cdaf1b0	37576af2064781c5f471efde7b74bf31
19898	b0e6041477c32241f3f0df8ac0775e07	08f3b9b0d4c73c181406cf3de14dff97	581fc9c6027314744f22058c82f94c7d
19899	b0e6041477c32241f3f0df8ac0775e07	08f3b9b0d4c73c181406cf3de14dff97	581fc9c6027314744f22058c82f94c7d
19900	b0e6041477c32241f3f0df8ac0775e07	08f3b9b0d4c73c181406cf3de14dff97	581fc9c6027314744f22058c82f94c7d
19901	b0e6041477c32241f3f0df8ac0775e07	08f3b9b0d4c73c181406cf3de14dff97	581fc9c6027314744f22058c82f94c7d
19902	b0e6041477c32241f3f0df8ac0775e07	08f3b9b0d4c73c181406cf3de14dff97	581fc9c6027314744f22058c82f94c7d
19903	b0e6041477c32241f3f0df8ac0775e07	08f3b9b0d4c73c181406cf3de14dff97	581fc9c6027314744f22058c82f94c7d
19904	b0e6041477c32241f3f0df8ac0775e07	08f3b9b0d4c73c181406cf3de14dff97	581fc9c6027314744f22058c82f94c7d
19905	d2f45ac2a4bc1286a26b9e37b85f04d6	1d71dc5064a30da021a2715e8ffcde87	6ef0dca8bad518084a0207465766ead5
19906	d2f45ac2a4bc1286a26b9e37b85f04d6	1d71dc5064a30da021a2715e8ffcde87	6ef0dca8bad518084a0207465766ead5
19907	d2f45ac2a4bc1286a26b9e37b85f04d6	1d71dc5064a30da021a2715e8ffcde87	6ef0dca8bad518084a0207465766ead5
19908	b0e6041477c32241f3f0df8ac0775e07	08f3b9b0d4c73c181406cf3de14dff97	581fc9c6027314744f22058c82f94c7d
19909	b0e6041477c32241f3f0df8ac0775e07	08f3b9b0d4c73c181406cf3de14dff97	581fc9c6027314744f22058c82f94c7d
19910	fae1d9ae425d8f0ae2a46b8c8ab86c7d	ed2221173549cd8b5423d8be7ee666d8	62f14521acece7e4803bae3cf2292198
19911	fae1d9ae425d8f0ae2a46b8c8ab86c7d	ed2221173549cd8b5423d8be7ee666d8	62f14521acece7e4803bae3cf2292198
19912	fae1d9ae425d8f0ae2a46b8c8ab86c7d	ed2221173549cd8b5423d8be7ee666d8	62f14521acece7e4803bae3cf2292198
19913	fae1d9ae425d8f0ae2a46b8c8ab86c7d	ed2221173549cd8b5423d8be7ee666d8	62f14521acece7e4803bae3cf2292198
19914	fae1d9ae425d8f0ae2a46b8c8ab86c7d	ed2221173549cd8b5423d8be7ee666d8	62f14521acece7e4803bae3cf2292198
19915	fae1d9ae425d8f0ae2a46b8c8ab86c7d	ed2221173549cd8b5423d8be7ee666d8	62f14521acece7e4803bae3cf2292198
19916	fae1d9ae425d8f0ae2a46b8c8ab86c7d	ed2221173549cd8b5423d8be7ee666d8	62f14521acece7e4803bae3cf2292198
19917	b1d7b816554bce6e0f58d342855189a8	a5fbdd1940b0d472d62e294daa0d8fb5	a8df474ae06df8108ded9713c6b09501
19918	b1d7b816554bce6e0f58d342855189a8	a5fbdd1940b0d472d62e294daa0d8fb5	a8df474ae06df8108ded9713c6b09501
19919	b1d7b816554bce6e0f58d342855189a8	a5fbdd1940b0d472d62e294daa0d8fb5	a8df474ae06df8108ded9713c6b09501
19920	b1d7b816554bce6e0f58d342855189a8	a5fbdd1940b0d472d62e294daa0d8fb5	a8df474ae06df8108ded9713c6b09501
19921	b1d7b816554bce6e0f58d342855189a8	a5fbdd1940b0d472d62e294daa0d8fb5	a8df474ae06df8108ded9713c6b09501
19922	b1d7b816554bce6e0f58d342855189a8	a5fbdd1940b0d472d62e294daa0d8fb5	a8df474ae06df8108ded9713c6b09501
19923	b1d7b816554bce6e0f58d342855189a8	a5fbdd1940b0d472d62e294daa0d8fb5	a8df474ae06df8108ded9713c6b09501
19924	b1d7b816554bce6e0f58d342855189a8	a5fbdd1940b0d472d62e294daa0d8fb5	a8df474ae06df8108ded9713c6b09501
19925	b1d7b816554bce6e0f58d342855189a8	a5fbdd1940b0d472d62e294daa0d8fb5	a8df474ae06df8108ded9713c6b09501
19926	b1d7b816554bce6e0f58d342855189a8	a5fbdd1940b0d472d62e294daa0d8fb5	a8df474ae06df8108ded9713c6b09501
19927	55dc3d46810c9c858e2956ef685a9412	9ea638acb7110619b734c74b4f950737	ab8dcc55134e3e7c6a5c0d833405a31c
19928	55dc3d46810c9c858e2956ef685a9412	9ea638acb7110619b734c74b4f950737	ab8dcc55134e3e7c6a5c0d833405a31c
19929	55dc3d46810c9c858e2956ef685a9412	9ea638acb7110619b734c74b4f950737	ab8dcc55134e3e7c6a5c0d833405a31c
19930	55dc3d46810c9c858e2956ef685a9412	9ea638acb7110619b734c74b4f950737	ab8dcc55134e3e7c6a5c0d833405a31c
19931	55dc3d46810c9c858e2956ef685a9412	9ea638acb7110619b734c74b4f950737	ab8dcc55134e3e7c6a5c0d833405a31c
19932	55dc3d46810c9c858e2956ef685a9412	9ea638acb7110619b734c74b4f950737	ab8dcc55134e3e7c6a5c0d833405a31c
19933	55dc3d46810c9c858e2956ef685a9412	9ea638acb7110619b734c74b4f950737	ab8dcc55134e3e7c6a5c0d833405a31c
19934	5037f2165fcc9a437791bf82be46c369	62dfcc9a22351bfed5f2fbc767672ed9	c194cf8014446d879787cd50cbbd0d1a
19935	5037f2165fcc9a437791bf82be46c369	62dfcc9a22351bfed5f2fbc767672ed9	c194cf8014446d879787cd50cbbd0d1a
19936	5037f2165fcc9a437791bf82be46c369	62dfcc9a22351bfed5f2fbc767672ed9	c194cf8014446d879787cd50cbbd0d1a
19937	5037f2165fcc9a437791bf82be46c369	62dfcc9a22351bfed5f2fbc767672ed9	c194cf8014446d879787cd50cbbd0d1a
19938	5037f2165fcc9a437791bf82be46c369	37870ff2eab60450a41cddf0fdc8e35b	9e2e357ef9f44a083d931945fdd506f5
19939	b280d0f579b0b80a1a423699d3891480	6fd596a759b1e8b979c987d48e8f7a84	8e61b7562c6fb29ac72c36b6c5447ab6
19940	b280d0f579b0b80a1a423699d3891480	6fd596a759b1e8b979c987d48e8f7a84	8e61b7562c6fb29ac72c36b6c5447ab6
19941	b280d0f579b0b80a1a423699d3891480	6fd596a759b1e8b979c987d48e8f7a84	8e61b7562c6fb29ac72c36b6c5447ab6
19942	b280d0f579b0b80a1a423699d3891480	6fd596a759b1e8b979c987d48e8f7a84	8e61b7562c6fb29ac72c36b6c5447ab6
19943	b280d0f579b0b80a1a423699d3891480	6fd596a759b1e8b979c987d48e8f7a84	8e61b7562c6fb29ac72c36b6c5447ab6
19944	b280d0f579b0b80a1a423699d3891480	6fd596a759b1e8b979c987d48e8f7a84	8e61b7562c6fb29ac72c36b6c5447ab6
19945	b280d0f579b0b80a1a423699d3891480	6fd596a759b1e8b979c987d48e8f7a84	8e61b7562c6fb29ac72c36b6c5447ab6
19946	b280d0f579b0b80a1a423699d3891480	6fd596a759b1e8b979c987d48e8f7a84	8e61b7562c6fb29ac72c36b6c5447ab6
19947	b280d0f579b0b80a1a423699d3891480	6fd596a759b1e8b979c987d48e8f7a84	8e61b7562c6fb29ac72c36b6c5447ab6
19948	b280d0f579b0b80a1a423699d3891480	6fd596a759b1e8b979c987d48e8f7a84	8e61b7562c6fb29ac72c36b6c5447ab6
19949	b280d0f579b0b80a1a423699d3891480	6fd596a759b1e8b979c987d48e8f7a84	8e61b7562c6fb29ac72c36b6c5447ab6
19950	b280d0f579b0b80a1a423699d3891480	6fd596a759b1e8b979c987d48e8f7a84	8e61b7562c6fb29ac72c36b6c5447ab6
19951	b280d0f579b0b80a1a423699d3891480	6fd596a759b1e8b979c987d48e8f7a84	8e61b7562c6fb29ac72c36b6c5447ab6
19952	b280d0f579b0b80a1a423699d3891480	6fd596a759b1e8b979c987d48e8f7a84	8e61b7562c6fb29ac72c36b6c5447ab6
19953	b280d0f579b0b80a1a423699d3891480	6fd596a759b1e8b979c987d48e8f7a84	8e61b7562c6fb29ac72c36b6c5447ab6
19954	b280d0f579b0b80a1a423699d3891480	6fd596a759b1e8b979c987d48e8f7a84	8e61b7562c6fb29ac72c36b6c5447ab6
19955	b280d0f579b0b80a1a423699d3891480	6fd596a759b1e8b979c987d48e8f7a84	8e61b7562c6fb29ac72c36b6c5447ab6
19956	468dc423c291d9e4a1a43c209ef7a5bf	07763424d6a94df6075b8aa03953a8d2	1a0ce2185a21b603cf3ea478bdd9ae81
19957	468dc423c291d9e4a1a43c209ef7a5bf	07763424d6a94df6075b8aa03953a8d2	1a0ce2185a21b603cf3ea478bdd9ae81
19958	468dc423c291d9e4a1a43c209ef7a5bf	07763424d6a94df6075b8aa03953a8d2	1a0ce2185a21b603cf3ea478bdd9ae81
19959	22f321f111ddf92fd3d1f6bfa2d6c947	a7884b15f1a63216644e881e606a804a	fa142f9f70b3409050d1852ffb9e4165
19960	199866566ac458c3ca1148ce6626e0f8	e092b9ff38a4eef38ac0a27ba6b89fa3	964ed0a086542a8073a41faf0e0a4dc9
19961	5e75ac6a3699ad70c165f089cbec7f45	7a8d7dd8eaa36b3fdb700b8eb72fbffd	578c8d0d55f39e958b637177cdb597c0
19962	5e75ac6a3699ad70c165f089cbec7f45	7a8d7dd8eaa36b3fdb700b8eb72fbffd	578c8d0d55f39e958b637177cdb597c0
19963	0b70f40819c83067d6b3e949e2dcc7ab	1eeaf4858b339513fa559c780760464b	822d6a6aa4fe4a713375f83bb301d09b
19964	0b70f40819c83067d6b3e949e2dcc7ab	1eeaf4858b339513fa559c780760464b	822d6a6aa4fe4a713375f83bb301d09b
19965	0b70f40819c83067d6b3e949e2dcc7ab	1eeaf4858b339513fa559c780760464b	822d6a6aa4fe4a713375f83bb301d09b
19966	da709f2172617dc36d82d7ab6fd5a0d6	70ee5c20cc7cf27db316edfa7ac3b5b6	2ae66f8492995b6980f656aaa38dd892
19967	da709f2172617dc36d82d7ab6fd5a0d6	70ee5c20cc7cf27db316edfa7ac3b5b6	2ae66f8492995b6980f656aaa38dd892
19968	da709f2172617dc36d82d7ab6fd5a0d6	abaf6155266495faa1d41380d98651ed	9c94c2377c613e0371bea48c1893280f
19969	da709f2172617dc36d82d7ab6fd5a0d6	abaf6155266495faa1d41380d98651ed	9c94c2377c613e0371bea48c1893280f
19970	da709f2172617dc36d82d7ab6fd5a0d6	abaf6155266495faa1d41380d98651ed	9c94c2377c613e0371bea48c1893280f
19971	da709f2172617dc36d82d7ab6fd5a0d6	abaf6155266495faa1d41380d98651ed	9c94c2377c613e0371bea48c1893280f
19972	da709f2172617dc36d82d7ab6fd5a0d6	abaf6155266495faa1d41380d98651ed	9c94c2377c613e0371bea48c1893280f
19973	da709f2172617dc36d82d7ab6fd5a0d6	abaf6155266495faa1d41380d98651ed	9c94c2377c613e0371bea48c1893280f
19974	da709f2172617dc36d82d7ab6fd5a0d6	abaf6155266495faa1d41380d98651ed	9c94c2377c613e0371bea48c1893280f
19975	0373ca871379e0bddc5bfea892ce743e	2b107ea8aeb3bbf02e019878f8da18d0	42ef840f9172ced3aae78299bf9a9099
19976	0373ca871379e0bddc5bfea892ce743e	2b107ea8aeb3bbf02e019878f8da18d0	42ef840f9172ced3aae78299bf9a9099
19977	a96e2f34a3359deed35b011d4c519f81	1b6a62b451b877e2ce98e87f3040c28b	182a73a302ea4012987698490842721f
19978	da709f2172617dc36d82d7ab6fd5a0d6	abaf6155266495faa1d41380d98651ed	9c94c2377c613e0371bea48c1893280f
19979	da709f2172617dc36d82d7ab6fd5a0d6	abaf6155266495faa1d41380d98651ed	9c94c2377c613e0371bea48c1893280f
19980	47a3aef41da3da79c899f7fc81e2458c	678261507cbb59d7975d89950b63f9fb	770f9baabb0143b3d6421aa8f06cce2f
19981	47a3aef41da3da79c899f7fc81e2458c	678261507cbb59d7975d89950b63f9fb	770f9baabb0143b3d6421aa8f06cce2f
19982	47a3aef41da3da79c899f7fc81e2458c	678261507cbb59d7975d89950b63f9fb	770f9baabb0143b3d6421aa8f06cce2f
19983	47a3aef41da3da79c899f7fc81e2458c	678261507cbb59d7975d89950b63f9fb	770f9baabb0143b3d6421aa8f06cce2f
19984	47a3aef41da3da79c899f7fc81e2458c	678261507cbb59d7975d89950b63f9fb	770f9baabb0143b3d6421aa8f06cce2f
19985	47a3aef41da3da79c899f7fc81e2458c	678261507cbb59d7975d89950b63f9fb	770f9baabb0143b3d6421aa8f06cce2f
19986	47a3aef41da3da79c899f7fc81e2458c	678261507cbb59d7975d89950b63f9fb	770f9baabb0143b3d6421aa8f06cce2f
19987	8ed8ce9840a5fc7b3881070b9505eaad	bde60591e0d60daa363c0a27656ecafd	fe1e33bc2db73d050302bbd2aebb7baa
19988	8ed8ce9840a5fc7b3881070b9505eaad	bde60591e0d60daa363c0a27656ecafd	fe1e33bc2db73d050302bbd2aebb7baa
19989	8ed8ce9840a5fc7b3881070b9505eaad	bde60591e0d60daa363c0a27656ecafd	fe1e33bc2db73d050302bbd2aebb7baa
19990	586f59ee31a08b10191b5ff1471458ca	a40d7be1c01a718a0b385ca8037d056d	d22b39e006a82dcadae91f51204b7bed
19991	565b2ec2b119f74a872eb778ceca2d3d	0a66bea5b802245d17f8a6b3e23e25d4	cd47035618aa8b1b4b920c7bc1d4787f
19992	d56947dd6804feb11ff6e391baa6baf7	f557c87ed9a03a0e50195267daf5fad8	dbfa7fa1cd6826c2799b99490408dbeb
19993	d56947dd6804feb11ff6e391baa6baf7	f557c87ed9a03a0e50195267daf5fad8	dbfa7fa1cd6826c2799b99490408dbeb
19994	d56947dd6804feb11ff6e391baa6baf7	f557c87ed9a03a0e50195267daf5fad8	dbfa7fa1cd6826c2799b99490408dbeb
19995	d56947dd6804feb11ff6e391baa6baf7	f557c87ed9a03a0e50195267daf5fad8	dbfa7fa1cd6826c2799b99490408dbeb
19996	d56947dd6804feb11ff6e391baa6baf7	f557c87ed9a03a0e50195267daf5fad8	dbfa7fa1cd6826c2799b99490408dbeb
19997	cd2ccf70a7016fd3bc78088b4e5a11f2	eac37d453da56c6ec2c6a04444e47e6c	6cecf3cca8107ae40bab43d3b2371d14
19998	cd2ccf70a7016fd3bc78088b4e5a11f2	eac37d453da56c6ec2c6a04444e47e6c	6cecf3cca8107ae40bab43d3b2371d14
19999	cd2ccf70a7016fd3bc78088b4e5a11f2	eac37d453da56c6ec2c6a04444e47e6c	6cecf3cca8107ae40bab43d3b2371d14
20000	cd2ccf70a7016fd3bc78088b4e5a11f2	eac37d453da56c6ec2c6a04444e47e6c	6cecf3cca8107ae40bab43d3b2371d14
20001	cd2ccf70a7016fd3bc78088b4e5a11f2	eac37d453da56c6ec2c6a04444e47e6c	6cecf3cca8107ae40bab43d3b2371d14
20002	cd2ccf70a7016fd3bc78088b4e5a11f2	eac37d453da56c6ec2c6a04444e47e6c	6cecf3cca8107ae40bab43d3b2371d14
20003	cd2ccf70a7016fd3bc78088b4e5a11f2	eac37d453da56c6ec2c6a04444e47e6c	6cecf3cca8107ae40bab43d3b2371d14
20004	cd2ccf70a7016fd3bc78088b4e5a11f2	eac37d453da56c6ec2c6a04444e47e6c	6cecf3cca8107ae40bab43d3b2371d14
20005	cd2ccf70a7016fd3bc78088b4e5a11f2	eac37d453da56c6ec2c6a04444e47e6c	6cecf3cca8107ae40bab43d3b2371d14
20006	cd2ccf70a7016fd3bc78088b4e5a11f2	eac37d453da56c6ec2c6a04444e47e6c	6cecf3cca8107ae40bab43d3b2371d14
20007	cd2ccf70a7016fd3bc78088b4e5a11f2	eac37d453da56c6ec2c6a04444e47e6c	6cecf3cca8107ae40bab43d3b2371d14
20008	cd2ccf70a7016fd3bc78088b4e5a11f2	eac37d453da56c6ec2c6a04444e47e6c	6cecf3cca8107ae40bab43d3b2371d14
20009	c2eefb20563c6f586bd6dca7c9cb9712	94d48ce56a8e01754b79b1158c8f03cb	a5c5e9b718b36d5cebcf6cbbe294265f
20010	c2eefb20563c6f586bd6dca7c9cb9712	94d48ce56a8e01754b79b1158c8f03cb	a5c5e9b718b36d5cebcf6cbbe294265f
20011	c2eefb20563c6f586bd6dca7c9cb9712	94d48ce56a8e01754b79b1158c8f03cb	a5c5e9b718b36d5cebcf6cbbe294265f
20012	1566e0b1097d2c8a3ba356e2d9241fb0	b8cc36b498fc7a0564769f43fc02bf22	c860202cfa06aee63487eefed7a9706e
20013	1566e0b1097d2c8a3ba356e2d9241fb0	b8cc36b498fc7a0564769f43fc02bf22	c860202cfa06aee63487eefed7a9706e
20014	c2eefb20563c6f586bd6dca7c9cb9712	94d48ce56a8e01754b79b1158c8f03cb	a5c5e9b718b36d5cebcf6cbbe294265f
20015	c2eefb20563c6f586bd6dca7c9cb9712	94d48ce56a8e01754b79b1158c8f03cb	a5c5e9b718b36d5cebcf6cbbe294265f
20016	b6368c53628e61cb27962845ba6fa629	9361564e0a5a75f4c4b9a4f8a13891e4	1503409839499ceffa65af5fbdc4550d
20017	7c868bdc7c19e528bdf7ecfa13cdee0a	e82a6e5153d839ac3f8cad5b8eb5c04c	c1c8cda64def916f659b29ee9f68fc35
20018	7c868bdc7c19e528bdf7ecfa13cdee0a	e82a6e5153d839ac3f8cad5b8eb5c04c	c1c8cda64def916f659b29ee9f68fc35
20019	4bbb58ec95f73f719a9cfba43286adfa	c2f9293b002416603d6e3f2599e77390	3699e0fdfbd02aee682a2778fafcf487
20020	4bbb58ec95f73f719a9cfba43286adfa	c2f9293b002416603d6e3f2599e77390	3699e0fdfbd02aee682a2778fafcf487
20021	9673d9a031d98ece9d44190143764486	405eb4dc074ba581920792a51490e1a9	ff701875190424a1e68e1b83b938b022
20022	9673d9a031d98ece9d44190143764486	405eb4dc074ba581920792a51490e1a9	ff701875190424a1e68e1b83b938b022
20023	9673d9a031d98ece9d44190143764486	405eb4dc074ba581920792a51490e1a9	ff701875190424a1e68e1b83b938b022
20024	9673d9a031d98ece9d44190143764486	405eb4dc074ba581920792a51490e1a9	ff701875190424a1e68e1b83b938b022
20025	9673d9a031d98ece9d44190143764486	405eb4dc074ba581920792a51490e1a9	ff701875190424a1e68e1b83b938b022
20026	898508e260a5d729cbd4c9b50ad3f701	6ddfcabe7ba39d2a27e0d1a42bcb8aaa	dbd69ca2f44386de480d8a0a6a706002
20027	898508e260a5d729cbd4c9b50ad3f701	6ddfcabe7ba39d2a27e0d1a42bcb8aaa	dbd69ca2f44386de480d8a0a6a706002
20028	898508e260a5d729cbd4c9b50ad3f701	6ddfcabe7ba39d2a27e0d1a42bcb8aaa	dbd69ca2f44386de480d8a0a6a706002
20029	25d8cddfab57f2c5e837c10c65123588	c29189d3872307d8509daee064fd48fe	86b3fcf4cb604a15dcb53ff53e1091d4
20030	25d8cddfab57f2c5e837c10c65123588	c29189d3872307d8509daee064fd48fe	86b3fcf4cb604a15dcb53ff53e1091d4
20031	25d8cddfab57f2c5e837c10c65123588	fdfb7d95789fa604cdaec7b006321956	8e11e63b845aa27beab27b662c30bd98
20032	25d8cddfab57f2c5e837c10c65123588	fdfb7d95789fa604cdaec7b006321956	8e11e63b845aa27beab27b662c30bd98
20033	3b2a9e55df5a9874cbf03bfcb7d4e42c	841dbcabb307822e6cc6b49f1b703621	392bd750ea0d08b1906aa4590b48dfe4
20034	a8469907f533ea513766c129c8cc4be3	43936491626e016454852777b202abf6	7b94730df719f37d6ae58a75494b923b
20035	3b2a9e55df5a9874cbf03bfcb7d4e42c	841dbcabb307822e6cc6b49f1b703621	392bd750ea0d08b1906aa4590b48dfe4
20036	51b4996b191497e13c8c7ed2787e989b	4f7f1953c500891c2113fd74e14db37b	942ad5920c3c6659e2da7ad302cd9976
20037	a8469907f533ea513766c129c8cc4be3	43936491626e016454852777b202abf6	7b94730df719f37d6ae58a75494b923b
20038	77d3532cdc4db5ece0dd7b785e40c488	6bb92acdd8391a3f1a1768a9c7bd446b	30f0a7349c70ad3ba088dfe5609a0582
20039	77d3532cdc4db5ece0dd7b785e40c488	6bb92acdd8391a3f1a1768a9c7bd446b	30f0a7349c70ad3ba088dfe5609a0582
20040	77d3532cdc4db5ece0dd7b785e40c488	6bb92acdd8391a3f1a1768a9c7bd446b	30f0a7349c70ad3ba088dfe5609a0582
20041	aed24e484a036bdf2d64f5ac41bf46fa	e01d6b611ac2623dcd5042504879e967	da0f059b7f32bd63b0073c8b3736ba42
20042	aed24e484a036bdf2d64f5ac41bf46fa	e01d6b611ac2623dcd5042504879e967	da0f059b7f32bd63b0073c8b3736ba42
20043	77d3532cdc4db5ece0dd7b785e40c488	51b155cc47b5aefa9c2b85a123c26168	d37789c02f29407647277687b846f599
20044	77d3532cdc4db5ece0dd7b785e40c488	51b155cc47b5aefa9c2b85a123c26168	d37789c02f29407647277687b846f599
20045	8accb7177a0430808bde832c8b1ba5b5	4f89c64dbe30e615716521163bd974df	aa27b6898463106b96ff0a30b545380f
20046	8accb7177a0430808bde832c8b1ba5b5	4f89c64dbe30e615716521163bd974df	aa27b6898463106b96ff0a30b545380f
20047	8accb7177a0430808bde832c8b1ba5b5	4f89c64dbe30e615716521163bd974df	aa27b6898463106b96ff0a30b545380f
20048	fe5e60b270ae392c8196034ab0ae4853	27566afae4093761863cea33c30524da	5ea55b0ed4c01ebddf69439cd25c074e
20049	8accb7177a0430808bde832c8b1ba5b5	4f89c64dbe30e615716521163bd974df	aa27b6898463106b96ff0a30b545380f
20050	314745185fa4fcd3d63bd343679c573f	ec09b68238e62759eb0af89b082b1bf0	59e54a739918e95b92dd512f05da8c52
20051	314745185fa4fcd3d63bd343679c573f	ec09b68238e62759eb0af89b082b1bf0	59e54a739918e95b92dd512f05da8c52
20052	314745185fa4fcd3d63bd343679c573f	ec09b68238e62759eb0af89b082b1bf0	59e54a739918e95b92dd512f05da8c52
20053	314745185fa4fcd3d63bd343679c573f	ec09b68238e62759eb0af89b082b1bf0	59e54a739918e95b92dd512f05da8c52
20054	314745185fa4fcd3d63bd343679c573f	ec09b68238e62759eb0af89b082b1bf0	59e54a739918e95b92dd512f05da8c52
20055	314745185fa4fcd3d63bd343679c573f	ec09b68238e62759eb0af89b082b1bf0	59e54a739918e95b92dd512f05da8c52
20056	314745185fa4fcd3d63bd343679c573f	ec09b68238e62759eb0af89b082b1bf0	59e54a739918e95b92dd512f05da8c52
20057	47cdc9947bc9e0272eb7909c69200479	c19bb8392a7bb4c542b55c7006e1d0a9	cacc2683d2830eef764be61b9e4d9f88
20058	47cdc9947bc9e0272eb7909c69200479	c19bb8392a7bb4c542b55c7006e1d0a9	cacc2683d2830eef764be61b9e4d9f88
20059	47cdc9947bc9e0272eb7909c69200479	c19bb8392a7bb4c542b55c7006e1d0a9	cacc2683d2830eef764be61b9e4d9f88
20060	47cdc9947bc9e0272eb7909c69200479	c19bb8392a7bb4c542b55c7006e1d0a9	cacc2683d2830eef764be61b9e4d9f88
20061	47cdc9947bc9e0272eb7909c69200479	c19bb8392a7bb4c542b55c7006e1d0a9	cacc2683d2830eef764be61b9e4d9f88
20062	66fa829c9794370989ec7352521f90f0	bbe8d1381cf02fae97c1bf4821bb6984	b7bff89711e508aa880b5565dc135b63
20063	66fa829c9794370989ec7352521f90f0	bbe8d1381cf02fae97c1bf4821bb6984	b7bff89711e508aa880b5565dc135b63
20064	66fa829c9794370989ec7352521f90f0	bbe8d1381cf02fae97c1bf4821bb6984	b7bff89711e508aa880b5565dc135b63
20065	66fa829c9794370989ec7352521f90f0	bbe8d1381cf02fae97c1bf4821bb6984	b7bff89711e508aa880b5565dc135b63
20066	66fa829c9794370989ec7352521f90f0	bbe8d1381cf02fae97c1bf4821bb6984	b7bff89711e508aa880b5565dc135b63
20067	262781b661247daea21dd6dd8a604742	9809966ba9ee30cb18d417422134e660	d2ef3d1d7c5764407793635391a0018d
20068	262781b661247daea21dd6dd8a604742	9809966ba9ee30cb18d417422134e660	d2ef3d1d7c5764407793635391a0018d
20069	262781b661247daea21dd6dd8a604742	9809966ba9ee30cb18d417422134e660	d2ef3d1d7c5764407793635391a0018d
20070	6799a470de820613b65a38eff451a66f	f6dcd130a6215e70c761fc0491788927	959ebcd3367a2170abb7cb2bac53805f
20071	6799a470de820613b65a38eff451a66f	f6dcd130a6215e70c761fc0491788927	959ebcd3367a2170abb7cb2bac53805f
20072	d76a845b94b1056e3b674c25673840f4	3f284d2be4ebd008a8e178ca6659fe86	f0becfcc9b0f2eddbce2e5261e55ffb2
20073	175f474a58acf142158d660a97f44550	211fa38eca61570bcb4b68d36ee3c0df	5cf2b422d22b9f8c19c5f45b47ef67dc
20074	d81cdbc3aab4e3a52e786e495ff55363	acbad06e1d85eb5b2845ce7fe6c35b0f	197850d5b8c8dc7df8dbc9c51960c432
20075	d81cdbc3aab4e3a52e786e495ff55363	acbad06e1d85eb5b2845ce7fe6c35b0f	197850d5b8c8dc7df8dbc9c51960c432
20076	d81cdbc3aab4e3a52e786e495ff55363	acbad06e1d85eb5b2845ce7fe6c35b0f	197850d5b8c8dc7df8dbc9c51960c432
20077	102f5f3b7ef7de19bc2658a718e4a61c	de3b70dfeb5b3ee84e37836547b03efc	d91bc9a2533d702f170d26eb80d48062
20078	97d3befa89695b71d3b6bbeb8c705233	ccc6ec0fb859d6b609e2f2bae0e85e3a	615dff5bcfb367475a6f03afc220a156
20079	4a05c672031a0541b9385500e592b98b	d71a5078f7fca3779bbc072e3b974ed8	675b8a12d6843ca93088c976827da558
20080	4a05c672031a0541b9385500e592b98b	d71a5078f7fca3779bbc072e3b974ed8	675b8a12d6843ca93088c976827da558
20081	4a05c672031a0541b9385500e592b98b	d71a5078f7fca3779bbc072e3b974ed8	675b8a12d6843ca93088c976827da558
20082	4a05c672031a0541b9385500e592b98b	d71a5078f7fca3779bbc072e3b974ed8	675b8a12d6843ca93088c976827da558
20083	4a05c672031a0541b9385500e592b98b	d71a5078f7fca3779bbc072e3b974ed8	675b8a12d6843ca93088c976827da558
20084	4a05c672031a0541b9385500e592b98b	d71a5078f7fca3779bbc072e3b974ed8	675b8a12d6843ca93088c976827da558
20085	4a05c672031a0541b9385500e592b98b	d71a5078f7fca3779bbc072e3b974ed8	675b8a12d6843ca93088c976827da558
20086	3124a839bdb16662f8ed56753026ce3a	87755b31e68eb2d0f5cbda8bdfa130d4	d337e5f31c28bd44e45cd2e3514d4d28
20087	3124a839bdb16662f8ed56753026ce3a	87755b31e68eb2d0f5cbda8bdfa130d4	d337e5f31c28bd44e45cd2e3514d4d28
20088	3124a839bdb16662f8ed56753026ce3a	87755b31e68eb2d0f5cbda8bdfa130d4	d337e5f31c28bd44e45cd2e3514d4d28
20089	d642c36488a1e7ba0c4d49376503aab2	8cf6a401e7ed92a0ff1242c031de6cd9	0ead77ce15ac44585945c70890f94d8f
20090	3488bae3e1b1e2775b7d4596e33d5078	9af8a69d0731b0aa7e279e1bcca94976	c656f790f02836ec7eae25ce8a57d3a5
20091	3124a839bdb16662f8ed56753026ce3a	87755b31e68eb2d0f5cbda8bdfa130d4	d337e5f31c28bd44e45cd2e3514d4d28
20092	3124a839bdb16662f8ed56753026ce3a	87755b31e68eb2d0f5cbda8bdfa130d4	d337e5f31c28bd44e45cd2e3514d4d28
20093	3124a839bdb16662f8ed56753026ce3a	87755b31e68eb2d0f5cbda8bdfa130d4	d337e5f31c28bd44e45cd2e3514d4d28
20094	d642c36488a1e7ba0c4d49376503aab2	e138b6c507459cc0c2dfdd910a5c202f	c88ef0bb4c2f47fc15afa8f25dc1a4a8
20095	3488bae3e1b1e2775b7d4596e33d5078	9af8a69d0731b0aa7e279e1bcca94976	c656f790f02836ec7eae25ce8a57d3a5
20096	a57b1b17b66271879f872ac649dcb946	45bcf478f853d485c254e84f9edd5c0c	61052b3a84145558fab0a8d6e5270353
20097	a57b1b17b66271879f872ac649dcb946	45bcf478f853d485c254e84f9edd5c0c	61052b3a84145558fab0a8d6e5270353
20098	a57b1b17b66271879f872ac649dcb946	45bcf478f853d485c254e84f9edd5c0c	61052b3a84145558fab0a8d6e5270353
20099	a57b1b17b66271879f872ac649dcb946	45bcf478f853d485c254e84f9edd5c0c	61052b3a84145558fab0a8d6e5270353
20100	a57b1b17b66271879f872ac649dcb946	45bcf478f853d485c254e84f9edd5c0c	61052b3a84145558fab0a8d6e5270353
20101	a57b1b17b66271879f872ac649dcb946	45bcf478f853d485c254e84f9edd5c0c	61052b3a84145558fab0a8d6e5270353
20102	a57b1b17b66271879f872ac649dcb946	45bcf478f853d485c254e84f9edd5c0c	61052b3a84145558fab0a8d6e5270353
20103	c10beebf9a8632293eb5cb921df3f1b4	a403277ab635df2b37272930062f7e49	a6a6fa38f022dfea60a6d2c8eebe1c4e
20104	c10beebf9a8632293eb5cb921df3f1b4	a403277ab635df2b37272930062f7e49	a6a6fa38f022dfea60a6d2c8eebe1c4e
20105	c10beebf9a8632293eb5cb921df3f1b4	a403277ab635df2b37272930062f7e49	a6a6fa38f022dfea60a6d2c8eebe1c4e
20106	c10beebf9a8632293eb5cb921df3f1b4	a403277ab635df2b37272930062f7e49	a6a6fa38f022dfea60a6d2c8eebe1c4e
20107	c10beebf9a8632293eb5cb921df3f1b4	a403277ab635df2b37272930062f7e49	a6a6fa38f022dfea60a6d2c8eebe1c4e
20108	115d088266b2c7ead782c6b284c395c9	86cb80f3c4187777fac6bc33d96682f8	18a2fbf173cf785e3809526106c99e9a
20109	115d088266b2c7ead782c6b284c395c9	86cb80f3c4187777fac6bc33d96682f8	18a2fbf173cf785e3809526106c99e9a
20110	115d088266b2c7ead782c6b284c395c9	86cb80f3c4187777fac6bc33d96682f8	18a2fbf173cf785e3809526106c99e9a
20111	115d088266b2c7ead782c6b284c395c9	86cb80f3c4187777fac6bc33d96682f8	18a2fbf173cf785e3809526106c99e9a
20112	115d088266b2c7ead782c6b284c395c9	86cb80f3c4187777fac6bc33d96682f8	18a2fbf173cf785e3809526106c99e9a
20113	115d088266b2c7ead782c6b284c395c9	86cb80f3c4187777fac6bc33d96682f8	18a2fbf173cf785e3809526106c99e9a
20114	115d088266b2c7ead782c6b284c395c9	86cb80f3c4187777fac6bc33d96682f8	18a2fbf173cf785e3809526106c99e9a
20115	115d088266b2c7ead782c6b284c395c9	86cb80f3c4187777fac6bc33d96682f8	18a2fbf173cf785e3809526106c99e9a
20116	115d088266b2c7ead782c6b284c395c9	86cb80f3c4187777fac6bc33d96682f8	18a2fbf173cf785e3809526106c99e9a
20117	115d088266b2c7ead782c6b284c395c9	86cb80f3c4187777fac6bc33d96682f8	18a2fbf173cf785e3809526106c99e9a
20118	115d088266b2c7ead782c6b284c395c9	86cb80f3c4187777fac6bc33d96682f8	18a2fbf173cf785e3809526106c99e9a
20119	115d088266b2c7ead782c6b284c395c9	86cb80f3c4187777fac6bc33d96682f8	18a2fbf173cf785e3809526106c99e9a
20120	115d088266b2c7ead782c6b284c395c9	86cb80f3c4187777fac6bc33d96682f8	18a2fbf173cf785e3809526106c99e9a
20121	115d088266b2c7ead782c6b284c395c9	86cb80f3c4187777fac6bc33d96682f8	18a2fbf173cf785e3809526106c99e9a
20122	115d088266b2c7ead782c6b284c395c9	86cb80f3c4187777fac6bc33d96682f8	18a2fbf173cf785e3809526106c99e9a
20123	115d088266b2c7ead782c6b284c395c9	86cb80f3c4187777fac6bc33d96682f8	18a2fbf173cf785e3809526106c99e9a
20124	115d088266b2c7ead782c6b284c395c9	86cb80f3c4187777fac6bc33d96682f8	18a2fbf173cf785e3809526106c99e9a
20125	0bcf4493f45dad469d670fc5ad61a4b5	f32a8feffc112084e1d4df1ba825d1be	a7370f5daab9a5f7b680f3967c1597c5
20126	0bcf4493f45dad469d670fc5ad61a4b5	f32a8feffc112084e1d4df1ba825d1be	a7370f5daab9a5f7b680f3967c1597c5
20127	0bcf4493f45dad469d670fc5ad61a4b5	f32a8feffc112084e1d4df1ba825d1be	a7370f5daab9a5f7b680f3967c1597c5
20128	0bcf4493f45dad469d670fc5ad61a4b5	f32a8feffc112084e1d4df1ba825d1be	a7370f5daab9a5f7b680f3967c1597c5
20129	0bcf4493f45dad469d670fc5ad61a4b5	f32a8feffc112084e1d4df1ba825d1be	a7370f5daab9a5f7b680f3967c1597c5
20130	0bcf4493f45dad469d670fc5ad61a4b5	f32a8feffc112084e1d4df1ba825d1be	a7370f5daab9a5f7b680f3967c1597c5
20131	0bcf4493f45dad469d670fc5ad61a4b5	f32a8feffc112084e1d4df1ba825d1be	a7370f5daab9a5f7b680f3967c1597c5
20132	47bd977eb3af8730193706f34f8fb46a	18341e40900c86f0473fcd66a5311307	d3486175a72d09e1e07d4f600f9c8a88
20133	47bd977eb3af8730193706f34f8fb46a	18341e40900c86f0473fcd66a5311307	d3486175a72d09e1e07d4f600f9c8a88
20134	47bd977eb3af8730193706f34f8fb46a	18341e40900c86f0473fcd66a5311307	d3486175a72d09e1e07d4f600f9c8a88
20135	bda0879f54579d46c63870b9aab10fc5	7cc05bfc80f5daecbbf34aebcffcc421	3f64042c4a037d72800c710bbd8486ea
20136	bda0879f54579d46c63870b9aab10fc5	7cc05bfc80f5daecbbf34aebcffcc421	3f64042c4a037d72800c710bbd8486ea
20137	6dfd391c685a5d93a37abf932ae0d0de	649012ef116f4b656c72a4f20414aa0e	b6c66094050b0d6b7ae49a61e5a90781
20138	6dfd391c685a5d93a37abf932ae0d0de	649012ef116f4b656c72a4f20414aa0e	b6c66094050b0d6b7ae49a61e5a90781
20139	6dfd391c685a5d93a37abf932ae0d0de	649012ef116f4b656c72a4f20414aa0e	b6c66094050b0d6b7ae49a61e5a90781
20140	6dfd391c685a5d93a37abf932ae0d0de	649012ef116f4b656c72a4f20414aa0e	b6c66094050b0d6b7ae49a61e5a90781
20141	6dfd391c685a5d93a37abf932ae0d0de	649012ef116f4b656c72a4f20414aa0e	b6c66094050b0d6b7ae49a61e5a90781
20142	6dfd391c685a5d93a37abf932ae0d0de	9e39d4b753b21775ecafd0f31ba49e4d	7a1d9030ba29ca93cf5978428e5ad3d6
20143	6dfd391c685a5d93a37abf932ae0d0de	649012ef116f4b656c72a4f20414aa0e	b6c66094050b0d6b7ae49a61e5a90781
20144	49cdf0fdde895a6fdc135c2d75ca565b	0f403501e736c066994d8b56947b03c6	cf01ef42b315d381ca2dbe9022cde11e
20145	49cdf0fdde895a6fdc135c2d75ca565b	0f403501e736c066994d8b56947b03c6	cf01ef42b315d381ca2dbe9022cde11e
20146	49cdf0fdde895a6fdc135c2d75ca565b	0f403501e736c066994d8b56947b03c6	cf01ef42b315d381ca2dbe9022cde11e
20147	e022c2f8c612ec60c41768e329ddb0b5	29305c0efb51e9e4fdb6cdb971ef3ca2	e3bb1c5bcf220ad4e1caf725bf22006d
20148	e022c2f8c612ec60c41768e329ddb0b5	29305c0efb51e9e4fdb6cdb971ef3ca2	e3bb1c5bcf220ad4e1caf725bf22006d
20149	31c299078b332636a5b4cf6980bb4301	1ed86ecc0f1ccf13560aaff28c158bee	414e2ca5c4c82fc390731cb2c77cb8c5
20150	31c299078b332636a5b4cf6980bb4301	1ed86ecc0f1ccf13560aaff28c158bee	414e2ca5c4c82fc390731cb2c77cb8c5
20151	31c299078b332636a5b4cf6980bb4301	1ed86ecc0f1ccf13560aaff28c158bee	414e2ca5c4c82fc390731cb2c77cb8c5
20152	31c299078b332636a5b4cf6980bb4301	1ed86ecc0f1ccf13560aaff28c158bee	414e2ca5c4c82fc390731cb2c77cb8c5
20153	31c299078b332636a5b4cf6980bb4301	1ed86ecc0f1ccf13560aaff28c158bee	414e2ca5c4c82fc390731cb2c77cb8c5
20154	31c299078b332636a5b4cf6980bb4301	1ed86ecc0f1ccf13560aaff28c158bee	414e2ca5c4c82fc390731cb2c77cb8c5
20155	31c299078b332636a5b4cf6980bb4301	1ed86ecc0f1ccf13560aaff28c158bee	414e2ca5c4c82fc390731cb2c77cb8c5
20156	f726ca93447b57d612389e503bfc3334	36dcefa55f2c68f2f13fac5d99b4005d	ac8fd9dda807f209d1eb1684f0572a41
20157	f726ca93447b57d612389e503bfc3334	36dcefa55f2c68f2f13fac5d99b4005d	ac8fd9dda807f209d1eb1684f0572a41
20158	f726ca93447b57d612389e503bfc3334	36dcefa55f2c68f2f13fac5d99b4005d	ac8fd9dda807f209d1eb1684f0572a41
20159	f726ca93447b57d612389e503bfc3334	36dcefa55f2c68f2f13fac5d99b4005d	ac8fd9dda807f209d1eb1684f0572a41
20160	f726ca93447b57d612389e503bfc3334	36dcefa55f2c68f2f13fac5d99b4005d	ac8fd9dda807f209d1eb1684f0572a41
20161	f726ca93447b57d612389e503bfc3334	36dcefa55f2c68f2f13fac5d99b4005d	ac8fd9dda807f209d1eb1684f0572a41
20162	f726ca93447b57d612389e503bfc3334	36dcefa55f2c68f2f13fac5d99b4005d	ac8fd9dda807f209d1eb1684f0572a41
20163	f726ca93447b57d612389e503bfc3334	36dcefa55f2c68f2f13fac5d99b4005d	ac8fd9dda807f209d1eb1684f0572a41
20164	f726ca93447b57d612389e503bfc3334	36dcefa55f2c68f2f13fac5d99b4005d	ac8fd9dda807f209d1eb1684f0572a41
20165	f726ca93447b57d612389e503bfc3334	36dcefa55f2c68f2f13fac5d99b4005d	ac8fd9dda807f209d1eb1684f0572a41
20166	4ccc41ccf6cb84b368ef126cfb7e42e1	ed1ba451de58f7567f9eda0cffe3c1de	401f77befc1be72c4ace8576f9e9df30
20167	4ccc41ccf6cb84b368ef126cfb7e42e1	ed1ba451de58f7567f9eda0cffe3c1de	401f77befc1be72c4ace8576f9e9df30
20168	4ccc41ccf6cb84b368ef126cfb7e42e1	ed1ba451de58f7567f9eda0cffe3c1de	401f77befc1be72c4ace8576f9e9df30
20169	4ccc41ccf6cb84b368ef126cfb7e42e1	ed1ba451de58f7567f9eda0cffe3c1de	401f77befc1be72c4ace8576f9e9df30
20170	4ccc41ccf6cb84b368ef126cfb7e42e1	ed1ba451de58f7567f9eda0cffe3c1de	401f77befc1be72c4ace8576f9e9df30
20171	4ccc41ccf6cb84b368ef126cfb7e42e1	ed1ba451de58f7567f9eda0cffe3c1de	401f77befc1be72c4ace8576f9e9df30
20172	4ccc41ccf6cb84b368ef126cfb7e42e1	ed1ba451de58f7567f9eda0cffe3c1de	401f77befc1be72c4ace8576f9e9df30
20173	04c349b10cf5776bcc94ab8e1675eda5	401a9f2f946f11e2cddb1708bc77d240	447a4a0a9be024f2e7df435d95dbfdfb
20174	04c349b10cf5776bcc94ab8e1675eda5	401a9f2f946f11e2cddb1708bc77d240	447a4a0a9be024f2e7df435d95dbfdfb
20175	04c349b10cf5776bcc94ab8e1675eda5	401a9f2f946f11e2cddb1708bc77d240	447a4a0a9be024f2e7df435d95dbfdfb
20176	2571fadba0c83cdbecc7bdf9cf3176ee	5985a68bee106236e69e137ce1c0806d	d18e3eca9b63c7f6a7c6e53883bc3132
20177	067daf161e2086adc420375231072ce8	a1d8b0072d705feb2a8453efdfedd218	1abbbbb44c25aa11c3a047dcbe66e4db
20178	4dc17af9f993e842fa2501c6c3e206ea	ae6b8b76f5793c769a2a300e9712cf9e	ac51d2d050e2426dcce12c58b5059c39
20179	4dc17af9f993e842fa2501c6c3e206ea	ae6b8b76f5793c769a2a300e9712cf9e	ac51d2d050e2426dcce12c58b5059c39
20180	4dc17af9f993e842fa2501c6c3e206ea	ae6b8b76f5793c769a2a300e9712cf9e	ac51d2d050e2426dcce12c58b5059c39
20181	4dc17af9f993e842fa2501c6c3e206ea	ae6b8b76f5793c769a2a300e9712cf9e	ac51d2d050e2426dcce12c58b5059c39
20182	4dc17af9f993e842fa2501c6c3e206ea	ae6b8b76f5793c769a2a300e9712cf9e	ac51d2d050e2426dcce12c58b5059c39
20183	4dc17af9f993e842fa2501c6c3e206ea	ae6b8b76f5793c769a2a300e9712cf9e	ac51d2d050e2426dcce12c58b5059c39
20184	4dc17af9f993e842fa2501c6c3e206ea	ae6b8b76f5793c769a2a300e9712cf9e	ac51d2d050e2426dcce12c58b5059c39
20185	048d7f98b4c1aa6e591eb5b64040cb7f	8c120be77d460ce2d4e634d6c3069387	997aef8a55e36a84c612e0ead75c228f
20186	048d7f98b4c1aa6e591eb5b64040cb7f	8c120be77d460ce2d4e634d6c3069387	997aef8a55e36a84c612e0ead75c228f
20187	048d7f98b4c1aa6e591eb5b64040cb7f	8c120be77d460ce2d4e634d6c3069387	997aef8a55e36a84c612e0ead75c228f
20188	429a9efe1334aeb7eb34224581748895	982355cd7c15d163f91254fd74167905	171253483e7a81486bb2e585ee9410d8
20189	429a9efe1334aeb7eb34224581748895	982355cd7c15d163f91254fd74167905	171253483e7a81486bb2e585ee9410d8
20190	21f137e172335a51d05a68794c29ed18	42a96606e8bf999cfa8a993aaad69b7e	25bf8fb92af368f07a98e86438683401
20191	21f137e172335a51d05a68794c29ed18	42a96606e8bf999cfa8a993aaad69b7e	25bf8fb92af368f07a98e86438683401
20192	21f137e172335a51d05a68794c29ed18	42a96606e8bf999cfa8a993aaad69b7e	25bf8fb92af368f07a98e86438683401
20193	21f137e172335a51d05a68794c29ed18	42a96606e8bf999cfa8a993aaad69b7e	25bf8fb92af368f07a98e86438683401
20194	21f137e172335a51d05a68794c29ed18	42a96606e8bf999cfa8a993aaad69b7e	25bf8fb92af368f07a98e86438683401
20195	1a1ac7919a5959445317e90f31379ea9	24904a0fd0f274ef6bd81a6c99c91c31	c362558a6e4103402c7873ebc0844342
20196	1a1ac7919a5959445317e90f31379ea9	24904a0fd0f274ef6bd81a6c99c91c31	c362558a6e4103402c7873ebc0844342
20197	1a1ac7919a5959445317e90f31379ea9	24904a0fd0f274ef6bd81a6c99c91c31	c362558a6e4103402c7873ebc0844342
20198	1a1ac7919a5959445317e90f31379ea9	24904a0fd0f274ef6bd81a6c99c91c31	c362558a6e4103402c7873ebc0844342
20199	1a1ac7919a5959445317e90f31379ea9	24904a0fd0f274ef6bd81a6c99c91c31	c362558a6e4103402c7873ebc0844342
20200	1a1ac7919a5959445317e90f31379ea9	24904a0fd0f274ef6bd81a6c99c91c31	c362558a6e4103402c7873ebc0844342
20201	1a1ac7919a5959445317e90f31379ea9	24904a0fd0f274ef6bd81a6c99c91c31	c362558a6e4103402c7873ebc0844342
20202	772d355dd3fb03c3dd5196279f5f79a3	2dea4874fc49acd4a8297da8174244f5	63406459c6e0aa230bc49e0ec616ba77
20203	772d355dd3fb03c3dd5196279f5f79a3	2dea4874fc49acd4a8297da8174244f5	63406459c6e0aa230bc49e0ec616ba77
20204	772d355dd3fb03c3dd5196279f5f79a3	d759cdec026c8cb012d89fd56fbfba73	9d17782e3481a51127c4cdaf97982b14
20205	772d355dd3fb03c3dd5196279f5f79a3	2dea4874fc49acd4a8297da8174244f5	63406459c6e0aa230bc49e0ec616ba77
20206	772d355dd3fb03c3dd5196279f5f79a3	2dea4874fc49acd4a8297da8174244f5	63406459c6e0aa230bc49e0ec616ba77
20207	f22c77016a452de20269a85dc634ff55	1d1b1745cc91694adbed82b36c2bb89c	9ee6c3b4c24da485c16331a0faae766f
20208	f22c77016a452de20269a85dc634ff55	1d1b1745cc91694adbed82b36c2bb89c	9ee6c3b4c24da485c16331a0faae766f
20209	f22c77016a452de20269a85dc634ff55	1d1b1745cc91694adbed82b36c2bb89c	9ee6c3b4c24da485c16331a0faae766f
20210	db1d46a8707da72f63baf65aeb3be224	67227396bcef572bd5269ea09f814a09	07641c72bbd34365377bf6e1fbcb3cd6
20211	db1d46a8707da72f63baf65aeb3be224	67227396bcef572bd5269ea09f814a09	07641c72bbd34365377bf6e1fbcb3cd6
20212	6f175ba2a6d21d33919ba27203b5806a	2527e79866fcf26a6e90c50707bd2584	b4514af24398a6b5fc7fbb1ebac41dfe
20213	6f175ba2a6d21d33919ba27203b5806a	2527e79866fcf26a6e90c50707bd2584	b4514af24398a6b5fc7fbb1ebac41dfe
20214	6000c07509d0461837e569050169c6ca	9a527e387182a60d28055e7d6de58e29	d1871c1baa917676670f1592ad3390f5
20215	6000c07509d0461837e569050169c6ca	9a527e387182a60d28055e7d6de58e29	d1871c1baa917676670f1592ad3390f5
20216	6000c07509d0461837e569050169c6ca	9a527e387182a60d28055e7d6de58e29	d1871c1baa917676670f1592ad3390f5
20217	e641edb6eccebed5300e66f5000c2941	7729d224309cf4b9197ae51f32f4bb38	1d8649d745456dbb9c159e23790f4077
20218	6000c07509d0461837e569050169c6ca	9a527e387182a60d28055e7d6de58e29	d1871c1baa917676670f1592ad3390f5
20219	88fa7f7d3ddd86856328bcd62f6fe3c7	30cc14a86a727068166b77221c35035d	05e81095aab14d1ac505488a22600f5b
20220	88fa7f7d3ddd86856328bcd62f6fe3c7	30cc14a86a727068166b77221c35035d	05e81095aab14d1ac505488a22600f5b
20221	88fa7f7d3ddd86856328bcd62f6fe3c7	30cc14a86a727068166b77221c35035d	05e81095aab14d1ac505488a22600f5b
20222	88fa7f7d3ddd86856328bcd62f6fe3c7	30cc14a86a727068166b77221c35035d	05e81095aab14d1ac505488a22600f5b
20223	88fa7f7d3ddd86856328bcd62f6fe3c7	30cc14a86a727068166b77221c35035d	05e81095aab14d1ac505488a22600f5b
20224	88fa7f7d3ddd86856328bcd62f6fe3c7	30cc14a86a727068166b77221c35035d	05e81095aab14d1ac505488a22600f5b
20225	88fa7f7d3ddd86856328bcd62f6fe3c7	30cc14a86a727068166b77221c35035d	05e81095aab14d1ac505488a22600f5b
20226	9d70cbcf990fa8b4153f8395166ec939	b2f84a07cff9a66285b4ca6784605677	4b5581a9614fe3ec92996f00b1dddd89
20227	9d70cbcf990fa8b4153f8395166ec939	b2f84a07cff9a66285b4ca6784605677	4b5581a9614fe3ec92996f00b1dddd89
20228	9d70cbcf990fa8b4153f8395166ec939	b2f84a07cff9a66285b4ca6784605677	4b5581a9614fe3ec92996f00b1dddd89
20229	9d70cbcf990fa8b4153f8395166ec939	b2f84a07cff9a66285b4ca6784605677	4b5581a9614fe3ec92996f00b1dddd89
20230	9d70cbcf990fa8b4153f8395166ec939	b2f84a07cff9a66285b4ca6784605677	4b5581a9614fe3ec92996f00b1dddd89
20231	ab58decb5c918a705e7239e6cc222269	4332ad56f860b5b744fd650a263d23c6	6a9ab318171940eb5c8bfc724b5b9461
20232	ab58decb5c918a705e7239e6cc222269	4332ad56f860b5b744fd650a263d23c6	6a9ab318171940eb5c8bfc724b5b9461
20233	ab58decb5c918a705e7239e6cc222269	4332ad56f860b5b744fd650a263d23c6	6a9ab318171940eb5c8bfc724b5b9461
20234	ab58decb5c918a705e7239e6cc222269	4332ad56f860b5b744fd650a263d23c6	6a9ab318171940eb5c8bfc724b5b9461
20235	ab58decb5c918a705e7239e6cc222269	4332ad56f860b5b744fd650a263d23c6	6a9ab318171940eb5c8bfc724b5b9461
20236	04faf05d89f8591ac69d0ea68f8f0124	c59a40103cd039b96a8e6c34dfdaa97d	78e518bdcc458d46d087f179c65b6dba
20237	04faf05d89f8591ac69d0ea68f8f0124	c59a40103cd039b96a8e6c34dfdaa97d	78e518bdcc458d46d087f179c65b6dba
20238	04faf05d89f8591ac69d0ea68f8f0124	c59a40103cd039b96a8e6c34dfdaa97d	78e518bdcc458d46d087f179c65b6dba
20239	04faf05d89f8591ac69d0ea68f8f0124	c59a40103cd039b96a8e6c34dfdaa97d	78e518bdcc458d46d087f179c65b6dba
20240	04faf05d89f8591ac69d0ea68f8f0124	c59a40103cd039b96a8e6c34dfdaa97d	78e518bdcc458d46d087f179c65b6dba
20241	04faf05d89f8591ac69d0ea68f8f0124	c59a40103cd039b96a8e6c34dfdaa97d	78e518bdcc458d46d087f179c65b6dba
20242	04faf05d89f8591ac69d0ea68f8f0124	c59a40103cd039b96a8e6c34dfdaa97d	78e518bdcc458d46d087f179c65b6dba
20243	04faf05d89f8591ac69d0ea68f8f0124	c59a40103cd039b96a8e6c34dfdaa97d	78e518bdcc458d46d087f179c65b6dba
20244	04faf05d89f8591ac69d0ea68f8f0124	c59a40103cd039b96a8e6c34dfdaa97d	78e518bdcc458d46d087f179c65b6dba
20245	04faf05d89f8591ac69d0ea68f8f0124	c59a40103cd039b96a8e6c34dfdaa97d	78e518bdcc458d46d087f179c65b6dba
20246	ab722ea57f8cc007399ce29e9b24f58a	63356148630828ec8d37a2181af20864	72dedf95de494e49d470f5416435b7aa
20247	04faf05d89f8591ac69d0ea68f8f0124	c59a40103cd039b96a8e6c34dfdaa97d	78e518bdcc458d46d087f179c65b6dba
20248	0282ae8639730b49b074f4bc07a6c9e9	a66fa6b82e836b853a3ab780ce11b5b7	6813433777fe41c264c6e31faf215045
20249	0282ae8639730b49b074f4bc07a6c9e9	a66fa6b82e836b853a3ab780ce11b5b7	6813433777fe41c264c6e31faf215045
20250	0282ae8639730b49b074f4bc07a6c9e9	a66fa6b82e836b853a3ab780ce11b5b7	6813433777fe41c264c6e31faf215045
20251	0282ae8639730b49b074f4bc07a6c9e9	a66fa6b82e836b853a3ab780ce11b5b7	6813433777fe41c264c6e31faf215045
20252	0282ae8639730b49b074f4bc07a6c9e9	a66fa6b82e836b853a3ab780ce11b5b7	6813433777fe41c264c6e31faf215045
20253	0282ae8639730b49b074f4bc07a6c9e9	a66fa6b82e836b853a3ab780ce11b5b7	6813433777fe41c264c6e31faf215045
20254	0282ae8639730b49b074f4bc07a6c9e9	a66fa6b82e836b853a3ab780ce11b5b7	6813433777fe41c264c6e31faf215045
20255	260ec37e147c2c6a23390a39864b2f55	ee6da1687ffb1712a13453ed5f4f4934	517fb30ff20549104699394eaf0c5620
20256	260ec37e147c2c6a23390a39864b2f55	ee6da1687ffb1712a13453ed5f4f4934	517fb30ff20549104699394eaf0c5620
20257	260ec37e147c2c6a23390a39864b2f55	ee6da1687ffb1712a13453ed5f4f4934	517fb30ff20549104699394eaf0c5620
20258	830287ce00f41c96db36a04cdad3302e	28b1e8adfe66436e389831fbf50eed33	07a6dcb4a3f6286e62308dc94cb45794
20259	227bf09e9ef0583779100c15169ff2a5	1f021501ac0d64e0e30a91434ce6bddb	8f7b377cbbc8a47b94ae19055a8bf99b
20260	260ec37e147c2c6a23390a39864b2f55	ee6da1687ffb1712a13453ed5f4f4934	517fb30ff20549104699394eaf0c5620
20261	260ec37e147c2c6a23390a39864b2f55	ee6da1687ffb1712a13453ed5f4f4934	517fb30ff20549104699394eaf0c5620
20262	260ec37e147c2c6a23390a39864b2f55	ee6da1687ffb1712a13453ed5f4f4934	517fb30ff20549104699394eaf0c5620
20263	68d8ed04a88036a64651958db854c107	4b21713b882dde48667735fea81db9ae	fa1f3016365423d2961d99e8ee600b0f
20264	e0cf09b75f739209555bdc1092076d95	6ed6caf7467996f1b3d992d9927e7146	8a436a5002a9f0fa6edb19f445941243
20265	7f49efb6424c0f7cbac7a7d264285333	b5acdef68aab57326aa697e38cda0333	2c4315f81f3448989fc9b472e3d30db7
20266	7f49efb6424c0f7cbac7a7d264285333	b5acdef68aab57326aa697e38cda0333	2c4315f81f3448989fc9b472e3d30db7
20267	7f49efb6424c0f7cbac7a7d264285333	b5acdef68aab57326aa697e38cda0333	2c4315f81f3448989fc9b472e3d30db7
20268	7f49efb6424c0f7cbac7a7d264285333	b5acdef68aab57326aa697e38cda0333	2c4315f81f3448989fc9b472e3d30db7
20269	7f49efb6424c0f7cbac7a7d264285333	b5acdef68aab57326aa697e38cda0333	2c4315f81f3448989fc9b472e3d30db7
20270	7f49efb6424c0f7cbac7a7d264285333	b5acdef68aab57326aa697e38cda0333	2c4315f81f3448989fc9b472e3d30db7
20271	7f49efb6424c0f7cbac7a7d264285333	b5acdef68aab57326aa697e38cda0333	2c4315f81f3448989fc9b472e3d30db7
20272	11f66e22a81c402993cb683205da9b4d	5d5287498e2f9a826ec8ae9d48363f94	0433f9b31e315ed4627d7f64dc013962
20273	11f66e22a81c402993cb683205da9b4d	1ab640e658396bc37ff0b61b3c621a41	0678bb772fa2386a796d6820c8c978b1
20274	11f66e22a81c402993cb683205da9b4d	1ab640e658396bc37ff0b61b3c621a41	0678bb772fa2386a796d6820c8c978b1
20275	ddc742ed3073a81bdc6a38fb70a206bc	c1ac443d10f79f133f3123766a4d7413	46d03cf97935de659796609f71d2825b
20276	bf84cf380f96828b501d31fc2709bb49	ee5474b0f1bea7077a378e849475f5f7	23af191334792b2bb670340492693959
20277	a86d138b0216e9bcb64dc58376f1e267	ec01f77319e1a4f7ba221ea1e4250d14	01b6cf8b56c594543be82441cf52dd0c
20278	a86d138b0216e9bcb64dc58376f1e267	ec01f77319e1a4f7ba221ea1e4250d14	01b6cf8b56c594543be82441cf52dd0c
20279	a86d138b0216e9bcb64dc58376f1e267	ec01f77319e1a4f7ba221ea1e4250d14	01b6cf8b56c594543be82441cf52dd0c
20280	a86d138b0216e9bcb64dc58376f1e267	ec01f77319e1a4f7ba221ea1e4250d14	01b6cf8b56c594543be82441cf52dd0c
20281	a86d138b0216e9bcb64dc58376f1e267	ec01f77319e1a4f7ba221ea1e4250d14	01b6cf8b56c594543be82441cf52dd0c
20282	a86d138b0216e9bcb64dc58376f1e267	ec01f77319e1a4f7ba221ea1e4250d14	01b6cf8b56c594543be82441cf52dd0c
20283	a86d138b0216e9bcb64dc58376f1e267	ec01f77319e1a4f7ba221ea1e4250d14	01b6cf8b56c594543be82441cf52dd0c
20284	a86d138b0216e9bcb64dc58376f1e267	ec01f77319e1a4f7ba221ea1e4250d14	01b6cf8b56c594543be82441cf52dd0c
20285	a86d138b0216e9bcb64dc58376f1e267	ec01f77319e1a4f7ba221ea1e4250d14	01b6cf8b56c594543be82441cf52dd0c
20286	a86d138b0216e9bcb64dc58376f1e267	ec01f77319e1a4f7ba221ea1e4250d14	01b6cf8b56c594543be82441cf52dd0c
20287	a86d138b0216e9bcb64dc58376f1e267	ec01f77319e1a4f7ba221ea1e4250d14	01b6cf8b56c594543be82441cf52dd0c
20288	a86d138b0216e9bcb64dc58376f1e267	ec01f77319e1a4f7ba221ea1e4250d14	01b6cf8b56c594543be82441cf52dd0c
20289	a86d138b0216e9bcb64dc58376f1e267	ec01f77319e1a4f7ba221ea1e4250d14	01b6cf8b56c594543be82441cf52dd0c
20290	a86d138b0216e9bcb64dc58376f1e267	ec01f77319e1a4f7ba221ea1e4250d14	01b6cf8b56c594543be82441cf52dd0c
20291	a86d138b0216e9bcb64dc58376f1e267	ec01f77319e1a4f7ba221ea1e4250d14	01b6cf8b56c594543be82441cf52dd0c
20292	a86d138b0216e9bcb64dc58376f1e267	ec01f77319e1a4f7ba221ea1e4250d14	01b6cf8b56c594543be82441cf52dd0c
20293	a86d138b0216e9bcb64dc58376f1e267	ec01f77319e1a4f7ba221ea1e4250d14	01b6cf8b56c594543be82441cf52dd0c
20294	acfa1ea73b2c7b045c6de3801efd2f1b	485774df31b2825a0147e164ac63a34d	926f103e283cca765e4756846c048e6c
20295	acfa1ea73b2c7b045c6de3801efd2f1b	485774df31b2825a0147e164ac63a34d	926f103e283cca765e4756846c048e6c
20296	acfa1ea73b2c7b045c6de3801efd2f1b	485774df31b2825a0147e164ac63a34d	926f103e283cca765e4756846c048e6c
20297	acfa1ea73b2c7b045c6de3801efd2f1b	485774df31b2825a0147e164ac63a34d	926f103e283cca765e4756846c048e6c
20298	acfa1ea73b2c7b045c6de3801efd2f1b	485774df31b2825a0147e164ac63a34d	926f103e283cca765e4756846c048e6c
20299	acfa1ea73b2c7b045c6de3801efd2f1b	485774df31b2825a0147e164ac63a34d	926f103e283cca765e4756846c048e6c
20300	acfa1ea73b2c7b045c6de3801efd2f1b	485774df31b2825a0147e164ac63a34d	926f103e283cca765e4756846c048e6c
20301	e224a51a3b236fec25028c182a6c2e98	0101fb722c2d1531be4870e1ab4201c9	e5f3403ef094d6c21323d2e920db76b9
20302	e224a51a3b236fec25028c182a6c2e98	0101fb722c2d1531be4870e1ab4201c9	e5f3403ef094d6c21323d2e920db76b9
20303	e224a51a3b236fec25028c182a6c2e98	0101fb722c2d1531be4870e1ab4201c9	e5f3403ef094d6c21323d2e920db76b9
20304	38df578ada60d273939e6ecaa7d5661a	fdd1046d17f86ae8da2e5e9632ede554	2de1cf4bb43bd72136df3406049ad0f8
20305	38df578ada60d273939e6ecaa7d5661a	fdd1046d17f86ae8da2e5e9632ede554	2de1cf4bb43bd72136df3406049ad0f8
20306	95472e4893770bbf365a1f5fe5c12bd9	555c35a5d98a0a574cf0f523c09b9616	bca830c8935e2f2649d4a77721ae2911
20307	95472e4893770bbf365a1f5fe5c12bd9	555c35a5d98a0a574cf0f523c09b9616	bca830c8935e2f2649d4a77721ae2911
20308	95472e4893770bbf365a1f5fe5c12bd9	555c35a5d98a0a574cf0f523c09b9616	bca830c8935e2f2649d4a77721ae2911
20309	95472e4893770bbf365a1f5fe5c12bd9	555c35a5d98a0a574cf0f523c09b9616	bca830c8935e2f2649d4a77721ae2911
20310	95472e4893770bbf365a1f5fe5c12bd9	555c35a5d98a0a574cf0f523c09b9616	bca830c8935e2f2649d4a77721ae2911
20311	95472e4893770bbf365a1f5fe5c12bd9	555c35a5d98a0a574cf0f523c09b9616	bca830c8935e2f2649d4a77721ae2911
20312	95472e4893770bbf365a1f5fe5c12bd9	555c35a5d98a0a574cf0f523c09b9616	bca830c8935e2f2649d4a77721ae2911
20313	a681a51c02113e13db1f068ce54e98ae	5e0641dc992fa4b5fd0fd5c45bc679e5	430f99ec5d2b9ffdb6e69e11f9f67272
20314	a681a51c02113e13db1f068ce54e98ae	5e0641dc992fa4b5fd0fd5c45bc679e5	430f99ec5d2b9ffdb6e69e11f9f67272
20315	a681a51c02113e13db1f068ce54e98ae	5e0641dc992fa4b5fd0fd5c45bc679e5	430f99ec5d2b9ffdb6e69e11f9f67272
20316	a681a51c02113e13db1f068ce54e98ae	5e0641dc992fa4b5fd0fd5c45bc679e5	430f99ec5d2b9ffdb6e69e11f9f67272
20317	a681a51c02113e13db1f068ce54e98ae	5e0641dc992fa4b5fd0fd5c45bc679e5	430f99ec5d2b9ffdb6e69e11f9f67272
20318	bb1e5c2a316444a937c1c8bde72c019f	fd623626293de6a9b85d98932172946a	3f8fd6e1894ea5099f3eb5300b03665c
20319	bb1e5c2a316444a937c1c8bde72c019f	fd623626293de6a9b85d98932172946a	3f8fd6e1894ea5099f3eb5300b03665c
20320	bb1e5c2a316444a937c1c8bde72c019f	fd623626293de6a9b85d98932172946a	3f8fd6e1894ea5099f3eb5300b03665c
20321	bb1e5c2a316444a937c1c8bde72c019f	fd623626293de6a9b85d98932172946a	3f8fd6e1894ea5099f3eb5300b03665c
20322	bb1e5c2a316444a937c1c8bde72c019f	fd623626293de6a9b85d98932172946a	3f8fd6e1894ea5099f3eb5300b03665c
20323	bb1e5c2a316444a937c1c8bde72c019f	fd623626293de6a9b85d98932172946a	3f8fd6e1894ea5099f3eb5300b03665c
20324	bb1e5c2a316444a937c1c8bde72c019f	fd623626293de6a9b85d98932172946a	3f8fd6e1894ea5099f3eb5300b03665c
20325	8f1b67df03809e2e0e3f0e4516dbf546	ffe44a726d0c5378bd0bc3ccbe0e7823	7bc74618235c9b2d0c18195c327dcc4b
20326	8f1b67df03809e2e0e3f0e4516dbf546	ffe44a726d0c5378bd0bc3ccbe0e7823	7bc74618235c9b2d0c18195c327dcc4b
20327	8f1b67df03809e2e0e3f0e4516dbf546	ffe44a726d0c5378bd0bc3ccbe0e7823	7bc74618235c9b2d0c18195c327dcc4b
20328	8f1b67df03809e2e0e3f0e4516dbf546	ffe44a726d0c5378bd0bc3ccbe0e7823	7bc74618235c9b2d0c18195c327dcc4b
20329	8f1b67df03809e2e0e3f0e4516dbf546	ffe44a726d0c5378bd0bc3ccbe0e7823	7bc74618235c9b2d0c18195c327dcc4b
20330	8f1b67df03809e2e0e3f0e4516dbf546	ffe44a726d0c5378bd0bc3ccbe0e7823	7bc74618235c9b2d0c18195c327dcc4b
20331	8f1b67df03809e2e0e3f0e4516dbf546	ffe44a726d0c5378bd0bc3ccbe0e7823	7bc74618235c9b2d0c18195c327dcc4b
20332	8f1b67df03809e2e0e3f0e4516dbf546	ffe44a726d0c5378bd0bc3ccbe0e7823	7bc74618235c9b2d0c18195c327dcc4b
20333	8f1b67df03809e2e0e3f0e4516dbf546	ffe44a726d0c5378bd0bc3ccbe0e7823	7bc74618235c9b2d0c18195c327dcc4b
20334	8f1b67df03809e2e0e3f0e4516dbf546	ffe44a726d0c5378bd0bc3ccbe0e7823	7bc74618235c9b2d0c18195c327dcc4b
20335	17b47e1cf08e6f30fe4dee431fce714a	e0e42536dc0ee100a63fc3c3e0ed7234	dbdf62ec2c54d785d93e57d42c3d43fe
20336	17b47e1cf08e6f30fe4dee431fce714a	e0e42536dc0ee100a63fc3c3e0ed7234	dbdf62ec2c54d785d93e57d42c3d43fe
20337	17b47e1cf08e6f30fe4dee431fce714a	e0e42536dc0ee100a63fc3c3e0ed7234	dbdf62ec2c54d785d93e57d42c3d43fe
20338	830d166f2e0cc144b5b827c488aabbaf	3af3fa393a9dc695e9fcc07a48c1c51b	b66b0cbac95a3c0c8494c28a88ffd355
20339	830d166f2e0cc144b5b827c488aabbaf	3af3fa393a9dc695e9fcc07a48c1c51b	b66b0cbac95a3c0c8494c28a88ffd355
20340	5dd9866fa1c9996cbfbd41c2ea69c336	148de4f3b85fa7463da4dd1fe4d6c874	aa79e3dce0c6b001ef0b53cac824aa36
20341	493a333f508d1ef8657944863c644374	f618d0ab35415ac85cabd2b05b43acad	e60ff5ec658e516b6850c92be1edf465
20342	afc40429ee20094e8b77688f338f4f8f	8215703bfd4d19a3767c5cb2944a0795	c91e5895140641935ee0a199f0c2a762
20343	afc40429ee20094e8b77688f338f4f8f	8215703bfd4d19a3767c5cb2944a0795	c91e5895140641935ee0a199f0c2a762
20344	afc40429ee20094e8b77688f338f4f8f	8215703bfd4d19a3767c5cb2944a0795	c91e5895140641935ee0a199f0c2a762
20345	afc40429ee20094e8b77688f338f4f8f	8215703bfd4d19a3767c5cb2944a0795	c91e5895140641935ee0a199f0c2a762
20346	afc40429ee20094e8b77688f338f4f8f	8215703bfd4d19a3767c5cb2944a0795	c91e5895140641935ee0a199f0c2a762
20347	1e8200b1acd0521d21289bef80837ae3	3096bf89ea3a3b2efbbb71046f76077b	6870f762f5af4ecdd1f05ffd99217205
20348	1e8200b1acd0521d21289bef80837ae3	3096bf89ea3a3b2efbbb71046f76077b	6870f762f5af4ecdd1f05ffd99217205
20349	1e8200b1acd0521d21289bef80837ae3	3096bf89ea3a3b2efbbb71046f76077b	6870f762f5af4ecdd1f05ffd99217205
20350	1e8200b1acd0521d21289bef80837ae3	3096bf89ea3a3b2efbbb71046f76077b	6870f762f5af4ecdd1f05ffd99217205
20351	1e8200b1acd0521d21289bef80837ae3	3096bf89ea3a3b2efbbb71046f76077b	6870f762f5af4ecdd1f05ffd99217205
20352	1e8200b1acd0521d21289bef80837ae3	3096bf89ea3a3b2efbbb71046f76077b	6870f762f5af4ecdd1f05ffd99217205
20353	1e8200b1acd0521d21289bef80837ae3	3096bf89ea3a3b2efbbb71046f76077b	6870f762f5af4ecdd1f05ffd99217205
20354	3ff5f7c82a47805bbffd8ba481ae82ca	2b936b88272dadccab4ced31a50ace5a	fe273aa47fb6b3b3e601182c3d0e0928
20355	22c2b30bb4aea2da1b3799b0230fd55a	c91e5dc0683cb30cfcd514e4c65c3de6	c54ae95b1df30805f16c5202e134dbb8
20356	22c2b30bb4aea2da1b3799b0230fd55a	c91e5dc0683cb30cfcd514e4c65c3de6	c54ae95b1df30805f16c5202e134dbb8
20357	3ff5f7c82a47805bbffd8ba481ae82ca	2b936b88272dadccab4ced31a50ace5a	fe273aa47fb6b3b3e601182c3d0e0928
20358	3ff5f7c82a47805bbffd8ba481ae82ca	2b936b88272dadccab4ced31a50ace5a	fe273aa47fb6b3b3e601182c3d0e0928
20359	3ff5f7c82a47805bbffd8ba481ae82ca	2b936b88272dadccab4ced31a50ace5a	fe273aa47fb6b3b3e601182c3d0e0928
20360	3ff5f7c82a47805bbffd8ba481ae82ca	2b936b88272dadccab4ced31a50ace5a	fe273aa47fb6b3b3e601182c3d0e0928
20361	3ff5f7c82a47805bbffd8ba481ae82ca	2b936b88272dadccab4ced31a50ace5a	fe273aa47fb6b3b3e601182c3d0e0928
20362	7c90b9e00f3e04d3535352d20c0b5e26	e79832209597c9149826cd9e502dc02a	f197b2a4f0eed5c124691fd61cb93854
20363	0cd325d2c944323cd16ab12d752ac9cc	0af30f73d648be26e2b8508f1cae0b1a	e5cf9545b3278b414f9ff24cc52324b0
20364	915dee63bb588c073de82d86c45ab6ee	3281f5fb96848943e9bed7ac49400a48	d9570a712bb3f4549648925defb826db
20365	915dee63bb588c073de82d86c45ab6ee	3281f5fb96848943e9bed7ac49400a48	d9570a712bb3f4549648925defb826db
20366	915dee63bb588c073de82d86c45ab6ee	3281f5fb96848943e9bed7ac49400a48	d9570a712bb3f4549648925defb826db
20367	915dee63bb588c073de82d86c45ab6ee	3281f5fb96848943e9bed7ac49400a48	d9570a712bb3f4549648925defb826db
20368	915dee63bb588c073de82d86c45ab6ee	3281f5fb96848943e9bed7ac49400a48	d9570a712bb3f4549648925defb826db
20369	915dee63bb588c073de82d86c45ab6ee	3281f5fb96848943e9bed7ac49400a48	d9570a712bb3f4549648925defb826db
20370	915dee63bb588c073de82d86c45ab6ee	3281f5fb96848943e9bed7ac49400a48	d9570a712bb3f4549648925defb826db
20371	d53b39661413e96178d62c0e566a3472	63843b67323e91f64c77a5e91bc9568e	7c2685aae0d1cd7f36e43ff41ccee2fc
20372	d53b39661413e96178d62c0e566a3472	63843b67323e91f64c77a5e91bc9568e	7c2685aae0d1cd7f36e43ff41ccee2fc
20373	d53b39661413e96178d62c0e566a3472	63843b67323e91f64c77a5e91bc9568e	7c2685aae0d1cd7f36e43ff41ccee2fc
20374	2724531f4416ba4191e274f4022eae38	8bf5f8af133755fe48a8fd10fb5eec22	725c4e4e7596bd6e9f7dd1ec19adbf8a
20375	2724531f4416ba4191e274f4022eae38	8bf5f8af133755fe48a8fd10fb5eec22	725c4e4e7596bd6e9f7dd1ec19adbf8a
20376	915dee63bb588c073de82d86c45ab6ee	3281f5fb96848943e9bed7ac49400a48	d9570a712bb3f4549648925defb826db
20377	915dee63bb588c073de82d86c45ab6ee	3281f5fb96848943e9bed7ac49400a48	d9570a712bb3f4549648925defb826db
20378	915dee63bb588c073de82d86c45ab6ee	3281f5fb96848943e9bed7ac49400a48	d9570a712bb3f4549648925defb826db
20379	915dee63bb588c073de82d86c45ab6ee	3281f5fb96848943e9bed7ac49400a48	d9570a712bb3f4549648925defb826db
20380	915dee63bb588c073de82d86c45ab6ee	3281f5fb96848943e9bed7ac49400a48	d9570a712bb3f4549648925defb826db
20381	915dee63bb588c073de82d86c45ab6ee	3281f5fb96848943e9bed7ac49400a48	d9570a712bb3f4549648925defb826db
20382	915dee63bb588c073de82d86c45ab6ee	3281f5fb96848943e9bed7ac49400a48	d9570a712bb3f4549648925defb826db
20383	915dee63bb588c073de82d86c45ab6ee	3281f5fb96848943e9bed7ac49400a48	d9570a712bb3f4549648925defb826db
20384	915dee63bb588c073de82d86c45ab6ee	3281f5fb96848943e9bed7ac49400a48	d9570a712bb3f4549648925defb826db
20385	915dee63bb588c073de82d86c45ab6ee	3281f5fb96848943e9bed7ac49400a48	d9570a712bb3f4549648925defb826db
20386	915dee63bb588c073de82d86c45ab6ee	3281f5fb96848943e9bed7ac49400a48	d9570a712bb3f4549648925defb826db
20387	915dee63bb588c073de82d86c45ab6ee	3281f5fb96848943e9bed7ac49400a48	d9570a712bb3f4549648925defb826db
20388	6469a9592f061fd0724f45b2d2b95a10	07093e90649d049e703c20fd13808391	9f6894efedacc3c16d8e3d6d7462c59f
20389	6469a9592f061fd0724f45b2d2b95a10	07093e90649d049e703c20fd13808391	9f6894efedacc3c16d8e3d6d7462c59f
20390	6469a9592f061fd0724f45b2d2b95a10	07093e90649d049e703c20fd13808391	9f6894efedacc3c16d8e3d6d7462c59f
20391	6469a9592f061fd0724f45b2d2b95a10	07093e90649d049e703c20fd13808391	9f6894efedacc3c16d8e3d6d7462c59f
20392	6469a9592f061fd0724f45b2d2b95a10	07093e90649d049e703c20fd13808391	9f6894efedacc3c16d8e3d6d7462c59f
20393	6469a9592f061fd0724f45b2d2b95a10	07093e90649d049e703c20fd13808391	9f6894efedacc3c16d8e3d6d7462c59f
20394	6469a9592f061fd0724f45b2d2b95a10	07093e90649d049e703c20fd13808391	9f6894efedacc3c16d8e3d6d7462c59f
20395	6469a9592f061fd0724f45b2d2b95a10	07093e90649d049e703c20fd13808391	9f6894efedacc3c16d8e3d6d7462c59f
20396	6469a9592f061fd0724f45b2d2b95a10	07093e90649d049e703c20fd13808391	9f6894efedacc3c16d8e3d6d7462c59f
20397	6469a9592f061fd0724f45b2d2b95a10	07093e90649d049e703c20fd13808391	9f6894efedacc3c16d8e3d6d7462c59f
20398	6469a9592f061fd0724f45b2d2b95a10	07093e90649d049e703c20fd13808391	9f6894efedacc3c16d8e3d6d7462c59f
20399	6469a9592f061fd0724f45b2d2b95a10	07093e90649d049e703c20fd13808391	9f6894efedacc3c16d8e3d6d7462c59f
20400	6469a9592f061fd0724f45b2d2b95a10	07093e90649d049e703c20fd13808391	9f6894efedacc3c16d8e3d6d7462c59f
20401	6469a9592f061fd0724f45b2d2b95a10	07093e90649d049e703c20fd13808391	9f6894efedacc3c16d8e3d6d7462c59f
20402	6469a9592f061fd0724f45b2d2b95a10	07093e90649d049e703c20fd13808391	9f6894efedacc3c16d8e3d6d7462c59f
20403	6469a9592f061fd0724f45b2d2b95a10	07093e90649d049e703c20fd13808391	9f6894efedacc3c16d8e3d6d7462c59f
20404	6469a9592f061fd0724f45b2d2b95a10	07093e90649d049e703c20fd13808391	9f6894efedacc3c16d8e3d6d7462c59f
20405	8de9d9ea1a68f818798f5e702c8d2b18	d9c5556d4212da7ee50b156c8c2bc0cd	72fb0fa5c64cdc16170805fc0c5a483f
20406	8de9d9ea1a68f818798f5e702c8d2b18	d9c5556d4212da7ee50b156c8c2bc0cd	72fb0fa5c64cdc16170805fc0c5a483f
20407	8de9d9ea1a68f818798f5e702c8d2b18	d9c5556d4212da7ee50b156c8c2bc0cd	72fb0fa5c64cdc16170805fc0c5a483f
20408	8de9d9ea1a68f818798f5e702c8d2b18	d9c5556d4212da7ee50b156c8c2bc0cd	72fb0fa5c64cdc16170805fc0c5a483f
20409	8de9d9ea1a68f818798f5e702c8d2b18	d9c5556d4212da7ee50b156c8c2bc0cd	72fb0fa5c64cdc16170805fc0c5a483f
20410	8de9d9ea1a68f818798f5e702c8d2b18	d9c5556d4212da7ee50b156c8c2bc0cd	72fb0fa5c64cdc16170805fc0c5a483f
20411	8de9d9ea1a68f818798f5e702c8d2b18	d9c5556d4212da7ee50b156c8c2bc0cd	72fb0fa5c64cdc16170805fc0c5a483f
20412	f66dec926193447de3e704d63a9873ef	ee700615bdc489c4702e3e40b0910c9e	52928420aedbc852f1da26d5df3ea6a8
20413	f66dec926193447de3e704d63a9873ef	ee700615bdc489c4702e3e40b0910c9e	52928420aedbc852f1da26d5df3ea6a8
20414	f66dec926193447de3e704d63a9873ef	ee700615bdc489c4702e3e40b0910c9e	52928420aedbc852f1da26d5df3ea6a8
20415	bd284740e2409a9e1f22b456b81d335b	65a0c2c1003d102e5b79d338c9e36791	5340736490585804511365127ffcb93a
20416	bd284740e2409a9e1f22b456b81d335b	65a0c2c1003d102e5b79d338c9e36791	5340736490585804511365127ffcb93a
20417	0d0f4ea0d741caaf8be034506eef62d0	998e0f43cd80f2e7e56c598f2ba745b6	130eaf40c07c03661ecfea696c2a2bee
20418	0d0f4ea0d741caaf8be034506eef62d0	998e0f43cd80f2e7e56c598f2ba745b6	130eaf40c07c03661ecfea696c2a2bee
20419	0d0f4ea0d741caaf8be034506eef62d0	998e0f43cd80f2e7e56c598f2ba745b6	130eaf40c07c03661ecfea696c2a2bee
20420	ad6d66644715667265f258d1fd6be740	11d412ae6120ccbba06c6571bce4a50c	3bfde4b766b57a206b6f82a6c5222e30
20421	a09b704b6c4cc50991b50fc9d8553866	8a720678905949f48e16056b2a88f9d5	3c50aa2bc2e5562b1befc6bd3b815aa1
20422	1c8a90df5805c3bf8620bef6acbdd23c	f334e15675e05b87eaa333dfd619a76a	ee13496e2a7493f06a1ba88560704bd6
20423	580fa8790dbe5c0a256268cac360a48f	de10d16ccb9afcf1602d97a69b63b37d	9fd64ca3802affb8be399920dfda3359
20424	9db173b6a93a7b766cd4823918d393ed	48b8b57bd1d856426224b7b73c25e05c	b9e6eef13ae223544bb9f6324b0401ac
20425	e1f0a0cd0ddf563cae292985769cd24a	e0d1e05490ebd09edc027a647e35c67f	17a6d4861a398e53b4f8267fe68ea4bf
20426	e1f0a0cd0ddf563cae292985769cd24a	e0d1e05490ebd09edc027a647e35c67f	17a6d4861a398e53b4f8267fe68ea4bf
20427	be82443ee6c1240f35cae4686e611674	8d4aa8260c26991dd9e86b5f991ff5b5	bc053478a47b7bb9b983a8d2757fb048
20428	be82443ee6c1240f35cae4686e611674	8d4aa8260c26991dd9e86b5f991ff5b5	bc053478a47b7bb9b983a8d2757fb048
20429	cb5645b82d1c744c6ec6a1cf22900556	9fc99efab76ca0df6dda48d72466fcee	58887ee1ddad2fa06cabf18e37a9d69e
20430	cb5645b82d1c744c6ec6a1cf22900556	9fc99efab76ca0df6dda48d72466fcee	58887ee1ddad2fa06cabf18e37a9d69e
20431	cb5645b82d1c744c6ec6a1cf22900556	9fc99efab76ca0df6dda48d72466fcee	58887ee1ddad2fa06cabf18e37a9d69e
20432	cb5645b82d1c744c6ec6a1cf22900556	9fc99efab76ca0df6dda48d72466fcee	58887ee1ddad2fa06cabf18e37a9d69e
20433	cb5645b82d1c744c6ec6a1cf22900556	9fc99efab76ca0df6dda48d72466fcee	58887ee1ddad2fa06cabf18e37a9d69e
20434	37c651e07535883198bdb3f0c781d6ea	e4efb28f07e87cbb94f7a2f12e638cd2	1055533aee374d7345dd9d6bb99aad47
20435	37c651e07535883198bdb3f0c781d6ea	e4efb28f07e87cbb94f7a2f12e638cd2	1055533aee374d7345dd9d6bb99aad47
20436	37c651e07535883198bdb3f0c781d6ea	e4efb28f07e87cbb94f7a2f12e638cd2	1055533aee374d7345dd9d6bb99aad47
20437	b24257677eaae79ed63c4a5d6e03f9e6	bf76bc8eaed9d13e1aff55f9aa986a2d	45f5a909af6ad0b84c14adb0cdb2ba82
20438	95379cfde01f6e7f2800fe8929e555bb	75ba21aef3e4aa3b8a331ec573b67765	0d6ea6e9feb4f98512f89822d1ca57de
20439	f5ef7f4480733b2491885f98b967275b	7499e8bae5f242bc0259693eebad4487	24ece7a910339d77728c38fc67f5319e
20440	f5ef7f4480733b2491885f98b967275b	06a29e63991be279f2a0fdcc0bad3ffd	665aecc2bf99c95c662db964f27f5e60
20441	604c3267649cc316d2c5e478f5512da6	d024700e1f58d9087b70e8da7fe5dd1b	14cc37133da963b3b8b05c4edb08d49b
20442	604c3267649cc316d2c5e478f5512da6	d024700e1f58d9087b70e8da7fe5dd1b	14cc37133da963b3b8b05c4edb08d49b
20443	604c3267649cc316d2c5e478f5512da6	d024700e1f58d9087b70e8da7fe5dd1b	14cc37133da963b3b8b05c4edb08d49b
20444	6cd3bda800549b98357a1bce969e9b09	f3261b1dabd5e93c1dfdcaa2d928b725	310e0b27f3cc46950216a49c67b725c1
20445	6cd3bda800549b98357a1bce969e9b09	f3261b1dabd5e93c1dfdcaa2d928b725	310e0b27f3cc46950216a49c67b725c1
20446	d3febc418ca5cf0d930af3793f3df6eb	7420ae8ac23f8079cfc863854743e930	211afa9ed44e10b329c35c4a360db2fb
20447	d3febc418ca5cf0d930af3793f3df6eb	7420ae8ac23f8079cfc863854743e930	211afa9ed44e10b329c35c4a360db2fb
20448	d3febc418ca5cf0d930af3793f3df6eb	7420ae8ac23f8079cfc863854743e930	211afa9ed44e10b329c35c4a360db2fb
20449	d3febc418ca5cf0d930af3793f3df6eb	7420ae8ac23f8079cfc863854743e930	211afa9ed44e10b329c35c4a360db2fb
20450	d3febc418ca5cf0d930af3793f3df6eb	7420ae8ac23f8079cfc863854743e930	211afa9ed44e10b329c35c4a360db2fb
20451	d3febc418ca5cf0d930af3793f3df6eb	7420ae8ac23f8079cfc863854743e930	211afa9ed44e10b329c35c4a360db2fb
20452	d3febc418ca5cf0d930af3793f3df6eb	7420ae8ac23f8079cfc863854743e930	211afa9ed44e10b329c35c4a360db2fb
20453	5f3a1a516dab9c904c609271b95ac722	bd639ae2f3b36fa3f9274e70acb9bb06	c7ba8ca03f6d2c905fa67c33b707b737
20454	5f3a1a516dab9c904c609271b95ac722	bd639ae2f3b36fa3f9274e70acb9bb06	c7ba8ca03f6d2c905fa67c33b707b737
20455	5f3a1a516dab9c904c609271b95ac722	bd639ae2f3b36fa3f9274e70acb9bb06	c7ba8ca03f6d2c905fa67c33b707b737
20456	0b84c9e187a221a485e9cb9670ed7fa9	f71edd548e0ce307eeda1be42f769821	c63e7eb23ceefd395dd9c5b26a6f7f62
20457	5f3a1a516dab9c904c609271b95ac722	bd639ae2f3b36fa3f9274e70acb9bb06	c7ba8ca03f6d2c905fa67c33b707b737
20458	5ac95723480221753f655dcb53fc9610	a5d480180a2cf286c6a91a78eaa5858e	131ce2751d0dc2c84cb8f8cdde1dd3fc
20459	5ac95723480221753f655dcb53fc9610	a5d480180a2cf286c6a91a78eaa5858e	131ce2751d0dc2c84cb8f8cdde1dd3fc
20460	5ac95723480221753f655dcb53fc9610	a5d480180a2cf286c6a91a78eaa5858e	131ce2751d0dc2c84cb8f8cdde1dd3fc
20461	5ac95723480221753f655dcb53fc9610	a5d480180a2cf286c6a91a78eaa5858e	131ce2751d0dc2c84cb8f8cdde1dd3fc
20462	5ac95723480221753f655dcb53fc9610	a5d480180a2cf286c6a91a78eaa5858e	131ce2751d0dc2c84cb8f8cdde1dd3fc
20463	5ac95723480221753f655dcb53fc9610	a5d480180a2cf286c6a91a78eaa5858e	131ce2751d0dc2c84cb8f8cdde1dd3fc
20464	5ac95723480221753f655dcb53fc9610	a5d480180a2cf286c6a91a78eaa5858e	131ce2751d0dc2c84cb8f8cdde1dd3fc
20465	0667ba835b7c50ff5a78f29dcb495867	b287fe75cd39ff59c159a93b5a1a7e50	01c330e6e79bc8da14796dc64c64884d
20466	0667ba835b7c50ff5a78f29dcb495867	b287fe75cd39ff59c159a93b5a1a7e50	01c330e6e79bc8da14796dc64c64884d
20467	0667ba835b7c50ff5a78f29dcb495867	b287fe75cd39ff59c159a93b5a1a7e50	01c330e6e79bc8da14796dc64c64884d
20468	0667ba835b7c50ff5a78f29dcb495867	b287fe75cd39ff59c159a93b5a1a7e50	01c330e6e79bc8da14796dc64c64884d
20469	0667ba835b7c50ff5a78f29dcb495867	b287fe75cd39ff59c159a93b5a1a7e50	01c330e6e79bc8da14796dc64c64884d
20470	853a0853789fb29bc7fcd806394d26e5	e4bd19d309e02813e8b3fe01be555f0f	edbd79b29eb28e0453253005342553c1
20471	853a0853789fb29bc7fcd806394d26e5	e4bd19d309e02813e8b3fe01be555f0f	edbd79b29eb28e0453253005342553c1
20472	853a0853789fb29bc7fcd806394d26e5	e4bd19d309e02813e8b3fe01be555f0f	edbd79b29eb28e0453253005342553c1
20473	853a0853789fb29bc7fcd806394d26e5	e4bd19d309e02813e8b3fe01be555f0f	edbd79b29eb28e0453253005342553c1
20474	853a0853789fb29bc7fcd806394d26e5	e4bd19d309e02813e8b3fe01be555f0f	edbd79b29eb28e0453253005342553c1
20475	92bf2e983c74bab12a2a3f4433bae57a	389af824d6e864661f9d276155c1b31e	8c4d42a85b804db3e3f01d5f28431e9a
20476	92bf2e983c74bab12a2a3f4433bae57a	389af824d6e864661f9d276155c1b31e	8c4d42a85b804db3e3f01d5f28431e9a
20477	92bf2e983c74bab12a2a3f4433bae57a	389af824d6e864661f9d276155c1b31e	8c4d42a85b804db3e3f01d5f28431e9a
20478	92bf2e983c74bab12a2a3f4433bae57a	389af824d6e864661f9d276155c1b31e	8c4d42a85b804db3e3f01d5f28431e9a
20479	92bf2e983c74bab12a2a3f4433bae57a	389af824d6e864661f9d276155c1b31e	8c4d42a85b804db3e3f01d5f28431e9a
20480	92bf2e983c74bab12a2a3f4433bae57a	6e79b4b5af3aeaa029b0e87bf429bf25	452392feb332d5a24f5c738b14a6c78f
20481	92bf2e983c74bab12a2a3f4433bae57a	9bfc1da6bc8528362715f75115e3c9d8	0420befce9df6cacf2ddcb7b91986d4a
20482	92bf2e983c74bab12a2a3f4433bae57a	d5be081f8063d032b5eacfbc921ed78d	711b132bf49450079ad43cf2990bae00
20483	92bf2e983c74bab12a2a3f4433bae57a	d5be081f8063d032b5eacfbc921ed78d	711b132bf49450079ad43cf2990bae00
20484	92bf2e983c74bab12a2a3f4433bae57a	d5be081f8063d032b5eacfbc921ed78d	711b132bf49450079ad43cf2990bae00
20485	92bf2e983c74bab12a2a3f4433bae57a	389af824d6e864661f9d276155c1b31e	8c4d42a85b804db3e3f01d5f28431e9a
20486	92bf2e983c74bab12a2a3f4433bae57a	389af824d6e864661f9d276155c1b31e	8c4d42a85b804db3e3f01d5f28431e9a
20487	c5bf049be654647d1635973a4ba77e14	2455e08b9b32976b2f11888147a7a7ac	0b1da0b64eba80fcca58c35ffd82b9f8
20488	c5bf049be654647d1635973a4ba77e14	2455e08b9b32976b2f11888147a7a7ac	0b1da0b64eba80fcca58c35ffd82b9f8
20489	c5bf049be654647d1635973a4ba77e14	2455e08b9b32976b2f11888147a7a7ac	0b1da0b64eba80fcca58c35ffd82b9f8
20490	a20684f5990958604fe5b524b2da5b33	90a03af89571cf40cf304e3126a334c5	f15f0a4c31e00bf9ffe85092566ae45a
20491	a20684f5990958604fe5b524b2da5b33	90a03af89571cf40cf304e3126a334c5	f15f0a4c31e00bf9ffe85092566ae45a
20492	abbb57755071bc8d37eda6e96afd4a55	e6fcdbb1fda04667610c83da507dcba3	9049d5c8bc84021ad150c3a3fb6e1c5c
20493	abbb57755071bc8d37eda6e96afd4a55	e6fcdbb1fda04667610c83da507dcba3	9049d5c8bc84021ad150c3a3fb6e1c5c
20494	d51abcc451a6477bae44cf3a298de816	3cdfd072f010c0aa8a69389784099db7	9dd6c83ae9f03848b1cf439ad438a14c
20495	d51abcc451a6477bae44cf3a298de816	3cdfd072f010c0aa8a69389784099db7	9dd6c83ae9f03848b1cf439ad438a14c
20496	d51abcc451a6477bae44cf3a298de816	3cdfd072f010c0aa8a69389784099db7	9dd6c83ae9f03848b1cf439ad438a14c
20497	d51abcc451a6477bae44cf3a298de816	3cdfd072f010c0aa8a69389784099db7	9dd6c83ae9f03848b1cf439ad438a14c
20498	d51abcc451a6477bae44cf3a298de816	3cdfd072f010c0aa8a69389784099db7	9dd6c83ae9f03848b1cf439ad438a14c
20499	d51abcc451a6477bae44cf3a298de816	3cdfd072f010c0aa8a69389784099db7	9dd6c83ae9f03848b1cf439ad438a14c
20500	d51abcc451a6477bae44cf3a298de816	3cdfd072f010c0aa8a69389784099db7	9dd6c83ae9f03848b1cf439ad438a14c
20501	d51abcc451a6477bae44cf3a298de816	3cdfd072f010c0aa8a69389784099db7	9dd6c83ae9f03848b1cf439ad438a14c
20502	d51abcc451a6477bae44cf3a298de816	3cdfd072f010c0aa8a69389784099db7	9dd6c83ae9f03848b1cf439ad438a14c
20503	d51abcc451a6477bae44cf3a298de816	3cdfd072f010c0aa8a69389784099db7	9dd6c83ae9f03848b1cf439ad438a14c
20504	3406232136d9b769fd9a0d8d1be17e29	0e6822469239fb521ef6b5d7112c291c	cde99e56f291fda137335a8b669b9379
20505	3406232136d9b769fd9a0d8d1be17e29	0e6822469239fb521ef6b5d7112c291c	cde99e56f291fda137335a8b669b9379
20506	3406232136d9b769fd9a0d8d1be17e29	0e6822469239fb521ef6b5d7112c291c	cde99e56f291fda137335a8b669b9379
20507	3406232136d9b769fd9a0d8d1be17e29	0e6822469239fb521ef6b5d7112c291c	cde99e56f291fda137335a8b669b9379
20508	3406232136d9b769fd9a0d8d1be17e29	0e6822469239fb521ef6b5d7112c291c	cde99e56f291fda137335a8b669b9379
20509	3406232136d9b769fd9a0d8d1be17e29	0e6822469239fb521ef6b5d7112c291c	cde99e56f291fda137335a8b669b9379
20510	3406232136d9b769fd9a0d8d1be17e29	0e6822469239fb521ef6b5d7112c291c	cde99e56f291fda137335a8b669b9379
20511	06a6fbe8ab2fe0c40c238944bd85f56c	0b16ffaab321bc5aacc4aaab56427b0f	0469eb79e92aabd98e19e013df44ce2a
20512	06a6fbe8ab2fe0c40c238944bd85f56c	0b16ffaab321bc5aacc4aaab56427b0f	0469eb79e92aabd98e19e013df44ce2a
20513	06a6fbe8ab2fe0c40c238944bd85f56c	0b16ffaab321bc5aacc4aaab56427b0f	0469eb79e92aabd98e19e013df44ce2a
20514	06a6fbe8ab2fe0c40c238944bd85f56c	0b16ffaab321bc5aacc4aaab56427b0f	0469eb79e92aabd98e19e013df44ce2a
20515	06a6fbe8ab2fe0c40c238944bd85f56c	0b16ffaab321bc5aacc4aaab56427b0f	0469eb79e92aabd98e19e013df44ce2a
20516	67a1913038dc615eafea2182937257ab	b0bfb0240073dbf2a1c877de47eb5ade	92651287b1c89955d6a9a93f3e3a9d30
20517	67a1913038dc615eafea2182937257ab	b0bfb0240073dbf2a1c877de47eb5ade	92651287b1c89955d6a9a93f3e3a9d30
20518	67a1913038dc615eafea2182937257ab	b0bfb0240073dbf2a1c877de47eb5ade	92651287b1c89955d6a9a93f3e3a9d30
20519	67a1913038dc615eafea2182937257ab	b0bfb0240073dbf2a1c877de47eb5ade	92651287b1c89955d6a9a93f3e3a9d30
20520	67a1913038dc615eafea2182937257ab	b0bfb0240073dbf2a1c877de47eb5ade	92651287b1c89955d6a9a93f3e3a9d30
20521	67a1913038dc615eafea2182937257ab	b0bfb0240073dbf2a1c877de47eb5ade	92651287b1c89955d6a9a93f3e3a9d30
20522	67a1913038dc615eafea2182937257ab	b0bfb0240073dbf2a1c877de47eb5ade	92651287b1c89955d6a9a93f3e3a9d30
20523	67a1913038dc615eafea2182937257ab	b0bfb0240073dbf2a1c877de47eb5ade	92651287b1c89955d6a9a93f3e3a9d30
20524	67a1913038dc615eafea2182937257ab	b0bfb0240073dbf2a1c877de47eb5ade	92651287b1c89955d6a9a93f3e3a9d30
20525	67a1913038dc615eafea2182937257ab	b0bfb0240073dbf2a1c877de47eb5ade	92651287b1c89955d6a9a93f3e3a9d30
20526	67a1913038dc615eafea2182937257ab	b0bfb0240073dbf2a1c877de47eb5ade	92651287b1c89955d6a9a93f3e3a9d30
20527	67a1913038dc615eafea2182937257ab	b0bfb0240073dbf2a1c877de47eb5ade	92651287b1c89955d6a9a93f3e3a9d30
20528	67a1913038dc615eafea2182937257ab	b0bfb0240073dbf2a1c877de47eb5ade	92651287b1c89955d6a9a93f3e3a9d30
20529	67a1913038dc615eafea2182937257ab	b0bfb0240073dbf2a1c877de47eb5ade	92651287b1c89955d6a9a93f3e3a9d30
20530	67a1913038dc615eafea2182937257ab	b0bfb0240073dbf2a1c877de47eb5ade	92651287b1c89955d6a9a93f3e3a9d30
20531	67a1913038dc615eafea2182937257ab	b0bfb0240073dbf2a1c877de47eb5ade	92651287b1c89955d6a9a93f3e3a9d30
20532	67a1913038dc615eafea2182937257ab	b0bfb0240073dbf2a1c877de47eb5ade	92651287b1c89955d6a9a93f3e3a9d30
20533	4fb94358607981f28cae1875b81879a1	253dc5de985fd8c0dad880c8c80a853a	2ab99a362d49180140d73387780cdcae
20534	4fb94358607981f28cae1875b81879a1	253dc5de985fd8c0dad880c8c80a853a	2ab99a362d49180140d73387780cdcae
20535	4fb94358607981f28cae1875b81879a1	253dc5de985fd8c0dad880c8c80a853a	2ab99a362d49180140d73387780cdcae
20536	2280c40aef6d4ec563d9982b791dc088	21b058c35c53c4a2d9e6cd56136cf3a2	287903f4de4bc46ea141c2fcbbb1e439
20537	2280c40aef6d4ec563d9982b791dc088	21b058c35c53c4a2d9e6cd56136cf3a2	287903f4de4bc46ea141c2fcbbb1e439
20538	2280c40aef6d4ec563d9982b791dc088	21b058c35c53c4a2d9e6cd56136cf3a2	287903f4de4bc46ea141c2fcbbb1e439
20539	2280c40aef6d4ec563d9982b791dc088	21b058c35c53c4a2d9e6cd56136cf3a2	287903f4de4bc46ea141c2fcbbb1e439
20540	b36ce3e9d72921a688ee2180b3c5b440	0c138278ce70bfe7977cfed18b2e60e7	524fccc93ca26e4a0e54587ff933c720
20541	21126223d26f98dd4b38354249c3f079	3c7821a8e1844f293282bdd9c3b852ce	a9bac2758beea66d04a5f40c44353138
20542	cb2752f6e1a32d38c54b04e2b51dde46	d65133bb54893a510685c41199018d60	2e6e6747b5cdd18abe57648e320569b0
20543	21126223d26f98dd4b38354249c3f079	3c7821a8e1844f293282bdd9c3b852ce	a9bac2758beea66d04a5f40c44353138
20544	21126223d26f98dd4b38354249c3f079	3c7821a8e1844f293282bdd9c3b852ce	a9bac2758beea66d04a5f40c44353138
20545	c266dde3ce27d69f699118e3d916e4e8	e26496e560de43a79276f2f500120ca7	83968b818c81ae7f18561bec10c7343b
20546	c266dde3ce27d69f699118e3d916e4e8	e26496e560de43a79276f2f500120ca7	83968b818c81ae7f18561bec10c7343b
20547	c266dde3ce27d69f699118e3d916e4e8	e26496e560de43a79276f2f500120ca7	83968b818c81ae7f18561bec10c7343b
20548	c266dde3ce27d69f699118e3d916e4e8	e26496e560de43a79276f2f500120ca7	83968b818c81ae7f18561bec10c7343b
20549	c266dde3ce27d69f699118e3d916e4e8	e26496e560de43a79276f2f500120ca7	83968b818c81ae7f18561bec10c7343b
20550	46c478a6109b70532a0d898bf6bbcc1e	0c9f59711c978b3772835e32e73bf8b8	a1360a2d9da6e4d33971453b7ea9c1dc
20551	9c4a5234d854253d22437a507a27767b	761df61839cebd11b53d376a77a31f10	1efc3ff6153b774d57fe9843b6702ab4
20552	37bb5a7f0d63747e6f105083ae3aa6c0	66bad0c555144d803b6eab139968d820	fc8f6e2b8a58337a80e843811b13526c
20553	37bb5a7f0d63747e6f105083ae3aa6c0	66bad0c555144d803b6eab139968d820	fc8f6e2b8a58337a80e843811b13526c
20554	37bb5a7f0d63747e6f105083ae3aa6c0	66bad0c555144d803b6eab139968d820	fc8f6e2b8a58337a80e843811b13526c
20555	0a34348c6cd8dee1685206a36472bd0e	b17b46ffc6531dd42dee5ca7d2d8b559	b1ecee8a4df37dad9dc6a8cf6a9a6934
20556	0a34348c6cd8dee1685206a36472bd0e	b17b46ffc6531dd42dee5ca7d2d8b559	b1ecee8a4df37dad9dc6a8cf6a9a6934
20557	4e659f988567bb56fa624dce77fdb996	c55bae9026ccdc5f3575d9c8edddd664	c63f21ea89b932272833fb41fe40f30a
20558	4e659f988567bb56fa624dce77fdb996	c55bae9026ccdc5f3575d9c8edddd664	c63f21ea89b932272833fb41fe40f30a
20559	4e659f988567bb56fa624dce77fdb996	c55bae9026ccdc5f3575d9c8edddd664	c63f21ea89b932272833fb41fe40f30a
20560	4e659f988567bb56fa624dce77fdb996	c55bae9026ccdc5f3575d9c8edddd664	c63f21ea89b932272833fb41fe40f30a
20561	4e659f988567bb56fa624dce77fdb996	c55bae9026ccdc5f3575d9c8edddd664	c63f21ea89b932272833fb41fe40f30a
20562	4e659f988567bb56fa624dce77fdb996	c55bae9026ccdc5f3575d9c8edddd664	c63f21ea89b932272833fb41fe40f30a
20563	4e659f988567bb56fa624dce77fdb996	c55bae9026ccdc5f3575d9c8edddd664	c63f21ea89b932272833fb41fe40f30a
20564	3e7fb1823946935cc033a83a4903098c	38dc5b74bedc55f21784ca7ff49b73d6	f75c9f60c817969b276bc64bd5d8c3dd
20565	3e7fb1823946935cc033a83a4903098c	38dc5b74bedc55f21784ca7ff49b73d6	f75c9f60c817969b276bc64bd5d8c3dd
20566	3e7fb1823946935cc033a83a4903098c	38dc5b74bedc55f21784ca7ff49b73d6	f75c9f60c817969b276bc64bd5d8c3dd
20567	3e7fb1823946935cc033a83a4903098c	38dc5b74bedc55f21784ca7ff49b73d6	f75c9f60c817969b276bc64bd5d8c3dd
20568	3e7fb1823946935cc033a83a4903098c	38dc5b74bedc55f21784ca7ff49b73d6	f75c9f60c817969b276bc64bd5d8c3dd
20569	3e7fb1823946935cc033a83a4903098c	38dc5b74bedc55f21784ca7ff49b73d6	f75c9f60c817969b276bc64bd5d8c3dd
20570	3e7fb1823946935cc033a83a4903098c	38dc5b74bedc55f21784ca7ff49b73d6	f75c9f60c817969b276bc64bd5d8c3dd
20571	3e7fb1823946935cc033a83a4903098c	38dc5b74bedc55f21784ca7ff49b73d6	f75c9f60c817969b276bc64bd5d8c3dd
20572	3e7fb1823946935cc033a83a4903098c	38dc5b74bedc55f21784ca7ff49b73d6	f75c9f60c817969b276bc64bd5d8c3dd
20573	3e7fb1823946935cc033a83a4903098c	38dc5b74bedc55f21784ca7ff49b73d6	f75c9f60c817969b276bc64bd5d8c3dd
20574	eae7c2465906875ba3f22a59385099da	7777472527a1ddfd992c1c213707f2f3	451ff16c15079024046f03cd794b8f9b
20575	eae7c2465906875ba3f22a59385099da	7777472527a1ddfd992c1c213707f2f3	451ff16c15079024046f03cd794b8f9b
20576	eae7c2465906875ba3f22a59385099da	7777472527a1ddfd992c1c213707f2f3	451ff16c15079024046f03cd794b8f9b
20577	eae7c2465906875ba3f22a59385099da	7777472527a1ddfd992c1c213707f2f3	451ff16c15079024046f03cd794b8f9b
20578	eae7c2465906875ba3f22a59385099da	7777472527a1ddfd992c1c213707f2f3	451ff16c15079024046f03cd794b8f9b
20579	eae7c2465906875ba3f22a59385099da	7777472527a1ddfd992c1c213707f2f3	451ff16c15079024046f03cd794b8f9b
20580	eae7c2465906875ba3f22a59385099da	7777472527a1ddfd992c1c213707f2f3	451ff16c15079024046f03cd794b8f9b
20581	80b1e42e58a70680515e0f850cde5c40	7b0566164a64382b2be961917162ba5a	48e569e7c26995878df0343b6ae07efb
20582	80b1e42e58a70680515e0f850cde5c40	7b0566164a64382b2be961917162ba5a	48e569e7c26995878df0343b6ae07efb
20583	80b1e42e58a70680515e0f850cde5c40	7b0566164a64382b2be961917162ba5a	48e569e7c26995878df0343b6ae07efb
20584	80b1e42e58a70680515e0f850cde5c40	7b0566164a64382b2be961917162ba5a	48e569e7c26995878df0343b6ae07efb
20585	80b1e42e58a70680515e0f850cde5c40	7b0566164a64382b2be961917162ba5a	48e569e7c26995878df0343b6ae07efb
20586	49a75389c34db048a9317ed6c89b491a	f62fe1368bb83d0d99ec48403d35bead	f68f076abf3027b4af3c87a1ce3b57eb
20587	49a75389c34db048a9317ed6c89b491a	f62fe1368bb83d0d99ec48403d35bead	f68f076abf3027b4af3c87a1ce3b57eb
20588	49a75389c34db048a9317ed6c89b491a	f62fe1368bb83d0d99ec48403d35bead	f68f076abf3027b4af3c87a1ce3b57eb
20589	2ecd93d7ceed7ac148abc9140b2ea91a	c9970cf3e0fa5273b7133007dc807484	7a615c9b6a7495a91fb3a3d421af3ca2
20590	2ecd93d7ceed7ac148abc9140b2ea91a	c9970cf3e0fa5273b7133007dc807484	7a615c9b6a7495a91fb3a3d421af3ca2
20591	2ecd93d7ceed7ac148abc9140b2ea91a	c9970cf3e0fa5273b7133007dc807484	7a615c9b6a7495a91fb3a3d421af3ca2
20592	2ecd93d7ceed7ac148abc9140b2ea91a	c9970cf3e0fa5273b7133007dc807484	7a615c9b6a7495a91fb3a3d421af3ca2
20593	f9c670b64e6076a530c98494b3e292e0	e20d84c4641d001649c24683424e1425	fd61c666c5aac2f692d3a6e17c9cdc2a
20594	f9c670b64e6076a530c98494b3e292e0	e20d84c4641d001649c24683424e1425	fd61c666c5aac2f692d3a6e17c9cdc2a
20595	f9c670b64e6076a530c98494b3e292e0	e20d84c4641d001649c24683424e1425	fd61c666c5aac2f692d3a6e17c9cdc2a
20596	300dad5c43ed5f48fca5564ac4a65a9d	f6f1387dd58eca0a2738fcc0435dab53	f3567f3f730b69bdc8dbcd0c41dd461c
20597	300dad5c43ed5f48fca5564ac4a65a9d	f6f1387dd58eca0a2738fcc0435dab53	f3567f3f730b69bdc8dbcd0c41dd461c
20598	bd8c066be1a0c26495a546e55274077a	ad55feed95a3eadebf056f9c04bd2be7	ea2259cb231960ad00fffa1d28c971e8
20599	bd8c066be1a0c26495a546e55274077a	ad55feed95a3eadebf056f9c04bd2be7	ea2259cb231960ad00fffa1d28c971e8
20600	35c0418ffe98ecdd0ce9efaada60e346	3fa94f93feedcb069ac752e37a610527	52fe094350542b9bf160f4e1e7d79284
20601	dd0047bd5379ba1a0e87b13a14330573	c9a0fb69e3b5fa0a602dd63e2535b5ec	f88da2802d891d1bd2ee2cb1b577f3da
20602	bdcdd04ad9c830e7510c133a09ad761b	503ba6cdcc2d7e15a473a893af01eca3	bbfde56c010cabcc23c97ef7fc57d0ee
20603	08989797fde09dd37dc4259db42c8f69	6466d512c12c9ead394c77c1f53a2a72	54696eabc5ca274c7a7a768f1f39115a
20604	08989797fde09dd37dc4259db42c8f69	6466d512c12c9ead394c77c1f53a2a72	54696eabc5ca274c7a7a768f1f39115a
20605	08989797fde09dd37dc4259db42c8f69	6466d512c12c9ead394c77c1f53a2a72	54696eabc5ca274c7a7a768f1f39115a
20606	08989797fde09dd37dc4259db42c8f69	6466d512c12c9ead394c77c1f53a2a72	54696eabc5ca274c7a7a768f1f39115a
20607	08989797fde09dd37dc4259db42c8f69	6466d512c12c9ead394c77c1f53a2a72	54696eabc5ca274c7a7a768f1f39115a
20608	08989797fde09dd37dc4259db42c8f69	6466d512c12c9ead394c77c1f53a2a72	54696eabc5ca274c7a7a768f1f39115a
20609	08989797fde09dd37dc4259db42c8f69	6466d512c12c9ead394c77c1f53a2a72	54696eabc5ca274c7a7a768f1f39115a
20610	08989797fde09dd37dc4259db42c8f69	6466d512c12c9ead394c77c1f53a2a72	54696eabc5ca274c7a7a768f1f39115a
20611	08989797fde09dd37dc4259db42c8f69	6466d512c12c9ead394c77c1f53a2a72	54696eabc5ca274c7a7a768f1f39115a
20612	08989797fde09dd37dc4259db42c8f69	6466d512c12c9ead394c77c1f53a2a72	54696eabc5ca274c7a7a768f1f39115a
20613	08989797fde09dd37dc4259db42c8f69	6466d512c12c9ead394c77c1f53a2a72	54696eabc5ca274c7a7a768f1f39115a
20614	08989797fde09dd37dc4259db42c8f69	6466d512c12c9ead394c77c1f53a2a72	54696eabc5ca274c7a7a768f1f39115a
20615	d6acb9b8ed6c9fb2dbf2cde5ce71d62e	d4720b05940183610901d690bf64e786	ede0fc00e5331a4a65427baba572b48d
20616	d6acb9b8ed6c9fb2dbf2cde5ce71d62e	d4720b05940183610901d690bf64e786	ede0fc00e5331a4a65427baba572b48d
20617	d6acb9b8ed6c9fb2dbf2cde5ce71d62e	d4720b05940183610901d690bf64e786	ede0fc00e5331a4a65427baba572b48d
20618	86d6400e992345d35a8115b55f72e418	8e0663d6570f807cbae426095af27ee0	e3dd06bf01f70dab8263ce04b39c1d3f
20619	86d6400e992345d35a8115b55f72e418	8e0663d6570f807cbae426095af27ee0	e3dd06bf01f70dab8263ce04b39c1d3f
20620	86d6400e992345d35a8115b55f72e418	8e0663d6570f807cbae426095af27ee0	e3dd06bf01f70dab8263ce04b39c1d3f
20621	86d6400e992345d35a8115b55f72e418	8e0663d6570f807cbae426095af27ee0	e3dd06bf01f70dab8263ce04b39c1d3f
20622	409484610320e0659a56b704e235a204	df983a2376d88d2452577d99d75a6d16	2dbc02a9f4dcc826176ed2f16734ef0f
20623	409484610320e0659a56b704e235a204	df983a2376d88d2452577d99d75a6d16	2dbc02a9f4dcc826176ed2f16734ef0f
20624	409484610320e0659a56b704e235a204	df983a2376d88d2452577d99d75a6d16	2dbc02a9f4dcc826176ed2f16734ef0f
20625	4be80fba6025631dc9bd98d670134503	f7f7e0fa712958d981c388c84713cbb5	36c33506e5dcc015a68183155418004e
20626	409484610320e0659a56b704e235a204	df983a2376d88d2452577d99d75a6d16	2dbc02a9f4dcc826176ed2f16734ef0f
20627	fbc3d22c0733069836ea0847691e92f2	88aeeee3c74350f31b898fff98550e52	81ff1d1f76eb0d0c6a74b3b1e9978c3b
20628	fbc3d22c0733069836ea0847691e92f2	88aeeee3c74350f31b898fff98550e52	81ff1d1f76eb0d0c6a74b3b1e9978c3b
20629	fbc3d22c0733069836ea0847691e92f2	88aeeee3c74350f31b898fff98550e52	81ff1d1f76eb0d0c6a74b3b1e9978c3b
20630	fbc3d22c0733069836ea0847691e92f2	88aeeee3c74350f31b898fff98550e52	81ff1d1f76eb0d0c6a74b3b1e9978c3b
20631	fbc3d22c0733069836ea0847691e92f2	88aeeee3c74350f31b898fff98550e52	81ff1d1f76eb0d0c6a74b3b1e9978c3b
20632	fbc3d22c0733069836ea0847691e92f2	88aeeee3c74350f31b898fff98550e52	81ff1d1f76eb0d0c6a74b3b1e9978c3b
20633	fbc3d22c0733069836ea0847691e92f2	88aeeee3c74350f31b898fff98550e52	81ff1d1f76eb0d0c6a74b3b1e9978c3b
20634	a69b1ba21978100090387807920520d2	d9194b520409b14d5317a18fe849462b	c10a3173ecfc41c2e13eaa8d69c60523
20635	a69b1ba21978100090387807920520d2	d9194b520409b14d5317a18fe849462b	c10a3173ecfc41c2e13eaa8d69c60523
20636	a69b1ba21978100090387807920520d2	d9194b520409b14d5317a18fe849462b	c10a3173ecfc41c2e13eaa8d69c60523
20637	a69b1ba21978100090387807920520d2	d9194b520409b14d5317a18fe849462b	c10a3173ecfc41c2e13eaa8d69c60523
20638	a69b1ba21978100090387807920520d2	d9194b520409b14d5317a18fe849462b	c10a3173ecfc41c2e13eaa8d69c60523
20639	8e3595040e8f2b13bbc149e6150386e2	179f450aaf996aece0e6d7753ecaf5fc	df53ef462bcc7fcf65fd8c4fec0f14f0
20640	8e3595040e8f2b13bbc149e6150386e2	179f450aaf996aece0e6d7753ecaf5fc	df53ef462bcc7fcf65fd8c4fec0f14f0
20641	8e3595040e8f2b13bbc149e6150386e2	179f450aaf996aece0e6d7753ecaf5fc	df53ef462bcc7fcf65fd8c4fec0f14f0
20642	8e3595040e8f2b13bbc149e6150386e2	179f450aaf996aece0e6d7753ecaf5fc	df53ef462bcc7fcf65fd8c4fec0f14f0
20643	8e3595040e8f2b13bbc149e6150386e2	179f450aaf996aece0e6d7753ecaf5fc	df53ef462bcc7fcf65fd8c4fec0f14f0
20644	a0d0c79e6e8bbff78ddd20ef6c875377	382e7dc691e66069b3e69b5973b2b36f	344b8b451d958c00c72db8506c04be27
20645	a0d0c79e6e8bbff78ddd20ef6c875377	382e7dc691e66069b3e69b5973b2b36f	344b8b451d958c00c72db8506c04be27
20646	a0d0c79e6e8bbff78ddd20ef6c875377	382e7dc691e66069b3e69b5973b2b36f	344b8b451d958c00c72db8506c04be27
20647	a0d0c79e6e8bbff78ddd20ef6c875377	382e7dc691e66069b3e69b5973b2b36f	344b8b451d958c00c72db8506c04be27
20648	a0d0c79e6e8bbff78ddd20ef6c875377	382e7dc691e66069b3e69b5973b2b36f	344b8b451d958c00c72db8506c04be27
20649	a0d0c79e6e8bbff78ddd20ef6c875377	382e7dc691e66069b3e69b5973b2b36f	344b8b451d958c00c72db8506c04be27
20650	a0d0c79e6e8bbff78ddd20ef6c875377	382e7dc691e66069b3e69b5973b2b36f	344b8b451d958c00c72db8506c04be27
20651	ab65d2b0e5a018f6c5b6bdc3882dbfc9	83ca6ef2229627fd38b08643bb406306	20f98ea2f55e6c9a822092840c3ea61e
20652	ab65d2b0e5a018f6c5b6bdc3882dbfc9	83ca6ef2229627fd38b08643bb406306	20f98ea2f55e6c9a822092840c3ea61e
20653	ab65d2b0e5a018f6c5b6bdc3882dbfc9	83ca6ef2229627fd38b08643bb406306	20f98ea2f55e6c9a822092840c3ea61e
20654	ab65d2b0e5a018f6c5b6bdc3882dbfc9	83ca6ef2229627fd38b08643bb406306	20f98ea2f55e6c9a822092840c3ea61e
20655	ab65d2b0e5a018f6c5b6bdc3882dbfc9	83ca6ef2229627fd38b08643bb406306	20f98ea2f55e6c9a822092840c3ea61e
20656	67d67973609ca7871e6c73a30e28bee7	d905e4ab5599308b266ab4f1f517b504	23ff25abbbe570d4d44382696dc99f04
20657	67d67973609ca7871e6c73a30e28bee7	d905e4ab5599308b266ab4f1f517b504	23ff25abbbe570d4d44382696dc99f04
20658	67d67973609ca7871e6c73a30e28bee7	d905e4ab5599308b266ab4f1f517b504	23ff25abbbe570d4d44382696dc99f04
20659	67d67973609ca7871e6c73a30e28bee7	d905e4ab5599308b266ab4f1f517b504	23ff25abbbe570d4d44382696dc99f04
20660	67d67973609ca7871e6c73a30e28bee7	d905e4ab5599308b266ab4f1f517b504	23ff25abbbe570d4d44382696dc99f04
20661	67d67973609ca7871e6c73a30e28bee7	d905e4ab5599308b266ab4f1f517b504	23ff25abbbe570d4d44382696dc99f04
20662	67d67973609ca7871e6c73a30e28bee7	d905e4ab5599308b266ab4f1f517b504	23ff25abbbe570d4d44382696dc99f04
20663	9ed3ab06e3e2e89a107980300826a86e	63003efbf87091597a0461d8e1e2feeb	ea0108c7affbf875814101d9c2dd75de
20664	9ed3ab06e3e2e89a107980300826a86e	63003efbf87091597a0461d8e1e2feeb	ea0108c7affbf875814101d9c2dd75de
20665	9ed3ab06e3e2e89a107980300826a86e	63003efbf87091597a0461d8e1e2feeb	ea0108c7affbf875814101d9c2dd75de
20666	a0336d0a92f42f549aeade8f02c451e1	5d6878af6e89661f816126dfe3c83615	b58aa83da61fc5a8f7f031640b65be8f
20667	a0336d0a92f42f549aeade8f02c451e1	5d6878af6e89661f816126dfe3c83615	b58aa83da61fc5a8f7f031640b65be8f
20668	9ed3ab06e3e2e89a107980300826a86e	63003efbf87091597a0461d8e1e2feeb	ea0108c7affbf875814101d9c2dd75de
20669	9ed3ab06e3e2e89a107980300826a86e	63003efbf87091597a0461d8e1e2feeb	ea0108c7affbf875814101d9c2dd75de
20670	9ed3ab06e3e2e89a107980300826a86e	63003efbf87091597a0461d8e1e2feeb	ea0108c7affbf875814101d9c2dd75de
20671	68a7ff70e8e1557f19acdfcc699da635	0a26261e475463f9d2902d4db0cd8058	ca73705033d8ce4efcdb6d5275b2cd02
20672	4cf3d941eafcd9786774429af934d659	af42b65a8e7cddf06027a90e66bdb901	47df3389d2f36c16c81efe714714c5e8
20673	a968ed62a900f76f0c551af9f878627c	17549c1157dc01dbbfe0230e71e804c5	9469a36054f6939db732ddad705f3b25
20674	a968ed62a900f76f0c551af9f878627c	17549c1157dc01dbbfe0230e71e804c5	9469a36054f6939db732ddad705f3b25
20675	a968ed62a900f76f0c551af9f878627c	17549c1157dc01dbbfe0230e71e804c5	9469a36054f6939db732ddad705f3b25
20676	a968ed62a900f76f0c551af9f878627c	17549c1157dc01dbbfe0230e71e804c5	9469a36054f6939db732ddad705f3b25
20677	a968ed62a900f76f0c551af9f878627c	17549c1157dc01dbbfe0230e71e804c5	9469a36054f6939db732ddad705f3b25
20678	a968ed62a900f76f0c551af9f878627c	17549c1157dc01dbbfe0230e71e804c5	9469a36054f6939db732ddad705f3b25
20679	a968ed62a900f76f0c551af9f878627c	17549c1157dc01dbbfe0230e71e804c5	9469a36054f6939db732ddad705f3b25
20680	981232bf6542fa480688519ec8ba28ad	9e0248e864c6023f71d25f0fda7964b3	a164630da19ef5abe834877ee07695a3
20681	981232bf6542fa480688519ec8ba28ad	d30a4d614f4ac1a4a0c3ca32373879c7	1536632a97372b1c5e71f3e4e959e097
20682	981232bf6542fa480688519ec8ba28ad	d30a4d614f4ac1a4a0c3ca32373879c7	1536632a97372b1c5e71f3e4e959e097
20683	6136ea849a12b22ec2221150c124b1c1	206e16ed81d80b01ba3da600e65e9046	a7f1bde0f6b8b649cbcc141b5c6fc43e
20684	6136ea849a12b22ec2221150c124b1c1	206e16ed81d80b01ba3da600e65e9046	a7f1bde0f6b8b649cbcc141b5c6fc43e
20685	ad5e487f1f756dc81df729f6538d8054	ad4ed03500aebe723cba50aec889fbee	377e48997641133164403a4107eaf3d1
20686	ad5e487f1f756dc81df729f6538d8054	ad4ed03500aebe723cba50aec889fbee	377e48997641133164403a4107eaf3d1
20687	ad5e487f1f756dc81df729f6538d8054	ad4ed03500aebe723cba50aec889fbee	377e48997641133164403a4107eaf3d1
20688	ad5e487f1f756dc81df729f6538d8054	ad4ed03500aebe723cba50aec889fbee	377e48997641133164403a4107eaf3d1
20689	ad5e487f1f756dc81df729f6538d8054	ad4ed03500aebe723cba50aec889fbee	377e48997641133164403a4107eaf3d1
20690	ad5e487f1f756dc81df729f6538d8054	ad4ed03500aebe723cba50aec889fbee	377e48997641133164403a4107eaf3d1
20691	ad5e487f1f756dc81df729f6538d8054	ad4ed03500aebe723cba50aec889fbee	377e48997641133164403a4107eaf3d1
20692	ad5e487f1f756dc81df729f6538d8054	ad4ed03500aebe723cba50aec889fbee	377e48997641133164403a4107eaf3d1
20693	ad5e487f1f756dc81df729f6538d8054	ad4ed03500aebe723cba50aec889fbee	377e48997641133164403a4107eaf3d1
20694	ad5e487f1f756dc81df729f6538d8054	ad4ed03500aebe723cba50aec889fbee	377e48997641133164403a4107eaf3d1
20695	ad5e487f1f756dc81df729f6538d8054	ad4ed03500aebe723cba50aec889fbee	377e48997641133164403a4107eaf3d1
20696	ad5e487f1f756dc81df729f6538d8054	ad4ed03500aebe723cba50aec889fbee	377e48997641133164403a4107eaf3d1
20697	ad5e487f1f756dc81df729f6538d8054	ad4ed03500aebe723cba50aec889fbee	377e48997641133164403a4107eaf3d1
20698	ad5e487f1f756dc81df729f6538d8054	ad4ed03500aebe723cba50aec889fbee	377e48997641133164403a4107eaf3d1
20699	ad5e487f1f756dc81df729f6538d8054	ad4ed03500aebe723cba50aec889fbee	377e48997641133164403a4107eaf3d1
20700	ad5e487f1f756dc81df729f6538d8054	ad4ed03500aebe723cba50aec889fbee	377e48997641133164403a4107eaf3d1
20701	ad5e487f1f756dc81df729f6538d8054	ad4ed03500aebe723cba50aec889fbee	377e48997641133164403a4107eaf3d1
20702	a1efac618fc7804f8952ce95af54adac	f097fc734337be2b55280b9cee7d51bf	f5e10323e575f5f47e006949e3c50239
20703	a1efac618fc7804f8952ce95af54adac	f097fc734337be2b55280b9cee7d51bf	f5e10323e575f5f47e006949e3c50239
20704	a1efac618fc7804f8952ce95af54adac	f097fc734337be2b55280b9cee7d51bf	f5e10323e575f5f47e006949e3c50239
20705	a163088274d904c760de6168ba79778f	2c71b7bed4ddd9d4c25d2787a9c8c03e	fc69e3e89b52215716842a2f535bcaa8
20706	a163088274d904c760de6168ba79778f	2c71b7bed4ddd9d4c25d2787a9c8c03e	fc69e3e89b52215716842a2f535bcaa8
20707	a163088274d904c760de6168ba79778f	2c71b7bed4ddd9d4c25d2787a9c8c03e	fc69e3e89b52215716842a2f535bcaa8
20708	a163088274d904c760de6168ba79778f	2c71b7bed4ddd9d4c25d2787a9c8c03e	fc69e3e89b52215716842a2f535bcaa8
20709	50edeb38b8e774fc4d0d4767a74eb464	a7d919e6a49bc9e438f1ebcda0d36a05	ff75e63bef95f2f9a78bd8b9c164cf94
20710	50edeb38b8e774fc4d0d4767a74eb464	a7d919e6a49bc9e438f1ebcda0d36a05	ff75e63bef95f2f9a78bd8b9c164cf94
20711	50edeb38b8e774fc4d0d4767a74eb464	a7d919e6a49bc9e438f1ebcda0d36a05	ff75e63bef95f2f9a78bd8b9c164cf94
20712	50edeb38b8e774fc4d0d4767a74eb464	a7d919e6a49bc9e438f1ebcda0d36a05	ff75e63bef95f2f9a78bd8b9c164cf94
20713	50edeb38b8e774fc4d0d4767a74eb464	a7d919e6a49bc9e438f1ebcda0d36a05	ff75e63bef95f2f9a78bd8b9c164cf94
20714	4d924b60bcd5b61ff391060fd86ed06f	5c064e412dabffa73b4ec28aa06c756d	fe3714ba1c611d1cd6d0682dd7c30ced
20715	4d924b60bcd5b61ff391060fd86ed06f	5c064e412dabffa73b4ec28aa06c756d	fe3714ba1c611d1cd6d0682dd7c30ced
20716	4d924b60bcd5b61ff391060fd86ed06f	5c064e412dabffa73b4ec28aa06c756d	fe3714ba1c611d1cd6d0682dd7c30ced
20717	4d924b60bcd5b61ff391060fd86ed06f	5c064e412dabffa73b4ec28aa06c756d	fe3714ba1c611d1cd6d0682dd7c30ced
20718	4d924b60bcd5b61ff391060fd86ed06f	5c064e412dabffa73b4ec28aa06c756d	fe3714ba1c611d1cd6d0682dd7c30ced
20719	4d924b60bcd5b61ff391060fd86ed06f	5c064e412dabffa73b4ec28aa06c756d	fe3714ba1c611d1cd6d0682dd7c30ced
20720	4d924b60bcd5b61ff391060fd86ed06f	5c064e412dabffa73b4ec28aa06c756d	fe3714ba1c611d1cd6d0682dd7c30ced
20721	1900170604abea938cd21aa531736c09	2f1bd2bfb52b73a4b4450eff5d55827e	be0582766e5e9144902eb61d7705c882
20722	1900170604abea938cd21aa531736c09	2f1bd2bfb52b73a4b4450eff5d55827e	be0582766e5e9144902eb61d7705c882
20723	1900170604abea938cd21aa531736c09	2f1bd2bfb52b73a4b4450eff5d55827e	be0582766e5e9144902eb61d7705c882
20724	1900170604abea938cd21aa531736c09	2f1bd2bfb52b73a4b4450eff5d55827e	be0582766e5e9144902eb61d7705c882
20725	1900170604abea938cd21aa531736c09	2f1bd2bfb52b73a4b4450eff5d55827e	be0582766e5e9144902eb61d7705c882
20726	d52d7d9502853dbedf2b6e9b9c4ea00a	b9ef31d2cbcc4fac3e4c9a6067ddbf4e	4b8356ed81833f5d2f2ba6be42c5fca0
20727	d52d7d9502853dbedf2b6e9b9c4ea00a	b9ef31d2cbcc4fac3e4c9a6067ddbf4e	4b8356ed81833f5d2f2ba6be42c5fca0
20728	d52d7d9502853dbedf2b6e9b9c4ea00a	b9ef31d2cbcc4fac3e4c9a6067ddbf4e	4b8356ed81833f5d2f2ba6be42c5fca0
20729	d52d7d9502853dbedf2b6e9b9c4ea00a	b9ef31d2cbcc4fac3e4c9a6067ddbf4e	4b8356ed81833f5d2f2ba6be42c5fca0
20730	d52d7d9502853dbedf2b6e9b9c4ea00a	b9ef31d2cbcc4fac3e4c9a6067ddbf4e	4b8356ed81833f5d2f2ba6be42c5fca0
20731	d52d7d9502853dbedf2b6e9b9c4ea00a	b9ef31d2cbcc4fac3e4c9a6067ddbf4e	4b8356ed81833f5d2f2ba6be42c5fca0
20732	d52d7d9502853dbedf2b6e9b9c4ea00a	b9ef31d2cbcc4fac3e4c9a6067ddbf4e	4b8356ed81833f5d2f2ba6be42c5fca0
20733	ba8cc65b076fb05a0cc01be1fb700b7d	be0b7fef299be749d1ad7aac1cfd52b1	a83e013d011c00f3e05bec7a4c6f16ce
20734	ba8cc65b076fb05a0cc01be1fb700b7d	be0b7fef299be749d1ad7aac1cfd52b1	a83e013d011c00f3e05bec7a4c6f16ce
20735	ba8cc65b076fb05a0cc01be1fb700b7d	be0b7fef299be749d1ad7aac1cfd52b1	a83e013d011c00f3e05bec7a4c6f16ce
20736	ba8cc65b076fb05a0cc01be1fb700b7d	be0b7fef299be749d1ad7aac1cfd52b1	a83e013d011c00f3e05bec7a4c6f16ce
20737	ba8cc65b076fb05a0cc01be1fb700b7d	be0b7fef299be749d1ad7aac1cfd52b1	a83e013d011c00f3e05bec7a4c6f16ce
20738	70214cb3b865383f14fd9767f4f3169d	41203f0c51572a3e8dd2c63a360938e3	b313a5e0e653ae0a9a7f2c587ad46e15
20739	70214cb3b865383f14fd9767f4f3169d	41203f0c51572a3e8dd2c63a360938e3	b313a5e0e653ae0a9a7f2c587ad46e15
20740	70214cb3b865383f14fd9767f4f3169d	41203f0c51572a3e8dd2c63a360938e3	b313a5e0e653ae0a9a7f2c587ad46e15
20741	70214cb3b865383f14fd9767f4f3169d	41203f0c51572a3e8dd2c63a360938e3	b313a5e0e653ae0a9a7f2c587ad46e15
20742	70214cb3b865383f14fd9767f4f3169d	41203f0c51572a3e8dd2c63a360938e3	b313a5e0e653ae0a9a7f2c587ad46e15
20743	4e322da3cb2700f260a9317c6b33a6cc	dd9589c17c3339ba533b4dc0f68eecee	fa139f70e7004cd1025dc96508032701
20744	4e322da3cb2700f260a9317c6b33a6cc	dd9589c17c3339ba533b4dc0f68eecee	fa139f70e7004cd1025dc96508032701
20745	4e322da3cb2700f260a9317c6b33a6cc	dd9589c17c3339ba533b4dc0f68eecee	fa139f70e7004cd1025dc96508032701
20746	4e322da3cb2700f260a9317c6b33a6cc	dd9589c17c3339ba533b4dc0f68eecee	fa139f70e7004cd1025dc96508032701
20747	4e322da3cb2700f260a9317c6b33a6cc	dd9589c17c3339ba533b4dc0f68eecee	fa139f70e7004cd1025dc96508032701
20748	191975cfe0c69983150398c1f1d502f1	c4ea87ebe20c5f6e40299b778789746d	07deeab5d99bcce72b0d9f469c2b50b6
20749	191975cfe0c69983150398c1f1d502f1	c4ea87ebe20c5f6e40299b778789746d	07deeab5d99bcce72b0d9f469c2b50b6
20750	20d3c61134e2fb01d89461be0d574737	eece77416a6865d9821c20dbc20b9f91	9c6ffa3871ceb2673c10641ff55dc986
20751	20d3c61134e2fb01d89461be0d574737	eece77416a6865d9821c20dbc20b9f91	9c6ffa3871ceb2673c10641ff55dc986
20752	20d3c61134e2fb01d89461be0d574737	eece77416a6865d9821c20dbc20b9f91	9c6ffa3871ceb2673c10641ff55dc986
20753	20d3c61134e2fb01d89461be0d574737	eece77416a6865d9821c20dbc20b9f91	9c6ffa3871ceb2673c10641ff55dc986
20754	20d3c61134e2fb01d89461be0d574737	eece77416a6865d9821c20dbc20b9f91	9c6ffa3871ceb2673c10641ff55dc986
20755	0d3a28a3f26e47a71005ea3bd7bc0557	420b049eb7ea76061f526f89aa01fd08	44219e57d6ffafa14800a361bd3b6d5a
20756	0d3a28a3f26e47a71005ea3bd7bc0557	420b049eb7ea76061f526f89aa01fd08	44219e57d6ffafa14800a361bd3b6d5a
20757	0d3a28a3f26e47a71005ea3bd7bc0557	420b049eb7ea76061f526f89aa01fd08	44219e57d6ffafa14800a361bd3b6d5a
20758	0d3a28a3f26e47a71005ea3bd7bc0557	420b049eb7ea76061f526f89aa01fd08	44219e57d6ffafa14800a361bd3b6d5a
20759	0d3a28a3f26e47a71005ea3bd7bc0557	420b049eb7ea76061f526f89aa01fd08	44219e57d6ffafa14800a361bd3b6d5a
20760	0d3a28a3f26e47a71005ea3bd7bc0557	420b049eb7ea76061f526f89aa01fd08	44219e57d6ffafa14800a361bd3b6d5a
20761	0d3a28a3f26e47a71005ea3bd7bc0557	420b049eb7ea76061f526f89aa01fd08	44219e57d6ffafa14800a361bd3b6d5a
20762	946bc202bddde13482260a83fcaa5253	212b54b608772054321b0d8ca379fd06	68345d21a08997f1a98d132dbc20db72
20763	84145aab28890e8fc8e93a149ceae656	77088d2ec8d5a64fddf9147d847021a6	ab45e604996c6bcc4e46e9691b8e68c9
20764	84145aab28890e8fc8e93a149ceae656	77088d2ec8d5a64fddf9147d847021a6	ab45e604996c6bcc4e46e9691b8e68c9
20765	84145aab28890e8fc8e93a149ceae656	77088d2ec8d5a64fddf9147d847021a6	ab45e604996c6bcc4e46e9691b8e68c9
20766	84145aab28890e8fc8e93a149ceae656	77088d2ec8d5a64fddf9147d847021a6	ab45e604996c6bcc4e46e9691b8e68c9
20767	84145aab28890e8fc8e93a149ceae656	77088d2ec8d5a64fddf9147d847021a6	ab45e604996c6bcc4e46e9691b8e68c9
20768	84145aab28890e8fc8e93a149ceae656	77088d2ec8d5a64fddf9147d847021a6	ab45e604996c6bcc4e46e9691b8e68c9
20769	84145aab28890e8fc8e93a149ceae656	77088d2ec8d5a64fddf9147d847021a6	ab45e604996c6bcc4e46e9691b8e68c9
20770	7b264006fb5b377f4a1cfdb355331f79	23a6819bbd4ac0dcaa8b7ee75dc40c17	658864784a20fb7e7a4fcd6cf455b6d9
20771	093a6e4ee2d135db9ffa1b7ecb3c3108	28fd8aa718a9a8dcdaf540740facd2c1	392de868ad9230ce889d0e0b65dd9990
20772	2e110020229c4c853ece3ba011b8e61a	74e242a242af6f75840c088c51bf5e0d	af910f6771426ac8088497f569027a6d
20773	2e110020229c4c853ece3ba011b8e61a	74e242a242af6f75840c088c51bf5e0d	af910f6771426ac8088497f569027a6d
20774	2e110020229c4c853ece3ba011b8e61a	74e242a242af6f75840c088c51bf5e0d	af910f6771426ac8088497f569027a6d
20775	2e110020229c4c853ece3ba011b8e61a	74e242a242af6f75840c088c51bf5e0d	af910f6771426ac8088497f569027a6d
20776	2e110020229c4c853ece3ba011b8e61a	74e242a242af6f75840c088c51bf5e0d	af910f6771426ac8088497f569027a6d
20777	2e110020229c4c853ece3ba011b8e61a	74e242a242af6f75840c088c51bf5e0d	af910f6771426ac8088497f569027a6d
20778	2e110020229c4c853ece3ba011b8e61a	74e242a242af6f75840c088c51bf5e0d	af910f6771426ac8088497f569027a6d
20779	45228e82a8aa165ad18c580c6138d948	01506b19a20a64b8fd2a2b50b7fb78cc	b1151b58c591f39eabf387a5a0d0d09f
20780	45228e82a8aa165ad18c580c6138d948	01506b19a20a64b8fd2a2b50b7fb78cc	b1151b58c591f39eabf387a5a0d0d09f
20781	45228e82a8aa165ad18c580c6138d948	01506b19a20a64b8fd2a2b50b7fb78cc	b1151b58c591f39eabf387a5a0d0d09f
20782	175818b7b8c569250c286605dabe26a1	dcea0e1f52d54d1da924960d3e24884d	215bf4ce62ba21c2f90fec8ceb48bed6
20783	f744c5292814b1ca9c5116d76e846db6	da15fed8365f60a07208e27cf0ac4a07	9588e375e11862aa1ad8b120f0e4c0ac
20784	1918098168d77e316d9fa8f030ee00f2	256e3a15e5e23130b034e610c5b4aa06	0b5a856aaf51c093dd395b17be55a338
20785	1918098168d77e316d9fa8f030ee00f2	256e3a15e5e23130b034e610c5b4aa06	0b5a856aaf51c093dd395b17be55a338
20786	1918098168d77e316d9fa8f030ee00f2	256e3a15e5e23130b034e610c5b4aa06	0b5a856aaf51c093dd395b17be55a338
20787	1918098168d77e316d9fa8f030ee00f2	256e3a15e5e23130b034e610c5b4aa06	0b5a856aaf51c093dd395b17be55a338
20788	1918098168d77e316d9fa8f030ee00f2	256e3a15e5e23130b034e610c5b4aa06	0b5a856aaf51c093dd395b17be55a338
20789	1918098168d77e316d9fa8f030ee00f2	256e3a15e5e23130b034e610c5b4aa06	0b5a856aaf51c093dd395b17be55a338
20790	1918098168d77e316d9fa8f030ee00f2	256e3a15e5e23130b034e610c5b4aa06	0b5a856aaf51c093dd395b17be55a338
20791	a76e8607f31718278017ae6af76105a6	a7fda604c204fcfd113ef96fc930f9e5	78d1f1e7cf23f081061b3fd8f5473450
20792	a76e8607f31718278017ae6af76105a6	a7fda604c204fcfd113ef96fc930f9e5	78d1f1e7cf23f081061b3fd8f5473450
20793	a76e8607f31718278017ae6af76105a6	a88e18d33a71dba896faadb5122e257a	190cb09af41aec5684b753c83b985ebd
20794	a76e8607f31718278017ae6af76105a6	a7fda604c204fcfd113ef96fc930f9e5	78d1f1e7cf23f081061b3fd8f5473450
20795	a76e8607f31718278017ae6af76105a6	a7fda604c204fcfd113ef96fc930f9e5	78d1f1e7cf23f081061b3fd8f5473450
20796	3c35d5c6f8613bf54b6d7918e438943e	904f500a77076e4b112fd4454bbf0fce	19bc461b0133bee27e29235e7f3d12a6
20797	3c35d5c6f8613bf54b6d7918e438943e	904f500a77076e4b112fd4454bbf0fce	19bc461b0133bee27e29235e7f3d12a6
20798	3c35d5c6f8613bf54b6d7918e438943e	904f500a77076e4b112fd4454bbf0fce	19bc461b0133bee27e29235e7f3d12a6
20799	3c35d5c6f8613bf54b6d7918e438943e	904f500a77076e4b112fd4454bbf0fce	19bc461b0133bee27e29235e7f3d12a6
20800	3c35d5c6f8613bf54b6d7918e438943e	904f500a77076e4b112fd4454bbf0fce	19bc461b0133bee27e29235e7f3d12a6
20801	3c35d5c6f8613bf54b6d7918e438943e	904f500a77076e4b112fd4454bbf0fce	19bc461b0133bee27e29235e7f3d12a6
20802	3c35d5c6f8613bf54b6d7918e438943e	904f500a77076e4b112fd4454bbf0fce	19bc461b0133bee27e29235e7f3d12a6
20803	720e66f7962e97f4c19b102250b885e5	c806241f65f27b6f55632fe14a23abe1	224f3c0f21dfb3427253784c4470d140
20804	720e66f7962e97f4c19b102250b885e5	c806241f65f27b6f55632fe14a23abe1	224f3c0f21dfb3427253784c4470d140
20805	720e66f7962e97f4c19b102250b885e5	c806241f65f27b6f55632fe14a23abe1	224f3c0f21dfb3427253784c4470d140
20806	720e66f7962e97f4c19b102250b885e5	c806241f65f27b6f55632fe14a23abe1	224f3c0f21dfb3427253784c4470d140
20807	720e66f7962e97f4c19b102250b885e5	c806241f65f27b6f55632fe14a23abe1	224f3c0f21dfb3427253784c4470d140
20808	720e66f7962e97f4c19b102250b885e5	c806241f65f27b6f55632fe14a23abe1	224f3c0f21dfb3427253784c4470d140
20809	720e66f7962e97f4c19b102250b885e5	c806241f65f27b6f55632fe14a23abe1	224f3c0f21dfb3427253784c4470d140
20810	720e66f7962e97f4c19b102250b885e5	c806241f65f27b6f55632fe14a23abe1	224f3c0f21dfb3427253784c4470d140
20811	720e66f7962e97f4c19b102250b885e5	c806241f65f27b6f55632fe14a23abe1	224f3c0f21dfb3427253784c4470d140
20812	720e66f7962e97f4c19b102250b885e5	c806241f65f27b6f55632fe14a23abe1	224f3c0f21dfb3427253784c4470d140
20813	aafef2c1586de215857857375d88001d	7689dd0ed6bcffdd39dcc1f7b0f1774c	472cfb6df4276698746e8214d8766675
20814	aafef2c1586de215857857375d88001d	7689dd0ed6bcffdd39dcc1f7b0f1774c	472cfb6df4276698746e8214d8766675
20815	aafef2c1586de215857857375d88001d	7689dd0ed6bcffdd39dcc1f7b0f1774c	472cfb6df4276698746e8214d8766675
20816	aafef2c1586de215857857375d88001d	7689dd0ed6bcffdd39dcc1f7b0f1774c	472cfb6df4276698746e8214d8766675
20817	aafef2c1586de215857857375d88001d	7689dd0ed6bcffdd39dcc1f7b0f1774c	472cfb6df4276698746e8214d8766675
20818	aafef2c1586de215857857375d88001d	7689dd0ed6bcffdd39dcc1f7b0f1774c	472cfb6df4276698746e8214d8766675
20819	aafef2c1586de215857857375d88001d	7689dd0ed6bcffdd39dcc1f7b0f1774c	472cfb6df4276698746e8214d8766675
20820	24611e02d6f39eb2afea975772807772	9d474fac0260c297b6fdb8355d9e4296	a352bde7563b7b178a55760286cbfc47
20821	24611e02d6f39eb2afea975772807772	9d474fac0260c297b6fdb8355d9e4296	a352bde7563b7b178a55760286cbfc47
20822	24611e02d6f39eb2afea975772807772	9d474fac0260c297b6fdb8355d9e4296	a352bde7563b7b178a55760286cbfc47
20823	b426ebd2adff067c7b514bf9fca179c1	f6d1ed21e577942468025e85cfe511af	0142d79b7eef26ea673d92fe3f2191ca
20824	b426ebd2adff067c7b514bf9fca179c1	f6d1ed21e577942468025e85cfe511af	0142d79b7eef26ea673d92fe3f2191ca
20825	f049035b63dee05053b54259507998cf	7f3444b28039725edf512b6d3909e82d	70165baaf376b83a6c5ffda7922ba1d2
20826	f049035b63dee05053b54259507998cf	7f3444b28039725edf512b6d3909e82d	70165baaf376b83a6c5ffda7922ba1d2
20827	f049035b63dee05053b54259507998cf	7f3444b28039725edf512b6d3909e82d	70165baaf376b83a6c5ffda7922ba1d2
20828	2d4c146b2c3265469ea3a27cff472ec2	27066039df23f888be49340b0f131eb8	a849a5d62055037ce686018892f3de79
20829	2d4c146b2c3265469ea3a27cff472ec2	27066039df23f888be49340b0f131eb8	a849a5d62055037ce686018892f3de79
20830	f049035b63dee05053b54259507998cf	7f3444b28039725edf512b6d3909e82d	70165baaf376b83a6c5ffda7922ba1d2
20831	f049035b63dee05053b54259507998cf	7f3444b28039725edf512b6d3909e82d	70165baaf376b83a6c5ffda7922ba1d2
20832	2cdd9b127a805f623b0a15b556cb630f	2ce0b76895512e89e19a0aa9ea892121	d3cb2138c0f800d52a9dae9684c45de2
20833	2cdd9b127a805f623b0a15b556cb630f	2ce0b76895512e89e19a0aa9ea892121	d3cb2138c0f800d52a9dae9684c45de2
20834	2cdd9b127a805f623b0a15b556cb630f	2ce0b76895512e89e19a0aa9ea892121	d3cb2138c0f800d52a9dae9684c45de2
20835	790289d740701f298f5bb759980f0cbe	9025f082b4fae361a6842bbdecb3918c	07560aff4a399c1ecf76178b2880b7f5
20836	790289d740701f298f5bb759980f0cbe	9025f082b4fae361a6842bbdecb3918c	07560aff4a399c1ecf76178b2880b7f5
20837	10dbc1c61a4d09cb0f4134b57da8611c	a8c1c991bbf8e86a37064029d00b9038	9444a80fd13857c588978d0084f955d8
20838	10dbc1c61a4d09cb0f4134b57da8611c	a8c1c991bbf8e86a37064029d00b9038	9444a80fd13857c588978d0084f955d8
20839	10dbc1c61a4d09cb0f4134b57da8611c	a8c1c991bbf8e86a37064029d00b9038	9444a80fd13857c588978d0084f955d8
20840	10dbc1c61a4d09cb0f4134b57da8611c	a8c1c991bbf8e86a37064029d00b9038	9444a80fd13857c588978d0084f955d8
20841	10dbc1c61a4d09cb0f4134b57da8611c	a8c1c991bbf8e86a37064029d00b9038	9444a80fd13857c588978d0084f955d8
20842	b52ee7da7c48c64ee49afdde6d1affd4	3c92a79d59c259de9f5109d3fe2a275b	ba5cab6d563e71316d9656232354beeb
20843	b52ee7da7c48c64ee49afdde6d1affd4	3c92a79d59c259de9f5109d3fe2a275b	ba5cab6d563e71316d9656232354beeb
20844	b52ee7da7c48c64ee49afdde6d1affd4	3c92a79d59c259de9f5109d3fe2a275b	ba5cab6d563e71316d9656232354beeb
20845	1d08e37a663ebc810ea39b9e55d98d32	77e9ac11463eabfedfd044c9f1edf068	83e87483c229306ebfdc7d221ad685a5
20846	1d08e37a663ebc810ea39b9e55d98d32	77e9ac11463eabfedfd044c9f1edf068	83e87483c229306ebfdc7d221ad685a5
20847	1d08e37a663ebc810ea39b9e55d98d32	77e9ac11463eabfedfd044c9f1edf068	83e87483c229306ebfdc7d221ad685a5
20848	1d08e37a663ebc810ea39b9e55d98d32	77e9ac11463eabfedfd044c9f1edf068	83e87483c229306ebfdc7d221ad685a5
20849	2f4970dfd4187a97a07cbd1b3d45af0d	1e5cce6a384780d821deaa84e8bd8122	86469ad6279b93c46e2b5ee08de65fff
20850	2f4970dfd4187a97a07cbd1b3d45af0d	1e5cce6a384780d821deaa84e8bd8122	86469ad6279b93c46e2b5ee08de65fff
20851	2f4970dfd4187a97a07cbd1b3d45af0d	1e5cce6a384780d821deaa84e8bd8122	86469ad6279b93c46e2b5ee08de65fff
20852	2f4970dfd4187a97a07cbd1b3d45af0d	1e5cce6a384780d821deaa84e8bd8122	86469ad6279b93c46e2b5ee08de65fff
20853	6f0d1320a4b1aaf4556a9e1f3325f135	813015ce40f0a75666b5f85c40449db2	5751b7699b7e1fcc9b247878973d0d5e
20854	e62f9608bc9c85528e9610080736b6a2	052e61d201becef714d008e8b3a10f76	1967594be574e4f5f75324864edc5c97
20855	e62f9608bc9c85528e9610080736b6a2	052e61d201becef714d008e8b3a10f76	1967594be574e4f5f75324864edc5c97
20856	e62f9608bc9c85528e9610080736b6a2	052e61d201becef714d008e8b3a10f76	1967594be574e4f5f75324864edc5c97
20857	e62f9608bc9c85528e9610080736b6a2	052e61d201becef714d008e8b3a10f76	1967594be574e4f5f75324864edc5c97
20858	e62f9608bc9c85528e9610080736b6a2	052e61d201becef714d008e8b3a10f76	1967594be574e4f5f75324864edc5c97
20859	e62f9608bc9c85528e9610080736b6a2	052e61d201becef714d008e8b3a10f76	1967594be574e4f5f75324864edc5c97
20860	e62f9608bc9c85528e9610080736b6a2	052e61d201becef714d008e8b3a10f76	1967594be574e4f5f75324864edc5c97
20861	91b558f1ee46c85de30302f9a613daf1	d630e6a30051f243ba589fd421ed3bee	bc0dd1b2ecbe767ca1b452b7f0887319
20862	91b558f1ee46c85de30302f9a613daf1	d630e6a30051f243ba589fd421ed3bee	bc0dd1b2ecbe767ca1b452b7f0887319
20863	91b558f1ee46c85de30302f9a613daf1	d630e6a30051f243ba589fd421ed3bee	bc0dd1b2ecbe767ca1b452b7f0887319
20864	ac61683d7c3c377af2cc9dd6a63963f5	e27f6ad62e0588cdc04f64212a5a4782	f916a6f67264f6ebe80222b570ebd04e
20865	91b558f1ee46c85de30302f9a613daf1	d630e6a30051f243ba589fd421ed3bee	bc0dd1b2ecbe767ca1b452b7f0887319
20866	231e84198ec46308c15b865db7bd441d	575b159e1a301942e342344b74e684e2	4f1787af2df3c8f399afe7192d9b1356
20867	231e84198ec46308c15b865db7bd441d	575b159e1a301942e342344b74e684e2	4f1787af2df3c8f399afe7192d9b1356
20868	231e84198ec46308c15b865db7bd441d	575b159e1a301942e342344b74e684e2	4f1787af2df3c8f399afe7192d9b1356
20869	231e84198ec46308c15b865db7bd441d	575b159e1a301942e342344b74e684e2	4f1787af2df3c8f399afe7192d9b1356
20870	231e84198ec46308c15b865db7bd441d	575b159e1a301942e342344b74e684e2	4f1787af2df3c8f399afe7192d9b1356
20871	231e84198ec46308c15b865db7bd441d	575b159e1a301942e342344b74e684e2	4f1787af2df3c8f399afe7192d9b1356
20872	231e84198ec46308c15b865db7bd441d	575b159e1a301942e342344b74e684e2	4f1787af2df3c8f399afe7192d9b1356
20873	2e6a7fd0491af4afd0b8ea1b8d966c79	9be71835d6fdc0fd285351115009288c	fc0d7bf761b6f98b18ce941ea3c177c2
20874	2e6a7fd0491af4afd0b8ea1b8d966c79	9be71835d6fdc0fd285351115009288c	fc0d7bf761b6f98b18ce941ea3c177c2
20875	2e6a7fd0491af4afd0b8ea1b8d966c79	9be71835d6fdc0fd285351115009288c	fc0d7bf761b6f98b18ce941ea3c177c2
20876	2e6a7fd0491af4afd0b8ea1b8d966c79	9be71835d6fdc0fd285351115009288c	fc0d7bf761b6f98b18ce941ea3c177c2
20877	2e6a7fd0491af4afd0b8ea1b8d966c79	9be71835d6fdc0fd285351115009288c	fc0d7bf761b6f98b18ce941ea3c177c2
20878	0426339891f4941b2a1e21e3b257efdd	0ce564ea7a0fb87e6971ed01f76c4e7d	ff4e4f8320e05e35a92beb6f67c5afb5
20879	0426339891f4941b2a1e21e3b257efdd	0ce564ea7a0fb87e6971ed01f76c4e7d	ff4e4f8320e05e35a92beb6f67c5afb5
20880	0426339891f4941b2a1e21e3b257efdd	0ce564ea7a0fb87e6971ed01f76c4e7d	ff4e4f8320e05e35a92beb6f67c5afb5
20881	0426339891f4941b2a1e21e3b257efdd	0ce564ea7a0fb87e6971ed01f76c4e7d	ff4e4f8320e05e35a92beb6f67c5afb5
20882	0426339891f4941b2a1e21e3b257efdd	0ce564ea7a0fb87e6971ed01f76c4e7d	ff4e4f8320e05e35a92beb6f67c5afb5
20883	6aca2b23854fbd084407599651cf9a8c	e76235d7e8ed0a8f34f3705051932a13	86a52b643c11fcb60d1deb299f79f7e3
20884	6aca2b23854fbd084407599651cf9a8c	e76235d7e8ed0a8f34f3705051932a13	86a52b643c11fcb60d1deb299f79f7e3
20885	6aca2b23854fbd084407599651cf9a8c	e76235d7e8ed0a8f34f3705051932a13	86a52b643c11fcb60d1deb299f79f7e3
20886	7295fea2d0d47c2f446ceeb94a766767	0b51a046cb42f442956dd2d6b9faf745	cee6560ac68de96645bcd8aa20d80c3a
20887	7295fea2d0d47c2f446ceeb94a766767	0b51a046cb42f442956dd2d6b9faf745	cee6560ac68de96645bcd8aa20d80c3a
20888	c336f6ac7ae4e814da7cd0bc26217945	84dfc6f1de0770bab08ac99de04587c6	842be20a729854aa6c489a6ec7331a5d
20889	c336f6ac7ae4e814da7cd0bc26217945	84dfc6f1de0770bab08ac99de04587c6	842be20a729854aa6c489a6ec7331a5d
20890	711499dc6b07615d1404aec643b32416	69389e129ab90d8df28590cd1330f3cb	e5b0b9fbf9754242af39f0db778c7925
20891	711499dc6b07615d1404aec643b32416	69389e129ab90d8df28590cd1330f3cb	e5b0b9fbf9754242af39f0db778c7925
20892	711499dc6b07615d1404aec643b32416	69389e129ab90d8df28590cd1330f3cb	e5b0b9fbf9754242af39f0db778c7925
20893	711499dc6b07615d1404aec643b32416	3f7ac4b95aa47087046e0483f2cac85e	4b72b94da877bf7f8a86426799b55c54
20894	711499dc6b07615d1404aec643b32416	3f7ac4b95aa47087046e0483f2cac85e	4b72b94da877bf7f8a86426799b55c54
20895	b8ea45bee064b33f205e8fd0744e392f	1478892ce99a8b5a82743521d882b9a8	e5281117d774c51cffc26d8a099dfaef
20896	b8ea45bee064b33f205e8fd0744e392f	1478892ce99a8b5a82743521d882b9a8	e5281117d774c51cffc26d8a099dfaef
20897	b8ea45bee064b33f205e8fd0744e392f	1478892ce99a8b5a82743521d882b9a8	e5281117d774c51cffc26d8a099dfaef
20898	b8ea45bee064b33f205e8fd0744e392f	1478892ce99a8b5a82743521d882b9a8	e5281117d774c51cffc26d8a099dfaef
20899	b8ea45bee064b33f205e8fd0744e392f	1478892ce99a8b5a82743521d882b9a8	e5281117d774c51cffc26d8a099dfaef
20900	b8ea45bee064b33f205e8fd0744e392f	1478892ce99a8b5a82743521d882b9a8	e5281117d774c51cffc26d8a099dfaef
20901	b8ea45bee064b33f205e8fd0744e392f	1478892ce99a8b5a82743521d882b9a8	e5281117d774c51cffc26d8a099dfaef
20902	68cdfa809d29871245a701e4e2da3b0f	856b24cba1cca400ff4e302aa1af9554	04288eceb3660e9dbc45faaebb8a8330
20903	68cdfa809d29871245a701e4e2da3b0f	856b24cba1cca400ff4e302aa1af9554	04288eceb3660e9dbc45faaebb8a8330
20904	68cdfa809d29871245a701e4e2da3b0f	856b24cba1cca400ff4e302aa1af9554	04288eceb3660e9dbc45faaebb8a8330
20905	68cdfa809d29871245a701e4e2da3b0f	856b24cba1cca400ff4e302aa1af9554	04288eceb3660e9dbc45faaebb8a8330
20906	be8afa09164391ac399e83cc675c8409	25da20c5220375fda4f7203c768aaa5f	ba00079767ff8bf94bb808cd6d71f72b
20907	68cdfa809d29871245a701e4e2da3b0f	856b24cba1cca400ff4e302aa1af9554	04288eceb3660e9dbc45faaebb8a8330
20908	68cdfa809d29871245a701e4e2da3b0f	856b24cba1cca400ff4e302aa1af9554	04288eceb3660e9dbc45faaebb8a8330
20909	68cdfa809d29871245a701e4e2da3b0f	856b24cba1cca400ff4e302aa1af9554	04288eceb3660e9dbc45faaebb8a8330
20910	019051d3ef38e0795d7117c7b5ee4492	d2b68bc53d3194feb968b7ac722cac95	631697c4962c69f5269339c0ffea0c4f
20911	d1b43c7f8ecc07645a415c7e0894e9d6	ed54c3b01098b5e6f261da984b6407ac	828724e8fedc09e6dc83fb2d6f26219b
20912	c62cd238f2cc1f6295d100ab076d071f	abae210a30b65ef2a482cd8178e88823	05e8db510a9e1cfb8e0e00a55e85a350
20913	c62cd238f2cc1f6295d100ab076d071f	abae210a30b65ef2a482cd8178e88823	05e8db510a9e1cfb8e0e00a55e85a350
20914	c62cd238f2cc1f6295d100ab076d071f	abae210a30b65ef2a482cd8178e88823	05e8db510a9e1cfb8e0e00a55e85a350
20915	c62cd238f2cc1f6295d100ab076d071f	abae210a30b65ef2a482cd8178e88823	05e8db510a9e1cfb8e0e00a55e85a350
20916	c62cd238f2cc1f6295d100ab076d071f	abae210a30b65ef2a482cd8178e88823	05e8db510a9e1cfb8e0e00a55e85a350
20917	c62cd238f2cc1f6295d100ab076d071f	abae210a30b65ef2a482cd8178e88823	05e8db510a9e1cfb8e0e00a55e85a350
20918	c62cd238f2cc1f6295d100ab076d071f	abae210a30b65ef2a482cd8178e88823	05e8db510a9e1cfb8e0e00a55e85a350
20919	e953f2b261265daf46da7c6759a6c4c0	020b3466c319d486cc3ddb2e90a49a41	ba774330de3b4acff7587fd5283d36b1
20920	e953f2b261265daf46da7c6759a6c4c0	020b3466c319d486cc3ddb2e90a49a41	ba774330de3b4acff7587fd5283d36b1
20921	e953f2b261265daf46da7c6759a6c4c0	020b3466c319d486cc3ddb2e90a49a41	ba774330de3b4acff7587fd5283d36b1
20922	e953f2b261265daf46da7c6759a6c4c0	020b3466c319d486cc3ddb2e90a49a41	ba774330de3b4acff7587fd5283d36b1
20923	e953f2b261265daf46da7c6759a6c4c0	020b3466c319d486cc3ddb2e90a49a41	ba774330de3b4acff7587fd5283d36b1
20924	3046cce769a80ca216e916533108cd88	680b29044ae59693a71cd9db37e3849d	6bbbb808ca22cfdace1adfebc5c8cef2
20925	3046cce769a80ca216e916533108cd88	680b29044ae59693a71cd9db37e3849d	6bbbb808ca22cfdace1adfebc5c8cef2
20926	3046cce769a80ca216e916533108cd88	680b29044ae59693a71cd9db37e3849d	6bbbb808ca22cfdace1adfebc5c8cef2
20927	3046cce769a80ca216e916533108cd88	680b29044ae59693a71cd9db37e3849d	6bbbb808ca22cfdace1adfebc5c8cef2
20928	3046cce769a80ca216e916533108cd88	680b29044ae59693a71cd9db37e3849d	6bbbb808ca22cfdace1adfebc5c8cef2
20929	3046cce769a80ca216e916533108cd88	680b29044ae59693a71cd9db37e3849d	6bbbb808ca22cfdace1adfebc5c8cef2
20930	3046cce769a80ca216e916533108cd88	680b29044ae59693a71cd9db37e3849d	6bbbb808ca22cfdace1adfebc5c8cef2
20931	3046cce769a80ca216e916533108cd88	680b29044ae59693a71cd9db37e3849d	6bbbb808ca22cfdace1adfebc5c8cef2
20932	3046cce769a80ca216e916533108cd88	680b29044ae59693a71cd9db37e3849d	6bbbb808ca22cfdace1adfebc5c8cef2
20933	3046cce769a80ca216e916533108cd88	680b29044ae59693a71cd9db37e3849d	6bbbb808ca22cfdace1adfebc5c8cef2
20934	3046cce769a80ca216e916533108cd88	680b29044ae59693a71cd9db37e3849d	6bbbb808ca22cfdace1adfebc5c8cef2
20935	3046cce769a80ca216e916533108cd88	680b29044ae59693a71cd9db37e3849d	6bbbb808ca22cfdace1adfebc5c8cef2
20936	3046cce769a80ca216e916533108cd88	680b29044ae59693a71cd9db37e3849d	6bbbb808ca22cfdace1adfebc5c8cef2
20937	3046cce769a80ca216e916533108cd88	680b29044ae59693a71cd9db37e3849d	6bbbb808ca22cfdace1adfebc5c8cef2
20938	3046cce769a80ca216e916533108cd88	680b29044ae59693a71cd9db37e3849d	6bbbb808ca22cfdace1adfebc5c8cef2
20939	3046cce769a80ca216e916533108cd88	680b29044ae59693a71cd9db37e3849d	6bbbb808ca22cfdace1adfebc5c8cef2
20940	c2f738f189b5e5d04ea4b099e7fc8661	1625956d9b96f5cdbab9548541df0360	6d57ca9a17dbea8a78bc34b848bdd453
20941	df42d053c83add5660e3232bf8b67b70	2e0cc41f6bec3bfb2e4e8c2d929f4460	67bcc628a3d0e126ccceffa345398cf8
20942	df42d053c83add5660e3232bf8b67b70	2e0cc41f6bec3bfb2e4e8c2d929f4460	67bcc628a3d0e126ccceffa345398cf8
20943	df42d053c83add5660e3232bf8b67b70	2e0cc41f6bec3bfb2e4e8c2d929f4460	67bcc628a3d0e126ccceffa345398cf8
20944	df42d053c83add5660e3232bf8b67b70	2e0cc41f6bec3bfb2e4e8c2d929f4460	67bcc628a3d0e126ccceffa345398cf8
20945	df42d053c83add5660e3232bf8b67b70	2e0cc41f6bec3bfb2e4e8c2d929f4460	67bcc628a3d0e126ccceffa345398cf8
20946	df42d053c83add5660e3232bf8b67b70	2e0cc41f6bec3bfb2e4e8c2d929f4460	67bcc628a3d0e126ccceffa345398cf8
20947	df42d053c83add5660e3232bf8b67b70	2e0cc41f6bec3bfb2e4e8c2d929f4460	67bcc628a3d0e126ccceffa345398cf8
20948	96d13a64ec9858ed368c9ed8e35b3af6	a8625ec7599a978c3ff4a6c208274ea6	3586fb15236396b570bfdc5dea28d82a
20949	96825d51c329e3d4966361fc2eafc257	1702d9dce9cec7f00e8fb0a8eda0eeba	a0220214e25d7f29741058ad2b7c0c7e
20950	96825d51c329e3d4966361fc2eafc257	1702d9dce9cec7f00e8fb0a8eda0eeba	a0220214e25d7f29741058ad2b7c0c7e
20951	31c75f9d6ece169de3e5a6967ab56b2c	1e1c80c5f5fe7bcdeac24eb0be40b5d3	9408ac20968912389f8860549b799503
20952	31c75f9d6ece169de3e5a6967ab56b2c	1e1c80c5f5fe7bcdeac24eb0be40b5d3	9408ac20968912389f8860549b799503
20953	2da17059d55a751fe90d9cba8b2be1e2	b72afd2ae158a4b1e881c7929173188a	29bd635c1bd45525b8f4e5b47bf1b7c6
20954	2da17059d55a751fe90d9cba8b2be1e2	b72afd2ae158a4b1e881c7929173188a	29bd635c1bd45525b8f4e5b47bf1b7c6
20955	2da17059d55a751fe90d9cba8b2be1e2	b72afd2ae158a4b1e881c7929173188a	29bd635c1bd45525b8f4e5b47bf1b7c6
20956	2da17059d55a751fe90d9cba8b2be1e2	b72afd2ae158a4b1e881c7929173188a	29bd635c1bd45525b8f4e5b47bf1b7c6
20957	2da17059d55a751fe90d9cba8b2be1e2	b72afd2ae158a4b1e881c7929173188a	29bd635c1bd45525b8f4e5b47bf1b7c6
20958	9cc3b58689c8e5baeae9e7199e412dd0	4e927bc0902cc70441376da508c24f40	81f12ddbff484d88a4c9458809760e7c
20959	2da17059d55a751fe90d9cba8b2be1e2	b72afd2ae158a4b1e881c7929173188a	29bd635c1bd45525b8f4e5b47bf1b7c6
20960	a0b9874301fdcd5ea76b12352cdee154	848db9eaa38dfe3a988e63b9f2dc8a5e	9c1df6b8cfe67c58752aa59af82332c7
20961	e29e933340aff62df8bf31022bb8be1c	0aa455ad5250a440e006bac6482bc9e0	8e59b7d0e9fefea233968153ed13c9e8
20962	0ec46d064a0e2fd9d7fb966117052315	9f7b9384256fad3638825f708406a339	40f320b8dd686fe0629dac4bce6d4f44
20963	5f12b8c348747d4f86d20de417b182d3	f23904be3aedb243460169fa1889dab2	d5b933bd8639887ddf3163ac4afe1596
20964	5f12b8c348747d4f86d20de417b182d3	f23904be3aedb243460169fa1889dab2	d5b933bd8639887ddf3163ac4afe1596
20965	da171eeb365195a4fde3974e9bee7f24	35080331be52225a89240261789047cd	e0d35f512ab5cff871a63770a324a627
20966	da171eeb365195a4fde3974e9bee7f24	35080331be52225a89240261789047cd	e0d35f512ab5cff871a63770a324a627
20967	da171eeb365195a4fde3974e9bee7f24	35080331be52225a89240261789047cd	e0d35f512ab5cff871a63770a324a627
20968	da171eeb365195a4fde3974e9bee7f24	35080331be52225a89240261789047cd	e0d35f512ab5cff871a63770a324a627
20969	da171eeb365195a4fde3974e9bee7f24	35080331be52225a89240261789047cd	e0d35f512ab5cff871a63770a324a627
20970	da171eeb365195a4fde3974e9bee7f24	35080331be52225a89240261789047cd	e0d35f512ab5cff871a63770a324a627
20971	da171eeb365195a4fde3974e9bee7f24	35080331be52225a89240261789047cd	e0d35f512ab5cff871a63770a324a627
20972	508c7ca3c25c43fcfc2cf66359f6a052	0f94162c97c65ac55917e3551598b8b1	bb79aab5d3148b39fd0b43f4dd08fc0d
20973	508c7ca3c25c43fcfc2cf66359f6a052	0f94162c97c65ac55917e3551598b8b1	bb79aab5d3148b39fd0b43f4dd08fc0d
20974	508c7ca3c25c43fcfc2cf66359f6a052	0f94162c97c65ac55917e3551598b8b1	bb79aab5d3148b39fd0b43f4dd08fc0d
20975	508c7ca3c25c43fcfc2cf66359f6a052	0f94162c97c65ac55917e3551598b8b1	bb79aab5d3148b39fd0b43f4dd08fc0d
20976	508c7ca3c25c43fcfc2cf66359f6a052	0f94162c97c65ac55917e3551598b8b1	bb79aab5d3148b39fd0b43f4dd08fc0d
20977	508c7ca3c25c43fcfc2cf66359f6a052	0f94162c97c65ac55917e3551598b8b1	bb79aab5d3148b39fd0b43f4dd08fc0d
20978	508c7ca3c25c43fcfc2cf66359f6a052	0f94162c97c65ac55917e3551598b8b1	bb79aab5d3148b39fd0b43f4dd08fc0d
20979	508c7ca3c25c43fcfc2cf66359f6a052	0f94162c97c65ac55917e3551598b8b1	bb79aab5d3148b39fd0b43f4dd08fc0d
20980	508c7ca3c25c43fcfc2cf66359f6a052	0f94162c97c65ac55917e3551598b8b1	bb79aab5d3148b39fd0b43f4dd08fc0d
20981	508c7ca3c25c43fcfc2cf66359f6a052	0f94162c97c65ac55917e3551598b8b1	bb79aab5d3148b39fd0b43f4dd08fc0d
20982	fce6c08f5bbd8b838b5db09e1121acae	f0869c03db0eeecf987b40a16a935f06	4cfb2f562a00ab3154689fe244d3bdae
20983	fce6c08f5bbd8b838b5db09e1121acae	f0869c03db0eeecf987b40a16a935f06	4cfb2f562a00ab3154689fe244d3bdae
20984	fce6c08f5bbd8b838b5db09e1121acae	f0869c03db0eeecf987b40a16a935f06	4cfb2f562a00ab3154689fe244d3bdae
20985	fce6c08f5bbd8b838b5db09e1121acae	f0869c03db0eeecf987b40a16a935f06	4cfb2f562a00ab3154689fe244d3bdae
20986	fce6c08f5bbd8b838b5db09e1121acae	f0869c03db0eeecf987b40a16a935f06	4cfb2f562a00ab3154689fe244d3bdae
20987	fce6c08f5bbd8b838b5db09e1121acae	f0869c03db0eeecf987b40a16a935f06	4cfb2f562a00ab3154689fe244d3bdae
20988	fce6c08f5bbd8b838b5db09e1121acae	f0869c03db0eeecf987b40a16a935f06	4cfb2f562a00ab3154689fe244d3bdae
20989	861ebb59a3b5da96a40911bc3b723e01	f305e3a08e3223a19c5bcf62363ba8a2	19095eff24b527c90d05e03d4b2cb359
20990	861ebb59a3b5da96a40911bc3b723e01	f305e3a08e3223a19c5bcf62363ba8a2	19095eff24b527c90d05e03d4b2cb359
20991	861ebb59a3b5da96a40911bc3b723e01	f305e3a08e3223a19c5bcf62363ba8a2	19095eff24b527c90d05e03d4b2cb359
20992	861ebb59a3b5da96a40911bc3b723e01	f305e3a08e3223a19c5bcf62363ba8a2	19095eff24b527c90d05e03d4b2cb359
20993	861ebb59a3b5da96a40911bc3b723e01	f305e3a08e3223a19c5bcf62363ba8a2	19095eff24b527c90d05e03d4b2cb359
20994	ef1af2963ae890575ea3912f223ff8a3	e35ecf56544010814eb8777282f85588	368092a54287ae9de69de72be9718b6d
20995	ef1af2963ae890575ea3912f223ff8a3	e35ecf56544010814eb8777282f85588	368092a54287ae9de69de72be9718b6d
20996	ef1af2963ae890575ea3912f223ff8a3	e35ecf56544010814eb8777282f85588	368092a54287ae9de69de72be9718b6d
20997	1808483e432ed7d4403ab1ea8ffd55ca	95f9ecc9ba80460ed4faf8bfbe8cfb31	21b4c881414241bedfec58291e577197
20998	ea8cb7a1be3404312d57083796300322	13ff290b7d80d4ae068224ee290877ab	4e5b1786cce45e70317abd710b03d0db
20999	4dfa0d37d4259263f6959b1f85abda49	643691c9cb52a6227944ab6d076ed481	9154ff51ba28211bdb65db84839ff8ea
21000	1ed57cfd187f2f1ddfcbd1e3479eee40	663c842d25918c46cc166f23a15e1edd	23ce6ced46af0a67182fdfc0fada2520
21001	80fe2eb3deaca2cefd4fe2b5c87a54c0	ff97a17b9bc20789ff36af6c7e786c56	7485dff7a4de68052e0445822b10f5c2
21002	80fe2eb3deaca2cefd4fe2b5c87a54c0	ff97a17b9bc20789ff36af6c7e786c56	7485dff7a4de68052e0445822b10f5c2
21003	80fe2eb3deaca2cefd4fe2b5c87a54c0	ff97a17b9bc20789ff36af6c7e786c56	7485dff7a4de68052e0445822b10f5c2
21004	d1f557ef5a23b127c4702f0232506cf1	3708c75345bb40959516090024a58701	ef01552bff4338537c816e9c380868b2
21005	4a0f6b16cf3a86a999b4afd146431692	f2fdee8a0ff5b7c640faf23dc3c6a32d	821aa219d6e50f4df33a9c087eb05ff4
21006	5f782894556a4f564d24160f22d91e73	b63251bdf862f258f209201fa49f029c	0e01038e8d5eac66fec2effca22869c2
21007	3049c3f783fed8fef5614882ccb9433c	abac2b8d8727fc1b07f8affe1f634bd6	fa623dd2e895e23eff5db268a903a6d8
21008	61145b0018838d2c37c62e4a42acfcbd	9fce13b4835f56d407b4cfae7e0c7b9e	4077766c83f0d017db36eb94b79bd4c3
21009	04500d31e5efa9ed33ce6632e742f188	10bcea44e403da61a6a9baa467c7b816	7948c87e08a456d65eceae518fe1d873
21010	29407c998415da82f1249431503c433c	f0609175bbdfa250f2e561248bd4d319	4b218caf34ce8467f7b60e5cf4f8c4de
21011	09f8386cd8dd5c2cbd3767bf9c8eb98f	22420d7498ad731b0898a5a1eab9d32a	a1ad3a839857b5f209fe5d97c9558f9f
21012	09f8386cd8dd5c2cbd3767bf9c8eb98f	22420d7498ad731b0898a5a1eab9d32a	a1ad3a839857b5f209fe5d97c9558f9f
21013	09f8386cd8dd5c2cbd3767bf9c8eb98f	22420d7498ad731b0898a5a1eab9d32a	a1ad3a839857b5f209fe5d97c9558f9f
21014	09f8386cd8dd5c2cbd3767bf9c8eb98f	22420d7498ad731b0898a5a1eab9d32a	a1ad3a839857b5f209fe5d97c9558f9f
21015	09f8386cd8dd5c2cbd3767bf9c8eb98f	22420d7498ad731b0898a5a1eab9d32a	a1ad3a839857b5f209fe5d97c9558f9f
21016	09f8386cd8dd5c2cbd3767bf9c8eb98f	22420d7498ad731b0898a5a1eab9d32a	a1ad3a839857b5f209fe5d97c9558f9f
21017	09f8386cd8dd5c2cbd3767bf9c8eb98f	22420d7498ad731b0898a5a1eab9d32a	a1ad3a839857b5f209fe5d97c9558f9f
21018	80dc66bca491efd5514cc69097290291	950e8245675d1530d79316990c41c218	1ff8dc8601daadda03558eb66734ead4
21019	9fc40879cf60f26680e93326a60f3fc7	2b25811457ccee5e7a3b3c3d6c7c183a	60c7cf8718fd6067ac2fff44a4eaa31e
21020	9fc40879cf60f26680e93326a60f3fc7	2b25811457ccee5e7a3b3c3d6c7c183a	60c7cf8718fd6067ac2fff44a4eaa31e
21021	b6247fad0f3ff679003d3b38d923ebfa	e759cdc13da64d021e4a449227ac29ca	487db41a81f3d9626d94dc04942b32f8
21022	b6247fad0f3ff679003d3b38d923ebfa	e759cdc13da64d021e4a449227ac29ca	487db41a81f3d9626d94dc04942b32f8
21023	f5bc200deb36b6a637f9c85140ed6809	67e2394ea469abea08213c79e4c1ae05	86844db7566ed3395b165b3bd74402a0
21024	f5bc200deb36b6a637f9c85140ed6809	67e2394ea469abea08213c79e4c1ae05	86844db7566ed3395b165b3bd74402a0
21025	f5bc200deb36b6a637f9c85140ed6809	67e2394ea469abea08213c79e4c1ae05	86844db7566ed3395b165b3bd74402a0
21026	6b9374b6d1acdecf619a8a311f9b0094	cfb2e673be8144a5ccd682e7e9935880	a049a73883bf8458cf97fa78d92c9781
21027	89b593e133733788b1e09834271bc54b	6381914f3a2913f799e76895c7a80615	48c4f80ee4e97dee1194fedbf09ec75c
21028	ba3489dd95e9cb396a07dabf91bb8a71	d007afbbd1f311a8e8af53f19adc46a0	2d7d73e3f394a08a45cb134b88dfda9b
21029	ba3489dd95e9cb396a07dabf91bb8a71	d007afbbd1f311a8e8af53f19adc46a0	2d7d73e3f394a08a45cb134b88dfda9b
21030	e55952de0740c722cc52f6077e61ebab	f1e4e59afe05d2f4dc34d2e068e44576	bb2bb791bae70ef96f2d139ce95c4327
21031	e55952de0740c722cc52f6077e61ebab	f1e4e59afe05d2f4dc34d2e068e44576	bb2bb791bae70ef96f2d139ce95c4327
21032	e55952de0740c722cc52f6077e61ebab	f1e4e59afe05d2f4dc34d2e068e44576	bb2bb791bae70ef96f2d139ce95c4327
21033	6167f65645414c04fbbcc580a9ffa92c	aa38715bc873a6c94525e7a6f116afd2	7658539607b735ca393820f336f237d7
21034	e55952de0740c722cc52f6077e61ebab	f1e4e59afe05d2f4dc34d2e068e44576	bb2bb791bae70ef96f2d139ce95c4327
21035	3c15c013c597136b9540e77ebc0d58ef	f9f860ec9549de804e8dda1820b628bd	483b41a3b19a6666451cde4c12a40f6f
21036	3c15c013c597136b9540e77ebc0d58ef	f9f860ec9549de804e8dda1820b628bd	483b41a3b19a6666451cde4c12a40f6f
21037	3c15c013c597136b9540e77ebc0d58ef	f9f860ec9549de804e8dda1820b628bd	483b41a3b19a6666451cde4c12a40f6f
21038	3c15c013c597136b9540e77ebc0d58ef	f9f860ec9549de804e8dda1820b628bd	483b41a3b19a6666451cde4c12a40f6f
21039	3c15c013c597136b9540e77ebc0d58ef	f9f860ec9549de804e8dda1820b628bd	483b41a3b19a6666451cde4c12a40f6f
21040	3c15c013c597136b9540e77ebc0d58ef	f9f860ec9549de804e8dda1820b628bd	483b41a3b19a6666451cde4c12a40f6f
21041	3c15c013c597136b9540e77ebc0d58ef	f9f860ec9549de804e8dda1820b628bd	483b41a3b19a6666451cde4c12a40f6f
21042	ba4840602aa8e12fd2b98407d0cdbe17	04090ca846e44cf7cda257b8367b3ba8	949e7e05a667695fd06bead38e92b056
21043	ba4840602aa8e12fd2b98407d0cdbe17	04090ca846e44cf7cda257b8367b3ba8	949e7e05a667695fd06bead38e92b056
21044	ba4840602aa8e12fd2b98407d0cdbe17	04090ca846e44cf7cda257b8367b3ba8	949e7e05a667695fd06bead38e92b056
21045	3c15c013c597136b9540e77ebc0d58ef	f9f860ec9549de804e8dda1820b628bd	483b41a3b19a6666451cde4c12a40f6f
21046	ba4840602aa8e12fd2b98407d0cdbe17	04090ca846e44cf7cda257b8367b3ba8	949e7e05a667695fd06bead38e92b056
21047	71f6b76f5b9e51ad452ae0b4d4c357e7	f0c41449e531365788110533c3797202	7e3f35faefd697961312239eda75c337
21048	71f6b76f5b9e51ad452ae0b4d4c357e7	f0c41449e531365788110533c3797202	7e3f35faefd697961312239eda75c337
21049	71f6b76f5b9e51ad452ae0b4d4c357e7	f0c41449e531365788110533c3797202	7e3f35faefd697961312239eda75c337
21050	71f6b76f5b9e51ad452ae0b4d4c357e7	f0c41449e531365788110533c3797202	7e3f35faefd697961312239eda75c337
21051	71f6b76f5b9e51ad452ae0b4d4c357e7	f0c41449e531365788110533c3797202	7e3f35faefd697961312239eda75c337
21052	ac7532ba358f05d1fa382407f049cdf4	e7b2992a6026e0f38436e499e6f0cad6	2c51b5296b93b1130ac736487709406b
21053	ac7532ba358f05d1fa382407f049cdf4	e7b2992a6026e0f38436e499e6f0cad6	2c51b5296b93b1130ac736487709406b
21054	ac7532ba358f05d1fa382407f049cdf4	e7b2992a6026e0f38436e499e6f0cad6	2c51b5296b93b1130ac736487709406b
21055	ac7532ba358f05d1fa382407f049cdf4	e7b2992a6026e0f38436e499e6f0cad6	2c51b5296b93b1130ac736487709406b
21056	ac7532ba358f05d1fa382407f049cdf4	e7b2992a6026e0f38436e499e6f0cad6	2c51b5296b93b1130ac736487709406b
21057	ac7532ba358f05d1fa382407f049cdf4	e7b2992a6026e0f38436e499e6f0cad6	2c51b5296b93b1130ac736487709406b
21058	ac7532ba358f05d1fa382407f049cdf4	e7b2992a6026e0f38436e499e6f0cad6	2c51b5296b93b1130ac736487709406b
21059	ac7532ba358f05d1fa382407f049cdf4	e7b2992a6026e0f38436e499e6f0cad6	2c51b5296b93b1130ac736487709406b
21060	ac7532ba358f05d1fa382407f049cdf4	e7b2992a6026e0f38436e499e6f0cad6	2c51b5296b93b1130ac736487709406b
21061	ac7532ba358f05d1fa382407f049cdf4	e7b2992a6026e0f38436e499e6f0cad6	2c51b5296b93b1130ac736487709406b
21062	ac7532ba358f05d1fa382407f049cdf4	e7b2992a6026e0f38436e499e6f0cad6	2c51b5296b93b1130ac736487709406b
21063	7475afe98cb449192df6dd9194210dfd	51c18b57af94efdcd9915a575f054b4d	fe690e318c79df5ec7a2210c7ddb580c
21064	e15367d46063f9817bb77ec55e24d8ac	b5e234692372bb40a770957ff6bbcdfb	1b1ef57880bcfb46f6b0378757702bb4
21065	e15367d46063f9817bb77ec55e24d8ac	b5e234692372bb40a770957ff6bbcdfb	1b1ef57880bcfb46f6b0378757702bb4
21066	e15367d46063f9817bb77ec55e24d8ac	b5e234692372bb40a770957ff6bbcdfb	1b1ef57880bcfb46f6b0378757702bb4
21067	e15367d46063f9817bb77ec55e24d8ac	b5e234692372bb40a770957ff6bbcdfb	1b1ef57880bcfb46f6b0378757702bb4
21068	e15367d46063f9817bb77ec55e24d8ac	b5e234692372bb40a770957ff6bbcdfb	1b1ef57880bcfb46f6b0378757702bb4
21069	e15367d46063f9817bb77ec55e24d8ac	b5e234692372bb40a770957ff6bbcdfb	1b1ef57880bcfb46f6b0378757702bb4
21070	e15367d46063f9817bb77ec55e24d8ac	b5e234692372bb40a770957ff6bbcdfb	1b1ef57880bcfb46f6b0378757702bb4
21071	e3da831cc6d50279df0023d97b9c5d8e	48d464e63885fc2d5ca65c7a8b868ff3	f83e9545d4dae968cbb0c1c3373fe65d
21072	e3da831cc6d50279df0023d97b9c5d8e	48d464e63885fc2d5ca65c7a8b868ff3	f83e9545d4dae968cbb0c1c3373fe65d
21073	e3da831cc6d50279df0023d97b9c5d8e	48d464e63885fc2d5ca65c7a8b868ff3	f83e9545d4dae968cbb0c1c3373fe65d
21074	2f8ec50e53cba6b99c12b0721d485148	a848874fc4a4a5cb0530997f2feeb209	0830b30657f567a57a79dec42de5f879
21075	57ba8cc5d75bb31ea9955b49c535f5e4	3a42cfacefb8cdd875695285d9ef4d23	b058b3ec44768a8476e71cdbb771a8f4
21076	e3da831cc6d50279df0023d97b9c5d8e	48d464e63885fc2d5ca65c7a8b868ff3	f83e9545d4dae968cbb0c1c3373fe65d
21077	e3da831cc6d50279df0023d97b9c5d8e	48d464e63885fc2d5ca65c7a8b868ff3	f83e9545d4dae968cbb0c1c3373fe65d
21078	e3da831cc6d50279df0023d97b9c5d8e	48d464e63885fc2d5ca65c7a8b868ff3	f83e9545d4dae968cbb0c1c3373fe65d
21079	fe693472452b97ffcd9ad118bb5756bc	4b89f0d77655b95428beb54a6d3d0b35	f9275759ada86f3686ff92a3928d6962
21080	a129c8377e53500abf524761b8a9726e	a7d98c609907dc7ddd270f66844138ba	21f5f184a91a90425c154342496bd8c4
21081	28aaddbe0f996dcf10cbfef0be7f7ce4	f2f330431e272d69aa89870136e2be46	6010cc95074731ec98f7981092d4abf0
21082	28aaddbe0f996dcf10cbfef0be7f7ce4	f2f330431e272d69aa89870136e2be46	6010cc95074731ec98f7981092d4abf0
21083	28aaddbe0f996dcf10cbfef0be7f7ce4	f2f330431e272d69aa89870136e2be46	6010cc95074731ec98f7981092d4abf0
21084	28aaddbe0f996dcf10cbfef0be7f7ce4	f2f330431e272d69aa89870136e2be46	6010cc95074731ec98f7981092d4abf0
21085	28aaddbe0f996dcf10cbfef0be7f7ce4	f2f330431e272d69aa89870136e2be46	6010cc95074731ec98f7981092d4abf0
21086	28aaddbe0f996dcf10cbfef0be7f7ce4	f2f330431e272d69aa89870136e2be46	6010cc95074731ec98f7981092d4abf0
21087	28aaddbe0f996dcf10cbfef0be7f7ce4	f2f330431e272d69aa89870136e2be46	6010cc95074731ec98f7981092d4abf0
21088	234a627d1e820b6f257672a25adab4ef	5322fcf3ee3c0b8f31730e89e5bd03bd	261d65eaa3fe3489f4b0a94dbc09aca9
21089	234a627d1e820b6f257672a25adab4ef	5322fcf3ee3c0b8f31730e89e5bd03bd	261d65eaa3fe3489f4b0a94dbc09aca9
21090	4cc81c20f08b5a55b47e164e2a67c1fc	7962521159a25a57cb9f726281510101	4a9c9813ed0eb51d0cd6aeb1edc6879d
21091	f1d8c727749e5dfe0b20df93f48947d1	88297e9371d5d9714cc53c0a48eee5f1	e1974996d983e313b62c243086a9aafd
21092	f1d8c727749e5dfe0b20df93f48947d1	34eeaf13e196e2d6af35e3642d351587	32fd56a9ba374230594ec51087c99b63
21093	9b21f49d60f3aa53e029aab02871145a	aae52e4935dfa6354fd42158f3bed9cd	2e15717bee4df4986532b461d5c50a19
21094	9b21f49d60f3aa53e029aab02871145a	aae52e4935dfa6354fd42158f3bed9cd	2e15717bee4df4986532b461d5c50a19
21095	9b21f49d60f3aa53e029aab02871145a	aae52e4935dfa6354fd42158f3bed9cd	2e15717bee4df4986532b461d5c50a19
21096	9b21f49d60f3aa53e029aab02871145a	aae52e4935dfa6354fd42158f3bed9cd	2e15717bee4df4986532b461d5c50a19
21097	9b21f49d60f3aa53e029aab02871145a	aae52e4935dfa6354fd42158f3bed9cd	2e15717bee4df4986532b461d5c50a19
21098	9b21f49d60f3aa53e029aab02871145a	aae52e4935dfa6354fd42158f3bed9cd	2e15717bee4df4986532b461d5c50a19
21099	9b21f49d60f3aa53e029aab02871145a	aae52e4935dfa6354fd42158f3bed9cd	2e15717bee4df4986532b461d5c50a19
21100	9b21f49d60f3aa53e029aab02871145a	aae52e4935dfa6354fd42158f3bed9cd	2e15717bee4df4986532b461d5c50a19
21101	9b21f49d60f3aa53e029aab02871145a	aae52e4935dfa6354fd42158f3bed9cd	2e15717bee4df4986532b461d5c50a19
21102	9b21f49d60f3aa53e029aab02871145a	aae52e4935dfa6354fd42158f3bed9cd	2e15717bee4df4986532b461d5c50a19
21103	9b21f49d60f3aa53e029aab02871145a	aae52e4935dfa6354fd42158f3bed9cd	2e15717bee4df4986532b461d5c50a19
21104	9b21f49d60f3aa53e029aab02871145a	aae52e4935dfa6354fd42158f3bed9cd	2e15717bee4df4986532b461d5c50a19
21105	9b21f49d60f3aa53e029aab02871145a	aae52e4935dfa6354fd42158f3bed9cd	2e15717bee4df4986532b461d5c50a19
21106	9b21f49d60f3aa53e029aab02871145a	aae52e4935dfa6354fd42158f3bed9cd	2e15717bee4df4986532b461d5c50a19
21107	9b21f49d60f3aa53e029aab02871145a	aae52e4935dfa6354fd42158f3bed9cd	2e15717bee4df4986532b461d5c50a19
21108	9b21f49d60f3aa53e029aab02871145a	aae52e4935dfa6354fd42158f3bed9cd	2e15717bee4df4986532b461d5c50a19
21109	9b21f49d60f3aa53e029aab02871145a	aae52e4935dfa6354fd42158f3bed9cd	2e15717bee4df4986532b461d5c50a19
21110	b12bcfe44db5fe87fb2fd871994393d5	7eb70f92a4276b0a10fb8e9db0b4b843	70746816a9a5be498c5f2d75b174407a
21111	b12bcfe44db5fe87fb2fd871994393d5	7eb70f92a4276b0a10fb8e9db0b4b843	70746816a9a5be498c5f2d75b174407a
21112	b12bcfe44db5fe87fb2fd871994393d5	7eb70f92a4276b0a10fb8e9db0b4b843	70746816a9a5be498c5f2d75b174407a
21113	3c122f38477856a95d5a925c5c093a3d	706f33c3cec7c55c34d3a76e1dc4cf25	adaaaf9a3551fbf9c04f24472e7c3533
21114	3c122f38477856a95d5a925c5c093a3d	fb67d0b6c50dcf95b49e13f8783f02b0	bd6df604a41348b3497e35fafa190bf2
21115	55c095348a7d1e064d7be69415eceb07	9e867c18190a0b275a47a38d21016407	ffe92c6aa8482875cf7a3793689bb6c0
21116	55c095348a7d1e064d7be69415eceb07	9e867c18190a0b275a47a38d21016407	ffe92c6aa8482875cf7a3793689bb6c0
21117	3974dea9d1e2d4f4eee440b4155d7722	477c27831a462f654a1f6756b16b3b4e	1c6ffed4f0347676f7d1ba817732aa80
21118	3974dea9d1e2d4f4eee440b4155d7722	477c27831a462f654a1f6756b16b3b4e	1c6ffed4f0347676f7d1ba817732aa80
21119	3974dea9d1e2d4f4eee440b4155d7722	477c27831a462f654a1f6756b16b3b4e	1c6ffed4f0347676f7d1ba817732aa80
21120	b56f2b7e54f9e067a07892f0083d992a	8dcb2780de9b5e0d97550a96cc1690b9	d4fe35b241842a30db66d48b724c32b9
21121	b56f2b7e54f9e067a07892f0083d992a	8dcb2780de9b5e0d97550a96cc1690b9	d4fe35b241842a30db66d48b724c32b9
21122	d0c81f2f9d83fde5226f353f65777329	dd28479c6b4430da9a590fd969c89fdd	33ecfbe966bfb07623dc8464485debc1
21123	d0c81f2f9d83fde5226f353f65777329	dd28479c6b4430da9a590fd969c89fdd	33ecfbe966bfb07623dc8464485debc1
21124	d0c81f2f9d83fde5226f353f65777329	dd28479c6b4430da9a590fd969c89fdd	33ecfbe966bfb07623dc8464485debc1
21125	d0c81f2f9d83fde5226f353f65777329	dd28479c6b4430da9a590fd969c89fdd	33ecfbe966bfb07623dc8464485debc1
21126	d0c81f2f9d83fde5226f353f65777329	dd28479c6b4430da9a590fd969c89fdd	33ecfbe966bfb07623dc8464485debc1
21127	d0c81f2f9d83fde5226f353f65777329	dd28479c6b4430da9a590fd969c89fdd	33ecfbe966bfb07623dc8464485debc1
21128	d0c81f2f9d83fde5226f353f65777329	dd28479c6b4430da9a590fd969c89fdd	33ecfbe966bfb07623dc8464485debc1
21129	dcd0e2e50d7f84f6037b388df6f9fc8e	17cd5659bd203033a2a92a51556961a1	5a98167d6d767a0073296786ca161203
21130	dcd0e2e50d7f84f6037b388df6f9fc8e	17cd5659bd203033a2a92a51556961a1	5a98167d6d767a0073296786ca161203
21131	dcd0e2e50d7f84f6037b388df6f9fc8e	17cd5659bd203033a2a92a51556961a1	5a98167d6d767a0073296786ca161203
21132	dcd0e2e50d7f84f6037b388df6f9fc8e	17cd5659bd203033a2a92a51556961a1	5a98167d6d767a0073296786ca161203
21133	dcd0e2e50d7f84f6037b388df6f9fc8e	17cd5659bd203033a2a92a51556961a1	5a98167d6d767a0073296786ca161203
21134	0196a61081d9af0ce1598d5608e0995a	1d2f23363062aff13197556b65382feb	887cbb42490bba9f1a1171ec76968f49
21135	0196a61081d9af0ce1598d5608e0995a	1d2f23363062aff13197556b65382feb	887cbb42490bba9f1a1171ec76968f49
21136	0196a61081d9af0ce1598d5608e0995a	1d2f23363062aff13197556b65382feb	887cbb42490bba9f1a1171ec76968f49
21137	0196a61081d9af0ce1598d5608e0995a	9af551ac85227e798fea958fa4f888ae	714bdf10bbdc50a133e385bdb5d60962
21138	0196a61081d9af0ce1598d5608e0995a	9af551ac85227e798fea958fa4f888ae	714bdf10bbdc50a133e385bdb5d60962
21139	2babd81c225fe08bf44c29335efa11b9	7313b6b40d03b26e87f9587541b1c95d	9f9b220052c925743758d1d7a2127297
21140	2babd81c225fe08bf44c29335efa11b9	7313b6b40d03b26e87f9587541b1c95d	9f9b220052c925743758d1d7a2127297
21141	4955941d181c3c5a1a9a42d3f2407fa1	318345cbd0a7617fffcbb7626b8c55a4	06a1e3859148a223ee2ec1340e9b27f7
21142	4955941d181c3c5a1a9a42d3f2407fa1	318345cbd0a7617fffcbb7626b8c55a4	06a1e3859148a223ee2ec1340e9b27f7
21143	4955941d181c3c5a1a9a42d3f2407fa1	318345cbd0a7617fffcbb7626b8c55a4	06a1e3859148a223ee2ec1340e9b27f7
21144	4955941d181c3c5a1a9a42d3f2407fa1	318345cbd0a7617fffcbb7626b8c55a4	06a1e3859148a223ee2ec1340e9b27f7
21145	4955941d181c3c5a1a9a42d3f2407fa1	318345cbd0a7617fffcbb7626b8c55a4	06a1e3859148a223ee2ec1340e9b27f7
21146	6e579c5ddc7c3fd0e1ebfe1c952eae24	f9ee92d8a8b77399819dc2de474975af	a8a26780ffcf64eeaece73e0f0347eef
21147	6e579c5ddc7c3fd0e1ebfe1c952eae24	f9ee92d8a8b77399819dc2de474975af	a8a26780ffcf64eeaece73e0f0347eef
21148	6e579c5ddc7c3fd0e1ebfe1c952eae24	f9ee92d8a8b77399819dc2de474975af	a8a26780ffcf64eeaece73e0f0347eef
21149	6e579c5ddc7c3fd0e1ebfe1c952eae24	f9ee92d8a8b77399819dc2de474975af	a8a26780ffcf64eeaece73e0f0347eef
21150	6e579c5ddc7c3fd0e1ebfe1c952eae24	f9ee92d8a8b77399819dc2de474975af	a8a26780ffcf64eeaece73e0f0347eef
21151	25aea4c070f55f0a644ed41136835ff3	ee0a55455eda89ce26232dd077400549	665f4090937f610af354be2df9808d31
21152	25aea4c070f55f0a644ed41136835ff3	ee0a55455eda89ce26232dd077400549	665f4090937f610af354be2df9808d31
21153	25aea4c070f55f0a644ed41136835ff3	ee0a55455eda89ce26232dd077400549	665f4090937f610af354be2df9808d31
21154	e8b47882edc03bcae5e611a7bf8354c0	e4bf937c9c6825bb77634fbf0d7145e1	c8a60dbf4e16e10f14ce144ed3b2ff91
21155	e8b47882edc03bcae5e611a7bf8354c0	e4bf937c9c6825bb77634fbf0d7145e1	c8a60dbf4e16e10f14ce144ed3b2ff91
21156	7d5332ead030f2f21aa2d3435ba5e7e1	58888f90ff83405ca166cdc38ca1d7ee	edaa68dc226f9229a84c3b4552de14c7
21157	7d5332ead030f2f21aa2d3435ba5e7e1	7f312861a3cd28976ff4bd6a46e3f477	bc8f784493b6fbbd2b71a3d65f13baeb
21158	d5856df9d5e0444cc155c7f840bdc021	bf6354ea48dcec213dad3131050892e4	77014c1df49ceb4d0692b608590187ec
21159	d5856df9d5e0444cc155c7f840bdc021	bf6354ea48dcec213dad3131050892e4	77014c1df49ceb4d0692b608590187ec
21160	d5856df9d5e0444cc155c7f840bdc021	bf6354ea48dcec213dad3131050892e4	77014c1df49ceb4d0692b608590187ec
21161	d5856df9d5e0444cc155c7f840bdc021	bf6354ea48dcec213dad3131050892e4	77014c1df49ceb4d0692b608590187ec
21162	d5856df9d5e0444cc155c7f840bdc021	bf6354ea48dcec213dad3131050892e4	77014c1df49ceb4d0692b608590187ec
21163	a6cd813ed9baa3c63eb1fe0c064de61b	db0ba762e275cb8bf69473c980e97514	bcd962bfda932044c988bd91928ae33a
21164	a6cd813ed9baa3c63eb1fe0c064de61b	db0ba762e275cb8bf69473c980e97514	bcd962bfda932044c988bd91928ae33a
21165	a6cd813ed9baa3c63eb1fe0c064de61b	db0ba762e275cb8bf69473c980e97514	bcd962bfda932044c988bd91928ae33a
21166	a6cd813ed9baa3c63eb1fe0c064de61b	db0ba762e275cb8bf69473c980e97514	bcd962bfda932044c988bd91928ae33a
21167	a6cd813ed9baa3c63eb1fe0c064de61b	db0ba762e275cb8bf69473c980e97514	bcd962bfda932044c988bd91928ae33a
21168	a6cd813ed9baa3c63eb1fe0c064de61b	db0ba762e275cb8bf69473c980e97514	bcd962bfda932044c988bd91928ae33a
21169	a6cd813ed9baa3c63eb1fe0c064de61b	db0ba762e275cb8bf69473c980e97514	bcd962bfda932044c988bd91928ae33a
21170	91f45dad92254a5bcc2256f2e11fc246	04df7d20383dd0b09002c938ecfe06b3	a8aac93a2c24449ce152795d36ba5fd5
21171	91f45dad92254a5bcc2256f2e11fc246	8482a590ebb4e2f68c0b19094305d1cf	017e30198cb9dc8abdeba5f994a87f91
21172	91f45dad92254a5bcc2256f2e11fc246	8482a590ebb4e2f68c0b19094305d1cf	017e30198cb9dc8abdeba5f994a87f91
21173	91f45dad92254a5bcc2256f2e11fc246	8482a590ebb4e2f68c0b19094305d1cf	017e30198cb9dc8abdeba5f994a87f91
21174	91f45dad92254a5bcc2256f2e11fc246	8482a590ebb4e2f68c0b19094305d1cf	017e30198cb9dc8abdeba5f994a87f91
21175	91f45dad92254a5bcc2256f2e11fc246	8482a590ebb4e2f68c0b19094305d1cf	017e30198cb9dc8abdeba5f994a87f91
21176	91f45dad92254a5bcc2256f2e11fc246	8482a590ebb4e2f68c0b19094305d1cf	017e30198cb9dc8abdeba5f994a87f91
21177	91f45dad92254a5bcc2256f2e11fc246	8482a590ebb4e2f68c0b19094305d1cf	017e30198cb9dc8abdeba5f994a87f91
21178	91f45dad92254a5bcc2256f2e11fc246	04df7d20383dd0b09002c938ecfe06b3	a8aac93a2c24449ce152795d36ba5fd5
21179	91f45dad92254a5bcc2256f2e11fc246	8482a590ebb4e2f68c0b19094305d1cf	017e30198cb9dc8abdeba5f994a87f91
21180	66a9525fbc979de760104a30fc075dff	7c9a2bd8b3ecbe962b0b398f416d6312	17ddd9d29add7611030bdd8b733d38c8
21181	66a9525fbc979de760104a30fc075dff	7c9a2bd8b3ecbe962b0b398f416d6312	17ddd9d29add7611030bdd8b733d38c8
21182	66a9525fbc979de760104a30fc075dff	7c9a2bd8b3ecbe962b0b398f416d6312	17ddd9d29add7611030bdd8b733d38c8
21183	66a9525fbc979de760104a30fc075dff	7c9a2bd8b3ecbe962b0b398f416d6312	17ddd9d29add7611030bdd8b733d38c8
21184	66a9525fbc979de760104a30fc075dff	7c9a2bd8b3ecbe962b0b398f416d6312	17ddd9d29add7611030bdd8b733d38c8
21185	66a9525fbc979de760104a30fc075dff	7c9a2bd8b3ecbe962b0b398f416d6312	17ddd9d29add7611030bdd8b733d38c8
21186	66a9525fbc979de760104a30fc075dff	7c9a2bd8b3ecbe962b0b398f416d6312	17ddd9d29add7611030bdd8b733d38c8
21187	7b2482fa141a63f956cd42de3696209f	a4649c46df7963d1beaefa9beea6d89d	d9de6a5013688b56969d7f3f64778f47
21188	7b2482fa141a63f956cd42de3696209f	a4649c46df7963d1beaefa9beea6d89d	d9de6a5013688b56969d7f3f64778f47
21189	7b2482fa141a63f956cd42de3696209f	a4649c46df7963d1beaefa9beea6d89d	d9de6a5013688b56969d7f3f64778f47
21190	bd0fbdd958be12fc13687fd5239367eb	9dae60bcf9caeb65c1f0fff2f10bdf31	fcabada98717f9744aa6d8ec7cf01457
21191	78cc5aaf376eab6555afea8a19226777	126558622c836b3c238faa2f48eac135	a20214c2e5e22275ca19fa15814fdd07
21192	5ab399e43e15a097bb3e30b4cf76944f	6af7a7631a186655ed2aa28b1dac41e2	d2cba08340fc9615cac1a9234a77b3d4
21193	5ab399e43e15a097bb3e30b4cf76944f	6af7a7631a186655ed2aa28b1dac41e2	d2cba08340fc9615cac1a9234a77b3d4
21194	5ab399e43e15a097bb3e30b4cf76944f	6af7a7631a186655ed2aa28b1dac41e2	d2cba08340fc9615cac1a9234a77b3d4
21195	5ab399e43e15a097bb3e30b4cf76944f	6af7a7631a186655ed2aa28b1dac41e2	d2cba08340fc9615cac1a9234a77b3d4
21196	5ab399e43e15a097bb3e30b4cf76944f	6af7a7631a186655ed2aa28b1dac41e2	d2cba08340fc9615cac1a9234a77b3d4
21197	5ab399e43e15a097bb3e30b4cf76944f	6af7a7631a186655ed2aa28b1dac41e2	d2cba08340fc9615cac1a9234a77b3d4
21198	5ab399e43e15a097bb3e30b4cf76944f	6af7a7631a186655ed2aa28b1dac41e2	d2cba08340fc9615cac1a9234a77b3d4
21199	ec7da9dcc18d88af48070f5acfd2fdfa	bbb69a7739d8ffda813a8e519bae59a1	3751a3c36f0154f685e0924f6e5f3ec7
21200	ec7da9dcc18d88af48070f5acfd2fdfa	bbb69a7739d8ffda813a8e519bae59a1	3751a3c36f0154f685e0924f6e5f3ec7
21201	ec7da9dcc18d88af48070f5acfd2fdfa	bbb69a7739d8ffda813a8e519bae59a1	3751a3c36f0154f685e0924f6e5f3ec7
21202	ec7da9dcc18d88af48070f5acfd2fdfa	bbb69a7739d8ffda813a8e519bae59a1	3751a3c36f0154f685e0924f6e5f3ec7
21203	ec7da9dcc18d88af48070f5acfd2fdfa	bbb69a7739d8ffda813a8e519bae59a1	3751a3c36f0154f685e0924f6e5f3ec7
21204	d45f4b34cad9031f7f64659ca5b87d08	7545c143ea479ac9a13173f633efa2d1	0b31fb784c1bf2dde28d781efd4cb795
21205	d45f4b34cad9031f7f64659ca5b87d08	7545c143ea479ac9a13173f633efa2d1	0b31fb784c1bf2dde28d781efd4cb795
21206	d45f4b34cad9031f7f64659ca5b87d08	7545c143ea479ac9a13173f633efa2d1	0b31fb784c1bf2dde28d781efd4cb795
21207	d45f4b34cad9031f7f64659ca5b87d08	7545c143ea479ac9a13173f633efa2d1	0b31fb784c1bf2dde28d781efd4cb795
21208	d45f4b34cad9031f7f64659ca5b87d08	7545c143ea479ac9a13173f633efa2d1	0b31fb784c1bf2dde28d781efd4cb795
21209	d45f4b34cad9031f7f64659ca5b87d08	7545c143ea479ac9a13173f633efa2d1	0b31fb784c1bf2dde28d781efd4cb795
21210	d45f4b34cad9031f7f64659ca5b87d08	7545c143ea479ac9a13173f633efa2d1	0b31fb784c1bf2dde28d781efd4cb795
21211	d45f4b34cad9031f7f64659ca5b87d08	7545c143ea479ac9a13173f633efa2d1	0b31fb784c1bf2dde28d781efd4cb795
21212	d45f4b34cad9031f7f64659ca5b87d08	7545c143ea479ac9a13173f633efa2d1	0b31fb784c1bf2dde28d781efd4cb795
21213	d45f4b34cad9031f7f64659ca5b87d08	7545c143ea479ac9a13173f633efa2d1	0b31fb784c1bf2dde28d781efd4cb795
21214	d45f4b34cad9031f7f64659ca5b87d08	7545c143ea479ac9a13173f633efa2d1	0b31fb784c1bf2dde28d781efd4cb795
21215	d45f4b34cad9031f7f64659ca5b87d08	7545c143ea479ac9a13173f633efa2d1	0b31fb784c1bf2dde28d781efd4cb795
21216	d45f4b34cad9031f7f64659ca5b87d08	7545c143ea479ac9a13173f633efa2d1	0b31fb784c1bf2dde28d781efd4cb795
21217	d45f4b34cad9031f7f64659ca5b87d08	7545c143ea479ac9a13173f633efa2d1	0b31fb784c1bf2dde28d781efd4cb795
21218	d45f4b34cad9031f7f64659ca5b87d08	7545c143ea479ac9a13173f633efa2d1	0b31fb784c1bf2dde28d781efd4cb795
21219	d45f4b34cad9031f7f64659ca5b87d08	7545c143ea479ac9a13173f633efa2d1	0b31fb784c1bf2dde28d781efd4cb795
21220	d45f4b34cad9031f7f64659ca5b87d08	7545c143ea479ac9a13173f633efa2d1	0b31fb784c1bf2dde28d781efd4cb795
21221	88d7857aa5067a05bd0eb2ab196b1506	fddd39163648d521aa085c0380405537	d3dae2939b7150355990920429a6b15e
21222	88d7857aa5067a05bd0eb2ab196b1506	fddd39163648d521aa085c0380405537	d3dae2939b7150355990920429a6b15e
21223	88d7857aa5067a05bd0eb2ab196b1506	fddd39163648d521aa085c0380405537	d3dae2939b7150355990920429a6b15e
21224	88d7857aa5067a05bd0eb2ab196b1506	fddd39163648d521aa085c0380405537	d3dae2939b7150355990920429a6b15e
21225	88d7857aa5067a05bd0eb2ab196b1506	fddd39163648d521aa085c0380405537	d3dae2939b7150355990920429a6b15e
21226	88d7857aa5067a05bd0eb2ab196b1506	fddd39163648d521aa085c0380405537	d3dae2939b7150355990920429a6b15e
21227	88d7857aa5067a05bd0eb2ab196b1506	fddd39163648d521aa085c0380405537	d3dae2939b7150355990920429a6b15e
21228	b320a404f56f82d317142c9ccf6a7ef3	1a3b43552b621a7335da20e385599911	c649523964b975dd87a5b96b6f614c8d
21229	b320a404f56f82d317142c9ccf6a7ef3	1a3b43552b621a7335da20e385599911	c649523964b975dd87a5b96b6f614c8d
21230	b320a404f56f82d317142c9ccf6a7ef3	1a3b43552b621a7335da20e385599911	c649523964b975dd87a5b96b6f614c8d
21231	71eb7bb775b80729941e3928e255b826	b732259576bbd449b1012c4a1057e321	1274121a257882e80048d9c488cf7a0c
21232	71eb7bb775b80729941e3928e255b826	b732259576bbd449b1012c4a1057e321	1274121a257882e80048d9c488cf7a0c
21233	ee82e24f16ef659da2c04d19a3f7eec1	b67670793fab5b9115fe7c2d7438e753	5349b84161a7de5426f206c4ff5f9a38
21234	b77e2d67a2250023f582caebacbfed6f	db582d4089492958f229f2cb5b20d15f	d917f2ac3a52a5793d1a97a4ae0b5edc
21235	cd26090f8a91cba9d1ef0153da1b2cd0	d57b1d150480e9aa1c32a65ead495eb6	fb559d83bef34c2fb21593f58e9b8bed
21236	00eefd1115e34c5256c2bcb540d528c8	317bd3311ed03ba39b7463bc287e2a92	bf4d329f1724865b81017876533d2bc8
21237	00eefd1115e34c5256c2bcb540d528c8	317bd3311ed03ba39b7463bc287e2a92	bf4d329f1724865b81017876533d2bc8
21238	00eefd1115e34c5256c2bcb540d528c8	317bd3311ed03ba39b7463bc287e2a92	bf4d329f1724865b81017876533d2bc8
21239	00eefd1115e34c5256c2bcb540d528c8	317bd3311ed03ba39b7463bc287e2a92	bf4d329f1724865b81017876533d2bc8
21240	19e9a4bcc971a344746fbef056f54749	12cead82d815e2500df2de8b6f798a67	e0a96b697e1626f0132621f2b649a27d
21241	19e9a4bcc971a344746fbef056f54749	12cead82d815e2500df2de8b6f798a67	e0a96b697e1626f0132621f2b649a27d
21242	19e9a4bcc971a344746fbef056f54749	12cead82d815e2500df2de8b6f798a67	e0a96b697e1626f0132621f2b649a27d
21243	19e9a4bcc971a344746fbef056f54749	12cead82d815e2500df2de8b6f798a67	e0a96b697e1626f0132621f2b649a27d
21244	19e9a4bcc971a344746fbef056f54749	12cead82d815e2500df2de8b6f798a67	e0a96b697e1626f0132621f2b649a27d
21245	57c42d7800c2036d1e963a78945e6224	e52fc988a61576f5a93950cd72637d44	15daac54a316fd6078d4b31f55e0082c
21246	57c42d7800c2036d1e963a78945e6224	e52fc988a61576f5a93950cd72637d44	15daac54a316fd6078d4b31f55e0082c
21247	57c42d7800c2036d1e963a78945e6224	e52fc988a61576f5a93950cd72637d44	15daac54a316fd6078d4b31f55e0082c
21248	57c42d7800c2036d1e963a78945e6224	e52fc988a61576f5a93950cd72637d44	15daac54a316fd6078d4b31f55e0082c
21249	222f52a5394394ce7e9f7264f445a433	a324ad4be2dafdbbd9f3d8239a690e88	7b5e72ea4913179a8d893a7ae3e152f0
21250	0a49e615f76068b067c66f302e2d9756	366b217bcef452c947b0a300ba5b3abe	bc2cc79dfad0f8801530efd61ea10345
21251	0a49e615f76068b067c66f302e2d9756	366b217bcef452c947b0a300ba5b3abe	bc2cc79dfad0f8801530efd61ea10345
21252	0a49e615f76068b067c66f302e2d9756	366b217bcef452c947b0a300ba5b3abe	bc2cc79dfad0f8801530efd61ea10345
21253	0a49e615f76068b067c66f302e2d9756	366b217bcef452c947b0a300ba5b3abe	bc2cc79dfad0f8801530efd61ea10345
21254	0a49e615f76068b067c66f302e2d9756	366b217bcef452c947b0a300ba5b3abe	bc2cc79dfad0f8801530efd61ea10345
21255	0a49e615f76068b067c66f302e2d9756	366b217bcef452c947b0a300ba5b3abe	bc2cc79dfad0f8801530efd61ea10345
21256	0a49e615f76068b067c66f302e2d9756	366b217bcef452c947b0a300ba5b3abe	bc2cc79dfad0f8801530efd61ea10345
21257	26798fc3447b8e2ab8078213bd00dd56	774222bdaeea5f54cae1843798241fc5	aaf5124921a42d21bb1542b1e0e3fedb
21258	d49d44378425885ae954b6638bd34caf	aa618550693d22ab0db07d0f17a30285	4a3e823522b4f1a222e3a105bcb05f5e
21259	d49d44378425885ae954b6638bd34caf	aa618550693d22ab0db07d0f17a30285	4a3e823522b4f1a222e3a105bcb05f5e
21260	f38c459b542edf53c77b4f2b02c3e0ce	b441660abd241e654aabfca2734ad21d	1d2e2c0add75f29c349a48851288d8d6
21261	f38c459b542edf53c77b4f2b02c3e0ce	b441660abd241e654aabfca2734ad21d	1d2e2c0add75f29c349a48851288d8d6
21262	3775af6d0b675d98a12f33afae2df474	ff4e745b93419ca6b13b691d7c9b9235	f3dd5f59601957ab2d4f9045585e1b94
21263	3775af6d0b675d98a12f33afae2df474	ff4e745b93419ca6b13b691d7c9b9235	f3dd5f59601957ab2d4f9045585e1b94
21264	3775af6d0b675d98a12f33afae2df474	ff4e745b93419ca6b13b691d7c9b9235	f3dd5f59601957ab2d4f9045585e1b94
21265	3775af6d0b675d98a12f33afae2df474	ff4e745b93419ca6b13b691d7c9b9235	f3dd5f59601957ab2d4f9045585e1b94
21266	3775af6d0b675d98a12f33afae2df474	ff4e745b93419ca6b13b691d7c9b9235	f3dd5f59601957ab2d4f9045585e1b94
21267	3775af6d0b675d98a12f33afae2df474	ff4e745b93419ca6b13b691d7c9b9235	f3dd5f59601957ab2d4f9045585e1b94
21268	3775af6d0b675d98a12f33afae2df474	ff4e745b93419ca6b13b691d7c9b9235	f3dd5f59601957ab2d4f9045585e1b94
21269	1c251c8f81970261c74f20ab9fd1d353	2ec372059d74fd4652767c8862f4e898	1c031b98c3495dae22ec5943298aa147
21270	1c251c8f81970261c74f20ab9fd1d353	2ec372059d74fd4652767c8862f4e898	1c031b98c3495dae22ec5943298aa147
21271	1c251c8f81970261c74f20ab9fd1d353	2ec372059d74fd4652767c8862f4e898	1c031b98c3495dae22ec5943298aa147
21272	1c251c8f81970261c74f20ab9fd1d353	2ec372059d74fd4652767c8862f4e898	1c031b98c3495dae22ec5943298aa147
21273	1c251c8f81970261c74f20ab9fd1d353	2ec372059d74fd4652767c8862f4e898	1c031b98c3495dae22ec5943298aa147
21274	6e4f482a578bc5ca7556e73d8f78d0a6	8342e67ea224e03238790373106d564f	8e0b9649918929b609984169be8fec35
21275	6e4f482a578bc5ca7556e73d8f78d0a6	8342e67ea224e03238790373106d564f	8e0b9649918929b609984169be8fec35
21276	6e4f482a578bc5ca7556e73d8f78d0a6	8342e67ea224e03238790373106d564f	8e0b9649918929b609984169be8fec35
21277	6e4f482a578bc5ca7556e73d8f78d0a6	8342e67ea224e03238790373106d564f	8e0b9649918929b609984169be8fec35
21278	6e4f482a578bc5ca7556e73d8f78d0a6	8342e67ea224e03238790373106d564f	8e0b9649918929b609984169be8fec35
21279	6e4f482a578bc5ca7556e73d8f78d0a6	8342e67ea224e03238790373106d564f	8e0b9649918929b609984169be8fec35
21280	6e4f482a578bc5ca7556e73d8f78d0a6	8342e67ea224e03238790373106d564f	8e0b9649918929b609984169be8fec35
21281	c7b6813bd4e9e400a44e0e62a3ee541e	8720d2df992899694ae04d7441149e06	ce02c3f216d26842941d4dc33fc9ec8b
21282	c7b6813bd4e9e400a44e0e62a3ee541e	8720d2df992899694ae04d7441149e06	ce02c3f216d26842941d4dc33fc9ec8b
21283	c7b6813bd4e9e400a44e0e62a3ee541e	8720d2df992899694ae04d7441149e06	ce02c3f216d26842941d4dc33fc9ec8b
21284	c7b6813bd4e9e400a44e0e62a3ee541e	8720d2df992899694ae04d7441149e06	ce02c3f216d26842941d4dc33fc9ec8b
21285	c7b6813bd4e9e400a44e0e62a3ee541e	8720d2df992899694ae04d7441149e06	ce02c3f216d26842941d4dc33fc9ec8b
21286	f32ef2c88d76be53f815483b7ff173d5	d375daa34f6402f4920567c0fd448a42	78eba7736e50ce832fea6cc238b27034
21287	f32ef2c88d76be53f815483b7ff173d5	d375daa34f6402f4920567c0fd448a42	78eba7736e50ce832fea6cc238b27034
21288	f32ef2c88d76be53f815483b7ff173d5	d375daa34f6402f4920567c0fd448a42	78eba7736e50ce832fea6cc238b27034
21289	f32ef2c88d76be53f815483b7ff173d5	d375daa34f6402f4920567c0fd448a42	78eba7736e50ce832fea6cc238b27034
21290	f32ef2c88d76be53f815483b7ff173d5	d375daa34f6402f4920567c0fd448a42	78eba7736e50ce832fea6cc238b27034
21291	1198ed5c1d85ed82cb614f81c8151177	a058c6fe87245db9cc3249431467534f	d61aff19788842e4bb00a5d0b864eb29
21292	1198ed5c1d85ed82cb614f81c8151177	a058c6fe87245db9cc3249431467534f	d61aff19788842e4bb00a5d0b864eb29
21293	1198ed5c1d85ed82cb614f81c8151177	a058c6fe87245db9cc3249431467534f	d61aff19788842e4bb00a5d0b864eb29
21294	1198ed5c1d85ed82cb614f81c8151177	a058c6fe87245db9cc3249431467534f	d61aff19788842e4bb00a5d0b864eb29
21295	1198ed5c1d85ed82cb614f81c8151177	68cb36319d146d63af2161fb4f402f85	5b3c46f373accd54a263409e3c01c32f
21296	1198ed5c1d85ed82cb614f81c8151177	68cb36319d146d63af2161fb4f402f85	5b3c46f373accd54a263409e3c01c32f
21297	1198ed5c1d85ed82cb614f81c8151177	a058c6fe87245db9cc3249431467534f	d61aff19788842e4bb00a5d0b864eb29
21298	1198ed5c1d85ed82cb614f81c8151177	a058c6fe87245db9cc3249431467534f	d61aff19788842e4bb00a5d0b864eb29
21299	1198ed5c1d85ed82cb614f81c8151177	a058c6fe87245db9cc3249431467534f	d61aff19788842e4bb00a5d0b864eb29
21300	1198ed5c1d85ed82cb614f81c8151177	a058c6fe87245db9cc3249431467534f	d61aff19788842e4bb00a5d0b864eb29
21301	1198ed5c1d85ed82cb614f81c8151177	a058c6fe87245db9cc3249431467534f	d61aff19788842e4bb00a5d0b864eb29
21302	1198ed5c1d85ed82cb614f81c8151177	68cb36319d146d63af2161fb4f402f85	5b3c46f373accd54a263409e3c01c32f
21303	e6c2fb48d4f08e00e68fdaf1935a8fb3	1baabe3e33a8c40ff1cf2e48ef66f187	d2f12a2119a9109ad3eabccdc13ae70d
21304	e6c2fb48d4f08e00e68fdaf1935a8fb3	1baabe3e33a8c40ff1cf2e48ef66f187	d2f12a2119a9109ad3eabccdc13ae70d
21305	e6c2fb48d4f08e00e68fdaf1935a8fb3	1baabe3e33a8c40ff1cf2e48ef66f187	d2f12a2119a9109ad3eabccdc13ae70d
21306	e6c2fb48d4f08e00e68fdaf1935a8fb3	1baabe3e33a8c40ff1cf2e48ef66f187	d2f12a2119a9109ad3eabccdc13ae70d
21307	e6c2fb48d4f08e00e68fdaf1935a8fb3	1baabe3e33a8c40ff1cf2e48ef66f187	d2f12a2119a9109ad3eabccdc13ae70d
21308	e6c2fb48d4f08e00e68fdaf1935a8fb3	1baabe3e33a8c40ff1cf2e48ef66f187	d2f12a2119a9109ad3eabccdc13ae70d
21309	e6c2fb48d4f08e00e68fdaf1935a8fb3	1baabe3e33a8c40ff1cf2e48ef66f187	d2f12a2119a9109ad3eabccdc13ae70d
21310	219486bb52849e5751ff9a4b45dcd6fb	bcad9b91f5f9d461a32c3ecaa4d19f2e	25a61c1e1940e4c50865634d959f2357
21311	219486bb52849e5751ff9a4b45dcd6fb	bcad9b91f5f9d461a32c3ecaa4d19f2e	25a61c1e1940e4c50865634d959f2357
21312	219486bb52849e5751ff9a4b45dcd6fb	bcad9b91f5f9d461a32c3ecaa4d19f2e	25a61c1e1940e4c50865634d959f2357
21313	219486bb52849e5751ff9a4b45dcd6fb	bcad9b91f5f9d461a32c3ecaa4d19f2e	25a61c1e1940e4c50865634d959f2357
21314	219486bb52849e5751ff9a4b45dcd6fb	bcad9b91f5f9d461a32c3ecaa4d19f2e	25a61c1e1940e4c50865634d959f2357
21315	219486bb52849e5751ff9a4b45dcd6fb	bcad9b91f5f9d461a32c3ecaa4d19f2e	25a61c1e1940e4c50865634d959f2357
21316	219486bb52849e5751ff9a4b45dcd6fb	bcad9b91f5f9d461a32c3ecaa4d19f2e	25a61c1e1940e4c50865634d959f2357
21317	219486bb52849e5751ff9a4b45dcd6fb	bcad9b91f5f9d461a32c3ecaa4d19f2e	25a61c1e1940e4c50865634d959f2357
21318	219486bb52849e5751ff9a4b45dcd6fb	bcad9b91f5f9d461a32c3ecaa4d19f2e	25a61c1e1940e4c50865634d959f2357
21319	219486bb52849e5751ff9a4b45dcd6fb	bcad9b91f5f9d461a32c3ecaa4d19f2e	25a61c1e1940e4c50865634d959f2357
21320	a822e2fc1ab8a852c2f069673c4a32a0	854214ba5effd81e32954f9e58d47d00	642e57082d3e385fc01f946b4aecd08f
21321	a822e2fc1ab8a852c2f069673c4a32a0	854214ba5effd81e32954f9e58d47d00	642e57082d3e385fc01f946b4aecd08f
21322	a822e2fc1ab8a852c2f069673c4a32a0	854214ba5effd81e32954f9e58d47d00	642e57082d3e385fc01f946b4aecd08f
21323	a822e2fc1ab8a852c2f069673c4a32a0	854214ba5effd81e32954f9e58d47d00	642e57082d3e385fc01f946b4aecd08f
21324	a822e2fc1ab8a852c2f069673c4a32a0	854214ba5effd81e32954f9e58d47d00	642e57082d3e385fc01f946b4aecd08f
21325	a822e2fc1ab8a852c2f069673c4a32a0	854214ba5effd81e32954f9e58d47d00	642e57082d3e385fc01f946b4aecd08f
21326	a822e2fc1ab8a852c2f069673c4a32a0	854214ba5effd81e32954f9e58d47d00	642e57082d3e385fc01f946b4aecd08f
21327	5037f2165fcc9a437791bf82be46c369	df74d8ec0d8334953809d2617291a329	a6157b9dedcbcbfad7d542776e0b3bdc
21328	5037f2165fcc9a437791bf82be46c369	df74d8ec0d8334953809d2617291a329	a6157b9dedcbcbfad7d542776e0b3bdc
21329	5037f2165fcc9a437791bf82be46c369	df74d8ec0d8334953809d2617291a329	a6157b9dedcbcbfad7d542776e0b3bdc
21330	5037f2165fcc9a437791bf82be46c369	df74d8ec0d8334953809d2617291a329	a6157b9dedcbcbfad7d542776e0b3bdc
21331	5037f2165fcc9a437791bf82be46c369	6da6e872c727206700cd0629b0d08403	49a91d3d531efe85d057595ae5438233
21332	0979777853d88965a0f975e2b0b1519e	08fed3411f32613d935a914fd0c91f91	2fd1f5b2d194886198b81e4799a5abe6
21333	0979777853d88965a0f975e2b0b1519e	08fed3411f32613d935a914fd0c91f91	2fd1f5b2d194886198b81e4799a5abe6
21334	0979777853d88965a0f975e2b0b1519e	08fed3411f32613d935a914fd0c91f91	2fd1f5b2d194886198b81e4799a5abe6
21335	0979777853d88965a0f975e2b0b1519e	08fed3411f32613d935a914fd0c91f91	2fd1f5b2d194886198b81e4799a5abe6
21336	0979777853d88965a0f975e2b0b1519e	08fed3411f32613d935a914fd0c91f91	2fd1f5b2d194886198b81e4799a5abe6
21337	0979777853d88965a0f975e2b0b1519e	08fed3411f32613d935a914fd0c91f91	2fd1f5b2d194886198b81e4799a5abe6
21338	0979777853d88965a0f975e2b0b1519e	08fed3411f32613d935a914fd0c91f91	2fd1f5b2d194886198b81e4799a5abe6
21339	0979777853d88965a0f975e2b0b1519e	08fed3411f32613d935a914fd0c91f91	2fd1f5b2d194886198b81e4799a5abe6
21340	0979777853d88965a0f975e2b0b1519e	08fed3411f32613d935a914fd0c91f91	2fd1f5b2d194886198b81e4799a5abe6
21341	0979777853d88965a0f975e2b0b1519e	08fed3411f32613d935a914fd0c91f91	2fd1f5b2d194886198b81e4799a5abe6
21342	0979777853d88965a0f975e2b0b1519e	08fed3411f32613d935a914fd0c91f91	2fd1f5b2d194886198b81e4799a5abe6
21343	0979777853d88965a0f975e2b0b1519e	08fed3411f32613d935a914fd0c91f91	2fd1f5b2d194886198b81e4799a5abe6
21344	0979777853d88965a0f975e2b0b1519e	08fed3411f32613d935a914fd0c91f91	2fd1f5b2d194886198b81e4799a5abe6
21345	0979777853d88965a0f975e2b0b1519e	08fed3411f32613d935a914fd0c91f91	2fd1f5b2d194886198b81e4799a5abe6
21346	0979777853d88965a0f975e2b0b1519e	08fed3411f32613d935a914fd0c91f91	2fd1f5b2d194886198b81e4799a5abe6
21347	0979777853d88965a0f975e2b0b1519e	08fed3411f32613d935a914fd0c91f91	2fd1f5b2d194886198b81e4799a5abe6
21348	0979777853d88965a0f975e2b0b1519e	08fed3411f32613d935a914fd0c91f91	2fd1f5b2d194886198b81e4799a5abe6
21349	838eb3e7f02ec25c5620f4c0bdd6adb3	b1a3b944f0c89eb804ff41c86e9eb048	b90db20fadeae795a8d432e6568c1161
21350	838eb3e7f02ec25c5620f4c0bdd6adb3	b1a3b944f0c89eb804ff41c86e9eb048	b90db20fadeae795a8d432e6568c1161
21351	838eb3e7f02ec25c5620f4c0bdd6adb3	b1a3b944f0c89eb804ff41c86e9eb048	b90db20fadeae795a8d432e6568c1161
21352	89372f1df88f6b4b85990897f837f160	637d0652465e58264b7515a84ede66ec	b58c662dfe0f7d80be4c4d55adaedbc8
21353	635f2fea10809df8454317152f26078c	e84b93f1011a7f54c53debf4dab9a122	5380afd6dce93fa3f75bafe67380ff6f
21354	12996001bf7229323a27209198fa636f	3b504bd94f7969e4595751588ed4169b	14581400ce07f974ad6d21429d624cef
21355	12996001bf7229323a27209198fa636f	3b504bd94f7969e4595751588ed4169b	14581400ce07f974ad6d21429d624cef
21356	3e4de87342cf3193e63107ef46e79411	7810c6edfd3631aa0fd73967fe885867	7330ec849ccc32f9df28f1a7e7db2582
21357	3e4de87342cf3193e63107ef46e79411	7810c6edfd3631aa0fd73967fe885867	7330ec849ccc32f9df28f1a7e7db2582
21358	3e4de87342cf3193e63107ef46e79411	7810c6edfd3631aa0fd73967fe885867	7330ec849ccc32f9df28f1a7e7db2582
21359	6110223ffc1881893fc39cf58d8ee3e4	1e0d9ea37b7fab5f74cfbce6511e0018	e2bc83ae835470c45b1699965873b665
21360	6110223ffc1881893fc39cf58d8ee3e4	1e0d9ea37b7fab5f74cfbce6511e0018	e2bc83ae835470c45b1699965873b665
21361	f84985dc8c8e18c4361560a8ef909ec6	78b6707af634abe5d778a5d44473c51a	a844201ceae3a00c0444bbc911e88053
21362	f84985dc8c8e18c4361560a8ef909ec6	78b6707af634abe5d778a5d44473c51a	a844201ceae3a00c0444bbc911e88053
21363	f84985dc8c8e18c4361560a8ef909ec6	78b6707af634abe5d778a5d44473c51a	a844201ceae3a00c0444bbc911e88053
21364	f84985dc8c8e18c4361560a8ef909ec6	78b6707af634abe5d778a5d44473c51a	a844201ceae3a00c0444bbc911e88053
21365	f84985dc8c8e18c4361560a8ef909ec6	78b6707af634abe5d778a5d44473c51a	a844201ceae3a00c0444bbc911e88053
21366	f84985dc8c8e18c4361560a8ef909ec6	78b6707af634abe5d778a5d44473c51a	a844201ceae3a00c0444bbc911e88053
21367	f84985dc8c8e18c4361560a8ef909ec6	78b6707af634abe5d778a5d44473c51a	a844201ceae3a00c0444bbc911e88053
21368	fabd888591678d3aa28874216906f9f7	063e2d911b929f503325497fd4b7b998	d5d994a5e6ab6f2f0ee05e0dd923401f
21369	50a8a5d8b1b5e13df484dc2023cad616	16d990300a88dbbd95960c60b7c63807	8d7a5bec5be75a4686b0e20ef0658735
21370	50a8a5d8b1b5e13df484dc2023cad616	16d990300a88dbbd95960c60b7c63807	8d7a5bec5be75a4686b0e20ef0658735
21371	d06801fd15814f6a1e7af23570b6afe3	f7da566bb33db90d86d6656cd8073fe5	4a1f724f9fdc037667e42c8e4de3c5e8
21372	d06801fd15814f6a1e7af23570b6afe3	f7da566bb33db90d86d6656cd8073fe5	4a1f724f9fdc037667e42c8e4de3c5e8
21373	e6051b33fd37da5a7459063c83c44ee1	12bcedec7f198eff80b6785b295a99ad	314a0e30087dc7dd5c3276d7957deb5a
21374	e6051b33fd37da5a7459063c83c44ee1	12bcedec7f198eff80b6785b295a99ad	314a0e30087dc7dd5c3276d7957deb5a
21375	e6051b33fd37da5a7459063c83c44ee1	12bcedec7f198eff80b6785b295a99ad	314a0e30087dc7dd5c3276d7957deb5a
21376	e6051b33fd37da5a7459063c83c44ee1	12bcedec7f198eff80b6785b295a99ad	314a0e30087dc7dd5c3276d7957deb5a
21377	e6051b33fd37da5a7459063c83c44ee1	12bcedec7f198eff80b6785b295a99ad	314a0e30087dc7dd5c3276d7957deb5a
21378	e6051b33fd37da5a7459063c83c44ee1	12bcedec7f198eff80b6785b295a99ad	314a0e30087dc7dd5c3276d7957deb5a
21379	e6051b33fd37da5a7459063c83c44ee1	12bcedec7f198eff80b6785b295a99ad	314a0e30087dc7dd5c3276d7957deb5a
21380	11d1b4dda58fa063014d1fed465de7a3	7d031ea7bbcbafb243397f68c40e9d4b	eaf68196f842b928f6df85ba873bbfa8
21381	11d1b4dda58fa063014d1fed465de7a3	7d031ea7bbcbafb243397f68c40e9d4b	eaf68196f842b928f6df85ba873bbfa8
21382	11d1b4dda58fa063014d1fed465de7a3	7d031ea7bbcbafb243397f68c40e9d4b	eaf68196f842b928f6df85ba873bbfa8
21383	11d1b4dda58fa063014d1fed465de7a3	7d031ea7bbcbafb243397f68c40e9d4b	eaf68196f842b928f6df85ba873bbfa8
21384	11d1b4dda58fa063014d1fed465de7a3	7d031ea7bbcbafb243397f68c40e9d4b	eaf68196f842b928f6df85ba873bbfa8
21385	11d1b4dda58fa063014d1fed465de7a3	7d031ea7bbcbafb243397f68c40e9d4b	eaf68196f842b928f6df85ba873bbfa8
21386	11d1b4dda58fa063014d1fed465de7a3	7d031ea7bbcbafb243397f68c40e9d4b	eaf68196f842b928f6df85ba873bbfa8
21387	11d1b4dda58fa063014d1fed465de7a3	7d031ea7bbcbafb243397f68c40e9d4b	eaf68196f842b928f6df85ba873bbfa8
21388	11d1b4dda58fa063014d1fed465de7a3	7d031ea7bbcbafb243397f68c40e9d4b	eaf68196f842b928f6df85ba873bbfa8
21389	11d1b4dda58fa063014d1fed465de7a3	7d031ea7bbcbafb243397f68c40e9d4b	eaf68196f842b928f6df85ba873bbfa8
21390	a6f590adce0b370884b6b696082c69c9	b20d5e14c83bb608a6c3e9d60c17e051	48c0a21f3b49d0582de3201be84f1dc8
21391	a6f590adce0b370884b6b696082c69c9	b20d5e14c83bb608a6c3e9d60c17e051	48c0a21f3b49d0582de3201be84f1dc8
21392	a6f590adce0b370884b6b696082c69c9	b20d5e14c83bb608a6c3e9d60c17e051	48c0a21f3b49d0582de3201be84f1dc8
21393	a6f590adce0b370884b6b696082c69c9	b20d5e14c83bb608a6c3e9d60c17e051	48c0a21f3b49d0582de3201be84f1dc8
21394	a6f590adce0b370884b6b696082c69c9	b20d5e14c83bb608a6c3e9d60c17e051	48c0a21f3b49d0582de3201be84f1dc8
21395	a6f590adce0b370884b6b696082c69c9	b20d5e14c83bb608a6c3e9d60c17e051	48c0a21f3b49d0582de3201be84f1dc8
21396	a6f590adce0b370884b6b696082c69c9	b20d5e14c83bb608a6c3e9d60c17e051	48c0a21f3b49d0582de3201be84f1dc8
21397	309409cfb4521636c809d64f2e93c9c0	234921acdb9bdd796d0354aee4bc4484	6dc499fe7a9a0ab5682ccc065cf4dbf5
21398	309409cfb4521636c809d64f2e93c9c0	234921acdb9bdd796d0354aee4bc4484	6dc499fe7a9a0ab5682ccc065cf4dbf5
21399	309409cfb4521636c809d64f2e93c9c0	234921acdb9bdd796d0354aee4bc4484	6dc499fe7a9a0ab5682ccc065cf4dbf5
21400	309409cfb4521636c809d64f2e93c9c0	234921acdb9bdd796d0354aee4bc4484	6dc499fe7a9a0ab5682ccc065cf4dbf5
21401	309409cfb4521636c809d64f2e93c9c0	234921acdb9bdd796d0354aee4bc4484	6dc499fe7a9a0ab5682ccc065cf4dbf5
21402	ee4195379f6b39a686ef36edd8f603cc	5dccbebaff8749db1c91aed8b281b00d	4cd9c11cf7258cdb7237b47d17023a92
21403	ee4195379f6b39a686ef36edd8f603cc	5dccbebaff8749db1c91aed8b281b00d	4cd9c11cf7258cdb7237b47d17023a92
21404	ee4195379f6b39a686ef36edd8f603cc	5dccbebaff8749db1c91aed8b281b00d	4cd9c11cf7258cdb7237b47d17023a92
21405	91a4776a6ef92e4b20289a8550e45bb4	56c49212e616f392f4ca5006cf9408e5	afd0229e009e62e5b206005cc110ff67
21406	91a4776a6ef92e4b20289a8550e45bb4	56c49212e616f392f4ca5006cf9408e5	afd0229e009e62e5b206005cc110ff67
21407	ee4195379f6b39a686ef36edd8f603cc	5dccbebaff8749db1c91aed8b281b00d	4cd9c11cf7258cdb7237b47d17023a92
21408	ee4195379f6b39a686ef36edd8f603cc	5dccbebaff8749db1c91aed8b281b00d	4cd9c11cf7258cdb7237b47d17023a92
21409	3a9ad92fb0ae86ec33ab24e37255e626	0869ce021a29d62df89b010bb287acbd	9fa8c17d2354c663ab358cd0be0e1581
21410	a108aedb69cdd2d331bdb95a253895db	c7e0932d0a9374fef4965d9895465a7d	cf226d9649bc522aa59d7a568ab5fdba
21411	a108aedb69cdd2d331bdb95a253895db	c7e0932d0a9374fef4965d9895465a7d	cf226d9649bc522aa59d7a568ab5fdba
21412	c92c4150866ba887eddcc3bbb86b516e	6b8fb73e0217541a5aad20edf55dc61b	065fb95e2078302c9d5c63466ffeec81
21413	cd3e440538256e10ff7987368bf181be	8797a774249dd92dedc07779ae47bff4	1e74389e7ad3d20f5c9ba69910b6c38e
21414	8b12c34aebdad424ba2ce69f84edfd7f	62c324cb4c5e73ec4678b4932424e6f7	7d56bedd947f9359cb2a98f8cb605a2e
21415	8b12c34aebdad424ba2ce69f84edfd7f	62c324cb4c5e73ec4678b4932424e6f7	7d56bedd947f9359cb2a98f8cb605a2e
21416	8b12c34aebdad424ba2ce69f84edfd7f	62c324cb4c5e73ec4678b4932424e6f7	7d56bedd947f9359cb2a98f8cb605a2e
21417	8b12c34aebdad424ba2ce69f84edfd7f	62c324cb4c5e73ec4678b4932424e6f7	7d56bedd947f9359cb2a98f8cb605a2e
21418	8b12c34aebdad424ba2ce69f84edfd7f	62c324cb4c5e73ec4678b4932424e6f7	7d56bedd947f9359cb2a98f8cb605a2e
21419	f2eec538426ba1130e4e2cf0f7623b16	d3b5ef28cd33e7f78e2c6e108f827518	3d894d03110b07e53bb2474bcc4b035e
21420	f2eec538426ba1130e4e2cf0f7623b16	d3b5ef28cd33e7f78e2c6e108f827518	3d894d03110b07e53bb2474bcc4b035e
21421	f2eec538426ba1130e4e2cf0f7623b16	d3b5ef28cd33e7f78e2c6e108f827518	3d894d03110b07e53bb2474bcc4b035e
21422	4f6ac93f2641b30856d0638542336c87	1f5f849cf71d08404e94903008e8e47a	3bdf302b9f7364b0df5e9b15eea8a463
21423	4f6ac93f2641b30856d0638542336c87	1f5f849cf71d08404e94903008e8e47a	3bdf302b9f7364b0df5e9b15eea8a463
21424	4f6ac93f2641b30856d0638542336c87	1f5f849cf71d08404e94903008e8e47a	3bdf302b9f7364b0df5e9b15eea8a463
21425	4f6ac93f2641b30856d0638542336c87	1f5f849cf71d08404e94903008e8e47a	3bdf302b9f7364b0df5e9b15eea8a463
21426	0908c79b13b86d8e2acd863a92f42bdf	ee40a3b6ba09d66cd2277a3ff9d2ea45	ea3864a3ae2e6f454b17eafcf095ffaf
21427	0908c79b13b86d8e2acd863a92f42bdf	ee40a3b6ba09d66cd2277a3ff9d2ea45	ea3864a3ae2e6f454b17eafcf095ffaf
21428	0908c79b13b86d8e2acd863a92f42bdf	ee40a3b6ba09d66cd2277a3ff9d2ea45	ea3864a3ae2e6f454b17eafcf095ffaf
21429	b6063e10d266a63fac516ef9171a117e	38a3e5e006de9f7312fc2b8a16ccc4cd	0c65c6b4ef9a054731c7515c2aa90f02
21430	40149435d1c65659809a96bb9b929d1f	697a48e53a83b7a3e44bdbe579fdd5ab	30157ee51e47d4ad8d6f2a7504bee547
21431	9b01545ccfb01b82949401ec28c55d83	79526f42fab7661fdcff7c662092a3aa	a51278c64d95e79759e3880682e846de
21432	9b01545ccfb01b82949401ec28c55d83	79526f42fab7661fdcff7c662092a3aa	a51278c64d95e79759e3880682e846de
21433	9b01545ccfb01b82949401ec28c55d83	79526f42fab7661fdcff7c662092a3aa	a51278c64d95e79759e3880682e846de
21434	9b01545ccfb01b82949401ec28c55d83	79526f42fab7661fdcff7c662092a3aa	a51278c64d95e79759e3880682e846de
21435	9b01545ccfb01b82949401ec28c55d83	79526f42fab7661fdcff7c662092a3aa	a51278c64d95e79759e3880682e846de
21436	9b01545ccfb01b82949401ec28c55d83	79526f42fab7661fdcff7c662092a3aa	a51278c64d95e79759e3880682e846de
21437	9b01545ccfb01b82949401ec28c55d83	79526f42fab7661fdcff7c662092a3aa	a51278c64d95e79759e3880682e846de
21438	57060fa07f32e6812078f2d6dc1c484a	0f3e63d7f65b240fec6ea71d84d3cb23	9367c476b936309b1136b7564ee150c6
21439	57060fa07f32e6812078f2d6dc1c484a	0f3e63d7f65b240fec6ea71d84d3cb23	9367c476b936309b1136b7564ee150c6
21440	57060fa07f32e6812078f2d6dc1c484a	0f3e63d7f65b240fec6ea71d84d3cb23	9367c476b936309b1136b7564ee150c6
21441	57060fa07f32e6812078f2d6dc1c484a	0f3e63d7f65b240fec6ea71d84d3cb23	9367c476b936309b1136b7564ee150c6
21442	57060fa07f32e6812078f2d6dc1c484a	0f3e63d7f65b240fec6ea71d84d3cb23	9367c476b936309b1136b7564ee150c6
21443	d5614c440226b386deb71007af425b1b	8f8fe9d90011e3402c3ae5e286d11fec	438d92869658485edbadd838b7106a53
21444	d5614c440226b386deb71007af425b1b	8f8fe9d90011e3402c3ae5e286d11fec	438d92869658485edbadd838b7106a53
21445	d5614c440226b386deb71007af425b1b	8f8fe9d90011e3402c3ae5e286d11fec	438d92869658485edbadd838b7106a53
21446	d5614c440226b386deb71007af425b1b	8f8fe9d90011e3402c3ae5e286d11fec	438d92869658485edbadd838b7106a53
21447	d5614c440226b386deb71007af425b1b	8f8fe9d90011e3402c3ae5e286d11fec	438d92869658485edbadd838b7106a53
21448	d5614c440226b386deb71007af425b1b	8f8fe9d90011e3402c3ae5e286d11fec	438d92869658485edbadd838b7106a53
21449	d5614c440226b386deb71007af425b1b	8f8fe9d90011e3402c3ae5e286d11fec	438d92869658485edbadd838b7106a53
21450	03a5167ef31e4600995e88227404b7bf	30e6c7cc5adeca756f53772b47cc83eb	f01dafa08d26aec3394c8c83a0bf994c
21451	03a5167ef31e4600995e88227404b7bf	30e6c7cc5adeca756f53772b47cc83eb	f01dafa08d26aec3394c8c83a0bf994c
21452	03a5167ef31e4600995e88227404b7bf	30e6c7cc5adeca756f53772b47cc83eb	f01dafa08d26aec3394c8c83a0bf994c
21453	03a5167ef31e4600995e88227404b7bf	30e6c7cc5adeca756f53772b47cc83eb	f01dafa08d26aec3394c8c83a0bf994c
21454	03a5167ef31e4600995e88227404b7bf	30e6c7cc5adeca756f53772b47cc83eb	f01dafa08d26aec3394c8c83a0bf994c
21455	385f65c7d7d3e914ba62fcea5aa534ce	cf01981f5d44a080036e02ca759b2838	bb4575eb7c42d3ed2797ef8e85413eb0
21456	385f65c7d7d3e914ba62fcea5aa534ce	cf01981f5d44a080036e02ca759b2838	bb4575eb7c42d3ed2797ef8e85413eb0
21457	385f65c7d7d3e914ba62fcea5aa534ce	cf01981f5d44a080036e02ca759b2838	bb4575eb7c42d3ed2797ef8e85413eb0
21458	385f65c7d7d3e914ba62fcea5aa534ce	cf01981f5d44a080036e02ca759b2838	bb4575eb7c42d3ed2797ef8e85413eb0
21459	385f65c7d7d3e914ba62fcea5aa534ce	cf01981f5d44a080036e02ca759b2838	bb4575eb7c42d3ed2797ef8e85413eb0
21460	7dafcc98518dd809a26f908583f717e0	0419e2a1fd8f22840f291c607241cabf	f345bf673f16fe72aa238c3d827889a6
21461	7dafcc98518dd809a26f908583f717e0	0419e2a1fd8f22840f291c607241cabf	f345bf673f16fe72aa238c3d827889a6
21462	7dafcc98518dd809a26f908583f717e0	0419e2a1fd8f22840f291c607241cabf	f345bf673f16fe72aa238c3d827889a6
21463	5f315f8a8660507900878c7da55870db	95a966f1eeec0fe8acd8b48b7c4407da	269dcdaf703a67aac0f559d22ba31f23
21464	5f315f8a8660507900878c7da55870db	95a966f1eeec0fe8acd8b48b7c4407da	269dcdaf703a67aac0f559d22ba31f23
21465	be6aa556dfe921dc666f6e714f1d72e0	721595738bdd15a1bbf02e00eb844641	f97dbb75176e7d9f69489519a8304488
21466	be6aa556dfe921dc666f6e714f1d72e0	c33a5d9a98a15e921434b6cd572594d8	2dab1db40c6c760664ba6c9f1b55f995
21467	d3baf686d2cae6f9be462452181358b9	b107d79593df438a53461cada79b30ec	33ab3c712c58a8071ae89947f8b9a843
21468	d3baf686d2cae6f9be462452181358b9	b107d79593df438a53461cada79b30ec	33ab3c712c58a8071ae89947f8b9a843
21469	d3baf686d2cae6f9be462452181358b9	b107d79593df438a53461cada79b30ec	33ab3c712c58a8071ae89947f8b9a843
21470	d3baf686d2cae6f9be462452181358b9	b107d79593df438a53461cada79b30ec	33ab3c712c58a8071ae89947f8b9a843
21471	d3baf686d2cae6f9be462452181358b9	b107d79593df438a53461cada79b30ec	33ab3c712c58a8071ae89947f8b9a843
21472	17fc9d6912578353b2b86bf565595121	5a075275574f174244da3bbcc9ab0d04	9e63b50e762e3a55f1f6ce8f691a3dc0
21473	17fc9d6912578353b2b86bf565595121	5a075275574f174244da3bbcc9ab0d04	9e63b50e762e3a55f1f6ce8f691a3dc0
21474	17fc9d6912578353b2b86bf565595121	5a075275574f174244da3bbcc9ab0d04	9e63b50e762e3a55f1f6ce8f691a3dc0
21475	17fc9d6912578353b2b86bf565595121	5a075275574f174244da3bbcc9ab0d04	9e63b50e762e3a55f1f6ce8f691a3dc0
21476	17fc9d6912578353b2b86bf565595121	5a075275574f174244da3bbcc9ab0d04	9e63b50e762e3a55f1f6ce8f691a3dc0
21477	17fc9d6912578353b2b86bf565595121	5a075275574f174244da3bbcc9ab0d04	9e63b50e762e3a55f1f6ce8f691a3dc0
21478	17fc9d6912578353b2b86bf565595121	5a075275574f174244da3bbcc9ab0d04	9e63b50e762e3a55f1f6ce8f691a3dc0
21479	c3ce8092f86c72dcfe7bc59f2cbc927e	33736772347c95958a130af5761a8cae	08ccb0431522e31d1f3e668e82685b84
21480	c3ce8092f86c72dcfe7bc59f2cbc927e	33736772347c95958a130af5761a8cae	08ccb0431522e31d1f3e668e82685b84
21481	c3ce8092f86c72dcfe7bc59f2cbc927e	33736772347c95958a130af5761a8cae	08ccb0431522e31d1f3e668e82685b84
21482	d662be35a38f29701253b0462bd2345e	52f539b4c064063661e70b75e54c1cef	2ec12cd5a32ca00a3b46c555b5edc60c
21483	43040afdb5c94a4393239418eec2e253	592a9a4c9e42fae0f3f6f6f0d3bf2604	774fadaf85ed02c7c3d354e5b9278640
21484	c3ce8092f86c72dcfe7bc59f2cbc927e	33736772347c95958a130af5761a8cae	08ccb0431522e31d1f3e668e82685b84
21485	c3ce8092f86c72dcfe7bc59f2cbc927e	33736772347c95958a130af5761a8cae	08ccb0431522e31d1f3e668e82685b84
21486	c3ce8092f86c72dcfe7bc59f2cbc927e	33736772347c95958a130af5761a8cae	08ccb0431522e31d1f3e668e82685b84
21487	43040afdb5c94a4393239418eec2e253	592a9a4c9e42fae0f3f6f6f0d3bf2604	774fadaf85ed02c7c3d354e5b9278640
21488	43040afdb5c94a4393239418eec2e253	592a9a4c9e42fae0f3f6f6f0d3bf2604	774fadaf85ed02c7c3d354e5b9278640
21489	8b4ae6fbe6c2590044da55f90b3d126e	140f2028fd49962f3b796dcfcda65a22	bfc7692debe776a9a731b84aa16ca0e4
21490	8b4ae6fbe6c2590044da55f90b3d126e	140f2028fd49962f3b796dcfcda65a22	bfc7692debe776a9a731b84aa16ca0e4
21491	8b4ae6fbe6c2590044da55f90b3d126e	140f2028fd49962f3b796dcfcda65a22	bfc7692debe776a9a731b84aa16ca0e4
21492	8b4ae6fbe6c2590044da55f90b3d126e	140f2028fd49962f3b796dcfcda65a22	bfc7692debe776a9a731b84aa16ca0e4
21493	8b4ae6fbe6c2590044da55f90b3d126e	140f2028fd49962f3b796dcfcda65a22	bfc7692debe776a9a731b84aa16ca0e4
21494	8b4ae6fbe6c2590044da55f90b3d126e	140f2028fd49962f3b796dcfcda65a22	bfc7692debe776a9a731b84aa16ca0e4
21495	8b4ae6fbe6c2590044da55f90b3d126e	140f2028fd49962f3b796dcfcda65a22	bfc7692debe776a9a731b84aa16ca0e4
21496	4a8360d8edce77fee7cb9bfffb9c8066	7114601a0a6289f5291428a8c6bf13cf	5981979da309b143a2ca05b7619f0a29
21497	4a8360d8edce77fee7cb9bfffb9c8066	7114601a0a6289f5291428a8c6bf13cf	5981979da309b143a2ca05b7619f0a29
21498	4a8360d8edce77fee7cb9bfffb9c8066	7114601a0a6289f5291428a8c6bf13cf	5981979da309b143a2ca05b7619f0a29
21499	4a8360d8edce77fee7cb9bfffb9c8066	7114601a0a6289f5291428a8c6bf13cf	5981979da309b143a2ca05b7619f0a29
21500	4a8360d8edce77fee7cb9bfffb9c8066	7114601a0a6289f5291428a8c6bf13cf	5981979da309b143a2ca05b7619f0a29
21501	7a19cfa0cbb90ea9980717cfecdc7026	15ea60bc83968c28126f75d9f56249d0	63d438ae18b9158c73adc27c33b9d28c
21502	7a19cfa0cbb90ea9980717cfecdc7026	15ea60bc83968c28126f75d9f56249d0	63d438ae18b9158c73adc27c33b9d28c
21503	7a19cfa0cbb90ea9980717cfecdc7026	15ea60bc83968c28126f75d9f56249d0	63d438ae18b9158c73adc27c33b9d28c
21504	7a19cfa0cbb90ea9980717cfecdc7026	15ea60bc83968c28126f75d9f56249d0	63d438ae18b9158c73adc27c33b9d28c
21505	7a19cfa0cbb90ea9980717cfecdc7026	15ea60bc83968c28126f75d9f56249d0	63d438ae18b9158c73adc27c33b9d28c
21506	7a19cfa0cbb90ea9980717cfecdc7026	15ea60bc83968c28126f75d9f56249d0	63d438ae18b9158c73adc27c33b9d28c
21507	7a19cfa0cbb90ea9980717cfecdc7026	15ea60bc83968c28126f75d9f56249d0	63d438ae18b9158c73adc27c33b9d28c
21508	7a19cfa0cbb90ea9980717cfecdc7026	15ea60bc83968c28126f75d9f56249d0	63d438ae18b9158c73adc27c33b9d28c
21509	7a19cfa0cbb90ea9980717cfecdc7026	15ea60bc83968c28126f75d9f56249d0	63d438ae18b9158c73adc27c33b9d28c
21510	7a19cfa0cbb90ea9980717cfecdc7026	15ea60bc83968c28126f75d9f56249d0	63d438ae18b9158c73adc27c33b9d28c
21511	7a19cfa0cbb90ea9980717cfecdc7026	15ea60bc83968c28126f75d9f56249d0	63d438ae18b9158c73adc27c33b9d28c
21512	7a19cfa0cbb90ea9980717cfecdc7026	15ea60bc83968c28126f75d9f56249d0	63d438ae18b9158c73adc27c33b9d28c
21513	7a19cfa0cbb90ea9980717cfecdc7026	15ea60bc83968c28126f75d9f56249d0	63d438ae18b9158c73adc27c33b9d28c
21514	7a19cfa0cbb90ea9980717cfecdc7026	15ea60bc83968c28126f75d9f56249d0	63d438ae18b9158c73adc27c33b9d28c
21515	7a19cfa0cbb90ea9980717cfecdc7026	15ea60bc83968c28126f75d9f56249d0	63d438ae18b9158c73adc27c33b9d28c
21516	7a19cfa0cbb90ea9980717cfecdc7026	15ea60bc83968c28126f75d9f56249d0	63d438ae18b9158c73adc27c33b9d28c
21517	7a19cfa0cbb90ea9980717cfecdc7026	15ea60bc83968c28126f75d9f56249d0	63d438ae18b9158c73adc27c33b9d28c
21518	80d4c2ed18e045e091d27601e265ccb7	056526c6e379b1540f31888b59623d48	6e07940fc5e85b95b81f0d0a2b26e523
21519	80d4c2ed18e045e091d27601e265ccb7	056526c6e379b1540f31888b59623d48	6e07940fc5e85b95b81f0d0a2b26e523
21520	80d4c2ed18e045e091d27601e265ccb7	056526c6e379b1540f31888b59623d48	6e07940fc5e85b95b81f0d0a2b26e523
21521	80d4c2ed18e045e091d27601e265ccb7	056526c6e379b1540f31888b59623d48	6e07940fc5e85b95b81f0d0a2b26e523
21522	80d4c2ed18e045e091d27601e265ccb7	056526c6e379b1540f31888b59623d48	6e07940fc5e85b95b81f0d0a2b26e523
21523	80d4c2ed18e045e091d27601e265ccb7	056526c6e379b1540f31888b59623d48	6e07940fc5e85b95b81f0d0a2b26e523
21524	80d4c2ed18e045e091d27601e265ccb7	056526c6e379b1540f31888b59623d48	6e07940fc5e85b95b81f0d0a2b26e523
21525	ad905dc2a2a51c2f235a1fdd0bdd6d58	277533dbb8aed76d9d0ca0940687ec92	7bead481c6e9c45251298fb4c65af775
21526	ad905dc2a2a51c2f235a1fdd0bdd6d58	277533dbb8aed76d9d0ca0940687ec92	7bead481c6e9c45251298fb4c65af775
21527	ad905dc2a2a51c2f235a1fdd0bdd6d58	277533dbb8aed76d9d0ca0940687ec92	7bead481c6e9c45251298fb4c65af775
21528	1e204bda9b54e3fd0520b2735fe0ca8b	89166c0863c1ae823c3ecd87f7012d03	160f1b070964e9bde28f5657252c1123
21529	1e204bda9b54e3fd0520b2735fe0ca8b	89166c0863c1ae823c3ecd87f7012d03	160f1b070964e9bde28f5657252c1123
21530	f027a959584783f9ca97184e608be692	3fa98f0ffaa279a92641551b60572d9a	53f451e469d9d5a236f298552b3ecf4a
21531	f027a959584783f9ca97184e608be692	3fa98f0ffaa279a92641551b60572d9a	53f451e469d9d5a236f298552b3ecf4a
21532	f027a959584783f9ca97184e608be692	3fa98f0ffaa279a92641551b60572d9a	53f451e469d9d5a236f298552b3ecf4a
21533	b6c74339dd34e8e9b4e058e3cfbaae5c	fc63e688b576711b08c6b4f0ba624e15	f16dccc7259ee9931f59ca6f3f58cd03
21534	9414b6881aaefbd47fc2df4645ab7540	ba9badc981e3468db0659b358e6fb5ad	6cfcfd420ed05e26f1ef94f7cce349b6
21535	658172fb6a6cb7024ccde41f413ece99	ad27a5f56323a92634e849bb8dba51f6	f0df9c1f1229eb026555c9f629758d35
21536	658172fb6a6cb7024ccde41f413ece99	ad27a5f56323a92634e849bb8dba51f6	f0df9c1f1229eb026555c9f629758d35
21537	f027a959584783f9ca97184e608be692	3fa98f0ffaa279a92641551b60572d9a	53f451e469d9d5a236f298552b3ecf4a
21538	f027a959584783f9ca97184e608be692	3fa98f0ffaa279a92641551b60572d9a	53f451e469d9d5a236f298552b3ecf4a
21539	f027a959584783f9ca97184e608be692	3fa98f0ffaa279a92641551b60572d9a	53f451e469d9d5a236f298552b3ecf4a
21540	f027a959584783f9ca97184e608be692	3fa98f0ffaa279a92641551b60572d9a	53f451e469d9d5a236f298552b3ecf4a
21541	f027a959584783f9ca97184e608be692	3fa98f0ffaa279a92641551b60572d9a	53f451e469d9d5a236f298552b3ecf4a
21542	f8d81664af04c9ef3154fb1d8ed188d3	957a6c8c35a02d6011f066e2b527afea	1e3a7f727dcca8e9d0915b532ead5be9
21543	f8d81664af04c9ef3154fb1d8ed188d3	957a6c8c35a02d6011f066e2b527afea	1e3a7f727dcca8e9d0915b532ead5be9
21544	f8d81664af04c9ef3154fb1d8ed188d3	957a6c8c35a02d6011f066e2b527afea	1e3a7f727dcca8e9d0915b532ead5be9
21545	f8d81664af04c9ef3154fb1d8ed188d3	957a6c8c35a02d6011f066e2b527afea	1e3a7f727dcca8e9d0915b532ead5be9
21546	f8d81664af04c9ef3154fb1d8ed188d3	957a6c8c35a02d6011f066e2b527afea	1e3a7f727dcca8e9d0915b532ead5be9
21547	f8d81664af04c9ef3154fb1d8ed188d3	957a6c8c35a02d6011f066e2b527afea	1e3a7f727dcca8e9d0915b532ead5be9
21548	f8d81664af04c9ef3154fb1d8ed188d3	957a6c8c35a02d6011f066e2b527afea	1e3a7f727dcca8e9d0915b532ead5be9
21549	c54331ef7a00509c9198fb83b7962cb7	f475c75e7f7fffd6074e1f94716eef43	f442585ba502641cf761786179f8e6a3
21550	c54331ef7a00509c9198fb83b7962cb7	f475c75e7f7fffd6074e1f94716eef43	f442585ba502641cf761786179f8e6a3
21551	c54331ef7a00509c9198fb83b7962cb7	f475c75e7f7fffd6074e1f94716eef43	f442585ba502641cf761786179f8e6a3
21552	02215a2555ecccd5b3739813a7dde394	936eb145187458fb6cfefa994db4ceda	ebce545670aa03ec8f9ce63f17243e3e
21553	25507d8d06456d12b9899ee77ccaf9d7	dc113ada67c74d420ade93d756baf387	946ef848bd99010af66aca3813751dcb
21554	c54331ef7a00509c9198fb83b7962cb7	f475c75e7f7fffd6074e1f94716eef43	f442585ba502641cf761786179f8e6a3
21555	c54331ef7a00509c9198fb83b7962cb7	f475c75e7f7fffd6074e1f94716eef43	f442585ba502641cf761786179f8e6a3
21556	c54331ef7a00509c9198fb83b7962cb7	f475c75e7f7fffd6074e1f94716eef43	f442585ba502641cf761786179f8e6a3
21557	c54331ef7a00509c9198fb83b7962cb7	f475c75e7f7fffd6074e1f94716eef43	f442585ba502641cf761786179f8e6a3
21558	c54331ef7a00509c9198fb83b7962cb7	f475c75e7f7fffd6074e1f94716eef43	f442585ba502641cf761786179f8e6a3
21559	1091e52c7b08b34331ee2b44d7c7499c	bbd0d0b0545990d749332b9b2dd5bb17	677b50c3c0155f317c0f80cda2dbe9fc
21560	1091e52c7b08b34331ee2b44d7c7499c	bbd0d0b0545990d749332b9b2dd5bb17	677b50c3c0155f317c0f80cda2dbe9fc
21561	1091e52c7b08b34331ee2b44d7c7499c	bbd0d0b0545990d749332b9b2dd5bb17	677b50c3c0155f317c0f80cda2dbe9fc
21562	1091e52c7b08b34331ee2b44d7c7499c	bbd0d0b0545990d749332b9b2dd5bb17	677b50c3c0155f317c0f80cda2dbe9fc
21563	1091e52c7b08b34331ee2b44d7c7499c	bbd0d0b0545990d749332b9b2dd5bb17	677b50c3c0155f317c0f80cda2dbe9fc
21564	1091e52c7b08b34331ee2b44d7c7499c	bbd0d0b0545990d749332b9b2dd5bb17	677b50c3c0155f317c0f80cda2dbe9fc
21565	1091e52c7b08b34331ee2b44d7c7499c	bbd0d0b0545990d749332b9b2dd5bb17	677b50c3c0155f317c0f80cda2dbe9fc
21566	5f44e0458a9b88b53a1256a5a8414093	545c6affc312ed04aae6428f4512e5d2	cf85f9446bc78b302cf401ca227160e5
21567	5f44e0458a9b88b53a1256a5a8414093	545c6affc312ed04aae6428f4512e5d2	cf85f9446bc78b302cf401ca227160e5
21568	5f44e0458a9b88b53a1256a5a8414093	545c6affc312ed04aae6428f4512e5d2	cf85f9446bc78b302cf401ca227160e5
21569	5f44e0458a9b88b53a1256a5a8414093	545c6affc312ed04aae6428f4512e5d2	cf85f9446bc78b302cf401ca227160e5
21570	5f44e0458a9b88b53a1256a5a8414093	545c6affc312ed04aae6428f4512e5d2	cf85f9446bc78b302cf401ca227160e5
21571	9994f184b6b9a543cba58042d120e577	68136a40c5d40e4200bd271c50b726cd	44005e2cb26bca64cf7c35fe0734ce66
21572	9994f184b6b9a543cba58042d120e577	68136a40c5d40e4200bd271c50b726cd	44005e2cb26bca64cf7c35fe0734ce66
21573	9994f184b6b9a543cba58042d120e577	68136a40c5d40e4200bd271c50b726cd	44005e2cb26bca64cf7c35fe0734ce66
21574	6d79672fe51d84356317286dc2f76865	d7706470c5920765cc7d090cbd03b5a6	40feca68a029b27dd9345634367f1571
21575	9994f184b6b9a543cba58042d120e577	62d7d762c4f3c63eef41033875a944b3	246c3786ad2869e6e3e4283a16d3e314
21576	9994f184b6b9a543cba58042d120e577	68136a40c5d40e4200bd271c50b726cd	44005e2cb26bca64cf7c35fe0734ce66
21577	9994f184b6b9a543cba58042d120e577	68136a40c5d40e4200bd271c50b726cd	44005e2cb26bca64cf7c35fe0734ce66
21578	d6ae5f5562f7c1ab7c25b196d3fc8709	d7ebe30d22111c0eedda0bdafc0c17c2	b5950a4810ef9afc576200db3a70b061
21579	d6ae5f5562f7c1ab7c25b196d3fc8709	d7ebe30d22111c0eedda0bdafc0c17c2	b5950a4810ef9afc576200db3a70b061
21580	d6ae5f5562f7c1ab7c25b196d3fc8709	d7ebe30d22111c0eedda0bdafc0c17c2	b5950a4810ef9afc576200db3a70b061
21581	d6ae5f5562f7c1ab7c25b196d3fc8709	d7ebe30d22111c0eedda0bdafc0c17c2	b5950a4810ef9afc576200db3a70b061
21582	d6ae5f5562f7c1ab7c25b196d3fc8709	d7ebe30d22111c0eedda0bdafc0c17c2	b5950a4810ef9afc576200db3a70b061
21583	59d82f99264403242b63ccbb51ec84b4	f81cd20aaea3c137c5409f2b64a7f314	d708b6c1fffdc29f516a6f28b8a79143
21584	70f84944a856203f35d651f6395fcd59	bc872807a6fc60a103027f8d758ee4f9	1418cb8cf39e25894d51c920176d8c3a
21585	b035837182cfaeac8b14b2309864fe1d	c0ba8f504a5cd1e7d4ba02004b4d8add	5a69dce048d826458dde6870dc334212
21586	70f84944a856203f35d651f6395fcd59	bc872807a6fc60a103027f8d758ee4f9	1418cb8cf39e25894d51c920176d8c3a
21587	70f84944a856203f35d651f6395fcd59	bc872807a6fc60a103027f8d758ee4f9	1418cb8cf39e25894d51c920176d8c3a
21588	2199e2bc27339f54839f44795031e213	0f2cb79e012d445340a6bfbec2822d07	c0fa06bc85dd52712a6da8cf797883da
21589	2199e2bc27339f54839f44795031e213	0f2cb79e012d445340a6bfbec2822d07	c0fa06bc85dd52712a6da8cf797883da
21590	2199e2bc27339f54839f44795031e213	0f2cb79e012d445340a6bfbec2822d07	c0fa06bc85dd52712a6da8cf797883da
21591	2199e2bc27339f54839f44795031e213	0f2cb79e012d445340a6bfbec2822d07	c0fa06bc85dd52712a6da8cf797883da
21592	2199e2bc27339f54839f44795031e213	0f2cb79e012d445340a6bfbec2822d07	c0fa06bc85dd52712a6da8cf797883da
21593	2199e2bc27339f54839f44795031e213	0f2cb79e012d445340a6bfbec2822d07	c0fa06bc85dd52712a6da8cf797883da
21594	2199e2bc27339f54839f44795031e213	0f2cb79e012d445340a6bfbec2822d07	c0fa06bc85dd52712a6da8cf797883da
21595	bcb9b39795f3cb6b00dd231db026e6ec	e3d333aaafefdc28515b2fb4d11a3d9d	085a701e0e81fd8c3972f75611292e4f
21596	bcb9b39795f3cb6b00dd231db026e6ec	e3d333aaafefdc28515b2fb4d11a3d9d	085a701e0e81fd8c3972f75611292e4f
21597	0f9e443d9249c0a308ef7d1693a2f742	00ad61f7bcd81ef2b463147adac3a23a	d3e09126c380b484a9a219d44b6d385e
21598	bcb9b39795f3cb6b00dd231db026e6ec	e3d333aaafefdc28515b2fb4d11a3d9d	085a701e0e81fd8c3972f75611292e4f
21599	bcb9b39795f3cb6b00dd231db026e6ec	e3d333aaafefdc28515b2fb4d11a3d9d	085a701e0e81fd8c3972f75611292e4f
21600	2c5ee353badec37c6c9fc3d6ee9c69d5	124b2a51f8a79b598426cdbe6bbf9398	a5b82edb298c0820bcc2ec9553ebe186
21601	2c5ee353badec37c6c9fc3d6ee9c69d5	124b2a51f8a79b598426cdbe6bbf9398	a5b82edb298c0820bcc2ec9553ebe186
21602	2c5ee353badec37c6c9fc3d6ee9c69d5	124b2a51f8a79b598426cdbe6bbf9398	a5b82edb298c0820bcc2ec9553ebe186
21603	2c5ee353badec37c6c9fc3d6ee9c69d5	124b2a51f8a79b598426cdbe6bbf9398	a5b82edb298c0820bcc2ec9553ebe186
21604	2c5ee353badec37c6c9fc3d6ee9c69d5	124b2a51f8a79b598426cdbe6bbf9398	a5b82edb298c0820bcc2ec9553ebe186
21605	616ed2952ee4c4645be2db5768e1f1c0	9fbe8bc666f268f90a885bb5bd1d9a21	4bda6779f3f7381708f8afbfbf74e61a
21606	616ed2952ee4c4645be2db5768e1f1c0	9fbe8bc666f268f90a885bb5bd1d9a21	4bda6779f3f7381708f8afbfbf74e61a
21607	0cda1d1f2ee55481de19ed8ac77c64d9	b2d4ebec491b9988fed60c949eed573c	3330bb41b4c7a3747dcdd31d19743c71
21608	0cda1d1f2ee55481de19ed8ac77c64d9	b2d4ebec491b9988fed60c949eed573c	3330bb41b4c7a3747dcdd31d19743c71
21609	0cda1d1f2ee55481de19ed8ac77c64d9	b2d4ebec491b9988fed60c949eed573c	3330bb41b4c7a3747dcdd31d19743c71
21610	b1f499f4dedcc3dee4dff6d23b946ffd	c753f226cb199b7cecc11a7e17e835c9	d58c3b7f0b885358dde376eea89bc014
21611	0cda1d1f2ee55481de19ed8ac77c64d9	b2d4ebec491b9988fed60c949eed573c	3330bb41b4c7a3747dcdd31d19743c71
21612	1ff0b1f918a5945bad2029fd65bf6dfd	98b23cb7303e469be3a26f12750379cc	54d09b6e596b8e817b2079ae7a34284f
21613	1ff0b1f918a5945bad2029fd65bf6dfd	98b23cb7303e469be3a26f12750379cc	54d09b6e596b8e817b2079ae7a34284f
21614	1ff0b1f918a5945bad2029fd65bf6dfd	98b23cb7303e469be3a26f12750379cc	54d09b6e596b8e817b2079ae7a34284f
21615	1ff0b1f918a5945bad2029fd65bf6dfd	98b23cb7303e469be3a26f12750379cc	54d09b6e596b8e817b2079ae7a34284f
21616	1ff0b1f918a5945bad2029fd65bf6dfd	98b23cb7303e469be3a26f12750379cc	54d09b6e596b8e817b2079ae7a34284f
21617	1ff0b1f918a5945bad2029fd65bf6dfd	98b23cb7303e469be3a26f12750379cc	54d09b6e596b8e817b2079ae7a34284f
21618	1ff0b1f918a5945bad2029fd65bf6dfd	98b23cb7303e469be3a26f12750379cc	54d09b6e596b8e817b2079ae7a34284f
21619	3490e178683be6c9cd18f95ecbbdd95e	42f0362009c49c9cf2dd97e501309fe6	3ba36ac0ba0b9d84b2e2732a8e3331f7
21620	3490e178683be6c9cd18f95ecbbdd95e	42f0362009c49c9cf2dd97e501309fe6	3ba36ac0ba0b9d84b2e2732a8e3331f7
21621	3490e178683be6c9cd18f95ecbbdd95e	42f0362009c49c9cf2dd97e501309fe6	3ba36ac0ba0b9d84b2e2732a8e3331f7
21622	3490e178683be6c9cd18f95ecbbdd95e	42f0362009c49c9cf2dd97e501309fe6	3ba36ac0ba0b9d84b2e2732a8e3331f7
21623	3490e178683be6c9cd18f95ecbbdd95e	42f0362009c49c9cf2dd97e501309fe6	3ba36ac0ba0b9d84b2e2732a8e3331f7
21624	a6dbc76d48646d8e719c19601f78996e	3780944cbf4645aa3c387b09594bbca8	10d95923733c12c376840098495d199b
21625	a6dbc76d48646d8e719c19601f78996e	3780944cbf4645aa3c387b09594bbca8	10d95923733c12c376840098495d199b
21626	a6dbc76d48646d8e719c19601f78996e	3780944cbf4645aa3c387b09594bbca8	10d95923733c12c376840098495d199b
21627	a6dbc76d48646d8e719c19601f78996e	3780944cbf4645aa3c387b09594bbca8	10d95923733c12c376840098495d199b
21628	a6dbc76d48646d8e719c19601f78996e	3780944cbf4645aa3c387b09594bbca8	10d95923733c12c376840098495d199b
21629	db1e2f8ca2c978f81dd3ba9042cf4065	3e7db014fc5ea10319789a67609551ef	6839a2d2c7b0487d68b9823aeef73758
21630	db1e2f8ca2c978f81dd3ba9042cf4065	3e7db014fc5ea10319789a67609551ef	6839a2d2c7b0487d68b9823aeef73758
21631	db1e2f8ca2c978f81dd3ba9042cf4065	3e7db014fc5ea10319789a67609551ef	6839a2d2c7b0487d68b9823aeef73758
21632	db1e2f8ca2c978f81dd3ba9042cf4065	3e7db014fc5ea10319789a67609551ef	6839a2d2c7b0487d68b9823aeef73758
21633	db1e2f8ca2c978f81dd3ba9042cf4065	3e7db014fc5ea10319789a67609551ef	6839a2d2c7b0487d68b9823aeef73758
21634	db1e2f8ca2c978f81dd3ba9042cf4065	3e7db014fc5ea10319789a67609551ef	6839a2d2c7b0487d68b9823aeef73758
21635	db1e2f8ca2c978f81dd3ba9042cf4065	3e7db014fc5ea10319789a67609551ef	6839a2d2c7b0487d68b9823aeef73758
21636	db1e2f8ca2c978f81dd3ba9042cf4065	3e7db014fc5ea10319789a67609551ef	6839a2d2c7b0487d68b9823aeef73758
21637	db1e2f8ca2c978f81dd3ba9042cf4065	3e7db014fc5ea10319789a67609551ef	6839a2d2c7b0487d68b9823aeef73758
21638	db1e2f8ca2c978f81dd3ba9042cf4065	3e7db014fc5ea10319789a67609551ef	6839a2d2c7b0487d68b9823aeef73758
21639	db1e2f8ca2c978f81dd3ba9042cf4065	3e7db014fc5ea10319789a67609551ef	6839a2d2c7b0487d68b9823aeef73758
21640	db1e2f8ca2c978f81dd3ba9042cf4065	3e7db014fc5ea10319789a67609551ef	6839a2d2c7b0487d68b9823aeef73758
21641	7db81fa50a7b3e0f59225f3d7ee9c5b7	85d00b68ad6d04898746f69c83951062	59720052a3a2eb8400d9d8fb2a3df5c5
21642	7db81fa50a7b3e0f59225f3d7ee9c5b7	85d00b68ad6d04898746f69c83951062	59720052a3a2eb8400d9d8fb2a3df5c5
21643	7db81fa50a7b3e0f59225f3d7ee9c5b7	85d00b68ad6d04898746f69c83951062	59720052a3a2eb8400d9d8fb2a3df5c5
21644	7db81fa50a7b3e0f59225f3d7ee9c5b7	85d00b68ad6d04898746f69c83951062	59720052a3a2eb8400d9d8fb2a3df5c5
21645	7db81fa50a7b3e0f59225f3d7ee9c5b7	85d00b68ad6d04898746f69c83951062	59720052a3a2eb8400d9d8fb2a3df5c5
21646	7db81fa50a7b3e0f59225f3d7ee9c5b7	85d00b68ad6d04898746f69c83951062	59720052a3a2eb8400d9d8fb2a3df5c5
21647	7db81fa50a7b3e0f59225f3d7ee9c5b7	85d00b68ad6d04898746f69c83951062	59720052a3a2eb8400d9d8fb2a3df5c5
21648	d304906d8a13d72249813664f9864ced	1772eb101ff8b5f1f6eeef7da7ce3ea7	d4e5d0fbcee8f12a7fcff7a3ce7febdc
21649	d304906d8a13d72249813664f9864ced	1772eb101ff8b5f1f6eeef7da7ce3ea7	d4e5d0fbcee8f12a7fcff7a3ce7febdc
21650	d304906d8a13d72249813664f9864ced	1772eb101ff8b5f1f6eeef7da7ce3ea7	d4e5d0fbcee8f12a7fcff7a3ce7febdc
21651	d304906d8a13d72249813664f9864ced	6a94f73b30918485c419fb286ec5eabb	53c785f722d31b7ccd49e9dc48682b51
21652	d6a423ea2c97ec51f51419bd639e39b1	a04b84b2c12bd22090c5f015becc54b3	30be0233971b96b1d3aa278b2bb77142
21653	d304906d8a13d72249813664f9864ced	1772eb101ff8b5f1f6eeef7da7ce3ea7	d4e5d0fbcee8f12a7fcff7a3ce7febdc
21654	d304906d8a13d72249813664f9864ced	1772eb101ff8b5f1f6eeef7da7ce3ea7	d4e5d0fbcee8f12a7fcff7a3ce7febdc
21655	d304906d8a13d72249813664f9864ced	1772eb101ff8b5f1f6eeef7da7ce3ea7	d4e5d0fbcee8f12a7fcff7a3ce7febdc
21656	d304906d8a13d72249813664f9864ced	6a94f73b30918485c419fb286ec5eabb	53c785f722d31b7ccd49e9dc48682b51
21657	d304906d8a13d72249813664f9864ced	6a94f73b30918485c419fb286ec5eabb	53c785f722d31b7ccd49e9dc48682b51
21658	87be628433f1527bc5332f04c87a7e3f	9b864ff8646c74f917b1c82204e3888c	da1f35119de67159bb86daae732fc3ab
21659	87be628433f1527bc5332f04c87a7e3f	9b864ff8646c74f917b1c82204e3888c	da1f35119de67159bb86daae732fc3ab
21660	87be628433f1527bc5332f04c87a7e3f	9b864ff8646c74f917b1c82204e3888c	da1f35119de67159bb86daae732fc3ab
21661	87be628433f1527bc5332f04c87a7e3f	9b864ff8646c74f917b1c82204e3888c	da1f35119de67159bb86daae732fc3ab
21662	87be628433f1527bc5332f04c87a7e3f	9b864ff8646c74f917b1c82204e3888c	da1f35119de67159bb86daae732fc3ab
21663	87be628433f1527bc5332f04c87a7e3f	9b864ff8646c74f917b1c82204e3888c	da1f35119de67159bb86daae732fc3ab
21664	87be628433f1527bc5332f04c87a7e3f	9b864ff8646c74f917b1c82204e3888c	da1f35119de67159bb86daae732fc3ab
21665	b32be86cb13759363e470185f85d6ce0	0310e7006165a00958c9f32361590678	775d4106a2414fece1200be2e909eed4
21666	b32be86cb13759363e470185f85d6ce0	6df9ad036eef187391bce693eba8d000	bcded25b76598817f76e132282a8fd99
21667	b32be86cb13759363e470185f85d6ce0	0310e7006165a00958c9f32361590678	775d4106a2414fece1200be2e909eed4
21668	b32be86cb13759363e470185f85d6ce0	0310e7006165a00958c9f32361590678	775d4106a2414fece1200be2e909eed4
21669	b32be86cb13759363e470185f85d6ce0	0310e7006165a00958c9f32361590678	775d4106a2414fece1200be2e909eed4
21670	151a2e289258ba29c8c8c7d54976b334	705c33b0520f696292e5999435b89383	40594df139384a1238156ef6b3b820ae
21671	151a2e289258ba29c8c8c7d54976b334	705c33b0520f696292e5999435b89383	40594df139384a1238156ef6b3b820ae
21672	151a2e289258ba29c8c8c7d54976b334	705c33b0520f696292e5999435b89383	40594df139384a1238156ef6b3b820ae
21673	151a2e289258ba29c8c8c7d54976b334	705c33b0520f696292e5999435b89383	40594df139384a1238156ef6b3b820ae
21674	151a2e289258ba29c8c8c7d54976b334	705c33b0520f696292e5999435b89383	40594df139384a1238156ef6b3b820ae
21675	151a2e289258ba29c8c8c7d54976b334	705c33b0520f696292e5999435b89383	40594df139384a1238156ef6b3b820ae
21676	151a2e289258ba29c8c8c7d54976b334	705c33b0520f696292e5999435b89383	40594df139384a1238156ef6b3b820ae
21677	151a2e289258ba29c8c8c7d54976b334	705c33b0520f696292e5999435b89383	40594df139384a1238156ef6b3b820ae
21678	151a2e289258ba29c8c8c7d54976b334	705c33b0520f696292e5999435b89383	40594df139384a1238156ef6b3b820ae
21679	151a2e289258ba29c8c8c7d54976b334	705c33b0520f696292e5999435b89383	40594df139384a1238156ef6b3b820ae
21680	151a2e289258ba29c8c8c7d54976b334	705c33b0520f696292e5999435b89383	40594df139384a1238156ef6b3b820ae
21681	151a2e289258ba29c8c8c7d54976b334	705c33b0520f696292e5999435b89383	40594df139384a1238156ef6b3b820ae
21682	151a2e289258ba29c8c8c7d54976b334	705c33b0520f696292e5999435b89383	40594df139384a1238156ef6b3b820ae
21683	151a2e289258ba29c8c8c7d54976b334	705c33b0520f696292e5999435b89383	40594df139384a1238156ef6b3b820ae
21684	151a2e289258ba29c8c8c7d54976b334	705c33b0520f696292e5999435b89383	40594df139384a1238156ef6b3b820ae
21685	151a2e289258ba29c8c8c7d54976b334	705c33b0520f696292e5999435b89383	40594df139384a1238156ef6b3b820ae
21686	151a2e289258ba29c8c8c7d54976b334	705c33b0520f696292e5999435b89383	40594df139384a1238156ef6b3b820ae
21687	6eda77f83f5a8ee082f69dffedbfc1e8	c2acfbf472cbafb1f0c7019408e1b2d3	6a9134b10e791bd1f6fcad07b6c68577
21688	6eda77f83f5a8ee082f69dffedbfc1e8	c2acfbf472cbafb1f0c7019408e1b2d3	6a9134b10e791bd1f6fcad07b6c68577
21689	6eda77f83f5a8ee082f69dffedbfc1e8	c2acfbf472cbafb1f0c7019408e1b2d3	6a9134b10e791bd1f6fcad07b6c68577
21690	6eda77f83f5a8ee082f69dffedbfc1e8	c2acfbf472cbafb1f0c7019408e1b2d3	6a9134b10e791bd1f6fcad07b6c68577
21691	6eda77f83f5a8ee082f69dffedbfc1e8	c2acfbf472cbafb1f0c7019408e1b2d3	6a9134b10e791bd1f6fcad07b6c68577
21692	6eda77f83f5a8ee082f69dffedbfc1e8	c2acfbf472cbafb1f0c7019408e1b2d3	6a9134b10e791bd1f6fcad07b6c68577
21693	6eda77f83f5a8ee082f69dffedbfc1e8	c2acfbf472cbafb1f0c7019408e1b2d3	6a9134b10e791bd1f6fcad07b6c68577
21694	4ea1a6e1e41473304736ee78268128d8	d72e24f24e176dce5841882ead8f2937	5bfd7546ea7cdbdd9df88f8e8b62cb5e
21695	4ea1a6e1e41473304736ee78268128d8	d72e24f24e176dce5841882ead8f2937	5bfd7546ea7cdbdd9df88f8e8b62cb5e
21696	4ea1a6e1e41473304736ee78268128d8	d72e24f24e176dce5841882ead8f2937	5bfd7546ea7cdbdd9df88f8e8b62cb5e
21697	e1279155e9c3bdd624f9da018297e8bd	6db400dc8034ef846727e137a1eceeea	ec2b204a2cf0685d443866df916c3baf
21698	e1279155e9c3bdd624f9da018297e8bd	6db400dc8034ef846727e137a1eceeea	ec2b204a2cf0685d443866df916c3baf
21699	375c78ef00bb752492858939340602d6	f914682de810aa3f415397d46fb75fd3	8af28ea89ac45d149376b8670b9b64d4
21700	375c78ef00bb752492858939340602d6	f914682de810aa3f415397d46fb75fd3	8af28ea89ac45d149376b8670b9b64d4
21701	375c78ef00bb752492858939340602d6	f914682de810aa3f415397d46fb75fd3	8af28ea89ac45d149376b8670b9b64d4
21702	375c78ef00bb752492858939340602d6	f914682de810aa3f415397d46fb75fd3	8af28ea89ac45d149376b8670b9b64d4
21703	375c78ef00bb752492858939340602d6	f914682de810aa3f415397d46fb75fd3	8af28ea89ac45d149376b8670b9b64d4
21704	375c78ef00bb752492858939340602d6	f914682de810aa3f415397d46fb75fd3	8af28ea89ac45d149376b8670b9b64d4
21705	375c78ef00bb752492858939340602d6	f914682de810aa3f415397d46fb75fd3	8af28ea89ac45d149376b8670b9b64d4
21706	8555d7c32fb919d95dfe7b561b58540d	efafef0f7ee47b4f3d0bda89a4c820cd	0ce9e86907ecc5eaea064979d4644b5a
21707	8555d7c32fb919d95dfe7b561b58540d	efafef0f7ee47b4f3d0bda89a4c820cd	0ce9e86907ecc5eaea064979d4644b5a
21708	8555d7c32fb919d95dfe7b561b58540d	efafef0f7ee47b4f3d0bda89a4c820cd	0ce9e86907ecc5eaea064979d4644b5a
21709	8555d7c32fb919d95dfe7b561b58540d	efafef0f7ee47b4f3d0bda89a4c820cd	0ce9e86907ecc5eaea064979d4644b5a
21710	8555d7c32fb919d95dfe7b561b58540d	efafef0f7ee47b4f3d0bda89a4c820cd	0ce9e86907ecc5eaea064979d4644b5a
21711	bc7983bbbf5fb984c1c69db681c53395	cd6ff9ccf8b1ce74c8bc4847cd318bdf	81a0bb4ef6bf47a2a0e378c20aa71ec0
21712	bc7983bbbf5fb984c1c69db681c53395	cd6ff9ccf8b1ce74c8bc4847cd318bdf	81a0bb4ef6bf47a2a0e378c20aa71ec0
21713	bc7983bbbf5fb984c1c69db681c53395	cd6ff9ccf8b1ce74c8bc4847cd318bdf	81a0bb4ef6bf47a2a0e378c20aa71ec0
21714	bc7983bbbf5fb984c1c69db681c53395	cd6ff9ccf8b1ce74c8bc4847cd318bdf	81a0bb4ef6bf47a2a0e378c20aa71ec0
21715	bc7983bbbf5fb984c1c69db681c53395	cd6ff9ccf8b1ce74c8bc4847cd318bdf	81a0bb4ef6bf47a2a0e378c20aa71ec0
21716	bc7983bbbf5fb984c1c69db681c53395	cd6ff9ccf8b1ce74c8bc4847cd318bdf	81a0bb4ef6bf47a2a0e378c20aa71ec0
21717	bc7983bbbf5fb984c1c69db681c53395	cd6ff9ccf8b1ce74c8bc4847cd318bdf	81a0bb4ef6bf47a2a0e378c20aa71ec0
21718	96da1c445aa6985773e34574b548d333	59cdf56e01e2ff360945f53e77a3a42b	e004a525ebb16a86488f78131aa6c6ac
21719	96da1c445aa6985773e34574b548d333	59cdf56e01e2ff360945f53e77a3a42b	e004a525ebb16a86488f78131aa6c6ac
21720	96da1c445aa6985773e34574b548d333	59cdf56e01e2ff360945f53e77a3a42b	e004a525ebb16a86488f78131aa6c6ac
21721	96da1c445aa6985773e34574b548d333	59cdf56e01e2ff360945f53e77a3a42b	e004a525ebb16a86488f78131aa6c6ac
21722	96da1c445aa6985773e34574b548d333	59cdf56e01e2ff360945f53e77a3a42b	e004a525ebb16a86488f78131aa6c6ac
21723	e5e798259507308ef5921e1fcbb4f2de	d68705cede9da10bcfe4e694263db528	5919b45a59e2335fce35c279b8f86a27
21724	e5e798259507308ef5921e1fcbb4f2de	d68705cede9da10bcfe4e694263db528	5919b45a59e2335fce35c279b8f86a27
21725	e5e798259507308ef5921e1fcbb4f2de	d68705cede9da10bcfe4e694263db528	5919b45a59e2335fce35c279b8f86a27
21726	e5e798259507308ef5921e1fcbb4f2de	d68705cede9da10bcfe4e694263db528	5919b45a59e2335fce35c279b8f86a27
21727	e5e798259507308ef5921e1fcbb4f2de	d68705cede9da10bcfe4e694263db528	5919b45a59e2335fce35c279b8f86a27
21728	ca625fd55f20947ba6a3707ebdb35e62	96af24b6b4470af4e1515cd0c11c1a4e	bb5506c2eb6288f8b550d70c9f8dd3ca
21729	ca625fd55f20947ba6a3707ebdb35e62	96af24b6b4470af4e1515cd0c11c1a4e	bb5506c2eb6288f8b550d70c9f8dd3ca
21730	ca625fd55f20947ba6a3707ebdb35e62	96af24b6b4470af4e1515cd0c11c1a4e	bb5506c2eb6288f8b550d70c9f8dd3ca
21731	830d166f2e0cc144b5b827c488aabbaf	3af3fa393a9dc695e9fcc07a48c1c51b	b66b0cbac95a3c0c8494c28a88ffd355
21732	830d166f2e0cc144b5b827c488aabbaf	3af3fa393a9dc695e9fcc07a48c1c51b	b66b0cbac95a3c0c8494c28a88ffd355
21733	5dd9866fa1c9996cbfbd41c2ea69c336	148de4f3b85fa7463da4dd1fe4d6c874	aa79e3dce0c6b001ef0b53cac824aa36
21734	4d6001f8584eac60a91f2a5de9941ea8	e85b1a0002ffdd167f6a273000237b27	a0ade3f5091441a953b215d40d21d35a
21735	afc40429ee20094e8b77688f338f4f8f	8215703bfd4d19a3767c5cb2944a0795	c91e5895140641935ee0a199f0c2a762
21736	afc40429ee20094e8b77688f338f4f8f	8215703bfd4d19a3767c5cb2944a0795	c91e5895140641935ee0a199f0c2a762
21737	afc40429ee20094e8b77688f338f4f8f	8215703bfd4d19a3767c5cb2944a0795	c91e5895140641935ee0a199f0c2a762
21738	afc40429ee20094e8b77688f338f4f8f	8215703bfd4d19a3767c5cb2944a0795	c91e5895140641935ee0a199f0c2a762
21739	afc40429ee20094e8b77688f338f4f8f	8215703bfd4d19a3767c5cb2944a0795	c91e5895140641935ee0a199f0c2a762
21740	90ed7d02935ca313842c7fe0fef38442	265dfad1186f5fd155de240c641fac84	354777c694fc09b27fa71893534e5897
21741	90ed7d02935ca313842c7fe0fef38442	265dfad1186f5fd155de240c641fac84	354777c694fc09b27fa71893534e5897
21742	90ed7d02935ca313842c7fe0fef38442	265dfad1186f5fd155de240c641fac84	354777c694fc09b27fa71893534e5897
21743	90ed7d02935ca313842c7fe0fef38442	265dfad1186f5fd155de240c641fac84	354777c694fc09b27fa71893534e5897
21744	90ed7d02935ca313842c7fe0fef38442	265dfad1186f5fd155de240c641fac84	354777c694fc09b27fa71893534e5897
21745	90ed7d02935ca313842c7fe0fef38442	265dfad1186f5fd155de240c641fac84	354777c694fc09b27fa71893534e5897
21746	90ed7d02935ca313842c7fe0fef38442	265dfad1186f5fd155de240c641fac84	354777c694fc09b27fa71893534e5897
21747	6ef49e5ce38c085bf2675d6e125890f2	8c331d3cb1ca43341a4867ab509b9102	bc5031170e82ad79f94bce43fe84eda0
21748	8ac621e1209d7b15fbfa0455ab8ff323	f8c9a0ee0afee36af9fe22454330c658	41dc1cb8e8745cf15829a59b7b130683
21749	8ac621e1209d7b15fbfa0455ab8ff323	f8c9a0ee0afee36af9fe22454330c658	41dc1cb8e8745cf15829a59b7b130683
21750	6ef49e5ce38c085bf2675d6e125890f2	8c331d3cb1ca43341a4867ab509b9102	bc5031170e82ad79f94bce43fe84eda0
21751	6ef49e5ce38c085bf2675d6e125890f2	8c331d3cb1ca43341a4867ab509b9102	bc5031170e82ad79f94bce43fe84eda0
21752	7da97524282882db2c98e3836aa605a8	5cde10206b0b72bace6b11022bb1e82b	c6086e4655a63d4e100465c21f6aa291
21753	7da97524282882db2c98e3836aa605a8	5cde10206b0b72bace6b11022bb1e82b	c6086e4655a63d4e100465c21f6aa291
21754	7da97524282882db2c98e3836aa605a8	5cde10206b0b72bace6b11022bb1e82b	c6086e4655a63d4e100465c21f6aa291
21755	6ef49e5ce38c085bf2675d6e125890f2	a890c3db855229aa65036c0a3d9878be	31a6617527e4f66a3493d72f67175995
21756	6ef49e5ce38c085bf2675d6e125890f2	032ae4aba6fd8f45c500baaae5154678	ed662a780996a0465355da02c8c09ced
21757	2e9cb1a78dd34f6e978f22b74a78774b	e35f47a52c26f67a57d2e9ada9a4d019	dae0ade1cf4d0cde78d88ded1f4fb4c7
21758	2e9cb1a78dd34f6e978f22b74a78774b	e35f47a52c26f67a57d2e9ada9a4d019	dae0ade1cf4d0cde78d88ded1f4fb4c7
21759	2e9cb1a78dd34f6e978f22b74a78774b	e35f47a52c26f67a57d2e9ada9a4d019	dae0ade1cf4d0cde78d88ded1f4fb4c7
21760	2e9cb1a78dd34f6e978f22b74a78774b	e35f47a52c26f67a57d2e9ada9a4d019	dae0ade1cf4d0cde78d88ded1f4fb4c7
21761	2e9cb1a78dd34f6e978f22b74a78774b	e35f47a52c26f67a57d2e9ada9a4d019	dae0ade1cf4d0cde78d88ded1f4fb4c7
21762	2e9cb1a78dd34f6e978f22b74a78774b	e35f47a52c26f67a57d2e9ada9a4d019	dae0ade1cf4d0cde78d88ded1f4fb4c7
21763	2e9cb1a78dd34f6e978f22b74a78774b	e35f47a52c26f67a57d2e9ada9a4d019	dae0ade1cf4d0cde78d88ded1f4fb4c7
21764	e93f3cdef39fe2f7146125b46236a238	f5c2f122e540b93fd1bef12073850dcf	c6157f238dc95e23dd127dc37ed28969
21765	e93f3cdef39fe2f7146125b46236a238	f5c2f122e540b93fd1bef12073850dcf	c6157f238dc95e23dd127dc37ed28969
21766	e93f3cdef39fe2f7146125b46236a238	f5c2f122e540b93fd1bef12073850dcf	c6157f238dc95e23dd127dc37ed28969
21767	37edbef7260158ea1b32447d66540813	63b6efe0a722ec34ec49889d57c38eb3	5d39063a51c2da97fdd7f68bc96cc5e3
21768	37edbef7260158ea1b32447d66540813	63b6efe0a722ec34ec49889d57c38eb3	5d39063a51c2da97fdd7f68bc96cc5e3
21769	2e9cb1a78dd34f6e978f22b74a78774b	e35f47a52c26f67a57d2e9ada9a4d019	dae0ade1cf4d0cde78d88ded1f4fb4c7
21770	2e9cb1a78dd34f6e978f22b74a78774b	e35f47a52c26f67a57d2e9ada9a4d019	dae0ade1cf4d0cde78d88ded1f4fb4c7
21771	2e9cb1a78dd34f6e978f22b74a78774b	e35f47a52c26f67a57d2e9ada9a4d019	dae0ade1cf4d0cde78d88ded1f4fb4c7
21772	2e9cb1a78dd34f6e978f22b74a78774b	e35f47a52c26f67a57d2e9ada9a4d019	dae0ade1cf4d0cde78d88ded1f4fb4c7
21773	2e9cb1a78dd34f6e978f22b74a78774b	e8699dd23e2eceec9ac10ffb533252ff	454dd1a222f6e46cdc93f973c3d0b509
21774	2e9cb1a78dd34f6e978f22b74a78774b	e35f47a52c26f67a57d2e9ada9a4d019	dae0ade1cf4d0cde78d88ded1f4fb4c7
21775	2e9cb1a78dd34f6e978f22b74a78774b	e35f47a52c26f67a57d2e9ada9a4d019	dae0ade1cf4d0cde78d88ded1f4fb4c7
21776	2e9cb1a78dd34f6e978f22b74a78774b	e35f47a52c26f67a57d2e9ada9a4d019	dae0ade1cf4d0cde78d88ded1f4fb4c7
21777	2e9cb1a78dd34f6e978f22b74a78774b	e35f47a52c26f67a57d2e9ada9a4d019	dae0ade1cf4d0cde78d88ded1f4fb4c7
21778	2e9cb1a78dd34f6e978f22b74a78774b	e35f47a52c26f67a57d2e9ada9a4d019	dae0ade1cf4d0cde78d88ded1f4fb4c7
21779	2e9cb1a78dd34f6e978f22b74a78774b	e35f47a52c26f67a57d2e9ada9a4d019	dae0ade1cf4d0cde78d88ded1f4fb4c7
21780	2e9cb1a78dd34f6e978f22b74a78774b	e35f47a52c26f67a57d2e9ada9a4d019	dae0ade1cf4d0cde78d88ded1f4fb4c7
21781	2b16e6b1d2fa504cb4d21e0019d52322	a6cc5a77cf5ee11c79708a37d789d943	244c4931cc49fbd8e61ea610cbe5566d
21782	2b16e6b1d2fa504cb4d21e0019d52322	a6cc5a77cf5ee11c79708a37d789d943	244c4931cc49fbd8e61ea610cbe5566d
21783	2b16e6b1d2fa504cb4d21e0019d52322	a6cc5a77cf5ee11c79708a37d789d943	244c4931cc49fbd8e61ea610cbe5566d
21784	2b16e6b1d2fa504cb4d21e0019d52322	a6cc5a77cf5ee11c79708a37d789d943	244c4931cc49fbd8e61ea610cbe5566d
21785	2b16e6b1d2fa504cb4d21e0019d52322	a6cc5a77cf5ee11c79708a37d789d943	244c4931cc49fbd8e61ea610cbe5566d
21786	2b16e6b1d2fa504cb4d21e0019d52322	a6cc5a77cf5ee11c79708a37d789d943	244c4931cc49fbd8e61ea610cbe5566d
21787	2b16e6b1d2fa504cb4d21e0019d52322	a6cc5a77cf5ee11c79708a37d789d943	244c4931cc49fbd8e61ea610cbe5566d
21788	2b16e6b1d2fa504cb4d21e0019d52322	a6cc5a77cf5ee11c79708a37d789d943	244c4931cc49fbd8e61ea610cbe5566d
21789	2b16e6b1d2fa504cb4d21e0019d52322	a6cc5a77cf5ee11c79708a37d789d943	244c4931cc49fbd8e61ea610cbe5566d
21790	2b16e6b1d2fa504cb4d21e0019d52322	a6cc5a77cf5ee11c79708a37d789d943	244c4931cc49fbd8e61ea610cbe5566d
21791	2b16e6b1d2fa504cb4d21e0019d52322	a6cc5a77cf5ee11c79708a37d789d943	244c4931cc49fbd8e61ea610cbe5566d
21792	2b16e6b1d2fa504cb4d21e0019d52322	a6cc5a77cf5ee11c79708a37d789d943	244c4931cc49fbd8e61ea610cbe5566d
21793	2b16e6b1d2fa504cb4d21e0019d52322	a6cc5a77cf5ee11c79708a37d789d943	244c4931cc49fbd8e61ea610cbe5566d
21794	2b16e6b1d2fa504cb4d21e0019d52322	a6cc5a77cf5ee11c79708a37d789d943	244c4931cc49fbd8e61ea610cbe5566d
21795	2b16e6b1d2fa504cb4d21e0019d52322	a6cc5a77cf5ee11c79708a37d789d943	244c4931cc49fbd8e61ea610cbe5566d
21796	2b16e6b1d2fa504cb4d21e0019d52322	a6cc5a77cf5ee11c79708a37d789d943	244c4931cc49fbd8e61ea610cbe5566d
21797	2b16e6b1d2fa504cb4d21e0019d52322	a6cc5a77cf5ee11c79708a37d789d943	244c4931cc49fbd8e61ea610cbe5566d
21798	7ac4f75598e464cf89b6cf333a9a7374	297ed4b2d27f4c8d62cd94ac3a6a1b27	8f243ddefacc700284196c9677bae90c
21799	6b115b29d299cf1ec864d769b40e71d3	0c9f616404bfd559fc228e39ee4213ab	9300e20f19585a312d9070ecdc96b751
21800	6b115b29d299cf1ec864d769b40e71d3	0c9f616404bfd559fc228e39ee4213ab	9300e20f19585a312d9070ecdc96b751
21801	6badb8f8772cc00466d92867cf843ad5	7265edd5d6fc459d31b57e0f5c2ed32c	0dfa1951e929d0d83614c4b2c4e2a339
21802	6badb8f8772cc00466d92867cf843ad5	7265edd5d6fc459d31b57e0f5c2ed32c	0dfa1951e929d0d83614c4b2c4e2a339
21803	b7258c71b5b5052cb20170b2e64dd540	5ef2135ef94e8c521a0801a8066193ae	87344cb5c2a6c206f680388513905418
21804	b7258c71b5b5052cb20170b2e64dd540	5ef2135ef94e8c521a0801a8066193ae	87344cb5c2a6c206f680388513905418
21805	c44a259884eabc69452401e4e6008df2	a37782513be76df6f21c95a62408c78a	9b156f7e575b62a72bd08b4276cb5e5d
21806	c44a259884eabc69452401e4e6008df2	a37782513be76df6f21c95a62408c78a	9b156f7e575b62a72bd08b4276cb5e5d
21807	c44a259884eabc69452401e4e6008df2	a37782513be76df6f21c95a62408c78a	9b156f7e575b62a72bd08b4276cb5e5d
21808	c44a259884eabc69452401e4e6008df2	a37782513be76df6f21c95a62408c78a	9b156f7e575b62a72bd08b4276cb5e5d
21809	c44a259884eabc69452401e4e6008df2	a37782513be76df6f21c95a62408c78a	9b156f7e575b62a72bd08b4276cb5e5d
21810	a01a12e199c4588aa629c2343102fe8c	8f6c6231eaad2a9eef702130c0df0cfc	d562993d652cc26d9b76081e5c525ad5
21811	a01a12e199c4588aa629c2343102fe8c	8f6c6231eaad2a9eef702130c0df0cfc	d562993d652cc26d9b76081e5c525ad5
21812	a01a12e199c4588aa629c2343102fe8c	8f6c6231eaad2a9eef702130c0df0cfc	d562993d652cc26d9b76081e5c525ad5
21813	a01a12e199c4588aa629c2343102fe8c	f7a7c137b0e8c4e9f03623c533e33daf	ddbfdf09861e36a68afed363ab3bbbd5
21814	a01a12e199c4588aa629c2343102fe8c	f7a7c137b0e8c4e9f03623c533e33daf	ddbfdf09861e36a68afed363ab3bbbd5
21815	092c6f0b8a6f1043ee59e3577335238e	3b0e047d599cf5a6bdea21f17b460429	d98a13eebb617f7dfe7b1c1d78628ca3
21816	a01a12e199c4588aa629c2343102fe8c	dc495864b9c8663ced689e77433bb71d	d5b4c709ba85c6a6acde1c73ee7d8a47
21817	929b494623309946360c2650c630e1f9	e88a1c30fc9d21ee351ada58017593f5	97874d5c19f13278679c815f7cba7581
21818	3e2ab4d78c9e231dd41849c2a250f1cd	25f36dcca7131b8600982793c9bed52e	126d197c79ca37d620d6d63e6f5848b6
21819	3e2ab4d78c9e231dd41849c2a250f1cd	25f36dcca7131b8600982793c9bed52e	126d197c79ca37d620d6d63e6f5848b6
21820	c4a8464eaaec341b043a476c85376547	dbb9c2fa2c1cc714f472323fed16293b	303150b881f6ded1c4c736ef2a812d38
21821	c4a8464eaaec341b043a476c85376547	dbb9c2fa2c1cc714f472323fed16293b	303150b881f6ded1c4c736ef2a812d38
21822	f75e7496ab9a4c36f836469f309e2295	062f0b7ad0e7974ee1c3658d57d46681	19969f62901e6f27991c26cee39e51f5
21823	f75e7496ab9a4c36f836469f309e2295	062f0b7ad0e7974ee1c3658d57d46681	19969f62901e6f27991c26cee39e51f5
21824	f75e7496ab9a4c36f836469f309e2295	062f0b7ad0e7974ee1c3658d57d46681	19969f62901e6f27991c26cee39e51f5
21825	f75e7496ab9a4c36f836469f309e2295	062f0b7ad0e7974ee1c3658d57d46681	19969f62901e6f27991c26cee39e51f5
21826	f75e7496ab9a4c36f836469f309e2295	062f0b7ad0e7974ee1c3658d57d46681	19969f62901e6f27991c26cee39e51f5
21827	a82b290335aedb0797ca88af87bc1f97	6f3fa700792b32baa735c108c621a104	0491aa2f74804c5efd3ee6c0d439ce3a
21828	a82b290335aedb0797ca88af87bc1f97	6f3fa700792b32baa735c108c621a104	0491aa2f74804c5efd3ee6c0d439ce3a
21829	a82b290335aedb0797ca88af87bc1f97	6f3fa700792b32baa735c108c621a104	0491aa2f74804c5efd3ee6c0d439ce3a
21830	b49cade3a8f9aca5fc69ac117607d46d	321087912ccbca0d5c785053d3384601	1ac93fa541a4b8397a15ae20167a3ec9
21831	a224279d60da15ae8353defc8b9552fe	efea9e60b82cca21cd9184f5da0fc5fb	35042d18382cffaf660c351019d59592
21832	71532635c759ab2ea7868f9861b31775	437e3a8bb93e29b6cca853573ff918d5	e13ab6eccc829e5e1d5cc4136d284b68
21833	71532635c759ab2ea7868f9861b31775	437e3a8bb93e29b6cca853573ff918d5	e13ab6eccc829e5e1d5cc4136d284b68
21834	e4042af48c0166559320dc741acb8df0	2c165809442577f2714ad0d6356de4cf	12bd8189ee59d8c8772e0a0dfc2b7582
21835	e4042af48c0166559320dc741acb8df0	2c165809442577f2714ad0d6356de4cf	12bd8189ee59d8c8772e0a0dfc2b7582
21836	e4042af48c0166559320dc741acb8df0	2c165809442577f2714ad0d6356de4cf	12bd8189ee59d8c8772e0a0dfc2b7582
21837	e4042af48c0166559320dc741acb8df0	2c165809442577f2714ad0d6356de4cf	12bd8189ee59d8c8772e0a0dfc2b7582
21838	e4042af48c0166559320dc741acb8df0	2c165809442577f2714ad0d6356de4cf	12bd8189ee59d8c8772e0a0dfc2b7582
21839	f9a3a952631a0e7914f7743ebe0c5e9a	2ef04a62324490e7d5c919e09f7fcb61	d1625dd3d68402d697c47a53520f018a
21840	f9a3a952631a0e7914f7743ebe0c5e9a	2ef04a62324490e7d5c919e09f7fcb61	d1625dd3d68402d697c47a53520f018a
21841	f9a3a952631a0e7914f7743ebe0c5e9a	2ef04a62324490e7d5c919e09f7fcb61	d1625dd3d68402d697c47a53520f018a
21842	f9a3a952631a0e7914f7743ebe0c5e9a	2ef04a62324490e7d5c919e09f7fcb61	d1625dd3d68402d697c47a53520f018a
21843	f9a3a952631a0e7914f7743ebe0c5e9a	2ef04a62324490e7d5c919e09f7fcb61	d1625dd3d68402d697c47a53520f018a
21844	f9a3a952631a0e7914f7743ebe0c5e9a	2ef04a62324490e7d5c919e09f7fcb61	d1625dd3d68402d697c47a53520f018a
21845	f9a3a952631a0e7914f7743ebe0c5e9a	2ef04a62324490e7d5c919e09f7fcb61	d1625dd3d68402d697c47a53520f018a
21846	c8dfba8c36e91ea395aefba0a7ffac12	30a6a0b8049472997617f17abf8931eb	1830f82e721f294d3bc1d698c3c808d7
21847	c8dfba8c36e91ea395aefba0a7ffac12	30a6a0b8049472997617f17abf8931eb	1830f82e721f294d3bc1d698c3c808d7
21848	c8dfba8c36e91ea395aefba0a7ffac12	30a6a0b8049472997617f17abf8931eb	1830f82e721f294d3bc1d698c3c808d7
21849	2be7cbec2c980a1ed90bbd46e3e48334	4396832ee6b6fcb4df263ac38f54c565	f3033c0b1d9492305f448919bcca7051
21850	c8dfba8c36e91ea395aefba0a7ffac12	30a6a0b8049472997617f17abf8931eb	1830f82e721f294d3bc1d698c3c808d7
21851	5e7668609d5f8aa5f7fd79e157b08dd1	9f1a816a815ee2f9ce6dfe302bc0d0f4	3caaa2d739853b9492f1c7907308afba
21852	5e7668609d5f8aa5f7fd79e157b08dd1	9f1a816a815ee2f9ce6dfe302bc0d0f4	3caaa2d739853b9492f1c7907308afba
21853	5e7668609d5f8aa5f7fd79e157b08dd1	9f1a816a815ee2f9ce6dfe302bc0d0f4	3caaa2d739853b9492f1c7907308afba
21854	5e7668609d5f8aa5f7fd79e157b08dd1	9f1a816a815ee2f9ce6dfe302bc0d0f4	3caaa2d739853b9492f1c7907308afba
21855	5e7668609d5f8aa5f7fd79e157b08dd1	9f1a816a815ee2f9ce6dfe302bc0d0f4	3caaa2d739853b9492f1c7907308afba
21856	5e7668609d5f8aa5f7fd79e157b08dd1	9f1a816a815ee2f9ce6dfe302bc0d0f4	3caaa2d739853b9492f1c7907308afba
21857	5e7668609d5f8aa5f7fd79e157b08dd1	9f1a816a815ee2f9ce6dfe302bc0d0f4	3caaa2d739853b9492f1c7907308afba
21858	e03cef79ffbcb6f71551a2b1620acd63	ad47bf3987a0a17b43700a6ddb01482f	fb3175a88ad8b0f86d03e4b487228fa3
21859	e03cef79ffbcb6f71551a2b1620acd63	ad47bf3987a0a17b43700a6ddb01482f	fb3175a88ad8b0f86d03e4b487228fa3
21860	e03cef79ffbcb6f71551a2b1620acd63	ad47bf3987a0a17b43700a6ddb01482f	fb3175a88ad8b0f86d03e4b487228fa3
21861	e03cef79ffbcb6f71551a2b1620acd63	ad47bf3987a0a17b43700a6ddb01482f	fb3175a88ad8b0f86d03e4b487228fa3
21862	e03cef79ffbcb6f71551a2b1620acd63	ad47bf3987a0a17b43700a6ddb01482f	fb3175a88ad8b0f86d03e4b487228fa3
21863	7eb2ab0cc14f3eede3b4cb4e592c1c0e	ec6e84a3376cd699d06ab94c02e0550d	292f21bb39f1ab74801fde860f433063
21864	7eb2ab0cc14f3eede3b4cb4e592c1c0e	ec6e84a3376cd699d06ab94c02e0550d	292f21bb39f1ab74801fde860f433063
21865	7eb2ab0cc14f3eede3b4cb4e592c1c0e	ec6e84a3376cd699d06ab94c02e0550d	292f21bb39f1ab74801fde860f433063
21866	7eb2ab0cc14f3eede3b4cb4e592c1c0e	ec6e84a3376cd699d06ab94c02e0550d	292f21bb39f1ab74801fde860f433063
21867	7eb2ab0cc14f3eede3b4cb4e592c1c0e	ec6e84a3376cd699d06ab94c02e0550d	292f21bb39f1ab74801fde860f433063
21868	a40fc92e277c6675bbf1e7f61871a663	fb41af2e255352b7d67d2304caa78266	40a5fbf167c3a84b9cc965caced34372
21869	a40fc92e277c6675bbf1e7f61871a663	fb41af2e255352b7d67d2304caa78266	40a5fbf167c3a84b9cc965caced34372
21870	a40fc92e277c6675bbf1e7f61871a663	fb41af2e255352b7d67d2304caa78266	40a5fbf167c3a84b9cc965caced34372
21871	a40fc92e277c6675bbf1e7f61871a663	fb41af2e255352b7d67d2304caa78266	40a5fbf167c3a84b9cc965caced34372
21872	a40fc92e277c6675bbf1e7f61871a663	fb41af2e255352b7d67d2304caa78266	40a5fbf167c3a84b9cc965caced34372
21873	516b13952e4a9cba52ddc705b33cb402	24f7c66499434d625c3d063f79645206	cbfeeb808b9bdc012d6916379f0b3c14
21874	516b13952e4a9cba52ddc705b33cb402	24f7c66499434d625c3d063f79645206	cbfeeb808b9bdc012d6916379f0b3c14
21875	3a9e333f768719531459bcd75a2743cb	bfffa568b07c0d278b6c72b89687ee31	9ed6137abe355284b9cf7057d65990d3
21876	3a9e333f768719531459bcd75a2743cb	bfffa568b07c0d278b6c72b89687ee31	9ed6137abe355284b9cf7057d65990d3
21877	3a9e333f768719531459bcd75a2743cb	bfffa568b07c0d278b6c72b89687ee31	9ed6137abe355284b9cf7057d65990d3
21878	a40fc92e277c6675bbf1e7f61871a663	fb41af2e255352b7d67d2304caa78266	40a5fbf167c3a84b9cc965caced34372
21879	a40fc92e277c6675bbf1e7f61871a663	fb41af2e255352b7d67d2304caa78266	40a5fbf167c3a84b9cc965caced34372
21880	367540064816070e9df6dfec0fea765f	b854a8c359c1ad3652d51def1e2dee2c	31b556cc4f9e03437c6e5a3ac5f66df0
21881	367540064816070e9df6dfec0fea765f	b854a8c359c1ad3652d51def1e2dee2c	31b556cc4f9e03437c6e5a3ac5f66df0
21882	367540064816070e9df6dfec0fea765f	b854a8c359c1ad3652d51def1e2dee2c	31b556cc4f9e03437c6e5a3ac5f66df0
21883	e78b9fc1bf9ffd7bf60b5ec6fda9a5b2	b6740d4bb66b1082ea1b09aa789ab608	bfb7d90bc26a50b89a484ff890daabac
21884	e78b9fc1bf9ffd7bf60b5ec6fda9a5b2	b6740d4bb66b1082ea1b09aa789ab608	bfb7d90bc26a50b89a484ff890daabac
21885	4511b1756f46f08f1cd1ec4c54ea6aac	5e17c0ff6b78254689ce8c0c57329903	8145e2a9931e341598ba7367831d97a9
21886	4511b1756f46f08f1cd1ec4c54ea6aac	5e17c0ff6b78254689ce8c0c57329903	8145e2a9931e341598ba7367831d97a9
21887	559d4a5282318318f554139ef5df2b93	5f453d937681205a2d72841d4961ff91	84df89935db4e5597240d67962c8507e
21888	559d4a5282318318f554139ef5df2b93	5f453d937681205a2d72841d4961ff91	84df89935db4e5597240d67962c8507e
21889	559d4a5282318318f554139ef5df2b93	5f453d937681205a2d72841d4961ff91	84df89935db4e5597240d67962c8507e
21890	559d4a5282318318f554139ef5df2b93	5f453d937681205a2d72841d4961ff91	84df89935db4e5597240d67962c8507e
21891	559d4a5282318318f554139ef5df2b93	5f453d937681205a2d72841d4961ff91	84df89935db4e5597240d67962c8507e
21892	559d4a5282318318f554139ef5df2b93	5f453d937681205a2d72841d4961ff91	84df89935db4e5597240d67962c8507e
21893	559d4a5282318318f554139ef5df2b93	5f453d937681205a2d72841d4961ff91	84df89935db4e5597240d67962c8507e
21894	559d4a5282318318f554139ef5df2b93	5f453d937681205a2d72841d4961ff91	84df89935db4e5597240d67962c8507e
21895	559d4a5282318318f554139ef5df2b93	5f453d937681205a2d72841d4961ff91	84df89935db4e5597240d67962c8507e
21896	559d4a5282318318f554139ef5df2b93	5f453d937681205a2d72841d4961ff91	84df89935db4e5597240d67962c8507e
21897	28775241913186e698058f0b74996bf7	bb86ab44a4a6ad04bb089a09440c2d1d	7cf7c30b546b424b5948aa4cdc498ffd
21898	28775241913186e698058f0b74996bf7	bb86ab44a4a6ad04bb089a09440c2d1d	7cf7c30b546b424b5948aa4cdc498ffd
21899	28775241913186e698058f0b74996bf7	bb86ab44a4a6ad04bb089a09440c2d1d	7cf7c30b546b424b5948aa4cdc498ffd
21900	28775241913186e698058f0b74996bf7	bb86ab44a4a6ad04bb089a09440c2d1d	7cf7c30b546b424b5948aa4cdc498ffd
21901	28775241913186e698058f0b74996bf7	bb86ab44a4a6ad04bb089a09440c2d1d	7cf7c30b546b424b5948aa4cdc498ffd
21902	28775241913186e698058f0b74996bf7	bb86ab44a4a6ad04bb089a09440c2d1d	7cf7c30b546b424b5948aa4cdc498ffd
21903	28775241913186e698058f0b74996bf7	bb86ab44a4a6ad04bb089a09440c2d1d	7cf7c30b546b424b5948aa4cdc498ffd
21904	1bd41e7db1d76e099ab450d4647f4bb3	d196e1a865c7d131cdec000d22604782	0c2a96ab8d2d221050a4e78265a10544
21905	1bd41e7db1d76e099ab450d4647f4bb3	d196e1a865c7d131cdec000d22604782	0c2a96ab8d2d221050a4e78265a10544
21906	1bd41e7db1d76e099ab450d4647f4bb3	d196e1a865c7d131cdec000d22604782	0c2a96ab8d2d221050a4e78265a10544
21907	1bd41e7db1d76e099ab450d4647f4bb3	d196e1a865c7d131cdec000d22604782	0c2a96ab8d2d221050a4e78265a10544
21908	1bd41e7db1d76e099ab450d4647f4bb3	d196e1a865c7d131cdec000d22604782	0c2a96ab8d2d221050a4e78265a10544
21909	5efee55e85cd971adc506c4b66a639d9	ddbf3765ace484941e2f2e286fda7a01	091a84b445a14ace08dfcd4ea489292f
21910	5efee55e85cd971adc506c4b66a639d9	ddbf3765ace484941e2f2e286fda7a01	091a84b445a14ace08dfcd4ea489292f
21911	5efee55e85cd971adc506c4b66a639d9	ddbf3765ace484941e2f2e286fda7a01	091a84b445a14ace08dfcd4ea489292f
21912	5efee55e85cd971adc506c4b66a639d9	ddbf3765ace484941e2f2e286fda7a01	091a84b445a14ace08dfcd4ea489292f
21913	5efee55e85cd971adc506c4b66a639d9	ddbf3765ace484941e2f2e286fda7a01	091a84b445a14ace08dfcd4ea489292f
21914	5efee55e85cd971adc506c4b66a639d9	ddbf3765ace484941e2f2e286fda7a01	091a84b445a14ace08dfcd4ea489292f
21915	5efee55e85cd971adc506c4b66a639d9	ddbf3765ace484941e2f2e286fda7a01	091a84b445a14ace08dfcd4ea489292f
21916	5efee55e85cd971adc506c4b66a639d9	ddbf3765ace484941e2f2e286fda7a01	091a84b445a14ace08dfcd4ea489292f
21917	5efee55e85cd971adc506c4b66a639d9	ddbf3765ace484941e2f2e286fda7a01	091a84b445a14ace08dfcd4ea489292f
21918	5efee55e85cd971adc506c4b66a639d9	ddbf3765ace484941e2f2e286fda7a01	091a84b445a14ace08dfcd4ea489292f
21919	5efee55e85cd971adc506c4b66a639d9	ddbf3765ace484941e2f2e286fda7a01	091a84b445a14ace08dfcd4ea489292f
21920	5efee55e85cd971adc506c4b66a639d9	ddbf3765ace484941e2f2e286fda7a01	091a84b445a14ace08dfcd4ea489292f
21921	5efee55e85cd971adc506c4b66a639d9	ddbf3765ace484941e2f2e286fda7a01	091a84b445a14ace08dfcd4ea489292f
21922	5efee55e85cd971adc506c4b66a639d9	ddbf3765ace484941e2f2e286fda7a01	091a84b445a14ace08dfcd4ea489292f
21923	5efee55e85cd971adc506c4b66a639d9	ddbf3765ace484941e2f2e286fda7a01	091a84b445a14ace08dfcd4ea489292f
21924	5efee55e85cd971adc506c4b66a639d9	ddbf3765ace484941e2f2e286fda7a01	091a84b445a14ace08dfcd4ea489292f
21925	5efee55e85cd971adc506c4b66a639d9	ddbf3765ace484941e2f2e286fda7a01	091a84b445a14ace08dfcd4ea489292f
21926	c2516d334f1a5d312bc69a33decb2bd8	c2e29e3491d24fc221ca4845cb649a68	ec45561196f54c459a89d1190898c588
21927	c2516d334f1a5d312bc69a33decb2bd8	c2e29e3491d24fc221ca4845cb649a68	ec45561196f54c459a89d1190898c588
21928	c2516d334f1a5d312bc69a33decb2bd8	c2e29e3491d24fc221ca4845cb649a68	ec45561196f54c459a89d1190898c588
21929	c2516d334f1a5d312bc69a33decb2bd8	2214e44af1c8611b5aaed354ed70be0f	4b743d9948a68b81147f5a5e6b8e93da
21930	c2516d334f1a5d312bc69a33decb2bd8	2214e44af1c8611b5aaed354ed70be0f	4b743d9948a68b81147f5a5e6b8e93da
21931	c2516d334f1a5d312bc69a33decb2bd8	2214e44af1c8611b5aaed354ed70be0f	4b743d9948a68b81147f5a5e6b8e93da
21932	c2516d334f1a5d312bc69a33decb2bd8	2214e44af1c8611b5aaed354ed70be0f	4b743d9948a68b81147f5a5e6b8e93da
21933	63e6f9f7af52b59a13414c0a72ebb340	59f5b73aae4e14fbd5c540e646171eb9	e57c1edf2fb98feb88f4cbb35c31d8a7
21934	f58b4e65ac689a53c0d5a3433e224672	1a17a4097a9bd2ba85391e5010ce2867	469fae1cd4e6432b55c52ca52e95db81
21935	f58b4e65ac689a53c0d5a3433e224672	1a17a4097a9bd2ba85391e5010ce2867	469fae1cd4e6432b55c52ca52e95db81
21936	9223a4546f2ab835c7fd00cdf74ab430	8284324938c67ca03bba3b673595a27b	8f5ca1b01402124775a8674338115af3
21937	9223a4546f2ab835c7fd00cdf74ab430	8284324938c67ca03bba3b673595a27b	8f5ca1b01402124775a8674338115af3
21938	1bf4c0e5772046a90c4523c915cbb9a9	d26e96724c09b2039a5ff22b3706c110	44c32d4c82b6704039cd0ddf66355833
21939	50170ff1ccacc5a56802d8ab3816f655	f9def406d22e42170331e888e818dfd9	a4a28783916cbb2ab0176e7c62403de6
21940	50170ff1ccacc5a56802d8ab3816f655	f9def406d22e42170331e888e818dfd9	a4a28783916cbb2ab0176e7c62403de6
21941	583032eae84b0a271890810293d96834	a27083fea603bf3853cb93dfaadf47df	c79828c377132851cdb4b23e917aee28
21942	583032eae84b0a271890810293d96834	a27083fea603bf3853cb93dfaadf47df	c79828c377132851cdb4b23e917aee28
21943	583032eae84b0a271890810293d96834	a27083fea603bf3853cb93dfaadf47df	c79828c377132851cdb4b23e917aee28
21944	583032eae84b0a271890810293d96834	a27083fea603bf3853cb93dfaadf47df	c79828c377132851cdb4b23e917aee28
21945	7ec2651e08aaa4601db35b9e5f12b84f	a397594b18afda427ee673cdf349c106	9c6eb329c0e50b7ce8f17a89eff2d192
21946	7ec2651e08aaa4601db35b9e5f12b84f	a397594b18afda427ee673cdf349c106	9c6eb329c0e50b7ce8f17a89eff2d192
21947	7ec2651e08aaa4601db35b9e5f12b84f	a397594b18afda427ee673cdf349c106	9c6eb329c0e50b7ce8f17a89eff2d192
21948	0ac8967a0626c75a525bd3c10f150eff	5169732b7191539b14f7d5054b2c1196	e7f13d9e623135aa317b4c03035644d1
21949	0ac8967a0626c75a525bd3c10f150eff	5169732b7191539b14f7d5054b2c1196	e7f13d9e623135aa317b4c03035644d1
21950	9e63174d2da6e095c122af297e9a32f6	84d2327a4cc5b452ff9cc2d872fe3310	6e2e969fd0c4e78a4b5ac3934d11b368
21951	9e63174d2da6e095c122af297e9a32f6	84d2327a4cc5b452ff9cc2d872fe3310	6e2e969fd0c4e78a4b5ac3934d11b368
21952	9e63174d2da6e095c122af297e9a32f6	84d2327a4cc5b452ff9cc2d872fe3310	6e2e969fd0c4e78a4b5ac3934d11b368
21953	9e63174d2da6e095c122af297e9a32f6	84d2327a4cc5b452ff9cc2d872fe3310	6e2e969fd0c4e78a4b5ac3934d11b368
21954	9e63174d2da6e095c122af297e9a32f6	84d2327a4cc5b452ff9cc2d872fe3310	6e2e969fd0c4e78a4b5ac3934d11b368
21955	9e63174d2da6e095c122af297e9a32f6	84d2327a4cc5b452ff9cc2d872fe3310	6e2e969fd0c4e78a4b5ac3934d11b368
21956	9e63174d2da6e095c122af297e9a32f6	84d2327a4cc5b452ff9cc2d872fe3310	6e2e969fd0c4e78a4b5ac3934d11b368
21957	9827f4c2fdf874b6b67e3d29e07ec872	aaad8935726d98ef4e16c547538faf56	eae33f7da1e8110a4bd6a325d0fe82fb
21958	9827f4c2fdf874b6b67e3d29e07ec872	aaad8935726d98ef4e16c547538faf56	eae33f7da1e8110a4bd6a325d0fe82fb
21959	9827f4c2fdf874b6b67e3d29e07ec872	aaad8935726d98ef4e16c547538faf56	eae33f7da1e8110a4bd6a325d0fe82fb
21960	9827f4c2fdf874b6b67e3d29e07ec872	aaad8935726d98ef4e16c547538faf56	eae33f7da1e8110a4bd6a325d0fe82fb
21961	9827f4c2fdf874b6b67e3d29e07ec872	aaad8935726d98ef4e16c547538faf56	eae33f7da1e8110a4bd6a325d0fe82fb
21962	9827f4c2fdf874b6b67e3d29e07ec872	aaad8935726d98ef4e16c547538faf56	eae33f7da1e8110a4bd6a325d0fe82fb
21963	9827f4c2fdf874b6b67e3d29e07ec872	aaad8935726d98ef4e16c547538faf56	eae33f7da1e8110a4bd6a325d0fe82fb
21964	9827f4c2fdf874b6b67e3d29e07ec872	aaad8935726d98ef4e16c547538faf56	eae33f7da1e8110a4bd6a325d0fe82fb
21965	9827f4c2fdf874b6b67e3d29e07ec872	aaad8935726d98ef4e16c547538faf56	eae33f7da1e8110a4bd6a325d0fe82fb
21966	9827f4c2fdf874b6b67e3d29e07ec872	aaad8935726d98ef4e16c547538faf56	eae33f7da1e8110a4bd6a325d0fe82fb
21967	30f377af56d930c25677b59cbac4553d	82154954533ea04cce1bfba5ee753037	b96ac253d8b284a1f1a20b8e744933c8
21968	30f377af56d930c25677b59cbac4553d	82154954533ea04cce1bfba5ee753037	b96ac253d8b284a1f1a20b8e744933c8
21969	30f377af56d930c25677b59cbac4553d	82154954533ea04cce1bfba5ee753037	b96ac253d8b284a1f1a20b8e744933c8
21970	30f377af56d930c25677b59cbac4553d	82154954533ea04cce1bfba5ee753037	b96ac253d8b284a1f1a20b8e744933c8
21971	30f377af56d930c25677b59cbac4553d	82154954533ea04cce1bfba5ee753037	b96ac253d8b284a1f1a20b8e744933c8
21972	30f377af56d930c25677b59cbac4553d	82154954533ea04cce1bfba5ee753037	b96ac253d8b284a1f1a20b8e744933c8
21973	30f377af56d930c25677b59cbac4553d	82154954533ea04cce1bfba5ee753037	b96ac253d8b284a1f1a20b8e744933c8
21974	312682c4a84c7f505fb35e98214ef153	5d23db6444821798a0123991c962a528	f3c306e1da69f22ad1b76c1a9f1268ee
21975	312682c4a84c7f505fb35e98214ef153	5d23db6444821798a0123991c962a528	f3c306e1da69f22ad1b76c1a9f1268ee
21976	312682c4a84c7f505fb35e98214ef153	5d23db6444821798a0123991c962a528	f3c306e1da69f22ad1b76c1a9f1268ee
21977	312682c4a84c7f505fb35e98214ef153	5d23db6444821798a0123991c962a528	f3c306e1da69f22ad1b76c1a9f1268ee
21978	312682c4a84c7f505fb35e98214ef153	5d23db6444821798a0123991c962a528	f3c306e1da69f22ad1b76c1a9f1268ee
21979	6433bd744a4d01f4088a610de1a2b2a9	313b7234a6a737b07bd26f812e55da06	77ff0ac99721c2989748180b919ca11f
21980	6433bd744a4d01f4088a610de1a2b2a9	313b7234a6a737b07bd26f812e55da06	77ff0ac99721c2989748180b919ca11f
21981	6433bd744a4d01f4088a610de1a2b2a9	313b7234a6a737b07bd26f812e55da06	77ff0ac99721c2989748180b919ca11f
21982	6433bd744a4d01f4088a610de1a2b2a9	313b7234a6a737b07bd26f812e55da06	77ff0ac99721c2989748180b919ca11f
21983	6433bd744a4d01f4088a610de1a2b2a9	313b7234a6a737b07bd26f812e55da06	77ff0ac99721c2989748180b919ca11f
21984	6433bd744a4d01f4088a610de1a2b2a9	313b7234a6a737b07bd26f812e55da06	77ff0ac99721c2989748180b919ca11f
21985	6433bd744a4d01f4088a610de1a2b2a9	313b7234a6a737b07bd26f812e55da06	77ff0ac99721c2989748180b919ca11f
21986	d2f9f0fe2647ead11aaea7e652013698	05097440b2c2764d8ce811791c719f2e	90525bb6a0bc54e20928d69c84bea389
21987	d2f9f0fe2647ead11aaea7e652013698	05097440b2c2764d8ce811791c719f2e	90525bb6a0bc54e20928d69c84bea389
21988	d2f9f0fe2647ead11aaea7e652013698	05097440b2c2764d8ce811791c719f2e	90525bb6a0bc54e20928d69c84bea389
21989	d2f9f0fe2647ead11aaea7e652013698	05097440b2c2764d8ce811791c719f2e	90525bb6a0bc54e20928d69c84bea389
21990	d2f9f0fe2647ead11aaea7e652013698	05097440b2c2764d8ce811791c719f2e	90525bb6a0bc54e20928d69c84bea389
21991	2dfe992331866fff56117d6b336b1fbc	e3d68dfd98b6addb983389213d44ac4e	e2d27b7a9042fecc63d6b45371e958db
21992	40a26de9347b2a6d3d27be302a10ff94	3a69686b94f29f0c7e8fed6e46dc6f8d	15f76b4aaa796c3d130df2c9b0658933
21993	1c24c5bddf8585e5379e8d671beccd18	f4b467a11fe1f8ecb68d1766c8cb6e54	5a7c33e01a70bfdd6ce60be53332607d
21994	1f59c16cef7f380da19f2f10a39f008a	bb5cfdca216a159d08f56035ba29f071	5b5ad577242457ce7a7ef49dc833d0b0
21995	1f59c16cef7f380da19f2f10a39f008a	bb5cfdca216a159d08f56035ba29f071	5b5ad577242457ce7a7ef49dc833d0b0
21996	d7541ce976da1bf4238f77571328437d	9df5fb2cd15470b5d28ad4aaae62a2c2	58d89c709fa60a7389c0f0499c6bd0be
21997	d7541ce976da1bf4238f77571328437d	9df5fb2cd15470b5d28ad4aaae62a2c2	58d89c709fa60a7389c0f0499c6bd0be
21998	d7541ce976da1bf4238f77571328437d	9df5fb2cd15470b5d28ad4aaae62a2c2	58d89c709fa60a7389c0f0499c6bd0be
21999	d7541ce976da1bf4238f77571328437d	9df5fb2cd15470b5d28ad4aaae62a2c2	58d89c709fa60a7389c0f0499c6bd0be
22000	d7541ce976da1bf4238f77571328437d	9df5fb2cd15470b5d28ad4aaae62a2c2	58d89c709fa60a7389c0f0499c6bd0be
22001	d7541ce976da1bf4238f77571328437d	9df5fb2cd15470b5d28ad4aaae62a2c2	58d89c709fa60a7389c0f0499c6bd0be
22002	d7541ce976da1bf4238f77571328437d	9df5fb2cd15470b5d28ad4aaae62a2c2	58d89c709fa60a7389c0f0499c6bd0be
22003	01691aac85184fbdd43df8ddadb1b2cd	4a25261758ec7cfea27c84fcbcad7d5e	40fca01e0afa7e9a0fd61a23fea7a391
22004	01691aac85184fbdd43df8ddadb1b2cd	4a25261758ec7cfea27c84fcbcad7d5e	40fca01e0afa7e9a0fd61a23fea7a391
22005	01691aac85184fbdd43df8ddadb1b2cd	4a25261758ec7cfea27c84fcbcad7d5e	40fca01e0afa7e9a0fd61a23fea7a391
22006	01691aac85184fbdd43df8ddadb1b2cd	4a25261758ec7cfea27c84fcbcad7d5e	40fca01e0afa7e9a0fd61a23fea7a391
22007	01691aac85184fbdd43df8ddadb1b2cd	4a25261758ec7cfea27c84fcbcad7d5e	40fca01e0afa7e9a0fd61a23fea7a391
22008	2a39e2a9dc5b4dd6a0dfdcf0757e9a8d	430069881d34bcb78e13ba18279d5fa9	c945e80fc7dca2732118052c434506e1
22009	2a39e2a9dc5b4dd6a0dfdcf0757e9a8d	430069881d34bcb78e13ba18279d5fa9	c945e80fc7dca2732118052c434506e1
22010	2a39e2a9dc5b4dd6a0dfdcf0757e9a8d	430069881d34bcb78e13ba18279d5fa9	c945e80fc7dca2732118052c434506e1
22011	0e0869296eed900ba93e6861b8eeaa7e	c3dffdc7ada4cecbb7b322444aa48e3d	d6028e87b63df46567e02241f81356b8
22012	0e0869296eed900ba93e6861b8eeaa7e	c3dffdc7ada4cecbb7b322444aa48e3d	d6028e87b63df46567e02241f81356b8
22013	c11286e98773a0757f32f58edb61b08c	00483bf56956896562d56ab4cb34f3f5	165f245054d2ebe2a1ee358c75ca7585
22014	c11286e98773a0757f32f58edb61b08c	00483bf56956896562d56ab4cb34f3f5	165f245054d2ebe2a1ee358c75ca7585
22015	322cc396eec7b0bfa15cde33d8d161c9	6e5143857da1ec6fce014804f5eaea60	32bcc2bedbac94b820f39e088f3bd339
22016	322cc396eec7b0bfa15cde33d8d161c9	6e5143857da1ec6fce014804f5eaea60	32bcc2bedbac94b820f39e088f3bd339
22017	322cc396eec7b0bfa15cde33d8d161c9	6e5143857da1ec6fce014804f5eaea60	32bcc2bedbac94b820f39e088f3bd339
22018	9c578e7eb1165aea29153561361be2c9	bc1eb286857a8778b4b6449da6657701	87c714046f7c9e2a48d5ca743eead69f
22019	322cc396eec7b0bfa15cde33d8d161c9	6e5143857da1ec6fce014804f5eaea60	32bcc2bedbac94b820f39e088f3bd339
22020	f25bc256ecc1807d2962c987be8b9e05	9134b53fde7e17b6ad9c8c75fc0fd510	4673a6dd55a01ae6583d30a1712dd7ce
22021	f25bc256ecc1807d2962c987be8b9e05	9134b53fde7e17b6ad9c8c75fc0fd510	4673a6dd55a01ae6583d30a1712dd7ce
22022	f25bc256ecc1807d2962c987be8b9e05	9134b53fde7e17b6ad9c8c75fc0fd510	4673a6dd55a01ae6583d30a1712dd7ce
22023	f25bc256ecc1807d2962c987be8b9e05	9134b53fde7e17b6ad9c8c75fc0fd510	4673a6dd55a01ae6583d30a1712dd7ce
22024	f25bc256ecc1807d2962c987be8b9e05	9134b53fde7e17b6ad9c8c75fc0fd510	4673a6dd55a01ae6583d30a1712dd7ce
22025	f25bc256ecc1807d2962c987be8b9e05	9134b53fde7e17b6ad9c8c75fc0fd510	4673a6dd55a01ae6583d30a1712dd7ce
22026	f25bc256ecc1807d2962c987be8b9e05	9134b53fde7e17b6ad9c8c75fc0fd510	4673a6dd55a01ae6583d30a1712dd7ce
22027	f25bc256ecc1807d2962c987be8b9e05	9134b53fde7e17b6ad9c8c75fc0fd510	4673a6dd55a01ae6583d30a1712dd7ce
22028	f25bc256ecc1807d2962c987be8b9e05	9134b53fde7e17b6ad9c8c75fc0fd510	4673a6dd55a01ae6583d30a1712dd7ce
22029	f25bc256ecc1807d2962c987be8b9e05	9134b53fde7e17b6ad9c8c75fc0fd510	4673a6dd55a01ae6583d30a1712dd7ce
22030	f25bc256ecc1807d2962c987be8b9e05	9134b53fde7e17b6ad9c8c75fc0fd510	4673a6dd55a01ae6583d30a1712dd7ce
22031	f25bc256ecc1807d2962c987be8b9e05	9134b53fde7e17b6ad9c8c75fc0fd510	4673a6dd55a01ae6583d30a1712dd7ce
22032	3e9d0148fb52c62066026914bdf5fac6	80f30bfa3149439cf799f7c7f7cff31e	49782cd91ff8d55c25eb2539ceb14f71
22033	3e9d0148fb52c62066026914bdf5fac6	80f30bfa3149439cf799f7c7f7cff31e	49782cd91ff8d55c25eb2539ceb14f71
22034	3e9d0148fb52c62066026914bdf5fac6	80f30bfa3149439cf799f7c7f7cff31e	49782cd91ff8d55c25eb2539ceb14f71
22035	3e9d0148fb52c62066026914bdf5fac6	80f30bfa3149439cf799f7c7f7cff31e	49782cd91ff8d55c25eb2539ceb14f71
22036	3e9d0148fb52c62066026914bdf5fac6	80f30bfa3149439cf799f7c7f7cff31e	49782cd91ff8d55c25eb2539ceb14f71
22037	149851ae727e5fa7ec95a45001473424	1c983b646cd4dd786e4e1d231bbf8014	e6810651d23ab8da5fdc14c08571e912
22038	149851ae727e5fa7ec95a45001473424	1c983b646cd4dd786e4e1d231bbf8014	e6810651d23ab8da5fdc14c08571e912
22039	149851ae727e5fa7ec95a45001473424	1c983b646cd4dd786e4e1d231bbf8014	e6810651d23ab8da5fdc14c08571e912
22040	149851ae727e5fa7ec95a45001473424	1c983b646cd4dd786e4e1d231bbf8014	e6810651d23ab8da5fdc14c08571e912
22041	149851ae727e5fa7ec95a45001473424	1c983b646cd4dd786e4e1d231bbf8014	e6810651d23ab8da5fdc14c08571e912
22042	149851ae727e5fa7ec95a45001473424	1c983b646cd4dd786e4e1d231bbf8014	e6810651d23ab8da5fdc14c08571e912
22043	149851ae727e5fa7ec95a45001473424	1c983b646cd4dd786e4e1d231bbf8014	e6810651d23ab8da5fdc14c08571e912
22044	149851ae727e5fa7ec95a45001473424	1c983b646cd4dd786e4e1d231bbf8014	e6810651d23ab8da5fdc14c08571e912
22045	149851ae727e5fa7ec95a45001473424	1c983b646cd4dd786e4e1d231bbf8014	e6810651d23ab8da5fdc14c08571e912
22046	149851ae727e5fa7ec95a45001473424	1c983b646cd4dd786e4e1d231bbf8014	e6810651d23ab8da5fdc14c08571e912
22047	149851ae727e5fa7ec95a45001473424	1c983b646cd4dd786e4e1d231bbf8014	e6810651d23ab8da5fdc14c08571e912
22048	149851ae727e5fa7ec95a45001473424	1c983b646cd4dd786e4e1d231bbf8014	e6810651d23ab8da5fdc14c08571e912
22049	3d7ae23461a58df8a48941a5d4ae2ad7	e5a29718e1f0bd755139440702ffd455	e578e3a90fc110dea2897cb775275433
22050	3d7ae23461a58df8a48941a5d4ae2ad7	e5a29718e1f0bd755139440702ffd455	e578e3a90fc110dea2897cb775275433
22051	3d7ae23461a58df8a48941a5d4ae2ad7	e5a29718e1f0bd755139440702ffd455	e578e3a90fc110dea2897cb775275433
22052	3d7ae23461a58df8a48941a5d4ae2ad7	e5a29718e1f0bd755139440702ffd455	e578e3a90fc110dea2897cb775275433
22053	3d7ae23461a58df8a48941a5d4ae2ad7	e5a29718e1f0bd755139440702ffd455	e578e3a90fc110dea2897cb775275433
22054	3d7ae23461a58df8a48941a5d4ae2ad7	e5a29718e1f0bd755139440702ffd455	e578e3a90fc110dea2897cb775275433
22055	3d7ae23461a58df8a48941a5d4ae2ad7	e5a29718e1f0bd755139440702ffd455	e578e3a90fc110dea2897cb775275433
22056	2c8edf30cbce92356e0417e6c19f3ba4	ba336501b98f9480a7c933612c5b0082	add8f7d7ad8ce17b1cc786464931d96d
22057	2c8edf30cbce92356e0417e6c19f3ba4	ba336501b98f9480a7c933612c5b0082	add8f7d7ad8ce17b1cc786464931d96d
22058	2c8edf30cbce92356e0417e6c19f3ba4	ba336501b98f9480a7c933612c5b0082	add8f7d7ad8ce17b1cc786464931d96d
22059	884470dc10442c6477a7ab7b83c3cd9b	33293a22741c835aace9b553dcdf63e6	720b1053d8025c7e04df9d84b14edcd9
22060	d496577117de1074256d01323154aeca	904079a096c30e3af67c519191269824	3a39c4c4fd925530ecedb03d725ccc0a
22061	2c8edf30cbce92356e0417e6c19f3ba4	ba336501b98f9480a7c933612c5b0082	add8f7d7ad8ce17b1cc786464931d96d
22062	2c8edf30cbce92356e0417e6c19f3ba4	ba336501b98f9480a7c933612c5b0082	add8f7d7ad8ce17b1cc786464931d96d
22063	2c8edf30cbce92356e0417e6c19f3ba4	ba336501b98f9480a7c933612c5b0082	add8f7d7ad8ce17b1cc786464931d96d
22064	8a19d18a3df38702ed6df8343d7d6bdf	fa4649eca68b3366489571f66a0fc3b0	d287f0bba878222d9b5e988879eb0fb6
22065	2c957c45a0178b3304b8a8c6e5b6fb9e	cc03ddd8501db877dae604f5f4041d69	c414282b81820dcb1964cc6f0afa7769
22066	5942dbf3797ce06f23b689f4dea04327	6ecc76e3c2003e224a4bcba86e0617dc	1044dba92d84ebbd2c64c2ef8ebdbf30
22067	5942dbf3797ce06f23b689f4dea04327	6ecc76e3c2003e224a4bcba86e0617dc	1044dba92d84ebbd2c64c2ef8ebdbf30
22068	5942dbf3797ce06f23b689f4dea04327	6ecc76e3c2003e224a4bcba86e0617dc	1044dba92d84ebbd2c64c2ef8ebdbf30
22069	5942dbf3797ce06f23b689f4dea04327	6ecc76e3c2003e224a4bcba86e0617dc	1044dba92d84ebbd2c64c2ef8ebdbf30
22070	5942dbf3797ce06f23b689f4dea04327	6ecc76e3c2003e224a4bcba86e0617dc	1044dba92d84ebbd2c64c2ef8ebdbf30
22071	5942dbf3797ce06f23b689f4dea04327	6ecc76e3c2003e224a4bcba86e0617dc	1044dba92d84ebbd2c64c2ef8ebdbf30
22072	5942dbf3797ce06f23b689f4dea04327	6ecc76e3c2003e224a4bcba86e0617dc	1044dba92d84ebbd2c64c2ef8ebdbf30
22073	ba40d477ed9732cf51b8cdc93d62aa29	4b61c0cf0aac2e9a60347d800fcbd6cb	36f7a420d4899790bfc9b6795a6b434a
22074	4a9700e70bb8d57efd7202f394c8c506	ddba092c4c263236e5d97689d311deb5	db3d72b4c06be1461086a42347f16c67
22075	ba7ff68110be5c65a271f5a92e039805	5c18bdd276d836c2c30fa91e553e5cb3	af79f44cbaf3f8112adff42f6bf11870
22076	f3872a4aedc26d224f3bdd7500394254	e8e84435a6370f1d36161706d296f54d	3888f9172809e572c2f74308cbdd183b
22077	2704a8f3b55fd760897f25a79d1ca6ad	90033a56aedb4d117b18e9b7ad493342	149cacd9597a3c8de85f13992d6d8420
22078	081f8a9039b7292fe6a2e9d7cd622931	184ec6caa1d30ae87554db939c9f5ca2	c3848d6a479caec76594397f0e84143d
22079	081f8a9039b7292fe6a2e9d7cd622931	184ec6caa1d30ae87554db939c9f5ca2	c3848d6a479caec76594397f0e84143d
22080	081f8a9039b7292fe6a2e9d7cd622931	184ec6caa1d30ae87554db939c9f5ca2	c3848d6a479caec76594397f0e84143d
22081	081f8a9039b7292fe6a2e9d7cd622931	184ec6caa1d30ae87554db939c9f5ca2	c3848d6a479caec76594397f0e84143d
22082	081f8a9039b7292fe6a2e9d7cd622931	184ec6caa1d30ae87554db939c9f5ca2	c3848d6a479caec76594397f0e84143d
22083	081f8a9039b7292fe6a2e9d7cd622931	184ec6caa1d30ae87554db939c9f5ca2	c3848d6a479caec76594397f0e84143d
22084	081f8a9039b7292fe6a2e9d7cd622931	184ec6caa1d30ae87554db939c9f5ca2	c3848d6a479caec76594397f0e84143d
22085	081f8a9039b7292fe6a2e9d7cd622931	184ec6caa1d30ae87554db939c9f5ca2	c3848d6a479caec76594397f0e84143d
22086	081f8a9039b7292fe6a2e9d7cd622931	184ec6caa1d30ae87554db939c9f5ca2	c3848d6a479caec76594397f0e84143d
22087	081f8a9039b7292fe6a2e9d7cd622931	184ec6caa1d30ae87554db939c9f5ca2	c3848d6a479caec76594397f0e84143d
22088	081f8a9039b7292fe6a2e9d7cd622931	184ec6caa1d30ae87554db939c9f5ca2	c3848d6a479caec76594397f0e84143d
22089	081f8a9039b7292fe6a2e9d7cd622931	184ec6caa1d30ae87554db939c9f5ca2	c3848d6a479caec76594397f0e84143d
22090	081f8a9039b7292fe6a2e9d7cd622931	184ec6caa1d30ae87554db939c9f5ca2	c3848d6a479caec76594397f0e84143d
22091	081f8a9039b7292fe6a2e9d7cd622931	184ec6caa1d30ae87554db939c9f5ca2	c3848d6a479caec76594397f0e84143d
22092	081f8a9039b7292fe6a2e9d7cd622931	184ec6caa1d30ae87554db939c9f5ca2	c3848d6a479caec76594397f0e84143d
22093	081f8a9039b7292fe6a2e9d7cd622931	184ec6caa1d30ae87554db939c9f5ca2	c3848d6a479caec76594397f0e84143d
22094	081f8a9039b7292fe6a2e9d7cd622931	184ec6caa1d30ae87554db939c9f5ca2	c3848d6a479caec76594397f0e84143d
22095	456c306a826c9f93174285260251d25c	452f01d3a86fd63c3fe188d17a7169a4	497c5bdf97f12752f905897a8539f4da
22096	456c306a826c9f93174285260251d25c	452f01d3a86fd63c3fe188d17a7169a4	497c5bdf97f12752f905897a8539f4da
22097	456c306a826c9f93174285260251d25c	452f01d3a86fd63c3fe188d17a7169a4	497c5bdf97f12752f905897a8539f4da
22098	f7caadca99386658644349a59a02ddde	203c0f685280bac7a05a0b424a5d6c08	5c7b62624bdda05427b283e274d28752
22099	f7caadca99386658644349a59a02ddde	203c0f685280bac7a05a0b424a5d6c08	5c7b62624bdda05427b283e274d28752
22100	26bba8debe35b079f7078e9ced11c842	f34afba576c753a5254e9a37428c4310	426cd05361937d43a68b97051a88905a
22101	26bba8debe35b079f7078e9ced11c842	f34afba576c753a5254e9a37428c4310	426cd05361937d43a68b97051a88905a
22102	a49767e8a59ea8c1b45d93463e5e23f8	21ade8148f56d547e48e40d6cf863421	026745764f649978857e2f7a622d6501
22103	a49767e8a59ea8c1b45d93463e5e23f8	21ade8148f56d547e48e40d6cf863421	026745764f649978857e2f7a622d6501
22104	a49767e8a59ea8c1b45d93463e5e23f8	21ade8148f56d547e48e40d6cf863421	026745764f649978857e2f7a622d6501
22105	a49767e8a59ea8c1b45d93463e5e23f8	21ade8148f56d547e48e40d6cf863421	026745764f649978857e2f7a622d6501
22106	a49767e8a59ea8c1b45d93463e5e23f8	21ade8148f56d547e48e40d6cf863421	026745764f649978857e2f7a622d6501
22107	019266fe217a3196ec7198b11bd97e18	25694383a7827a14543def4a1fa0b363	ae4b3ee7e8607d92dfcf23ea474a7184
22108	019266fe217a3196ec7198b11bd97e18	25694383a7827a14543def4a1fa0b363	ae4b3ee7e8607d92dfcf23ea474a7184
22109	019266fe217a3196ec7198b11bd97e18	25694383a7827a14543def4a1fa0b363	ae4b3ee7e8607d92dfcf23ea474a7184
22110	019266fe217a3196ec7198b11bd97e18	25694383a7827a14543def4a1fa0b363	ae4b3ee7e8607d92dfcf23ea474a7184
22111	019266fe217a3196ec7198b11bd97e18	25694383a7827a14543def4a1fa0b363	ae4b3ee7e8607d92dfcf23ea474a7184
22112	019266fe217a3196ec7198b11bd97e18	25694383a7827a14543def4a1fa0b363	ae4b3ee7e8607d92dfcf23ea474a7184
22113	019266fe217a3196ec7198b11bd97e18	25694383a7827a14543def4a1fa0b363	ae4b3ee7e8607d92dfcf23ea474a7184
22114	3553743dc3e907fc4258e2bf8dfc32c7	9905a37aec5909d1a8c9bb16beca809e	f4387eeac68f1cb432d95ff315f59499
22115	3553743dc3e907fc4258e2bf8dfc32c7	9905a37aec5909d1a8c9bb16beca809e	f4387eeac68f1cb432d95ff315f59499
22116	3553743dc3e907fc4258e2bf8dfc32c7	9905a37aec5909d1a8c9bb16beca809e	f4387eeac68f1cb432d95ff315f59499
22117	3553743dc3e907fc4258e2bf8dfc32c7	9905a37aec5909d1a8c9bb16beca809e	f4387eeac68f1cb432d95ff315f59499
22118	3553743dc3e907fc4258e2bf8dfc32c7	9905a37aec5909d1a8c9bb16beca809e	f4387eeac68f1cb432d95ff315f59499
22119	f7a0bb407eca4321a1cb3964056ee57e	1f41da79f7d87ba6020c38825c21e1eb	a5920785cf4c25f33b80232af1a79729
22120	f7a0bb407eca4321a1cb3964056ee57e	1f41da79f7d87ba6020c38825c21e1eb	a5920785cf4c25f33b80232af1a79729
22121	f7a0bb407eca4321a1cb3964056ee57e	1f41da79f7d87ba6020c38825c21e1eb	a5920785cf4c25f33b80232af1a79729
22122	f7a0bb407eca4321a1cb3964056ee57e	1f41da79f7d87ba6020c38825c21e1eb	a5920785cf4c25f33b80232af1a79729
22123	f7a0bb407eca4321a1cb3964056ee57e	1f41da79f7d87ba6020c38825c21e1eb	a5920785cf4c25f33b80232af1a79729
22124	f7a0bb407eca4321a1cb3964056ee57e	1f41da79f7d87ba6020c38825c21e1eb	a5920785cf4c25f33b80232af1a79729
22125	f7a0bb407eca4321a1cb3964056ee57e	1f41da79f7d87ba6020c38825c21e1eb	a5920785cf4c25f33b80232af1a79729
22126	290c479e3169aa5c548a0a6d0df98bb1	7370cff6c6f4c35ca9fb7d9bc8550879	05a35aab81876d944197c0bdef59d059
22127	290c479e3169aa5c548a0a6d0df98bb1	7370cff6c6f4c35ca9fb7d9bc8550879	05a35aab81876d944197c0bdef59d059
22128	290c479e3169aa5c548a0a6d0df98bb1	7370cff6c6f4c35ca9fb7d9bc8550879	05a35aab81876d944197c0bdef59d059
22129	290c479e3169aa5c548a0a6d0df98bb1	7370cff6c6f4c35ca9fb7d9bc8550879	05a35aab81876d944197c0bdef59d059
22130	290c479e3169aa5c548a0a6d0df98bb1	7370cff6c6f4c35ca9fb7d9bc8550879	05a35aab81876d944197c0bdef59d059
22131	986eaddd4ecb59f0905dfc99699d3451	d6890eb3079418d5a04a0be62ba2be2b	c8517bd99361ffefffad7e63f2077edc
22132	986eaddd4ecb59f0905dfc99699d3451	d6890eb3079418d5a04a0be62ba2be2b	c8517bd99361ffefffad7e63f2077edc
22133	986eaddd4ecb59f0905dfc99699d3451	d6890eb3079418d5a04a0be62ba2be2b	c8517bd99361ffefffad7e63f2077edc
22134	d335c62b543a58f9f7ab8727ea83e7ba	c933a798d8a6e015a594802611a45375	518af608c1423a88461b4434dad97d91
22135	25fdc484d1a05f6101f44bdb89cf09fa	f25adbf8216fc0c9185960c4d42bfb89	f2dfb3287a932920ba69f17ec8a38264
22136	ad9deb432d4320f06d5f4ff7c0b57f69	1dd533bde34e659399c86f82ce239f37	d46094bcefedbadd4ddf255535fb5d4a
22137	ad9deb432d4320f06d5f4ff7c0b57f69	1dd533bde34e659399c86f82ce239f37	d46094bcefedbadd4ddf255535fb5d4a
22138	ad9deb432d4320f06d5f4ff7c0b57f69	1dd533bde34e659399c86f82ce239f37	d46094bcefedbadd4ddf255535fb5d4a
22139	8ccf730967d91f047726a1dd37c71a14	e763c06c1cac2b850490fc701e3b76c8	c86e86be42274a8bf1da7842314b82f2
22140	8ccf730967d91f047726a1dd37c71a14	e763c06c1cac2b850490fc701e3b76c8	c86e86be42274a8bf1da7842314b82f2
22141	62b31b03be9331fcac77bee7d8c37e9b	a8fecb2239176cddcd446d3469bc3f73	385e23c8ab20f95fa1725c861f1a084f
22142	62b31b03be9331fcac77bee7d8c37e9b	62f675e0d77bd50212b444f6c1538890	7e7a86fbf55417b9a3d63e478f42897a
22143	8e5770977ba4d2964f34e91fed5f53eb	bde0a468b242d8e00f5db9044748e51b	6407e918c5cf0afaded6f2c5137a6cab
22144	8e5770977ba4d2964f34e91fed5f53eb	bde0a468b242d8e00f5db9044748e51b	6407e918c5cf0afaded6f2c5137a6cab
22145	8e5770977ba4d2964f34e91fed5f53eb	bde0a468b242d8e00f5db9044748e51b	6407e918c5cf0afaded6f2c5137a6cab
22146	8e5770977ba4d2964f34e91fed5f53eb	bde0a468b242d8e00f5db9044748e51b	6407e918c5cf0afaded6f2c5137a6cab
22147	8e5770977ba4d2964f34e91fed5f53eb	bde0a468b242d8e00f5db9044748e51b	6407e918c5cf0afaded6f2c5137a6cab
22148	93c65996003dec0ba87a13c5f46481d4	dd3aa94f34bac887b5dca22cbae25fba	765532b8b868e394607fbd0dd2a1309b
22149	93c65996003dec0ba87a13c5f46481d4	dd3aa94f34bac887b5dca22cbae25fba	765532b8b868e394607fbd0dd2a1309b
22150	93c65996003dec0ba87a13c5f46481d4	dd3aa94f34bac887b5dca22cbae25fba	765532b8b868e394607fbd0dd2a1309b
22151	93c65996003dec0ba87a13c5f46481d4	dd3aa94f34bac887b5dca22cbae25fba	765532b8b868e394607fbd0dd2a1309b
22152	93c65996003dec0ba87a13c5f46481d4	dd3aa94f34bac887b5dca22cbae25fba	765532b8b868e394607fbd0dd2a1309b
22153	93c65996003dec0ba87a13c5f46481d4	dd3aa94f34bac887b5dca22cbae25fba	765532b8b868e394607fbd0dd2a1309b
22154	93c65996003dec0ba87a13c5f46481d4	dd3aa94f34bac887b5dca22cbae25fba	765532b8b868e394607fbd0dd2a1309b
22155	4192238e94aaf1e5a401e557d598b2b6	098f085fbfe8444dee9ac24ea50eead1	9af4a477e571a1626a9b9f0f0c46055b
22156	4192238e94aaf1e5a401e557d598b2b6	098f085fbfe8444dee9ac24ea50eead1	9af4a477e571a1626a9b9f0f0c46055b
22157	4192238e94aaf1e5a401e557d598b2b6	098f085fbfe8444dee9ac24ea50eead1	9af4a477e571a1626a9b9f0f0c46055b
22158	4192238e94aaf1e5a401e557d598b2b6	098f085fbfe8444dee9ac24ea50eead1	9af4a477e571a1626a9b9f0f0c46055b
22159	4192238e94aaf1e5a401e557d598b2b6	098f085fbfe8444dee9ac24ea50eead1	9af4a477e571a1626a9b9f0f0c46055b
22160	4192238e94aaf1e5a401e557d598b2b6	098f085fbfe8444dee9ac24ea50eead1	9af4a477e571a1626a9b9f0f0c46055b
22161	4192238e94aaf1e5a401e557d598b2b6	098f085fbfe8444dee9ac24ea50eead1	9af4a477e571a1626a9b9f0f0c46055b
22162	4192238e94aaf1e5a401e557d598b2b6	098f085fbfe8444dee9ac24ea50eead1	9af4a477e571a1626a9b9f0f0c46055b
22163	4192238e94aaf1e5a401e557d598b2b6	098f085fbfe8444dee9ac24ea50eead1	9af4a477e571a1626a9b9f0f0c46055b
22164	4192238e94aaf1e5a401e557d598b2b6	098f085fbfe8444dee9ac24ea50eead1	9af4a477e571a1626a9b9f0f0c46055b
22165	e3921401a1573f20e14089552e0d2070	c958b687adfb98f76c4250981496612a	edbe78d8b7118ee486643e086589b9c5
22166	e3921401a1573f20e14089552e0d2070	c958b687adfb98f76c4250981496612a	edbe78d8b7118ee486643e086589b9c5
22167	e3921401a1573f20e14089552e0d2070	c958b687adfb98f76c4250981496612a	edbe78d8b7118ee486643e086589b9c5
22168	e3921401a1573f20e14089552e0d2070	c958b687adfb98f76c4250981496612a	edbe78d8b7118ee486643e086589b9c5
22169	e3921401a1573f20e14089552e0d2070	c958b687adfb98f76c4250981496612a	edbe78d8b7118ee486643e086589b9c5
22170	e3921401a1573f20e14089552e0d2070	c958b687adfb98f76c4250981496612a	edbe78d8b7118ee486643e086589b9c5
22171	e3921401a1573f20e14089552e0d2070	c958b687adfb98f76c4250981496612a	edbe78d8b7118ee486643e086589b9c5
22172	0ad4e6743cfcbb0105009ad27c0c4569	6494c0875ba04d7fa4826cef8f3b4234	90d613151ce36b8dfe085c1a4cab6760
22173	0ad4e6743cfcbb0105009ad27c0c4569	6494c0875ba04d7fa4826cef8f3b4234	90d613151ce36b8dfe085c1a4cab6760
22174	0ad4e6743cfcbb0105009ad27c0c4569	6494c0875ba04d7fa4826cef8f3b4234	90d613151ce36b8dfe085c1a4cab6760
22175	b2421a9d77f6fd7e0d1fef580dd04399	1dd535d39fe21e37473c9c5b4493182f	4f43a34ca3ae2046419702e468e85564
22176	b2421a9d77f6fd7e0d1fef580dd04399	1dd535d39fe21e37473c9c5b4493182f	4f43a34ca3ae2046419702e468e85564
22177	688bf3d3a55bffac36b0bc79955284b5	159a166f32a06bd6c35fcd1f8905f182	d275476a9ca2ce0f93f3ab2d793b41f8
22178	688bf3d3a55bffac36b0bc79955284b5	159a166f32a06bd6c35fcd1f8905f182	d275476a9ca2ce0f93f3ab2d793b41f8
22179	688bf3d3a55bffac36b0bc79955284b5	159a166f32a06bd6c35fcd1f8905f182	d275476a9ca2ce0f93f3ab2d793b41f8
22180	688bf3d3a55bffac36b0bc79955284b5	159a166f32a06bd6c35fcd1f8905f182	d275476a9ca2ce0f93f3ab2d793b41f8
22181	688bf3d3a55bffac36b0bc79955284b5	159a166f32a06bd6c35fcd1f8905f182	d275476a9ca2ce0f93f3ab2d793b41f8
22182	688bf3d3a55bffac36b0bc79955284b5	159a166f32a06bd6c35fcd1f8905f182	d275476a9ca2ce0f93f3ab2d793b41f8
22183	688bf3d3a55bffac36b0bc79955284b5	159a166f32a06bd6c35fcd1f8905f182	d275476a9ca2ce0f93f3ab2d793b41f8
22184	55f93259e92bb016238811df88c0d7bf	c7457ecfa41119d711f91c92492ec587	7b6829c16243891c385964abfd80d3a4
22185	55f93259e92bb016238811df88c0d7bf	c7457ecfa41119d711f91c92492ec587	7b6829c16243891c385964abfd80d3a4
22186	55f93259e92bb016238811df88c0d7bf	c7457ecfa41119d711f91c92492ec587	7b6829c16243891c385964abfd80d3a4
22187	55f93259e92bb016238811df88c0d7bf	c7457ecfa41119d711f91c92492ec587	7b6829c16243891c385964abfd80d3a4
22188	55f93259e92bb016238811df88c0d7bf	c7457ecfa41119d711f91c92492ec587	7b6829c16243891c385964abfd80d3a4
22189	390543bf38f53591d53876701bed7dd0	f1d814e1c0f7c852d8f24395b04d2d57	b55fabad3546a757f73628173d6c3a0b
22190	390543bf38f53591d53876701bed7dd0	f1d814e1c0f7c852d8f24395b04d2d57	b55fabad3546a757f73628173d6c3a0b
22191	390543bf38f53591d53876701bed7dd0	f1d814e1c0f7c852d8f24395b04d2d57	b55fabad3546a757f73628173d6c3a0b
22192	390543bf38f53591d53876701bed7dd0	f1d814e1c0f7c852d8f24395b04d2d57	b55fabad3546a757f73628173d6c3a0b
22193	390543bf38f53591d53876701bed7dd0	f1d814e1c0f7c852d8f24395b04d2d57	b55fabad3546a757f73628173d6c3a0b
22194	390543bf38f53591d53876701bed7dd0	f1d814e1c0f7c852d8f24395b04d2d57	b55fabad3546a757f73628173d6c3a0b
22195	390543bf38f53591d53876701bed7dd0	f1d814e1c0f7c852d8f24395b04d2d57	b55fabad3546a757f73628173d6c3a0b
22196	390543bf38f53591d53876701bed7dd0	f1d814e1c0f7c852d8f24395b04d2d57	b55fabad3546a757f73628173d6c3a0b
22197	390543bf38f53591d53876701bed7dd0	f1d814e1c0f7c852d8f24395b04d2d57	b55fabad3546a757f73628173d6c3a0b
22198	390543bf38f53591d53876701bed7dd0	f1d814e1c0f7c852d8f24395b04d2d57	b55fabad3546a757f73628173d6c3a0b
22199	390543bf38f53591d53876701bed7dd0	f1d814e1c0f7c852d8f24395b04d2d57	b55fabad3546a757f73628173d6c3a0b
22200	390543bf38f53591d53876701bed7dd0	f1d814e1c0f7c852d8f24395b04d2d57	b55fabad3546a757f73628173d6c3a0b
22201	390543bf38f53591d53876701bed7dd0	f1d814e1c0f7c852d8f24395b04d2d57	b55fabad3546a757f73628173d6c3a0b
22202	390543bf38f53591d53876701bed7dd0	f1d814e1c0f7c852d8f24395b04d2d57	b55fabad3546a757f73628173d6c3a0b
22203	390543bf38f53591d53876701bed7dd0	f1d814e1c0f7c852d8f24395b04d2d57	b55fabad3546a757f73628173d6c3a0b
22204	390543bf38f53591d53876701bed7dd0	f1d814e1c0f7c852d8f24395b04d2d57	b55fabad3546a757f73628173d6c3a0b
22205	390543bf38f53591d53876701bed7dd0	f1d814e1c0f7c852d8f24395b04d2d57	b55fabad3546a757f73628173d6c3a0b
22206	7adbeed355fafc72e160586ea9dc4daf	b74ca7cdff99b4e1b62988cd777bdb43	78c03910e769e4ac59db3c13e6aed001
22207	7adbeed355fafc72e160586ea9dc4daf	b74ca7cdff99b4e1b62988cd777bdb43	78c03910e769e4ac59db3c13e6aed001
22208	7adbeed355fafc72e160586ea9dc4daf	b74ca7cdff99b4e1b62988cd777bdb43	78c03910e769e4ac59db3c13e6aed001
22209	7adbeed355fafc72e160586ea9dc4daf	b74ca7cdff99b4e1b62988cd777bdb43	78c03910e769e4ac59db3c13e6aed001
22210	7adbeed355fafc72e160586ea9dc4daf	b74ca7cdff99b4e1b62988cd777bdb43	78c03910e769e4ac59db3c13e6aed001
22211	7adbeed355fafc72e160586ea9dc4daf	b74ca7cdff99b4e1b62988cd777bdb43	78c03910e769e4ac59db3c13e6aed001
22212	7adbeed355fafc72e160586ea9dc4daf	b74ca7cdff99b4e1b62988cd777bdb43	78c03910e769e4ac59db3c13e6aed001
22213	c201ee09cf685b018ab5df7f9eada729	c9d34dd34dfd34b0cf5c409333fb2c7a	c40197ebf06c21e92128dfd16fbdd303
22214	c201ee09cf685b018ab5df7f9eada729	c9d34dd34dfd34b0cf5c409333fb2c7a	c40197ebf06c21e92128dfd16fbdd303
22215	c201ee09cf685b018ab5df7f9eada729	c9d34dd34dfd34b0cf5c409333fb2c7a	c40197ebf06c21e92128dfd16fbdd303
22216	662b19e93c4d6bcd06a36b11e1fb6c24	9a988bb4cb3591af5bd4c6de8a8603ae	f009e0b745e097826e629a194efb63f8
22217	662b19e93c4d6bcd06a36b11e1fb6c24	9a988bb4cb3591af5bd4c6de8a8603ae	f009e0b745e097826e629a194efb63f8
22218	4532cd45ff7d7a7925f50704687c54b9	25d81d0b934a5086d7ab0142bb48a4f1	fa45418f5fd2a86acad37cd61d47a212
22219	977ce5cbb2e4163e73b59ca9848714f9	95de2877fbd1f970a6e3ba4f5a2fbbe7	68927fffdae0cc668156595cdac26018
22220	977ce5cbb2e4163e73b59ca9848714f9	95de2877fbd1f970a6e3ba4f5a2fbbe7	68927fffdae0cc668156595cdac26018
22221	4532cd45ff7d7a7925f50704687c54b9	25d81d0b934a5086d7ab0142bb48a4f1	fa45418f5fd2a86acad37cd61d47a212
22222	4532cd45ff7d7a7925f50704687c54b9	25d81d0b934a5086d7ab0142bb48a4f1	fa45418f5fd2a86acad37cd61d47a212
22223	4532cd45ff7d7a7925f50704687c54b9	25d81d0b934a5086d7ab0142bb48a4f1	fa45418f5fd2a86acad37cd61d47a212
22224	4532cd45ff7d7a7925f50704687c54b9	25d81d0b934a5086d7ab0142bb48a4f1	fa45418f5fd2a86acad37cd61d47a212
22225	ddc99b84799554bfbe0997556caeaf55	0dca04dea978762135152c51c0904166	f9eeb72b5ee6921a1c20b88e3250c205
22226	ddc99b84799554bfbe0997556caeaf55	0dca04dea978762135152c51c0904166	f9eeb72b5ee6921a1c20b88e3250c205
22227	ddc99b84799554bfbe0997556caeaf55	0dca04dea978762135152c51c0904166	f9eeb72b5ee6921a1c20b88e3250c205
22228	ddc99b84799554bfbe0997556caeaf55	0dca04dea978762135152c51c0904166	f9eeb72b5ee6921a1c20b88e3250c205
22229	ddc99b84799554bfbe0997556caeaf55	0dca04dea978762135152c51c0904166	f9eeb72b5ee6921a1c20b88e3250c205
22230	85687f1dd2b60c712bb77766682f3f48	0b96427bade846d6e1f8192dd8321056	debaf55e3f685259eee21e351fe8e523
22231	85687f1dd2b60c712bb77766682f3f48	0b96427bade846d6e1f8192dd8321056	debaf55e3f685259eee21e351fe8e523
22232	85687f1dd2b60c712bb77766682f3f48	0b96427bade846d6e1f8192dd8321056	debaf55e3f685259eee21e351fe8e523
22233	85687f1dd2b60c712bb77766682f3f48	0b96427bade846d6e1f8192dd8321056	debaf55e3f685259eee21e351fe8e523
22234	85687f1dd2b60c712bb77766682f3f48	0b96427bade846d6e1f8192dd8321056	debaf55e3f685259eee21e351fe8e523
22235	98563d7dca317f24161a8d7536968ac1	584bd59031c89e9fb91fbbf6eede7abd	19895d946cd5df477c0f201a3beb570b
22236	98563d7dca317f24161a8d7536968ac1	584bd59031c89e9fb91fbbf6eede7abd	19895d946cd5df477c0f201a3beb570b
22237	98563d7dca317f24161a8d7536968ac1	584bd59031c89e9fb91fbbf6eede7abd	19895d946cd5df477c0f201a3beb570b
22238	98563d7dca317f24161a8d7536968ac1	584bd59031c89e9fb91fbbf6eede7abd	19895d946cd5df477c0f201a3beb570b
22239	98563d7dca317f24161a8d7536968ac1	584bd59031c89e9fb91fbbf6eede7abd	19895d946cd5df477c0f201a3beb570b
22240	98563d7dca317f24161a8d7536968ac1	584bd59031c89e9fb91fbbf6eede7abd	19895d946cd5df477c0f201a3beb570b
22241	98563d7dca317f24161a8d7536968ac1	584bd59031c89e9fb91fbbf6eede7abd	19895d946cd5df477c0f201a3beb570b
22242	c5217284e703e42036d43cf23b47f283	1e1a86741d629efaa4a9f6c432f740fc	eca862ac685ce89f2dae87fd88643c2b
22243	cee95516bfe5114d6392d96ffd7e8688	3c1af0ba4ae3af475b23aba0cc1c57ba	2d4f7ab51f998d531b4ac50ba4b00759
22244	cee95516bfe5114d6392d96ffd7e8688	3c1af0ba4ae3af475b23aba0cc1c57ba	2d4f7ab51f998d531b4ac50ba4b00759
22245	fa3dbd0e3e94d7ea7f33383957e4c30c	4a9f6808c0d0be0106a2c224e05b1121	a067de2f22fb34fec66c6139b17bd4a1
22246	fa3dbd0e3e94d7ea7f33383957e4c30c	4a9f6808c0d0be0106a2c224e05b1121	a067de2f22fb34fec66c6139b17bd4a1
22247	9c989e42caeb2039e591b01183dc74d5	182f805b2b9b93de18afd7a6da45ee05	580c2eabfbe3d72b38fef2191d24c837
22248	9c989e42caeb2039e591b01183dc74d5	182f805b2b9b93de18afd7a6da45ee05	580c2eabfbe3d72b38fef2191d24c837
22249	9c989e42caeb2039e591b01183dc74d5	182f805b2b9b93de18afd7a6da45ee05	580c2eabfbe3d72b38fef2191d24c837
22250	9c989e42caeb2039e591b01183dc74d5	182f805b2b9b93de18afd7a6da45ee05	580c2eabfbe3d72b38fef2191d24c837
22251	9c989e42caeb2039e591b01183dc74d5	182f805b2b9b93de18afd7a6da45ee05	580c2eabfbe3d72b38fef2191d24c837
22252	9c989e42caeb2039e591b01183dc74d5	182f805b2b9b93de18afd7a6da45ee05	580c2eabfbe3d72b38fef2191d24c837
22253	9c989e42caeb2039e591b01183dc74d5	182f805b2b9b93de18afd7a6da45ee05	580c2eabfbe3d72b38fef2191d24c837
22254	fae447ce0fb02d9b3a0aa548fee70c06	b97d2605e0c46ea87192f561c536cb1b	5ae51e26f45971fd8388df2b47e8ce02
22255	fae447ce0fb02d9b3a0aa548fee70c06	b97d2605e0c46ea87192f561c536cb1b	5ae51e26f45971fd8388df2b47e8ce02
22256	fae447ce0fb02d9b3a0aa548fee70c06	b97d2605e0c46ea87192f561c536cb1b	5ae51e26f45971fd8388df2b47e8ce02
22257	fae447ce0fb02d9b3a0aa548fee70c06	b97d2605e0c46ea87192f561c536cb1b	5ae51e26f45971fd8388df2b47e8ce02
22258	fae447ce0fb02d9b3a0aa548fee70c06	b97d2605e0c46ea87192f561c536cb1b	5ae51e26f45971fd8388df2b47e8ce02
22259	ea2d1ce4a4913b98447e644f61f53fb2	b41fa2d592635f300b2ddac5505a9956	3094d8b3ac393332fe3d9f9b479525eb
22260	ea2d1ce4a4913b98447e644f61f53fb2	b41fa2d592635f300b2ddac5505a9956	3094d8b3ac393332fe3d9f9b479525eb
22261	ea2d1ce4a4913b98447e644f61f53fb2	b41fa2d592635f300b2ddac5505a9956	3094d8b3ac393332fe3d9f9b479525eb
22262	ea2d1ce4a4913b98447e644f61f53fb2	b41fa2d592635f300b2ddac5505a9956	3094d8b3ac393332fe3d9f9b479525eb
22263	ea2d1ce4a4913b98447e644f61f53fb2	b41fa2d592635f300b2ddac5505a9956	3094d8b3ac393332fe3d9f9b479525eb
22264	ea2d1ce4a4913b98447e644f61f53fb2	b41fa2d592635f300b2ddac5505a9956	3094d8b3ac393332fe3d9f9b479525eb
22265	ea2d1ce4a4913b98447e644f61f53fb2	b41fa2d592635f300b2ddac5505a9956	3094d8b3ac393332fe3d9f9b479525eb
22266	62b9aef425b9a543c302bdba18cfb900	2377f70bf9fa89f0d40589ba8686bfc9	f81c36993e66653d48e50b8665c018f0
22267	62b9aef425b9a543c302bdba18cfb900	2377f70bf9fa89f0d40589ba8686bfc9	f81c36993e66653d48e50b8665c018f0
22268	62b9aef425b9a543c302bdba18cfb900	2377f70bf9fa89f0d40589ba8686bfc9	f81c36993e66653d48e50b8665c018f0
22269	62b9aef425b9a543c302bdba18cfb900	2377f70bf9fa89f0d40589ba8686bfc9	f81c36993e66653d48e50b8665c018f0
22270	62b9aef425b9a543c302bdba18cfb900	2377f70bf9fa89f0d40589ba8686bfc9	f81c36993e66653d48e50b8665c018f0
22271	16ae26a22a8404e9bc0d833315e0d56b	ddf07243ff443d17d4c069e0317a23c4	34fa96a231b951ba1072dc0020337a79
22272	16ae26a22a8404e9bc0d833315e0d56b	ddf07243ff443d17d4c069e0317a23c4	34fa96a231b951ba1072dc0020337a79
22273	16ae26a22a8404e9bc0d833315e0d56b	ddf07243ff443d17d4c069e0317a23c4	34fa96a231b951ba1072dc0020337a79
22274	16ae26a22a8404e9bc0d833315e0d56b	ddf07243ff443d17d4c069e0317a23c4	34fa96a231b951ba1072dc0020337a79
22275	16ae26a22a8404e9bc0d833315e0d56b	ddf07243ff443d17d4c069e0317a23c4	34fa96a231b951ba1072dc0020337a79
22276	6a192137102cba1f6cc98730a6764ffc	9d0a3a16f9af24182b2f34b58076ab6e	b0cac1df8ab2d3464b0bead0417791a9
22277	6a192137102cba1f6cc98730a6764ffc	9d0a3a16f9af24182b2f34b58076ab6e	b0cac1df8ab2d3464b0bead0417791a9
22278	6a192137102cba1f6cc98730a6764ffc	9d0a3a16f9af24182b2f34b58076ab6e	b0cac1df8ab2d3464b0bead0417791a9
22279	6a192137102cba1f6cc98730a6764ffc	9d0a3a16f9af24182b2f34b58076ab6e	b0cac1df8ab2d3464b0bead0417791a9
22280	6a192137102cba1f6cc98730a6764ffc	9d0a3a16f9af24182b2f34b58076ab6e	b0cac1df8ab2d3464b0bead0417791a9
22281	6a192137102cba1f6cc98730a6764ffc	9d0a3a16f9af24182b2f34b58076ab6e	b0cac1df8ab2d3464b0bead0417791a9
22282	6a192137102cba1f6cc98730a6764ffc	2ab8fb487a01fba66338967f4d9e81cd	60e776022a9a9b0c3018ba17ff3aa6f6
22283	6a192137102cba1f6cc98730a6764ffc	2ab8fb487a01fba66338967f4d9e81cd	60e776022a9a9b0c3018ba17ff3aa6f6
22284	6a192137102cba1f6cc98730a6764ffc	2ab8fb487a01fba66338967f4d9e81cd	60e776022a9a9b0c3018ba17ff3aa6f6
22285	6a192137102cba1f6cc98730a6764ffc	2ab8fb487a01fba66338967f4d9e81cd	60e776022a9a9b0c3018ba17ff3aa6f6
22286	6a192137102cba1f6cc98730a6764ffc	9d0a3a16f9af24182b2f34b58076ab6e	b0cac1df8ab2d3464b0bead0417791a9
22287	6a192137102cba1f6cc98730a6764ffc	9d0a3a16f9af24182b2f34b58076ab6e	b0cac1df8ab2d3464b0bead0417791a9
22288	e6c2fb48d4f08e00e68fdaf1935a8fb3	1baabe3e33a8c40ff1cf2e48ef66f187	d2f12a2119a9109ad3eabccdc13ae70d
22289	e6c2fb48d4f08e00e68fdaf1935a8fb3	1baabe3e33a8c40ff1cf2e48ef66f187	d2f12a2119a9109ad3eabccdc13ae70d
22290	e6c2fb48d4f08e00e68fdaf1935a8fb3	1baabe3e33a8c40ff1cf2e48ef66f187	d2f12a2119a9109ad3eabccdc13ae70d
22291	e6c2fb48d4f08e00e68fdaf1935a8fb3	1baabe3e33a8c40ff1cf2e48ef66f187	d2f12a2119a9109ad3eabccdc13ae70d
22292	e6c2fb48d4f08e00e68fdaf1935a8fb3	1baabe3e33a8c40ff1cf2e48ef66f187	d2f12a2119a9109ad3eabccdc13ae70d
22293	e6c2fb48d4f08e00e68fdaf1935a8fb3	1baabe3e33a8c40ff1cf2e48ef66f187	d2f12a2119a9109ad3eabccdc13ae70d
22294	e6c2fb48d4f08e00e68fdaf1935a8fb3	1baabe3e33a8c40ff1cf2e48ef66f187	d2f12a2119a9109ad3eabccdc13ae70d
22295	219486bb52849e5751ff9a4b45dcd6fb	bcad9b91f5f9d461a32c3ecaa4d19f2e	25a61c1e1940e4c50865634d959f2357
22296	219486bb52849e5751ff9a4b45dcd6fb	bcad9b91f5f9d461a32c3ecaa4d19f2e	25a61c1e1940e4c50865634d959f2357
22297	219486bb52849e5751ff9a4b45dcd6fb	bcad9b91f5f9d461a32c3ecaa4d19f2e	25a61c1e1940e4c50865634d959f2357
22298	219486bb52849e5751ff9a4b45dcd6fb	bcad9b91f5f9d461a32c3ecaa4d19f2e	25a61c1e1940e4c50865634d959f2357
22299	219486bb52849e5751ff9a4b45dcd6fb	bcad9b91f5f9d461a32c3ecaa4d19f2e	25a61c1e1940e4c50865634d959f2357
22300	219486bb52849e5751ff9a4b45dcd6fb	bcad9b91f5f9d461a32c3ecaa4d19f2e	25a61c1e1940e4c50865634d959f2357
22301	219486bb52849e5751ff9a4b45dcd6fb	bcad9b91f5f9d461a32c3ecaa4d19f2e	25a61c1e1940e4c50865634d959f2357
22302	219486bb52849e5751ff9a4b45dcd6fb	bcad9b91f5f9d461a32c3ecaa4d19f2e	25a61c1e1940e4c50865634d959f2357
22303	219486bb52849e5751ff9a4b45dcd6fb	bcad9b91f5f9d461a32c3ecaa4d19f2e	25a61c1e1940e4c50865634d959f2357
22304	219486bb52849e5751ff9a4b45dcd6fb	bcad9b91f5f9d461a32c3ecaa4d19f2e	25a61c1e1940e4c50865634d959f2357
22305	a822e2fc1ab8a852c2f069673c4a32a0	854214ba5effd81e32954f9e58d47d00	642e57082d3e385fc01f946b4aecd08f
22306	a822e2fc1ab8a852c2f069673c4a32a0	854214ba5effd81e32954f9e58d47d00	642e57082d3e385fc01f946b4aecd08f
22307	a822e2fc1ab8a852c2f069673c4a32a0	854214ba5effd81e32954f9e58d47d00	642e57082d3e385fc01f946b4aecd08f
22308	a822e2fc1ab8a852c2f069673c4a32a0	854214ba5effd81e32954f9e58d47d00	642e57082d3e385fc01f946b4aecd08f
22309	a822e2fc1ab8a852c2f069673c4a32a0	854214ba5effd81e32954f9e58d47d00	642e57082d3e385fc01f946b4aecd08f
22310	a822e2fc1ab8a852c2f069673c4a32a0	854214ba5effd81e32954f9e58d47d00	642e57082d3e385fc01f946b4aecd08f
22311	a822e2fc1ab8a852c2f069673c4a32a0	854214ba5effd81e32954f9e58d47d00	642e57082d3e385fc01f946b4aecd08f
22312	5037f2165fcc9a437791bf82be46c369	df74d8ec0d8334953809d2617291a329	a6157b9dedcbcbfad7d542776e0b3bdc
22313	5037f2165fcc9a437791bf82be46c369	df74d8ec0d8334953809d2617291a329	a6157b9dedcbcbfad7d542776e0b3bdc
22314	5037f2165fcc9a437791bf82be46c369	df74d8ec0d8334953809d2617291a329	a6157b9dedcbcbfad7d542776e0b3bdc
22315	5037f2165fcc9a437791bf82be46c369	df74d8ec0d8334953809d2617291a329	a6157b9dedcbcbfad7d542776e0b3bdc
22316	5037f2165fcc9a437791bf82be46c369	6da6e872c727206700cd0629b0d08403	49a91d3d531efe85d057595ae5438233
22317	26a22edbdee5b296ad9542a5256275e4	f06f4136f86be7aa0015c40ef0796600	5a9405c5cbddc1461c5d6c459b872d3e
22318	26a22edbdee5b296ad9542a5256275e4	f06f4136f86be7aa0015c40ef0796600	5a9405c5cbddc1461c5d6c459b872d3e
22319	26a22edbdee5b296ad9542a5256275e4	f06f4136f86be7aa0015c40ef0796600	5a9405c5cbddc1461c5d6c459b872d3e
22320	26a22edbdee5b296ad9542a5256275e4	f06f4136f86be7aa0015c40ef0796600	5a9405c5cbddc1461c5d6c459b872d3e
22321	26a22edbdee5b296ad9542a5256275e4	f06f4136f86be7aa0015c40ef0796600	5a9405c5cbddc1461c5d6c459b872d3e
22322	26a22edbdee5b296ad9542a5256275e4	f06f4136f86be7aa0015c40ef0796600	5a9405c5cbddc1461c5d6c459b872d3e
22323	26a22edbdee5b296ad9542a5256275e4	f06f4136f86be7aa0015c40ef0796600	5a9405c5cbddc1461c5d6c459b872d3e
22324	26a22edbdee5b296ad9542a5256275e4	f06f4136f86be7aa0015c40ef0796600	5a9405c5cbddc1461c5d6c459b872d3e
22325	26a22edbdee5b296ad9542a5256275e4	f06f4136f86be7aa0015c40ef0796600	5a9405c5cbddc1461c5d6c459b872d3e
22326	26a22edbdee5b296ad9542a5256275e4	f06f4136f86be7aa0015c40ef0796600	5a9405c5cbddc1461c5d6c459b872d3e
22327	26a22edbdee5b296ad9542a5256275e4	f06f4136f86be7aa0015c40ef0796600	5a9405c5cbddc1461c5d6c459b872d3e
22328	26a22edbdee5b296ad9542a5256275e4	f06f4136f86be7aa0015c40ef0796600	5a9405c5cbddc1461c5d6c459b872d3e
22329	26a22edbdee5b296ad9542a5256275e4	f06f4136f86be7aa0015c40ef0796600	5a9405c5cbddc1461c5d6c459b872d3e
22330	26a22edbdee5b296ad9542a5256275e4	f06f4136f86be7aa0015c40ef0796600	5a9405c5cbddc1461c5d6c459b872d3e
22331	26a22edbdee5b296ad9542a5256275e4	f06f4136f86be7aa0015c40ef0796600	5a9405c5cbddc1461c5d6c459b872d3e
22332	26a22edbdee5b296ad9542a5256275e4	f06f4136f86be7aa0015c40ef0796600	5a9405c5cbddc1461c5d6c459b872d3e
22333	26a22edbdee5b296ad9542a5256275e4	f06f4136f86be7aa0015c40ef0796600	5a9405c5cbddc1461c5d6c459b872d3e
22334	27fa9998c98f523bb428afb452e4d201	8929ad9bd2151354013220969270bb4e	ce62195e26474b0e165d7298b033ab68
22335	27fa9998c98f523bb428afb452e4d201	8929ad9bd2151354013220969270bb4e	ce62195e26474b0e165d7298b033ab68
22336	27fa9998c98f523bb428afb452e4d201	8929ad9bd2151354013220969270bb4e	ce62195e26474b0e165d7298b033ab68
22337	bb307bd9e87ab4c66df8db81f3180e71	da6d9b085a845f2ccf2494136279f4d5	408b15e76c5a7429692bb89d29f479f5
22338	f30c2204dbcc664fa121ad62455b0f98	62ddf25c965007835c6ea1bbba9f9ffb	811c11e6c83e93f3c4152ae495cecad2
22339	518eb1d43b1cd293c363973c09d62fb4	83e7c31db667af81a002d008bbd412bf	7e743490205c89d37473bf4e70bee687
22340	518eb1d43b1cd293c363973c09d62fb4	83e7c31db667af81a002d008bbd412bf	7e743490205c89d37473bf4e70bee687
22341	d9838b53192fb8d125db8dcd792c07e1	97fdb5797d95483a1540faf30943f372	2d7d8b647dabe1a558b5c479f6882381
22342	d9838b53192fb8d125db8dcd792c07e1	97fdb5797d95483a1540faf30943f372	2d7d8b647dabe1a558b5c479f6882381
22343	d9838b53192fb8d125db8dcd792c07e1	97fdb5797d95483a1540faf30943f372	2d7d8b647dabe1a558b5c479f6882381
22344	39763f45515b1ce29aef753589e5a167	33836e01e86817c007e49decbb33fdd1	9d7ec80885eaab8f430b67d13768706a
22345	39763f45515b1ce29aef753589e5a167	33836e01e86817c007e49decbb33fdd1	9d7ec80885eaab8f430b67d13768706a
22346	d8b80af63a755a5e620fae54030b084f	66c972b5553f9dd0d84c25b14304dbf1	469a5f6b68875128de6bea4a59f1b4ec
22347	d8b80af63a755a5e620fae54030b084f	66c972b5553f9dd0d84c25b14304dbf1	469a5f6b68875128de6bea4a59f1b4ec
22348	d8b80af63a755a5e620fae54030b084f	66c972b5553f9dd0d84c25b14304dbf1	469a5f6b68875128de6bea4a59f1b4ec
22349	d8b80af63a755a5e620fae54030b084f	66c972b5553f9dd0d84c25b14304dbf1	469a5f6b68875128de6bea4a59f1b4ec
22350	d8b80af63a755a5e620fae54030b084f	66c972b5553f9dd0d84c25b14304dbf1	469a5f6b68875128de6bea4a59f1b4ec
22351	d8b80af63a755a5e620fae54030b084f	66c972b5553f9dd0d84c25b14304dbf1	469a5f6b68875128de6bea4a59f1b4ec
22352	d8b80af63a755a5e620fae54030b084f	66c972b5553f9dd0d84c25b14304dbf1	469a5f6b68875128de6bea4a59f1b4ec
22353	88ff50f0bd87ef069eaed0427ff310c9	a13f060b24ffdeb501f8a7fa97f8118c	a2b8b3d09d6867793fc59c5ff3f57b23
22354	978a6d83d23eb24b524f7ed566bb2812	ff1bd80c1ae072cbdb53119ac626b1fb	eff9ab7e662e93532e63b0a6f9a35879
22355	978a6d83d23eb24b524f7ed566bb2812	ff1bd80c1ae072cbdb53119ac626b1fb	eff9ab7e662e93532e63b0a6f9a35879
22356	d8b80af63a755a5e620fae54030b084f	66c972b5553f9dd0d84c25b14304dbf1	469a5f6b68875128de6bea4a59f1b4ec
22357	d8b80af63a755a5e620fae54030b084f	66c972b5553f9dd0d84c25b14304dbf1	469a5f6b68875128de6bea4a59f1b4ec
22358	008ee53ee15cb48a840ed88f5b96b986	2b25476cf9287f93666a640675d2b2ec	cc080b01194bc16158bd49b82620c317
22359	008ee53ee15cb48a840ed88f5b96b986	2b25476cf9287f93666a640675d2b2ec	cc080b01194bc16158bd49b82620c317
22360	008ee53ee15cb48a840ed88f5b96b986	2b25476cf9287f93666a640675d2b2ec	cc080b01194bc16158bd49b82620c317
22361	008ee53ee15cb48a840ed88f5b96b986	2b25476cf9287f93666a640675d2b2ec	cc080b01194bc16158bd49b82620c317
22362	008ee53ee15cb48a840ed88f5b96b986	2b25476cf9287f93666a640675d2b2ec	cc080b01194bc16158bd49b82620c317
22363	008ee53ee15cb48a840ed88f5b96b986	2b25476cf9287f93666a640675d2b2ec	cc080b01194bc16158bd49b82620c317
22364	008ee53ee15cb48a840ed88f5b96b986	2b25476cf9287f93666a640675d2b2ec	cc080b01194bc16158bd49b82620c317
22365	2130e0c6c0fcf60e90a2606885df9c53	6ec104e3b6974133e0c901f3adac1eb6	1aaa3745c351557b23d6403a4964f411
22366	2130e0c6c0fcf60e90a2606885df9c53	6ec104e3b6974133e0c901f3adac1eb6	1aaa3745c351557b23d6403a4964f411
22367	2130e0c6c0fcf60e90a2606885df9c53	6ec104e3b6974133e0c901f3adac1eb6	1aaa3745c351557b23d6403a4964f411
22368	008ee53ee15cb48a840ed88f5b96b986	2b25476cf9287f93666a640675d2b2ec	cc080b01194bc16158bd49b82620c317
22369	008ee53ee15cb48a840ed88f5b96b986	2b25476cf9287f93666a640675d2b2ec	cc080b01194bc16158bd49b82620c317
22370	008ee53ee15cb48a840ed88f5b96b986	2b25476cf9287f93666a640675d2b2ec	cc080b01194bc16158bd49b82620c317
22371	008ee53ee15cb48a840ed88f5b96b986	2b25476cf9287f93666a640675d2b2ec	cc080b01194bc16158bd49b82620c317
22372	008ee53ee15cb48a840ed88f5b96b986	2b25476cf9287f93666a640675d2b2ec	cc080b01194bc16158bd49b82620c317
22373	008ee53ee15cb48a840ed88f5b96b986	2b25476cf9287f93666a640675d2b2ec	cc080b01194bc16158bd49b82620c317
22374	008ee53ee15cb48a840ed88f5b96b986	2b25476cf9287f93666a640675d2b2ec	cc080b01194bc16158bd49b82620c317
22375	8ce5b3f658505c32e04cc2e041998377	2c9a590d8f95834fab4f3578975f1421	a9e7159fcb0e5325687373d9c9bb3b23
22376	8ce5b3f658505c32e04cc2e041998377	2c9a590d8f95834fab4f3578975f1421	a9e7159fcb0e5325687373d9c9bb3b23
22377	8ce5b3f658505c32e04cc2e041998377	2c9a590d8f95834fab4f3578975f1421	a9e7159fcb0e5325687373d9c9bb3b23
22378	8ce5b3f658505c32e04cc2e041998377	2c9a590d8f95834fab4f3578975f1421	a9e7159fcb0e5325687373d9c9bb3b23
22379	8ce5b3f658505c32e04cc2e041998377	2c9a590d8f95834fab4f3578975f1421	a9e7159fcb0e5325687373d9c9bb3b23
22380	8ce5b3f658505c32e04cc2e041998377	2c9a590d8f95834fab4f3578975f1421	a9e7159fcb0e5325687373d9c9bb3b23
22381	8ce5b3f658505c32e04cc2e041998377	2c9a590d8f95834fab4f3578975f1421	a9e7159fcb0e5325687373d9c9bb3b23
22382	d9b1a3800281f5a309b9d8344cc717e2	8265c20994050a488922d2f201405111	2112cdb7d99ec8e4d98f562f4345650f
22383	d9b1a3800281f5a309b9d8344cc717e2	8265c20994050a488922d2f201405111	2112cdb7d99ec8e4d98f562f4345650f
22384	d9b1a3800281f5a309b9d8344cc717e2	8265c20994050a488922d2f201405111	2112cdb7d99ec8e4d98f562f4345650f
22385	d9b1a3800281f5a309b9d8344cc717e2	8265c20994050a488922d2f201405111	2112cdb7d99ec8e4d98f562f4345650f
22386	d9b1a3800281f5a309b9d8344cc717e2	8265c20994050a488922d2f201405111	2112cdb7d99ec8e4d98f562f4345650f
22387	f4f38a139ce05b342452587a0d212a62	c4f192e9aa6b0602a9722c81792ba2c5	41adc0bea42f5fe5f87025aa7f28cf42
22388	f4f38a139ce05b342452587a0d212a62	c4f192e9aa6b0602a9722c81792ba2c5	41adc0bea42f5fe5f87025aa7f28cf42
22389	f4f38a139ce05b342452587a0d212a62	c4f192e9aa6b0602a9722c81792ba2c5	41adc0bea42f5fe5f87025aa7f28cf42
22390	6de26c1e8d02148ad6fe0bb932386040	50787ccd380196a309f546d1ffb7370b	fdd22e76244e9371bd24262bcdce71c3
22391	6de26c1e8d02148ad6fe0bb932386040	50787ccd380196a309f546d1ffb7370b	fdd22e76244e9371bd24262bcdce71c3
22392	f4f38a139ce05b342452587a0d212a62	c4f192e9aa6b0602a9722c81792ba2c5	41adc0bea42f5fe5f87025aa7f28cf42
22393	f4f38a139ce05b342452587a0d212a62	c4f192e9aa6b0602a9722c81792ba2c5	41adc0bea42f5fe5f87025aa7f28cf42
22394	c36fbdb7e48ca564dabe69ded152b113	fec38d9a712dbabb9289a07a012a1350	c736ef8e3ab4a48069589e3e3f4dc7e6
22395	e56bd97dcc42b8d3b9e2d5fadb1da8dd	4eba501508aaa1fe34bd9795c2f4bcb7	87fb1ad225dd4ab6b46044ecd722a5c4
22396	e56bd97dcc42b8d3b9e2d5fadb1da8dd	4eba501508aaa1fe34bd9795c2f4bcb7	87fb1ad225dd4ab6b46044ecd722a5c4
22397	a02a679f76d6ba8e23a56d0462e187c1	7bdee0d683af86ae500bf15a0d4cdbba	1d89f9a7cedcf3b7203a5fff604530cc
22398	a02a679f76d6ba8e23a56d0462e187c1	7bdee0d683af86ae500bf15a0d4cdbba	1d89f9a7cedcf3b7203a5fff604530cc
22399	78e5b2c4fea0a82451f6e6e04b11b9af	3a12af477e8da27ba2d9567a71834956	23bfb86cfbcd3dba8d46c729797b2b7f
22400	78e5b2c4fea0a82451f6e6e04b11b9af	3a12af477e8da27ba2d9567a71834956	23bfb86cfbcd3dba8d46c729797b2b7f
22401	78e5b2c4fea0a82451f6e6e04b11b9af	3a12af477e8da27ba2d9567a71834956	23bfb86cfbcd3dba8d46c729797b2b7f
22402	78e5b2c4fea0a82451f6e6e04b11b9af	3a12af477e8da27ba2d9567a71834956	23bfb86cfbcd3dba8d46c729797b2b7f
22403	78e5b2c4fea0a82451f6e6e04b11b9af	3a12af477e8da27ba2d9567a71834956	23bfb86cfbcd3dba8d46c729797b2b7f
22404	162e11d676d6de2b4d850496b2ea41d0	7a6c14c52754c0519d307b1cae754631	fda4504781bcf6c0d54efc59e4c0bdc6
22405	162e11d676d6de2b4d850496b2ea41d0	7a6c14c52754c0519d307b1cae754631	fda4504781bcf6c0d54efc59e4c0bdc6
22406	162e11d676d6de2b4d850496b2ea41d0	7a6c14c52754c0519d307b1cae754631	fda4504781bcf6c0d54efc59e4c0bdc6
22407	e1564e25420acde15a02f0a75c01f31a	16979ed40c827eafb18d87f4c72a7e8b	acd22aeb8d21f183ec10a5b598422930
22408	e1564e25420acde15a02f0a75c01f31a	16979ed40c827eafb18d87f4c72a7e8b	acd22aeb8d21f183ec10a5b598422930
22409	e1564e25420acde15a02f0a75c01f31a	16979ed40c827eafb18d87f4c72a7e8b	acd22aeb8d21f183ec10a5b598422930
22410	e1564e25420acde15a02f0a75c01f31a	16979ed40c827eafb18d87f4c72a7e8b	acd22aeb8d21f183ec10a5b598422930
22411	6210c1910d6b2ea445ee076681bd756a	41bfb1701174d4521484f3ab6f57e1d2	a222700e675f8574ec211348dd8255c4
22412	60bb80d18659be84915f11c7b83ef7ae	74fb448bf690ca6dfd41aea808e9db7d	0d434433c55a53db52636a5b3f12ce23
22413	60bb80d18659be84915f11c7b83ef7ae	74fb448bf690ca6dfd41aea808e9db7d	0d434433c55a53db52636a5b3f12ce23
22414	9c6239c284cbe27d89bbbc6344913a24	430c5c808d3710b65d856f55248cabfb	2f7c80c6bacbeaecef0fb60abdcb39bf
22415	60bb80d18659be84915f11c7b83ef7ae	74fb448bf690ca6dfd41aea808e9db7d	0d434433c55a53db52636a5b3f12ce23
22416	a587ee7d0488b5c055b4ebf7bba748d1	f03d50016d3216c9f5bfec47865c89ac	11fc2746f5f10bf17a5d0142d7eb1107
22417	a587ee7d0488b5c055b4ebf7bba748d1	f03d50016d3216c9f5bfec47865c89ac	11fc2746f5f10bf17a5d0142d7eb1107
22418	a587ee7d0488b5c055b4ebf7bba748d1	f03d50016d3216c9f5bfec47865c89ac	11fc2746f5f10bf17a5d0142d7eb1107
22419	a587ee7d0488b5c055b4ebf7bba748d1	f03d50016d3216c9f5bfec47865c89ac	11fc2746f5f10bf17a5d0142d7eb1107
22420	a587ee7d0488b5c055b4ebf7bba748d1	f03d50016d3216c9f5bfec47865c89ac	11fc2746f5f10bf17a5d0142d7eb1107
22421	a587ee7d0488b5c055b4ebf7bba748d1	f03d50016d3216c9f5bfec47865c89ac	11fc2746f5f10bf17a5d0142d7eb1107
22422	a587ee7d0488b5c055b4ebf7bba748d1	f03d50016d3216c9f5bfec47865c89ac	11fc2746f5f10bf17a5d0142d7eb1107
22423	baa1fa0d6aed80f00b65a3cf02e3cb6c	e22ea58c141136296e81d8bb5395c83b	08ac87fae5523592a09a9f1cbfc29d3a
22424	baa1fa0d6aed80f00b65a3cf02e3cb6c	e22ea58c141136296e81d8bb5395c83b	08ac87fae5523592a09a9f1cbfc29d3a
22425	baa1fa0d6aed80f00b65a3cf02e3cb6c	e22ea58c141136296e81d8bb5395c83b	08ac87fae5523592a09a9f1cbfc29d3a
22426	baa1fa0d6aed80f00b65a3cf02e3cb6c	e22ea58c141136296e81d8bb5395c83b	08ac87fae5523592a09a9f1cbfc29d3a
22427	baa1fa0d6aed80f00b65a3cf02e3cb6c	e22ea58c141136296e81d8bb5395c83b	08ac87fae5523592a09a9f1cbfc29d3a
22428	0c17c5c74134ca489e133468b828776f	0247062744f807782e6f7cbb8d9b42c2	69924c6bde3c03021858e469583afdd6
22429	0c17c5c74134ca489e133468b828776f	0247062744f807782e6f7cbb8d9b42c2	69924c6bde3c03021858e469583afdd6
22430	0c17c5c74134ca489e133468b828776f	0247062744f807782e6f7cbb8d9b42c2	69924c6bde3c03021858e469583afdd6
22431	0c17c5c74134ca489e133468b828776f	0247062744f807782e6f7cbb8d9b42c2	69924c6bde3c03021858e469583afdd6
22432	0c17c5c74134ca489e133468b828776f	0247062744f807782e6f7cbb8d9b42c2	69924c6bde3c03021858e469583afdd6
22433	0c17c5c74134ca489e133468b828776f	0247062744f807782e6f7cbb8d9b42c2	69924c6bde3c03021858e469583afdd6
22434	0c17c5c74134ca489e133468b828776f	0247062744f807782e6f7cbb8d9b42c2	69924c6bde3c03021858e469583afdd6
22435	1f810b96d2d0a69bf5b1053c8dda3e30	fcbdb210f2044a3af37992384911f309	1b5503e03513ad48170dcb2f6558a43d
22436	1f810b96d2d0a69bf5b1053c8dda3e30	fcbdb210f2044a3af37992384911f309	1b5503e03513ad48170dcb2f6558a43d
22437	1f810b96d2d0a69bf5b1053c8dda3e30	fcbdb210f2044a3af37992384911f309	1b5503e03513ad48170dcb2f6558a43d
22438	1f810b96d2d0a69bf5b1053c8dda3e30	fcbdb210f2044a3af37992384911f309	1b5503e03513ad48170dcb2f6558a43d
22439	1f810b96d2d0a69bf5b1053c8dda3e30	fcbdb210f2044a3af37992384911f309	1b5503e03513ad48170dcb2f6558a43d
22440	e6788548b9398577986368b9f2e5edfc	d449c5f321b9d1e92efb4cac95f26ec3	3842511588100a74e6b7b1e8c0ef69e8
22441	e6788548b9398577986368b9f2e5edfc	d449c5f321b9d1e92efb4cac95f26ec3	3842511588100a74e6b7b1e8c0ef69e8
22442	e6788548b9398577986368b9f2e5edfc	d449c5f321b9d1e92efb4cac95f26ec3	3842511588100a74e6b7b1e8c0ef69e8
22443	e6788548b9398577986368b9f2e5edfc	d449c5f321b9d1e92efb4cac95f26ec3	3842511588100a74e6b7b1e8c0ef69e8
22444	e6788548b9398577986368b9f2e5edfc	d449c5f321b9d1e92efb4cac95f26ec3	3842511588100a74e6b7b1e8c0ef69e8
22445	70c11ad02e36ccdd8711f5fff7873701	2ffd6131e5aafed34f587240b8c93823	956f5985286cd03b91d211ecd0154164
22446	70c11ad02e36ccdd8711f5fff7873701	2ffd6131e5aafed34f587240b8c93823	956f5985286cd03b91d211ecd0154164
22447	70c11ad02e36ccdd8711f5fff7873701	2ffd6131e5aafed34f587240b8c93823	956f5985286cd03b91d211ecd0154164
22448	7fd00aa9b8669ccdb702c74cb4626c2f	59340f9bafeac43e273bba7b7096af5a	a7c229faa3c7035e2543718d7ef32e78
22449	74e757e9e2d620bec9c50907ca6d7f6a	f4000d1d31625936a37a2a171fcadd04	9fddc3ee8aa5dac13ded7cd75519fc86
22450	1601d0acf90c42cde8216c9bd119c52a	abf92dbcb9ceb3f97a6ed9214bbe98a8	e29cd84f446a6393a288fbbbf73510ee
22451	1601d0acf90c42cde8216c9bd119c52a	abf92dbcb9ceb3f97a6ed9214bbe98a8	e29cd84f446a6393a288fbbbf73510ee
22452	011836051a7717d41b8492a1aa98e6ae	3f111535b8a3b854fba99ff00f4f5465	9099cb5dc929515c81887e5ae759d58e
22453	011836051a7717d41b8492a1aa98e6ae	3f111535b8a3b854fba99ff00f4f5465	9099cb5dc929515c81887e5ae759d58e
22454	011836051a7717d41b8492a1aa98e6ae	3f111535b8a3b854fba99ff00f4f5465	9099cb5dc929515c81887e5ae759d58e
22455	e81ac712c6b2ef991df623109a450729	e642874290c73aa52a85273ef9285365	6720fe363f76716a1e6a3a1ab0b9faf3
22456	e81ac712c6b2ef991df623109a450729	e642874290c73aa52a85273ef9285365	6720fe363f76716a1e6a3a1ab0b9faf3
22457	8171c3e063c01a9900ec57be2beed905	dfcfd4182126d59222601ca2c96570b1	1a7e4fb12602ad3abc318731ff4e7417
22458	8171c3e063c01a9900ec57be2beed905	dfcfd4182126d59222601ca2c96570b1	1a7e4fb12602ad3abc318731ff4e7417
22459	8171c3e063c01a9900ec57be2beed905	dfcfd4182126d59222601ca2c96570b1	1a7e4fb12602ad3abc318731ff4e7417
22460	8171c3e063c01a9900ec57be2beed905	dfcfd4182126d59222601ca2c96570b1	1a7e4fb12602ad3abc318731ff4e7417
22461	8171c3e063c01a9900ec57be2beed905	dfcfd4182126d59222601ca2c96570b1	1a7e4fb12602ad3abc318731ff4e7417
22462	8171c3e063c01a9900ec57be2beed905	dfcfd4182126d59222601ca2c96570b1	1a7e4fb12602ad3abc318731ff4e7417
22463	8171c3e063c01a9900ec57be2beed905	dfcfd4182126d59222601ca2c96570b1	1a7e4fb12602ad3abc318731ff4e7417
22464	12b8fcc319b77929ae71a43688170017	29ecab41766c3c31c47645663fd85ead	99d8c70918d661b79f6d5f52215f35c6
22465	12b8fcc319b77929ae71a43688170017	29ecab41766c3c31c47645663fd85ead	99d8c70918d661b79f6d5f52215f35c6
22466	12b8fcc319b77929ae71a43688170017	29ecab41766c3c31c47645663fd85ead	99d8c70918d661b79f6d5f52215f35c6
22467	612a3a0b390228afb21b03f54bc0f084	25761d97076ea7da6af85f24db85eca2	a27e9856f4bfb30c69e10e7fa273a0a7
22468	8cc292fec1d9ee5c6d80313d3b0252fe	dc42a61a82636be3e10070ddee674fe8	9c1ec172b081a38f7e24050144b0d694
22469	12b8fcc319b77929ae71a43688170017	29ecab41766c3c31c47645663fd85ead	99d8c70918d661b79f6d5f52215f35c6
22470	12b8fcc319b77929ae71a43688170017	29ecab41766c3c31c47645663fd85ead	99d8c70918d661b79f6d5f52215f35c6
22471	12b8fcc319b77929ae71a43688170017	29ecab41766c3c31c47645663fd85ead	99d8c70918d661b79f6d5f52215f35c6
22472	5776adcf76bbe203dc52d02d89f3f658	0bc0c95b36745c66ec57162e76023b4e	3aff9856c693991f23b3ca59ad53f843
22473	5776adcf76bbe203dc52d02d89f3f658	0bc0c95b36745c66ec57162e76023b4e	3aff9856c693991f23b3ca59ad53f843
22474	1957766212cff42ac57628ca18d2576a	6b783e79ec54c0f024ba1d53100d21a6	3eeb112e4c54b87aeb1fdbf8419ba663
22475	1957766212cff42ac57628ca18d2576a	6b783e79ec54c0f024ba1d53100d21a6	3eeb112e4c54b87aeb1fdbf8419ba663
22476	1957766212cff42ac57628ca18d2576a	6b783e79ec54c0f024ba1d53100d21a6	3eeb112e4c54b87aeb1fdbf8419ba663
22477	1957766212cff42ac57628ca18d2576a	6b783e79ec54c0f024ba1d53100d21a6	3eeb112e4c54b87aeb1fdbf8419ba663
22478	1957766212cff42ac57628ca18d2576a	6b783e79ec54c0f024ba1d53100d21a6	3eeb112e4c54b87aeb1fdbf8419ba663
22479	1957766212cff42ac57628ca18d2576a	6b783e79ec54c0f024ba1d53100d21a6	3eeb112e4c54b87aeb1fdbf8419ba663
22480	1957766212cff42ac57628ca18d2576a	6b783e79ec54c0f024ba1d53100d21a6	3eeb112e4c54b87aeb1fdbf8419ba663
22481	2d5c3baafb3ce30f7e520dfee62dfcad	e9eddf182a4c57ddd320718b09fcff74	2d571077b7c25e318515df192102aadc
22482	2d5c3baafb3ce30f7e520dfee62dfcad	e9eddf182a4c57ddd320718b09fcff74	2d571077b7c25e318515df192102aadc
22483	2d5c3baafb3ce30f7e520dfee62dfcad	e9eddf182a4c57ddd320718b09fcff74	2d571077b7c25e318515df192102aadc
22484	2d5c3baafb3ce30f7e520dfee62dfcad	e9eddf182a4c57ddd320718b09fcff74	2d571077b7c25e318515df192102aadc
22485	2d5c3baafb3ce30f7e520dfee62dfcad	e9eddf182a4c57ddd320718b09fcff74	2d571077b7c25e318515df192102aadc
22486	9d980e46bb145acf1dba5aee38d09c7b	8fc9a4d574bf49a6d62ae200fce05049	139b206e7ef0f6e6086321d674a7ed23
22487	9d980e46bb145acf1dba5aee38d09c7b	8fc9a4d574bf49a6d62ae200fce05049	139b206e7ef0f6e6086321d674a7ed23
22488	9d980e46bb145acf1dba5aee38d09c7b	8fc9a4d574bf49a6d62ae200fce05049	139b206e7ef0f6e6086321d674a7ed23
22489	9d980e46bb145acf1dba5aee38d09c7b	8fc9a4d574bf49a6d62ae200fce05049	139b206e7ef0f6e6086321d674a7ed23
22490	9d980e46bb145acf1dba5aee38d09c7b	8fc9a4d574bf49a6d62ae200fce05049	139b206e7ef0f6e6086321d674a7ed23
22491	9d980e46bb145acf1dba5aee38d09c7b	8fc9a4d574bf49a6d62ae200fce05049	139b206e7ef0f6e6086321d674a7ed23
22492	9d980e46bb145acf1dba5aee38d09c7b	8fc9a4d574bf49a6d62ae200fce05049	139b206e7ef0f6e6086321d674a7ed23
22493	9d980e46bb145acf1dba5aee38d09c7b	8fc9a4d574bf49a6d62ae200fce05049	139b206e7ef0f6e6086321d674a7ed23
22494	9d980e46bb145acf1dba5aee38d09c7b	8fc9a4d574bf49a6d62ae200fce05049	139b206e7ef0f6e6086321d674a7ed23
22495	9d980e46bb145acf1dba5aee38d09c7b	8fc9a4d574bf49a6d62ae200fce05049	139b206e7ef0f6e6086321d674a7ed23
22496	9d980e46bb145acf1dba5aee38d09c7b	8fc9a4d574bf49a6d62ae200fce05049	139b206e7ef0f6e6086321d674a7ed23
22497	9d980e46bb145acf1dba5aee38d09c7b	8fc9a4d574bf49a6d62ae200fce05049	139b206e7ef0f6e6086321d674a7ed23
22498	9d980e46bb145acf1dba5aee38d09c7b	8fc9a4d574bf49a6d62ae200fce05049	139b206e7ef0f6e6086321d674a7ed23
22499	9d980e46bb145acf1dba5aee38d09c7b	8fc9a4d574bf49a6d62ae200fce05049	139b206e7ef0f6e6086321d674a7ed23
22500	9d980e46bb145acf1dba5aee38d09c7b	8fc9a4d574bf49a6d62ae200fce05049	139b206e7ef0f6e6086321d674a7ed23
22501	9d980e46bb145acf1dba5aee38d09c7b	8fc9a4d574bf49a6d62ae200fce05049	139b206e7ef0f6e6086321d674a7ed23
22502	9d980e46bb145acf1dba5aee38d09c7b	8fc9a4d574bf49a6d62ae200fce05049	139b206e7ef0f6e6086321d674a7ed23
22503	34cf00816dff97cd6fd207b74bc06b20	39498ff6d8842367849fc86ff14f9289	24131049133699745b58c3249ed52d1c
22504	34cf00816dff97cd6fd207b74bc06b20	39498ff6d8842367849fc86ff14f9289	24131049133699745b58c3249ed52d1c
22505	34cf00816dff97cd6fd207b74bc06b20	39498ff6d8842367849fc86ff14f9289	24131049133699745b58c3249ed52d1c
22506	34cf00816dff97cd6fd207b74bc06b20	39498ff6d8842367849fc86ff14f9289	24131049133699745b58c3249ed52d1c
22507	34cf00816dff97cd6fd207b74bc06b20	39498ff6d8842367849fc86ff14f9289	24131049133699745b58c3249ed52d1c
22508	34cf00816dff97cd6fd207b74bc06b20	39498ff6d8842367849fc86ff14f9289	24131049133699745b58c3249ed52d1c
22509	34cf00816dff97cd6fd207b74bc06b20	39498ff6d8842367849fc86ff14f9289	24131049133699745b58c3249ed52d1c
22510	c0a5f7a3d5bcff88247b097c83380532	e5fdcd9e1ddb2e145d02755a2e43924f	51a3a1330b26d02e97c2ca44e01896b0
22511	c0a5f7a3d5bcff88247b097c83380532	e5fdcd9e1ddb2e145d02755a2e43924f	51a3a1330b26d02e97c2ca44e01896b0
22512	c0a5f7a3d5bcff88247b097c83380532	e5fdcd9e1ddb2e145d02755a2e43924f	51a3a1330b26d02e97c2ca44e01896b0
22513	48e90043aec3fbfde4969ce209d3714c	b3879d4751c2b505e093490fe4d6a9bf	305bbc1210bca90b4255ed9511eb5a02
22514	48e90043aec3fbfde4969ce209d3714c	b3879d4751c2b505e093490fe4d6a9bf	305bbc1210bca90b4255ed9511eb5a02
22515	a3ecddd0af3118f53ac4e1a905d37508	0e76b8622659c80565ccaeefb4708a70	e956b72a0632748279757d5170c78455
22516	a3ecddd0af3118f53ac4e1a905d37508	0e76b8622659c80565ccaeefb4708a70	e956b72a0632748279757d5170c78455
22517	a3ecddd0af3118f53ac4e1a905d37508	0e76b8622659c80565ccaeefb4708a70	e956b72a0632748279757d5170c78455
22518	a3ecddd0af3118f53ac4e1a905d37508	0e76b8622659c80565ccaeefb4708a70	e956b72a0632748279757d5170c78455
22519	a3ecddd0af3118f53ac4e1a905d37508	0e76b8622659c80565ccaeefb4708a70	e956b72a0632748279757d5170c78455
22520	a3ecddd0af3118f53ac4e1a905d37508	0e76b8622659c80565ccaeefb4708a70	e956b72a0632748279757d5170c78455
22521	a3ecddd0af3118f53ac4e1a905d37508	0e76b8622659c80565ccaeefb4708a70	e956b72a0632748279757d5170c78455
22522	0fc8a14d304f0832fbfae7d9f412351d	1b9168afbb72723424807589c72b395d	67d04f4a23848ecf2c8d9960d5561a5d
22523	f746740f835a691a9f05265932f93585	4d19fe3b8b4397c9aad3c948ce2978b9	d81828d85d2f398379ee84b1da543174
22524	8347ad2c48f23e62281d1b9a18556925	4cec22e39f54ddc051c99efcbeb9eaec	a1615b616dd96313c212766f1d91b891
22525	d88a53277f039cc42538b4238dd09248	408314694c4c1660186184c64d0b2448	6ce8a4745621d90c84f350476938f2cb
22526	d88a53277f039cc42538b4238dd09248	408314694c4c1660186184c64d0b2448	6ce8a4745621d90c84f350476938f2cb
22527	ee4b1571eb42c6b0e6cc71e80aa9d96c	59b295cb948f4776a9c1d6f1e3dc33cb	be1caa00e6d76c356c89cd6c03351a6f
22528	ee4b1571eb42c6b0e6cc71e80aa9d96c	59b295cb948f4776a9c1d6f1e3dc33cb	be1caa00e6d76c356c89cd6c03351a6f
22529	ee4b1571eb42c6b0e6cc71e80aa9d96c	59b295cb948f4776a9c1d6f1e3dc33cb	be1caa00e6d76c356c89cd6c03351a6f
22530	ee4b1571eb42c6b0e6cc71e80aa9d96c	59b295cb948f4776a9c1d6f1e3dc33cb	be1caa00e6d76c356c89cd6c03351a6f
22531	ee4b1571eb42c6b0e6cc71e80aa9d96c	59b295cb948f4776a9c1d6f1e3dc33cb	be1caa00e6d76c356c89cd6c03351a6f
22532	ee4b1571eb42c6b0e6cc71e80aa9d96c	59b295cb948f4776a9c1d6f1e3dc33cb	be1caa00e6d76c356c89cd6c03351a6f
22533	ee4b1571eb42c6b0e6cc71e80aa9d96c	59b295cb948f4776a9c1d6f1e3dc33cb	be1caa00e6d76c356c89cd6c03351a6f
22534	0d8167c6b4adfc000ab312c82217883e	b5588cbc76f6e8d37a3eae102cbe55a3	615a52cc491e765b244ca706103a0d93
22535	0d8167c6b4adfc000ab312c82217883e	b5588cbc76f6e8d37a3eae102cbe55a3	615a52cc491e765b244ca706103a0d93
22536	0d8167c6b4adfc000ab312c82217883e	b5588cbc76f6e8d37a3eae102cbe55a3	615a52cc491e765b244ca706103a0d93
22537	0d8167c6b4adfc000ab312c82217883e	b5588cbc76f6e8d37a3eae102cbe55a3	615a52cc491e765b244ca706103a0d93
22538	0d8167c6b4adfc000ab312c82217883e	b5588cbc76f6e8d37a3eae102cbe55a3	615a52cc491e765b244ca706103a0d93
22539	0d8167c6b4adfc000ab312c82217883e	b5588cbc76f6e8d37a3eae102cbe55a3	615a52cc491e765b244ca706103a0d93
22540	0d8167c6b4adfc000ab312c82217883e	b5588cbc76f6e8d37a3eae102cbe55a3	615a52cc491e765b244ca706103a0d93
22541	0d8167c6b4adfc000ab312c82217883e	b5588cbc76f6e8d37a3eae102cbe55a3	615a52cc491e765b244ca706103a0d93
22542	0d8167c6b4adfc000ab312c82217883e	b5588cbc76f6e8d37a3eae102cbe55a3	615a52cc491e765b244ca706103a0d93
22543	0d8167c6b4adfc000ab312c82217883e	b5588cbc76f6e8d37a3eae102cbe55a3	615a52cc491e765b244ca706103a0d93
22544	601e175bd427ca4dd26f4d384fffabe5	cb7f7c38028222bb55feb1f5ed83ec40	3d15a06b13317e288cfcce998e1d5e34
22545	601e175bd427ca4dd26f4d384fffabe5	cb7f7c38028222bb55feb1f5ed83ec40	3d15a06b13317e288cfcce998e1d5e34
22546	601e175bd427ca4dd26f4d384fffabe5	cb7f7c38028222bb55feb1f5ed83ec40	3d15a06b13317e288cfcce998e1d5e34
22547	601e175bd427ca4dd26f4d384fffabe5	cb7f7c38028222bb55feb1f5ed83ec40	3d15a06b13317e288cfcce998e1d5e34
22548	601e175bd427ca4dd26f4d384fffabe5	cb7f7c38028222bb55feb1f5ed83ec40	3d15a06b13317e288cfcce998e1d5e34
22549	601e175bd427ca4dd26f4d384fffabe5	cb7f7c38028222bb55feb1f5ed83ec40	3d15a06b13317e288cfcce998e1d5e34
22550	601e175bd427ca4dd26f4d384fffabe5	cb7f7c38028222bb55feb1f5ed83ec40	3d15a06b13317e288cfcce998e1d5e34
22551	55bf1e1a7df807a75831eadfedd61b1c	e6349877842138596f63fa975e9ef3dc	6c279761866d7c6596c3bf8bce2a343c
22552	55bf1e1a7df807a75831eadfedd61b1c	e6349877842138596f63fa975e9ef3dc	6c279761866d7c6596c3bf8bce2a343c
22553	55bf1e1a7df807a75831eadfedd61b1c	e6349877842138596f63fa975e9ef3dc	6c279761866d7c6596c3bf8bce2a343c
22554	55bf1e1a7df807a75831eadfedd61b1c	e6349877842138596f63fa975e9ef3dc	6c279761866d7c6596c3bf8bce2a343c
22555	55bf1e1a7df807a75831eadfedd61b1c	e6349877842138596f63fa975e9ef3dc	6c279761866d7c6596c3bf8bce2a343c
22556	2669c2822eeca247f40e04e2d3c6d69d	cfb6c5e1101f4700f6662cd636189b2b	a2f8767de96f4b7c4e2ad030a8ef5132
22557	2669c2822eeca247f40e04e2d3c6d69d	cfb6c5e1101f4700f6662cd636189b2b	a2f8767de96f4b7c4e2ad030a8ef5132
22558	2669c2822eeca247f40e04e2d3c6d69d	cfb6c5e1101f4700f6662cd636189b2b	a2f8767de96f4b7c4e2ad030a8ef5132
22559	731396309a0895a148011da17faf3996	cafa94ee622e752d203e5f7b97f75b1c	09265432bf53da0cae11974402024c6d
22560	731396309a0895a148011da17faf3996	cafa94ee622e752d203e5f7b97f75b1c	09265432bf53da0cae11974402024c6d
22561	2669c2822eeca247f40e04e2d3c6d69d	cfb6c5e1101f4700f6662cd636189b2b	a2f8767de96f4b7c4e2ad030a8ef5132
22562	2669c2822eeca247f40e04e2d3c6d69d	cfb6c5e1101f4700f6662cd636189b2b	a2f8767de96f4b7c4e2ad030a8ef5132
22563	facd7f9b61fb67b7f49e643e5c9c7497	a293fb97ea28b0b4d9368ed243bc04c6	0ae017fd1bbdc051c64796608a35d05d
22564	facd7f9b61fb67b7f49e643e5c9c7497	a293fb97ea28b0b4d9368ed243bc04c6	0ae017fd1bbdc051c64796608a35d05d
22565	facd7f9b61fb67b7f49e643e5c9c7497	a293fb97ea28b0b4d9368ed243bc04c6	0ae017fd1bbdc051c64796608a35d05d
22566	facd7f9b61fb67b7f49e643e5c9c7497	a293fb97ea28b0b4d9368ed243bc04c6	0ae017fd1bbdc051c64796608a35d05d
22567	facd7f9b61fb67b7f49e643e5c9c7497	a293fb97ea28b0b4d9368ed243bc04c6	0ae017fd1bbdc051c64796608a35d05d
22568	046c3b0c4f60fced7670d2ff78cd368c	a3d94b1b0ba8a489203c601c93410d0d	20438b898a0241994c8de48d02583c9d
22569	046c3b0c4f60fced7670d2ff78cd368c	a3d94b1b0ba8a489203c601c93410d0d	20438b898a0241994c8de48d02583c9d
22570	25d050539bcb57d344789e2ccec84e38	5f89bbcfb1afedcfcedd10c5ce0711b1	f9ffcd2a2704dd1ca9102ea5097d0ff0
22571	ebbf303e5a16eca78a5cfbfaa0bb82c8	9dfd75f60e08366836f2864e9f867471	f8c3a66e2086d8f4c6b3c80fe761622e
22572	ebbf303e5a16eca78a5cfbfaa0bb82c8	9dfd75f60e08366836f2864e9f867471	f8c3a66e2086d8f4c6b3c80fe761622e
22573	e481bba922d18d13259f289e772ebea3	4c5959f595b875e740a735de5c6632bc	d758f7d03192522dcf707c4210cb6df6
22574	e481bba922d18d13259f289e772ebea3	4c5959f595b875e740a735de5c6632bc	d758f7d03192522dcf707c4210cb6df6
22575	e481bba922d18d13259f289e772ebea3	4c5959f595b875e740a735de5c6632bc	d758f7d03192522dcf707c4210cb6df6
22576	e481bba922d18d13259f289e772ebea3	4c5959f595b875e740a735de5c6632bc	d758f7d03192522dcf707c4210cb6df6
22577	e481bba922d18d13259f289e772ebea3	4c5959f595b875e740a735de5c6632bc	d758f7d03192522dcf707c4210cb6df6
22578	e481bba922d18d13259f289e772ebea3	4c5959f595b875e740a735de5c6632bc	d758f7d03192522dcf707c4210cb6df6
22579	e481bba922d18d13259f289e772ebea3	4c5959f595b875e740a735de5c6632bc	d758f7d03192522dcf707c4210cb6df6
22580	e6cf0d0c7a3825824482d36dc3ff12f1	e17c16487e331dfbaa6da83ffd263eca	89d4154e17ee67622076201ee2d9344d
22581	e6cf0d0c7a3825824482d36dc3ff12f1	e17c16487e331dfbaa6da83ffd263eca	89d4154e17ee67622076201ee2d9344d
22582	ba4f312e4ab2f79cd15bed333c83d24f	799c489c49ece042b695bd96e958cc9b	79958311a0c154b5ac897e60c5609422
22583	e481bba922d18d13259f289e772ebea3	4c5959f595b875e740a735de5c6632bc	d758f7d03192522dcf707c4210cb6df6
22584	e481bba922d18d13259f289e772ebea3	4c5959f595b875e740a735de5c6632bc	d758f7d03192522dcf707c4210cb6df6
22585	b87f24f0a6432e677b1924171f3637a3	b582d7d3215caf6cfa2b47b5eae40fbe	569faa8dc7c1bde8ae1036b6501c499f
22586	b87f24f0a6432e677b1924171f3637a3	b582d7d3215caf6cfa2b47b5eae40fbe	569faa8dc7c1bde8ae1036b6501c499f
22587	b87f24f0a6432e677b1924171f3637a3	b582d7d3215caf6cfa2b47b5eae40fbe	569faa8dc7c1bde8ae1036b6501c499f
22588	b87f24f0a6432e677b1924171f3637a3	cebfd31479d84a5cb90fed4fcfbac42c	9942f91bdf7be8fd55280a1a3f431e11
22589	b87f24f0a6432e677b1924171f3637a3	cebfd31479d84a5cb90fed4fcfbac42c	9942f91bdf7be8fd55280a1a3f431e11
22590	b87f24f0a6432e677b1924171f3637a3	cebfd31479d84a5cb90fed4fcfbac42c	9942f91bdf7be8fd55280a1a3f431e11
22591	b87f24f0a6432e677b1924171f3637a3	cebfd31479d84a5cb90fed4fcfbac42c	9942f91bdf7be8fd55280a1a3f431e11
22592	4cd014396671b2c452c15075d28d2c51	58aba290b3a14c7177081a00b6e72854	a75fe49d534b664f1b47b11b25688589
22593	4cd014396671b2c452c15075d28d2c51	58aba290b3a14c7177081a00b6e72854	a75fe49d534b664f1b47b11b25688589
22594	4cd014396671b2c452c15075d28d2c51	58aba290b3a14c7177081a00b6e72854	a75fe49d534b664f1b47b11b25688589
22595	b1c07a6c11106cb9c53cfa80d8b7ac6e	38c0d30af377fba99672893891aa1a4c	2a8386174c72a8955367d45b89a7e582
22596	4cd014396671b2c452c15075d28d2c51	58aba290b3a14c7177081a00b6e72854	a75fe49d534b664f1b47b11b25688589
22597	dd14a26434f91bfb11f0db2ce7afc889	7f027d00bc9b9b9302309e0f93eb1633	f7a92c2a475bf6cad184e987d3c93525
22598	dd14a26434f91bfb11f0db2ce7afc889	7f027d00bc9b9b9302309e0f93eb1633	f7a92c2a475bf6cad184e987d3c93525
22599	dd14a26434f91bfb11f0db2ce7afc889	7f027d00bc9b9b9302309e0f93eb1633	f7a92c2a475bf6cad184e987d3c93525
22600	dd14a26434f91bfb11f0db2ce7afc889	7f027d00bc9b9b9302309e0f93eb1633	f7a92c2a475bf6cad184e987d3c93525
22601	dd14a26434f91bfb11f0db2ce7afc889	7f027d00bc9b9b9302309e0f93eb1633	f7a92c2a475bf6cad184e987d3c93525
22602	dd14a26434f91bfb11f0db2ce7afc889	7f027d00bc9b9b9302309e0f93eb1633	f7a92c2a475bf6cad184e987d3c93525
22603	dd14a26434f91bfb11f0db2ce7afc889	7f027d00bc9b9b9302309e0f93eb1633	f7a92c2a475bf6cad184e987d3c93525
22604	226e35f5705334059f37f2d353611235	2c80a4763a07e81c22e0bdf4bfb8d307	f7c2df939c6d4e252705327ba47138e7
22605	226e35f5705334059f37f2d353611235	2c80a4763a07e81c22e0bdf4bfb8d307	f7c2df939c6d4e252705327ba47138e7
22606	226e35f5705334059f37f2d353611235	2c80a4763a07e81c22e0bdf4bfb8d307	f7c2df939c6d4e252705327ba47138e7
22607	226e35f5705334059f37f2d353611235	2c80a4763a07e81c22e0bdf4bfb8d307	f7c2df939c6d4e252705327ba47138e7
22608	226e35f5705334059f37f2d353611235	2c80a4763a07e81c22e0bdf4bfb8d307	f7c2df939c6d4e252705327ba47138e7
22609	4b45bcdd7e9aec737a57e2ffa27eacf3	2fbf85a40ac9ac8f5ce0daf771089a93	6b21d52bfbc51ac226d8b22453042d5e
22610	4b45bcdd7e9aec737a57e2ffa27eacf3	2fbf85a40ac9ac8f5ce0daf771089a93	6b21d52bfbc51ac226d8b22453042d5e
22611	4b45bcdd7e9aec737a57e2ffa27eacf3	2fbf85a40ac9ac8f5ce0daf771089a93	6b21d52bfbc51ac226d8b22453042d5e
22612	4b45bcdd7e9aec737a57e2ffa27eacf3	2fbf85a40ac9ac8f5ce0daf771089a93	6b21d52bfbc51ac226d8b22453042d5e
22613	4b45bcdd7e9aec737a57e2ffa27eacf3	2fbf85a40ac9ac8f5ce0daf771089a93	6b21d52bfbc51ac226d8b22453042d5e
22614	dcc1800fafa211219ec5c42ed6de85af	be46d16560d8e37cec7d51520f6cb8dd	6f6984b36bac5104baa7b243cc59d767
22615	dcc1800fafa211219ec5c42ed6de85af	be46d16560d8e37cec7d51520f6cb8dd	6f6984b36bac5104baa7b243cc59d767
22616	dcc1800fafa211219ec5c42ed6de85af	be46d16560d8e37cec7d51520f6cb8dd	6f6984b36bac5104baa7b243cc59d767
22617	dcc1800fafa211219ec5c42ed6de85af	be46d16560d8e37cec7d51520f6cb8dd	6f6984b36bac5104baa7b243cc59d767
22618	dcc1800fafa211219ec5c42ed6de85af	be46d16560d8e37cec7d51520f6cb8dd	6f6984b36bac5104baa7b243cc59d767
22619	dcc1800fafa211219ec5c42ed6de85af	be46d16560d8e37cec7d51520f6cb8dd	6f6984b36bac5104baa7b243cc59d767
22620	dcc1800fafa211219ec5c42ed6de85af	be46d16560d8e37cec7d51520f6cb8dd	6f6984b36bac5104baa7b243cc59d767
22621	dcc1800fafa211219ec5c42ed6de85af	be46d16560d8e37cec7d51520f6cb8dd	6f6984b36bac5104baa7b243cc59d767
22622	dcc1800fafa211219ec5c42ed6de85af	be46d16560d8e37cec7d51520f6cb8dd	6f6984b36bac5104baa7b243cc59d767
22623	dcc1800fafa211219ec5c42ed6de85af	be46d16560d8e37cec7d51520f6cb8dd	6f6984b36bac5104baa7b243cc59d767
22624	dcc1800fafa211219ec5c42ed6de85af	be46d16560d8e37cec7d51520f6cb8dd	6f6984b36bac5104baa7b243cc59d767
22625	dcc1800fafa211219ec5c42ed6de85af	be46d16560d8e37cec7d51520f6cb8dd	6f6984b36bac5104baa7b243cc59d767
22626	70e98fa39138bf9c2e1ea665d112aef1	70243fe1297efed9cf74fc89f00e8cb8	74123b137b6f4aa767ee18db1f8ba4ea
22627	70e98fa39138bf9c2e1ea665d112aef1	70243fe1297efed9cf74fc89f00e8cb8	74123b137b6f4aa767ee18db1f8ba4ea
22628	70e98fa39138bf9c2e1ea665d112aef1	70243fe1297efed9cf74fc89f00e8cb8	74123b137b6f4aa767ee18db1f8ba4ea
22629	70e98fa39138bf9c2e1ea665d112aef1	70243fe1297efed9cf74fc89f00e8cb8	74123b137b6f4aa767ee18db1f8ba4ea
22630	70e98fa39138bf9c2e1ea665d112aef1	70243fe1297efed9cf74fc89f00e8cb8	74123b137b6f4aa767ee18db1f8ba4ea
22631	70e98fa39138bf9c2e1ea665d112aef1	70243fe1297efed9cf74fc89f00e8cb8	74123b137b6f4aa767ee18db1f8ba4ea
22632	70e98fa39138bf9c2e1ea665d112aef1	70243fe1297efed9cf74fc89f00e8cb8	74123b137b6f4aa767ee18db1f8ba4ea
22633	89c4d635dbec0a99450c4a7f6545b2de	4eba45cc6f615d09556ac51d74eeda2f	be24f0225f7b9fe8876b6fe96c61a06c
22634	89c4d635dbec0a99450c4a7f6545b2de	4eba45cc6f615d09556ac51d74eeda2f	be24f0225f7b9fe8876b6fe96c61a06c
22635	89c4d635dbec0a99450c4a7f6545b2de	4eba45cc6f615d09556ac51d74eeda2f	be24f0225f7b9fe8876b6fe96c61a06c
22636	6d084ba730d606f12450cb1c4f657ef2	b2d598e0204c67950af3e0815cd89c2f	0fbe967f2199c54e03b5736d6566e606
22637	6d084ba730d606f12450cb1c4f657ef2	b2d598e0204c67950af3e0815cd89c2f	0fbe967f2199c54e03b5736d6566e606
22638	89c4d635dbec0a99450c4a7f6545b2de	4eba45cc6f615d09556ac51d74eeda2f	be24f0225f7b9fe8876b6fe96c61a06c
22639	89c4d635dbec0a99450c4a7f6545b2de	4eba45cc6f615d09556ac51d74eeda2f	be24f0225f7b9fe8876b6fe96c61a06c
22640	89c4d635dbec0a99450c4a7f6545b2de	4eba45cc6f615d09556ac51d74eeda2f	be24f0225f7b9fe8876b6fe96c61a06c
22641	aea36ef90736092750b7fd9b28975efc	572872dd94045369b39126a26b612c24	c0ace414b8e13adaeb880e949bee1eed
22642	6010d602ab44ae6d06395a39604886b3	3c478f2203e84c00007c26fc855444ae	9ffbe546c5eec5478465ef92bf87152f
22643	ac2420c57af48b1ee23f944ba29633f0	c5ad12e488fd1869f28694d7ceb8e00a	7c31468ac123b0ad7c91fe563f2cf6de
22644	ac2420c57af48b1ee23f944ba29633f0	c5ad12e488fd1869f28694d7ceb8e00a	7c31468ac123b0ad7c91fe563f2cf6de
22645	ac2420c57af48b1ee23f944ba29633f0	c5ad12e488fd1869f28694d7ceb8e00a	7c31468ac123b0ad7c91fe563f2cf6de
22646	ac2420c57af48b1ee23f944ba29633f0	c5ad12e488fd1869f28694d7ceb8e00a	7c31468ac123b0ad7c91fe563f2cf6de
22647	ac2420c57af48b1ee23f944ba29633f0	c5ad12e488fd1869f28694d7ceb8e00a	7c31468ac123b0ad7c91fe563f2cf6de
22648	ac2420c57af48b1ee23f944ba29633f0	c5ad12e488fd1869f28694d7ceb8e00a	7c31468ac123b0ad7c91fe563f2cf6de
22649	ac2420c57af48b1ee23f944ba29633f0	c5ad12e488fd1869f28694d7ceb8e00a	7c31468ac123b0ad7c91fe563f2cf6de
22650	1b0b6051ad51fe83fa0147b91cfd1e97	563201fd3bf1927ba5007276a62ba88b	a8159bd3693cbcc3119b9627306b6edb
22651	1b0b6051ad51fe83fa0147b91cfd1e97	563201fd3bf1927ba5007276a62ba88b	a8159bd3693cbcc3119b9627306b6edb
22652	0369f323bbefd408f69c95b9d3029f88	2315ca7c16f0aaf896583b97c57b9d4e	0fbb22307f147630573c01905edf76d6
22653	f988fa0fc1354e97e88dba85e4120c65	93622f8aa297ce78b9172fe2f61f78a5	288d452d1498d3a6c44a290da263beb9
22654	f988fa0fc1354e97e88dba85e4120c65	93622f8aa297ce78b9172fe2f61f78a5	288d452d1498d3a6c44a290da263beb9
22655	ad5e487f1f756dc81df729f6538d8054	ad4ed03500aebe723cba50aec889fbee	377e48997641133164403a4107eaf3d1
22656	ad5e487f1f756dc81df729f6538d8054	ad4ed03500aebe723cba50aec889fbee	377e48997641133164403a4107eaf3d1
22657	ad5e487f1f756dc81df729f6538d8054	ad4ed03500aebe723cba50aec889fbee	377e48997641133164403a4107eaf3d1
22658	ad5e487f1f756dc81df729f6538d8054	ad4ed03500aebe723cba50aec889fbee	377e48997641133164403a4107eaf3d1
22659	ad5e487f1f756dc81df729f6538d8054	ad4ed03500aebe723cba50aec889fbee	377e48997641133164403a4107eaf3d1
22660	ad5e487f1f756dc81df729f6538d8054	ad4ed03500aebe723cba50aec889fbee	377e48997641133164403a4107eaf3d1
22661	ad5e487f1f756dc81df729f6538d8054	ad4ed03500aebe723cba50aec889fbee	377e48997641133164403a4107eaf3d1
22662	ad5e487f1f756dc81df729f6538d8054	ad4ed03500aebe723cba50aec889fbee	377e48997641133164403a4107eaf3d1
22663	ad5e487f1f756dc81df729f6538d8054	ad4ed03500aebe723cba50aec889fbee	377e48997641133164403a4107eaf3d1
22664	ad5e487f1f756dc81df729f6538d8054	ad4ed03500aebe723cba50aec889fbee	377e48997641133164403a4107eaf3d1
22665	ad5e487f1f756dc81df729f6538d8054	ad4ed03500aebe723cba50aec889fbee	377e48997641133164403a4107eaf3d1
22666	ad5e487f1f756dc81df729f6538d8054	ad4ed03500aebe723cba50aec889fbee	377e48997641133164403a4107eaf3d1
22667	ad5e487f1f756dc81df729f6538d8054	ad4ed03500aebe723cba50aec889fbee	377e48997641133164403a4107eaf3d1
22668	ad5e487f1f756dc81df729f6538d8054	ad4ed03500aebe723cba50aec889fbee	377e48997641133164403a4107eaf3d1
22669	ad5e487f1f756dc81df729f6538d8054	ad4ed03500aebe723cba50aec889fbee	377e48997641133164403a4107eaf3d1
22670	ad5e487f1f756dc81df729f6538d8054	ad4ed03500aebe723cba50aec889fbee	377e48997641133164403a4107eaf3d1
22671	ad5e487f1f756dc81df729f6538d8054	ad4ed03500aebe723cba50aec889fbee	377e48997641133164403a4107eaf3d1
22672	a1efac618fc7804f8952ce95af54adac	f097fc734337be2b55280b9cee7d51bf	f5e10323e575f5f47e006949e3c50239
22673	a1efac618fc7804f8952ce95af54adac	f097fc734337be2b55280b9cee7d51bf	f5e10323e575f5f47e006949e3c50239
22674	a1efac618fc7804f8952ce95af54adac	f097fc734337be2b55280b9cee7d51bf	f5e10323e575f5f47e006949e3c50239
22675	a163088274d904c760de6168ba79778f	2c71b7bed4ddd9d4c25d2787a9c8c03e	fc69e3e89b52215716842a2f535bcaa8
22676	a163088274d904c760de6168ba79778f	2c71b7bed4ddd9d4c25d2787a9c8c03e	fc69e3e89b52215716842a2f535bcaa8
22677	a163088274d904c760de6168ba79778f	2c71b7bed4ddd9d4c25d2787a9c8c03e	fc69e3e89b52215716842a2f535bcaa8
22678	a163088274d904c760de6168ba79778f	2c71b7bed4ddd9d4c25d2787a9c8c03e	fc69e3e89b52215716842a2f535bcaa8
22679	50edeb38b8e774fc4d0d4767a74eb464	a7d919e6a49bc9e438f1ebcda0d36a05	ff75e63bef95f2f9a78bd8b9c164cf94
22680	50edeb38b8e774fc4d0d4767a74eb464	a7d919e6a49bc9e438f1ebcda0d36a05	ff75e63bef95f2f9a78bd8b9c164cf94
22681	50edeb38b8e774fc4d0d4767a74eb464	a7d919e6a49bc9e438f1ebcda0d36a05	ff75e63bef95f2f9a78bd8b9c164cf94
22682	50edeb38b8e774fc4d0d4767a74eb464	a7d919e6a49bc9e438f1ebcda0d36a05	ff75e63bef95f2f9a78bd8b9c164cf94
22683	50edeb38b8e774fc4d0d4767a74eb464	a7d919e6a49bc9e438f1ebcda0d36a05	ff75e63bef95f2f9a78bd8b9c164cf94
22684	4d924b60bcd5b61ff391060fd86ed06f	5c064e412dabffa73b4ec28aa06c756d	fe3714ba1c611d1cd6d0682dd7c30ced
22685	4d924b60bcd5b61ff391060fd86ed06f	5c064e412dabffa73b4ec28aa06c756d	fe3714ba1c611d1cd6d0682dd7c30ced
22686	4d924b60bcd5b61ff391060fd86ed06f	5c064e412dabffa73b4ec28aa06c756d	fe3714ba1c611d1cd6d0682dd7c30ced
22687	4d924b60bcd5b61ff391060fd86ed06f	5c064e412dabffa73b4ec28aa06c756d	fe3714ba1c611d1cd6d0682dd7c30ced
22688	4d924b60bcd5b61ff391060fd86ed06f	5c064e412dabffa73b4ec28aa06c756d	fe3714ba1c611d1cd6d0682dd7c30ced
22689	4d924b60bcd5b61ff391060fd86ed06f	5c064e412dabffa73b4ec28aa06c756d	fe3714ba1c611d1cd6d0682dd7c30ced
22690	4d924b60bcd5b61ff391060fd86ed06f	5c064e412dabffa73b4ec28aa06c756d	fe3714ba1c611d1cd6d0682dd7c30ced
22691	1900170604abea938cd21aa531736c09	2f1bd2bfb52b73a4b4450eff5d55827e	be0582766e5e9144902eb61d7705c882
22692	1900170604abea938cd21aa531736c09	2f1bd2bfb52b73a4b4450eff5d55827e	be0582766e5e9144902eb61d7705c882
22693	1900170604abea938cd21aa531736c09	2f1bd2bfb52b73a4b4450eff5d55827e	be0582766e5e9144902eb61d7705c882
22694	1900170604abea938cd21aa531736c09	2f1bd2bfb52b73a4b4450eff5d55827e	be0582766e5e9144902eb61d7705c882
22695	1900170604abea938cd21aa531736c09	2f1bd2bfb52b73a4b4450eff5d55827e	be0582766e5e9144902eb61d7705c882
22696	c88011ca6aba9136de0d6af70b46f8b6	1958d6a96a3bfb9edb313e6b2761833c	860f412f3ceb532fd1bb0a9ef9f4af42
22697	c88011ca6aba9136de0d6af70b46f8b6	1958d6a96a3bfb9edb313e6b2761833c	860f412f3ceb532fd1bb0a9ef9f4af42
22698	c88011ca6aba9136de0d6af70b46f8b6	1958d6a96a3bfb9edb313e6b2761833c	860f412f3ceb532fd1bb0a9ef9f4af42
22699	c88011ca6aba9136de0d6af70b46f8b6	1958d6a96a3bfb9edb313e6b2761833c	860f412f3ceb532fd1bb0a9ef9f4af42
22700	c88011ca6aba9136de0d6af70b46f8b6	1958d6a96a3bfb9edb313e6b2761833c	860f412f3ceb532fd1bb0a9ef9f4af42
22701	c88011ca6aba9136de0d6af70b46f8b6	1958d6a96a3bfb9edb313e6b2761833c	860f412f3ceb532fd1bb0a9ef9f4af42
22702	c88011ca6aba9136de0d6af70b46f8b6	1958d6a96a3bfb9edb313e6b2761833c	860f412f3ceb532fd1bb0a9ef9f4af42
22703	ba8cc65b076fb05a0cc01be1fb700b7d	ac13d4e063c2c66ac1bbba13c1728039	ab04d69e1543da786aa64894a542bc8a
22704	ba8cc65b076fb05a0cc01be1fb700b7d	ac13d4e063c2c66ac1bbba13c1728039	ab04d69e1543da786aa64894a542bc8a
22705	ba8cc65b076fb05a0cc01be1fb700b7d	ac13d4e063c2c66ac1bbba13c1728039	ab04d69e1543da786aa64894a542bc8a
22706	ba8cc65b076fb05a0cc01be1fb700b7d	ac13d4e063c2c66ac1bbba13c1728039	ab04d69e1543da786aa64894a542bc8a
22707	ba8cc65b076fb05a0cc01be1fb700b7d	ac13d4e063c2c66ac1bbba13c1728039	ab04d69e1543da786aa64894a542bc8a
22708	70214cb3b865383f14fd9767f4f3169d	41203f0c51572a3e8dd2c63a360938e3	b313a5e0e653ae0a9a7f2c587ad46e15
22709	70214cb3b865383f14fd9767f4f3169d	41203f0c51572a3e8dd2c63a360938e3	b313a5e0e653ae0a9a7f2c587ad46e15
22710	70214cb3b865383f14fd9767f4f3169d	41203f0c51572a3e8dd2c63a360938e3	b313a5e0e653ae0a9a7f2c587ad46e15
22711	70214cb3b865383f14fd9767f4f3169d	41203f0c51572a3e8dd2c63a360938e3	b313a5e0e653ae0a9a7f2c587ad46e15
22712	70214cb3b865383f14fd9767f4f3169d	41203f0c51572a3e8dd2c63a360938e3	b313a5e0e653ae0a9a7f2c587ad46e15
22713	e1186b6dde1abec688a3b0497bcd5e1d	88cf8a2ed0c24c355634557d81b40378	8eed0b30c89334f890535364859c114b
22714	e1186b6dde1abec688a3b0497bcd5e1d	88cf8a2ed0c24c355634557d81b40378	8eed0b30c89334f890535364859c114b
22715	e1186b6dde1abec688a3b0497bcd5e1d	88cf8a2ed0c24c355634557d81b40378	8eed0b30c89334f890535364859c114b
22716	e1186b6dde1abec688a3b0497bcd5e1d	88cf8a2ed0c24c355634557d81b40378	8eed0b30c89334f890535364859c114b
22717	e1186b6dde1abec688a3b0497bcd5e1d	88cf8a2ed0c24c355634557d81b40378	8eed0b30c89334f890535364859c114b
22718	4ea8872d482a3c5ff4eea106de321d9c	f1b6570e99797dba271b194dfb961697	0057869d987842f39629a153e33c4e84
22719	4ea8872d482a3c5ff4eea106de321d9c	f1b6570e99797dba271b194dfb961697	0057869d987842f39629a153e33c4e84
22720	20d3c61134e2fb01d89461be0d574737	5991ecb39542f37e4e52c76d5373b749	9a5cdd128b5cdcb000c7c4b764ed7682
22721	20d3c61134e2fb01d89461be0d574737	5991ecb39542f37e4e52c76d5373b749	9a5cdd128b5cdcb000c7c4b764ed7682
22722	20d3c61134e2fb01d89461be0d574737	5991ecb39542f37e4e52c76d5373b749	9a5cdd128b5cdcb000c7c4b764ed7682
22723	20d3c61134e2fb01d89461be0d574737	5991ecb39542f37e4e52c76d5373b749	9a5cdd128b5cdcb000c7c4b764ed7682
22724	20d3c61134e2fb01d89461be0d574737	5991ecb39542f37e4e52c76d5373b749	9a5cdd128b5cdcb000c7c4b764ed7682
22725	0d3a28a3f26e47a71005ea3bd7bc0557	420b049eb7ea76061f526f89aa01fd08	44219e57d6ffafa14800a361bd3b6d5a
22726	0d3a28a3f26e47a71005ea3bd7bc0557	420b049eb7ea76061f526f89aa01fd08	44219e57d6ffafa14800a361bd3b6d5a
22727	0d3a28a3f26e47a71005ea3bd7bc0557	420b049eb7ea76061f526f89aa01fd08	44219e57d6ffafa14800a361bd3b6d5a
22728	0d3a28a3f26e47a71005ea3bd7bc0557	420b049eb7ea76061f526f89aa01fd08	44219e57d6ffafa14800a361bd3b6d5a
22729	0d3a28a3f26e47a71005ea3bd7bc0557	420b049eb7ea76061f526f89aa01fd08	44219e57d6ffafa14800a361bd3b6d5a
22730	0d3a28a3f26e47a71005ea3bd7bc0557	420b049eb7ea76061f526f89aa01fd08	44219e57d6ffafa14800a361bd3b6d5a
22731	0d3a28a3f26e47a71005ea3bd7bc0557	420b049eb7ea76061f526f89aa01fd08	44219e57d6ffafa14800a361bd3b6d5a
22732	946bc202bddde13482260a83fcaa5253	212b54b608772054321b0d8ca379fd06	68345d21a08997f1a98d132dbc20db72
22733	84145aab28890e8fc8e93a149ceae656	77088d2ec8d5a64fddf9147d847021a6	ab45e604996c6bcc4e46e9691b8e68c9
22734	84145aab28890e8fc8e93a149ceae656	77088d2ec8d5a64fddf9147d847021a6	ab45e604996c6bcc4e46e9691b8e68c9
22735	84145aab28890e8fc8e93a149ceae656	77088d2ec8d5a64fddf9147d847021a6	ab45e604996c6bcc4e46e9691b8e68c9
22736	84145aab28890e8fc8e93a149ceae656	77088d2ec8d5a64fddf9147d847021a6	ab45e604996c6bcc4e46e9691b8e68c9
22737	84145aab28890e8fc8e93a149ceae656	77088d2ec8d5a64fddf9147d847021a6	ab45e604996c6bcc4e46e9691b8e68c9
22738	84145aab28890e8fc8e93a149ceae656	77088d2ec8d5a64fddf9147d847021a6	ab45e604996c6bcc4e46e9691b8e68c9
22739	84145aab28890e8fc8e93a149ceae656	77088d2ec8d5a64fddf9147d847021a6	ab45e604996c6bcc4e46e9691b8e68c9
22740	7b264006fb5b377f4a1cfdb355331f79	23a6819bbd4ac0dcaa8b7ee75dc40c17	658864784a20fb7e7a4fcd6cf455b6d9
22741	093a6e4ee2d135db9ffa1b7ecb3c3108	28fd8aa718a9a8dcdaf540740facd2c1	392de868ad9230ce889d0e0b65dd9990
22742	2e110020229c4c853ece3ba011b8e61a	74e242a242af6f75840c088c51bf5e0d	af910f6771426ac8088497f569027a6d
22743	2e110020229c4c853ece3ba011b8e61a	74e242a242af6f75840c088c51bf5e0d	af910f6771426ac8088497f569027a6d
22744	2e110020229c4c853ece3ba011b8e61a	74e242a242af6f75840c088c51bf5e0d	af910f6771426ac8088497f569027a6d
22745	2e110020229c4c853ece3ba011b8e61a	74e242a242af6f75840c088c51bf5e0d	af910f6771426ac8088497f569027a6d
22746	2e110020229c4c853ece3ba011b8e61a	74e242a242af6f75840c088c51bf5e0d	af910f6771426ac8088497f569027a6d
22747	2e110020229c4c853ece3ba011b8e61a	74e242a242af6f75840c088c51bf5e0d	af910f6771426ac8088497f569027a6d
22748	2e110020229c4c853ece3ba011b8e61a	74e242a242af6f75840c088c51bf5e0d	af910f6771426ac8088497f569027a6d
22749	45228e82a8aa165ad18c580c6138d948	01506b19a20a64b8fd2a2b50b7fb78cc	b1151b58c591f39eabf387a5a0d0d09f
22750	45228e82a8aa165ad18c580c6138d948	01506b19a20a64b8fd2a2b50b7fb78cc	b1151b58c591f39eabf387a5a0d0d09f
22751	45228e82a8aa165ad18c580c6138d948	01506b19a20a64b8fd2a2b50b7fb78cc	b1151b58c591f39eabf387a5a0d0d09f
22752	175818b7b8c569250c286605dabe26a1	dcea0e1f52d54d1da924960d3e24884d	215bf4ce62ba21c2f90fec8ceb48bed6
22753	61b55d600af6e411ed4e1c3415133e21	42b5fbadac3d3b1da2bdabb62da5f03f	94aed9b23f434095d947573a3f5009c9
22754	1918098168d77e316d9fa8f030ee00f2	256e3a15e5e23130b034e610c5b4aa06	0b5a856aaf51c093dd395b17be55a338
22755	1918098168d77e316d9fa8f030ee00f2	256e3a15e5e23130b034e610c5b4aa06	0b5a856aaf51c093dd395b17be55a338
22756	1918098168d77e316d9fa8f030ee00f2	256e3a15e5e23130b034e610c5b4aa06	0b5a856aaf51c093dd395b17be55a338
22757	1918098168d77e316d9fa8f030ee00f2	256e3a15e5e23130b034e610c5b4aa06	0b5a856aaf51c093dd395b17be55a338
22758	1918098168d77e316d9fa8f030ee00f2	256e3a15e5e23130b034e610c5b4aa06	0b5a856aaf51c093dd395b17be55a338
22759	1918098168d77e316d9fa8f030ee00f2	256e3a15e5e23130b034e610c5b4aa06	0b5a856aaf51c093dd395b17be55a338
22760	1918098168d77e316d9fa8f030ee00f2	256e3a15e5e23130b034e610c5b4aa06	0b5a856aaf51c093dd395b17be55a338
22761	a76e8607f31718278017ae6af76105a6	a7fda604c204fcfd113ef96fc930f9e5	78d1f1e7cf23f081061b3fd8f5473450
22762	a76e8607f31718278017ae6af76105a6	a7fda604c204fcfd113ef96fc930f9e5	78d1f1e7cf23f081061b3fd8f5473450
22763	a76e8607f31718278017ae6af76105a6	a88e18d33a71dba896faadb5122e257a	190cb09af41aec5684b753c83b985ebd
22764	a76e8607f31718278017ae6af76105a6	a7fda604c204fcfd113ef96fc930f9e5	78d1f1e7cf23f081061b3fd8f5473450
22765	a76e8607f31718278017ae6af76105a6	a7fda604c204fcfd113ef96fc930f9e5	78d1f1e7cf23f081061b3fd8f5473450
22766	a9e2d0335f14f61e24b5f61fa2139e9f	db17b2f74a51f007662a2b2027c500af	f3c954f74f9beadedec7c66b57c52e4b
22767	a9e2d0335f14f61e24b5f61fa2139e9f	db17b2f74a51f007662a2b2027c500af	f3c954f74f9beadedec7c66b57c52e4b
22768	a9e2d0335f14f61e24b5f61fa2139e9f	db17b2f74a51f007662a2b2027c500af	f3c954f74f9beadedec7c66b57c52e4b
22769	a9e2d0335f14f61e24b5f61fa2139e9f	db17b2f74a51f007662a2b2027c500af	f3c954f74f9beadedec7c66b57c52e4b
22770	a9e2d0335f14f61e24b5f61fa2139e9f	db17b2f74a51f007662a2b2027c500af	f3c954f74f9beadedec7c66b57c52e4b
22771	a9e2d0335f14f61e24b5f61fa2139e9f	db17b2f74a51f007662a2b2027c500af	f3c954f74f9beadedec7c66b57c52e4b
22772	a9e2d0335f14f61e24b5f61fa2139e9f	db17b2f74a51f007662a2b2027c500af	f3c954f74f9beadedec7c66b57c52e4b
22773	a9e2d0335f14f61e24b5f61fa2139e9f	14d0ddd315605ff56e6621e29bccc2f8	aef7f7f84f27ee010432ae820c454db1
22774	a9e2d0335f14f61e24b5f61fa2139e9f	14d0ddd315605ff56e6621e29bccc2f8	aef7f7f84f27ee010432ae820c454db1
22775	a9e2d0335f14f61e24b5f61fa2139e9f	14d0ddd315605ff56e6621e29bccc2f8	aef7f7f84f27ee010432ae820c454db1
22776	a9e2d0335f14f61e24b5f61fa2139e9f	14d0ddd315605ff56e6621e29bccc2f8	aef7f7f84f27ee010432ae820c454db1
22777	a9e2d0335f14f61e24b5f61fa2139e9f	14d0ddd315605ff56e6621e29bccc2f8	aef7f7f84f27ee010432ae820c454db1
22778	a9e2d0335f14f61e24b5f61fa2139e9f	14d0ddd315605ff56e6621e29bccc2f8	aef7f7f84f27ee010432ae820c454db1
22779	a9e2d0335f14f61e24b5f61fa2139e9f	14d0ddd315605ff56e6621e29bccc2f8	aef7f7f84f27ee010432ae820c454db1
22780	a9e2d0335f14f61e24b5f61fa2139e9f	14d0ddd315605ff56e6621e29bccc2f8	aef7f7f84f27ee010432ae820c454db1
22781	a9e2d0335f14f61e24b5f61fa2139e9f	14d0ddd315605ff56e6621e29bccc2f8	aef7f7f84f27ee010432ae820c454db1
22782	a9e2d0335f14f61e24b5f61fa2139e9f	14d0ddd315605ff56e6621e29bccc2f8	aef7f7f84f27ee010432ae820c454db1
22783	015536289b8f44f7555739155e38eb0a	98eb1e655cd512c1b415793ae8579105	583c854e0f068e43cb892fab73fd1ddd
22784	015536289b8f44f7555739155e38eb0a	98eb1e655cd512c1b415793ae8579105	583c854e0f068e43cb892fab73fd1ddd
22785	015536289b8f44f7555739155e38eb0a	98eb1e655cd512c1b415793ae8579105	583c854e0f068e43cb892fab73fd1ddd
22786	015536289b8f44f7555739155e38eb0a	98eb1e655cd512c1b415793ae8579105	583c854e0f068e43cb892fab73fd1ddd
22787	015536289b8f44f7555739155e38eb0a	98eb1e655cd512c1b415793ae8579105	583c854e0f068e43cb892fab73fd1ddd
22788	015536289b8f44f7555739155e38eb0a	98eb1e655cd512c1b415793ae8579105	583c854e0f068e43cb892fab73fd1ddd
22789	015536289b8f44f7555739155e38eb0a	98eb1e655cd512c1b415793ae8579105	583c854e0f068e43cb892fab73fd1ddd
22790	cbcd060fc06447f64668c4e6dbb47afe	6127064bc6886701615ad0a5ea4d8781	94e9aaff3ba6615f155e1577644ee182
22791	cbcd060fc06447f64668c4e6dbb47afe	6127064bc6886701615ad0a5ea4d8781	94e9aaff3ba6615f155e1577644ee182
22792	cbcd060fc06447f64668c4e6dbb47afe	6127064bc6886701615ad0a5ea4d8781	94e9aaff3ba6615f155e1577644ee182
22793	cbcd060fc06447f64668c4e6dbb47afe	9a0886a8358a58745aee079dbad91c8b	ffd26b2342a50abd6fd6bf25742acc24
22794	cbcd060fc06447f64668c4e6dbb47afe	9a0886a8358a58745aee079dbad91c8b	ffd26b2342a50abd6fd6bf25742acc24
22795	0470ca160d1b3296e1919b2658cb8340	4f97295290dc37057031392c06104752	81af664e99ad99c7efc8ad5b4c98d37f
22796	0470ca160d1b3296e1919b2658cb8340	4f97295290dc37057031392c06104752	81af664e99ad99c7efc8ad5b4c98d37f
22797	0470ca160d1b3296e1919b2658cb8340	4f97295290dc37057031392c06104752	81af664e99ad99c7efc8ad5b4c98d37f
22798	0470ca160d1b3296e1919b2658cb8340	4f97295290dc37057031392c06104752	81af664e99ad99c7efc8ad5b4c98d37f
22799	0470ca160d1b3296e1919b2658cb8340	4f97295290dc37057031392c06104752	81af664e99ad99c7efc8ad5b4c98d37f
22800	0470ca160d1b3296e1919b2658cb8340	4f97295290dc37057031392c06104752	81af664e99ad99c7efc8ad5b4c98d37f
22801	0470ca160d1b3296e1919b2658cb8340	4f97295290dc37057031392c06104752	81af664e99ad99c7efc8ad5b4c98d37f
22802	c3fa2d775601f78a2122c70cb2de371a	7d0c982b4fd10600d6f3e095d41eda6f	6c52b69612f893a00633cebe531f90b3
22803	3fa092356b49cec59faafc0cef861158	49326d8a42b4442501798926d1a9b7a3	68bdca15f87795136de7809a5d341258
22804	3fa092356b49cec59faafc0cef861158	49326d8a42b4442501798926d1a9b7a3	68bdca15f87795136de7809a5d341258
22805	b427116d802faf95364f2a5470b6f7a7	4197c3a5f8ff08edb8dd96c15678a1b6	281007d4ac4dcdd2a8b00c1c75971358
22806	41c067449173627a1eda0dda115d0735	1eac6293812f91a8bcb3497c5f93c027	64c09b651101a3a2e9ec1df4051e9430
22807	784cd7ecf09ae18eaddf3f2766abb1a7	0f523dc55f43a68f9bd0276430fb7a3c	57e7a3ef48aead5f0d3887b614155193
22808	784cd7ecf09ae18eaddf3f2766abb1a7	0f523dc55f43a68f9bd0276430fb7a3c	57e7a3ef48aead5f0d3887b614155193
22809	784cd7ecf09ae18eaddf3f2766abb1a7	0f523dc55f43a68f9bd0276430fb7a3c	57e7a3ef48aead5f0d3887b614155193
22810	784cd7ecf09ae18eaddf3f2766abb1a7	0f523dc55f43a68f9bd0276430fb7a3c	57e7a3ef48aead5f0d3887b614155193
22811	784cd7ecf09ae18eaddf3f2766abb1a7	0f523dc55f43a68f9bd0276430fb7a3c	57e7a3ef48aead5f0d3887b614155193
22812	0c6d352634e3c1febda88f3d5fd7cbb2	915689846879d553639ed080eaf76ee2	eb1f97ae802fee0d5a326dd86c51e741
22813	0c6d352634e3c1febda88f3d5fd7cbb2	915689846879d553639ed080eaf76ee2	eb1f97ae802fee0d5a326dd86c51e741
22814	0c6d352634e3c1febda88f3d5fd7cbb2	915689846879d553639ed080eaf76ee2	eb1f97ae802fee0d5a326dd86c51e741
22815	8219f3493e037e1b4346b32136c29a5a	994acac4cec44a28218ddaeb6dd59833	107f7134b918a67d5eb22f4aa170d01c
22816	8219f3493e037e1b4346b32136c29a5a	994acac4cec44a28218ddaeb6dd59833	107f7134b918a67d5eb22f4aa170d01c
22817	8219f3493e037e1b4346b32136c29a5a	994acac4cec44a28218ddaeb6dd59833	107f7134b918a67d5eb22f4aa170d01c
22818	8219f3493e037e1b4346b32136c29a5a	994acac4cec44a28218ddaeb6dd59833	107f7134b918a67d5eb22f4aa170d01c
22819	2802ae19cfcf03ae88f53fcd97d4ebcb	9e6f266777710ccd0fe307d9db8366b1	ef618bad33723e1cf1f1615d691ac395
22820	2802ae19cfcf03ae88f53fcd97d4ebcb	9e6f266777710ccd0fe307d9db8366b1	ef618bad33723e1cf1f1615d691ac395
22821	2802ae19cfcf03ae88f53fcd97d4ebcb	9e6f266777710ccd0fe307d9db8366b1	ef618bad33723e1cf1f1615d691ac395
22822	2802ae19cfcf03ae88f53fcd97d4ebcb	9e6f266777710ccd0fe307d9db8366b1	ef618bad33723e1cf1f1615d691ac395
22823	1c540a66d92ed9f1299fad546611f275	587a955178817981c2e61515c1fb656d	91e0d341e14216fed8282a0577a58146
22824	26a158fabf97b82c4e14a4aefe631d64	9b7851baad9ab79853aa48a7679d7c40	d07aaca3e1303c89ed96c707018d7610
22825	26a158fabf97b82c4e14a4aefe631d64	9b7851baad9ab79853aa48a7679d7c40	d07aaca3e1303c89ed96c707018d7610
22826	26a158fabf97b82c4e14a4aefe631d64	9b7851baad9ab79853aa48a7679d7c40	d07aaca3e1303c89ed96c707018d7610
22827	26a158fabf97b82c4e14a4aefe631d64	9b7851baad9ab79853aa48a7679d7c40	d07aaca3e1303c89ed96c707018d7610
22828	26a158fabf97b82c4e14a4aefe631d64	9b7851baad9ab79853aa48a7679d7c40	d07aaca3e1303c89ed96c707018d7610
22829	26a158fabf97b82c4e14a4aefe631d64	9b7851baad9ab79853aa48a7679d7c40	d07aaca3e1303c89ed96c707018d7610
22830	26a158fabf97b82c4e14a4aefe631d64	9b7851baad9ab79853aa48a7679d7c40	d07aaca3e1303c89ed96c707018d7610
22831	7738a03dc3782c40a7f97e4fdb414885	17f197741cafb653195060dc8baddfc4	86aa6604b643ada904dd9bf42024b61c
22832	7738a03dc3782c40a7f97e4fdb414885	17f197741cafb653195060dc8baddfc4	86aa6604b643ada904dd9bf42024b61c
22833	7738a03dc3782c40a7f97e4fdb414885	17f197741cafb653195060dc8baddfc4	86aa6604b643ada904dd9bf42024b61c
22834	be7252bed5d91c20126a96213d463e5c	e4b2edd96d3821fec21150e50f120ca9	a142c560f4b6fb8b495d3ede50bf9433
22835	7738a03dc3782c40a7f97e4fdb414885	17f197741cafb653195060dc8baddfc4	86aa6604b643ada904dd9bf42024b61c
22836	abd65545790e3fad8650f85423a1d55f	201476304cb9f6bb47afbec22d5853f5	f2905a2c1a9f3b5bb982483c7dfbff53
22837	abd65545790e3fad8650f85423a1d55f	201476304cb9f6bb47afbec22d5853f5	f2905a2c1a9f3b5bb982483c7dfbff53
22838	abd65545790e3fad8650f85423a1d55f	201476304cb9f6bb47afbec22d5853f5	f2905a2c1a9f3b5bb982483c7dfbff53
22839	abd65545790e3fad8650f85423a1d55f	201476304cb9f6bb47afbec22d5853f5	f2905a2c1a9f3b5bb982483c7dfbff53
22840	abd65545790e3fad8650f85423a1d55f	201476304cb9f6bb47afbec22d5853f5	f2905a2c1a9f3b5bb982483c7dfbff53
22841	abd65545790e3fad8650f85423a1d55f	201476304cb9f6bb47afbec22d5853f5	f2905a2c1a9f3b5bb982483c7dfbff53
22842	abd65545790e3fad8650f85423a1d55f	201476304cb9f6bb47afbec22d5853f5	f2905a2c1a9f3b5bb982483c7dfbff53
22843	abd65545790e3fad8650f85423a1d55f	201476304cb9f6bb47afbec22d5853f5	f2905a2c1a9f3b5bb982483c7dfbff53
22844	abd65545790e3fad8650f85423a1d55f	201476304cb9f6bb47afbec22d5853f5	f2905a2c1a9f3b5bb982483c7dfbff53
22845	abd65545790e3fad8650f85423a1d55f	201476304cb9f6bb47afbec22d5853f5	f2905a2c1a9f3b5bb982483c7dfbff53
22846	abd65545790e3fad8650f85423a1d55f	201476304cb9f6bb47afbec22d5853f5	f2905a2c1a9f3b5bb982483c7dfbff53
22847	abd65545790e3fad8650f85423a1d55f	201476304cb9f6bb47afbec22d5853f5	f2905a2c1a9f3b5bb982483c7dfbff53
22848	4b8dde3707f1ebd00437da86a2719c70	c49ce783eb592810002c3f326bfd91af	79ebbef174a285735047757cbe9497cf
22849	4b8dde3707f1ebd00437da86a2719c70	c49ce783eb592810002c3f326bfd91af	79ebbef174a285735047757cbe9497cf
22850	4b8dde3707f1ebd00437da86a2719c70	c49ce783eb592810002c3f326bfd91af	79ebbef174a285735047757cbe9497cf
22851	4b8dde3707f1ebd00437da86a2719c70	c49ce783eb592810002c3f326bfd91af	79ebbef174a285735047757cbe9497cf
22852	4b8dde3707f1ebd00437da86a2719c70	c49ce783eb592810002c3f326bfd91af	79ebbef174a285735047757cbe9497cf
22853	0a64eac84622da099fac53c230648f29	7c15b1a619991524b9cf7972e5320430	bee43f44821ba5d982ca187d2adc1461
22854	0a64eac84622da099fac53c230648f29	7c15b1a619991524b9cf7972e5320430	bee43f44821ba5d982ca187d2adc1461
22855	0a64eac84622da099fac53c230648f29	7c15b1a619991524b9cf7972e5320430	bee43f44821ba5d982ca187d2adc1461
22856	870da212349dc32e2bba63a48da4fd54	45643f0447d5971f68f571d429f58abe	9677f3d47eb594d12a8025c2fa935e00
22857	870da212349dc32e2bba63a48da4fd54	45643f0447d5971f68f571d429f58abe	9677f3d47eb594d12a8025c2fa935e00
22858	55fc00be0a9dc13e31df032c743a6d15	920f56f2e2ccac1b263683930fc46e74	267e036f97275f01ecf8cd4b2ef7eaea
22859	55fc00be0a9dc13e31df032c743a6d15	920f56f2e2ccac1b263683930fc46e74	267e036f97275f01ecf8cd4b2ef7eaea
22860	ef4acaf9ad5d3dd8b3f825bbc84a8811	63c4fd52ec930fd5ac729bc0e0f64473	54b6364c070ada688d53ba63d8139f9c
22861	ef4acaf9ad5d3dd8b3f825bbc84a8811	63c4fd52ec930fd5ac729bc0e0f64473	54b6364c070ada688d53ba63d8139f9c
22862	ef4acaf9ad5d3dd8b3f825bbc84a8811	63c4fd52ec930fd5ac729bc0e0f64473	54b6364c070ada688d53ba63d8139f9c
22863	ef4acaf9ad5d3dd8b3f825bbc84a8811	8574a10512e2393443026469a2a454f5	0175da0b2b5e0e1c05e8c4a105641e29
22864	ef4acaf9ad5d3dd8b3f825bbc84a8811	7af52f363afdd511884e47e8c57c94e7	353aca42367388941512e8e4a21ac15d
22865	43be6d76b797de0ad0a282adebd0bf99	6f59d30c43692a6984bba63393a8e4e1	5ecb8e442421e7a34ef1ee0437eb6694
22866	43be6d76b797de0ad0a282adebd0bf99	6f59d30c43692a6984bba63393a8e4e1	5ecb8e442421e7a34ef1ee0437eb6694
22867	43be6d76b797de0ad0a282adebd0bf99	6f59d30c43692a6984bba63393a8e4e1	5ecb8e442421e7a34ef1ee0437eb6694
22868	43be6d76b797de0ad0a282adebd0bf99	6f59d30c43692a6984bba63393a8e4e1	5ecb8e442421e7a34ef1ee0437eb6694
22869	43be6d76b797de0ad0a282adebd0bf99	6f59d30c43692a6984bba63393a8e4e1	5ecb8e442421e7a34ef1ee0437eb6694
22870	43be6d76b797de0ad0a282adebd0bf99	6f59d30c43692a6984bba63393a8e4e1	5ecb8e442421e7a34ef1ee0437eb6694
22871	43be6d76b797de0ad0a282adebd0bf99	6f59d30c43692a6984bba63393a8e4e1	5ecb8e442421e7a34ef1ee0437eb6694
22872	d67b25b400dc39d98b47be456fb42bd1	9569876b15202587dba97fd1844dbc7e	edc39c34e8c06427b0da8eb37dff5ac5
22873	d67b25b400dc39d98b47be456fb42bd1	9569876b15202587dba97fd1844dbc7e	edc39c34e8c06427b0da8eb37dff5ac5
22874	d67b25b400dc39d98b47be456fb42bd1	9569876b15202587dba97fd1844dbc7e	edc39c34e8c06427b0da8eb37dff5ac5
22875	d67b25b400dc39d98b47be456fb42bd1	9569876b15202587dba97fd1844dbc7e	edc39c34e8c06427b0da8eb37dff5ac5
22876	d67b25b400dc39d98b47be456fb42bd1	9569876b15202587dba97fd1844dbc7e	edc39c34e8c06427b0da8eb37dff5ac5
22877	d67b25b400dc39d98b47be456fb42bd1	9569876b15202587dba97fd1844dbc7e	edc39c34e8c06427b0da8eb37dff5ac5
22878	d67b25b400dc39d98b47be456fb42bd1	9569876b15202587dba97fd1844dbc7e	edc39c34e8c06427b0da8eb37dff5ac5
22879	d67b25b400dc39d98b47be456fb42bd1	9569876b15202587dba97fd1844dbc7e	edc39c34e8c06427b0da8eb37dff5ac5
22880	d67b25b400dc39d98b47be456fb42bd1	9569876b15202587dba97fd1844dbc7e	edc39c34e8c06427b0da8eb37dff5ac5
22881	d67b25b400dc39d98b47be456fb42bd1	9569876b15202587dba97fd1844dbc7e	edc39c34e8c06427b0da8eb37dff5ac5
22882	46c0f8c3d5b78f27563d5ed41e631cde	c16aa0585191433e38ea37c5dd6d666f	5e0e2b5a5c9245e7a82c6174f75f8b72
22883	46c0f8c3d5b78f27563d5ed41e631cde	c16aa0585191433e38ea37c5dd6d666f	5e0e2b5a5c9245e7a82c6174f75f8b72
22884	46c0f8c3d5b78f27563d5ed41e631cde	c16aa0585191433e38ea37c5dd6d666f	5e0e2b5a5c9245e7a82c6174f75f8b72
22885	46c0f8c3d5b78f27563d5ed41e631cde	c16aa0585191433e38ea37c5dd6d666f	5e0e2b5a5c9245e7a82c6174f75f8b72
22886	46c0f8c3d5b78f27563d5ed41e631cde	c16aa0585191433e38ea37c5dd6d666f	5e0e2b5a5c9245e7a82c6174f75f8b72
22887	46c0f8c3d5b78f27563d5ed41e631cde	c16aa0585191433e38ea37c5dd6d666f	5e0e2b5a5c9245e7a82c6174f75f8b72
22888	46c0f8c3d5b78f27563d5ed41e631cde	c16aa0585191433e38ea37c5dd6d666f	5e0e2b5a5c9245e7a82c6174f75f8b72
22889	04e9784c9811f269f933f020c6156f31	9e2d2512915a82cc22d2f90e338d1ebd	780436c92e30a8f5f0bd6963690c0f50
22890	04e9784c9811f269f933f020c6156f31	9e2d2512915a82cc22d2f90e338d1ebd	780436c92e30a8f5f0bd6963690c0f50
22891	04e9784c9811f269f933f020c6156f31	9e2d2512915a82cc22d2f90e338d1ebd	780436c92e30a8f5f0bd6963690c0f50
22892	04e9784c9811f269f933f020c6156f31	9e2d2512915a82cc22d2f90e338d1ebd	780436c92e30a8f5f0bd6963690c0f50
22893	04e9784c9811f269f933f020c6156f31	9e2d2512915a82cc22d2f90e338d1ebd	780436c92e30a8f5f0bd6963690c0f50
22894	e3b10164791c0b82ef1181a0ea70d215	efd3eea68c8804ae6240a74d71f657ff	b70ea4d752806ea7b0b473af8169f8f8
22895	e3b10164791c0b82ef1181a0ea70d215	efd3eea68c8804ae6240a74d71f657ff	b70ea4d752806ea7b0b473af8169f8f8
22896	e3b10164791c0b82ef1181a0ea70d215	efd3eea68c8804ae6240a74d71f657ff	b70ea4d752806ea7b0b473af8169f8f8
22897	e3b10164791c0b82ef1181a0ea70d215	efd3eea68c8804ae6240a74d71f657ff	b70ea4d752806ea7b0b473af8169f8f8
22898	e3b10164791c0b82ef1181a0ea70d215	efd3eea68c8804ae6240a74d71f657ff	b70ea4d752806ea7b0b473af8169f8f8
22899	e3b10164791c0b82ef1181a0ea70d215	efd3eea68c8804ae6240a74d71f657ff	b70ea4d752806ea7b0b473af8169f8f8
22900	e3b10164791c0b82ef1181a0ea70d215	efd3eea68c8804ae6240a74d71f657ff	b70ea4d752806ea7b0b473af8169f8f8
22901	37619c25108be815c419bf95088715a8	c7b4e6228b7e3f1b1d6ae7f49c1b7a2c	26faa7aefb5276a69214e43f265aa40b
22902	e3b10164791c0b82ef1181a0ea70d215	efd3eea68c8804ae6240a74d71f657ff	b70ea4d752806ea7b0b473af8169f8f8
22903	e3b10164791c0b82ef1181a0ea70d215	efd3eea68c8804ae6240a74d71f657ff	b70ea4d752806ea7b0b473af8169f8f8
22904	e3b10164791c0b82ef1181a0ea70d215	efd3eea68c8804ae6240a74d71f657ff	b70ea4d752806ea7b0b473af8169f8f8
22905	e3b10164791c0b82ef1181a0ea70d215	efd3eea68c8804ae6240a74d71f657ff	b70ea4d752806ea7b0b473af8169f8f8
22906	e3b10164791c0b82ef1181a0ea70d215	efd3eea68c8804ae6240a74d71f657ff	b70ea4d752806ea7b0b473af8169f8f8
22907	e3b10164791c0b82ef1181a0ea70d215	efd3eea68c8804ae6240a74d71f657ff	b70ea4d752806ea7b0b473af8169f8f8
22908	e3b10164791c0b82ef1181a0ea70d215	efd3eea68c8804ae6240a74d71f657ff	b70ea4d752806ea7b0b473af8169f8f8
22909	e3b10164791c0b82ef1181a0ea70d215	efd3eea68c8804ae6240a74d71f657ff	b70ea4d752806ea7b0b473af8169f8f8
22910	e3b10164791c0b82ef1181a0ea70d215	efd3eea68c8804ae6240a74d71f657ff	b70ea4d752806ea7b0b473af8169f8f8
22911	80e750309c6b00f6740467baf8663b16	f816b138ad42bc5892006f96299c20e8	b6e18d61eca9600dd090c9663aedf72a
22912	80e750309c6b00f6740467baf8663b16	f816b138ad42bc5892006f96299c20e8	b6e18d61eca9600dd090c9663aedf72a
22913	80e750309c6b00f6740467baf8663b16	f816b138ad42bc5892006f96299c20e8	b6e18d61eca9600dd090c9663aedf72a
22914	80e750309c6b00f6740467baf8663b16	f816b138ad42bc5892006f96299c20e8	b6e18d61eca9600dd090c9663aedf72a
22915	80e750309c6b00f6740467baf8663b16	f816b138ad42bc5892006f96299c20e8	b6e18d61eca9600dd090c9663aedf72a
22916	80e750309c6b00f6740467baf8663b16	f816b138ad42bc5892006f96299c20e8	b6e18d61eca9600dd090c9663aedf72a
22917	80e750309c6b00f6740467baf8663b16	f816b138ad42bc5892006f96299c20e8	b6e18d61eca9600dd090c9663aedf72a
22918	f7fb5790d4194c24fe09bf93487ddd2f	2b56e1a4b1c232424ed822a3c4a775e1	fc7d6fdeeeaaa1072aaf60f3250f696e
22919	f7fb5790d4194c24fe09bf93487ddd2f	2b56e1a4b1c232424ed822a3c4a775e1	fc7d6fdeeeaaa1072aaf60f3250f696e
22920	f7fb5790d4194c24fe09bf93487ddd2f	2b56e1a4b1c232424ed822a3c4a775e1	fc7d6fdeeeaaa1072aaf60f3250f696e
22921	77b635c575517eab1fb08e36551235df	9d7989d14dc95ded2d0bb714f91b22b8	f0793e9bf45b3ef317d7527a102d08d2
22922	77b635c575517eab1fb08e36551235df	9d7989d14dc95ded2d0bb714f91b22b8	f0793e9bf45b3ef317d7527a102d08d2
22923	681058ddb91f26c763cee4ce5fceef1c	01b6512c96f753a2f9d80c6020a416ad	dfdd6ed4ae3803605e73bf43b1a3ab9a
22924	681058ddb91f26c763cee4ce5fceef1c	01b6512c96f753a2f9d80c6020a416ad	dfdd6ed4ae3803605e73bf43b1a3ab9a
22925	681058ddb91f26c763cee4ce5fceef1c	01b6512c96f753a2f9d80c6020a416ad	dfdd6ed4ae3803605e73bf43b1a3ab9a
22926	6ae4f9fa28cf7bd629656de6f5c8161a	231a49af7761eeb1bcb1377e1af2f9aa	912ef46acbdcc484ad5af8b431adf26a
22927	b0e48804aa6dfd3501173d64a40f07d5	2d9455402a0b2d796cf047a100b6e9e8	991ad954338228e6eca94585a6353f7c
22928	6ae4f9fa28cf7bd629656de6f5c8161a	231a49af7761eeb1bcb1377e1af2f9aa	912ef46acbdcc484ad5af8b431adf26a
22929	6ae4f9fa28cf7bd629656de6f5c8161a	231a49af7761eeb1bcb1377e1af2f9aa	912ef46acbdcc484ad5af8b431adf26a
22930	6715e6ede67b91c198c1cf08f803efbb	0a2eda78ea646402e98576042d08d1c0	358125c5a46ce89a4447d90b4f3ae5ac
22931	05c090c157c4d1917fccc21c5222e430	da4e002a38579406d335adff4296df59	f0dd3658dd3efd54ddddc4caa429821a
22932	05c090c157c4d1917fccc21c5222e430	da4e002a38579406d335adff4296df59	f0dd3658dd3efd54ddddc4caa429821a
22933	02b06cc3dad3b2b674a9161cdbbd2581	cf52bb800ca85f06ab463c9b57b94273	cc5c4fd3295eea215350000d03ada692
22934	02b06cc3dad3b2b674a9161cdbbd2581	cf52bb800ca85f06ab463c9b57b94273	cc5c4fd3295eea215350000d03ada692
22935	7ed322d868f585d0ffe2c542fead453f	6872709a838d3736f63d07d38d84de24	db7d1f24c1c3ec23e5525acf20d71aa9
22936	7ed322d868f585d0ffe2c542fead453f	6872709a838d3736f63d07d38d84de24	db7d1f24c1c3ec23e5525acf20d71aa9
22937	7ed322d868f585d0ffe2c542fead453f	6872709a838d3736f63d07d38d84de24	db7d1f24c1c3ec23e5525acf20d71aa9
22938	7ed322d868f585d0ffe2c542fead453f	6872709a838d3736f63d07d38d84de24	db7d1f24c1c3ec23e5525acf20d71aa9
22939	7ed322d868f585d0ffe2c542fead453f	6872709a838d3736f63d07d38d84de24	db7d1f24c1c3ec23e5525acf20d71aa9
22940	7ed322d868f585d0ffe2c542fead453f	6872709a838d3736f63d07d38d84de24	db7d1f24c1c3ec23e5525acf20d71aa9
22941	7ed322d868f585d0ffe2c542fead453f	6872709a838d3736f63d07d38d84de24	db7d1f24c1c3ec23e5525acf20d71aa9
22942	7b36e47aa32b2abfc11758447a77cdcb	9b5e77a6e916f7a1a91919e478ff77a7	d8738ee234d906af084e429eb80d754e
22943	7b36e47aa32b2abfc11758447a77cdcb	9b5e77a6e916f7a1a91919e478ff77a7	d8738ee234d906af084e429eb80d754e
22944	7b36e47aa32b2abfc11758447a77cdcb	9b5e77a6e916f7a1a91919e478ff77a7	d8738ee234d906af084e429eb80d754e
22945	7b36e47aa32b2abfc11758447a77cdcb	9b5e77a6e916f7a1a91919e478ff77a7	d8738ee234d906af084e429eb80d754e
22946	7b36e47aa32b2abfc11758447a77cdcb	9b5e77a6e916f7a1a91919e478ff77a7	d8738ee234d906af084e429eb80d754e
22947	7b36e47aa32b2abfc11758447a77cdcb	9b5e77a6e916f7a1a91919e478ff77a7	d8738ee234d906af084e429eb80d754e
22948	7b36e47aa32b2abfc11758447a77cdcb	9b5e77a6e916f7a1a91919e478ff77a7	d8738ee234d906af084e429eb80d754e
22949	7b36e47aa32b2abfc11758447a77cdcb	9b5e77a6e916f7a1a91919e478ff77a7	d8738ee234d906af084e429eb80d754e
22950	7b36e47aa32b2abfc11758447a77cdcb	9b5e77a6e916f7a1a91919e478ff77a7	d8738ee234d906af084e429eb80d754e
22951	7b36e47aa32b2abfc11758447a77cdcb	9b5e77a6e916f7a1a91919e478ff77a7	d8738ee234d906af084e429eb80d754e
22952	7a55b926417391272ba8a37e7bf19bc2	b92173e710934e039b4caa4912638a09	2bd298caf5894bd227e5bad6a991f72f
22953	7a55b926417391272ba8a37e7bf19bc2	b92173e710934e039b4caa4912638a09	2bd298caf5894bd227e5bad6a991f72f
22954	7a55b926417391272ba8a37e7bf19bc2	b92173e710934e039b4caa4912638a09	2bd298caf5894bd227e5bad6a991f72f
22955	7a55b926417391272ba8a37e7bf19bc2	b92173e710934e039b4caa4912638a09	2bd298caf5894bd227e5bad6a991f72f
22956	7a55b926417391272ba8a37e7bf19bc2	b92173e710934e039b4caa4912638a09	2bd298caf5894bd227e5bad6a991f72f
22957	7a55b926417391272ba8a37e7bf19bc2	b92173e710934e039b4caa4912638a09	2bd298caf5894bd227e5bad6a991f72f
22958	7a55b926417391272ba8a37e7bf19bc2	b92173e710934e039b4caa4912638a09	2bd298caf5894bd227e5bad6a991f72f
22959	efb980a1aa732745a74ab8aa22734096	575baf09869373ca829b4ab70610b3eb	49d3a61fd56410c92e5f44224ba84378
22960	efb980a1aa732745a74ab8aa22734096	575baf09869373ca829b4ab70610b3eb	49d3a61fd56410c92e5f44224ba84378
22961	efb980a1aa732745a74ab8aa22734096	575baf09869373ca829b4ab70610b3eb	49d3a61fd56410c92e5f44224ba84378
22962	efb980a1aa732745a74ab8aa22734096	575baf09869373ca829b4ab70610b3eb	49d3a61fd56410c92e5f44224ba84378
22963	efb980a1aa732745a74ab8aa22734096	575baf09869373ca829b4ab70610b3eb	49d3a61fd56410c92e5f44224ba84378
22964	ab2665a24657ecb0962b92d1e460e69e	f40a62ca7480b82ff6e01672c98cd0fb	5ee825b4b7bed4633641b906716527f3
22965	c6d406481a1eec75dc4bbd97c8486af5	c600a9fb5a20f756da15c843b7861d72	0a30df827ba909ce03c7c3ea78081b1a
22966	2cb49e006ef0fb657bf27e41e07a2cdb	c82d7401b135df6cd579927fffdd55fa	f0b396dad62b86fc2638429fe30356ca
22967	3f0fca4e9b8c5369ec3e2fced0d95801	66c7c86a42acc796c0d410affbd9d2cb	b8e137ccd9c1042a30b339792535a4fb
22968	841e5f5a7e87a58cd23a72b51eddcfd0	846c3ca1d49717d0b7d7f7022aef8511	b0eb96cce5b1eb2c737fd5df57b29ae9
22969	c561ddebcf9cdac4a42bf0f84c1032ff	5695792cc66cdaaec97801b21294829f	c3472b2e57bc8ecfbce558d332c6d525
22970	84a6d85877777032bb948fb4aa86a239	8a0b5c5c39e5d0bfa5d319079c82d4ca	d5bc62314ea1bb787cac10c3cb85a874
22971	9df87532f8c7a1c84f19361a4fdad710	c6cc104558b532b1997cd17eaa696819	fdae55879e44fbdf9729ae9929a8b3ed
22972	ef7cc91527e2f2e2856375654c0be213	5bac6400367fb2b137f56815a7d0cbed	69a185bd893a8b51b284bfb9c65985ed
22973	ef7cc91527e2f2e2856375654c0be213	5bac6400367fb2b137f56815a7d0cbed	69a185bd893a8b51b284bfb9c65985ed
22974	f4de278494deff59583c6454604a86e1	2d35f2f5753940d244e52512303f2dca	997d33fdf2d67ba88dbff9d6f6a0ae16
22975	94ed36e38dfe4d68d0d3d028f080ea6e	9c92717a708579d7d7c405dd390765d1	7a60e3641661439ff08005f640dcd481
22976	c6b462b0fe147d6de1ea74eaba7ea957	f94623571f2d8aeb5f5da183e4ec8067	1c57ebe31c7a29b37e314073d73df9a7
22977	9a339314340cb171b2964a1b91393235	1f5302238d078d3866140c3449982b5b	e4fd65261baa3a2bfb7e4d28f5dda0a4
22978	4034bd028d0698352a8efd71f488965c	8724ab67b120a024ab361754a01a2586	7df4f39c28cf843c9011e8d665c275be
22979	9a339314340cb171b2964a1b91393235	1f5302238d078d3866140c3449982b5b	e4fd65261baa3a2bfb7e4d28f5dda0a4
22980	7779e76bffda0f6bca2708918dfe9718	c578323a11c42674d1a6446cc75c789e	14103fad752a82a8f9e95c5e8d175d9e
22981	a5553d548cc2d680bb97bccd0dba01a9	4a14aae680268223efb7ccd1da95d4fe	8caf0c08d4a1d2d081b6e4991739f724
22982	a5553d548cc2d680bb97bccd0dba01a9	4a14aae680268223efb7ccd1da95d4fe	8caf0c08d4a1d2d081b6e4991739f724
22983	a5553d548cc2d680bb97bccd0dba01a9	4a14aae680268223efb7ccd1da95d4fe	8caf0c08d4a1d2d081b6e4991739f724
22984	a5553d548cc2d680bb97bccd0dba01a9	4a14aae680268223efb7ccd1da95d4fe	8caf0c08d4a1d2d081b6e4991739f724
22985	a5553d548cc2d680bb97bccd0dba01a9	4a14aae680268223efb7ccd1da95d4fe	8caf0c08d4a1d2d081b6e4991739f724
22986	a5553d548cc2d680bb97bccd0dba01a9	4a14aae680268223efb7ccd1da95d4fe	8caf0c08d4a1d2d081b6e4991739f724
22987	a5553d548cc2d680bb97bccd0dba01a9	4a14aae680268223efb7ccd1da95d4fe	8caf0c08d4a1d2d081b6e4991739f724
22988	fce89c14fc97c7d5551fd990e6581fca	a54b5aa5a6a9dc7f7684c8f502258e2b	93ff59ea8a1ee4c29b72e8da75033a20
22989	fce89c14fc97c7d5551fd990e6581fca	a54b5aa5a6a9dc7f7684c8f502258e2b	93ff59ea8a1ee4c29b72e8da75033a20
22990	fce89c14fc97c7d5551fd990e6581fca	a54b5aa5a6a9dc7f7684c8f502258e2b	93ff59ea8a1ee4c29b72e8da75033a20
22991	e1bdcd207c27945bcc79f77ac4320781	f4ec04215aef0904896bbfc3a0c493da	a23126d448536d06b4ee4c5f70db3666
22992	e1bdcd207c27945bcc79f77ac4320781	f4ec04215aef0904896bbfc3a0c493da	a23126d448536d06b4ee4c5f70db3666
22993	c58c6ff565c10553052a63728d59255a	ea6acfacb414554405120bacd9b63c18	82cd4c186c6e651d5457e0ccf4209ee6
22994	c58c6ff565c10553052a63728d59255a	ea6acfacb414554405120bacd9b63c18	82cd4c186c6e651d5457e0ccf4209ee6
22995	c58c6ff565c10553052a63728d59255a	ea6acfacb414554405120bacd9b63c18	82cd4c186c6e651d5457e0ccf4209ee6
22996	568ef41c2e5106d4a96c75f7c6f47e30	6fb597c1b0040a7b152a044ba5659de2	5943d0b31ac037aa808dda5d57fb4dad
22997	7cab7d372a45486ba07aa05104b9c3a6	90b3852e0c0db2ba76bc8c038ee3d824	70b1451bb5040be33ef8d4aa26b4b443
22998	9bbfa63b2821dba41c9fb9a274b5131a	acced8902c574c01a11dd17d43dee2bc	f1faf2f08bc04d2ce2eb0485ca5ddd90
22999	9bbfa63b2821dba41c9fb9a274b5131a	acced8902c574c01a11dd17d43dee2bc	f1faf2f08bc04d2ce2eb0485ca5ddd90
23000	f26eeca26fea15b74d05cc5daefb2261	bcf2af9a7798202e928ef26d8d6bddd3	0643fe15c521741c7e148327d9db7940
23001	f26eeca26fea15b74d05cc5daefb2261	bcf2af9a7798202e928ef26d8d6bddd3	0643fe15c521741c7e148327d9db7940
23002	f26eeca26fea15b74d05cc5daefb2261	bcf2af9a7798202e928ef26d8d6bddd3	0643fe15c521741c7e148327d9db7940
23003	de289f5cd9254fe3791e06fbddc06f0b	8f449566abd7cc89331a893729e69e6d	7d3016705cfb212934f5d7503d29b1f9
23004	f26eeca26fea15b74d05cc5daefb2261	bcf2af9a7798202e928ef26d8d6bddd3	0643fe15c521741c7e148327d9db7940
23005	9bb7793e7399c65a6a04735ada5ab60c	6c5c47317a7f0967af24576034b2ebb2	1b8a2d0642d10c77b0aded7714613d09
23006	9bb7793e7399c65a6a04735ada5ab60c	6c5c47317a7f0967af24576034b2ebb2	1b8a2d0642d10c77b0aded7714613d09
23007	9bb7793e7399c65a6a04735ada5ab60c	6c5c47317a7f0967af24576034b2ebb2	1b8a2d0642d10c77b0aded7714613d09
23008	9bb7793e7399c65a6a04735ada5ab60c	6c5c47317a7f0967af24576034b2ebb2	1b8a2d0642d10c77b0aded7714613d09
23009	9bb7793e7399c65a6a04735ada5ab60c	6c5c47317a7f0967af24576034b2ebb2	1b8a2d0642d10c77b0aded7714613d09
23010	9bb7793e7399c65a6a04735ada5ab60c	6c5c47317a7f0967af24576034b2ebb2	1b8a2d0642d10c77b0aded7714613d09
23011	9bb7793e7399c65a6a04735ada5ab60c	6c5c47317a7f0967af24576034b2ebb2	1b8a2d0642d10c77b0aded7714613d09
23012	9bb7793e7399c65a6a04735ada5ab60c	6c5c47317a7f0967af24576034b2ebb2	1b8a2d0642d10c77b0aded7714613d09
23013	9bb7793e7399c65a6a04735ada5ab60c	6c5c47317a7f0967af24576034b2ebb2	1b8a2d0642d10c77b0aded7714613d09
23014	9bb7793e7399c65a6a04735ada5ab60c	6c5c47317a7f0967af24576034b2ebb2	1b8a2d0642d10c77b0aded7714613d09
23015	9bb7793e7399c65a6a04735ada5ab60c	6c5c47317a7f0967af24576034b2ebb2	1b8a2d0642d10c77b0aded7714613d09
23016	9bb7793e7399c65a6a04735ada5ab60c	6c5c47317a7f0967af24576034b2ebb2	1b8a2d0642d10c77b0aded7714613d09
23017	03fbdf59d3681c491a96ba3319c65e1f	ca8a6466a0216990d6216920f2f8bc6b	35dd1bcc3b4fbcf0becab884b91f2a79
23018	03fbdf59d3681c491a96ba3319c65e1f	ca8a6466a0216990d6216920f2f8bc6b	35dd1bcc3b4fbcf0becab884b91f2a79
23019	03fbdf59d3681c491a96ba3319c65e1f	ca8a6466a0216990d6216920f2f8bc6b	35dd1bcc3b4fbcf0becab884b91f2a79
23020	03fbdf59d3681c491a96ba3319c65e1f	ca8a6466a0216990d6216920f2f8bc6b	35dd1bcc3b4fbcf0becab884b91f2a79
23021	03fbdf59d3681c491a96ba3319c65e1f	ca8a6466a0216990d6216920f2f8bc6b	35dd1bcc3b4fbcf0becab884b91f2a79
23022	b783e8646ce9ec03c9ece40d521462be	930cfa8d8dd62e6c076a36060ae5446f	80eabd6abc9aee9a5700f8e598239480
23023	b783e8646ce9ec03c9ece40d521462be	930cfa8d8dd62e6c076a36060ae5446f	80eabd6abc9aee9a5700f8e598239480
23024	b783e8646ce9ec03c9ece40d521462be	930cfa8d8dd62e6c076a36060ae5446f	80eabd6abc9aee9a5700f8e598239480
23025	b783e8646ce9ec03c9ece40d521462be	930cfa8d8dd62e6c076a36060ae5446f	80eabd6abc9aee9a5700f8e598239480
23026	b783e8646ce9ec03c9ece40d521462be	930cfa8d8dd62e6c076a36060ae5446f	80eabd6abc9aee9a5700f8e598239480
23027	b783e8646ce9ec03c9ece40d521462be	930cfa8d8dd62e6c076a36060ae5446f	80eabd6abc9aee9a5700f8e598239480
23028	b783e8646ce9ec03c9ece40d521462be	930cfa8d8dd62e6c076a36060ae5446f	80eabd6abc9aee9a5700f8e598239480
23029	b783e8646ce9ec03c9ece40d521462be	930cfa8d8dd62e6c076a36060ae5446f	80eabd6abc9aee9a5700f8e598239480
23030	b783e8646ce9ec03c9ece40d521462be	930cfa8d8dd62e6c076a36060ae5446f	80eabd6abc9aee9a5700f8e598239480
23031	b783e8646ce9ec03c9ece40d521462be	930cfa8d8dd62e6c076a36060ae5446f	80eabd6abc9aee9a5700f8e598239480
23032	b783e8646ce9ec03c9ece40d521462be	930cfa8d8dd62e6c076a36060ae5446f	80eabd6abc9aee9a5700f8e598239480
23033	b783e8646ce9ec03c9ece40d521462be	930cfa8d8dd62e6c076a36060ae5446f	80eabd6abc9aee9a5700f8e598239480
23034	371179108b791a1021ec5bbed28fca25	6b58c05c373ee81b9e51448c917420c3	7ff0c14a4d446e307aca91fcb2165772
23035	371179108b791a1021ec5bbed28fca25	6b58c05c373ee81b9e51448c917420c3	7ff0c14a4d446e307aca91fcb2165772
23036	371179108b791a1021ec5bbed28fca25	6b58c05c373ee81b9e51448c917420c3	7ff0c14a4d446e307aca91fcb2165772
23037	371179108b791a1021ec5bbed28fca25	6b58c05c373ee81b9e51448c917420c3	7ff0c14a4d446e307aca91fcb2165772
23038	371179108b791a1021ec5bbed28fca25	6b58c05c373ee81b9e51448c917420c3	7ff0c14a4d446e307aca91fcb2165772
23039	371179108b791a1021ec5bbed28fca25	6b58c05c373ee81b9e51448c917420c3	7ff0c14a4d446e307aca91fcb2165772
23040	371179108b791a1021ec5bbed28fca25	6b58c05c373ee81b9e51448c917420c3	7ff0c14a4d446e307aca91fcb2165772
23041	638af1afccdc58af3007ba947ca019d1	ee46df64d87315ad5a1b5cb8a809a537	f2c393422631200777cef5e49d0d3e16
23042	638af1afccdc58af3007ba947ca019d1	ee46df64d87315ad5a1b5cb8a809a537	f2c393422631200777cef5e49d0d3e16
23043	638af1afccdc58af3007ba947ca019d1	ee46df64d87315ad5a1b5cb8a809a537	f2c393422631200777cef5e49d0d3e16
23044	d219981238672676617e3a80b7936d8f	d33f549304e65df779cb67a555a9f7ef	65c46308abd758ec5f65f8f37f7a8d00
23045	d219981238672676617e3a80b7936d8f	d33f549304e65df779cb67a555a9f7ef	65c46308abd758ec5f65f8f37f7a8d00
23046	638af1afccdc58af3007ba947ca019d1	ee46df64d87315ad5a1b5cb8a809a537	f2c393422631200777cef5e49d0d3e16
23047	638af1afccdc58af3007ba947ca019d1	ee46df64d87315ad5a1b5cb8a809a537	f2c393422631200777cef5e49d0d3e16
23048	638af1afccdc58af3007ba947ca019d1	ee46df64d87315ad5a1b5cb8a809a537	f2c393422631200777cef5e49d0d3e16
23049	048035138fd77651803bcf8e1ef32e19	a44674390772e74f5c1f5d6987137585	321edaee79f97a13a231de32d3d59edd
23050	98581210ceaf9f227ceb6506bb1010f6	1e73c0fd02266c83c637440fba8964fd	89c95a20aae8a818c215dc4d1c9545bc
23051	3eb8f5e1d720dff6dbf8fc6176b40b62	2e40a7a03de692503d70567e8733269a	c4768c8f6cedbed5740ebec944b80bca
23052	3eb8f5e1d720dff6dbf8fc6176b40b62	2e40a7a03de692503d70567e8733269a	c4768c8f6cedbed5740ebec944b80bca
23053	3eb8f5e1d720dff6dbf8fc6176b40b62	2e40a7a03de692503d70567e8733269a	c4768c8f6cedbed5740ebec944b80bca
23054	3eb8f5e1d720dff6dbf8fc6176b40b62	2e40a7a03de692503d70567e8733269a	c4768c8f6cedbed5740ebec944b80bca
23055	3eb8f5e1d720dff6dbf8fc6176b40b62	2e40a7a03de692503d70567e8733269a	c4768c8f6cedbed5740ebec944b80bca
23056	3eb8f5e1d720dff6dbf8fc6176b40b62	2e40a7a03de692503d70567e8733269a	c4768c8f6cedbed5740ebec944b80bca
23057	3eb8f5e1d720dff6dbf8fc6176b40b62	2e40a7a03de692503d70567e8733269a	c4768c8f6cedbed5740ebec944b80bca
23058	004fbfecffb53f84aa9303fd90bfd30d	35563b821cf2ee2cc6aa0461a0896625	e62e21294d621eb76d0a0a5a71440488
23059	8fa2ad0fe55621cc48fefc0935c70f64	7441793c03088de4e3cc7fed36aa43ec	9e8b5263a59dcda72d33cc727d1a5069
23060	931607ea7705a5745b9a5399c7eaefd3	ed37c8f8263bfadf8a1dad55f5ac2864	ba5e8de370fad1023e815f66e9cbc0f5
23061	2f8a8172e24d648dfecfe356fe0e8e1d	958bd1ddbcae89e7908f5618917e2cb2	ac9ab122e6cbaa68587b19f07c5c5f37
23062	1d967e423ec2cbab3d70cc3ce4af7c57	cf6344a7d055801d9bbf9dcc4034cbed	8d110b1d44492a0236357350709ba968
23063	1544cf60c88eb9a52625ad38c999c076	cb98ac7604bc9a442947650e9fddb953	48fc0f6789e732df7f9072a0b6446649
23064	1544cf60c88eb9a52625ad38c999c076	cb98ac7604bc9a442947650e9fddb953	48fc0f6789e732df7f9072a0b6446649
23065	1544cf60c88eb9a52625ad38c999c076	cb98ac7604bc9a442947650e9fddb953	48fc0f6789e732df7f9072a0b6446649
23066	1544cf60c88eb9a52625ad38c999c076	cb98ac7604bc9a442947650e9fddb953	48fc0f6789e732df7f9072a0b6446649
23067	1544cf60c88eb9a52625ad38c999c076	cb98ac7604bc9a442947650e9fddb953	48fc0f6789e732df7f9072a0b6446649
23068	1544cf60c88eb9a52625ad38c999c076	cb98ac7604bc9a442947650e9fddb953	48fc0f6789e732df7f9072a0b6446649
23069	1544cf60c88eb9a52625ad38c999c076	cb98ac7604bc9a442947650e9fddb953	48fc0f6789e732df7f9072a0b6446649
23070	1544cf60c88eb9a52625ad38c999c076	cb98ac7604bc9a442947650e9fddb953	48fc0f6789e732df7f9072a0b6446649
23071	1544cf60c88eb9a52625ad38c999c076	cb98ac7604bc9a442947650e9fddb953	48fc0f6789e732df7f9072a0b6446649
23072	1544cf60c88eb9a52625ad38c999c076	cb98ac7604bc9a442947650e9fddb953	48fc0f6789e732df7f9072a0b6446649
23073	1544cf60c88eb9a52625ad38c999c076	cb98ac7604bc9a442947650e9fddb953	48fc0f6789e732df7f9072a0b6446649
23074	1544cf60c88eb9a52625ad38c999c076	cb98ac7604bc9a442947650e9fddb953	48fc0f6789e732df7f9072a0b6446649
23075	1544cf60c88eb9a52625ad38c999c076	cb98ac7604bc9a442947650e9fddb953	48fc0f6789e732df7f9072a0b6446649
23076	1544cf60c88eb9a52625ad38c999c076	cb98ac7604bc9a442947650e9fddb953	48fc0f6789e732df7f9072a0b6446649
23077	1544cf60c88eb9a52625ad38c999c076	cb98ac7604bc9a442947650e9fddb953	48fc0f6789e732df7f9072a0b6446649
23078	1544cf60c88eb9a52625ad38c999c076	cb98ac7604bc9a442947650e9fddb953	48fc0f6789e732df7f9072a0b6446649
23079	1544cf60c88eb9a52625ad38c999c076	cb98ac7604bc9a442947650e9fddb953	48fc0f6789e732df7f9072a0b6446649
23080	ff0c6bbfce5c15f593c2a38f07b141bb	656c3c385a8e4fed120264e277a8a762	b235bced8606d1445727c2a1bdfebfbc
23081	ff0c6bbfce5c15f593c2a38f07b141bb	656c3c385a8e4fed120264e277a8a762	b235bced8606d1445727c2a1bdfebfbc
23082	ff0c6bbfce5c15f593c2a38f07b141bb	656c3c385a8e4fed120264e277a8a762	b235bced8606d1445727c2a1bdfebfbc
23083	ff0c6bbfce5c15f593c2a38f07b141bb	656c3c385a8e4fed120264e277a8a762	b235bced8606d1445727c2a1bdfebfbc
23084	ff0c6bbfce5c15f593c2a38f07b141bb	656c3c385a8e4fed120264e277a8a762	b235bced8606d1445727c2a1bdfebfbc
23085	ff0c6bbfce5c15f593c2a38f07b141bb	656c3c385a8e4fed120264e277a8a762	b235bced8606d1445727c2a1bdfebfbc
23086	ff0c6bbfce5c15f593c2a38f07b141bb	656c3c385a8e4fed120264e277a8a762	b235bced8606d1445727c2a1bdfebfbc
23087	d07663c95e2053dfb342d88a5cc2f84f	9fa679d1ac5aaddb2b0c33013dfa0804	b62656d0d031f6b4fa2cccea4a301b73
23088	d07663c95e2053dfb342d88a5cc2f84f	9fa679d1ac5aaddb2b0c33013dfa0804	b62656d0d031f6b4fa2cccea4a301b73
23089	d07663c95e2053dfb342d88a5cc2f84f	9fa679d1ac5aaddb2b0c33013dfa0804	b62656d0d031f6b4fa2cccea4a301b73
23090	d07663c95e2053dfb342d88a5cc2f84f	9fa679d1ac5aaddb2b0c33013dfa0804	b62656d0d031f6b4fa2cccea4a301b73
23091	d07663c95e2053dfb342d88a5cc2f84f	9fa679d1ac5aaddb2b0c33013dfa0804	b62656d0d031f6b4fa2cccea4a301b73
23092	b0ce767c0845dab1ae5d271b102efdc1	b93cdf7247978981cb966418f4cad60e	8e59863e30a4fe5fdc681c3c1d14b793
23093	b0ce767c0845dab1ae5d271b102efdc1	b93cdf7247978981cb966418f4cad60e	8e59863e30a4fe5fdc681c3c1d14b793
23094	b0ce767c0845dab1ae5d271b102efdc1	b93cdf7247978981cb966418f4cad60e	8e59863e30a4fe5fdc681c3c1d14b793
23095	b0ce767c0845dab1ae5d271b102efdc1	b93cdf7247978981cb966418f4cad60e	8e59863e30a4fe5fdc681c3c1d14b793
23096	b0ce767c0845dab1ae5d271b102efdc1	b93cdf7247978981cb966418f4cad60e	8e59863e30a4fe5fdc681c3c1d14b793
23097	b0ce767c0845dab1ae5d271b102efdc1	b93cdf7247978981cb966418f4cad60e	8e59863e30a4fe5fdc681c3c1d14b793
23098	b0ce767c0845dab1ae5d271b102efdc1	b93cdf7247978981cb966418f4cad60e	8e59863e30a4fe5fdc681c3c1d14b793
23099	c4f5ac9ae4378a83198d2c47bfa3749e	0ddadf3eb57e26674a2e7cc590606225	ed7242b93a28ea834e81f3ed9b7918d0
23100	c4f5ac9ae4378a83198d2c47bfa3749e	0ddadf3eb57e26674a2e7cc590606225	ed7242b93a28ea834e81f3ed9b7918d0
23101	c4f5ac9ae4378a83198d2c47bfa3749e	0ddadf3eb57e26674a2e7cc590606225	ed7242b93a28ea834e81f3ed9b7918d0
23102	c4f5ac9ae4378a83198d2c47bfa3749e	0ddadf3eb57e26674a2e7cc590606225	ed7242b93a28ea834e81f3ed9b7918d0
23103	c4f5ac9ae4378a83198d2c47bfa3749e	0ddadf3eb57e26674a2e7cc590606225	ed7242b93a28ea834e81f3ed9b7918d0
23104	a6a09400518715e58fbf9f816cf96a27	92b702624e8f3e4f73382f70496c11d8	27b9de8f0342111e0c0fd03f1735eb3b
23105	a6a09400518715e58fbf9f816cf96a27	92b702624e8f3e4f73382f70496c11d8	27b9de8f0342111e0c0fd03f1735eb3b
23106	a6a09400518715e58fbf9f816cf96a27	92b702624e8f3e4f73382f70496c11d8	27b9de8f0342111e0c0fd03f1735eb3b
23107	a6a09400518715e58fbf9f816cf96a27	92b702624e8f3e4f73382f70496c11d8	27b9de8f0342111e0c0fd03f1735eb3b
23108	a6a09400518715e58fbf9f816cf96a27	92b702624e8f3e4f73382f70496c11d8	27b9de8f0342111e0c0fd03f1735eb3b
23109	a6a09400518715e58fbf9f816cf96a27	92b702624e8f3e4f73382f70496c11d8	27b9de8f0342111e0c0fd03f1735eb3b
23110	a6a09400518715e58fbf9f816cf96a27	92b702624e8f3e4f73382f70496c11d8	27b9de8f0342111e0c0fd03f1735eb3b
23111	bb41ca2feed55ffaca41bfd5daebde22	571b9785cd1c74494593efdedace8144	650a54f4aa89b9cc5759b3f33b9dc30a
23112	bb41ca2feed55ffaca41bfd5daebde22	571b9785cd1c74494593efdedace8144	650a54f4aa89b9cc5759b3f33b9dc30a
23113	bb41ca2feed55ffaca41bfd5daebde22	571b9785cd1c74494593efdedace8144	650a54f4aa89b9cc5759b3f33b9dc30a
23114	bb41ca2feed55ffaca41bfd5daebde22	571b9785cd1c74494593efdedace8144	650a54f4aa89b9cc5759b3f33b9dc30a
23115	bb41ca2feed55ffaca41bfd5daebde22	571b9785cd1c74494593efdedace8144	650a54f4aa89b9cc5759b3f33b9dc30a
23116	38c4312fe99e3cffa5bf318045c8ac32	f7604d6b2817be05a1ae07d0e417d0b6	284fdcb7d9a434f1b7d75a92aaaf2c99
23117	38c4312fe99e3cffa5bf318045c8ac32	f7604d6b2817be05a1ae07d0e417d0b6	284fdcb7d9a434f1b7d75a92aaaf2c99
23118	38c4312fe99e3cffa5bf318045c8ac32	f7604d6b2817be05a1ae07d0e417d0b6	284fdcb7d9a434f1b7d75a92aaaf2c99
23119	38c4312fe99e3cffa5bf318045c8ac32	783a860fc37a4052c5337ea0ece3e76c	e955b460a5df09d3148375d86095d5a2
23120	38c4312fe99e3cffa5bf318045c8ac32	639b165c240faf3952a9a56422c2873a	ca1191b509721e1c638ab31b2bf40bf8
23121	b5f37af8e4fe7c6ed46d986778fe50a8	699def0c97a902bbc30763e2f987ede5	2eb2e0bdd049fdd98dd817e20787088a
23122	b5f37af8e4fe7c6ed46d986778fe50a8	699def0c97a902bbc30763e2f987ede5	2eb2e0bdd049fdd98dd817e20787088a
23123	b5f37af8e4fe7c6ed46d986778fe50a8	699def0c97a902bbc30763e2f987ede5	2eb2e0bdd049fdd98dd817e20787088a
23124	8f65bf908b6501d765a780d96335f014	425d7cc2ebd4e95b67c8262b62f3763c	e8b4f6f2245ef3ef0490ecea09ae1978
23125	8f65bf908b6501d765a780d96335f014	425d7cc2ebd4e95b67c8262b62f3763c	e8b4f6f2245ef3ef0490ecea09ae1978
23126	9baba4e5de51aa385049fb8c6fde8736	4b2b6ca319d7314d3783f942596da4aa	c3b293a785b664159b35153384fb3402
23127	9baba4e5de51aa385049fb8c6fde8736	4b2b6ca319d7314d3783f942596da4aa	c3b293a785b664159b35153384fb3402
23128	1ac1b5e76daaa86eeb5a925932fc78b0	ae10c18767fc1960b7f702b98a59b03e	6572bd187573e22780b52548d19edd7e
23129	1ac1b5e76daaa86eeb5a925932fc78b0	ae10c18767fc1960b7f702b98a59b03e	6572bd187573e22780b52548d19edd7e
23130	1ac1b5e76daaa86eeb5a925932fc78b0	ae10c18767fc1960b7f702b98a59b03e	6572bd187573e22780b52548d19edd7e
23131	1ac1b5e76daaa86eeb5a925932fc78b0	ae10c18767fc1960b7f702b98a59b03e	6572bd187573e22780b52548d19edd7e
23132	1ac1b5e76daaa86eeb5a925932fc78b0	ae10c18767fc1960b7f702b98a59b03e	6572bd187573e22780b52548d19edd7e
23133	01d4257b7eeaf368d447ea734442ca98	7acc2cfa8825b2e5db6005e695482895	ff64e5bedf05a492b82b2b4997378f69
23134	01d4257b7eeaf368d447ea734442ca98	7acc2cfa8825b2e5db6005e695482895	ff64e5bedf05a492b82b2b4997378f69
23135	01d4257b7eeaf368d447ea734442ca98	7acc2cfa8825b2e5db6005e695482895	ff64e5bedf05a492b82b2b4997378f69
23136	01d4257b7eeaf368d447ea734442ca98	7acc2cfa8825b2e5db6005e695482895	ff64e5bedf05a492b82b2b4997378f69
23137	01d4257b7eeaf368d447ea734442ca98	7acc2cfa8825b2e5db6005e695482895	ff64e5bedf05a492b82b2b4997378f69
23138	01d4257b7eeaf368d447ea734442ca98	7acc2cfa8825b2e5db6005e695482895	ff64e5bedf05a492b82b2b4997378f69
23139	01d4257b7eeaf368d447ea734442ca98	7acc2cfa8825b2e5db6005e695482895	ff64e5bedf05a492b82b2b4997378f69
23140	84805e867a1de3bf13c534821f6c8889	06f42b52bcec2575e91c41614ff3b62f	e210a97e0c1acf32fc7327c91eab6dd8
23141	84805e867a1de3bf13c534821f6c8889	06f42b52bcec2575e91c41614ff3b62f	e210a97e0c1acf32fc7327c91eab6dd8
23142	84805e867a1de3bf13c534821f6c8889	06f42b52bcec2575e91c41614ff3b62f	e210a97e0c1acf32fc7327c91eab6dd8
23143	84805e867a1de3bf13c534821f6c8889	06f42b52bcec2575e91c41614ff3b62f	e210a97e0c1acf32fc7327c91eab6dd8
23144	84805e867a1de3bf13c534821f6c8889	06f42b52bcec2575e91c41614ff3b62f	e210a97e0c1acf32fc7327c91eab6dd8
23145	84805e867a1de3bf13c534821f6c8889	06f42b52bcec2575e91c41614ff3b62f	e210a97e0c1acf32fc7327c91eab6dd8
23146	84805e867a1de3bf13c534821f6c8889	06f42b52bcec2575e91c41614ff3b62f	e210a97e0c1acf32fc7327c91eab6dd8
23147	84805e867a1de3bf13c534821f6c8889	06f42b52bcec2575e91c41614ff3b62f	e210a97e0c1acf32fc7327c91eab6dd8
23148	84805e867a1de3bf13c534821f6c8889	06f42b52bcec2575e91c41614ff3b62f	e210a97e0c1acf32fc7327c91eab6dd8
23149	84805e867a1de3bf13c534821f6c8889	06f42b52bcec2575e91c41614ff3b62f	e210a97e0c1acf32fc7327c91eab6dd8
23150	89a2bc246eb7ea11c3840434e7ff6752	d8a311cdfc2488d157de4c5fff4b920a	882de5499b207d319918e1db5780dc65
23151	89a2bc246eb7ea11c3840434e7ff6752	d8a311cdfc2488d157de4c5fff4b920a	882de5499b207d319918e1db5780dc65
23152	89a2bc246eb7ea11c3840434e7ff6752	d8a311cdfc2488d157de4c5fff4b920a	882de5499b207d319918e1db5780dc65
23153	89a2bc246eb7ea11c3840434e7ff6752	d8a311cdfc2488d157de4c5fff4b920a	882de5499b207d319918e1db5780dc65
23154	89a2bc246eb7ea11c3840434e7ff6752	d8a311cdfc2488d157de4c5fff4b920a	882de5499b207d319918e1db5780dc65
23155	89a2bc246eb7ea11c3840434e7ff6752	d8a311cdfc2488d157de4c5fff4b920a	882de5499b207d319918e1db5780dc65
23156	89a2bc246eb7ea11c3840434e7ff6752	d8a311cdfc2488d157de4c5fff4b920a	882de5499b207d319918e1db5780dc65
23157	71313b527f57a5a97b4ba0b94cfda151	3a2a18d3fdc2e819203975005ca7fd88	d540d9f71f7bc00b1f1182ad6edfd446
23158	71313b527f57a5a97b4ba0b94cfda151	3a2a18d3fdc2e819203975005ca7fd88	d540d9f71f7bc00b1f1182ad6edfd446
23159	71313b527f57a5a97b4ba0b94cfda151	3a2a18d3fdc2e819203975005ca7fd88	d540d9f71f7bc00b1f1182ad6edfd446
23160	c9956b21b332bd19bf64444d776e187a	fbdd5bb4734c495bacfba9bf1d6d4de7	c3b8ef567f778cf7759e5dea2b120e23
23161	518f546751813b9655bf935b3a687879	ed3b4e798787ffa135232d8cdcb6de12	63d06dc053ca47594ad75fc3caba7c3f
23162	1e00f9872cf253529eeb59b395f50b63	baa9517ecd9df6c0f5316ceb61002b29	de660c1369e9badcec6116b1d9ed6bc9
23163	1e00f9872cf253529eeb59b395f50b63	baa9517ecd9df6c0f5316ceb61002b29	de660c1369e9badcec6116b1d9ed6bc9
23164	1e00f9872cf253529eeb59b395f50b63	baa9517ecd9df6c0f5316ceb61002b29	de660c1369e9badcec6116b1d9ed6bc9
23165	1e00f9872cf253529eeb59b395f50b63	baa9517ecd9df6c0f5316ceb61002b29	de660c1369e9badcec6116b1d9ed6bc9
23166	2babcf8f33052b076d3c8e5e8c162916	cc7f86673804b210e653b1b90c9b8249	cf9a1374a006bf4163c8b1709094b9cc
23167	1e00f9872cf253529eeb59b395f50b63	baa9517ecd9df6c0f5316ceb61002b29	de660c1369e9badcec6116b1d9ed6bc9
23168	1e00f9872cf253529eeb59b395f50b63	baa9517ecd9df6c0f5316ceb61002b29	de660c1369e9badcec6116b1d9ed6bc9
23169	472f5d3f89657840a9f962b55f9f28f1	0e7461837b3b61f979c4d7947c3241bf	0a898acacf0e4de35023f301fb13f3f1
23170	e519516af7a9b174058596ad1e370b3d	7fc908efcdccf6700e73244410f87aa0	d995154db1123cf42da6fb14076cf6b0
23171	472f5d3f89657840a9f962b55f9f28f1	0e7461837b3b61f979c4d7947c3241bf	0a898acacf0e4de35023f301fb13f3f1
23172	472f5d3f89657840a9f962b55f9f28f1	0e7461837b3b61f979c4d7947c3241bf	0a898acacf0e4de35023f301fb13f3f1
23173	472f5d3f89657840a9f962b55f9f28f1	0e7461837b3b61f979c4d7947c3241bf	0a898acacf0e4de35023f301fb13f3f1
23174	d45f4b34cad9031f7f64659ca5b87d08	7545c143ea479ac9a13173f633efa2d1	0b31fb784c1bf2dde28d781efd4cb795
23175	d45f4b34cad9031f7f64659ca5b87d08	7545c143ea479ac9a13173f633efa2d1	0b31fb784c1bf2dde28d781efd4cb795
23176	d45f4b34cad9031f7f64659ca5b87d08	7545c143ea479ac9a13173f633efa2d1	0b31fb784c1bf2dde28d781efd4cb795
23177	d45f4b34cad9031f7f64659ca5b87d08	7545c143ea479ac9a13173f633efa2d1	0b31fb784c1bf2dde28d781efd4cb795
23178	d45f4b34cad9031f7f64659ca5b87d08	7545c143ea479ac9a13173f633efa2d1	0b31fb784c1bf2dde28d781efd4cb795
23179	d45f4b34cad9031f7f64659ca5b87d08	7545c143ea479ac9a13173f633efa2d1	0b31fb784c1bf2dde28d781efd4cb795
23180	d45f4b34cad9031f7f64659ca5b87d08	7545c143ea479ac9a13173f633efa2d1	0b31fb784c1bf2dde28d781efd4cb795
23181	d45f4b34cad9031f7f64659ca5b87d08	7545c143ea479ac9a13173f633efa2d1	0b31fb784c1bf2dde28d781efd4cb795
23182	d45f4b34cad9031f7f64659ca5b87d08	7545c143ea479ac9a13173f633efa2d1	0b31fb784c1bf2dde28d781efd4cb795
23183	d45f4b34cad9031f7f64659ca5b87d08	7545c143ea479ac9a13173f633efa2d1	0b31fb784c1bf2dde28d781efd4cb795
23184	d45f4b34cad9031f7f64659ca5b87d08	7545c143ea479ac9a13173f633efa2d1	0b31fb784c1bf2dde28d781efd4cb795
23185	d45f4b34cad9031f7f64659ca5b87d08	7545c143ea479ac9a13173f633efa2d1	0b31fb784c1bf2dde28d781efd4cb795
23186	d45f4b34cad9031f7f64659ca5b87d08	7545c143ea479ac9a13173f633efa2d1	0b31fb784c1bf2dde28d781efd4cb795
23187	d45f4b34cad9031f7f64659ca5b87d08	7545c143ea479ac9a13173f633efa2d1	0b31fb784c1bf2dde28d781efd4cb795
23188	d45f4b34cad9031f7f64659ca5b87d08	7545c143ea479ac9a13173f633efa2d1	0b31fb784c1bf2dde28d781efd4cb795
23189	d45f4b34cad9031f7f64659ca5b87d08	7545c143ea479ac9a13173f633efa2d1	0b31fb784c1bf2dde28d781efd4cb795
23190	d45f4b34cad9031f7f64659ca5b87d08	7545c143ea479ac9a13173f633efa2d1	0b31fb784c1bf2dde28d781efd4cb795
23191	423eaf18df1d1198d708baca43b1884c	b3c35f3f9eac6cfea6602323faff2f0c	54de7e66bb2746cd44c59df19179f6dd
23192	423eaf18df1d1198d708baca43b1884c	b3c35f3f9eac6cfea6602323faff2f0c	54de7e66bb2746cd44c59df19179f6dd
23193	423eaf18df1d1198d708baca43b1884c	b3c35f3f9eac6cfea6602323faff2f0c	54de7e66bb2746cd44c59df19179f6dd
23194	423eaf18df1d1198d708baca43b1884c	b3c35f3f9eac6cfea6602323faff2f0c	54de7e66bb2746cd44c59df19179f6dd
23195	423eaf18df1d1198d708baca43b1884c	b3c35f3f9eac6cfea6602323faff2f0c	54de7e66bb2746cd44c59df19179f6dd
23196	423eaf18df1d1198d708baca43b1884c	b3c35f3f9eac6cfea6602323faff2f0c	54de7e66bb2746cd44c59df19179f6dd
23197	423eaf18df1d1198d708baca43b1884c	b3c35f3f9eac6cfea6602323faff2f0c	54de7e66bb2746cd44c59df19179f6dd
23198	fd509d52bac441539632ac3c530a4381	8bd17102a15c23b1cf14fa1ce3d4720f	da5945e1c0a817bcd05f51c5b8bbee20
23199	fd509d52bac441539632ac3c530a4381	8bd17102a15c23b1cf14fa1ce3d4720f	da5945e1c0a817bcd05f51c5b8bbee20
23200	fd509d52bac441539632ac3c530a4381	8bd17102a15c23b1cf14fa1ce3d4720f	da5945e1c0a817bcd05f51c5b8bbee20
23201	fd509d52bac441539632ac3c530a4381	8bd17102a15c23b1cf14fa1ce3d4720f	da5945e1c0a817bcd05f51c5b8bbee20
23202	fd509d52bac441539632ac3c530a4381	8bd17102a15c23b1cf14fa1ce3d4720f	da5945e1c0a817bcd05f51c5b8bbee20
23203	11966053a0d3f68b3e9564b24e19948b	c3422edf9c0c2a4ecbf2266e4156607e	09a5f7d7a57eb344cb8374d453bb4db3
23204	11966053a0d3f68b3e9564b24e19948b	c3422edf9c0c2a4ecbf2266e4156607e	09a5f7d7a57eb344cb8374d453bb4db3
23205	11966053a0d3f68b3e9564b24e19948b	c3422edf9c0c2a4ecbf2266e4156607e	09a5f7d7a57eb344cb8374d453bb4db3
23206	853709a96c4adeda29abd89c0b7e83b5	267ef83303a314bdd33f04e06bd14bb2	0ebee87069290e344495652c8f77174f
23207	853709a96c4adeda29abd89c0b7e83b5	267ef83303a314bdd33f04e06bd14bb2	0ebee87069290e344495652c8f77174f
23208	853709a96c4adeda29abd89c0b7e83b5	267ef83303a314bdd33f04e06bd14bb2	0ebee87069290e344495652c8f77174f
23209	853709a96c4adeda29abd89c0b7e83b5	267ef83303a314bdd33f04e06bd14bb2	0ebee87069290e344495652c8f77174f
23210	71df1157971b5812a1d844a6d3dd77ef	3ce0aa55d38c988a8f68f89f4ca61ed6	7672e29d2112fc4a42064d55a2c6c284
23211	71df1157971b5812a1d844a6d3dd77ef	3ce0aa55d38c988a8f68f89f4ca61ed6	7672e29d2112fc4a42064d55a2c6c284
23212	71df1157971b5812a1d844a6d3dd77ef	3ce0aa55d38c988a8f68f89f4ca61ed6	7672e29d2112fc4a42064d55a2c6c284
23213	71df1157971b5812a1d844a6d3dd77ef	3ce0aa55d38c988a8f68f89f4ca61ed6	7672e29d2112fc4a42064d55a2c6c284
23214	71df1157971b5812a1d844a6d3dd77ef	3ce0aa55d38c988a8f68f89f4ca61ed6	7672e29d2112fc4a42064d55a2c6c284
23215	5ed5c68eb9e330a2a96aa40be1a7c25c	dd822f35c98974891207913b8b9492a6	0f302af9fb10fe3ed2d7538e52d81eb1
23216	5ed5c68eb9e330a2a96aa40be1a7c25c	dd822f35c98974891207913b8b9492a6	0f302af9fb10fe3ed2d7538e52d81eb1
23217	5ed5c68eb9e330a2a96aa40be1a7c25c	dd822f35c98974891207913b8b9492a6	0f302af9fb10fe3ed2d7538e52d81eb1
23218	5ed5c68eb9e330a2a96aa40be1a7c25c	dd822f35c98974891207913b8b9492a6	0f302af9fb10fe3ed2d7538e52d81eb1
23219	4cb6d8e8d5d09ecc891a945a8e9779ab	b30334e0e3cf42975870cd8ffc936015	09cbcde46b3cc5c089240c67e30f0c9a
23220	73164de684d8c9bc479c1422b61c7979	e15412776a25fb1f12a058c449044781	013ce2320fa8e2b3fe1ae4742d688b5d
23221	73164de684d8c9bc479c1422b61c7979	e15412776a25fb1f12a058c449044781	013ce2320fa8e2b3fe1ae4742d688b5d
23222	73164de684d8c9bc479c1422b61c7979	e15412776a25fb1f12a058c449044781	013ce2320fa8e2b3fe1ae4742d688b5d
23223	73164de684d8c9bc479c1422b61c7979	e15412776a25fb1f12a058c449044781	013ce2320fa8e2b3fe1ae4742d688b5d
23224	73164de684d8c9bc479c1422b61c7979	e15412776a25fb1f12a058c449044781	013ce2320fa8e2b3fe1ae4742d688b5d
23225	73164de684d8c9bc479c1422b61c7979	e15412776a25fb1f12a058c449044781	013ce2320fa8e2b3fe1ae4742d688b5d
23226	73164de684d8c9bc479c1422b61c7979	e15412776a25fb1f12a058c449044781	013ce2320fa8e2b3fe1ae4742d688b5d
23227	176c79796fd79d35d424169cfe8f22eb	c2283eab95f831581901aa32de19dc74	0b00560496a2cf37abd7888d5f096885
23228	176c79796fd79d35d424169cfe8f22eb	c2283eab95f831581901aa32de19dc74	0b00560496a2cf37abd7888d5f096885
23229	176c79796fd79d35d424169cfe8f22eb	c2283eab95f831581901aa32de19dc74	0b00560496a2cf37abd7888d5f096885
23230	176c79796fd79d35d424169cfe8f22eb	c2283eab95f831581901aa32de19dc74	0b00560496a2cf37abd7888d5f096885
23231	25880fca5612ce08c91cc03a7bb8c384	ab324a6625827ad70dd73f0fefc4bae7	281eb0b872cc89ceb857589014e7b047
23232	3521266b25cad5e806128c57629187f4	658854efc8f2efe0fc8dcffd74f6d3ab	55be099b630c96cbac426c3d6bce04a7
23233	3521266b25cad5e806128c57629187f4	658854efc8f2efe0fc8dcffd74f6d3ab	55be099b630c96cbac426c3d6bce04a7
23234	3521266b25cad5e806128c57629187f4	658854efc8f2efe0fc8dcffd74f6d3ab	55be099b630c96cbac426c3d6bce04a7
23235	3521266b25cad5e806128c57629187f4	658854efc8f2efe0fc8dcffd74f6d3ab	55be099b630c96cbac426c3d6bce04a7
23236	3521266b25cad5e806128c57629187f4	658854efc8f2efe0fc8dcffd74f6d3ab	55be099b630c96cbac426c3d6bce04a7
23237	3521266b25cad5e806128c57629187f4	658854efc8f2efe0fc8dcffd74f6d3ab	55be099b630c96cbac426c3d6bce04a7
23238	3521266b25cad5e806128c57629187f4	658854efc8f2efe0fc8dcffd74f6d3ab	55be099b630c96cbac426c3d6bce04a7
23239	4a39bad8449c4adad5226ffa066ea6d3	0423d640b9471a9af749464c1445c528	be053279853d9fb295cca5bd5be7757e
23240	4a39bad8449c4adad5226ffa066ea6d3	0423d640b9471a9af749464c1445c528	be053279853d9fb295cca5bd5be7757e
23241	4a39bad8449c4adad5226ffa066ea6d3	0423d640b9471a9af749464c1445c528	be053279853d9fb295cca5bd5be7757e
23242	4a39bad8449c4adad5226ffa066ea6d3	0423d640b9471a9af749464c1445c528	be053279853d9fb295cca5bd5be7757e
23243	4a39bad8449c4adad5226ffa066ea6d3	0423d640b9471a9af749464c1445c528	be053279853d9fb295cca5bd5be7757e
23244	477f738398a263cd13563e38f10ffb1e	68fe2bdfee572459382d9ce1b552dbf4	80b6e12ed88a890cd7fc0e20bafff503
23245	477f738398a263cd13563e38f10ffb1e	68fe2bdfee572459382d9ce1b552dbf4	80b6e12ed88a890cd7fc0e20bafff503
23246	477f738398a263cd13563e38f10ffb1e	68fe2bdfee572459382d9ce1b552dbf4	80b6e12ed88a890cd7fc0e20bafff503
23247	477f738398a263cd13563e38f10ffb1e	68fe2bdfee572459382d9ce1b552dbf4	80b6e12ed88a890cd7fc0e20bafff503
23248	477f738398a263cd13563e38f10ffb1e	68fe2bdfee572459382d9ce1b552dbf4	80b6e12ed88a890cd7fc0e20bafff503
23249	477f738398a263cd13563e38f10ffb1e	68fe2bdfee572459382d9ce1b552dbf4	80b6e12ed88a890cd7fc0e20bafff503
23250	477f738398a263cd13563e38f10ffb1e	68fe2bdfee572459382d9ce1b552dbf4	80b6e12ed88a890cd7fc0e20bafff503
23251	107eb0520ffb4f294760da466f273641	eab71b5511171ae06ad7e2182022626a	38105b1439b3b5c3e337be3a4c701bff
23252	107eb0520ffb4f294760da466f273641	eab71b5511171ae06ad7e2182022626a	38105b1439b3b5c3e337be3a4c701bff
23253	107eb0520ffb4f294760da466f273641	eab71b5511171ae06ad7e2182022626a	38105b1439b3b5c3e337be3a4c701bff
23254	107eb0520ffb4f294760da466f273641	eab71b5511171ae06ad7e2182022626a	38105b1439b3b5c3e337be3a4c701bff
23255	107eb0520ffb4f294760da466f273641	eab71b5511171ae06ad7e2182022626a	38105b1439b3b5c3e337be3a4c701bff
23256	21f3b1be99f2dd82225b71645251f39d	52069bf0a8841af1e3686f565cdaf1b0	37576af2064781c5f471efde7b74bf31
23257	21f3b1be99f2dd82225b71645251f39d	52069bf0a8841af1e3686f565cdaf1b0	37576af2064781c5f471efde7b74bf31
23258	21f3b1be99f2dd82225b71645251f39d	52069bf0a8841af1e3686f565cdaf1b0	37576af2064781c5f471efde7b74bf31
23259	21f3b1be99f2dd82225b71645251f39d	52069bf0a8841af1e3686f565cdaf1b0	37576af2064781c5f471efde7b74bf31
23260	21f3b1be99f2dd82225b71645251f39d	52069bf0a8841af1e3686f565cdaf1b0	37576af2064781c5f471efde7b74bf31
23261	b0e6041477c32241f3f0df8ac0775e07	08f3b9b0d4c73c181406cf3de14dff97	581fc9c6027314744f22058c82f94c7d
23262	b0e6041477c32241f3f0df8ac0775e07	08f3b9b0d4c73c181406cf3de14dff97	581fc9c6027314744f22058c82f94c7d
23263	b0e6041477c32241f3f0df8ac0775e07	08f3b9b0d4c73c181406cf3de14dff97	581fc9c6027314744f22058c82f94c7d
23264	b0e6041477c32241f3f0df8ac0775e07	08f3b9b0d4c73c181406cf3de14dff97	581fc9c6027314744f22058c82f94c7d
23265	b0e6041477c32241f3f0df8ac0775e07	08f3b9b0d4c73c181406cf3de14dff97	581fc9c6027314744f22058c82f94c7d
23266	b0e6041477c32241f3f0df8ac0775e07	08f3b9b0d4c73c181406cf3de14dff97	581fc9c6027314744f22058c82f94c7d
23267	b0e6041477c32241f3f0df8ac0775e07	08f3b9b0d4c73c181406cf3de14dff97	581fc9c6027314744f22058c82f94c7d
23268	d2f45ac2a4bc1286a26b9e37b85f04d6	1d71dc5064a30da021a2715e8ffcde87	6ef0dca8bad518084a0207465766ead5
23269	d2f45ac2a4bc1286a26b9e37b85f04d6	1d71dc5064a30da021a2715e8ffcde87	6ef0dca8bad518084a0207465766ead5
23270	d2f45ac2a4bc1286a26b9e37b85f04d6	1d71dc5064a30da021a2715e8ffcde87	6ef0dca8bad518084a0207465766ead5
23271	b0e6041477c32241f3f0df8ac0775e07	08f3b9b0d4c73c181406cf3de14dff97	581fc9c6027314744f22058c82f94c7d
23272	b0e6041477c32241f3f0df8ac0775e07	08f3b9b0d4c73c181406cf3de14dff97	581fc9c6027314744f22058c82f94c7d
23273	fae1d9ae425d8f0ae2a46b8c8ab86c7d	ed2221173549cd8b5423d8be7ee666d8	62f14521acece7e4803bae3cf2292198
23274	fae1d9ae425d8f0ae2a46b8c8ab86c7d	ed2221173549cd8b5423d8be7ee666d8	62f14521acece7e4803bae3cf2292198
23275	fae1d9ae425d8f0ae2a46b8c8ab86c7d	ed2221173549cd8b5423d8be7ee666d8	62f14521acece7e4803bae3cf2292198
23276	fae1d9ae425d8f0ae2a46b8c8ab86c7d	ed2221173549cd8b5423d8be7ee666d8	62f14521acece7e4803bae3cf2292198
23277	fae1d9ae425d8f0ae2a46b8c8ab86c7d	ed2221173549cd8b5423d8be7ee666d8	62f14521acece7e4803bae3cf2292198
23278	fae1d9ae425d8f0ae2a46b8c8ab86c7d	ed2221173549cd8b5423d8be7ee666d8	62f14521acece7e4803bae3cf2292198
23279	fae1d9ae425d8f0ae2a46b8c8ab86c7d	ed2221173549cd8b5423d8be7ee666d8	62f14521acece7e4803bae3cf2292198
23280	b1d7b816554bce6e0f58d342855189a8	a5fbdd1940b0d472d62e294daa0d8fb5	a8df474ae06df8108ded9713c6b09501
23281	b1d7b816554bce6e0f58d342855189a8	a5fbdd1940b0d472d62e294daa0d8fb5	a8df474ae06df8108ded9713c6b09501
23282	b1d7b816554bce6e0f58d342855189a8	a5fbdd1940b0d472d62e294daa0d8fb5	a8df474ae06df8108ded9713c6b09501
23283	b1d7b816554bce6e0f58d342855189a8	a5fbdd1940b0d472d62e294daa0d8fb5	a8df474ae06df8108ded9713c6b09501
23284	b1d7b816554bce6e0f58d342855189a8	a5fbdd1940b0d472d62e294daa0d8fb5	a8df474ae06df8108ded9713c6b09501
23285	b1d7b816554bce6e0f58d342855189a8	a5fbdd1940b0d472d62e294daa0d8fb5	a8df474ae06df8108ded9713c6b09501
23286	b1d7b816554bce6e0f58d342855189a8	a5fbdd1940b0d472d62e294daa0d8fb5	a8df474ae06df8108ded9713c6b09501
23287	b1d7b816554bce6e0f58d342855189a8	a5fbdd1940b0d472d62e294daa0d8fb5	a8df474ae06df8108ded9713c6b09501
23288	b1d7b816554bce6e0f58d342855189a8	a5fbdd1940b0d472d62e294daa0d8fb5	a8df474ae06df8108ded9713c6b09501
23289	b1d7b816554bce6e0f58d342855189a8	a5fbdd1940b0d472d62e294daa0d8fb5	a8df474ae06df8108ded9713c6b09501
23290	55dc3d46810c9c858e2956ef685a9412	9ea638acb7110619b734c74b4f950737	ab8dcc55134e3e7c6a5c0d833405a31c
23291	55dc3d46810c9c858e2956ef685a9412	9ea638acb7110619b734c74b4f950737	ab8dcc55134e3e7c6a5c0d833405a31c
23292	55dc3d46810c9c858e2956ef685a9412	9ea638acb7110619b734c74b4f950737	ab8dcc55134e3e7c6a5c0d833405a31c
23293	55dc3d46810c9c858e2956ef685a9412	9ea638acb7110619b734c74b4f950737	ab8dcc55134e3e7c6a5c0d833405a31c
23294	55dc3d46810c9c858e2956ef685a9412	9ea638acb7110619b734c74b4f950737	ab8dcc55134e3e7c6a5c0d833405a31c
23295	55dc3d46810c9c858e2956ef685a9412	9ea638acb7110619b734c74b4f950737	ab8dcc55134e3e7c6a5c0d833405a31c
23296	55dc3d46810c9c858e2956ef685a9412	9ea638acb7110619b734c74b4f950737	ab8dcc55134e3e7c6a5c0d833405a31c
23297	5037f2165fcc9a437791bf82be46c369	62dfcc9a22351bfed5f2fbc767672ed9	c194cf8014446d879787cd50cbbd0d1a
23298	5037f2165fcc9a437791bf82be46c369	62dfcc9a22351bfed5f2fbc767672ed9	c194cf8014446d879787cd50cbbd0d1a
23299	5037f2165fcc9a437791bf82be46c369	62dfcc9a22351bfed5f2fbc767672ed9	c194cf8014446d879787cd50cbbd0d1a
23300	5037f2165fcc9a437791bf82be46c369	62dfcc9a22351bfed5f2fbc767672ed9	c194cf8014446d879787cd50cbbd0d1a
23301	5037f2165fcc9a437791bf82be46c369	37870ff2eab60450a41cddf0fdc8e35b	9e2e357ef9f44a083d931945fdd506f5
23302	e67ccadbe3245dee792d13f16640b6a6	1c437e11643470e86d9540cb7fdb6030	b242bdb8edcd9751a925bf65cd2f12aa
23303	e67ccadbe3245dee792d13f16640b6a6	1c437e11643470e86d9540cb7fdb6030	b242bdb8edcd9751a925bf65cd2f12aa
23304	e67ccadbe3245dee792d13f16640b6a6	1c437e11643470e86d9540cb7fdb6030	b242bdb8edcd9751a925bf65cd2f12aa
23305	e67ccadbe3245dee792d13f16640b6a6	1c437e11643470e86d9540cb7fdb6030	b242bdb8edcd9751a925bf65cd2f12aa
23306	e67ccadbe3245dee792d13f16640b6a6	1c437e11643470e86d9540cb7fdb6030	b242bdb8edcd9751a925bf65cd2f12aa
23307	e67ccadbe3245dee792d13f16640b6a6	1c437e11643470e86d9540cb7fdb6030	b242bdb8edcd9751a925bf65cd2f12aa
23308	e67ccadbe3245dee792d13f16640b6a6	1c437e11643470e86d9540cb7fdb6030	b242bdb8edcd9751a925bf65cd2f12aa
23309	e67ccadbe3245dee792d13f16640b6a6	1c437e11643470e86d9540cb7fdb6030	b242bdb8edcd9751a925bf65cd2f12aa
23310	e67ccadbe3245dee792d13f16640b6a6	1c437e11643470e86d9540cb7fdb6030	b242bdb8edcd9751a925bf65cd2f12aa
23311	e67ccadbe3245dee792d13f16640b6a6	1c437e11643470e86d9540cb7fdb6030	b242bdb8edcd9751a925bf65cd2f12aa
23312	e67ccadbe3245dee792d13f16640b6a6	1c437e11643470e86d9540cb7fdb6030	b242bdb8edcd9751a925bf65cd2f12aa
23313	e67ccadbe3245dee792d13f16640b6a6	1c437e11643470e86d9540cb7fdb6030	b242bdb8edcd9751a925bf65cd2f12aa
23314	e67ccadbe3245dee792d13f16640b6a6	1c437e11643470e86d9540cb7fdb6030	b242bdb8edcd9751a925bf65cd2f12aa
23315	e67ccadbe3245dee792d13f16640b6a6	1c437e11643470e86d9540cb7fdb6030	b242bdb8edcd9751a925bf65cd2f12aa
23316	e67ccadbe3245dee792d13f16640b6a6	1c437e11643470e86d9540cb7fdb6030	b242bdb8edcd9751a925bf65cd2f12aa
23317	e67ccadbe3245dee792d13f16640b6a6	1c437e11643470e86d9540cb7fdb6030	b242bdb8edcd9751a925bf65cd2f12aa
23318	e67ccadbe3245dee792d13f16640b6a6	1c437e11643470e86d9540cb7fdb6030	b242bdb8edcd9751a925bf65cd2f12aa
23319	468dc423c291d9e4a1a43c209ef7a5bf	07763424d6a94df6075b8aa03953a8d2	1a0ce2185a21b603cf3ea478bdd9ae81
23320	468dc423c291d9e4a1a43c209ef7a5bf	07763424d6a94df6075b8aa03953a8d2	1a0ce2185a21b603cf3ea478bdd9ae81
23321	468dc423c291d9e4a1a43c209ef7a5bf	07763424d6a94df6075b8aa03953a8d2	1a0ce2185a21b603cf3ea478bdd9ae81
23322	22f321f111ddf92fd3d1f6bfa2d6c947	a7884b15f1a63216644e881e606a804a	fa142f9f70b3409050d1852ffb9e4165
23323	199866566ac458c3ca1148ce6626e0f8	e092b9ff38a4eef38ac0a27ba6b89fa3	964ed0a086542a8073a41faf0e0a4dc9
23324	5e75ac6a3699ad70c165f089cbec7f45	7a8d7dd8eaa36b3fdb700b8eb72fbffd	578c8d0d55f39e958b637177cdb597c0
23325	5e75ac6a3699ad70c165f089cbec7f45	7a8d7dd8eaa36b3fdb700b8eb72fbffd	578c8d0d55f39e958b637177cdb597c0
23326	0b70f40819c83067d6b3e949e2dcc7ab	1eeaf4858b339513fa559c780760464b	822d6a6aa4fe4a713375f83bb301d09b
23327	0b70f40819c83067d6b3e949e2dcc7ab	1eeaf4858b339513fa559c780760464b	822d6a6aa4fe4a713375f83bb301d09b
23328	0b70f40819c83067d6b3e949e2dcc7ab	1eeaf4858b339513fa559c780760464b	822d6a6aa4fe4a713375f83bb301d09b
23329	da709f2172617dc36d82d7ab6fd5a0d6	70ee5c20cc7cf27db316edfa7ac3b5b6	2ae66f8492995b6980f656aaa38dd892
23330	da709f2172617dc36d82d7ab6fd5a0d6	70ee5c20cc7cf27db316edfa7ac3b5b6	2ae66f8492995b6980f656aaa38dd892
23331	da709f2172617dc36d82d7ab6fd5a0d6	abaf6155266495faa1d41380d98651ed	9c94c2377c613e0371bea48c1893280f
23332	da709f2172617dc36d82d7ab6fd5a0d6	abaf6155266495faa1d41380d98651ed	9c94c2377c613e0371bea48c1893280f
23333	da709f2172617dc36d82d7ab6fd5a0d6	abaf6155266495faa1d41380d98651ed	9c94c2377c613e0371bea48c1893280f
23334	da709f2172617dc36d82d7ab6fd5a0d6	abaf6155266495faa1d41380d98651ed	9c94c2377c613e0371bea48c1893280f
23335	da709f2172617dc36d82d7ab6fd5a0d6	abaf6155266495faa1d41380d98651ed	9c94c2377c613e0371bea48c1893280f
23336	da709f2172617dc36d82d7ab6fd5a0d6	abaf6155266495faa1d41380d98651ed	9c94c2377c613e0371bea48c1893280f
23337	da709f2172617dc36d82d7ab6fd5a0d6	abaf6155266495faa1d41380d98651ed	9c94c2377c613e0371bea48c1893280f
23338	0373ca871379e0bddc5bfea892ce743e	2b107ea8aeb3bbf02e019878f8da18d0	42ef840f9172ced3aae78299bf9a9099
23339	0373ca871379e0bddc5bfea892ce743e	2b107ea8aeb3bbf02e019878f8da18d0	42ef840f9172ced3aae78299bf9a9099
23340	a96e2f34a3359deed35b011d4c519f81	1b6a62b451b877e2ce98e87f3040c28b	182a73a302ea4012987698490842721f
23341	da709f2172617dc36d82d7ab6fd5a0d6	abaf6155266495faa1d41380d98651ed	9c94c2377c613e0371bea48c1893280f
23342	da709f2172617dc36d82d7ab6fd5a0d6	abaf6155266495faa1d41380d98651ed	9c94c2377c613e0371bea48c1893280f
23343	b47fbe3cb13299e5593b51c422aa818b	1f76143308081097d36cfc29195bafec	878da957c1f10f4b01b4c7f81f9d5400
23344	b47fbe3cb13299e5593b51c422aa818b	1f76143308081097d36cfc29195bafec	878da957c1f10f4b01b4c7f81f9d5400
23345	b47fbe3cb13299e5593b51c422aa818b	1f76143308081097d36cfc29195bafec	878da957c1f10f4b01b4c7f81f9d5400
23346	b47fbe3cb13299e5593b51c422aa818b	1f76143308081097d36cfc29195bafec	878da957c1f10f4b01b4c7f81f9d5400
23347	b47fbe3cb13299e5593b51c422aa818b	1f76143308081097d36cfc29195bafec	878da957c1f10f4b01b4c7f81f9d5400
23348	b47fbe3cb13299e5593b51c422aa818b	1f76143308081097d36cfc29195bafec	878da957c1f10f4b01b4c7f81f9d5400
23349	b47fbe3cb13299e5593b51c422aa818b	1f76143308081097d36cfc29195bafec	878da957c1f10f4b01b4c7f81f9d5400
23350	586f59ee31a08b10191b5ff1471458ca	9c52877afd729e24b33294631cff4b6e	22655aff7c4854be2e5854e4950cae7b
23351	586f59ee31a08b10191b5ff1471458ca	9c52877afd729e24b33294631cff4b6e	22655aff7c4854be2e5854e4950cae7b
23352	586f59ee31a08b10191b5ff1471458ca	9c52877afd729e24b33294631cff4b6e	22655aff7c4854be2e5854e4950cae7b
23353	0592fe61e30b1569b623c8711d3d3fb7	cd8a40fb82775f9cf416bfbc459018d7	553d09cd80c1e21e21fb5ed1922e255c
23354	8b932d65f983e3bb7d935b95afa3edc0	1859760e231695558ec74df2fd1230af	e76264c0fcad19b6dffa6a4def439089
23355	1047c8eaaa33c9b2bef037154d95527e	14d63c94705f053dfa76ad8c56b16cb2	4342f73b8ec9cd3da128b614795c701b
23356	1047c8eaaa33c9b2bef037154d95527e	14d63c94705f053dfa76ad8c56b16cb2	4342f73b8ec9cd3da128b614795c701b
23357	1047c8eaaa33c9b2bef037154d95527e	14d63c94705f053dfa76ad8c56b16cb2	4342f73b8ec9cd3da128b614795c701b
23358	1047c8eaaa33c9b2bef037154d95527e	14d63c94705f053dfa76ad8c56b16cb2	4342f73b8ec9cd3da128b614795c701b
23359	1047c8eaaa33c9b2bef037154d95527e	14d63c94705f053dfa76ad8c56b16cb2	4342f73b8ec9cd3da128b614795c701b
23360	cd2ccf70a7016fd3bc78088b4e5a11f2	475f33991c44680db45437363cca3b19	b150df6fea1e75bf22dcebd5940fe525
23361	cd2ccf70a7016fd3bc78088b4e5a11f2	475f33991c44680db45437363cca3b19	b150df6fea1e75bf22dcebd5940fe525
23362	cd2ccf70a7016fd3bc78088b4e5a11f2	475f33991c44680db45437363cca3b19	b150df6fea1e75bf22dcebd5940fe525
23363	cd2ccf70a7016fd3bc78088b4e5a11f2	475f33991c44680db45437363cca3b19	b150df6fea1e75bf22dcebd5940fe525
23364	cd2ccf70a7016fd3bc78088b4e5a11f2	475f33991c44680db45437363cca3b19	b150df6fea1e75bf22dcebd5940fe525
23365	cd2ccf70a7016fd3bc78088b4e5a11f2	475f33991c44680db45437363cca3b19	b150df6fea1e75bf22dcebd5940fe525
23366	cd2ccf70a7016fd3bc78088b4e5a11f2	475f33991c44680db45437363cca3b19	b150df6fea1e75bf22dcebd5940fe525
23367	cd2ccf70a7016fd3bc78088b4e5a11f2	475f33991c44680db45437363cca3b19	b150df6fea1e75bf22dcebd5940fe525
23368	cd2ccf70a7016fd3bc78088b4e5a11f2	475f33991c44680db45437363cca3b19	b150df6fea1e75bf22dcebd5940fe525
23369	cd2ccf70a7016fd3bc78088b4e5a11f2	475f33991c44680db45437363cca3b19	b150df6fea1e75bf22dcebd5940fe525
23370	cd2ccf70a7016fd3bc78088b4e5a11f2	475f33991c44680db45437363cca3b19	b150df6fea1e75bf22dcebd5940fe525
23371	cd2ccf70a7016fd3bc78088b4e5a11f2	475f33991c44680db45437363cca3b19	b150df6fea1e75bf22dcebd5940fe525
23372	c2eefb20563c6f586bd6dca7c9cb9712	94d48ce56a8e01754b79b1158c8f03cb	a5c5e9b718b36d5cebcf6cbbe294265f
23373	c2eefb20563c6f586bd6dca7c9cb9712	94d48ce56a8e01754b79b1158c8f03cb	a5c5e9b718b36d5cebcf6cbbe294265f
23374	c2eefb20563c6f586bd6dca7c9cb9712	94d48ce56a8e01754b79b1158c8f03cb	a5c5e9b718b36d5cebcf6cbbe294265f
23375	1566e0b1097d2c8a3ba356e2d9241fb0	b8cc36b498fc7a0564769f43fc02bf22	c860202cfa06aee63487eefed7a9706e
23376	1566e0b1097d2c8a3ba356e2d9241fb0	b8cc36b498fc7a0564769f43fc02bf22	c860202cfa06aee63487eefed7a9706e
23377	c2eefb20563c6f586bd6dca7c9cb9712	94d48ce56a8e01754b79b1158c8f03cb	a5c5e9b718b36d5cebcf6cbbe294265f
23378	c2eefb20563c6f586bd6dca7c9cb9712	94d48ce56a8e01754b79b1158c8f03cb	a5c5e9b718b36d5cebcf6cbbe294265f
23379	b6368c53628e61cb27962845ba6fa629	9361564e0a5a75f4c4b9a4f8a13891e4	1503409839499ceffa65af5fbdc4550d
23380	7c868bdc7c19e528bdf7ecfa13cdee0a	e82a6e5153d839ac3f8cad5b8eb5c04c	c1c8cda64def916f659b29ee9f68fc35
23381	7c868bdc7c19e528bdf7ecfa13cdee0a	e82a6e5153d839ac3f8cad5b8eb5c04c	c1c8cda64def916f659b29ee9f68fc35
23382	4bbb58ec95f73f719a9cfba43286adfa	c2f9293b002416603d6e3f2599e77390	3699e0fdfbd02aee682a2778fafcf487
23383	4bbb58ec95f73f719a9cfba43286adfa	c2f9293b002416603d6e3f2599e77390	3699e0fdfbd02aee682a2778fafcf487
23384	9673d9a031d98ece9d44190143764486	405eb4dc074ba581920792a51490e1a9	ff701875190424a1e68e1b83b938b022
23385	9673d9a031d98ece9d44190143764486	405eb4dc074ba581920792a51490e1a9	ff701875190424a1e68e1b83b938b022
23386	9673d9a031d98ece9d44190143764486	405eb4dc074ba581920792a51490e1a9	ff701875190424a1e68e1b83b938b022
23387	9673d9a031d98ece9d44190143764486	405eb4dc074ba581920792a51490e1a9	ff701875190424a1e68e1b83b938b022
23388	9673d9a031d98ece9d44190143764486	405eb4dc074ba581920792a51490e1a9	ff701875190424a1e68e1b83b938b022
23389	898508e260a5d729cbd4c9b50ad3f701	6ddfcabe7ba39d2a27e0d1a42bcb8aaa	dbd69ca2f44386de480d8a0a6a706002
23390	898508e260a5d729cbd4c9b50ad3f701	6ddfcabe7ba39d2a27e0d1a42bcb8aaa	dbd69ca2f44386de480d8a0a6a706002
23391	898508e260a5d729cbd4c9b50ad3f701	6ddfcabe7ba39d2a27e0d1a42bcb8aaa	dbd69ca2f44386de480d8a0a6a706002
23392	25d8cddfab57f2c5e837c10c65123588	c29189d3872307d8509daee064fd48fe	86b3fcf4cb604a15dcb53ff53e1091d4
23393	25d8cddfab57f2c5e837c10c65123588	c29189d3872307d8509daee064fd48fe	86b3fcf4cb604a15dcb53ff53e1091d4
23394	25d8cddfab57f2c5e837c10c65123588	fdfb7d95789fa604cdaec7b006321956	8e11e63b845aa27beab27b662c30bd98
23395	25d8cddfab57f2c5e837c10c65123588	fdfb7d95789fa604cdaec7b006321956	8e11e63b845aa27beab27b662c30bd98
23396	3b2a9e55df5a9874cbf03bfcb7d4e42c	841dbcabb307822e6cc6b49f1b703621	392bd750ea0d08b1906aa4590b48dfe4
23397	a8469907f533ea513766c129c8cc4be3	43936491626e016454852777b202abf6	7b94730df719f37d6ae58a75494b923b
23398	3b2a9e55df5a9874cbf03bfcb7d4e42c	841dbcabb307822e6cc6b49f1b703621	392bd750ea0d08b1906aa4590b48dfe4
23399	51b4996b191497e13c8c7ed2787e989b	4f7f1953c500891c2113fd74e14db37b	942ad5920c3c6659e2da7ad302cd9976
23400	a8469907f533ea513766c129c8cc4be3	43936491626e016454852777b202abf6	7b94730df719f37d6ae58a75494b923b
23401	77d3532cdc4db5ece0dd7b785e40c488	51b155cc47b5aefa9c2b85a123c26168	d37789c02f29407647277687b846f599
23402	77d3532cdc4db5ece0dd7b785e40c488	51b155cc47b5aefa9c2b85a123c26168	d37789c02f29407647277687b846f599
23403	77d3532cdc4db5ece0dd7b785e40c488	51b155cc47b5aefa9c2b85a123c26168	d37789c02f29407647277687b846f599
23404	aed24e484a036bdf2d64f5ac41bf46fa	e01d6b611ac2623dcd5042504879e967	da0f059b7f32bd63b0073c8b3736ba42
23405	aed24e484a036bdf2d64f5ac41bf46fa	e01d6b611ac2623dcd5042504879e967	da0f059b7f32bd63b0073c8b3736ba42
23406	77d3532cdc4db5ece0dd7b785e40c488	51b155cc47b5aefa9c2b85a123c26168	d37789c02f29407647277687b846f599
23407	77d3532cdc4db5ece0dd7b785e40c488	51b155cc47b5aefa9c2b85a123c26168	d37789c02f29407647277687b846f599
23408	8accb7177a0430808bde832c8b1ba5b5	4f89c64dbe30e615716521163bd974df	aa27b6898463106b96ff0a30b545380f
23409	8accb7177a0430808bde832c8b1ba5b5	4f89c64dbe30e615716521163bd974df	aa27b6898463106b96ff0a30b545380f
23410	8accb7177a0430808bde832c8b1ba5b5	4f89c64dbe30e615716521163bd974df	aa27b6898463106b96ff0a30b545380f
23411	fe5e60b270ae392c8196034ab0ae4853	27566afae4093761863cea33c30524da	5ea55b0ed4c01ebddf69439cd25c074e
23412	8accb7177a0430808bde832c8b1ba5b5	4f89c64dbe30e615716521163bd974df	aa27b6898463106b96ff0a30b545380f
23413	314745185fa4fcd3d63bd343679c573f	ec09b68238e62759eb0af89b082b1bf0	59e54a739918e95b92dd512f05da8c52
23414	314745185fa4fcd3d63bd343679c573f	ec09b68238e62759eb0af89b082b1bf0	59e54a739918e95b92dd512f05da8c52
23415	314745185fa4fcd3d63bd343679c573f	ec09b68238e62759eb0af89b082b1bf0	59e54a739918e95b92dd512f05da8c52
23416	314745185fa4fcd3d63bd343679c573f	ec09b68238e62759eb0af89b082b1bf0	59e54a739918e95b92dd512f05da8c52
23417	314745185fa4fcd3d63bd343679c573f	ec09b68238e62759eb0af89b082b1bf0	59e54a739918e95b92dd512f05da8c52
23418	314745185fa4fcd3d63bd343679c573f	ec09b68238e62759eb0af89b082b1bf0	59e54a739918e95b92dd512f05da8c52
23419	314745185fa4fcd3d63bd343679c573f	ec09b68238e62759eb0af89b082b1bf0	59e54a739918e95b92dd512f05da8c52
23420	47cdc9947bc9e0272eb7909c69200479	c19bb8392a7bb4c542b55c7006e1d0a9	cacc2683d2830eef764be61b9e4d9f88
23421	47cdc9947bc9e0272eb7909c69200479	c19bb8392a7bb4c542b55c7006e1d0a9	cacc2683d2830eef764be61b9e4d9f88
23422	47cdc9947bc9e0272eb7909c69200479	c19bb8392a7bb4c542b55c7006e1d0a9	cacc2683d2830eef764be61b9e4d9f88
23423	47cdc9947bc9e0272eb7909c69200479	c19bb8392a7bb4c542b55c7006e1d0a9	cacc2683d2830eef764be61b9e4d9f88
23424	47cdc9947bc9e0272eb7909c69200479	c19bb8392a7bb4c542b55c7006e1d0a9	cacc2683d2830eef764be61b9e4d9f88
23425	66fa829c9794370989ec7352521f90f0	bbe8d1381cf02fae97c1bf4821bb6984	b7bff89711e508aa880b5565dc135b63
23426	66fa829c9794370989ec7352521f90f0	bbe8d1381cf02fae97c1bf4821bb6984	b7bff89711e508aa880b5565dc135b63
23427	66fa829c9794370989ec7352521f90f0	bbe8d1381cf02fae97c1bf4821bb6984	b7bff89711e508aa880b5565dc135b63
23428	66fa829c9794370989ec7352521f90f0	bbe8d1381cf02fae97c1bf4821bb6984	b7bff89711e508aa880b5565dc135b63
23429	66fa829c9794370989ec7352521f90f0	bbe8d1381cf02fae97c1bf4821bb6984	b7bff89711e508aa880b5565dc135b63
23430	262781b661247daea21dd6dd8a604742	9809966ba9ee30cb18d417422134e660	d2ef3d1d7c5764407793635391a0018d
23431	262781b661247daea21dd6dd8a604742	9809966ba9ee30cb18d417422134e660	d2ef3d1d7c5764407793635391a0018d
23432	262781b661247daea21dd6dd8a604742	9809966ba9ee30cb18d417422134e660	d2ef3d1d7c5764407793635391a0018d
23433	6799a470de820613b65a38eff451a66f	f6dcd130a6215e70c761fc0491788927	959ebcd3367a2170abb7cb2bac53805f
23434	6799a470de820613b65a38eff451a66f	f6dcd130a6215e70c761fc0491788927	959ebcd3367a2170abb7cb2bac53805f
23435	d76a845b94b1056e3b674c25673840f4	3f284d2be4ebd008a8e178ca6659fe86	f0becfcc9b0f2eddbce2e5261e55ffb2
23436	175f474a58acf142158d660a97f44550	211fa38eca61570bcb4b68d36ee3c0df	5cf2b422d22b9f8c19c5f45b47ef67dc
23437	d81cdbc3aab4e3a52e786e495ff55363	acbad06e1d85eb5b2845ce7fe6c35b0f	197850d5b8c8dc7df8dbc9c51960c432
23438	d81cdbc3aab4e3a52e786e495ff55363	acbad06e1d85eb5b2845ce7fe6c35b0f	197850d5b8c8dc7df8dbc9c51960c432
23439	d81cdbc3aab4e3a52e786e495ff55363	acbad06e1d85eb5b2845ce7fe6c35b0f	197850d5b8c8dc7df8dbc9c51960c432
23440	102f5f3b7ef7de19bc2658a718e4a61c	de3b70dfeb5b3ee84e37836547b03efc	d91bc9a2533d702f170d26eb80d48062
23441	97d3befa89695b71d3b6bbeb8c705233	ccc6ec0fb859d6b609e2f2bae0e85e3a	615dff5bcfb367475a6f03afc220a156
23442	d05bf7395f19bdf38626471c23360e8a	311d9e6088e2f10c6c584371e9b1f787	376ab92520fa866222b41e913690e639
23443	d05bf7395f19bdf38626471c23360e8a	311d9e6088e2f10c6c584371e9b1f787	376ab92520fa866222b41e913690e639
23444	d05bf7395f19bdf38626471c23360e8a	311d9e6088e2f10c6c584371e9b1f787	376ab92520fa866222b41e913690e639
23445	d05bf7395f19bdf38626471c23360e8a	311d9e6088e2f10c6c584371e9b1f787	376ab92520fa866222b41e913690e639
23446	d05bf7395f19bdf38626471c23360e8a	311d9e6088e2f10c6c584371e9b1f787	376ab92520fa866222b41e913690e639
23447	d05bf7395f19bdf38626471c23360e8a	311d9e6088e2f10c6c584371e9b1f787	376ab92520fa866222b41e913690e639
23448	d05bf7395f19bdf38626471c23360e8a	311d9e6088e2f10c6c584371e9b1f787	376ab92520fa866222b41e913690e639
23449	f6b01ed43a25d4643a4eeb9eec70a016	bdad28ce4ac05000030113dff336803a	b82021fd2c66d3cc1f2eac91c0576df7
23450	f6b01ed43a25d4643a4eeb9eec70a016	bdad28ce4ac05000030113dff336803a	b82021fd2c66d3cc1f2eac91c0576df7
23451	f6b01ed43a25d4643a4eeb9eec70a016	bdad28ce4ac05000030113dff336803a	b82021fd2c66d3cc1f2eac91c0576df7
23452	523d6365e54422c0ea63fb6d0e5a9044	614da7443d22985fd4e079661546ff78	bea1e533ad992a008990d14c0b1f5ca0
23453	e2198d1571b2330efa2ecb763395ae67	2e13fc3221e94e0dec4254ef2d43fb61	e89e0262c7bd775656443f89554657ee
23454	f6b01ed43a25d4643a4eeb9eec70a016	bdad28ce4ac05000030113dff336803a	b82021fd2c66d3cc1f2eac91c0576df7
23455	f6b01ed43a25d4643a4eeb9eec70a016	bdad28ce4ac05000030113dff336803a	b82021fd2c66d3cc1f2eac91c0576df7
23456	f6b01ed43a25d4643a4eeb9eec70a016	bdad28ce4ac05000030113dff336803a	b82021fd2c66d3cc1f2eac91c0576df7
23457	abc19d4fdd01aa2d00446ebddd3ab301	3bd83c4884897a91dcaf258bedb4f9dc	4b173921c90306308ea2e14affdc238b
23458	e2198d1571b2330efa2ecb763395ae67	2e13fc3221e94e0dec4254ef2d43fb61	e89e0262c7bd775656443f89554657ee
23459	7cacf0c14c525cb31ed5f0d6e56fa94e	fb78a002c2b0a5d1f714cd2c1239b5d5	637e9e8c8287a72ebe56dcc11186bf26
23460	7cacf0c14c525cb31ed5f0d6e56fa94e	fb78a002c2b0a5d1f714cd2c1239b5d5	637e9e8c8287a72ebe56dcc11186bf26
23461	7cacf0c14c525cb31ed5f0d6e56fa94e	fb78a002c2b0a5d1f714cd2c1239b5d5	637e9e8c8287a72ebe56dcc11186bf26
23462	7cacf0c14c525cb31ed5f0d6e56fa94e	fb78a002c2b0a5d1f714cd2c1239b5d5	637e9e8c8287a72ebe56dcc11186bf26
23463	7cacf0c14c525cb31ed5f0d6e56fa94e	fb78a002c2b0a5d1f714cd2c1239b5d5	637e9e8c8287a72ebe56dcc11186bf26
23464	7cacf0c14c525cb31ed5f0d6e56fa94e	fb78a002c2b0a5d1f714cd2c1239b5d5	637e9e8c8287a72ebe56dcc11186bf26
23465	7cacf0c14c525cb31ed5f0d6e56fa94e	fb78a002c2b0a5d1f714cd2c1239b5d5	637e9e8c8287a72ebe56dcc11186bf26
23466	9d9c4235e8073aaab7313eca811ef541	95c33920b5bdb8081e9a738a6601c673	d24450efd30d955bf19f61e8541e4558
23467	9d9c4235e8073aaab7313eca811ef541	95c33920b5bdb8081e9a738a6601c673	d24450efd30d955bf19f61e8541e4558
23468	9d9c4235e8073aaab7313eca811ef541	95c33920b5bdb8081e9a738a6601c673	d24450efd30d955bf19f61e8541e4558
23469	0bc61f6d30e176dcd85e6f4433a5165e	ad5fc8cbb5cb87814314bdbfba3a33db	2faf92ed48e972507121cb5b29ac4b3c
23470	0bc61f6d30e176dcd85e6f4433a5165e	ad5fc8cbb5cb87814314bdbfba3a33db	2faf92ed48e972507121cb5b29ac4b3c
23471	5b487a7fd8073c7f4a20a0a2ccc98062	35d316800b848f8745ef2cf56a75c54c	da89f7974a7c338cd8a001dd79786613
23472	5b487a7fd8073c7f4a20a0a2ccc98062	35d316800b848f8745ef2cf56a75c54c	da89f7974a7c338cd8a001dd79786613
23473	5b487a7fd8073c7f4a20a0a2ccc98062	35d316800b848f8745ef2cf56a75c54c	da89f7974a7c338cd8a001dd79786613
23474	5b487a7fd8073c7f4a20a0a2ccc98062	35d316800b848f8745ef2cf56a75c54c	da89f7974a7c338cd8a001dd79786613
23475	5b487a7fd8073c7f4a20a0a2ccc98062	35d316800b848f8745ef2cf56a75c54c	da89f7974a7c338cd8a001dd79786613
23476	5b487a7fd8073c7f4a20a0a2ccc98062	35d316800b848f8745ef2cf56a75c54c	da89f7974a7c338cd8a001dd79786613
23477	5b487a7fd8073c7f4a20a0a2ccc98062	35d316800b848f8745ef2cf56a75c54c	da89f7974a7c338cd8a001dd79786613
23478	115d088266b2c7ead782c6b284c395c9	27e9355989b33e2a692b98d26dd92646	80c79f29731baed809542247cc598934
23479	115d088266b2c7ead782c6b284c395c9	27e9355989b33e2a692b98d26dd92646	80c79f29731baed809542247cc598934
23480	115d088266b2c7ead782c6b284c395c9	27e9355989b33e2a692b98d26dd92646	80c79f29731baed809542247cc598934
23481	115d088266b2c7ead782c6b284c395c9	27e9355989b33e2a692b98d26dd92646	80c79f29731baed809542247cc598934
23482	115d088266b2c7ead782c6b284c395c9	27e9355989b33e2a692b98d26dd92646	80c79f29731baed809542247cc598934
23483	115d088266b2c7ead782c6b284c395c9	27e9355989b33e2a692b98d26dd92646	80c79f29731baed809542247cc598934
23484	115d088266b2c7ead782c6b284c395c9	27e9355989b33e2a692b98d26dd92646	80c79f29731baed809542247cc598934
23485	115d088266b2c7ead782c6b284c395c9	27e9355989b33e2a692b98d26dd92646	80c79f29731baed809542247cc598934
23486	115d088266b2c7ead782c6b284c395c9	27e9355989b33e2a692b98d26dd92646	80c79f29731baed809542247cc598934
23487	115d088266b2c7ead782c6b284c395c9	27e9355989b33e2a692b98d26dd92646	80c79f29731baed809542247cc598934
23488	6853cd2c3311b0918eb04278a84eea40	d8a7839ff38db1a67c18e514cbf5a910	df7797a12b40a16ab0df87330679b596
23489	6853cd2c3311b0918eb04278a84eea40	d8a7839ff38db1a67c18e514cbf5a910	df7797a12b40a16ab0df87330679b596
23490	6853cd2c3311b0918eb04278a84eea40	d8a7839ff38db1a67c18e514cbf5a910	df7797a12b40a16ab0df87330679b596
23491	6853cd2c3311b0918eb04278a84eea40	d8a7839ff38db1a67c18e514cbf5a910	df7797a12b40a16ab0df87330679b596
23492	6853cd2c3311b0918eb04278a84eea40	d8a7839ff38db1a67c18e514cbf5a910	df7797a12b40a16ab0df87330679b596
23493	6853cd2c3311b0918eb04278a84eea40	d8a7839ff38db1a67c18e514cbf5a910	df7797a12b40a16ab0df87330679b596
23494	6853cd2c3311b0918eb04278a84eea40	d8a7839ff38db1a67c18e514cbf5a910	df7797a12b40a16ab0df87330679b596
23495	15d0e96dcab64cc81d13e1a29d717060	3af02bec96c33e7f852b3b59aed3c0e1	32bb8b24698af97b6f89ed913f1b3837
23496	15d0e96dcab64cc81d13e1a29d717060	3af02bec96c33e7f852b3b59aed3c0e1	32bb8b24698af97b6f89ed913f1b3837
23497	15d0e96dcab64cc81d13e1a29d717060	3af02bec96c33e7f852b3b59aed3c0e1	32bb8b24698af97b6f89ed913f1b3837
23498	ae35b4106bd887c424d87eb0eab900d9	82dc8ea9e25fcf6ecb32dd4a84a323b3	96030fc97eaa32d1a085dfadaedab847
23499	ae35b4106bd887c424d87eb0eab900d9	82dc8ea9e25fcf6ecb32dd4a84a323b3	96030fc97eaa32d1a085dfadaedab847
23500	6dfd391c685a5d93a37abf932ae0d0de	649012ef116f4b656c72a4f20414aa0e	b6c66094050b0d6b7ae49a61e5a90781
23501	6dfd391c685a5d93a37abf932ae0d0de	649012ef116f4b656c72a4f20414aa0e	b6c66094050b0d6b7ae49a61e5a90781
23502	6dfd391c685a5d93a37abf932ae0d0de	649012ef116f4b656c72a4f20414aa0e	b6c66094050b0d6b7ae49a61e5a90781
23503	6dfd391c685a5d93a37abf932ae0d0de	649012ef116f4b656c72a4f20414aa0e	b6c66094050b0d6b7ae49a61e5a90781
23504	6dfd391c685a5d93a37abf932ae0d0de	649012ef116f4b656c72a4f20414aa0e	b6c66094050b0d6b7ae49a61e5a90781
23505	6dfd391c685a5d93a37abf932ae0d0de	9e39d4b753b21775ecafd0f31ba49e4d	7a1d9030ba29ca93cf5978428e5ad3d6
23506	6dfd391c685a5d93a37abf932ae0d0de	649012ef116f4b656c72a4f20414aa0e	b6c66094050b0d6b7ae49a61e5a90781
23507	49cdf0fdde895a6fdc135c2d75ca565b	0f403501e736c066994d8b56947b03c6	cf01ef42b315d381ca2dbe9022cde11e
23508	49cdf0fdde895a6fdc135c2d75ca565b	0f403501e736c066994d8b56947b03c6	cf01ef42b315d381ca2dbe9022cde11e
23509	49cdf0fdde895a6fdc135c2d75ca565b	0f403501e736c066994d8b56947b03c6	cf01ef42b315d381ca2dbe9022cde11e
23510	e022c2f8c612ec60c41768e329ddb0b5	29305c0efb51e9e4fdb6cdb971ef3ca2	e3bb1c5bcf220ad4e1caf725bf22006d
23511	e022c2f8c612ec60c41768e329ddb0b5	29305c0efb51e9e4fdb6cdb971ef3ca2	e3bb1c5bcf220ad4e1caf725bf22006d
23512	1115972f6b5a056921d787a0e137422e	2ef4e15ee7ba9cc937ef7aad8f5e0a77	b00e74c0d085f719a027c348b8ef4d38
23513	1115972f6b5a056921d787a0e137422e	2ef4e15ee7ba9cc937ef7aad8f5e0a77	b00e74c0d085f719a027c348b8ef4d38
23514	1115972f6b5a056921d787a0e137422e	2ef4e15ee7ba9cc937ef7aad8f5e0a77	b00e74c0d085f719a027c348b8ef4d38
23515	1115972f6b5a056921d787a0e137422e	2ef4e15ee7ba9cc937ef7aad8f5e0a77	b00e74c0d085f719a027c348b8ef4d38
23516	1115972f6b5a056921d787a0e137422e	2ef4e15ee7ba9cc937ef7aad8f5e0a77	b00e74c0d085f719a027c348b8ef4d38
23517	1115972f6b5a056921d787a0e137422e	2ef4e15ee7ba9cc937ef7aad8f5e0a77	b00e74c0d085f719a027c348b8ef4d38
23518	1115972f6b5a056921d787a0e137422e	2ef4e15ee7ba9cc937ef7aad8f5e0a77	b00e74c0d085f719a027c348b8ef4d38
23519	826dade7e2f4417b4637062575652c66	fb685cfce1461c205a36d6c5b6425794	91c74e979ff7eb53ebbbd51d3a1056a4
23520	826dade7e2f4417b4637062575652c66	fb685cfce1461c205a36d6c5b6425794	91c74e979ff7eb53ebbbd51d3a1056a4
23521	826dade7e2f4417b4637062575652c66	fb685cfce1461c205a36d6c5b6425794	91c74e979ff7eb53ebbbd51d3a1056a4
23522	826dade7e2f4417b4637062575652c66	fb685cfce1461c205a36d6c5b6425794	91c74e979ff7eb53ebbbd51d3a1056a4
23523	826dade7e2f4417b4637062575652c66	fb685cfce1461c205a36d6c5b6425794	91c74e979ff7eb53ebbbd51d3a1056a4
23524	826dade7e2f4417b4637062575652c66	fb685cfce1461c205a36d6c5b6425794	91c74e979ff7eb53ebbbd51d3a1056a4
23525	826dade7e2f4417b4637062575652c66	fb685cfce1461c205a36d6c5b6425794	91c74e979ff7eb53ebbbd51d3a1056a4
23526	826dade7e2f4417b4637062575652c66	fb685cfce1461c205a36d6c5b6425794	91c74e979ff7eb53ebbbd51d3a1056a4
23527	826dade7e2f4417b4637062575652c66	fb685cfce1461c205a36d6c5b6425794	91c74e979ff7eb53ebbbd51d3a1056a4
23528	826dade7e2f4417b4637062575652c66	fb685cfce1461c205a36d6c5b6425794	91c74e979ff7eb53ebbbd51d3a1056a4
23529	4ccc41ccf6cb84b368ef126cfb7e42e1	ed1ba451de58f7567f9eda0cffe3c1de	401f77befc1be72c4ace8576f9e9df30
23530	4ccc41ccf6cb84b368ef126cfb7e42e1	ed1ba451de58f7567f9eda0cffe3c1de	401f77befc1be72c4ace8576f9e9df30
23531	4ccc41ccf6cb84b368ef126cfb7e42e1	ed1ba451de58f7567f9eda0cffe3c1de	401f77befc1be72c4ace8576f9e9df30
23532	4ccc41ccf6cb84b368ef126cfb7e42e1	ed1ba451de58f7567f9eda0cffe3c1de	401f77befc1be72c4ace8576f9e9df30
23533	4ccc41ccf6cb84b368ef126cfb7e42e1	ed1ba451de58f7567f9eda0cffe3c1de	401f77befc1be72c4ace8576f9e9df30
23534	4ccc41ccf6cb84b368ef126cfb7e42e1	ed1ba451de58f7567f9eda0cffe3c1de	401f77befc1be72c4ace8576f9e9df30
23535	4ccc41ccf6cb84b368ef126cfb7e42e1	ed1ba451de58f7567f9eda0cffe3c1de	401f77befc1be72c4ace8576f9e9df30
23536	04c349b10cf5776bcc94ab8e1675eda5	401a9f2f946f11e2cddb1708bc77d240	447a4a0a9be024f2e7df435d95dbfdfb
23537	04c349b10cf5776bcc94ab8e1675eda5	401a9f2f946f11e2cddb1708bc77d240	447a4a0a9be024f2e7df435d95dbfdfb
23538	04c349b10cf5776bcc94ab8e1675eda5	401a9f2f946f11e2cddb1708bc77d240	447a4a0a9be024f2e7df435d95dbfdfb
23539	2571fadba0c83cdbecc7bdf9cf3176ee	5985a68bee106236e69e137ce1c0806d	d18e3eca9b63c7f6a7c6e53883bc3132
23540	067daf161e2086adc420375231072ce8	a1d8b0072d705feb2a8453efdfedd218	1abbbbb44c25aa11c3a047dcbe66e4db
23541	4dc17af9f993e842fa2501c6c3e206ea	ae6b8b76f5793c769a2a300e9712cf9e	ac51d2d050e2426dcce12c58b5059c39
23542	4dc17af9f993e842fa2501c6c3e206ea	ae6b8b76f5793c769a2a300e9712cf9e	ac51d2d050e2426dcce12c58b5059c39
23543	4dc17af9f993e842fa2501c6c3e206ea	ae6b8b76f5793c769a2a300e9712cf9e	ac51d2d050e2426dcce12c58b5059c39
23544	4dc17af9f993e842fa2501c6c3e206ea	ae6b8b76f5793c769a2a300e9712cf9e	ac51d2d050e2426dcce12c58b5059c39
23545	4dc17af9f993e842fa2501c6c3e206ea	ae6b8b76f5793c769a2a300e9712cf9e	ac51d2d050e2426dcce12c58b5059c39
23546	4dc17af9f993e842fa2501c6c3e206ea	ae6b8b76f5793c769a2a300e9712cf9e	ac51d2d050e2426dcce12c58b5059c39
23547	4dc17af9f993e842fa2501c6c3e206ea	ae6b8b76f5793c769a2a300e9712cf9e	ac51d2d050e2426dcce12c58b5059c39
23548	048d7f98b4c1aa6e591eb5b64040cb7f	8c120be77d460ce2d4e634d6c3069387	997aef8a55e36a84c612e0ead75c228f
23549	048d7f98b4c1aa6e591eb5b64040cb7f	8c120be77d460ce2d4e634d6c3069387	997aef8a55e36a84c612e0ead75c228f
23550	048d7f98b4c1aa6e591eb5b64040cb7f	8c120be77d460ce2d4e634d6c3069387	997aef8a55e36a84c612e0ead75c228f
23551	429a9efe1334aeb7eb34224581748895	982355cd7c15d163f91254fd74167905	171253483e7a81486bb2e585ee9410d8
23552	429a9efe1334aeb7eb34224581748895	982355cd7c15d163f91254fd74167905	171253483e7a81486bb2e585ee9410d8
23553	21f137e172335a51d05a68794c29ed18	42a96606e8bf999cfa8a993aaad69b7e	25bf8fb92af368f07a98e86438683401
23554	21f137e172335a51d05a68794c29ed18	42a96606e8bf999cfa8a993aaad69b7e	25bf8fb92af368f07a98e86438683401
23555	21f137e172335a51d05a68794c29ed18	42a96606e8bf999cfa8a993aaad69b7e	25bf8fb92af368f07a98e86438683401
23556	21f137e172335a51d05a68794c29ed18	42a96606e8bf999cfa8a993aaad69b7e	25bf8fb92af368f07a98e86438683401
23557	21f137e172335a51d05a68794c29ed18	42a96606e8bf999cfa8a993aaad69b7e	25bf8fb92af368f07a98e86438683401
23558	1a1ac7919a5959445317e90f31379ea9	24904a0fd0f274ef6bd81a6c99c91c31	c362558a6e4103402c7873ebc0844342
23559	1a1ac7919a5959445317e90f31379ea9	24904a0fd0f274ef6bd81a6c99c91c31	c362558a6e4103402c7873ebc0844342
23560	1a1ac7919a5959445317e90f31379ea9	24904a0fd0f274ef6bd81a6c99c91c31	c362558a6e4103402c7873ebc0844342
23561	1a1ac7919a5959445317e90f31379ea9	24904a0fd0f274ef6bd81a6c99c91c31	c362558a6e4103402c7873ebc0844342
23562	1a1ac7919a5959445317e90f31379ea9	24904a0fd0f274ef6bd81a6c99c91c31	c362558a6e4103402c7873ebc0844342
23563	1a1ac7919a5959445317e90f31379ea9	24904a0fd0f274ef6bd81a6c99c91c31	c362558a6e4103402c7873ebc0844342
23564	1a1ac7919a5959445317e90f31379ea9	24904a0fd0f274ef6bd81a6c99c91c31	c362558a6e4103402c7873ebc0844342
23565	772d355dd3fb03c3dd5196279f5f79a3	2dea4874fc49acd4a8297da8174244f5	63406459c6e0aa230bc49e0ec616ba77
23566	772d355dd3fb03c3dd5196279f5f79a3	2dea4874fc49acd4a8297da8174244f5	63406459c6e0aa230bc49e0ec616ba77
23567	772d355dd3fb03c3dd5196279f5f79a3	d759cdec026c8cb012d89fd56fbfba73	9d17782e3481a51127c4cdaf97982b14
23568	772d355dd3fb03c3dd5196279f5f79a3	2dea4874fc49acd4a8297da8174244f5	63406459c6e0aa230bc49e0ec616ba77
23569	772d355dd3fb03c3dd5196279f5f79a3	2dea4874fc49acd4a8297da8174244f5	63406459c6e0aa230bc49e0ec616ba77
23570	f22c77016a452de20269a85dc634ff55	1d1b1745cc91694adbed82b36c2bb89c	9ee6c3b4c24da485c16331a0faae766f
23571	f22c77016a452de20269a85dc634ff55	1d1b1745cc91694adbed82b36c2bb89c	9ee6c3b4c24da485c16331a0faae766f
23572	f22c77016a452de20269a85dc634ff55	1d1b1745cc91694adbed82b36c2bb89c	9ee6c3b4c24da485c16331a0faae766f
23573	db1d46a8707da72f63baf65aeb3be224	67227396bcef572bd5269ea09f814a09	07641c72bbd34365377bf6e1fbcb3cd6
23574	db1d46a8707da72f63baf65aeb3be224	67227396bcef572bd5269ea09f814a09	07641c72bbd34365377bf6e1fbcb3cd6
23575	6f175ba2a6d21d33919ba27203b5806a	2527e79866fcf26a6e90c50707bd2584	b4514af24398a6b5fc7fbb1ebac41dfe
23576	6f175ba2a6d21d33919ba27203b5806a	2527e79866fcf26a6e90c50707bd2584	b4514af24398a6b5fc7fbb1ebac41dfe
23577	6000c07509d0461837e569050169c6ca	9a527e387182a60d28055e7d6de58e29	d1871c1baa917676670f1592ad3390f5
23578	6000c07509d0461837e569050169c6ca	9a527e387182a60d28055e7d6de58e29	d1871c1baa917676670f1592ad3390f5
23579	6000c07509d0461837e569050169c6ca	9a527e387182a60d28055e7d6de58e29	d1871c1baa917676670f1592ad3390f5
23580	e641edb6eccebed5300e66f5000c2941	7729d224309cf4b9197ae51f32f4bb38	1d8649d745456dbb9c159e23790f4077
23581	6000c07509d0461837e569050169c6ca	9a527e387182a60d28055e7d6de58e29	d1871c1baa917676670f1592ad3390f5
23582	88fa7f7d3ddd86856328bcd62f6fe3c7	30cc14a86a727068166b77221c35035d	05e81095aab14d1ac505488a22600f5b
23583	88fa7f7d3ddd86856328bcd62f6fe3c7	30cc14a86a727068166b77221c35035d	05e81095aab14d1ac505488a22600f5b
23584	88fa7f7d3ddd86856328bcd62f6fe3c7	30cc14a86a727068166b77221c35035d	05e81095aab14d1ac505488a22600f5b
23585	88fa7f7d3ddd86856328bcd62f6fe3c7	30cc14a86a727068166b77221c35035d	05e81095aab14d1ac505488a22600f5b
23586	88fa7f7d3ddd86856328bcd62f6fe3c7	30cc14a86a727068166b77221c35035d	05e81095aab14d1ac505488a22600f5b
23587	88fa7f7d3ddd86856328bcd62f6fe3c7	30cc14a86a727068166b77221c35035d	05e81095aab14d1ac505488a22600f5b
23588	88fa7f7d3ddd86856328bcd62f6fe3c7	30cc14a86a727068166b77221c35035d	05e81095aab14d1ac505488a22600f5b
23589	7b8e69fa3cbc25313f7b85ab06cfea66	ac0bee622c1ce3996269c3fd649bbd25	95d11796ab5d4c33b7a5c0119a87143b
23590	7b8e69fa3cbc25313f7b85ab06cfea66	ac0bee622c1ce3996269c3fd649bbd25	95d11796ab5d4c33b7a5c0119a87143b
23591	7b8e69fa3cbc25313f7b85ab06cfea66	ac0bee622c1ce3996269c3fd649bbd25	95d11796ab5d4c33b7a5c0119a87143b
23592	7b8e69fa3cbc25313f7b85ab06cfea66	ac0bee622c1ce3996269c3fd649bbd25	95d11796ab5d4c33b7a5c0119a87143b
23593	7b8e69fa3cbc25313f7b85ab06cfea66	ac0bee622c1ce3996269c3fd649bbd25	95d11796ab5d4c33b7a5c0119a87143b
23594	ab58decb5c918a705e7239e6cc222269	4332ad56f860b5b744fd650a263d23c6	6a9ab318171940eb5c8bfc724b5b9461
23595	ab58decb5c918a705e7239e6cc222269	4332ad56f860b5b744fd650a263d23c6	6a9ab318171940eb5c8bfc724b5b9461
23596	ab58decb5c918a705e7239e6cc222269	4332ad56f860b5b744fd650a263d23c6	6a9ab318171940eb5c8bfc724b5b9461
23597	ab58decb5c918a705e7239e6cc222269	4332ad56f860b5b744fd650a263d23c6	6a9ab318171940eb5c8bfc724b5b9461
23598	ab58decb5c918a705e7239e6cc222269	4332ad56f860b5b744fd650a263d23c6	6a9ab318171940eb5c8bfc724b5b9461
23599	04faf05d89f8591ac69d0ea68f8f0124	c59a40103cd039b96a8e6c34dfdaa97d	78e518bdcc458d46d087f179c65b6dba
23600	04faf05d89f8591ac69d0ea68f8f0124	c59a40103cd039b96a8e6c34dfdaa97d	78e518bdcc458d46d087f179c65b6dba
23601	04faf05d89f8591ac69d0ea68f8f0124	c59a40103cd039b96a8e6c34dfdaa97d	78e518bdcc458d46d087f179c65b6dba
23602	04faf05d89f8591ac69d0ea68f8f0124	c59a40103cd039b96a8e6c34dfdaa97d	78e518bdcc458d46d087f179c65b6dba
23603	04faf05d89f8591ac69d0ea68f8f0124	c59a40103cd039b96a8e6c34dfdaa97d	78e518bdcc458d46d087f179c65b6dba
23604	04faf05d89f8591ac69d0ea68f8f0124	c59a40103cd039b96a8e6c34dfdaa97d	78e518bdcc458d46d087f179c65b6dba
23605	04faf05d89f8591ac69d0ea68f8f0124	c59a40103cd039b96a8e6c34dfdaa97d	78e518bdcc458d46d087f179c65b6dba
23606	04faf05d89f8591ac69d0ea68f8f0124	c59a40103cd039b96a8e6c34dfdaa97d	78e518bdcc458d46d087f179c65b6dba
23607	04faf05d89f8591ac69d0ea68f8f0124	c59a40103cd039b96a8e6c34dfdaa97d	78e518bdcc458d46d087f179c65b6dba
23608	04faf05d89f8591ac69d0ea68f8f0124	c59a40103cd039b96a8e6c34dfdaa97d	78e518bdcc458d46d087f179c65b6dba
23609	ab722ea57f8cc007399ce29e9b24f58a	63356148630828ec8d37a2181af20864	72dedf95de494e49d470f5416435b7aa
23610	04faf05d89f8591ac69d0ea68f8f0124	c59a40103cd039b96a8e6c34dfdaa97d	78e518bdcc458d46d087f179c65b6dba
23611	0282ae8639730b49b074f4bc07a6c9e9	a66fa6b82e836b853a3ab780ce11b5b7	6813433777fe41c264c6e31faf215045
23612	0282ae8639730b49b074f4bc07a6c9e9	a66fa6b82e836b853a3ab780ce11b5b7	6813433777fe41c264c6e31faf215045
23613	0282ae8639730b49b074f4bc07a6c9e9	a66fa6b82e836b853a3ab780ce11b5b7	6813433777fe41c264c6e31faf215045
23614	0282ae8639730b49b074f4bc07a6c9e9	a66fa6b82e836b853a3ab780ce11b5b7	6813433777fe41c264c6e31faf215045
23615	0282ae8639730b49b074f4bc07a6c9e9	a66fa6b82e836b853a3ab780ce11b5b7	6813433777fe41c264c6e31faf215045
23616	0282ae8639730b49b074f4bc07a6c9e9	a66fa6b82e836b853a3ab780ce11b5b7	6813433777fe41c264c6e31faf215045
23617	0282ae8639730b49b074f4bc07a6c9e9	a66fa6b82e836b853a3ab780ce11b5b7	6813433777fe41c264c6e31faf215045
23618	260ec37e147c2c6a23390a39864b2f55	ee6da1687ffb1712a13453ed5f4f4934	517fb30ff20549104699394eaf0c5620
23619	260ec37e147c2c6a23390a39864b2f55	ee6da1687ffb1712a13453ed5f4f4934	517fb30ff20549104699394eaf0c5620
23620	260ec37e147c2c6a23390a39864b2f55	ee6da1687ffb1712a13453ed5f4f4934	517fb30ff20549104699394eaf0c5620
23621	227bf09e9ef0583779100c15169ff2a5	4266473a03c85cb76dd99839a5ab1e67	23b4f9e1c9d64e2350614e74ab7d95d2
23622	f56b56de17b84348676f385398d78082	a0fdebab013d819398909b3dbdcb34c5	e8192dec11a3dc0f8a6f247130c1b640
23623	260ec37e147c2c6a23390a39864b2f55	ee6da1687ffb1712a13453ed5f4f4934	517fb30ff20549104699394eaf0c5620
23624	260ec37e147c2c6a23390a39864b2f55	ee6da1687ffb1712a13453ed5f4f4934	517fb30ff20549104699394eaf0c5620
23625	260ec37e147c2c6a23390a39864b2f55	ee6da1687ffb1712a13453ed5f4f4934	517fb30ff20549104699394eaf0c5620
23626	68d8ed04a88036a64651958db854c107	4b21713b882dde48667735fea81db9ae	fa1f3016365423d2961d99e8ee600b0f
23627	e0cf09b75f739209555bdc1092076d95	6ed6caf7467996f1b3d992d9927e7146	8a436a5002a9f0fa6edb19f445941243
23628	7f49efb6424c0f7cbac7a7d264285333	b5acdef68aab57326aa697e38cda0333	2c4315f81f3448989fc9b472e3d30db7
23629	7f49efb6424c0f7cbac7a7d264285333	b5acdef68aab57326aa697e38cda0333	2c4315f81f3448989fc9b472e3d30db7
23630	7f49efb6424c0f7cbac7a7d264285333	b5acdef68aab57326aa697e38cda0333	2c4315f81f3448989fc9b472e3d30db7
23631	7f49efb6424c0f7cbac7a7d264285333	b5acdef68aab57326aa697e38cda0333	2c4315f81f3448989fc9b472e3d30db7
23632	7f49efb6424c0f7cbac7a7d264285333	b5acdef68aab57326aa697e38cda0333	2c4315f81f3448989fc9b472e3d30db7
23633	7f49efb6424c0f7cbac7a7d264285333	b5acdef68aab57326aa697e38cda0333	2c4315f81f3448989fc9b472e3d30db7
23634	7f49efb6424c0f7cbac7a7d264285333	b5acdef68aab57326aa697e38cda0333	2c4315f81f3448989fc9b472e3d30db7
23635	11f66e22a81c402993cb683205da9b4d	5d5287498e2f9a826ec8ae9d48363f94	0433f9b31e315ed4627d7f64dc013962
23636	11f66e22a81c402993cb683205da9b4d	1ab640e658396bc37ff0b61b3c621a41	0678bb772fa2386a796d6820c8c978b1
23637	11f66e22a81c402993cb683205da9b4d	1ab640e658396bc37ff0b61b3c621a41	0678bb772fa2386a796d6820c8c978b1
23638	ddc742ed3073a81bdc6a38fb70a206bc	c1ac443d10f79f133f3123766a4d7413	46d03cf97935de659796609f71d2825b
23639	bf84cf380f96828b501d31fc2709bb49	ee5474b0f1bea7077a378e849475f5f7	23af191334792b2bb670340492693959
23640	a86d138b0216e9bcb64dc58376f1e267	ec01f77319e1a4f7ba221ea1e4250d14	01b6cf8b56c594543be82441cf52dd0c
23641	a86d138b0216e9bcb64dc58376f1e267	ec01f77319e1a4f7ba221ea1e4250d14	01b6cf8b56c594543be82441cf52dd0c
23642	a86d138b0216e9bcb64dc58376f1e267	ec01f77319e1a4f7ba221ea1e4250d14	01b6cf8b56c594543be82441cf52dd0c
23643	a86d138b0216e9bcb64dc58376f1e267	ec01f77319e1a4f7ba221ea1e4250d14	01b6cf8b56c594543be82441cf52dd0c
23644	a86d138b0216e9bcb64dc58376f1e267	ec01f77319e1a4f7ba221ea1e4250d14	01b6cf8b56c594543be82441cf52dd0c
23645	a86d138b0216e9bcb64dc58376f1e267	ec01f77319e1a4f7ba221ea1e4250d14	01b6cf8b56c594543be82441cf52dd0c
23646	a86d138b0216e9bcb64dc58376f1e267	ec01f77319e1a4f7ba221ea1e4250d14	01b6cf8b56c594543be82441cf52dd0c
23647	a86d138b0216e9bcb64dc58376f1e267	ec01f77319e1a4f7ba221ea1e4250d14	01b6cf8b56c594543be82441cf52dd0c
23648	a86d138b0216e9bcb64dc58376f1e267	ec01f77319e1a4f7ba221ea1e4250d14	01b6cf8b56c594543be82441cf52dd0c
23649	a86d138b0216e9bcb64dc58376f1e267	ec01f77319e1a4f7ba221ea1e4250d14	01b6cf8b56c594543be82441cf52dd0c
23650	a86d138b0216e9bcb64dc58376f1e267	ec01f77319e1a4f7ba221ea1e4250d14	01b6cf8b56c594543be82441cf52dd0c
23651	a86d138b0216e9bcb64dc58376f1e267	ec01f77319e1a4f7ba221ea1e4250d14	01b6cf8b56c594543be82441cf52dd0c
23652	a86d138b0216e9bcb64dc58376f1e267	ec01f77319e1a4f7ba221ea1e4250d14	01b6cf8b56c594543be82441cf52dd0c
23653	a86d138b0216e9bcb64dc58376f1e267	ec01f77319e1a4f7ba221ea1e4250d14	01b6cf8b56c594543be82441cf52dd0c
23654	a86d138b0216e9bcb64dc58376f1e267	ec01f77319e1a4f7ba221ea1e4250d14	01b6cf8b56c594543be82441cf52dd0c
23655	a86d138b0216e9bcb64dc58376f1e267	ec01f77319e1a4f7ba221ea1e4250d14	01b6cf8b56c594543be82441cf52dd0c
23656	a86d138b0216e9bcb64dc58376f1e267	ec01f77319e1a4f7ba221ea1e4250d14	01b6cf8b56c594543be82441cf52dd0c
23657	acfa1ea73b2c7b045c6de3801efd2f1b	485774df31b2825a0147e164ac63a34d	926f103e283cca765e4756846c048e6c
23658	acfa1ea73b2c7b045c6de3801efd2f1b	485774df31b2825a0147e164ac63a34d	926f103e283cca765e4756846c048e6c
23659	acfa1ea73b2c7b045c6de3801efd2f1b	485774df31b2825a0147e164ac63a34d	926f103e283cca765e4756846c048e6c
# classes	legacy=774	wide=823	full=823
