# rank	legacy	wide	full
39434	231cb40e8c358b27aa5f17916d8edd18	cd700311c79e3a16d131de411805ce40	a1464c9b46fe5f4ad80f2663901c450a
39435	231cb40e8c358b27aa5f17916d8edd18	cd700311c79e3a16d131de411805ce40	a1464c9b46fe5f4ad80f2663901c450a
39436	b320a404f56f82d317142c9ccf6a7ef3	1a3b43552b621a7335da20e385599911	c649523964b975dd87a5b96b6f614c8d
39437	b320a404f56f82d317142c9ccf6a7ef3	1a3b43552b621a7335da20e385599911	c649523964b975dd87a5b96b6f614c8d
39438	b320a404f56f82d317142c9ccf6a7ef3	1a3b43552b621a7335da20e385599911	c649523964b975dd87a5b96b6f614c8d
39439	b320a404f56f82d317142c9ccf6a7ef3	1a3b43552b621a7335da20e385599911	c649523964b975dd87a5b96b6f614c8d
39440	b320a404f56f82d317142c9ccf6a7ef3	1a3b43552b621a7335da20e385599911	c649523964b975dd87a5b96b6f614c8d
39441	11966053a0d3f68b3e9564b24e19948b	c3422edf9c0c2a4ecbf2266e4156607e	09a5f7d7a57eb344cb8374d453bb4db3
39442	11966053a0d3f68b3e9564b24e19948b	c3422edf9c0c2a4ecbf2266e4156607e	09a5f7d7a57eb344cb8374d453bb4db3
39443	11966053a0d3f68b3e9564b24e19948b	c3422edf9c0c2a4ecbf2266e4156607e	09a5f7d7a57eb344cb8374d453bb4db3
39444	853709a96c4adeda29abd89c0b7e83b5	267ef83303a314bdd33f04e06bd14bb2	0ebee87069290e344495652c8f77174f
39445	853709a96c4adeda29abd89c0b7e83b5	267ef83303a314bdd33f04e06bd14bb2	0ebee87069290e344495652c8f77174f
39446	853709a96c4adeda29abd89c0b7e83b5	267ef83303a314bdd33f04e06bd14bb2	0ebee87069290e344495652c8f77174f
39447	853709a96c4adeda29abd89c0b7e83b5	267ef83303a314bdd33f04e06bd14bb2	0ebee87069290e344495652c8f77174f
39448	71df1157971b5812a1d844a6d3dd77ef	3ce0aa55d38c988a8f68f89f4ca61ed6	7672e29d2112fc4a42064d55a2c6c284
39449	71df1157971b5812a1d844a6d3dd77ef	3ce0aa55d38c988a8f68f89f4ca61ed6	7672e29d2112fc4a42064d55a2c6c284
39450	71df1157971b5812a1d844a6d3dd77ef	3ce0aa55d38c988a8f68f89f4ca61ed6	7672e29d2112fc4a42064d55a2c6c284
39451	71df1157971b5812a1d844a6d3dd77ef	3ce0aa55d38c988a8f68f89f4ca61ed6	7672e29d2112fc4a42064d55a2c6c284
39452	71df1157971b5812a1d844a6d3dd77ef	3ce0aa55d38c988a8f68f89f4ca61ed6	7672e29d2112fc4a42064d55a2c6c284
39453	5ed5c68eb9e330a2a96aa40be1a7c25c	dd822f35c98974891207913b8b9492a6	0f302af9fb10fe3ed2d7538e52d81eb1
39454	5ed5c68eb9e330a2a96aa40be1a7c25c	dd822f35c98974891207913b8b9492a6	0f302af9fb10fe3ed2d7538e52d81eb1
39455	5ed5c68eb9e330a2a96aa40be1a7c25c	dd822f35c98974891207913b8b9492a6	0f302af9fb10fe3ed2d7538e52d81eb1
39456	5ed5c68eb9e330a2a96aa40be1a7c25c	dd822f35c98974891207913b8b9492a6	0f302af9fb10fe3ed2d7538e52d81eb1
39457	4cb6d8e8d5d09ecc891a945a8e9779ab	b30334e0e3cf42975870cd8ffc936015	09cbcde46b3cc5c089240c67e30f0c9a
39458	73164de684d8c9bc479c1422b61c7979	e15412776a25fb1f12a058c449044781	013ce2320fa8e2b3fe1ae4742d688b5d
39459	73164de684d8c9bc479c1422b61c7979	e15412776a25fb1f12a058c449044781	013ce2320fa8e2b3fe1ae4742d688b5d
39460	73164de684d8c9bc479c1422b61c7979	e15412776a25fb1f12a058c449044781	013ce2320fa8e2b3fe1ae4742d688b5d
39461	73164de684d8c9bc479c1422b61c7979	e15412776a25fb1f12a058c449044781	013ce2320fa8e2b3fe1ae4742d688b5d
39462	73164de684d8c9bc479c1422b61c7979	e15412776a25fb1f12a058c449044781	013ce2320fa8e2b3fe1ae4742d688b5d
39463	73164de684d8c9bc479c1422b61c7979	e15412776a25fb1f12a058c449044781	013ce2320fa8e2b3fe1ae4742d688b5d
39464	73164de684d8c9bc479c1422b61c7979	e15412776a25fb1f12a058c449044781	013ce2320fa8e2b3fe1ae4742d688b5d
39465	176c79796fd79d35d424169cfe8f22eb	c2283eab95f831581901aa32de19dc74	0b00560496a2cf37abd7888d5f096885
39466	176c79796fd79d35d424169cfe8f22eb	c2283eab95f831581901aa32de19dc74	0b00560496a2cf37abd7888d5f096885
39467	176c79796fd79d35d424169cfe8f22eb	c2283eab95f831581901aa32de19dc74	0b00560496a2cf37abd7888d5f096885
39468	176c79796fd79d35d424169cfe8f22eb	c2283eab95f831581901aa32de19dc74	0b00560496a2cf37abd7888d5f096885
39469	25880fca5612ce08c91cc03a7bb8c384	ab324a6625827ad70dd73f0fefc4bae7	281eb0b872cc89ceb857589014e7b047
39470	3521266b25cad5e806128c57629187f4	658854efc8f2efe0fc8dcffd74f6d3ab	55be099b630c96cbac426c3d6bce04a7
39471	3521266b25cad5e806128c57629187f4	658854efc8f2efe0fc8dcffd74f6d3ab	55be099b630c96cbac426c3d6bce04a7
39472	3521266b25cad5e806128c57629187f4	658854efc8f2efe0fc8dcffd74f6d3ab	55be099b630c96cbac426c3d6bce04a7
39473	3521266b25cad5e806128c57629187f4	658854efc8f2efe0fc8dcffd74f6d3ab	55be099b630c96cbac426c3d6bce04a7
39474	3521266b25cad5e806128c57629187f4	658854efc8f2efe0fc8dcffd74f6d3ab	55be099b630c96cbac426c3d6bce04a7
39475	3521266b25cad5e806128c57629187f4	658854efc8f2efe0fc8dcffd74f6d3ab	55be099b630c96cbac426c3d6bce04a7
39476	3521266b25cad5e806128c57629187f4	658854efc8f2efe0fc8dcffd74f6d3ab	55be099b630c96cbac426c3d6bce04a7
39477	4a39bad8449c4adad5226ffa066ea6d3	0423d640b9471a9af749464c1445c528	be053279853d9fb295cca5bd5be7757e
39478	4a39bad8449c4adad5226ffa066ea6d3	0423d640b9471a9af749464c1445c528	be053279853d9fb295cca5bd5be7757e
39479	4a39bad8449c4adad5226ffa066ea6d3	0423d640b9471a9af749464c1445c528	be053279853d9fb295cca5bd5be7757e
39480	4a39bad8449c4adad5226ffa066ea6d3	0423d640b9471a9af749464c1445c528	be053279853d9fb295cca5bd5be7757e
39481	4a39bad8449c4adad5226ffa066ea6d3	0423d640b9471a9af749464c1445c528	be053279853d9fb295cca5bd5be7757e
39482	477f738398a263cd13563e38f10ffb1e	68fe2bdfee572459382d9ce1b552dbf4	80b6e12ed88a890cd7fc0e20bafff503
39483	477f738398a263cd13563e38f10ffb1e	68fe2bdfee572459382d9ce1b552dbf4	80b6e12ed88a890cd7fc0e20bafff503
39484	477f738398a263cd13563e38f10ffb1e	68fe2bdfee572459382d9ce1b552dbf4	80b6e12ed88a890cd7fc0e20bafff503
39485	477f738398a263cd13563e38f10ffb1e	68fe2bdfee572459382d9ce1b552dbf4	80b6e12ed88a890cd7fc0e20bafff503
39486	477f738398a263cd13563e38f10ffb1e	68fe2bdfee572459382d9ce1b552dbf4	80b6e12ed88a890cd7fc0e20bafff503
39487	477f738398a263cd13563e38f10ffb1e	68fe2bdfee572459382d9ce1b552dbf4	80b6e12ed88a890cd7fc0e20bafff503
39488	477f738398a263cd13563e38f10ffb1e	68fe2bdfee572459382d9ce1b552dbf4	80b6e12ed88a890cd7fc0e20bafff503
39489	107eb0520ffb4f294760da466f273641	eab71b5511171ae06ad7e2182022626a	38105b1439b3b5c3e337be3a4c701bff
39490	107eb0520ffb4f294760da466f273641	eab71b5511171ae06ad7e2182022626a	38105b1439b3b5c3e337be3a4c701bff
39491	107eb0520ffb4f294760da466f273641	eab71b5511171ae06ad7e2182022626a	38105b1439b3b5c3e337be3a4c701bff
39492	107eb0520ffb4f294760da466f273641	eab71b5511171ae06ad7e2182022626a	38105b1439b3b5c3e337be3a4c701bff
39493	107eb0520ffb4f294760da466f273641	eab71b5511171ae06ad7e2182022626a	38105b1439b3b5c3e337be3a4c701bff
39494	21f3b1be99f2dd82225b71645251f39d	52069bf0a8841af1e3686f565cdaf1b0	37576af2064781c5f471efde7b74bf31
39495	21f3b1be99f2dd82225b71645251f39d	52069bf0a8841af1e3686f565cdaf1b0	37576af2064781c5f471efde7b74bf31
39496	21f3b1be99f2dd82225b71645251f39d	52069bf0a8841af1e3686f565cdaf1b0	37576af2064781c5f471efde7b74bf31
39497	21f3b1be99f2dd82225b71645251f39d	52069bf0a8841af1e3686f565cdaf1b0	37576af2064781c5f471efde7b74bf31
39498	21f3b1be99f2dd82225b71645251f39d	52069bf0a8841af1e3686f565cdaf1b0	37576af2064781c5f471efde7b74bf31
39499	b0e6041477c32241f3f0df8ac0775e07	08f3b9b0d4c73c181406cf3de14dff97	581fc9c6027314744f22058c82f94c7d
39500	b0e6041477c32241f3f0df8ac0775e07	08f3b9b0d4c73c181406cf3de14dff97	581fc9c6027314744f22058c82f94c7d
39501	b0e6041477c32241f3f0df8ac0775e07	08f3b9b0d4c73c181406cf3de14dff97	581fc9c6027314744f22058c82f94c7d
39502	b0e6041477c32241f3f0df8ac0775e07	08f3b9b0d4c73c181406cf3de14dff97	581fc9c6027314744f22058c82f94c7d
39503	b0e6041477c32241f3f0df8ac0775e07	08f3b9b0d4c73c181406cf3de14dff97	581fc9c6027314744f22058c82f94c7d
39504	b0e6041477c32241f3f0df8ac0775e07	08f3b9b0d4c73c181406cf3de14dff97	581fc9c6027314744f22058c82f94c7d
39505	b0e6041477c32241f3f0df8ac0775e07	08f3b9b0d4c73c181406cf3de14dff97	581fc9c6027314744f22058c82f94c7d
39506	d2f45ac2a4bc1286a26b9e37b85f04d6	1d71dc5064a30da021a2715e8ffcde87	6ef0dca8bad518084a0207465766ead5
39507	d2f45ac2a4bc1286a26b9e37b85f04d6	1d71dc5064a30da021a2715e8ffcde87	6ef0dca8bad518084a0207465766ead5
39508	d2f45ac2a4bc1286a26b9e37b85f04d6	1d71dc5064a30da021a2715e8ffcde87	6ef0dca8bad518084a0207465766ead5
39509	b0e6041477c32241f3f0df8ac0775e07	08f3b9b0d4c73c181406cf3de14dff97	581fc9c6027314744f22058c82f94c7d
39510	b0e6041477c32241f3f0df8ac0775e07	08f3b9b0d4c73c181406cf3de14dff97	581fc9c6027314744f22058c82f94c7d
39511	fae1d9ae425d8f0ae2a46b8c8ab86c7d	ed2221173549cd8b5423d8be7ee666d8	62f14521acece7e4803bae3cf2292198
39512	fae1d9ae425d8f0ae2a46b8c8ab86c7d	ed2221173549cd8b5423d8be7ee666d8	62f14521acece7e4803bae3cf2292198
39513	fae1d9ae425d8f0ae2a46b8c8ab86c7d	ed2221173549cd8b5423d8be7ee666d8	62f14521acece7e4803bae3cf2292198
39514	fae1d9ae425d8f0ae2a46b8c8ab86c7d	ed2221173549cd8b5423d8be7ee666d8	62f14521acece7e4803bae3cf2292198
39515	fae1d9ae425d8f0ae2a46b8c8ab86c7d	ed2221173549cd8b5423d8be7ee666d8	62f14521acece7e4803bae3cf2292198
39516	fae1d9ae425d8f0ae2a46b8c8ab86c7d	ed2221173549cd8b5423d8be7ee666d8	62f14521acece7e4803bae3cf2292198
39517	fae1d9ae425d8f0ae2a46b8c8ab86c7d	ed2221173549cd8b5423d8be7ee666d8	62f14521acece7e4803bae3cf2292198
39518	b1d7b816554bce6e0f58d342855189a8	a5fbdd1940b0d472d62e294daa0d8fb5	a8df474ae06df8108ded9713c6b09501
39519	b1d7b816554bce6e0f58d342855189a8	a5fbdd1940b0d472d62e294daa0d8fb5	a8df474ae06df8108ded9713c6b09501
39520	b1d7b816554bce6e0f58d342855189a8	a5fbdd1940b0d472d62e294daa0d8fb5	a8df474ae06df8108ded9713c6b09501
39521	b1d7b816554bce6e0f58d342855189a8	a5fbdd1940b0d472d62e294daa0d8fb5	a8df474ae06df8108ded9713c6b09501
39522	b1d7b816554bce6e0f58d342855189a8	a5fbdd1940b0d472d62e294daa0d8fb5	a8df474ae06df8108ded9713c6b09501
39523	b1d7b816554bce6e0f58d342855189a8	a5fbdd1940b0d472d62e294daa0d8fb5	a8df474ae06df8108ded9713c6b09501
39524	b1d7b816554bce6e0f58d342855189a8	a5fbdd1940b0d472d62e294daa0d8fb5	a8df474ae06df8108ded9713c6b09501
39525	b1d7b816554bce6e0f58d342855189a8	a5fbdd1940b0d472d62e294daa0d8fb5	a8df474ae06df8108ded9713c6b09501
39526	b1d7b816554bce6e0f58d342855189a8	a5fbdd1940b0d472d62e294daa0d8fb5	a8df474ae06df8108ded9713c6b09501
39527	b1d7b816554bce6e0f58d342855189a8	a5fbdd1940b0d472d62e294daa0d8fb5	a8df474ae06df8108ded9713c6b09501
39528	55dc3d46810c9c858e2956ef685a9412	9ea638acb7110619b734c74b4f950737	ab8dcc55134e3e7c6a5c0d833405a31c
39529	55dc3d46810c9c858e2956ef685a9412	9ea638acb7110619b734c74b4f950737	ab8dcc55134e3e7c6a5c0d833405a31c
39530	55dc3d46810c9c858e2956ef685a9412	9ea638acb7110619b734c74b4f950737	ab8dcc55134e3e7c6a5c0d833405a31c
39531	55dc3d46810c9c858e2956ef685a9412	9ea638acb7110619b734c74b4f950737	ab8dcc55134e3e7c6a5c0d833405a31c
39532	55dc3d46810c9c858e2956ef685a9412	9ea638acb7110619b734c74b4f950737	ab8dcc55134e3e7c6a5c0d833405a31c
39533	55dc3d46810c9c858e2956ef685a9412	9ea638acb7110619b734c74b4f950737	ab8dcc55134e3e7c6a5c0d833405a31c
39534	55dc3d46810c9c858e2956ef685a9412	9ea638acb7110619b734c74b4f950737	ab8dcc55134e3e7c6a5c0d833405a31c
39535	5037f2165fcc9a437791bf82be46c369	62dfcc9a22351bfed5f2fbc767672ed9	c194cf8014446d879787cd50cbbd0d1a
39536	5037f2165fcc9a437791bf82be46c369	62dfcc9a22351bfed5f2fbc767672ed9	c194cf8014446d879787cd50cbbd0d1a
39537	5037f2165fcc9a437791bf82be46c369	62dfcc9a22351bfed5f2fbc767672ed9	c194cf8014446d879787cd50cbbd0d1a
39538	5037f2165fcc9a437791bf82be46c369	62dfcc9a22351bfed5f2fbc767672ed9	c194cf8014446d879787cd50cbbd0d1a
39539	5037f2165fcc9a437791bf82be46c369	37870ff2eab60450a41cddf0fdc8e35b	9e2e357ef9f44a083d931945fdd506f5
39540	2f3e9321f7354b4e9c3d9f613e42c475	c843f870f8a0e0a71f490a0684a4a58f	613318b0391d02463e404e37cbda86ea
39541	2f3e9321f7354b4e9c3d9f613e42c475	c843f870f8a0e0a71f490a0684a4a58f	613318b0391d02463e404e37cbda86ea
39542	2f3e9321f7354b4e9c3d9f613e42c475	c843f870f8a0e0a71f490a0684a4a58f	613318b0391d02463e404e37cbda86ea
39543	2f3e9321f7354b4e9c3d9f613e42c475	c843f870f8a0e0a71f490a0684a4a58f	613318b0391d02463e404e37cbda86ea
39544	2f3e9321f7354b4e9c3d9f613e42c475	c843f870f8a0e0a71f490a0684a4a58f	613318b0391d02463e404e37cbda86ea
39545	2f3e9321f7354b4e9c3d9f613e42c475	c843f870f8a0e0a71f490a0684a4a58f	613318b0391d02463e404e37cbda86ea
39546	2f3e9321f7354b4e9c3d9f613e42c475	c843f870f8a0e0a71f490a0684a4a58f	613318b0391d02463e404e37cbda86ea
39547	2f3e9321f7354b4e9c3d9f613e42c475	c843f870f8a0e0a71f490a0684a4a58f	613318b0391d02463e404e37cbda86ea
39548	2f3e9321f7354b4e9c3d9f613e42c475	c843f870f8a0e0a71f490a0684a4a58f	613318b0391d02463e404e37cbda86ea
39549	2f3e9321f7354b4e9c3d9f613e42c475	c843f870f8a0e0a71f490a0684a4a58f	613318b0391d02463e404e37cbda86ea
39550	2f3e9321f7354b4e9c3d9f613e42c475	c843f870f8a0e0a71f490a0684a4a58f	613318b0391d02463e404e37cbda86ea
39551	2f3e9321f7354b4e9c3d9f613e42c475	c843f870f8a0e0a71f490a0684a4a58f	613318b0391d02463e404e37cbda86ea
39552	2f3e9321f7354b4e9c3d9f613e42c475	c843f870f8a0e0a71f490a0684a4a58f	613318b0391d02463e404e37cbda86ea
39553	2f3e9321f7354b4e9c3d9f613e42c475	c843f870f8a0e0a71f490a0684a4a58f	613318b0391d02463e404e37cbda86ea
39554	2f3e9321f7354b4e9c3d9f613e42c475	c843f870f8a0e0a71f490a0684a4a58f	613318b0391d02463e404e37cbda86ea
39555	2f3e9321f7354b4e9c3d9f613e42c475	c843f870f8a0e0a71f490a0684a4a58f	613318b0391d02463e404e37cbda86ea
39556	2f3e9321f7354b4e9c3d9f613e42c475	c843f870f8a0e0a71f490a0684a4a58f	613318b0391d02463e404e37cbda86ea
39557	468dc423c291d9e4a1a43c209ef7a5bf	07763424d6a94df6075b8aa03953a8d2	1a0ce2185a21b603cf3ea478bdd9ae81
39558	468dc423c291d9e4a1a43c209ef7a5bf	07763424d6a94df6075b8aa03953a8d2	1a0ce2185a21b603cf3ea478bdd9ae81
39559	468dc423c291d9e4a1a43c209ef7a5bf	07763424d6a94df6075b8aa03953a8d2	1a0ce2185a21b603cf3ea478bdd9ae81
39560	22f321f111ddf92fd3d1f6bfa2d6c947	a7884b15f1a63216644e881e606a804a	fa142f9f70b3409050d1852ffb9e4165
39561	199866566ac458c3ca1148ce6626e0f8	e092b9ff38a4eef38ac0a27ba6b89fa3	964ed0a086542a8073a41faf0e0a4dc9
39562	5e75ac6a3699ad70c165f089cbec7f45	7a8d7dd8eaa36b3fdb700b8eb72fbffd	578c8d0d55f39e958b637177cdb597c0
39563	5e75ac6a3699ad70c165f089cbec7f45	7a8d7dd8eaa36b3fdb700b8eb72fbffd	578c8d0d55f39e958b637177cdb597c0
39564	0b70f40819c83067d6b3e949e2dcc7ab	1eeaf4858b339513fa559c780760464b	822d6a6aa4fe4a713375f83bb301d09b
39565	0b70f40819c83067d6b3e949e2dcc7ab	1eeaf4858b339513fa559c780760464b	822d6a6aa4fe4a713375f83bb301d09b
39566	0b70f40819c83067d6b3e949e2dcc7ab	1eeaf4858b339513fa559c780760464b	822d6a6aa4fe4a713375f83bb301d09b
39567	da709f2172617dc36d82d7ab6fd5a0d6	70ee5c20cc7cf27db316edfa7ac3b5b6	2ae66f8492995b6980f656aaa38dd892
39568	da709f2172617dc36d82d7ab6fd5a0d6	70ee5c20cc7cf27db316edfa7ac3b5b6	2ae66f8492995b6980f656aaa38dd892
39569	da709f2172617dc36d82d7ab6fd5a0d6	abaf6155266495faa1d41380d98651ed	9c94c2377c613e0371bea48c1893280f
39570	da709f2172617dc36d82d7ab6fd5a0d6	abaf6155266495faa1d41380d98651ed	9c94c2377c613e0371bea48c1893280f
39571	da709f2172617dc36d82d7ab6fd5a0d6	abaf6155266495faa1d41380d98651ed	9c94c2377c613e0371bea48c1893280f
39572	da709f2172617dc36d82d7ab6fd5a0d6	abaf6155266495faa1d41380d98651ed	9c94c2377c613e0371bea48c1893280f
39573	da709f2172617dc36d82d7ab6fd5a0d6	abaf6155266495faa1d41380d98651ed	9c94c2377c613e0371bea48c1893280f
39574	da709f2172617dc36d82d7ab6fd5a0d6	abaf6155266495faa1d41380d98651ed	9c94c2377c613e0371bea48c1893280f
39575	da709f2172617dc36d82d7ab6fd5a0d6	abaf6155266495faa1d41380d98651ed	9c94c2377c613e0371bea48c1893280f
39576	0373ca871379e0bddc5bfea892ce743e	2b107ea8aeb3bbf02e019878f8da18d0	42ef840f9172ced3aae78299bf9a9099
39577	0373ca871379e0bddc5bfea892ce743e	2b107ea8aeb3bbf02e019878f8da18d0	42ef840f9172ced3aae78299bf9a9099
39578	a96e2f34a3359deed35b011d4c519f81	1b6a62b451b877e2ce98e87f3040c28b	182a73a302ea4012987698490842721f
39579	da709f2172617dc36d82d7ab6fd5a0d6	abaf6155266495faa1d41380d98651ed	9c94c2377c613e0371bea48c1893280f
39580	da709f2172617dc36d82d7ab6fd5a0d6	abaf6155266495faa1d41380d98651ed	9c94c2377c613e0371bea48c1893280f
39581	47a3aef41da3da79c899f7fc81e2458c	678261507cbb59d7975d89950b63f9fb	770f9baabb0143b3d6421aa8f06cce2f
39582	47a3aef41da3da79c899f7fc81e2458c	678261507cbb59d7975d89950b63f9fb	770f9baabb0143b3d6421aa8f06cce2f
39583	47a3aef41da3da79c899f7fc81e2458c	678261507cbb59d7975d89950b63f9fb	770f9baabb0143b3d6421aa8f06cce2f
39584	47a3aef41da3da79c899f7fc81e2458c	678261507cbb59d7975d89950b63f9fb	770f9baabb0143b3d6421aa8f06cce2f
39585	47a3aef41da3da79c899f7fc81e2458c	678261507cbb59d7975d89950b63f9fb	770f9baabb0143b3d6421aa8f06cce2f
39586	47a3aef41da3da79c899f7fc81e2458c	678261507cbb59d7975d89950b63f9fb	770f9baabb0143b3d6421aa8f06cce2f
39587	47a3aef41da3da79c899f7fc81e2458c	678261507cbb59d7975d89950b63f9fb	770f9baabb0143b3d6421aa8f06cce2f
39588	917651292571e88b3ab64f09ad3538da	d14390459d9d5517992096e51a77fd64	273664221ca67e129e9751974442a46b
39589	917651292571e88b3ab64f09ad3538da	d14390459d9d5517992096e51a77fd64	273664221ca67e129e9751974442a46b
39590	917651292571e88b3ab64f09ad3538da	d14390459d9d5517992096e51a77fd64	273664221ca67e129e9751974442a46b
39591	586f59ee31a08b10191b5ff1471458ca	a40d7be1c01a718a0b385ca8037d056d	d22b39e006a82dcadae91f51204b7bed
39592	565b2ec2b119f74a872eb778ceca2d3d	0a66bea5b802245d17f8a6b3e23e25d4	cd47035618aa8b1b4b920c7bc1d4787f
39593	d56947dd6804feb11ff6e391baa6baf7	f557c87ed9a03a0e50195267daf5fad8	dbfa7fa1cd6826c2799b99490408dbeb
39594	d56947dd6804feb11ff6e391baa6baf7	f557c87ed9a03a0e50195267daf5fad8	dbfa7fa1cd6826c2799b99490408dbeb
39595	d56947dd6804feb11ff6e391baa6baf7	f557c87ed9a03a0e50195267daf5fad8	dbfa7fa1cd6826c2799b99490408dbeb
39596	d56947dd6804feb11ff6e391baa6baf7	f557c87ed9a03a0e50195267daf5fad8	dbfa7fa1cd6826c2799b99490408dbeb
39597	d56947dd6804feb11ff6e391baa6baf7	f557c87ed9a03a0e50195267daf5fad8	dbfa7fa1cd6826c2799b99490408dbeb
39598	cd2ccf70a7016fd3bc78088b4e5a11f2	475f33991c44680db45437363cca3b19	b150df6fea1e75bf22dcebd5940fe525
39599	cd2ccf70a7016fd3bc78088b4e5a11f2	475f33991c44680db45437363cca3b19	b150df6fea1e75bf22dcebd5940fe525
39600	cd2ccf70a7016fd3bc78088b4e5a11f2	475f33991c44680db45437363cca3b19	b150df6fea1e75bf22dcebd5940fe525
39601	cd2ccf70a7016fd3bc78088b4e5a11f2	475f33991c44680db45437363cca3b19	b150df6fea1e75bf22dcebd5940fe525
39602	cd2ccf70a7016fd3bc78088b4e5a11f2	475f33991c44680db45437363cca3b19	b150df6fea1e75bf22dcebd5940fe525
39603	cd2ccf70a7016fd3bc78088b4e5a11f2	475f33991c44680db45437363cca3b19	b150df6fea1e75bf22dcebd5940fe525
39604	cd2ccf70a7016fd3bc78088b4e5a11f2	475f33991c44680db45437363cca3b19	b150df6fea1e75bf22dcebd5940fe525
39605	cd2ccf70a7016fd3bc78088b4e5a11f2	475f33991c44680db45437363cca3b19	b150df6fea1e75bf22dcebd5940fe525
39606	cd2ccf70a7016fd3bc78088b4e5a11f2	475f33991c44680db45437363cca3b19	b150df6fea1e75bf22dcebd5940fe525
39607	cd2ccf70a7016fd3bc78088b4e5a11f2	475f33991c44680db45437363cca3b19	b150df6fea1e75bf22dcebd5940fe525
39608	cd2ccf70a7016fd3bc78088b4e5a11f2	475f33991c44680db45437363cca3b19	b150df6fea1e75bf22dcebd5940fe525
39609	cd2ccf70a7016fd3bc78088b4e5a11f2	475f33991c44680db45437363cca3b19	b150df6fea1e75bf22dcebd5940fe525
39610	c2eefb20563c6f586bd6dca7c9cb9712	94d48ce56a8e01754b79b1158c8f03cb	a5c5e9b718b36d5cebcf6cbbe294265f
39611	c2eefb20563c6f586bd6dca7c9cb9712	94d48ce56a8e01754b79b1158c8f03cb	a5c5e9b718b36d5cebcf6cbbe294265f
39612	c2eefb20563c6f586bd6dca7c9cb9712	94d48ce56a8e01754b79b1158c8f03cb	a5c5e9b718b36d5cebcf6cbbe294265f
39613	1566e0b1097d2c8a3ba356e2d9241fb0	b8cc36b498fc7a0564769f43fc02bf22	c860202cfa06aee63487eefed7a9706e
39614	1566e0b1097d2c8a3ba356e2d9241fb0	b8cc36b498fc7a0564769f43fc02bf22	c860202cfa06aee63487eefed7a9706e
39615	c2eefb20563c6f586bd6dca7c9cb9712	94d48ce56a8e01754b79b1158c8f03cb	a5c5e9b718b36d5cebcf6cbbe294265f
39616	c2eefb20563c6f586bd6dca7c9cb9712	94d48ce56a8e01754b79b1158c8f03cb	a5c5e9b718b36d5cebcf6cbbe294265f
39617	b6368c53628e61cb27962845ba6fa629	9361564e0a5a75f4c4b9a4f8a13891e4	1503409839499ceffa65af5fbdc4550d
39618	7c868bdc7c19e528bdf7ecfa13cdee0a	e82a6e5153d839ac3f8cad5b8eb5c04c	c1c8cda64def916f659b29ee9f68fc35
39619	7c868bdc7c19e528bdf7ecfa13cdee0a	e82a6e5153d839ac3f8cad5b8eb5c04c	c1c8cda64def916f659b29ee9f68fc35
39620	4bbb58ec95f73f719a9cfba43286adfa	c2f9293b002416603d6e3f2599e77390	3699e0fdfbd02aee682a2778fafcf487
39621	4bbb58ec95f73f719a9cfba43286adfa	c2f9293b002416603d6e3f2599e77390	3699e0fdfbd02aee682a2778fafcf487
39622	9673d9a031d98ece9d44190143764486	405eb4dc074ba581920792a51490e1a9	ff701875190424a1e68e1b83b938b022
39623	9673d9a031d98ece9d44190143764486	405eb4dc074ba581920792a51490e1a9	ff701875190424a1e68e1b83b938b022
39624	9673d9a031d98ece9d44190143764486	405eb4dc074ba581920792a51490e1a9	ff701875190424a1e68e1b83b938b022
39625	9673d9a031d98ece9d44190143764486	405eb4dc074ba581920792a51490e1a9	ff701875190424a1e68e1b83b938b022
39626	9673d9a031d98ece9d44190143764486	405eb4dc074ba581920792a51490e1a9	ff701875190424a1e68e1b83b938b022
39627	898508e260a5d729cbd4c9b50ad3f701	6ddfcabe7ba39d2a27e0d1a42bcb8aaa	dbd69ca2f44386de480d8a0a6a706002
39628	898508e260a5d729cbd4c9b50ad3f701	6ddfcabe7ba39d2a27e0d1a42bcb8aaa	dbd69ca2f44386de480d8a0a6a706002
39629	898508e260a5d729cbd4c9b50ad3f701	6ddfcabe7ba39d2a27e0d1a42bcb8aaa	dbd69ca2f44386de480d8a0a6a706002
39630	25d8cddfab57f2c5e837c10c65123588	c29189d3872307d8509daee064fd48fe	86b3fcf4cb604a15dcb53ff53e1091d4
39631	25d8cddfab57f2c5e837c10c65123588	c29189d3872307d8509daee064fd48fe	86b3fcf4cb604a15dcb53ff53e1091d4
39632	25d8cddfab57f2c5e837c10c65123588	fdfb7d95789fa604cdaec7b006321956	8e11e63b845aa27beab27b662c30bd98
39633	25d8cddfab57f2c5e837c10c65123588	fdfb7d95789fa604cdaec7b006321956	8e11e63b845aa27beab27b662c30bd98
39634	3b2a9e55df5a9874cbf03bfcb7d4e42c	841dbcabb307822e6cc6b49f1b703621	392bd750ea0d08b1906aa4590b48dfe4
39635	a8469907f533ea513766c129c8cc4be3	43936491626e016454852777b202abf6	7b94730df719f37d6ae58a75494b923b
39636	3b2a9e55df5a9874cbf03bfcb7d4e42c	841dbcabb307822e6cc6b49f1b703621	392bd750ea0d08b1906aa4590b48dfe4
39637	51b4996b191497e13c8c7ed2787e989b	4f7f1953c500891c2113fd74e14db37b	942ad5920c3c6659e2da7ad302cd9976
39638	a8469907f533ea513766c129c8cc4be3	43936491626e016454852777b202abf6	7b94730df719f37d6ae58a75494b923b
39639	77d3532cdc4db5ece0dd7b785e40c488	51b155cc47b5aefa9c2b85a123c26168	d37789c02f29407647277687b846f599
39640	77d3532cdc4db5ece0dd7b785e40c488	51b155cc47b5aefa9c2b85a123c26168	d37789c02f29407647277687b846f599
39641	77d3532cdc4db5ece0dd7b785e40c488	51b155cc47b5aefa9c2b85a123c26168	d37789c02f29407647277687b846f599
39642	aed24e484a036bdf2d64f5ac41bf46fa	e01d6b611ac2623dcd5042504879e967	da0f059b7f32bd63b0073c8b3736ba42
39643	aed24e484a036bdf2d64f5ac41bf46fa	e01d6b611ac2623dcd5042504879e967	da0f059b7f32bd63b0073c8b3736ba42
39644	77d3532cdc4db5ece0dd7b785e40c488	51b155cc47b5aefa9c2b85a123c26168	d37789c02f29407647277687b846f599
39645	77d3532cdc4db5ece0dd7b785e40c488	51b155cc47b5aefa9c2b85a123c26168	d37789c02f29407647277687b846f599
39646	8accb7177a0430808bde832c8b1ba5b5	4f89c64dbe30e615716521163bd974df	aa27b6898463106b96ff0a30b545380f
39647	8accb7177a0430808bde832c8b1ba5b5	4f89c64dbe30e615716521163bd974df	aa27b6898463106b96ff0a30b545380f
39648	8accb7177a0430808bde832c8b1ba5b5	4f89c64dbe30e615716521163bd974df	aa27b6898463106b96ff0a30b545380f
39649	fe5e60b270ae392c8196034ab0ae4853	27566afae4093761863cea33c30524da	5ea55b0ed4c01ebddf69439cd25c074e
39650	8accb7177a0430808bde832c8b1ba5b5	4f89c64dbe30e615716521163bd974df	aa27b6898463106b96ff0a30b545380f
39651	314745185fa4fcd3d63bd343679c573f	ec09b68238e62759eb0af89b082b1bf0	59e54a739918e95b92dd512f05da8c52
39652	314745185fa4fcd3d63bd343679c573f	ec09b68238e62759eb0af89b082b1bf0	59e54a739918e95b92dd512f05da8c52
39653	314745185fa4fcd3d63bd343679c573f	ec09b68238e62759eb0af89b082b1bf0	59e54a739918e95b92dd512f05da8c52
39654	314745185fa4fcd3d63bd343679c573f	ec09b68238e62759eb0af89b082b1bf0	59e54a739918e95b92dd512f05da8c52
39655	314745185fa4fcd3d63bd343679c573f	ec09b68238e62759eb0af89b082b1bf0	59e54a739918e95b92dd512f05da8c52
39656	314745185fa4fcd3d63bd343679c573f	ec09b68238e62759eb0af89b082b1bf0	59e54a739918e95b92dd512f05da8c52
39657	314745185fa4fcd3d63bd343679c573f	ec09b68238e62759eb0af89b082b1bf0	59e54a739918e95b92dd512f05da8c52
39658	47cdc9947bc9e0272eb7909c69200479	c19bb8392a7bb4c542b55c7006e1d0a9	cacc2683d2830eef764be61b9e4d9f88
39659	47cdc9947bc9e0272eb7909c69200479	c19bb8392a7bb4c542b55c7006e1d0a9	cacc2683d2830eef764be61b9e4d9f88
39660	47cdc9947bc9e0272eb7909c69200479	c19bb8392a7bb4c542b55c7006e1d0a9	cacc2683d2830eef764be61b9e4d9f88
39661	47cdc9947bc9e0272eb7909c69200479	c19bb8392a7bb4c542b55c7006e1d0a9	cacc2683d2830eef764be61b9e4d9f88
39662	47cdc9947bc9e0272eb7909c69200479	c19bb8392a7bb4c542b55c7006e1d0a9	cacc2683d2830eef764be61b9e4d9f88
39663	66fa829c9794370989ec7352521f90f0	bbe8d1381cf02fae97c1bf4821bb6984	b7bff89711e508aa880b5565dc135b63
39664	66fa829c9794370989ec7352521f90f0	bbe8d1381cf02fae97c1bf4821bb6984	b7bff89711e508aa880b5565dc135b63
39665	66fa829c9794370989ec7352521f90f0	bbe8d1381cf02fae97c1bf4821bb6984	b7bff89711e508aa880b5565dc135b63
39666	66fa829c9794370989ec7352521f90f0	bbe8d1381cf02fae97c1bf4821bb6984	b7bff89711e508aa880b5565dc135b63
39667	66fa829c9794370989ec7352521f90f0	bbe8d1381cf02fae97c1bf4821bb6984	b7bff89711e508aa880b5565dc135b63
39668	262781b661247daea21dd6dd8a604742	9809966ba9ee30cb18d417422134e660	d2ef3d1d7c5764407793635391a0018d
39669	262781b661247daea21dd6dd8a604742	9809966ba9ee30cb18d417422134e660	d2ef3d1d7c5764407793635391a0018d
39670	262781b661247daea21dd6dd8a604742	9809966ba9ee30cb18d417422134e660	d2ef3d1d7c5764407793635391a0018d
39671	6799a470de820613b65a38eff451a66f	f6dcd130a6215e70c761fc0491788927	959ebcd3367a2170abb7cb2bac53805f
39672	6799a470de820613b65a38eff451a66f	f6dcd130a6215e70c761fc0491788927	959ebcd3367a2170abb7cb2bac53805f
39673	d76a845b94b1056e3b674c25673840f4	3f284d2be4ebd008a8e178ca6659fe86	f0becfcc9b0f2eddbce2e5261e55ffb2
39674	175f474a58acf142158d660a97f44550	211fa38eca61570bcb4b68d36ee3c0df	5cf2b422d22b9f8c19c5f45b47ef67dc
39675	d81cdbc3aab4e3a52e786e495ff55363	acbad06e1d85eb5b2845ce7fe6c35b0f	197850d5b8c8dc7df8dbc9c51960c432
39676	d81cdbc3aab4e3a52e786e495ff55363	acbad06e1d85eb5b2845ce7fe6c35b0f	197850d5b8c8dc7df8dbc9c51960c432
39677	d81cdbc3aab4e3a52e786e495ff55363	acbad06e1d85eb5b2845ce7fe6c35b0f	197850d5b8c8dc7df8dbc9c51960c432
39678	102f5f3b7ef7de19bc2658a718e4a61c	de3b70dfeb5b3ee84e37836547b03efc	d91bc9a2533d702f170d26eb80d48062
39679	97d3befa89695b71d3b6bbeb8c705233	ccc6ec0fb859d6b609e2f2bae0e85e3a	615dff5bcfb367475a6f03afc220a156
39680	b528619bf9940bf0c0325bf9d0964f95	fd5ebaf6fbdf11026ce53e405950ab32	e50ed5483b3d9182ec2aa1a6f9493b46
39681	b528619bf9940bf0c0325bf9d0964f95	fd5ebaf6fbdf11026ce53e405950ab32	e50ed5483b3d9182ec2aa1a6f9493b46
39682	b528619bf9940bf0c0325bf9d0964f95	fd5ebaf6fbdf11026ce53e405950ab32	e50ed5483b3d9182ec2aa1a6f9493b46
39683	b528619bf9940bf0c0325bf9d0964f95	fd5ebaf6fbdf11026ce53e405950ab32	e50ed5483b3d9182ec2aa1a6f9493b46
39684	b528619bf9940bf0c0325bf9d0964f95	fd5ebaf6fbdf11026ce53e405950ab32	e50ed5483b3d9182ec2aa1a6f9493b46
39685	b528619bf9940bf0c0325bf9d0964f95	fd5ebaf6fbdf11026ce53e405950ab32	e50ed5483b3d9182ec2aa1a6f9493b46
39686	b528619bf9940bf0c0325bf9d0964f95	fd5ebaf6fbdf11026ce53e405950ab32	e50ed5483b3d9182ec2aa1a6f9493b46
39687	83ee6d2a2e83ecb25ed54845a15d451d	fa98c5cfa6ecc39e0b624a8a3e924e94	008580d64b0acd782a88cc400bc1d7c2
39688	83ee6d2a2e83ecb25ed54845a15d451d	fa98c5cfa6ecc39e0b624a8a3e924e94	008580d64b0acd782a88cc400bc1d7c2
39689	83ee6d2a2e83ecb25ed54845a15d451d	fa98c5cfa6ecc39e0b624a8a3e924e94	008580d64b0acd782a88cc400bc1d7c2
39690	db73d93f6a866b73558e5768e8c48969	a1784fcb0c06931989a3c112d97172e9	f5df5877616770d952a1420de2ced0d9
39691	b1bbfc2c08a164268af9575285146e34	42d5f9cf8d0e272974139ed99f0795c1	07083871847973e5f0db2747f1d214b8
39692	83ee6d2a2e83ecb25ed54845a15d451d	fa98c5cfa6ecc39e0b624a8a3e924e94	008580d64b0acd782a88cc400bc1d7c2
39693	83ee6d2a2e83ecb25ed54845a15d451d	fa98c5cfa6ecc39e0b624a8a3e924e94	008580d64b0acd782a88cc400bc1d7c2
39694	83ee6d2a2e83ecb25ed54845a15d451d	fa98c5cfa6ecc39e0b624a8a3e924e94	008580d64b0acd782a88cc400bc1d7c2
39695	db73d93f6a866b73558e5768e8c48969	5a3de0df3a8ad459afa6647e139902ff	b0cf1665699f39b166223fc2d2b43782
39696	b1bbfc2c08a164268af9575285146e34	42d5f9cf8d0e272974139ed99f0795c1	07083871847973e5f0db2747f1d214b8
39697	9860cbaf28442f95d11852b0dcbdadbd	b791a04b9bcde74298b7ac360e41ac3c	eea84b893aa60b49d4317d22d96142d7
39698	9860cbaf28442f95d11852b0dcbdadbd	b791a04b9bcde74298b7ac360e41ac3c	eea84b893aa60b49d4317d22d96142d7
39699	9860cbaf28442f95d11852b0dcbdadbd	b791a04b9bcde74298b7ac360e41ac3c	eea84b893aa60b49d4317d22d96142d7
39700	9860cbaf28442f95d11852b0dcbdadbd	b791a04b9bcde74298b7ac360e41ac3c	eea84b893aa60b49d4317d22d96142d7
39701	9860cbaf28442f95d11852b0dcbdadbd	b791a04b9bcde74298b7ac360e41ac3c	eea84b893aa60b49d4317d22d96142d7
39702	9860cbaf28442f95d11852b0dcbdadbd	b791a04b9bcde74298b7ac360e41ac3c	eea84b893aa60b49d4317d22d96142d7
39703	9860cbaf28442f95d11852b0dcbdadbd	b791a04b9bcde74298b7ac360e41ac3c	eea84b893aa60b49d4317d22d96142d7
39704	b0de8a3a35d83fc83bf274539d69b6a9	ae591d76261e8a3a5061e139f505fb08	7e98a3823216c8d1c1b4d5464970e35b
39705	b0de8a3a35d83fc83bf274539d69b6a9	ae591d76261e8a3a5061e139f505fb08	7e98a3823216c8d1c1b4d5464970e35b
39706	b0de8a3a35d83fc83bf274539d69b6a9	ae591d76261e8a3a5061e139f505fb08	7e98a3823216c8d1c1b4d5464970e35b
39707	b0de8a3a35d83fc83bf274539d69b6a9	ae591d76261e8a3a5061e139f505fb08	7e98a3823216c8d1c1b4d5464970e35b
39708	b0de8a3a35d83fc83bf274539d69b6a9	ae591d76261e8a3a5061e139f505fb08	7e98a3823216c8d1c1b4d5464970e35b
39709	115d088266b2c7ead782c6b284c395c9	86cb80f3c4187777fac6bc33d96682f8	18a2fbf173cf785e3809526106c99e9a
39710	115d088266b2c7ead782c6b284c395c9	86cb80f3c4187777fac6bc33d96682f8	18a2fbf173cf785e3809526106c99e9a
39711	115d088266b2c7ead782c6b284c395c9	86cb80f3c4187777fac6bc33d96682f8	18a2fbf173cf785e3809526106c99e9a
39712	115d088266b2c7ead782c6b284c395c9	86cb80f3c4187777fac6bc33d96682f8	18a2fbf173cf785e3809526106c99e9a
39713	115d088266b2c7ead782c6b284c395c9	86cb80f3c4187777fac6bc33d96682f8	18a2fbf173cf785e3809526106c99e9a
39714	115d088266b2c7ead782c6b284c395c9	86cb80f3c4187777fac6bc33d96682f8	18a2fbf173cf785e3809526106c99e9a
39715	115d088266b2c7ead782c6b284c395c9	86cb80f3c4187777fac6bc33d96682f8	18a2fbf173cf785e3809526106c99e9a
39716	115d088266b2c7ead782c6b284c395c9	86cb80f3c4187777fac6bc33d96682f8	18a2fbf173cf785e3809526106c99e9a
39717	115d088266b2c7ead782c6b284c395c9	86cb80f3c4187777fac6bc33d96682f8	18a2fbf173cf785e3809526106c99e9a
39718	115d088266b2c7ead782c6b284c395c9	86cb80f3c4187777fac6bc33d96682f8	18a2fbf173cf785e3809526106c99e9a
39719	115d088266b2c7ead782c6b284c395c9	86cb80f3c4187777fac6bc33d96682f8	18a2fbf173cf785e3809526106c99e9a
39720	115d088266b2c7ead782c6b284c395c9	86cb80f3c4187777fac6bc33d96682f8	18a2fbf173cf785e3809526106c99e9a
39721	115d088266b2c7ead782c6b284c395c9	86cb80f3c4187777fac6bc33d96682f8	18a2fbf173cf785e3809526106c99e9a
39722	115d088266b2c7ead782c6b284c395c9	86cb80f3c4187777fac6bc33d96682f8	18a2fbf173cf785e3809526106c99e9a
39723	115d088266b2c7ead782c6b284c395c9	86cb80f3c4187777fac6bc33d96682f8	18a2fbf173cf785e3809526106c99e9a
39724	115d088266b2c7ead782c6b284c395c9	86cb80f3c4187777fac6bc33d96682f8	18a2fbf173cf785e3809526106c99e9a
39725	115d088266b2c7ead782c6b284c395c9	86cb80f3c4187777fac6bc33d96682f8	18a2fbf173cf785e3809526106c99e9a
39726	4535c4d7ff0de745365909fe7e066976	db77c0b84839cdd98e9debb5354d71bd	740906de8db9c93791c3b4f30b840a71
39727	4535c4d7ff0de745365909fe7e066976	db77c0b84839cdd98e9debb5354d71bd	740906de8db9c93791c3b4f30b840a71
39728	4535c4d7ff0de745365909fe7e066976	db77c0b84839cdd98e9debb5354d71bd	740906de8db9c93791c3b4f30b840a71
39729	4535c4d7ff0de745365909fe7e066976	db77c0b84839cdd98e9debb5354d71bd	740906de8db9c93791c3b4f30b840a71
39730	4535c4d7ff0de745365909fe7e066976	db77c0b84839cdd98e9debb5354d71bd	740906de8db9c93791c3b4f30b840a71
39731	4535c4d7ff0de745365909fe7e066976	db77c0b84839cdd98e9debb5354d71bd	740906de8db9c93791c3b4f30b840a71
39732	4535c4d7ff0de745365909fe7e066976	db77c0b84839cdd98e9debb5354d71bd	740906de8db9c93791c3b4f30b840a71
39733	9929c290a6079871349fac15d9780232	4aa1a071f37782dcb2223c02e59bf183	d0962bcd3426f04c3ba0b16b779790e9
39734	9929c290a6079871349fac15d9780232	4aa1a071f37782dcb2223c02e59bf183	d0962bcd3426f04c3ba0b16b779790e9
39735	9929c290a6079871349fac15d9780232	4aa1a071f37782dcb2223c02e59bf183	d0962bcd3426f04c3ba0b16b779790e9
39736	64f602e1fbf3a13fdc389fccf94e10a7	34890a2685ceb0a8db241aa09b92c219	c02546c4205d1829b4b64bb3a8cb6b86
39737	64f602e1fbf3a13fdc389fccf94e10a7	34890a2685ceb0a8db241aa09b92c219	c02546c4205d1829b4b64bb3a8cb6b86
39738	6dfd391c685a5d93a37abf932ae0d0de	649012ef116f4b656c72a4f20414aa0e	b6c66094050b0d6b7ae49a61e5a90781
39739	6dfd391c685a5d93a37abf932ae0d0de	649012ef116f4b656c72a4f20414aa0e	b6c66094050b0d6b7ae49a61e5a90781
39740	6dfd391c685a5d93a37abf932ae0d0de	649012ef116f4b656c72a4f20414aa0e	b6c66094050b0d6b7ae49a61e5a90781
39741	6dfd391c685a5d93a37abf932ae0d0de	649012ef116f4b656c72a4f20414aa0e	b6c66094050b0d6b7ae49a61e5a90781
39742	6dfd391c685a5d93a37abf932ae0d0de	649012ef116f4b656c72a4f20414aa0e	b6c66094050b0d6b7ae49a61e5a90781
39743	6dfd391c685a5d93a37abf932ae0d0de	9e39d4b753b21775ecafd0f31ba49e4d	7a1d9030ba29ca93cf5978428e5ad3d6
39744	6dfd391c685a5d93a37abf932ae0d0de	649012ef116f4b656c72a4f20414aa0e	b6c66094050b0d6b7ae49a61e5a90781
39745	93800e2baf6b4b4dd5f4f097080ba4fb	b7d9d4ec0662bc9b694ff94e909a7843	573e9bf47cf21d2fc08478907785f441
39746	93800e2baf6b4b4dd5f4f097080ba4fb	b7d9d4ec0662bc9b694ff94e909a7843	573e9bf47cf21d2fc08478907785f441
39747	93800e2baf6b4b4dd5f4f097080ba4fb	b7d9d4ec0662bc9b694ff94e909a7843	573e9bf47cf21d2fc08478907785f441
39748	49cdf0fdde895a6fdc135c2d75ca565b	1ae56cb65d14fd5930d8fd2ab9a49223	4c89f9bb05edee92f237980452f42404
39749	49cdf0fdde895a6fdc135c2d75ca565b	1ae56cb65d14fd5930d8fd2ab9a49223	4c89f9bb05edee92f237980452f42404
39750	1115972f6b5a056921d787a0e137422e	2ef4e15ee7ba9cc937ef7aad8f5e0a77	b00e74c0d085f719a027c348b8ef4d38
39751	1115972f6b5a056921d787a0e137422e	2ef4e15ee7ba9cc937ef7aad8f5e0a77	b00e74c0d085f719a027c348b8ef4d38
39752	1115972f6b5a056921d787a0e137422e	2ef4e15ee7ba9cc937ef7aad8f5e0a77	b00e74c0d085f719a027c348b8ef4d38
39753	1115972f6b5a056921d787a0e137422e	2ef4e15ee7ba9cc937ef7aad8f5e0a77	b00e74c0d085f719a027c348b8ef4d38
39754	1115972f6b5a056921d787a0e137422e	2ef4e15ee7ba9cc937ef7aad8f5e0a77	b00e74c0d085f719a027c348b8ef4d38
39755	1115972f6b5a056921d787a0e137422e	2ef4e15ee7ba9cc937ef7aad8f5e0a77	b00e74c0d085f719a027c348b8ef4d38
39756	1115972f6b5a056921d787a0e137422e	2ef4e15ee7ba9cc937ef7aad8f5e0a77	b00e74c0d085f719a027c348b8ef4d38
39757	ec7596033c869a6dbca888a74ed6f488	4f0f04bd0f7e8b4b25de2091d2a256e8	dabbcae2ff2dad7c6e42ca7d99431e34
39758	ec7596033c869a6dbca888a74ed6f488	4f0f04bd0f7e8b4b25de2091d2a256e8	dabbcae2ff2dad7c6e42ca7d99431e34
39759	ec7596033c869a6dbca888a74ed6f488	4f0f04bd0f7e8b4b25de2091d2a256e8	dabbcae2ff2dad7c6e42ca7d99431e34
39760	ec7596033c869a6dbca888a74ed6f488	4f0f04bd0f7e8b4b25de2091d2a256e8	dabbcae2ff2dad7c6e42ca7d99431e34
39761	ec7596033c869a6dbca888a74ed6f488	4f0f04bd0f7e8b4b25de2091d2a256e8	dabbcae2ff2dad7c6e42ca7d99431e34
39762	ec7596033c869a6dbca888a74ed6f488	4f0f04bd0f7e8b4b25de2091d2a256e8	dabbcae2ff2dad7c6e42ca7d99431e34
39763	ec7596033c869a6dbca888a74ed6f488	4f0f04bd0f7e8b4b25de2091d2a256e8	dabbcae2ff2dad7c6e42ca7d99431e34
39764	ec7596033c869a6dbca888a74ed6f488	4f0f04bd0f7e8b4b25de2091d2a256e8	dabbcae2ff2dad7c6e42ca7d99431e34
39765	ec7596033c869a6dbca888a74ed6f488	4f0f04bd0f7e8b4b25de2091d2a256e8	dabbcae2ff2dad7c6e42ca7d99431e34
39766	ec7596033c869a6dbca888a74ed6f488	4f0f04bd0f7e8b4b25de2091d2a256e8	dabbcae2ff2dad7c6e42ca7d99431e34
39767	4ccc41ccf6cb84b368ef126cfb7e42e1	ed1ba451de58f7567f9eda0cffe3c1de	401f77befc1be72c4ace8576f9e9df30
39768	4ccc41ccf6cb84b368ef126cfb7e42e1	ed1ba451de58f7567f9eda0cffe3c1de	401f77befc1be72c4ace8576f9e9df30
39769	4ccc41ccf6cb84b368ef126cfb7e42e1	ed1ba451de58f7567f9eda0cffe3c1de	401f77befc1be72c4ace8576f9e9df30
39770	4ccc41ccf6cb84b368ef126cfb7e42e1	ed1ba451de58f7567f9eda0cffe3c1de	401f77befc1be72c4ace8576f9e9df30
39771	4ccc41ccf6cb84b368ef126cfb7e42e1	ed1ba451de58f7567f9eda0cffe3c1de	401f77befc1be72c4ace8576f9e9df30
39772	4ccc41ccf6cb84b368ef126cfb7e42e1	ed1ba451de58f7567f9eda0cffe3c1de	401f77befc1be72c4ace8576f9e9df30
39773	4ccc41ccf6cb84b368ef126cfb7e42e1	ed1ba451de58f7567f9eda0cffe3c1de	401f77befc1be72c4ace8576f9e9df30
39774	04c349b10cf5776bcc94ab8e1675eda5	401a9f2f946f11e2cddb1708bc77d240	447a4a0a9be024f2e7df435d95dbfdfb
39775	04c349b10cf5776bcc94ab8e1675eda5	401a9f2f946f11e2cddb1708bc77d240	447a4a0a9be024f2e7df435d95dbfdfb
39776	04c349b10cf5776bcc94ab8e1675eda5	401a9f2f946f11e2cddb1708bc77d240	447a4a0a9be024f2e7df435d95dbfdfb
39777	2571fadba0c83cdbecc7bdf9cf3176ee	5985a68bee106236e69e137ce1c0806d	d18e3eca9b63c7f6a7c6e53883bc3132
39778	067daf161e2086adc420375231072ce8	a1d8b0072d705feb2a8453efdfedd218	1abbbbb44c25aa11c3a047dcbe66e4db
39779	4dc17af9f993e842fa2501c6c3e206ea	ae6b8b76f5793c769a2a300e9712cf9e	ac51d2d050e2426dcce12c58b5059c39
39780	4dc17af9f993e842fa2501c6c3e206ea	ae6b8b76f5793c769a2a300e9712cf9e	ac51d2d050e2426dcce12c58b5059c39
39781	4dc17af9f993e842fa2501c6c3e206ea	ae6b8b76f5793c769a2a300e9712cf9e	ac51d2d050e2426dcce12c58b5059c39
39782	4dc17af9f993e842fa2501c6c3e206ea	ae6b8b76f5793c769a2a300e9712cf9e	ac51d2d050e2426dcce12c58b5059c39
39783	4dc17af9f993e842fa2501c6c3e206ea	ae6b8b76f5793c769a2a300e9712cf9e	ac51d2d050e2426dcce12c58b5059c39
39784	4dc17af9f993e842fa2501c6c3e206ea	ae6b8b76f5793c769a2a300e9712cf9e	ac51d2d050e2426dcce12c58b5059c39
39785	4dc17af9f993e842fa2501c6c3e206ea	ae6b8b76f5793c769a2a300e9712cf9e	ac51d2d050e2426dcce12c58b5059c39
39786	048d7f98b4c1aa6e591eb5b64040cb7f	8c120be77d460ce2d4e634d6c3069387	997aef8a55e36a84c612e0ead75c228f
39787	048d7f98b4c1aa6e591eb5b64040cb7f	8c120be77d460ce2d4e634d6c3069387	997aef8a55e36a84c612e0ead75c228f
39788	048d7f98b4c1aa6e591eb5b64040cb7f	8c120be77d460ce2d4e634d6c3069387	997aef8a55e36a84c612e0ead75c228f
39789	429a9efe1334aeb7eb34224581748895	982355cd7c15d163f91254fd74167905	171253483e7a81486bb2e585ee9410d8
39790	429a9efe1334aeb7eb34224581748895	982355cd7c15d163f91254fd74167905	171253483e7a81486bb2e585ee9410d8
39791	21f137e172335a51d05a68794c29ed18	42a96606e8bf999cfa8a993aaad69b7e	25bf8fb92af368f07a98e86438683401
39792	21f137e172335a51d05a68794c29ed18	42a96606e8bf999cfa8a993aaad69b7e	25bf8fb92af368f07a98e86438683401
39793	21f137e172335a51d05a68794c29ed18	42a96606e8bf999cfa8a993aaad69b7e	25bf8fb92af368f07a98e86438683401
39794	21f137e172335a51d05a68794c29ed18	42a96606e8bf999cfa8a993aaad69b7e	25bf8fb92af368f07a98e86438683401
39795	21f137e172335a51d05a68794c29ed18	42a96606e8bf999cfa8a993aaad69b7e	25bf8fb92af368f07a98e86438683401
39796	1a1ac7919a5959445317e90f31379ea9	24904a0fd0f274ef6bd81a6c99c91c31	c362558a6e4103402c7873ebc0844342
39797	1a1ac7919a5959445317e90f31379ea9	24904a0fd0f274ef6bd81a6c99c91c31	c362558a6e4103402c7873ebc0844342
39798	1a1ac7919a5959445317e90f31379ea9	24904a0fd0f274ef6bd81a6c99c91c31	c362558a6e4103402c7873ebc0844342
39799	1a1ac7919a5959445317e90f31379ea9	24904a0fd0f274ef6bd81a6c99c91c31	c362558a6e4103402c7873ebc0844342
39800	1a1ac7919a5959445317e90f31379ea9	24904a0fd0f274ef6bd81a6c99c91c31	c362558a6e4103402c7873ebc0844342
39801	1a1ac7919a5959445317e90f31379ea9	24904a0fd0f274ef6bd81a6c99c91c31	c362558a6e4103402c7873ebc0844342
39802	1a1ac7919a5959445317e90f31379ea9	24904a0fd0f274ef6bd81a6c99c91c31	c362558a6e4103402c7873ebc0844342
39803	772d355dd3fb03c3dd5196279f5f79a3	2dea4874fc49acd4a8297da8174244f5	63406459c6e0aa230bc49e0ec616ba77
39804	772d355dd3fb03c3dd5196279f5f79a3	2dea4874fc49acd4a8297da8174244f5	63406459c6e0aa230bc49e0ec616ba77
39805	772d355dd3fb03c3dd5196279f5f79a3	d759cdec026c8cb012d89fd56fbfba73	9d17782e3481a51127c4cdaf97982b14
39806	772d355dd3fb03c3dd5196279f5f79a3	2dea4874fc49acd4a8297da8174244f5	63406459c6e0aa230bc49e0ec616ba77
39807	772d355dd3fb03c3dd5196279f5f79a3	2dea4874fc49acd4a8297da8174244f5	63406459c6e0aa230bc49e0ec616ba77
39808	f22c77016a452de20269a85dc634ff55	1d1b1745cc91694adbed82b36c2bb89c	9ee6c3b4c24da485c16331a0faae766f
39809	f22c77016a452de20269a85dc634ff55	1d1b1745cc91694adbed82b36c2bb89c	9ee6c3b4c24da485c16331a0faae766f
39810	f22c77016a452de20269a85dc634ff55	1d1b1745cc91694adbed82b36c2bb89c	9ee6c3b4c24da485c16331a0faae766f
39811	db1d46a8707da72f63baf65aeb3be224	67227396bcef572bd5269ea09f814a09	07641c72bbd34365377bf6e1fbcb3cd6
39812	db1d46a8707da72f63baf65aeb3be224	67227396bcef572bd5269ea09f814a09	07641c72bbd34365377bf6e1fbcb3cd6
39813	6f175ba2a6d21d33919ba27203b5806a	2527e79866fcf26a6e90c50707bd2584	b4514af24398a6b5fc7fbb1ebac41dfe
39814	6f175ba2a6d21d33919ba27203b5806a	2527e79866fcf26a6e90c50707bd2584	b4514af24398a6b5fc7fbb1ebac41dfe
39815	6000c07509d0461837e569050169c6ca	9a527e387182a60d28055e7d6de58e29	d1871c1baa917676670f1592ad3390f5
39816	6000c07509d0461837e569050169c6ca	9a527e387182a60d28055e7d6de58e29	d1871c1baa917676670f1592ad3390f5
39817	6000c07509d0461837e569050169c6ca	9a527e387182a60d28055e7d6de58e29	d1871c1baa917676670f1592ad3390f5
39818	e641edb6eccebed5300e66f5000c2941	7729d224309cf4b9197ae51f32f4bb38	1d8649d745456dbb9c159e23790f4077
39819	6000c07509d0461837e569050169c6ca	9a527e387182a60d28055e7d6de58e29	d1871c1baa917676670f1592ad3390f5
39820	88fa7f7d3ddd86856328bcd62f6fe3c7	30cc14a86a727068166b77221c35035d	05e81095aab14d1ac505488a22600f5b
39821	88fa7f7d3ddd86856328bcd62f6fe3c7	30cc14a86a727068166b77221c35035d	05e81095aab14d1ac505488a22600f5b
39822	88fa7f7d3ddd86856328bcd62f6fe3c7	30cc14a86a727068166b77221c35035d	05e81095aab14d1ac505488a22600f5b
39823	88fa7f7d3ddd86856328bcd62f6fe3c7	30cc14a86a727068166b77221c35035d	05e81095aab14d1ac505488a22600f5b
39824	88fa7f7d3ddd86856328bcd62f6fe3c7	30cc14a86a727068166b77221c35035d	05e81095aab14d1ac505488a22600f5b
39825	88fa7f7d3ddd86856328bcd62f6fe3c7	30cc14a86a727068166b77221c35035d	05e81095aab14d1ac505488a22600f5b
39826	88fa7f7d3ddd86856328bcd62f6fe3c7	30cc14a86a727068166b77221c35035d	05e81095aab14d1ac505488a22600f5b
39827	9d70cbcf990fa8b4153f8395166ec939	b2f84a07cff9a66285b4ca6784605677	4b5581a9614fe3ec92996f00b1dddd89
39828	9d70cbcf990fa8b4153f8395166ec939	b2f84a07cff9a66285b4ca6784605677	4b5581a9614fe3ec92996f00b1dddd89
39829	9d70cbcf990fa8b4153f8395166ec939	b2f84a07cff9a66285b4ca6784605677	4b5581a9614fe3ec92996f00b1dddd89
39830	9d70cbcf990fa8b4153f8395166ec939	b2f84a07cff9a66285b4ca6784605677	4b5581a9614fe3ec92996f00b1dddd89
39831	9d70cbcf990fa8b4153f8395166ec939	b2f84a07cff9a66285b4ca6784605677	4b5581a9614fe3ec92996f00b1dddd89
39832	ab58decb5c918a705e7239e6cc222269	4332ad56f860b5b744fd650a263d23c6	6a9ab318171940eb5c8bfc724b5b9461
39833	ab58decb5c918a705e7239e6cc222269	4332ad56f860b5b744fd650a263d23c6	6a9ab318171940eb5c8bfc724b5b9461
39834	ab58decb5c918a705e7239e6cc222269	4332ad56f860b5b744fd650a263d23c6	6a9ab318171940eb5c8bfc724b5b9461
39835	ab58decb5c918a705e7239e6cc222269	4332ad56f860b5b744fd650a263d23c6	6a9ab318171940eb5c8bfc724b5b9461
39836	ab58decb5c918a705e7239e6cc222269	4332ad56f860b5b744fd650a263d23c6	6a9ab318171940eb5c8bfc724b5b9461
39837	04faf05d89f8591ac69d0ea68f8f0124	c59a40103cd039b96a8e6c34dfdaa97d	78e518bdcc458d46d087f179c65b6dba
39838	04faf05d89f8591ac69d0ea68f8f0124	c59a40103cd039b96a8e6c34dfdaa97d	78e518bdcc458d46d087f179c65b6dba
39839	04faf05d89f8591ac69d0ea68f8f0124	c59a40103cd039b96a8e6c34dfdaa97d	78e518bdcc458d46d087f179c65b6dba
39840	04faf05d89f8591ac69d0ea68f8f0124	c59a40103cd039b96a8e6c34dfdaa97d	78e518bdcc458d46d087f179c65b6dba
39841	04faf05d89f8591ac69d0ea68f8f0124	c59a40103cd039b96a8e6c34dfdaa97d	78e518bdcc458d46d087f179c65b6dba
39842	04faf05d89f8591ac69d0ea68f8f0124	c59a40103cd039b96a8e6c34dfdaa97d	78e518bdcc458d46d087f179c65b6dba
39843	04faf05d89f8591ac69d0ea68f8f0124	c59a40103cd039b96a8e6c34dfdaa97d	78e518bdcc458d46d087f179c65b6dba
39844	04faf05d89f8591ac69d0ea68f8f0124	c59a40103cd039b96a8e6c34dfdaa97d	78e518bdcc458d46d087f179c65b6dba
39845	04faf05d89f8591ac69d0ea68f8f0124	c59a40103cd039b96a8e6c34dfdaa97d	78e518bdcc458d46d087f179c65b6dba
39846	04faf05d89f8591ac69d0ea68f8f0124	c59a40103cd039b96a8e6c34dfdaa97d	78e518bdcc458d46d087f179c65b6dba
39847	ab722ea57f8cc007399ce29e9b24f58a	63356148630828ec8d37a2181af20864	72dedf95de494e49d470f5416435b7aa
39848	04faf05d89f8591ac69d0ea68f8f0124	c59a40103cd039b96a8e6c34dfdaa97d	78e518bdcc458d46d087f179c65b6dba
39849	0282ae8639730b49b074f4bc07a6c9e9	a66fa6b82e836b853a3ab780ce11b5b7	6813433777fe41c264c6e31faf215045
39850	0282ae8639730b49b074f4bc07a6c9e9	a66fa6b82e836b853a3ab780ce11b5b7	6813433777fe41c264c6e31faf215045
39851	0282ae8639730b49b074f4bc07a6c9e9	a66fa6b82e836b853a3ab780ce11b5b7	6813433777fe41c264c6e31faf215045
39852	0282ae8639730b49b074f4bc07a6c9e9	a66fa6b82e836b853a3ab780ce11b5b7	6813433777fe41c264c6e31faf215045
39853	0282ae8639730b49b074f4bc07a6c9e9	a66fa6b82e836b853a3ab780ce11b5b7	6813433777fe41c264c6e31faf215045
39854	0282ae8639730b49b074f4bc07a6c9e9	a66fa6b82e836b853a3ab780ce11b5b7	6813433777fe41c264c6e31faf215045
39855	0282ae8639730b49b074f4bc07a6c9e9	a66fa6b82e836b853a3ab780ce11b5b7	6813433777fe41c264c6e31faf215045
39856	260ec37e147c2c6a23390a39864b2f55	ee6da1687ffb1712a13453ed5f4f4934	517fb30ff20549104699394eaf0c5620
39857	260ec37e147c2c6a23390a39864b2f55	ee6da1687ffb1712a13453ed5f4f4934	517fb30ff20549104699394eaf0c5620
39858	260ec37e147c2c6a23390a39864b2f55	ee6da1687ffb1712a13453ed5f4f4934	517fb30ff20549104699394eaf0c5620
39859	227bf09e9ef0583779100c15169ff2a5	cbe146837963e6409ecee37d8eef6d8c	171c570b56401cf1bae65182ab84c8d4
39860	227bf09e9ef0583779100c15169ff2a5	cbe146837963e6409ecee37d8eef6d8c	171c570b56401cf1bae65182ab84c8d4
39861	260ec37e147c2c6a23390a39864b2f55	ee6da1687ffb1712a13453ed5f4f4934	517fb30ff20549104699394eaf0c5620
39862	260ec37e147c2c6a23390a39864b2f55	ee6da1687ffb1712a13453ed5f4f4934	517fb30ff20549104699394eaf0c5620
39863	260ec37e147c2c6a23390a39864b2f55	ee6da1687ffb1712a13453ed5f4f4934	517fb30ff20549104699394eaf0c5620
39864	68d8ed04a88036a64651958db854c107	4b21713b882dde48667735fea81db9ae	fa1f3016365423d2961d99e8ee600b0f
39865	e0cf09b75f739209555bdc1092076d95	6ed6caf7467996f1b3d992d9927e7146	8a436a5002a9f0fa6edb19f445941243
39866	7f49efb6424c0f7cbac7a7d264285333	b5acdef68aab57326aa697e38cda0333	2c4315f81f3448989fc9b472e3d30db7
39867	7f49efb6424c0f7cbac7a7d264285333	b5acdef68aab57326aa697e38cda0333	2c4315f81f3448989fc9b472e3d30db7
39868	7f49efb6424c0f7cbac7a7d264285333	b5acdef68aab57326aa697e38cda0333	2c4315f81f3448989fc9b472e3d30db7
39869	7f49efb6424c0f7cbac7a7d264285333	b5acdef68aab57326aa697e38cda0333	2c4315f81f3448989fc9b472e3d30db7
39870	7f49efb6424c0f7cbac7a7d264285333	b5acdef68aab57326aa697e38cda0333	2c4315f81f3448989fc9b472e3d30db7
39871	7f49efb6424c0f7cbac7a7d264285333	b5acdef68aab57326aa697e38cda0333	2c4315f81f3448989fc9b472e3d30db7
39872	7f49efb6424c0f7cbac7a7d264285333	b5acdef68aab57326aa697e38cda0333	2c4315f81f3448989fc9b472e3d30db7
39873	11f66e22a81c402993cb683205da9b4d	5d5287498e2f9a826ec8ae9d48363f94	0433f9b31e315ed4627d7f64dc013962
39874	11f66e22a81c402993cb683205da9b4d	1ab640e658396bc37ff0b61b3c621a41	0678bb772fa2386a796d6820c8c978b1
39875	11f66e22a81c402993cb683205da9b4d	1ab640e658396bc37ff0b61b3c621a41	0678bb772fa2386a796d6820c8c978b1
39876	ddc742ed3073a81bdc6a38fb70a206bc	c1ac443d10f79f133f3123766a4d7413	46d03cf97935de659796609f71d2825b
39877	bf84cf380f96828b501d31fc2709bb49	ee5474b0f1bea7077a378e849475f5f7	23af191334792b2bb670340492693959
39878	a86d138b0216e9bcb64dc58376f1e267	ec01f77319e1a4f7ba221ea1e4250d14	01b6cf8b56c594543be82441cf52dd0c
39879	a86d138b0216e9bcb64dc58376f1e267	ec01f77319e1a4f7ba221ea1e4250d14	01b6cf8b56c594543be82441cf52dd0c
39880	a86d138b0216e9bcb64dc58376f1e267	ec01f77319e1a4f7ba221ea1e4250d14	01b6cf8b56c594543be82441cf52dd0c
39881	a86d138b0216e9bcb64dc58376f1e267	ec01f77319e1a4f7ba221ea1e4250d14	01b6cf8b56c594543be82441cf52dd0c
39882	a86d138b0216e9bcb64dc58376f1e267	ec01f77319e1a4f7ba221ea1e4250d14	01b6cf8b56c594543be82441cf52dd0c
39883	a86d138b0216e9bcb64dc58376f1e267	ec01f77319e1a4f7ba221ea1e4250d14	01b6cf8b56c594543be82441cf52dd0c
39884	a86d138b0216e9bcb64dc58376f1e267	ec01f77319e1a4f7ba221ea1e4250d14	01b6cf8b56c594543be82441cf52dd0c
39885	a86d138b0216e9bcb64dc58376f1e267	ec01f77319e1a4f7ba221ea1e4250d14	01b6cf8b56c594543be82441cf52dd0c
39886	a86d138b0216e9bcb64dc58376f1e267	ec01f77319e1a4f7ba221ea1e4250d14	01b6cf8b56c594543be82441cf52dd0c
39887	a86d138b0216e9bcb64dc58376f1e267	ec01f77319e1a4f7ba221ea1e4250d14	01b6cf8b56c594543be82441cf52dd0c
39888	a86d138b0216e9bcb64dc58376f1e267	ec01f77319e1a4f7ba221ea1e4250d14	01b6cf8b56c594543be82441cf52dd0c
39889	a86d138b0216e9bcb64dc58376f1e267	ec01f77319e1a4f7ba221ea1e4250d14	01b6cf8b56c594543be82441cf52dd0c
39890	a86d138b0216e9bcb64dc58376f1e267	ec01f77319e1a4f7ba221ea1e4250d14	01b6cf8b56c594543be82441cf52dd0c
39891	a86d138b0216e9bcb64dc58376f1e267	ec01f77319e1a4f7ba221ea1e4250d14	01b6cf8b56c594543be82441cf52dd0c
39892	a86d138b0216e9bcb64dc58376f1e267	ec01f77319e1a4f7ba221ea1e4250d14	01b6cf8b56c594543be82441cf52dd0c
39893	a86d138b0216e9bcb64dc58376f1e267	ec01f77319e1a4f7ba221ea1e4250d14	01b6cf8b56c594543be82441cf52dd0c
39894	a86d138b0216e9bcb64dc58376f1e267	ec01f77319e1a4f7ba221ea1e4250d14	01b6cf8b56c594543be82441cf52dd0c
39895	acfa1ea73b2c7b045c6de3801efd2f1b	485774df31b2825a0147e164ac63a34d	926f103e283cca765e4756846c048e6c
39896	acfa1ea73b2c7b045c6de3801efd2f1b	485774df31b2825a0147e164ac63a34d	926f103e283cca765e4756846c048e6c
39897	acfa1ea73b2c7b045c6de3801efd2f1b	485774df31b2825a0147e164ac63a34d	926f103e283cca765e4756846c048e6c
39898	acfa1ea73b2c7b045c6de3801efd2f1b	485774df31b2825a0147e164ac63a34d	926f103e283cca765e4756846c048e6c
39899	acfa1ea73b2c7b045c6de3801efd2f1b	485774df31b2825a0147e164ac63a34d	926f103e283cca765e4756846c048e6c
39900	acfa1ea73b2c7b045c6de3801efd2f1b	485774df31b2825a0147e164ac63a34d	926f103e283cca765e4756846c048e6c
39901	acfa1ea73b2c7b045c6de3801efd2f1b	485774df31b2825a0147e164ac63a34d	926f103e283cca765e4756846c048e6c
39902	e224a51a3b236fec25028c182a6c2e98	0101fb722c2d1531be4870e1ab4201c9	e5f3403ef094d6c21323d2e920db76b9
39903	e224a51a3b236fec25028c182a6c2e98	0101fb722c2d1531be4870e1ab4201c9	e5f3403ef094d6c21323d2e920db76b9
39904	e224a51a3b236fec25028c182a6c2e98	0101fb722c2d1531be4870e1ab4201c9	e5f3403ef094d6c21323d2e920db76b9
39905	38df578ada60d273939e6ecaa7d5661a	fdd1046d17f86ae8da2e5e9632ede554	2de1cf4bb43bd72136df3406049ad0f8
39906	38df578ada60d273939e6ecaa7d5661a	fdd1046d17f86ae8da2e5e9632ede554	2de1cf4bb43bd72136df3406049ad0f8
39907	95472e4893770bbf365a1f5fe5c12bd9	555c35a5d98a0a574cf0f523c09b9616	bca830c8935e2f2649d4a77721ae2911
39908	95472e4893770bbf365a1f5fe5c12bd9	555c35a5d98a0a574cf0f523c09b9616	bca830c8935e2f2649d4a77721ae2911
39909	95472e4893770bbf365a1f5fe5c12bd9	555c35a5d98a0a574cf0f523c09b9616	bca830c8935e2f2649d4a77721ae2911
39910	95472e4893770bbf365a1f5fe5c12bd9	555c35a5d98a0a574cf0f523c09b9616	bca830c8935e2f2649d4a77721ae2911
39911	95472e4893770bbf365a1f5fe5c12bd9	555c35a5d98a0a574cf0f523c09b9616	bca830c8935e2f2649d4a77721ae2911
39912	95472e4893770bbf365a1f5fe5c12bd9	555c35a5d98a0a574cf0f523c09b9616	bca830c8935e2f2649d4a77721ae2911
39913	95472e4893770bbf365a1f5fe5c12bd9	555c35a5d98a0a574cf0f523c09b9616	bca830c8935e2f2649d4a77721ae2911
39914	a681a51c02113e13db1f068ce54e98ae	5e0641dc992fa4b5fd0fd5c45bc679e5	430f99ec5d2b9ffdb6e69e11f9f67272
39915	a681a51c02113e13db1f068ce54e98ae	5e0641dc992fa4b5fd0fd5c45bc679e5	430f99ec5d2b9ffdb6e69e11f9f67272
39916	a681a51c02113e13db1f068ce54e98ae	5e0641dc992fa4b5fd0fd5c45bc679e5	430f99ec5d2b9ffdb6e69e11f9f67272
39917	a681a51c02113e13db1f068ce54e98ae	5e0641dc992fa4b5fd0fd5c45bc679e5	430f99ec5d2b9ffdb6e69e11f9f67272
39918	a681a51c02113e13db1f068ce54e98ae	5e0641dc992fa4b5fd0fd5c45bc679e5	430f99ec5d2b9ffdb6e69e11f9f67272
39919	bb1e5c2a316444a937c1c8bde72c019f	fd623626293de6a9b85d98932172946a	3f8fd6e1894ea5099f3eb5300b03665c
39920	bb1e5c2a316444a937c1c8bde72c019f	fd623626293de6a9b85d98932172946a	3f8fd6e1894ea5099f3eb5300b03665c
39921	bb1e5c2a316444a937c1c8bde72c019f	fd623626293de6a9b85d98932172946a	3f8fd6e1894ea5099f3eb5300b03665c
39922	bb1e5c2a316444a937c1c8bde72c019f	fd623626293de6a9b85d98932172946a	3f8fd6e1894ea5099f3eb5300b03665c
39923	bb1e5c2a316444a937c1c8bde72c019f	fd623626293de6a9b85d98932172946a	3f8fd6e1894ea5099f3eb5300b03665c
39924	bb1e5c2a316444a937c1c8bde72c019f	fd623626293de6a9b85d98932172946a	3f8fd6e1894ea5099f3eb5300b03665c
39925	bb1e5c2a316444a937c1c8bde72c019f	fd623626293de6a9b85d98932172946a	3f8fd6e1894ea5099f3eb5300b03665c
39926	8f1b67df03809e2e0e3f0e4516dbf546	ffe44a726d0c5378bd0bc3ccbe0e7823	7bc74618235c9b2d0c18195c327dcc4b
39927	8f1b67df03809e2e0e3f0e4516dbf546	ffe44a726d0c5378bd0bc3ccbe0e7823	7bc74618235c9b2d0c18195c327dcc4b
39928	8f1b67df03809e2e0e3f0e4516dbf546	ffe44a726d0c5378bd0bc3ccbe0e7823	7bc74618235c9b2d0c18195c327dcc4b
39929	8f1b67df03809e2e0e3f0e4516dbf546	ffe44a726d0c5378bd0bc3ccbe0e7823	7bc74618235c9b2d0c18195c327dcc4b
39930	8f1b67df03809e2e0e3f0e4516dbf546	ffe44a726d0c5378bd0bc3ccbe0e7823	7bc74618235c9b2d0c18195c327dcc4b
39931	8f1b67df03809e2e0e3f0e4516dbf546	ffe44a726d0c5378bd0bc3ccbe0e7823	7bc74618235c9b2d0c18195c327dcc4b
39932	8f1b67df03809e2e0e3f0e4516dbf546	ffe44a726d0c5378bd0bc3ccbe0e7823	7bc74618235c9b2d0c18195c327dcc4b
39933	8f1b67df03809e2e0e3f0e4516dbf546	ffe44a726d0c5378bd0bc3ccbe0e7823	7bc74618235c9b2d0c18195c327dcc4b
39934	8f1b67df03809e2e0e3f0e4516dbf546	ffe44a726d0c5378bd0bc3ccbe0e7823	7bc74618235c9b2d0c18195c327dcc4b
39935	8f1b67df03809e2e0e3f0e4516dbf546	ffe44a726d0c5378bd0bc3ccbe0e7823	7bc74618235c9b2d0c18195c327dcc4b
39936	17b47e1cf08e6f30fe4dee431fce714a	e0e42536dc0ee100a63fc3c3e0ed7234	dbdf62ec2c54d785d93e57d42c3d43fe
39937	17b47e1cf08e6f30fe4dee431fce714a	e0e42536dc0ee100a63fc3c3e0ed7234	dbdf62ec2c54d785d93e57d42c3d43fe
39938	17b47e1cf08e6f30fe4dee431fce714a	e0e42536dc0ee100a63fc3c3e0ed7234	dbdf62ec2c54d785d93e57d42c3d43fe
39939	830d166f2e0cc144b5b827c488aabbaf	3af3fa393a9dc695e9fcc07a48c1c51b	b66b0cbac95a3c0c8494c28a88ffd355
39940	830d166f2e0cc144b5b827c488aabbaf	3af3fa393a9dc695e9fcc07a48c1c51b	b66b0cbac95a3c0c8494c28a88ffd355
39941	5dd9866fa1c9996cbfbd41c2ea69c336	148de4f3b85fa7463da4dd1fe4d6c874	aa79e3dce0c6b001ef0b53cac824aa36
39942	493a333f508d1ef8657944863c644374	f618d0ab35415ac85cabd2b05b43acad	e60ff5ec658e516b6850c92be1edf465
39943	afc40429ee20094e8b77688f338f4f8f	8215703bfd4d19a3767c5cb2944a0795	c91e5895140641935ee0a199f0c2a762
39944	afc40429ee20094e8b77688f338f4f8f	8215703bfd4d19a3767c5cb2944a0795	c91e5895140641935ee0a199f0c2a762
39945	afc40429ee20094e8b77688f338f4f8f	8215703bfd4d19a3767c5cb2944a0795	c91e5895140641935ee0a199f0c2a762
39946	afc40429ee20094e8b77688f338f4f8f	8215703bfd4d19a3767c5cb2944a0795	c91e5895140641935ee0a199f0c2a762
39947	afc40429ee20094e8b77688f338f4f8f	8215703bfd4d19a3767c5cb2944a0795	c91e5895140641935ee0a199f0c2a762
39948	1e8200b1acd0521d21289bef80837ae3	3096bf89ea3a3b2efbbb71046f76077b	6870f762f5af4ecdd1f05ffd99217205
39949	1e8200b1acd0521d21289bef80837ae3	3096bf89ea3a3b2efbbb71046f76077b	6870f762f5af4ecdd1f05ffd99217205
39950	1e8200b1acd0521d21289bef80837ae3	3096bf89ea3a3b2efbbb71046f76077b	6870f762f5af4ecdd1f05ffd99217205
39951	1e8200b1acd0521d21289bef80837ae3	3096bf89ea3a3b2efbbb71046f76077b	6870f762f5af4ecdd1f05ffd99217205
39952	1e8200b1acd0521d21289bef80837ae3	3096bf89ea3a3b2efbbb71046f76077b	6870f762f5af4ecdd1f05ffd99217205
39953	1e8200b1acd0521d21289bef80837ae3	3096bf89ea3a3b2efbbb71046f76077b	6870f762f5af4ecdd1f05ffd99217205
39954	1e8200b1acd0521d21289bef80837ae3	3096bf89ea3a3b2efbbb71046f76077b	6870f762f5af4ecdd1f05ffd99217205
39955	3ff5f7c82a47805bbffd8ba481ae82ca	2b936b88272dadccab4ced31a50ace5a	fe273aa47fb6b3b3e601182c3d0e0928
39956	22c2b30bb4aea2da1b3799b0230fd55a	c91e5dc0683cb30cfcd514e4c65c3de6	c54ae95b1df30805f16c5202e134dbb8
39957	22c2b30bb4aea2da1b3799b0230fd55a	c91e5dc0683cb30cfcd514e4c65c3de6	c54ae95b1df30805f16c5202e134dbb8
39958	3ff5f7c82a47805bbffd8ba481ae82ca	2b936b88272dadccab4ced31a50ace5a	fe273aa47fb6b3b3e601182c3d0e0928
39959	3ff5f7c82a47805bbffd8ba481ae82ca	2b936b88272dadccab4ced31a50ace5a	fe273aa47fb6b3b3e601182c3d0e0928
39960	3ff5f7c82a47805bbffd8ba481ae82ca	2b936b88272dadccab4ced31a50ace5a	fe273aa47fb6b3b3e601182c3d0e0928
39961	3ff5f7c82a47805bbffd8ba481ae82ca	2b936b88272dadccab4ced31a50ace5a	fe273aa47fb6b3b3e601182c3d0e0928
39962	3ff5f7c82a47805bbffd8ba481ae82ca	2b936b88272dadccab4ced31a50ace5a	fe273aa47fb6b3b3e601182c3d0e0928
39963	7c90b9e00f3e04d3535352d20c0b5e26	e79832209597c9149826cd9e502dc02a	f197b2a4f0eed5c124691fd61cb93854
39964	0cd325d2c944323cd16ab12d752ac9cc	0af30f73d648be26e2b8508f1cae0b1a	e5cf9545b3278b414f9ff24cc52324b0
39965	915dee63bb588c073de82d86c45ab6ee	3281f5fb96848943e9bed7ac49400a48	d9570a712bb3f4549648925defb826db
39966	915dee63bb588c073de82d86c45ab6ee	3281f5fb96848943e9bed7ac49400a48	d9570a712bb3f4549648925defb826db
39967	915dee63bb588c073de82d86c45ab6ee	3281f5fb96848943e9bed7ac49400a48	d9570a712bb3f4549648925defb826db
39968	915dee63bb588c073de82d86c45ab6ee	3281f5fb96848943e9bed7ac49400a48	d9570a712bb3f4549648925defb826db
39969	915dee63bb588c073de82d86c45ab6ee	3281f5fb96848943e9bed7ac49400a48	d9570a712bb3f4549648925defb826db
39970	915dee63bb588c073de82d86c45ab6ee	3281f5fb96848943e9bed7ac49400a48	d9570a712bb3f4549648925defb826db
39971	915dee63bb588c073de82d86c45ab6ee	3281f5fb96848943e9bed7ac49400a48	d9570a712bb3f4549648925defb826db
39972	d53b39661413e96178d62c0e566a3472	63843b67323e91f64c77a5e91bc9568e	7c2685aae0d1cd7f36e43ff41ccee2fc
39973	d53b39661413e96178d62c0e566a3472	63843b67323e91f64c77a5e91bc9568e	7c2685aae0d1cd7f36e43ff41ccee2fc
39974	d53b39661413e96178d62c0e566a3472	63843b67323e91f64c77a5e91bc9568e	7c2685aae0d1cd7f36e43ff41ccee2fc
39975	2724531f4416ba4191e274f4022eae38	8bf5f8af133755fe48a8fd10fb5eec22	725c4e4e7596bd6e9f7dd1ec19adbf8a
39976	2724531f4416ba4191e274f4022eae38	8bf5f8af133755fe48a8fd10fb5eec22	725c4e4e7596bd6e9f7dd1ec19adbf8a
39977	915dee63bb588c073de82d86c45ab6ee	3281f5fb96848943e9bed7ac49400a48	d9570a712bb3f4549648925defb826db
39978	915dee63bb588c073de82d86c45ab6ee	3281f5fb96848943e9bed7ac49400a48	d9570a712bb3f4549648925defb826db
39979	915dee63bb588c073de82d86c45ab6ee	3281f5fb96848943e9bed7ac49400a48	d9570a712bb3f4549648925defb826db
39980	915dee63bb588c073de82d86c45ab6ee	3281f5fb96848943e9bed7ac49400a48	d9570a712bb3f4549648925defb826db
39981	915dee63bb588c073de82d86c45ab6ee	3281f5fb96848943e9bed7ac49400a48	d9570a712bb3f4549648925defb826db
39982	915dee63bb588c073de82d86c45ab6ee	3281f5fb96848943e9bed7ac49400a48	d9570a712bb3f4549648925defb826db
39983	915dee63bb588c073de82d86c45ab6ee	3281f5fb96848943e9bed7ac49400a48	d9570a712bb3f4549648925defb826db
39984	915dee63bb588c073de82d86c45ab6ee	3281f5fb96848943e9bed7ac49400a48	d9570a712bb3f4549648925defb826db
39985	915dee63bb588c073de82d86c45ab6ee	3281f5fb96848943e9bed7ac49400a48	d9570a712bb3f4549648925defb826db
39986	915dee63bb588c073de82d86c45ab6ee	3281f5fb96848943e9bed7ac49400a48	d9570a712bb3f4549648925defb826db
39987	915dee63bb588c073de82d86c45ab6ee	3281f5fb96848943e9bed7ac49400a48	d9570a712bb3f4549648925defb826db
39988	915dee63bb588c073de82d86c45ab6ee	3281f5fb96848943e9bed7ac49400a48	d9570a712bb3f4549648925defb826db
39989	6469a9592f061fd0724f45b2d2b95a10	07093e90649d049e703c20fd13808391	9f6894efedacc3c16d8e3d6d7462c59f
39990	6469a9592f061fd0724f45b2d2b95a10	07093e90649d049e703c20fd13808391	9f6894efedacc3c16d8e3d6d7462c59f
39991	6469a9592f061fd0724f45b2d2b95a10	07093e90649d049e703c20fd13808391	9f6894efedacc3c16d8e3d6d7462c59f
39992	6469a9592f061fd0724f45b2d2b95a10	07093e90649d049e703c20fd13808391	9f6894efedacc3c16d8e3d6d7462c59f
39993	6469a9592f061fd0724f45b2d2b95a10	07093e90649d049e703c20fd13808391	9f6894efedacc3c16d8e3d6d7462c59f
39994	6469a9592f061fd0724f45b2d2b95a10	07093e90649d049e703c20fd13808391	9f6894efedacc3c16d8e3d6d7462c59f
39995	6469a9592f061fd0724f45b2d2b95a10	07093e90649d049e703c20fd13808391	9f6894efedacc3c16d8e3d6d7462c59f
39996	6469a9592f061fd0724f45b2d2b95a10	07093e90649d049e703c20fd13808391	9f6894efedacc3c16d8e3d6d7462c59f
39997	6469a9592f061fd0724f45b2d2b95a10	07093e90649d049e703c20fd13808391	9f6894efedacc3c16d8e3d6d7462c59f
39998	6469a9592f061fd0724f45b2d2b95a10	07093e90649d049e703c20fd13808391	9f6894efedacc3c16d8e3d6d7462c59f
39999	6469a9592f061fd0724f45b2d2b95a10	07093e90649d049e703c20fd13808391	9f6894efedacc3c16d8e3d6d7462c59f
40000	6469a9592f061fd0724f45b2d2b95a10	07093e90649d049e703c20fd13808391	9f6894efedacc3c16d8e3d6d7462c59f
40001	6469a9592f061fd0724f45b2d2b95a10	07093e90649d049e703c20fd13808391	9f6894efedacc3c16d8e3d6d7462c59f
40002	6469a9592f061fd0724f45b2d2b95a10	07093e90649d049e703c20fd13808391	9f6894efedacc3c16d8e3d6d7462c59f
40003	6469a9592f061fd0724f45b2d2b95a10	07093e90649d049e703c20fd13808391	9f6894efedacc3c16d8e3d6d7462c59f
40004	6469a9592f061fd0724f45b2d2b95a10	07093e90649d049e703c20fd13808391	9f6894efedacc3c16d8e3d6d7462c59f
40005	6469a9592f061fd0724f45b2d2b95a10	07093e90649d049e703c20fd13808391	9f6894efedacc3c16d8e3d6d7462c59f
40006	8de9d9ea1a68f818798f5e702c8d2b18	d9c5556d4212da7ee50b156c8c2bc0cd	72fb0fa5c64cdc16170805fc0c5a483f
40007	8de9d9ea1a68f818798f5e702c8d2b18	d9c5556d4212da7ee50b156c8c2bc0cd	72fb0fa5c64cdc16170805fc0c5a483f
40008	8de9d9ea1a68f818798f5e702c8d2b18	d9c5556d4212da7ee50b156c8c2bc0cd	72fb0fa5c64cdc16170805fc0c5a483f
40009	8de9d9ea1a68f818798f5e702c8d2b18	d9c5556d4212da7ee50b156c8c2bc0cd	72fb0fa5c64cdc16170805fc0c5a483f
40010	8de9d9ea1a68f818798f5e702c8d2b18	d9c5556d4212da7ee50b156c8c2bc0cd	72fb0fa5c64cdc16170805fc0c5a483f
40011	8de9d9ea1a68f818798f5e702c8d2b18	d9c5556d4212da7ee50b156c8c2bc0cd	72fb0fa5c64cdc16170805fc0c5a483f
40012	8de9d9ea1a68f818798f5e702c8d2b18	d9c5556d4212da7ee50b156c8c2bc0cd	72fb0fa5c64cdc16170805fc0c5a483f
40013	f66dec926193447de3e704d63a9873ef	ee700615bdc489c4702e3e40b0910c9e	52928420aedbc852f1da26d5df3ea6a8
40014	f66dec926193447de3e704d63a9873ef	ee700615bdc489c4702e3e40b0910c9e	52928420aedbc852f1da26d5df3ea6a8
40015	f66dec926193447de3e704d63a9873ef	ee700615bdc489c4702e3e40b0910c9e	52928420aedbc852f1da26d5df3ea6a8
40016	bd284740e2409a9e1f22b456b81d335b	65a0c2c1003d102e5b79d338c9e36791	5340736490585804511365127ffcb93a
40017	bd284740e2409a9e1f22b456b81d335b	65a0c2c1003d102e5b79d338c9e36791	5340736490585804511365127ffcb93a
40018	6d3db31670b9ec62da66d3940a71d375	5fcb2b19fd5db0eca518fd68d4f4d9b5	850463387a822a23d641f3f8a46b526e
40019	6d3db31670b9ec62da66d3940a71d375	5fcb2b19fd5db0eca518fd68d4f4d9b5	850463387a822a23d641f3f8a46b526e
40020	6d3db31670b9ec62da66d3940a71d375	5fcb2b19fd5db0eca518fd68d4f4d9b5	850463387a822a23d641f3f8a46b526e
40021	9d51ffb251fc2ba876922f75cee8450d	01098289d44c85cc3f56a106f275779b	75d15b8ccdf6bc9f062702ff6ce0f628
40022	1b55bec5010e709996206933cc5c9877	4cc167d4dc67b02db2913ff51d91d82c	74c2a17df17116e886bf6eb8563774a3
40023	960db10e17448d79cd67ec85399fdd29	2c0ee5aab5c6c7c6cfb66d991f9c8d24	3d0fa063382d94cb6cdce86c1473eadb
40024	91c40303cbf9bfb44d21dee6867ad3dd	f1e3080553cc090a51c05435bf0ec182	740a236f1a109051e6a11f731d4dc731
40025	0765c4d6bbd5e87376db579463a1c890	f2d25d1f51404356261371e7ec1ef64b	75e31376880028595c5cfd67cc928622
40026	6f0f4b267343518efb76ca382d60ecfc	494fe8e20a78bfd260410ed91e1e9c34	79f5e0e360e82935f5b7d53bdf1e9bb2
40027	6f0f4b267343518efb76ca382d60ecfc	494fe8e20a78bfd260410ed91e1e9c34	79f5e0e360e82935f5b7d53bdf1e9bb2
40028	3d52f42139cd72c26d9bb77eb26c7274	3f29adf9e5cd83ad8986c00d25b83c9f	7068d82f00910ce6dddd1a9630789b16
40029	3d52f42139cd72c26d9bb77eb26c7274	3f29adf9e5cd83ad8986c00d25b83c9f	7068d82f00910ce6dddd1a9630789b16
40030	7c8be1021b927fbc7d578305b3825540	913bdde4d96a67074830bc6739bc312b	f93ae991ca928227fc0b0962fa73a04b
40031	7c8be1021b927fbc7d578305b3825540	913bdde4d96a67074830bc6739bc312b	f93ae991ca928227fc0b0962fa73a04b
40032	7c8be1021b927fbc7d578305b3825540	913bdde4d96a67074830bc6739bc312b	f93ae991ca928227fc0b0962fa73a04b
40033	7c8be1021b927fbc7d578305b3825540	913bdde4d96a67074830bc6739bc312b	f93ae991ca928227fc0b0962fa73a04b
40034	7c8be1021b927fbc7d578305b3825540	913bdde4d96a67074830bc6739bc312b	f93ae991ca928227fc0b0962fa73a04b
40035	668a3838d0b791f86be414eb690afc6f	6be2055d1efde55a39e6c77c577f58f4	16ef35b22e1038267ea6f575c10f510d
40036	668a3838d0b791f86be414eb690afc6f	6be2055d1efde55a39e6c77c577f58f4	16ef35b22e1038267ea6f575c10f510d
40037	668a3838d0b791f86be414eb690afc6f	6be2055d1efde55a39e6c77c577f58f4	16ef35b22e1038267ea6f575c10f510d
40038	49ce7574c44f82a226ed2102a2e619c6	b145a60a38ac7eb493ff0d3e991cfca9	7406366b48bd92feb464cc43a73e8706
40039	59a1c1963062538dfdde45c8a976c438	deb16a8923c9701a0035f5a64d0e27d4	b47e8f31e63e52b2018cb2e473345c23
40040	6fb7aa5976a088b1296e634693ef9f77	9dbed67bb6b558d3089307c24f7132c6	f5d36e1a53d5710a77346f35bafe6e83
40041	6fb7aa5976a088b1296e634693ef9f77	9dbed67bb6b558d3089307c24f7132c6	f5d36e1a53d5710a77346f35bafe6e83
40042	e10fd41f1fce485713712640c69215fd	7222651eed32ab44a6944d81fe31e617	4e77c7e3e0954bd185f104e4e5bbaca3
40043	e10fd41f1fce485713712640c69215fd	7222651eed32ab44a6944d81fe31e617	4e77c7e3e0954bd185f104e4e5bbaca3
40044	e10fd41f1fce485713712640c69215fd	7222651eed32ab44a6944d81fe31e617	4e77c7e3e0954bd185f104e4e5bbaca3
40045	e10fd41f1fce485713712640c69215fd	7222651eed32ab44a6944d81fe31e617	4e77c7e3e0954bd185f104e4e5bbaca3
40046	e10fd41f1fce485713712640c69215fd	7222651eed32ab44a6944d81fe31e617	4e77c7e3e0954bd185f104e4e5bbaca3
40047	b14d5dc73f663d30dc1b36d7a055a495	528e12553fa217d9cdc5aba9a6f9e60c	fec1efa0f4b3ac16bcb9a68bbfd862a1
40048	b14d5dc73f663d30dc1b36d7a055a495	528e12553fa217d9cdc5aba9a6f9e60c	fec1efa0f4b3ac16bcb9a68bbfd862a1
40049	b14d5dc73f663d30dc1b36d7a055a495	528e12553fa217d9cdc5aba9a6f9e60c	fec1efa0f4b3ac16bcb9a68bbfd862a1
40050	1723d82c468b1d95b3f82b29abb95cdf	83700b09af26249c0042d5ae166688ad	c0139279b0fc9f2324df9f0e243023a8
40051	1723d82c468b1d95b3f82b29abb95cdf	83700b09af26249c0042d5ae166688ad	c0139279b0fc9f2324df9f0e243023a8
40052	1723d82c468b1d95b3f82b29abb95cdf	83700b09af26249c0042d5ae166688ad	c0139279b0fc9f2324df9f0e243023a8
40053	1723d82c468b1d95b3f82b29abb95cdf	83700b09af26249c0042d5ae166688ad	c0139279b0fc9f2324df9f0e243023a8
40054	133ebc285b0580d5379a1e0302240aef	c45e2e62229a371da615cdaf61bf2a97	302f9e030874e05dc441f326b183a41d
40055	133ebc285b0580d5379a1e0302240aef	c45e2e62229a371da615cdaf61bf2a97	302f9e030874e05dc441f326b183a41d
40056	133ebc285b0580d5379a1e0302240aef	c45e2e62229a371da615cdaf61bf2a97	302f9e030874e05dc441f326b183a41d
40057	69721813492074400d356b9bf193f258	40e2421008143add7e7db6914c0904ac	e958ec457b6fc7cc672f1a8ec3730258
40058	133ebc285b0580d5379a1e0302240aef	c45e2e62229a371da615cdaf61bf2a97	302f9e030874e05dc441f326b183a41d
40059	5ac95723480221753f655dcb53fc9610	a5d480180a2cf286c6a91a78eaa5858e	131ce2751d0dc2c84cb8f8cdde1dd3fc
40060	5ac95723480221753f655dcb53fc9610	a5d480180a2cf286c6a91a78eaa5858e	131ce2751d0dc2c84cb8f8cdde1dd3fc
40061	5ac95723480221753f655dcb53fc9610	a5d480180a2cf286c6a91a78eaa5858e	131ce2751d0dc2c84cb8f8cdde1dd3fc
40062	5ac95723480221753f655dcb53fc9610	a5d480180a2cf286c6a91a78eaa5858e	131ce2751d0dc2c84cb8f8cdde1dd3fc
40063	5ac95723480221753f655dcb53fc9610	a5d480180a2cf286c6a91a78eaa5858e	131ce2751d0dc2c84cb8f8cdde1dd3fc
40064	5ac95723480221753f655dcb53fc9610	a5d480180a2cf286c6a91a78eaa5858e	131ce2751d0dc2c84cb8f8cdde1dd3fc
40065	5ac95723480221753f655dcb53fc9610	a5d480180a2cf286c6a91a78eaa5858e	131ce2751d0dc2c84cb8f8cdde1dd3fc
40066	0667ba835b7c50ff5a78f29dcb495867	b287fe75cd39ff59c159a93b5a1a7e50	01c330e6e79bc8da14796dc64c64884d
40067	0667ba835b7c50ff5a78f29dcb495867	b287fe75cd39ff59c159a93b5a1a7e50	01c330e6e79bc8da14796dc64c64884d
40068	0667ba835b7c50ff5a78f29dcb495867	b287fe75cd39ff59c159a93b5a1a7e50	01c330e6e79bc8da14796dc64c64884d
40069	0667ba835b7c50ff5a78f29dcb495867	b287fe75cd39ff59c159a93b5a1a7e50	01c330e6e79bc8da14796dc64c64884d
40070	0667ba835b7c50ff5a78f29dcb495867	b287fe75cd39ff59c159a93b5a1a7e50	01c330e6e79bc8da14796dc64c64884d
40071	853a0853789fb29bc7fcd806394d26e5	7d78126972526fdec4db8472cb834fe0	7e6fc85c1365f924ba7625f0d0ad0d66
40072	853a0853789fb29bc7fcd806394d26e5	7d78126972526fdec4db8472cb834fe0	7e6fc85c1365f924ba7625f0d0ad0d66
40073	853a0853789fb29bc7fcd806394d26e5	7d78126972526fdec4db8472cb834fe0	7e6fc85c1365f924ba7625f0d0ad0d66
40074	853a0853789fb29bc7fcd806394d26e5	7d78126972526fdec4db8472cb834fe0	7e6fc85c1365f924ba7625f0d0ad0d66
40075	853a0853789fb29bc7fcd806394d26e5	7d78126972526fdec4db8472cb834fe0	7e6fc85c1365f924ba7625f0d0ad0d66
40076	92bf2e983c74bab12a2a3f4433bae57a	389af824d6e864661f9d276155c1b31e	8c4d42a85b804db3e3f01d5f28431e9a
40077	92bf2e983c74bab12a2a3f4433bae57a	389af824d6e864661f9d276155c1b31e	8c4d42a85b804db3e3f01d5f28431e9a
40078	92bf2e983c74bab12a2a3f4433bae57a	389af824d6e864661f9d276155c1b31e	8c4d42a85b804db3e3f01d5f28431e9a
40079	92bf2e983c74bab12a2a3f4433bae57a	389af824d6e864661f9d276155c1b31e	8c4d42a85b804db3e3f01d5f28431e9a
40080	92bf2e983c74bab12a2a3f4433bae57a	389af824d6e864661f9d276155c1b31e	8c4d42a85b804db3e3f01d5f28431e9a
40081	92bf2e983c74bab12a2a3f4433bae57a	6e79b4b5af3aeaa029b0e87bf429bf25	452392feb332d5a24f5c738b14a6c78f
40082	92bf2e983c74bab12a2a3f4433bae57a	9bfc1da6bc8528362715f75115e3c9d8	0420befce9df6cacf2ddcb7b91986d4a
40083	92bf2e983c74bab12a2a3f4433bae57a	d5be081f8063d032b5eacfbc921ed78d	711b132bf49450079ad43cf2990bae00
40084	92bf2e983c74bab12a2a3f4433bae57a	d5be081f8063d032b5eacfbc921ed78d	711b132bf49450079ad43cf2990bae00
40085	92bf2e983c74bab12a2a3f4433bae57a	d5be081f8063d032b5eacfbc921ed78d	711b132bf49450079ad43cf2990bae00
40086	92bf2e983c74bab12a2a3f4433bae57a	389af824d6e864661f9d276155c1b31e	8c4d42a85b804db3e3f01d5f28431e9a
40087	92bf2e983c74bab12a2a3f4433bae57a	389af824d6e864661f9d276155c1b31e	8c4d42a85b804db3e3f01d5f28431e9a
40088	c5bf049be654647d1635973a4ba77e14	2455e08b9b32976b2f11888147a7a7ac	0b1da0b64eba80fcca58c35ffd82b9f8
40089	c5bf049be654647d1635973a4ba77e14	2455e08b9b32976b2f11888147a7a7ac	0b1da0b64eba80fcca58c35ffd82b9f8
40090	c5bf049be654647d1635973a4ba77e14	2455e08b9b32976b2f11888147a7a7ac	0b1da0b64eba80fcca58c35ffd82b9f8
40091	a20684f5990958604fe5b524b2da5b33	90a03af89571cf40cf304e3126a334c5	f15f0a4c31e00bf9ffe85092566ae45a
40092	a20684f5990958604fe5b524b2da5b33	90a03af89571cf40cf304e3126a334c5	f15f0a4c31e00bf9ffe85092566ae45a
40093	abbb57755071bc8d37eda6e96afd4a55	e6fcdbb1fda04667610c83da507dcba3	9049d5c8bc84021ad150c3a3fb6e1c5c
40094	abbb57755071bc8d37eda6e96afd4a55	e6fcdbb1fda04667610c83da507dcba3	9049d5c8bc84021ad150c3a3fb6e1c5c
40095	d51abcc451a6477bae44cf3a298de816	3cdfd072f010c0aa8a69389784099db7	9dd6c83ae9f03848b1cf439ad438a14c
40096	d51abcc451a6477bae44cf3a298de816	3cdfd072f010c0aa8a69389784099db7	9dd6c83ae9f03848b1cf439ad438a14c
40097	d51abcc451a6477bae44cf3a298de816	3cdfd072f010c0aa8a69389784099db7	9dd6c83ae9f03848b1cf439ad438a14c
40098	d51abcc451a6477bae44cf3a298de816	3cdfd072f010c0aa8a69389784099db7	9dd6c83ae9f03848b1cf439ad438a14c
40099	d51abcc451a6477bae44cf3a298de816	3cdfd072f010c0aa8a69389784099db7	9dd6c83ae9f03848b1cf439ad438a14c
40100	d51abcc451a6477bae44cf3a298de816	3cdfd072f010c0aa8a69389784099db7	9dd6c83ae9f03848b1cf439ad438a14c
40101	d51abcc451a6477bae44cf3a298de816	3cdfd072f010c0aa8a69389784099db7	9dd6c83ae9f03848b1cf439ad438a14c
40102	d51abcc451a6477bae44cf3a298de816	3cdfd072f010c0aa8a69389784099db7	9dd6c83ae9f03848b1cf439ad438a14c
40103	d51abcc451a6477bae44cf3a298de816	3cdfd072f010c0aa8a69389784099db7	9dd6c83ae9f03848b1cf439ad438a14c
40104	d51abcc451a6477bae44cf3a298de816	3cdfd072f010c0aa8a69389784099db7	9dd6c83ae9f03848b1cf439ad438a14c
40105	3406232136d9b769fd9a0d8d1be17e29	0e6822469239fb521ef6b5d7112c291c	cde99e56f291fda137335a8b669b9379
40106	3406232136d9b769fd9a0d8d1be17e29	0e6822469239fb521ef6b5d7112c291c	cde99e56f291fda137335a8b669b9379
40107	3406232136d9b769fd9a0d8d1be17e29	0e6822469239fb521ef6b5d7112c291c	cde99e56f291fda137335a8b669b9379
40108	3406232136d9b769fd9a0d8d1be17e29	0e6822469239fb521ef6b5d7112c291c	cde99e56f291fda137335a8b669b9379
40109	3406232136d9b769fd9a0d8d1be17e29	0e6822469239fb521ef6b5d7112c291c	cde99e56f291fda137335a8b669b9379
40110	3406232136d9b769fd9a0d8d1be17e29	0e6822469239fb521ef6b5d7112c291c	cde99e56f291fda137335a8b669b9379
40111	3406232136d9b769fd9a0d8d1be17e29	0e6822469239fb521ef6b5d7112c291c	cde99e56f291fda137335a8b669b9379
40112	06a6fbe8ab2fe0c40c238944bd85f56c	0b16ffaab321bc5aacc4aaab56427b0f	0469eb79e92aabd98e19e013df44ce2a
40113	06a6fbe8ab2fe0c40c238944bd85f56c	0b16ffaab321bc5aacc4aaab56427b0f	0469eb79e92aabd98e19e013df44ce2a
40114	06a6fbe8ab2fe0c40c238944bd85f56c	0b16ffaab321bc5aacc4aaab56427b0f	0469eb79e92aabd98e19e013df44ce2a
40115	06a6fbe8ab2fe0c40c238944bd85f56c	0b16ffaab321bc5aacc4aaab56427b0f	0469eb79e92aabd98e19e013df44ce2a
40116	06a6fbe8ab2fe0c40c238944bd85f56c	0b16ffaab321bc5aacc4aaab56427b0f	0469eb79e92aabd98e19e013df44ce2a
40117	67a1913038dc615eafea2182937257ab	b0bfb0240073dbf2a1c877de47eb5ade	92651287b1c89955d6a9a93f3e3a9d30
40118	67a1913038dc615eafea2182937257ab	b0bfb0240073dbf2a1c877de47eb5ade	92651287b1c89955d6a9a93f3e3a9d30
40119	67a1913038dc615eafea2182937257ab	b0bfb0240073dbf2a1c877de47eb5ade	92651287b1c89955d6a9a93f3e3a9d30
40120	67a1913038dc615eafea2182937257ab	b0bfb0240073dbf2a1c877de47eb5ade	92651287b1c89955d6a9a93f3e3a9d30
40121	67a1913038dc615eafea2182937257ab	b0bfb0240073dbf2a1c877de47eb5ade	92651287b1c89955d6a9a93f3e3a9d30
40122	67a1913038dc615eafea2182937257ab	b0bfb0240073dbf2a1c877de47eb5ade	92651287b1c89955d6a9a93f3e3a9d30
40123	67a1913038dc615eafea2182937257ab	b0bfb0240073dbf2a1c877de47eb5ade	92651287b1c89955d6a9a93f3e3a9d30
40124	67a1913038dc615eafea2182937257ab	b0bfb0240073dbf2a1c877de47eb5ade	92651287b1c89955d6a9a93f3e3a9d30
40125	67a1913038dc615eafea2182937257ab	b0bfb0240073dbf2a1c877de47eb5ade	92651287b1c89955d6a9a93f3e3a9d30
40126	67a1913038dc615eafea2182937257ab	b0bfb0240073dbf2a1c877de47eb5ade	92651287b1c89955d6a9a93f3e3a9d30
40127	67a1913038dc615eafea2182937257ab	b0bfb0240073dbf2a1c877de47eb5ade	92651287b1c89955d6a9a93f3e3a9d30
40128	67a1913038dc615eafea2182937257ab	b0bfb0240073dbf2a1c877de47eb5ade	92651287b1c89955d6a9a93f3e3a9d30
40129	67a1913038dc615eafea2182937257ab	b0bfb0240073dbf2a1c877de47eb5ade	92651287b1c89955d6a9a93f3e3a9d30
40130	67a1913038dc615eafea2182937257ab	b0bfb0240073dbf2a1c877de47eb5ade	92651287b1c89955d6a9a93f3e3a9d30
40131	67a1913038dc615eafea2182937257ab	b0bfb0240073dbf2a1c877de47eb5ade	92651287b1c89955d6a9a93f3e3a9d30
40132	67a1913038dc615eafea2182937257ab	b0bfb0240073dbf2a1c877de47eb5ade	92651287b1c89955d6a9a93f3e3a9d30
40133	67a1913038dc615eafea2182937257ab	b0bfb0240073dbf2a1c877de47eb5ade	92651287b1c89955d6a9a93f3e3a9d30
40134	4fb94358607981f28cae1875b81879a1	253dc5de985fd8c0dad880c8c80a853a	2ab99a362d49180140d73387780cdcae
40135	4fb94358607981f28cae1875b81879a1	253dc5de985fd8c0dad880c8c80a853a	2ab99a362d49180140d73387780cdcae
40136	4fb94358607981f28cae1875b81879a1	253dc5de985fd8c0dad880c8c80a853a	2ab99a362d49180140d73387780cdcae
40137	2280c40aef6d4ec563d9982b791dc088	21b058c35c53c4a2d9e6cd56136cf3a2	287903f4de4bc46ea141c2fcbbb1e439
40138	2280c40aef6d4ec563d9982b791dc088	21b058c35c53c4a2d9e6cd56136cf3a2	287903f4de4bc46ea141c2fcbbb1e439
40139	2280c40aef6d4ec563d9982b791dc088	21b058c35c53c4a2d9e6cd56136cf3a2	287903f4de4bc46ea141c2fcbbb1e439
40140	2280c40aef6d4ec563d9982b791dc088	21b058c35c53c4a2d9e6cd56136cf3a2	287903f4de4bc46ea141c2fcbbb1e439
40141	b36ce3e9d72921a688ee2180b3c5b440	0c138278ce70bfe7977cfed18b2e60e7	524fccc93ca26e4a0e54587ff933c720
40142	21126223d26f98dd4b38354249c3f079	3c7821a8e1844f293282bdd9c3b852ce	a9bac2758beea66d04a5f40c44353138
40143	cb2752f6e1a32d38c54b04e2b51dde46	d65133bb54893a510685c41199018d60	2e6e6747b5cdd18abe57648e320569b0
40144	21126223d26f98dd4b38354249c3f079	3c7821a8e1844f293282bdd9c3b852ce	a9bac2758beea66d04a5f40c44353138
40145	21126223d26f98dd4b38354249c3f079	3c7821a8e1844f293282bdd9c3b852ce	a9bac2758beea66d04a5f40c44353138
40146	c266dde3ce27d69f699118e3d916e4e8	e26496e560de43a79276f2f500120ca7	83968b818c81ae7f18561bec10c7343b
40147	c266dde3ce27d69f699118e3d916e4e8	e26496e560de43a79276f2f500120ca7	83968b818c81ae7f18561bec10c7343b
40148	c266dde3ce27d69f699118e3d916e4e8	e26496e560de43a79276f2f500120ca7	83968b818c81ae7f18561bec10c7343b
40149	c266dde3ce27d69f699118e3d916e4e8	e26496e560de43a79276f2f500120ca7	83968b818c81ae7f18561bec10c7343b
40150	c266dde3ce27d69f699118e3d916e4e8	e26496e560de43a79276f2f500120ca7	83968b818c81ae7f18561bec10c7343b
40151	46c478a6109b70532a0d898bf6bbcc1e	0c9f59711c978b3772835e32e73bf8b8	a1360a2d9da6e4d33971453b7ea9c1dc
40152	9c4a5234d854253d22437a507a27767b	761df61839cebd11b53d376a77a31f10	1efc3ff6153b774d57fe9843b6702ab4
40153	37bb5a7f0d63747e6f105083ae3aa6c0	66bad0c555144d803b6eab139968d820	fc8f6e2b8a58337a80e843811b13526c
40154	37bb5a7f0d63747e6f105083ae3aa6c0	66bad0c555144d803b6eab139968d820	fc8f6e2b8a58337a80e843811b13526c
40155	37bb5a7f0d63747e6f105083ae3aa6c0	66bad0c555144d803b6eab139968d820	fc8f6e2b8a58337a80e843811b13526c
40156	0a34348c6cd8dee1685206a36472bd0e	b17b46ffc6531dd42dee5ca7d2d8b559	b1ecee8a4df37dad9dc6a8cf6a9a6934
40157	0a34348c6cd8dee1685206a36472bd0e	b17b46ffc6531dd42dee5ca7d2d8b559	b1ecee8a4df37dad9dc6a8cf6a9a6934
40158	4e659f988567bb56fa624dce77fdb996	c55bae9026ccdc5f3575d9c8edddd664	c63f21ea89b932272833fb41fe40f30a
40159	4e659f988567bb56fa624dce77fdb996	c55bae9026ccdc5f3575d9c8edddd664	c63f21ea89b932272833fb41fe40f30a
40160	4e659f988567bb56fa624dce77fdb996	c55bae9026ccdc5f3575d9c8edddd664	c63f21ea89b932272833fb41fe40f30a
40161	4e659f988567bb56fa624dce77fdb996	c55bae9026ccdc5f3575d9c8edddd664	c63f21ea89b932272833fb41fe40f30a
40162	4e659f988567bb56fa624dce77fdb996	c55bae9026ccdc5f3575d9c8edddd664	c63f21ea89b932272833fb41fe40f30a
40163	4e659f988567bb56fa624dce77fdb996	c55bae9026ccdc5f3575d9c8edddd664	c63f21ea89b932272833fb41fe40f30a
40164	4e659f988567bb56fa624dce77fdb996	c55bae9026ccdc5f3575d9c8edddd664	c63f21ea89b932272833fb41fe40f30a
40165	3e7fb1823946935cc033a83a4903098c	38dc5b74bedc55f21784ca7ff49b73d6	f75c9f60c817969b276bc64bd5d8c3dd
40166	3e7fb1823946935cc033a83a4903098c	38dc5b74bedc55f21784ca7ff49b73d6	f75c9f60c817969b276bc64bd5d8c3dd
40167	3e7fb1823946935cc033a83a4903098c	38dc5b74bedc55f21784ca7ff49b73d6	f75c9f60c817969b276bc64bd5d8c3dd
40168	3e7fb1823946935cc033a83a4903098c	38dc5b74bedc55f21784ca7ff49b73d6	f75c9f60c817969b276bc64bd5d8c3dd
40169	3e7fb1823946935cc033a83a4903098c	38dc5b74bedc55f21784ca7ff49b73d6	f75c9f60c817969b276bc64bd5d8c3dd
40170	3e7fb1823946935cc033a83a4903098c	38dc5b74bedc55f21784ca7ff49b73d6	f75c9f60c817969b276bc64bd5d8c3dd
40171	3e7fb1823946935cc033a83a4903098c	38dc5b74bedc55f21784ca7ff49b73d6	f75c9f60c817969b276bc64bd5d8c3dd
40172	3e7fb1823946935cc033a83a4903098c	38dc5b74bedc55f21784ca7ff49b73d6	f75c9f60c817969b276bc64bd5d8c3dd
40173	3e7fb1823946935cc033a83a4903098c	38dc5b74bedc55f21784ca7ff49b73d6	f75c9f60c817969b276bc64bd5d8c3dd
40174	3e7fb1823946935cc033a83a4903098c	38dc5b74bedc55f21784ca7ff49b73d6	f75c9f60c817969b276bc64bd5d8c3dd
40175	eae7c2465906875ba3f22a59385099da	7777472527a1ddfd992c1c213707f2f3	451ff16c15079024046f03cd794b8f9b
40176	eae7c2465906875ba3f22a59385099da	7777472527a1ddfd992c1c213707f2f3	451ff16c15079024046f03cd794b8f9b
40177	eae7c2465906875ba3f22a59385099da	7777472527a1ddfd992c1c213707f2f3	451ff16c15079024046f03cd794b8f9b
40178	eae7c2465906875ba3f22a59385099da	7777472527a1ddfd992c1c213707f2f3	451ff16c15079024046f03cd794b8f9b
40179	eae7c2465906875ba3f22a59385099da	7777472527a1ddfd992c1c213707f2f3	451ff16c15079024046f03cd794b8f9b
40180	eae7c2465906875ba3f22a59385099da	7777472527a1ddfd992c1c213707f2f3	451ff16c15079024046f03cd794b8f9b
40181	eae7c2465906875ba3f22a59385099da	7777472527a1ddfd992c1c213707f2f3	451ff16c15079024046f03cd794b8f9b
40182	80b1e42e58a70680515e0f850cde5c40	7b0566164a64382b2be961917162ba5a	48e569e7c26995878df0343b6ae07efb
40183	80b1e42e58a70680515e0f850cde5c40	7b0566164a64382b2be961917162ba5a	48e569e7c26995878df0343b6ae07efb
40184	80b1e42e58a70680515e0f850cde5c40	7b0566164a64382b2be961917162ba5a	48e569e7c26995878df0343b6ae07efb
40185	80b1e42e58a70680515e0f850cde5c40	7b0566164a64382b2be961917162ba5a	48e569e7c26995878df0343b6ae07efb
40186	80b1e42e58a70680515e0f850cde5c40	7b0566164a64382b2be961917162ba5a	48e569e7c26995878df0343b6ae07efb
40187	7b479c8c9fdbf82598e85d9ea42e191d	ac89dd8b90eb582fe157d4e90074ac02	532e6263d7269fa03c5339c75ab163b1
40188	7b479c8c9fdbf82598e85d9ea42e191d	ac89dd8b90eb582fe157d4e90074ac02	532e6263d7269fa03c5339c75ab163b1
40189	7b479c8c9fdbf82598e85d9ea42e191d	ac89dd8b90eb582fe157d4e90074ac02	532e6263d7269fa03c5339c75ab163b1
40190	fa8420830a5e6f61fa50a44c6650b2c2	92d0afd62ccb2ecff733256cca515a5d	55dc551ad877df4059857012961560a2
40191	fa8420830a5e6f61fa50a44c6650b2c2	92d0afd62ccb2ecff733256cca515a5d	55dc551ad877df4059857012961560a2
40192	fa8420830a5e6f61fa50a44c6650b2c2	92d0afd62ccb2ecff733256cca515a5d	55dc551ad877df4059857012961560a2
40193	fa8420830a5e6f61fa50a44c6650b2c2	92d0afd62ccb2ecff733256cca515a5d	55dc551ad877df4059857012961560a2
40194	454f1a5ac1768ee05baff98ede837b71	09357f9eb97922df81088874a1839031	416be74e501dcc7cad933b5503e21971
40195	454f1a5ac1768ee05baff98ede837b71	09357f9eb97922df81088874a1839031	416be74e501dcc7cad933b5503e21971
40196	454f1a5ac1768ee05baff98ede837b71	09357f9eb97922df81088874a1839031	416be74e501dcc7cad933b5503e21971
40197	76209d44ebd6b7768ca0ff2513522db7	892de6f483b6fd9b1721a4d77e4934dc	bb9b55955f30c08dbaad58cdaf8d3608
40198	76209d44ebd6b7768ca0ff2513522db7	892de6f483b6fd9b1721a4d77e4934dc	bb9b55955f30c08dbaad58cdaf8d3608
40199	91babea8488089403c35e960c7cd0b94	fcb0473ba96a9ce807b1d090a3105afd	eea5e34800b69df2ad0e4d61b9f1bfb8
40200	91babea8488089403c35e960c7cd0b94	fcb0473ba96a9ce807b1d090a3105afd	eea5e34800b69df2ad0e4d61b9f1bfb8
40201	89b4ec6e27df49a70e2a0b1d5ade9a8a	6956d5e284ef6b5816c42f3f1ce94af5	1a56037b2a5165fc1e5a58566781f9a4
40202	401b0cf5c8e40574c6f43f852327cf97	39e9bb809e8af097a45e0eecb4ce44c4	56befc0552da6ac339a550ff77711c6c
40203	6649da919632e4de5f7c2e2430364064	6e48ad69a3d4a5c26dd9299166a3d7fd	aa024652ee93db9a17eef2222c065c85
40204	1d91c6eaffe7de9edf3212ef1a4a6244	eefd8706e6240817fae431ceb1799616	99486992289a3778c1c4da8d9bb41c2d
40205	1d91c6eaffe7de9edf3212ef1a4a6244	eefd8706e6240817fae431ceb1799616	99486992289a3778c1c4da8d9bb41c2d
40206	1d91c6eaffe7de9edf3212ef1a4a6244	eefd8706e6240817fae431ceb1799616	99486992289a3778c1c4da8d9bb41c2d
40207	1d91c6eaffe7de9edf3212ef1a4a6244	eefd8706e6240817fae431ceb1799616	99486992289a3778c1c4da8d9bb41c2d
40208	1d91c6eaffe7de9edf3212ef1a4a6244	eefd8706e6240817fae431ceb1799616	99486992289a3778c1c4da8d9bb41c2d
40209	1d91c6eaffe7de9edf3212ef1a4a6244	eefd8706e6240817fae431ceb1799616	99486992289a3778c1c4da8d9bb41c2d
40210	1d91c6eaffe7de9edf3212ef1a4a6244	eefd8706e6240817fae431ceb1799616	99486992289a3778c1c4da8d9bb41c2d
40211	1d91c6eaffe7de9edf3212ef1a4a6244	eefd8706e6240817fae431ceb1799616	99486992289a3778c1c4da8d9bb41c2d
40212	67212a0d6e0d25bb23bd383652916898	c5592ef3c22bd1ab3034ab1c2b10f3de	ec1178d1fcb3fe7537c4cd5f9d9e6be3
40213	67212a0d6e0d25bb23bd383652916898	c5592ef3c22bd1ab3034ab1c2b10f3de	ec1178d1fcb3fe7537c4cd5f9d9e6be3
40214	1d91c6eaffe7de9edf3212ef1a4a6244	eefd8706e6240817fae431ceb1799616	99486992289a3778c1c4da8d9bb41c2d
40215	1d91c6eaffe7de9edf3212ef1a4a6244	eefd8706e6240817fae431ceb1799616	99486992289a3778c1c4da8d9bb41c2d
40216	d6acb9b8ed6c9fb2dbf2cde5ce71d62e	d4720b05940183610901d690bf64e786	ede0fc00e5331a4a65427baba572b48d
40217	d6acb9b8ed6c9fb2dbf2cde5ce71d62e	d4720b05940183610901d690bf64e786	ede0fc00e5331a4a65427baba572b48d
40218	d6acb9b8ed6c9fb2dbf2cde5ce71d62e	d4720b05940183610901d690bf64e786	ede0fc00e5331a4a65427baba572b48d
40219	86d6400e992345d35a8115b55f72e418	8e0663d6570f807cbae426095af27ee0	e3dd06bf01f70dab8263ce04b39c1d3f
40220	86d6400e992345d35a8115b55f72e418	8e0663d6570f807cbae426095af27ee0	e3dd06bf01f70dab8263ce04b39c1d3f
40221	86d6400e992345d35a8115b55f72e418	8e0663d6570f807cbae426095af27ee0	e3dd06bf01f70dab8263ce04b39c1d3f
40222	86d6400e992345d35a8115b55f72e418	8e0663d6570f807cbae426095af27ee0	e3dd06bf01f70dab8263ce04b39c1d3f
40223	409484610320e0659a56b704e235a204	a70eb1c54c702d2939da084a6a3c52f4	66c148bce9bbd266d27a6553e8c92c85
40224	409484610320e0659a56b704e235a204	a70eb1c54c702d2939da084a6a3c52f4	66c148bce9bbd266d27a6553e8c92c85
40225	409484610320e0659a56b704e235a204	a70eb1c54c702d2939da084a6a3c52f4	66c148bce9bbd266d27a6553e8c92c85
40226	4be80fba6025631dc9bd98d670134503	f7f7e0fa712958d981c388c84713cbb5	36c33506e5dcc015a68183155418004e
40227	409484610320e0659a56b704e235a204	a70eb1c54c702d2939da084a6a3c52f4	66c148bce9bbd266d27a6553e8c92c85
40228	a69b1ba21978100090387807920520d2	7d8d424f4116cd2fa16afca27ee84943	74bdefb3ee30db52cbb62001507b6c86
40229	a69b1ba21978100090387807920520d2	7d8d424f4116cd2fa16afca27ee84943	74bdefb3ee30db52cbb62001507b6c86
40230	a69b1ba21978100090387807920520d2	7d8d424f4116cd2fa16afca27ee84943	74bdefb3ee30db52cbb62001507b6c86
40231	a69b1ba21978100090387807920520d2	7d8d424f4116cd2fa16afca27ee84943	74bdefb3ee30db52cbb62001507b6c86
40232	a69b1ba21978100090387807920520d2	7d8d424f4116cd2fa16afca27ee84943	74bdefb3ee30db52cbb62001507b6c86
40233	a69b1ba21978100090387807920520d2	7d8d424f4116cd2fa16afca27ee84943	74bdefb3ee30db52cbb62001507b6c86
40234	a69b1ba21978100090387807920520d2	7d8d424f4116cd2fa16afca27ee84943	74bdefb3ee30db52cbb62001507b6c86
40235	a69b1ba21978100090387807920520d2	d9194b520409b14d5317a18fe849462b	c10a3173ecfc41c2e13eaa8d69c60523
40236	a69b1ba21978100090387807920520d2	d9194b520409b14d5317a18fe849462b	c10a3173ecfc41c2e13eaa8d69c60523
40237	a69b1ba21978100090387807920520d2	d9194b520409b14d5317a18fe849462b	c10a3173ecfc41c2e13eaa8d69c60523
40238	a69b1ba21978100090387807920520d2	d9194b520409b14d5317a18fe849462b	c10a3173ecfc41c2e13eaa8d69c60523
40239	a69b1ba21978100090387807920520d2	d9194b520409b14d5317a18fe849462b	c10a3173ecfc41c2e13eaa8d69c60523
40240	8a95265ce784d102255d7596e493ce85	fb663eac7e48ca7f442f963e76bfd503	7b8b008a492d615021f6ac223dead319
40241	8a95265ce784d102255d7596e493ce85	fb663eac7e48ca7f442f963e76bfd503	7b8b008a492d615021f6ac223dead319
40242	8a95265ce784d102255d7596e493ce85	fb663eac7e48ca7f442f963e76bfd503	7b8b008a492d615021f6ac223dead319
40243	8a95265ce784d102255d7596e493ce85	fb663eac7e48ca7f442f963e76bfd503	7b8b008a492d615021f6ac223dead319
40244	8a95265ce784d102255d7596e493ce85	fb663eac7e48ca7f442f963e76bfd503	7b8b008a492d615021f6ac223dead319
40245	94478e889edd1732a4c0593d9c17bd65	ca89fe44a74e2291ebe7e2235873c9d0	dc6780c6a1f2a5e6e1bbd83cbbf509c0
40246	94478e889edd1732a4c0593d9c17bd65	ca89fe44a74e2291ebe7e2235873c9d0	dc6780c6a1f2a5e6e1bbd83cbbf509c0
40247	94478e889edd1732a4c0593d9c17bd65	ca89fe44a74e2291ebe7e2235873c9d0	dc6780c6a1f2a5e6e1bbd83cbbf509c0
40248	94478e889edd1732a4c0593d9c17bd65	ca89fe44a74e2291ebe7e2235873c9d0	dc6780c6a1f2a5e6e1bbd83cbbf509c0
40249	94478e889edd1732a4c0593d9c17bd65	ca89fe44a74e2291ebe7e2235873c9d0	dc6780c6a1f2a5e6e1bbd83cbbf509c0
40250	94478e889edd1732a4c0593d9c17bd65	ca89fe44a74e2291ebe7e2235873c9d0	dc6780c6a1f2a5e6e1bbd83cbbf509c0
40251	94478e889edd1732a4c0593d9c17bd65	ca89fe44a74e2291ebe7e2235873c9d0	dc6780c6a1f2a5e6e1bbd83cbbf509c0
40252	ab65d2b0e5a018f6c5b6bdc3882dbfc9	83ca6ef2229627fd38b08643bb406306	20f98ea2f55e6c9a822092840c3ea61e
40253	ab65d2b0e5a018f6c5b6bdc3882dbfc9	83ca6ef2229627fd38b08643bb406306	20f98ea2f55e6c9a822092840c3ea61e
40254	ab65d2b0e5a018f6c5b6bdc3882dbfc9	83ca6ef2229627fd38b08643bb406306	20f98ea2f55e6c9a822092840c3ea61e
40255	ab65d2b0e5a018f6c5b6bdc3882dbfc9	83ca6ef2229627fd38b08643bb406306	20f98ea2f55e6c9a822092840c3ea61e
40256	ab65d2b0e5a018f6c5b6bdc3882dbfc9	83ca6ef2229627fd38b08643bb406306	20f98ea2f55e6c9a822092840c3ea61e
40257	ff5a4b70773f5cf8909b640eb4c9f264	4bf9380fe3a5d4800773d73c9b82d9ec	5473acb4350e22e896b394fd1d167b2a
40258	ff5a4b70773f5cf8909b640eb4c9f264	4bf9380fe3a5d4800773d73c9b82d9ec	5473acb4350e22e896b394fd1d167b2a
40259	ff5a4b70773f5cf8909b640eb4c9f264	4bf9380fe3a5d4800773d73c9b82d9ec	5473acb4350e22e896b394fd1d167b2a
40260	ff5a4b70773f5cf8909b640eb4c9f264	4bf9380fe3a5d4800773d73c9b82d9ec	5473acb4350e22e896b394fd1d167b2a
40261	ff5a4b70773f5cf8909b640eb4c9f264	4bf9380fe3a5d4800773d73c9b82d9ec	5473acb4350e22e896b394fd1d167b2a
40262	ff5a4b70773f5cf8909b640eb4c9f264	4bf9380fe3a5d4800773d73c9b82d9ec	5473acb4350e22e896b394fd1d167b2a
40263	ff5a4b70773f5cf8909b640eb4c9f264	4bf9380fe3a5d4800773d73c9b82d9ec	5473acb4350e22e896b394fd1d167b2a
40264	9ed3ab06e3e2e89a107980300826a86e	63003efbf87091597a0461d8e1e2feeb	ea0108c7affbf875814101d9c2dd75de
40265	9ed3ab06e3e2e89a107980300826a86e	63003efbf87091597a0461d8e1e2feeb	ea0108c7affbf875814101d9c2dd75de
40266	9ed3ab06e3e2e89a107980300826a86e	63003efbf87091597a0461d8e1e2feeb	ea0108c7affbf875814101d9c2dd75de
40267	a0336d0a92f42f549aeade8f02c451e1	5d6878af6e89661f816126dfe3c83615	b58aa83da61fc5a8f7f031640b65be8f
40268	a0336d0a92f42f549aeade8f02c451e1	5d6878af6e89661f816126dfe3c83615	b58aa83da61fc5a8f7f031640b65be8f
40269	9ed3ab06e3e2e89a107980300826a86e	63003efbf87091597a0461d8e1e2feeb	ea0108c7affbf875814101d9c2dd75de
40270	9ed3ab06e3e2e89a107980300826a86e	63003efbf87091597a0461d8e1e2feeb	ea0108c7affbf875814101d9c2dd75de
40271	9ed3ab06e3e2e89a107980300826a86e	63003efbf87091597a0461d8e1e2feeb	ea0108c7affbf875814101d9c2dd75de
40272	68a7ff70e8e1557f19acdfcc699da635	0a26261e475463f9d2902d4db0cd8058	ca73705033d8ce4efcdb6d5275b2cd02
40273	4cf3d941eafcd9786774429af934d659	af42b65a8e7cddf06027a90e66bdb901	47df3389d2f36c16c81efe714714c5e8
40274	cdf5e46135df8532232f5e691295cb9f	9b73bd1b2276ddff8620e941a5614281	489235ad354ef1cb90bdf274bd3af7b4
40275	cdf5e46135df8532232f5e691295cb9f	9b73bd1b2276ddff8620e941a5614281	489235ad354ef1cb90bdf274bd3af7b4
40276	cdf5e46135df8532232f5e691295cb9f	9b73bd1b2276ddff8620e941a5614281	489235ad354ef1cb90bdf274bd3af7b4
40277	cdf5e46135df8532232f5e691295cb9f	9b73bd1b2276ddff8620e941a5614281	489235ad354ef1cb90bdf274bd3af7b4
40278	cdf5e46135df8532232f5e691295cb9f	9b73bd1b2276ddff8620e941a5614281	489235ad354ef1cb90bdf274bd3af7b4
40279	cdf5e46135df8532232f5e691295cb9f	9b73bd1b2276ddff8620e941a5614281	489235ad354ef1cb90bdf274bd3af7b4
40280	cdf5e46135df8532232f5e691295cb9f	9b73bd1b2276ddff8620e941a5614281	489235ad354ef1cb90bdf274bd3af7b4
40281	b83b40008495c557750c23b6e9456289	f6cc8713fd5c3bc9444054ceeb5c8a3e	63198fad60f8b95fabd89e73ab31ae97
40282	b83b40008495c557750c23b6e9456289	f6cc8713fd5c3bc9444054ceeb5c8a3e	63198fad60f8b95fabd89e73ab31ae97
40283	b83b40008495c557750c23b6e9456289	f6cc8713fd5c3bc9444054ceeb5c8a3e	63198fad60f8b95fabd89e73ab31ae97
40284	5c1ee0ca89dc14f037d2a682f59250fa	4113f50aa14302e49e53ed830acb378b	789032e789eaa568ae5dc65998e81e1e
40285	5c1ee0ca89dc14f037d2a682f59250fa	4113f50aa14302e49e53ed830acb378b	789032e789eaa568ae5dc65998e81e1e
40286	ad5e487f1f756dc81df729f6538d8054	ad4ed03500aebe723cba50aec889fbee	377e48997641133164403a4107eaf3d1
40287	ad5e487f1f756dc81df729f6538d8054	ad4ed03500aebe723cba50aec889fbee	377e48997641133164403a4107eaf3d1
40288	ad5e487f1f756dc81df729f6538d8054	ad4ed03500aebe723cba50aec889fbee	377e48997641133164403a4107eaf3d1
40289	ad5e487f1f756dc81df729f6538d8054	ad4ed03500aebe723cba50aec889fbee	377e48997641133164403a4107eaf3d1
40290	ad5e487f1f756dc81df729f6538d8054	ad4ed03500aebe723cba50aec889fbee	377e48997641133164403a4107eaf3d1
40291	ad5e487f1f756dc81df729f6538d8054	ad4ed03500aebe723cba50aec889fbee	377e48997641133164403a4107eaf3d1
40292	ad5e487f1f756dc81df729f6538d8054	ad4ed03500aebe723cba50aec889fbee	377e48997641133164403a4107eaf3d1
40293	ad5e487f1f756dc81df729f6538d8054	ad4ed03500aebe723cba50aec889fbee	377e48997641133164403a4107eaf3d1
40294	ad5e487f1f756dc81df729f6538d8054	ad4ed03500aebe723cba50aec889fbee	377e48997641133164403a4107eaf3d1
40295	ad5e487f1f756dc81df729f6538d8054	ad4ed03500aebe723cba50aec889fbee	377e48997641133164403a4107eaf3d1
40296	ad5e487f1f756dc81df729f6538d8054	ad4ed03500aebe723cba50aec889fbee	377e48997641133164403a4107eaf3d1
40297	ad5e487f1f756dc81df729f6538d8054	ad4ed03500aebe723cba50aec889fbee	377e48997641133164403a4107eaf3d1
40298	ad5e487f1f756dc81df729f6538d8054	ad4ed03500aebe723cba50aec889fbee	377e48997641133164403a4107eaf3d1
40299	ad5e487f1f756dc81df729f6538d8054	ad4ed03500aebe723cba50aec889fbee	377e48997641133164403a4107eaf3d1
40300	ad5e487f1f756dc81df729f6538d8054	ad4ed03500aebe723cba50aec889fbee	377e48997641133164403a4107eaf3d1
40301	ad5e487f1f756dc81df729f6538d8054	ad4ed03500aebe723cba50aec889fbee	377e48997641133164403a4107eaf3d1
40302	ad5e487f1f756dc81df729f6538d8054	ad4ed03500aebe723cba50aec889fbee	377e48997641133164403a4107eaf3d1
40303	a1efac618fc7804f8952ce95af54adac	f097fc734337be2b55280b9cee7d51bf	f5e10323e575f5f47e006949e3c50239
40304	a1efac618fc7804f8952ce95af54adac	f097fc734337be2b55280b9cee7d51bf	f5e10323e575f5f47e006949e3c50239
40305	a1efac618fc7804f8952ce95af54adac	f097fc734337be2b55280b9cee7d51bf	f5e10323e575f5f47e006949e3c50239
40306	a163088274d904c760de6168ba79778f	2c71b7bed4ddd9d4c25d2787a9c8c03e	fc69e3e89b52215716842a2f535bcaa8
40307	a163088274d904c760de6168ba79778f	2c71b7bed4ddd9d4c25d2787a9c8c03e	fc69e3e89b52215716842a2f535bcaa8
40308	a163088274d904c760de6168ba79778f	2c71b7bed4ddd9d4c25d2787a9c8c03e	fc69e3e89b52215716842a2f535bcaa8
40309	a163088274d904c760de6168ba79778f	2c71b7bed4ddd9d4c25d2787a9c8c03e	fc69e3e89b52215716842a2f535bcaa8
40310	50edeb38b8e774fc4d0d4767a74eb464	a7d919e6a49bc9e438f1ebcda0d36a05	ff75e63bef95f2f9a78bd8b9c164cf94
40311	50edeb38b8e774fc4d0d4767a74eb464	a7d919e6a49bc9e438f1ebcda0d36a05	ff75e63bef95f2f9a78bd8b9c164cf94
40312	50edeb38b8e774fc4d0d4767a74eb464	a7d919e6a49bc9e438f1ebcda0d36a05	ff75e63bef95f2f9a78bd8b9c164cf94
40313	50edeb38b8e774fc4d0d4767a74eb464	a7d919e6a49bc9e438f1ebcda0d36a05	ff75e63bef95f2f9a78bd8b9c164cf94
40314	50edeb38b8e774fc4d0d4767a74eb464	a7d919e6a49bc9e438f1ebcda0d36a05	ff75e63bef95f2f9a78bd8b9c164cf94
40315	4d924b60bcd5b61ff391060fd86ed06f	5c064e412dabffa73b4ec28aa06c756d	fe3714ba1c611d1cd6d0682dd7c30ced
40316	4d924b60bcd5b61ff391060fd86ed06f	5c064e412dabffa73b4ec28aa06c756d	fe3714ba1c611d1cd6d0682dd7c30ced
40317	4d924b60bcd5b61ff391060fd86ed06f	5c064e412dabffa73b4ec28aa06c756d	fe3714ba1c611d1cd6d0682dd7c30ced
40318	4d924b60bcd5b61ff391060fd86ed06f	5c064e412dabffa73b4ec28aa06c756d	fe3714ba1c611d1cd6d0682dd7c30ced
40319	4d924b60bcd5b61ff391060fd86ed06f	5c064e412dabffa73b4ec28aa06c756d	fe3714ba1c611d1cd6d0682dd7c30ced
40320	4d924b60bcd5b61ff391060fd86ed06f	5c064e412dabffa73b4ec28aa06c756d	fe3714ba1c611d1cd6d0682dd7c30ced
40321	4d924b60bcd5b61ff391060fd86ed06f	5c064e412dabffa73b4ec28aa06c756d	fe3714ba1c611d1cd6d0682dd7c30ced
40322	1900170604abea938cd21aa531736c09	8d1cfaabbe785f61c2b1e5e8943254ef	c182ad7541d84137e28c8d5fa9950af4
40323	1900170604abea938cd21aa531736c09	8d1cfaabbe785f61c2b1e5e8943254ef	c182ad7541d84137e28c8d5fa9950af4
40324	1900170604abea938cd21aa531736c09	8d1cfaabbe785f61c2b1e5e8943254ef	c182ad7541d84137e28c8d5fa9950af4
40325	1900170604abea938cd21aa531736c09	8d1cfaabbe785f61c2b1e5e8943254ef	c182ad7541d84137e28c8d5fa9950af4
40326	1900170604abea938cd21aa531736c09	8d1cfaabbe785f61c2b1e5e8943254ef	c182ad7541d84137e28c8d5fa9950af4
40327	982a1e7602c8079e4cd38f404d4450f5	e2ca24ed46fffc695e617d7300e7ce94	a3230d05af229f0c2e4f79a829ecbf6e
40328	982a1e7602c8079e4cd38f404d4450f5	e2ca24ed46fffc695e617d7300e7ce94	a3230d05af229f0c2e4f79a829ecbf6e
40329	982a1e7602c8079e4cd38f404d4450f5	e2ca24ed46fffc695e617d7300e7ce94	a3230d05af229f0c2e4f79a829ecbf6e
40330	982a1e7602c8079e4cd38f404d4450f5	e2ca24ed46fffc695e617d7300e7ce94	a3230d05af229f0c2e4f79a829ecbf6e
40331	982a1e7602c8079e4cd38f404d4450f5	e2ca24ed46fffc695e617d7300e7ce94	a3230d05af229f0c2e4f79a829ecbf6e
40332	982a1e7602c8079e4cd38f404d4450f5	e2ca24ed46fffc695e617d7300e7ce94	a3230d05af229f0c2e4f79a829ecbf6e
40333	982a1e7602c8079e4cd38f404d4450f5	e2ca24ed46fffc695e617d7300e7ce94	a3230d05af229f0c2e4f79a829ecbf6e
40334	723f54df0758a3c1cc97d4def432a8cc	7e18b907fe5cd6b1246ddf57828ec691	7700bcd52864405dc79220d9914f75a2
40335	723f54df0758a3c1cc97d4def432a8cc	7e18b907fe5cd6b1246ddf57828ec691	7700bcd52864405dc79220d9914f75a2
40336	723f54df0758a3c1cc97d4def432a8cc	7e18b907fe5cd6b1246ddf57828ec691	7700bcd52864405dc79220d9914f75a2
40337	723f54df0758a3c1cc97d4def432a8cc	7e18b907fe5cd6b1246ddf57828ec691	7700bcd52864405dc79220d9914f75a2
40338	723f54df0758a3c1cc97d4def432a8cc	7e18b907fe5cd6b1246ddf57828ec691	7700bcd52864405dc79220d9914f75a2
40339	6676bf1e3824b18c973f364a2444bc52	05c4cb5b24171556439639eb7ee3a474	ae4a0746ee37069c085f50af687bebe6
40340	6676bf1e3824b18c973f364a2444bc52	05c4cb5b24171556439639eb7ee3a474	ae4a0746ee37069c085f50af687bebe6
40341	6676bf1e3824b18c973f364a2444bc52	05c4cb5b24171556439639eb7ee3a474	ae4a0746ee37069c085f50af687bebe6
40342	6676bf1e3824b18c973f364a2444bc52	05c4cb5b24171556439639eb7ee3a474	ae4a0746ee37069c085f50af687bebe6
40343	6676bf1e3824b18c973f364a2444bc52	05c4cb5b24171556439639eb7ee3a474	ae4a0746ee37069c085f50af687bebe6
40344	377de8e924d5d935d2635302f0b841cd	c1bd8447be8da2d66756a391db04eee5	cd27c1866f2a2c0fc6fd1b5198e9de2e
40345	377de8e924d5d935d2635302f0b841cd	c1bd8447be8da2d66756a391db04eee5	cd27c1866f2a2c0fc6fd1b5198e9de2e
40346	377de8e924d5d935d2635302f0b841cd	c1bd8447be8da2d66756a391db04eee5	cd27c1866f2a2c0fc6fd1b5198e9de2e
40347	377de8e924d5d935d2635302f0b841cd	c1bd8447be8da2d66756a391db04eee5	cd27c1866f2a2c0fc6fd1b5198e9de2e
40348	377de8e924d5d935d2635302f0b841cd	c1bd8447be8da2d66756a391db04eee5	cd27c1866f2a2c0fc6fd1b5198e9de2e
40349	377de8e924d5d935d2635302f0b841cd	c1bd8447be8da2d66756a391db04eee5	cd27c1866f2a2c0fc6fd1b5198e9de2e
40350	377de8e924d5d935d2635302f0b841cd	c1bd8447be8da2d66756a391db04eee5	cd27c1866f2a2c0fc6fd1b5198e9de2e
40351	cc626f5439add8c7e6f5792639ddd900	e8460ea9820fadab38214e19af25a815	767f7f91c45889212ade9d57dee1c4fa
40352	cc626f5439add8c7e6f5792639ddd900	e8460ea9820fadab38214e19af25a815	767f7f91c45889212ade9d57dee1c4fa
40353	cc626f5439add8c7e6f5792639ddd900	e8460ea9820fadab38214e19af25a815	767f7f91c45889212ade9d57dee1c4fa
40354	cc626f5439add8c7e6f5792639ddd900	e8460ea9820fadab38214e19af25a815	767f7f91c45889212ade9d57dee1c4fa
40355	cc626f5439add8c7e6f5792639ddd900	e8460ea9820fadab38214e19af25a815	767f7f91c45889212ade9d57dee1c4fa
40356	0d3a28a3f26e47a71005ea3bd7bc0557	420b049eb7ea76061f526f89aa01fd08	44219e57d6ffafa14800a361bd3b6d5a
40357	0d3a28a3f26e47a71005ea3bd7bc0557	420b049eb7ea76061f526f89aa01fd08	44219e57d6ffafa14800a361bd3b6d5a
40358	0d3a28a3f26e47a71005ea3bd7bc0557	420b049eb7ea76061f526f89aa01fd08	44219e57d6ffafa14800a361bd3b6d5a
40359	0d3a28a3f26e47a71005ea3bd7bc0557	420b049eb7ea76061f526f89aa01fd08	44219e57d6ffafa14800a361bd3b6d5a
40360	0d3a28a3f26e47a71005ea3bd7bc0557	420b049eb7ea76061f526f89aa01fd08	44219e57d6ffafa14800a361bd3b6d5a
40361	0d3a28a3f26e47a71005ea3bd7bc0557	420b049eb7ea76061f526f89aa01fd08	44219e57d6ffafa14800a361bd3b6d5a
40362	0d3a28a3f26e47a71005ea3bd7bc0557	420b049eb7ea76061f526f89aa01fd08	44219e57d6ffafa14800a361bd3b6d5a
40363	946bc202bddde13482260a83fcaa5253	212b54b608772054321b0d8ca379fd06	68345d21a08997f1a98d132dbc20db72
40364	84145aab28890e8fc8e93a149ceae656	77088d2ec8d5a64fddf9147d847021a6	ab45e604996c6bcc4e46e9691b8e68c9
40365	84145aab28890e8fc8e93a149ceae656	77088d2ec8d5a64fddf9147d847021a6	ab45e604996c6bcc4e46e9691b8e68c9
40366	84145aab28890e8fc8e93a149ceae656	77088d2ec8d5a64fddf9147d847021a6	ab45e604996c6bcc4e46e9691b8e68c9
40367	84145aab28890e8fc8e93a149ceae656	77088d2ec8d5a64fddf9147d847021a6	ab45e604996c6bcc4e46e9691b8e68c9
40368	84145aab28890e8fc8e93a149ceae656	77088d2ec8d5a64fddf9147d847021a6	ab45e604996c6bcc4e46e9691b8e68c9
40369	84145aab28890e8fc8e93a149ceae656	77088d2ec8d5a64fddf9147d847021a6	ab45e604996c6bcc4e46e9691b8e68c9
40370	84145aab28890e8fc8e93a149ceae656	77088d2ec8d5a64fddf9147d847021a6	ab45e604996c6bcc4e46e9691b8e68c9
40371	7b264006fb5b377f4a1cfdb355331f79	23a6819bbd4ac0dcaa8b7ee75dc40c17	658864784a20fb7e7a4fcd6cf455b6d9
40372	093a6e4ee2d135db9ffa1b7ecb3c3108	28fd8aa718a9a8dcdaf540740facd2c1	392de868ad9230ce889d0e0b65dd9990
40373	2e110020229c4c853ece3ba011b8e61a	74e242a242af6f75840c088c51bf5e0d	af910f6771426ac8088497f569027a6d
40374	2e110020229c4c853ece3ba011b8e61a	74e242a242af6f75840c088c51bf5e0d	af910f6771426ac8088497f569027a6d
40375	2e110020229c4c853ece3ba011b8e61a	74e242a242af6f75840c088c51bf5e0d	af910f6771426ac8088497f569027a6d
40376	2e110020229c4c853ece3ba011b8e61a	74e242a242af6f75840c088c51bf5e0d	af910f6771426ac8088497f569027a6d
40377	2e110020229c4c853ece3ba011b8e61a	74e242a242af6f75840c088c51bf5e0d	af910f6771426ac8088497f569027a6d
40378	2e110020229c4c853ece3ba011b8e61a	74e242a242af6f75840c088c51bf5e0d	af910f6771426ac8088497f569027a6d
40379	2e110020229c4c853ece3ba011b8e61a	74e242a242af6f75840c088c51bf5e0d	af910f6771426ac8088497f569027a6d
40380	45228e82a8aa165ad18c580c6138d948	01506b19a20a64b8fd2a2b50b7fb78cc	b1151b58c591f39eabf387a5a0d0d09f
40381	45228e82a8aa165ad18c580c6138d948	01506b19a20a64b8fd2a2b50b7fb78cc	b1151b58c591f39eabf387a5a0d0d09f
40382	45228e82a8aa165ad18c580c6138d948	01506b19a20a64b8fd2a2b50b7fb78cc	b1151b58c591f39eabf387a5a0d0d09f
40383	175818b7b8c569250c286605dabe26a1	dcea0e1f52d54d1da924960d3e24884d	215bf4ce62ba21c2f90fec8ceb48bed6
40384	61b55d600af6e411ed4e1c3415133e21	42b5fbadac3d3b1da2bdabb62da5f03f	94aed9b23f434095d947573a3f5009c9
40385	1918098168d77e316d9fa8f030ee00f2	256e3a15e5e23130b034e610c5b4aa06	0b5a856aaf51c093dd395b17be55a338
40386	1918098168d77e316d9fa8f030ee00f2	256e3a15e5e23130b034e610c5b4aa06	0b5a856aaf51c093dd395b17be55a338
40387	1918098168d77e316d9fa8f030ee00f2	256e3a15e5e23130b034e610c5b4aa06	0b5a856aaf51c093dd395b17be55a338
40388	1918098168d77e316d9fa8f030ee00f2	256e3a15e5e23130b034e610c5b4aa06	0b5a856aaf51c093dd395b17be55a338
40389	1918098168d77e316d9fa8f030ee00f2	256e3a15e5e23130b034e610c5b4aa06	0b5a856aaf51c093dd395b17be55a338
40390	1918098168d77e316d9fa8f030ee00f2	256e3a15e5e23130b034e610c5b4aa06	0b5a856aaf51c093dd395b17be55a338
40391	1918098168d77e316d9fa8f030ee00f2	256e3a15e5e23130b034e610c5b4aa06	0b5a856aaf51c093dd395b17be55a338
40392	a76e8607f31718278017ae6af76105a6	a7fda604c204fcfd113ef96fc930f9e5	78d1f1e7cf23f081061b3fd8f5473450
40393	a76e8607f31718278017ae6af76105a6	a7fda604c204fcfd113ef96fc930f9e5	78d1f1e7cf23f081061b3fd8f5473450
40394	a76e8607f31718278017ae6af76105a6	a88e18d33a71dba896faadb5122e257a	190cb09af41aec5684b753c83b985ebd
40395	a76e8607f31718278017ae6af76105a6	a7fda604c204fcfd113ef96fc930f9e5	78d1f1e7cf23f081061b3fd8f5473450
40396	a76e8607f31718278017ae6af76105a6	a7fda604c204fcfd113ef96fc930f9e5	78d1f1e7cf23f081061b3fd8f5473450
40397	3c35d5c6f8613bf54b6d7918e438943e	904f500a77076e4b112fd4454bbf0fce	19bc461b0133bee27e29235e7f3d12a6
40398	3c35d5c6f8613bf54b6d7918e438943e	904f500a77076e4b112fd4454bbf0fce	19bc461b0133bee27e29235e7f3d12a6
40399	3c35d5c6f8613bf54b6d7918e438943e	904f500a77076e4b112fd4454bbf0fce	19bc461b0133bee27e29235e7f3d12a6
40400	3c35d5c6f8613bf54b6d7918e438943e	904f500a77076e4b112fd4454bbf0fce	19bc461b0133bee27e29235e7f3d12a6
40401	3c35d5c6f8613bf54b6d7918e438943e	904f500a77076e4b112fd4454bbf0fce	19bc461b0133bee27e29235e7f3d12a6
40402	3c35d5c6f8613bf54b6d7918e438943e	904f500a77076e4b112fd4454bbf0fce	19bc461b0133bee27e29235e7f3d12a6
40403	3c35d5c6f8613bf54b6d7918e438943e	904f500a77076e4b112fd4454bbf0fce	19bc461b0133bee27e29235e7f3d12a6
40404	720e66f7962e97f4c19b102250b885e5	c806241f65f27b6f55632fe14a23abe1	224f3c0f21dfb3427253784c4470d140
40405	720e66f7962e97f4c19b102250b885e5	c806241f65f27b6f55632fe14a23abe1	224f3c0f21dfb3427253784c4470d140
40406	720e66f7962e97f4c19b102250b885e5	c806241f65f27b6f55632fe14a23abe1	224f3c0f21dfb3427253784c4470d140
40407	720e66f7962e97f4c19b102250b885e5	c806241f65f27b6f55632fe14a23abe1	224f3c0f21dfb3427253784c4470d140
40408	720e66f7962e97f4c19b102250b885e5	c806241f65f27b6f55632fe14a23abe1	224f3c0f21dfb3427253784c4470d140
40409	720e66f7962e97f4c19b102250b885e5	c806241f65f27b6f55632fe14a23abe1	224f3c0f21dfb3427253784c4470d140
40410	720e66f7962e97f4c19b102250b885e5	c806241f65f27b6f55632fe14a23abe1	224f3c0f21dfb3427253784c4470d140
40411	720e66f7962e97f4c19b102250b885e5	c806241f65f27b6f55632fe14a23abe1	224f3c0f21dfb3427253784c4470d140
40412	720e66f7962e97f4c19b102250b885e5	c806241f65f27b6f55632fe14a23abe1	224f3c0f21dfb3427253784c4470d140
40413	720e66f7962e97f4c19b102250b885e5	c806241f65f27b6f55632fe14a23abe1	224f3c0f21dfb3427253784c4470d140
40414	d20f405de767d0ee5bbc05f0f19332c8	596402f71968eeecbc7a1824067cfb47	b982db44a149210bc13195cbf64191d2
40415	d20f405de767d0ee5bbc05f0f19332c8	596402f71968eeecbc7a1824067cfb47	b982db44a149210bc13195cbf64191d2
40416	d20f405de767d0ee5bbc05f0f19332c8	596402f71968eeecbc7a1824067cfb47	b982db44a149210bc13195cbf64191d2
40417	d20f405de767d0ee5bbc05f0f19332c8	596402f71968eeecbc7a1824067cfb47	b982db44a149210bc13195cbf64191d2
40418	d20f405de767d0ee5bbc05f0f19332c8	596402f71968eeecbc7a1824067cfb47	b982db44a149210bc13195cbf64191d2
40419	d20f405de767d0ee5bbc05f0f19332c8	596402f71968eeecbc7a1824067cfb47	b982db44a149210bc13195cbf64191d2
40420	d20f405de767d0ee5bbc05f0f19332c8	596402f71968eeecbc7a1824067cfb47	b982db44a149210bc13195cbf64191d2
40421	24611e02d6f39eb2afea975772807772	9d474fac0260c297b6fdb8355d9e4296	a352bde7563b7b178a55760286cbfc47
40422	24611e02d6f39eb2afea975772807772	9d474fac0260c297b6fdb8355d9e4296	a352bde7563b7b178a55760286cbfc47
40423	24611e02d6f39eb2afea975772807772	9d474fac0260c297b6fdb8355d9e4296	a352bde7563b7b178a55760286cbfc47
40424	b426ebd2adff067c7b514bf9fca179c1	f6d1ed21e577942468025e85cfe511af	0142d79b7eef26ea673d92fe3f2191ca
40425	b426ebd2adff067c7b514bf9fca179c1	f6d1ed21e577942468025e85cfe511af	0142d79b7eef26ea673d92fe3f2191ca
40426	f049035b63dee05053b54259507998cf	7f3444b28039725edf512b6d3909e82d	70165baaf376b83a6c5ffda7922ba1d2
40427	f049035b63dee05053b54259507998cf	7f3444b28039725edf512b6d3909e82d	70165baaf376b83a6c5ffda7922ba1d2
40428	f049035b63dee05053b54259507998cf	7f3444b28039725edf512b6d3909e82d	70165baaf376b83a6c5ffda7922ba1d2
40429	2d4c146b2c3265469ea3a27cff472ec2	27066039df23f888be49340b0f131eb8	a849a5d62055037ce686018892f3de79
40430	2d4c146b2c3265469ea3a27cff472ec2	27066039df23f888be49340b0f131eb8	a849a5d62055037ce686018892f3de79
40431	f049035b63dee05053b54259507998cf	7f3444b28039725edf512b6d3909e82d	70165baaf376b83a6c5ffda7922ba1d2
40432	f049035b63dee05053b54259507998cf	7f3444b28039725edf512b6d3909e82d	70165baaf376b83a6c5ffda7922ba1d2
40433	2cdd9b127a805f623b0a15b556cb630f	2ce0b76895512e89e19a0aa9ea892121	d3cb2138c0f800d52a9dae9684c45de2
40434	2cdd9b127a805f623b0a15b556cb630f	2ce0b76895512e89e19a0aa9ea892121	d3cb2138c0f800d52a9dae9684c45de2
40435	2cdd9b127a805f623b0a15b556cb630f	2ce0b76895512e89e19a0aa9ea892121	d3cb2138c0f800d52a9dae9684c45de2
40436	790289d740701f298f5bb759980f0cbe	9025f082b4fae361a6842bbdecb3918c	07560aff4a399c1ecf76178b2880b7f5
40437	790289d740701f298f5bb759980f0cbe	9025f082b4fae361a6842bbdecb3918c	07560aff4a399c1ecf76178b2880b7f5
40438	10dbc1c61a4d09cb0f4134b57da8611c	a8c1c991bbf8e86a37064029d00b9038	9444a80fd13857c588978d0084f955d8
40439	10dbc1c61a4d09cb0f4134b57da8611c	a8c1c991bbf8e86a37064029d00b9038	9444a80fd13857c588978d0084f955d8
40440	10dbc1c61a4d09cb0f4134b57da8611c	a8c1c991bbf8e86a37064029d00b9038	9444a80fd13857c588978d0084f955d8
40441	10dbc1c61a4d09cb0f4134b57da8611c	a8c1c991bbf8e86a37064029d00b9038	9444a80fd13857c588978d0084f955d8
40442	10dbc1c61a4d09cb0f4134b57da8611c	a8c1c991bbf8e86a37064029d00b9038	9444a80fd13857c588978d0084f955d8
40443	b52ee7da7c48c64ee49afdde6d1affd4	3c92a79d59c259de9f5109d3fe2a275b	ba5cab6d563e71316d9656232354beeb
40444	b52ee7da7c48c64ee49afdde6d1affd4	3c92a79d59c259de9f5109d3fe2a275b	ba5cab6d563e71316d9656232354beeb
40445	b52ee7da7c48c64ee49afdde6d1affd4	3c92a79d59c259de9f5109d3fe2a275b	ba5cab6d563e71316d9656232354beeb
40446	1d08e37a663ebc810ea39b9e55d98d32	77e9ac11463eabfedfd044c9f1edf068	83e87483c229306ebfdc7d221ad685a5
40447	1d08e37a663ebc810ea39b9e55d98d32	77e9ac11463eabfedfd044c9f1edf068	83e87483c229306ebfdc7d221ad685a5
40448	1d08e37a663ebc810ea39b9e55d98d32	77e9ac11463eabfedfd044c9f1edf068	83e87483c229306ebfdc7d221ad685a5
40449	1d08e37a663ebc810ea39b9e55d98d32	77e9ac11463eabfedfd044c9f1edf068	83e87483c229306ebfdc7d221ad685a5
40450	2f4970dfd4187a97a07cbd1b3d45af0d	1e5cce6a384780d821deaa84e8bd8122	86469ad6279b93c46e2b5ee08de65fff
40451	2f4970dfd4187a97a07cbd1b3d45af0d	1e5cce6a384780d821deaa84e8bd8122	86469ad6279b93c46e2b5ee08de65fff
40452	2f4970dfd4187a97a07cbd1b3d45af0d	1e5cce6a384780d821deaa84e8bd8122	86469ad6279b93c46e2b5ee08de65fff
40453	2f4970dfd4187a97a07cbd1b3d45af0d	1e5cce6a384780d821deaa84e8bd8122	86469ad6279b93c46e2b5ee08de65fff
40454	6f0d1320a4b1aaf4556a9e1f3325f135	813015ce40f0a75666b5f85c40449db2	5751b7699b7e1fcc9b247878973d0d5e
40455	e62f9608bc9c85528e9610080736b6a2	052e61d201becef714d008e8b3a10f76	1967594be574e4f5f75324864edc5c97
40456	e62f9608bc9c85528e9610080736b6a2	052e61d201becef714d008e8b3a10f76	1967594be574e4f5f75324864edc5c97
40457	e62f9608bc9c85528e9610080736b6a2	052e61d201becef714d008e8b3a10f76	1967594be574e4f5f75324864edc5c97
40458	e62f9608bc9c85528e9610080736b6a2	052e61d201becef714d008e8b3a10f76	1967594be574e4f5f75324864edc5c97
40459	e62f9608bc9c85528e9610080736b6a2	052e61d201becef714d008e8b3a10f76	1967594be574e4f5f75324864edc5c97
40460	e62f9608bc9c85528e9610080736b6a2	052e61d201becef714d008e8b3a10f76	1967594be574e4f5f75324864edc5c97
40461	e62f9608bc9c85528e9610080736b6a2	052e61d201becef714d008e8b3a10f76	1967594be574e4f5f75324864edc5c97
40462	91b558f1ee46c85de30302f9a613daf1	d630e6a30051f243ba589fd421ed3bee	bc0dd1b2ecbe767ca1b452b7f0887319
40463	91b558f1ee46c85de30302f9a613daf1	d630e6a30051f243ba589fd421ed3bee	bc0dd1b2ecbe767ca1b452b7f0887319
40464	91b558f1ee46c85de30302f9a613daf1	d630e6a30051f243ba589fd421ed3bee	bc0dd1b2ecbe767ca1b452b7f0887319
40465	ac61683d7c3c377af2cc9dd6a63963f5	e27f6ad62e0588cdc04f64212a5a4782	f916a6f67264f6ebe80222b570ebd04e
40466	91b558f1ee46c85de30302f9a613daf1	d630e6a30051f243ba589fd421ed3bee	bc0dd1b2ecbe767ca1b452b7f0887319
40467	57c582364e10084b07d9e7c7a2f463de	aa80927de764fd056e18135e84c10ffb	7c01ccf82e5517e6ccc48e37224bbb66
40468	57c582364e10084b07d9e7c7a2f463de	aa80927de764fd056e18135e84c10ffb	7c01ccf82e5517e6ccc48e37224bbb66
40469	57c582364e10084b07d9e7c7a2f463de	aa80927de764fd056e18135e84c10ffb	7c01ccf82e5517e6ccc48e37224bbb66
40470	57c582364e10084b07d9e7c7a2f463de	aa80927de764fd056e18135e84c10ffb	7c01ccf82e5517e6ccc48e37224bbb66
40471	57c582364e10084b07d9e7c7a2f463de	aa80927de764fd056e18135e84c10ffb	7c01ccf82e5517e6ccc48e37224bbb66
40472	57c582364e10084b07d9e7c7a2f463de	aa80927de764fd056e18135e84c10ffb	7c01ccf82e5517e6ccc48e37224bbb66
40473	57c582364e10084b07d9e7c7a2f463de	aa80927de764fd056e18135e84c10ffb	7c01ccf82e5517e6ccc48e37224bbb66
40474	8883b95894ffe3d7d8bc823fff052c05	c242250b2c8ba0fef7a20577104e2f6b	22616dd215e7827d924db52b7c4e3399
40475	8883b95894ffe3d7d8bc823fff052c05	c242250b2c8ba0fef7a20577104e2f6b	22616dd215e7827d924db52b7c4e3399
40476	8883b95894ffe3d7d8bc823fff052c05	c242250b2c8ba0fef7a20577104e2f6b	22616dd215e7827d924db52b7c4e3399
40477	8883b95894ffe3d7d8bc823fff052c05	c242250b2c8ba0fef7a20577104e2f6b	22616dd215e7827d924db52b7c4e3399
40478	8883b95894ffe3d7d8bc823fff052c05	c242250b2c8ba0fef7a20577104e2f6b	22616dd215e7827d924db52b7c4e3399
40479	fbd23fc3556d00972e30cf45f726cb6a	19c328093694639eb1d604f345b4cfcc	133eb32df27f5cb62ec6cc285c385c1d
40480	fbd23fc3556d00972e30cf45f726cb6a	19c328093694639eb1d604f345b4cfcc	133eb32df27f5cb62ec6cc285c385c1d
40481	fbd23fc3556d00972e30cf45f726cb6a	19c328093694639eb1d604f345b4cfcc	133eb32df27f5cb62ec6cc285c385c1d
40482	fbd23fc3556d00972e30cf45f726cb6a	19c328093694639eb1d604f345b4cfcc	133eb32df27f5cb62ec6cc285c385c1d
40483	fbd23fc3556d00972e30cf45f726cb6a	19c328093694639eb1d604f345b4cfcc	133eb32df27f5cb62ec6cc285c385c1d
40484	1b5f5a21723442bd14a4c13f6cdef6a5	0ed83fb3dcc491a304adbc963a53eb1f	f31ae2db640e7e43584d48bc97a6a7e7
40485	1b5f5a21723442bd14a4c13f6cdef6a5	0ed83fb3dcc491a304adbc963a53eb1f	f31ae2db640e7e43584d48bc97a6a7e7
40486	1b5f5a21723442bd14a4c13f6cdef6a5	0ed83fb3dcc491a304adbc963a53eb1f	f31ae2db640e7e43584d48bc97a6a7e7
40487	5c4ed5480cbe5680dc5fb4862d1408e5	575f4f65a660dfdb31f060d02e879444	04e17ce25e22fe109cb6a925c9f92032
40488	5c4ed5480cbe5680dc5fb4862d1408e5	575f4f65a660dfdb31f060d02e879444	04e17ce25e22fe109cb6a925c9f92032
40489	02fe9335c1e41f3bb056b19ae683bd56	1997d1fb2173adfe034269b361a15c9f	c09e3edb022fefb6631864db95b4cf8f
40490	02fe9335c1e41f3bb056b19ae683bd56	1997d1fb2173adfe034269b361a15c9f	c09e3edb022fefb6631864db95b4cf8f
40491	bf286958801afa1c5d4d19ec0d6f23dc	677db807b41fc7c9f596522e03c84c8a	fef6bb771e2ea65f08625a2597c0d30e
40492	bf286958801afa1c5d4d19ec0d6f23dc	677db807b41fc7c9f596522e03c84c8a	fef6bb771e2ea65f08625a2597c0d30e
40493	bf286958801afa1c5d4d19ec0d6f23dc	677db807b41fc7c9f596522e03c84c8a	fef6bb771e2ea65f08625a2597c0d30e
40494	ad351d93a7605a27a33ec2e789ec7390	b96c76be80474207d8a098b95231805a	4811f840bac39b3135a884aa8a6687e6
40495	ad351d93a7605a27a33ec2e789ec7390	b31636b3215be0c964a5d82803a63afa	563be5fe29844247abebee1c7c882df6
40496	1ea5edd1844e4ec8554cac07a3e61d98	ab826aae7c7960a9217d19b1cdb4029e	4bb4605264e0ae930fab52b6ec0cb8e0
40497	1ea5edd1844e4ec8554cac07a3e61d98	ab826aae7c7960a9217d19b1cdb4029e	4bb4605264e0ae930fab52b6ec0cb8e0
40498	1ea5edd1844e4ec8554cac07a3e61d98	ab826aae7c7960a9217d19b1cdb4029e	4bb4605264e0ae930fab52b6ec0cb8e0
40499	1ea5edd1844e4ec8554cac07a3e61d98	ab826aae7c7960a9217d19b1cdb4029e	4bb4605264e0ae930fab52b6ec0cb8e0
40500	1ea5edd1844e4ec8554cac07a3e61d98	ab826aae7c7960a9217d19b1cdb4029e	4bb4605264e0ae930fab52b6ec0cb8e0
40501	1ea5edd1844e4ec8554cac07a3e61d98	ab826aae7c7960a9217d19b1cdb4029e	4bb4605264e0ae930fab52b6ec0cb8e0
40502	1ea5edd1844e4ec8554cac07a3e61d98	ab826aae7c7960a9217d19b1cdb4029e	4bb4605264e0ae930fab52b6ec0cb8e0
40503	e0f3e937b8261b447623c683646b5cfd	f25e55ea453b672c0d9085a9551a5e2b	7bf36c7f461816551ef950af74347572
40504	e0f3e937b8261b447623c683646b5cfd	f25e55ea453b672c0d9085a9551a5e2b	7bf36c7f461816551ef950af74347572
40505	e0f3e937b8261b447623c683646b5cfd	f25e55ea453b672c0d9085a9551a5e2b	7bf36c7f461816551ef950af74347572
40506	e0f3e937b8261b447623c683646b5cfd	f25e55ea453b672c0d9085a9551a5e2b	7bf36c7f461816551ef950af74347572
40507	aea5813ccf19bb07c1fe48d393e1b9f9	d305ace0175077eb7ff05fd4d89667c0	0633d18f9b625a79928c84691431b0bd
40508	e0f3e937b8261b447623c683646b5cfd	f25e55ea453b672c0d9085a9551a5e2b	7bf36c7f461816551ef950af74347572
40509	e0f3e937b8261b447623c683646b5cfd	f25e55ea453b672c0d9085a9551a5e2b	7bf36c7f461816551ef950af74347572
40510	e0f3e937b8261b447623c683646b5cfd	f25e55ea453b672c0d9085a9551a5e2b	7bf36c7f461816551ef950af74347572
40511	8aa6802ffd200d9d8ebcf9a63f6e0372	167b32b8d80260358482a3d000a5d93c	146224bb4a8e351219efe8621ce1da67
40512	5561cc5af7dc230c0d5c6e2d5c2bf181	d05477f9fca06cbd4c97a0fa048ad529	f6cda8324b18840747bc20b339b87bcf
40513	a5b719e6572eb9c295721491606e24f3	a0ab20ae0816c4cff795923f191f2b16	267f09428df7180e6c2077218a834d8d
40514	a5b719e6572eb9c295721491606e24f3	a0ab20ae0816c4cff795923f191f2b16	267f09428df7180e6c2077218a834d8d
40515	a5b719e6572eb9c295721491606e24f3	a0ab20ae0816c4cff795923f191f2b16	267f09428df7180e6c2077218a834d8d
40516	a5b719e6572eb9c295721491606e24f3	a0ab20ae0816c4cff795923f191f2b16	267f09428df7180e6c2077218a834d8d
40517	a5b719e6572eb9c295721491606e24f3	a0ab20ae0816c4cff795923f191f2b16	267f09428df7180e6c2077218a834d8d
40518	a5b719e6572eb9c295721491606e24f3	a0ab20ae0816c4cff795923f191f2b16	267f09428df7180e6c2077218a834d8d
40519	a5b719e6572eb9c295721491606e24f3	a0ab20ae0816c4cff795923f191f2b16	267f09428df7180e6c2077218a834d8d
40520	96278b45122a0f3d5cbc8692aaf9f4fc	3998e9e4341210816199e7952b8615b0	6d7c65e60737d708aade5b86c6100583
40521	96278b45122a0f3d5cbc8692aaf9f4fc	3998e9e4341210816199e7952b8615b0	6d7c65e60737d708aade5b86c6100583
40522	96278b45122a0f3d5cbc8692aaf9f4fc	3998e9e4341210816199e7952b8615b0	6d7c65e60737d708aade5b86c6100583
40523	96278b45122a0f3d5cbc8692aaf9f4fc	3998e9e4341210816199e7952b8615b0	6d7c65e60737d708aade5b86c6100583
40524	96278b45122a0f3d5cbc8692aaf9f4fc	3998e9e4341210816199e7952b8615b0	6d7c65e60737d708aade5b86c6100583
40525	72cab4c1d74e2d8cc95d6bff117501b2	c6bed2d6e74bc28081ba039b6b2745d6	2a96aebed5402bae695b4152e1585f1b
40526	72cab4c1d74e2d8cc95d6bff117501b2	c6bed2d6e74bc28081ba039b6b2745d6	2a96aebed5402bae695b4152e1585f1b
40527	72cab4c1d74e2d8cc95d6bff117501b2	c6bed2d6e74bc28081ba039b6b2745d6	2a96aebed5402bae695b4152e1585f1b
40528	72cab4c1d74e2d8cc95d6bff117501b2	c6bed2d6e74bc28081ba039b6b2745d6	2a96aebed5402bae695b4152e1585f1b
40529	72cab4c1d74e2d8cc95d6bff117501b2	c6bed2d6e74bc28081ba039b6b2745d6	2a96aebed5402bae695b4152e1585f1b
40530	72cab4c1d74e2d8cc95d6bff117501b2	c6bed2d6e74bc28081ba039b6b2745d6	2a96aebed5402bae695b4152e1585f1b
40531	72cab4c1d74e2d8cc95d6bff117501b2	c6bed2d6e74bc28081ba039b6b2745d6	2a96aebed5402bae695b4152e1585f1b
40532	72cab4c1d74e2d8cc95d6bff117501b2	c6bed2d6e74bc28081ba039b6b2745d6	2a96aebed5402bae695b4152e1585f1b
40533	72cab4c1d74e2d8cc95d6bff117501b2	c6bed2d6e74bc28081ba039b6b2745d6	2a96aebed5402bae695b4152e1585f1b
40534	72cab4c1d74e2d8cc95d6bff117501b2	c6bed2d6e74bc28081ba039b6b2745d6	2a96aebed5402bae695b4152e1585f1b
40535	72cab4c1d74e2d8cc95d6bff117501b2	c6bed2d6e74bc28081ba039b6b2745d6	2a96aebed5402bae695b4152e1585f1b
40536	72cab4c1d74e2d8cc95d6bff117501b2	c6bed2d6e74bc28081ba039b6b2745d6	2a96aebed5402bae695b4152e1585f1b
40537	72cab4c1d74e2d8cc95d6bff117501b2	c6bed2d6e74bc28081ba039b6b2745d6	2a96aebed5402bae695b4152e1585f1b
40538	72cab4c1d74e2d8cc95d6bff117501b2	c6bed2d6e74bc28081ba039b6b2745d6	2a96aebed5402bae695b4152e1585f1b
40539	72cab4c1d74e2d8cc95d6bff117501b2	c6bed2d6e74bc28081ba039b6b2745d6	2a96aebed5402bae695b4152e1585f1b
40540	72cab4c1d74e2d8cc95d6bff117501b2	c6bed2d6e74bc28081ba039b6b2745d6	2a96aebed5402bae695b4152e1585f1b
40541	ad1a3f3c908dd74f259959b2f14ea17a	58243674058c7783d12f6d5da27fb828	cc295b864e7c023dff329c5c957a29a9
40542	8fcddd750e4973753e8410c586a262eb	8ba6987ae60014e91bcf5b058a8ccc61	157e4551069ee9bb69df6e3bb5c84fb4
40543	8fcddd750e4973753e8410c586a262eb	8ba6987ae60014e91bcf5b058a8ccc61	157e4551069ee9bb69df6e3bb5c84fb4
40544	8fcddd750e4973753e8410c586a262eb	8ba6987ae60014e91bcf5b058a8ccc61	157e4551069ee9bb69df6e3bb5c84fb4
40545	8fcddd750e4973753e8410c586a262eb	8ba6987ae60014e91bcf5b058a8ccc61	157e4551069ee9bb69df6e3bb5c84fb4
40546	8fcddd750e4973753e8410c586a262eb	8ba6987ae60014e91bcf5b058a8ccc61	157e4551069ee9bb69df6e3bb5c84fb4
40547	8fcddd750e4973753e8410c586a262eb	8ba6987ae60014e91bcf5b058a8ccc61	157e4551069ee9bb69df6e3bb5c84fb4
40548	8fcddd750e4973753e8410c586a262eb	8ba6987ae60014e91bcf5b058a8ccc61	157e4551069ee9bb69df6e3bb5c84fb4
40549	2198cb670bbf6db2d549b1347c515e8b	604c8e730edc62f1e0c024ca000637e4	1c23e61b2ebc640522dd0e12ec3c010a
40550	5fdda0d93abc347b5c0241f689d0e5f2	e441af386a199a50276fba9c850aed48	87e0228b3a988df6ac1a90cbfa699e8a
40551	5fdda0d93abc347b5c0241f689d0e5f2	e441af386a199a50276fba9c850aed48	87e0228b3a988df6ac1a90cbfa699e8a
40552	840760b73e866511bc3b9c002db8628f	16caa8f42815e48ea955efa305faad92	88bdd0181c335ec4815a255993caf00c
40553	840760b73e866511bc3b9c002db8628f	16caa8f42815e48ea955efa305faad92	88bdd0181c335ec4815a255993caf00c
40554	39bfecbf0c2e37330f4e4675af55d21b	5497f5df94aaf240f8ef0c01e923f944	136a4ac60924dd9d043ad15bcf2f46f6
40555	39bfecbf0c2e37330f4e4675af55d21b	5497f5df94aaf240f8ef0c01e923f944	136a4ac60924dd9d043ad15bcf2f46f6
40556	39bfecbf0c2e37330f4e4675af55d21b	5497f5df94aaf240f8ef0c01e923f944	136a4ac60924dd9d043ad15bcf2f46f6
40557	39bfecbf0c2e37330f4e4675af55d21b	5497f5df94aaf240f8ef0c01e923f944	136a4ac60924dd9d043ad15bcf2f46f6
40558	39bfecbf0c2e37330f4e4675af55d21b	5497f5df94aaf240f8ef0c01e923f944	136a4ac60924dd9d043ad15bcf2f46f6
40559	2acd62493c284d5216264a272add6155	0d701586db98caa1fffced0aa4c6ff6b	996e95bc5564b85acae71c89367e62bd
40560	39bfecbf0c2e37330f4e4675af55d21b	5497f5df94aaf240f8ef0c01e923f944	136a4ac60924dd9d043ad15bcf2f46f6
40561	44d33d5b9373ee100e8190728fcc9600	abdd638b80280c774d0c275c589a89de	be9f14ab1ba5b379dcb0bea8989abbd3
40562	44d33d5b9373ee100e8190728fcc9600	abdd638b80280c774d0c275c589a89de	be9f14ab1ba5b379dcb0bea8989abbd3
40563	44d33d5b9373ee100e8190728fcc9600	abdd638b80280c774d0c275c589a89de	be9f14ab1ba5b379dcb0bea8989abbd3
40564	7aa3302f807a9138ce4301780fcff542	07d8298bf889a1ed2d53f998ca421f8f	a517b45576831fd5e24b6174a9abcd00
40565	7aa3302f807a9138ce4301780fcff542	07d8298bf889a1ed2d53f998ca421f8f	a517b45576831fd5e24b6174a9abcd00
40566	da171eeb365195a4fde3974e9bee7f24	35080331be52225a89240261789047cd	e0d35f512ab5cff871a63770a324a627
40567	da171eeb365195a4fde3974e9bee7f24	35080331be52225a89240261789047cd	e0d35f512ab5cff871a63770a324a627
40568	da171eeb365195a4fde3974e9bee7f24	35080331be52225a89240261789047cd	e0d35f512ab5cff871a63770a324a627
40569	da171eeb365195a4fde3974e9bee7f24	35080331be52225a89240261789047cd	e0d35f512ab5cff871a63770a324a627
40570	da171eeb365195a4fde3974e9bee7f24	35080331be52225a89240261789047cd	e0d35f512ab5cff871a63770a324a627
40571	da171eeb365195a4fde3974e9bee7f24	35080331be52225a89240261789047cd	e0d35f512ab5cff871a63770a324a627
40572	da171eeb365195a4fde3974e9bee7f24	35080331be52225a89240261789047cd	e0d35f512ab5cff871a63770a324a627
40573	508c7ca3c25c43fcfc2cf66359f6a052	0f94162c97c65ac55917e3551598b8b1	bb79aab5d3148b39fd0b43f4dd08fc0d
40574	508c7ca3c25c43fcfc2cf66359f6a052	0f94162c97c65ac55917e3551598b8b1	bb79aab5d3148b39fd0b43f4dd08fc0d
40575	508c7ca3c25c43fcfc2cf66359f6a052	0f94162c97c65ac55917e3551598b8b1	bb79aab5d3148b39fd0b43f4dd08fc0d
40576	508c7ca3c25c43fcfc2cf66359f6a052	0f94162c97c65ac55917e3551598b8b1	bb79aab5d3148b39fd0b43f4dd08fc0d
40577	508c7ca3c25c43fcfc2cf66359f6a052	0f94162c97c65ac55917e3551598b8b1	bb79aab5d3148b39fd0b43f4dd08fc0d
40578	508c7ca3c25c43fcfc2cf66359f6a052	0f94162c97c65ac55917e3551598b8b1	bb79aab5d3148b39fd0b43f4dd08fc0d
40579	508c7ca3c25c43fcfc2cf66359f6a052	0f94162c97c65ac55917e3551598b8b1	bb79aab5d3148b39fd0b43f4dd08fc0d
40580	508c7ca3c25c43fcfc2cf66359f6a052	0f94162c97c65ac55917e3551598b8b1	bb79aab5d3148b39fd0b43f4dd08fc0d
40581	508c7ca3c25c43fcfc2cf66359f6a052	0f94162c97c65ac55917e3551598b8b1	bb79aab5d3148b39fd0b43f4dd08fc0d
40582	508c7ca3c25c43fcfc2cf66359f6a052	0f94162c97c65ac55917e3551598b8b1	bb79aab5d3148b39fd0b43f4dd08fc0d
40583	fce6c08f5bbd8b838b5db09e1121acae	f0869c03db0eeecf987b40a16a935f06	4cfb2f562a00ab3154689fe244d3bdae
40584	fce6c08f5bbd8b838b5db09e1121acae	f0869c03db0eeecf987b40a16a935f06	4cfb2f562a00ab3154689fe244d3bdae
40585	fce6c08f5bbd8b838b5db09e1121acae	f0869c03db0eeecf987b40a16a935f06	4cfb2f562a00ab3154689fe244d3bdae
40586	fce6c08f5bbd8b838b5db09e1121acae	f0869c03db0eeecf987b40a16a935f06	4cfb2f562a00ab3154689fe244d3bdae
40587	fce6c08f5bbd8b838b5db09e1121acae	f0869c03db0eeecf987b40a16a935f06	4cfb2f562a00ab3154689fe244d3bdae
40588	fce6c08f5bbd8b838b5db09e1121acae	f0869c03db0eeecf987b40a16a935f06	4cfb2f562a00ab3154689fe244d3bdae
40589	fce6c08f5bbd8b838b5db09e1121acae	f0869c03db0eeecf987b40a16a935f06	4cfb2f562a00ab3154689fe244d3bdae
40590	861ebb59a3b5da96a40911bc3b723e01	f305e3a08e3223a19c5bcf62363ba8a2	19095eff24b527c90d05e03d4b2cb359
40591	861ebb59a3b5da96a40911bc3b723e01	f305e3a08e3223a19c5bcf62363ba8a2	19095eff24b527c90d05e03d4b2cb359
40592	861ebb59a3b5da96a40911bc3b723e01	f305e3a08e3223a19c5bcf62363ba8a2	19095eff24b527c90d05e03d4b2cb359
40593	861ebb59a3b5da96a40911bc3b723e01	f305e3a08e3223a19c5bcf62363ba8a2	19095eff24b527c90d05e03d4b2cb359
40594	861ebb59a3b5da96a40911bc3b723e01	f305e3a08e3223a19c5bcf62363ba8a2	19095eff24b527c90d05e03d4b2cb359
40595	eec82ffe3752a2e5e34186520e936adf	19e5cd766a1ec6be159dbacac690e378	ea35d3d631c9383387aa849406f5f705
40596	eec82ffe3752a2e5e34186520e936adf	19e5cd766a1ec6be159dbacac690e378	ea35d3d631c9383387aa849406f5f705
40597	eec82ffe3752a2e5e34186520e936adf	19e5cd766a1ec6be159dbacac690e378	ea35d3d631c9383387aa849406f5f705
40598	eec82ffe3752a2e5e34186520e936adf	19e5cd766a1ec6be159dbacac690e378	ea35d3d631c9383387aa849406f5f705
40599	eec82ffe3752a2e5e34186520e936adf	19e5cd766a1ec6be159dbacac690e378	ea35d3d631c9383387aa849406f5f705
40600	eec82ffe3752a2e5e34186520e936adf	19e5cd766a1ec6be159dbacac690e378	ea35d3d631c9383387aa849406f5f705
40601	eec82ffe3752a2e5e34186520e936adf	19e5cd766a1ec6be159dbacac690e378	ea35d3d631c9383387aa849406f5f705
40602	d6489d571ca0f815d91cdf1102fb8856	4bea273c9b58083bb6981f1c9ba40655	3e5b563d1473b393e6f68f9b13176cb2
40603	d6489d571ca0f815d91cdf1102fb8856	4bea273c9b58083bb6981f1c9ba40655	3e5b563d1473b393e6f68f9b13176cb2
40604	d6489d571ca0f815d91cdf1102fb8856	4bea273c9b58083bb6981f1c9ba40655	3e5b563d1473b393e6f68f9b13176cb2
40605	d6489d571ca0f815d91cdf1102fb8856	4bea273c9b58083bb6981f1c9ba40655	3e5b563d1473b393e6f68f9b13176cb2
40606	d6489d571ca0f815d91cdf1102fb8856	4bea273c9b58083bb6981f1c9ba40655	3e5b563d1473b393e6f68f9b13176cb2
40607	e9fea9285261cf4f3869797052e823c2	b4037d57a5b64504bc5bb49e47e002bd	672025cdbdb171c6dc91c5287c918b36
40608	6f6378284498ab37b8f6fae7c916a8dc	6791906ce83293cfb7e730d42c278b8a	84e5636e49522cc32bf98450905336c6
40609	e9fea9285261cf4f3869797052e823c2	b4037d57a5b64504bc5bb49e47e002bd	672025cdbdb171c6dc91c5287c918b36
40610	464366b0b5ee67a8c5efa9e652de8943	65c9b761c1d083ca8261decf7d4b8179	3428f3225fca806c9cd576dc17c679a6
40611	464366b0b5ee67a8c5efa9e652de8943	65c9b761c1d083ca8261decf7d4b8179	3428f3225fca806c9cd576dc17c679a6
40612	dfa8bc8426578a3dad846e0b3726dd4d	adb2e148b65835d5efa38df05e9b740e	aa1a8f21d54d22a8fed7c941ff4bf67a
40613	dfa8bc8426578a3dad846e0b3726dd4d	adb2e148b65835d5efa38df05e9b740e	aa1a8f21d54d22a8fed7c941ff4bf67a
40614	dfa8bc8426578a3dad846e0b3726dd4d	adb2e148b65835d5efa38df05e9b740e	aa1a8f21d54d22a8fed7c941ff4bf67a
40615	dfa8bc8426578a3dad846e0b3726dd4d	adb2e148b65835d5efa38df05e9b740e	aa1a8f21d54d22a8fed7c941ff4bf67a
40616	dfa8bc8426578a3dad846e0b3726dd4d	adb2e148b65835d5efa38df05e9b740e	aa1a8f21d54d22a8fed7c941ff4bf67a
40617	dfa8bc8426578a3dad846e0b3726dd4d	adb2e148b65835d5efa38df05e9b740e	aa1a8f21d54d22a8fed7c941ff4bf67a
40618	dfa8bc8426578a3dad846e0b3726dd4d	adb2e148b65835d5efa38df05e9b740e	aa1a8f21d54d22a8fed7c941ff4bf67a
40619	b88078425e7fbb2244a4dd83e4e11a03	b2d5b0c6cc8641ff2595d12a49f16125	22b4532e341651d198bd734f4969f9ef
40620	b88078425e7fbb2244a4dd83e4e11a03	b2d5b0c6cc8641ff2595d12a49f16125	22b4532e341651d198bd734f4969f9ef
40621	b88078425e7fbb2244a4dd83e4e11a03	b2d5b0c6cc8641ff2595d12a49f16125	22b4532e341651d198bd734f4969f9ef
40622	b88078425e7fbb2244a4dd83e4e11a03	b2d5b0c6cc8641ff2595d12a49f16125	22b4532e341651d198bd734f4969f9ef
40623	b88078425e7fbb2244a4dd83e4e11a03	b2d5b0c6cc8641ff2595d12a49f16125	22b4532e341651d198bd734f4969f9ef
40624	6183bf9b0360248ccd94063d239bc951	9a1d9ca863f2a1be9063538da1aedbcd	19217b9a5f7f5401c1bcf55e9d8a6c2a
40625	6183bf9b0360248ccd94063d239bc951	9a1d9ca863f2a1be9063538da1aedbcd	19217b9a5f7f5401c1bcf55e9d8a6c2a
40626	6183bf9b0360248ccd94063d239bc951	9a1d9ca863f2a1be9063538da1aedbcd	19217b9a5f7f5401c1bcf55e9d8a6c2a
40627	ca5079906bfc9c787568d65230bb40b0	d1201ce8f08ca7294e0f11c739c39b9d	be87115c1f013a1ec559c1af1024237d
40628	45b5ce9b9e26daec3011db1271e19c01	2af3ad23f3a8bd0fe38e7eb996eb1688	ef7d59a4ef35b800e2d8cfbebd6ccd0c
40629	49b2ddd564d6ff3272e8c864cf0aa6c3	e1996518f4b509b6e55c907e31a02a3c	79561e048f5376b5ef58f0e0b989404f
40630	49b2ddd564d6ff3272e8c864cf0aa6c3	e1996518f4b509b6e55c907e31a02a3c	79561e048f5376b5ef58f0e0b989404f
40631	7a687e24aa7e25f0ba9263a7ca1a52ea	2ed8e5b4ef59403225f2165c1d808d1b	afb18bf2dbeffced1c0c958f3c903d0a
40632	7a687e24aa7e25f0ba9263a7ca1a52ea	2ed8e5b4ef59403225f2165c1d808d1b	afb18bf2dbeffced1c0c958f3c903d0a
40633	7a687e24aa7e25f0ba9263a7ca1a52ea	2ed8e5b4ef59403225f2165c1d808d1b	afb18bf2dbeffced1c0c958f3c903d0a
40634	812088a39d0a6d694ca0c5873622bcad	95c26114431ef6e546ae479619cf70db	4eafd2c53239904d495e431bf4598036
40635	7a687e24aa7e25f0ba9263a7ca1a52ea	2ed8e5b4ef59403225f2165c1d808d1b	afb18bf2dbeffced1c0c958f3c903d0a
40636	8fc105455f67666492d459667b7784ed	1b1286ac17558d59eb38194fcb4fd6d9	2802bcb3c79d2526c2859fe5d7b2bd19
40637	8fc105455f67666492d459667b7784ed	1b1286ac17558d59eb38194fcb4fd6d9	2802bcb3c79d2526c2859fe5d7b2bd19
40638	8fc105455f67666492d459667b7784ed	1b1286ac17558d59eb38194fcb4fd6d9	2802bcb3c79d2526c2859fe5d7b2bd19
40639	8fc105455f67666492d459667b7784ed	1b1286ac17558d59eb38194fcb4fd6d9	2802bcb3c79d2526c2859fe5d7b2bd19
40640	8fc105455f67666492d459667b7784ed	1b1286ac17558d59eb38194fcb4fd6d9	2802bcb3c79d2526c2859fe5d7b2bd19
40641	8fc105455f67666492d459667b7784ed	1b1286ac17558d59eb38194fcb4fd6d9	2802bcb3c79d2526c2859fe5d7b2bd19
40642	8fc105455f67666492d459667b7784ed	1b1286ac17558d59eb38194fcb4fd6d9	2802bcb3c79d2526c2859fe5d7b2bd19
40643	8fc105455f67666492d459667b7784ed	1b1286ac17558d59eb38194fcb4fd6d9	2802bcb3c79d2526c2859fe5d7b2bd19
40644	8fc105455f67666492d459667b7784ed	1b1286ac17558d59eb38194fcb4fd6d9	2802bcb3c79d2526c2859fe5d7b2bd19
40645	8fc105455f67666492d459667b7784ed	1b1286ac17558d59eb38194fcb4fd6d9	2802bcb3c79d2526c2859fe5d7b2bd19
40646	8fc105455f67666492d459667b7784ed	1b1286ac17558d59eb38194fcb4fd6d9	2802bcb3c79d2526c2859fe5d7b2bd19
40647	8fc105455f67666492d459667b7784ed	1b1286ac17558d59eb38194fcb4fd6d9	2802bcb3c79d2526c2859fe5d7b2bd19
40648	96cb5a70cd11e96c9be53c482398320d	d15998622de6bbf25ce0245797ab3a63	b7f72178dd23a1c3452919bcac28e342
40649	96cb5a70cd11e96c9be53c482398320d	d15998622de6bbf25ce0245797ab3a63	b7f72178dd23a1c3452919bcac28e342
40650	96cb5a70cd11e96c9be53c482398320d	d15998622de6bbf25ce0245797ab3a63	b7f72178dd23a1c3452919bcac28e342
40651	96cb5a70cd11e96c9be53c482398320d	d15998622de6bbf25ce0245797ab3a63	b7f72178dd23a1c3452919bcac28e342
40652	96cb5a70cd11e96c9be53c482398320d	d15998622de6bbf25ce0245797ab3a63	b7f72178dd23a1c3452919bcac28e342
40653	1284ba34bb0065008b304eea5633d58f	1981bdafeec2860c0d5940475fb7eaa5	79d4e518024ad98420e5ba68a18be4e8
40654	1284ba34bb0065008b304eea5633d58f	1981bdafeec2860c0d5940475fb7eaa5	79d4e518024ad98420e5ba68a18be4e8
40655	1284ba34bb0065008b304eea5633d58f	1981bdafeec2860c0d5940475fb7eaa5	79d4e518024ad98420e5ba68a18be4e8
40656	1284ba34bb0065008b304eea5633d58f	1981bdafeec2860c0d5940475fb7eaa5	79d4e518024ad98420e5ba68a18be4e8
40657	1284ba34bb0065008b304eea5633d58f	1981bdafeec2860c0d5940475fb7eaa5	79d4e518024ad98420e5ba68a18be4e8
40658	1284ba34bb0065008b304eea5633d58f	1981bdafeec2860c0d5940475fb7eaa5	79d4e518024ad98420e5ba68a18be4e8
40659	1284ba34bb0065008b304eea5633d58f	1981bdafeec2860c0d5940475fb7eaa5	79d4e518024ad98420e5ba68a18be4e8
40660	1284ba34bb0065008b304eea5633d58f	1981bdafeec2860c0d5940475fb7eaa5	79d4e518024ad98420e5ba68a18be4e8
40661	1284ba34bb0065008b304eea5633d58f	1981bdafeec2860c0d5940475fb7eaa5	79d4e518024ad98420e5ba68a18be4e8
40662	1284ba34bb0065008b304eea5633d58f	1981bdafeec2860c0d5940475fb7eaa5	79d4e518024ad98420e5ba68a18be4e8
40663	1284ba34bb0065008b304eea5633d58f	1981bdafeec2860c0d5940475fb7eaa5	79d4e518024ad98420e5ba68a18be4e8
40664	1284ba34bb0065008b304eea5633d58f	1981bdafeec2860c0d5940475fb7eaa5	79d4e518024ad98420e5ba68a18be4e8
40665	ceb5d3c2827f432be5eefca272a25d09	286c9b0d1544b2ca3b4e0ab8ed0fae92	b0f340e2363c9b2b75edc674ce965e29
40666	ceb5d3c2827f432be5eefca272a25d09	286c9b0d1544b2ca3b4e0ab8ed0fae92	b0f340e2363c9b2b75edc674ce965e29
40667	ceb5d3c2827f432be5eefca272a25d09	286c9b0d1544b2ca3b4e0ab8ed0fae92	b0f340e2363c9b2b75edc674ce965e29
40668	ceb5d3c2827f432be5eefca272a25d09	286c9b0d1544b2ca3b4e0ab8ed0fae92	b0f340e2363c9b2b75edc674ce965e29
40669	ceb5d3c2827f432be5eefca272a25d09	286c9b0d1544b2ca3b4e0ab8ed0fae92	b0f340e2363c9b2b75edc674ce965e29
40670	ceb5d3c2827f432be5eefca272a25d09	286c9b0d1544b2ca3b4e0ab8ed0fae92	b0f340e2363c9b2b75edc674ce965e29
40671	ceb5d3c2827f432be5eefca272a25d09	286c9b0d1544b2ca3b4e0ab8ed0fae92	b0f340e2363c9b2b75edc674ce965e29
40672	f5c4e0b752bb0b20d161aee11d2fe795	cf6f9c7ba1e928320500950f35e22e45	2f6829cd3f44608ef3557b53dba8984b
40673	f5c4e0b752bb0b20d161aee11d2fe795	cf6f9c7ba1e928320500950f35e22e45	2f6829cd3f44608ef3557b53dba8984b
40674	f5c4e0b752bb0b20d161aee11d2fe795	cf6f9c7ba1e928320500950f35e22e45	2f6829cd3f44608ef3557b53dba8984b
40675	c58f2fa5a7f870bed1c3b291a811bb02	5e09d8b1c782e4236a443429187384aa	1e4c9d01a67c239b67d81f55d661847a
40676	c58f2fa5a7f870bed1c3b291a811bb02	5e09d8b1c782e4236a443429187384aa	1e4c9d01a67c239b67d81f55d661847a
40677	f5c4e0b752bb0b20d161aee11d2fe795	cf6f9c7ba1e928320500950f35e22e45	2f6829cd3f44608ef3557b53dba8984b
40678	f5c4e0b752bb0b20d161aee11d2fe795	cf6f9c7ba1e928320500950f35e22e45	2f6829cd3f44608ef3557b53dba8984b
40679	f5c4e0b752bb0b20d161aee11d2fe795	cf6f9c7ba1e928320500950f35e22e45	2f6829cd3f44608ef3557b53dba8984b
40680	438414542d0b40ff4d2a66a0502e7367	62cf1c98394ad149c642222b759adde9	743c6783d5fd848fdb9e6b4ad8c92e7c
40681	a1f633795eed074e61c20c413aa1b648	c8a000ae6098ac08c3da4ebdd63547f0	48e7d91cecefceb427edbf9369501aa7
40682	d164641219650fb5328306df268f0fd8	cb8834c04cab69590f6ad3e36d16dae3	c060356bb48f81858238f7987ba64585
40683	d164641219650fb5328306df268f0fd8	cb8834c04cab69590f6ad3e36d16dae3	c060356bb48f81858238f7987ba64585
40684	d164641219650fb5328306df268f0fd8	cb8834c04cab69590f6ad3e36d16dae3	c060356bb48f81858238f7987ba64585
40685	d164641219650fb5328306df268f0fd8	cb8834c04cab69590f6ad3e36d16dae3	c060356bb48f81858238f7987ba64585
40686	d164641219650fb5328306df268f0fd8	cb8834c04cab69590f6ad3e36d16dae3	c060356bb48f81858238f7987ba64585
40687	d164641219650fb5328306df268f0fd8	cb8834c04cab69590f6ad3e36d16dae3	c060356bb48f81858238f7987ba64585
40688	d164641219650fb5328306df268f0fd8	cb8834c04cab69590f6ad3e36d16dae3	c060356bb48f81858238f7987ba64585
40689	1922de6da8ec131b86d54240d1508d26	292c570fd253c512539f2e0428881a3f	11cf45a9b11ff33bc33f678b2d9af596
40690	3752bdfce36de24b2b5bae68d8b38247	c02bc128c5da84f7120faebfe095a0bf	e13fde0a7dbb2b302b0257ee88ed5d1a
40691	edfff9bec25868f808292f2e364c7a4f	1e3ef3004125392cdf914aff6d3835c8	bf082eb7f5c857f9202aa21deb9a8129
40692	10039acafd1b9ad2e499bba26152d62b	11f676e10b91311190cb7c3ce38f292c	eca8f37f4944ae270108cd0fae2ac332
40693	10039acafd1b9ad2e499bba26152d62b	a71b39cb8afe51094954f06e3851d0de	24324ed10aa4326d38e571500de797fc
40694	79cffa0e4e9389c64430a0ed687323c6	21e2d83010b59290c2467ff705091f30	2ca795e8d1be3dd63fc0ee239c7ee024
40695	79cffa0e4e9389c64430a0ed687323c6	21e2d83010b59290c2467ff705091f30	2ca795e8d1be3dd63fc0ee239c7ee024
40696	79cffa0e4e9389c64430a0ed687323c6	21e2d83010b59290c2467ff705091f30	2ca795e8d1be3dd63fc0ee239c7ee024
40697	79cffa0e4e9389c64430a0ed687323c6	21e2d83010b59290c2467ff705091f30	2ca795e8d1be3dd63fc0ee239c7ee024
40698	79cffa0e4e9389c64430a0ed687323c6	21e2d83010b59290c2467ff705091f30	2ca795e8d1be3dd63fc0ee239c7ee024
40699	79cffa0e4e9389c64430a0ed687323c6	21e2d83010b59290c2467ff705091f30	2ca795e8d1be3dd63fc0ee239c7ee024
40700	79cffa0e4e9389c64430a0ed687323c6	21e2d83010b59290c2467ff705091f30	2ca795e8d1be3dd63fc0ee239c7ee024
40701	79cffa0e4e9389c64430a0ed687323c6	21e2d83010b59290c2467ff705091f30	2ca795e8d1be3dd63fc0ee239c7ee024
40702	79cffa0e4e9389c64430a0ed687323c6	21e2d83010b59290c2467ff705091f30	2ca795e8d1be3dd63fc0ee239c7ee024
40703	79cffa0e4e9389c64430a0ed687323c6	21e2d83010b59290c2467ff705091f30	2ca795e8d1be3dd63fc0ee239c7ee024
40704	79cffa0e4e9389c64430a0ed687323c6	21e2d83010b59290c2467ff705091f30	2ca795e8d1be3dd63fc0ee239c7ee024
40705	79cffa0e4e9389c64430a0ed687323c6	21e2d83010b59290c2467ff705091f30	2ca795e8d1be3dd63fc0ee239c7ee024
40706	79cffa0e4e9389c64430a0ed687323c6	21e2d83010b59290c2467ff705091f30	2ca795e8d1be3dd63fc0ee239c7ee024
40707	79cffa0e4e9389c64430a0ed687323c6	21e2d83010b59290c2467ff705091f30	2ca795e8d1be3dd63fc0ee239c7ee024
40708	79cffa0e4e9389c64430a0ed687323c6	21e2d83010b59290c2467ff705091f30	2ca795e8d1be3dd63fc0ee239c7ee024
40709	79cffa0e4e9389c64430a0ed687323c6	21e2d83010b59290c2467ff705091f30	2ca795e8d1be3dd63fc0ee239c7ee024
40710	79cffa0e4e9389c64430a0ed687323c6	21e2d83010b59290c2467ff705091f30	2ca795e8d1be3dd63fc0ee239c7ee024
40711	4502b5c9b4b850d1add4bc6d88a78641	6db290b26a84330eb9928008ffedeec9	d3e92d0a8118d6ed725f9e37852b94e0
40712	4502b5c9b4b850d1add4bc6d88a78641	6db290b26a84330eb9928008ffedeec9	d3e92d0a8118d6ed725f9e37852b94e0
40713	4502b5c9b4b850d1add4bc6d88a78641	6db290b26a84330eb9928008ffedeec9	d3e92d0a8118d6ed725f9e37852b94e0
40714	f9be261d6b6dd9b8948d9f908e4a2375	425f9dad5c443f6c5592a0991ff653f2	d2b432ba4beb45179e0defabb100af4b
40715	238da8bb95c8c5013607f1902f694999	c77c507634cad940c7ab319f38b4b93c	f9c45de385b76ef3eccc00dd882ec8e5
40716	8afce15ac4c19ebdba197bb5c8251fb5	c5371338c9b02050de305bf600a1490f	8ee533e88ad3886b41f2a1c5228d5506
40717	8afce15ac4c19ebdba197bb5c8251fb5	c5371338c9b02050de305bf600a1490f	8ee533e88ad3886b41f2a1c5228d5506
40718	ca39291439f13c7c0ef0f47da2cb62a4	231f223cc4103ee35158dfe5be0d8188	81ac541590a378478a15f6ce50d32e98
40719	ca39291439f13c7c0ef0f47da2cb62a4	231f223cc4103ee35158dfe5be0d8188	81ac541590a378478a15f6ce50d32e98
40720	ca39291439f13c7c0ef0f47da2cb62a4	231f223cc4103ee35158dfe5be0d8188	81ac541590a378478a15f6ce50d32e98
40721	ca39291439f13c7c0ef0f47da2cb62a4	231f223cc4103ee35158dfe5be0d8188	81ac541590a378478a15f6ce50d32e98
40722	ca39291439f13c7c0ef0f47da2cb62a4	231f223cc4103ee35158dfe5be0d8188	81ac541590a378478a15f6ce50d32e98
40723	2f656539c902a9ad124ad9c45f531b4b	2d15b740f98448650288e62f9be7d286	e6115fa176253f94cc4745b24a74e8e5
40724	2f656539c902a9ad124ad9c45f531b4b	2d15b740f98448650288e62f9be7d286	e6115fa176253f94cc4745b24a74e8e5
40725	2f656539c902a9ad124ad9c45f531b4b	2d15b740f98448650288e62f9be7d286	e6115fa176253f94cc4745b24a74e8e5
40726	2f656539c902a9ad124ad9c45f531b4b	2d15b740f98448650288e62f9be7d286	e6115fa176253f94cc4745b24a74e8e5
40727	2f656539c902a9ad124ad9c45f531b4b	2d15b740f98448650288e62f9be7d286	e6115fa176253f94cc4745b24a74e8e5
40728	2f656539c902a9ad124ad9c45f531b4b	2d15b740f98448650288e62f9be7d286	e6115fa176253f94cc4745b24a74e8e5
40729	2f656539c902a9ad124ad9c45f531b4b	2d15b740f98448650288e62f9be7d286	e6115fa176253f94cc4745b24a74e8e5
40730	c2e2c769490e0793bcf1558ec47d8db2	39b206e0b60ee93f7744433ced660711	8ab6c51cc31d5f503dd42410c92334a8
40731	c2e2c769490e0793bcf1558ec47d8db2	39b206e0b60ee93f7744433ced660711	8ab6c51cc31d5f503dd42410c92334a8
40732	c2e2c769490e0793bcf1558ec47d8db2	39b206e0b60ee93f7744433ced660711	8ab6c51cc31d5f503dd42410c92334a8
40733	c2e2c769490e0793bcf1558ec47d8db2	39b206e0b60ee93f7744433ced660711	8ab6c51cc31d5f503dd42410c92334a8
40734	c2e2c769490e0793bcf1558ec47d8db2	39b206e0b60ee93f7744433ced660711	8ab6c51cc31d5f503dd42410c92334a8
40735	f7a0bb407eca4321a1cb3964056ee57e	1106de9e45d38c5263261c401b444279	fe02f04158ceebb7497785eaea1aebe2
40736	f7a0bb407eca4321a1cb3964056ee57e	1106de9e45d38c5263261c401b444279	fe02f04158ceebb7497785eaea1aebe2
40737	f7a0bb407eca4321a1cb3964056ee57e	1106de9e45d38c5263261c401b444279	fe02f04158ceebb7497785eaea1aebe2
40738	f7a0bb407eca4321a1cb3964056ee57e	1106de9e45d38c5263261c401b444279	fe02f04158ceebb7497785eaea1aebe2
40739	f7a0bb407eca4321a1cb3964056ee57e	1106de9e45d38c5263261c401b444279	fe02f04158ceebb7497785eaea1aebe2
40740	f7a0bb407eca4321a1cb3964056ee57e	1106de9e45d38c5263261c401b444279	fe02f04158ceebb7497785eaea1aebe2
40741	f7a0bb407eca4321a1cb3964056ee57e	1106de9e45d38c5263261c401b444279	fe02f04158ceebb7497785eaea1aebe2
40742	290c479e3169aa5c548a0a6d0df98bb1	7370cff6c6f4c35ca9fb7d9bc8550879	05a35aab81876d944197c0bdef59d059
40743	290c479e3169aa5c548a0a6d0df98bb1	7370cff6c6f4c35ca9fb7d9bc8550879	05a35aab81876d944197c0bdef59d059
40744	290c479e3169aa5c548a0a6d0df98bb1	7370cff6c6f4c35ca9fb7d9bc8550879	05a35aab81876d944197c0bdef59d059
40745	290c479e3169aa5c548a0a6d0df98bb1	7370cff6c6f4c35ca9fb7d9bc8550879	05a35aab81876d944197c0bdef59d059
40746	290c479e3169aa5c548a0a6d0df98bb1	7370cff6c6f4c35ca9fb7d9bc8550879	05a35aab81876d944197c0bdef59d059
40747	dc72a8f2f4846fad71c958fca705ef0c	32773b3b615f268b50a062e6786d9986	81c6cef641a4e22f1314640f31c4f61c
40748	dc72a8f2f4846fad71c958fca705ef0c	32773b3b615f268b50a062e6786d9986	81c6cef641a4e22f1314640f31c4f61c
40749	dc72a8f2f4846fad71c958fca705ef0c	32773b3b615f268b50a062e6786d9986	81c6cef641a4e22f1314640f31c4f61c
40750	63c92195c7ca3ef31400c45815bc001f	6ef293b10781d5d3164ddab9c8e251e5	8768d2a590946e4440c9814080064e60
40751	c662410721f17a04e53c67444900ae24	c946243b9e37a83b924fdcd01d712159	51fcd48478229f0ae5b7197b8c0d7910
40752	ad9deb432d4320f06d5f4ff7c0b57f69	1dd533bde34e659399c86f82ce239f37	d46094bcefedbadd4ddf255535fb5d4a
40753	ad9deb432d4320f06d5f4ff7c0b57f69	1dd533bde34e659399c86f82ce239f37	d46094bcefedbadd4ddf255535fb5d4a
40754	ad9deb432d4320f06d5f4ff7c0b57f69	1dd533bde34e659399c86f82ce239f37	d46094bcefedbadd4ddf255535fb5d4a
40755	8ccf730967d91f047726a1dd37c71a14	e763c06c1cac2b850490fc701e3b76c8	c86e86be42274a8bf1da7842314b82f2
40756	8ccf730967d91f047726a1dd37c71a14	e763c06c1cac2b850490fc701e3b76c8	c86e86be42274a8bf1da7842314b82f2
40757	62b31b03be9331fcac77bee7d8c37e9b	a8fecb2239176cddcd446d3469bc3f73	385e23c8ab20f95fa1725c861f1a084f
40758	62b31b03be9331fcac77bee7d8c37e9b	62f675e0d77bd50212b444f6c1538890	7e7a86fbf55417b9a3d63e478f42897a
40759	8e5770977ba4d2964f34e91fed5f53eb	bde0a468b242d8e00f5db9044748e51b	6407e918c5cf0afaded6f2c5137a6cab
40760	8e5770977ba4d2964f34e91fed5f53eb	bde0a468b242d8e00f5db9044748e51b	6407e918c5cf0afaded6f2c5137a6cab
40761	8e5770977ba4d2964f34e91fed5f53eb	bde0a468b242d8e00f5db9044748e51b	6407e918c5cf0afaded6f2c5137a6cab
40762	8e5770977ba4d2964f34e91fed5f53eb	bde0a468b242d8e00f5db9044748e51b	6407e918c5cf0afaded6f2c5137a6cab
40763	8e5770977ba4d2964f34e91fed5f53eb	bde0a468b242d8e00f5db9044748e51b	6407e918c5cf0afaded6f2c5137a6cab
40764	cbc44e549ca3e0f9c27c5042c9d7fd27	876d1df7076c888f4fa28656bf38fef9	7229f56a3caca870bda191b5c97b4ef2
40765	cbc44e549ca3e0f9c27c5042c9d7fd27	876d1df7076c888f4fa28656bf38fef9	7229f56a3caca870bda191b5c97b4ef2
40766	cbc44e549ca3e0f9c27c5042c9d7fd27	876d1df7076c888f4fa28656bf38fef9	7229f56a3caca870bda191b5c97b4ef2
40767	cbc44e549ca3e0f9c27c5042c9d7fd27	876d1df7076c888f4fa28656bf38fef9	7229f56a3caca870bda191b5c97b4ef2
40768	cbc44e549ca3e0f9c27c5042c9d7fd27	876d1df7076c888f4fa28656bf38fef9	7229f56a3caca870bda191b5c97b4ef2
40769	cbc44e549ca3e0f9c27c5042c9d7fd27	876d1df7076c888f4fa28656bf38fef9	7229f56a3caca870bda191b5c97b4ef2
40770	cbc44e549ca3e0f9c27c5042c9d7fd27	876d1df7076c888f4fa28656bf38fef9	7229f56a3caca870bda191b5c97b4ef2
40771	06f49f0163a92c6c620a6dabfcf0385d	aed8f513db4198ee02fd0419eb1542d1	1d1eb9bdd5990f9cc67bbe5b47c3366e
40772	098021baadacba3679a8158458ae2412	4c0dd5f13dff29c454b4b55f10acb2f3	c472ce47cb39b54dab2309f25889cac8
40773	098021baadacba3679a8158458ae2412	4c0dd5f13dff29c454b4b55f10acb2f3	c472ce47cb39b54dab2309f25889cac8
40774	098021baadacba3679a8158458ae2412	4c0dd5f13dff29c454b4b55f10acb2f3	c472ce47cb39b54dab2309f25889cac8
40775	098021baadacba3679a8158458ae2412	4c0dd5f13dff29c454b4b55f10acb2f3	c472ce47cb39b54dab2309f25889cac8
40776	098021baadacba3679a8158458ae2412	4c0dd5f13dff29c454b4b55f10acb2f3	c472ce47cb39b54dab2309f25889cac8
40777	098021baadacba3679a8158458ae2412	4c0dd5f13dff29c454b4b55f10acb2f3	c472ce47cb39b54dab2309f25889cac8
40778	098021baadacba3679a8158458ae2412	4c0dd5f13dff29c454b4b55f10acb2f3	c472ce47cb39b54dab2309f25889cac8
40779	098021baadacba3679a8158458ae2412	4c0dd5f13dff29c454b4b55f10acb2f3	c472ce47cb39b54dab2309f25889cac8
40780	098021baadacba3679a8158458ae2412	4c0dd5f13dff29c454b4b55f10acb2f3	c472ce47cb39b54dab2309f25889cac8
40781	946aecee3dfa2faf006bc5af560c48ee	dea2b5bde516689236311e0e03008ef8	7429b247e61107bbed1b99f221157d90
40782	946aecee3dfa2faf006bc5af560c48ee	dea2b5bde516689236311e0e03008ef8	7429b247e61107bbed1b99f221157d90
40783	946aecee3dfa2faf006bc5af560c48ee	dea2b5bde516689236311e0e03008ef8	7429b247e61107bbed1b99f221157d90
40784	946aecee3dfa2faf006bc5af560c48ee	dea2b5bde516689236311e0e03008ef8	7429b247e61107bbed1b99f221157d90
40785	946aecee3dfa2faf006bc5af560c48ee	dea2b5bde516689236311e0e03008ef8	7429b247e61107bbed1b99f221157d90
40786	946aecee3dfa2faf006bc5af560c48ee	dea2b5bde516689236311e0e03008ef8	7429b247e61107bbed1b99f221157d90
40787	946aecee3dfa2faf006bc5af560c48ee	dea2b5bde516689236311e0e03008ef8	7429b247e61107bbed1b99f221157d90
40788	9ddb2e4c58b99d75f2fbc6cdca013e50	b7b47d0f2591960971438d9c3834d825	f6ac9e79f05555a23b7578f39e83f299
40789	9ddb2e4c58b99d75f2fbc6cdca013e50	b7b47d0f2591960971438d9c3834d825	f6ac9e79f05555a23b7578f39e83f299
40790	9ddb2e4c58b99d75f2fbc6cdca013e50	b7b47d0f2591960971438d9c3834d825	f6ac9e79f05555a23b7578f39e83f299
40791	aec0fea554c396dc2c3d2bf70e5eb414	f43e5bd4d542bda708b418e449b7fbf8	3138a8980d462dd0a82c8628631d2970
40792	aec0fea554c396dc2c3d2bf70e5eb414	f43e5bd4d542bda708b418e449b7fbf8	3138a8980d462dd0a82c8628631d2970
40793	f786326f6fcda35c8524d33844ff049a	ef8e0802226f4d14e87199f619c1c808	8e84195fff96ca24e848975378a39354
40794	f786326f6fcda35c8524d33844ff049a	ef8e0802226f4d14e87199f619c1c808	8e84195fff96ca24e848975378a39354
40795	f786326f6fcda35c8524d33844ff049a	ef8e0802226f4d14e87199f619c1c808	8e84195fff96ca24e848975378a39354
40796	f786326f6fcda35c8524d33844ff049a	ef8e0802226f4d14e87199f619c1c808	8e84195fff96ca24e848975378a39354
40797	f786326f6fcda35c8524d33844ff049a	ef8e0802226f4d14e87199f619c1c808	8e84195fff96ca24e848975378a39354
40798	f786326f6fcda35c8524d33844ff049a	ef8e0802226f4d14e87199f619c1c808	8e84195fff96ca24e848975378a39354
40799	f786326f6fcda35c8524d33844ff049a	ef8e0802226f4d14e87199f619c1c808	8e84195fff96ca24e848975378a39354
40800	e197f55565a6ce04ebb8cd37c3b3ed28	2109497638cd06e23ac99491714b53b7	2bbbfdf70d50854b3e27d3f7572865be
40801	e197f55565a6ce04ebb8cd37c3b3ed28	2109497638cd06e23ac99491714b53b7	2bbbfdf70d50854b3e27d3f7572865be
40802	e197f55565a6ce04ebb8cd37c3b3ed28	2109497638cd06e23ac99491714b53b7	2bbbfdf70d50854b3e27d3f7572865be
40803	e197f55565a6ce04ebb8cd37c3b3ed28	2109497638cd06e23ac99491714b53b7	2bbbfdf70d50854b3e27d3f7572865be
40804	e197f55565a6ce04ebb8cd37c3b3ed28	2109497638cd06e23ac99491714b53b7	2bbbfdf70d50854b3e27d3f7572865be
40805	c3fcece33ea78ca16a4fc701632b894e	797651e294dbe5592474f2a90efbb33d	853baf315dd66491b7f459b8fb9d1259
40806	c3fcece33ea78ca16a4fc701632b894e	797651e294dbe5592474f2a90efbb33d	853baf315dd66491b7f459b8fb9d1259
40807	c3fcece33ea78ca16a4fc701632b894e	797651e294dbe5592474f2a90efbb33d	853baf315dd66491b7f459b8fb9d1259
40808	c3fcece33ea78ca16a4fc701632b894e	797651e294dbe5592474f2a90efbb33d	853baf315dd66491b7f459b8fb9d1259
40809	c3fcece33ea78ca16a4fc701632b894e	797651e294dbe5592474f2a90efbb33d	853baf315dd66491b7f459b8fb9d1259
40810	c3fcece33ea78ca16a4fc701632b894e	797651e294dbe5592474f2a90efbb33d	853baf315dd66491b7f459b8fb9d1259
40811	c3fcece33ea78ca16a4fc701632b894e	797651e294dbe5592474f2a90efbb33d	853baf315dd66491b7f459b8fb9d1259
40812	c3fcece33ea78ca16a4fc701632b894e	797651e294dbe5592474f2a90efbb33d	853baf315dd66491b7f459b8fb9d1259
40813	c3fcece33ea78ca16a4fc701632b894e	797651e294dbe5592474f2a90efbb33d	853baf315dd66491b7f459b8fb9d1259
40814	c3fcece33ea78ca16a4fc701632b894e	797651e294dbe5592474f2a90efbb33d	853baf315dd66491b7f459b8fb9d1259
40815	c3fcece33ea78ca16a4fc701632b894e	797651e294dbe5592474f2a90efbb33d	853baf315dd66491b7f459b8fb9d1259
40816	c3fcece33ea78ca16a4fc701632b894e	797651e294dbe5592474f2a90efbb33d	853baf315dd66491b7f459b8fb9d1259
40817	c3fcece33ea78ca16a4fc701632b894e	797651e294dbe5592474f2a90efbb33d	853baf315dd66491b7f459b8fb9d1259
40818	c3fcece33ea78ca16a4fc701632b894e	797651e294dbe5592474f2a90efbb33d	853baf315dd66491b7f459b8fb9d1259
40819	c3fcece33ea78ca16a4fc701632b894e	797651e294dbe5592474f2a90efbb33d	853baf315dd66491b7f459b8fb9d1259
40820	c3fcece33ea78ca16a4fc701632b894e	797651e294dbe5592474f2a90efbb33d	853baf315dd66491b7f459b8fb9d1259
40821	c3fcece33ea78ca16a4fc701632b894e	797651e294dbe5592474f2a90efbb33d	853baf315dd66491b7f459b8fb9d1259
40822	2f0e6fe3ccfe4bef85d8eb127c832684	58b00043701c0de032e5d18f0d917e62	937296eed55cc77262ee3162794183e1
40823	2f0e6fe3ccfe4bef85d8eb127c832684	58b00043701c0de032e5d18f0d917e62	937296eed55cc77262ee3162794183e1
40824	2f0e6fe3ccfe4bef85d8eb127c832684	58b00043701c0de032e5d18f0d917e62	937296eed55cc77262ee3162794183e1
40825	2f0e6fe3ccfe4bef85d8eb127c832684	58b00043701c0de032e5d18f0d917e62	937296eed55cc77262ee3162794183e1
40826	2f0e6fe3ccfe4bef85d8eb127c832684	58b00043701c0de032e5d18f0d917e62	937296eed55cc77262ee3162794183e1
40827	2f0e6fe3ccfe4bef85d8eb127c832684	58b00043701c0de032e5d18f0d917e62	937296eed55cc77262ee3162794183e1
40828	2f0e6fe3ccfe4bef85d8eb127c832684	58b00043701c0de032e5d18f0d917e62	937296eed55cc77262ee3162794183e1
40829	c622d197db27c99f804393b834c2a630	d6ff6ab2dd87e5f486eebae4c338ca6a	a6f0ce11f66aefc6f7f5adc52e2dcf60
40830	c622d197db27c99f804393b834c2a630	d6ff6ab2dd87e5f486eebae4c338ca6a	a6f0ce11f66aefc6f7f5adc52e2dcf60
40831	c622d197db27c99f804393b834c2a630	d6ff6ab2dd87e5f486eebae4c338ca6a	a6f0ce11f66aefc6f7f5adc52e2dcf60
40832	c622d197db27c99f804393b834c2a630	d6ff6ab2dd87e5f486eebae4c338ca6a	a6f0ce11f66aefc6f7f5adc52e2dcf60
40833	c622d197db27c99f804393b834c2a630	d6ff6ab2dd87e5f486eebae4c338ca6a	a6f0ce11f66aefc6f7f5adc52e2dcf60
40834	4532cd45ff7d7a7925f50704687c54b9	25d81d0b934a5086d7ab0142bb48a4f1	fa45418f5fd2a86acad37cd61d47a212
40835	4532cd45ff7d7a7925f50704687c54b9	25d81d0b934a5086d7ab0142bb48a4f1	fa45418f5fd2a86acad37cd61d47a212
40836	4532cd45ff7d7a7925f50704687c54b9	25d81d0b934a5086d7ab0142bb48a4f1	fa45418f5fd2a86acad37cd61d47a212
40837	e50f03c1aa24cb22fad51a67f6554bc1	a8b88408c09e0477858ec063f1e4ad0c	216c468b5ece19adcb82f3ff2bfe27ab
40838	e50f03c1aa24cb22fad51a67f6554bc1	a8b88408c09e0477858ec063f1e4ad0c	216c468b5ece19adcb82f3ff2bfe27ab
40839	e50f03c1aa24cb22fad51a67f6554bc1	a8b88408c09e0477858ec063f1e4ad0c	216c468b5ece19adcb82f3ff2bfe27ab
40840	e50f03c1aa24cb22fad51a67f6554bc1	a8b88408c09e0477858ec063f1e4ad0c	216c468b5ece19adcb82f3ff2bfe27ab
40841	ddc99b84799554bfbe0997556caeaf55	0dca04dea978762135152c51c0904166	f9eeb72b5ee6921a1c20b88e3250c205
40842	ddc99b84799554bfbe0997556caeaf55	0dca04dea978762135152c51c0904166	f9eeb72b5ee6921a1c20b88e3250c205
40843	ddc99b84799554bfbe0997556caeaf55	0dca04dea978762135152c51c0904166	f9eeb72b5ee6921a1c20b88e3250c205
40844	ddc99b84799554bfbe0997556caeaf55	0dca04dea978762135152c51c0904166	f9eeb72b5ee6921a1c20b88e3250c205
40845	ddc99b84799554bfbe0997556caeaf55	0dca04dea978762135152c51c0904166	f9eeb72b5ee6921a1c20b88e3250c205
40846	e6b2b30f72cbd91aca8724760bef9cb8	05f4daac9961b1fc5c66142c20e03c9a	15ccebc8bcfb1f385e2f75f37b232b1d
40847	e6b2b30f72cbd91aca8724760bef9cb8	05f4daac9961b1fc5c66142c20e03c9a	15ccebc8bcfb1f385e2f75f37b232b1d
40848	e6b2b30f72cbd91aca8724760bef9cb8	05f4daac9961b1fc5c66142c20e03c9a	15ccebc8bcfb1f385e2f75f37b232b1d
40849	e6b2b30f72cbd91aca8724760bef9cb8	05f4daac9961b1fc5c66142c20e03c9a	15ccebc8bcfb1f385e2f75f37b232b1d
40850	e6b2b30f72cbd91aca8724760bef9cb8	05f4daac9961b1fc5c66142c20e03c9a	15ccebc8bcfb1f385e2f75f37b232b1d
40851	8bee63ee3eb4ff2f882bca25f842fbeb	1f2b6f1e5fb9dc126f6e71e917ef6b8a	fbd520e30520b8c88b6b494865d280b1
40852	8bee63ee3eb4ff2f882bca25f842fbeb	1f2b6f1e5fb9dc126f6e71e917ef6b8a	fbd520e30520b8c88b6b494865d280b1
40853	8bee63ee3eb4ff2f882bca25f842fbeb	1f2b6f1e5fb9dc126f6e71e917ef6b8a	fbd520e30520b8c88b6b494865d280b1
40854	8bee63ee3eb4ff2f882bca25f842fbeb	1f2b6f1e5fb9dc126f6e71e917ef6b8a	fbd520e30520b8c88b6b494865d280b1
40855	8bee63ee3eb4ff2f882bca25f842fbeb	1f2b6f1e5fb9dc126f6e71e917ef6b8a	fbd520e30520b8c88b6b494865d280b1
40856	8bee63ee3eb4ff2f882bca25f842fbeb	1f2b6f1e5fb9dc126f6e71e917ef6b8a	fbd520e30520b8c88b6b494865d280b1
40857	8bee63ee3eb4ff2f882bca25f842fbeb	1f2b6f1e5fb9dc126f6e71e917ef6b8a	fbd520e30520b8c88b6b494865d280b1
40858	6c45ad773eb8367a033bcb6a1c2fc3ab	59e0b7553a24f482565bf2e8d73983ab	273f7961259fa5a4a565cfafbb9c5df9
40859	07a11338cd67cfabec0f291e45a94c1b	23a2c412cb66fd1e78eb16acaaae2cc1	cdffac357f16f5a4d291c24f56d5d748
40860	07a11338cd67cfabec0f291e45a94c1b	23a2c412cb66fd1e78eb16acaaae2cc1	cdffac357f16f5a4d291c24f56d5d748
40861	225d9c1f2827104decc2ea6782deb013	1c7b9094a6f4fbd5939c322b72145843	fc9276ebb4a6c12f077dbd0ef29ff1e7
40862	225d9c1f2827104decc2ea6782deb013	1c7b9094a6f4fbd5939c322b72145843	fc9276ebb4a6c12f077dbd0ef29ff1e7
40863	9c989e42caeb2039e591b01183dc74d5	182f805b2b9b93de18afd7a6da45ee05	580c2eabfbe3d72b38fef2191d24c837
40864	9c989e42caeb2039e591b01183dc74d5	182f805b2b9b93de18afd7a6da45ee05	580c2eabfbe3d72b38fef2191d24c837
40865	9c989e42caeb2039e591b01183dc74d5	182f805b2b9b93de18afd7a6da45ee05	580c2eabfbe3d72b38fef2191d24c837
40866	9c989e42caeb2039e591b01183dc74d5	182f805b2b9b93de18afd7a6da45ee05	580c2eabfbe3d72b38fef2191d24c837
40867	9c989e42caeb2039e591b01183dc74d5	182f805b2b9b93de18afd7a6da45ee05	580c2eabfbe3d72b38fef2191d24c837
40868	9c989e42caeb2039e591b01183dc74d5	182f805b2b9b93de18afd7a6da45ee05	580c2eabfbe3d72b38fef2191d24c837
40869	9c989e42caeb2039e591b01183dc74d5	182f805b2b9b93de18afd7a6da45ee05	580c2eabfbe3d72b38fef2191d24c837
40870	fae447ce0fb02d9b3a0aa548fee70c06	b97d2605e0c46ea87192f561c536cb1b	5ae51e26f45971fd8388df2b47e8ce02
40871	fae447ce0fb02d9b3a0aa548fee70c06	b97d2605e0c46ea87192f561c536cb1b	5ae51e26f45971fd8388df2b47e8ce02
40872	fae447ce0fb02d9b3a0aa548fee70c06	b97d2605e0c46ea87192f561c536cb1b	5ae51e26f45971fd8388df2b47e8ce02
40873	fae447ce0fb02d9b3a0aa548fee70c06	b97d2605e0c46ea87192f561c536cb1b	5ae51e26f45971fd8388df2b47e8ce02
40874	fae447ce0fb02d9b3a0aa548fee70c06	b97d2605e0c46ea87192f561c536cb1b	5ae51e26f45971fd8388df2b47e8ce02
40875	ea2d1ce4a4913b98447e644f61f53fb2	b41fa2d592635f300b2ddac5505a9956	3094d8b3ac393332fe3d9f9b479525eb
40876	ea2d1ce4a4913b98447e644f61f53fb2	b41fa2d592635f300b2ddac5505a9956	3094d8b3ac393332fe3d9f9b479525eb
40877	ea2d1ce4a4913b98447e644f61f53fb2	b41fa2d592635f300b2ddac5505a9956	3094d8b3ac393332fe3d9f9b479525eb
40878	ea2d1ce4a4913b98447e644f61f53fb2	b41fa2d592635f300b2ddac5505a9956	3094d8b3ac393332fe3d9f9b479525eb
40879	ea2d1ce4a4913b98447e644f61f53fb2	b41fa2d592635f300b2ddac5505a9956	3094d8b3ac393332fe3d9f9b479525eb
40880	ea2d1ce4a4913b98447e644f61f53fb2	b41fa2d592635f300b2ddac5505a9956	3094d8b3ac393332fe3d9f9b479525eb
40881	ea2d1ce4a4913b98447e644f61f53fb2	b41fa2d592635f300b2ddac5505a9956	3094d8b3ac393332fe3d9f9b479525eb
40882	62b9aef425b9a543c302bdba18cfb900	2377f70bf9fa89f0d40589ba8686bfc9	f81c36993e66653d48e50b8665c018f0
40883	62b9aef425b9a543c302bdba18cfb900	2377f70bf9fa89f0d40589ba8686bfc9	f81c36993e66653d48e50b8665c018f0
40884	62b9aef425b9a543c302bdba18cfb900	2377f70bf9fa89f0d40589ba8686bfc9	f81c36993e66653d48e50b8665c018f0
40885	62b9aef425b9a543c302bdba18cfb900	2377f70bf9fa89f0d40589ba8686bfc9	f81c36993e66653d48e50b8665c018f0
40886	62b9aef425b9a543c302bdba18cfb900	2377f70bf9fa89f0d40589ba8686bfc9	f81c36993e66653d48e50b8665c018f0
40887	16ae26a22a8404e9bc0d833315e0d56b	ddf07243ff443d17d4c069e0317a23c4	34fa96a231b951ba1072dc0020337a79
40888	16ae26a22a8404e9bc0d833315e0d56b	ddf07243ff443d17d4c069e0317a23c4	34fa96a231b951ba1072dc0020337a79
40889	16ae26a22a8404e9bc0d833315e0d56b	ddf07243ff443d17d4c069e0317a23c4	34fa96a231b951ba1072dc0020337a79
40890	16ae26a22a8404e9bc0d833315e0d56b	ddf07243ff443d17d4c069e0317a23c4	34fa96a231b951ba1072dc0020337a79
40891	16ae26a22a8404e9bc0d833315e0d56b	ddf07243ff443d17d4c069e0317a23c4	34fa96a231b951ba1072dc0020337a79
40892	f04e58dd08a7a04698708bbd76aedbd5	45c85135ce49fbbb4c5b52113a5d54a4	68924e82c694b121fc9c74d9ed78784a
40893	f04e58dd08a7a04698708bbd76aedbd5	45c85135ce49fbbb4c5b52113a5d54a4	68924e82c694b121fc9c74d9ed78784a
40894	f04e58dd08a7a04698708bbd76aedbd5	45c85135ce49fbbb4c5b52113a5d54a4	68924e82c694b121fc9c74d9ed78784a
40895	f04e58dd08a7a04698708bbd76aedbd5	45c85135ce49fbbb4c5b52113a5d54a4	68924e82c694b121fc9c74d9ed78784a
40896	f04e58dd08a7a04698708bbd76aedbd5	45c85135ce49fbbb4c5b52113a5d54a4	68924e82c694b121fc9c74d9ed78784a
40897	f04e58dd08a7a04698708bbd76aedbd5	45c85135ce49fbbb4c5b52113a5d54a4	68924e82c694b121fc9c74d9ed78784a
40898	f04e58dd08a7a04698708bbd76aedbd5	45c85135ce49fbbb4c5b52113a5d54a4	68924e82c694b121fc9c74d9ed78784a
40899	f04e58dd08a7a04698708bbd76aedbd5	45c85135ce49fbbb4c5b52113a5d54a4	68924e82c694b121fc9c74d9ed78784a
40900	f04e58dd08a7a04698708bbd76aedbd5	45c85135ce49fbbb4c5b52113a5d54a4	68924e82c694b121fc9c74d9ed78784a
40901	f04e58dd08a7a04698708bbd76aedbd5	45c85135ce49fbbb4c5b52113a5d54a4	68924e82c694b121fc9c74d9ed78784a
40902	f04e58dd08a7a04698708bbd76aedbd5	45c85135ce49fbbb4c5b52113a5d54a4	68924e82c694b121fc9c74d9ed78784a
40903	f04e58dd08a7a04698708bbd76aedbd5	45c85135ce49fbbb4c5b52113a5d54a4	68924e82c694b121fc9c74d9ed78784a
40904	e6c2fb48d4f08e00e68fdaf1935a8fb3	1baabe3e33a8c40ff1cf2e48ef66f187	d2f12a2119a9109ad3eabccdc13ae70d
40905	e6c2fb48d4f08e00e68fdaf1935a8fb3	1baabe3e33a8c40ff1cf2e48ef66f187	d2f12a2119a9109ad3eabccdc13ae70d
40906	e6c2fb48d4f08e00e68fdaf1935a8fb3	1baabe3e33a8c40ff1cf2e48ef66f187	d2f12a2119a9109ad3eabccdc13ae70d
40907	e6c2fb48d4f08e00e68fdaf1935a8fb3	1baabe3e33a8c40ff1cf2e48ef66f187	d2f12a2119a9109ad3eabccdc13ae70d
40908	e6c2fb48d4f08e00e68fdaf1935a8fb3	1baabe3e33a8c40ff1cf2e48ef66f187	d2f12a2119a9109ad3eabccdc13ae70d
40909	e6c2fb48d4f08e00e68fdaf1935a8fb3	1baabe3e33a8c40ff1cf2e48ef66f187	d2f12a2119a9109ad3eabccdc13ae70d
40910	e6c2fb48d4f08e00e68fdaf1935a8fb3	1baabe3e33a8c40ff1cf2e48ef66f187	d2f12a2119a9109ad3eabccdc13ae70d
40911	219486bb52849e5751ff9a4b45dcd6fb	bcad9b91f5f9d461a32c3ecaa4d19f2e	25a61c1e1940e4c50865634d959f2357
40912	219486bb52849e5751ff9a4b45dcd6fb	bcad9b91f5f9d461a32c3ecaa4d19f2e	25a61c1e1940e4c50865634d959f2357
40913	219486bb52849e5751ff9a4b45dcd6fb	bcad9b91f5f9d461a32c3ecaa4d19f2e	25a61c1e1940e4c50865634d959f2357
40914	219486bb52849e5751ff9a4b45dcd6fb	bcad9b91f5f9d461a32c3ecaa4d19f2e	25a61c1e1940e4c50865634d959f2357
40915	219486bb52849e5751ff9a4b45dcd6fb	bcad9b91f5f9d461a32c3ecaa4d19f2e	25a61c1e1940e4c50865634d959f2357
40916	219486bb52849e5751ff9a4b45dcd6fb	bcad9b91f5f9d461a32c3ecaa4d19f2e	25a61c1e1940e4c50865634d959f2357
40917	219486bb52849e5751ff9a4b45dcd6fb	bcad9b91f5f9d461a32c3ecaa4d19f2e	25a61c1e1940e4c50865634d959f2357
40918	219486bb52849e5751ff9a4b45dcd6fb	bcad9b91f5f9d461a32c3ecaa4d19f2e	25a61c1e1940e4c50865634d959f2357
40919	219486bb52849e5751ff9a4b45dcd6fb	bcad9b91f5f9d461a32c3ecaa4d19f2e	25a61c1e1940e4c50865634d959f2357
40920	219486bb52849e5751ff9a4b45dcd6fb	bcad9b91f5f9d461a32c3ecaa4d19f2e	25a61c1e1940e4c50865634d959f2357
40921	a822e2fc1ab8a852c2f069673c4a32a0	854214ba5effd81e32954f9e58d47d00	642e57082d3e385fc01f946b4aecd08f
40922	a822e2fc1ab8a852c2f069673c4a32a0	854214ba5effd81e32954f9e58d47d00	642e57082d3e385fc01f946b4aecd08f
40923	a822e2fc1ab8a852c2f069673c4a32a0	854214ba5effd81e32954f9e58d47d00	642e57082d3e385fc01f946b4aecd08f
40924	a822e2fc1ab8a852c2f069673c4a32a0	854214ba5effd81e32954f9e58d47d00	642e57082d3e385fc01f946b4aecd08f
40925	a822e2fc1ab8a852c2f069673c4a32a0	854214ba5effd81e32954f9e58d47d00	642e57082d3e385fc01f946b4aecd08f
40926	a822e2fc1ab8a852c2f069673c4a32a0	854214ba5effd81e32954f9e58d47d00	642e57082d3e385fc01f946b4aecd08f
40927	a822e2fc1ab8a852c2f069673c4a32a0	854214ba5effd81e32954f9e58d47d00	642e57082d3e385fc01f946b4aecd08f
40928	5037f2165fcc9a437791bf82be46c369	df74d8ec0d8334953809d2617291a329	a6157b9dedcbcbfad7d542776e0b3bdc
40929	5037f2165fcc9a437791bf82be46c369	df74d8ec0d8334953809d2617291a329	a6157b9dedcbcbfad7d542776e0b3bdc
40930	5037f2165fcc9a437791bf82be46c369	df74d8ec0d8334953809d2617291a329	a6157b9dedcbcbfad7d542776e0b3bdc
40931	5037f2165fcc9a437791bf82be46c369	df74d8ec0d8334953809d2617291a329	a6157b9dedcbcbfad7d542776e0b3bdc
40932	5037f2165fcc9a437791bf82be46c369	6da6e872c727206700cd0629b0d08403	49a91d3d531efe85d057595ae5438233
40933	9e3ba847174a1c024741052cafc99518	d09c5f5d3b7574f211b6eafafc487b89	58811db43cfffd1762b5cda22f9efb77
40934	9e3ba847174a1c024741052cafc99518	d09c5f5d3b7574f211b6eafafc487b89	58811db43cfffd1762b5cda22f9efb77
40935	9e3ba847174a1c024741052cafc99518	d09c5f5d3b7574f211b6eafafc487b89	58811db43cfffd1762b5cda22f9efb77
40936	9e3ba847174a1c024741052cafc99518	d09c5f5d3b7574f211b6eafafc487b89	58811db43cfffd1762b5cda22f9efb77
40937	9e3ba847174a1c024741052cafc99518	d09c5f5d3b7574f211b6eafafc487b89	58811db43cfffd1762b5cda22f9efb77
40938	9e3ba847174a1c024741052cafc99518	d09c5f5d3b7574f211b6eafafc487b89	58811db43cfffd1762b5cda22f9efb77
40939	9e3ba847174a1c024741052cafc99518	d09c5f5d3b7574f211b6eafafc487b89	58811db43cfffd1762b5cda22f9efb77
40940	9e3ba847174a1c024741052cafc99518	d09c5f5d3b7574f211b6eafafc487b89	58811db43cfffd1762b5cda22f9efb77
40941	9e3ba847174a1c024741052cafc99518	d09c5f5d3b7574f211b6eafafc487b89	58811db43cfffd1762b5cda22f9efb77
40942	9e3ba847174a1c024741052cafc99518	d09c5f5d3b7574f211b6eafafc487b89	58811db43cfffd1762b5cda22f9efb77
40943	9e3ba847174a1c024741052cafc99518	d09c5f5d3b7574f211b6eafafc487b89	58811db43cfffd1762b5cda22f9efb77
40944	9e3ba847174a1c024741052cafc99518	d09c5f5d3b7574f211b6eafafc487b89	58811db43cfffd1762b5cda22f9efb77
40945	9e3ba847174a1c024741052cafc99518	d09c5f5d3b7574f211b6eafafc487b89	58811db43cfffd1762b5cda22f9efb77
40946	9e3ba847174a1c024741052cafc99518	d09c5f5d3b7574f211b6eafafc487b89	58811db43cfffd1762b5cda22f9efb77
40947	9e3ba847174a1c024741052cafc99518	d09c5f5d3b7574f211b6eafafc487b89	58811db43cfffd1762b5cda22f9efb77
40948	9e3ba847174a1c024741052cafc99518	d09c5f5d3b7574f211b6eafafc487b89	58811db43cfffd1762b5cda22f9efb77
40949	9e3ba847174a1c024741052cafc99518	d09c5f5d3b7574f211b6eafafc487b89	58811db43cfffd1762b5cda22f9efb77
40950	5bf11671703a527bbfe607f90d2f2423	722d24650c342eaaef14660405a20722	c73760304b27aaaa22f253177425bcfe
40951	5bf11671703a527bbfe607f90d2f2423	722d24650c342eaaef14660405a20722	c73760304b27aaaa22f253177425bcfe
40952	5bf11671703a527bbfe607f90d2f2423	722d24650c342eaaef14660405a20722	c73760304b27aaaa22f253177425bcfe
40953	bb307bd9e87ab4c66df8db81f3180e71	62d17b945a9c8f56512a12ffbe6927ee	3e17887733eb88a53ee9af5ae0f72c16
40954	f30c2204dbcc664fa121ad62455b0f98	e36a24cacde97053ec48ca0bdcb404d0	780ab0cf211328f3ae54326a661d133d
40955	8b3cc9168adb76ba30745ad1df85b5c2	ac0e4d86dea8564837428b4d970a741b	8a152def8355142a370c18a9e3de096a
40956	8b3cc9168adb76ba30745ad1df85b5c2	ac0e4d86dea8564837428b4d970a741b	8a152def8355142a370c18a9e3de096a
40957	08f41c753e53037112e53e5be54fcccc	55eeabf879ede3362deb191bd0f75b4d	a374f77557e1c0892db3a18a84c000c3
40958	08f41c753e53037112e53e5be54fcccc	55eeabf879ede3362deb191bd0f75b4d	a374f77557e1c0892db3a18a84c000c3
40959	08f41c753e53037112e53e5be54fcccc	55eeabf879ede3362deb191bd0f75b4d	a374f77557e1c0892db3a18a84c000c3
40960	e7c667ed2c530f9217d0eec6228abca8	5153ae4eee4dd864dc238bc0222e1c30	63b35b44dec7ca8598c0b240479b0f0e
40961	e7c667ed2c530f9217d0eec6228abca8	5153ae4eee4dd864dc238bc0222e1c30	63b35b44dec7ca8598c0b240479b0f0e
40962	5bf11671703a527bbfe607f90d2f2423	722d24650c342eaaef14660405a20722	c73760304b27aaaa22f253177425bcfe
40963	5bf11671703a527bbfe607f90d2f2423	722d24650c342eaaef14660405a20722	c73760304b27aaaa22f253177425bcfe
40964	5bf11671703a527bbfe607f90d2f2423	722d24650c342eaaef14660405a20722	c73760304b27aaaa22f253177425bcfe
40965	5bf11671703a527bbfe607f90d2f2423	722d24650c342eaaef14660405a20722	c73760304b27aaaa22f253177425bcfe
40966	5bf11671703a527bbfe607f90d2f2423	722d24650c342eaaef14660405a20722	c73760304b27aaaa22f253177425bcfe
40967	5bf11671703a527bbfe607f90d2f2423	722d24650c342eaaef14660405a20722	c73760304b27aaaa22f253177425bcfe
40968	5bf11671703a527bbfe607f90d2f2423	722d24650c342eaaef14660405a20722	c73760304b27aaaa22f253177425bcfe
40969	601f9eba11cd346cbe3e39212980b2da	b95dc2eca8cffdefac6d4a27dea91d67	ca4c3dc76fc56adfe453298541694fb2
40970	eccc21f518ed9ca282ae52c9e6aa4462	4c739e3a695e95887ddb89cc6571bd4b	54b941a020797bc0359584a02badeb3f
40971	eccc21f518ed9ca282ae52c9e6aa4462	4c739e3a695e95887ddb89cc6571bd4b	54b941a020797bc0359584a02badeb3f
40972	55aa6c69c9939cc60c11924897641de0	82657e5ee727fadc93df861cf652f3e6	174e75439f075cfa3fa3a949cf374e75
40973	55aa6c69c9939cc60c11924897641de0	82657e5ee727fadc93df861cf652f3e6	174e75439f075cfa3fa3a949cf374e75
40974	e6051b33fd37da5a7459063c83c44ee1	d2ffac09cc04fc69f59a7bc155b3d208	ebd721385af9586d4991d58325f1197f
40975	e6051b33fd37da5a7459063c83c44ee1	d2ffac09cc04fc69f59a7bc155b3d208	ebd721385af9586d4991d58325f1197f
40976	e6051b33fd37da5a7459063c83c44ee1	d2ffac09cc04fc69f59a7bc155b3d208	ebd721385af9586d4991d58325f1197f
40977	e6051b33fd37da5a7459063c83c44ee1	d2ffac09cc04fc69f59a7bc155b3d208	ebd721385af9586d4991d58325f1197f
40978	e6051b33fd37da5a7459063c83c44ee1	d2ffac09cc04fc69f59a7bc155b3d208	ebd721385af9586d4991d58325f1197f
40979	e6051b33fd37da5a7459063c83c44ee1	d2ffac09cc04fc69f59a7bc155b3d208	ebd721385af9586d4991d58325f1197f
40980	e6051b33fd37da5a7459063c83c44ee1	d2ffac09cc04fc69f59a7bc155b3d208	ebd721385af9586d4991d58325f1197f
40981	2130e0c6c0fcf60e90a2606885df9c53	6ec104e3b6974133e0c901f3adac1eb6	1aaa3745c351557b23d6403a4964f411
40982	2130e0c6c0fcf60e90a2606885df9c53	6ec104e3b6974133e0c901f3adac1eb6	1aaa3745c351557b23d6403a4964f411
40983	2130e0c6c0fcf60e90a2606885df9c53	6ec104e3b6974133e0c901f3adac1eb6	1aaa3745c351557b23d6403a4964f411
40984	008ee53ee15cb48a840ed88f5b96b986	2b25476cf9287f93666a640675d2b2ec	cc080b01194bc16158bd49b82620c317
40985	008ee53ee15cb48a840ed88f5b96b986	2b25476cf9287f93666a640675d2b2ec	cc080b01194bc16158bd49b82620c317
40986	008ee53ee15cb48a840ed88f5b96b986	2b25476cf9287f93666a640675d2b2ec	cc080b01194bc16158bd49b82620c317
40987	008ee53ee15cb48a840ed88f5b96b986	2b25476cf9287f93666a640675d2b2ec	cc080b01194bc16158bd49b82620c317
40988	008ee53ee15cb48a840ed88f5b96b986	2b25476cf9287f93666a640675d2b2ec	cc080b01194bc16158bd49b82620c317
40989	008ee53ee15cb48a840ed88f5b96b986	2b25476cf9287f93666a640675d2b2ec	cc080b01194bc16158bd49b82620c317
40990	008ee53ee15cb48a840ed88f5b96b986	2b25476cf9287f93666a640675d2b2ec	cc080b01194bc16158bd49b82620c317
40991	8ce5b3f658505c32e04cc2e041998377	2c9a590d8f95834fab4f3578975f1421	a9e7159fcb0e5325687373d9c9bb3b23
40992	8ce5b3f658505c32e04cc2e041998377	2c9a590d8f95834fab4f3578975f1421	a9e7159fcb0e5325687373d9c9bb3b23
40993	8ce5b3f658505c32e04cc2e041998377	2c9a590d8f95834fab4f3578975f1421	a9e7159fcb0e5325687373d9c9bb3b23
40994	8ce5b3f658505c32e04cc2e041998377	2c9a590d8f95834fab4f3578975f1421	a9e7159fcb0e5325687373d9c9bb3b23
40995	8ce5b3f658505c32e04cc2e041998377	2c9a590d8f95834fab4f3578975f1421	a9e7159fcb0e5325687373d9c9bb3b23
40996	8ce5b3f658505c32e04cc2e041998377	2c9a590d8f95834fab4f3578975f1421	a9e7159fcb0e5325687373d9c9bb3b23
40997	8ce5b3f658505c32e04cc2e041998377	2c9a590d8f95834fab4f3578975f1421	a9e7159fcb0e5325687373d9c9bb3b23
40998	8ce5b3f658505c32e04cc2e041998377	2c9a590d8f95834fab4f3578975f1421	a9e7159fcb0e5325687373d9c9bb3b23
40999	8ce5b3f658505c32e04cc2e041998377	2c9a590d8f95834fab4f3578975f1421	a9e7159fcb0e5325687373d9c9bb3b23
41000	8ce5b3f658505c32e04cc2e041998377	2c9a590d8f95834fab4f3578975f1421	a9e7159fcb0e5325687373d9c9bb3b23
41001	8ce5b3f658505c32e04cc2e041998377	2c9a590d8f95834fab4f3578975f1421	a9e7159fcb0e5325687373d9c9bb3b23
41002	8ce5b3f658505c32e04cc2e041998377	2c9a590d8f95834fab4f3578975f1421	a9e7159fcb0e5325687373d9c9bb3b23
41003	f4f38a139ce05b342452587a0d212a62	c4f192e9aa6b0602a9722c81792ba2c5	41adc0bea42f5fe5f87025aa7f28cf42
41004	f4f38a139ce05b342452587a0d212a62	c4f192e9aa6b0602a9722c81792ba2c5	41adc0bea42f5fe5f87025aa7f28cf42
41005	f4f38a139ce05b342452587a0d212a62	c4f192e9aa6b0602a9722c81792ba2c5	41adc0bea42f5fe5f87025aa7f28cf42
41006	6de26c1e8d02148ad6fe0bb932386040	50787ccd380196a309f546d1ffb7370b	fdd22e76244e9371bd24262bcdce71c3
41007	6de26c1e8d02148ad6fe0bb932386040	50787ccd380196a309f546d1ffb7370b	fdd22e76244e9371bd24262bcdce71c3
41008	f4f38a139ce05b342452587a0d212a62	c4f192e9aa6b0602a9722c81792ba2c5	41adc0bea42f5fe5f87025aa7f28cf42
41009	f4f38a139ce05b342452587a0d212a62	c4f192e9aa6b0602a9722c81792ba2c5	41adc0bea42f5fe5f87025aa7f28cf42
41010	c36fbdb7e48ca564dabe69ded152b113	fec38d9a712dbabb9289a07a012a1350	c736ef8e3ab4a48069589e3e3f4dc7e6
41011	e56bd97dcc42b8d3b9e2d5fadb1da8dd	4eba501508aaa1fe34bd9795c2f4bcb7	87fb1ad225dd4ab6b46044ecd722a5c4
41012	e56bd97dcc42b8d3b9e2d5fadb1da8dd	4eba501508aaa1fe34bd9795c2f4bcb7	87fb1ad225dd4ab6b46044ecd722a5c4
41013	a02a679f76d6ba8e23a56d0462e187c1	7bdee0d683af86ae500bf15a0d4cdbba	1d89f9a7cedcf3b7203a5fff604530cc
41014	a02a679f76d6ba8e23a56d0462e187c1	7bdee0d683af86ae500bf15a0d4cdbba	1d89f9a7cedcf3b7203a5fff604530cc
41015	78e5b2c4fea0a82451f6e6e04b11b9af	3a12af477e8da27ba2d9567a71834956	23bfb86cfbcd3dba8d46c729797b2b7f
41016	78e5b2c4fea0a82451f6e6e04b11b9af	3a12af477e8da27ba2d9567a71834956	23bfb86cfbcd3dba8d46c729797b2b7f
41017	78e5b2c4fea0a82451f6e6e04b11b9af	3a12af477e8da27ba2d9567a71834956	23bfb86cfbcd3dba8d46c729797b2b7f
41018	78e5b2c4fea0a82451f6e6e04b11b9af	3a12af477e8da27ba2d9567a71834956	23bfb86cfbcd3dba8d46c729797b2b7f
41019	78e5b2c4fea0a82451f6e6e04b11b9af	3a12af477e8da27ba2d9567a71834956	23bfb86cfbcd3dba8d46c729797b2b7f
41020	162e11d676d6de2b4d850496b2ea41d0	7a6c14c52754c0519d307b1cae754631	fda4504781bcf6c0d54efc59e4c0bdc6
41021	162e11d676d6de2b4d850496b2ea41d0	7a6c14c52754c0519d307b1cae754631	fda4504781bcf6c0d54efc59e4c0bdc6
41022	162e11d676d6de2b4d850496b2ea41d0	7a6c14c52754c0519d307b1cae754631	fda4504781bcf6c0d54efc59e4c0bdc6
41023	e1564e25420acde15a02f0a75c01f31a	16979ed40c827eafb18d87f4c72a7e8b	acd22aeb8d21f183ec10a5b598422930
41024	e1564e25420acde15a02f0a75c01f31a	16979ed40c827eafb18d87f4c72a7e8b	acd22aeb8d21f183ec10a5b598422930
41025	e1564e25420acde15a02f0a75c01f31a	16979ed40c827eafb18d87f4c72a7e8b	acd22aeb8d21f183ec10a5b598422930
41026	e1564e25420acde15a02f0a75c01f31a	16979ed40c827eafb18d87f4c72a7e8b	acd22aeb8d21f183ec10a5b598422930
41027	6210c1910d6b2ea445ee076681bd756a	41bfb1701174d4521484f3ab6f57e1d2	a222700e675f8574ec211348dd8255c4
41028	60bb80d18659be84915f11c7b83ef7ae	74fb448bf690ca6dfd41aea808e9db7d	0d434433c55a53db52636a5b3f12ce23
41029	60bb80d18659be84915f11c7b83ef7ae	74fb448bf690ca6dfd41aea808e9db7d	0d434433c55a53db52636a5b3f12ce23
41030	9c6239c284cbe27d89bbbc6344913a24	430c5c808d3710b65d856f55248cabfb	2f7c80c6bacbeaecef0fb60abdcb39bf
41031	60bb80d18659be84915f11c7b83ef7ae	74fb448bf690ca6dfd41aea808e9db7d	0d434433c55a53db52636a5b3f12ce23
41032	a587ee7d0488b5c055b4ebf7bba748d1	f03d50016d3216c9f5bfec47865c89ac	11fc2746f5f10bf17a5d0142d7eb1107
41033	a587ee7d0488b5c055b4ebf7bba748d1	f03d50016d3216c9f5bfec47865c89ac	11fc2746f5f10bf17a5d0142d7eb1107
41034	a587ee7d0488b5c055b4ebf7bba748d1	f03d50016d3216c9f5bfec47865c89ac	11fc2746f5f10bf17a5d0142d7eb1107
41035	a587ee7d0488b5c055b4ebf7bba748d1	f03d50016d3216c9f5bfec47865c89ac	11fc2746f5f10bf17a5d0142d7eb1107
41036	a587ee7d0488b5c055b4ebf7bba748d1	f03d50016d3216c9f5bfec47865c89ac	11fc2746f5f10bf17a5d0142d7eb1107
41037	a587ee7d0488b5c055b4ebf7bba748d1	f03d50016d3216c9f5bfec47865c89ac	11fc2746f5f10bf17a5d0142d7eb1107
41038	a587ee7d0488b5c055b4ebf7bba748d1	f03d50016d3216c9f5bfec47865c89ac	11fc2746f5f10bf17a5d0142d7eb1107
41039	baa1fa0d6aed80f00b65a3cf02e3cb6c	e22ea58c141136296e81d8bb5395c83b	08ac87fae5523592a09a9f1cbfc29d3a
41040	baa1fa0d6aed80f00b65a3cf02e3cb6c	e22ea58c141136296e81d8bb5395c83b	08ac87fae5523592a09a9f1cbfc29d3a
41041	baa1fa0d6aed80f00b65a3cf02e3cb6c	e22ea58c141136296e81d8bb5395c83b	08ac87fae5523592a09a9f1cbfc29d3a
41042	baa1fa0d6aed80f00b65a3cf02e3cb6c	e22ea58c141136296e81d8bb5395c83b	08ac87fae5523592a09a9f1cbfc29d3a
41043	baa1fa0d6aed80f00b65a3cf02e3cb6c	e22ea58c141136296e81d8bb5395c83b	08ac87fae5523592a09a9f1cbfc29d3a
41044	e8c722f386a535cf8b838fcd08d81c6f	71a45aa6a5322edb29b9f55ef98a0bcc	1dc8cb459965a639dcd80a8b0723c853
41045	e8c722f386a535cf8b838fcd08d81c6f	71a45aa6a5322edb29b9f55ef98a0bcc	1dc8cb459965a639dcd80a8b0723c853
41046	e8c722f386a535cf8b838fcd08d81c6f	71a45aa6a5322edb29b9f55ef98a0bcc	1dc8cb459965a639dcd80a8b0723c853
41047	e8c722f386a535cf8b838fcd08d81c6f	71a45aa6a5322edb29b9f55ef98a0bcc	1dc8cb459965a639dcd80a8b0723c853
41048	e8c722f386a535cf8b838fcd08d81c6f	71a45aa6a5322edb29b9f55ef98a0bcc	1dc8cb459965a639dcd80a8b0723c853
41049	e8c722f386a535cf8b838fcd08d81c6f	71a45aa6a5322edb29b9f55ef98a0bcc	1dc8cb459965a639dcd80a8b0723c853
41050	e8c722f386a535cf8b838fcd08d81c6f	71a45aa6a5322edb29b9f55ef98a0bcc	1dc8cb459965a639dcd80a8b0723c853
41051	0e4275f9b5702533209ad2e1681ffeb4	ea463a6aa5385f2e469f665eb6f96f56	9673fab2d93aa512552d696d2319c641
41052	0e4275f9b5702533209ad2e1681ffeb4	ea463a6aa5385f2e469f665eb6f96f56	9673fab2d93aa512552d696d2319c641
41053	0e4275f9b5702533209ad2e1681ffeb4	ea463a6aa5385f2e469f665eb6f96f56	9673fab2d93aa512552d696d2319c641
41054	0e4275f9b5702533209ad2e1681ffeb4	ea463a6aa5385f2e469f665eb6f96f56	9673fab2d93aa512552d696d2319c641
41055	0e4275f9b5702533209ad2e1681ffeb4	ea463a6aa5385f2e469f665eb6f96f56	9673fab2d93aa512552d696d2319c641
41056	853843f213a66e66ec3c6bc114f24e8b	1cd9d77e37813cb862f7abd007b3629d	613f1c7521c949860c88f236f64ded15
41057	853843f213a66e66ec3c6bc114f24e8b	1cd9d77e37813cb862f7abd007b3629d	613f1c7521c949860c88f236f64ded15
41058	853843f213a66e66ec3c6bc114f24e8b	1cd9d77e37813cb862f7abd007b3629d	613f1c7521c949860c88f236f64ded15
41059	853843f213a66e66ec3c6bc114f24e8b	1cd9d77e37813cb862f7abd007b3629d	613f1c7521c949860c88f236f64ded15
41060	853843f213a66e66ec3c6bc114f24e8b	1cd9d77e37813cb862f7abd007b3629d	613f1c7521c949860c88f236f64ded15
41061	5f42c5691ebd333a994abb35c5ced175	909ed11b0b6f9cb1582dcc9961b0f02b	174c762779e1907b6f14fef422f984f4
41062	5f42c5691ebd333a994abb35c5ced175	909ed11b0b6f9cb1582dcc9961b0f02b	174c762779e1907b6f14fef422f984f4
41063	5f42c5691ebd333a994abb35c5ced175	909ed11b0b6f9cb1582dcc9961b0f02b	174c762779e1907b6f14fef422f984f4
41064	e4ebb9c085721fe8eee203a7048a7fe5	eda4a956fbb2d1481707599749897047	e70cf49a02fd472b3cb5cab2454f934d
41065	8c7ab20604423ac14c402ed262bbf68b	31532ac6ceb76f575561bb2177e0e7ec	c87cb4feb5b347d4a0669f8da32c48b3
41066	44dca9ffdeecb037106287e33426feba	21fa1959e1f8c0abc56ae42fb2e93127	0f20044b223ee12057258d3ec7da9b39
41067	44dca9ffdeecb037106287e33426feba	21fa1959e1f8c0abc56ae42fb2e93127	0f20044b223ee12057258d3ec7da9b39
41068	b3ed1cf5fd776cf47ecb99b89bf678bc	01fcc06a8f3b70cf5d2fe25675979bad	bc283a1d17f091c621435386d8395340
41069	b3ed1cf5fd776cf47ecb99b89bf678bc	01fcc06a8f3b70cf5d2fe25675979bad	bc283a1d17f091c621435386d8395340
41070	b3ed1cf5fd776cf47ecb99b89bf678bc	01fcc06a8f3b70cf5d2fe25675979bad	bc283a1d17f091c621435386d8395340
41071	5f7460975facb51fe1d5c3dda4441c6a	728857c41d797dc1faf0d0db6d26383f	56b3d834ed5f58141f2ba4bc8e074e28
41072	5f7460975facb51fe1d5c3dda4441c6a	728857c41d797dc1faf0d0db6d26383f	56b3d834ed5f58141f2ba4bc8e074e28
41073	2a8f895122062ec2dc95991d947b4431	c97cb246fadf671e98796d151ce2b8dc	5109f67853d7e89f9dae863dbb736bb8
41074	2a8f895122062ec2dc95991d947b4431	c97cb246fadf671e98796d151ce2b8dc	5109f67853d7e89f9dae863dbb736bb8
41075	2a8f895122062ec2dc95991d947b4431	c97cb246fadf671e98796d151ce2b8dc	5109f67853d7e89f9dae863dbb736bb8
41076	2a8f895122062ec2dc95991d947b4431	c97cb246fadf671e98796d151ce2b8dc	5109f67853d7e89f9dae863dbb736bb8
41077	2a8f895122062ec2dc95991d947b4431	c97cb246fadf671e98796d151ce2b8dc	5109f67853d7e89f9dae863dbb736bb8
41078	2a8f895122062ec2dc95991d947b4431	c97cb246fadf671e98796d151ce2b8dc	5109f67853d7e89f9dae863dbb736bb8
41079	2a8f895122062ec2dc95991d947b4431	c97cb246fadf671e98796d151ce2b8dc	5109f67853d7e89f9dae863dbb736bb8
41080	800d748aaed410591f4aa1809d9fd962	7496ca2b3b42c131c8f11fb76097cc41	4eff83e8eef0f72b3224feb4daac00ef
41081	800d748aaed410591f4aa1809d9fd962	7496ca2b3b42c131c8f11fb76097cc41	4eff83e8eef0f72b3224feb4daac00ef
41082	800d748aaed410591f4aa1809d9fd962	7496ca2b3b42c131c8f11fb76097cc41	4eff83e8eef0f72b3224feb4daac00ef
41083	27b16cecefdd5c5e03e8d0e4bbf11587	5cd27952e9ca351f4d02bd441990eb9a	25d223f5498e545704d21ed82db82fab
41084	cf02cdba1c452878f0b8d97681f7e3c9	ff0531e96cbfdbf7ee5dd3c5787f0d5b	197220f0074c7879d6baab5159c52bf7
41085	800d748aaed410591f4aa1809d9fd962	7496ca2b3b42c131c8f11fb76097cc41	4eff83e8eef0f72b3224feb4daac00ef
41086	800d748aaed410591f4aa1809d9fd962	7496ca2b3b42c131c8f11fb76097cc41	4eff83e8eef0f72b3224feb4daac00ef
41087	800d748aaed410591f4aa1809d9fd962	7496ca2b3b42c131c8f11fb76097cc41	4eff83e8eef0f72b3224feb4daac00ef
41088	ae3efb4c6114a748f010e4c231624c83	5caa461bf73fb23454f706e58e12ee9a	9adee538e99be863e878febd80be8d17
41089	ae3efb4c6114a748f010e4c231624c83	5caa461bf73fb23454f706e58e12ee9a	9adee538e99be863e878febd80be8d17
41090	077a880a554745fd0ef8d1a496ddcaa8	acb0f0c27b03c6420efb662776b14b9d	78be9e4d9c5c26ef0bb57240e1d24a87
41091	077a880a554745fd0ef8d1a496ddcaa8	acb0f0c27b03c6420efb662776b14b9d	78be9e4d9c5c26ef0bb57240e1d24a87
41092	077a880a554745fd0ef8d1a496ddcaa8	acb0f0c27b03c6420efb662776b14b9d	78be9e4d9c5c26ef0bb57240e1d24a87
41093	077a880a554745fd0ef8d1a496ddcaa8	acb0f0c27b03c6420efb662776b14b9d	78be9e4d9c5c26ef0bb57240e1d24a87
41094	077a880a554745fd0ef8d1a496ddcaa8	acb0f0c27b03c6420efb662776b14b9d	78be9e4d9c5c26ef0bb57240e1d24a87
41095	077a880a554745fd0ef8d1a496ddcaa8	acb0f0c27b03c6420efb662776b14b9d	78be9e4d9c5c26ef0bb57240e1d24a87
41096	077a880a554745fd0ef8d1a496ddcaa8	acb0f0c27b03c6420efb662776b14b9d	78be9e4d9c5c26ef0bb57240e1d24a87
41097	71160c60916d9dc7aebf2e2a69aa90c4	b16f13f27bc976bfb7fc2a1078d26cff	ae4fb4608bbee37ef7e641edc9f557c9
41098	71160c60916d9dc7aebf2e2a69aa90c4	b16f13f27bc976bfb7fc2a1078d26cff	ae4fb4608bbee37ef7e641edc9f557c9
41099	71160c60916d9dc7aebf2e2a69aa90c4	b16f13f27bc976bfb7fc2a1078d26cff	ae4fb4608bbee37ef7e641edc9f557c9
41100	71160c60916d9dc7aebf2e2a69aa90c4	2893251faf7143a612f42e55ef77489c	daee7a1a496503317dc987717c41d4ae
41101	71160c60916d9dc7aebf2e2a69aa90c4	2893251faf7143a612f42e55ef77489c	daee7a1a496503317dc987717c41d4ae
41102	2387a85913f607c3a62a5a8685856299	9e357d44d18d9837d0da6fd5b435e5f9	680fa9c3b1ca7c3a725053768d1004dd
41103	2387a85913f607c3a62a5a8685856299	9e357d44d18d9837d0da6fd5b435e5f9	680fa9c3b1ca7c3a725053768d1004dd
41104	2387a85913f607c3a62a5a8685856299	9e357d44d18d9837d0da6fd5b435e5f9	680fa9c3b1ca7c3a725053768d1004dd
41105	2387a85913f607c3a62a5a8685856299	9e357d44d18d9837d0da6fd5b435e5f9	680fa9c3b1ca7c3a725053768d1004dd
41106	2387a85913f607c3a62a5a8685856299	9e357d44d18d9837d0da6fd5b435e5f9	680fa9c3b1ca7c3a725053768d1004dd
41107	2387a85913f607c3a62a5a8685856299	9e357d44d18d9837d0da6fd5b435e5f9	680fa9c3b1ca7c3a725053768d1004dd
41108	2387a85913f607c3a62a5a8685856299	9e357d44d18d9837d0da6fd5b435e5f9	680fa9c3b1ca7c3a725053768d1004dd
41109	2387a85913f607c3a62a5a8685856299	9e357d44d18d9837d0da6fd5b435e5f9	680fa9c3b1ca7c3a725053768d1004dd
41110	2387a85913f607c3a62a5a8685856299	9e357d44d18d9837d0da6fd5b435e5f9	680fa9c3b1ca7c3a725053768d1004dd
41111	2387a85913f607c3a62a5a8685856299	9e357d44d18d9837d0da6fd5b435e5f9	680fa9c3b1ca7c3a725053768d1004dd
41112	2387a85913f607c3a62a5a8685856299	9e357d44d18d9837d0da6fd5b435e5f9	680fa9c3b1ca7c3a725053768d1004dd
41113	2387a85913f607c3a62a5a8685856299	9e357d44d18d9837d0da6fd5b435e5f9	680fa9c3b1ca7c3a725053768d1004dd
41114	2387a85913f607c3a62a5a8685856299	9e357d44d18d9837d0da6fd5b435e5f9	680fa9c3b1ca7c3a725053768d1004dd
41115	2387a85913f607c3a62a5a8685856299	9e357d44d18d9837d0da6fd5b435e5f9	680fa9c3b1ca7c3a725053768d1004dd
41116	2387a85913f607c3a62a5a8685856299	9e357d44d18d9837d0da6fd5b435e5f9	680fa9c3b1ca7c3a725053768d1004dd
41117	2387a85913f607c3a62a5a8685856299	9e357d44d18d9837d0da6fd5b435e5f9	680fa9c3b1ca7c3a725053768d1004dd
41118	2387a85913f607c3a62a5a8685856299	9e357d44d18d9837d0da6fd5b435e5f9	680fa9c3b1ca7c3a725053768d1004dd
41119	fc6d7aef15f2c7d46f7383c6ad4a3c45	5a44d2c315e018db9b08e0575f48bf41	36d656c7d883545d391722f4338db4d6
41120	fc6d7aef15f2c7d46f7383c6ad4a3c45	5a44d2c315e018db9b08e0575f48bf41	36d656c7d883545d391722f4338db4d6
41121	fc6d7aef15f2c7d46f7383c6ad4a3c45	5a44d2c315e018db9b08e0575f48bf41	36d656c7d883545d391722f4338db4d6
41122	fc6d7aef15f2c7d46f7383c6ad4a3c45	5a44d2c315e018db9b08e0575f48bf41	36d656c7d883545d391722f4338db4d6
41123	fc6d7aef15f2c7d46f7383c6ad4a3c45	5a44d2c315e018db9b08e0575f48bf41	36d656c7d883545d391722f4338db4d6
41124	fc6d7aef15f2c7d46f7383c6ad4a3c45	5a44d2c315e018db9b08e0575f48bf41	36d656c7d883545d391722f4338db4d6
41125	fc6d7aef15f2c7d46f7383c6ad4a3c45	5a44d2c315e018db9b08e0575f48bf41	36d656c7d883545d391722f4338db4d6
41126	a39e590df13a05327922fa9d00ca2edc	2a9263a802d6211a8838f239d1e12acd	cc808bdd636fa7234ac492530d3be502
41127	a39e590df13a05327922fa9d00ca2edc	2a9263a802d6211a8838f239d1e12acd	cc808bdd636fa7234ac492530d3be502
41128	a39e590df13a05327922fa9d00ca2edc	2a9263a802d6211a8838f239d1e12acd	cc808bdd636fa7234ac492530d3be502
41129	07552b16ca9eb1b52fa59edd4e53db8b	8ea0aa00ce70441abb85b43a817cc7b3	66e09a3d578cde8937fb05958c06a9b3
41130	07552b16ca9eb1b52fa59edd4e53db8b	8ea0aa00ce70441abb85b43a817cc7b3	66e09a3d578cde8937fb05958c06a9b3
41131	63482c5d4cea35202060bd8449f9b754	e52d472f07ab7e3a5814d4f927c17ddc	da58e2eceb0dbcce3e74b155db6bcf4c
41132	63482c5d4cea35202060bd8449f9b754	e52d472f07ab7e3a5814d4f927c17ddc	da58e2eceb0dbcce3e74b155db6bcf4c
41133	63482c5d4cea35202060bd8449f9b754	e52d472f07ab7e3a5814d4f927c17ddc	da58e2eceb0dbcce3e74b155db6bcf4c
41134	63482c5d4cea35202060bd8449f9b754	e52d472f07ab7e3a5814d4f927c17ddc	da58e2eceb0dbcce3e74b155db6bcf4c
41135	63482c5d4cea35202060bd8449f9b754	e52d472f07ab7e3a5814d4f927c17ddc	da58e2eceb0dbcce3e74b155db6bcf4c
41136	63482c5d4cea35202060bd8449f9b754	e52d472f07ab7e3a5814d4f927c17ddc	da58e2eceb0dbcce3e74b155db6bcf4c
41137	63482c5d4cea35202060bd8449f9b754	e52d472f07ab7e3a5814d4f927c17ddc	da58e2eceb0dbcce3e74b155db6bcf4c
41138	d4f8396200b1558670ba93a5396d57f1	a9319366328aac4ec03cc661974e75bf	865b981cfb296b5d68efdd3a78bbb7c7
41139	2418b7ee0ea5fecf60907622948ca5ea	b883a20524e87ff58cbc055c7d7fd0df	c3d57bd5c06d9be6c2d28cb713c3b20d
41140	d4f8396200b1558670ba93a5396d57f1	a9319366328aac4ec03cc661974e75bf	865b981cfb296b5d68efdd3a78bbb7c7
41141	c22726897374c0195e1d0a560c983003	3d12c4eddedc75383db02e9ef5668994	7c37f4f23807e21325b7d5eb00d55062
41142	c22726897374c0195e1d0a560c983003	3d12c4eddedc75383db02e9ef5668994	7c37f4f23807e21325b7d5eb00d55062
41143	ee4b1571eb42c6b0e6cc71e80aa9d96c	59b295cb948f4776a9c1d6f1e3dc33cb	be1caa00e6d76c356c89cd6c03351a6f
41144	ee4b1571eb42c6b0e6cc71e80aa9d96c	59b295cb948f4776a9c1d6f1e3dc33cb	be1caa00e6d76c356c89cd6c03351a6f
41145	ee4b1571eb42c6b0e6cc71e80aa9d96c	59b295cb948f4776a9c1d6f1e3dc33cb	be1caa00e6d76c356c89cd6c03351a6f
41146	ee4b1571eb42c6b0e6cc71e80aa9d96c	59b295cb948f4776a9c1d6f1e3dc33cb	be1caa00e6d76c356c89cd6c03351a6f
41147	ee4b1571eb42c6b0e6cc71e80aa9d96c	59b295cb948f4776a9c1d6f1e3dc33cb	be1caa00e6d76c356c89cd6c03351a6f
41148	ee4b1571eb42c6b0e6cc71e80aa9d96c	59b295cb948f4776a9c1d6f1e3dc33cb	be1caa00e6d76c356c89cd6c03351a6f
41149	ee4b1571eb42c6b0e6cc71e80aa9d96c	59b295cb948f4776a9c1d6f1e3dc33cb	be1caa00e6d76c356c89cd6c03351a6f
41150	0d8167c6b4adfc000ab312c82217883e	b5588cbc76f6e8d37a3eae102cbe55a3	615a52cc491e765b244ca706103a0d93
41151	0d8167c6b4adfc000ab312c82217883e	b5588cbc76f6e8d37a3eae102cbe55a3	615a52cc491e765b244ca706103a0d93
41152	0d8167c6b4adfc000ab312c82217883e	b5588cbc76f6e8d37a3eae102cbe55a3	615a52cc491e765b244ca706103a0d93
41153	0d8167c6b4adfc000ab312c82217883e	b5588cbc76f6e8d37a3eae102cbe55a3	615a52cc491e765b244ca706103a0d93
41154	0d8167c6b4adfc000ab312c82217883e	b5588cbc76f6e8d37a3eae102cbe55a3	615a52cc491e765b244ca706103a0d93
41155	0d8167c6b4adfc000ab312c82217883e	b5588cbc76f6e8d37a3eae102cbe55a3	615a52cc491e765b244ca706103a0d93
41156	0d8167c6b4adfc000ab312c82217883e	b5588cbc76f6e8d37a3eae102cbe55a3	615a52cc491e765b244ca706103a0d93
41157	0d8167c6b4adfc000ab312c82217883e	b5588cbc76f6e8d37a3eae102cbe55a3	615a52cc491e765b244ca706103a0d93
41158	0d8167c6b4adfc000ab312c82217883e	b5588cbc76f6e8d37a3eae102cbe55a3	615a52cc491e765b244ca706103a0d93
41159	0d8167c6b4adfc000ab312c82217883e	b5588cbc76f6e8d37a3eae102cbe55a3	615a52cc491e765b244ca706103a0d93
41160	601e175bd427ca4dd26f4d384fffabe5	cb7f7c38028222bb55feb1f5ed83ec40	3d15a06b13317e288cfcce998e1d5e34
41161	601e175bd427ca4dd26f4d384fffabe5	cb7f7c38028222bb55feb1f5ed83ec40	3d15a06b13317e288cfcce998e1d5e34
41162	601e175bd427ca4dd26f4d384fffabe5	cb7f7c38028222bb55feb1f5ed83ec40	3d15a06b13317e288cfcce998e1d5e34
41163	601e175bd427ca4dd26f4d384fffabe5	cb7f7c38028222bb55feb1f5ed83ec40	3d15a06b13317e288cfcce998e1d5e34
41164	601e175bd427ca4dd26f4d384fffabe5	cb7f7c38028222bb55feb1f5ed83ec40	3d15a06b13317e288cfcce998e1d5e34
41165	601e175bd427ca4dd26f4d384fffabe5	cb7f7c38028222bb55feb1f5ed83ec40	3d15a06b13317e288cfcce998e1d5e34
41166	601e175bd427ca4dd26f4d384fffabe5	cb7f7c38028222bb55feb1f5ed83ec40	3d15a06b13317e288cfcce998e1d5e34
41167	55bf1e1a7df807a75831eadfedd61b1c	e6349877842138596f63fa975e9ef3dc	6c279761866d7c6596c3bf8bce2a343c
41168	55bf1e1a7df807a75831eadfedd61b1c	e6349877842138596f63fa975e9ef3dc	6c279761866d7c6596c3bf8bce2a343c
41169	55bf1e1a7df807a75831eadfedd61b1c	e6349877842138596f63fa975e9ef3dc	6c279761866d7c6596c3bf8bce2a343c
41170	55bf1e1a7df807a75831eadfedd61b1c	e6349877842138596f63fa975e9ef3dc	6c279761866d7c6596c3bf8bce2a343c
41171	55bf1e1a7df807a75831eadfedd61b1c	e6349877842138596f63fa975e9ef3dc	6c279761866d7c6596c3bf8bce2a343c
41172	cfda738de80739009e7d4874de0f4fa4	199b89b7e3d03247c63931b1e4ea15ce	d9ded905a2dd2cfd7243a7226191b87e
41173	cfda738de80739009e7d4874de0f4fa4	199b89b7e3d03247c63931b1e4ea15ce	d9ded905a2dd2cfd7243a7226191b87e
41174	cfda738de80739009e7d4874de0f4fa4	199b89b7e3d03247c63931b1e4ea15ce	d9ded905a2dd2cfd7243a7226191b87e
41175	cfda738de80739009e7d4874de0f4fa4	fd5dd462d142b1903ef8732b4586be30	468adbcab5eaf6e4c9cfd8ca6b51a4c5
41176	cfda738de80739009e7d4874de0f4fa4	fd5dd462d142b1903ef8732b4586be30	468adbcab5eaf6e4c9cfd8ca6b51a4c5
41177	cfda738de80739009e7d4874de0f4fa4	fd5dd462d142b1903ef8732b4586be30	468adbcab5eaf6e4c9cfd8ca6b51a4c5
41178	cfda738de80739009e7d4874de0f4fa4	fd5dd462d142b1903ef8732b4586be30	468adbcab5eaf6e4c9cfd8ca6b51a4c5
41179	bfc869034781cc68618ef3ec5d999bb9	881821d62aa1a2202786b57ae6d31e43	e380312611b0574ee6aaa63a7dd4890d
41180	bfc869034781cc68618ef3ec5d999bb9	881821d62aa1a2202786b57ae6d31e43	e380312611b0574ee6aaa63a7dd4890d
41181	bfc869034781cc68618ef3ec5d999bb9	881821d62aa1a2202786b57ae6d31e43	e380312611b0574ee6aaa63a7dd4890d
41182	bfc869034781cc68618ef3ec5d999bb9	881821d62aa1a2202786b57ae6d31e43	e380312611b0574ee6aaa63a7dd4890d
41183	bfc869034781cc68618ef3ec5d999bb9	881821d62aa1a2202786b57ae6d31e43	e380312611b0574ee6aaa63a7dd4890d
41184	0e8c83584b3f22afc917b22d4c7123bf	af57a6106f9ec88c1b37d8f934d275b3	e63f0ef4a13e7322ceb820c39e0da74e
41185	0e8c83584b3f22afc917b22d4c7123bf	af57a6106f9ec88c1b37d8f934d275b3	e63f0ef4a13e7322ceb820c39e0da74e
41186	6233961d2ae216e59f39b2e9b31f9ad5	779114bf9f662abccc91eac9d5db8599	12128f7932359d9dd66ad30f245f5d07
41187	38a5861d3ba0637d2e89c4a9231737ef	20b63f44e16f62a4ef119143ae95d871	12798984336b0d13d9f376d8a44e2e05
41188	38a5861d3ba0637d2e89c4a9231737ef	20b63f44e16f62a4ef119143ae95d871	12798984336b0d13d9f376d8a44e2e05
41189	566018997bd37bf7a7c9a1c52b46f705	fb9fdd873b547013d9a7ea70baa7af34	be5f60124ce9c05b8af2fe74d1af1bad
41190	566018997bd37bf7a7c9a1c52b46f705	fb9fdd873b547013d9a7ea70baa7af34	be5f60124ce9c05b8af2fe74d1af1bad
41191	566018997bd37bf7a7c9a1c52b46f705	fb9fdd873b547013d9a7ea70baa7af34	be5f60124ce9c05b8af2fe74d1af1bad
41192	566018997bd37bf7a7c9a1c52b46f705	fb9fdd873b547013d9a7ea70baa7af34	be5f60124ce9c05b8af2fe74d1af1bad
41193	566018997bd37bf7a7c9a1c52b46f705	fb9fdd873b547013d9a7ea70baa7af34	be5f60124ce9c05b8af2fe74d1af1bad
41194	566018997bd37bf7a7c9a1c52b46f705	fb9fdd873b547013d9a7ea70baa7af34	be5f60124ce9c05b8af2fe74d1af1bad
41195	566018997bd37bf7a7c9a1c52b46f705	fb9fdd873b547013d9a7ea70baa7af34	be5f60124ce9c05b8af2fe74d1af1bad
41196	812ad4005ac641920347edde03159855	11a3353da39e746a9ec1aff775ecc47b	88ed8c8211f35b21163fc0f23af5676d
41197	812ad4005ac641920347edde03159855	11a3353da39e746a9ec1aff775ecc47b	88ed8c8211f35b21163fc0f23af5676d
41198	812ad4005ac641920347edde03159855	11a3353da39e746a9ec1aff775ecc47b	88ed8c8211f35b21163fc0f23af5676d
41199	566018997bd37bf7a7c9a1c52b46f705	fb9fdd873b547013d9a7ea70baa7af34	be5f60124ce9c05b8af2fe74d1af1bad
41200	566018997bd37bf7a7c9a1c52b46f705	fb9fdd873b547013d9a7ea70baa7af34	be5f60124ce9c05b8af2fe74d1af1bad
41201	00db9854b83046fe7bf1dec526cf1e8d	efb7a8ccc936676fb2b6b0cd9fb4b181	d37e8ce2083dda90d2bee2ef8037ef5b
41202	00db9854b83046fe7bf1dec526cf1e8d	efb7a8ccc936676fb2b6b0cd9fb4b181	d37e8ce2083dda90d2bee2ef8037ef5b
41203	00db9854b83046fe7bf1dec526cf1e8d	efb7a8ccc936676fb2b6b0cd9fb4b181	d37e8ce2083dda90d2bee2ef8037ef5b
41204	00db9854b83046fe7bf1dec526cf1e8d	25fa17cb1f1adb130afeaa16f9ba9838	ec9c5301c563e78e1dc89c093e261618
41205	00db9854b83046fe7bf1dec526cf1e8d	25fa17cb1f1adb130afeaa16f9ba9838	ec9c5301c563e78e1dc89c093e261618
41206	00db9854b83046fe7bf1dec526cf1e8d	25fa17cb1f1adb130afeaa16f9ba9838	ec9c5301c563e78e1dc89c093e261618
41207	00db9854b83046fe7bf1dec526cf1e8d	25fa17cb1f1adb130afeaa16f9ba9838	ec9c5301c563e78e1dc89c093e261618
41208	f9dcc509d811e8b82bffa79e40fb7c66	16d605a68914e19b3eafee4a9ec76175	9218fc34c4f6ff04dd28bfd03da1f8a7
41209	f9dcc509d811e8b82bffa79e40fb7c66	16d605a68914e19b3eafee4a9ec76175	9218fc34c4f6ff04dd28bfd03da1f8a7
41210	f9dcc509d811e8b82bffa79e40fb7c66	16d605a68914e19b3eafee4a9ec76175	9218fc34c4f6ff04dd28bfd03da1f8a7
41211	4c483de36ad0b3247f1099cfdb5d2574	c6789251278d77986621efe39d7129be	2b85de2f4745067d759cd9d2fd991a0b
41212	f9dcc509d811e8b82bffa79e40fb7c66	16d605a68914e19b3eafee4a9ec76175	9218fc34c4f6ff04dd28bfd03da1f8a7
41213	db00f7b1b55ec159191320ccff9dcafe	1906be8a006f18b639db1f67e2e2cfd6	89e1147327742794a2d75dd06238b06b
41214	db00f7b1b55ec159191320ccff9dcafe	1906be8a006f18b639db1f67e2e2cfd6	89e1147327742794a2d75dd06238b06b
41215	db00f7b1b55ec159191320ccff9dcafe	1906be8a006f18b639db1f67e2e2cfd6	89e1147327742794a2d75dd06238b06b
41216	db00f7b1b55ec159191320ccff9dcafe	1906be8a006f18b639db1f67e2e2cfd6	89e1147327742794a2d75dd06238b06b
41217	db00f7b1b55ec159191320ccff9dcafe	1906be8a006f18b639db1f67e2e2cfd6	89e1147327742794a2d75dd06238b06b
41218	db00f7b1b55ec159191320ccff9dcafe	1906be8a006f18b639db1f67e2e2cfd6	89e1147327742794a2d75dd06238b06b
41219	db00f7b1b55ec159191320ccff9dcafe	1906be8a006f18b639db1f67e2e2cfd6	89e1147327742794a2d75dd06238b06b
41220	28c5a8551c3fa2999e479c0f039f07c6	723aa2f22d613746a0e0574e47d6b72c	dd1126119c46c0e429ab110439fcaf53
41221	28c5a8551c3fa2999e479c0f039f07c6	723aa2f22d613746a0e0574e47d6b72c	dd1126119c46c0e429ab110439fcaf53
41222	28c5a8551c3fa2999e479c0f039f07c6	723aa2f22d613746a0e0574e47d6b72c	dd1126119c46c0e429ab110439fcaf53
41223	28c5a8551c3fa2999e479c0f039f07c6	723aa2f22d613746a0e0574e47d6b72c	dd1126119c46c0e429ab110439fcaf53
41224	28c5a8551c3fa2999e479c0f039f07c6	723aa2f22d613746a0e0574e47d6b72c	dd1126119c46c0e429ab110439fcaf53
41225	15b0b29e433a19cf0f1801eebad13ae2	13254438a3f38ab40209e75dce08ead2	b33dd7f9d2010935db2dc288dc25e250
41226	15b0b29e433a19cf0f1801eebad13ae2	13254438a3f38ab40209e75dce08ead2	b33dd7f9d2010935db2dc288dc25e250
41227	15b0b29e433a19cf0f1801eebad13ae2	13254438a3f38ab40209e75dce08ead2	b33dd7f9d2010935db2dc288dc25e250
41228	15b0b29e433a19cf0f1801eebad13ae2	13254438a3f38ab40209e75dce08ead2	b33dd7f9d2010935db2dc288dc25e250
41229	15b0b29e433a19cf0f1801eebad13ae2	13254438a3f38ab40209e75dce08ead2	b33dd7f9d2010935db2dc288dc25e250
41230	21837b1d1545ceb78cbdc3aa1dc2c9a2	b70ec0eedcbded7c6cd7df8c08fbacce	36f2edd4b35461b10e43b6433eb083d5
41231	21837b1d1545ceb78cbdc3aa1dc2c9a2	b70ec0eedcbded7c6cd7df8c08fbacce	36f2edd4b35461b10e43b6433eb083d5
41232	21837b1d1545ceb78cbdc3aa1dc2c9a2	b70ec0eedcbded7c6cd7df8c08fbacce	36f2edd4b35461b10e43b6433eb083d5
41233	21837b1d1545ceb78cbdc3aa1dc2c9a2	b70ec0eedcbded7c6cd7df8c08fbacce	36f2edd4b35461b10e43b6433eb083d5
41234	21837b1d1545ceb78cbdc3aa1dc2c9a2	b70ec0eedcbded7c6cd7df8c08fbacce	36f2edd4b35461b10e43b6433eb083d5
41235	21837b1d1545ceb78cbdc3aa1dc2c9a2	b70ec0eedcbded7c6cd7df8c08fbacce	36f2edd4b35461b10e43b6433eb083d5
41236	21837b1d1545ceb78cbdc3aa1dc2c9a2	b70ec0eedcbded7c6cd7df8c08fbacce	36f2edd4b35461b10e43b6433eb083d5
41237	21837b1d1545ceb78cbdc3aa1dc2c9a2	b70ec0eedcbded7c6cd7df8c08fbacce	36f2edd4b35461b10e43b6433eb083d5
41238	21837b1d1545ceb78cbdc3aa1dc2c9a2	b70ec0eedcbded7c6cd7df8c08fbacce	36f2edd4b35461b10e43b6433eb083d5
41239	21837b1d1545ceb78cbdc3aa1dc2c9a2	b70ec0eedcbded7c6cd7df8c08fbacce	36f2edd4b35461b10e43b6433eb083d5
41240	21837b1d1545ceb78cbdc3aa1dc2c9a2	b70ec0eedcbded7c6cd7df8c08fbacce	36f2edd4b35461b10e43b6433eb083d5
41241	21837b1d1545ceb78cbdc3aa1dc2c9a2	b70ec0eedcbded7c6cd7df8c08fbacce	36f2edd4b35461b10e43b6433eb083d5
41242	64aa7bea90cdd2943994fea0f916c2a3	4da5fec7fb57e4dbeffef1e912ca3fa1	c40ccd4340488f235afae7418c27a35d
41243	64aa7bea90cdd2943994fea0f916c2a3	4da5fec7fb57e4dbeffef1e912ca3fa1	c40ccd4340488f235afae7418c27a35d
41244	64aa7bea90cdd2943994fea0f916c2a3	4da5fec7fb57e4dbeffef1e912ca3fa1	c40ccd4340488f235afae7418c27a35d
41245	64aa7bea90cdd2943994fea0f916c2a3	4da5fec7fb57e4dbeffef1e912ca3fa1	c40ccd4340488f235afae7418c27a35d
41246	64aa7bea90cdd2943994fea0f916c2a3	4da5fec7fb57e4dbeffef1e912ca3fa1	c40ccd4340488f235afae7418c27a35d
41247	64aa7bea90cdd2943994fea0f916c2a3	4da5fec7fb57e4dbeffef1e912ca3fa1	c40ccd4340488f235afae7418c27a35d
41248	64aa7bea90cdd2943994fea0f916c2a3	4da5fec7fb57e4dbeffef1e912ca3fa1	c40ccd4340488f235afae7418c27a35d
41249	e083c00a5520145f1c84fd4ed3a9487f	b355fe88484328a88b953276e7ab36be	7bc3f8e5983113732cfefc5600c90305
41250	e083c00a5520145f1c84fd4ed3a9487f	b355fe88484328a88b953276e7ab36be	7bc3f8e5983113732cfefc5600c90305
41251	e083c00a5520145f1c84fd4ed3a9487f	b355fe88484328a88b953276e7ab36be	7bc3f8e5983113732cfefc5600c90305
41252	921cafa10536ac7734ba2e9915ee782f	bbc20672043f881affe81ea0ca179dde	f1ffd829c2a8d0c71062554b0624bb2d
41253	921cafa10536ac7734ba2e9915ee782f	bbc20672043f881affe81ea0ca179dde	f1ffd829c2a8d0c71062554b0624bb2d
41254	e083c00a5520145f1c84fd4ed3a9487f	b355fe88484328a88b953276e7ab36be	7bc3f8e5983113732cfefc5600c90305
41255	e083c00a5520145f1c84fd4ed3a9487f	b355fe88484328a88b953276e7ab36be	7bc3f8e5983113732cfefc5600c90305
41256	e083c00a5520145f1c84fd4ed3a9487f	b355fe88484328a88b953276e7ab36be	7bc3f8e5983113732cfefc5600c90305
41257	092a002a26d506bba9a98dbbccbab292	c02ca4dd8f6d3b6c2d6a8d8a3412deec	7e5797936bcc09b3b12d4dbf88325323
41258	e9b71d9a708b79ef71e29c3fd6d78c0b	a8e23993832123b73f3ed3d9141ef3ea	d92fad0c28a959b6fbc0e867497c3289
41259	8cb91d53680228377ead3386c907d8ad	72d26ade2057e9007fff9859c6464cef	0bf2249cbe28f605e3a4cdb59351c021
41260	8cb91d53680228377ead3386c907d8ad	72d26ade2057e9007fff9859c6464cef	0bf2249cbe28f605e3a4cdb59351c021
41261	8cb91d53680228377ead3386c907d8ad	72d26ade2057e9007fff9859c6464cef	0bf2249cbe28f605e3a4cdb59351c021
41262	8cb91d53680228377ead3386c907d8ad	72d26ade2057e9007fff9859c6464cef	0bf2249cbe28f605e3a4cdb59351c021
41263	8cb91d53680228377ead3386c907d8ad	72d26ade2057e9007fff9859c6464cef	0bf2249cbe28f605e3a4cdb59351c021
41264	8cb91d53680228377ead3386c907d8ad	72d26ade2057e9007fff9859c6464cef	0bf2249cbe28f605e3a4cdb59351c021
41265	8cb91d53680228377ead3386c907d8ad	72d26ade2057e9007fff9859c6464cef	0bf2249cbe28f605e3a4cdb59351c021
41266	d763346c0b4bae310cf8a61be29b6fe8	0f1781182743c06d7814fce9bcc7de34	9bf2fb73c59b97407b723d0b19dd7e10
41267	d763346c0b4bae310cf8a61be29b6fe8	0f1781182743c06d7814fce9bcc7de34	9bf2fb73c59b97407b723d0b19dd7e10
41268	d763346c0b4bae310cf8a61be29b6fe8	0f1781182743c06d7814fce9bcc7de34	9bf2fb73c59b97407b723d0b19dd7e10
41269	c51e6da39680281793bd4f6dc6f225e5	decc6a19bdac1701ac961a98e361f4c9	5927c54d082932b41b664d88bffd7799
41270	c51e6da39680281793bd4f6dc6f225e5	decc6a19bdac1701ac961a98e361f4c9	5927c54d082932b41b664d88bffd7799
41271	b6bcef121781a9a28ca1ff425e8878b5	2671adc6cd2117aec703821a6ee3249b	c1ea9f324dcc72145d9df6c36417ec2f
41272	b6bcef121781a9a28ca1ff425e8878b5	2671adc6cd2117aec703821a6ee3249b	c1ea9f324dcc72145d9df6c36417ec2f
41273	b6bcef121781a9a28ca1ff425e8878b5	2671adc6cd2117aec703821a6ee3249b	c1ea9f324dcc72145d9df6c36417ec2f
41274	b6bcef121781a9a28ca1ff425e8878b5	2671adc6cd2117aec703821a6ee3249b	c1ea9f324dcc72145d9df6c36417ec2f
41275	b6bcef121781a9a28ca1ff425e8878b5	2671adc6cd2117aec703821a6ee3249b	c1ea9f324dcc72145d9df6c36417ec2f
41276	b6bcef121781a9a28ca1ff425e8878b5	2671adc6cd2117aec703821a6ee3249b	c1ea9f324dcc72145d9df6c36417ec2f
41277	b6bcef121781a9a28ca1ff425e8878b5	2671adc6cd2117aec703821a6ee3249b	c1ea9f324dcc72145d9df6c36417ec2f
41278	b6bcef121781a9a28ca1ff425e8878b5	2671adc6cd2117aec703821a6ee3249b	c1ea9f324dcc72145d9df6c36417ec2f
41279	b6bcef121781a9a28ca1ff425e8878b5	2671adc6cd2117aec703821a6ee3249b	c1ea9f324dcc72145d9df6c36417ec2f
41280	b6bcef121781a9a28ca1ff425e8878b5	2671adc6cd2117aec703821a6ee3249b	c1ea9f324dcc72145d9df6c36417ec2f
41281	b6bcef121781a9a28ca1ff425e8878b5	2671adc6cd2117aec703821a6ee3249b	c1ea9f324dcc72145d9df6c36417ec2f
41282	b6bcef121781a9a28ca1ff425e8878b5	2671adc6cd2117aec703821a6ee3249b	c1ea9f324dcc72145d9df6c36417ec2f
41283	b6bcef121781a9a28ca1ff425e8878b5	2671adc6cd2117aec703821a6ee3249b	c1ea9f324dcc72145d9df6c36417ec2f
41284	b6bcef121781a9a28ca1ff425e8878b5	2671adc6cd2117aec703821a6ee3249b	c1ea9f324dcc72145d9df6c36417ec2f
41285	b6bcef121781a9a28ca1ff425e8878b5	2671adc6cd2117aec703821a6ee3249b	c1ea9f324dcc72145d9df6c36417ec2f
41286	b6bcef121781a9a28ca1ff425e8878b5	2671adc6cd2117aec703821a6ee3249b	c1ea9f324dcc72145d9df6c36417ec2f
41287	b6bcef121781a9a28ca1ff425e8878b5	2671adc6cd2117aec703821a6ee3249b	c1ea9f324dcc72145d9df6c36417ec2f
41288	1ff646fadecb95ce5f609b8b228e23ca	0dc4fd42a6a6495841871ebdb3936c92	6ca2397c3b35ca9f79e9caf3a80cecb4
41289	1ff646fadecb95ce5f609b8b228e23ca	0dc4fd42a6a6495841871ebdb3936c92	6ca2397c3b35ca9f79e9caf3a80cecb4
41290	1ff646fadecb95ce5f609b8b228e23ca	0dc4fd42a6a6495841871ebdb3936c92	6ca2397c3b35ca9f79e9caf3a80cecb4
41291	6f9c66e455dddc127e4123295f7c4a4b	563bbd4e04300518cdfa567b463d92b4	99904e96b7fe3b27683e2d94cb522192
41292	6f9c66e455dddc127e4123295f7c4a4b	563bbd4e04300518cdfa567b463d92b4	99904e96b7fe3b27683e2d94cb522192
41293	6f9c66e455dddc127e4123295f7c4a4b	563bbd4e04300518cdfa567b463d92b4	99904e96b7fe3b27683e2d94cb522192
41294	6f9c66e455dddc127e4123295f7c4a4b	563bbd4e04300518cdfa567b463d92b4	99904e96b7fe3b27683e2d94cb522192
41295	a638af1c9a70e9aacd22928c5d09a4f5	cbce04e7e518908959515c34027c5dd0	c7d5be5f88dc3f31b30cfe6846d87441
41296	232e46feb425adc2930b25a36490ddd6	446cfe61c4fa29988a47b2461d86c525	e4681db38c2b93d2c45633abec7bee98
41297	232e46feb425adc2930b25a36490ddd6	446cfe61c4fa29988a47b2461d86c525	e4681db38c2b93d2c45633abec7bee98
41298	232e46feb425adc2930b25a36490ddd6	446cfe61c4fa29988a47b2461d86c525	e4681db38c2b93d2c45633abec7bee98
41299	232e46feb425adc2930b25a36490ddd6	446cfe61c4fa29988a47b2461d86c525	e4681db38c2b93d2c45633abec7bee98
41300	d4c4e6482dadb0e60de05682de024a0d	daca619fe1a0a9cf2c174a2ac44e03b7	d1a3e38ece32dbc0511ee040bb388f5c
41301	d4c4e6482dadb0e60de05682de024a0d	daca619fe1a0a9cf2c174a2ac44e03b7	d1a3e38ece32dbc0511ee040bb388f5c
41302	d4c4e6482dadb0e60de05682de024a0d	daca619fe1a0a9cf2c174a2ac44e03b7	d1a3e38ece32dbc0511ee040bb388f5c
41303	d4c4e6482dadb0e60de05682de024a0d	daca619fe1a0a9cf2c174a2ac44e03b7	d1a3e38ece32dbc0511ee040bb388f5c
41304	d4c4e6482dadb0e60de05682de024a0d	daca619fe1a0a9cf2c174a2ac44e03b7	d1a3e38ece32dbc0511ee040bb388f5c
41305	d4c4e6482dadb0e60de05682de024a0d	daca619fe1a0a9cf2c174a2ac44e03b7	d1a3e38ece32dbc0511ee040bb388f5c
41306	d4c4e6482dadb0e60de05682de024a0d	daca619fe1a0a9cf2c174a2ac44e03b7	d1a3e38ece32dbc0511ee040bb388f5c
41307	51b471e4d543e74d08627acbea21451c	42c7f10157407148134719801918c96a	d149ec803404c583c7cc045763639d8a
41308	51b471e4d543e74d08627acbea21451c	42c7f10157407148134719801918c96a	d149ec803404c583c7cc045763639d8a
41309	51b471e4d543e74d08627acbea21451c	42c7f10157407148134719801918c96a	d149ec803404c583c7cc045763639d8a
41310	51b471e4d543e74d08627acbea21451c	42c7f10157407148134719801918c96a	d149ec803404c583c7cc045763639d8a
41311	51b471e4d543e74d08627acbea21451c	42c7f10157407148134719801918c96a	d149ec803404c583c7cc045763639d8a
41312	652532459876d338484db854eecf30dc	5043e2b432c360f487397d14b5be2a2d	d6ff0af9e4789abe8884e68f518b181d
41313	652532459876d338484db854eecf30dc	5043e2b432c360f487397d14b5be2a2d	d6ff0af9e4789abe8884e68f518b181d
41314	652532459876d338484db854eecf30dc	5043e2b432c360f487397d14b5be2a2d	d6ff0af9e4789abe8884e68f518b181d
41315	652532459876d338484db854eecf30dc	5043e2b432c360f487397d14b5be2a2d	d6ff0af9e4789abe8884e68f518b181d
41316	652532459876d338484db854eecf30dc	5043e2b432c360f487397d14b5be2a2d	d6ff0af9e4789abe8884e68f518b181d
41317	652532459876d338484db854eecf30dc	5043e2b432c360f487397d14b5be2a2d	d6ff0af9e4789abe8884e68f518b181d
41318	652532459876d338484db854eecf30dc	5043e2b432c360f487397d14b5be2a2d	d6ff0af9e4789abe8884e68f518b181d
41319	407727d841eb78de2f2901ee0c193b01	03215abc9773c0bd77c36c2cc01172c5	57180041ccd3216555e80e18c9128140
41320	407727d841eb78de2f2901ee0c193b01	03215abc9773c0bd77c36c2cc01172c5	57180041ccd3216555e80e18c9128140
41321	407727d841eb78de2f2901ee0c193b01	03215abc9773c0bd77c36c2cc01172c5	57180041ccd3216555e80e18c9128140
41322	407727d841eb78de2f2901ee0c193b01	03215abc9773c0bd77c36c2cc01172c5	57180041ccd3216555e80e18c9128140
41323	407727d841eb78de2f2901ee0c193b01	03215abc9773c0bd77c36c2cc01172c5	57180041ccd3216555e80e18c9128140
41324	cf6ffabfec38fdf3675b68ad5fc43d93	a72f8311ce3f4bb11dac362c918966c3	0a3299aef3ca3103a347b0384f9fec52
41325	cf6ffabfec38fdf3675b68ad5fc43d93	a72f8311ce3f4bb11dac362c918966c3	0a3299aef3ca3103a347b0384f9fec52
41326	cf6ffabfec38fdf3675b68ad5fc43d93	a72f8311ce3f4bb11dac362c918966c3	0a3299aef3ca3103a347b0384f9fec52
41327	cf6ffabfec38fdf3675b68ad5fc43d93	a72f8311ce3f4bb11dac362c918966c3	0a3299aef3ca3103a347b0384f9fec52
41328	cf6ffabfec38fdf3675b68ad5fc43d93	a72f8311ce3f4bb11dac362c918966c3	0a3299aef3ca3103a347b0384f9fec52
41329	285228aff0d6037390e4a5452547d9f1	9037a8e9fc753a52cc8361a3fa7cf4af	95cd6a9242eea4c65086bbe87dbad1bc
41330	285228aff0d6037390e4a5452547d9f1	9037a8e9fc753a52cc8361a3fa7cf4af	95cd6a9242eea4c65086bbe87dbad1bc
41331	285228aff0d6037390e4a5452547d9f1	9037a8e9fc753a52cc8361a3fa7cf4af	95cd6a9242eea4c65086bbe87dbad1bc
41332	285228aff0d6037390e4a5452547d9f1	9037a8e9fc753a52cc8361a3fa7cf4af	95cd6a9242eea4c65086bbe87dbad1bc
41333	285228aff0d6037390e4a5452547d9f1	9037a8e9fc753a52cc8361a3fa7cf4af	95cd6a9242eea4c65086bbe87dbad1bc
41334	285228aff0d6037390e4a5452547d9f1	c62d5951bf4ed9a4c7b974f90e3828d8	08f65a9dfcc2fec5c60c2e32f1a32c48
41335	285228aff0d6037390e4a5452547d9f1	c62d5951bf4ed9a4c7b974f90e3828d8	08f65a9dfcc2fec5c60c2e32f1a32c48
41336	f908070e4c9579570a8fcec1a6ff253f	b08f8972fd45c3a95482d74aa5c27416	15f41d171b499726fc00c66467d3bdaf
41337	f908070e4c9579570a8fcec1a6ff253f	b08f8972fd45c3a95482d74aa5c27416	15f41d171b499726fc00c66467d3bdaf
41338	f908070e4c9579570a8fcec1a6ff253f	b08f8972fd45c3a95482d74aa5c27416	15f41d171b499726fc00c66467d3bdaf
41339	f908070e4c9579570a8fcec1a6ff253f	b08f8972fd45c3a95482d74aa5c27416	15f41d171b499726fc00c66467d3bdaf
41340	f908070e4c9579570a8fcec1a6ff253f	b08f8972fd45c3a95482d74aa5c27416	15f41d171b499726fc00c66467d3bdaf
41341	0d3a28a3f26e47a71005ea3bd7bc0557	420b049eb7ea76061f526f89aa01fd08	44219e57d6ffafa14800a361bd3b6d5a
41342	0d3a28a3f26e47a71005ea3bd7bc0557	420b049eb7ea76061f526f89aa01fd08	44219e57d6ffafa14800a361bd3b6d5a
41343	0d3a28a3f26e47a71005ea3bd7bc0557	420b049eb7ea76061f526f89aa01fd08	44219e57d6ffafa14800a361bd3b6d5a
41344	0d3a28a3f26e47a71005ea3bd7bc0557	420b049eb7ea76061f526f89aa01fd08	44219e57d6ffafa14800a361bd3b6d5a
41345	0d3a28a3f26e47a71005ea3bd7bc0557	420b049eb7ea76061f526f89aa01fd08	44219e57d6ffafa14800a361bd3b6d5a
41346	0d3a28a3f26e47a71005ea3bd7bc0557	420b049eb7ea76061f526f89aa01fd08	44219e57d6ffafa14800a361bd3b6d5a
41347	0d3a28a3f26e47a71005ea3bd7bc0557	420b049eb7ea76061f526f89aa01fd08	44219e57d6ffafa14800a361bd3b6d5a
41348	946bc202bddde13482260a83fcaa5253	212b54b608772054321b0d8ca379fd06	68345d21a08997f1a98d132dbc20db72
41349	84145aab28890e8fc8e93a149ceae656	77088d2ec8d5a64fddf9147d847021a6	ab45e604996c6bcc4e46e9691b8e68c9
41350	84145aab28890e8fc8e93a149ceae656	77088d2ec8d5a64fddf9147d847021a6	ab45e604996c6bcc4e46e9691b8e68c9
41351	84145aab28890e8fc8e93a149ceae656	77088d2ec8d5a64fddf9147d847021a6	ab45e604996c6bcc4e46e9691b8e68c9
41352	84145aab28890e8fc8e93a149ceae656	77088d2ec8d5a64fddf9147d847021a6	ab45e604996c6bcc4e46e9691b8e68c9
41353	84145aab28890e8fc8e93a149ceae656	77088d2ec8d5a64fddf9147d847021a6	ab45e604996c6bcc4e46e9691b8e68c9
41354	84145aab28890e8fc8e93a149ceae656	77088d2ec8d5a64fddf9147d847021a6	ab45e604996c6bcc4e46e9691b8e68c9
41355	84145aab28890e8fc8e93a149ceae656	77088d2ec8d5a64fddf9147d847021a6	ab45e604996c6bcc4e46e9691b8e68c9
41356	7b264006fb5b377f4a1cfdb355331f79	23a6819bbd4ac0dcaa8b7ee75dc40c17	658864784a20fb7e7a4fcd6cf455b6d9
41357	093a6e4ee2d135db9ffa1b7ecb3c3108	28fd8aa718a9a8dcdaf540740facd2c1	392de868ad9230ce889d0e0b65dd9990
41358	2e110020229c4c853ece3ba011b8e61a	74e242a242af6f75840c088c51bf5e0d	af910f6771426ac8088497f569027a6d
41359	2e110020229c4c853ece3ba011b8e61a	74e242a242af6f75840c088c51bf5e0d	af910f6771426ac8088497f569027a6d
41360	2e110020229c4c853ece3ba011b8e61a	74e242a242af6f75840c088c51bf5e0d	af910f6771426ac8088497f569027a6d
41361	2e110020229c4c853ece3ba011b8e61a	74e242a242af6f75840c088c51bf5e0d	af910f6771426ac8088497f569027a6d
41362	2e110020229c4c853ece3ba011b8e61a	74e242a242af6f75840c088c51bf5e0d	af910f6771426ac8088497f569027a6d
41363	2e110020229c4c853ece3ba011b8e61a	74e242a242af6f75840c088c51bf5e0d	af910f6771426ac8088497f569027a6d
41364	2e110020229c4c853ece3ba011b8e61a	74e242a242af6f75840c088c51bf5e0d	af910f6771426ac8088497f569027a6d
41365	45228e82a8aa165ad18c580c6138d948	01506b19a20a64b8fd2a2b50b7fb78cc	b1151b58c591f39eabf387a5a0d0d09f
41366	45228e82a8aa165ad18c580c6138d948	01506b19a20a64b8fd2a2b50b7fb78cc	b1151b58c591f39eabf387a5a0d0d09f
41367	45228e82a8aa165ad18c580c6138d948	01506b19a20a64b8fd2a2b50b7fb78cc	b1151b58c591f39eabf387a5a0d0d09f
41368	75d6f0a62762f7c48956143aa8bb473c	9631c7c733f895b6ed46bf8963825f41	ad7ff406509e1d9e99ff109dc2e50c1e
41369	f744c5292814b1ca9c5116d76e846db6	1f0e85901dc3146e7e7b473a6f4f0840	a2e76613dfa9adeaf4d56c459c6f3448
41370	1918098168d77e316d9fa8f030ee00f2	256e3a15e5e23130b034e610c5b4aa06	0b5a856aaf51c093dd395b17be55a338
41371	1918098168d77e316d9fa8f030ee00f2	256e3a15e5e23130b034e610c5b4aa06	0b5a856aaf51c093dd395b17be55a338
41372	1918098168d77e316d9fa8f030ee00f2	256e3a15e5e23130b034e610c5b4aa06	0b5a856aaf51c093dd395b17be55a338
41373	1918098168d77e316d9fa8f030ee00f2	256e3a15e5e23130b034e610c5b4aa06	0b5a856aaf51c093dd395b17be55a338
41374	1918098168d77e316d9fa8f030ee00f2	256e3a15e5e23130b034e610c5b4aa06	0b5a856aaf51c093dd395b17be55a338
41375	1918098168d77e316d9fa8f030ee00f2	256e3a15e5e23130b034e610c5b4aa06	0b5a856aaf51c093dd395b17be55a338
41376	1918098168d77e316d9fa8f030ee00f2	256e3a15e5e23130b034e610c5b4aa06	0b5a856aaf51c093dd395b17be55a338
41377	a76e8607f31718278017ae6af76105a6	a7fda604c204fcfd113ef96fc930f9e5	78d1f1e7cf23f081061b3fd8f5473450
41378	a76e8607f31718278017ae6af76105a6	a7fda604c204fcfd113ef96fc930f9e5	78d1f1e7cf23f081061b3fd8f5473450
41379	a76e8607f31718278017ae6af76105a6	a88e18d33a71dba896faadb5122e257a	190cb09af41aec5684b753c83b985ebd
41380	a76e8607f31718278017ae6af76105a6	a7fda604c204fcfd113ef96fc930f9e5	78d1f1e7cf23f081061b3fd8f5473450
41381	a76e8607f31718278017ae6af76105a6	a7fda604c204fcfd113ef96fc930f9e5	78d1f1e7cf23f081061b3fd8f5473450
41382	1baddc61a460070186e93c89fe508370	e9a89ea716386ba9d82be6ca7b663448	3fd7c9790f255f741eca49455a6a8f64
41383	1baddc61a460070186e93c89fe508370	e9a89ea716386ba9d82be6ca7b663448	3fd7c9790f255f741eca49455a6a8f64
41384	1baddc61a460070186e93c89fe508370	e9a89ea716386ba9d82be6ca7b663448	3fd7c9790f255f741eca49455a6a8f64
41385	1baddc61a460070186e93c89fe508370	e9a89ea716386ba9d82be6ca7b663448	3fd7c9790f255f741eca49455a6a8f64
41386	1baddc61a460070186e93c89fe508370	e9a89ea716386ba9d82be6ca7b663448	3fd7c9790f255f741eca49455a6a8f64
41387	1baddc61a460070186e93c89fe508370	e9a89ea716386ba9d82be6ca7b663448	3fd7c9790f255f741eca49455a6a8f64
41388	1baddc61a460070186e93c89fe508370	e9a89ea716386ba9d82be6ca7b663448	3fd7c9790f255f741eca49455a6a8f64
41389	1baddc61a460070186e93c89fe508370	e9a89ea716386ba9d82be6ca7b663448	3fd7c9790f255f741eca49455a6a8f64
41390	1baddc61a460070186e93c89fe508370	e9a89ea716386ba9d82be6ca7b663448	3fd7c9790f255f741eca49455a6a8f64
41391	1baddc61a460070186e93c89fe508370	e9a89ea716386ba9d82be6ca7b663448	3fd7c9790f255f741eca49455a6a8f64
41392	1baddc61a460070186e93c89fe508370	e9a89ea716386ba9d82be6ca7b663448	3fd7c9790f255f741eca49455a6a8f64
41393	1baddc61a460070186e93c89fe508370	e9a89ea716386ba9d82be6ca7b663448	3fd7c9790f255f741eca49455a6a8f64
41394	1baddc61a460070186e93c89fe508370	e9a89ea716386ba9d82be6ca7b663448	3fd7c9790f255f741eca49455a6a8f64
41395	1baddc61a460070186e93c89fe508370	e9a89ea716386ba9d82be6ca7b663448	3fd7c9790f255f741eca49455a6a8f64
41396	1baddc61a460070186e93c89fe508370	e9a89ea716386ba9d82be6ca7b663448	3fd7c9790f255f741eca49455a6a8f64
41397	1baddc61a460070186e93c89fe508370	e9a89ea716386ba9d82be6ca7b663448	3fd7c9790f255f741eca49455a6a8f64
41398	1baddc61a460070186e93c89fe508370	e9a89ea716386ba9d82be6ca7b663448	3fd7c9790f255f741eca49455a6a8f64
41399	b61fec9b39d3a34d365bbca96a519c33	7483b6791e401d89aa92e4381e494208	e1a4f8e70884ae316bebe5c8d392627e
41400	b61fec9b39d3a34d365bbca96a519c33	7483b6791e401d89aa92e4381e494208	e1a4f8e70884ae316bebe5c8d392627e
41401	b61fec9b39d3a34d365bbca96a519c33	7483b6791e401d89aa92e4381e494208	e1a4f8e70884ae316bebe5c8d392627e
41402	b61fec9b39d3a34d365bbca96a519c33	7483b6791e401d89aa92e4381e494208	e1a4f8e70884ae316bebe5c8d392627e
41403	b61fec9b39d3a34d365bbca96a519c33	7483b6791e401d89aa92e4381e494208	e1a4f8e70884ae316bebe5c8d392627e
41404	b61fec9b39d3a34d365bbca96a519c33	7483b6791e401d89aa92e4381e494208	e1a4f8e70884ae316bebe5c8d392627e
41405	b61fec9b39d3a34d365bbca96a519c33	7483b6791e401d89aa92e4381e494208	e1a4f8e70884ae316bebe5c8d392627e
41406	2f62345dff1c84887b0dd4df182b9d81	da17c260e61cc2f676c858e8eedd4f11	1c760808b8418edc65104febb2147911
41407	2f62345dff1c84887b0dd4df182b9d81	da17c260e61cc2f676c858e8eedd4f11	1c760808b8418edc65104febb2147911
41408	2f62345dff1c84887b0dd4df182b9d81	da17c260e61cc2f676c858e8eedd4f11	1c760808b8418edc65104febb2147911
41409	2f62345dff1c84887b0dd4df182b9d81	da17c260e61cc2f676c858e8eedd4f11	1c760808b8418edc65104febb2147911
41410	2f62345dff1c84887b0dd4df182b9d81	da17c260e61cc2f676c858e8eedd4f11	1c760808b8418edc65104febb2147911
41411	acfa84dd8d7487ef719c7a90be83a551	1f1fe4a57dc0c42e5f54447913d4f82c	c17359da559931d59ad2dd8ee746aa66
41412	acfa84dd8d7487ef719c7a90be83a551	1f1fe4a57dc0c42e5f54447913d4f82c	c17359da559931d59ad2dd8ee746aa66
41413	acfa84dd8d7487ef719c7a90be83a551	1f1fe4a57dc0c42e5f54447913d4f82c	c17359da559931d59ad2dd8ee746aa66
41414	596b0317bc62c2b4e73e407d4c094756	5db3af092974893596f098b4f081520d	4336bf3c451ce56e74848bcbda02f21f
41415	ddb5c28d252cc0b234259d97f77bb5c3	13d23527b9f8ba293f488537de9d4cd0	e6f0b06a0c81799c3b60336af341f422
41416	acfa84dd8d7487ef719c7a90be83a551	1f1fe4a57dc0c42e5f54447913d4f82c	c17359da559931d59ad2dd8ee746aa66
41417	acfa84dd8d7487ef719c7a90be83a551	1f1fe4a57dc0c42e5f54447913d4f82c	c17359da559931d59ad2dd8ee746aa66
41418	f423f26f93e20d627d248c6808f39763	15a90d9df4b726efee0cf812f1303b7e	46d5e48063bdf642cfae9b86b27b44d1
41419	f423f26f93e20d627d248c6808f39763	15a90d9df4b726efee0cf812f1303b7e	46d5e48063bdf642cfae9b86b27b44d1
41420	f423f26f93e20d627d248c6808f39763	15a90d9df4b726efee0cf812f1303b7e	46d5e48063bdf642cfae9b86b27b44d1
41421	e5997ae88e0ef4c52ab692b304a52f09	1b4c4918b9dfafd543afcdec815a0e8b	d075e952bd6e3658515482048bdee0e9
41422	e5997ae88e0ef4c52ab692b304a52f09	e8a3b2534a8ac9135628bdf5f3ca84b1	d07894d1bf73c85a258506af63797f23
41423	a4bb1b30dd3ea5f20a1a11f96bb07abd	29d3e19d7b1c2ab8a3979237763ea8b8	1a7fd2ad7cef6b54226e898b45f0e895
41424	a4bb1b30dd3ea5f20a1a11f96bb07abd	29d3e19d7b1c2ab8a3979237763ea8b8	1a7fd2ad7cef6b54226e898b45f0e895
41425	a4bb1b30dd3ea5f20a1a11f96bb07abd	29d3e19d7b1c2ab8a3979237763ea8b8	1a7fd2ad7cef6b54226e898b45f0e895
41426	a4bb1b30dd3ea5f20a1a11f96bb07abd	29d3e19d7b1c2ab8a3979237763ea8b8	1a7fd2ad7cef6b54226e898b45f0e895
41427	a4bb1b30dd3ea5f20a1a11f96bb07abd	29d3e19d7b1c2ab8a3979237763ea8b8	1a7fd2ad7cef6b54226e898b45f0e895
41428	9706411f4d7f2d34ad2f4610fec8f378	cb14fec756ead792830303710e08b49b	bd1c99d8a7f4499d7164f622aa641f5c
41429	9706411f4d7f2d34ad2f4610fec8f378	cb14fec756ead792830303710e08b49b	bd1c99d8a7f4499d7164f622aa641f5c
41430	9706411f4d7f2d34ad2f4610fec8f378	cb14fec756ead792830303710e08b49b	bd1c99d8a7f4499d7164f622aa641f5c
41431	dda02e53f250a226ad44bdfacceb9fc3	3827997788ce1ec0357ca6cd80000dca	c5e7f952126a66c17233c50d5c563507
41432	dda02e53f250a226ad44bdfacceb9fc3	3827997788ce1ec0357ca6cd80000dca	c5e7f952126a66c17233c50d5c563507
41433	dda02e53f250a226ad44bdfacceb9fc3	3827997788ce1ec0357ca6cd80000dca	c5e7f952126a66c17233c50d5c563507
41434	dda02e53f250a226ad44bdfacceb9fc3	3827997788ce1ec0357ca6cd80000dca	c5e7f952126a66c17233c50d5c563507
41435	adb6d5d0db1bd4226e1654a776cde570	6985b4a26069ee7f268053323fe450b6	e583642051ee211084aa852fc765e534
41436	adb6d5d0db1bd4226e1654a776cde570	6985b4a26069ee7f268053323fe450b6	e583642051ee211084aa852fc765e534
41437	adb6d5d0db1bd4226e1654a776cde570	6985b4a26069ee7f268053323fe450b6	e583642051ee211084aa852fc765e534
41438	adb6d5d0db1bd4226e1654a776cde570	6985b4a26069ee7f268053323fe450b6	e583642051ee211084aa852fc765e534
41439	866ef8e4e4412c31ca0dfbbb27510665	8af38bd0b1f445b34115002eece0b9c5	82a21555d1fbe5b1aef0b8c61a215642
41440	c778096e6d561b9604d8469c33526df5	c4f5aaec101dadc85ccd244c56bc8542	0a4c76b9dd4eeb59abe968e422bffb87
41441	c778096e6d561b9604d8469c33526df5	c4f5aaec101dadc85ccd244c56bc8542	0a4c76b9dd4eeb59abe968e422bffb87
41442	c778096e6d561b9604d8469c33526df5	c4f5aaec101dadc85ccd244c56bc8542	0a4c76b9dd4eeb59abe968e422bffb87
41443	c778096e6d561b9604d8469c33526df5	c4f5aaec101dadc85ccd244c56bc8542	0a4c76b9dd4eeb59abe968e422bffb87
41444	c778096e6d561b9604d8469c33526df5	c4f5aaec101dadc85ccd244c56bc8542	0a4c76b9dd4eeb59abe968e422bffb87
41445	c778096e6d561b9604d8469c33526df5	c4f5aaec101dadc85ccd244c56bc8542	0a4c76b9dd4eeb59abe968e422bffb87
41446	c778096e6d561b9604d8469c33526df5	c4f5aaec101dadc85ccd244c56bc8542	0a4c76b9dd4eeb59abe968e422bffb87
41447	5eb8f369f5e31e0068ff58c7bacd69da	0dd0c8e211c3e3c596e2feb8d9db9044	d577c4580d9b49728682d25110e4f5ce
41448	5eb8f369f5e31e0068ff58c7bacd69da	0dd0c8e211c3e3c596e2feb8d9db9044	d577c4580d9b49728682d25110e4f5ce
41449	5eb8f369f5e31e0068ff58c7bacd69da	0dd0c8e211c3e3c596e2feb8d9db9044	d577c4580d9b49728682d25110e4f5ce
41450	488ee37df110e57ea5ccb0c32a99e765	7ab49e080131dd424375d1ceb1129fed	fa57b5b3a69b56c803c33dee681eca0b
41451	5eb8f369f5e31e0068ff58c7bacd69da	0dd0c8e211c3e3c596e2feb8d9db9044	d577c4580d9b49728682d25110e4f5ce
41452	1eaa1b39b2346c2d64b582eec6ea0480	b738d77f2885793e8e874a4c0d24b3b9	28199794fff34252e8c5c8148a5c2fae
41453	1eaa1b39b2346c2d64b582eec6ea0480	b738d77f2885793e8e874a4c0d24b3b9	28199794fff34252e8c5c8148a5c2fae
41454	1eaa1b39b2346c2d64b582eec6ea0480	b738d77f2885793e8e874a4c0d24b3b9	28199794fff34252e8c5c8148a5c2fae
41455	1eaa1b39b2346c2d64b582eec6ea0480	b738d77f2885793e8e874a4c0d24b3b9	28199794fff34252e8c5c8148a5c2fae
41456	1eaa1b39b2346c2d64b582eec6ea0480	b738d77f2885793e8e874a4c0d24b3b9	28199794fff34252e8c5c8148a5c2fae
41457	1eaa1b39b2346c2d64b582eec6ea0480	b738d77f2885793e8e874a4c0d24b3b9	28199794fff34252e8c5c8148a5c2fae
41458	1eaa1b39b2346c2d64b582eec6ea0480	b738d77f2885793e8e874a4c0d24b3b9	28199794fff34252e8c5c8148a5c2fae
41459	1eaa1b39b2346c2d64b582eec6ea0480	b738d77f2885793e8e874a4c0d24b3b9	28199794fff34252e8c5c8148a5c2fae
41460	1eaa1b39b2346c2d64b582eec6ea0480	b738d77f2885793e8e874a4c0d24b3b9	28199794fff34252e8c5c8148a5c2fae
41461	1eaa1b39b2346c2d64b582eec6ea0480	b738d77f2885793e8e874a4c0d24b3b9	28199794fff34252e8c5c8148a5c2fae
41462	1eaa1b39b2346c2d64b582eec6ea0480	b738d77f2885793e8e874a4c0d24b3b9	28199794fff34252e8c5c8148a5c2fae
41463	1eaa1b39b2346c2d64b582eec6ea0480	b738d77f2885793e8e874a4c0d24b3b9	28199794fff34252e8c5c8148a5c2fae
41464	4b8dde3707f1ebd00437da86a2719c70	2b8d0fb2750d19b86009463b208e40cd	045657d70def8f8f2bd07818eb64cad0
41465	4b8dde3707f1ebd00437da86a2719c70	2b8d0fb2750d19b86009463b208e40cd	045657d70def8f8f2bd07818eb64cad0
41466	4b8dde3707f1ebd00437da86a2719c70	2b8d0fb2750d19b86009463b208e40cd	045657d70def8f8f2bd07818eb64cad0
41467	4b8dde3707f1ebd00437da86a2719c70	2b8d0fb2750d19b86009463b208e40cd	045657d70def8f8f2bd07818eb64cad0
41468	4b8dde3707f1ebd00437da86a2719c70	2b8d0fb2750d19b86009463b208e40cd	045657d70def8f8f2bd07818eb64cad0
41469	c1377da183fca1581236e5d8c9b63b9a	f34bd199ab19398964981d36a80d8cc8	9f912f5ef03268777d04efdf86ff77b7
41470	c1377da183fca1581236e5d8c9b63b9a	f34bd199ab19398964981d36a80d8cc8	9f912f5ef03268777d04efdf86ff77b7
41471	c1377da183fca1581236e5d8c9b63b9a	f34bd199ab19398964981d36a80d8cc8	9f912f5ef03268777d04efdf86ff77b7
41472	d745b2b97e2fb2a15b207a94819db6d2	113c6f63d3e735bffe8c35912a56eb57	e1e9d19b250a2bb79c8660dc9a054dc0
41473	d745b2b97e2fb2a15b207a94819db6d2	113c6f63d3e735bffe8c35912a56eb57	e1e9d19b250a2bb79c8660dc9a054dc0
41474	04ce4f7b0b294222ac2223a8c22a9b08	a2ee28a62c5188814d7bdff5f290bf6c	80a884d77b07ee2f53a1e73cd19b147b
41475	04ce4f7b0b294222ac2223a8c22a9b08	a2ee28a62c5188814d7bdff5f290bf6c	80a884d77b07ee2f53a1e73cd19b147b
41476	88140ac138e45dfee27293c4bef2810a	9bc9f588023300bc9f9aa0c87ed7eaeb	c980f6802ca21e5df0ba9a094b0d526a
41477	88140ac138e45dfee27293c4bef2810a	9bc9f588023300bc9f9aa0c87ed7eaeb	c980f6802ca21e5df0ba9a094b0d526a
41478	88140ac138e45dfee27293c4bef2810a	9bc9f588023300bc9f9aa0c87ed7eaeb	c980f6802ca21e5df0ba9a094b0d526a
41479	88140ac138e45dfee27293c4bef2810a	9bc9f588023300bc9f9aa0c87ed7eaeb	c980f6802ca21e5df0ba9a094b0d526a
41480	88140ac138e45dfee27293c4bef2810a	9bc9f588023300bc9f9aa0c87ed7eaeb	c980f6802ca21e5df0ba9a094b0d526a
41481	72dda5576fa08f3a863463e2cf0a6d4b	9b902b858b1ae9a3eedd52903ff57ff0	3f54de529d3ea60139355088fdba2229
41482	72dda5576fa08f3a863463e2cf0a6d4b	9b902b858b1ae9a3eedd52903ff57ff0	3f54de529d3ea60139355088fdba2229
41483	72dda5576fa08f3a863463e2cf0a6d4b	9b902b858b1ae9a3eedd52903ff57ff0	3f54de529d3ea60139355088fdba2229
41484	72dda5576fa08f3a863463e2cf0a6d4b	9b902b858b1ae9a3eedd52903ff57ff0	3f54de529d3ea60139355088fdba2229
41485	72dda5576fa08f3a863463e2cf0a6d4b	9b902b858b1ae9a3eedd52903ff57ff0	3f54de529d3ea60139355088fdba2229
41486	72dda5576fa08f3a863463e2cf0a6d4b	9b902b858b1ae9a3eedd52903ff57ff0	3f54de529d3ea60139355088fdba2229
41487	72dda5576fa08f3a863463e2cf0a6d4b	9b902b858b1ae9a3eedd52903ff57ff0	3f54de529d3ea60139355088fdba2229
41488	51ad70e86c6225f01133a3e1daa48f56	3755865881dde969e737c49651904fdb	37af399d59f63fe765cb246c702451e8
41489	51ad70e86c6225f01133a3e1daa48f56	3755865881dde969e737c49651904fdb	37af399d59f63fe765cb246c702451e8
41490	51ad70e86c6225f01133a3e1daa48f56	3755865881dde969e737c49651904fdb	37af399d59f63fe765cb246c702451e8
41491	51ad70e86c6225f01133a3e1daa48f56	3755865881dde969e737c49651904fdb	37af399d59f63fe765cb246c702451e8
41492	51ad70e86c6225f01133a3e1daa48f56	3755865881dde969e737c49651904fdb	37af399d59f63fe765cb246c702451e8
41493	51ad70e86c6225f01133a3e1daa48f56	3755865881dde969e737c49651904fdb	37af399d59f63fe765cb246c702451e8
41494	51ad70e86c6225f01133a3e1daa48f56	3755865881dde969e737c49651904fdb	37af399d59f63fe765cb246c702451e8
41495	51ad70e86c6225f01133a3e1daa48f56	3755865881dde969e737c49651904fdb	37af399d59f63fe765cb246c702451e8
41496	51ad70e86c6225f01133a3e1daa48f56	3755865881dde969e737c49651904fdb	37af399d59f63fe765cb246c702451e8
41497	51ad70e86c6225f01133a3e1daa48f56	3755865881dde969e737c49651904fdb	37af399d59f63fe765cb246c702451e8
41498	98fe3541505e3613ebb79c11a23003b2	50c8a041894088f280f769260abb3156	c0453d61596a46992e5f3fd871c51fc7
41499	98fe3541505e3613ebb79c11a23003b2	50c8a041894088f280f769260abb3156	c0453d61596a46992e5f3fd871c51fc7
41500	98fe3541505e3613ebb79c11a23003b2	50c8a041894088f280f769260abb3156	c0453d61596a46992e5f3fd871c51fc7
41501	98fe3541505e3613ebb79c11a23003b2	50c8a041894088f280f769260abb3156	c0453d61596a46992e5f3fd871c51fc7
41502	98fe3541505e3613ebb79c11a23003b2	50c8a041894088f280f769260abb3156	c0453d61596a46992e5f3fd871c51fc7
41503	98fe3541505e3613ebb79c11a23003b2	50c8a041894088f280f769260abb3156	c0453d61596a46992e5f3fd871c51fc7
41504	98fe3541505e3613ebb79c11a23003b2	50c8a041894088f280f769260abb3156	c0453d61596a46992e5f3fd871c51fc7
41505	46b0595bd0c7febf534edcbfe94e8aee	c7c175efd22d2016c9b32c8aa20727c2	f6421d1cf08b30013123aee760b10d43
41506	46b0595bd0c7febf534edcbfe94e8aee	c7c175efd22d2016c9b32c8aa20727c2	f6421d1cf08b30013123aee760b10d43
41507	46b0595bd0c7febf534edcbfe94e8aee	c7c175efd22d2016c9b32c8aa20727c2	f6421d1cf08b30013123aee760b10d43
41508	46b0595bd0c7febf534edcbfe94e8aee	c7c175efd22d2016c9b32c8aa20727c2	f6421d1cf08b30013123aee760b10d43
41509	46b0595bd0c7febf534edcbfe94e8aee	c7c175efd22d2016c9b32c8aa20727c2	f6421d1cf08b30013123aee760b10d43
41510	e3b10164791c0b82ef1181a0ea70d215	efd3eea68c8804ae6240a74d71f657ff	b70ea4d752806ea7b0b473af8169f8f8
41511	e3b10164791c0b82ef1181a0ea70d215	efd3eea68c8804ae6240a74d71f657ff	b70ea4d752806ea7b0b473af8169f8f8
41512	e3b10164791c0b82ef1181a0ea70d215	efd3eea68c8804ae6240a74d71f657ff	b70ea4d752806ea7b0b473af8169f8f8
41513	e3b10164791c0b82ef1181a0ea70d215	efd3eea68c8804ae6240a74d71f657ff	b70ea4d752806ea7b0b473af8169f8f8
41514	e3b10164791c0b82ef1181a0ea70d215	efd3eea68c8804ae6240a74d71f657ff	b70ea4d752806ea7b0b473af8169f8f8
41515	e3b10164791c0b82ef1181a0ea70d215	efd3eea68c8804ae6240a74d71f657ff	b70ea4d752806ea7b0b473af8169f8f8
41516	e3b10164791c0b82ef1181a0ea70d215	efd3eea68c8804ae6240a74d71f657ff	b70ea4d752806ea7b0b473af8169f8f8
41517	37619c25108be815c419bf95088715a8	c7b4e6228b7e3f1b1d6ae7f49c1b7a2c	26faa7aefb5276a69214e43f265aa40b
41518	e3b10164791c0b82ef1181a0ea70d215	efd3eea68c8804ae6240a74d71f657ff	b70ea4d752806ea7b0b473af8169f8f8
41519	e3b10164791c0b82ef1181a0ea70d215	efd3eea68c8804ae6240a74d71f657ff	b70ea4d752806ea7b0b473af8169f8f8
41520	e3b10164791c0b82ef1181a0ea70d215	efd3eea68c8804ae6240a74d71f657ff	b70ea4d752806ea7b0b473af8169f8f8
41521	e3b10164791c0b82ef1181a0ea70d215	efd3eea68c8804ae6240a74d71f657ff	b70ea4d752806ea7b0b473af8169f8f8
41522	e3b10164791c0b82ef1181a0ea70d215	efd3eea68c8804ae6240a74d71f657ff	b70ea4d752806ea7b0b473af8169f8f8
41523	e3b10164791c0b82ef1181a0ea70d215	efd3eea68c8804ae6240a74d71f657ff	b70ea4d752806ea7b0b473af8169f8f8
41524	e3b10164791c0b82ef1181a0ea70d215	efd3eea68c8804ae6240a74d71f657ff	b70ea4d752806ea7b0b473af8169f8f8
41525	e3b10164791c0b82ef1181a0ea70d215	efd3eea68c8804ae6240a74d71f657ff	b70ea4d752806ea7b0b473af8169f8f8
41526	e3b10164791c0b82ef1181a0ea70d215	efd3eea68c8804ae6240a74d71f657ff	b70ea4d752806ea7b0b473af8169f8f8
41527	80e750309c6b00f6740467baf8663b16	f816b138ad42bc5892006f96299c20e8	b6e18d61eca9600dd090c9663aedf72a
41528	80e750309c6b00f6740467baf8663b16	f816b138ad42bc5892006f96299c20e8	b6e18d61eca9600dd090c9663aedf72a
41529	80e750309c6b00f6740467baf8663b16	f816b138ad42bc5892006f96299c20e8	b6e18d61eca9600dd090c9663aedf72a
41530	80e750309c6b00f6740467baf8663b16	f816b138ad42bc5892006f96299c20e8	b6e18d61eca9600dd090c9663aedf72a
41531	80e750309c6b00f6740467baf8663b16	f816b138ad42bc5892006f96299c20e8	b6e18d61eca9600dd090c9663aedf72a
41532	80e750309c6b00f6740467baf8663b16	f816b138ad42bc5892006f96299c20e8	b6e18d61eca9600dd090c9663aedf72a
41533	80e750309c6b00f6740467baf8663b16	f816b138ad42bc5892006f96299c20e8	b6e18d61eca9600dd090c9663aedf72a
41534	d6e6e432d77da13d11448ad6140e4456	e17f7bf428b7e429771af58498386c18	6922e31e961fea1666e213ecbb90f9cb
41535	d6e6e432d77da13d11448ad6140e4456	e17f7bf428b7e429771af58498386c18	6922e31e961fea1666e213ecbb90f9cb
41536	d6e6e432d77da13d11448ad6140e4456	e17f7bf428b7e429771af58498386c18	6922e31e961fea1666e213ecbb90f9cb
41537	77b635c575517eab1fb08e36551235df	bc8a0aa69e683109b114a2240ef15793	83254c7b2d77e3fe51329a385baaee11
41538	77b635c575517eab1fb08e36551235df	bc8a0aa69e683109b114a2240ef15793	83254c7b2d77e3fe51329a385baaee11
41539	681058ddb91f26c763cee4ce5fceef1c	01b6512c96f753a2f9d80c6020a416ad	dfdd6ed4ae3803605e73bf43b1a3ab9a
41540	681058ddb91f26c763cee4ce5fceef1c	01b6512c96f753a2f9d80c6020a416ad	dfdd6ed4ae3803605e73bf43b1a3ab9a
41541	681058ddb91f26c763cee4ce5fceef1c	01b6512c96f753a2f9d80c6020a416ad	dfdd6ed4ae3803605e73bf43b1a3ab9a
41542	6ae4f9fa28cf7bd629656de6f5c8161a	231a49af7761eeb1bcb1377e1af2f9aa	912ef46acbdcc484ad5af8b431adf26a
41543	e8da9b4fe18494e7bacffc109c39578b	e4972843df661c52d9c4542bfda056dc	ffcc4de62e52bac788dae91e239a6028
41544	6ae4f9fa28cf7bd629656de6f5c8161a	231a49af7761eeb1bcb1377e1af2f9aa	912ef46acbdcc484ad5af8b431adf26a
41545	6ae4f9fa28cf7bd629656de6f5c8161a	231a49af7761eeb1bcb1377e1af2f9aa	912ef46acbdcc484ad5af8b431adf26a
41546	ea8c46b718496be464446fb186188867	c83d7b71a87e17f68b4f6b45a51f24ef	68d60fda2371fede50b333fb7904c85f
41547	ea8c46b718496be464446fb186188867	c83d7b71a87e17f68b4f6b45a51f24ef	68d60fda2371fede50b333fb7904c85f
41548	be1e709fcce1af2a9b01ceb38508ff6b	343de7c6431b84047eb4fa3fd4824c76	b03d160c145385f8ac9f65668e5aacc8
41549	02b06cc3dad3b2b674a9161cdbbd2581	cf52bb800ca85f06ab463c9b57b94273	cc5c4fd3295eea215350000d03ada692
41550	02b06cc3dad3b2b674a9161cdbbd2581	cf52bb800ca85f06ab463c9b57b94273	cc5c4fd3295eea215350000d03ada692
41551	bafdb3f5cdbbf1bd6d4d2f5b935a4679	cbf742fc3a09971a88e1e424db4e5411	7205a96d104863b239f9900db2f6ad04
41552	bafdb3f5cdbbf1bd6d4d2f5b935a4679	cbf742fc3a09971a88e1e424db4e5411	7205a96d104863b239f9900db2f6ad04
41553	bafdb3f5cdbbf1bd6d4d2f5b935a4679	cbf742fc3a09971a88e1e424db4e5411	7205a96d104863b239f9900db2f6ad04
41554	bafdb3f5cdbbf1bd6d4d2f5b935a4679	cbf742fc3a09971a88e1e424db4e5411	7205a96d104863b239f9900db2f6ad04
41555	bafdb3f5cdbbf1bd6d4d2f5b935a4679	cbf742fc3a09971a88e1e424db4e5411	7205a96d104863b239f9900db2f6ad04
41556	bafdb3f5cdbbf1bd6d4d2f5b935a4679	cbf742fc3a09971a88e1e424db4e5411	7205a96d104863b239f9900db2f6ad04
41557	bafdb3f5cdbbf1bd6d4d2f5b935a4679	cbf742fc3a09971a88e1e424db4e5411	7205a96d104863b239f9900db2f6ad04
41558	954839857b3dee8b4688a6eb839b07e1	32d832b3501a2f0c86e5624c42ede698	a666a2c8e8ec162e0ac0133db7dbcbd5
41559	954839857b3dee8b4688a6eb839b07e1	32d832b3501a2f0c86e5624c42ede698	a666a2c8e8ec162e0ac0133db7dbcbd5
41560	954839857b3dee8b4688a6eb839b07e1	32d832b3501a2f0c86e5624c42ede698	a666a2c8e8ec162e0ac0133db7dbcbd5
41561	954839857b3dee8b4688a6eb839b07e1	32d832b3501a2f0c86e5624c42ede698	a666a2c8e8ec162e0ac0133db7dbcbd5
41562	954839857b3dee8b4688a6eb839b07e1	32d832b3501a2f0c86e5624c42ede698	a666a2c8e8ec162e0ac0133db7dbcbd5
41563	954839857b3dee8b4688a6eb839b07e1	32d832b3501a2f0c86e5624c42ede698	a666a2c8e8ec162e0ac0133db7dbcbd5
41564	954839857b3dee8b4688a6eb839b07e1	32d832b3501a2f0c86e5624c42ede698	a666a2c8e8ec162e0ac0133db7dbcbd5
41565	954839857b3dee8b4688a6eb839b07e1	32d832b3501a2f0c86e5624c42ede698	a666a2c8e8ec162e0ac0133db7dbcbd5
41566	954839857b3dee8b4688a6eb839b07e1	32d832b3501a2f0c86e5624c42ede698	a666a2c8e8ec162e0ac0133db7dbcbd5
41567	954839857b3dee8b4688a6eb839b07e1	32d832b3501a2f0c86e5624c42ede698	a666a2c8e8ec162e0ac0133db7dbcbd5
41568	7075f1226d1c4c4efa00dabda831b370	af4c2f2ea4b6b4413ed18ea1a98c85a4	12d2a8f8e7f153a66e0de39281de7ab7
41569	7075f1226d1c4c4efa00dabda831b370	af4c2f2ea4b6b4413ed18ea1a98c85a4	12d2a8f8e7f153a66e0de39281de7ab7
41570	7075f1226d1c4c4efa00dabda831b370	af4c2f2ea4b6b4413ed18ea1a98c85a4	12d2a8f8e7f153a66e0de39281de7ab7
41571	7075f1226d1c4c4efa00dabda831b370	af4c2f2ea4b6b4413ed18ea1a98c85a4	12d2a8f8e7f153a66e0de39281de7ab7
41572	7075f1226d1c4c4efa00dabda831b370	af4c2f2ea4b6b4413ed18ea1a98c85a4	12d2a8f8e7f153a66e0de39281de7ab7
41573	7075f1226d1c4c4efa00dabda831b370	af4c2f2ea4b6b4413ed18ea1a98c85a4	12d2a8f8e7f153a66e0de39281de7ab7
41574	7075f1226d1c4c4efa00dabda831b370	af4c2f2ea4b6b4413ed18ea1a98c85a4	12d2a8f8e7f153a66e0de39281de7ab7
41575	fb6814c9d6089cd99997d14f44747c15	3138d4f983bf758585f9f37034404f4d	16950ffd9e01dd0ab5dcb106feb2ca79
41576	fb6814c9d6089cd99997d14f44747c15	3138d4f983bf758585f9f37034404f4d	16950ffd9e01dd0ab5dcb106feb2ca79
41577	fb6814c9d6089cd99997d14f44747c15	3138d4f983bf758585f9f37034404f4d	16950ffd9e01dd0ab5dcb106feb2ca79
41578	fb6814c9d6089cd99997d14f44747c15	3138d4f983bf758585f9f37034404f4d	16950ffd9e01dd0ab5dcb106feb2ca79
41579	fb6814c9d6089cd99997d14f44747c15	3138d4f983bf758585f9f37034404f4d	16950ffd9e01dd0ab5dcb106feb2ca79
41580	264124c99415c337c7008a6666670fd8	59524a98b385be78bbdf79c0b2739375	2879a2361c16961c5a29a34e96cd55d5
41581	d21d6d3c9ec4dfe107cc8cbc1604e5ee	899125800d658c85b5b8803ec4f9fcd7	f6d5b767fdd85b23b849a6c2b9b6b173
41582	7beebcff674a09461c1c3c1ef21db770	7aae2cc7da3fe281b9eff3ff57602a70	66ccf70afac4c6d54d626543fabe5858
41583	e3a8b1a570b5d03a70d79686d339e22e	a8ee548964e4406cd787a07e5d88bec9	f13675486ddd3d1445486321365e3659
41584	ae4d5ac3b1748b828b26fba021a429a4	135b06f03ee5b61ed9321d2f2ffac2d9	f9f952e506e6d962e311e71a5e759e29
41585	215db6c076f7d6783bb77292990f51f8	55d9c6e9911d1be8c13a518e916b4c5b	ebc75cb2a2f92acf8f96405037be4528
41586	bff0ddbcc3d0fa582201fb3dace0a9b4	a379158d4b1d2d3cc5cc66db761a9508	9e938ef51d3a3e7c7063c8b9a39371e9
41587	92e144abae5017ce1843bd8b0dc72c45	8f8af2f507382b1290c0ac7258639270	abf7c47f65239ed2decc646d5e677880
41588	f98d24a01e1c8794010f4ef226ceb183	88f8fdac8400229670f31cbcfabc3598	453e22bb852775109566df0e623b595c
41589	f98d24a01e1c8794010f4ef226ceb183	88f8fdac8400229670f31cbcfabc3598	453e22bb852775109566df0e623b595c
41590	79978772ffc339661bc680f29bb8c0e3	3dedf34f754b4dfa0792b148bcd88dc8	f60762ae950079e6b7097fd37a5d1310
41591	4d07483765ef7cfc6dd2bb91d7d0592a	243cd12d2348f4ed284b8eab6022d449	fcf2dd47ff869d03d0f47b3e3fe991dd
41592	cc515b340d41cb3aa1611a2ab0f4771e	a6bedf83c4de90d10526b9625e56068a	7318d6305317ba2d283ac5e8cf588698
41593	01ce029ed2863eb4f63da528d0453e5d	ccd39babe6798bbef6edf4a428cda596	d49de26bca7bf9d98cd0cc9d68b212e0
41594	80555b5978ae5415eddb8525c44bc712	20ec922f15fcdc18d57d5f029c03b7a1	d74ebe7ba74b2eabccf7cb4b7f859434
41595	01ce029ed2863eb4f63da528d0453e5d	ccd39babe6798bbef6edf4a428cda596	d49de26bca7bf9d98cd0cc9d68b212e0
41596	9e299eaea61dfa24b6bfc300edaa1d55	04683dede22aa77540465fb2bcd1da4a	6249fb565a168d66ebcacdcc8fd6c4fd
41597	7dfee87edf533cce63f680a9e468f84f	ae9dafbd3aaffcb75ab2cbb10f81b531	d976abf62b3019580839b6d305e169d0
41598	7dfee87edf533cce63f680a9e468f84f	ae9dafbd3aaffcb75ab2cbb10f81b531	d976abf62b3019580839b6d305e169d0
41599	7dfee87edf533cce63f680a9e468f84f	ae9dafbd3aaffcb75ab2cbb10f81b531	d976abf62b3019580839b6d305e169d0
41600	6ceed75efecf284b30af3bf42398fec1	f95fddd849a7a86e196a53dcb734a95b	bb5546a6db6b4f97cfd9e5a2f2d40975
41601	6ceed75efecf284b30af3bf42398fec1	f95fddd849a7a86e196a53dcb734a95b	bb5546a6db6b4f97cfd9e5a2f2d40975
41602	6ceed75efecf284b30af3bf42398fec1	f95fddd849a7a86e196a53dcb734a95b	bb5546a6db6b4f97cfd9e5a2f2d40975
41603	6ceed75efecf284b30af3bf42398fec1	f95fddd849a7a86e196a53dcb734a95b	bb5546a6db6b4f97cfd9e5a2f2d40975
41604	0c66a15942022a6a850fda07650966c3	1a57a8116e6b81fd87a44acfd291c997	7946e78d8d18c34f83097ea95aa1891c
41605	0c66a15942022a6a850fda07650966c3	1a57a8116e6b81fd87a44acfd291c997	7946e78d8d18c34f83097ea95aa1891c
41606	0c66a15942022a6a850fda07650966c3	1a57a8116e6b81fd87a44acfd291c997	7946e78d8d18c34f83097ea95aa1891c
41607	3eee1435e59ecd9c6cf504f9872d4143	56cd2a02c042574495151a3569e8f4b6	54e7ddba22c3bc1944e0cbd981e8ec00
41608	3eee1435e59ecd9c6cf504f9872d4143	56cd2a02c042574495151a3569e8f4b6	54e7ddba22c3bc1944e0cbd981e8ec00
41609	f246028362519831a91b662e203f9e4e	257563014ed163f811b46e54e98e39a6	45fedc2ff26e651a74b6b5c49ec9a26a
41610	f246028362519831a91b662e203f9e4e	257563014ed163f811b46e54e98e39a6	45fedc2ff26e651a74b6b5c49ec9a26a
41611	f246028362519831a91b662e203f9e4e	257563014ed163f811b46e54e98e39a6	45fedc2ff26e651a74b6b5c49ec9a26a
41612	dfa03f4509eba72a928ff2e0c1d5caf9	21732d4dfd480f45ff8fc2203e931f8b	2a0266cc583b012b026a696aff912dc6
41613	1218cfa418aa1f473480eb7ee8562daf	347238c7457618f2acbd60dbc3ae6f0d	02c564dae11f69862fead6221e12c840
41614	d6128582cefe6a22aeaedc913f41830d	dc2566b7d8bbf297ad6d83970f2da184	551f1f9a1b71fe55d498fafd467a3bed
41615	d6128582cefe6a22aeaedc913f41830d	dc2566b7d8bbf297ad6d83970f2da184	551f1f9a1b71fe55d498fafd467a3bed
41616	3056ecf1930b8be62c29918df674a3bc	647a80d6c5e58640c3c6e4f669d93dcf	1c5e1c07e950c592d4924a27f0e900c6
41617	3056ecf1930b8be62c29918df674a3bc	647a80d6c5e58640c3c6e4f669d93dcf	1c5e1c07e950c592d4924a27f0e900c6
41618	3056ecf1930b8be62c29918df674a3bc	647a80d6c5e58640c3c6e4f669d93dcf	1c5e1c07e950c592d4924a27f0e900c6
41619	f4568bbede716744da050385bf7c9526	bb98090f1e58d01637946d8ad2f7ebea	86b8a793b43b267e7aa07af512c274bb
41620	3056ecf1930b8be62c29918df674a3bc	647a80d6c5e58640c3c6e4f669d93dcf	1c5e1c07e950c592d4924a27f0e900c6
41621	2e0150e41f4717c8fcf70cb370b9e851	8d567f6bca704d7fb3da44f597a36402	891599699abca763ad362ab28cf0d4b2
41622	2e0150e41f4717c8fcf70cb370b9e851	8d567f6bca704d7fb3da44f597a36402	891599699abca763ad362ab28cf0d4b2
41623	2e0150e41f4717c8fcf70cb370b9e851	8d567f6bca704d7fb3da44f597a36402	891599699abca763ad362ab28cf0d4b2
41624	2e0150e41f4717c8fcf70cb370b9e851	8d567f6bca704d7fb3da44f597a36402	891599699abca763ad362ab28cf0d4b2
41625	2e0150e41f4717c8fcf70cb370b9e851	8d567f6bca704d7fb3da44f597a36402	891599699abca763ad362ab28cf0d4b2
41626	2e0150e41f4717c8fcf70cb370b9e851	8d567f6bca704d7fb3da44f597a36402	891599699abca763ad362ab28cf0d4b2
41627	2e0150e41f4717c8fcf70cb370b9e851	8d567f6bca704d7fb3da44f597a36402	891599699abca763ad362ab28cf0d4b2
41628	2e0150e41f4717c8fcf70cb370b9e851	8d567f6bca704d7fb3da44f597a36402	891599699abca763ad362ab28cf0d4b2
41629	2e0150e41f4717c8fcf70cb370b9e851	8d567f6bca704d7fb3da44f597a36402	891599699abca763ad362ab28cf0d4b2
41630	2e0150e41f4717c8fcf70cb370b9e851	8d567f6bca704d7fb3da44f597a36402	891599699abca763ad362ab28cf0d4b2
41631	2e0150e41f4717c8fcf70cb370b9e851	8d567f6bca704d7fb3da44f597a36402	891599699abca763ad362ab28cf0d4b2
41632	2e0150e41f4717c8fcf70cb370b9e851	8d567f6bca704d7fb3da44f597a36402	891599699abca763ad362ab28cf0d4b2
41633	881146fca196a8ac35747367a20cdcbb	d336e86cdc1202452d6e180c22349221	4db9e3680703a8ef4722934816c65874
41634	881146fca196a8ac35747367a20cdcbb	d336e86cdc1202452d6e180c22349221	4db9e3680703a8ef4722934816c65874
41635	881146fca196a8ac35747367a20cdcbb	d336e86cdc1202452d6e180c22349221	4db9e3680703a8ef4722934816c65874
41636	881146fca196a8ac35747367a20cdcbb	d336e86cdc1202452d6e180c22349221	4db9e3680703a8ef4722934816c65874
41637	881146fca196a8ac35747367a20cdcbb	d336e86cdc1202452d6e180c22349221	4db9e3680703a8ef4722934816c65874
41638	00046bf697c3afe4887c3607324461d7	48c0549cf0d1ab8f8052474ba5317ead	23400b1abdb81e2e414bf40cd7db07e0
41639	00046bf697c3afe4887c3607324461d7	48c0549cf0d1ab8f8052474ba5317ead	23400b1abdb81e2e414bf40cd7db07e0
41640	00046bf697c3afe4887c3607324461d7	48c0549cf0d1ab8f8052474ba5317ead	23400b1abdb81e2e414bf40cd7db07e0
41641	00046bf697c3afe4887c3607324461d7	48c0549cf0d1ab8f8052474ba5317ead	23400b1abdb81e2e414bf40cd7db07e0
41642	00046bf697c3afe4887c3607324461d7	48c0549cf0d1ab8f8052474ba5317ead	23400b1abdb81e2e414bf40cd7db07e0
41643	00046bf697c3afe4887c3607324461d7	48c0549cf0d1ab8f8052474ba5317ead	23400b1abdb81e2e414bf40cd7db07e0
41644	00046bf697c3afe4887c3607324461d7	48c0549cf0d1ab8f8052474ba5317ead	23400b1abdb81e2e414bf40cd7db07e0
41645	00046bf697c3afe4887c3607324461d7	48c0549cf0d1ab8f8052474ba5317ead	23400b1abdb81e2e414bf40cd7db07e0
41646	00046bf697c3afe4887c3607324461d7	48c0549cf0d1ab8f8052474ba5317ead	23400b1abdb81e2e414bf40cd7db07e0
41647	00046bf697c3afe4887c3607324461d7	48c0549cf0d1ab8f8052474ba5317ead	23400b1abdb81e2e414bf40cd7db07e0
41648	00046bf697c3afe4887c3607324461d7	48c0549cf0d1ab8f8052474ba5317ead	23400b1abdb81e2e414bf40cd7db07e0
41649	00046bf697c3afe4887c3607324461d7	48c0549cf0d1ab8f8052474ba5317ead	23400b1abdb81e2e414bf40cd7db07e0
41650	e9d0442399a2e1504b8371e43e8036db	92a2c7e3986966c14c9248f20869c89a	ae2c7f0ed63fade21e9b62186a889b8d
41651	e9d0442399a2e1504b8371e43e8036db	92a2c7e3986966c14c9248f20869c89a	ae2c7f0ed63fade21e9b62186a889b8d
41652	e9d0442399a2e1504b8371e43e8036db	92a2c7e3986966c14c9248f20869c89a	ae2c7f0ed63fade21e9b62186a889b8d
41653	e9d0442399a2e1504b8371e43e8036db	92a2c7e3986966c14c9248f20869c89a	ae2c7f0ed63fade21e9b62186a889b8d
41654	e9d0442399a2e1504b8371e43e8036db	92a2c7e3986966c14c9248f20869c89a	ae2c7f0ed63fade21e9b62186a889b8d
41655	e9d0442399a2e1504b8371e43e8036db	92a2c7e3986966c14c9248f20869c89a	ae2c7f0ed63fade21e9b62186a889b8d
41656	e9d0442399a2e1504b8371e43e8036db	92a2c7e3986966c14c9248f20869c89a	ae2c7f0ed63fade21e9b62186a889b8d
41657	9d9f671d690d9208f7c6cd1a0cfeaf01	e478dcc4e15b7b519010d4fb93b605c3	788460dfaeaf2d34c6002dcd5d7db43f
41658	9d9f671d690d9208f7c6cd1a0cfeaf01	e478dcc4e15b7b519010d4fb93b605c3	788460dfaeaf2d34c6002dcd5d7db43f
41659	9d9f671d690d9208f7c6cd1a0cfeaf01	e478dcc4e15b7b519010d4fb93b605c3	788460dfaeaf2d34c6002dcd5d7db43f
41660	f77bb58b7875c6c875affa2f228723af	ceb1e64518ba98485feb6c6bb64396e8	66fcde90c2138c4c665635368f66a4bf
41661	00bc8ab98ce215fd00a3fe8c2dfccb74	811d74324b48165ad544c5f5bd683fa7	a09299feab5ed795d07a6d56de5c22be
41662	9d9f671d690d9208f7c6cd1a0cfeaf01	e478dcc4e15b7b519010d4fb93b605c3	788460dfaeaf2d34c6002dcd5d7db43f
41663	9d9f671d690d9208f7c6cd1a0cfeaf01	e478dcc4e15b7b519010d4fb93b605c3	788460dfaeaf2d34c6002dcd5d7db43f
41664	9d9f671d690d9208f7c6cd1a0cfeaf01	e478dcc4e15b7b519010d4fb93b605c3	788460dfaeaf2d34c6002dcd5d7db43f
41665	88bb243ba88a9e56270b0c067cba2d88	960dfbc3c2f534621baf120c0e995c25	8a9e90026815aed8e944cb941ef8b8b3
41666	56cbfb7499a63f61adff979d6f35c38a	14aed45a663e674b80084159fd429358	10cf55f226b414e5ae33acaa27350d3d
41667	a5d20776afcdf3b2a16c0a67347bd361	480a6de810d67fbf0bd72203bd2df15a	44441df7d9448831ff56a4e8321e6238
41668	a5d20776afcdf3b2a16c0a67347bd361	480a6de810d67fbf0bd72203bd2df15a	44441df7d9448831ff56a4e8321e6238
41669	a5d20776afcdf3b2a16c0a67347bd361	480a6de810d67fbf0bd72203bd2df15a	44441df7d9448831ff56a4e8321e6238
41670	a5d20776afcdf3b2a16c0a67347bd361	480a6de810d67fbf0bd72203bd2df15a	44441df7d9448831ff56a4e8321e6238
41671	a5d20776afcdf3b2a16c0a67347bd361	480a6de810d67fbf0bd72203bd2df15a	44441df7d9448831ff56a4e8321e6238
41672	a5d20776afcdf3b2a16c0a67347bd361	480a6de810d67fbf0bd72203bd2df15a	44441df7d9448831ff56a4e8321e6238
41673	a5d20776afcdf3b2a16c0a67347bd361	480a6de810d67fbf0bd72203bd2df15a	44441df7d9448831ff56a4e8321e6238
41674	7f6a8564c04d0b03f4bac8802d318025	5e38fd8b5ea9ebf0793841d12fcfd8aa	db251dd26c8ebc3eb4ed949a163e5f8a
41675	181c5a9a8f5f6544dc835a8389678d9c	60fbdd07104dba249018d077bf8f14ce	1620c8a3c39629bc38f8242b31622cca
41676	9e02b6d382499d1f61f86073cfb61ec5	3202719fe99be65631d433b3ecd1d43c	003ce7265b12ed0a7613810204ea5608
41677	17781d3e8e3d9e99a405aa6b5693cf9d	e1b8e68a3040ff3763fa710745b93658	6d9ce286564f29b7769c4228c055370c
41678	6df4604be19d00fd7b9c562702ddbabb	b51470510bf5ec1bf92799ba7a14907b	dc8c6a5bb4af809331d9044b02ba5e1f
41679	1544cf60c88eb9a52625ad38c999c076	cb98ac7604bc9a442947650e9fddb953	48fc0f6789e732df7f9072a0b6446649
41680	1544cf60c88eb9a52625ad38c999c076	cb98ac7604bc9a442947650e9fddb953	48fc0f6789e732df7f9072a0b6446649
41681	1544cf60c88eb9a52625ad38c999c076	cb98ac7604bc9a442947650e9fddb953	48fc0f6789e732df7f9072a0b6446649
41682	1544cf60c88eb9a52625ad38c999c076	cb98ac7604bc9a442947650e9fddb953	48fc0f6789e732df7f9072a0b6446649
41683	1544cf60c88eb9a52625ad38c999c076	cb98ac7604bc9a442947650e9fddb953	48fc0f6789e732df7f9072a0b6446649
41684	1544cf60c88eb9a52625ad38c999c076	cb98ac7604bc9a442947650e9fddb953	48fc0f6789e732df7f9072a0b6446649
41685	1544cf60c88eb9a52625ad38c999c076	cb98ac7604bc9a442947650e9fddb953	48fc0f6789e732df7f9072a0b6446649
41686	1544cf60c88eb9a52625ad38c999c076	cb98ac7604bc9a442947650e9fddb953	48fc0f6789e732df7f9072a0b6446649
41687	1544cf60c88eb9a52625ad38c999c076	cb98ac7604bc9a442947650e9fddb953	48fc0f6789e732df7f9072a0b6446649
41688	1544cf60c88eb9a52625ad38c999c076	cb98ac7604bc9a442947650e9fddb953	48fc0f6789e732df7f9072a0b6446649
41689	1544cf60c88eb9a52625ad38c999c076	cb98ac7604bc9a442947650e9fddb953	48fc0f6789e732df7f9072a0b6446649
41690	1544cf60c88eb9a52625ad38c999c076	cb98ac7604bc9a442947650e9fddb953	48fc0f6789e732df7f9072a0b6446649
41691	1544cf60c88eb9a52625ad38c999c076	cb98ac7604bc9a442947650e9fddb953	48fc0f6789e732df7f9072a0b6446649
41692	1544cf60c88eb9a52625ad38c999c076	cb98ac7604bc9a442947650e9fddb953	48fc0f6789e732df7f9072a0b6446649
41693	1544cf60c88eb9a52625ad38c999c076	cb98ac7604bc9a442947650e9fddb953	48fc0f6789e732df7f9072a0b6446649
41694	1544cf60c88eb9a52625ad38c999c076	cb98ac7604bc9a442947650e9fddb953	48fc0f6789e732df7f9072a0b6446649
41695	1544cf60c88eb9a52625ad38c999c076	cb98ac7604bc9a442947650e9fddb953	48fc0f6789e732df7f9072a0b6446649
41696	ff0c6bbfce5c15f593c2a38f07b141bb	656c3c385a8e4fed120264e277a8a762	b235bced8606d1445727c2a1bdfebfbc
41697	ff0c6bbfce5c15f593c2a38f07b141bb	656c3c385a8e4fed120264e277a8a762	b235bced8606d1445727c2a1bdfebfbc
41698	ff0c6bbfce5c15f593c2a38f07b141bb	656c3c385a8e4fed120264e277a8a762	b235bced8606d1445727c2a1bdfebfbc
41699	ff0c6bbfce5c15f593c2a38f07b141bb	656c3c385a8e4fed120264e277a8a762	b235bced8606d1445727c2a1bdfebfbc
41700	ff0c6bbfce5c15f593c2a38f07b141bb	656c3c385a8e4fed120264e277a8a762	b235bced8606d1445727c2a1bdfebfbc
41701	ff0c6bbfce5c15f593c2a38f07b141bb	656c3c385a8e4fed120264e277a8a762	b235bced8606d1445727c2a1bdfebfbc
41702	ff0c6bbfce5c15f593c2a38f07b141bb	656c3c385a8e4fed120264e277a8a762	b235bced8606d1445727c2a1bdfebfbc
41703	d07663c95e2053dfb342d88a5cc2f84f	9fa679d1ac5aaddb2b0c33013dfa0804	b62656d0d031f6b4fa2cccea4a301b73
41704	d07663c95e2053dfb342d88a5cc2f84f	9fa679d1ac5aaddb2b0c33013dfa0804	b62656d0d031f6b4fa2cccea4a301b73
41705	d07663c95e2053dfb342d88a5cc2f84f	9fa679d1ac5aaddb2b0c33013dfa0804	b62656d0d031f6b4fa2cccea4a301b73
41706	d07663c95e2053dfb342d88a5cc2f84f	9fa679d1ac5aaddb2b0c33013dfa0804	b62656d0d031f6b4fa2cccea4a301b73
41707	d07663c95e2053dfb342d88a5cc2f84f	9fa679d1ac5aaddb2b0c33013dfa0804	b62656d0d031f6b4fa2cccea4a301b73
41708	b0ce767c0845dab1ae5d271b102efdc1	b93cdf7247978981cb966418f4cad60e	8e59863e30a4fe5fdc681c3c1d14b793
41709	b0ce767c0845dab1ae5d271b102efdc1	b93cdf7247978981cb966418f4cad60e	8e59863e30a4fe5fdc681c3c1d14b793
41710	b0ce767c0845dab1ae5d271b102efdc1	b93cdf7247978981cb966418f4cad60e	8e59863e30a4fe5fdc681c3c1d14b793
41711	b0ce767c0845dab1ae5d271b102efdc1	b93cdf7247978981cb966418f4cad60e	8e59863e30a4fe5fdc681c3c1d14b793
41712	b0ce767c0845dab1ae5d271b102efdc1	b93cdf7247978981cb966418f4cad60e	8e59863e30a4fe5fdc681c3c1d14b793
41713	b0ce767c0845dab1ae5d271b102efdc1	b93cdf7247978981cb966418f4cad60e	8e59863e30a4fe5fdc681c3c1d14b793
41714	b0ce767c0845dab1ae5d271b102efdc1	b93cdf7247978981cb966418f4cad60e	8e59863e30a4fe5fdc681c3c1d14b793
41715	c4f5ac9ae4378a83198d2c47bfa3749e	0ddadf3eb57e26674a2e7cc590606225	ed7242b93a28ea834e81f3ed9b7918d0
41716	c4f5ac9ae4378a83198d2c47bfa3749e	0ddadf3eb57e26674a2e7cc590606225	ed7242b93a28ea834e81f3ed9b7918d0
41717	c4f5ac9ae4378a83198d2c47bfa3749e	0ddadf3eb57e26674a2e7cc590606225	ed7242b93a28ea834e81f3ed9b7918d0
41718	c4f5ac9ae4378a83198d2c47bfa3749e	0ddadf3eb57e26674a2e7cc590606225	ed7242b93a28ea834e81f3ed9b7918d0
41719	c4f5ac9ae4378a83198d2c47bfa3749e	0ddadf3eb57e26674a2e7cc590606225	ed7242b93a28ea834e81f3ed9b7918d0
41720	a6a09400518715e58fbf9f816cf96a27	92b702624e8f3e4f73382f70496c11d8	27b9de8f0342111e0c0fd03f1735eb3b
41721	a6a09400518715e58fbf9f816cf96a27	92b702624e8f3e4f73382f70496c11d8	27b9de8f0342111e0c0fd03f1735eb3b
41722	a6a09400518715e58fbf9f816cf96a27	92b702624e8f3e4f73382f70496c11d8	27b9de8f0342111e0c0fd03f1735eb3b
41723	a6a09400518715e58fbf9f816cf96a27	92b702624e8f3e4f73382f70496c11d8	27b9de8f0342111e0c0fd03f1735eb3b
41724	a6a09400518715e58fbf9f816cf96a27	92b702624e8f3e4f73382f70496c11d8	27b9de8f0342111e0c0fd03f1735eb3b
41725	a6a09400518715e58fbf9f816cf96a27	92b702624e8f3e4f73382f70496c11d8	27b9de8f0342111e0c0fd03f1735eb3b
41726	a6a09400518715e58fbf9f816cf96a27	92b702624e8f3e4f73382f70496c11d8	27b9de8f0342111e0c0fd03f1735eb3b
41727	bb41ca2feed55ffaca41bfd5daebde22	571b9785cd1c74494593efdedace8144	650a54f4aa89b9cc5759b3f33b9dc30a
41728	bb41ca2feed55ffaca41bfd5daebde22	571b9785cd1c74494593efdedace8144	650a54f4aa89b9cc5759b3f33b9dc30a
41729	bb41ca2feed55ffaca41bfd5daebde22	571b9785cd1c74494593efdedace8144	650a54f4aa89b9cc5759b3f33b9dc30a
41730	bb41ca2feed55ffaca41bfd5daebde22	571b9785cd1c74494593efdedace8144	650a54f4aa89b9cc5759b3f33b9dc30a
41731	bb41ca2feed55ffaca41bfd5daebde22	571b9785cd1c74494593efdedace8144	650a54f4aa89b9cc5759b3f33b9dc30a
41732	38c4312fe99e3cffa5bf318045c8ac32	f7604d6b2817be05a1ae07d0e417d0b6	284fdcb7d9a434f1b7d75a92aaaf2c99
41733	38c4312fe99e3cffa5bf318045c8ac32	f7604d6b2817be05a1ae07d0e417d0b6	284fdcb7d9a434f1b7d75a92aaaf2c99
41734	38c4312fe99e3cffa5bf318045c8ac32	f7604d6b2817be05a1ae07d0e417d0b6	284fdcb7d9a434f1b7d75a92aaaf2c99
41735	38c4312fe99e3cffa5bf318045c8ac32	783a860fc37a4052c5337ea0ece3e76c	e955b460a5df09d3148375d86095d5a2
41736	38c4312fe99e3cffa5bf318045c8ac32	639b165c240faf3952a9a56422c2873a	ca1191b509721e1c638ab31b2bf40bf8
41737	b5f37af8e4fe7c6ed46d986778fe50a8	699def0c97a902bbc30763e2f987ede5	2eb2e0bdd049fdd98dd817e20787088a
41738	b5f37af8e4fe7c6ed46d986778fe50a8	699def0c97a902bbc30763e2f987ede5	2eb2e0bdd049fdd98dd817e20787088a
41739	b5f37af8e4fe7c6ed46d986778fe50a8	699def0c97a902bbc30763e2f987ede5	2eb2e0bdd049fdd98dd817e20787088a
41740	8f65bf908b6501d765a780d96335f014	425d7cc2ebd4e95b67c8262b62f3763c	e8b4f6f2245ef3ef0490ecea09ae1978
41741	8f65bf908b6501d765a780d96335f014	425d7cc2ebd4e95b67c8262b62f3763c	e8b4f6f2245ef3ef0490ecea09ae1978
41742	9baba4e5de51aa385049fb8c6fde8736	4b2b6ca319d7314d3783f942596da4aa	c3b293a785b664159b35153384fb3402
41743	9baba4e5de51aa385049fb8c6fde8736	4b2b6ca319d7314d3783f942596da4aa	c3b293a785b664159b35153384fb3402
41744	1ac1b5e76daaa86eeb5a925932fc78b0	ae10c18767fc1960b7f702b98a59b03e	6572bd187573e22780b52548d19edd7e
41745	1ac1b5e76daaa86eeb5a925932fc78b0	ae10c18767fc1960b7f702b98a59b03e	6572bd187573e22780b52548d19edd7e
41746	1ac1b5e76daaa86eeb5a925932fc78b0	ae10c18767fc1960b7f702b98a59b03e	6572bd187573e22780b52548d19edd7e
41747	1ac1b5e76daaa86eeb5a925932fc78b0	ae10c18767fc1960b7f702b98a59b03e	6572bd187573e22780b52548d19edd7e
41748	1ac1b5e76daaa86eeb5a925932fc78b0	ae10c18767fc1960b7f702b98a59b03e	6572bd187573e22780b52548d19edd7e
41749	01d4257b7eeaf368d447ea734442ca98	7acc2cfa8825b2e5db6005e695482895	ff64e5bedf05a492b82b2b4997378f69
41750	01d4257b7eeaf368d447ea734442ca98	7acc2cfa8825b2e5db6005e695482895	ff64e5bedf05a492b82b2b4997378f69
41751	01d4257b7eeaf368d447ea734442ca98	7acc2cfa8825b2e5db6005e695482895	ff64e5bedf05a492b82b2b4997378f69
41752	01d4257b7eeaf368d447ea734442ca98	7acc2cfa8825b2e5db6005e695482895	ff64e5bedf05a492b82b2b4997378f69
41753	01d4257b7eeaf368d447ea734442ca98	7acc2cfa8825b2e5db6005e695482895	ff64e5bedf05a492b82b2b4997378f69
41754	01d4257b7eeaf368d447ea734442ca98	7acc2cfa8825b2e5db6005e695482895	ff64e5bedf05a492b82b2b4997378f69
41755	01d4257b7eeaf368d447ea734442ca98	7acc2cfa8825b2e5db6005e695482895	ff64e5bedf05a492b82b2b4997378f69
41756	84805e867a1de3bf13c534821f6c8889	06f42b52bcec2575e91c41614ff3b62f	e210a97e0c1acf32fc7327c91eab6dd8
41757	84805e867a1de3bf13c534821f6c8889	06f42b52bcec2575e91c41614ff3b62f	e210a97e0c1acf32fc7327c91eab6dd8
41758	84805e867a1de3bf13c534821f6c8889	06f42b52bcec2575e91c41614ff3b62f	e210a97e0c1acf32fc7327c91eab6dd8
41759	84805e867a1de3bf13c534821f6c8889	06f42b52bcec2575e91c41614ff3b62f	e210a97e0c1acf32fc7327c91eab6dd8
41760	84805e867a1de3bf13c534821f6c8889	06f42b52bcec2575e91c41614ff3b62f	e210a97e0c1acf32fc7327c91eab6dd8
41761	84805e867a1de3bf13c534821f6c8889	06f42b52bcec2575e91c41614ff3b62f	e210a97e0c1acf32fc7327c91eab6dd8
41762	84805e867a1de3bf13c534821f6c8889	06f42b52bcec2575e91c41614ff3b62f	e210a97e0c1acf32fc7327c91eab6dd8
41763	84805e867a1de3bf13c534821f6c8889	06f42b52bcec2575e91c41614ff3b62f	e210a97e0c1acf32fc7327c91eab6dd8
41764	84805e867a1de3bf13c534821f6c8889	06f42b52bcec2575e91c41614ff3b62f	e210a97e0c1acf32fc7327c91eab6dd8
41765	84805e867a1de3bf13c534821f6c8889	06f42b52bcec2575e91c41614ff3b62f	e210a97e0c1acf32fc7327c91eab6dd8
41766	89a2bc246eb7ea11c3840434e7ff6752	d8a311cdfc2488d157de4c5fff4b920a	882de5499b207d319918e1db5780dc65
41767	89a2bc246eb7ea11c3840434e7ff6752	d8a311cdfc2488d157de4c5fff4b920a	882de5499b207d319918e1db5780dc65
41768	89a2bc246eb7ea11c3840434e7ff6752	d8a311cdfc2488d157de4c5fff4b920a	882de5499b207d319918e1db5780dc65
41769	89a2bc246eb7ea11c3840434e7ff6752	d8a311cdfc2488d157de4c5fff4b920a	882de5499b207d319918e1db5780dc65
41770	89a2bc246eb7ea11c3840434e7ff6752	d8a311cdfc2488d157de4c5fff4b920a	882de5499b207d319918e1db5780dc65
41771	89a2bc246eb7ea11c3840434e7ff6752	d8a311cdfc2488d157de4c5fff4b920a	882de5499b207d319918e1db5780dc65
41772	89a2bc246eb7ea11c3840434e7ff6752	d8a311cdfc2488d157de4c5fff4b920a	882de5499b207d319918e1db5780dc65
41773	71313b527f57a5a97b4ba0b94cfda151	3a2a18d3fdc2e819203975005ca7fd88	d540d9f71f7bc00b1f1182ad6edfd446
41774	71313b527f57a5a97b4ba0b94cfda151	3a2a18d3fdc2e819203975005ca7fd88	d540d9f71f7bc00b1f1182ad6edfd446
41775	71313b527f57a5a97b4ba0b94cfda151	3a2a18d3fdc2e819203975005ca7fd88	d540d9f71f7bc00b1f1182ad6edfd446
41776	c9956b21b332bd19bf64444d776e187a	fbdd5bb4734c495bacfba9bf1d6d4de7	c3b8ef567f778cf7759e5dea2b120e23
41777	518f546751813b9655bf935b3a687879	ed3b4e798787ffa135232d8cdcb6de12	63d06dc053ca47594ad75fc3caba7c3f
41778	1e00f9872cf253529eeb59b395f50b63	baa9517ecd9df6c0f5316ceb61002b29	de660c1369e9badcec6116b1d9ed6bc9
41779	1e00f9872cf253529eeb59b395f50b63	baa9517ecd9df6c0f5316ceb61002b29	de660c1369e9badcec6116b1d9ed6bc9
41780	1e00f9872cf253529eeb59b395f50b63	baa9517ecd9df6c0f5316ceb61002b29	de660c1369e9badcec6116b1d9ed6bc9
41781	1e00f9872cf253529eeb59b395f50b63	baa9517ecd9df6c0f5316ceb61002b29	de660c1369e9badcec6116b1d9ed6bc9
41782	2babcf8f33052b076d3c8e5e8c162916	cc7f86673804b210e653b1b90c9b8249	cf9a1374a006bf4163c8b1709094b9cc
41783	1e00f9872cf253529eeb59b395f50b63	baa9517ecd9df6c0f5316ceb61002b29	de660c1369e9badcec6116b1d9ed6bc9
41784	1e00f9872cf253529eeb59b395f50b63	baa9517ecd9df6c0f5316ceb61002b29	de660c1369e9badcec6116b1d9ed6bc9
41785	472f5d3f89657840a9f962b55f9f28f1	0e7461837b3b61f979c4d7947c3241bf	0a898acacf0e4de35023f301fb13f3f1
41786	e519516af7a9b174058596ad1e370b3d	7fc908efcdccf6700e73244410f87aa0	d995154db1123cf42da6fb14076cf6b0
41787	472f5d3f89657840a9f962b55f9f28f1	0e7461837b3b61f979c4d7947c3241bf	0a898acacf0e4de35023f301fb13f3f1
41788	472f5d3f89657840a9f962b55f9f28f1	0e7461837b3b61f979c4d7947c3241bf	0a898acacf0e4de35023f301fb13f3f1
41789	472f5d3f89657840a9f962b55f9f28f1	0e7461837b3b61f979c4d7947c3241bf	0a898acacf0e4de35023f301fb13f3f1
41790	d45f4b34cad9031f7f64659ca5b87d08	7545c143ea479ac9a13173f633efa2d1	0b31fb784c1bf2dde28d781efd4cb795
41791	d45f4b34cad9031f7f64659ca5b87d08	7545c143ea479ac9a13173f633efa2d1	0b31fb784c1bf2dde28d781efd4cb795
41792	d45f4b34cad9031f7f64659ca5b87d08	7545c143ea479ac9a13173f633efa2d1	0b31fb784c1bf2dde28d781efd4cb795
41793	d45f4b34cad9031f7f64659ca5b87d08	7545c143ea479ac9a13173f633efa2d1	0b31fb784c1bf2dde28d781efd4cb795
41794	d45f4b34cad9031f7f64659ca5b87d08	7545c143ea479ac9a13173f633efa2d1	0b31fb784c1bf2dde28d781efd4cb795
41795	d45f4b34cad9031f7f64659ca5b87d08	7545c143ea479ac9a13173f633efa2d1	0b31fb784c1bf2dde28d781efd4cb795
41796	d45f4b34cad9031f7f64659ca5b87d08	7545c143ea479ac9a13173f633efa2d1	0b31fb784c1bf2dde28d781efd4cb795
41797	d45f4b34cad9031f7f64659ca5b87d08	7545c143ea479ac9a13173f633efa2d1	0b31fb784c1bf2dde28d781efd4cb795
41798	d45f4b34cad9031f7f64659ca5b87d08	7545c143ea479ac9a13173f633efa2d1	0b31fb784c1bf2dde28d781efd4cb795
41799	d45f4b34cad9031f7f64659ca5b87d08	7545c143ea479ac9a13173f633efa2d1	0b31fb784c1bf2dde28d781efd4cb795
41800	d45f4b34cad9031f7f64659ca5b87d08	7545c143ea479ac9a13173f633efa2d1	0b31fb784c1bf2dde28d781efd4cb795
41801	d45f4b34cad9031f7f64659ca5b87d08	7545c143ea479ac9a13173f633efa2d1	0b31fb784c1bf2dde28d781efd4cb795
41802	d45f4b34cad9031f7f64659ca5b87d08	7545c143ea479ac9a13173f633efa2d1	0b31fb784c1bf2dde28d781efd4cb795
41803	d45f4b34cad9031f7f64659ca5b87d08	7545c143ea479ac9a13173f633efa2d1	0b31fb784c1bf2dde28d781efd4cb795
41804	d45f4b34cad9031f7f64659ca5b87d08	7545c143ea479ac9a13173f633efa2d1	0b31fb784c1bf2dde28d781efd4cb795
41805	d45f4b34cad9031f7f64659ca5b87d08	7545c143ea479ac9a13173f633efa2d1	0b31fb784c1bf2dde28d781efd4cb795
41806	d45f4b34cad9031f7f64659ca5b87d08	7545c143ea479ac9a13173f633efa2d1	0b31fb784c1bf2dde28d781efd4cb795
41807	88d7857aa5067a05bd0eb2ab196b1506	fddd39163648d521aa085c0380405537	d3dae2939b7150355990920429a6b15e
41808	88d7857aa5067a05bd0eb2ab196b1506	fddd39163648d521aa085c0380405537	d3dae2939b7150355990920429a6b15e
41809	88d7857aa5067a05bd0eb2ab196b1506	fddd39163648d521aa085c0380405537	d3dae2939b7150355990920429a6b15e
41810	88d7857aa5067a05bd0eb2ab196b1506	fddd39163648d521aa085c0380405537	d3dae2939b7150355990920429a6b15e
41811	88d7857aa5067a05bd0eb2ab196b1506	fddd39163648d521aa085c0380405537	d3dae2939b7150355990920429a6b15e
41812	88d7857aa5067a05bd0eb2ab196b1506	fddd39163648d521aa085c0380405537	d3dae2939b7150355990920429a6b15e
41813	88d7857aa5067a05bd0eb2ab196b1506	fddd39163648d521aa085c0380405537	d3dae2939b7150355990920429a6b15e
41814	71eb7bb775b80729941e3928e255b826	b732259576bbd449b1012c4a1057e321	1274121a257882e80048d9c488cf7a0c
41815	71eb7bb775b80729941e3928e255b826	b732259576bbd449b1012c4a1057e321	1274121a257882e80048d9c488cf7a0c
41816	71eb7bb775b80729941e3928e255b826	b732259576bbd449b1012c4a1057e321	1274121a257882e80048d9c488cf7a0c
41817	71eb7bb775b80729941e3928e255b826	b732259576bbd449b1012c4a1057e321	1274121a257882e80048d9c488cf7a0c
41818	71eb7bb775b80729941e3928e255b826	b732259576bbd449b1012c4a1057e321	1274121a257882e80048d9c488cf7a0c
41819	11966053a0d3f68b3e9564b24e19948b	c3422edf9c0c2a4ecbf2266e4156607e	09a5f7d7a57eb344cb8374d453bb4db3
41820	11966053a0d3f68b3e9564b24e19948b	c3422edf9c0c2a4ecbf2266e4156607e	09a5f7d7a57eb344cb8374d453bb4db3
41821	11966053a0d3f68b3e9564b24e19948b	c3422edf9c0c2a4ecbf2266e4156607e	09a5f7d7a57eb344cb8374d453bb4db3
41822	853709a96c4adeda29abd89c0b7e83b5	267ef83303a314bdd33f04e06bd14bb2	0ebee87069290e344495652c8f77174f
41823	853709a96c4adeda29abd89c0b7e83b5	267ef83303a314bdd33f04e06bd14bb2	0ebee87069290e344495652c8f77174f
41824	853709a96c4adeda29abd89c0b7e83b5	267ef83303a314bdd33f04e06bd14bb2	0ebee87069290e344495652c8f77174f
41825	853709a96c4adeda29abd89c0b7e83b5	267ef83303a314bdd33f04e06bd14bb2	0ebee87069290e344495652c8f77174f
41826	71df1157971b5812a1d844a6d3dd77ef	3ce0aa55d38c988a8f68f89f4ca61ed6	7672e29d2112fc4a42064d55a2c6c284
41827	71df1157971b5812a1d844a6d3dd77ef	3ce0aa55d38c988a8f68f89f4ca61ed6	7672e29d2112fc4a42064d55a2c6c284
41828	71df1157971b5812a1d844a6d3dd77ef	3ce0aa55d38c988a8f68f89f4ca61ed6	7672e29d2112fc4a42064d55a2c6c284
41829	71df1157971b5812a1d844a6d3dd77ef	3ce0aa55d38c988a8f68f89f4ca61ed6	7672e29d2112fc4a42064d55a2c6c284
41830	71df1157971b5812a1d844a6d3dd77ef	3ce0aa55d38c988a8f68f89f4ca61ed6	7672e29d2112fc4a42064d55a2c6c284
41831	5ed5c68eb9e330a2a96aa40be1a7c25c	dd822f35c98974891207913b8b9492a6	0f302af9fb10fe3ed2d7538e52d81eb1
41832	5ed5c68eb9e330a2a96aa40be1a7c25c	dd822f35c98974891207913b8b9492a6	0f302af9fb10fe3ed2d7538e52d81eb1
41833	5ed5c68eb9e330a2a96aa40be1a7c25c	dd822f35c98974891207913b8b9492a6	0f302af9fb10fe3ed2d7538e52d81eb1
41834	5ed5c68eb9e330a2a96aa40be1a7c25c	dd822f35c98974891207913b8b9492a6	0f302af9fb10fe3ed2d7538e52d81eb1
41835	4cb6d8e8d5d09ecc891a945a8e9779ab	b30334e0e3cf42975870cd8ffc936015	09cbcde46b3cc5c089240c67e30f0c9a
41836	73164de684d8c9bc479c1422b61c7979	e15412776a25fb1f12a058c449044781	013ce2320fa8e2b3fe1ae4742d688b5d
41837	73164de684d8c9bc479c1422b61c7979	e15412776a25fb1f12a058c449044781	013ce2320fa8e2b3fe1ae4742d688b5d
41838	73164de684d8c9bc479c1422b61c7979	e15412776a25fb1f12a058c449044781	013ce2320fa8e2b3fe1ae4742d688b5d
41839	73164de684d8c9bc479c1422b61c7979	e15412776a25fb1f12a058c449044781	013ce2320fa8e2b3fe1ae4742d688b5d
41840	73164de684d8c9bc479c1422b61c7979	e15412776a25fb1f12a058c449044781	013ce2320fa8e2b3fe1ae4742d688b5d
41841	73164de684d8c9bc479c1422b61c7979	e15412776a25fb1f12a058c449044781	013ce2320fa8e2b3fe1ae4742d688b5d
41842	73164de684d8c9bc479c1422b61c7979	e15412776a25fb1f12a058c449044781	013ce2320fa8e2b3fe1ae4742d688b5d
41843	176c79796fd79d35d424169cfe8f22eb	c2283eab95f831581901aa32de19dc74	0b00560496a2cf37abd7888d5f096885
41844	176c79796fd79d35d424169cfe8f22eb	c2283eab95f831581901aa32de19dc74	0b00560496a2cf37abd7888d5f096885
41845	176c79796fd79d35d424169cfe8f22eb	c2283eab95f831581901aa32de19dc74	0b00560496a2cf37abd7888d5f096885
41846	176c79796fd79d35d424169cfe8f22eb	c2283eab95f831581901aa32de19dc74	0b00560496a2cf37abd7888d5f096885
41847	25880fca5612ce08c91cc03a7bb8c384	ab324a6625827ad70dd73f0fefc4bae7	281eb0b872cc89ceb857589014e7b047
41848	3521266b25cad5e806128c57629187f4	658854efc8f2efe0fc8dcffd74f6d3ab	55be099b630c96cbac426c3d6bce04a7
41849	3521266b25cad5e806128c57629187f4	658854efc8f2efe0fc8dcffd74f6d3ab	55be099b630c96cbac426c3d6bce04a7
41850	3521266b25cad5e806128c57629187f4	658854efc8f2efe0fc8dcffd74f6d3ab	55be099b630c96cbac426c3d6bce04a7
41851	3521266b25cad5e806128c57629187f4	658854efc8f2efe0fc8dcffd74f6d3ab	55be099b630c96cbac426c3d6bce04a7
41852	3521266b25cad5e806128c57629187f4	658854efc8f2efe0fc8dcffd74f6d3ab	55be099b630c96cbac426c3d6bce04a7
41853	3521266b25cad5e806128c57629187f4	658854efc8f2efe0fc8dcffd74f6d3ab	55be099b630c96cbac426c3d6bce04a7
41854	3521266b25cad5e806128c57629187f4	658854efc8f2efe0fc8dcffd74f6d3ab	55be099b630c96cbac426c3d6bce04a7
41855	4a39bad8449c4adad5226ffa066ea6d3	0423d640b9471a9af749464c1445c528	be053279853d9fb295cca5bd5be7757e
41856	4a39bad8449c4adad5226ffa066ea6d3	0423d640b9471a9af749464c1445c528	be053279853d9fb295cca5bd5be7757e
41857	4a39bad8449c4adad5226ffa066ea6d3	0423d640b9471a9af749464c1445c528	be053279853d9fb295cca5bd5be7757e
41858	4a39bad8449c4adad5226ffa066ea6d3	0423d640b9471a9af749464c1445c528	be053279853d9fb295cca5bd5be7757e
41859	4a39bad8449c4adad5226ffa066ea6d3	0423d640b9471a9af749464c1445c528	be053279853d9fb295cca5bd5be7757e
41860	477f738398a263cd13563e38f10ffb1e	68fe2bdfee572459382d9ce1b552dbf4	80b6e12ed88a890cd7fc0e20bafff503
41861	477f738398a263cd13563e38f10ffb1e	68fe2bdfee572459382d9ce1b552dbf4	80b6e12ed88a890cd7fc0e20bafff503
41862	477f738398a263cd13563e38f10ffb1e	68fe2bdfee572459382d9ce1b552dbf4	80b6e12ed88a890cd7fc0e20bafff503
41863	477f738398a263cd13563e38f10ffb1e	68fe2bdfee572459382d9ce1b552dbf4	80b6e12ed88a890cd7fc0e20bafff503
41864	477f738398a263cd13563e38f10ffb1e	68fe2bdfee572459382d9ce1b552dbf4	80b6e12ed88a890cd7fc0e20bafff503
41865	477f738398a263cd13563e38f10ffb1e	68fe2bdfee572459382d9ce1b552dbf4	80b6e12ed88a890cd7fc0e20bafff503
41866	477f738398a263cd13563e38f10ffb1e	68fe2bdfee572459382d9ce1b552dbf4	80b6e12ed88a890cd7fc0e20bafff503
41867	107eb0520ffb4f294760da466f273641	b5d7414b3570ef212d3fd8872d26c17f	f9ecc1536e6387e9e299dc4b0c2c07d5
41868	107eb0520ffb4f294760da466f273641	b5d7414b3570ef212d3fd8872d26c17f	f9ecc1536e6387e9e299dc4b0c2c07d5
41869	107eb0520ffb4f294760da466f273641	b5d7414b3570ef212d3fd8872d26c17f	f9ecc1536e6387e9e299dc4b0c2c07d5
41870	107eb0520ffb4f294760da466f273641	b5d7414b3570ef212d3fd8872d26c17f	f9ecc1536e6387e9e299dc4b0c2c07d5
41871	107eb0520ffb4f294760da466f273641	b5d7414b3570ef212d3fd8872d26c17f	f9ecc1536e6387e9e299dc4b0c2c07d5
41872	21f3b1be99f2dd82225b71645251f39d	52069bf0a8841af1e3686f565cdaf1b0	37576af2064781c5f471efde7b74bf31
41873	21f3b1be99f2dd82225b71645251f39d	52069bf0a8841af1e3686f565cdaf1b0	37576af2064781c5f471efde7b74bf31
41874	21f3b1be99f2dd82225b71645251f39d	52069bf0a8841af1e3686f565cdaf1b0	37576af2064781c5f471efde7b74bf31
41875	21f3b1be99f2dd82225b71645251f39d	52069bf0a8841af1e3686f565cdaf1b0	37576af2064781c5f471efde7b74bf31
41876	21f3b1be99f2dd82225b71645251f39d	52069bf0a8841af1e3686f565cdaf1b0	37576af2064781c5f471efde7b74bf31
41877	b0e6041477c32241f3f0df8ac0775e07	08f3b9b0d4c73c181406cf3de14dff97	581fc9c6027314744f22058c82f94c7d
41878	b0e6041477c32241f3f0df8ac0775e07	08f3b9b0d4c73c181406cf3de14dff97	581fc9c6027314744f22058c82f94c7d
41879	b0e6041477c32241f3f0df8ac0775e07	08f3b9b0d4c73c181406cf3de14dff97	581fc9c6027314744f22058c82f94c7d
41880	b0e6041477c32241f3f0df8ac0775e07	08f3b9b0d4c73c181406cf3de14dff97	581fc9c6027314744f22058c82f94c7d
41881	b0e6041477c32241f3f0df8ac0775e07	08f3b9b0d4c73c181406cf3de14dff97	581fc9c6027314744f22058c82f94c7d
41882	b0e6041477c32241f3f0df8ac0775e07	08f3b9b0d4c73c181406cf3de14dff97	581fc9c6027314744f22058c82f94c7d
41883	b0e6041477c32241f3f0df8ac0775e07	08f3b9b0d4c73c181406cf3de14dff97	581fc9c6027314744f22058c82f94c7d
41884	d2f45ac2a4bc1286a26b9e37b85f04d6	1d71dc5064a30da021a2715e8ffcde87	6ef0dca8bad518084a0207465766ead5
41885	d2f45ac2a4bc1286a26b9e37b85f04d6	1d71dc5064a30da021a2715e8ffcde87	6ef0dca8bad518084a0207465766ead5
41886	d2f45ac2a4bc1286a26b9e37b85f04d6	1d71dc5064a30da021a2715e8ffcde87	6ef0dca8bad518084a0207465766ead5
41887	b0e6041477c32241f3f0df8ac0775e07	08f3b9b0d4c73c181406cf3de14dff97	581fc9c6027314744f22058c82f94c7d
41888	b0e6041477c32241f3f0df8ac0775e07	08f3b9b0d4c73c181406cf3de14dff97	581fc9c6027314744f22058c82f94c7d
41889	fae1d9ae425d8f0ae2a46b8c8ab86c7d	ed2221173549cd8b5423d8be7ee666d8	62f14521acece7e4803bae3cf2292198
41890	fae1d9ae425d8f0ae2a46b8c8ab86c7d	ed2221173549cd8b5423d8be7ee666d8	62f14521acece7e4803bae3cf2292198
41891	fae1d9ae425d8f0ae2a46b8c8ab86c7d	ed2221173549cd8b5423d8be7ee666d8	62f14521acece7e4803bae3cf2292198
41892	fae1d9ae425d8f0ae2a46b8c8ab86c7d	ed2221173549cd8b5423d8be7ee666d8	62f14521acece7e4803bae3cf2292198
41893	fae1d9ae425d8f0ae2a46b8c8ab86c7d	ed2221173549cd8b5423d8be7ee666d8	62f14521acece7e4803bae3cf2292198
41894	fae1d9ae425d8f0ae2a46b8c8ab86c7d	ed2221173549cd8b5423d8be7ee666d8	62f14521acece7e4803bae3cf2292198
41895	fae1d9ae425d8f0ae2a46b8c8ab86c7d	ed2221173549cd8b5423d8be7ee666d8	62f14521acece7e4803bae3cf2292198
41896	b1d7b816554bce6e0f58d342855189a8	a5fbdd1940b0d472d62e294daa0d8fb5	a8df474ae06df8108ded9713c6b09501
41897	b1d7b816554bce6e0f58d342855189a8	a5fbdd1940b0d472d62e294daa0d8fb5	a8df474ae06df8108ded9713c6b09501
41898	b1d7b816554bce6e0f58d342855189a8	a5fbdd1940b0d472d62e294daa0d8fb5	a8df474ae06df8108ded9713c6b09501
41899	b1d7b816554bce6e0f58d342855189a8	a5fbdd1940b0d472d62e294daa0d8fb5	a8df474ae06df8108ded9713c6b09501
41900	b1d7b816554bce6e0f58d342855189a8	a5fbdd1940b0d472d62e294daa0d8fb5	a8df474ae06df8108ded9713c6b09501
41901	b1d7b816554bce6e0f58d342855189a8	a5fbdd1940b0d472d62e294daa0d8fb5	a8df474ae06df8108ded9713c6b09501
41902	b1d7b816554bce6e0f58d342855189a8	a5fbdd1940b0d472d62e294daa0d8fb5	a8df474ae06df8108ded9713c6b09501
41903	b1d7b816554bce6e0f58d342855189a8	a5fbdd1940b0d472d62e294daa0d8fb5	a8df474ae06df8108ded9713c6b09501
41904	b1d7b816554bce6e0f58d342855189a8	a5fbdd1940b0d472d62e294daa0d8fb5	a8df474ae06df8108ded9713c6b09501
41905	b1d7b816554bce6e0f58d342855189a8	a5fbdd1940b0d472d62e294daa0d8fb5	a8df474ae06df8108ded9713c6b09501
41906	55dc3d46810c9c858e2956ef685a9412	9ea638acb7110619b734c74b4f950737	ab8dcc55134e3e7c6a5c0d833405a31c
41907	55dc3d46810c9c858e2956ef685a9412	9ea638acb7110619b734c74b4f950737	ab8dcc55134e3e7c6a5c0d833405a31c
41908	55dc3d46810c9c858e2956ef685a9412	9ea638acb7110619b734c74b4f950737	ab8dcc55134e3e7c6a5c0d833405a31c
41909	55dc3d46810c9c858e2956ef685a9412	9ea638acb7110619b734c74b4f950737	ab8dcc55134e3e7c6a5c0d833405a31c
41910	55dc3d46810c9c858e2956ef685a9412	9ea638acb7110619b734c74b4f950737	ab8dcc55134e3e7c6a5c0d833405a31c
41911	55dc3d46810c9c858e2956ef685a9412	9ea638acb7110619b734c74b4f950737	ab8dcc55134e3e7c6a5c0d833405a31c
41912	55dc3d46810c9c858e2956ef685a9412	9ea638acb7110619b734c74b4f950737	ab8dcc55134e3e7c6a5c0d833405a31c
41913	5037f2165fcc9a437791bf82be46c369	62dfcc9a22351bfed5f2fbc767672ed9	c194cf8014446d879787cd50cbbd0d1a
41914	5037f2165fcc9a437791bf82be46c369	62dfcc9a22351bfed5f2fbc767672ed9	c194cf8014446d879787cd50cbbd0d1a
41915	5037f2165fcc9a437791bf82be46c369	62dfcc9a22351bfed5f2fbc767672ed9	c194cf8014446d879787cd50cbbd0d1a
41916	5037f2165fcc9a437791bf82be46c369	62dfcc9a22351bfed5f2fbc767672ed9	c194cf8014446d879787cd50cbbd0d1a
41917	5037f2165fcc9a437791bf82be46c369	37870ff2eab60450a41cddf0fdc8e35b	9e2e357ef9f44a083d931945fdd506f5
41918	b280d0f579b0b80a1a423699d3891480	6fd596a759b1e8b979c987d48e8f7a84	8e61b7562c6fb29ac72c36b6c5447ab6
41919	b280d0f579b0b80a1a423699d3891480	6fd596a759b1e8b979c987d48e8f7a84	8e61b7562c6fb29ac72c36b6c5447ab6
41920	b280d0f579b0b80a1a423699d3891480	6fd596a759b1e8b979c987d48e8f7a84	8e61b7562c6fb29ac72c36b6c5447ab6
41921	b280d0f579b0b80a1a423699d3891480	6fd596a759b1e8b979c987d48e8f7a84	8e61b7562c6fb29ac72c36b6c5447ab6
41922	b280d0f579b0b80a1a423699d3891480	6fd596a759b1e8b979c987d48e8f7a84	8e61b7562c6fb29ac72c36b6c5447ab6
41923	b280d0f579b0b80a1a423699d3891480	6fd596a759b1e8b979c987d48e8f7a84	8e61b7562c6fb29ac72c36b6c5447ab6
41924	b280d0f579b0b80a1a423699d3891480	6fd596a759b1e8b979c987d48e8f7a84	8e61b7562c6fb29ac72c36b6c5447ab6
41925	b280d0f579b0b80a1a423699d3891480	6fd596a759b1e8b979c987d48e8f7a84	8e61b7562c6fb29ac72c36b6c5447ab6
41926	b280d0f579b0b80a1a423699d3891480	6fd596a759b1e8b979c987d48e8f7a84	8e61b7562c6fb29ac72c36b6c5447ab6
41927	b280d0f579b0b80a1a423699d3891480	6fd596a759b1e8b979c987d48e8f7a84	8e61b7562c6fb29ac72c36b6c5447ab6
41928	b280d0f579b0b80a1a423699d3891480	6fd596a759b1e8b979c987d48e8f7a84	8e61b7562c6fb29ac72c36b6c5447ab6
41929	b280d0f579b0b80a1a423699d3891480	6fd596a759b1e8b979c987d48e8f7a84	8e61b7562c6fb29ac72c36b6c5447ab6
41930	b280d0f579b0b80a1a423699d3891480	6fd596a759b1e8b979c987d48e8f7a84	8e61b7562c6fb29ac72c36b6c5447ab6
41931	b280d0f579b0b80a1a423699d3891480	6fd596a759b1e8b979c987d48e8f7a84	8e61b7562c6fb29ac72c36b6c5447ab6
41932	b280d0f579b0b80a1a423699d3891480	6fd596a759b1e8b979c987d48e8f7a84	8e61b7562c6fb29ac72c36b6c5447ab6
41933	b280d0f579b0b80a1a423699d3891480	6fd596a759b1e8b979c987d48e8f7a84	8e61b7562c6fb29ac72c36b6c5447ab6
41934	b280d0f579b0b80a1a423699d3891480	6fd596a759b1e8b979c987d48e8f7a84	8e61b7562c6fb29ac72c36b6c5447ab6
41935	468dc423c291d9e4a1a43c209ef7a5bf	07763424d6a94df6075b8aa03953a8d2	1a0ce2185a21b603cf3ea478bdd9ae81
41936	468dc423c291d9e4a1a43c209ef7a5bf	07763424d6a94df6075b8aa03953a8d2	1a0ce2185a21b603cf3ea478bdd9ae81
41937	468dc423c291d9e4a1a43c209ef7a5bf	07763424d6a94df6075b8aa03953a8d2	1a0ce2185a21b603cf3ea478bdd9ae81
41938	22f321f111ddf92fd3d1f6bfa2d6c947	a7884b15f1a63216644e881e606a804a	fa142f9f70b3409050d1852ffb9e4165
41939	199866566ac458c3ca1148ce6626e0f8	e092b9ff38a4eef38ac0a27ba6b89fa3	964ed0a086542a8073a41faf0e0a4dc9
41940	5e75ac6a3699ad70c165f089cbec7f45	7a8d7dd8eaa36b3fdb700b8eb72fbffd	578c8d0d55f39e958b637177cdb597c0
41941	5e75ac6a3699ad70c165f089cbec7f45	7a8d7dd8eaa36b3fdb700b8eb72fbffd	578c8d0d55f39e958b637177cdb597c0
41942	0b70f40819c83067d6b3e949e2dcc7ab	1eeaf4858b339513fa559c780760464b	822d6a6aa4fe4a713375f83bb301d09b
41943	0b70f40819c83067d6b3e949e2dcc7ab	1eeaf4858b339513fa559c780760464b	822d6a6aa4fe4a713375f83bb301d09b
41944	0b70f40819c83067d6b3e949e2dcc7ab	1eeaf4858b339513fa559c780760464b	822d6a6aa4fe4a713375f83bb301d09b
41945	da709f2172617dc36d82d7ab6fd5a0d6	70ee5c20cc7cf27db316edfa7ac3b5b6	2ae66f8492995b6980f656aaa38dd892
41946	da709f2172617dc36d82d7ab6fd5a0d6	70ee5c20cc7cf27db316edfa7ac3b5b6	2ae66f8492995b6980f656aaa38dd892
41947	da709f2172617dc36d82d7ab6fd5a0d6	abaf6155266495faa1d41380d98651ed	9c94c2377c613e0371bea48c1893280f
41948	da709f2172617dc36d82d7ab6fd5a0d6	abaf6155266495faa1d41380d98651ed	9c94c2377c613e0371bea48c1893280f
41949	da709f2172617dc36d82d7ab6fd5a0d6	abaf6155266495faa1d41380d98651ed	9c94c2377c613e0371bea48c1893280f
41950	da709f2172617dc36d82d7ab6fd5a0d6	abaf6155266495faa1d41380d98651ed	9c94c2377c613e0371bea48c1893280f
41951	da709f2172617dc36d82d7ab6fd5a0d6	abaf6155266495faa1d41380d98651ed	9c94c2377c613e0371bea48c1893280f
41952	da709f2172617dc36d82d7ab6fd5a0d6	abaf6155266495faa1d41380d98651ed	9c94c2377c613e0371bea48c1893280f
41953	da709f2172617dc36d82d7ab6fd5a0d6	abaf6155266495faa1d41380d98651ed	9c94c2377c613e0371bea48c1893280f
41954	0373ca871379e0bddc5bfea892ce743e	2b107ea8aeb3bbf02e019878f8da18d0	42ef840f9172ced3aae78299bf9a9099
41955	0373ca871379e0bddc5bfea892ce743e	2b107ea8aeb3bbf02e019878f8da18d0	42ef840f9172ced3aae78299bf9a9099
41956	a96e2f34a3359deed35b011d4c519f81	1b6a62b451b877e2ce98e87f3040c28b	182a73a302ea4012987698490842721f
41957	da709f2172617dc36d82d7ab6fd5a0d6	abaf6155266495faa1d41380d98651ed	9c94c2377c613e0371bea48c1893280f
41958	da709f2172617dc36d82d7ab6fd5a0d6	abaf6155266495faa1d41380d98651ed	9c94c2377c613e0371bea48c1893280f
41959	47a3aef41da3da79c899f7fc81e2458c	678261507cbb59d7975d89950b63f9fb	770f9baabb0143b3d6421aa8f06cce2f
41960	47a3aef41da3da79c899f7fc81e2458c	678261507cbb59d7975d89950b63f9fb	770f9baabb0143b3d6421aa8f06cce2f
41961	47a3aef41da3da79c899f7fc81e2458c	678261507cbb59d7975d89950b63f9fb	770f9baabb0143b3d6421aa8f06cce2f
41962	47a3aef41da3da79c899f7fc81e2458c	678261507cbb59d7975d89950b63f9fb	770f9baabb0143b3d6421aa8f06cce2f
41963	47a3aef41da3da79c899f7fc81e2458c	678261507cbb59d7975d89950b63f9fb	770f9baabb0143b3d6421aa8f06cce2f
41964	47a3aef41da3da79c899f7fc81e2458c	678261507cbb59d7975d89950b63f9fb	770f9baabb0143b3d6421aa8f06cce2f
41965	47a3aef41da3da79c899f7fc81e2458c	678261507cbb59d7975d89950b63f9fb	770f9baabb0143b3d6421aa8f06cce2f
41966	8ed8ce9840a5fc7b3881070b9505eaad	bde60591e0d60daa363c0a27656ecafd	fe1e33bc2db73d050302bbd2aebb7baa
41967	8ed8ce9840a5fc7b3881070b9505eaad	bde60591e0d60daa363c0a27656ecafd	fe1e33bc2db73d050302bbd2aebb7baa
41968	8ed8ce9840a5fc7b3881070b9505eaad	bde60591e0d60daa363c0a27656ecafd	fe1e33bc2db73d050302bbd2aebb7baa
41969	586f59ee31a08b10191b5ff1471458ca	a40d7be1c01a718a0b385ca8037d056d	d22b39e006a82dcadae91f51204b7bed
41970	565b2ec2b119f74a872eb778ceca2d3d	0a66bea5b802245d17f8a6b3e23e25d4	cd47035618aa8b1b4b920c7bc1d4787f
41971	d56947dd6804feb11ff6e391baa6baf7	f557c87ed9a03a0e50195267daf5fad8	dbfa7fa1cd6826c2799b99490408dbeb
41972	d56947dd6804feb11ff6e391baa6baf7	f557c87ed9a03a0e50195267daf5fad8	dbfa7fa1cd6826c2799b99490408dbeb
41973	d56947dd6804feb11ff6e391baa6baf7	f557c87ed9a03a0e50195267daf5fad8	dbfa7fa1cd6826c2799b99490408dbeb
41974	d56947dd6804feb11ff6e391baa6baf7	f557c87ed9a03a0e50195267daf5fad8	dbfa7fa1cd6826c2799b99490408dbeb
41975	d56947dd6804feb11ff6e391baa6baf7	f557c87ed9a03a0e50195267daf5fad8	dbfa7fa1cd6826c2799b99490408dbeb
41976	cd2ccf70a7016fd3bc78088b4e5a11f2	eac37d453da56c6ec2c6a04444e47e6c	6cecf3cca8107ae40bab43d3b2371d14
41977	cd2ccf70a7016fd3bc78088b4e5a11f2	eac37d453da56c6ec2c6a04444e47e6c	6cecf3cca8107ae40bab43d3b2371d14
41978	cd2ccf70a7016fd3bc78088b4e5a11f2	eac37d453da56c6ec2c6a04444e47e6c	6cecf3cca8107ae40bab43d3b2371d14
41979	cd2ccf70a7016fd3bc78088b4e5a11f2	eac37d453da56c6ec2c6a04444e47e6c	6cecf3cca8107ae40bab43d3b2371d14
41980	cd2ccf70a7016fd3bc78088b4e5a11f2	eac37d453da56c6ec2c6a04444e47e6c	6cecf3cca8107ae40bab43d3b2371d14
41981	cd2ccf70a7016fd3bc78088b4e5a11f2	eac37d453da56c6ec2c6a04444e47e6c	6cecf3cca8107ae40bab43d3b2371d14
41982	cd2ccf70a7016fd3bc78088b4e5a11f2	eac37d453da56c6ec2c6a04444e47e6c	6cecf3cca8107ae40bab43d3b2371d14
41983	cd2ccf70a7016fd3bc78088b4e5a11f2	eac37d453da56c6ec2c6a04444e47e6c	6cecf3cca8107ae40bab43d3b2371d14
41984	cd2ccf70a7016fd3bc78088b4e5a11f2	eac37d453da56c6ec2c6a04444e47e6c	6cecf3cca8107ae40bab43d3b2371d14
41985	cd2ccf70a7016fd3bc78088b4e5a11f2	eac37d453da56c6ec2c6a04444e47e6c	6cecf3cca8107ae40bab43d3b2371d14
41986	cd2ccf70a7016fd3bc78088b4e5a11f2	eac37d453da56c6ec2c6a04444e47e6c	6cecf3cca8107ae40bab43d3b2371d14
41987	cd2ccf70a7016fd3bc78088b4e5a11f2	eac37d453da56c6ec2c6a04444e47e6c	6cecf3cca8107ae40bab43d3b2371d14
41988	c2eefb20563c6f586bd6dca7c9cb9712	94d48ce56a8e01754b79b1158c8f03cb	a5c5e9b718b36d5cebcf6cbbe294265f
41989	c2eefb20563c6f586bd6dca7c9cb9712	94d48ce56a8e01754b79b1158c8f03cb	a5c5e9b718b36d5cebcf6cbbe294265f
41990	c2eefb20563c6f586bd6dca7c9cb9712	94d48ce56a8e01754b79b1158c8f03cb	a5c5e9b718b36d5cebcf6cbbe294265f
41991	1566e0b1097d2c8a3ba356e2d9241fb0	b8cc36b498fc7a0564769f43fc02bf22	c860202cfa06aee63487eefed7a9706e
41992	1566e0b1097d2c8a3ba356e2d9241fb0	b8cc36b498fc7a0564769f43fc02bf22	c860202cfa06aee63487eefed7a9706e
41993	c2eefb20563c6f586bd6dca7c9cb9712	94d48ce56a8e01754b79b1158c8f03cb	a5c5e9b718b36d5cebcf6cbbe294265f
41994	c2eefb20563c6f586bd6dca7c9cb9712	94d48ce56a8e01754b79b1158c8f03cb	a5c5e9b718b36d5cebcf6cbbe294265f
41995	b6368c53628e61cb27962845ba6fa629	9361564e0a5a75f4c4b9a4f8a13891e4	1503409839499ceffa65af5fbdc4550d
41996	7c868bdc7c19e528bdf7ecfa13cdee0a	e82a6e5153d839ac3f8cad5b8eb5c04c	c1c8cda64def916f659b29ee9f68fc35
41997	7c868bdc7c19e528bdf7ecfa13cdee0a	e82a6e5153d839ac3f8cad5b8eb5c04c	c1c8cda64def916f659b29ee9f68fc35
41998	4bbb58ec95f73f719a9cfba43286adfa	c2f9293b002416603d6e3f2599e77390	3699e0fdfbd02aee682a2778fafcf487
41999	4bbb58ec95f73f719a9cfba43286adfa	c2f9293b002416603d6e3f2599e77390	3699e0fdfbd02aee682a2778fafcf487
42000	9673d9a031d98ece9d44190143764486	405eb4dc074ba581920792a51490e1a9	ff701875190424a1e68e1b83b938b022
42001	9673d9a031d98ece9d44190143764486	405eb4dc074ba581920792a51490e1a9	ff701875190424a1e68e1b83b938b022
42002	9673d9a031d98ece9d44190143764486	405eb4dc074ba581920792a51490e1a9	ff701875190424a1e68e1b83b938b022
42003	9673d9a031d98ece9d44190143764486	405eb4dc074ba581920792a51490e1a9	ff701875190424a1e68e1b83b938b022
42004	9673d9a031d98ece9d44190143764486	405eb4dc074ba581920792a51490e1a9	ff701875190424a1e68e1b83b938b022
42005	898508e260a5d729cbd4c9b50ad3f701	6ddfcabe7ba39d2a27e0d1a42bcb8aaa	dbd69ca2f44386de480d8a0a6a706002
42006	898508e260a5d729cbd4c9b50ad3f701	6ddfcabe7ba39d2a27e0d1a42bcb8aaa	dbd69ca2f44386de480d8a0a6a706002
42007	898508e260a5d729cbd4c9b50ad3f701	6ddfcabe7ba39d2a27e0d1a42bcb8aaa	dbd69ca2f44386de480d8a0a6a706002
42008	25d8cddfab57f2c5e837c10c65123588	c29189d3872307d8509daee064fd48fe	86b3fcf4cb604a15dcb53ff53e1091d4
42009	25d8cddfab57f2c5e837c10c65123588	c29189d3872307d8509daee064fd48fe	86b3fcf4cb604a15dcb53ff53e1091d4
42010	25d8cddfab57f2c5e837c10c65123588	fdfb7d95789fa604cdaec7b006321956	8e11e63b845aa27beab27b662c30bd98
42011	25d8cddfab57f2c5e837c10c65123588	fdfb7d95789fa604cdaec7b006321956	8e11e63b845aa27beab27b662c30bd98
42012	3b2a9e55df5a9874cbf03bfcb7d4e42c	841dbcabb307822e6cc6b49f1b703621	392bd750ea0d08b1906aa4590b48dfe4
42013	a8469907f533ea513766c129c8cc4be3	43936491626e016454852777b202abf6	7b94730df719f37d6ae58a75494b923b
42014	3b2a9e55df5a9874cbf03bfcb7d4e42c	841dbcabb307822e6cc6b49f1b703621	392bd750ea0d08b1906aa4590b48dfe4
42015	51b4996b191497e13c8c7ed2787e989b	4f7f1953c500891c2113fd74e14db37b	942ad5920c3c6659e2da7ad302cd9976
42016	a8469907f533ea513766c129c8cc4be3	43936491626e016454852777b202abf6	7b94730df719f37d6ae58a75494b923b
42017	77d3532cdc4db5ece0dd7b785e40c488	6bb92acdd8391a3f1a1768a9c7bd446b	30f0a7349c70ad3ba088dfe5609a0582
42018	77d3532cdc4db5ece0dd7b785e40c488	6bb92acdd8391a3f1a1768a9c7bd446b	30f0a7349c70ad3ba088dfe5609a0582
42019	77d3532cdc4db5ece0dd7b785e40c488	6bb92acdd8391a3f1a1768a9c7bd446b	30f0a7349c70ad3ba088dfe5609a0582
42020	aed24e484a036bdf2d64f5ac41bf46fa	e01d6b611ac2623dcd5042504879e967	da0f059b7f32bd63b0073c8b3736ba42
42021	aed24e484a036bdf2d64f5ac41bf46fa	e01d6b611ac2623dcd5042504879e967	da0f059b7f32bd63b0073c8b3736ba42
42022	77d3532cdc4db5ece0dd7b785e40c488	51b155cc47b5aefa9c2b85a123c26168	d37789c02f29407647277687b846f599
42023	77d3532cdc4db5ece0dd7b785e40c488	51b155cc47b5aefa9c2b85a123c26168	d37789c02f29407647277687b846f599
42024	8accb7177a0430808bde832c8b1ba5b5	4f89c64dbe30e615716521163bd974df	aa27b6898463106b96ff0a30b545380f
42025	8accb7177a0430808bde832c8b1ba5b5	4f89c64dbe30e615716521163bd974df	aa27b6898463106b96ff0a30b545380f
42026	8accb7177a0430808bde832c8b1ba5b5	4f89c64dbe30e615716521163bd974df	aa27b6898463106b96ff0a30b545380f
42027	fe5e60b270ae392c8196034ab0ae4853	27566afae4093761863cea33c30524da	5ea55b0ed4c01ebddf69439cd25c074e
42028	8accb7177a0430808bde832c8b1ba5b5	4f89c64dbe30e615716521163bd974df	aa27b6898463106b96ff0a30b545380f
42029	314745185fa4fcd3d63bd343679c573f	ec09b68238e62759eb0af89b082b1bf0	59e54a739918e95b92dd512f05da8c52
42030	314745185fa4fcd3d63bd343679c573f	ec09b68238e62759eb0af89b082b1bf0	59e54a739918e95b92dd512f05da8c52
42031	314745185fa4fcd3d63bd343679c573f	ec09b68238e62759eb0af89b082b1bf0	59e54a739918e95b92dd512f05da8c52
42032	314745185fa4fcd3d63bd343679c573f	ec09b68238e62759eb0af89b082b1bf0	59e54a739918e95b92dd512f05da8c52
42033	314745185fa4fcd3d63bd343679c573f	ec09b68238e62759eb0af89b082b1bf0	59e54a739918e95b92dd512f05da8c52
42034	314745185fa4fcd3d63bd343679c573f	ec09b68238e62759eb0af89b082b1bf0	59e54a739918e95b92dd512f05da8c52
42035	314745185fa4fcd3d63bd343679c573f	ec09b68238e62759eb0af89b082b1bf0	59e54a739918e95b92dd512f05da8c52
42036	47cdc9947bc9e0272eb7909c69200479	c19bb8392a7bb4c542b55c7006e1d0a9	cacc2683d2830eef764be61b9e4d9f88
42037	47cdc9947bc9e0272eb7909c69200479	c19bb8392a7bb4c542b55c7006e1d0a9	cacc2683d2830eef764be61b9e4d9f88
42038	47cdc9947bc9e0272eb7909c69200479	c19bb8392a7bb4c542b55c7006e1d0a9	cacc2683d2830eef764be61b9e4d9f88
42039	47cdc9947bc9e0272eb7909c69200479	c19bb8392a7bb4c542b55c7006e1d0a9	cacc2683d2830eef764be61b9e4d9f88
42040	47cdc9947bc9e0272eb7909c69200479	c19bb8392a7bb4c542b55c7006e1d0a9	cacc2683d2830eef764be61b9e4d9f88
42041	66fa829c9794370989ec7352521f90f0	bbe8d1381cf02fae97c1bf4821bb6984	b7bff89711e508aa880b5565dc135b63
42042	66fa829c9794370989ec7352521f90f0	bbe8d1381cf02fae97c1bf4821bb6984	b7bff89711e508aa880b5565dc135b63
42043	66fa829c9794370989ec7352521f90f0	bbe8d1381cf02fae97c1bf4821bb6984	b7bff89711e508aa880b5565dc135b63
42044	66fa829c9794370989ec7352521f90f0	bbe8d1381cf02fae97c1bf4821bb6984	b7bff89711e508aa880b5565dc135b63
42045	66fa829c9794370989ec7352521f90f0	bbe8d1381cf02fae97c1bf4821bb6984	b7bff89711e508aa880b5565dc135b63
42046	688100a04ceeb492afa774e82a4a0791	6eaec355b144fb3303bbbf6f3b577591	8dc388b9d47cbe7ae542e62545dc7344
42047	688100a04ceeb492afa774e82a4a0791	6eaec355b144fb3303bbbf6f3b577591	8dc388b9d47cbe7ae542e62545dc7344
42048	688100a04ceeb492afa774e82a4a0791	6eaec355b144fb3303bbbf6f3b577591	8dc388b9d47cbe7ae542e62545dc7344
42049	6799a470de820613b65a38eff451a66f	f6dcd130a6215e70c761fc0491788927	959ebcd3367a2170abb7cb2bac53805f
42050	6799a470de820613b65a38eff451a66f	f6dcd130a6215e70c761fc0491788927	959ebcd3367a2170abb7cb2bac53805f
42051	d76a845b94b1056e3b674c25673840f4	3f284d2be4ebd008a8e178ca6659fe86	f0becfcc9b0f2eddbce2e5261e55ffb2
42052	175f474a58acf142158d660a97f44550	211fa38eca61570bcb4b68d36ee3c0df	5cf2b422d22b9f8c19c5f45b47ef67dc
42053	d81cdbc3aab4e3a52e786e495ff55363	acbad06e1d85eb5b2845ce7fe6c35b0f	197850d5b8c8dc7df8dbc9c51960c432
42054	d81cdbc3aab4e3a52e786e495ff55363	acbad06e1d85eb5b2845ce7fe6c35b0f	197850d5b8c8dc7df8dbc9c51960c432
42055	d81cdbc3aab4e3a52e786e495ff55363	acbad06e1d85eb5b2845ce7fe6c35b0f	197850d5b8c8dc7df8dbc9c51960c432
42056	102f5f3b7ef7de19bc2658a718e4a61c	c337ac5fc6084efde623446fbfef72ed	8443879ae94db14bd6972242af8e9522
42057	97d3befa89695b71d3b6bbeb8c705233	ccc6ec0fb859d6b609e2f2bae0e85e3a	615dff5bcfb367475a6f03afc220a156
42058	9aadc8842d2a6b8e16aeccfa28b0394a	73e2058b18d551d859838f3328adc054	327eba62d4e0e1b493956a1235c073a0
42059	9aadc8842d2a6b8e16aeccfa28b0394a	73e2058b18d551d859838f3328adc054	327eba62d4e0e1b493956a1235c073a0
42060	9aadc8842d2a6b8e16aeccfa28b0394a	73e2058b18d551d859838f3328adc054	327eba62d4e0e1b493956a1235c073a0
42061	9aadc8842d2a6b8e16aeccfa28b0394a	ff02776d009a225786de48aa8304b9b6	6955979ca17447c19a781e5015f69126
42062	9aadc8842d2a6b8e16aeccfa28b0394a	ff02776d009a225786de48aa8304b9b6	6955979ca17447c19a781e5015f69126
42063	9aadc8842d2a6b8e16aeccfa28b0394a	ff02776d009a225786de48aa8304b9b6	6955979ca17447c19a781e5015f69126
42064	9aadc8842d2a6b8e16aeccfa28b0394a	ff02776d009a225786de48aa8304b9b6	6955979ca17447c19a781e5015f69126
42065	b5b44abca938ccd0e455dfe7b0b07250	27877c91e494be8c868464cf3a32dde1	fc019ca908bba1e0cafbecd5e8870a0b
42066	b5b44abca938ccd0e455dfe7b0b07250	27877c91e494be8c868464cf3a32dde1	fc019ca908bba1e0cafbecd5e8870a0b
42067	b5b44abca938ccd0e455dfe7b0b07250	27877c91e494be8c868464cf3a32dde1	fc019ca908bba1e0cafbecd5e8870a0b
42068	b3bb32c580efebd3a39a2fd3325759b7	a6a3c51d71e87a8dfee7300dfcb71fd5	7688b870d67ee509eb2b7f556a776cb5
42069	42ce2ff2a1efba6e2d6ca2485ebe85c3	725b800b089be68d3ed9f41d57123d04	bfb0a1fd184d1cbbe16e18da0f8d4865
42070	b5b44abca938ccd0e455dfe7b0b07250	27877c91e494be8c868464cf3a32dde1	fc019ca908bba1e0cafbecd5e8870a0b
42071	b5b44abca938ccd0e455dfe7b0b07250	27877c91e494be8c868464cf3a32dde1	fc019ca908bba1e0cafbecd5e8870a0b
42072	b5b44abca938ccd0e455dfe7b0b07250	27877c91e494be8c868464cf3a32dde1	fc019ca908bba1e0cafbecd5e8870a0b
42073	b3bb32c580efebd3a39a2fd3325759b7	7e642e47ac3cb873e915c3b94f0d4477	c2eb40d9ce22631f3e9b49347c11cbba
42074	42ce2ff2a1efba6e2d6ca2485ebe85c3	725b800b089be68d3ed9f41d57123d04	bfb0a1fd184d1cbbe16e18da0f8d4865
42075	4378cb5559f1b5d9b1069a14e771df3d	2d8780dc04ae13c3ad8bba7f570e431d	04c6052e4a5c8d2e3cad75a3f3a5c1fa
42076	4378cb5559f1b5d9b1069a14e771df3d	2d8780dc04ae13c3ad8bba7f570e431d	04c6052e4a5c8d2e3cad75a3f3a5c1fa
42077	4378cb5559f1b5d9b1069a14e771df3d	2d8780dc04ae13c3ad8bba7f570e431d	04c6052e4a5c8d2e3cad75a3f3a5c1fa
42078	4378cb5559f1b5d9b1069a14e771df3d	2d8780dc04ae13c3ad8bba7f570e431d	04c6052e4a5c8d2e3cad75a3f3a5c1fa
42079	4378cb5559f1b5d9b1069a14e771df3d	2d8780dc04ae13c3ad8bba7f570e431d	04c6052e4a5c8d2e3cad75a3f3a5c1fa
42080	4378cb5559f1b5d9b1069a14e771df3d	2d8780dc04ae13c3ad8bba7f570e431d	04c6052e4a5c8d2e3cad75a3f3a5c1fa
42081	4378cb5559f1b5d9b1069a14e771df3d	2d8780dc04ae13c3ad8bba7f570e431d	04c6052e4a5c8d2e3cad75a3f3a5c1fa
42082	0126453763829bb2bb2844f01d6f2bd9	39672c3eeac8e1223d2180bce8c10f60	7512104f1fee703145f5404d1d128dfb
42083	0126453763829bb2bb2844f01d6f2bd9	39672c3eeac8e1223d2180bce8c10f60	7512104f1fee703145f5404d1d128dfb
42084	0126453763829bb2bb2844f01d6f2bd9	39672c3eeac8e1223d2180bce8c10f60	7512104f1fee703145f5404d1d128dfb
42085	0126453763829bb2bb2844f01d6f2bd9	39672c3eeac8e1223d2180bce8c10f60	7512104f1fee703145f5404d1d128dfb
42086	0126453763829bb2bb2844f01d6f2bd9	39672c3eeac8e1223d2180bce8c10f60	7512104f1fee703145f5404d1d128dfb
42087	115d088266b2c7ead782c6b284c395c9	86cb80f3c4187777fac6bc33d96682f8	18a2fbf173cf785e3809526106c99e9a
42088	115d088266b2c7ead782c6b284c395c9	86cb80f3c4187777fac6bc33d96682f8	18a2fbf173cf785e3809526106c99e9a
42089	115d088266b2c7ead782c6b284c395c9	86cb80f3c4187777fac6bc33d96682f8	18a2fbf173cf785e3809526106c99e9a
42090	115d088266b2c7ead782c6b284c395c9	86cb80f3c4187777fac6bc33d96682f8	18a2fbf173cf785e3809526106c99e9a
42091	115d088266b2c7ead782c6b284c395c9	86cb80f3c4187777fac6bc33d96682f8	18a2fbf173cf785e3809526106c99e9a
42092	115d088266b2c7ead782c6b284c395c9	86cb80f3c4187777fac6bc33d96682f8	18a2fbf173cf785e3809526106c99e9a
42093	115d088266b2c7ead782c6b284c395c9	86cb80f3c4187777fac6bc33d96682f8	18a2fbf173cf785e3809526106c99e9a
42094	115d088266b2c7ead782c6b284c395c9	86cb80f3c4187777fac6bc33d96682f8	18a2fbf173cf785e3809526106c99e9a
42095	115d088266b2c7ead782c6b284c395c9	86cb80f3c4187777fac6bc33d96682f8	18a2fbf173cf785e3809526106c99e9a
42096	115d088266b2c7ead782c6b284c395c9	86cb80f3c4187777fac6bc33d96682f8	18a2fbf173cf785e3809526106c99e9a
42097	115d088266b2c7ead782c6b284c395c9	86cb80f3c4187777fac6bc33d96682f8	18a2fbf173cf785e3809526106c99e9a
42098	115d088266b2c7ead782c6b284c395c9	86cb80f3c4187777fac6bc33d96682f8	18a2fbf173cf785e3809526106c99e9a
42099	115d088266b2c7ead782c6b284c395c9	86cb80f3c4187777fac6bc33d96682f8	18a2fbf173cf785e3809526106c99e9a
42100	115d088266b2c7ead782c6b284c395c9	86cb80f3c4187777fac6bc33d96682f8	18a2fbf173cf785e3809526106c99e9a
42101	115d088266b2c7ead782c6b284c395c9	86cb80f3c4187777fac6bc33d96682f8	18a2fbf173cf785e3809526106c99e9a
42102	115d088266b2c7ead782c6b284c395c9	86cb80f3c4187777fac6bc33d96682f8	18a2fbf173cf785e3809526106c99e9a
42103	115d088266b2c7ead782c6b284c395c9	86cb80f3c4187777fac6bc33d96682f8	18a2fbf173cf785e3809526106c99e9a
42104	0bcf4493f45dad469d670fc5ad61a4b5	f32a8feffc112084e1d4df1ba825d1be	a7370f5daab9a5f7b680f3967c1597c5
42105	0bcf4493f45dad469d670fc5ad61a4b5	f32a8feffc112084e1d4df1ba825d1be	a7370f5daab9a5f7b680f3967c1597c5
42106	0bcf4493f45dad469d670fc5ad61a4b5	f32a8feffc112084e1d4df1ba825d1be	a7370f5daab9a5f7b680f3967c1597c5
42107	0bcf4493f45dad469d670fc5ad61a4b5	f32a8feffc112084e1d4df1ba825d1be	a7370f5daab9a5f7b680f3967c1597c5
42108	0bcf4493f45dad469d670fc5ad61a4b5	f32a8feffc112084e1d4df1ba825d1be	a7370f5daab9a5f7b680f3967c1597c5
42109	0bcf4493f45dad469d670fc5ad61a4b5	f32a8feffc112084e1d4df1ba825d1be	a7370f5daab9a5f7b680f3967c1597c5
42110	0bcf4493f45dad469d670fc5ad61a4b5	f32a8feffc112084e1d4df1ba825d1be	a7370f5daab9a5f7b680f3967c1597c5
42111	47bd977eb3af8730193706f34f8fb46a	18341e40900c86f0473fcd66a5311307	d3486175a72d09e1e07d4f600f9c8a88
42112	47bd977eb3af8730193706f34f8fb46a	18341e40900c86f0473fcd66a5311307	d3486175a72d09e1e07d4f600f9c8a88
42113	47bd977eb3af8730193706f34f8fb46a	18341e40900c86f0473fcd66a5311307	d3486175a72d09e1e07d4f600f9c8a88
42114	bda0879f54579d46c63870b9aab10fc5	7cc05bfc80f5daecbbf34aebcffcc421	3f64042c4a037d72800c710bbd8486ea
42115	bda0879f54579d46c63870b9aab10fc5	7cc05bfc80f5daecbbf34aebcffcc421	3f64042c4a037d72800c710bbd8486ea
42116	6dfd391c685a5d93a37abf932ae0d0de	649012ef116f4b656c72a4f20414aa0e	b6c66094050b0d6b7ae49a61e5a90781
42117	6dfd391c685a5d93a37abf932ae0d0de	649012ef116f4b656c72a4f20414aa0e	b6c66094050b0d6b7ae49a61e5a90781
42118	6dfd391c685a5d93a37abf932ae0d0de	649012ef116f4b656c72a4f20414aa0e	b6c66094050b0d6b7ae49a61e5a90781
42119	6dfd391c685a5d93a37abf932ae0d0de	649012ef116f4b656c72a4f20414aa0e	b6c66094050b0d6b7ae49a61e5a90781
42120	6dfd391c685a5d93a37abf932ae0d0de	649012ef116f4b656c72a4f20414aa0e	b6c66094050b0d6b7ae49a61e5a90781
42121	6dfd391c685a5d93a37abf932ae0d0de	9e39d4b753b21775ecafd0f31ba49e4d	7a1d9030ba29ca93cf5978428e5ad3d6
42122	6dfd391c685a5d93a37abf932ae0d0de	649012ef116f4b656c72a4f20414aa0e	b6c66094050b0d6b7ae49a61e5a90781
42123	49cdf0fdde895a6fdc135c2d75ca565b	0f403501e736c066994d8b56947b03c6	cf01ef42b315d381ca2dbe9022cde11e
42124	49cdf0fdde895a6fdc135c2d75ca565b	0f403501e736c066994d8b56947b03c6	cf01ef42b315d381ca2dbe9022cde11e
42125	49cdf0fdde895a6fdc135c2d75ca565b	0f403501e736c066994d8b56947b03c6	cf01ef42b315d381ca2dbe9022cde11e
42126	e022c2f8c612ec60c41768e329ddb0b5	29305c0efb51e9e4fdb6cdb971ef3ca2	e3bb1c5bcf220ad4e1caf725bf22006d
42127	e022c2f8c612ec60c41768e329ddb0b5	29305c0efb51e9e4fdb6cdb971ef3ca2	e3bb1c5bcf220ad4e1caf725bf22006d
42128	31c299078b332636a5b4cf6980bb4301	1ed86ecc0f1ccf13560aaff28c158bee	414e2ca5c4c82fc390731cb2c77cb8c5
42129	31c299078b332636a5b4cf6980bb4301	1ed86ecc0f1ccf13560aaff28c158bee	414e2ca5c4c82fc390731cb2c77cb8c5
42130	31c299078b332636a5b4cf6980bb4301	1ed86ecc0f1ccf13560aaff28c158bee	414e2ca5c4c82fc390731cb2c77cb8c5
42131	31c299078b332636a5b4cf6980bb4301	1ed86ecc0f1ccf13560aaff28c158bee	414e2ca5c4c82fc390731cb2c77cb8c5
42132	31c299078b332636a5b4cf6980bb4301	1ed86ecc0f1ccf13560aaff28c158bee	414e2ca5c4c82fc390731cb2c77cb8c5
42133	31c299078b332636a5b4cf6980bb4301	1ed86ecc0f1ccf13560aaff28c158bee	414e2ca5c4c82fc390731cb2c77cb8c5
42134	31c299078b332636a5b4cf6980bb4301	1ed86ecc0f1ccf13560aaff28c158bee	414e2ca5c4c82fc390731cb2c77cb8c5
42135	f726ca93447b57d612389e503bfc3334	61d00a3f993e1e85383539e073389acb	be7ffa7c7d1c64ce6e1ff28adf49851b
42136	f726ca93447b57d612389e503bfc3334	61d00a3f993e1e85383539e073389acb	be7ffa7c7d1c64ce6e1ff28adf49851b
42137	f726ca93447b57d612389e503bfc3334	61d00a3f993e1e85383539e073389acb	be7ffa7c7d1c64ce6e1ff28adf49851b
42138	f726ca93447b57d612389e503bfc3334	61d00a3f993e1e85383539e073389acb	be7ffa7c7d1c64ce6e1ff28adf49851b
42139	f726ca93447b57d612389e503bfc3334	61d00a3f993e1e85383539e073389acb	be7ffa7c7d1c64ce6e1ff28adf49851b
42140	f726ca93447b57d612389e503bfc3334	61d00a3f993e1e85383539e073389acb	be7ffa7c7d1c64ce6e1ff28adf49851b
42141	f726ca93447b57d612389e503bfc3334	61d00a3f993e1e85383539e073389acb	be7ffa7c7d1c64ce6e1ff28adf49851b
42142	f726ca93447b57d612389e503bfc3334	61d00a3f993e1e85383539e073389acb	be7ffa7c7d1c64ce6e1ff28adf49851b
42143	f726ca93447b57d612389e503bfc3334	61d00a3f993e1e85383539e073389acb	be7ffa7c7d1c64ce6e1ff28adf49851b
42144	f726ca93447b57d612389e503bfc3334	61d00a3f993e1e85383539e073389acb	be7ffa7c7d1c64ce6e1ff28adf49851b
42145	4ccc41ccf6cb84b368ef126cfb7e42e1	ed1ba451de58f7567f9eda0cffe3c1de	401f77befc1be72c4ace8576f9e9df30
42146	4ccc41ccf6cb84b368ef126cfb7e42e1	ed1ba451de58f7567f9eda0cffe3c1de	401f77befc1be72c4ace8576f9e9df30
42147	4ccc41ccf6cb84b368ef126cfb7e42e1	ed1ba451de58f7567f9eda0cffe3c1de	401f77befc1be72c4ace8576f9e9df30
42148	4ccc41ccf6cb84b368ef126cfb7e42e1	ed1ba451de58f7567f9eda0cffe3c1de	401f77befc1be72c4ace8576f9e9df30
42149	4ccc41ccf6cb84b368ef126cfb7e42e1	ed1ba451de58f7567f9eda0cffe3c1de	401f77befc1be72c4ace8576f9e9df30
42150	4ccc41ccf6cb84b368ef126cfb7e42e1	ed1ba451de58f7567f9eda0cffe3c1de	401f77befc1be72c4ace8576f9e9df30
42151	4ccc41ccf6cb84b368ef126cfb7e42e1	ed1ba451de58f7567f9eda0cffe3c1de	401f77befc1be72c4ace8576f9e9df30
42152	04c349b10cf5776bcc94ab8e1675eda5	401a9f2f946f11e2cddb1708bc77d240	447a4a0a9be024f2e7df435d95dbfdfb
42153	04c349b10cf5776bcc94ab8e1675eda5	401a9f2f946f11e2cddb1708bc77d240	447a4a0a9be024f2e7df435d95dbfdfb
42154	04c349b10cf5776bcc94ab8e1675eda5	401a9f2f946f11e2cddb1708bc77d240	447a4a0a9be024f2e7df435d95dbfdfb
42155	2571fadba0c83cdbecc7bdf9cf3176ee	5985a68bee106236e69e137ce1c0806d	d18e3eca9b63c7f6a7c6e53883bc3132
42156	067daf161e2086adc420375231072ce8	a1d8b0072d705feb2a8453efdfedd218	1abbbbb44c25aa11c3a047dcbe66e4db
42157	4dc17af9f993e842fa2501c6c3e206ea	ae6b8b76f5793c769a2a300e9712cf9e	ac51d2d050e2426dcce12c58b5059c39
42158	4dc17af9f993e842fa2501c6c3e206ea	ae6b8b76f5793c769a2a300e9712cf9e	ac51d2d050e2426dcce12c58b5059c39
42159	4dc17af9f993e842fa2501c6c3e206ea	ae6b8b76f5793c769a2a300e9712cf9e	ac51d2d050e2426dcce12c58b5059c39
42160	4dc17af9f993e842fa2501c6c3e206ea	ae6b8b76f5793c769a2a300e9712cf9e	ac51d2d050e2426dcce12c58b5059c39
42161	4dc17af9f993e842fa2501c6c3e206ea	ae6b8b76f5793c769a2a300e9712cf9e	ac51d2d050e2426dcce12c58b5059c39
42162	4dc17af9f993e842fa2501c6c3e206ea	ae6b8b76f5793c769a2a300e9712cf9e	ac51d2d050e2426dcce12c58b5059c39
42163	4dc17af9f993e842fa2501c6c3e206ea	ae6b8b76f5793c769a2a300e9712cf9e	ac51d2d050e2426dcce12c58b5059c39
42164	048d7f98b4c1aa6e591eb5b64040cb7f	8c120be77d460ce2d4e634d6c3069387	997aef8a55e36a84c612e0ead75c228f
42165	048d7f98b4c1aa6e591eb5b64040cb7f	8c120be77d460ce2d4e634d6c3069387	997aef8a55e36a84c612e0ead75c228f
42166	048d7f98b4c1aa6e591eb5b64040cb7f	8c120be77d460ce2d4e634d6c3069387	997aef8a55e36a84c612e0ead75c228f
42167	429a9efe1334aeb7eb34224581748895	982355cd7c15d163f91254fd74167905	171253483e7a81486bb2e585ee9410d8
42168	429a9efe1334aeb7eb34224581748895	982355cd7c15d163f91254fd74167905	171253483e7a81486bb2e585ee9410d8
42169	21f137e172335a51d05a68794c29ed18	42a96606e8bf999cfa8a993aaad69b7e	25bf8fb92af368f07a98e86438683401
42170	21f137e172335a51d05a68794c29ed18	42a96606e8bf999cfa8a993aaad69b7e	25bf8fb92af368f07a98e86438683401
42171	21f137e172335a51d05a68794c29ed18	42a96606e8bf999cfa8a993aaad69b7e	25bf8fb92af368f07a98e86438683401
42172	21f137e172335a51d05a68794c29ed18	42a96606e8bf999cfa8a993aaad69b7e	25bf8fb92af368f07a98e86438683401
42173	21f137e172335a51d05a68794c29ed18	42a96606e8bf999cfa8a993aaad69b7e	25bf8fb92af368f07a98e86438683401
42174	1a1ac7919a5959445317e90f31379ea9	24904a0fd0f274ef6bd81a6c99c91c31	c362558a6e4103402c7873ebc0844342
42175	1a1ac7919a5959445317e90f31379ea9	24904a0fd0f274ef6bd81a6c99c91c31	c362558a6e4103402c7873ebc0844342
42176	1a1ac7919a5959445317e90f31379ea9	24904a0fd0f274ef6bd81a6c99c91c31	c362558a6e4103402c7873ebc0844342
42177	1a1ac7919a5959445317e90f31379ea9	24904a0fd0f274ef6bd81a6c99c91c31	c362558a6e4103402c7873ebc0844342
42178	1a1ac7919a5959445317e90f31379ea9	24904a0fd0f274ef6bd81a6c99c91c31	c362558a6e4103402c7873ebc0844342
42179	1a1ac7919a5959445317e90f31379ea9	24904a0fd0f274ef6bd81a6c99c91c31	c362558a6e4103402c7873ebc0844342
42180	1a1ac7919a5959445317e90f31379ea9	24904a0fd0f274ef6bd81a6c99c91c31	c362558a6e4103402c7873ebc0844342
42181	772d355dd3fb03c3dd5196279f5f79a3	2dea4874fc49acd4a8297da8174244f5	63406459c6e0aa230bc49e0ec616ba77
42182	772d355dd3fb03c3dd5196279f5f79a3	2dea4874fc49acd4a8297da8174244f5	63406459c6e0aa230bc49e0ec616ba77
42183	772d355dd3fb03c3dd5196279f5f79a3	d759cdec026c8cb012d89fd56fbfba73	9d17782e3481a51127c4cdaf97982b14
42184	772d355dd3fb03c3dd5196279f5f79a3	2dea4874fc49acd4a8297da8174244f5	63406459c6e0aa230bc49e0ec616ba77
42185	772d355dd3fb03c3dd5196279f5f79a3	2dea4874fc49acd4a8297da8174244f5	63406459c6e0aa230bc49e0ec616ba77
42186	f22c77016a452de20269a85dc634ff55	1d1b1745cc91694adbed82b36c2bb89c	9ee6c3b4c24da485c16331a0faae766f
42187	f22c77016a452de20269a85dc634ff55	1d1b1745cc91694adbed82b36c2bb89c	9ee6c3b4c24da485c16331a0faae766f
42188	f22c77016a452de20269a85dc634ff55	1d1b1745cc91694adbed82b36c2bb89c	9ee6c3b4c24da485c16331a0faae766f
42189	db1d46a8707da72f63baf65aeb3be224	67227396bcef572bd5269ea09f814a09	07641c72bbd34365377bf6e1fbcb3cd6
42190	db1d46a8707da72f63baf65aeb3be224	67227396bcef572bd5269ea09f814a09	07641c72bbd34365377bf6e1fbcb3cd6
42191	6f175ba2a6d21d33919ba27203b5806a	2527e79866fcf26a6e90c50707bd2584	b4514af24398a6b5fc7fbb1ebac41dfe
42192	6f175ba2a6d21d33919ba27203b5806a	2527e79866fcf26a6e90c50707bd2584	b4514af24398a6b5fc7fbb1ebac41dfe
42193	6000c07509d0461837e569050169c6ca	9a527e387182a60d28055e7d6de58e29	d1871c1baa917676670f1592ad3390f5
42194	6000c07509d0461837e569050169c6ca	9a527e387182a60d28055e7d6de58e29	d1871c1baa917676670f1592ad3390f5
42195	6000c07509d0461837e569050169c6ca	9a527e387182a60d28055e7d6de58e29	d1871c1baa917676670f1592ad3390f5
42196	e641edb6eccebed5300e66f5000c2941	7729d224309cf4b9197ae51f32f4bb38	1d8649d745456dbb9c159e23790f4077
42197	6000c07509d0461837e569050169c6ca	9a527e387182a60d28055e7d6de58e29	d1871c1baa917676670f1592ad3390f5
42198	88fa7f7d3ddd86856328bcd62f6fe3c7	30cc14a86a727068166b77221c35035d	05e81095aab14d1ac505488a22600f5b
42199	88fa7f7d3ddd86856328bcd62f6fe3c7	30cc14a86a727068166b77221c35035d	05e81095aab14d1ac505488a22600f5b
42200	88fa7f7d3ddd86856328bcd62f6fe3c7	30cc14a86a727068166b77221c35035d	05e81095aab14d1ac505488a22600f5b
42201	88fa7f7d3ddd86856328bcd62f6fe3c7	30cc14a86a727068166b77221c35035d	05e81095aab14d1ac505488a22600f5b
42202	88fa7f7d3ddd86856328bcd62f6fe3c7	30cc14a86a727068166b77221c35035d	05e81095aab14d1ac505488a22600f5b
42203	88fa7f7d3ddd86856328bcd62f6fe3c7	30cc14a86a727068166b77221c35035d	05e81095aab14d1ac505488a22600f5b
42204	88fa7f7d3ddd86856328bcd62f6fe3c7	30cc14a86a727068166b77221c35035d	05e81095aab14d1ac505488a22600f5b
42205	9d70cbcf990fa8b4153f8395166ec939	b2f84a07cff9a66285b4ca6784605677	4b5581a9614fe3ec92996f00b1dddd89
42206	9d70cbcf990fa8b4153f8395166ec939	b2f84a07cff9a66285b4ca6784605677	4b5581a9614fe3ec92996f00b1dddd89
42207	9d70cbcf990fa8b4153f8395166ec939	b2f84a07cff9a66285b4ca6784605677	4b5581a9614fe3ec92996f00b1dddd89
42208	9d70cbcf990fa8b4153f8395166ec939	b2f84a07cff9a66285b4ca6784605677	4b5581a9614fe3ec92996f00b1dddd89
42209	9d70cbcf990fa8b4153f8395166ec939	b2f84a07cff9a66285b4ca6784605677	4b5581a9614fe3ec92996f00b1dddd89
42210	ab58decb5c918a705e7239e6cc222269	4332ad56f860b5b744fd650a263d23c6	6a9ab318171940eb5c8bfc724b5b9461
42211	ab58decb5c918a705e7239e6cc222269	4332ad56f860b5b744fd650a263d23c6	6a9ab318171940eb5c8bfc724b5b9461
42212	ab58decb5c918a705e7239e6cc222269	4332ad56f860b5b744fd650a263d23c6	6a9ab318171940eb5c8bfc724b5b9461
42213	ab58decb5c918a705e7239e6cc222269	4332ad56f860b5b744fd650a263d23c6	6a9ab318171940eb5c8bfc724b5b9461
42214	ab58decb5c918a705e7239e6cc222269	4332ad56f860b5b744fd650a263d23c6	6a9ab318171940eb5c8bfc724b5b9461
42215	04faf05d89f8591ac69d0ea68f8f0124	c59a40103cd039b96a8e6c34dfdaa97d	78e518bdcc458d46d087f179c65b6dba
42216	04faf05d89f8591ac69d0ea68f8f0124	c59a40103cd039b96a8e6c34dfdaa97d	78e518bdcc458d46d087f179c65b6dba
42217	04faf05d89f8591ac69d0ea68f8f0124	c59a40103cd039b96a8e6c34dfdaa97d	78e518bdcc458d46d087f179c65b6dba
42218	04faf05d89f8591ac69d0ea68f8f0124	c59a40103cd039b96a8e6c34dfdaa97d	78e518bdcc458d46d087f179c65b6dba
42219	04faf05d89f8591ac69d0ea68f8f0124	c59a40103cd039b96a8e6c34dfdaa97d	78e518bdcc458d46d087f179c65b6dba
42220	04faf05d89f8591ac69d0ea68f8f0124	c59a40103cd039b96a8e6c34dfdaa97d	78e518bdcc458d46d087f179c65b6dba
42221	04faf05d89f8591ac69d0ea68f8f0124	c59a40103cd039b96a8e6c34dfdaa97d	78e518bdcc458d46d087f179c65b6dba
42222	04faf05d89f8591ac69d0ea68f8f0124	c59a40103cd039b96a8e6c34dfdaa97d	78e518bdcc458d46d087f179c65b6dba
42223	04faf05d89f8591ac69d0ea68f8f0124	c59a40103cd039b96a8e6c34dfdaa97d	78e518bdcc458d46d087f179c65b6dba
42224	04faf05d89f8591ac69d0ea68f8f0124	c59a40103cd039b96a8e6c34dfdaa97d	78e518bdcc458d46d087f179c65b6dba
42225	ab722ea57f8cc007399ce29e9b24f58a	63356148630828ec8d37a2181af20864	72dedf95de494e49d470f5416435b7aa
42226	04faf05d89f8591ac69d0ea68f8f0124	c59a40103cd039b96a8e6c34dfdaa97d	78e518bdcc458d46d087f179c65b6dba
42227	0282ae8639730b49b074f4bc07a6c9e9	a66fa6b82e836b853a3ab780ce11b5b7	6813433777fe41c264c6e31faf215045
42228	0282ae8639730b49b074f4bc07a6c9e9	a66fa6b82e836b853a3ab780ce11b5b7	6813433777fe41c264c6e31faf215045
42229	0282ae8639730b49b074f4bc07a6c9e9	a66fa6b82e836b853a3ab780ce11b5b7	6813433777fe41c264c6e31faf215045
42230	0282ae8639730b49b074f4bc07a6c9e9	a66fa6b82e836b853a3ab780ce11b5b7	6813433777fe41c264c6e31faf215045
42231	0282ae8639730b49b074f4bc07a6c9e9	a66fa6b82e836b853a3ab780ce11b5b7	6813433777fe41c264c6e31faf215045
42232	0282ae8639730b49b074f4bc07a6c9e9	a66fa6b82e836b853a3ab780ce11b5b7	6813433777fe41c264c6e31faf215045
42233	0282ae8639730b49b074f4bc07a6c9e9	a66fa6b82e836b853a3ab780ce11b5b7	6813433777fe41c264c6e31faf215045
42234	260ec37e147c2c6a23390a39864b2f55	ee6da1687ffb1712a13453ed5f4f4934	517fb30ff20549104699394eaf0c5620
42235	260ec37e147c2c6a23390a39864b2f55	ee6da1687ffb1712a13453ed5f4f4934	517fb30ff20549104699394eaf0c5620
42236	260ec37e147c2c6a23390a39864b2f55	ee6da1687ffb1712a13453ed5f4f4934	517fb30ff20549104699394eaf0c5620
42237	830287ce00f41c96db36a04cdad3302e	28b1e8adfe66436e389831fbf50eed33	07a6dcb4a3f6286e62308dc94cb45794
42238	227bf09e9ef0583779100c15169ff2a5	1f021501ac0d64e0e30a91434ce6bddb	8f7b377cbbc8a47b94ae19055a8bf99b
42239	260ec37e147c2c6a23390a39864b2f55	ee6da1687ffb1712a13453ed5f4f4934	517fb30ff20549104699394eaf0c5620
42240	260ec37e147c2c6a23390a39864b2f55	ee6da1687ffb1712a13453ed5f4f4934	517fb30ff20549104699394eaf0c5620
42241	260ec37e147c2c6a23390a39864b2f55	ee6da1687ffb1712a13453ed5f4f4934	517fb30ff20549104699394eaf0c5620
42242	68d8ed04a88036a64651958db854c107	4b21713b882dde48667735fea81db9ae	fa1f3016365423d2961d99e8ee600b0f
42243	e0cf09b75f739209555bdc1092076d95	6ed6caf7467996f1b3d992d9927e7146	8a436a5002a9f0fa6edb19f445941243
42244	7f49efb6424c0f7cbac7a7d264285333	b5acdef68aab57326aa697e38cda0333	2c4315f81f3448989fc9b472e3d30db7
42245	7f49efb6424c0f7cbac7a7d264285333	b5acdef68aab57326aa697e38cda0333	2c4315f81f3448989fc9b472e3d30db7
42246	7f49efb6424c0f7cbac7a7d264285333	b5acdef68aab57326aa697e38cda0333	2c4315f81f3448989fc9b472e3d30db7
42247	7f49efb6424c0f7cbac7a7d264285333	b5acdef68aab57326aa697e38cda0333	2c4315f81f3448989fc9b472e3d30db7
42248	7f49efb6424c0f7cbac7a7d264285333	b5acdef68aab57326aa697e38cda0333	2c4315f81f3448989fc9b472e3d30db7
42249	7f49efb6424c0f7cbac7a7d264285333	b5acdef68aab57326aa697e38cda0333	2c4315f81f3448989fc9b472e3d30db7
42250	7f49efb6424c0f7cbac7a7d264285333	b5acdef68aab57326aa697e38cda0333	2c4315f81f3448989fc9b472e3d30db7
42251	11f66e22a81c402993cb683205da9b4d	5d5287498e2f9a826ec8ae9d48363f94	0433f9b31e315ed4627d7f64dc013962
42252	11f66e22a81c402993cb683205da9b4d	1ab640e658396bc37ff0b61b3c621a41	0678bb772fa2386a796d6820c8c978b1
42253	11f66e22a81c402993cb683205da9b4d	1ab640e658396bc37ff0b61b3c621a41	0678bb772fa2386a796d6820c8c978b1
42254	ddc742ed3073a81bdc6a38fb70a206bc	c1ac443d10f79f133f3123766a4d7413	46d03cf97935de659796609f71d2825b
42255	bf84cf380f96828b501d31fc2709bb49	ee5474b0f1bea7077a378e849475f5f7	23af191334792b2bb670340492693959
42256	a86d138b0216e9bcb64dc58376f1e267	ec01f77319e1a4f7ba221ea1e4250d14	01b6cf8b56c594543be82441cf52dd0c
42257	a86d138b0216e9bcb64dc58376f1e267	ec01f77319e1a4f7ba221ea1e4250d14	01b6cf8b56c594543be82441cf52dd0c
42258	a86d138b0216e9bcb64dc58376f1e267	ec01f77319e1a4f7ba221ea1e4250d14	01b6cf8b56c594543be82441cf52dd0c
42259	a86d138b0216e9bcb64dc58376f1e267	ec01f77319e1a4f7ba221ea1e4250d14	01b6cf8b56c594543be82441cf52dd0c
42260	a86d138b0216e9bcb64dc58376f1e267	ec01f77319e1a4f7ba221ea1e4250d14	01b6cf8b56c594543be82441cf52dd0c
42261	a86d138b0216e9bcb64dc58376f1e267	ec01f77319e1a4f7ba221ea1e4250d14	01b6cf8b56c594543be82441cf52dd0c
42262	a86d138b0216e9bcb64dc58376f1e267	ec01f77319e1a4f7ba221ea1e4250d14	01b6cf8b56c594543be82441cf52dd0c
42263	a86d138b0216e9bcb64dc58376f1e267	ec01f77319e1a4f7ba221ea1e4250d14	01b6cf8b56c594543be82441cf52dd0c
42264	a86d138b0216e9bcb64dc58376f1e267	ec01f77319e1a4f7ba221ea1e4250d14	01b6cf8b56c594543be82441cf52dd0c
42265	a86d138b0216e9bcb64dc58376f1e267	ec01f77319e1a4f7ba221ea1e4250d14	01b6cf8b56c594543be82441cf52dd0c
42266	a86d138b0216e9bcb64dc58376f1e267	ec01f77319e1a4f7ba221ea1e4250d14	01b6cf8b56c594543be82441cf52dd0c
42267	a86d138b0216e9bcb64dc58376f1e267	ec01f77319e1a4f7ba221ea1e4250d14	01b6cf8b56c594543be82441cf52dd0c
42268	a86d138b0216e9bcb64dc58376f1e267	ec01f77319e1a4f7ba221ea1e4250d14	01b6cf8b56c594543be82441cf52dd0c
42269	a86d138b0216e9bcb64dc58376f1e267	ec01f77319e1a4f7ba221ea1e4250d14	01b6cf8b56c594543be82441cf52dd0c
42270	a86d138b0216e9bcb64dc58376f1e267	ec01f77319e1a4f7ba221ea1e4250d14	01b6cf8b56c594543be82441cf52dd0c
42271	a86d138b0216e9bcb64dc58376f1e267	ec01f77319e1a4f7ba221ea1e4250d14	01b6cf8b56c594543be82441cf52dd0c
42272	a86d138b0216e9bcb64dc58376f1e267	ec01f77319e1a4f7ba221ea1e4250d14	01b6cf8b56c594543be82441cf52dd0c
42273	acfa1ea73b2c7b045c6de3801efd2f1b	485774df31b2825a0147e164ac63a34d	926f103e283cca765e4756846c048e6c
42274	acfa1ea73b2c7b045c6de3801efd2f1b	485774df31b2825a0147e164ac63a34d	926f103e283cca765e4756846c048e6c
42275	acfa1ea73b2c7b045c6de3801efd2f1b	485774df31b2825a0147e164ac63a34d	926f103e283cca765e4756846c048e6c
42276	acfa1ea73b2c7b045c6de3801efd2f1b	485774df31b2825a0147e164ac63a34d	926f103e283cca765e4756846c048e6c
42277	acfa1ea73b2c7b045c6de3801efd2f1b	485774df31b2825a0147e164ac63a34d	926f103e283cca765e4756846c048e6c
42278	acfa1ea73b2c7b045c6de3801efd2f1b	485774df31b2825a0147e164ac63a34d	926f103e283cca765e4756846c048e6c
42279	acfa1ea73b2c7b045c6de3801efd2f1b	485774df31b2825a0147e164ac63a34d	926f103e283cca765e4756846c048e6c
42280	e224a51a3b236fec25028c182a6c2e98	0101fb722c2d1531be4870e1ab4201c9	e5f3403ef094d6c21323d2e920db76b9
42281	e224a51a3b236fec25028c182a6c2e98	0101fb722c2d1531be4870e1ab4201c9	e5f3403ef094d6c21323d2e920db76b9
42282	e224a51a3b236fec25028c182a6c2e98	0101fb722c2d1531be4870e1ab4201c9	e5f3403ef094d6c21323d2e920db76b9
42283	38df578ada60d273939e6ecaa7d5661a	fdd1046d17f86ae8da2e5e9632ede554	2de1cf4bb43bd72136df3406049ad0f8
42284	38df578ada60d273939e6ecaa7d5661a	fdd1046d17f86ae8da2e5e9632ede554	2de1cf4bb43bd72136df3406049ad0f8
42285	95472e4893770bbf365a1f5fe5c12bd9	555c35a5d98a0a574cf0f523c09b9616	bca830c8935e2f2649d4a77721ae2911
42286	95472e4893770bbf365a1f5fe5c12bd9	555c35a5d98a0a574cf0f523c09b9616	bca830c8935e2f2649d4a77721ae2911
42287	95472e4893770bbf365a1f5fe5c12bd9	555c35a5d98a0a574cf0f523c09b9616	bca830c8935e2f2649d4a77721ae2911
42288	95472e4893770bbf365a1f5fe5c12bd9	555c35a5d98a0a574cf0f523c09b9616	bca830c8935e2f2649d4a77721ae2911
42289	95472e4893770bbf365a1f5fe5c12bd9	555c35a5d98a0a574cf0f523c09b9616	bca830c8935e2f2649d4a77721ae2911
42290	95472e4893770bbf365a1f5fe5c12bd9	555c35a5d98a0a574cf0f523c09b9616	bca830c8935e2f2649d4a77721ae2911
42291	95472e4893770bbf365a1f5fe5c12bd9	555c35a5d98a0a574cf0f523c09b9616	bca830c8935e2f2649d4a77721ae2911
42292	a681a51c02113e13db1f068ce54e98ae	5e0641dc992fa4b5fd0fd5c45bc679e5	430f99ec5d2b9ffdb6e69e11f9f67272
42293	a681a51c02113e13db1f068ce54e98ae	5e0641dc992fa4b5fd0fd5c45bc679e5	430f99ec5d2b9ffdb6e69e11f9f67272
42294	a681a51c02113e13db1f068ce54e98ae	5e0641dc992fa4b5fd0fd5c45bc679e5	430f99ec5d2b9ffdb6e69e11f9f67272
42295	a681a51c02113e13db1f068ce54e98ae	5e0641dc992fa4b5fd0fd5c45bc679e5	430f99ec5d2b9ffdb6e69e11f9f67272
42296	a681a51c02113e13db1f068ce54e98ae	5e0641dc992fa4b5fd0fd5c45bc679e5	430f99ec5d2b9ffdb6e69e11f9f67272
42297	bb1e5c2a316444a937c1c8bde72c019f	fd623626293de6a9b85d98932172946a	3f8fd6e1894ea5099f3eb5300b03665c
42298	bb1e5c2a316444a937c1c8bde72c019f	fd623626293de6a9b85d98932172946a	3f8fd6e1894ea5099f3eb5300b03665c
42299	bb1e5c2a316444a937c1c8bde72c019f	fd623626293de6a9b85d98932172946a	3f8fd6e1894ea5099f3eb5300b03665c
42300	bb1e5c2a316444a937c1c8bde72c019f	fd623626293de6a9b85d98932172946a	3f8fd6e1894ea5099f3eb5300b03665c
42301	bb1e5c2a316444a937c1c8bde72c019f	fd623626293de6a9b85d98932172946a	3f8fd6e1894ea5099f3eb5300b03665c
42302	bb1e5c2a316444a937c1c8bde72c019f	fd623626293de6a9b85d98932172946a	3f8fd6e1894ea5099f3eb5300b03665c
42303	bb1e5c2a316444a937c1c8bde72c019f	fd623626293de6a9b85d98932172946a	3f8fd6e1894ea5099f3eb5300b03665c
42304	8f1b67df03809e2e0e3f0e4516dbf546	ffe44a726d0c5378bd0bc3ccbe0e7823	7bc74618235c9b2d0c18195c327dcc4b
42305	8f1b67df03809e2e0e3f0e4516dbf546	ffe44a726d0c5378bd0bc3ccbe0e7823	7bc74618235c9b2d0c18195c327dcc4b
42306	8f1b67df03809e2e0e3f0e4516dbf546	ffe44a726d0c5378bd0bc3ccbe0e7823	7bc74618235c9b2d0c18195c327dcc4b
42307	8f1b67df03809e2e0e3f0e4516dbf546	ffe44a726d0c5378bd0bc3ccbe0e7823	7bc74618235c9b2d0c18195c327dcc4b
42308	8f1b67df03809e2e0e3f0e4516dbf546	ffe44a726d0c5378bd0bc3ccbe0e7823	7bc74618235c9b2d0c18195c327dcc4b
42309	8f1b67df03809e2e0e3f0e4516dbf546	ffe44a726d0c5378bd0bc3ccbe0e7823	7bc74618235c9b2d0c18195c327dcc4b
42310	8f1b67df03809e2e0e3f0e4516dbf546	ffe44a726d0c5378bd0bc3ccbe0e7823	7bc74618235c9b2d0c18195c327dcc4b
42311	8f1b67df03809e2e0e3f0e4516dbf546	ffe44a726d0c5378bd0bc3ccbe0e7823	7bc74618235c9b2d0c18195c327dcc4b
42312	8f1b67df03809e2e0e3f0e4516dbf546	ffe44a726d0c5378bd0bc3ccbe0e7823	7bc74618235c9b2d0c18195c327dcc4b
42313	8f1b67df03809e2e0e3f0e4516dbf546	ffe44a726d0c5378bd0bc3ccbe0e7823	7bc74618235c9b2d0c18195c327dcc4b
42314	17b47e1cf08e6f30fe4dee431fce714a	e0e42536dc0ee100a63fc3c3e0ed7234	dbdf62ec2c54d785d93e57d42c3d43fe
42315	17b47e1cf08e6f30fe4dee431fce714a	e0e42536dc0ee100a63fc3c3e0ed7234	dbdf62ec2c54d785d93e57d42c3d43fe
42316	17b47e1cf08e6f30fe4dee431fce714a	e0e42536dc0ee100a63fc3c3e0ed7234	dbdf62ec2c54d785d93e57d42c3d43fe
42317	830d166f2e0cc144b5b827c488aabbaf	3af3fa393a9dc695e9fcc07a48c1c51b	b66b0cbac95a3c0c8494c28a88ffd355
42318	830d166f2e0cc144b5b827c488aabbaf	3af3fa393a9dc695e9fcc07a48c1c51b	b66b0cbac95a3c0c8494c28a88ffd355
42319	5dd9866fa1c9996cbfbd41c2ea69c336	148de4f3b85fa7463da4dd1fe4d6c874	aa79e3dce0c6b001ef0b53cac824aa36
42320	493a333f508d1ef8657944863c644374	f618d0ab35415ac85cabd2b05b43acad	e60ff5ec658e516b6850c92be1edf465
42321	afc40429ee20094e8b77688f338f4f8f	8215703bfd4d19a3767c5cb2944a0795	c91e5895140641935ee0a199f0c2a762
42322	afc40429ee20094e8b77688f338f4f8f	8215703bfd4d19a3767c5cb2944a0795	c91e5895140641935ee0a199f0c2a762
42323	afc40429ee20094e8b77688f338f4f8f	8215703bfd4d19a3767c5cb2944a0795	c91e5895140641935ee0a199f0c2a762
42324	afc40429ee20094e8b77688f338f4f8f	8215703bfd4d19a3767c5cb2944a0795	c91e5895140641935ee0a199f0c2a762
42325	afc40429ee20094e8b77688f338f4f8f	8215703bfd4d19a3767c5cb2944a0795	c91e5895140641935ee0a199f0c2a762
42326	1e8200b1acd0521d21289bef80837ae3	3096bf89ea3a3b2efbbb71046f76077b	6870f762f5af4ecdd1f05ffd99217205
42327	1e8200b1acd0521d21289bef80837ae3	3096bf89ea3a3b2efbbb71046f76077b	6870f762f5af4ecdd1f05ffd99217205
42328	1e8200b1acd0521d21289bef80837ae3	3096bf89ea3a3b2efbbb71046f76077b	6870f762f5af4ecdd1f05ffd99217205
42329	1e8200b1acd0521d21289bef80837ae3	3096bf89ea3a3b2efbbb71046f76077b	6870f762f5af4ecdd1f05ffd99217205
42330	1e8200b1acd0521d21289bef80837ae3	3096bf89ea3a3b2efbbb71046f76077b	6870f762f5af4ecdd1f05ffd99217205
42331	1e8200b1acd0521d21289bef80837ae3	3096bf89ea3a3b2efbbb71046f76077b	6870f762f5af4ecdd1f05ffd99217205
42332	1e8200b1acd0521d21289bef80837ae3	3096bf89ea3a3b2efbbb71046f76077b	6870f762f5af4ecdd1f05ffd99217205
42333	3ff5f7c82a47805bbffd8ba481ae82ca	2b936b88272dadccab4ced31a50ace5a	fe273aa47fb6b3b3e601182c3d0e0928
42334	22c2b30bb4aea2da1b3799b0230fd55a	c91e5dc0683cb30cfcd514e4c65c3de6	c54ae95b1df30805f16c5202e134dbb8
42335	22c2b30bb4aea2da1b3799b0230fd55a	c91e5dc0683cb30cfcd514e4c65c3de6	c54ae95b1df30805f16c5202e134dbb8
42336	3ff5f7c82a47805bbffd8ba481ae82ca	2b936b88272dadccab4ced31a50ace5a	fe273aa47fb6b3b3e601182c3d0e0928
42337	3ff5f7c82a47805bbffd8ba481ae82ca	2b936b88272dadccab4ced31a50ace5a	fe273aa47fb6b3b3e601182c3d0e0928
42338	3ff5f7c82a47805bbffd8ba481ae82ca	2b936b88272dadccab4ced31a50ace5a	fe273aa47fb6b3b3e601182c3d0e0928
42339	3ff5f7c82a47805bbffd8ba481ae82ca	2b936b88272dadccab4ced31a50ace5a	fe273aa47fb6b3b3e601182c3d0e0928
42340	3ff5f7c82a47805bbffd8ba481ae82ca	2b936b88272dadccab4ced31a50ace5a	fe273aa47fb6b3b3e601182c3d0e0928
42341	7c90b9e00f3e04d3535352d20c0b5e26	e79832209597c9149826cd9e502dc02a	f197b2a4f0eed5c124691fd61cb93854
42342	0cd325d2c944323cd16ab12d752ac9cc	0af30f73d648be26e2b8508f1cae0b1a	e5cf9545b3278b414f9ff24cc52324b0
42343	915dee63bb588c073de82d86c45ab6ee	3281f5fb96848943e9bed7ac49400a48	d9570a712bb3f4549648925defb826db
42344	915dee63bb588c073de82d86c45ab6ee	3281f5fb96848943e9bed7ac49400a48	d9570a712bb3f4549648925defb826db
42345	915dee63bb588c073de82d86c45ab6ee	3281f5fb96848943e9bed7ac49400a48	d9570a712bb3f4549648925defb826db
42346	915dee63bb588c073de82d86c45ab6ee	3281f5fb96848943e9bed7ac49400a48	d9570a712bb3f4549648925defb826db
42347	915dee63bb588c073de82d86c45ab6ee	3281f5fb96848943e9bed7ac49400a48	d9570a712bb3f4549648925defb826db
42348	915dee63bb588c073de82d86c45ab6ee	3281f5fb96848943e9bed7ac49400a48	d9570a712bb3f4549648925defb826db
42349	915dee63bb588c073de82d86c45ab6ee	3281f5fb96848943e9bed7ac49400a48	d9570a712bb3f4549648925defb826db
42350	d53b39661413e96178d62c0e566a3472	63843b67323e91f64c77a5e91bc9568e	7c2685aae0d1cd7f36e43ff41ccee2fc
42351	d53b39661413e96178d62c0e566a3472	63843b67323e91f64c77a5e91bc9568e	7c2685aae0d1cd7f36e43ff41ccee2fc
42352	d53b39661413e96178d62c0e566a3472	63843b67323e91f64c77a5e91bc9568e	7c2685aae0d1cd7f36e43ff41ccee2fc
42353	2724531f4416ba4191e274f4022eae38	8bf5f8af133755fe48a8fd10fb5eec22	725c4e4e7596bd6e9f7dd1ec19adbf8a
42354	2724531f4416ba4191e274f4022eae38	8bf5f8af133755fe48a8fd10fb5eec22	725c4e4e7596bd6e9f7dd1ec19adbf8a
42355	915dee63bb588c073de82d86c45ab6ee	3281f5fb96848943e9bed7ac49400a48	d9570a712bb3f4549648925defb826db
42356	915dee63bb588c073de82d86c45ab6ee	3281f5fb96848943e9bed7ac49400a48	d9570a712bb3f4549648925defb826db
42357	915dee63bb588c073de82d86c45ab6ee	3281f5fb96848943e9bed7ac49400a48	d9570a712bb3f4549648925defb826db
42358	915dee63bb588c073de82d86c45ab6ee	3281f5fb96848943e9bed7ac49400a48	d9570a712bb3f4549648925defb826db
42359	915dee63bb588c073de82d86c45ab6ee	3281f5fb96848943e9bed7ac49400a48	d9570a712bb3f4549648925defb826db
42360	915dee63bb588c073de82d86c45ab6ee	3281f5fb96848943e9bed7ac49400a48	d9570a712bb3f4549648925defb826db
42361	915dee63bb588c073de82d86c45ab6ee	3281f5fb96848943e9bed7ac49400a48	d9570a712bb3f4549648925defb826db
42362	915dee63bb588c073de82d86c45ab6ee	3281f5fb96848943e9bed7ac49400a48	d9570a712bb3f4549648925defb826db
42363	915dee63bb588c073de82d86c45ab6ee	3281f5fb96848943e9bed7ac49400a48	d9570a712bb3f4549648925defb826db
42364	915dee63bb588c073de82d86c45ab6ee	3281f5fb96848943e9bed7ac49400a48	d9570a712bb3f4549648925defb826db
42365	915dee63bb588c073de82d86c45ab6ee	3281f5fb96848943e9bed7ac49400a48	d9570a712bb3f4549648925defb826db
42366	915dee63bb588c073de82d86c45ab6ee	3281f5fb96848943e9bed7ac49400a48	d9570a712bb3f4549648925defb826db
42367	6469a9592f061fd0724f45b2d2b95a10	07093e90649d049e703c20fd13808391	9f6894efedacc3c16d8e3d6d7462c59f
42368	6469a9592f061fd0724f45b2d2b95a10	07093e90649d049e703c20fd13808391	9f6894efedacc3c16d8e3d6d7462c59f
42369	6469a9592f061fd0724f45b2d2b95a10	07093e90649d049e703c20fd13808391	9f6894efedacc3c16d8e3d6d7462c59f
42370	6469a9592f061fd0724f45b2d2b95a10	07093e90649d049e703c20fd13808391	9f6894efedacc3c16d8e3d6d7462c59f
42371	6469a9592f061fd0724f45b2d2b95a10	07093e90649d049e703c20fd13808391	9f6894efedacc3c16d8e3d6d7462c59f
42372	6469a9592f061fd0724f45b2d2b95a10	07093e90649d049e703c20fd13808391	9f6894efedacc3c16d8e3d6d7462c59f
42373	6469a9592f061fd0724f45b2d2b95a10	07093e90649d049e703c20fd13808391	9f6894efedacc3c16d8e3d6d7462c59f
42374	6469a9592f061fd0724f45b2d2b95a10	07093e90649d049e703c20fd13808391	9f6894efedacc3c16d8e3d6d7462c59f
42375	6469a9592f061fd0724f45b2d2b95a10	07093e90649d049e703c20fd13808391	9f6894efedacc3c16d8e3d6d7462c59f
42376	6469a9592f061fd0724f45b2d2b95a10	07093e90649d049e703c20fd13808391	9f6894efedacc3c16d8e3d6d7462c59f
42377	6469a9592f061fd0724f45b2d2b95a10	07093e90649d049e703c20fd13808391	9f6894efedacc3c16d8e3d6d7462c59f
42378	6469a9592f061fd0724f45b2d2b95a10	07093e90649d049e703c20fd13808391	9f6894efedacc3c16d8e3d6d7462c59f
42379	6469a9592f061fd0724f45b2d2b95a10	07093e90649d049e703c20fd13808391	9f6894efedacc3c16d8e3d6d7462c59f
42380	6469a9592f061fd0724f45b2d2b95a10	07093e90649d049e703c20fd13808391	9f6894efedacc3c16d8e3d6d7462c59f
42381	6469a9592f061fd0724f45b2d2b95a10	07093e90649d049e703c20fd13808391	9f6894efedacc3c16d8e3d6d7462c59f
42382	6469a9592f061fd0724f45b2d2b95a10	07093e90649d049e703c20fd13808391	9f6894efedacc3c16d8e3d6d7462c59f
42383	6469a9592f061fd0724f45b2d2b95a10	07093e90649d049e703c20fd13808391	9f6894efedacc3c16d8e3d6d7462c59f
42384	8de9d9ea1a68f818798f5e702c8d2b18	d9c5556d4212da7ee50b156c8c2bc0cd	72fb0fa5c64cdc16170805fc0c5a483f
42385	8de9d9ea1a68f818798f5e702c8d2b18	d9c5556d4212da7ee50b156c8c2bc0cd	72fb0fa5c64cdc16170805fc0c5a483f
42386	8de9d9ea1a68f818798f5e702c8d2b18	d9c5556d4212da7ee50b156c8c2bc0cd	72fb0fa5c64cdc16170805fc0c5a483f
42387	8de9d9ea1a68f818798f5e702c8d2b18	d9c5556d4212da7ee50b156c8c2bc0cd	72fb0fa5c64cdc16170805fc0c5a483f
42388	8de9d9ea1a68f818798f5e702c8d2b18	d9c5556d4212da7ee50b156c8c2bc0cd	72fb0fa5c64cdc16170805fc0c5a483f
42389	8de9d9ea1a68f818798f5e702c8d2b18	d9c5556d4212da7ee50b156c8c2bc0cd	72fb0fa5c64cdc16170805fc0c5a483f
42390	8de9d9ea1a68f818798f5e702c8d2b18	d9c5556d4212da7ee50b156c8c2bc0cd	72fb0fa5c64cdc16170805fc0c5a483f
42391	f66dec926193447de3e704d63a9873ef	ee700615bdc489c4702e3e40b0910c9e	52928420aedbc852f1da26d5df3ea6a8
42392	f66dec926193447de3e704d63a9873ef	ee700615bdc489c4702e3e40b0910c9e	52928420aedbc852f1da26d5df3ea6a8
42393	f66dec926193447de3e704d63a9873ef	ee700615bdc489c4702e3e40b0910c9e	52928420aedbc852f1da26d5df3ea6a8
42394	bd284740e2409a9e1f22b456b81d335b	65a0c2c1003d102e5b79d338c9e36791	5340736490585804511365127ffcb93a
42395	bd284740e2409a9e1f22b456b81d335b	65a0c2c1003d102e5b79d338c9e36791	5340736490585804511365127ffcb93a
42396	8d181841902275e1a7f658700370293e	8ee0cc3366421a5a72ff09b803a0f0ee	0411ff6abe5a30954b81bdb68eaefb74
42397	8d181841902275e1a7f658700370293e	8ee0cc3366421a5a72ff09b803a0f0ee	0411ff6abe5a30954b81bdb68eaefb74
42398	8d181841902275e1a7f658700370293e	8ee0cc3366421a5a72ff09b803a0f0ee	0411ff6abe5a30954b81bdb68eaefb74
42399	a96e948b475d3f5ccf96c1ef0dfe8323	c2d4dc8df646c97ad4e44899cd180478	75fe592e8dd57bffbf45dad5c344b9a6
42400	c5829d0721ae04df21fc50144a1e9b4f	c69c438cd85e3d2340731867ff78690a	04f9049d1ae2bab0c9aaee712f15edac
42401	9fef70a487ceac6c67c11c73acb7074c	bb4eedbf896615b646873a4a44f8f421	14fb79b226f647dd8e0d8378cd5a1f4f
42402	e2119e1faa50423907612aade4e57eba	fa14a422704c53981bd519150233c2e1	51341e21d10e114dfaa2f53b29f11803
42403	3d6dd05595007a6ccef62961e5e48766	aec2ed7a5e88cdaf25512a82e74c86ea	026d4ee00eba4986b4312799c196a0c2
42404	5209b98aae3e7829e6509f69073d793a	a8e6133ad510ca4eace3e70471e8c8d9	204ed4aa7d5ee5af78fd582f1bbc56d6
42405	5209b98aae3e7829e6509f69073d793a	a8e6133ad510ca4eace3e70471e8c8d9	204ed4aa7d5ee5af78fd582f1bbc56d6
42406	23550b8a07a2b14acbb68681833576c5	378bc5fc79140fd900a087c7446849b9	5478380dd6aba70ef1155ff5004ce341
42407	23550b8a07a2b14acbb68681833576c5	378bc5fc79140fd900a087c7446849b9	5478380dd6aba70ef1155ff5004ce341
42408	6a295d1f747d66783fa3f4251fd1f752	fdf236930961c32706c3b8e554b4cc42	7089c178f03b222f931d563839a27b32
42409	6a295d1f747d66783fa3f4251fd1f752	fdf236930961c32706c3b8e554b4cc42	7089c178f03b222f931d563839a27b32
42410	6a295d1f747d66783fa3f4251fd1f752	fdf236930961c32706c3b8e554b4cc42	7089c178f03b222f931d563839a27b32
42411	6a295d1f747d66783fa3f4251fd1f752	fdf236930961c32706c3b8e554b4cc42	7089c178f03b222f931d563839a27b32
42412	6a295d1f747d66783fa3f4251fd1f752	fdf236930961c32706c3b8e554b4cc42	7089c178f03b222f931d563839a27b32
42413	bf6d8a64918017c7f2210eb6bdfa2349	dfc1866cf17587e0232f17dddc348de3	b60456b65d76e3b0826882eeb4c3d977
42414	bf6d8a64918017c7f2210eb6bdfa2349	dfc1866cf17587e0232f17dddc348de3	b60456b65d76e3b0826882eeb4c3d977
42415	bf6d8a64918017c7f2210eb6bdfa2349	dfc1866cf17587e0232f17dddc348de3	b60456b65d76e3b0826882eeb4c3d977
42416	a64a735bba82b9b867364429d4a13ad3	0080b12392fc40ab5cac1f730f34b57f	56b61568c5f5669fc1e0a21df6fd0b25
42417	e702edca06c457780013a673df7ee138	9fb17064b801766e60478ec8ca7d1468	970ffe41c278fd3000b122d457fc7e16
42418	e8f42b071fcab25b6866ec0d238e9dd9	ad40b49481ee36b55981e42be0e53a6d	240f0783f9813e885edd161b0b145469
42419	e8f42b071fcab25b6866ec0d238e9dd9	ad40b49481ee36b55981e42be0e53a6d	240f0783f9813e885edd161b0b145469
42420	49c9bbc849bcf9193f4f1c0e8153e847	07e3473e2edab76f591a2de47e1fcc13	f7bb73f5a3efb57875ceaa0c1ae1695f
42421	49c9bbc849bcf9193f4f1c0e8153e847	07e3473e2edab76f591a2de47e1fcc13	f7bb73f5a3efb57875ceaa0c1ae1695f
42422	49c9bbc849bcf9193f4f1c0e8153e847	07e3473e2edab76f591a2de47e1fcc13	f7bb73f5a3efb57875ceaa0c1ae1695f
42423	7d51ae33b8e4670add3b4a6acc955005	365f57f6e58e0a37f098ba1ae6b64fb7	46470399e34d2a0ad9735d2865521a4f
42424	7d51ae33b8e4670add3b4a6acc955005	365f57f6e58e0a37f098ba1ae6b64fb7	46470399e34d2a0ad9735d2865521a4f
42425	2eb59dfc3d5ba2bf972bbf3929573865	e55f573901f91f12452f11562abd8424	c7a16edf5c5ccddfd42be6512e5d30b1
42426	2eb59dfc3d5ba2bf972bbf3929573865	e55f573901f91f12452f11562abd8424	c7a16edf5c5ccddfd42be6512e5d30b1
42427	2eb59dfc3d5ba2bf972bbf3929573865	e55f573901f91f12452f11562abd8424	c7a16edf5c5ccddfd42be6512e5d30b1
42428	b67b7926c95136da6a8a3f9109052a22	04002325b436dd8ed623314f5d7a5d15	6d774f4e204dc85f3ad2bcaec616de7d
42429	b67b7926c95136da6a8a3f9109052a22	04002325b436dd8ed623314f5d7a5d15	6d774f4e204dc85f3ad2bcaec616de7d
42430	b67b7926c95136da6a8a3f9109052a22	04002325b436dd8ed623314f5d7a5d15	6d774f4e204dc85f3ad2bcaec616de7d
42431	b67b7926c95136da6a8a3f9109052a22	04002325b436dd8ed623314f5d7a5d15	6d774f4e204dc85f3ad2bcaec616de7d
42432	65edeffaff6efe52fe3f32ca059e06f3	6993486756f9e21ccccaf370bd2ade7c	34525198422eb4634b9aa198545e5d91
42433	65edeffaff6efe52fe3f32ca059e06f3	6993486756f9e21ccccaf370bd2ade7c	34525198422eb4634b9aa198545e5d91
42434	65edeffaff6efe52fe3f32ca059e06f3	6993486756f9e21ccccaf370bd2ade7c	34525198422eb4634b9aa198545e5d91
42435	c7d04c8d0414fa361c112fc8379236d8	de863d778ed7605b577becca1d10f0db	1193eef6c342533f9a4a31695fe52178
42436	65edeffaff6efe52fe3f32ca059e06f3	6993486756f9e21ccccaf370bd2ade7c	34525198422eb4634b9aa198545e5d91
42437	5ac95723480221753f655dcb53fc9610	a5d480180a2cf286c6a91a78eaa5858e	131ce2751d0dc2c84cb8f8cdde1dd3fc
42438	5ac95723480221753f655dcb53fc9610	a5d480180a2cf286c6a91a78eaa5858e	131ce2751d0dc2c84cb8f8cdde1dd3fc
42439	5ac95723480221753f655dcb53fc9610	a5d480180a2cf286c6a91a78eaa5858e	131ce2751d0dc2c84cb8f8cdde1dd3fc
42440	5ac95723480221753f655dcb53fc9610	a5d480180a2cf286c6a91a78eaa5858e	131ce2751d0dc2c84cb8f8cdde1dd3fc
42441	5ac95723480221753f655dcb53fc9610	a5d480180a2cf286c6a91a78eaa5858e	131ce2751d0dc2c84cb8f8cdde1dd3fc
42442	5ac95723480221753f655dcb53fc9610	a5d480180a2cf286c6a91a78eaa5858e	131ce2751d0dc2c84cb8f8cdde1dd3fc
42443	5ac95723480221753f655dcb53fc9610	a5d480180a2cf286c6a91a78eaa5858e	131ce2751d0dc2c84cb8f8cdde1dd3fc
42444	0667ba835b7c50ff5a78f29dcb495867	b287fe75cd39ff59c159a93b5a1a7e50	01c330e6e79bc8da14796dc64c64884d
42445	0667ba835b7c50ff5a78f29dcb495867	b287fe75cd39ff59c159a93b5a1a7e50	01c330e6e79bc8da14796dc64c64884d
42446	0667ba835b7c50ff5a78f29dcb495867	b287fe75cd39ff59c159a93b5a1a7e50	01c330e6e79bc8da14796dc64c64884d
42447	0667ba835b7c50ff5a78f29dcb495867	b287fe75cd39ff59c159a93b5a1a7e50	01c330e6e79bc8da14796dc64c64884d
42448	0667ba835b7c50ff5a78f29dcb495867	b287fe75cd39ff59c159a93b5a1a7e50	01c330e6e79bc8da14796dc64c64884d
42449	853a0853789fb29bc7fcd806394d26e5	7d78126972526fdec4db8472cb834fe0	7e6fc85c1365f924ba7625f0d0ad0d66
42450	853a0853789fb29bc7fcd806394d26e5	7d78126972526fdec4db8472cb834fe0	7e6fc85c1365f924ba7625f0d0ad0d66
42451	853a0853789fb29bc7fcd806394d26e5	7d78126972526fdec4db8472cb834fe0	7e6fc85c1365f924ba7625f0d0ad0d66
42452	853a0853789fb29bc7fcd806394d26e5	7d78126972526fdec4db8472cb834fe0	7e6fc85c1365f924ba7625f0d0ad0d66
42453	853a0853789fb29bc7fcd806394d26e5	7d78126972526fdec4db8472cb834fe0	7e6fc85c1365f924ba7625f0d0ad0d66
42454	92bf2e983c74bab12a2a3f4433bae57a	389af824d6e864661f9d276155c1b31e	8c4d42a85b804db3e3f01d5f28431e9a
42455	92bf2e983c74bab12a2a3f4433bae57a	389af824d6e864661f9d276155c1b31e	8c4d42a85b804db3e3f01d5f28431e9a
42456	92bf2e983c74bab12a2a3f4433bae57a	389af824d6e864661f9d276155c1b31e	8c4d42a85b804db3e3f01d5f28431e9a
42457	92bf2e983c74bab12a2a3f4433bae57a	389af824d6e864661f9d276155c1b31e	8c4d42a85b804db3e3f01d5f28431e9a
42458	92bf2e983c74bab12a2a3f4433bae57a	389af824d6e864661f9d276155c1b31e	8c4d42a85b804db3e3f01d5f28431e9a
42459	92bf2e983c74bab12a2a3f4433bae57a	6e79b4b5af3aeaa029b0e87bf429bf25	452392feb332d5a24f5c738b14a6c78f
42460	92bf2e983c74bab12a2a3f4433bae57a	9bfc1da6bc8528362715f75115e3c9d8	0420befce9df6cacf2ddcb7b91986d4a
42461	92bf2e983c74bab12a2a3f4433bae57a	d5be081f8063d032b5eacfbc921ed78d	711b132bf49450079ad43cf2990bae00
42462	92bf2e983c74bab12a2a3f4433bae57a	d5be081f8063d032b5eacfbc921ed78d	711b132bf49450079ad43cf2990bae00
42463	92bf2e983c74bab12a2a3f4433bae57a	d5be081f8063d032b5eacfbc921ed78d	711b132bf49450079ad43cf2990bae00
42464	92bf2e983c74bab12a2a3f4433bae57a	389af824d6e864661f9d276155c1b31e	8c4d42a85b804db3e3f01d5f28431e9a
42465	92bf2e983c74bab12a2a3f4433bae57a	389af824d6e864661f9d276155c1b31e	8c4d42a85b804db3e3f01d5f28431e9a
42466	c5bf049be654647d1635973a4ba77e14	2455e08b9b32976b2f11888147a7a7ac	0b1da0b64eba80fcca58c35ffd82b9f8
42467	c5bf049be654647d1635973a4ba77e14	2455e08b9b32976b2f11888147a7a7ac	0b1da0b64eba80fcca58c35ffd82b9f8
42468	c5bf049be654647d1635973a4ba77e14	2455e08b9b32976b2f11888147a7a7ac	0b1da0b64eba80fcca58c35ffd82b9f8
42469	a20684f5990958604fe5b524b2da5b33	90a03af89571cf40cf304e3126a334c5	f15f0a4c31e00bf9ffe85092566ae45a
42470	a20684f5990958604fe5b524b2da5b33	90a03af89571cf40cf304e3126a334c5	f15f0a4c31e00bf9ffe85092566ae45a
42471	abbb57755071bc8d37eda6e96afd4a55	e6fcdbb1fda04667610c83da507dcba3	9049d5c8bc84021ad150c3a3fb6e1c5c
42472	abbb57755071bc8d37eda6e96afd4a55	e6fcdbb1fda04667610c83da507dcba3	9049d5c8bc84021ad150c3a3fb6e1c5c
42473	d51abcc451a6477bae44cf3a298de816	3cdfd072f010c0aa8a69389784099db7	9dd6c83ae9f03848b1cf439ad438a14c
42474	d51abcc451a6477bae44cf3a298de816	3cdfd072f010c0aa8a69389784099db7	9dd6c83ae9f03848b1cf439ad438a14c
42475	d51abcc451a6477bae44cf3a298de816	3cdfd072f010c0aa8a69389784099db7	9dd6c83ae9f03848b1cf439ad438a14c
42476	d51abcc451a6477bae44cf3a298de816	3cdfd072f010c0aa8a69389784099db7	9dd6c83ae9f03848b1cf439ad438a14c
42477	d51abcc451a6477bae44cf3a298de816	3cdfd072f010c0aa8a69389784099db7	9dd6c83ae9f03848b1cf439ad438a14c
42478	d51abcc451a6477bae44cf3a298de816	3cdfd072f010c0aa8a69389784099db7	9dd6c83ae9f03848b1cf439ad438a14c
42479	d51abcc451a6477bae44cf3a298de816	3cdfd072f010c0aa8a69389784099db7	9dd6c83ae9f03848b1cf439ad438a14c
42480	d51abcc451a6477bae44cf3a298de816	3cdfd072f010c0aa8a69389784099db7	9dd6c83ae9f03848b1cf439ad438a14c
42481	d51abcc451a6477bae44cf3a298de816	3cdfd072f010c0aa8a69389784099db7	9dd6c83ae9f03848b1cf439ad438a14c
42482	d51abcc451a6477bae44cf3a298de816	3cdfd072f010c0aa8a69389784099db7	9dd6c83ae9f03848b1cf439ad438a14c
42483	3406232136d9b769fd9a0d8d1be17e29	0e6822469239fb521ef6b5d7112c291c	cde99e56f291fda137335a8b669b9379
42484	3406232136d9b769fd9a0d8d1be17e29	0e6822469239fb521ef6b5d7112c291c	cde99e56f291fda137335a8b669b9379
42485	3406232136d9b769fd9a0d8d1be17e29	0e6822469239fb521ef6b5d7112c291c	cde99e56f291fda137335a8b669b9379
42486	3406232136d9b769fd9a0d8d1be17e29	0e6822469239fb521ef6b5d7112c291c	cde99e56f291fda137335a8b669b9379
42487	3406232136d9b769fd9a0d8d1be17e29	0e6822469239fb521ef6b5d7112c291c	cde99e56f291fda137335a8b669b9379
42488	3406232136d9b769fd9a0d8d1be17e29	0e6822469239fb521ef6b5d7112c291c	cde99e56f291fda137335a8b669b9379
42489	3406232136d9b769fd9a0d8d1be17e29	0e6822469239fb521ef6b5d7112c291c	cde99e56f291fda137335a8b669b9379
42490	06a6fbe8ab2fe0c40c238944bd85f56c	0b16ffaab321bc5aacc4aaab56427b0f	0469eb79e92aabd98e19e013df44ce2a
42491	06a6fbe8ab2fe0c40c238944bd85f56c	0b16ffaab321bc5aacc4aaab56427b0f	0469eb79e92aabd98e19e013df44ce2a
42492	06a6fbe8ab2fe0c40c238944bd85f56c	0b16ffaab321bc5aacc4aaab56427b0f	0469eb79e92aabd98e19e013df44ce2a
42493	06a6fbe8ab2fe0c40c238944bd85f56c	0b16ffaab321bc5aacc4aaab56427b0f	0469eb79e92aabd98e19e013df44ce2a
42494	06a6fbe8ab2fe0c40c238944bd85f56c	0b16ffaab321bc5aacc4aaab56427b0f	0469eb79e92aabd98e19e013df44ce2a
42495	67a1913038dc615eafea2182937257ab	b0bfb0240073dbf2a1c877de47eb5ade	92651287b1c89955d6a9a93f3e3a9d30
42496	67a1913038dc615eafea2182937257ab	b0bfb0240073dbf2a1c877de47eb5ade	92651287b1c89955d6a9a93f3e3a9d30
42497	67a1913038dc615eafea2182937257ab	b0bfb0240073dbf2a1c877de47eb5ade	92651287b1c89955d6a9a93f3e3a9d30
42498	67a1913038dc615eafea2182937257ab	b0bfb0240073dbf2a1c877de47eb5ade	92651287b1c89955d6a9a93f3e3a9d30
42499	67a1913038dc615eafea2182937257ab	b0bfb0240073dbf2a1c877de47eb5ade	92651287b1c89955d6a9a93f3e3a9d30
42500	67a1913038dc615eafea2182937257ab	b0bfb0240073dbf2a1c877de47eb5ade	92651287b1c89955d6a9a93f3e3a9d30
42501	67a1913038dc615eafea2182937257ab	b0bfb0240073dbf2a1c877de47eb5ade	92651287b1c89955d6a9a93f3e3a9d30
42502	67a1913038dc615eafea2182937257ab	b0bfb0240073dbf2a1c877de47eb5ade	92651287b1c89955d6a9a93f3e3a9d30
42503	67a1913038dc615eafea2182937257ab	b0bfb0240073dbf2a1c877de47eb5ade	92651287b1c89955d6a9a93f3e3a9d30
42504	67a1913038dc615eafea2182937257ab	b0bfb0240073dbf2a1c877de47eb5ade	92651287b1c89955d6a9a93f3e3a9d30
42505	67a1913038dc615eafea2182937257ab	b0bfb0240073dbf2a1c877de47eb5ade	92651287b1c89955d6a9a93f3e3a9d30
42506	67a1913038dc615eafea2182937257ab	b0bfb0240073dbf2a1c877de47eb5ade	92651287b1c89955d6a9a93f3e3a9d30
42507	67a1913038dc615eafea2182937257ab	b0bfb0240073dbf2a1c877de47eb5ade	92651287b1c89955d6a9a93f3e3a9d30
42508	67a1913038dc615eafea2182937257ab	b0bfb0240073dbf2a1c877de47eb5ade	92651287b1c89955d6a9a93f3e3a9d30
42509	67a1913038dc615eafea2182937257ab	b0bfb0240073dbf2a1c877de47eb5ade	92651287b1c89955d6a9a93f3e3a9d30
42510	67a1913038dc615eafea2182937257ab	b0bfb0240073dbf2a1c877de47eb5ade	92651287b1c89955d6a9a93f3e3a9d30
42511	67a1913038dc615eafea2182937257ab	b0bfb0240073dbf2a1c877de47eb5ade	92651287b1c89955d6a9a93f3e3a9d30
42512	4fb94358607981f28cae1875b81879a1	253dc5de985fd8c0dad880c8c80a853a	2ab99a362d49180140d73387780cdcae
42513	4fb94358607981f28cae1875b81879a1	253dc5de985fd8c0dad880c8c80a853a	2ab99a362d49180140d73387780cdcae
42514	4fb94358607981f28cae1875b81879a1	253dc5de985fd8c0dad880c8c80a853a	2ab99a362d49180140d73387780cdcae
42515	2280c40aef6d4ec563d9982b791dc088	21b058c35c53c4a2d9e6cd56136cf3a2	287903f4de4bc46ea141c2fcbbb1e439
42516	2280c40aef6d4ec563d9982b791dc088	21b058c35c53c4a2d9e6cd56136cf3a2	287903f4de4bc46ea141c2fcbbb1e439
42517	2280c40aef6d4ec563d9982b791dc088	21b058c35c53c4a2d9e6cd56136cf3a2	287903f4de4bc46ea141c2fcbbb1e439
42518	2280c40aef6d4ec563d9982b791dc088	21b058c35c53c4a2d9e6cd56136cf3a2	287903f4de4bc46ea141c2fcbbb1e439
42519	b36ce3e9d72921a688ee2180b3c5b440	0c138278ce70bfe7977cfed18b2e60e7	524fccc93ca26e4a0e54587ff933c720
42520	21126223d26f98dd4b38354249c3f079	3c7821a8e1844f293282bdd9c3b852ce	a9bac2758beea66d04a5f40c44353138
42521	cb2752f6e1a32d38c54b04e2b51dde46	d65133bb54893a510685c41199018d60	2e6e6747b5cdd18abe57648e320569b0
42522	21126223d26f98dd4b38354249c3f079	3c7821a8e1844f293282bdd9c3b852ce	a9bac2758beea66d04a5f40c44353138
42523	21126223d26f98dd4b38354249c3f079	3c7821a8e1844f293282bdd9c3b852ce	a9bac2758beea66d04a5f40c44353138
42524	c266dde3ce27d69f699118e3d916e4e8	e26496e560de43a79276f2f500120ca7	83968b818c81ae7f18561bec10c7343b
42525	c266dde3ce27d69f699118e3d916e4e8	e26496e560de43a79276f2f500120ca7	83968b818c81ae7f18561bec10c7343b
42526	c266dde3ce27d69f699118e3d916e4e8	e26496e560de43a79276f2f500120ca7	83968b818c81ae7f18561bec10c7343b
42527	c266dde3ce27d69f699118e3d916e4e8	e26496e560de43a79276f2f500120ca7	83968b818c81ae7f18561bec10c7343b
42528	c266dde3ce27d69f699118e3d916e4e8	e26496e560de43a79276f2f500120ca7	83968b818c81ae7f18561bec10c7343b
42529	46c478a6109b70532a0d898bf6bbcc1e	0c9f59711c978b3772835e32e73bf8b8	a1360a2d9da6e4d33971453b7ea9c1dc
42530	9c4a5234d854253d22437a507a27767b	761df61839cebd11b53d376a77a31f10	1efc3ff6153b774d57fe9843b6702ab4
42531	37bb5a7f0d63747e6f105083ae3aa6c0	66bad0c555144d803b6eab139968d820	fc8f6e2b8a58337a80e843811b13526c
42532	37bb5a7f0d63747e6f105083ae3aa6c0	66bad0c555144d803b6eab139968d820	fc8f6e2b8a58337a80e843811b13526c
42533	37bb5a7f0d63747e6f105083ae3aa6c0	66bad0c555144d803b6eab139968d820	fc8f6e2b8a58337a80e843811b13526c
42534	0a34348c6cd8dee1685206a36472bd0e	b17b46ffc6531dd42dee5ca7d2d8b559	b1ecee8a4df37dad9dc6a8cf6a9a6934
42535	0a34348c6cd8dee1685206a36472bd0e	b17b46ffc6531dd42dee5ca7d2d8b559	b1ecee8a4df37dad9dc6a8cf6a9a6934
42536	4e659f988567bb56fa624dce77fdb996	c55bae9026ccdc5f3575d9c8edddd664	c63f21ea89b932272833fb41fe40f30a
42537	4e659f988567bb56fa624dce77fdb996	c55bae9026ccdc5f3575d9c8edddd664	c63f21ea89b932272833fb41fe40f30a
42538	4e659f988567bb56fa624dce77fdb996	c55bae9026ccdc5f3575d9c8edddd664	c63f21ea89b932272833fb41fe40f30a
42539	4e659f988567bb56fa624dce77fdb996	c55bae9026ccdc5f3575d9c8edddd664	c63f21ea89b932272833fb41fe40f30a
42540	4e659f988567bb56fa624dce77fdb996	c55bae9026ccdc5f3575d9c8edddd664	c63f21ea89b932272833fb41fe40f30a
42541	4e659f988567bb56fa624dce77fdb996	c55bae9026ccdc5f3575d9c8edddd664	c63f21ea89b932272833fb41fe40f30a
42542	4e659f988567bb56fa624dce77fdb996	c55bae9026ccdc5f3575d9c8edddd664	c63f21ea89b932272833fb41fe40f30a
42543	3e7fb1823946935cc033a83a4903098c	38dc5b74bedc55f21784ca7ff49b73d6	f75c9f60c817969b276bc64bd5d8c3dd
42544	3e7fb1823946935cc033a83a4903098c	38dc5b74bedc55f21784ca7ff49b73d6	f75c9f60c817969b276bc64bd5d8c3dd
42545	3e7fb1823946935cc033a83a4903098c	38dc5b74bedc55f21784ca7ff49b73d6	f75c9f60c817969b276bc64bd5d8c3dd
42546	3e7fb1823946935cc033a83a4903098c	38dc5b74bedc55f21784ca7ff49b73d6	f75c9f60c817969b276bc64bd5d8c3dd
42547	3e7fb1823946935cc033a83a4903098c	38dc5b74bedc55f21784ca7ff49b73d6	f75c9f60c817969b276bc64bd5d8c3dd
42548	3e7fb1823946935cc033a83a4903098c	38dc5b74bedc55f21784ca7ff49b73d6	f75c9f60c817969b276bc64bd5d8c3dd
42549	3e7fb1823946935cc033a83a4903098c	38dc5b74bedc55f21784ca7ff49b73d6	f75c9f60c817969b276bc64bd5d8c3dd
42550	3e7fb1823946935cc033a83a4903098c	38dc5b74bedc55f21784ca7ff49b73d6	f75c9f60c817969b276bc64bd5d8c3dd
42551	3e7fb1823946935cc033a83a4903098c	38dc5b74bedc55f21784ca7ff49b73d6	f75c9f60c817969b276bc64bd5d8c3dd
42552	3e7fb1823946935cc033a83a4903098c	38dc5b74bedc55f21784ca7ff49b73d6	f75c9f60c817969b276bc64bd5d8c3dd
42553	eae7c2465906875ba3f22a59385099da	7777472527a1ddfd992c1c213707f2f3	451ff16c15079024046f03cd794b8f9b
42554	eae7c2465906875ba3f22a59385099da	7777472527a1ddfd992c1c213707f2f3	451ff16c15079024046f03cd794b8f9b
42555	eae7c2465906875ba3f22a59385099da	7777472527a1ddfd992c1c213707f2f3	451ff16c15079024046f03cd794b8f9b
42556	eae7c2465906875ba3f22a59385099da	7777472527a1ddfd992c1c213707f2f3	451ff16c15079024046f03cd794b8f9b
42557	eae7c2465906875ba3f22a59385099da	7777472527a1ddfd992c1c213707f2f3	451ff16c15079024046f03cd794b8f9b
42558	eae7c2465906875ba3f22a59385099da	7777472527a1ddfd992c1c213707f2f3	451ff16c15079024046f03cd794b8f9b
42559	eae7c2465906875ba3f22a59385099da	7777472527a1ddfd992c1c213707f2f3	451ff16c15079024046f03cd794b8f9b
42560	80b1e42e58a70680515e0f850cde5c40	7b0566164a64382b2be961917162ba5a	48e569e7c26995878df0343b6ae07efb
42561	80b1e42e58a70680515e0f850cde5c40	7b0566164a64382b2be961917162ba5a	48e569e7c26995878df0343b6ae07efb
42562	80b1e42e58a70680515e0f850cde5c40	7b0566164a64382b2be961917162ba5a	48e569e7c26995878df0343b6ae07efb
42563	80b1e42e58a70680515e0f850cde5c40	7b0566164a64382b2be961917162ba5a	48e569e7c26995878df0343b6ae07efb
42564	80b1e42e58a70680515e0f850cde5c40	7b0566164a64382b2be961917162ba5a	48e569e7c26995878df0343b6ae07efb
42565	0a75b90c3f5ae5be712cca62cfefe46f	3b77e7c0e058e6e3ccdb5c2fae3c19b9	f6dc080236afd86b5c07fd85fde55642
42566	0a75b90c3f5ae5be712cca62cfefe46f	3b77e7c0e058e6e3ccdb5c2fae3c19b9	f6dc080236afd86b5c07fd85fde55642
42567	0a75b90c3f5ae5be712cca62cfefe46f	3b77e7c0e058e6e3ccdb5c2fae3c19b9	f6dc080236afd86b5c07fd85fde55642
42568	0a75b90c3f5ae5be712cca62cfefe46f	a4fb0085863ab496c1d7e2018a8cccea	9b39638ed473bb77b03e1dbb54cf2f96
42569	0a75b90c3f5ae5be712cca62cfefe46f	a4fb0085863ab496c1d7e2018a8cccea	9b39638ed473bb77b03e1dbb54cf2f96
42570	0a75b90c3f5ae5be712cca62cfefe46f	a4fb0085863ab496c1d7e2018a8cccea	9b39638ed473bb77b03e1dbb54cf2f96
42571	0a75b90c3f5ae5be712cca62cfefe46f	a4fb0085863ab496c1d7e2018a8cccea	9b39638ed473bb77b03e1dbb54cf2f96
42572	f9c670b64e6076a530c98494b3e292e0	e20d84c4641d001649c24683424e1425	fd61c666c5aac2f692d3a6e17c9cdc2a
42573	f9c670b64e6076a530c98494b3e292e0	e20d84c4641d001649c24683424e1425	fd61c666c5aac2f692d3a6e17c9cdc2a
42574	f9c670b64e6076a530c98494b3e292e0	e20d84c4641d001649c24683424e1425	fd61c666c5aac2f692d3a6e17c9cdc2a
42575	300dad5c43ed5f48fca5564ac4a65a9d	f6f1387dd58eca0a2738fcc0435dab53	f3567f3f730b69bdc8dbcd0c41dd461c
42576	300dad5c43ed5f48fca5564ac4a65a9d	f6f1387dd58eca0a2738fcc0435dab53	f3567f3f730b69bdc8dbcd0c41dd461c
42577	bd8c066be1a0c26495a546e55274077a	ad55feed95a3eadebf056f9c04bd2be7	ea2259cb231960ad00fffa1d28c971e8
42578	bd8c066be1a0c26495a546e55274077a	ad55feed95a3eadebf056f9c04bd2be7	ea2259cb231960ad00fffa1d28c971e8
42579	35c0418ffe98ecdd0ce9efaada60e346	3fa94f93feedcb069ac752e37a610527	52fe094350542b9bf160f4e1e7d79284
42580	dd0047bd5379ba1a0e87b13a14330573	c9a0fb69e3b5fa0a602dd63e2535b5ec	f88da2802d891d1bd2ee2cb1b577f3da
42581	bdcdd04ad9c830e7510c133a09ad761b	503ba6cdcc2d7e15a473a893af01eca3	bbfde56c010cabcc23c97ef7fc57d0ee
42582	08989797fde09dd37dc4259db42c8f69	6466d512c12c9ead394c77c1f53a2a72	54696eabc5ca274c7a7a768f1f39115a
42583	08989797fde09dd37dc4259db42c8f69	6466d512c12c9ead394c77c1f53a2a72	54696eabc5ca274c7a7a768f1f39115a
42584	08989797fde09dd37dc4259db42c8f69	6466d512c12c9ead394c77c1f53a2a72	54696eabc5ca274c7a7a768f1f39115a
42585	08989797fde09dd37dc4259db42c8f69	6466d512c12c9ead394c77c1f53a2a72	54696eabc5ca274c7a7a768f1f39115a
42586	08989797fde09dd37dc4259db42c8f69	6466d512c12c9ead394c77c1f53a2a72	54696eabc5ca274c7a7a768f1f39115a
42587	08989797fde09dd37dc4259db42c8f69	6466d512c12c9ead394c77c1f53a2a72	54696eabc5ca274c7a7a768f1f39115a
42588	08989797fde09dd37dc4259db42c8f69	6466d512c12c9ead394c77c1f53a2a72	54696eabc5ca274c7a7a768f1f39115a
42589	08989797fde09dd37dc4259db42c8f69	6466d512c12c9ead394c77c1f53a2a72	54696eabc5ca274c7a7a768f1f39115a
42590	08989797fde09dd37dc4259db42c8f69	6466d512c12c9ead394c77c1f53a2a72	54696eabc5ca274c7a7a768f1f39115a
42591	08989797fde09dd37dc4259db42c8f69	6466d512c12c9ead394c77c1f53a2a72	54696eabc5ca274c7a7a768f1f39115a
42592	08989797fde09dd37dc4259db42c8f69	6466d512c12c9ead394c77c1f53a2a72	54696eabc5ca274c7a7a768f1f39115a
42593	08989797fde09dd37dc4259db42c8f69	6466d512c12c9ead394c77c1f53a2a72	54696eabc5ca274c7a7a768f1f39115a
42594	d6acb9b8ed6c9fb2dbf2cde5ce71d62e	d4720b05940183610901d690bf64e786	ede0fc00e5331a4a65427baba572b48d
42595	d6acb9b8ed6c9fb2dbf2cde5ce71d62e	d4720b05940183610901d690bf64e786	ede0fc00e5331a4a65427baba572b48d
42596	d6acb9b8ed6c9fb2dbf2cde5ce71d62e	d4720b05940183610901d690bf64e786	ede0fc00e5331a4a65427baba572b48d
42597	86d6400e992345d35a8115b55f72e418	8e0663d6570f807cbae426095af27ee0	e3dd06bf01f70dab8263ce04b39c1d3f
42598	86d6400e992345d35a8115b55f72e418	8e0663d6570f807cbae426095af27ee0	e3dd06bf01f70dab8263ce04b39c1d3f
42599	86d6400e992345d35a8115b55f72e418	8e0663d6570f807cbae426095af27ee0	e3dd06bf01f70dab8263ce04b39c1d3f
42600	86d6400e992345d35a8115b55f72e418	8e0663d6570f807cbae426095af27ee0	e3dd06bf01f70dab8263ce04b39c1d3f
42601	409484610320e0659a56b704e235a204	df983a2376d88d2452577d99d75a6d16	2dbc02a9f4dcc826176ed2f16734ef0f
42602	409484610320e0659a56b704e235a204	df983a2376d88d2452577d99d75a6d16	2dbc02a9f4dcc826176ed2f16734ef0f
42603	409484610320e0659a56b704e235a204	df983a2376d88d2452577d99d75a6d16	2dbc02a9f4dcc826176ed2f16734ef0f
42604	4be80fba6025631dc9bd98d670134503	f7f7e0fa712958d981c388c84713cbb5	36c33506e5dcc015a68183155418004e
42605	409484610320e0659a56b704e235a204	df983a2376d88d2452577d99d75a6d16	2dbc02a9f4dcc826176ed2f16734ef0f
42606	fbc3d22c0733069836ea0847691e92f2	88aeeee3c74350f31b898fff98550e52	81ff1d1f76eb0d0c6a74b3b1e9978c3b
42607	fbc3d22c0733069836ea0847691e92f2	88aeeee3c74350f31b898fff98550e52	81ff1d1f76eb0d0c6a74b3b1e9978c3b
42608	fbc3d22c0733069836ea0847691e92f2	88aeeee3c74350f31b898fff98550e52	81ff1d1f76eb0d0c6a74b3b1e9978c3b
42609	fbc3d22c0733069836ea0847691e92f2	88aeeee3c74350f31b898fff98550e52	81ff1d1f76eb0d0c6a74b3b1e9978c3b
42610	fbc3d22c0733069836ea0847691e92f2	88aeeee3c74350f31b898fff98550e52	81ff1d1f76eb0d0c6a74b3b1e9978c3b
42611	fbc3d22c0733069836ea0847691e92f2	88aeeee3c74350f31b898fff98550e52	81ff1d1f76eb0d0c6a74b3b1e9978c3b
42612	fbc3d22c0733069836ea0847691e92f2	88aeeee3c74350f31b898fff98550e52	81ff1d1f76eb0d0c6a74b3b1e9978c3b
42613	a69b1ba21978100090387807920520d2	d9194b520409b14d5317a18fe849462b	c10a3173ecfc41c2e13eaa8d69c60523
42614	a69b1ba21978100090387807920520d2	d9194b520409b14d5317a18fe849462b	c10a3173ecfc41c2e13eaa8d69c60523
42615	a69b1ba21978100090387807920520d2	d9194b520409b14d5317a18fe849462b	c10a3173ecfc41c2e13eaa8d69c60523
42616	a69b1ba21978100090387807920520d2	d9194b520409b14d5317a18fe849462b	c10a3173ecfc41c2e13eaa8d69c60523
42617	a69b1ba21978100090387807920520d2	d9194b520409b14d5317a18fe849462b	c10a3173ecfc41c2e13eaa8d69c60523
42618	8e3595040e8f2b13bbc149e6150386e2	179f450aaf996aece0e6d7753ecaf5fc	df53ef462bcc7fcf65fd8c4fec0f14f0
42619	8e3595040e8f2b13bbc149e6150386e2	179f450aaf996aece0e6d7753ecaf5fc	df53ef462bcc7fcf65fd8c4fec0f14f0
42620	8e3595040e8f2b13bbc149e6150386e2	179f450aaf996aece0e6d7753ecaf5fc	df53ef462bcc7fcf65fd8c4fec0f14f0
42621	8e3595040e8f2b13bbc149e6150386e2	179f450aaf996aece0e6d7753ecaf5fc	df53ef462bcc7fcf65fd8c4fec0f14f0
42622	8e3595040e8f2b13bbc149e6150386e2	179f450aaf996aece0e6d7753ecaf5fc	df53ef462bcc7fcf65fd8c4fec0f14f0
42623	94478e889edd1732a4c0593d9c17bd65	ca89fe44a74e2291ebe7e2235873c9d0	dc6780c6a1f2a5e6e1bbd83cbbf509c0
42624	94478e889edd1732a4c0593d9c17bd65	ca89fe44a74e2291ebe7e2235873c9d0	dc6780c6a1f2a5e6e1bbd83cbbf509c0
42625	94478e889edd1732a4c0593d9c17bd65	ca89fe44a74e2291ebe7e2235873c9d0	dc6780c6a1f2a5e6e1bbd83cbbf509c0
42626	94478e889edd1732a4c0593d9c17bd65	ca89fe44a74e2291ebe7e2235873c9d0	dc6780c6a1f2a5e6e1bbd83cbbf509c0
42627	94478e889edd1732a4c0593d9c17bd65	ca89fe44a74e2291ebe7e2235873c9d0	dc6780c6a1f2a5e6e1bbd83cbbf509c0
42628	94478e889edd1732a4c0593d9c17bd65	ca89fe44a74e2291ebe7e2235873c9d0	dc6780c6a1f2a5e6e1bbd83cbbf509c0
42629	94478e889edd1732a4c0593d9c17bd65	ca89fe44a74e2291ebe7e2235873c9d0	dc6780c6a1f2a5e6e1bbd83cbbf509c0
42630	ab65d2b0e5a018f6c5b6bdc3882dbfc9	83ca6ef2229627fd38b08643bb406306	20f98ea2f55e6c9a822092840c3ea61e
42631	ab65d2b0e5a018f6c5b6bdc3882dbfc9	83ca6ef2229627fd38b08643bb406306	20f98ea2f55e6c9a822092840c3ea61e
42632	ab65d2b0e5a018f6c5b6bdc3882dbfc9	83ca6ef2229627fd38b08643bb406306	20f98ea2f55e6c9a822092840c3ea61e
42633	ab65d2b0e5a018f6c5b6bdc3882dbfc9	83ca6ef2229627fd38b08643bb406306	20f98ea2f55e6c9a822092840c3ea61e
42634	ab65d2b0e5a018f6c5b6bdc3882dbfc9	83ca6ef2229627fd38b08643bb406306	20f98ea2f55e6c9a822092840c3ea61e
42635	67d67973609ca7871e6c73a30e28bee7	d905e4ab5599308b266ab4f1f517b504	23ff25abbbe570d4d44382696dc99f04
42636	67d67973609ca7871e6c73a30e28bee7	d905e4ab5599308b266ab4f1f517b504	23ff25abbbe570d4d44382696dc99f04
42637	67d67973609ca7871e6c73a30e28bee7	d905e4ab5599308b266ab4f1f517b504	23ff25abbbe570d4d44382696dc99f04
42638	67d67973609ca7871e6c73a30e28bee7	d905e4ab5599308b266ab4f1f517b504	23ff25abbbe570d4d44382696dc99f04
42639	67d67973609ca7871e6c73a30e28bee7	d905e4ab5599308b266ab4f1f517b504	23ff25abbbe570d4d44382696dc99f04
42640	67d67973609ca7871e6c73a30e28bee7	d905e4ab5599308b266ab4f1f517b504	23ff25abbbe570d4d44382696dc99f04
42641	67d67973609ca7871e6c73a30e28bee7	d905e4ab5599308b266ab4f1f517b504	23ff25abbbe570d4d44382696dc99f04
42642	9ed3ab06e3e2e89a107980300826a86e	63003efbf87091597a0461d8e1e2feeb	ea0108c7affbf875814101d9c2dd75de
42643	9ed3ab06e3e2e89a107980300826a86e	63003efbf87091597a0461d8e1e2feeb	ea0108c7affbf875814101d9c2dd75de
42644	9ed3ab06e3e2e89a107980300826a86e	63003efbf87091597a0461d8e1e2feeb	ea0108c7affbf875814101d9c2dd75de
42645	a0336d0a92f42f549aeade8f02c451e1	5d6878af6e89661f816126dfe3c83615	b58aa83da61fc5a8f7f031640b65be8f
42646	a0336d0a92f42f549aeade8f02c451e1	5d6878af6e89661f816126dfe3c83615	b58aa83da61fc5a8f7f031640b65be8f
42647	9ed3ab06e3e2e89a107980300826a86e	63003efbf87091597a0461d8e1e2feeb	ea0108c7affbf875814101d9c2dd75de
42648	9ed3ab06e3e2e89a107980300826a86e	63003efbf87091597a0461d8e1e2feeb	ea0108c7affbf875814101d9c2dd75de
42649	9ed3ab06e3e2e89a107980300826a86e	63003efbf87091597a0461d8e1e2feeb	ea0108c7affbf875814101d9c2dd75de
42650	68a7ff70e8e1557f19acdfcc699da635	0a26261e475463f9d2902d4db0cd8058	ca73705033d8ce4efcdb6d5275b2cd02
42651	4cf3d941eafcd9786774429af934d659	af42b65a8e7cddf06027a90e66bdb901	47df3389d2f36c16c81efe714714c5e8
42652	7e5f5dde13899bad652f5a1aeaea4bf0	9c0aeb217d37588e8beacf4701a72559	15f2e755d6c0050a93a64ec94b3d9d2d
42653	7e5f5dde13899bad652f5a1aeaea4bf0	9c0aeb217d37588e8beacf4701a72559	15f2e755d6c0050a93a64ec94b3d9d2d
42654	7e5f5dde13899bad652f5a1aeaea4bf0	9c0aeb217d37588e8beacf4701a72559	15f2e755d6c0050a93a64ec94b3d9d2d
42655	7e5f5dde13899bad652f5a1aeaea4bf0	9c0aeb217d37588e8beacf4701a72559	15f2e755d6c0050a93a64ec94b3d9d2d
42656	7e5f5dde13899bad652f5a1aeaea4bf0	9c0aeb217d37588e8beacf4701a72559	15f2e755d6c0050a93a64ec94b3d9d2d
42657	7e5f5dde13899bad652f5a1aeaea4bf0	9c0aeb217d37588e8beacf4701a72559	15f2e755d6c0050a93a64ec94b3d9d2d
42658	7e5f5dde13899bad652f5a1aeaea4bf0	9c0aeb217d37588e8beacf4701a72559	15f2e755d6c0050a93a64ec94b3d9d2d
42659	60851715d40dc6738a99212cc517a050	b925db23560620e6a3e9ae6b6dcbf0e3	af8ee163cffe4bee5804a1b7e21cbd23
42660	60851715d40dc6738a99212cc517a050	b925db23560620e6a3e9ae6b6dcbf0e3	af8ee163cffe4bee5804a1b7e21cbd23
42661	60851715d40dc6738a99212cc517a050	b925db23560620e6a3e9ae6b6dcbf0e3	af8ee163cffe4bee5804a1b7e21cbd23
42662	040d2677672e0f284a0186905e37663d	38270db06a97f5b28b40380cbf58e650	e3ac74fecfb16bc801c164e792b680fc
42663	040d2677672e0f284a0186905e37663d	38270db06a97f5b28b40380cbf58e650	e3ac74fecfb16bc801c164e792b680fc
42664	ad5e487f1f756dc81df729f6538d8054	ad4ed03500aebe723cba50aec889fbee	377e48997641133164403a4107eaf3d1
42665	ad5e487f1f756dc81df729f6538d8054	ad4ed03500aebe723cba50aec889fbee	377e48997641133164403a4107eaf3d1
42666	ad5e487f1f756dc81df729f6538d8054	ad4ed03500aebe723cba50aec889fbee	377e48997641133164403a4107eaf3d1
42667	ad5e487f1f756dc81df729f6538d8054	ad4ed03500aebe723cba50aec889fbee	377e48997641133164403a4107eaf3d1
42668	ad5e487f1f756dc81df729f6538d8054	ad4ed03500aebe723cba50aec889fbee	377e48997641133164403a4107eaf3d1
42669	ad5e487f1f756dc81df729f6538d8054	ad4ed03500aebe723cba50aec889fbee	377e48997641133164403a4107eaf3d1
42670	ad5e487f1f756dc81df729f6538d8054	ad4ed03500aebe723cba50aec889fbee	377e48997641133164403a4107eaf3d1
42671	ad5e487f1f756dc81df729f6538d8054	ad4ed03500aebe723cba50aec889fbee	377e48997641133164403a4107eaf3d1
42672	ad5e487f1f756dc81df729f6538d8054	ad4ed03500aebe723cba50aec889fbee	377e48997641133164403a4107eaf3d1
42673	ad5e487f1f756dc81df729f6538d8054	ad4ed03500aebe723cba50aec889fbee	377e48997641133164403a4107eaf3d1
42674	ad5e487f1f756dc81df729f6538d8054	ad4ed03500aebe723cba50aec889fbee	377e48997641133164403a4107eaf3d1
42675	ad5e487f1f756dc81df729f6538d8054	ad4ed03500aebe723cba50aec889fbee	377e48997641133164403a4107eaf3d1
42676	ad5e487f1f756dc81df729f6538d8054	ad4ed03500aebe723cba50aec889fbee	377e48997641133164403a4107eaf3d1
42677	ad5e487f1f756dc81df729f6538d8054	ad4ed03500aebe723cba50aec889fbee	377e48997641133164403a4107eaf3d1
42678	ad5e487f1f756dc81df729f6538d8054	ad4ed03500aebe723cba50aec889fbee	377e48997641133164403a4107eaf3d1
42679	ad5e487f1f756dc81df729f6538d8054	ad4ed03500aebe723cba50aec889fbee	377e48997641133164403a4107eaf3d1
42680	ad5e487f1f756dc81df729f6538d8054	ad4ed03500aebe723cba50aec889fbee	377e48997641133164403a4107eaf3d1
42681	a1efac618fc7804f8952ce95af54adac	f097fc734337be2b55280b9cee7d51bf	f5e10323e575f5f47e006949e3c50239
42682	a1efac618fc7804f8952ce95af54adac	f097fc734337be2b55280b9cee7d51bf	f5e10323e575f5f47e006949e3c50239
42683	a1efac618fc7804f8952ce95af54adac	f097fc734337be2b55280b9cee7d51bf	f5e10323e575f5f47e006949e3c50239
42684	a163088274d904c760de6168ba79778f	2c71b7bed4ddd9d4c25d2787a9c8c03e	fc69e3e89b52215716842a2f535bcaa8
42685	a163088274d904c760de6168ba79778f	2c71b7bed4ddd9d4c25d2787a9c8c03e	fc69e3e89b52215716842a2f535bcaa8
42686	a163088274d904c760de6168ba79778f	2c71b7bed4ddd9d4c25d2787a9c8c03e	fc69e3e89b52215716842a2f535bcaa8
42687	a163088274d904c760de6168ba79778f	2c71b7bed4ddd9d4c25d2787a9c8c03e	fc69e3e89b52215716842a2f535bcaa8
42688	50edeb38b8e774fc4d0d4767a74eb464	a7d919e6a49bc9e438f1ebcda0d36a05	ff75e63bef95f2f9a78bd8b9c164cf94
42689	50edeb38b8e774fc4d0d4767a74eb464	a7d919e6a49bc9e438f1ebcda0d36a05	ff75e63bef95f2f9a78bd8b9c164cf94
42690	50edeb38b8e774fc4d0d4767a74eb464	a7d919e6a49bc9e438f1ebcda0d36a05	ff75e63bef95f2f9a78bd8b9c164cf94
42691	50edeb38b8e774fc4d0d4767a74eb464	a7d919e6a49bc9e438f1ebcda0d36a05	ff75e63bef95f2f9a78bd8b9c164cf94
42692	50edeb38b8e774fc4d0d4767a74eb464	a7d919e6a49bc9e438f1ebcda0d36a05	ff75e63bef95f2f9a78bd8b9c164cf94
42693	4d924b60bcd5b61ff391060fd86ed06f	5c064e412dabffa73b4ec28aa06c756d	fe3714ba1c611d1cd6d0682dd7c30ced
42694	4d924b60bcd5b61ff391060fd86ed06f	5c064e412dabffa73b4ec28aa06c756d	fe3714ba1c611d1cd6d0682dd7c30ced
42695	4d924b60bcd5b61ff391060fd86ed06f	5c064e412dabffa73b4ec28aa06c756d	fe3714ba1c611d1cd6d0682dd7c30ced
42696	4d924b60bcd5b61ff391060fd86ed06f	5c064e412dabffa73b4ec28aa06c756d	fe3714ba1c611d1cd6d0682dd7c30ced
42697	4d924b60bcd5b61ff391060fd86ed06f	5c064e412dabffa73b4ec28aa06c756d	fe3714ba1c611d1cd6d0682dd7c30ced
42698	4d924b60bcd5b61ff391060fd86ed06f	5c064e412dabffa73b4ec28aa06c756d	fe3714ba1c611d1cd6d0682dd7c30ced
42699	4d924b60bcd5b61ff391060fd86ed06f	5c064e412dabffa73b4ec28aa06c756d	fe3714ba1c611d1cd6d0682dd7c30ced
42700	1900170604abea938cd21aa531736c09	8d1cfaabbe785f61c2b1e5e8943254ef	c182ad7541d84137e28c8d5fa9950af4
42701	1900170604abea938cd21aa531736c09	8d1cfaabbe785f61c2b1e5e8943254ef	c182ad7541d84137e28c8d5fa9950af4
42702	1900170604abea938cd21aa531736c09	8d1cfaabbe785f61c2b1e5e8943254ef	c182ad7541d84137e28c8d5fa9950af4
42703	1900170604abea938cd21aa531736c09	8d1cfaabbe785f61c2b1e5e8943254ef	c182ad7541d84137e28c8d5fa9950af4
42704	1900170604abea938cd21aa531736c09	8d1cfaabbe785f61c2b1e5e8943254ef	c182ad7541d84137e28c8d5fa9950af4
42705	b13d3b6529d6873eba7caf1e8265d160	ad883834fea5a81e20274ee4b4e6301d	2cc70aaffd77c18799b692232ff09b37
42706	b13d3b6529d6873eba7caf1e8265d160	ad883834fea5a81e20274ee4b4e6301d	2cc70aaffd77c18799b692232ff09b37
42707	b13d3b6529d6873eba7caf1e8265d160	ad883834fea5a81e20274ee4b4e6301d	2cc70aaffd77c18799b692232ff09b37
42708	b13d3b6529d6873eba7caf1e8265d160	ad883834fea5a81e20274ee4b4e6301d	2cc70aaffd77c18799b692232ff09b37
42709	b13d3b6529d6873eba7caf1e8265d160	ad883834fea5a81e20274ee4b4e6301d	2cc70aaffd77c18799b692232ff09b37
42710	b13d3b6529d6873eba7caf1e8265d160	ad883834fea5a81e20274ee4b4e6301d	2cc70aaffd77c18799b692232ff09b37
42711	b13d3b6529d6873eba7caf1e8265d160	ad883834fea5a81e20274ee4b4e6301d	2cc70aaffd77c18799b692232ff09b37
42712	ba8cc65b076fb05a0cc01be1fb700b7d	1779aa157234c4b7d0f82fd152af70c2	d79fc464958b996be79f43aaa5f430c5
42713	ba8cc65b076fb05a0cc01be1fb700b7d	1779aa157234c4b7d0f82fd152af70c2	d79fc464958b996be79f43aaa5f430c5
42714	ba8cc65b076fb05a0cc01be1fb700b7d	1779aa157234c4b7d0f82fd152af70c2	d79fc464958b996be79f43aaa5f430c5
42715	ba8cc65b076fb05a0cc01be1fb700b7d	1779aa157234c4b7d0f82fd152af70c2	d79fc464958b996be79f43aaa5f430c5
42716	ba8cc65b076fb05a0cc01be1fb700b7d	1779aa157234c4b7d0f82fd152af70c2	d79fc464958b996be79f43aaa5f430c5
42717	c61fd4121dd1c8a818777030a6d234c9	888d6501281424fdae0ec0649f081515	04dc384d50f976972771fb360a7f9117
42718	c61fd4121dd1c8a818777030a6d234c9	888d6501281424fdae0ec0649f081515	04dc384d50f976972771fb360a7f9117
42719	c61fd4121dd1c8a818777030a6d234c9	888d6501281424fdae0ec0649f081515	04dc384d50f976972771fb360a7f9117
42720	c61fd4121dd1c8a818777030a6d234c9	888d6501281424fdae0ec0649f081515	04dc384d50f976972771fb360a7f9117
42721	c61fd4121dd1c8a818777030a6d234c9	888d6501281424fdae0ec0649f081515	04dc384d50f976972771fb360a7f9117
42722	35844f8fabc98d3bb8df990379fe1883	3f20978db7685a25af04fdbbc0c477b2	c67eb684436837becc62a95b7499e8ad
42723	35844f8fabc98d3bb8df990379fe1883	3f20978db7685a25af04fdbbc0c477b2	c67eb684436837becc62a95b7499e8ad
42724	35844f8fabc98d3bb8df990379fe1883	3f20978db7685a25af04fdbbc0c477b2	c67eb684436837becc62a95b7499e8ad
42725	35844f8fabc98d3bb8df990379fe1883	3f20978db7685a25af04fdbbc0c477b2	c67eb684436837becc62a95b7499e8ad
42726	35844f8fabc98d3bb8df990379fe1883	3f20978db7685a25af04fdbbc0c477b2	c67eb684436837becc62a95b7499e8ad
42727	35844f8fabc98d3bb8df990379fe1883	3f20978db7685a25af04fdbbc0c477b2	c67eb684436837becc62a95b7499e8ad
42728	35844f8fabc98d3bb8df990379fe1883	3f20978db7685a25af04fdbbc0c477b2	c67eb684436837becc62a95b7499e8ad
42729	20d3c61134e2fb01d89461be0d574737	eece77416a6865d9821c20dbc20b9f91	9c6ffa3871ceb2673c10641ff55dc986
42730	20d3c61134e2fb01d89461be0d574737	eece77416a6865d9821c20dbc20b9f91	9c6ffa3871ceb2673c10641ff55dc986
42731	20d3c61134e2fb01d89461be0d574737	eece77416a6865d9821c20dbc20b9f91	9c6ffa3871ceb2673c10641ff55dc986
42732	20d3c61134e2fb01d89461be0d574737	176f9602ff8a68217a1c2b078b876706	57734aabffee6c456db7a693ecd5f1a9
42733	20d3c61134e2fb01d89461be0d574737	176f9602ff8a68217a1c2b078b876706	57734aabffee6c456db7a693ecd5f1a9
42734	0d3a28a3f26e47a71005ea3bd7bc0557	420b049eb7ea76061f526f89aa01fd08	44219e57d6ffafa14800a361bd3b6d5a
42735	0d3a28a3f26e47a71005ea3bd7bc0557	420b049eb7ea76061f526f89aa01fd08	44219e57d6ffafa14800a361bd3b6d5a
42736	0d3a28a3f26e47a71005ea3bd7bc0557	420b049eb7ea76061f526f89aa01fd08	44219e57d6ffafa14800a361bd3b6d5a
42737	0d3a28a3f26e47a71005ea3bd7bc0557	420b049eb7ea76061f526f89aa01fd08	44219e57d6ffafa14800a361bd3b6d5a
42738	0d3a28a3f26e47a71005ea3bd7bc0557	420b049eb7ea76061f526f89aa01fd08	44219e57d6ffafa14800a361bd3b6d5a
42739	0d3a28a3f26e47a71005ea3bd7bc0557	420b049eb7ea76061f526f89aa01fd08	44219e57d6ffafa14800a361bd3b6d5a
42740	0d3a28a3f26e47a71005ea3bd7bc0557	420b049eb7ea76061f526f89aa01fd08	44219e57d6ffafa14800a361bd3b6d5a
42741	946bc202bddde13482260a83fcaa5253	212b54b608772054321b0d8ca379fd06	68345d21a08997f1a98d132dbc20db72
42742	84145aab28890e8fc8e93a149ceae656	77088d2ec8d5a64fddf9147d847021a6	ab45e604996c6bcc4e46e9691b8e68c9
42743	84145aab28890e8fc8e93a149ceae656	77088d2ec8d5a64fddf9147d847021a6	ab45e604996c6bcc4e46e9691b8e68c9
42744	84145aab28890e8fc8e93a149ceae656	77088d2ec8d5a64fddf9147d847021a6	ab45e604996c6bcc4e46e9691b8e68c9
42745	84145aab28890e8fc8e93a149ceae656	77088d2ec8d5a64fddf9147d847021a6	ab45e604996c6bcc4e46e9691b8e68c9
42746	84145aab28890e8fc8e93a149ceae656	77088d2ec8d5a64fddf9147d847021a6	ab45e604996c6bcc4e46e9691b8e68c9
42747	84145aab28890e8fc8e93a149ceae656	77088d2ec8d5a64fddf9147d847021a6	ab45e604996c6bcc4e46e9691b8e68c9
42748	84145aab28890e8fc8e93a149ceae656	77088d2ec8d5a64fddf9147d847021a6	ab45e604996c6bcc4e46e9691b8e68c9
42749	7b264006fb5b377f4a1cfdb355331f79	23a6819bbd4ac0dcaa8b7ee75dc40c17	658864784a20fb7e7a4fcd6cf455b6d9
42750	093a6e4ee2d135db9ffa1b7ecb3c3108	28fd8aa718a9a8dcdaf540740facd2c1	392de868ad9230ce889d0e0b65dd9990
42751	2e110020229c4c853ece3ba011b8e61a	74e242a242af6f75840c088c51bf5e0d	af910f6771426ac8088497f569027a6d
42752	2e110020229c4c853ece3ba011b8e61a	74e242a242af6f75840c088c51bf5e0d	af910f6771426ac8088497f569027a6d
42753	2e110020229c4c853ece3ba011b8e61a	74e242a242af6f75840c088c51bf5e0d	af910f6771426ac8088497f569027a6d
42754	2e110020229c4c853ece3ba011b8e61a	74e242a242af6f75840c088c51bf5e0d	af910f6771426ac8088497f569027a6d
42755	2e110020229c4c853ece3ba011b8e61a	74e242a242af6f75840c088c51bf5e0d	af910f6771426ac8088497f569027a6d
42756	2e110020229c4c853ece3ba011b8e61a	74e242a242af6f75840c088c51bf5e0d	af910f6771426ac8088497f569027a6d
42757	2e110020229c4c853ece3ba011b8e61a	74e242a242af6f75840c088c51bf5e0d	af910f6771426ac8088497f569027a6d
42758	45228e82a8aa165ad18c580c6138d948	01506b19a20a64b8fd2a2b50b7fb78cc	b1151b58c591f39eabf387a5a0d0d09f
42759	45228e82a8aa165ad18c580c6138d948	01506b19a20a64b8fd2a2b50b7fb78cc	b1151b58c591f39eabf387a5a0d0d09f
42760	45228e82a8aa165ad18c580c6138d948	01506b19a20a64b8fd2a2b50b7fb78cc	b1151b58c591f39eabf387a5a0d0d09f
42761	175818b7b8c569250c286605dabe26a1	dcea0e1f52d54d1da924960d3e24884d	215bf4ce62ba21c2f90fec8ceb48bed6
42762	f744c5292814b1ca9c5116d76e846db6	da15fed8365f60a07208e27cf0ac4a07	9588e375e11862aa1ad8b120f0e4c0ac
42763	1918098168d77e316d9fa8f030ee00f2	256e3a15e5e23130b034e610c5b4aa06	0b5a856aaf51c093dd395b17be55a338
42764	1918098168d77e316d9fa8f030ee00f2	256e3a15e5e23130b034e610c5b4aa06	0b5a856aaf51c093dd395b17be55a338
42765	1918098168d77e316d9fa8f030ee00f2	256e3a15e5e23130b034e610c5b4aa06	0b5a856aaf51c093dd395b17be55a338
42766	1918098168d77e316d9fa8f030ee00f2	256e3a15e5e23130b034e610c5b4aa06	0b5a856aaf51c093dd395b17be55a338
42767	1918098168d77e316d9fa8f030ee00f2	256e3a15e5e23130b034e610c5b4aa06	0b5a856aaf51c093dd395b17be55a338
42768	1918098168d77e316d9fa8f030ee00f2	256e3a15e5e23130b034e610c5b4aa06	0b5a856aaf51c093dd395b17be55a338
42769	1918098168d77e316d9fa8f030ee00f2	256e3a15e5e23130b034e610c5b4aa06	0b5a856aaf51c093dd395b17be55a338
42770	a76e8607f31718278017ae6af76105a6	a7fda604c204fcfd113ef96fc930f9e5	78d1f1e7cf23f081061b3fd8f5473450
42771	a76e8607f31718278017ae6af76105a6	a7fda604c204fcfd113ef96fc930f9e5	78d1f1e7cf23f081061b3fd8f5473450
42772	a76e8607f31718278017ae6af76105a6	a88e18d33a71dba896faadb5122e257a	190cb09af41aec5684b753c83b985ebd
42773	a76e8607f31718278017ae6af76105a6	a7fda604c204fcfd113ef96fc930f9e5	78d1f1e7cf23f081061b3fd8f5473450
42774	a76e8607f31718278017ae6af76105a6	a7fda604c204fcfd113ef96fc930f9e5	78d1f1e7cf23f081061b3fd8f5473450
42775	3c35d5c6f8613bf54b6d7918e438943e	904f500a77076e4b112fd4454bbf0fce	19bc461b0133bee27e29235e7f3d12a6
42776	3c35d5c6f8613bf54b6d7918e438943e	904f500a77076e4b112fd4454bbf0fce	19bc461b0133bee27e29235e7f3d12a6
42777	3c35d5c6f8613bf54b6d7918e438943e	904f500a77076e4b112fd4454bbf0fce	19bc461b0133bee27e29235e7f3d12a6
42778	3c35d5c6f8613bf54b6d7918e438943e	904f500a77076e4b112fd4454bbf0fce	19bc461b0133bee27e29235e7f3d12a6
42779	3c35d5c6f8613bf54b6d7918e438943e	904f500a77076e4b112fd4454bbf0fce	19bc461b0133bee27e29235e7f3d12a6
42780	3c35d5c6f8613bf54b6d7918e438943e	904f500a77076e4b112fd4454bbf0fce	19bc461b0133bee27e29235e7f3d12a6
42781	3c35d5c6f8613bf54b6d7918e438943e	904f500a77076e4b112fd4454bbf0fce	19bc461b0133bee27e29235e7f3d12a6
42782	720e66f7962e97f4c19b102250b885e5	c806241f65f27b6f55632fe14a23abe1	224f3c0f21dfb3427253784c4470d140
42783	720e66f7962e97f4c19b102250b885e5	c806241f65f27b6f55632fe14a23abe1	224f3c0f21dfb3427253784c4470d140
42784	720e66f7962e97f4c19b102250b885e5	c806241f65f27b6f55632fe14a23abe1	224f3c0f21dfb3427253784c4470d140
42785	720e66f7962e97f4c19b102250b885e5	c806241f65f27b6f55632fe14a23abe1	224f3c0f21dfb3427253784c4470d140
42786	720e66f7962e97f4c19b102250b885e5	c806241f65f27b6f55632fe14a23abe1	224f3c0f21dfb3427253784c4470d140
42787	720e66f7962e97f4c19b102250b885e5	c806241f65f27b6f55632fe14a23abe1	224f3c0f21dfb3427253784c4470d140
42788	720e66f7962e97f4c19b102250b885e5	c806241f65f27b6f55632fe14a23abe1	224f3c0f21dfb3427253784c4470d140
42789	720e66f7962e97f4c19b102250b885e5	c806241f65f27b6f55632fe14a23abe1	224f3c0f21dfb3427253784c4470d140
42790	720e66f7962e97f4c19b102250b885e5	c806241f65f27b6f55632fe14a23abe1	224f3c0f21dfb3427253784c4470d140
42791	720e66f7962e97f4c19b102250b885e5	c806241f65f27b6f55632fe14a23abe1	224f3c0f21dfb3427253784c4470d140
42792	aafef2c1586de215857857375d88001d	7689dd0ed6bcffdd39dcc1f7b0f1774c	472cfb6df4276698746e8214d8766675
42793	aafef2c1586de215857857375d88001d	7689dd0ed6bcffdd39dcc1f7b0f1774c	472cfb6df4276698746e8214d8766675
42794	aafef2c1586de215857857375d88001d	7689dd0ed6bcffdd39dcc1f7b0f1774c	472cfb6df4276698746e8214d8766675
42795	aafef2c1586de215857857375d88001d	7689dd0ed6bcffdd39dcc1f7b0f1774c	472cfb6df4276698746e8214d8766675
42796	aafef2c1586de215857857375d88001d	7689dd0ed6bcffdd39dcc1f7b0f1774c	472cfb6df4276698746e8214d8766675
42797	aafef2c1586de215857857375d88001d	7689dd0ed6bcffdd39dcc1f7b0f1774c	472cfb6df4276698746e8214d8766675
42798	aafef2c1586de215857857375d88001d	7689dd0ed6bcffdd39dcc1f7b0f1774c	472cfb6df4276698746e8214d8766675
42799	24611e02d6f39eb2afea975772807772	9d474fac0260c297b6fdb8355d9e4296	a352bde7563b7b178a55760286cbfc47
42800	24611e02d6f39eb2afea975772807772	9d474fac0260c297b6fdb8355d9e4296	a352bde7563b7b178a55760286cbfc47
42801	24611e02d6f39eb2afea975772807772	9d474fac0260c297b6fdb8355d9e4296	a352bde7563b7b178a55760286cbfc47
42802	b426ebd2adff067c7b514bf9fca179c1	f6d1ed21e577942468025e85cfe511af	0142d79b7eef26ea673d92fe3f2191ca
42803	b426ebd2adff067c7b514bf9fca179c1	f6d1ed21e577942468025e85cfe511af	0142d79b7eef26ea673d92fe3f2191ca
42804	f049035b63dee05053b54259507998cf	7f3444b28039725edf512b6d3909e82d	70165baaf376b83a6c5ffda7922ba1d2
42805	f049035b63dee05053b54259507998cf	7f3444b28039725edf512b6d3909e82d	70165baaf376b83a6c5ffda7922ba1d2
42806	f049035b63dee05053b54259507998cf	7f3444b28039725edf512b6d3909e82d	70165baaf376b83a6c5ffda7922ba1d2
42807	2d4c146b2c3265469ea3a27cff472ec2	27066039df23f888be49340b0f131eb8	a849a5d62055037ce686018892f3de79
42808	2d4c146b2c3265469ea3a27cff472ec2	27066039df23f888be49340b0f131eb8	a849a5d62055037ce686018892f3de79
42809	f049035b63dee05053b54259507998cf	7f3444b28039725edf512b6d3909e82d	70165baaf376b83a6c5ffda7922ba1d2
42810	f049035b63dee05053b54259507998cf	7f3444b28039725edf512b6d3909e82d	70165baaf376b83a6c5ffda7922ba1d2
42811	2cdd9b127a805f623b0a15b556cb630f	2ce0b76895512e89e19a0aa9ea892121	d3cb2138c0f800d52a9dae9684c45de2
42812	2cdd9b127a805f623b0a15b556cb630f	2ce0b76895512e89e19a0aa9ea892121	d3cb2138c0f800d52a9dae9684c45de2
42813	2cdd9b127a805f623b0a15b556cb630f	2ce0b76895512e89e19a0aa9ea892121	d3cb2138c0f800d52a9dae9684c45de2
42814	790289d740701f298f5bb759980f0cbe	9025f082b4fae361a6842bbdecb3918c	07560aff4a399c1ecf76178b2880b7f5
42815	790289d740701f298f5bb759980f0cbe	9025f082b4fae361a6842bbdecb3918c	07560aff4a399c1ecf76178b2880b7f5
42816	10dbc1c61a4d09cb0f4134b57da8611c	a8c1c991bbf8e86a37064029d00b9038	9444a80fd13857c588978d0084f955d8
42817	10dbc1c61a4d09cb0f4134b57da8611c	a8c1c991bbf8e86a37064029d00b9038	9444a80fd13857c588978d0084f955d8
42818	10dbc1c61a4d09cb0f4134b57da8611c	a8c1c991bbf8e86a37064029d00b9038	9444a80fd13857c588978d0084f955d8
42819	10dbc1c61a4d09cb0f4134b57da8611c	a8c1c991bbf8e86a37064029d00b9038	9444a80fd13857c588978d0084f955d8
42820	10dbc1c61a4d09cb0f4134b57da8611c	a8c1c991bbf8e86a37064029d00b9038	9444a80fd13857c588978d0084f955d8
42821	b52ee7da7c48c64ee49afdde6d1affd4	3c92a79d59c259de9f5109d3fe2a275b	ba5cab6d563e71316d9656232354beeb
42822	b52ee7da7c48c64ee49afdde6d1affd4	3c92a79d59c259de9f5109d3fe2a275b	ba5cab6d563e71316d9656232354beeb
42823	b52ee7da7c48c64ee49afdde6d1affd4	3c92a79d59c259de9f5109d3fe2a275b	ba5cab6d563e71316d9656232354beeb
42824	1d08e37a663ebc810ea39b9e55d98d32	77e9ac11463eabfedfd044c9f1edf068	83e87483c229306ebfdc7d221ad685a5
42825	1d08e37a663ebc810ea39b9e55d98d32	77e9ac11463eabfedfd044c9f1edf068	83e87483c229306ebfdc7d221ad685a5
42826	1d08e37a663ebc810ea39b9e55d98d32	77e9ac11463eabfedfd044c9f1edf068	83e87483c229306ebfdc7d221ad685a5
42827	1d08e37a663ebc810ea39b9e55d98d32	77e9ac11463eabfedfd044c9f1edf068	83e87483c229306ebfdc7d221ad685a5
42828	2f4970dfd4187a97a07cbd1b3d45af0d	1e5cce6a384780d821deaa84e8bd8122	86469ad6279b93c46e2b5ee08de65fff
42829	2f4970dfd4187a97a07cbd1b3d45af0d	1e5cce6a384780d821deaa84e8bd8122	86469ad6279b93c46e2b5ee08de65fff
42830	2f4970dfd4187a97a07cbd1b3d45af0d	1e5cce6a384780d821deaa84e8bd8122	86469ad6279b93c46e2b5ee08de65fff
42831	2f4970dfd4187a97a07cbd1b3d45af0d	1e5cce6a384780d821deaa84e8bd8122	86469ad6279b93c46e2b5ee08de65fff
42832	6f0d1320a4b1aaf4556a9e1f3325f135	813015ce40f0a75666b5f85c40449db2	5751b7699b7e1fcc9b247878973d0d5e
42833	e62f9608bc9c85528e9610080736b6a2	052e61d201becef714d008e8b3a10f76	1967594be574e4f5f75324864edc5c97
42834	e62f9608bc9c85528e9610080736b6a2	052e61d201becef714d008e8b3a10f76	1967594be574e4f5f75324864edc5c97
42835	e62f9608bc9c85528e9610080736b6a2	052e61d201becef714d008e8b3a10f76	1967594be574e4f5f75324864edc5c97
42836	e62f9608bc9c85528e9610080736b6a2	052e61d201becef714d008e8b3a10f76	1967594be574e4f5f75324864edc5c97
42837	e62f9608bc9c85528e9610080736b6a2	052e61d201becef714d008e8b3a10f76	1967594be574e4f5f75324864edc5c97
42838	e62f9608bc9c85528e9610080736b6a2	052e61d201becef714d008e8b3a10f76	1967594be574e4f5f75324864edc5c97
42839	e62f9608bc9c85528e9610080736b6a2	052e61d201becef714d008e8b3a10f76	1967594be574e4f5f75324864edc5c97
42840	91b558f1ee46c85de30302f9a613daf1	d630e6a30051f243ba589fd421ed3bee	bc0dd1b2ecbe767ca1b452b7f0887319
42841	91b558f1ee46c85de30302f9a613daf1	d630e6a30051f243ba589fd421ed3bee	bc0dd1b2ecbe767ca1b452b7f0887319
42842	91b558f1ee46c85de30302f9a613daf1	d630e6a30051f243ba589fd421ed3bee	bc0dd1b2ecbe767ca1b452b7f0887319
42843	ac61683d7c3c377af2cc9dd6a63963f5	e27f6ad62e0588cdc04f64212a5a4782	f916a6f67264f6ebe80222b570ebd04e
42844	91b558f1ee46c85de30302f9a613daf1	d630e6a30051f243ba589fd421ed3bee	bc0dd1b2ecbe767ca1b452b7f0887319
42845	231e84198ec46308c15b865db7bd441d	575b159e1a301942e342344b74e684e2	4f1787af2df3c8f399afe7192d9b1356
42846	231e84198ec46308c15b865db7bd441d	575b159e1a301942e342344b74e684e2	4f1787af2df3c8f399afe7192d9b1356
42847	231e84198ec46308c15b865db7bd441d	575b159e1a301942e342344b74e684e2	4f1787af2df3c8f399afe7192d9b1356
42848	231e84198ec46308c15b865db7bd441d	575b159e1a301942e342344b74e684e2	4f1787af2df3c8f399afe7192d9b1356
42849	231e84198ec46308c15b865db7bd441d	575b159e1a301942e342344b74e684e2	4f1787af2df3c8f399afe7192d9b1356
42850	231e84198ec46308c15b865db7bd441d	575b159e1a301942e342344b74e684e2	4f1787af2df3c8f399afe7192d9b1356
42851	231e84198ec46308c15b865db7bd441d	575b159e1a301942e342344b74e684e2	4f1787af2df3c8f399afe7192d9b1356
42852	2e6a7fd0491af4afd0b8ea1b8d966c79	9be71835d6fdc0fd285351115009288c	fc0d7bf761b6f98b18ce941ea3c177c2
42853	2e6a7fd0491af4afd0b8ea1b8d966c79	9be71835d6fdc0fd285351115009288c	fc0d7bf761b6f98b18ce941ea3c177c2
42854	2e6a7fd0491af4afd0b8ea1b8d966c79	9be71835d6fdc0fd285351115009288c	fc0d7bf761b6f98b18ce941ea3c177c2
42855	2e6a7fd0491af4afd0b8ea1b8d966c79	9be71835d6fdc0fd285351115009288c	fc0d7bf761b6f98b18ce941ea3c177c2
42856	2e6a7fd0491af4afd0b8ea1b8d966c79	9be71835d6fdc0fd285351115009288c	fc0d7bf761b6f98b18ce941ea3c177c2
42857	0426339891f4941b2a1e21e3b257efdd	0ce564ea7a0fb87e6971ed01f76c4e7d	ff4e4f8320e05e35a92beb6f67c5afb5
42858	0426339891f4941b2a1e21e3b257efdd	0ce564ea7a0fb87e6971ed01f76c4e7d	ff4e4f8320e05e35a92beb6f67c5afb5
42859	0426339891f4941b2a1e21e3b257efdd	0ce564ea7a0fb87e6971ed01f76c4e7d	ff4e4f8320e05e35a92beb6f67c5afb5
42860	0426339891f4941b2a1e21e3b257efdd	0ce564ea7a0fb87e6971ed01f76c4e7d	ff4e4f8320e05e35a92beb6f67c5afb5
42861	0426339891f4941b2a1e21e3b257efdd	0ce564ea7a0fb87e6971ed01f76c4e7d	ff4e4f8320e05e35a92beb6f67c5afb5
42862	6aca2b23854fbd084407599651cf9a8c	e76235d7e8ed0a8f34f3705051932a13	86a52b643c11fcb60d1deb299f79f7e3
42863	6aca2b23854fbd084407599651cf9a8c	e76235d7e8ed0a8f34f3705051932a13	86a52b643c11fcb60d1deb299f79f7e3
42864	6aca2b23854fbd084407599651cf9a8c	e76235d7e8ed0a8f34f3705051932a13	86a52b643c11fcb60d1deb299f79f7e3
42865	7295fea2d0d47c2f446ceeb94a766767	0b51a046cb42f442956dd2d6b9faf745	cee6560ac68de96645bcd8aa20d80c3a
42866	7295fea2d0d47c2f446ceeb94a766767	0b51a046cb42f442956dd2d6b9faf745	cee6560ac68de96645bcd8aa20d80c3a
42867	c336f6ac7ae4e814da7cd0bc26217945	84dfc6f1de0770bab08ac99de04587c6	842be20a729854aa6c489a6ec7331a5d
42868	c336f6ac7ae4e814da7cd0bc26217945	84dfc6f1de0770bab08ac99de04587c6	842be20a729854aa6c489a6ec7331a5d
42869	711499dc6b07615d1404aec643b32416	69389e129ab90d8df28590cd1330f3cb	e5b0b9fbf9754242af39f0db778c7925
42870	711499dc6b07615d1404aec643b32416	69389e129ab90d8df28590cd1330f3cb	e5b0b9fbf9754242af39f0db778c7925
42871	711499dc6b07615d1404aec643b32416	69389e129ab90d8df28590cd1330f3cb	e5b0b9fbf9754242af39f0db778c7925
42872	711499dc6b07615d1404aec643b32416	3f7ac4b95aa47087046e0483f2cac85e	4b72b94da877bf7f8a86426799b55c54
42873	711499dc6b07615d1404aec643b32416	3f7ac4b95aa47087046e0483f2cac85e	4b72b94da877bf7f8a86426799b55c54
42874	b8ea45bee064b33f205e8fd0744e392f	1478892ce99a8b5a82743521d882b9a8	e5281117d774c51cffc26d8a099dfaef
42875	b8ea45bee064b33f205e8fd0744e392f	1478892ce99a8b5a82743521d882b9a8	e5281117d774c51cffc26d8a099dfaef
42876	b8ea45bee064b33f205e8fd0744e392f	1478892ce99a8b5a82743521d882b9a8	e5281117d774c51cffc26d8a099dfaef
42877	b8ea45bee064b33f205e8fd0744e392f	1478892ce99a8b5a82743521d882b9a8	e5281117d774c51cffc26d8a099dfaef
42878	b8ea45bee064b33f205e8fd0744e392f	1478892ce99a8b5a82743521d882b9a8	e5281117d774c51cffc26d8a099dfaef
42879	b8ea45bee064b33f205e8fd0744e392f	1478892ce99a8b5a82743521d882b9a8	e5281117d774c51cffc26d8a099dfaef
42880	b8ea45bee064b33f205e8fd0744e392f	1478892ce99a8b5a82743521d882b9a8	e5281117d774c51cffc26d8a099dfaef
42881	68cdfa809d29871245a701e4e2da3b0f	856b24cba1cca400ff4e302aa1af9554	04288eceb3660e9dbc45faaebb8a8330
42882	68cdfa809d29871245a701e4e2da3b0f	856b24cba1cca400ff4e302aa1af9554	04288eceb3660e9dbc45faaebb8a8330
42883	68cdfa809d29871245a701e4e2da3b0f	856b24cba1cca400ff4e302aa1af9554	04288eceb3660e9dbc45faaebb8a8330
42884	68cdfa809d29871245a701e4e2da3b0f	856b24cba1cca400ff4e302aa1af9554	04288eceb3660e9dbc45faaebb8a8330
42885	be8afa09164391ac399e83cc675c8409	25da20c5220375fda4f7203c768aaa5f	ba00079767ff8bf94bb808cd6d71f72b
42886	68cdfa809d29871245a701e4e2da3b0f	856b24cba1cca400ff4e302aa1af9554	04288eceb3660e9dbc45faaebb8a8330
42887	68cdfa809d29871245a701e4e2da3b0f	856b24cba1cca400ff4e302aa1af9554	04288eceb3660e9dbc45faaebb8a8330
42888	68cdfa809d29871245a701e4e2da3b0f	856b24cba1cca400ff4e302aa1af9554	04288eceb3660e9dbc45faaebb8a8330
42889	019051d3ef38e0795d7117c7b5ee4492	d2b68bc53d3194feb968b7ac722cac95	631697c4962c69f5269339c0ffea0c4f
42890	d1b43c7f8ecc07645a415c7e0894e9d6	ed54c3b01098b5e6f261da984b6407ac	828724e8fedc09e6dc83fb2d6f26219b
42891	c62cd238f2cc1f6295d100ab076d071f	abae210a30b65ef2a482cd8178e88823	05e8db510a9e1cfb8e0e00a55e85a350
42892	c62cd238f2cc1f6295d100ab076d071f	abae210a30b65ef2a482cd8178e88823	05e8db510a9e1cfb8e0e00a55e85a350
42893	c62cd238f2cc1f6295d100ab076d071f	abae210a30b65ef2a482cd8178e88823	05e8db510a9e1cfb8e0e00a55e85a350
42894	c62cd238f2cc1f6295d100ab076d071f	abae210a30b65ef2a482cd8178e88823	05e8db510a9e1cfb8e0e00a55e85a350
42895	c62cd238f2cc1f6295d100ab076d071f	abae210a30b65ef2a482cd8178e88823	05e8db510a9e1cfb8e0e00a55e85a350
42896	c62cd238f2cc1f6295d100ab076d071f	abae210a30b65ef2a482cd8178e88823	05e8db510a9e1cfb8e0e00a55e85a350
42897	c62cd238f2cc1f6295d100ab076d071f	abae210a30b65ef2a482cd8178e88823	05e8db510a9e1cfb8e0e00a55e85a350
42898	e953f2b261265daf46da7c6759a6c4c0	020b3466c319d486cc3ddb2e90a49a41	ba774330de3b4acff7587fd5283d36b1
42899	e953f2b261265daf46da7c6759a6c4c0	020b3466c319d486cc3ddb2e90a49a41	ba774330de3b4acff7587fd5283d36b1
42900	e953f2b261265daf46da7c6759a6c4c0	020b3466c319d486cc3ddb2e90a49a41	ba774330de3b4acff7587fd5283d36b1
42901	e953f2b261265daf46da7c6759a6c4c0	020b3466c319d486cc3ddb2e90a49a41	ba774330de3b4acff7587fd5283d36b1
42902	e953f2b261265daf46da7c6759a6c4c0	020b3466c319d486cc3ddb2e90a49a41	ba774330de3b4acff7587fd5283d36b1
42903	3046cce769a80ca216e916533108cd88	680b29044ae59693a71cd9db37e3849d	6bbbb808ca22cfdace1adfebc5c8cef2
42904	3046cce769a80ca216e916533108cd88	680b29044ae59693a71cd9db37e3849d	6bbbb808ca22cfdace1adfebc5c8cef2
42905	3046cce769a80ca216e916533108cd88	680b29044ae59693a71cd9db37e3849d	6bbbb808ca22cfdace1adfebc5c8cef2
42906	3046cce769a80ca216e916533108cd88	680b29044ae59693a71cd9db37e3849d	6bbbb808ca22cfdace1adfebc5c8cef2
42907	3046cce769a80ca216e916533108cd88	680b29044ae59693a71cd9db37e3849d	6bbbb808ca22cfdace1adfebc5c8cef2
42908	3046cce769a80ca216e916533108cd88	680b29044ae59693a71cd9db37e3849d	6bbbb808ca22cfdace1adfebc5c8cef2
42909	3046cce769a80ca216e916533108cd88	680b29044ae59693a71cd9db37e3849d	6bbbb808ca22cfdace1adfebc5c8cef2
42910	3046cce769a80ca216e916533108cd88	680b29044ae59693a71cd9db37e3849d	6bbbb808ca22cfdace1adfebc5c8cef2
42911	3046cce769a80ca216e916533108cd88	680b29044ae59693a71cd9db37e3849d	6bbbb808ca22cfdace1adfebc5c8cef2
42912	3046cce769a80ca216e916533108cd88	680b29044ae59693a71cd9db37e3849d	6bbbb808ca22cfdace1adfebc5c8cef2
42913	3046cce769a80ca216e916533108cd88	680b29044ae59693a71cd9db37e3849d	6bbbb808ca22cfdace1adfebc5c8cef2
42914	3046cce769a80ca216e916533108cd88	680b29044ae59693a71cd9db37e3849d	6bbbb808ca22cfdace1adfebc5c8cef2
42915	3046cce769a80ca216e916533108cd88	680b29044ae59693a71cd9db37e3849d	6bbbb808ca22cfdace1adfebc5c8cef2
42916	3046cce769a80ca216e916533108cd88	680b29044ae59693a71cd9db37e3849d	6bbbb808ca22cfdace1adfebc5c8cef2
42917	3046cce769a80ca216e916533108cd88	680b29044ae59693a71cd9db37e3849d	6bbbb808ca22cfdace1adfebc5c8cef2
42918	3046cce769a80ca216e916533108cd88	680b29044ae59693a71cd9db37e3849d	6bbbb808ca22cfdace1adfebc5c8cef2
42919	c2f738f189b5e5d04ea4b099e7fc8661	1625956d9b96f5cdbab9548541df0360	6d57ca9a17dbea8a78bc34b848bdd453
42920	df42d053c83add5660e3232bf8b67b70	2e0cc41f6bec3bfb2e4e8c2d929f4460	67bcc628a3d0e126ccceffa345398cf8
42921	df42d053c83add5660e3232bf8b67b70	2e0cc41f6bec3bfb2e4e8c2d929f4460	67bcc628a3d0e126ccceffa345398cf8
42922	df42d053c83add5660e3232bf8b67b70	2e0cc41f6bec3bfb2e4e8c2d929f4460	67bcc628a3d0e126ccceffa345398cf8
42923	df42d053c83add5660e3232bf8b67b70	2e0cc41f6bec3bfb2e4e8c2d929f4460	67bcc628a3d0e126ccceffa345398cf8
42924	df42d053c83add5660e3232bf8b67b70	2e0cc41f6bec3bfb2e4e8c2d929f4460	67bcc628a3d0e126ccceffa345398cf8
42925	df42d053c83add5660e3232bf8b67b70	2e0cc41f6bec3bfb2e4e8c2d929f4460	67bcc628a3d0e126ccceffa345398cf8
42926	df42d053c83add5660e3232bf8b67b70	2e0cc41f6bec3bfb2e4e8c2d929f4460	67bcc628a3d0e126ccceffa345398cf8
42927	96d13a64ec9858ed368c9ed8e35b3af6	a8625ec7599a978c3ff4a6c208274ea6	3586fb15236396b570bfdc5dea28d82a
42928	96825d51c329e3d4966361fc2eafc257	1702d9dce9cec7f00e8fb0a8eda0eeba	a0220214e25d7f29741058ad2b7c0c7e
42929	96825d51c329e3d4966361fc2eafc257	1702d9dce9cec7f00e8fb0a8eda0eeba	a0220214e25d7f29741058ad2b7c0c7e
42930	31c75f9d6ece169de3e5a6967ab56b2c	1e1c80c5f5fe7bcdeac24eb0be40b5d3	9408ac20968912389f8860549b799503
42931	31c75f9d6ece169de3e5a6967ab56b2c	1e1c80c5f5fe7bcdeac24eb0be40b5d3	9408ac20968912389f8860549b799503
42932	2da17059d55a751fe90d9cba8b2be1e2	b72afd2ae158a4b1e881c7929173188a	29bd635c1bd45525b8f4e5b47bf1b7c6
42933	2da17059d55a751fe90d9cba8b2be1e2	b72afd2ae158a4b1e881c7929173188a	29bd635c1bd45525b8f4e5b47bf1b7c6
42934	2da17059d55a751fe90d9cba8b2be1e2	b72afd2ae158a4b1e881c7929173188a	29bd635c1bd45525b8f4e5b47bf1b7c6
42935	2da17059d55a751fe90d9cba8b2be1e2	b72afd2ae158a4b1e881c7929173188a	29bd635c1bd45525b8f4e5b47bf1b7c6
42936	2da17059d55a751fe90d9cba8b2be1e2	b72afd2ae158a4b1e881c7929173188a	29bd635c1bd45525b8f4e5b47bf1b7c6
42937	9cc3b58689c8e5baeae9e7199e412dd0	4e927bc0902cc70441376da508c24f40	81f12ddbff484d88a4c9458809760e7c
42938	2da17059d55a751fe90d9cba8b2be1e2	b72afd2ae158a4b1e881c7929173188a	29bd635c1bd45525b8f4e5b47bf1b7c6
42939	a0b9874301fdcd5ea76b12352cdee154	848db9eaa38dfe3a988e63b9f2dc8a5e	9c1df6b8cfe67c58752aa59af82332c7
42940	e29e933340aff62df8bf31022bb8be1c	0aa455ad5250a440e006bac6482bc9e0	8e59b7d0e9fefea233968153ed13c9e8
42941	0ec46d064a0e2fd9d7fb966117052315	9f7b9384256fad3638825f708406a339	40f320b8dd686fe0629dac4bce6d4f44
42942	5f12b8c348747d4f86d20de417b182d3	f23904be3aedb243460169fa1889dab2	d5b933bd8639887ddf3163ac4afe1596
42943	5f12b8c348747d4f86d20de417b182d3	f23904be3aedb243460169fa1889dab2	d5b933bd8639887ddf3163ac4afe1596
42944	da171eeb365195a4fde3974e9bee7f24	35080331be52225a89240261789047cd	e0d35f512ab5cff871a63770a324a627
42945	da171eeb365195a4fde3974e9bee7f24	35080331be52225a89240261789047cd	e0d35f512ab5cff871a63770a324a627
42946	da171eeb365195a4fde3974e9bee7f24	35080331be52225a89240261789047cd	e0d35f512ab5cff871a63770a324a627
42947	da171eeb365195a4fde3974e9bee7f24	35080331be52225a89240261789047cd	e0d35f512ab5cff871a63770a324a627
42948	da171eeb365195a4fde3974e9bee7f24	35080331be52225a89240261789047cd	e0d35f512ab5cff871a63770a324a627
42949	da171eeb365195a4fde3974e9bee7f24	35080331be52225a89240261789047cd	e0d35f512ab5cff871a63770a324a627
42950	da171eeb365195a4fde3974e9bee7f24	35080331be52225a89240261789047cd	e0d35f512ab5cff871a63770a324a627
42951	508c7ca3c25c43fcfc2cf66359f6a052	0f94162c97c65ac55917e3551598b8b1	bb79aab5d3148b39fd0b43f4dd08fc0d
42952	508c7ca3c25c43fcfc2cf66359f6a052	0f94162c97c65ac55917e3551598b8b1	bb79aab5d3148b39fd0b43f4dd08fc0d
42953	508c7ca3c25c43fcfc2cf66359f6a052	0f94162c97c65ac55917e3551598b8b1	bb79aab5d3148b39fd0b43f4dd08fc0d
42954	508c7ca3c25c43fcfc2cf66359f6a052	0f94162c97c65ac55917e3551598b8b1	bb79aab5d3148b39fd0b43f4dd08fc0d
42955	508c7ca3c25c43fcfc2cf66359f6a052	0f94162c97c65ac55917e3551598b8b1	bb79aab5d3148b39fd0b43f4dd08fc0d
42956	508c7ca3c25c43fcfc2cf66359f6a052	0f94162c97c65ac55917e3551598b8b1	bb79aab5d3148b39fd0b43f4dd08fc0d
42957	508c7ca3c25c43fcfc2cf66359f6a052	0f94162c97c65ac55917e3551598b8b1	bb79aab5d3148b39fd0b43f4dd08fc0d
42958	508c7ca3c25c43fcfc2cf66359f6a052	0f94162c97c65ac55917e3551598b8b1	bb79aab5d3148b39fd0b43f4dd08fc0d
42959	508c7ca3c25c43fcfc2cf66359f6a052	0f94162c97c65ac55917e3551598b8b1	bb79aab5d3148b39fd0b43f4dd08fc0d
42960	508c7ca3c25c43fcfc2cf66359f6a052	0f94162c97c65ac55917e3551598b8b1	bb79aab5d3148b39fd0b43f4dd08fc0d
42961	fce6c08f5bbd8b838b5db09e1121acae	f0869c03db0eeecf987b40a16a935f06	4cfb2f562a00ab3154689fe244d3bdae
42962	fce6c08f5bbd8b838b5db09e1121acae	f0869c03db0eeecf987b40a16a935f06	4cfb2f562a00ab3154689fe244d3bdae
42963	fce6c08f5bbd8b838b5db09e1121acae	f0869c03db0eeecf987b40a16a935f06	4cfb2f562a00ab3154689fe244d3bdae
42964	fce6c08f5bbd8b838b5db09e1121acae	f0869c03db0eeecf987b40a16a935f06	4cfb2f562a00ab3154689fe244d3bdae
42965	fce6c08f5bbd8b838b5db09e1121acae	f0869c03db0eeecf987b40a16a935f06	4cfb2f562a00ab3154689fe244d3bdae
42966	fce6c08f5bbd8b838b5db09e1121acae	f0869c03db0eeecf987b40a16a935f06	4cfb2f562a00ab3154689fe244d3bdae
42967	fce6c08f5bbd8b838b5db09e1121acae	f0869c03db0eeecf987b40a16a935f06	4cfb2f562a00ab3154689fe244d3bdae
42968	861ebb59a3b5da96a40911bc3b723e01	f305e3a08e3223a19c5bcf62363ba8a2	19095eff24b527c90d05e03d4b2cb359
42969	861ebb59a3b5da96a40911bc3b723e01	f305e3a08e3223a19c5bcf62363ba8a2	19095eff24b527c90d05e03d4b2cb359
42970	861ebb59a3b5da96a40911bc3b723e01	f305e3a08e3223a19c5bcf62363ba8a2	19095eff24b527c90d05e03d4b2cb359
42971	861ebb59a3b5da96a40911bc3b723e01	f305e3a08e3223a19c5bcf62363ba8a2	19095eff24b527c90d05e03d4b2cb359
42972	861ebb59a3b5da96a40911bc3b723e01	f305e3a08e3223a19c5bcf62363ba8a2	19095eff24b527c90d05e03d4b2cb359
42973	ef1af2963ae890575ea3912f223ff8a3	e35ecf56544010814eb8777282f85588	368092a54287ae9de69de72be9718b6d
42974	ef1af2963ae890575ea3912f223ff8a3	e35ecf56544010814eb8777282f85588	368092a54287ae9de69de72be9718b6d
42975	ef1af2963ae890575ea3912f223ff8a3	e35ecf56544010814eb8777282f85588	368092a54287ae9de69de72be9718b6d
42976	1808483e432ed7d4403ab1ea8ffd55ca	95f9ecc9ba80460ed4faf8bfbe8cfb31	21b4c881414241bedfec58291e577197
42977	ea8cb7a1be3404312d57083796300322	13ff290b7d80d4ae068224ee290877ab	4e5b1786cce45e70317abd710b03d0db
42978	4dfa0d37d4259263f6959b1f85abda49	643691c9cb52a6227944ab6d076ed481	9154ff51ba28211bdb65db84839ff8ea
42979	1ed57cfd187f2f1ddfcbd1e3479eee40	663c842d25918c46cc166f23a15e1edd	23ce6ced46af0a67182fdfc0fada2520
42980	80fe2eb3deaca2cefd4fe2b5c87a54c0	ff97a17b9bc20789ff36af6c7e786c56	7485dff7a4de68052e0445822b10f5c2
42981	80fe2eb3deaca2cefd4fe2b5c87a54c0	ff97a17b9bc20789ff36af6c7e786c56	7485dff7a4de68052e0445822b10f5c2
42982	80fe2eb3deaca2cefd4fe2b5c87a54c0	ff97a17b9bc20789ff36af6c7e786c56	7485dff7a4de68052e0445822b10f5c2
42983	d1f557ef5a23b127c4702f0232506cf1	3708c75345bb40959516090024a58701	ef01552bff4338537c816e9c380868b2
42984	4a0f6b16cf3a86a999b4afd146431692	f2fdee8a0ff5b7c640faf23dc3c6a32d	821aa219d6e50f4df33a9c087eb05ff4
42985	5f782894556a4f564d24160f22d91e73	b63251bdf862f258f209201fa49f029c	0e01038e8d5eac66fec2effca22869c2
42986	3049c3f783fed8fef5614882ccb9433c	abac2b8d8727fc1b07f8affe1f634bd6	fa623dd2e895e23eff5db268a903a6d8
42987	61145b0018838d2c37c62e4a42acfcbd	9fce13b4835f56d407b4cfae7e0c7b9e	4077766c83f0d017db36eb94b79bd4c3
42988	04500d31e5efa9ed33ce6632e742f188	10bcea44e403da61a6a9baa467c7b816	7948c87e08a456d65eceae518fe1d873
42989	29407c998415da82f1249431503c433c	f0609175bbdfa250f2e561248bd4d319	4b218caf34ce8467f7b60e5cf4f8c4de
42990	09f8386cd8dd5c2cbd3767bf9c8eb98f	22420d7498ad731b0898a5a1eab9d32a	a1ad3a839857b5f209fe5d97c9558f9f
42991	09f8386cd8dd5c2cbd3767bf9c8eb98f	22420d7498ad731b0898a5a1eab9d32a	a1ad3a839857b5f209fe5d97c9558f9f
42992	09f8386cd8dd5c2cbd3767bf9c8eb98f	22420d7498ad731b0898a5a1eab9d32a	a1ad3a839857b5f209fe5d97c9558f9f
42993	09f8386cd8dd5c2cbd3767bf9c8eb98f	22420d7498ad731b0898a5a1eab9d32a	a1ad3a839857b5f209fe5d97c9558f9f
42994	09f8386cd8dd5c2cbd3767bf9c8eb98f	22420d7498ad731b0898a5a1eab9d32a	a1ad3a839857b5f209fe5d97c9558f9f
42995	09f8386cd8dd5c2cbd3767bf9c8eb98f	22420d7498ad731b0898a5a1eab9d32a	a1ad3a839857b5f209fe5d97c9558f9f
42996	09f8386cd8dd5c2cbd3767bf9c8eb98f	22420d7498ad731b0898a5a1eab9d32a	a1ad3a839857b5f209fe5d97c9558f9f
42997	80dc66bca491efd5514cc69097290291	950e8245675d1530d79316990c41c218	1ff8dc8601daadda03558eb66734ead4
42998	9fc40879cf60f26680e93326a60f3fc7	2b25811457ccee5e7a3b3c3d6c7c183a	60c7cf8718fd6067ac2fff44a4eaa31e
42999	9fc40879cf60f26680e93326a60f3fc7	2b25811457ccee5e7a3b3c3d6c7c183a	60c7cf8718fd6067ac2fff44a4eaa31e
43000	b6247fad0f3ff679003d3b38d923ebfa	e759cdc13da64d021e4a449227ac29ca	487db41a81f3d9626d94dc04942b32f8
43001	b6247fad0f3ff679003d3b38d923ebfa	e759cdc13da64d021e4a449227ac29ca	487db41a81f3d9626d94dc04942b32f8
43002	f5bc200deb36b6a637f9c85140ed6809	67e2394ea469abea08213c79e4c1ae05	86844db7566ed3395b165b3bd74402a0
43003	f5bc200deb36b6a637f9c85140ed6809	67e2394ea469abea08213c79e4c1ae05	86844db7566ed3395b165b3bd74402a0
43004	f5bc200deb36b6a637f9c85140ed6809	67e2394ea469abea08213c79e4c1ae05	86844db7566ed3395b165b3bd74402a0
43005	6b9374b6d1acdecf619a8a311f9b0094	cfb2e673be8144a5ccd682e7e9935880	a049a73883bf8458cf97fa78d92c9781
43006	89b593e133733788b1e09834271bc54b	6381914f3a2913f799e76895c7a80615	48c4f80ee4e97dee1194fedbf09ec75c
43007	ba3489dd95e9cb396a07dabf91bb8a71	d007afbbd1f311a8e8af53f19adc46a0	2d7d73e3f394a08a45cb134b88dfda9b
43008	ba3489dd95e9cb396a07dabf91bb8a71	d007afbbd1f311a8e8af53f19adc46a0	2d7d73e3f394a08a45cb134b88dfda9b
43009	e55952de0740c722cc52f6077e61ebab	f1e4e59afe05d2f4dc34d2e068e44576	bb2bb791bae70ef96f2d139ce95c4327
43010	e55952de0740c722cc52f6077e61ebab	f1e4e59afe05d2f4dc34d2e068e44576	bb2bb791bae70ef96f2d139ce95c4327
43011	e55952de0740c722cc52f6077e61ebab	f1e4e59afe05d2f4dc34d2e068e44576	bb2bb791bae70ef96f2d139ce95c4327
43012	6167f65645414c04fbbcc580a9ffa92c	aa38715bc873a6c94525e7a6f116afd2	7658539607b735ca393820f336f237d7
43013	e55952de0740c722cc52f6077e61ebab	f1e4e59afe05d2f4dc34d2e068e44576	bb2bb791bae70ef96f2d139ce95c4327
43014	1969b81c20a45fc076b1aba9fee2b37b	1a54c9e95764b5875d2db6ec6ff391e7	ca3cc64c15755bf9b8b7cb77528aecb2
43015	1969b81c20a45fc076b1aba9fee2b37b	1a54c9e95764b5875d2db6ec6ff391e7	ca3cc64c15755bf9b8b7cb77528aecb2
43016	1969b81c20a45fc076b1aba9fee2b37b	1a54c9e95764b5875d2db6ec6ff391e7	ca3cc64c15755bf9b8b7cb77528aecb2
43017	1969b81c20a45fc076b1aba9fee2b37b	1a54c9e95764b5875d2db6ec6ff391e7	ca3cc64c15755bf9b8b7cb77528aecb2
43018	1969b81c20a45fc076b1aba9fee2b37b	1a54c9e95764b5875d2db6ec6ff391e7	ca3cc64c15755bf9b8b7cb77528aecb2
43019	1969b81c20a45fc076b1aba9fee2b37b	1a54c9e95764b5875d2db6ec6ff391e7	ca3cc64c15755bf9b8b7cb77528aecb2
43020	1969b81c20a45fc076b1aba9fee2b37b	1a54c9e95764b5875d2db6ec6ff391e7	ca3cc64c15755bf9b8b7cb77528aecb2
43021	1969b81c20a45fc076b1aba9fee2b37b	1a54c9e95764b5875d2db6ec6ff391e7	ca3cc64c15755bf9b8b7cb77528aecb2
43022	1969b81c20a45fc076b1aba9fee2b37b	1a54c9e95764b5875d2db6ec6ff391e7	ca3cc64c15755bf9b8b7cb77528aecb2
43023	1969b81c20a45fc076b1aba9fee2b37b	1a54c9e95764b5875d2db6ec6ff391e7	ca3cc64c15755bf9b8b7cb77528aecb2
43024	1969b81c20a45fc076b1aba9fee2b37b	1a54c9e95764b5875d2db6ec6ff391e7	ca3cc64c15755bf9b8b7cb77528aecb2
43025	1969b81c20a45fc076b1aba9fee2b37b	1a54c9e95764b5875d2db6ec6ff391e7	ca3cc64c15755bf9b8b7cb77528aecb2
43026	b7edada2fbd3914c6b93d904993ba0d2	ef57f2023c31a507773c3125ed7d51ea	84d85e483ee89f88e39962dcc26c20c5
43027	b7edada2fbd3914c6b93d904993ba0d2	ef57f2023c31a507773c3125ed7d51ea	84d85e483ee89f88e39962dcc26c20c5
43028	b7edada2fbd3914c6b93d904993ba0d2	ef57f2023c31a507773c3125ed7d51ea	84d85e483ee89f88e39962dcc26c20c5
43029	b7edada2fbd3914c6b93d904993ba0d2	ef57f2023c31a507773c3125ed7d51ea	84d85e483ee89f88e39962dcc26c20c5
43030	b7edada2fbd3914c6b93d904993ba0d2	ef57f2023c31a507773c3125ed7d51ea	84d85e483ee89f88e39962dcc26c20c5
43031	73d9314e5fdb8f6d73485950ff9a9f06	c7975f93a61e99f214688bf83caf74e4	2e5ccfca57db335c745b498a97f27d68
43032	73d9314e5fdb8f6d73485950ff9a9f06	c7975f93a61e99f214688bf83caf74e4	2e5ccfca57db335c745b498a97f27d68
43033	73d9314e5fdb8f6d73485950ff9a9f06	c7975f93a61e99f214688bf83caf74e4	2e5ccfca57db335c745b498a97f27d68
43034	73d9314e5fdb8f6d73485950ff9a9f06	c7975f93a61e99f214688bf83caf74e4	2e5ccfca57db335c745b498a97f27d68
43035	73d9314e5fdb8f6d73485950ff9a9f06	c7975f93a61e99f214688bf83caf74e4	2e5ccfca57db335c745b498a97f27d68
43036	73d9314e5fdb8f6d73485950ff9a9f06	c7975f93a61e99f214688bf83caf74e4	2e5ccfca57db335c745b498a97f27d68
43037	73d9314e5fdb8f6d73485950ff9a9f06	c7975f93a61e99f214688bf83caf74e4	2e5ccfca57db335c745b498a97f27d68
43038	73d9314e5fdb8f6d73485950ff9a9f06	c7975f93a61e99f214688bf83caf74e4	2e5ccfca57db335c745b498a97f27d68
43039	73d9314e5fdb8f6d73485950ff9a9f06	c7975f93a61e99f214688bf83caf74e4	2e5ccfca57db335c745b498a97f27d68
43040	73d9314e5fdb8f6d73485950ff9a9f06	c7975f93a61e99f214688bf83caf74e4	2e5ccfca57db335c745b498a97f27d68
43041	73d9314e5fdb8f6d73485950ff9a9f06	c7975f93a61e99f214688bf83caf74e4	2e5ccfca57db335c745b498a97f27d68
43042	73d9314e5fdb8f6d73485950ff9a9f06	c7975f93a61e99f214688bf83caf74e4	2e5ccfca57db335c745b498a97f27d68
43043	ffeecba23bd4ff347c460eecbdc06251	7a841917698530c7f3011a8c78fa0e1f	ec3553341a4e33572ee8fc5a32833f38
43044	ffeecba23bd4ff347c460eecbdc06251	7a841917698530c7f3011a8c78fa0e1f	ec3553341a4e33572ee8fc5a32833f38
43045	ffeecba23bd4ff347c460eecbdc06251	7a841917698530c7f3011a8c78fa0e1f	ec3553341a4e33572ee8fc5a32833f38
43046	ffeecba23bd4ff347c460eecbdc06251	7a841917698530c7f3011a8c78fa0e1f	ec3553341a4e33572ee8fc5a32833f38
43047	ffeecba23bd4ff347c460eecbdc06251	7a841917698530c7f3011a8c78fa0e1f	ec3553341a4e33572ee8fc5a32833f38
43048	ffeecba23bd4ff347c460eecbdc06251	7a841917698530c7f3011a8c78fa0e1f	ec3553341a4e33572ee8fc5a32833f38
43049	ffeecba23bd4ff347c460eecbdc06251	7a841917698530c7f3011a8c78fa0e1f	ec3553341a4e33572ee8fc5a32833f38
43050	2c62b8ea0f59b6a3dd11ba360aee84d0	03b2558402856a8b16999928429c332b	9824e6ee73b759f03af84ce6d3360e81
43051	2c62b8ea0f59b6a3dd11ba360aee84d0	03b2558402856a8b16999928429c332b	9824e6ee73b759f03af84ce6d3360e81
43052	2c62b8ea0f59b6a3dd11ba360aee84d0	03b2558402856a8b16999928429c332b	9824e6ee73b759f03af84ce6d3360e81
43053	197a310a23c071ebe403937c8dc4f41e	59fbb4fb7da425fbd9c819f195dec11d	9b3271417d88ee4fc944c3db2ab3c249
43054	ca9bbdc95956153e3a45b9111e0337be	e85efe066c776e06d8e741c164a69f03	bcf077d86b919dbe4f900f3e165a1f34
43055	2c62b8ea0f59b6a3dd11ba360aee84d0	03b2558402856a8b16999928429c332b	9824e6ee73b759f03af84ce6d3360e81
43056	2c62b8ea0f59b6a3dd11ba360aee84d0	03b2558402856a8b16999928429c332b	9824e6ee73b759f03af84ce6d3360e81
43057	2c62b8ea0f59b6a3dd11ba360aee84d0	03b2558402856a8b16999928429c332b	9824e6ee73b759f03af84ce6d3360e81
43058	22248ced88d7125eaf61c7e034740098	696fafd5c592768f15ed307652a88e44	8bca6f4b282e65fd2d38b605d70ebb9b
43059	d4310f8ab92419af3c4f341d291fd582	03f877cdaa11e023cbfe0c12408e042d	dba1516a9281468a2d1e0df60954414b
43060	8f04361bbf5c5e4b608a16387cc85cb7	ddd66b65f9d97ae8cc89a6894c5cb434	da9262b4712dd14d886e458d4efa55d6
43061	8f04361bbf5c5e4b608a16387cc85cb7	ddd66b65f9d97ae8cc89a6894c5cb434	da9262b4712dd14d886e458d4efa55d6
43062	8f04361bbf5c5e4b608a16387cc85cb7	ddd66b65f9d97ae8cc89a6894c5cb434	da9262b4712dd14d886e458d4efa55d6
43063	8f04361bbf5c5e4b608a16387cc85cb7	ddd66b65f9d97ae8cc89a6894c5cb434	da9262b4712dd14d886e458d4efa55d6
43064	8f04361bbf5c5e4b608a16387cc85cb7	ddd66b65f9d97ae8cc89a6894c5cb434	da9262b4712dd14d886e458d4efa55d6
43065	8f04361bbf5c5e4b608a16387cc85cb7	ddd66b65f9d97ae8cc89a6894c5cb434	da9262b4712dd14d886e458d4efa55d6
43066	8f04361bbf5c5e4b608a16387cc85cb7	ddd66b65f9d97ae8cc89a6894c5cb434	da9262b4712dd14d886e458d4efa55d6
43067	e37cc9f133f49cebc100920d504e718f	e37f292654504641cec5f85f39638f6d	a819e8759bad57fb9b3cab7484fc1f89
43068	e37cc9f133f49cebc100920d504e718f	e37f292654504641cec5f85f39638f6d	a819e8759bad57fb9b3cab7484fc1f89
43069	dbd6e537ae754359fc545d4bb3bbfc63	5e88381147a487d594b6eabb31bbc49a	e116ee732c08b4af489cf6acf13dfd4e
43070	e8f415ab3635440b7a966bbe7ab42752	0ad2b3c7f5db298b363a62628648718c	c4fd919db8d42e9bd7691cb6bb5dbc9c
43071	e8f415ab3635440b7a966bbe7ab42752	afb38fb88569c78e31158a41236a3cf2	38c409d7dcc3ebdaaf77256030a5ec12
43072	4783961f04ebd1bd6637367d2cab38a4	e4824119da4082c61d97791f5874aa0b	f27bb4bba2c2ec3446662ad71f2388af
43073	4783961f04ebd1bd6637367d2cab38a4	e4824119da4082c61d97791f5874aa0b	f27bb4bba2c2ec3446662ad71f2388af
43074	4783961f04ebd1bd6637367d2cab38a4	e4824119da4082c61d97791f5874aa0b	f27bb4bba2c2ec3446662ad71f2388af
43075	4783961f04ebd1bd6637367d2cab38a4	e4824119da4082c61d97791f5874aa0b	f27bb4bba2c2ec3446662ad71f2388af
43076	4783961f04ebd1bd6637367d2cab38a4	e4824119da4082c61d97791f5874aa0b	f27bb4bba2c2ec3446662ad71f2388af
43077	4783961f04ebd1bd6637367d2cab38a4	e4824119da4082c61d97791f5874aa0b	f27bb4bba2c2ec3446662ad71f2388af
43078	4783961f04ebd1bd6637367d2cab38a4	e4824119da4082c61d97791f5874aa0b	f27bb4bba2c2ec3446662ad71f2388af
43079	4783961f04ebd1bd6637367d2cab38a4	e4824119da4082c61d97791f5874aa0b	f27bb4bba2c2ec3446662ad71f2388af
43080	4783961f04ebd1bd6637367d2cab38a4	e4824119da4082c61d97791f5874aa0b	f27bb4bba2c2ec3446662ad71f2388af
43081	4783961f04ebd1bd6637367d2cab38a4	e4824119da4082c61d97791f5874aa0b	f27bb4bba2c2ec3446662ad71f2388af
43082	4783961f04ebd1bd6637367d2cab38a4	e4824119da4082c61d97791f5874aa0b	f27bb4bba2c2ec3446662ad71f2388af
43083	4783961f04ebd1bd6637367d2cab38a4	e4824119da4082c61d97791f5874aa0b	f27bb4bba2c2ec3446662ad71f2388af
43084	4783961f04ebd1bd6637367d2cab38a4	e4824119da4082c61d97791f5874aa0b	f27bb4bba2c2ec3446662ad71f2388af
43085	4783961f04ebd1bd6637367d2cab38a4	e4824119da4082c61d97791f5874aa0b	f27bb4bba2c2ec3446662ad71f2388af
43086	4783961f04ebd1bd6637367d2cab38a4	e4824119da4082c61d97791f5874aa0b	f27bb4bba2c2ec3446662ad71f2388af
43087	4783961f04ebd1bd6637367d2cab38a4	e4824119da4082c61d97791f5874aa0b	f27bb4bba2c2ec3446662ad71f2388af
43088	4783961f04ebd1bd6637367d2cab38a4	e4824119da4082c61d97791f5874aa0b	f27bb4bba2c2ec3446662ad71f2388af
43089	9e749020e94bf05cf8435a22f6fb8359	3ec40dc8e1626242d141701dbe33c650	63fed659e497655e52e700df005ad76b
43090	9e749020e94bf05cf8435a22f6fb8359	3ec40dc8e1626242d141701dbe33c650	63fed659e497655e52e700df005ad76b
43091	9e749020e94bf05cf8435a22f6fb8359	3ec40dc8e1626242d141701dbe33c650	63fed659e497655e52e700df005ad76b
43092	9e749020e94bf05cf8435a22f6fb8359	bd0d95212a16e5cab7a102c1ab88054d	45287a153fa1fadaa7618367b870e84f
43093	9e749020e94bf05cf8435a22f6fb8359	bd0d95212a16e5cab7a102c1ab88054d	45287a153fa1fadaa7618367b870e84f
43094	b5cfe6eb342b6b7b3e9f73a91309aaa7	9b8e135c25efa05283f2aa3b3e1a3fd7	f88cbc4ca75f274126760b33837b9690
43095	b5cfe6eb342b6b7b3e9f73a91309aaa7	9b8e135c25efa05283f2aa3b3e1a3fd7	f88cbc4ca75f274126760b33837b9690
43096	d65b7b9ef5a3bc75f2dff46623d9cfa4	1d01500ec8a09eca463b66990c00292f	4d212f176af2358c8fdd7e26598ba491
43097	d65b7b9ef5a3bc75f2dff46623d9cfa4	1d01500ec8a09eca463b66990c00292f	4d212f176af2358c8fdd7e26598ba491
43098	d65b7b9ef5a3bc75f2dff46623d9cfa4	1d01500ec8a09eca463b66990c00292f	4d212f176af2358c8fdd7e26598ba491
43099	d65b7b9ef5a3bc75f2dff46623d9cfa4	a06ab7317ae426c7339656315ad62cac	3489f80d96a695a97b72b555266bb5f3
43100	d65b7b9ef5a3bc75f2dff46623d9cfa4	a06ab7317ae426c7339656315ad62cac	3489f80d96a695a97b72b555266bb5f3
43101	d0c81f2f9d83fde5226f353f65777329	dd28479c6b4430da9a590fd969c89fdd	33ecfbe966bfb07623dc8464485debc1
43102	d0c81f2f9d83fde5226f353f65777329	dd28479c6b4430da9a590fd969c89fdd	33ecfbe966bfb07623dc8464485debc1
43103	d0c81f2f9d83fde5226f353f65777329	dd28479c6b4430da9a590fd969c89fdd	33ecfbe966bfb07623dc8464485debc1
43104	d0c81f2f9d83fde5226f353f65777329	dd28479c6b4430da9a590fd969c89fdd	33ecfbe966bfb07623dc8464485debc1
43105	d0c81f2f9d83fde5226f353f65777329	dd28479c6b4430da9a590fd969c89fdd	33ecfbe966bfb07623dc8464485debc1
43106	d0c81f2f9d83fde5226f353f65777329	dd28479c6b4430da9a590fd969c89fdd	33ecfbe966bfb07623dc8464485debc1
43107	d0c81f2f9d83fde5226f353f65777329	dd28479c6b4430da9a590fd969c89fdd	33ecfbe966bfb07623dc8464485debc1
43108	11626890815f4bf73b1ae1decd4caf20	d0fdc30f2451f18c3ee56ce6f1088d75	bf346fc1e0b010873777d60b8891b3ea
43109	11626890815f4bf73b1ae1decd4caf20	d0fdc30f2451f18c3ee56ce6f1088d75	bf346fc1e0b010873777d60b8891b3ea
43110	11626890815f4bf73b1ae1decd4caf20	d0fdc30f2451f18c3ee56ce6f1088d75	bf346fc1e0b010873777d60b8891b3ea
43111	11626890815f4bf73b1ae1decd4caf20	d0fdc30f2451f18c3ee56ce6f1088d75	bf346fc1e0b010873777d60b8891b3ea
43112	11626890815f4bf73b1ae1decd4caf20	d0fdc30f2451f18c3ee56ce6f1088d75	bf346fc1e0b010873777d60b8891b3ea
43113	0196a61081d9af0ce1598d5608e0995a	1d2f23363062aff13197556b65382feb	887cbb42490bba9f1a1171ec76968f49
43114	0196a61081d9af0ce1598d5608e0995a	1d2f23363062aff13197556b65382feb	887cbb42490bba9f1a1171ec76968f49
43115	0196a61081d9af0ce1598d5608e0995a	1d2f23363062aff13197556b65382feb	887cbb42490bba9f1a1171ec76968f49
43116	0196a61081d9af0ce1598d5608e0995a	9af551ac85227e798fea958fa4f888ae	714bdf10bbdc50a133e385bdb5d60962
43117	0196a61081d9af0ce1598d5608e0995a	9af551ac85227e798fea958fa4f888ae	714bdf10bbdc50a133e385bdb5d60962
43118	2babd81c225fe08bf44c29335efa11b9	7313b6b40d03b26e87f9587541b1c95d	9f9b220052c925743758d1d7a2127297
43119	2babd81c225fe08bf44c29335efa11b9	7313b6b40d03b26e87f9587541b1c95d	9f9b220052c925743758d1d7a2127297
43120	4955941d181c3c5a1a9a42d3f2407fa1	318345cbd0a7617fffcbb7626b8c55a4	06a1e3859148a223ee2ec1340e9b27f7
43121	4955941d181c3c5a1a9a42d3f2407fa1	318345cbd0a7617fffcbb7626b8c55a4	06a1e3859148a223ee2ec1340e9b27f7
43122	4955941d181c3c5a1a9a42d3f2407fa1	318345cbd0a7617fffcbb7626b8c55a4	06a1e3859148a223ee2ec1340e9b27f7
43123	4955941d181c3c5a1a9a42d3f2407fa1	318345cbd0a7617fffcbb7626b8c55a4	06a1e3859148a223ee2ec1340e9b27f7
43124	4955941d181c3c5a1a9a42d3f2407fa1	318345cbd0a7617fffcbb7626b8c55a4	06a1e3859148a223ee2ec1340e9b27f7
43125	6e579c5ddc7c3fd0e1ebfe1c952eae24	f9ee92d8a8b77399819dc2de474975af	a8a26780ffcf64eeaece73e0f0347eef
43126	6e579c5ddc7c3fd0e1ebfe1c952eae24	f9ee92d8a8b77399819dc2de474975af	a8a26780ffcf64eeaece73e0f0347eef
43127	6e579c5ddc7c3fd0e1ebfe1c952eae24	f9ee92d8a8b77399819dc2de474975af	a8a26780ffcf64eeaece73e0f0347eef
43128	6e579c5ddc7c3fd0e1ebfe1c952eae24	f9ee92d8a8b77399819dc2de474975af	a8a26780ffcf64eeaece73e0f0347eef
43129	6e579c5ddc7c3fd0e1ebfe1c952eae24	f9ee92d8a8b77399819dc2de474975af	a8a26780ffcf64eeaece73e0f0347eef
43130	9f48e37eebd1a0086562837642d5c5ac	9bba4d9f9fabefbfe5c9a02de060f397	45e55deb1f6e177fe494fffb171f4a3b
43131	9f48e37eebd1a0086562837642d5c5ac	9bba4d9f9fabefbfe5c9a02de060f397	45e55deb1f6e177fe494fffb171f4a3b
43132	9f48e37eebd1a0086562837642d5c5ac	9bba4d9f9fabefbfe5c9a02de060f397	45e55deb1f6e177fe494fffb171f4a3b
43133	ad23d7840886b4889533112238687c33	38da5719f05325b858f2f61818822b17	c5d67bac21842930279b230dab4b0733
43134	ad23d7840886b4889533112238687c33	38da5719f05325b858f2f61818822b17	c5d67bac21842930279b230dab4b0733
43135	915f35c146a3863081e698d7278e69d6	9ec82a70297c02b1dc9a15e642c72c8c	ea5e62366c911be42601161195d10d71
43136	915f35c146a3863081e698d7278e69d6	c1c72422280d86965178a2b117f1d2d5	a950e83610beae9a29b5dbe1068e5391
43137	69c742e6d77abf2c102a10bc61b05e35	e623d1863a460954332e91ef3804e5f6	2209b9b44a0233ae95333bf54376dda2
43138	69c742e6d77abf2c102a10bc61b05e35	e623d1863a460954332e91ef3804e5f6	2209b9b44a0233ae95333bf54376dda2
43139	69c742e6d77abf2c102a10bc61b05e35	e623d1863a460954332e91ef3804e5f6	2209b9b44a0233ae95333bf54376dda2
43140	69c742e6d77abf2c102a10bc61b05e35	e623d1863a460954332e91ef3804e5f6	2209b9b44a0233ae95333bf54376dda2
43141	69c742e6d77abf2c102a10bc61b05e35	e623d1863a460954332e91ef3804e5f6	2209b9b44a0233ae95333bf54376dda2
43142	a6cd813ed9baa3c63eb1fe0c064de61b	db0ba762e275cb8bf69473c980e97514	bcd962bfda932044c988bd91928ae33a
43143	a6cd813ed9baa3c63eb1fe0c064de61b	db0ba762e275cb8bf69473c980e97514	bcd962bfda932044c988bd91928ae33a
43144	a6cd813ed9baa3c63eb1fe0c064de61b	db0ba762e275cb8bf69473c980e97514	bcd962bfda932044c988bd91928ae33a
43145	a6cd813ed9baa3c63eb1fe0c064de61b	db0ba762e275cb8bf69473c980e97514	bcd962bfda932044c988bd91928ae33a
43146	a6cd813ed9baa3c63eb1fe0c064de61b	db0ba762e275cb8bf69473c980e97514	bcd962bfda932044c988bd91928ae33a
43147	a6cd813ed9baa3c63eb1fe0c064de61b	db0ba762e275cb8bf69473c980e97514	bcd962bfda932044c988bd91928ae33a
43148	a6cd813ed9baa3c63eb1fe0c064de61b	db0ba762e275cb8bf69473c980e97514	bcd962bfda932044c988bd91928ae33a
43149	91f45dad92254a5bcc2256f2e11fc246	04df7d20383dd0b09002c938ecfe06b3	a8aac93a2c24449ce152795d36ba5fd5
43150	91f45dad92254a5bcc2256f2e11fc246	8482a590ebb4e2f68c0b19094305d1cf	017e30198cb9dc8abdeba5f994a87f91
43151	91f45dad92254a5bcc2256f2e11fc246	8482a590ebb4e2f68c0b19094305d1cf	017e30198cb9dc8abdeba5f994a87f91
43152	91f45dad92254a5bcc2256f2e11fc246	8482a590ebb4e2f68c0b19094305d1cf	017e30198cb9dc8abdeba5f994a87f91
43153	91f45dad92254a5bcc2256f2e11fc246	8482a590ebb4e2f68c0b19094305d1cf	017e30198cb9dc8abdeba5f994a87f91
43154	91f45dad92254a5bcc2256f2e11fc246	8482a590ebb4e2f68c0b19094305d1cf	017e30198cb9dc8abdeba5f994a87f91
43155	91f45dad92254a5bcc2256f2e11fc246	8482a590ebb4e2f68c0b19094305d1cf	017e30198cb9dc8abdeba5f994a87f91
43156	91f45dad92254a5bcc2256f2e11fc246	8482a590ebb4e2f68c0b19094305d1cf	017e30198cb9dc8abdeba5f994a87f91
43157	91f45dad92254a5bcc2256f2e11fc246	8482a590ebb4e2f68c0b19094305d1cf	017e30198cb9dc8abdeba5f994a87f91
43158	91f45dad92254a5bcc2256f2e11fc246	8482a590ebb4e2f68c0b19094305d1cf	017e30198cb9dc8abdeba5f994a87f91
43159	66a9525fbc979de760104a30fc075dff	7c9a2bd8b3ecbe962b0b398f416d6312	17ddd9d29add7611030bdd8b733d38c8
43160	66a9525fbc979de760104a30fc075dff	7c9a2bd8b3ecbe962b0b398f416d6312	17ddd9d29add7611030bdd8b733d38c8
43161	66a9525fbc979de760104a30fc075dff	7c9a2bd8b3ecbe962b0b398f416d6312	17ddd9d29add7611030bdd8b733d38c8
43162	66a9525fbc979de760104a30fc075dff	7c9a2bd8b3ecbe962b0b398f416d6312	17ddd9d29add7611030bdd8b733d38c8
43163	66a9525fbc979de760104a30fc075dff	7c9a2bd8b3ecbe962b0b398f416d6312	17ddd9d29add7611030bdd8b733d38c8
43164	66a9525fbc979de760104a30fc075dff	7c9a2bd8b3ecbe962b0b398f416d6312	17ddd9d29add7611030bdd8b733d38c8
43165	66a9525fbc979de760104a30fc075dff	7c9a2bd8b3ecbe962b0b398f416d6312	17ddd9d29add7611030bdd8b733d38c8
43166	7b2482fa141a63f956cd42de3696209f	a4649c46df7963d1beaefa9beea6d89d	d9de6a5013688b56969d7f3f64778f47
43167	7b2482fa141a63f956cd42de3696209f	a4649c46df7963d1beaefa9beea6d89d	d9de6a5013688b56969d7f3f64778f47
43168	7b2482fa141a63f956cd42de3696209f	a4649c46df7963d1beaefa9beea6d89d	d9de6a5013688b56969d7f3f64778f47
43169	bd0fbdd958be12fc13687fd5239367eb	9dae60bcf9caeb65c1f0fff2f10bdf31	fcabada98717f9744aa6d8ec7cf01457
43170	78cc5aaf376eab6555afea8a19226777	126558622c836b3c238faa2f48eac135	a20214c2e5e22275ca19fa15814fdd07
43171	2c9b189d495807d304c54a53c68b3276	ced252972fd202967030ac3107963b17	dd73a1b3b1e64f5214f8c0b4dc94053e
43172	2c9b189d495807d304c54a53c68b3276	ced252972fd202967030ac3107963b17	dd73a1b3b1e64f5214f8c0b4dc94053e
43173	2c9b189d495807d304c54a53c68b3276	ced252972fd202967030ac3107963b17	dd73a1b3b1e64f5214f8c0b4dc94053e
43174	2c9b189d495807d304c54a53c68b3276	ced252972fd202967030ac3107963b17	dd73a1b3b1e64f5214f8c0b4dc94053e
43175	2c9b189d495807d304c54a53c68b3276	ced252972fd202967030ac3107963b17	dd73a1b3b1e64f5214f8c0b4dc94053e
43176	2c9b189d495807d304c54a53c68b3276	ced252972fd202967030ac3107963b17	dd73a1b3b1e64f5214f8c0b4dc94053e
43177	2c9b189d495807d304c54a53c68b3276	ced252972fd202967030ac3107963b17	dd73a1b3b1e64f5214f8c0b4dc94053e
43178	ec7da9dcc18d88af48070f5acfd2fdfa	bbb69a7739d8ffda813a8e519bae59a1	3751a3c36f0154f685e0924f6e5f3ec7
43179	ec7da9dcc18d88af48070f5acfd2fdfa	bbb69a7739d8ffda813a8e519bae59a1	3751a3c36f0154f685e0924f6e5f3ec7
43180	ec7da9dcc18d88af48070f5acfd2fdfa	bbb69a7739d8ffda813a8e519bae59a1	3751a3c36f0154f685e0924f6e5f3ec7
43181	ec7da9dcc18d88af48070f5acfd2fdfa	bbb69a7739d8ffda813a8e519bae59a1	3751a3c36f0154f685e0924f6e5f3ec7
43182	ec7da9dcc18d88af48070f5acfd2fdfa	bbb69a7739d8ffda813a8e519bae59a1	3751a3c36f0154f685e0924f6e5f3ec7
43183	d45f4b34cad9031f7f64659ca5b87d08	7545c143ea479ac9a13173f633efa2d1	0b31fb784c1bf2dde28d781efd4cb795
43184	d45f4b34cad9031f7f64659ca5b87d08	7545c143ea479ac9a13173f633efa2d1	0b31fb784c1bf2dde28d781efd4cb795
43185	d45f4b34cad9031f7f64659ca5b87d08	7545c143ea479ac9a13173f633efa2d1	0b31fb784c1bf2dde28d781efd4cb795
43186	d45f4b34cad9031f7f64659ca5b87d08	7545c143ea479ac9a13173f633efa2d1	0b31fb784c1bf2dde28d781efd4cb795
43187	d45f4b34cad9031f7f64659ca5b87d08	7545c143ea479ac9a13173f633efa2d1	0b31fb784c1bf2dde28d781efd4cb795
43188	d45f4b34cad9031f7f64659ca5b87d08	7545c143ea479ac9a13173f633efa2d1	0b31fb784c1bf2dde28d781efd4cb795
43189	d45f4b34cad9031f7f64659ca5b87d08	7545c143ea479ac9a13173f633efa2d1	0b31fb784c1bf2dde28d781efd4cb795
43190	d45f4b34cad9031f7f64659ca5b87d08	7545c143ea479ac9a13173f633efa2d1	0b31fb784c1bf2dde28d781efd4cb795
43191	d45f4b34cad9031f7f64659ca5b87d08	7545c143ea479ac9a13173f633efa2d1	0b31fb784c1bf2dde28d781efd4cb795
43192	d45f4b34cad9031f7f64659ca5b87d08	7545c143ea479ac9a13173f633efa2d1	0b31fb784c1bf2dde28d781efd4cb795
43193	d45f4b34cad9031f7f64659ca5b87d08	7545c143ea479ac9a13173f633efa2d1	0b31fb784c1bf2dde28d781efd4cb795
43194	d45f4b34cad9031f7f64659ca5b87d08	7545c143ea479ac9a13173f633efa2d1	0b31fb784c1bf2dde28d781efd4cb795
43195	d45f4b34cad9031f7f64659ca5b87d08	7545c143ea479ac9a13173f633efa2d1	0b31fb784c1bf2dde28d781efd4cb795
43196	d45f4b34cad9031f7f64659ca5b87d08	7545c143ea479ac9a13173f633efa2d1	0b31fb784c1bf2dde28d781efd4cb795
43197	d45f4b34cad9031f7f64659ca5b87d08	7545c143ea479ac9a13173f633efa2d1	0b31fb784c1bf2dde28d781efd4cb795
43198	d45f4b34cad9031f7f64659ca5b87d08	7545c143ea479ac9a13173f633efa2d1	0b31fb784c1bf2dde28d781efd4cb795
43199	d45f4b34cad9031f7f64659ca5b87d08	7545c143ea479ac9a13173f633efa2d1	0b31fb784c1bf2dde28d781efd4cb795
43200	88d7857aa5067a05bd0eb2ab196b1506	fddd39163648d521aa085c0380405537	d3dae2939b7150355990920429a6b15e
43201	88d7857aa5067a05bd0eb2ab196b1506	fddd39163648d521aa085c0380405537	d3dae2939b7150355990920429a6b15e
43202	88d7857aa5067a05bd0eb2ab196b1506	fddd39163648d521aa085c0380405537	d3dae2939b7150355990920429a6b15e
43203	88d7857aa5067a05bd0eb2ab196b1506	fddd39163648d521aa085c0380405537	d3dae2939b7150355990920429a6b15e
43204	88d7857aa5067a05bd0eb2ab196b1506	fddd39163648d521aa085c0380405537	d3dae2939b7150355990920429a6b15e
43205	88d7857aa5067a05bd0eb2ab196b1506	fddd39163648d521aa085c0380405537	d3dae2939b7150355990920429a6b15e
43206	88d7857aa5067a05bd0eb2ab196b1506	fddd39163648d521aa085c0380405537	d3dae2939b7150355990920429a6b15e
43207	71eb7bb775b80729941e3928e255b826	b732259576bbd449b1012c4a1057e321	1274121a257882e80048d9c488cf7a0c
43208	71eb7bb775b80729941e3928e255b826	b732259576bbd449b1012c4a1057e321	1274121a257882e80048d9c488cf7a0c
43209	71eb7bb775b80729941e3928e255b826	b732259576bbd449b1012c4a1057e321	1274121a257882e80048d9c488cf7a0c
43210	71eb7bb775b80729941e3928e255b826	b732259576bbd449b1012c4a1057e321	1274121a257882e80048d9c488cf7a0c
43211	71eb7bb775b80729941e3928e255b826	b732259576bbd449b1012c4a1057e321	1274121a257882e80048d9c488cf7a0c
43212	ee82e24f16ef659da2c04d19a3f7eec1	b67670793fab5b9115fe7c2d7438e753	5349b84161a7de5426f206c4ff5f9a38
43213	b77e2d67a2250023f582caebacbfed6f	db582d4089492958f229f2cb5b20d15f	d917f2ac3a52a5793d1a97a4ae0b5edc
43214	cd26090f8a91cba9d1ef0153da1b2cd0	d57b1d150480e9aa1c32a65ead495eb6	fb559d83bef34c2fb21593f58e9b8bed
43215	00eefd1115e34c5256c2bcb540d528c8	317bd3311ed03ba39b7463bc287e2a92	bf4d329f1724865b81017876533d2bc8
43216	00eefd1115e34c5256c2bcb540d528c8	317bd3311ed03ba39b7463bc287e2a92	bf4d329f1724865b81017876533d2bc8
43217	00eefd1115e34c5256c2bcb540d528c8	317bd3311ed03ba39b7463bc287e2a92	bf4d329f1724865b81017876533d2bc8
43218	00eefd1115e34c5256c2bcb540d528c8	317bd3311ed03ba39b7463bc287e2a92	bf4d329f1724865b81017876533d2bc8
43219	19e9a4bcc971a344746fbef056f54749	12cead82d815e2500df2de8b6f798a67	e0a96b697e1626f0132621f2b649a27d
43220	19e9a4bcc971a344746fbef056f54749	12cead82d815e2500df2de8b6f798a67	e0a96b697e1626f0132621f2b649a27d
43221	19e9a4bcc971a344746fbef056f54749	12cead82d815e2500df2de8b6f798a67	e0a96b697e1626f0132621f2b649a27d
43222	19e9a4bcc971a344746fbef056f54749	12cead82d815e2500df2de8b6f798a67	e0a96b697e1626f0132621f2b649a27d
43223	19e9a4bcc971a344746fbef056f54749	12cead82d815e2500df2de8b6f798a67	e0a96b697e1626f0132621f2b649a27d
43224	57c42d7800c2036d1e963a78945e6224	e52fc988a61576f5a93950cd72637d44	15daac54a316fd6078d4b31f55e0082c
43225	57c42d7800c2036d1e963a78945e6224	e52fc988a61576f5a93950cd72637d44	15daac54a316fd6078d4b31f55e0082c
43226	57c42d7800c2036d1e963a78945e6224	e52fc988a61576f5a93950cd72637d44	15daac54a316fd6078d4b31f55e0082c
43227	57c42d7800c2036d1e963a78945e6224	e52fc988a61576f5a93950cd72637d44	15daac54a316fd6078d4b31f55e0082c
43228	222f52a5394394ce7e9f7264f445a433	a324ad4be2dafdbbd9f3d8239a690e88	7b5e72ea4913179a8d893a7ae3e152f0
43229	0a49e615f76068b067c66f302e2d9756	366b217bcef452c947b0a300ba5b3abe	bc2cc79dfad0f8801530efd61ea10345
43230	0a49e615f76068b067c66f302e2d9756	366b217bcef452c947b0a300ba5b3abe	bc2cc79dfad0f8801530efd61ea10345
43231	0a49e615f76068b067c66f302e2d9756	366b217bcef452c947b0a300ba5b3abe	bc2cc79dfad0f8801530efd61ea10345
43232	0a49e615f76068b067c66f302e2d9756	366b217bcef452c947b0a300ba5b3abe	bc2cc79dfad0f8801530efd61ea10345
43233	0a49e615f76068b067c66f302e2d9756	366b217bcef452c947b0a300ba5b3abe	bc2cc79dfad0f8801530efd61ea10345
43234	0a49e615f76068b067c66f302e2d9756	366b217bcef452c947b0a300ba5b3abe	bc2cc79dfad0f8801530efd61ea10345
43235	0a49e615f76068b067c66f302e2d9756	366b217bcef452c947b0a300ba5b3abe	bc2cc79dfad0f8801530efd61ea10345
43236	26798fc3447b8e2ab8078213bd00dd56	774222bdaeea5f54cae1843798241fc5	aaf5124921a42d21bb1542b1e0e3fedb
43237	d49d44378425885ae954b6638bd34caf	aa618550693d22ab0db07d0f17a30285	4a3e823522b4f1a222e3a105bcb05f5e
43238	d49d44378425885ae954b6638bd34caf	aa618550693d22ab0db07d0f17a30285	4a3e823522b4f1a222e3a105bcb05f5e
43239	f38c459b542edf53c77b4f2b02c3e0ce	b441660abd241e654aabfca2734ad21d	1d2e2c0add75f29c349a48851288d8d6
43240	f38c459b542edf53c77b4f2b02c3e0ce	b441660abd241e654aabfca2734ad21d	1d2e2c0add75f29c349a48851288d8d6
43241	3775af6d0b675d98a12f33afae2df474	ff4e745b93419ca6b13b691d7c9b9235	f3dd5f59601957ab2d4f9045585e1b94
43242	3775af6d0b675d98a12f33afae2df474	ff4e745b93419ca6b13b691d7c9b9235	f3dd5f59601957ab2d4f9045585e1b94
43243	3775af6d0b675d98a12f33afae2df474	ff4e745b93419ca6b13b691d7c9b9235	f3dd5f59601957ab2d4f9045585e1b94
43244	3775af6d0b675d98a12f33afae2df474	ff4e745b93419ca6b13b691d7c9b9235	f3dd5f59601957ab2d4f9045585e1b94
43245	3775af6d0b675d98a12f33afae2df474	ff4e745b93419ca6b13b691d7c9b9235	f3dd5f59601957ab2d4f9045585e1b94
43246	3775af6d0b675d98a12f33afae2df474	ff4e745b93419ca6b13b691d7c9b9235	f3dd5f59601957ab2d4f9045585e1b94
43247	3775af6d0b675d98a12f33afae2df474	ff4e745b93419ca6b13b691d7c9b9235	f3dd5f59601957ab2d4f9045585e1b94
43248	1c251c8f81970261c74f20ab9fd1d353	2ec372059d74fd4652767c8862f4e898	1c031b98c3495dae22ec5943298aa147
43249	1c251c8f81970261c74f20ab9fd1d353	2ec372059d74fd4652767c8862f4e898	1c031b98c3495dae22ec5943298aa147
43250	1c251c8f81970261c74f20ab9fd1d353	2ec372059d74fd4652767c8862f4e898	1c031b98c3495dae22ec5943298aa147
43251	1c251c8f81970261c74f20ab9fd1d353	2ec372059d74fd4652767c8862f4e898	1c031b98c3495dae22ec5943298aa147
43252	1c251c8f81970261c74f20ab9fd1d353	2ec372059d74fd4652767c8862f4e898	1c031b98c3495dae22ec5943298aa147
43253	6e4f482a578bc5ca7556e73d8f78d0a6	8342e67ea224e03238790373106d564f	8e0b9649918929b609984169be8fec35
43254	6e4f482a578bc5ca7556e73d8f78d0a6	8342e67ea224e03238790373106d564f	8e0b9649918929b609984169be8fec35
43255	6e4f482a578bc5ca7556e73d8f78d0a6	8342e67ea224e03238790373106d564f	8e0b9649918929b609984169be8fec35
43256	6e4f482a578bc5ca7556e73d8f78d0a6	8342e67ea224e03238790373106d564f	8e0b9649918929b609984169be8fec35
43257	6e4f482a578bc5ca7556e73d8f78d0a6	8342e67ea224e03238790373106d564f	8e0b9649918929b609984169be8fec35
43258	6e4f482a578bc5ca7556e73d8f78d0a6	8342e67ea224e03238790373106d564f	8e0b9649918929b609984169be8fec35
43259	6e4f482a578bc5ca7556e73d8f78d0a6	8342e67ea224e03238790373106d564f	8e0b9649918929b609984169be8fec35
43260	c7b6813bd4e9e400a44e0e62a3ee541e	8720d2df992899694ae04d7441149e06	ce02c3f216d26842941d4dc33fc9ec8b
43261	c7b6813bd4e9e400a44e0e62a3ee541e	8720d2df992899694ae04d7441149e06	ce02c3f216d26842941d4dc33fc9ec8b
43262	c7b6813bd4e9e400a44e0e62a3ee541e	8720d2df992899694ae04d7441149e06	ce02c3f216d26842941d4dc33fc9ec8b
43263	c7b6813bd4e9e400a44e0e62a3ee541e	8720d2df992899694ae04d7441149e06	ce02c3f216d26842941d4dc33fc9ec8b
43264	c7b6813bd4e9e400a44e0e62a3ee541e	8720d2df992899694ae04d7441149e06	ce02c3f216d26842941d4dc33fc9ec8b
43265	f32ef2c88d76be53f815483b7ff173d5	d375daa34f6402f4920567c0fd448a42	78eba7736e50ce832fea6cc238b27034
43266	f32ef2c88d76be53f815483b7ff173d5	d375daa34f6402f4920567c0fd448a42	78eba7736e50ce832fea6cc238b27034
43267	f32ef2c88d76be53f815483b7ff173d5	d375daa34f6402f4920567c0fd448a42	78eba7736e50ce832fea6cc238b27034
43268	f32ef2c88d76be53f815483b7ff173d5	d375daa34f6402f4920567c0fd448a42	78eba7736e50ce832fea6cc238b27034
43269	f32ef2c88d76be53f815483b7ff173d5	d375daa34f6402f4920567c0fd448a42	78eba7736e50ce832fea6cc238b27034
43270	1198ed5c1d85ed82cb614f81c8151177	68cb36319d146d63af2161fb4f402f85	5b3c46f373accd54a263409e3c01c32f
43271	1198ed5c1d85ed82cb614f81c8151177	68cb36319d146d63af2161fb4f402f85	5b3c46f373accd54a263409e3c01c32f
43272	1198ed5c1d85ed82cb614f81c8151177	68cb36319d146d63af2161fb4f402f85	5b3c46f373accd54a263409e3c01c32f
43273	1198ed5c1d85ed82cb614f81c8151177	68cb36319d146d63af2161fb4f402f85	5b3c46f373accd54a263409e3c01c32f
43274	1198ed5c1d85ed82cb614f81c8151177	a058c6fe87245db9cc3249431467534f	d61aff19788842e4bb00a5d0b864eb29
43275	1198ed5c1d85ed82cb614f81c8151177	68cb36319d146d63af2161fb4f402f85	5b3c46f373accd54a263409e3c01c32f
43276	1198ed5c1d85ed82cb614f81c8151177	68cb36319d146d63af2161fb4f402f85	5b3c46f373accd54a263409e3c01c32f
43277	1198ed5c1d85ed82cb614f81c8151177	68cb36319d146d63af2161fb4f402f85	5b3c46f373accd54a263409e3c01c32f
43278	1198ed5c1d85ed82cb614f81c8151177	68cb36319d146d63af2161fb4f402f85	5b3c46f373accd54a263409e3c01c32f
43279	1198ed5c1d85ed82cb614f81c8151177	68cb36319d146d63af2161fb4f402f85	5b3c46f373accd54a263409e3c01c32f
43280	1198ed5c1d85ed82cb614f81c8151177	68cb36319d146d63af2161fb4f402f85	5b3c46f373accd54a263409e3c01c32f
43281	1198ed5c1d85ed82cb614f81c8151177	a058c6fe87245db9cc3249431467534f	d61aff19788842e4bb00a5d0b864eb29
43282	e6c2fb48d4f08e00e68fdaf1935a8fb3	1baabe3e33a8c40ff1cf2e48ef66f187	d2f12a2119a9109ad3eabccdc13ae70d
43283	e6c2fb48d4f08e00e68fdaf1935a8fb3	1baabe3e33a8c40ff1cf2e48ef66f187	d2f12a2119a9109ad3eabccdc13ae70d
43284	e6c2fb48d4f08e00e68fdaf1935a8fb3	1baabe3e33a8c40ff1cf2e48ef66f187	d2f12a2119a9109ad3eabccdc13ae70d
43285	e6c2fb48d4f08e00e68fdaf1935a8fb3	1baabe3e33a8c40ff1cf2e48ef66f187	d2f12a2119a9109ad3eabccdc13ae70d
43286	e6c2fb48d4f08e00e68fdaf1935a8fb3	1baabe3e33a8c40ff1cf2e48ef66f187	d2f12a2119a9109ad3eabccdc13ae70d
43287	e6c2fb48d4f08e00e68fdaf1935a8fb3	1baabe3e33a8c40ff1cf2e48ef66f187	d2f12a2119a9109ad3eabccdc13ae70d
43288	e6c2fb48d4f08e00e68fdaf1935a8fb3	1baabe3e33a8c40ff1cf2e48ef66f187	d2f12a2119a9109ad3eabccdc13ae70d
43289	219486bb52849e5751ff9a4b45dcd6fb	bcad9b91f5f9d461a32c3ecaa4d19f2e	25a61c1e1940e4c50865634d959f2357
43290	219486bb52849e5751ff9a4b45dcd6fb	bcad9b91f5f9d461a32c3ecaa4d19f2e	25a61c1e1940e4c50865634d959f2357
43291	219486bb52849e5751ff9a4b45dcd6fb	bcad9b91f5f9d461a32c3ecaa4d19f2e	25a61c1e1940e4c50865634d959f2357
43292	219486bb52849e5751ff9a4b45dcd6fb	bcad9b91f5f9d461a32c3ecaa4d19f2e	25a61c1e1940e4c50865634d959f2357
43293	219486bb52849e5751ff9a4b45dcd6fb	bcad9b91f5f9d461a32c3ecaa4d19f2e	25a61c1e1940e4c50865634d959f2357
43294	219486bb52849e5751ff9a4b45dcd6fb	bcad9b91f5f9d461a32c3ecaa4d19f2e	25a61c1e1940e4c50865634d959f2357
43295	219486bb52849e5751ff9a4b45dcd6fb	bcad9b91f5f9d461a32c3ecaa4d19f2e	25a61c1e1940e4c50865634d959f2357
43296	219486bb52849e5751ff9a4b45dcd6fb	bcad9b91f5f9d461a32c3ecaa4d19f2e	25a61c1e1940e4c50865634d959f2357
43297	219486bb52849e5751ff9a4b45dcd6fb	bcad9b91f5f9d461a32c3ecaa4d19f2e	25a61c1e1940e4c50865634d959f2357
43298	219486bb52849e5751ff9a4b45dcd6fb	bcad9b91f5f9d461a32c3ecaa4d19f2e	25a61c1e1940e4c50865634d959f2357
43299	a822e2fc1ab8a852c2f069673c4a32a0	854214ba5effd81e32954f9e58d47d00	642e57082d3e385fc01f946b4aecd08f
43300	a822e2fc1ab8a852c2f069673c4a32a0	854214ba5effd81e32954f9e58d47d00	642e57082d3e385fc01f946b4aecd08f
43301	a822e2fc1ab8a852c2f069673c4a32a0	854214ba5effd81e32954f9e58d47d00	642e57082d3e385fc01f946b4aecd08f
43302	a822e2fc1ab8a852c2f069673c4a32a0	854214ba5effd81e32954f9e58d47d00	642e57082d3e385fc01f946b4aecd08f
43303	a822e2fc1ab8a852c2f069673c4a32a0	854214ba5effd81e32954f9e58d47d00	642e57082d3e385fc01f946b4aecd08f
43304	a822e2fc1ab8a852c2f069673c4a32a0	854214ba5effd81e32954f9e58d47d00	642e57082d3e385fc01f946b4aecd08f
43305	a822e2fc1ab8a852c2f069673c4a32a0	854214ba5effd81e32954f9e58d47d00	642e57082d3e385fc01f946b4aecd08f
43306	5037f2165fcc9a437791bf82be46c369	df74d8ec0d8334953809d2617291a329	a6157b9dedcbcbfad7d542776e0b3bdc
43307	5037f2165fcc9a437791bf82be46c369	df74d8ec0d8334953809d2617291a329	a6157b9dedcbcbfad7d542776e0b3bdc
43308	5037f2165fcc9a437791bf82be46c369	df74d8ec0d8334953809d2617291a329	a6157b9dedcbcbfad7d542776e0b3bdc
43309	5037f2165fcc9a437791bf82be46c369	df74d8ec0d8334953809d2617291a329	a6157b9dedcbcbfad7d542776e0b3bdc
43310	5037f2165fcc9a437791bf82be46c369	6da6e872c727206700cd0629b0d08403	49a91d3d531efe85d057595ae5438233
43311	b8c84fe2dda4814e6eecd349086b4ed0	f827aec34981d78dcd4ba28c948ca9ec	230836604f98df27fabca926257f5d32
43312	b8c84fe2dda4814e6eecd349086b4ed0	f827aec34981d78dcd4ba28c948ca9ec	230836604f98df27fabca926257f5d32
43313	b8c84fe2dda4814e6eecd349086b4ed0	f827aec34981d78dcd4ba28c948ca9ec	230836604f98df27fabca926257f5d32
43314	b8c84fe2dda4814e6eecd349086b4ed0	f827aec34981d78dcd4ba28c948ca9ec	230836604f98df27fabca926257f5d32
43315	b8c84fe2dda4814e6eecd349086b4ed0	f827aec34981d78dcd4ba28c948ca9ec	230836604f98df27fabca926257f5d32
43316	b8c84fe2dda4814e6eecd349086b4ed0	f827aec34981d78dcd4ba28c948ca9ec	230836604f98df27fabca926257f5d32
43317	b8c84fe2dda4814e6eecd349086b4ed0	f827aec34981d78dcd4ba28c948ca9ec	230836604f98df27fabca926257f5d32
43318	b8c84fe2dda4814e6eecd349086b4ed0	f827aec34981d78dcd4ba28c948ca9ec	230836604f98df27fabca926257f5d32
43319	b8c84fe2dda4814e6eecd349086b4ed0	f827aec34981d78dcd4ba28c948ca9ec	230836604f98df27fabca926257f5d32
43320	b8c84fe2dda4814e6eecd349086b4ed0	f827aec34981d78dcd4ba28c948ca9ec	230836604f98df27fabca926257f5d32
43321	b8c84fe2dda4814e6eecd349086b4ed0	f827aec34981d78dcd4ba28c948ca9ec	230836604f98df27fabca926257f5d32
43322	b8c84fe2dda4814e6eecd349086b4ed0	f827aec34981d78dcd4ba28c948ca9ec	230836604f98df27fabca926257f5d32
43323	b8c84fe2dda4814e6eecd349086b4ed0	f827aec34981d78dcd4ba28c948ca9ec	230836604f98df27fabca926257f5d32
43324	b8c84fe2dda4814e6eecd349086b4ed0	f827aec34981d78dcd4ba28c948ca9ec	230836604f98df27fabca926257f5d32
43325	b8c84fe2dda4814e6eecd349086b4ed0	f827aec34981d78dcd4ba28c948ca9ec	230836604f98df27fabca926257f5d32
43326	b8c84fe2dda4814e6eecd349086b4ed0	f827aec34981d78dcd4ba28c948ca9ec	230836604f98df27fabca926257f5d32
43327	b8c84fe2dda4814e6eecd349086b4ed0	f827aec34981d78dcd4ba28c948ca9ec	230836604f98df27fabca926257f5d32
43328	838eb3e7f02ec25c5620f4c0bdd6adb3	b1a3b944f0c89eb804ff41c86e9eb048	b90db20fadeae795a8d432e6568c1161
43329	838eb3e7f02ec25c5620f4c0bdd6adb3	b1a3b944f0c89eb804ff41c86e9eb048	b90db20fadeae795a8d432e6568c1161
43330	838eb3e7f02ec25c5620f4c0bdd6adb3	b1a3b944f0c89eb804ff41c86e9eb048	b90db20fadeae795a8d432e6568c1161
43331	5cfa4a905d6a400580f2256682330a45	66d7e93d7ff3723c1544fac03f7eca7f	52e088cb4d66c0fa4cb96c7af35d6beb
43332	4982ad1589842ed8975e44babb7b2094	456ce98e69ca88b3eea2f5ee23dd2588	ad39129863e41b7a712ad9cd3a9876b1
43333	e95d195c7ea1691c3f17c1f354894092	6996ed5af974a8daae3762b5be20a405	581ed20f953f934ee34bfce883b587c9
43334	e95d195c7ea1691c3f17c1f354894092	6996ed5af974a8daae3762b5be20a405	581ed20f953f934ee34bfce883b587c9
43335	f8ef108bba8c39a8561cfcc4a81210dd	a64cb4fb08f686cc8f79e8375f7b80fa	5d38d7d0d4966f3706c49e952e4a3aa7
43336	f8ef108bba8c39a8561cfcc4a81210dd	a64cb4fb08f686cc8f79e8375f7b80fa	5d38d7d0d4966f3706c49e952e4a3aa7
43337	f8ef108bba8c39a8561cfcc4a81210dd	a64cb4fb08f686cc8f79e8375f7b80fa	5d38d7d0d4966f3706c49e952e4a3aa7
43338	289d340dd88b31f1647b634d451218fa	5207cf620f30d673913b569bed755f05	93d1027dd3d06c049625107fb7ae3cc0
43339	289d340dd88b31f1647b634d451218fa	5207cf620f30d673913b569bed755f05	93d1027dd3d06c049625107fb7ae3cc0
43340	83341352ffb5aea4c6933e7fba620a97	02e0c1eaeb0080342dbc2b2af4c5e2d4	467421ff4b1caf55104c231ca6fae40d
43341	83341352ffb5aea4c6933e7fba620a97	02e0c1eaeb0080342dbc2b2af4c5e2d4	467421ff4b1caf55104c231ca6fae40d
43342	83341352ffb5aea4c6933e7fba620a97	02e0c1eaeb0080342dbc2b2af4c5e2d4	467421ff4b1caf55104c231ca6fae40d
43343	83341352ffb5aea4c6933e7fba620a97	02e0c1eaeb0080342dbc2b2af4c5e2d4	467421ff4b1caf55104c231ca6fae40d
43344	83341352ffb5aea4c6933e7fba620a97	02e0c1eaeb0080342dbc2b2af4c5e2d4	467421ff4b1caf55104c231ca6fae40d
43345	83341352ffb5aea4c6933e7fba620a97	02e0c1eaeb0080342dbc2b2af4c5e2d4	467421ff4b1caf55104c231ca6fae40d
43346	83341352ffb5aea4c6933e7fba620a97	02e0c1eaeb0080342dbc2b2af4c5e2d4	467421ff4b1caf55104c231ca6fae40d
43347	a8caab4a9a15d042e437659bdc9d3091	63b3a013438ede27bb8144a4230ad5d8	90209135a190796674b3c5a51994c6ab
43348	0f089746e17b0d6a575ede2eb21bab5e	5b4ebf37539ca92f98f992e2883ee501	f0649a458ff65a069f4979dd7e89a96f
43349	0f089746e17b0d6a575ede2eb21bab5e	5b4ebf37539ca92f98f992e2883ee501	f0649a458ff65a069f4979dd7e89a96f
43350	158b5c37bf8b8c53e28fdc6efce5fbc0	78c40331420ca550c426fb5bd3926d01	fadc73065039c67b13b4e074107c20cc
43351	158b5c37bf8b8c53e28fdc6efce5fbc0	78c40331420ca550c426fb5bd3926d01	fadc73065039c67b13b4e074107c20cc
43352	e6051b33fd37da5a7459063c83c44ee1	12bcedec7f198eff80b6785b295a99ad	314a0e30087dc7dd5c3276d7957deb5a
43353	e6051b33fd37da5a7459063c83c44ee1	12bcedec7f198eff80b6785b295a99ad	314a0e30087dc7dd5c3276d7957deb5a
43354	e6051b33fd37da5a7459063c83c44ee1	12bcedec7f198eff80b6785b295a99ad	314a0e30087dc7dd5c3276d7957deb5a
43355	e6051b33fd37da5a7459063c83c44ee1	12bcedec7f198eff80b6785b295a99ad	314a0e30087dc7dd5c3276d7957deb5a
43356	e6051b33fd37da5a7459063c83c44ee1	12bcedec7f198eff80b6785b295a99ad	314a0e30087dc7dd5c3276d7957deb5a
43357	e6051b33fd37da5a7459063c83c44ee1	12bcedec7f198eff80b6785b295a99ad	314a0e30087dc7dd5c3276d7957deb5a
43358	e6051b33fd37da5a7459063c83c44ee1	12bcedec7f198eff80b6785b295a99ad	314a0e30087dc7dd5c3276d7957deb5a
43359	11d1b4dda58fa063014d1fed465de7a3	7d031ea7bbcbafb243397f68c40e9d4b	eaf68196f842b928f6df85ba873bbfa8
43360	11d1b4dda58fa063014d1fed465de7a3	7d031ea7bbcbafb243397f68c40e9d4b	eaf68196f842b928f6df85ba873bbfa8
43361	11d1b4dda58fa063014d1fed465de7a3	7d031ea7bbcbafb243397f68c40e9d4b	eaf68196f842b928f6df85ba873bbfa8
43362	11d1b4dda58fa063014d1fed465de7a3	7d031ea7bbcbafb243397f68c40e9d4b	eaf68196f842b928f6df85ba873bbfa8
43363	11d1b4dda58fa063014d1fed465de7a3	7d031ea7bbcbafb243397f68c40e9d4b	eaf68196f842b928f6df85ba873bbfa8
43364	11d1b4dda58fa063014d1fed465de7a3	7d031ea7bbcbafb243397f68c40e9d4b	eaf68196f842b928f6df85ba873bbfa8
43365	11d1b4dda58fa063014d1fed465de7a3	7d031ea7bbcbafb243397f68c40e9d4b	eaf68196f842b928f6df85ba873bbfa8
43366	11d1b4dda58fa063014d1fed465de7a3	7d031ea7bbcbafb243397f68c40e9d4b	eaf68196f842b928f6df85ba873bbfa8
43367	11d1b4dda58fa063014d1fed465de7a3	7d031ea7bbcbafb243397f68c40e9d4b	eaf68196f842b928f6df85ba873bbfa8
43368	11d1b4dda58fa063014d1fed465de7a3	7d031ea7bbcbafb243397f68c40e9d4b	eaf68196f842b928f6df85ba873bbfa8
43369	a6f590adce0b370884b6b696082c69c9	b20d5e14c83bb608a6c3e9d60c17e051	48c0a21f3b49d0582de3201be84f1dc8
43370	a6f590adce0b370884b6b696082c69c9	b20d5e14c83bb608a6c3e9d60c17e051	48c0a21f3b49d0582de3201be84f1dc8
43371	a6f590adce0b370884b6b696082c69c9	b20d5e14c83bb608a6c3e9d60c17e051	48c0a21f3b49d0582de3201be84f1dc8
43372	a6f590adce0b370884b6b696082c69c9	b20d5e14c83bb608a6c3e9d60c17e051	48c0a21f3b49d0582de3201be84f1dc8
43373	a6f590adce0b370884b6b696082c69c9	b20d5e14c83bb608a6c3e9d60c17e051	48c0a21f3b49d0582de3201be84f1dc8
43374	a6f590adce0b370884b6b696082c69c9	b20d5e14c83bb608a6c3e9d60c17e051	48c0a21f3b49d0582de3201be84f1dc8
43375	a6f590adce0b370884b6b696082c69c9	b20d5e14c83bb608a6c3e9d60c17e051	48c0a21f3b49d0582de3201be84f1dc8
43376	309409cfb4521636c809d64f2e93c9c0	234921acdb9bdd796d0354aee4bc4484	6dc499fe7a9a0ab5682ccc065cf4dbf5
# classes	legacy=705	wide=750	full=750
