# rank	legacy	wide	full
15773	7a19cfa0cbb90ea9980717cfecdc7026	15ea60bc83968c28126f75d9f56249d0	63d438ae18b9158c73adc27c33b9d28c
15774	7a19cfa0cbb90ea9980717cfecdc7026	15ea60bc83968c28126f75d9f56249d0	63d438ae18b9158c73adc27c33b9d28c
15775	7a19cfa0cbb90ea9980717cfecdc7026	15ea60bc83968c28126f75d9f56249d0	63d438ae18b9158c73adc27c33b9d28c
15776	7a19cfa0cbb90ea9980717cfecdc7026	15ea60bc83968c28126f75d9f56249d0	63d438ae18b9158c73adc27c33b9d28c
15777	80d4c2ed18e045e091d27601e265ccb7	056526c6e379b1540f31888b59623d48	6e07940fc5e85b95b81f0d0a2b26e523
15778	80d4c2ed18e045e091d27601e265ccb7	056526c6e379b1540f31888b59623d48	6e07940fc5e85b95b81f0d0a2b26e523
15779	80d4c2ed18e045e091d27601e265ccb7	056526c6e379b1540f31888b59623d48	6e07940fc5e85b95b81f0d0a2b26e523
15780	80d4c2ed18e045e091d27601e265ccb7	056526c6e379b1540f31888b59623d48	6e07940fc5e85b95b81f0d0a2b26e523
15781	80d4c2ed18e045e091d27601e265ccb7	056526c6e379b1540f31888b59623d48	6e07940fc5e85b95b81f0d0a2b26e523
15782	80d4c2ed18e045e091d27601e265ccb7	056526c6e379b1540f31888b59623d48	6e07940fc5e85b95b81f0d0a2b26e523
15783	80d4c2ed18e045e091d27601e265ccb7	056526c6e379b1540f31888b59623d48	6e07940fc5e85b95b81f0d0a2b26e523
15784	ad905dc2a2a51c2f235a1fdd0bdd6d58	277533dbb8aed76d9d0ca0940687ec92	7bead481c6e9c45251298fb4c65af775
15785	ad905dc2a2a51c2f235a1fdd0bdd6d58	277533dbb8aed76d9d0ca0940687ec92	7bead481c6e9c45251298fb4c65af775
15786	ad905dc2a2a51c2f235a1fdd0bdd6d58	277533dbb8aed76d9d0ca0940687ec92	7bead481c6e9c45251298fb4c65af775
15787	1e204bda9b54e3fd0520b2735fe0ca8b	89166c0863c1ae823c3ecd87f7012d03	160f1b070964e9bde28f5657252c1123
15788	1e204bda9b54e3fd0520b2735fe0ca8b	89166c0863c1ae823c3ecd87f7012d03	160f1b070964e9bde28f5657252c1123
15789	f027a959584783f9ca97184e608be692	3fa98f0ffaa279a92641551b60572d9a	53f451e469d9d5a236f298552b3ecf4a
15790	f027a959584783f9ca97184e608be692	3fa98f0ffaa279a92641551b60572d9a	53f451e469d9d5a236f298552b3ecf4a
15791	f027a959584783f9ca97184e608be692	3fa98f0ffaa279a92641551b60572d9a	53f451e469d9d5a236f298552b3ecf4a
15792	b6c74339dd34e8e9b4e058e3cfbaae5c	fc63e688b576711b08c6b4f0ba624e15	f16dccc7259ee9931f59ca6f3f58cd03
15793	9414b6881aaefbd47fc2df4645ab7540	ba9badc981e3468db0659b358e6fb5ad	6cfcfd420ed05e26f1ef94f7cce349b6
15794	658172fb6a6cb7024ccde41f413ece99	ad27a5f56323a92634e849bb8dba51f6	f0df9c1f1229eb026555c9f629758d35
15795	658172fb6a6cb7024ccde41f413ece99	ad27a5f56323a92634e849bb8dba51f6	f0df9c1f1229eb026555c9f629758d35
15796	f027a959584783f9ca97184e608be692	3fa98f0ffaa279a92641551b60572d9a	53f451e469d9d5a236f298552b3ecf4a
15797	f027a959584783f9ca97184e608be692	3fa98f0ffaa279a92641551b60572d9a	53f451e469d9d5a236f298552b3ecf4a
15798	f027a959584783f9ca97184e608be692	3fa98f0ffaa279a92641551b60572d9a	53f451e469d9d5a236f298552b3ecf4a
15799	f027a959584783f9ca97184e608be692	3fa98f0ffaa279a92641551b60572d9a	53f451e469d9d5a236f298552b3ecf4a
15800	f027a959584783f9ca97184e608be692	3fa98f0ffaa279a92641551b60572d9a	53f451e469d9d5a236f298552b3ecf4a
15801	b587a68696631fa7e52334af525df9ec	76954c49dbbd1132e51cbe2a6c8d7ab9	723ff57852825b3a3138f5252e11b333
15802	b587a68696631fa7e52334af525df9ec	76954c49dbbd1132e51cbe2a6c8d7ab9	723ff57852825b3a3138f5252e11b333
15803	b587a68696631fa7e52334af525df9ec	76954c49dbbd1132e51cbe2a6c8d7ab9	723ff57852825b3a3138f5252e11b333
15804	b587a68696631fa7e52334af525df9ec	76954c49dbbd1132e51cbe2a6c8d7ab9	723ff57852825b3a3138f5252e11b333
15805	b587a68696631fa7e52334af525df9ec	76954c49dbbd1132e51cbe2a6c8d7ab9	723ff57852825b3a3138f5252e11b333
15806	b587a68696631fa7e52334af525df9ec	76954c49dbbd1132e51cbe2a6c8d7ab9	723ff57852825b3a3138f5252e11b333
15807	b587a68696631fa7e52334af525df9ec	76954c49dbbd1132e51cbe2a6c8d7ab9	723ff57852825b3a3138f5252e11b333
15808	c54331ef7a00509c9198fb83b7962cb7	f475c75e7f7fffd6074e1f94716eef43	f442585ba502641cf761786179f8e6a3
15809	c54331ef7a00509c9198fb83b7962cb7	f475c75e7f7fffd6074e1f94716eef43	f442585ba502641cf761786179f8e6a3
15810	c54331ef7a00509c9198fb83b7962cb7	f475c75e7f7fffd6074e1f94716eef43	f442585ba502641cf761786179f8e6a3
15811	02215a2555ecccd5b3739813a7dde394	936eb145187458fb6cfefa994db4ceda	ebce545670aa03ec8f9ce63f17243e3e
15812	25507d8d06456d12b9899ee77ccaf9d7	dc113ada67c74d420ade93d756baf387	946ef848bd99010af66aca3813751dcb
15813	c54331ef7a00509c9198fb83b7962cb7	f475c75e7f7fffd6074e1f94716eef43	f442585ba502641cf761786179f8e6a3
15814	c54331ef7a00509c9198fb83b7962cb7	f475c75e7f7fffd6074e1f94716eef43	f442585ba502641cf761786179f8e6a3
15815	c54331ef7a00509c9198fb83b7962cb7	f475c75e7f7fffd6074e1f94716eef43	f442585ba502641cf761786179f8e6a3
15816	c54331ef7a00509c9198fb83b7962cb7	f475c75e7f7fffd6074e1f94716eef43	f442585ba502641cf761786179f8e6a3
15817	c54331ef7a00509c9198fb83b7962cb7	f475c75e7f7fffd6074e1f94716eef43	f442585ba502641cf761786179f8e6a3
15818	1091e52c7b08b34331ee2b44d7c7499c	bbd0d0b0545990d749332b9b2dd5bb17	677b50c3c0155f317c0f80cda2dbe9fc
15819	1091e52c7b08b34331ee2b44d7c7499c	bbd0d0b0545990d749332b9b2dd5bb17	677b50c3c0155f317c0f80cda2dbe9fc
15820	1091e52c7b08b34331ee2b44d7c7499c	bbd0d0b0545990d749332b9b2dd5bb17	677b50c3c0155f317c0f80cda2dbe9fc
15821	1091e52c7b08b34331ee2b44d7c7499c	bbd0d0b0545990d749332b9b2dd5bb17	677b50c3c0155f317c0f80cda2dbe9fc
15822	1091e52c7b08b34331ee2b44d7c7499c	bbd0d0b0545990d749332b9b2dd5bb17	677b50c3c0155f317c0f80cda2dbe9fc
15823	1091e52c7b08b34331ee2b44d7c7499c	bbd0d0b0545990d749332b9b2dd5bb17	677b50c3c0155f317c0f80cda2dbe9fc
15824	1091e52c7b08b34331ee2b44d7c7499c	bbd0d0b0545990d749332b9b2dd5bb17	677b50c3c0155f317c0f80cda2dbe9fc
15825	5f44e0458a9b88b53a1256a5a8414093	545c6affc312ed04aae6428f4512e5d2	cf85f9446bc78b302cf401ca227160e5
15826	5f44e0458a9b88b53a1256a5a8414093	545c6affc312ed04aae6428f4512e5d2	cf85f9446bc78b302cf401ca227160e5
15827	5f44e0458a9b88b53a1256a5a8414093	545c6affc312ed04aae6428f4512e5d2	cf85f9446bc78b302cf401ca227160e5
15828	5f44e0458a9b88b53a1256a5a8414093	545c6affc312ed04aae6428f4512e5d2	cf85f9446bc78b302cf401ca227160e5
15829	5f44e0458a9b88b53a1256a5a8414093	545c6affc312ed04aae6428f4512e5d2	cf85f9446bc78b302cf401ca227160e5
15830	9994f184b6b9a543cba58042d120e577	68136a40c5d40e4200bd271c50b726cd	44005e2cb26bca64cf7c35fe0734ce66
15831	9994f184b6b9a543cba58042d120e577	68136a40c5d40e4200bd271c50b726cd	44005e2cb26bca64cf7c35fe0734ce66
15832	9994f184b6b9a543cba58042d120e577	68136a40c5d40e4200bd271c50b726cd	44005e2cb26bca64cf7c35fe0734ce66
15833	6d79672fe51d84356317286dc2f76865	d7706470c5920765cc7d090cbd03b5a6	40feca68a029b27dd9345634367f1571
15834	9994f184b6b9a543cba58042d120e577	62d7d762c4f3c63eef41033875a944b3	246c3786ad2869e6e3e4283a16d3e314
15835	9994f184b6b9a543cba58042d120e577	68136a40c5d40e4200bd271c50b726cd	44005e2cb26bca64cf7c35fe0734ce66
15836	9994f184b6b9a543cba58042d120e577	68136a40c5d40e4200bd271c50b726cd	44005e2cb26bca64cf7c35fe0734ce66
15837	d6ae5f5562f7c1ab7c25b196d3fc8709	d7ebe30d22111c0eedda0bdafc0c17c2	b5950a4810ef9afc576200db3a70b061
15838	d6ae5f5562f7c1ab7c25b196d3fc8709	d7ebe30d22111c0eedda0bdafc0c17c2	b5950a4810ef9afc576200db3a70b061
15839	d6ae5f5562f7c1ab7c25b196d3fc8709	d7ebe30d22111c0eedda0bdafc0c17c2	b5950a4810ef9afc576200db3a70b061
15840	d6ae5f5562f7c1ab7c25b196d3fc8709	d7ebe30d22111c0eedda0bdafc0c17c2	b5950a4810ef9afc576200db3a70b061
15841	d6ae5f5562f7c1ab7c25b196d3fc8709	d7ebe30d22111c0eedda0bdafc0c17c2	b5950a4810ef9afc576200db3a70b061
15842	59d82f99264403242b63ccbb51ec84b4	f81cd20aaea3c137c5409f2b64a7f314	d708b6c1fffdc29f516a6f28b8a79143
15843	70f84944a856203f35d651f6395fcd59	bc872807a6fc60a103027f8d758ee4f9	1418cb8cf39e25894d51c920176d8c3a
15844	b035837182cfaeac8b14b2309864fe1d	c0ba8f504a5cd1e7d4ba02004b4d8add	5a69dce048d826458dde6870dc334212
15845	70f84944a856203f35d651f6395fcd59	bc872807a6fc60a103027f8d758ee4f9	1418cb8cf39e25894d51c920176d8c3a
15846	70f84944a856203f35d651f6395fcd59	bc872807a6fc60a103027f8d758ee4f9	1418cb8cf39e25894d51c920176d8c3a
15847	2199e2bc27339f54839f44795031e213	0f2cb79e012d445340a6bfbec2822d07	c0fa06bc85dd52712a6da8cf797883da
15848	2199e2bc27339f54839f44795031e213	0f2cb79e012d445340a6bfbec2822d07	c0fa06bc85dd52712a6da8cf797883da
15849	2199e2bc27339f54839f44795031e213	0f2cb79e012d445340a6bfbec2822d07	c0fa06bc85dd52712a6da8cf797883da
15850	2199e2bc27339f54839f44795031e213	0f2cb79e012d445340a6bfbec2822d07	c0fa06bc85dd52712a6da8cf797883da
15851	2199e2bc27339f54839f44795031e213	0f2cb79e012d445340a6bfbec2822d07	c0fa06bc85dd52712a6da8cf797883da
15852	2199e2bc27339f54839f44795031e213	0f2cb79e012d445340a6bfbec2822d07	c0fa06bc85dd52712a6da8cf797883da
15853	2199e2bc27339f54839f44795031e213	0f2cb79e012d445340a6bfbec2822d07	c0fa06bc85dd52712a6da8cf797883da
15854	bcb9b39795f3cb6b00dd231db026e6ec	e3d333aaafefdc28515b2fb4d11a3d9d	085a701e0e81fd8c3972f75611292e4f
15855	bcb9b39795f3cb6b00dd231db026e6ec	e3d333aaafefdc28515b2fb4d11a3d9d	085a701e0e81fd8c3972f75611292e4f
15856	0f9e443d9249c0a308ef7d1693a2f742	00ad61f7bcd81ef2b463147adac3a23a	d3e09126c380b484a9a219d44b6d385e
15857	bcb9b39795f3cb6b00dd231db026e6ec	e3d333aaafefdc28515b2fb4d11a3d9d	085a701e0e81fd8c3972f75611292e4f
15858	bcb9b39795f3cb6b00dd231db026e6ec	e3d333aaafefdc28515b2fb4d11a3d9d	085a701e0e81fd8c3972f75611292e4f
15859	2c5ee353badec37c6c9fc3d6ee9c69d5	124b2a51f8a79b598426cdbe6bbf9398	a5b82edb298c0820bcc2ec9553ebe186
15860	2c5ee353badec37c6c9fc3d6ee9c69d5	124b2a51f8a79b598426cdbe6bbf9398	a5b82edb298c0820bcc2ec9553ebe186
15861	2c5ee353badec37c6c9fc3d6ee9c69d5	124b2a51f8a79b598426cdbe6bbf9398	a5b82edb298c0820bcc2ec9553ebe186
15862	2c5ee353badec37c6c9fc3d6ee9c69d5	124b2a51f8a79b598426cdbe6bbf9398	a5b82edb298c0820bcc2ec9553ebe186
15863	2c5ee353badec37c6c9fc3d6ee9c69d5	124b2a51f8a79b598426cdbe6bbf9398	a5b82edb298c0820bcc2ec9553ebe186
15864	616ed2952ee4c4645be2db5768e1f1c0	9fbe8bc666f268f90a885bb5bd1d9a21	4bda6779f3f7381708f8afbfbf74e61a
15865	616ed2952ee4c4645be2db5768e1f1c0	9fbe8bc666f268f90a885bb5bd1d9a21	4bda6779f3f7381708f8afbfbf74e61a
15866	0cda1d1f2ee55481de19ed8ac77c64d9	b2d4ebec491b9988fed60c949eed573c	3330bb41b4c7a3747dcdd31d19743c71
15867	0cda1d1f2ee55481de19ed8ac77c64d9	b2d4ebec491b9988fed60c949eed573c	3330bb41b4c7a3747dcdd31d19743c71
15868	0cda1d1f2ee55481de19ed8ac77c64d9	b2d4ebec491b9988fed60c949eed573c	3330bb41b4c7a3747dcdd31d19743c71
15869	b1f499f4dedcc3dee4dff6d23b946ffd	c753f226cb199b7cecc11a7e17e835c9	d58c3b7f0b885358dde376eea89bc014
15870	0cda1d1f2ee55481de19ed8ac77c64d9	b2d4ebec491b9988fed60c949eed573c	3330bb41b4c7a3747dcdd31d19743c71
15871	1ff0b1f918a5945bad2029fd65bf6dfd	98b23cb7303e469be3a26f12750379cc	54d09b6e596b8e817b2079ae7a34284f
15872	1ff0b1f918a5945bad2029fd65bf6dfd	98b23cb7303e469be3a26f12750379cc	54d09b6e596b8e817b2079ae7a34284f
15873	1ff0b1f918a5945bad2029fd65bf6dfd	98b23cb7303e469be3a26f12750379cc	54d09b6e596b8e817b2079ae7a34284f
15874	1ff0b1f918a5945bad2029fd65bf6dfd	98b23cb7303e469be3a26f12750379cc	54d09b6e596b8e817b2079ae7a34284f
15875	1ff0b1f918a5945bad2029fd65bf6dfd	98b23cb7303e469be3a26f12750379cc	54d09b6e596b8e817b2079ae7a34284f
15876	1ff0b1f918a5945bad2029fd65bf6dfd	98b23cb7303e469be3a26f12750379cc	54d09b6e596b8e817b2079ae7a34284f
15877	1ff0b1f918a5945bad2029fd65bf6dfd	98b23cb7303e469be3a26f12750379cc	54d09b6e596b8e817b2079ae7a34284f
15878	3490e178683be6c9cd18f95ecbbdd95e	42f0362009c49c9cf2dd97e501309fe6	3ba36ac0ba0b9d84b2e2732a8e3331f7
15879	3490e178683be6c9cd18f95ecbbdd95e	42f0362009c49c9cf2dd97e501309fe6	3ba36ac0ba0b9d84b2e2732a8e3331f7
15880	3490e178683be6c9cd18f95ecbbdd95e	42f0362009c49c9cf2dd97e501309fe6	3ba36ac0ba0b9d84b2e2732a8e3331f7
15881	3490e178683be6c9cd18f95ecbbdd95e	42f0362009c49c9cf2dd97e501309fe6	3ba36ac0ba0b9d84b2e2732a8e3331f7
15882	3490e178683be6c9cd18f95ecbbdd95e	42f0362009c49c9cf2dd97e501309fe6	3ba36ac0ba0b9d84b2e2732a8e3331f7
15883	a6dbc76d48646d8e719c19601f78996e	3780944cbf4645aa3c387b09594bbca8	10d95923733c12c376840098495d199b
15884	a6dbc76d48646d8e719c19601f78996e	3780944cbf4645aa3c387b09594bbca8	10d95923733c12c376840098495d199b
15885	a6dbc76d48646d8e719c19601f78996e	3780944cbf4645aa3c387b09594bbca8	10d95923733c12c376840098495d199b
15886	a6dbc76d48646d8e719c19601f78996e	3780944cbf4645aa3c387b09594bbca8	10d95923733c12c376840098495d199b
15887	a6dbc76d48646d8e719c19601f78996e	3780944cbf4645aa3c387b09594bbca8	10d95923733c12c376840098495d199b
15888	db1e2f8ca2c978f81dd3ba9042cf4065	3e7db014fc5ea10319789a67609551ef	6839a2d2c7b0487d68b9823aeef73758
15889	db1e2f8ca2c978f81dd3ba9042cf4065	3e7db014fc5ea10319789a67609551ef	6839a2d2c7b0487d68b9823aeef73758
15890	db1e2f8ca2c978f81dd3ba9042cf4065	3e7db014fc5ea10319789a67609551ef	6839a2d2c7b0487d68b9823aeef73758
15891	db1e2f8ca2c978f81dd3ba9042cf4065	3e7db014fc5ea10319789a67609551ef	6839a2d2c7b0487d68b9823aeef73758
15892	db1e2f8ca2c978f81dd3ba9042cf4065	3e7db014fc5ea10319789a67609551ef	6839a2d2c7b0487d68b9823aeef73758
15893	db1e2f8ca2c978f81dd3ba9042cf4065	3e7db014fc5ea10319789a67609551ef	6839a2d2c7b0487d68b9823aeef73758
15894	db1e2f8ca2c978f81dd3ba9042cf4065	3e7db014fc5ea10319789a67609551ef	6839a2d2c7b0487d68b9823aeef73758
15895	db1e2f8ca2c978f81dd3ba9042cf4065	3e7db014fc5ea10319789a67609551ef	6839a2d2c7b0487d68b9823aeef73758
15896	db1e2f8ca2c978f81dd3ba9042cf4065	3e7db014fc5ea10319789a67609551ef	6839a2d2c7b0487d68b9823aeef73758
15897	db1e2f8ca2c978f81dd3ba9042cf4065	3e7db014fc5ea10319789a67609551ef	6839a2d2c7b0487d68b9823aeef73758
15898	db1e2f8ca2c978f81dd3ba9042cf4065	3e7db014fc5ea10319789a67609551ef	6839a2d2c7b0487d68b9823aeef73758
15899	db1e2f8ca2c978f81dd3ba9042cf4065	3e7db014fc5ea10319789a67609551ef	6839a2d2c7b0487d68b9823aeef73758
15900	7db81fa50a7b3e0f59225f3d7ee9c5b7	85d00b68ad6d04898746f69c83951062	59720052a3a2eb8400d9d8fb2a3df5c5
15901	7db81fa50a7b3e0f59225f3d7ee9c5b7	85d00b68ad6d04898746f69c83951062	59720052a3a2eb8400d9d8fb2a3df5c5
15902	7db81fa50a7b3e0f59225f3d7ee9c5b7	85d00b68ad6d04898746f69c83951062	59720052a3a2eb8400d9d8fb2a3df5c5
15903	7db81fa50a7b3e0f59225f3d7ee9c5b7	85d00b68ad6d04898746f69c83951062	59720052a3a2eb8400d9d8fb2a3df5c5
15904	7db81fa50a7b3e0f59225f3d7ee9c5b7	85d00b68ad6d04898746f69c83951062	59720052a3a2eb8400d9d8fb2a3df5c5
15905	7db81fa50a7b3e0f59225f3d7ee9c5b7	85d00b68ad6d04898746f69c83951062	59720052a3a2eb8400d9d8fb2a3df5c5
15906	7db81fa50a7b3e0f59225f3d7ee9c5b7	85d00b68ad6d04898746f69c83951062	59720052a3a2eb8400d9d8fb2a3df5c5
15907	d304906d8a13d72249813664f9864ced	1772eb101ff8b5f1f6eeef7da7ce3ea7	d4e5d0fbcee8f12a7fcff7a3ce7febdc
15908	d304906d8a13d72249813664f9864ced	1772eb101ff8b5f1f6eeef7da7ce3ea7	d4e5d0fbcee8f12a7fcff7a3ce7febdc
15909	d304906d8a13d72249813664f9864ced	1772eb101ff8b5f1f6eeef7da7ce3ea7	d4e5d0fbcee8f12a7fcff7a3ce7febdc
15910	d304906d8a13d72249813664f9864ced	6a94f73b30918485c419fb286ec5eabb	53c785f722d31b7ccd49e9dc48682b51
15911	d6a423ea2c97ec51f51419bd639e39b1	a04b84b2c12bd22090c5f015becc54b3	30be0233971b96b1d3aa278b2bb77142
15912	d304906d8a13d72249813664f9864ced	1772eb101ff8b5f1f6eeef7da7ce3ea7	d4e5d0fbcee8f12a7fcff7a3ce7febdc
15913	d304906d8a13d72249813664f9864ced	1772eb101ff8b5f1f6eeef7da7ce3ea7	d4e5d0fbcee8f12a7fcff7a3ce7febdc
15914	d304906d8a13d72249813664f9864ced	1772eb101ff8b5f1f6eeef7da7ce3ea7	d4e5d0fbcee8f12a7fcff7a3ce7febdc
15915	d304906d8a13d72249813664f9864ced	6a94f73b30918485c419fb286ec5eabb	53c785f722d31b7ccd49e9dc48682b51
15916	d304906d8a13d72249813664f9864ced	6a94f73b30918485c419fb286ec5eabb	53c785f722d31b7ccd49e9dc48682b51
15917	87be628433f1527bc5332f04c87a7e3f	9b864ff8646c74f917b1c82204e3888c	da1f35119de67159bb86daae732fc3ab
15918	87be628433f1527bc5332f04c87a7e3f	9b864ff8646c74f917b1c82204e3888c	da1f35119de67159bb86daae732fc3ab
15919	87be628433f1527bc5332f04c87a7e3f	9b864ff8646c74f917b1c82204e3888c	da1f35119de67159bb86daae732fc3ab
15920	87be628433f1527bc5332f04c87a7e3f	9b864ff8646c74f917b1c82204e3888c	da1f35119de67159bb86daae732fc3ab
15921	87be628433f1527bc5332f04c87a7e3f	9b864ff8646c74f917b1c82204e3888c	da1f35119de67159bb86daae732fc3ab
15922	87be628433f1527bc5332f04c87a7e3f	9b864ff8646c74f917b1c82204e3888c	da1f35119de67159bb86daae732fc3ab
15923	87be628433f1527bc5332f04c87a7e3f	9b864ff8646c74f917b1c82204e3888c	da1f35119de67159bb86daae732fc3ab
15924	b32be86cb13759363e470185f85d6ce0	0310e7006165a00958c9f32361590678	775d4106a2414fece1200be2e909eed4
15925	b32be86cb13759363e470185f85d6ce0	6df9ad036eef187391bce693eba8d000	bcded25b76598817f76e132282a8fd99
15926	b32be86cb13759363e470185f85d6ce0	0310e7006165a00958c9f32361590678	775d4106a2414fece1200be2e909eed4
15927	b32be86cb13759363e470185f85d6ce0	0310e7006165a00958c9f32361590678	775d4106a2414fece1200be2e909eed4
15928	b32be86cb13759363e470185f85d6ce0	0310e7006165a00958c9f32361590678	775d4106a2414fece1200be2e909eed4
15929	151a2e289258ba29c8c8c7d54976b334	705c33b0520f696292e5999435b89383	40594df139384a1238156ef6b3b820ae
15930	151a2e289258ba29c8c8c7d54976b334	705c33b0520f696292e5999435b89383	40594df139384a1238156ef6b3b820ae
15931	151a2e289258ba29c8c8c7d54976b334	705c33b0520f696292e5999435b89383	40594df139384a1238156ef6b3b820ae
15932	151a2e289258ba29c8c8c7d54976b334	705c33b0520f696292e5999435b89383	40594df139384a1238156ef6b3b820ae
15933	151a2e289258ba29c8c8c7d54976b334	705c33b0520f696292e5999435b89383	40594df139384a1238156ef6b3b820ae
15934	151a2e289258ba29c8c8c7d54976b334	705c33b0520f696292e5999435b89383	40594df139384a1238156ef6b3b820ae
15935	151a2e289258ba29c8c8c7d54976b334	705c33b0520f696292e5999435b89383	40594df139384a1238156ef6b3b820ae
15936	151a2e289258ba29c8c8c7d54976b334	705c33b0520f696292e5999435b89383	40594df139384a1238156ef6b3b820ae
15937	151a2e289258ba29c8c8c7d54976b334	705c33b0520f696292e5999435b89383	40594df139384a1238156ef6b3b820ae
15938	151a2e289258ba29c8c8c7d54976b334	705c33b0520f696292e5999435b89383	40594df139384a1238156ef6b3b820ae
15939	151a2e289258ba29c8c8c7d54976b334	705c33b0520f696292e5999435b89383	40594df139384a1238156ef6b3b820ae
15940	151a2e289258ba29c8c8c7d54976b334	705c33b0520f696292e5999435b89383	40594df139384a1238156ef6b3b820ae
15941	151a2e289258ba29c8c8c7d54976b334	705c33b0520f696292e5999435b89383	40594df139384a1238156ef6b3b820ae
15942	151a2e289258ba29c8c8c7d54976b334	705c33b0520f696292e5999435b89383	40594df139384a1238156ef6b3b820ae
15943	151a2e289258ba29c8c8c7d54976b334	705c33b0520f696292e5999435b89383	40594df139384a1238156ef6b3b820ae
15944	151a2e289258ba29c8c8c7d54976b334	705c33b0520f696292e5999435b89383	40594df139384a1238156ef6b3b820ae
15945	151a2e289258ba29c8c8c7d54976b334	705c33b0520f696292e5999435b89383	40594df139384a1238156ef6b3b820ae
15946	6eda77f83f5a8ee082f69dffedbfc1e8	c2acfbf472cbafb1f0c7019408e1b2d3	6a9134b10e791bd1f6fcad07b6c68577
15947	6eda77f83f5a8ee082f69dffedbfc1e8	c2acfbf472cbafb1f0c7019408e1b2d3	6a9134b10e791bd1f6fcad07b6c68577
15948	6eda77f83f5a8ee082f69dffedbfc1e8	c2acfbf472cbafb1f0c7019408e1b2d3	6a9134b10e791bd1f6fcad07b6c68577
15949	6eda77f83f5a8ee082f69dffedbfc1e8	c2acfbf472cbafb1f0c7019408e1b2d3	6a9134b10e791bd1f6fcad07b6c68577
15950	6eda77f83f5a8ee082f69dffedbfc1e8	c2acfbf472cbafb1f0c7019408e1b2d3	6a9134b10e791bd1f6fcad07b6c68577
15951	6eda77f83f5a8ee082f69dffedbfc1e8	c2acfbf472cbafb1f0c7019408e1b2d3	6a9134b10e791bd1f6fcad07b6c68577
15952	6eda77f83f5a8ee082f69dffedbfc1e8	c2acfbf472cbafb1f0c7019408e1b2d3	6a9134b10e791bd1f6fcad07b6c68577
15953	4ea1a6e1e41473304736ee78268128d8	d72e24f24e176dce5841882ead8f2937	5bfd7546ea7cdbdd9df88f8e8b62cb5e
15954	4ea1a6e1e41473304736ee78268128d8	d72e24f24e176dce5841882ead8f2937	5bfd7546ea7cdbdd9df88f8e8b62cb5e
15955	4ea1a6e1e41473304736ee78268128d8	d72e24f24e176dce5841882ead8f2937	5bfd7546ea7cdbdd9df88f8e8b62cb5e
15956	e1279155e9c3bdd624f9da018297e8bd	6db400dc8034ef846727e137a1eceeea	ec2b204a2cf0685d443866df916c3baf
15957	e1279155e9c3bdd624f9da018297e8bd	6db400dc8034ef846727e137a1eceeea	ec2b204a2cf0685d443866df916c3baf
15958	375c78ef00bb752492858939340602d6	f914682de810aa3f415397d46fb75fd3	8af28ea89ac45d149376b8670b9b64d4
15959	375c78ef00bb752492858939340602d6	f914682de810aa3f415397d46fb75fd3	8af28ea89ac45d149376b8670b9b64d4
15960	375c78ef00bb752492858939340602d6	f914682de810aa3f415397d46fb75fd3	8af28ea89ac45d149376b8670b9b64d4
15961	375c78ef00bb752492858939340602d6	f914682de810aa3f415397d46fb75fd3	8af28ea89ac45d149376b8670b9b64d4
15962	375c78ef00bb752492858939340602d6	f914682de810aa3f415397d46fb75fd3	8af28ea89ac45d149376b8670b9b64d4
15963	375c78ef00bb752492858939340602d6	f914682de810aa3f415397d46fb75fd3	8af28ea89ac45d149376b8670b9b64d4
15964	375c78ef00bb752492858939340602d6	f914682de810aa3f415397d46fb75fd3	8af28ea89ac45d149376b8670b9b64d4
15965	8555d7c32fb919d95dfe7b561b58540d	efafef0f7ee47b4f3d0bda89a4c820cd	0ce9e86907ecc5eaea064979d4644b5a
15966	8555d7c32fb919d95dfe7b561b58540d	efafef0f7ee47b4f3d0bda89a4c820cd	0ce9e86907ecc5eaea064979d4644b5a
15967	8555d7c32fb919d95dfe7b561b58540d	efafef0f7ee47b4f3d0bda89a4c820cd	0ce9e86907ecc5eaea064979d4644b5a
15968	8555d7c32fb919d95dfe7b561b58540d	efafef0f7ee47b4f3d0bda89a4c820cd	0ce9e86907ecc5eaea064979d4644b5a
15969	8555d7c32fb919d95dfe7b561b58540d	efafef0f7ee47b4f3d0bda89a4c820cd	0ce9e86907ecc5eaea064979d4644b5a
15970	bc7983bbbf5fb984c1c69db681c53395	cd6ff9ccf8b1ce74c8bc4847cd318bdf	81a0bb4ef6bf47a2a0e378c20aa71ec0
15971	bc7983bbbf5fb984c1c69db681c53395	cd6ff9ccf8b1ce74c8bc4847cd318bdf	81a0bb4ef6bf47a2a0e378c20aa71ec0
15972	bc7983bbbf5fb984c1c69db681c53395	cd6ff9ccf8b1ce74c8bc4847cd318bdf	81a0bb4ef6bf47a2a0e378c20aa71ec0
15973	bc7983bbbf5fb984c1c69db681c53395	cd6ff9ccf8b1ce74c8bc4847cd318bdf	81a0bb4ef6bf47a2a0e378c20aa71ec0
15974	bc7983bbbf5fb984c1c69db681c53395	cd6ff9ccf8b1ce74c8bc4847cd318bdf	81a0bb4ef6bf47a2a0e378c20aa71ec0
15975	bc7983bbbf5fb984c1c69db681c53395	cd6ff9ccf8b1ce74c8bc4847cd318bdf	81a0bb4ef6bf47a2a0e378c20aa71ec0
15976	bc7983bbbf5fb984c1c69db681c53395	cd6ff9ccf8b1ce74c8bc4847cd318bdf	81a0bb4ef6bf47a2a0e378c20aa71ec0
15977	96da1c445aa6985773e34574b548d333	59cdf56e01e2ff360945f53e77a3a42b	e004a525ebb16a86488f78131aa6c6ac
15978	96da1c445aa6985773e34574b548d333	59cdf56e01e2ff360945f53e77a3a42b	e004a525ebb16a86488f78131aa6c6ac
15979	96da1c445aa6985773e34574b548d333	59cdf56e01e2ff360945f53e77a3a42b	e004a525ebb16a86488f78131aa6c6ac
15980	96da1c445aa6985773e34574b548d333	59cdf56e01e2ff360945f53e77a3a42b	e004a525ebb16a86488f78131aa6c6ac
15981	96da1c445aa6985773e34574b548d333	59cdf56e01e2ff360945f53e77a3a42b	e004a525ebb16a86488f78131aa6c6ac
15982	e5e798259507308ef5921e1fcbb4f2de	d68705cede9da10bcfe4e694263db528	5919b45a59e2335fce35c279b8f86a27
15983	e5e798259507308ef5921e1fcbb4f2de	d68705cede9da10bcfe4e694263db528	5919b45a59e2335fce35c279b8f86a27
15984	e5e798259507308ef5921e1fcbb4f2de	d68705cede9da10bcfe4e694263db528	5919b45a59e2335fce35c279b8f86a27
15985	e5e798259507308ef5921e1fcbb4f2de	d68705cede9da10bcfe4e694263db528	5919b45a59e2335fce35c279b8f86a27
15986	e5e798259507308ef5921e1fcbb4f2de	d68705cede9da10bcfe4e694263db528	5919b45a59e2335fce35c279b8f86a27
15987	ca625fd55f20947ba6a3707ebdb35e62	96af24b6b4470af4e1515cd0c11c1a4e	bb5506c2eb6288f8b550d70c9f8dd3ca
15988	ca625fd55f20947ba6a3707ebdb35e62	96af24b6b4470af4e1515cd0c11c1a4e	bb5506c2eb6288f8b550d70c9f8dd3ca
15989	ca625fd55f20947ba6a3707ebdb35e62	96af24b6b4470af4e1515cd0c11c1a4e	bb5506c2eb6288f8b550d70c9f8dd3ca
15990	830d166f2e0cc144b5b827c488aabbaf	3af3fa393a9dc695e9fcc07a48c1c51b	b66b0cbac95a3c0c8494c28a88ffd355
15991	830d166f2e0cc144b5b827c488aabbaf	3af3fa393a9dc695e9fcc07a48c1c51b	b66b0cbac95a3c0c8494c28a88ffd355
15992	5dd9866fa1c9996cbfbd41c2ea69c336	148de4f3b85fa7463da4dd1fe4d6c874	aa79e3dce0c6b001ef0b53cac824aa36
15993	4d6001f8584eac60a91f2a5de9941ea8	e85b1a0002ffdd167f6a273000237b27	a0ade3f5091441a953b215d40d21d35a
15994	afc40429ee20094e8b77688f338f4f8f	8215703bfd4d19a3767c5cb2944a0795	c91e5895140641935ee0a199f0c2a762
15995	afc40429ee20094e8b77688f338f4f8f	8215703bfd4d19a3767c5cb2944a0795	c91e5895140641935ee0a199f0c2a762
15996	afc40429ee20094e8b77688f338f4f8f	8215703bfd4d19a3767c5cb2944a0795	c91e5895140641935ee0a199f0c2a762
15997	afc40429ee20094e8b77688f338f4f8f	8215703bfd4d19a3767c5cb2944a0795	c91e5895140641935ee0a199f0c2a762
15998	afc40429ee20094e8b77688f338f4f8f	8215703bfd4d19a3767c5cb2944a0795	c91e5895140641935ee0a199f0c2a762
15999	90ed7d02935ca313842c7fe0fef38442	265dfad1186f5fd155de240c641fac84	354777c694fc09b27fa71893534e5897
16000	90ed7d02935ca313842c7fe0fef38442	265dfad1186f5fd155de240c641fac84	354777c694fc09b27fa71893534e5897
16001	90ed7d02935ca313842c7fe0fef38442	265dfad1186f5fd155de240c641fac84	354777c694fc09b27fa71893534e5897
16002	90ed7d02935ca313842c7fe0fef38442	265dfad1186f5fd155de240c641fac84	354777c694fc09b27fa71893534e5897
16003	90ed7d02935ca313842c7fe0fef38442	265dfad1186f5fd155de240c641fac84	354777c694fc09b27fa71893534e5897
16004	90ed7d02935ca313842c7fe0fef38442	265dfad1186f5fd155de240c641fac84	354777c694fc09b27fa71893534e5897
16005	90ed7d02935ca313842c7fe0fef38442	265dfad1186f5fd155de240c641fac84	354777c694fc09b27fa71893534e5897
16006	6ef49e5ce38c085bf2675d6e125890f2	8c331d3cb1ca43341a4867ab509b9102	bc5031170e82ad79f94bce43fe84eda0
16007	8ac621e1209d7b15fbfa0455ab8ff323	f8c9a0ee0afee36af9fe22454330c658	41dc1cb8e8745cf15829a59b7b130683
16008	8ac621e1209d7b15fbfa0455ab8ff323	f8c9a0ee0afee36af9fe22454330c658	41dc1cb8e8745cf15829a59b7b130683
16009	6ef49e5ce38c085bf2675d6e125890f2	8c331d3cb1ca43341a4867ab509b9102	bc5031170e82ad79f94bce43fe84eda0
16010	6ef49e5ce38c085bf2675d6e125890f2	8c331d3cb1ca43341a4867ab509b9102	bc5031170e82ad79f94bce43fe84eda0
16011	7da97524282882db2c98e3836aa605a8	5cde10206b0b72bace6b11022bb1e82b	c6086e4655a63d4e100465c21f6aa291
16012	7da97524282882db2c98e3836aa605a8	5cde10206b0b72bace6b11022bb1e82b	c6086e4655a63d4e100465c21f6aa291
16013	7da97524282882db2c98e3836aa605a8	5cde10206b0b72bace6b11022bb1e82b	c6086e4655a63d4e100465c21f6aa291
16014	6ef49e5ce38c085bf2675d6e125890f2	a890c3db855229aa65036c0a3d9878be	31a6617527e4f66a3493d72f67175995
16015	6ef49e5ce38c085bf2675d6e125890f2	032ae4aba6fd8f45c500baaae5154678	ed662a780996a0465355da02c8c09ced
16016	2e9cb1a78dd34f6e978f22b74a78774b	e35f47a52c26f67a57d2e9ada9a4d019	dae0ade1cf4d0cde78d88ded1f4fb4c7
16017	2e9cb1a78dd34f6e978f22b74a78774b	e35f47a52c26f67a57d2e9ada9a4d019	dae0ade1cf4d0cde78d88ded1f4fb4c7
16018	2e9cb1a78dd34f6e978f22b74a78774b	e35f47a52c26f67a57d2e9ada9a4d019	dae0ade1cf4d0cde78d88ded1f4fb4c7
16019	2e9cb1a78dd34f6e978f22b74a78774b	e35f47a52c26f67a57d2e9ada9a4d019	dae0ade1cf4d0cde78d88ded1f4fb4c7
16020	2e9cb1a78dd34f6e978f22b74a78774b	e35f47a52c26f67a57d2e9ada9a4d019	dae0ade1cf4d0cde78d88ded1f4fb4c7
16021	2e9cb1a78dd34f6e978f22b74a78774b	e35f47a52c26f67a57d2e9ada9a4d019	dae0ade1cf4d0cde78d88ded1f4fb4c7
16022	2e9cb1a78dd34f6e978f22b74a78774b	e35f47a52c26f67a57d2e9ada9a4d019	dae0ade1cf4d0cde78d88ded1f4fb4c7
16023	e93f3cdef39fe2f7146125b46236a238	f5c2f122e540b93fd1bef12073850dcf	c6157f238dc95e23dd127dc37ed28969
16024	e93f3cdef39fe2f7146125b46236a238	f5c2f122e540b93fd1bef12073850dcf	c6157f238dc95e23dd127dc37ed28969
16025	e93f3cdef39fe2f7146125b46236a238	f5c2f122e540b93fd1bef12073850dcf	c6157f238dc95e23dd127dc37ed28969
16026	37edbef7260158ea1b32447d66540813	63b6efe0a722ec34ec49889d57c38eb3	5d39063a51c2da97fdd7f68bc96cc5e3
16027	37edbef7260158ea1b32447d66540813	63b6efe0a722ec34ec49889d57c38eb3	5d39063a51c2da97fdd7f68bc96cc5e3
16028	2e9cb1a78dd34f6e978f22b74a78774b	e35f47a52c26f67a57d2e9ada9a4d019	dae0ade1cf4d0cde78d88ded1f4fb4c7
16029	2e9cb1a78dd34f6e978f22b74a78774b	e35f47a52c26f67a57d2e9ada9a4d019	dae0ade1cf4d0cde78d88ded1f4fb4c7
16030	2e9cb1a78dd34f6e978f22b74a78774b	e35f47a52c26f67a57d2e9ada9a4d019	dae0ade1cf4d0cde78d88ded1f4fb4c7
16031	2e9cb1a78dd34f6e978f22b74a78774b	e35f47a52c26f67a57d2e9ada9a4d019	dae0ade1cf4d0cde78d88ded1f4fb4c7
16032	2e9cb1a78dd34f6e978f22b74a78774b	e8699dd23e2eceec9ac10ffb533252ff	454dd1a222f6e46cdc93f973c3d0b509
16033	2e9cb1a78dd34f6e978f22b74a78774b	e35f47a52c26f67a57d2e9ada9a4d019	dae0ade1cf4d0cde78d88ded1f4fb4c7
16034	2e9cb1a78dd34f6e978f22b74a78774b	e35f47a52c26f67a57d2e9ada9a4d019	dae0ade1cf4d0cde78d88ded1f4fb4c7
16035	2e9cb1a78dd34f6e978f22b74a78774b	e35f47a52c26f67a57d2e9ada9a4d019	dae0ade1cf4d0cde78d88ded1f4fb4c7
16036	2e9cb1a78dd34f6e978f22b74a78774b	e35f47a52c26f67a57d2e9ada9a4d019	dae0ade1cf4d0cde78d88ded1f4fb4c7
16037	2e9cb1a78dd34f6e978f22b74a78774b	e35f47a52c26f67a57d2e9ada9a4d019	dae0ade1cf4d0cde78d88ded1f4fb4c7
16038	2e9cb1a78dd34f6e978f22b74a78774b	e35f47a52c26f67a57d2e9ada9a4d019	dae0ade1cf4d0cde78d88ded1f4fb4c7
16039	2e9cb1a78dd34f6e978f22b74a78774b	e35f47a52c26f67a57d2e9ada9a4d019	dae0ade1cf4d0cde78d88ded1f4fb4c7
16040	2b16e6b1d2fa504cb4d21e0019d52322	a6cc5a77cf5ee11c79708a37d789d943	244c4931cc49fbd8e61ea610cbe5566d
16041	2b16e6b1d2fa504cb4d21e0019d52322	a6cc5a77cf5ee11c79708a37d789d943	244c4931cc49fbd8e61ea610cbe5566d
16042	2b16e6b1d2fa504cb4d21e0019d52322	a6cc5a77cf5ee11c79708a37d789d943	244c4931cc49fbd8e61ea610cbe5566d
16043	2b16e6b1d2fa504cb4d21e0019d52322	a6cc5a77cf5ee11c79708a37d789d943	244c4931cc49fbd8e61ea610cbe5566d
16044	2b16e6b1d2fa504cb4d21e0019d52322	a6cc5a77cf5ee11c79708a37d789d943	244c4931cc49fbd8e61ea610cbe5566d
16045	2b16e6b1d2fa504cb4d21e0019d52322	a6cc5a77cf5ee11c79708a37d789d943	244c4931cc49fbd8e61ea610cbe5566d
16046	2b16e6b1d2fa504cb4d21e0019d52322	a6cc5a77cf5ee11c79708a37d789d943	244c4931cc49fbd8e61ea610cbe5566d
16047	2b16e6b1d2fa504cb4d21e0019d52322	a6cc5a77cf5ee11c79708a37d789d943	244c4931cc49fbd8e61ea610cbe5566d
16048	2b16e6b1d2fa504cb4d21e0019d52322	a6cc5a77cf5ee11c79708a37d789d943	244c4931cc49fbd8e61ea610cbe5566d
16049	2b16e6b1d2fa504cb4d21e0019d52322	a6cc5a77cf5ee11c79708a37d789d943	244c4931cc49fbd8e61ea610cbe5566d
16050	2b16e6b1d2fa504cb4d21e0019d52322	a6cc5a77cf5ee11c79708a37d789d943	244c4931cc49fbd8e61ea610cbe5566d
16051	2b16e6b1d2fa504cb4d21e0019d52322	a6cc5a77cf5ee11c79708a37d789d943	244c4931cc49fbd8e61ea610cbe5566d
16052	2b16e6b1d2fa504cb4d21e0019d52322	a6cc5a77cf5ee11c79708a37d789d943	244c4931cc49fbd8e61ea610cbe5566d
16053	2b16e6b1d2fa504cb4d21e0019d52322	a6cc5a77cf5ee11c79708a37d789d943	244c4931cc49fbd8e61ea610cbe5566d
16054	2b16e6b1d2fa504cb4d21e0019d52322	a6cc5a77cf5ee11c79708a37d789d943	244c4931cc49fbd8e61ea610cbe5566d
16055	2b16e6b1d2fa504cb4d21e0019d52322	a6cc5a77cf5ee11c79708a37d789d943	244c4931cc49fbd8e61ea610cbe5566d
16056	2b16e6b1d2fa504cb4d21e0019d52322	a6cc5a77cf5ee11c79708a37d789d943	244c4931cc49fbd8e61ea610cbe5566d
16057	7ac4f75598e464cf89b6cf333a9a7374	297ed4b2d27f4c8d62cd94ac3a6a1b27	8f243ddefacc700284196c9677bae90c
16058	6b115b29d299cf1ec864d769b40e71d3	0c9f616404bfd559fc228e39ee4213ab	9300e20f19585a312d9070ecdc96b751
16059	6b115b29d299cf1ec864d769b40e71d3	0c9f616404bfd559fc228e39ee4213ab	9300e20f19585a312d9070ecdc96b751
16060	6badb8f8772cc00466d92867cf843ad5	7265edd5d6fc459d31b57e0f5c2ed32c	0dfa1951e929d0d83614c4b2c4e2a339
16061	6badb8f8772cc00466d92867cf843ad5	7265edd5d6fc459d31b57e0f5c2ed32c	0dfa1951e929d0d83614c4b2c4e2a339
16062	b7258c71b5b5052cb20170b2e64dd540	5ef2135ef94e8c521a0801a8066193ae	87344cb5c2a6c206f680388513905418
16063	b7258c71b5b5052cb20170b2e64dd540	5ef2135ef94e8c521a0801a8066193ae	87344cb5c2a6c206f680388513905418
16064	c44a259884eabc69452401e4e6008df2	a37782513be76df6f21c95a62408c78a	9b156f7e575b62a72bd08b4276cb5e5d
16065	c44a259884eabc69452401e4e6008df2	a37782513be76df6f21c95a62408c78a	9b156f7e575b62a72bd08b4276cb5e5d
16066	c44a259884eabc69452401e4e6008df2	a37782513be76df6f21c95a62408c78a	9b156f7e575b62a72bd08b4276cb5e5d
16067	c44a259884eabc69452401e4e6008df2	a37782513be76df6f21c95a62408c78a	9b156f7e575b62a72bd08b4276cb5e5d
16068	c44a259884eabc69452401e4e6008df2	a37782513be76df6f21c95a62408c78a	9b156f7e575b62a72bd08b4276cb5e5d
16069	ab2c7b2bed9a7034bb11b9260628a00d	f9929d1e29b67e397cefa4ce367afdf7	18f64631d65d3626685fcf9cdf516a5f
16070	ab2c7b2bed9a7034bb11b9260628a00d	f9929d1e29b67e397cefa4ce367afdf7	18f64631d65d3626685fcf9cdf516a5f
16071	ab2c7b2bed9a7034bb11b9260628a00d	f9929d1e29b67e397cefa4ce367afdf7	18f64631d65d3626685fcf9cdf516a5f
16072	ab2c7b2bed9a7034bb11b9260628a00d	d6dc3468977db67458c1ee9547717468	63e5c9cb06a3924b1b67f0ab6301d6bf
16073	ab2c7b2bed9a7034bb11b9260628a00d	d6dc3468977db67458c1ee9547717468	63e5c9cb06a3924b1b67f0ab6301d6bf
16074	5cd8afd4a5660a134d0844e5a13c88ef	5c5605a7bef7500317ce28488c2958b6	05aacac345c18550efc035895e6eb6dd
16075	ab2c7b2bed9a7034bb11b9260628a00d	5a7681721335a819d92713c46ab71aba	7ef36f847928244907f1f469778e1d81
16076	d3b2f3fa5c6e9729ef35eac624bdfca4	c691c016eec8d8ba35bf3f7d7f63d1c3	009b2ff3f6b87280de8faee49cf59ee6
16077	d23150b404c4d04848aa34fa5d1d91bd	854f7accc39fb9e8e3280a6173ac9d8b	1a556ae982011d2a0c98b276d87998a6
16078	d23150b404c4d04848aa34fa5d1d91bd	854f7accc39fb9e8e3280a6173ac9d8b	1a556ae982011d2a0c98b276d87998a6
16079	497446b421b767844c342316ce780de4	a8079a8b46f55e8782f5d75f001f556c	5216767dfd95353d87e747cdf28b85e0
16080	497446b421b767844c342316ce780de4	a8079a8b46f55e8782f5d75f001f556c	5216767dfd95353d87e747cdf28b85e0
16081	f75e7496ab9a4c36f836469f309e2295	1dc090cb860c9f43711476d9641e91c8	3cc4822c30fdb5779106a5c36e93b625
16082	f75e7496ab9a4c36f836469f309e2295	1dc090cb860c9f43711476d9641e91c8	3cc4822c30fdb5779106a5c36e93b625
16083	f75e7496ab9a4c36f836469f309e2295	1dc090cb860c9f43711476d9641e91c8	3cc4822c30fdb5779106a5c36e93b625
16084	f75e7496ab9a4c36f836469f309e2295	1dc090cb860c9f43711476d9641e91c8	3cc4822c30fdb5779106a5c36e93b625
16085	f75e7496ab9a4c36f836469f309e2295	1dc090cb860c9f43711476d9641e91c8	3cc4822c30fdb5779106a5c36e93b625
16086	a82b290335aedb0797ca88af87bc1f97	6f3fa700792b32baa735c108c621a104	0491aa2f74804c5efd3ee6c0d439ce3a
16087	a82b290335aedb0797ca88af87bc1f97	6f3fa700792b32baa735c108c621a104	0491aa2f74804c5efd3ee6c0d439ce3a
16088	a82b290335aedb0797ca88af87bc1f97	6f3fa700792b32baa735c108c621a104	0491aa2f74804c5efd3ee6c0d439ce3a
16089	b49cade3a8f9aca5fc69ac117607d46d	321087912ccbca0d5c785053d3384601	1ac93fa541a4b8397a15ae20167a3ec9
16090	a224279d60da15ae8353defc8b9552fe	efea9e60b82cca21cd9184f5da0fc5fb	35042d18382cffaf660c351019d59592
16091	71532635c759ab2ea7868f9861b31775	437e3a8bb93e29b6cca853573ff918d5	e13ab6eccc829e5e1d5cc4136d284b68
16092	71532635c759ab2ea7868f9861b31775	437e3a8bb93e29b6cca853573ff918d5	e13ab6eccc829e5e1d5cc4136d284b68
16093	e4042af48c0166559320dc741acb8df0	2c165809442577f2714ad0d6356de4cf	12bd8189ee59d8c8772e0a0dfc2b7582
16094	e4042af48c0166559320dc741acb8df0	2c165809442577f2714ad0d6356de4cf	12bd8189ee59d8c8772e0a0dfc2b7582
16095	e4042af48c0166559320dc741acb8df0	2c165809442577f2714ad0d6356de4cf	12bd8189ee59d8c8772e0a0dfc2b7582
16096	e4042af48c0166559320dc741acb8df0	2c165809442577f2714ad0d6356de4cf	12bd8189ee59d8c8772e0a0dfc2b7582
16097	e4042af48c0166559320dc741acb8df0	2c165809442577f2714ad0d6356de4cf	12bd8189ee59d8c8772e0a0dfc2b7582
16098	16b4eb5287a036f0d891d349c0984fff	27b88ff1ede7f7367c3b72a7e814dc54	b695a138ce24ed6581cc7402ce6bf283
16099	16b4eb5287a036f0d891d349c0984fff	27b88ff1ede7f7367c3b72a7e814dc54	b695a138ce24ed6581cc7402ce6bf283
16100	16b4eb5287a036f0d891d349c0984fff	27b88ff1ede7f7367c3b72a7e814dc54	b695a138ce24ed6581cc7402ce6bf283
16101	16b4eb5287a036f0d891d349c0984fff	27b88ff1ede7f7367c3b72a7e814dc54	b695a138ce24ed6581cc7402ce6bf283
16102	16b4eb5287a036f0d891d349c0984fff	27b88ff1ede7f7367c3b72a7e814dc54	b695a138ce24ed6581cc7402ce6bf283
16103	16b4eb5287a036f0d891d349c0984fff	27b88ff1ede7f7367c3b72a7e814dc54	b695a138ce24ed6581cc7402ce6bf283
16104	16b4eb5287a036f0d891d349c0984fff	27b88ff1ede7f7367c3b72a7e814dc54	b695a138ce24ed6581cc7402ce6bf283
16105	3f8183966a5d565496ca3539012b86c7	f912e0063b5c89ec92ec881a52bffc56	d0deafd10e14bad27ce777cb52c2cb26
16106	3f8183966a5d565496ca3539012b86c7	f912e0063b5c89ec92ec881a52bffc56	d0deafd10e14bad27ce777cb52c2cb26
16107	3f8183966a5d565496ca3539012b86c7	f912e0063b5c89ec92ec881a52bffc56	d0deafd10e14bad27ce777cb52c2cb26
16108	1b8ab682cffc0f6af002a31cfc23dd37	9d17e59e53bb6cd79f4b82d155cf99af	1df719754b5251cd7aa326ee432d90df
16109	3f8183966a5d565496ca3539012b86c7	f912e0063b5c89ec92ec881a52bffc56	d0deafd10e14bad27ce777cb52c2cb26
16110	5e7668609d5f8aa5f7fd79e157b08dd1	9f1a816a815ee2f9ce6dfe302bc0d0f4	3caaa2d739853b9492f1c7907308afba
16111	5e7668609d5f8aa5f7fd79e157b08dd1	9f1a816a815ee2f9ce6dfe302bc0d0f4	3caaa2d739853b9492f1c7907308afba
16112	5e7668609d5f8aa5f7fd79e157b08dd1	9f1a816a815ee2f9ce6dfe302bc0d0f4	3caaa2d739853b9492f1c7907308afba
16113	5e7668609d5f8aa5f7fd79e157b08dd1	9f1a816a815ee2f9ce6dfe302bc0d0f4	3caaa2d739853b9492f1c7907308afba
16114	5e7668609d5f8aa5f7fd79e157b08dd1	9f1a816a815ee2f9ce6dfe302bc0d0f4	3caaa2d739853b9492f1c7907308afba
16115	5e7668609d5f8aa5f7fd79e157b08dd1	9f1a816a815ee2f9ce6dfe302bc0d0f4	3caaa2d739853b9492f1c7907308afba
16116	5e7668609d5f8aa5f7fd79e157b08dd1	9f1a816a815ee2f9ce6dfe302bc0d0f4	3caaa2d739853b9492f1c7907308afba
16117	e03cef79ffbcb6f71551a2b1620acd63	ad47bf3987a0a17b43700a6ddb01482f	fb3175a88ad8b0f86d03e4b487228fa3
16118	e03cef79ffbcb6f71551a2b1620acd63	ad47bf3987a0a17b43700a6ddb01482f	fb3175a88ad8b0f86d03e4b487228fa3
16119	e03cef79ffbcb6f71551a2b1620acd63	ad47bf3987a0a17b43700a6ddb01482f	fb3175a88ad8b0f86d03e4b487228fa3
16120	e03cef79ffbcb6f71551a2b1620acd63	ad47bf3987a0a17b43700a6ddb01482f	fb3175a88ad8b0f86d03e4b487228fa3
16121	e03cef79ffbcb6f71551a2b1620acd63	ad47bf3987a0a17b43700a6ddb01482f	fb3175a88ad8b0f86d03e4b487228fa3
16122	7eb2ab0cc14f3eede3b4cb4e592c1c0e	ec6e84a3376cd699d06ab94c02e0550d	292f21bb39f1ab74801fde860f433063
16123	7eb2ab0cc14f3eede3b4cb4e592c1c0e	ec6e84a3376cd699d06ab94c02e0550d	292f21bb39f1ab74801fde860f433063
16124	7eb2ab0cc14f3eede3b4cb4e592c1c0e	ec6e84a3376cd699d06ab94c02e0550d	292f21bb39f1ab74801fde860f433063
16125	7eb2ab0cc14f3eede3b4cb4e592c1c0e	ec6e84a3376cd699d06ab94c02e0550d	292f21bb39f1ab74801fde860f433063
16126	7eb2ab0cc14f3eede3b4cb4e592c1c0e	ec6e84a3376cd699d06ab94c02e0550d	292f21bb39f1ab74801fde860f433063
16127	a40fc92e277c6675bbf1e7f61871a663	fb41af2e255352b7d67d2304caa78266	40a5fbf167c3a84b9cc965caced34372
16128	a40fc92e277c6675bbf1e7f61871a663	fb41af2e255352b7d67d2304caa78266	40a5fbf167c3a84b9cc965caced34372
16129	a40fc92e277c6675bbf1e7f61871a663	fb41af2e255352b7d67d2304caa78266	40a5fbf167c3a84b9cc965caced34372
16130	a40fc92e277c6675bbf1e7f61871a663	fb41af2e255352b7d67d2304caa78266	40a5fbf167c3a84b9cc965caced34372
16131	a40fc92e277c6675bbf1e7f61871a663	fb41af2e255352b7d67d2304caa78266	40a5fbf167c3a84b9cc965caced34372
16132	516b13952e4a9cba52ddc705b33cb402	24f7c66499434d625c3d063f79645206	cbfeeb808b9bdc012d6916379f0b3c14
16133	516b13952e4a9cba52ddc705b33cb402	24f7c66499434d625c3d063f79645206	cbfeeb808b9bdc012d6916379f0b3c14
16134	3a9e333f768719531459bcd75a2743cb	bfffa568b07c0d278b6c72b89687ee31	9ed6137abe355284b9cf7057d65990d3
16135	3a9e333f768719531459bcd75a2743cb	bfffa568b07c0d278b6c72b89687ee31	9ed6137abe355284b9cf7057d65990d3
16136	3a9e333f768719531459bcd75a2743cb	bfffa568b07c0d278b6c72b89687ee31	9ed6137abe355284b9cf7057d65990d3
16137	a40fc92e277c6675bbf1e7f61871a663	fb41af2e255352b7d67d2304caa78266	40a5fbf167c3a84b9cc965caced34372
16138	a40fc92e277c6675bbf1e7f61871a663	fb41af2e255352b7d67d2304caa78266	40a5fbf167c3a84b9cc965caced34372
16139	367540064816070e9df6dfec0fea765f	b854a8c359c1ad3652d51def1e2dee2c	31b556cc4f9e03437c6e5a3ac5f66df0
16140	367540064816070e9df6dfec0fea765f	b854a8c359c1ad3652d51def1e2dee2c	31b556cc4f9e03437c6e5a3ac5f66df0
16141	367540064816070e9df6dfec0fea765f	b854a8c359c1ad3652d51def1e2dee2c	31b556cc4f9e03437c6e5a3ac5f66df0
16142	e78b9fc1bf9ffd7bf60b5ec6fda9a5b2	b6740d4bb66b1082ea1b09aa789ab608	bfb7d90bc26a50b89a484ff890daabac
16143	e78b9fc1bf9ffd7bf60b5ec6fda9a5b2	b6740d4bb66b1082ea1b09aa789ab608	bfb7d90bc26a50b89a484ff890daabac
16144	4511b1756f46f08f1cd1ec4c54ea6aac	5e17c0ff6b78254689ce8c0c57329903	8145e2a9931e341598ba7367831d97a9
16145	4511b1756f46f08f1cd1ec4c54ea6aac	5e17c0ff6b78254689ce8c0c57329903	8145e2a9931e341598ba7367831d97a9
16146	559d4a5282318318f554139ef5df2b93	5f453d937681205a2d72841d4961ff91	84df89935db4e5597240d67962c8507e
16147	559d4a5282318318f554139ef5df2b93	5f453d937681205a2d72841d4961ff91	84df89935db4e5597240d67962c8507e
16148	559d4a5282318318f554139ef5df2b93	5f453d937681205a2d72841d4961ff91	84df89935db4e5597240d67962c8507e
16149	559d4a5282318318f554139ef5df2b93	5f453d937681205a2d72841d4961ff91	84df89935db4e5597240d67962c8507e
16150	559d4a5282318318f554139ef5df2b93	5f453d937681205a2d72841d4961ff91	84df89935db4e5597240d67962c8507e
16151	559d4a5282318318f554139ef5df2b93	5f453d937681205a2d72841d4961ff91	84df89935db4e5597240d67962c8507e
16152	559d4a5282318318f554139ef5df2b93	5f453d937681205a2d72841d4961ff91	84df89935db4e5597240d67962c8507e
16153	559d4a5282318318f554139ef5df2b93	5f453d937681205a2d72841d4961ff91	84df89935db4e5597240d67962c8507e
16154	559d4a5282318318f554139ef5df2b93	5f453d937681205a2d72841d4961ff91	84df89935db4e5597240d67962c8507e
16155	559d4a5282318318f554139ef5df2b93	5f453d937681205a2d72841d4961ff91	84df89935db4e5597240d67962c8507e
16156	28775241913186e698058f0b74996bf7	bb86ab44a4a6ad04bb089a09440c2d1d	7cf7c30b546b424b5948aa4cdc498ffd
16157	28775241913186e698058f0b74996bf7	bb86ab44a4a6ad04bb089a09440c2d1d	7cf7c30b546b424b5948aa4cdc498ffd
16158	28775241913186e698058f0b74996bf7	bb86ab44a4a6ad04bb089a09440c2d1d	7cf7c30b546b424b5948aa4cdc498ffd
16159	28775241913186e698058f0b74996bf7	bb86ab44a4a6ad04bb089a09440c2d1d	7cf7c30b546b424b5948aa4cdc498ffd
16160	28775241913186e698058f0b74996bf7	bb86ab44a4a6ad04bb089a09440c2d1d	7cf7c30b546b424b5948aa4cdc498ffd
16161	28775241913186e698058f0b74996bf7	bb86ab44a4a6ad04bb089a09440c2d1d	7cf7c30b546b424b5948aa4cdc498ffd
16162	28775241913186e698058f0b74996bf7	bb86ab44a4a6ad04bb089a09440c2d1d	7cf7c30b546b424b5948aa4cdc498ffd
16163	1bd41e7db1d76e099ab450d4647f4bb3	d196e1a865c7d131cdec000d22604782	0c2a96ab8d2d221050a4e78265a10544
16164	1bd41e7db1d76e099ab450d4647f4bb3	d196e1a865c7d131cdec000d22604782	0c2a96ab8d2d221050a4e78265a10544
16165	1bd41e7db1d76e099ab450d4647f4bb3	d196e1a865c7d131cdec000d22604782	0c2a96ab8d2d221050a4e78265a10544
16166	1bd41e7db1d76e099ab450d4647f4bb3	d196e1a865c7d131cdec000d22604782	0c2a96ab8d2d221050a4e78265a10544
16167	1bd41e7db1d76e099ab450d4647f4bb3	d196e1a865c7d131cdec000d22604782	0c2a96ab8d2d221050a4e78265a10544
16168	5efee55e85cd971adc506c4b66a639d9	ddbf3765ace484941e2f2e286fda7a01	091a84b445a14ace08dfcd4ea489292f
16169	5efee55e85cd971adc506c4b66a639d9	ddbf3765ace484941e2f2e286fda7a01	091a84b445a14ace08dfcd4ea489292f
16170	5efee55e85cd971adc506c4b66a639d9	ddbf3765ace484941e2f2e286fda7a01	091a84b445a14ace08dfcd4ea489292f
16171	5efee55e85cd971adc506c4b66a639d9	ddbf3765ace484941e2f2e286fda7a01	091a84b445a14ace08dfcd4ea489292f
16172	5efee55e85cd971adc506c4b66a639d9	ddbf3765ace484941e2f2e286fda7a01	091a84b445a14ace08dfcd4ea489292f
16173	5efee55e85cd971adc506c4b66a639d9	ddbf3765ace484941e2f2e286fda7a01	091a84b445a14ace08dfcd4ea489292f
16174	5efee55e85cd971adc506c4b66a639d9	ddbf3765ace484941e2f2e286fda7a01	091a84b445a14ace08dfcd4ea489292f
16175	5efee55e85cd971adc506c4b66a639d9	ddbf3765ace484941e2f2e286fda7a01	091a84b445a14ace08dfcd4ea489292f
16176	5efee55e85cd971adc506c4b66a639d9	ddbf3765ace484941e2f2e286fda7a01	091a84b445a14ace08dfcd4ea489292f
16177	5efee55e85cd971adc506c4b66a639d9	ddbf3765ace484941e2f2e286fda7a01	091a84b445a14ace08dfcd4ea489292f
16178	5efee55e85cd971adc506c4b66a639d9	ddbf3765ace484941e2f2e286fda7a01	091a84b445a14ace08dfcd4ea489292f
16179	5efee55e85cd971adc506c4b66a639d9	ddbf3765ace484941e2f2e286fda7a01	091a84b445a14ace08dfcd4ea489292f
16180	5efee55e85cd971adc506c4b66a639d9	ddbf3765ace484941e2f2e286fda7a01	091a84b445a14ace08dfcd4ea489292f
16181	5efee55e85cd971adc506c4b66a639d9	ddbf3765ace484941e2f2e286fda7a01	091a84b445a14ace08dfcd4ea489292f
16182	5efee55e85cd971adc506c4b66a639d9	ddbf3765ace484941e2f2e286fda7a01	091a84b445a14ace08dfcd4ea489292f
16183	5efee55e85cd971adc506c4b66a639d9	ddbf3765ace484941e2f2e286fda7a01	091a84b445a14ace08dfcd4ea489292f
16184	5efee55e85cd971adc506c4b66a639d9	ddbf3765ace484941e2f2e286fda7a01	091a84b445a14ace08dfcd4ea489292f
16185	c2516d334f1a5d312bc69a33decb2bd8	c2e29e3491d24fc221ca4845cb649a68	ec45561196f54c459a89d1190898c588
16186	c2516d334f1a5d312bc69a33decb2bd8	c2e29e3491d24fc221ca4845cb649a68	ec45561196f54c459a89d1190898c588
16187	c2516d334f1a5d312bc69a33decb2bd8	c2e29e3491d24fc221ca4845cb649a68	ec45561196f54c459a89d1190898c588
16188	c2516d334f1a5d312bc69a33decb2bd8	2214e44af1c8611b5aaed354ed70be0f	4b743d9948a68b81147f5a5e6b8e93da
16189	c2516d334f1a5d312bc69a33decb2bd8	2214e44af1c8611b5aaed354ed70be0f	4b743d9948a68b81147f5a5e6b8e93da
16190	c2516d334f1a5d312bc69a33decb2bd8	2214e44af1c8611b5aaed354ed70be0f	4b743d9948a68b81147f5a5e6b8e93da
16191	c2516d334f1a5d312bc69a33decb2bd8	2214e44af1c8611b5aaed354ed70be0f	4b743d9948a68b81147f5a5e6b8e93da
16192	63e6f9f7af52b59a13414c0a72ebb340	59f5b73aae4e14fbd5c540e646171eb9	e57c1edf2fb98feb88f4cbb35c31d8a7
16193	f58b4e65ac689a53c0d5a3433e224672	1a17a4097a9bd2ba85391e5010ce2867	469fae1cd4e6432b55c52ca52e95db81
16194	f58b4e65ac689a53c0d5a3433e224672	1a17a4097a9bd2ba85391e5010ce2867	469fae1cd4e6432b55c52ca52e95db81
16195	9223a4546f2ab835c7fd00cdf74ab430	8284324938c67ca03bba3b673595a27b	8f5ca1b01402124775a8674338115af3
16196	9223a4546f2ab835c7fd00cdf74ab430	8284324938c67ca03bba3b673595a27b	8f5ca1b01402124775a8674338115af3
16197	1bf4c0e5772046a90c4523c915cbb9a9	d26e96724c09b2039a5ff22b3706c110	44c32d4c82b6704039cd0ddf66355833
16198	50170ff1ccacc5a56802d8ab3816f655	f9def406d22e42170331e888e818dfd9	a4a28783916cbb2ab0176e7c62403de6
16199	50170ff1ccacc5a56802d8ab3816f655	f9def406d22e42170331e888e818dfd9	a4a28783916cbb2ab0176e7c62403de6
16200	583032eae84b0a271890810293d96834	a27083fea603bf3853cb93dfaadf47df	c79828c377132851cdb4b23e917aee28
16201	583032eae84b0a271890810293d96834	a27083fea603bf3853cb93dfaadf47df	c79828c377132851cdb4b23e917aee28
16202	583032eae84b0a271890810293d96834	a27083fea603bf3853cb93dfaadf47df	c79828c377132851cdb4b23e917aee28
16203	583032eae84b0a271890810293d96834	a27083fea603bf3853cb93dfaadf47df	c79828c377132851cdb4b23e917aee28
16204	7ec2651e08aaa4601db35b9e5f12b84f	a397594b18afda427ee673cdf349c106	9c6eb329c0e50b7ce8f17a89eff2d192
16205	7ec2651e08aaa4601db35b9e5f12b84f	a397594b18afda427ee673cdf349c106	9c6eb329c0e50b7ce8f17a89eff2d192
16206	7ec2651e08aaa4601db35b9e5f12b84f	a397594b18afda427ee673cdf349c106	9c6eb329c0e50b7ce8f17a89eff2d192
16207	0ac8967a0626c75a525bd3c10f150eff	5169732b7191539b14f7d5054b2c1196	e7f13d9e623135aa317b4c03035644d1
16208	0ac8967a0626c75a525bd3c10f150eff	5169732b7191539b14f7d5054b2c1196	e7f13d9e623135aa317b4c03035644d1
16209	9e63174d2da6e095c122af297e9a32f6	e3d3054b7049506b040fba86a6ad70e2	c2ae46ac2df55deb0cbbf12003ea307c
16210	9e63174d2da6e095c122af297e9a32f6	e3d3054b7049506b040fba86a6ad70e2	c2ae46ac2df55deb0cbbf12003ea307c
16211	9e63174d2da6e095c122af297e9a32f6	e3d3054b7049506b040fba86a6ad70e2	c2ae46ac2df55deb0cbbf12003ea307c
16212	9e63174d2da6e095c122af297e9a32f6	e3d3054b7049506b040fba86a6ad70e2	c2ae46ac2df55deb0cbbf12003ea307c
16213	9e63174d2da6e095c122af297e9a32f6	e3d3054b7049506b040fba86a6ad70e2	c2ae46ac2df55deb0cbbf12003ea307c
16214	9e63174d2da6e095c122af297e9a32f6	e3d3054b7049506b040fba86a6ad70e2	c2ae46ac2df55deb0cbbf12003ea307c
16215	9e63174d2da6e095c122af297e9a32f6	e3d3054b7049506b040fba86a6ad70e2	c2ae46ac2df55deb0cbbf12003ea307c
16216	9827f4c2fdf874b6b67e3d29e07ec872	994301cc5955b19dd303b9042a0045a7	a3b270653bdc426f2db9189f51399ab2
16217	9827f4c2fdf874b6b67e3d29e07ec872	994301cc5955b19dd303b9042a0045a7	a3b270653bdc426f2db9189f51399ab2
16218	9827f4c2fdf874b6b67e3d29e07ec872	994301cc5955b19dd303b9042a0045a7	a3b270653bdc426f2db9189f51399ab2
16219	9827f4c2fdf874b6b67e3d29e07ec872	994301cc5955b19dd303b9042a0045a7	a3b270653bdc426f2db9189f51399ab2
16220	9827f4c2fdf874b6b67e3d29e07ec872	aaad8935726d98ef4e16c547538faf56	eae33f7da1e8110a4bd6a325d0fe82fb
16221	9827f4c2fdf874b6b67e3d29e07ec872	994301cc5955b19dd303b9042a0045a7	a3b270653bdc426f2db9189f51399ab2
16222	9827f4c2fdf874b6b67e3d29e07ec872	994301cc5955b19dd303b9042a0045a7	a3b270653bdc426f2db9189f51399ab2
16223	9827f4c2fdf874b6b67e3d29e07ec872	994301cc5955b19dd303b9042a0045a7	a3b270653bdc426f2db9189f51399ab2
16224	9827f4c2fdf874b6b67e3d29e07ec872	994301cc5955b19dd303b9042a0045a7	a3b270653bdc426f2db9189f51399ab2
16225	9827f4c2fdf874b6b67e3d29e07ec872	994301cc5955b19dd303b9042a0045a7	a3b270653bdc426f2db9189f51399ab2
16226	30f377af56d930c25677b59cbac4553d	8048b3249de9609050b7bfc4aec30ea7	00768fbc19d15bed5b2c0ff955172de9
16227	30f377af56d930c25677b59cbac4553d	8048b3249de9609050b7bfc4aec30ea7	00768fbc19d15bed5b2c0ff955172de9
16228	30f377af56d930c25677b59cbac4553d	8048b3249de9609050b7bfc4aec30ea7	00768fbc19d15bed5b2c0ff955172de9
16229	30f377af56d930c25677b59cbac4553d	8048b3249de9609050b7bfc4aec30ea7	00768fbc19d15bed5b2c0ff955172de9
16230	30f377af56d930c25677b59cbac4553d	8048b3249de9609050b7bfc4aec30ea7	00768fbc19d15bed5b2c0ff955172de9
16231	30f377af56d930c25677b59cbac4553d	8048b3249de9609050b7bfc4aec30ea7	00768fbc19d15bed5b2c0ff955172de9
16232	30f377af56d930c25677b59cbac4553d	8048b3249de9609050b7bfc4aec30ea7	00768fbc19d15bed5b2c0ff955172de9
16233	312682c4a84c7f505fb35e98214ef153	7cd2624b43210b9c448cbd77a672cdc8	4203eae7273d9d7c6dfbe58e2b524c70
16234	312682c4a84c7f505fb35e98214ef153	7cd2624b43210b9c448cbd77a672cdc8	4203eae7273d9d7c6dfbe58e2b524c70
16235	312682c4a84c7f505fb35e98214ef153	7cd2624b43210b9c448cbd77a672cdc8	4203eae7273d9d7c6dfbe58e2b524c70
16236	312682c4a84c7f505fb35e98214ef153	7cd2624b43210b9c448cbd77a672cdc8	4203eae7273d9d7c6dfbe58e2b524c70
16237	312682c4a84c7f505fb35e98214ef153	7cd2624b43210b9c448cbd77a672cdc8	4203eae7273d9d7c6dfbe58e2b524c70
16238	76b9020e132d9c215912a7893a4f2341	140470b222f3bc3b777fd2553ca9a4df	f84f56afd8d275e14bb21dd3d58a8cd5
16239	76b9020e132d9c215912a7893a4f2341	140470b222f3bc3b777fd2553ca9a4df	f84f56afd8d275e14bb21dd3d58a8cd5
16240	76b9020e132d9c215912a7893a4f2341	140470b222f3bc3b777fd2553ca9a4df	f84f56afd8d275e14bb21dd3d58a8cd5
16241	76b9020e132d9c215912a7893a4f2341	140470b222f3bc3b777fd2553ca9a4df	f84f56afd8d275e14bb21dd3d58a8cd5
16242	76b9020e132d9c215912a7893a4f2341	140470b222f3bc3b777fd2553ca9a4df	f84f56afd8d275e14bb21dd3d58a8cd5
16243	76b9020e132d9c215912a7893a4f2341	140470b222f3bc3b777fd2553ca9a4df	f84f56afd8d275e14bb21dd3d58a8cd5
16244	76b9020e132d9c215912a7893a4f2341	140470b222f3bc3b777fd2553ca9a4df	f84f56afd8d275e14bb21dd3d58a8cd5
16245	e19f438780deafe40555748c4b61198e	051d994f42746344c957a4c8273f803e	2c1479422c9e19d6e0fe098745d30c6d
16246	e19f438780deafe40555748c4b61198e	051d994f42746344c957a4c8273f803e	2c1479422c9e19d6e0fe098745d30c6d
16247	e19f438780deafe40555748c4b61198e	051d994f42746344c957a4c8273f803e	2c1479422c9e19d6e0fe098745d30c6d
16248	e19f438780deafe40555748c4b61198e	051d994f42746344c957a4c8273f803e	2c1479422c9e19d6e0fe098745d30c6d
16249	e19f438780deafe40555748c4b61198e	051d994f42746344c957a4c8273f803e	2c1479422c9e19d6e0fe098745d30c6d
16250	8ecbd26656101e084f249b8c0128bfe2	bbf691104c5933f5efec2d559138b2be	e22aa9b63daafd235200311e3e1ceb0b
16251	339fbd9d90481e5f7501eb7303639552	ba8a136b080e9ba99d561bba59e02c36	c48cd96006760e7188a2d8be8d1cc17c
16252	e7d90a5153d4c64fc2b6b9a69699c296	30659dfb6c033935141eb75f97824fd1	76aef42003af5837e20bb873cf2b8160
16253	810558f5b422fcd778057f9d2803a1af	6ebe5970221aa06a322706c05d105bba	d772d98c70a82a7a51204d6edc625d5a
16254	810558f5b422fcd778057f9d2803a1af	6ebe5970221aa06a322706c05d105bba	d772d98c70a82a7a51204d6edc625d5a
16255	17d8b6168328e0fe68cbda75760bbbfe	13232e73a91979c9912f16b2de732884	2a143a4e855d91f59a417b606ce42bbc
16256	17d8b6168328e0fe68cbda75760bbbfe	13232e73a91979c9912f16b2de732884	2a143a4e855d91f59a417b606ce42bbc
16257	17d8b6168328e0fe68cbda75760bbbfe	13232e73a91979c9912f16b2de732884	2a143a4e855d91f59a417b606ce42bbc
16258	17d8b6168328e0fe68cbda75760bbbfe	13232e73a91979c9912f16b2de732884	2a143a4e855d91f59a417b606ce42bbc
16259	17d8b6168328e0fe68cbda75760bbbfe	13232e73a91979c9912f16b2de732884	2a143a4e855d91f59a417b606ce42bbc
16260	17d8b6168328e0fe68cbda75760bbbfe	13232e73a91979c9912f16b2de732884	2a143a4e855d91f59a417b606ce42bbc
16261	17d8b6168328e0fe68cbda75760bbbfe	13232e73a91979c9912f16b2de732884	2a143a4e855d91f59a417b606ce42bbc
16262	6c7aaa985b7356794adf76992d954e99	385522c8151f953619dd267162965ddc	e742e5984733d218b2a7e6ee2aec9b67
16263	6c7aaa985b7356794adf76992d954e99	385522c8151f953619dd267162965ddc	e742e5984733d218b2a7e6ee2aec9b67
16264	6c7aaa985b7356794adf76992d954e99	385522c8151f953619dd267162965ddc	e742e5984733d218b2a7e6ee2aec9b67
16265	6c7aaa985b7356794adf76992d954e99	385522c8151f953619dd267162965ddc	e742e5984733d218b2a7e6ee2aec9b67
16266	6c7aaa985b7356794adf76992d954e99	385522c8151f953619dd267162965ddc	e742e5984733d218b2a7e6ee2aec9b67
16267	f53908cdc60084a894bdf30f4efd51fd	6d833b7e62999029bfca67810c84c2f0	1de5ae3f7c6622428088a64c96462f40
16268	f53908cdc60084a894bdf30f4efd51fd	6d833b7e62999029bfca67810c84c2f0	1de5ae3f7c6622428088a64c96462f40
16269	f53908cdc60084a894bdf30f4efd51fd	6d833b7e62999029bfca67810c84c2f0	1de5ae3f7c6622428088a64c96462f40
16270	bcba13768d300c2dac56fbca8e2d24a7	9710635872edf7d84b6b9a9190fc812c	89a46de9e46abacae9ba44b1008df1a4
16271	bcba13768d300c2dac56fbca8e2d24a7	42d03f8d3263c5fc34189f8b68d41bd9	c266adfe76286daa30d27d4ba8473851
16272	21410ba83cfeefbe60458a82ea4de371	c5b8f5ae9571b98db68472821f0ec47a	962ae9922e7ff4bd33f581046f4df686
16273	21410ba83cfeefbe60458a82ea4de371	c5b8f5ae9571b98db68472821f0ec47a	962ae9922e7ff4bd33f581046f4df686
16274	efa8b4bb7a7f026484e030549c1d5c45	532a805e49e0ea91afc22684c72c52d6	76c1d9d5e29c9ab6f95e7ddb29363cb4
16275	efa8b4bb7a7f026484e030549c1d5c45	532a805e49e0ea91afc22684c72c52d6	76c1d9d5e29c9ab6f95e7ddb29363cb4
16276	efa8b4bb7a7f026484e030549c1d5c45	532a805e49e0ea91afc22684c72c52d6	76c1d9d5e29c9ab6f95e7ddb29363cb4
16277	36def24038e5db1941fd97053b3ef3fe	03aff4521019103c72db704caab2494f	981f94689cccdb7a848c4739e51a48b7
16278	efa8b4bb7a7f026484e030549c1d5c45	532a805e49e0ea91afc22684c72c52d6	76c1d9d5e29c9ab6f95e7ddb29363cb4
16279	1b4aed44e76dc7f062a48d116238b3d2	65c0f07eff80bfdb7c3008f8961ed8ad	ca5b8855106aa977c59432bdbdc26a4b
16280	1b4aed44e76dc7f062a48d116238b3d2	65c0f07eff80bfdb7c3008f8961ed8ad	ca5b8855106aa977c59432bdbdc26a4b
16281	1b4aed44e76dc7f062a48d116238b3d2	65c0f07eff80bfdb7c3008f8961ed8ad	ca5b8855106aa977c59432bdbdc26a4b
16282	1b4aed44e76dc7f062a48d116238b3d2	65c0f07eff80bfdb7c3008f8961ed8ad	ca5b8855106aa977c59432bdbdc26a4b
16283	1b4aed44e76dc7f062a48d116238b3d2	65c0f07eff80bfdb7c3008f8961ed8ad	ca5b8855106aa977c59432bdbdc26a4b
16284	1b4aed44e76dc7f062a48d116238b3d2	65c0f07eff80bfdb7c3008f8961ed8ad	ca5b8855106aa977c59432bdbdc26a4b
16285	1b4aed44e76dc7f062a48d116238b3d2	65c0f07eff80bfdb7c3008f8961ed8ad	ca5b8855106aa977c59432bdbdc26a4b
16286	1b4aed44e76dc7f062a48d116238b3d2	65c0f07eff80bfdb7c3008f8961ed8ad	ca5b8855106aa977c59432bdbdc26a4b
16287	1b4aed44e76dc7f062a48d116238b3d2	65c0f07eff80bfdb7c3008f8961ed8ad	ca5b8855106aa977c59432bdbdc26a4b
16288	1b4aed44e76dc7f062a48d116238b3d2	65c0f07eff80bfdb7c3008f8961ed8ad	ca5b8855106aa977c59432bdbdc26a4b
16289	1b4aed44e76dc7f062a48d116238b3d2	65c0f07eff80bfdb7c3008f8961ed8ad	ca5b8855106aa977c59432bdbdc26a4b
16290	1b4aed44e76dc7f062a48d116238b3d2	65c0f07eff80bfdb7c3008f8961ed8ad	ca5b8855106aa977c59432bdbdc26a4b
16291	fe1a7a34f43931bb645c1553824313a1	27a815e048de69394ad0546178f43867	9dda3e16fe8da627843e107abb14cd1c
16292	fe1a7a34f43931bb645c1553824313a1	27a815e048de69394ad0546178f43867	9dda3e16fe8da627843e107abb14cd1c
16293	fe1a7a34f43931bb645c1553824313a1	27a815e048de69394ad0546178f43867	9dda3e16fe8da627843e107abb14cd1c
16294	fe1a7a34f43931bb645c1553824313a1	27a815e048de69394ad0546178f43867	9dda3e16fe8da627843e107abb14cd1c
16295	fe1a7a34f43931bb645c1553824313a1	27a815e048de69394ad0546178f43867	9dda3e16fe8da627843e107abb14cd1c
16296	70f3ee6b331012c8cf24448d13806e03	7a82c35fd9d570ee4ca8f77d9f682fbe	2dc4561d274853426a29736a2379d32a
16297	70f3ee6b331012c8cf24448d13806e03	7a82c35fd9d570ee4ca8f77d9f682fbe	2dc4561d274853426a29736a2379d32a
16298	70f3ee6b331012c8cf24448d13806e03	7a82c35fd9d570ee4ca8f77d9f682fbe	2dc4561d274853426a29736a2379d32a
16299	70f3ee6b331012c8cf24448d13806e03	7a82c35fd9d570ee4ca8f77d9f682fbe	2dc4561d274853426a29736a2379d32a
16300	70f3ee6b331012c8cf24448d13806e03	7a82c35fd9d570ee4ca8f77d9f682fbe	2dc4561d274853426a29736a2379d32a
16301	70f3ee6b331012c8cf24448d13806e03	7a82c35fd9d570ee4ca8f77d9f682fbe	2dc4561d274853426a29736a2379d32a
16302	70f3ee6b331012c8cf24448d13806e03	7a82c35fd9d570ee4ca8f77d9f682fbe	2dc4561d274853426a29736a2379d32a
16303	70f3ee6b331012c8cf24448d13806e03	7a82c35fd9d570ee4ca8f77d9f682fbe	2dc4561d274853426a29736a2379d32a
16304	70f3ee6b331012c8cf24448d13806e03	7a82c35fd9d570ee4ca8f77d9f682fbe	2dc4561d274853426a29736a2379d32a
16305	70f3ee6b331012c8cf24448d13806e03	7a82c35fd9d570ee4ca8f77d9f682fbe	2dc4561d274853426a29736a2379d32a
16306	70f3ee6b331012c8cf24448d13806e03	7a82c35fd9d570ee4ca8f77d9f682fbe	2dc4561d274853426a29736a2379d32a
16307	70f3ee6b331012c8cf24448d13806e03	7a82c35fd9d570ee4ca8f77d9f682fbe	2dc4561d274853426a29736a2379d32a
16308	ea7bf4ccd96ae4304fc903cdfcc86d4f	c896b3124f3a57916f24b9ddc16c5902	5a1ad5385c9deda86764ee884dbdcc78
16309	ea7bf4ccd96ae4304fc903cdfcc86d4f	c896b3124f3a57916f24b9ddc16c5902	5a1ad5385c9deda86764ee884dbdcc78
16310	ea7bf4ccd96ae4304fc903cdfcc86d4f	c896b3124f3a57916f24b9ddc16c5902	5a1ad5385c9deda86764ee884dbdcc78
16311	ea7bf4ccd96ae4304fc903cdfcc86d4f	c896b3124f3a57916f24b9ddc16c5902	5a1ad5385c9deda86764ee884dbdcc78
16312	ea7bf4ccd96ae4304fc903cdfcc86d4f	c896b3124f3a57916f24b9ddc16c5902	5a1ad5385c9deda86764ee884dbdcc78
16313	ea7bf4ccd96ae4304fc903cdfcc86d4f	c896b3124f3a57916f24b9ddc16c5902	5a1ad5385c9deda86764ee884dbdcc78
16314	ea7bf4ccd96ae4304fc903cdfcc86d4f	c896b3124f3a57916f24b9ddc16c5902	5a1ad5385c9deda86764ee884dbdcc78
16315	0786c68edcfc7072ed43cfaba9db3e20	c246e529317de7711edefad5ac08b898	8a1045a4611f8bed69647d66d20aff09
16316	0786c68edcfc7072ed43cfaba9db3e20	c246e529317de7711edefad5ac08b898	8a1045a4611f8bed69647d66d20aff09
16317	0786c68edcfc7072ed43cfaba9db3e20	c246e529317de7711edefad5ac08b898	8a1045a4611f8bed69647d66d20aff09
16318	4e2da97258c18c976de7c7fc4b0d83aa	bfef7fea4d83272b6ad4d1a162e73608	156b442ec38849eaa00431543eb20a15
16319	4e2da97258c18c976de7c7fc4b0d83aa	bfef7fea4d83272b6ad4d1a162e73608	156b442ec38849eaa00431543eb20a15
16320	0786c68edcfc7072ed43cfaba9db3e20	c246e529317de7711edefad5ac08b898	8a1045a4611f8bed69647d66d20aff09
16321	0786c68edcfc7072ed43cfaba9db3e20	c246e529317de7711edefad5ac08b898	8a1045a4611f8bed69647d66d20aff09
16322	0786c68edcfc7072ed43cfaba9db3e20	c246e529317de7711edefad5ac08b898	8a1045a4611f8bed69647d66d20aff09
16323	c875c8d7e1a6975c29c33079ceec7acf	55596a4823780237f2fe858a3d3732c6	b8c4c055fdcbb5ff586aa7f6c75d472b
16324	abeb93902f51eef5dde06b6882f1e985	fa5b5ad2d6841ac28f1eb8642dccf57b	0da0bd91862f65ab76380c8aa61fb7e8
16325	df1fe14387a0e16c8c5556b39465f8ce	c8352ebf23dc9b30d82d2184c14f0c9b	abd44f846ccf714fe51625f885235a29
16326	df1fe14387a0e16c8c5556b39465f8ce	c8352ebf23dc9b30d82d2184c14f0c9b	abd44f846ccf714fe51625f885235a29
16327	df1fe14387a0e16c8c5556b39465f8ce	c8352ebf23dc9b30d82d2184c14f0c9b	abd44f846ccf714fe51625f885235a29
16328	df1fe14387a0e16c8c5556b39465f8ce	c8352ebf23dc9b30d82d2184c14f0c9b	abd44f846ccf714fe51625f885235a29
16329	df1fe14387a0e16c8c5556b39465f8ce	c8352ebf23dc9b30d82d2184c14f0c9b	abd44f846ccf714fe51625f885235a29
16330	df1fe14387a0e16c8c5556b39465f8ce	c8352ebf23dc9b30d82d2184c14f0c9b	abd44f846ccf714fe51625f885235a29
16331	df1fe14387a0e16c8c5556b39465f8ce	c8352ebf23dc9b30d82d2184c14f0c9b	abd44f846ccf714fe51625f885235a29
16332	3358f3dc9841033a1e3cbc510adb76a2	761d496ce61e48271b6735ca99ff89d3	28606f7b8b9ca11d741d7ac17e8c7297
16333	3358f3dc9841033a1e3cbc510adb76a2	2f8454d5cab466bbcd222f52c65b94df	81264becfe8c6d1960ca9efdc07cbac3
16334	b55f4327c16a41b3dd0a2bc3fe90eb01	a9a1c98a0323964ff2409e5cfd9d64a7	e61e2a637ac544bde84cacb5fa1eacab
16335	a690eb9ba316479d9263d46743b0e7fc	3de944c7cc63c6b976aa989eeda29196	c58d88f305c16a01596e2c4e7119b35e
16336	7d212334b719cb2f2d627ab5dcc9e2e9	190f49e0bf3ee398a20733cfc9e9ae18	3a9b3bcf1951c6549c229e14cd487fd8
16337	380532fb2de5f0eceb409413c9d4b4e3	e9dce28e19513933b0385da7a77036aa	e7c43ebc4a5fcf36781189345582c1d1
16338	380532fb2de5f0eceb409413c9d4b4e3	e9dce28e19513933b0385da7a77036aa	e7c43ebc4a5fcf36781189345582c1d1
16339	380532fb2de5f0eceb409413c9d4b4e3	e9dce28e19513933b0385da7a77036aa	e7c43ebc4a5fcf36781189345582c1d1
16340	380532fb2de5f0eceb409413c9d4b4e3	e9dce28e19513933b0385da7a77036aa	e7c43ebc4a5fcf36781189345582c1d1
16341	380532fb2de5f0eceb409413c9d4b4e3	e9dce28e19513933b0385da7a77036aa	e7c43ebc4a5fcf36781189345582c1d1
16342	380532fb2de5f0eceb409413c9d4b4e3	e9dce28e19513933b0385da7a77036aa	e7c43ebc4a5fcf36781189345582c1d1
16343	380532fb2de5f0eceb409413c9d4b4e3	e9dce28e19513933b0385da7a77036aa	e7c43ebc4a5fcf36781189345582c1d1
16344	380532fb2de5f0eceb409413c9d4b4e3	e9dce28e19513933b0385da7a77036aa	e7c43ebc4a5fcf36781189345582c1d1
16345	380532fb2de5f0eceb409413c9d4b4e3	e9dce28e19513933b0385da7a77036aa	e7c43ebc4a5fcf36781189345582c1d1
16346	380532fb2de5f0eceb409413c9d4b4e3	e9dce28e19513933b0385da7a77036aa	e7c43ebc4a5fcf36781189345582c1d1
16347	380532fb2de5f0eceb409413c9d4b4e3	e9dce28e19513933b0385da7a77036aa	e7c43ebc4a5fcf36781189345582c1d1
16348	380532fb2de5f0eceb409413c9d4b4e3	e9dce28e19513933b0385da7a77036aa	e7c43ebc4a5fcf36781189345582c1d1
16349	380532fb2de5f0eceb409413c9d4b4e3	e9dce28e19513933b0385da7a77036aa	e7c43ebc4a5fcf36781189345582c1d1
16350	380532fb2de5f0eceb409413c9d4b4e3	e9dce28e19513933b0385da7a77036aa	e7c43ebc4a5fcf36781189345582c1d1
16351	380532fb2de5f0eceb409413c9d4b4e3	e9dce28e19513933b0385da7a77036aa	e7c43ebc4a5fcf36781189345582c1d1
16352	380532fb2de5f0eceb409413c9d4b4e3	e9dce28e19513933b0385da7a77036aa	e7c43ebc4a5fcf36781189345582c1d1
16353	380532fb2de5f0eceb409413c9d4b4e3	e9dce28e19513933b0385da7a77036aa	e7c43ebc4a5fcf36781189345582c1d1
16354	456c306a826c9f93174285260251d25c	833ac475fd59b44c233df02893cedd55	cf444790742fae350bcdcab46803dd1f
16355	456c306a826c9f93174285260251d25c	833ac475fd59b44c233df02893cedd55	cf444790742fae350bcdcab46803dd1f
16356	456c306a826c9f93174285260251d25c	833ac475fd59b44c233df02893cedd55	cf444790742fae350bcdcab46803dd1f
16357	f22fe077064a911d71e618bd09154607	f18cbdde33aeb5e6eacd0acb17195e1f	49506d12fa65fcbbf8757fdc101a6fc1
16358	f22fe077064a911d71e618bd09154607	f18cbdde33aeb5e6eacd0acb17195e1f	49506d12fa65fcbbf8757fdc101a6fc1
16359	26bba8debe35b079f7078e9ced11c842	ac9ef4cc57ea23074bf7abed91f794fc	8dfb298d31c715135de99e530b311402
16360	26bba8debe35b079f7078e9ced11c842	ac9ef4cc57ea23074bf7abed91f794fc	8dfb298d31c715135de99e530b311402
16361	a49767e8a59ea8c1b45d93463e5e23f8	21ade8148f56d547e48e40d6cf863421	026745764f649978857e2f7a622d6501
16362	a49767e8a59ea8c1b45d93463e5e23f8	21ade8148f56d547e48e40d6cf863421	026745764f649978857e2f7a622d6501
16363	a49767e8a59ea8c1b45d93463e5e23f8	21ade8148f56d547e48e40d6cf863421	026745764f649978857e2f7a622d6501
16364	a49767e8a59ea8c1b45d93463e5e23f8	21ade8148f56d547e48e40d6cf863421	026745764f649978857e2f7a622d6501
16365	a49767e8a59ea8c1b45d93463e5e23f8	21ade8148f56d547e48e40d6cf863421	026745764f649978857e2f7a622d6501
16366	9d3ab317335846eb3be82226ae70b9b5	6d76bc6436cc84ce05e3c71ac454edb4	cc0570df6b012f9092a117dfe9fd727f
16367	9d3ab317335846eb3be82226ae70b9b5	6d76bc6436cc84ce05e3c71ac454edb4	cc0570df6b012f9092a117dfe9fd727f
16368	9d3ab317335846eb3be82226ae70b9b5	6d76bc6436cc84ce05e3c71ac454edb4	cc0570df6b012f9092a117dfe9fd727f
16369	9d3ab317335846eb3be82226ae70b9b5	6d76bc6436cc84ce05e3c71ac454edb4	cc0570df6b012f9092a117dfe9fd727f
16370	9d3ab317335846eb3be82226ae70b9b5	6d76bc6436cc84ce05e3c71ac454edb4	cc0570df6b012f9092a117dfe9fd727f
16371	9d3ab317335846eb3be82226ae70b9b5	6d76bc6436cc84ce05e3c71ac454edb4	cc0570df6b012f9092a117dfe9fd727f
16372	9d3ab317335846eb3be82226ae70b9b5	6d76bc6436cc84ce05e3c71ac454edb4	cc0570df6b012f9092a117dfe9fd727f
16373	3553743dc3e907fc4258e2bf8dfc32c7	e01e77498983af70d552cf8df441a42d	a5081af36ce004979eee5550195368d6
16374	3553743dc3e907fc4258e2bf8dfc32c7	e01e77498983af70d552cf8df441a42d	a5081af36ce004979eee5550195368d6
16375	3553743dc3e907fc4258e2bf8dfc32c7	e01e77498983af70d552cf8df441a42d	a5081af36ce004979eee5550195368d6
16376	3553743dc3e907fc4258e2bf8dfc32c7	e01e77498983af70d552cf8df441a42d	a5081af36ce004979eee5550195368d6
16377	3553743dc3e907fc4258e2bf8dfc32c7	e01e77498983af70d552cf8df441a42d	a5081af36ce004979eee5550195368d6
16378	f7a0bb407eca4321a1cb3964056ee57e	1f41da79f7d87ba6020c38825c21e1eb	a5920785cf4c25f33b80232af1a79729
16379	f7a0bb407eca4321a1cb3964056ee57e	1f41da79f7d87ba6020c38825c21e1eb	a5920785cf4c25f33b80232af1a79729
16380	f7a0bb407eca4321a1cb3964056ee57e	1f41da79f7d87ba6020c38825c21e1eb	a5920785cf4c25f33b80232af1a79729
16381	f7a0bb407eca4321a1cb3964056ee57e	1f41da79f7d87ba6020c38825c21e1eb	a5920785cf4c25f33b80232af1a79729
16382	f7a0bb407eca4321a1cb3964056ee57e	1f41da79f7d87ba6020c38825c21e1eb	a5920785cf4c25f33b80232af1a79729
16383	f7a0bb407eca4321a1cb3964056ee57e	1f41da79f7d87ba6020c38825c21e1eb	a5920785cf4c25f33b80232af1a79729
16384	f7a0bb407eca4321a1cb3964056ee57e	1f41da79f7d87ba6020c38825c21e1eb	a5920785cf4c25f33b80232af1a79729
16385	290c479e3169aa5c548a0a6d0df98bb1	7370cff6c6f4c35ca9fb7d9bc8550879	05a35aab81876d944197c0bdef59d059
16386	290c479e3169aa5c548a0a6d0df98bb1	7370cff6c6f4c35ca9fb7d9bc8550879	05a35aab81876d944197c0bdef59d059
16387	290c479e3169aa5c548a0a6d0df98bb1	7370cff6c6f4c35ca9fb7d9bc8550879	05a35aab81876d944197c0bdef59d059
16388	290c479e3169aa5c548a0a6d0df98bb1	7370cff6c6f4c35ca9fb7d9bc8550879	05a35aab81876d944197c0bdef59d059
16389	290c479e3169aa5c548a0a6d0df98bb1	7370cff6c6f4c35ca9fb7d9bc8550879	05a35aab81876d944197c0bdef59d059
16390	986eaddd4ecb59f0905dfc99699d3451	d6890eb3079418d5a04a0be62ba2be2b	c8517bd99361ffefffad7e63f2077edc
16391	986eaddd4ecb59f0905dfc99699d3451	d6890eb3079418d5a04a0be62ba2be2b	c8517bd99361ffefffad7e63f2077edc
16392	986eaddd4ecb59f0905dfc99699d3451	d6890eb3079418d5a04a0be62ba2be2b	c8517bd99361ffefffad7e63f2077edc
16393	d335c62b543a58f9f7ab8727ea83e7ba	c933a798d8a6e015a594802611a45375	518af608c1423a88461b4434dad97d91
16394	25fdc484d1a05f6101f44bdb89cf09fa	f25adbf8216fc0c9185960c4d42bfb89	f2dfb3287a932920ba69f17ec8a38264
16395	ad9deb432d4320f06d5f4ff7c0b57f69	1dd533bde34e659399c86f82ce239f37	d46094bcefedbadd4ddf255535fb5d4a
16396	ad9deb432d4320f06d5f4ff7c0b57f69	1dd533bde34e659399c86f82ce239f37	d46094bcefedbadd4ddf255535fb5d4a
16397	ad9deb432d4320f06d5f4ff7c0b57f69	1dd533bde34e659399c86f82ce239f37	d46094bcefedbadd4ddf255535fb5d4a
16398	8ccf730967d91f047726a1dd37c71a14	e763c06c1cac2b850490fc701e3b76c8	c86e86be42274a8bf1da7842314b82f2
16399	8ccf730967d91f047726a1dd37c71a14	e763c06c1cac2b850490fc701e3b76c8	c86e86be42274a8bf1da7842314b82f2
16400	62b31b03be9331fcac77bee7d8c37e9b	a8fecb2239176cddcd446d3469bc3f73	385e23c8ab20f95fa1725c861f1a084f
16401	62b31b03be9331fcac77bee7d8c37e9b	62f675e0d77bd50212b444f6c1538890	7e7a86fbf55417b9a3d63e478f42897a
16402	8e5770977ba4d2964f34e91fed5f53eb	bde0a468b242d8e00f5db9044748e51b	6407e918c5cf0afaded6f2c5137a6cab
16403	8e5770977ba4d2964f34e91fed5f53eb	bde0a468b242d8e00f5db9044748e51b	6407e918c5cf0afaded6f2c5137a6cab
16404	8e5770977ba4d2964f34e91fed5f53eb	bde0a468b242d8e00f5db9044748e51b	6407e918c5cf0afaded6f2c5137a6cab
16405	8e5770977ba4d2964f34e91fed5f53eb	bde0a468b242d8e00f5db9044748e51b	6407e918c5cf0afaded6f2c5137a6cab
16406	8e5770977ba4d2964f34e91fed5f53eb	bde0a468b242d8e00f5db9044748e51b	6407e918c5cf0afaded6f2c5137a6cab
16407	f77abed193c1df4f435494aa1a14929b	8b25c9ec41461469394420e38fe2b6e3	04b1b4d9d6e699c55ddc49ff58b04d91
16408	f77abed193c1df4f435494aa1a14929b	8b25c9ec41461469394420e38fe2b6e3	04b1b4d9d6e699c55ddc49ff58b04d91
16409	f77abed193c1df4f435494aa1a14929b	8b25c9ec41461469394420e38fe2b6e3	04b1b4d9d6e699c55ddc49ff58b04d91
16410	f77abed193c1df4f435494aa1a14929b	8b25c9ec41461469394420e38fe2b6e3	04b1b4d9d6e699c55ddc49ff58b04d91
16411	f77abed193c1df4f435494aa1a14929b	8b25c9ec41461469394420e38fe2b6e3	04b1b4d9d6e699c55ddc49ff58b04d91
16412	f77abed193c1df4f435494aa1a14929b	8b25c9ec41461469394420e38fe2b6e3	04b1b4d9d6e699c55ddc49ff58b04d91
16413	f77abed193c1df4f435494aa1a14929b	8b25c9ec41461469394420e38fe2b6e3	04b1b4d9d6e699c55ddc49ff58b04d91
16414	5a30b625a7399ac3073b952dbde1dc0b	1d03fa81409894ce477523c88eb12358	aa69dcb82d28b97d9d576c5ca68ebafb
16415	5a30b625a7399ac3073b952dbde1dc0b	1d03fa81409894ce477523c88eb12358	aa69dcb82d28b97d9d576c5ca68ebafb
16416	5a30b625a7399ac3073b952dbde1dc0b	1d03fa81409894ce477523c88eb12358	aa69dcb82d28b97d9d576c5ca68ebafb
16417	5a30b625a7399ac3073b952dbde1dc0b	1d03fa81409894ce477523c88eb12358	aa69dcb82d28b97d9d576c5ca68ebafb
16418	5a30b625a7399ac3073b952dbde1dc0b	1d03fa81409894ce477523c88eb12358	aa69dcb82d28b97d9d576c5ca68ebafb
16419	5a30b625a7399ac3073b952dbde1dc0b	1d03fa81409894ce477523c88eb12358	aa69dcb82d28b97d9d576c5ca68ebafb
16420	5a30b625a7399ac3073b952dbde1dc0b	1d03fa81409894ce477523c88eb12358	aa69dcb82d28b97d9d576c5ca68ebafb
16421	5a30b625a7399ac3073b952dbde1dc0b	1d03fa81409894ce477523c88eb12358	aa69dcb82d28b97d9d576c5ca68ebafb
16422	5a30b625a7399ac3073b952dbde1dc0b	1d03fa81409894ce477523c88eb12358	aa69dcb82d28b97d9d576c5ca68ebafb
16423	5a30b625a7399ac3073b952dbde1dc0b	1d03fa81409894ce477523c88eb12358	aa69dcb82d28b97d9d576c5ca68ebafb
16424	f5dba965dbea9485a999329653defe75	adaf3204692a4334abc58be4e3206be8	2a8b67cd5363a554f09d6dc8456ad098
16425	f5dba965dbea9485a999329653defe75	adaf3204692a4334abc58be4e3206be8	2a8b67cd5363a554f09d6dc8456ad098
16426	f5dba965dbea9485a999329653defe75	adaf3204692a4334abc58be4e3206be8	2a8b67cd5363a554f09d6dc8456ad098
16427	f5dba965dbea9485a999329653defe75	adaf3204692a4334abc58be4e3206be8	2a8b67cd5363a554f09d6dc8456ad098
16428	f5dba965dbea9485a999329653defe75	adaf3204692a4334abc58be4e3206be8	2a8b67cd5363a554f09d6dc8456ad098
16429	f5dba965dbea9485a999329653defe75	adaf3204692a4334abc58be4e3206be8	2a8b67cd5363a554f09d6dc8456ad098
16430	f5dba965dbea9485a999329653defe75	adaf3204692a4334abc58be4e3206be8	2a8b67cd5363a554f09d6dc8456ad098
16431	1d00618190bff625c114fe8bc99bd10d	c06b33a8eb8c8da5a716ad13cadedb9d	3e5c36f1e468c8feef11a94e21200608
16432	1d00618190bff625c114fe8bc99bd10d	c06b33a8eb8c8da5a716ad13cadedb9d	3e5c36f1e468c8feef11a94e21200608
16433	1d00618190bff625c114fe8bc99bd10d	c06b33a8eb8c8da5a716ad13cadedb9d	3e5c36f1e468c8feef11a94e21200608
16434	6417e3ac55a3f8da5feb26ad59c6b1a6	ec0c4bc81a5df0c9dfeaebeb4e954522	9cb5d578c3db079e0f61df52cc11277e
16435	6417e3ac55a3f8da5feb26ad59c6b1a6	ec0c4bc81a5df0c9dfeaebeb4e954522	9cb5d578c3db079e0f61df52cc11277e
16436	688bf3d3a55bffac36b0bc79955284b5	159a166f32a06bd6c35fcd1f8905f182	d275476a9ca2ce0f93f3ab2d793b41f8
16437	688bf3d3a55bffac36b0bc79955284b5	159a166f32a06bd6c35fcd1f8905f182	d275476a9ca2ce0f93f3ab2d793b41f8
16438	688bf3d3a55bffac36b0bc79955284b5	159a166f32a06bd6c35fcd1f8905f182	d275476a9ca2ce0f93f3ab2d793b41f8
16439	688bf3d3a55bffac36b0bc79955284b5	159a166f32a06bd6c35fcd1f8905f182	d275476a9ca2ce0f93f3ab2d793b41f8
16440	688bf3d3a55bffac36b0bc79955284b5	159a166f32a06bd6c35fcd1f8905f182	d275476a9ca2ce0f93f3ab2d793b41f8
16441	688bf3d3a55bffac36b0bc79955284b5	159a166f32a06bd6c35fcd1f8905f182	d275476a9ca2ce0f93f3ab2d793b41f8
16442	688bf3d3a55bffac36b0bc79955284b5	159a166f32a06bd6c35fcd1f8905f182	d275476a9ca2ce0f93f3ab2d793b41f8
16443	55f93259e92bb016238811df88c0d7bf	c7457ecfa41119d711f91c92492ec587	7b6829c16243891c385964abfd80d3a4
16444	55f93259e92bb016238811df88c0d7bf	c7457ecfa41119d711f91c92492ec587	7b6829c16243891c385964abfd80d3a4
16445	55f93259e92bb016238811df88c0d7bf	c7457ecfa41119d711f91c92492ec587	7b6829c16243891c385964abfd80d3a4
16446	55f93259e92bb016238811df88c0d7bf	c7457ecfa41119d711f91c92492ec587	7b6829c16243891c385964abfd80d3a4
16447	55f93259e92bb016238811df88c0d7bf	c7457ecfa41119d711f91c92492ec587	7b6829c16243891c385964abfd80d3a4
16448	3bd0ea417c28d3bfd30fd38f49e4727a	510e4369097efc6c44c84ce7f7307b55	be4889922117d897662f180a4e8def80
16449	3bd0ea417c28d3bfd30fd38f49e4727a	510e4369097efc6c44c84ce7f7307b55	be4889922117d897662f180a4e8def80
16450	3bd0ea417c28d3bfd30fd38f49e4727a	510e4369097efc6c44c84ce7f7307b55	be4889922117d897662f180a4e8def80
16451	3bd0ea417c28d3bfd30fd38f49e4727a	510e4369097efc6c44c84ce7f7307b55	be4889922117d897662f180a4e8def80
16452	3bd0ea417c28d3bfd30fd38f49e4727a	510e4369097efc6c44c84ce7f7307b55	be4889922117d897662f180a4e8def80
16453	3bd0ea417c28d3bfd30fd38f49e4727a	510e4369097efc6c44c84ce7f7307b55	be4889922117d897662f180a4e8def80
16454	3bd0ea417c28d3bfd30fd38f49e4727a	510e4369097efc6c44c84ce7f7307b55	be4889922117d897662f180a4e8def80
16455	3bd0ea417c28d3bfd30fd38f49e4727a	510e4369097efc6c44c84ce7f7307b55	be4889922117d897662f180a4e8def80
16456	3bd0ea417c28d3bfd30fd38f49e4727a	510e4369097efc6c44c84ce7f7307b55	be4889922117d897662f180a4e8def80
16457	3bd0ea417c28d3bfd30fd38f49e4727a	510e4369097efc6c44c84ce7f7307b55	be4889922117d897662f180a4e8def80
16458	3bd0ea417c28d3bfd30fd38f49e4727a	510e4369097efc6c44c84ce7f7307b55	be4889922117d897662f180a4e8def80
16459	3bd0ea417c28d3bfd30fd38f49e4727a	510e4369097efc6c44c84ce7f7307b55	be4889922117d897662f180a4e8def80
16460	3bd0ea417c28d3bfd30fd38f49e4727a	510e4369097efc6c44c84ce7f7307b55	be4889922117d897662f180a4e8def80
16461	3bd0ea417c28d3bfd30fd38f49e4727a	510e4369097efc6c44c84ce7f7307b55	be4889922117d897662f180a4e8def80
16462	3bd0ea417c28d3bfd30fd38f49e4727a	510e4369097efc6c44c84ce7f7307b55	be4889922117d897662f180a4e8def80
16463	3bd0ea417c28d3bfd30fd38f49e4727a	510e4369097efc6c44c84ce7f7307b55	be4889922117d897662f180a4e8def80
16464	3bd0ea417c28d3bfd30fd38f49e4727a	510e4369097efc6c44c84ce7f7307b55	be4889922117d897662f180a4e8def80
16465	7adbeed355fafc72e160586ea9dc4daf	b74ca7cdff99b4e1b62988cd777bdb43	78c03910e769e4ac59db3c13e6aed001
16466	7adbeed355fafc72e160586ea9dc4daf	b74ca7cdff99b4e1b62988cd777bdb43	78c03910e769e4ac59db3c13e6aed001
16467	7adbeed355fafc72e160586ea9dc4daf	b74ca7cdff99b4e1b62988cd777bdb43	78c03910e769e4ac59db3c13e6aed001
16468	7adbeed355fafc72e160586ea9dc4daf	b74ca7cdff99b4e1b62988cd777bdb43	78c03910e769e4ac59db3c13e6aed001
16469	7adbeed355fafc72e160586ea9dc4daf	b74ca7cdff99b4e1b62988cd777bdb43	78c03910e769e4ac59db3c13e6aed001
16470	7adbeed355fafc72e160586ea9dc4daf	b74ca7cdff99b4e1b62988cd777bdb43	78c03910e769e4ac59db3c13e6aed001
16471	7adbeed355fafc72e160586ea9dc4daf	b74ca7cdff99b4e1b62988cd777bdb43	78c03910e769e4ac59db3c13e6aed001
16472	c201ee09cf685b018ab5df7f9eada729	c9d34dd34dfd34b0cf5c409333fb2c7a	c40197ebf06c21e92128dfd16fbdd303
16473	c201ee09cf685b018ab5df7f9eada729	c9d34dd34dfd34b0cf5c409333fb2c7a	c40197ebf06c21e92128dfd16fbdd303
16474	c201ee09cf685b018ab5df7f9eada729	c9d34dd34dfd34b0cf5c409333fb2c7a	c40197ebf06c21e92128dfd16fbdd303
16475	662b19e93c4d6bcd06a36b11e1fb6c24	9a988bb4cb3591af5bd4c6de8a8603ae	f009e0b745e097826e629a194efb63f8
16476	662b19e93c4d6bcd06a36b11e1fb6c24	9a988bb4cb3591af5bd4c6de8a8603ae	f009e0b745e097826e629a194efb63f8
16477	4532cd45ff7d7a7925f50704687c54b9	25d81d0b934a5086d7ab0142bb48a4f1	fa45418f5fd2a86acad37cd61d47a212
16478	977ce5cbb2e4163e73b59ca9848714f9	95de2877fbd1f970a6e3ba4f5a2fbbe7	68927fffdae0cc668156595cdac26018
16479	977ce5cbb2e4163e73b59ca9848714f9	95de2877fbd1f970a6e3ba4f5a2fbbe7	68927fffdae0cc668156595cdac26018
16480	4532cd45ff7d7a7925f50704687c54b9	25d81d0b934a5086d7ab0142bb48a4f1	fa45418f5fd2a86acad37cd61d47a212
16481	4532cd45ff7d7a7925f50704687c54b9	25d81d0b934a5086d7ab0142bb48a4f1	fa45418f5fd2a86acad37cd61d47a212
16482	4532cd45ff7d7a7925f50704687c54b9	25d81d0b934a5086d7ab0142bb48a4f1	fa45418f5fd2a86acad37cd61d47a212
16483	4532cd45ff7d7a7925f50704687c54b9	25d81d0b934a5086d7ab0142bb48a4f1	fa45418f5fd2a86acad37cd61d47a212
16484	ddc99b84799554bfbe0997556caeaf55	0dca04dea978762135152c51c0904166	f9eeb72b5ee6921a1c20b88e3250c205
16485	ddc99b84799554bfbe0997556caeaf55	0dca04dea978762135152c51c0904166	f9eeb72b5ee6921a1c20b88e3250c205
16486	ddc99b84799554bfbe0997556caeaf55	0dca04dea978762135152c51c0904166	f9eeb72b5ee6921a1c20b88e3250c205
16487	ddc99b84799554bfbe0997556caeaf55	0dca04dea978762135152c51c0904166	f9eeb72b5ee6921a1c20b88e3250c205
16488	ddc99b84799554bfbe0997556caeaf55	0dca04dea978762135152c51c0904166	f9eeb72b5ee6921a1c20b88e3250c205
16489	85687f1dd2b60c712bb77766682f3f48	0b96427bade846d6e1f8192dd8321056	debaf55e3f685259eee21e351fe8e523
16490	85687f1dd2b60c712bb77766682f3f48	0b96427bade846d6e1f8192dd8321056	debaf55e3f685259eee21e351fe8e523
16491	85687f1dd2b60c712bb77766682f3f48	0b96427bade846d6e1f8192dd8321056	debaf55e3f685259eee21e351fe8e523
16492	85687f1dd2b60c712bb77766682f3f48	0b96427bade846d6e1f8192dd8321056	debaf55e3f685259eee21e351fe8e523
16493	85687f1dd2b60c712bb77766682f3f48	0b96427bade846d6e1f8192dd8321056	debaf55e3f685259eee21e351fe8e523
16494	98563d7dca317f24161a8d7536968ac1	584bd59031c89e9fb91fbbf6eede7abd	19895d946cd5df477c0f201a3beb570b
16495	98563d7dca317f24161a8d7536968ac1	584bd59031c89e9fb91fbbf6eede7abd	19895d946cd5df477c0f201a3beb570b
16496	98563d7dca317f24161a8d7536968ac1	584bd59031c89e9fb91fbbf6eede7abd	19895d946cd5df477c0f201a3beb570b
16497	98563d7dca317f24161a8d7536968ac1	584bd59031c89e9fb91fbbf6eede7abd	19895d946cd5df477c0f201a3beb570b
16498	98563d7dca317f24161a8d7536968ac1	584bd59031c89e9fb91fbbf6eede7abd	19895d946cd5df477c0f201a3beb570b
16499	98563d7dca317f24161a8d7536968ac1	584bd59031c89e9fb91fbbf6eede7abd	19895d946cd5df477c0f201a3beb570b
16500	98563d7dca317f24161a8d7536968ac1	584bd59031c89e9fb91fbbf6eede7abd	19895d946cd5df477c0f201a3beb570b
16501	c5217284e703e42036d43cf23b47f283	1e1a86741d629efaa4a9f6c432f740fc	eca862ac685ce89f2dae87fd88643c2b
16502	cee95516bfe5114d6392d96ffd7e8688	3c1af0ba4ae3af475b23aba0cc1c57ba	2d4f7ab51f998d531b4ac50ba4b00759
16503	cee95516bfe5114d6392d96ffd7e8688	3c1af0ba4ae3af475b23aba0cc1c57ba	2d4f7ab51f998d531b4ac50ba4b00759
16504	fa3dbd0e3e94d7ea7f33383957e4c30c	4a9f6808c0d0be0106a2c224e05b1121	a067de2f22fb34fec66c6139b17bd4a1
16505	fa3dbd0e3e94d7ea7f33383957e4c30c	4a9f6808c0d0be0106a2c224e05b1121	a067de2f22fb34fec66c6139b17bd4a1
16506	9c989e42caeb2039e591b01183dc74d5	182f805b2b9b93de18afd7a6da45ee05	580c2eabfbe3d72b38fef2191d24c837
16507	9c989e42caeb2039e591b01183dc74d5	182f805b2b9b93de18afd7a6da45ee05	580c2eabfbe3d72b38fef2191d24c837
16508	9c989e42caeb2039e591b01183dc74d5	182f805b2b9b93de18afd7a6da45ee05	580c2eabfbe3d72b38fef2191d24c837
16509	9c989e42caeb2039e591b01183dc74d5	182f805b2b9b93de18afd7a6da45ee05	580c2eabfbe3d72b38fef2191d24c837
16510	9c989e42caeb2039e591b01183dc74d5	182f805b2b9b93de18afd7a6da45ee05	580c2eabfbe3d72b38fef2191d24c837
16511	9c989e42caeb2039e591b01183dc74d5	182f805b2b9b93de18afd7a6da45ee05	580c2eabfbe3d72b38fef2191d24c837
16512	9c989e42caeb2039e591b01183dc74d5	182f805b2b9b93de18afd7a6da45ee05	580c2eabfbe3d72b38fef2191d24c837
16513	fae447ce0fb02d9b3a0aa548fee70c06	b97d2605e0c46ea87192f561c536cb1b	5ae51e26f45971fd8388df2b47e8ce02
16514	fae447ce0fb02d9b3a0aa548fee70c06	b97d2605e0c46ea87192f561c536cb1b	5ae51e26f45971fd8388df2b47e8ce02
16515	fae447ce0fb02d9b3a0aa548fee70c06	b97d2605e0c46ea87192f561c536cb1b	5ae51e26f45971fd8388df2b47e8ce02
16516	fae447ce0fb02d9b3a0aa548fee70c06	b97d2605e0c46ea87192f561c536cb1b	5ae51e26f45971fd8388df2b47e8ce02
16517	fae447ce0fb02d9b3a0aa548fee70c06	b97d2605e0c46ea87192f561c536cb1b	5ae51e26f45971fd8388df2b47e8ce02
16518	ea2d1ce4a4913b98447e644f61f53fb2	b41fa2d592635f300b2ddac5505a9956	3094d8b3ac393332fe3d9f9b479525eb
16519	ea2d1ce4a4913b98447e644f61f53fb2	b41fa2d592635f300b2ddac5505a9956	3094d8b3ac393332fe3d9f9b479525eb
16520	ea2d1ce4a4913b98447e644f61f53fb2	b41fa2d592635f300b2ddac5505a9956	3094d8b3ac393332fe3d9f9b479525eb
16521	ea2d1ce4a4913b98447e644f61f53fb2	b41fa2d592635f300b2ddac5505a9956	3094d8b3ac393332fe3d9f9b479525eb
16522	ea2d1ce4a4913b98447e644f61f53fb2	b41fa2d592635f300b2ddac5505a9956	3094d8b3ac393332fe3d9f9b479525eb
16523	ea2d1ce4a4913b98447e644f61f53fb2	b41fa2d592635f300b2ddac5505a9956	3094d8b3ac393332fe3d9f9b479525eb
16524	ea2d1ce4a4913b98447e644f61f53fb2	b41fa2d592635f300b2ddac5505a9956	3094d8b3ac393332fe3d9f9b479525eb
16525	62b9aef425b9a543c302bdba18cfb900	2377f70bf9fa89f0d40589ba8686bfc9	f81c36993e66653d48e50b8665c018f0
16526	62b9aef425b9a543c302bdba18cfb900	2377f70bf9fa89f0d40589ba8686bfc9	f81c36993e66653d48e50b8665c018f0
16527	62b9aef425b9a543c302bdba18cfb900	2377f70bf9fa89f0d40589ba8686bfc9	f81c36993e66653d48e50b8665c018f0
16528	62b9aef425b9a543c302bdba18cfb900	2377f70bf9fa89f0d40589ba8686bfc9	f81c36993e66653d48e50b8665c018f0
16529	62b9aef425b9a543c302bdba18cfb900	2377f70bf9fa89f0d40589ba8686bfc9	f81c36993e66653d48e50b8665c018f0
16530	16ae26a22a8404e9bc0d833315e0d56b	ddf07243ff443d17d4c069e0317a23c4	34fa96a231b951ba1072dc0020337a79
16531	16ae26a22a8404e9bc0d833315e0d56b	ddf07243ff443d17d4c069e0317a23c4	34fa96a231b951ba1072dc0020337a79
16532	16ae26a22a8404e9bc0d833315e0d56b	ddf07243ff443d17d4c069e0317a23c4	34fa96a231b951ba1072dc0020337a79
16533	16ae26a22a8404e9bc0d833315e0d56b	ddf07243ff443d17d4c069e0317a23c4	34fa96a231b951ba1072dc0020337a79
16534	16ae26a22a8404e9bc0d833315e0d56b	ddf07243ff443d17d4c069e0317a23c4	34fa96a231b951ba1072dc0020337a79
16535	6a192137102cba1f6cc98730a6764ffc	9d0a3a16f9af24182b2f34b58076ab6e	b0cac1df8ab2d3464b0bead0417791a9
16536	6a192137102cba1f6cc98730a6764ffc	9d0a3a16f9af24182b2f34b58076ab6e	b0cac1df8ab2d3464b0bead0417791a9
16537	6a192137102cba1f6cc98730a6764ffc	9d0a3a16f9af24182b2f34b58076ab6e	b0cac1df8ab2d3464b0bead0417791a9
16538	6a192137102cba1f6cc98730a6764ffc	9d0a3a16f9af24182b2f34b58076ab6e	b0cac1df8ab2d3464b0bead0417791a9
16539	6a192137102cba1f6cc98730a6764ffc	9d0a3a16f9af24182b2f34b58076ab6e	b0cac1df8ab2d3464b0bead0417791a9
16540	6a192137102cba1f6cc98730a6764ffc	9d0a3a16f9af24182b2f34b58076ab6e	b0cac1df8ab2d3464b0bead0417791a9
16541	6a192137102cba1f6cc98730a6764ffc	2ab8fb487a01fba66338967f4d9e81cd	60e776022a9a9b0c3018ba17ff3aa6f6
16542	6a192137102cba1f6cc98730a6764ffc	2ab8fb487a01fba66338967f4d9e81cd	60e776022a9a9b0c3018ba17ff3aa6f6
16543	6a192137102cba1f6cc98730a6764ffc	2ab8fb487a01fba66338967f4d9e81cd	60e776022a9a9b0c3018ba17ff3aa6f6
16544	6a192137102cba1f6cc98730a6764ffc	2ab8fb487a01fba66338967f4d9e81cd	60e776022a9a9b0c3018ba17ff3aa6f6
16545	6a192137102cba1f6cc98730a6764ffc	9d0a3a16f9af24182b2f34b58076ab6e	b0cac1df8ab2d3464b0bead0417791a9
16546	6a192137102cba1f6cc98730a6764ffc	9d0a3a16f9af24182b2f34b58076ab6e	b0cac1df8ab2d3464b0bead0417791a9
16547	e6c2fb48d4f08e00e68fdaf1935a8fb3	1baabe3e33a8c40ff1cf2e48ef66f187	d2f12a2119a9109ad3eabccdc13ae70d
16548	e6c2fb48d4f08e00e68fdaf1935a8fb3	1baabe3e33a8c40ff1cf2e48ef66f187	d2f12a2119a9109ad3eabccdc13ae70d
16549	e6c2fb48d4f08e00e68fdaf1935a8fb3	1baabe3e33a8c40ff1cf2e48ef66f187	d2f12a2119a9109ad3eabccdc13ae70d
16550	e6c2fb48d4f08e00e68fdaf1935a8fb3	1baabe3e33a8c40ff1cf2e48ef66f187	d2f12a2119a9109ad3eabccdc13ae70d
16551	e6c2fb48d4f08e00e68fdaf1935a8fb3	1baabe3e33a8c40ff1cf2e48ef66f187	d2f12a2119a9109ad3eabccdc13ae70d
16552	e6c2fb48d4f08e00e68fdaf1935a8fb3	1baabe3e33a8c40ff1cf2e48ef66f187	d2f12a2119a9109ad3eabccdc13ae70d
16553	e6c2fb48d4f08e00e68fdaf1935a8fb3	1baabe3e33a8c40ff1cf2e48ef66f187	d2f12a2119a9109ad3eabccdc13ae70d
16554	219486bb52849e5751ff9a4b45dcd6fb	bcad9b91f5f9d461a32c3ecaa4d19f2e	25a61c1e1940e4c50865634d959f2357
16555	219486bb52849e5751ff9a4b45dcd6fb	bcad9b91f5f9d461a32c3ecaa4d19f2e	25a61c1e1940e4c50865634d959f2357
16556	219486bb52849e5751ff9a4b45dcd6fb	bcad9b91f5f9d461a32c3ecaa4d19f2e	25a61c1e1940e4c50865634d959f2357
16557	219486bb52849e5751ff9a4b45dcd6fb	bcad9b91f5f9d461a32c3ecaa4d19f2e	25a61c1e1940e4c50865634d959f2357
16558	219486bb52849e5751ff9a4b45dcd6fb	bcad9b91f5f9d461a32c3ecaa4d19f2e	25a61c1e1940e4c50865634d959f2357
16559	219486bb52849e5751ff9a4b45dcd6fb	bcad9b91f5f9d461a32c3ecaa4d19f2e	25a61c1e1940e4c50865634d959f2357
16560	219486bb52849e5751ff9a4b45dcd6fb	bcad9b91f5f9d461a32c3ecaa4d19f2e	25a61c1e1940e4c50865634d959f2357
16561	219486bb52849e5751ff9a4b45dcd6fb	bcad9b91f5f9d461a32c3ecaa4d19f2e	25a61c1e1940e4c50865634d959f2357
16562	219486bb52849e5751ff9a4b45dcd6fb	bcad9b91f5f9d461a32c3ecaa4d19f2e	25a61c1e1940e4c50865634d959f2357
16563	219486bb52849e5751ff9a4b45dcd6fb	bcad9b91f5f9d461a32c3ecaa4d19f2e	25a61c1e1940e4c50865634d959f2357
16564	a822e2fc1ab8a852c2f069673c4a32a0	854214ba5effd81e32954f9e58d47d00	642e57082d3e385fc01f946b4aecd08f
16565	a822e2fc1ab8a852c2f069673c4a32a0	854214ba5effd81e32954f9e58d47d00	642e57082d3e385fc01f946b4aecd08f
16566	a822e2fc1ab8a852c2f069673c4a32a0	854214ba5effd81e32954f9e58d47d00	642e57082d3e385fc01f946b4aecd08f
16567	a822e2fc1ab8a852c2f069673c4a32a0	854214ba5effd81e32954f9e58d47d00	642e57082d3e385fc01f946b4aecd08f
16568	a822e2fc1ab8a852c2f069673c4a32a0	854214ba5effd81e32954f9e58d47d00	642e57082d3e385fc01f946b4aecd08f
16569	a822e2fc1ab8a852c2f069673c4a32a0	854214ba5effd81e32954f9e58d47d00	642e57082d3e385fc01f946b4aecd08f
16570	a822e2fc1ab8a852c2f069673c4a32a0	854214ba5effd81e32954f9e58d47d00	642e57082d3e385fc01f946b4aecd08f
16571	5037f2165fcc9a437791bf82be46c369	df74d8ec0d8334953809d2617291a329	a6157b9dedcbcbfad7d542776e0b3bdc
16572	5037f2165fcc9a437791bf82be46c369	df74d8ec0d8334953809d2617291a329	a6157b9dedcbcbfad7d542776e0b3bdc
16573	5037f2165fcc9a437791bf82be46c369	df74d8ec0d8334953809d2617291a329	a6157b9dedcbcbfad7d542776e0b3bdc
16574	5037f2165fcc9a437791bf82be46c369	df74d8ec0d8334953809d2617291a329	a6157b9dedcbcbfad7d542776e0b3bdc
16575	5037f2165fcc9a437791bf82be46c369	6da6e872c727206700cd0629b0d08403	49a91d3d531efe85d057595ae5438233
16576	5b9e6c1dd78b9db2c1ff7fa619fe3fc1	3b5188f529663556326e0e1c021462aa	6d8324f3e79f0cae2c1f889ca76d6a83
16577	5b9e6c1dd78b9db2c1ff7fa619fe3fc1	3b5188f529663556326e0e1c021462aa	6d8324f3e79f0cae2c1f889ca76d6a83
16578	5b9e6c1dd78b9db2c1ff7fa619fe3fc1	3b5188f529663556326e0e1c021462aa	6d8324f3e79f0cae2c1f889ca76d6a83
16579	5b9e6c1dd78b9db2c1ff7fa619fe3fc1	3b5188f529663556326e0e1c021462aa	6d8324f3e79f0cae2c1f889ca76d6a83
16580	5b9e6c1dd78b9db2c1ff7fa619fe3fc1	3b5188f529663556326e0e1c021462aa	6d8324f3e79f0cae2c1f889ca76d6a83
16581	5b9e6c1dd78b9db2c1ff7fa619fe3fc1	3b5188f529663556326e0e1c021462aa	6d8324f3e79f0cae2c1f889ca76d6a83
16582	5b9e6c1dd78b9db2c1ff7fa619fe3fc1	3b5188f529663556326e0e1c021462aa	6d8324f3e79f0cae2c1f889ca76d6a83
16583	5b9e6c1dd78b9db2c1ff7fa619fe3fc1	3b5188f529663556326e0e1c021462aa	6d8324f3e79f0cae2c1f889ca76d6a83
16584	5b9e6c1dd78b9db2c1ff7fa619fe3fc1	3b5188f529663556326e0e1c021462aa	6d8324f3e79f0cae2c1f889ca76d6a83
16585	5b9e6c1dd78b9db2c1ff7fa619fe3fc1	3b5188f529663556326e0e1c021462aa	6d8324f3e79f0cae2c1f889ca76d6a83
16586	5b9e6c1dd78b9db2c1ff7fa619fe3fc1	3b5188f529663556326e0e1c021462aa	6d8324f3e79f0cae2c1f889ca76d6a83
16587	5b9e6c1dd78b9db2c1ff7fa619fe3fc1	3b5188f529663556326e0e1c021462aa	6d8324f3e79f0cae2c1f889ca76d6a83
16588	5b9e6c1dd78b9db2c1ff7fa619fe3fc1	3b5188f529663556326e0e1c021462aa	6d8324f3e79f0cae2c1f889ca76d6a83
16589	5b9e6c1dd78b9db2c1ff7fa619fe3fc1	3b5188f529663556326e0e1c021462aa	6d8324f3e79f0cae2c1f889ca76d6a83
16590	5b9e6c1dd78b9db2c1ff7fa619fe3fc1	3b5188f529663556326e0e1c021462aa	6d8324f3e79f0cae2c1f889ca76d6a83
16591	5b9e6c1dd78b9db2c1ff7fa619fe3fc1	3b5188f529663556326e0e1c021462aa	6d8324f3e79f0cae2c1f889ca76d6a83
16592	5b9e6c1dd78b9db2c1ff7fa619fe3fc1	3b5188f529663556326e0e1c021462aa	6d8324f3e79f0cae2c1f889ca76d6a83
16593	ce764516c7f5853f2ca8d01bed684d7d	c89bc7126db278d3f2c1f7cff780b38e	16696e027cd8a17c8494284af5905040
16594	ce764516c7f5853f2ca8d01bed684d7d	c89bc7126db278d3f2c1f7cff780b38e	16696e027cd8a17c8494284af5905040
16595	ce764516c7f5853f2ca8d01bed684d7d	c89bc7126db278d3f2c1f7cff780b38e	16696e027cd8a17c8494284af5905040
16596	23ebda6c23c44b61a1e6a53199101f4d	36ec8024b3cd373436f4d970f5265514	c46618aebf704cc8746d9ecead36a5ff
16597	c74c1405dcee10988fb8c22c4b2e9407	91a8b702d949f65c467c5788b87dda51	7852b0a8f8fad3dd66f763cdc7ef116b
16598	5a763f5db8ca43b0ce1502ab7d9335d8	5bafafa40e4084281510cfd5fa0e52e6	61b8ea5afc7401cbf7848280756e21c9
16599	5a763f5db8ca43b0ce1502ab7d9335d8	5bafafa40e4084281510cfd5fa0e52e6	61b8ea5afc7401cbf7848280756e21c9
16600	f9d903a545f374579a013fa3a8f121a5	e9e19ec8fb0d1072f12d8a23ee15eadb	b776e1d49c3ad57921f037d260269f90
16601	f9d903a545f374579a013fa3a8f121a5	e9e19ec8fb0d1072f12d8a23ee15eadb	b776e1d49c3ad57921f037d260269f90
16602	f9d903a545f374579a013fa3a8f121a5	e9e19ec8fb0d1072f12d8a23ee15eadb	b776e1d49c3ad57921f037d260269f90
16603	23c4867271535c0bfb36d9209f16774f	43a0479733ecb66f36340f2e01eb8548	7df7a479dd93e0d25c7c88e4ca89b107
16604	23c4867271535c0bfb36d9209f16774f	43a0479733ecb66f36340f2e01eb8548	7df7a479dd93e0d25c7c88e4ca89b107
16605	b5f91d19981985f6cd6fdd28ef3d7b87	e811b6c53e89176d24790bc195e583a3	b27098e3a04b98b2118ffa2688c28e10
16606	b5f91d19981985f6cd6fdd28ef3d7b87	e811b6c53e89176d24790bc195e583a3	b27098e3a04b98b2118ffa2688c28e10
16607	b5f91d19981985f6cd6fdd28ef3d7b87	e811b6c53e89176d24790bc195e583a3	b27098e3a04b98b2118ffa2688c28e10
16608	b5f91d19981985f6cd6fdd28ef3d7b87	e811b6c53e89176d24790bc195e583a3	b27098e3a04b98b2118ffa2688c28e10
16609	b5f91d19981985f6cd6fdd28ef3d7b87	e811b6c53e89176d24790bc195e583a3	b27098e3a04b98b2118ffa2688c28e10
16610	b5f91d19981985f6cd6fdd28ef3d7b87	e811b6c53e89176d24790bc195e583a3	b27098e3a04b98b2118ffa2688c28e10
16611	b5f91d19981985f6cd6fdd28ef3d7b87	e811b6c53e89176d24790bc195e583a3	b27098e3a04b98b2118ffa2688c28e10
16612	59ebd05f6e548fe323c058591f9a9a28	155ca99a1e637f002f8e6bc893a26cf3	cb84d5a2639c18c5e71f5f5239702176
16613	515b4a118e6f7e30f271b3f587bfaaaa	535426184769e47cde216de08bdeba28	2dbcf9b52ba7b97113a8aed96f41d8a8
16614	515b4a118e6f7e30f271b3f587bfaaaa	535426184769e47cde216de08bdeba28	2dbcf9b52ba7b97113a8aed96f41d8a8
16615	b5f91d19981985f6cd6fdd28ef3d7b87	e811b6c53e89176d24790bc195e583a3	b27098e3a04b98b2118ffa2688c28e10
16616	b5f91d19981985f6cd6fdd28ef3d7b87	e811b6c53e89176d24790bc195e583a3	b27098e3a04b98b2118ffa2688c28e10
16617	008ee53ee15cb48a840ed88f5b96b986	2b25476cf9287f93666a640675d2b2ec	cc080b01194bc16158bd49b82620c317
16618	008ee53ee15cb48a840ed88f5b96b986	2b25476cf9287f93666a640675d2b2ec	cc080b01194bc16158bd49b82620c317
16619	008ee53ee15cb48a840ed88f5b96b986	2b25476cf9287f93666a640675d2b2ec	cc080b01194bc16158bd49b82620c317
16620	008ee53ee15cb48a840ed88f5b96b986	2b25476cf9287f93666a640675d2b2ec	cc080b01194bc16158bd49b82620c317
16621	008ee53ee15cb48a840ed88f5b96b986	2b25476cf9287f93666a640675d2b2ec	cc080b01194bc16158bd49b82620c317
16622	008ee53ee15cb48a840ed88f5b96b986	2b25476cf9287f93666a640675d2b2ec	cc080b01194bc16158bd49b82620c317
16623	008ee53ee15cb48a840ed88f5b96b986	2b25476cf9287f93666a640675d2b2ec	cc080b01194bc16158bd49b82620c317
16624	2130e0c6c0fcf60e90a2606885df9c53	6ec104e3b6974133e0c901f3adac1eb6	1aaa3745c351557b23d6403a4964f411
16625	2130e0c6c0fcf60e90a2606885df9c53	6ec104e3b6974133e0c901f3adac1eb6	1aaa3745c351557b23d6403a4964f411
16626	2130e0c6c0fcf60e90a2606885df9c53	6ec104e3b6974133e0c901f3adac1eb6	1aaa3745c351557b23d6403a4964f411
16627	008ee53ee15cb48a840ed88f5b96b986	2b25476cf9287f93666a640675d2b2ec	cc080b01194bc16158bd49b82620c317
16628	008ee53ee15cb48a840ed88f5b96b986	2b25476cf9287f93666a640675d2b2ec	cc080b01194bc16158bd49b82620c317
16629	008ee53ee15cb48a840ed88f5b96b986	2b25476cf9287f93666a640675d2b2ec	cc080b01194bc16158bd49b82620c317
16630	008ee53ee15cb48a840ed88f5b96b986	2b25476cf9287f93666a640675d2b2ec	cc080b01194bc16158bd49b82620c317
16631	008ee53ee15cb48a840ed88f5b96b986	2b25476cf9287f93666a640675d2b2ec	cc080b01194bc16158bd49b82620c317
16632	008ee53ee15cb48a840ed88f5b96b986	2b25476cf9287f93666a640675d2b2ec	cc080b01194bc16158bd49b82620c317
16633	008ee53ee15cb48a840ed88f5b96b986	2b25476cf9287f93666a640675d2b2ec	cc080b01194bc16158bd49b82620c317
16634	8ce5b3f658505c32e04cc2e041998377	2c9a590d8f95834fab4f3578975f1421	a9e7159fcb0e5325687373d9c9bb3b23
16635	8ce5b3f658505c32e04cc2e041998377	2c9a590d8f95834fab4f3578975f1421	a9e7159fcb0e5325687373d9c9bb3b23
16636	8ce5b3f658505c32e04cc2e041998377	2c9a590d8f95834fab4f3578975f1421	a9e7159fcb0e5325687373d9c9bb3b23
16637	8ce5b3f658505c32e04cc2e041998377	2c9a590d8f95834fab4f3578975f1421	a9e7159fcb0e5325687373d9c9bb3b23
16638	8ce5b3f658505c32e04cc2e041998377	2c9a590d8f95834fab4f3578975f1421	a9e7159fcb0e5325687373d9c9bb3b23
16639	8ce5b3f658505c32e04cc2e041998377	2c9a590d8f95834fab4f3578975f1421	a9e7159fcb0e5325687373d9c9bb3b23
16640	8ce5b3f658505c32e04cc2e041998377	2c9a590d8f95834fab4f3578975f1421	a9e7159fcb0e5325687373d9c9bb3b23
16641	d9b1a3800281f5a309b9d8344cc717e2	8265c20994050a488922d2f201405111	2112cdb7d99ec8e4d98f562f4345650f
16642	d9b1a3800281f5a309b9d8344cc717e2	8265c20994050a488922d2f201405111	2112cdb7d99ec8e4d98f562f4345650f
16643	d9b1a3800281f5a309b9d8344cc717e2	8265c20994050a488922d2f201405111	2112cdb7d99ec8e4d98f562f4345650f
16644	d9b1a3800281f5a309b9d8344cc717e2	8265c20994050a488922d2f201405111	2112cdb7d99ec8e4d98f562f4345650f
16645	d9b1a3800281f5a309b9d8344cc717e2	8265c20994050a488922d2f201405111	2112cdb7d99ec8e4d98f562f4345650f
16646	f4f38a139ce05b342452587a0d212a62	c4f192e9aa6b0602a9722c81792ba2c5	41adc0bea42f5fe5f87025aa7f28cf42
16647	f4f38a139ce05b342452587a0d212a62	c4f192e9aa6b0602a9722c81792ba2c5	41adc0bea42f5fe5f87025aa7f28cf42
16648	f4f38a139ce05b342452587a0d212a62	c4f192e9aa6b0602a9722c81792ba2c5	41adc0bea42f5fe5f87025aa7f28cf42
16649	6de26c1e8d02148ad6fe0bb932386040	50787ccd380196a309f546d1ffb7370b	fdd22e76244e9371bd24262bcdce71c3
16650	6de26c1e8d02148ad6fe0bb932386040	50787ccd380196a309f546d1ffb7370b	fdd22e76244e9371bd24262bcdce71c3
16651	f4f38a139ce05b342452587a0d212a62	c4f192e9aa6b0602a9722c81792ba2c5	41adc0bea42f5fe5f87025aa7f28cf42
16652	f4f38a139ce05b342452587a0d212a62	c4f192e9aa6b0602a9722c81792ba2c5	41adc0bea42f5fe5f87025aa7f28cf42
16653	c36fbdb7e48ca564dabe69ded152b113	fec38d9a712dbabb9289a07a012a1350	c736ef8e3ab4a48069589e3e3f4dc7e6
16654	e56bd97dcc42b8d3b9e2d5fadb1da8dd	4eba501508aaa1fe34bd9795c2f4bcb7	87fb1ad225dd4ab6b46044ecd722a5c4
16655	e56bd97dcc42b8d3b9e2d5fadb1da8dd	4eba501508aaa1fe34bd9795c2f4bcb7	87fb1ad225dd4ab6b46044ecd722a5c4
16656	a02a679f76d6ba8e23a56d0462e187c1	7bdee0d683af86ae500bf15a0d4cdbba	1d89f9a7cedcf3b7203a5fff604530cc
16657	a02a679f76d6ba8e23a56d0462e187c1	7bdee0d683af86ae500bf15a0d4cdbba	1d89f9a7cedcf3b7203a5fff604530cc
16658	78e5b2c4fea0a82451f6e6e04b11b9af	3a12af477e8da27ba2d9567a71834956	23bfb86cfbcd3dba8d46c729797b2b7f
16659	78e5b2c4fea0a82451f6e6e04b11b9af	3a12af477e8da27ba2d9567a71834956	23bfb86cfbcd3dba8d46c729797b2b7f
16660	78e5b2c4fea0a82451f6e6e04b11b9af	3a12af477e8da27ba2d9567a71834956	23bfb86cfbcd3dba8d46c729797b2b7f
16661	78e5b2c4fea0a82451f6e6e04b11b9af	3a12af477e8da27ba2d9567a71834956	23bfb86cfbcd3dba8d46c729797b2b7f
16662	78e5b2c4fea0a82451f6e6e04b11b9af	3a12af477e8da27ba2d9567a71834956	23bfb86cfbcd3dba8d46c729797b2b7f
16663	162e11d676d6de2b4d850496b2ea41d0	7a6c14c52754c0519d307b1cae754631	fda4504781bcf6c0d54efc59e4c0bdc6
16664	162e11d676d6de2b4d850496b2ea41d0	7a6c14c52754c0519d307b1cae754631	fda4504781bcf6c0d54efc59e4c0bdc6
16665	162e11d676d6de2b4d850496b2ea41d0	7a6c14c52754c0519d307b1cae754631	fda4504781bcf6c0d54efc59e4c0bdc6
16666	e1564e25420acde15a02f0a75c01f31a	16979ed40c827eafb18d87f4c72a7e8b	acd22aeb8d21f183ec10a5b598422930
16667	e1564e25420acde15a02f0a75c01f31a	16979ed40c827eafb18d87f4c72a7e8b	acd22aeb8d21f183ec10a5b598422930
16668	e1564e25420acde15a02f0a75c01f31a	16979ed40c827eafb18d87f4c72a7e8b	acd22aeb8d21f183ec10a5b598422930
16669	e1564e25420acde15a02f0a75c01f31a	16979ed40c827eafb18d87f4c72a7e8b	acd22aeb8d21f183ec10a5b598422930
16670	6210c1910d6b2ea445ee076681bd756a	41bfb1701174d4521484f3ab6f57e1d2	a222700e675f8574ec211348dd8255c4
16671	60bb80d18659be84915f11c7b83ef7ae	74fb448bf690ca6dfd41aea808e9db7d	0d434433c55a53db52636a5b3f12ce23
16672	60bb80d18659be84915f11c7b83ef7ae	74fb448bf690ca6dfd41aea808e9db7d	0d434433c55a53db52636a5b3f12ce23
16673	9c6239c284cbe27d89bbbc6344913a24	430c5c808d3710b65d856f55248cabfb	2f7c80c6bacbeaecef0fb60abdcb39bf
16674	60bb80d18659be84915f11c7b83ef7ae	74fb448bf690ca6dfd41aea808e9db7d	0d434433c55a53db52636a5b3f12ce23
16675	a587ee7d0488b5c055b4ebf7bba748d1	f03d50016d3216c9f5bfec47865c89ac	11fc2746f5f10bf17a5d0142d7eb1107
16676	a587ee7d0488b5c055b4ebf7bba748d1	f03d50016d3216c9f5bfec47865c89ac	11fc2746f5f10bf17a5d0142d7eb1107
16677	a587ee7d0488b5c055b4ebf7bba748d1	f03d50016d3216c9f5bfec47865c89ac	11fc2746f5f10bf17a5d0142d7eb1107
16678	a587ee7d0488b5c055b4ebf7bba748d1	f03d50016d3216c9f5bfec47865c89ac	11fc2746f5f10bf17a5d0142d7eb1107
16679	a587ee7d0488b5c055b4ebf7bba748d1	f03d50016d3216c9f5bfec47865c89ac	11fc2746f5f10bf17a5d0142d7eb1107
16680	a587ee7d0488b5c055b4ebf7bba748d1	f03d50016d3216c9f5bfec47865c89ac	11fc2746f5f10bf17a5d0142d7eb1107
16681	a587ee7d0488b5c055b4ebf7bba748d1	f03d50016d3216c9f5bfec47865c89ac	11fc2746f5f10bf17a5d0142d7eb1107
16682	baa1fa0d6aed80f00b65a3cf02e3cb6c	e22ea58c141136296e81d8bb5395c83b	08ac87fae5523592a09a9f1cbfc29d3a
16683	baa1fa0d6aed80f00b65a3cf02e3cb6c	e22ea58c141136296e81d8bb5395c83b	08ac87fae5523592a09a9f1cbfc29d3a
16684	baa1fa0d6aed80f00b65a3cf02e3cb6c	e22ea58c141136296e81d8bb5395c83b	08ac87fae5523592a09a9f1cbfc29d3a
16685	baa1fa0d6aed80f00b65a3cf02e3cb6c	e22ea58c141136296e81d8bb5395c83b	08ac87fae5523592a09a9f1cbfc29d3a
16686	baa1fa0d6aed80f00b65a3cf02e3cb6c	e22ea58c141136296e81d8bb5395c83b	08ac87fae5523592a09a9f1cbfc29d3a
16687	0c17c5c74134ca489e133468b828776f	0247062744f807782e6f7cbb8d9b42c2	69924c6bde3c03021858e469583afdd6
16688	0c17c5c74134ca489e133468b828776f	0247062744f807782e6f7cbb8d9b42c2	69924c6bde3c03021858e469583afdd6
16689	0c17c5c74134ca489e133468b828776f	0247062744f807782e6f7cbb8d9b42c2	69924c6bde3c03021858e469583afdd6
16690	0c17c5c74134ca489e133468b828776f	0247062744f807782e6f7cbb8d9b42c2	69924c6bde3c03021858e469583afdd6
16691	0c17c5c74134ca489e133468b828776f	0247062744f807782e6f7cbb8d9b42c2	69924c6bde3c03021858e469583afdd6
16692	0c17c5c74134ca489e133468b828776f	0247062744f807782e6f7cbb8d9b42c2	69924c6bde3c03021858e469583afdd6
16693	0c17c5c74134ca489e133468b828776f	0247062744f807782e6f7cbb8d9b42c2	69924c6bde3c03021858e469583afdd6
16694	1f810b96d2d0a69bf5b1053c8dda3e30	fcbdb210f2044a3af37992384911f309	1b5503e03513ad48170dcb2f6558a43d
16695	1f810b96d2d0a69bf5b1053c8dda3e30	fcbdb210f2044a3af37992384911f309	1b5503e03513ad48170dcb2f6558a43d
16696	1f810b96d2d0a69bf5b1053c8dda3e30	fcbdb210f2044a3af37992384911f309	1b5503e03513ad48170dcb2f6558a43d
16697	1f810b96d2d0a69bf5b1053c8dda3e30	fcbdb210f2044a3af37992384911f309	1b5503e03513ad48170dcb2f6558a43d
16698	1f810b96d2d0a69bf5b1053c8dda3e30	fcbdb210f2044a3af37992384911f309	1b5503e03513ad48170dcb2f6558a43d
16699	e6788548b9398577986368b9f2e5edfc	d449c5f321b9d1e92efb4cac95f26ec3	3842511588100a74e6b7b1e8c0ef69e8
16700	e6788548b9398577986368b9f2e5edfc	d449c5f321b9d1e92efb4cac95f26ec3	3842511588100a74e6b7b1e8c0ef69e8
16701	e6788548b9398577986368b9f2e5edfc	d449c5f321b9d1e92efb4cac95f26ec3	3842511588100a74e6b7b1e8c0ef69e8
16702	e6788548b9398577986368b9f2e5edfc	d449c5f321b9d1e92efb4cac95f26ec3	3842511588100a74e6b7b1e8c0ef69e8
16703	e6788548b9398577986368b9f2e5edfc	d449c5f321b9d1e92efb4cac95f26ec3	3842511588100a74e6b7b1e8c0ef69e8
16704	70c11ad02e36ccdd8711f5fff7873701	2ffd6131e5aafed34f587240b8c93823	956f5985286cd03b91d211ecd0154164
16705	70c11ad02e36ccdd8711f5fff7873701	2ffd6131e5aafed34f587240b8c93823	956f5985286cd03b91d211ecd0154164
16706	70c11ad02e36ccdd8711f5fff7873701	2ffd6131e5aafed34f587240b8c93823	956f5985286cd03b91d211ecd0154164
16707	7fd00aa9b8669ccdb702c74cb4626c2f	59340f9bafeac43e273bba7b7096af5a	a7c229faa3c7035e2543718d7ef32e78
16708	74e757e9e2d620bec9c50907ca6d7f6a	f4000d1d31625936a37a2a171fcadd04	9fddc3ee8aa5dac13ded7cd75519fc86
16709	1601d0acf90c42cde8216c9bd119c52a	abf92dbcb9ceb3f97a6ed9214bbe98a8	e29cd84f446a6393a288fbbbf73510ee
16710	1601d0acf90c42cde8216c9bd119c52a	abf92dbcb9ceb3f97a6ed9214bbe98a8	e29cd84f446a6393a288fbbbf73510ee
16711	011836051a7717d41b8492a1aa98e6ae	3f111535b8a3b854fba99ff00f4f5465	9099cb5dc929515c81887e5ae759d58e
16712	011836051a7717d41b8492a1aa98e6ae	3f111535b8a3b854fba99ff00f4f5465	9099cb5dc929515c81887e5ae759d58e
16713	011836051a7717d41b8492a1aa98e6ae	3f111535b8a3b854fba99ff00f4f5465	9099cb5dc929515c81887e5ae759d58e
16714	e81ac712c6b2ef991df623109a450729	e642874290c73aa52a85273ef9285365	6720fe363f76716a1e6a3a1ab0b9faf3
16715	e81ac712c6b2ef991df623109a450729	e642874290c73aa52a85273ef9285365	6720fe363f76716a1e6a3a1ab0b9faf3
16716	ae1053688e579b2ccdd044ea4a3dfa87	d72a1bbb9fc675b6e98f8b8a47afcdfd	be47a60d7fde9a1609488c06576a0b3d
16717	ae1053688e579b2ccdd044ea4a3dfa87	d72a1bbb9fc675b6e98f8b8a47afcdfd	be47a60d7fde9a1609488c06576a0b3d
16718	ae1053688e579b2ccdd044ea4a3dfa87	d72a1bbb9fc675b6e98f8b8a47afcdfd	be47a60d7fde9a1609488c06576a0b3d
16719	ae1053688e579b2ccdd044ea4a3dfa87	d72a1bbb9fc675b6e98f8b8a47afcdfd	be47a60d7fde9a1609488c06576a0b3d
16720	ae1053688e579b2ccdd044ea4a3dfa87	d72a1bbb9fc675b6e98f8b8a47afcdfd	be47a60d7fde9a1609488c06576a0b3d
16721	ae1053688e579b2ccdd044ea4a3dfa87	d72a1bbb9fc675b6e98f8b8a47afcdfd	be47a60d7fde9a1609488c06576a0b3d
16722	ae1053688e579b2ccdd044ea4a3dfa87	d72a1bbb9fc675b6e98f8b8a47afcdfd	be47a60d7fde9a1609488c06576a0b3d
16723	12b8fcc319b77929ae71a43688170017	29ecab41766c3c31c47645663fd85ead	99d8c70918d661b79f6d5f52215f35c6
16724	12b8fcc319b77929ae71a43688170017	29ecab41766c3c31c47645663fd85ead	99d8c70918d661b79f6d5f52215f35c6
16725	12b8fcc319b77929ae71a43688170017	29ecab41766c3c31c47645663fd85ead	99d8c70918d661b79f6d5f52215f35c6
16726	612a3a0b390228afb21b03f54bc0f084	a2c873284d07f28c7a7e09757105836f	9c457830c1cf3425cf1ac071db659d39
16727	8cc292fec1d9ee5c6d80313d3b0252fe	18c4ecb4a7ac1295173864253f709ad1	1dd0b176c7d7587e3cc89bbe8b3a3892
16728	12b8fcc319b77929ae71a43688170017	29ecab41766c3c31c47645663fd85ead	99d8c70918d661b79f6d5f52215f35c6
16729	12b8fcc319b77929ae71a43688170017	29ecab41766c3c31c47645663fd85ead	99d8c70918d661b79f6d5f52215f35c6
16730	12b8fcc319b77929ae71a43688170017	29ecab41766c3c31c47645663fd85ead	99d8c70918d661b79f6d5f52215f35c6
16731	5776adcf76bbe203dc52d02d89f3f658	e8795f3217d6a6864838db97fbee6bcf	c6f2907672d881b4d7383ed95bdb8d95
16732	5776adcf76bbe203dc52d02d89f3f658	e8795f3217d6a6864838db97fbee6bcf	c6f2907672d881b4d7383ed95bdb8d95
16733	1957766212cff42ac57628ca18d2576a	6b783e79ec54c0f024ba1d53100d21a6	3eeb112e4c54b87aeb1fdbf8419ba663
16734	1957766212cff42ac57628ca18d2576a	6b783e79ec54c0f024ba1d53100d21a6	3eeb112e4c54b87aeb1fdbf8419ba663
16735	1957766212cff42ac57628ca18d2576a	6b783e79ec54c0f024ba1d53100d21a6	3eeb112e4c54b87aeb1fdbf8419ba663
16736	1957766212cff42ac57628ca18d2576a	6b783e79ec54c0f024ba1d53100d21a6	3eeb112e4c54b87aeb1fdbf8419ba663
16737	1957766212cff42ac57628ca18d2576a	6b783e79ec54c0f024ba1d53100d21a6	3eeb112e4c54b87aeb1fdbf8419ba663
16738	1957766212cff42ac57628ca18d2576a	6b783e79ec54c0f024ba1d53100d21a6	3eeb112e4c54b87aeb1fdbf8419ba663
16739	1957766212cff42ac57628ca18d2576a	6b783e79ec54c0f024ba1d53100d21a6	3eeb112e4c54b87aeb1fdbf8419ba663
16740	2d5c3baafb3ce30f7e520dfee62dfcad	e9eddf182a4c57ddd320718b09fcff74	2d571077b7c25e318515df192102aadc
16741	2d5c3baafb3ce30f7e520dfee62dfcad	e9eddf182a4c57ddd320718b09fcff74	2d571077b7c25e318515df192102aadc
16742	2d5c3baafb3ce30f7e520dfee62dfcad	e9eddf182a4c57ddd320718b09fcff74	2d571077b7c25e318515df192102aadc
16743	2d5c3baafb3ce30f7e520dfee62dfcad	e9eddf182a4c57ddd320718b09fcff74	2d571077b7c25e318515df192102aadc
16744	2d5c3baafb3ce30f7e520dfee62dfcad	e9eddf182a4c57ddd320718b09fcff74	2d571077b7c25e318515df192102aadc
16745	9d980e46bb145acf1dba5aee38d09c7b	8fc9a4d574bf49a6d62ae200fce05049	139b206e7ef0f6e6086321d674a7ed23
16746	9d980e46bb145acf1dba5aee38d09c7b	8fc9a4d574bf49a6d62ae200fce05049	139b206e7ef0f6e6086321d674a7ed23
16747	9d980e46bb145acf1dba5aee38d09c7b	8fc9a4d574bf49a6d62ae200fce05049	139b206e7ef0f6e6086321d674a7ed23
16748	9d980e46bb145acf1dba5aee38d09c7b	8fc9a4d574bf49a6d62ae200fce05049	139b206e7ef0f6e6086321d674a7ed23
16749	9d980e46bb145acf1dba5aee38d09c7b	8fc9a4d574bf49a6d62ae200fce05049	139b206e7ef0f6e6086321d674a7ed23
16750	9d980e46bb145acf1dba5aee38d09c7b	8fc9a4d574bf49a6d62ae200fce05049	139b206e7ef0f6e6086321d674a7ed23
16751	9d980e46bb145acf1dba5aee38d09c7b	8fc9a4d574bf49a6d62ae200fce05049	139b206e7ef0f6e6086321d674a7ed23
16752	9d980e46bb145acf1dba5aee38d09c7b	8fc9a4d574bf49a6d62ae200fce05049	139b206e7ef0f6e6086321d674a7ed23
16753	9d980e46bb145acf1dba5aee38d09c7b	8fc9a4d574bf49a6d62ae200fce05049	139b206e7ef0f6e6086321d674a7ed23
16754	9d980e46bb145acf1dba5aee38d09c7b	8fc9a4d574bf49a6d62ae200fce05049	139b206e7ef0f6e6086321d674a7ed23
16755	9d980e46bb145acf1dba5aee38d09c7b	8fc9a4d574bf49a6d62ae200fce05049	139b206e7ef0f6e6086321d674a7ed23
16756	9d980e46bb145acf1dba5aee38d09c7b	8fc9a4d574bf49a6d62ae200fce05049	139b206e7ef0f6e6086321d674a7ed23
16757	9d980e46bb145acf1dba5aee38d09c7b	8fc9a4d574bf49a6d62ae200fce05049	139b206e7ef0f6e6086321d674a7ed23
16758	9d980e46bb145acf1dba5aee38d09c7b	8fc9a4d574bf49a6d62ae200fce05049	139b206e7ef0f6e6086321d674a7ed23
16759	9d980e46bb145acf1dba5aee38d09c7b	8fc9a4d574bf49a6d62ae200fce05049	139b206e7ef0f6e6086321d674a7ed23
16760	9d980e46bb145acf1dba5aee38d09c7b	8fc9a4d574bf49a6d62ae200fce05049	139b206e7ef0f6e6086321d674a7ed23
16761	9d980e46bb145acf1dba5aee38d09c7b	8fc9a4d574bf49a6d62ae200fce05049	139b206e7ef0f6e6086321d674a7ed23
16762	34cf00816dff97cd6fd207b74bc06b20	39498ff6d8842367849fc86ff14f9289	24131049133699745b58c3249ed52d1c
16763	34cf00816dff97cd6fd207b74bc06b20	39498ff6d8842367849fc86ff14f9289	24131049133699745b58c3249ed52d1c
16764	34cf00816dff97cd6fd207b74bc06b20	39498ff6d8842367849fc86ff14f9289	24131049133699745b58c3249ed52d1c
16765	34cf00816dff97cd6fd207b74bc06b20	39498ff6d8842367849fc86ff14f9289	24131049133699745b58c3249ed52d1c
16766	34cf00816dff97cd6fd207b74bc06b20	39498ff6d8842367849fc86ff14f9289	24131049133699745b58c3249ed52d1c
16767	34cf00816dff97cd6fd207b74bc06b20	39498ff6d8842367849fc86ff14f9289	24131049133699745b58c3249ed52d1c
16768	34cf00816dff97cd6fd207b74bc06b20	39498ff6d8842367849fc86ff14f9289	24131049133699745b58c3249ed52d1c
16769	c0a5f7a3d5bcff88247b097c83380532	e5fdcd9e1ddb2e145d02755a2e43924f	51a3a1330b26d02e97c2ca44e01896b0
16770	c0a5f7a3d5bcff88247b097c83380532	e5fdcd9e1ddb2e145d02755a2e43924f	51a3a1330b26d02e97c2ca44e01896b0
16771	c0a5f7a3d5bcff88247b097c83380532	e5fdcd9e1ddb2e145d02755a2e43924f	51a3a1330b26d02e97c2ca44e01896b0
16772	48e90043aec3fbfde4969ce209d3714c	b3879d4751c2b505e093490fe4d6a9bf	305bbc1210bca90b4255ed9511eb5a02
16773	48e90043aec3fbfde4969ce209d3714c	b3879d4751c2b505e093490fe4d6a9bf	305bbc1210bca90b4255ed9511eb5a02
16774	a3ecddd0af3118f53ac4e1a905d37508	0e76b8622659c80565ccaeefb4708a70	e956b72a0632748279757d5170c78455
16775	a3ecddd0af3118f53ac4e1a905d37508	0e76b8622659c80565ccaeefb4708a70	e956b72a0632748279757d5170c78455
16776	a3ecddd0af3118f53ac4e1a905d37508	0e76b8622659c80565ccaeefb4708a70	e956b72a0632748279757d5170c78455
16777	a3ecddd0af3118f53ac4e1a905d37508	0e76b8622659c80565ccaeefb4708a70	e956b72a0632748279757d5170c78455
16778	a3ecddd0af3118f53ac4e1a905d37508	0e76b8622659c80565ccaeefb4708a70	e956b72a0632748279757d5170c78455
16779	a3ecddd0af3118f53ac4e1a905d37508	0e76b8622659c80565ccaeefb4708a70	e956b72a0632748279757d5170c78455
16780	a3ecddd0af3118f53ac4e1a905d37508	0e76b8622659c80565ccaeefb4708a70	e956b72a0632748279757d5170c78455
16781	0fc8a14d304f0832fbfae7d9f412351d	1b9168afbb72723424807589c72b395d	67d04f4a23848ecf2c8d9960d5561a5d
16782	f746740f835a691a9f05265932f93585	4d19fe3b8b4397c9aad3c948ce2978b9	d81828d85d2f398379ee84b1da543174
16783	8347ad2c48f23e62281d1b9a18556925	4cec22e39f54ddc051c99efcbeb9eaec	a1615b616dd96313c212766f1d91b891
16784	d88a53277f039cc42538b4238dd09248	408314694c4c1660186184c64d0b2448	6ce8a4745621d90c84f350476938f2cb
16785	d88a53277f039cc42538b4238dd09248	408314694c4c1660186184c64d0b2448	6ce8a4745621d90c84f350476938f2cb
16786	ee4b1571eb42c6b0e6cc71e80aa9d96c	59b295cb948f4776a9c1d6f1e3dc33cb	be1caa00e6d76c356c89cd6c03351a6f
16787	ee4b1571eb42c6b0e6cc71e80aa9d96c	59b295cb948f4776a9c1d6f1e3dc33cb	be1caa00e6d76c356c89cd6c03351a6f
16788	ee4b1571eb42c6b0e6cc71e80aa9d96c	59b295cb948f4776a9c1d6f1e3dc33cb	be1caa00e6d76c356c89cd6c03351a6f
16789	ee4b1571eb42c6b0e6cc71e80aa9d96c	59b295cb948f4776a9c1d6f1e3dc33cb	be1caa00e6d76c356c89cd6c03351a6f
16790	ee4b1571eb42c6b0e6cc71e80aa9d96c	59b295cb948f4776a9c1d6f1e3dc33cb	be1caa00e6d76c356c89cd6c03351a6f
16791	ee4b1571eb42c6b0e6cc71e80aa9d96c	59b295cb948f4776a9c1d6f1e3dc33cb	be1caa00e6d76c356c89cd6c03351a6f
16792	ee4b1571eb42c6b0e6cc71e80aa9d96c	59b295cb948f4776a9c1d6f1e3dc33cb	be1caa00e6d76c356c89cd6c03351a6f
16793	0d8167c6b4adfc000ab312c82217883e	b5588cbc76f6e8d37a3eae102cbe55a3	615a52cc491e765b244ca706103a0d93
16794	0d8167c6b4adfc000ab312c82217883e	b5588cbc76f6e8d37a3eae102cbe55a3	615a52cc491e765b244ca706103a0d93
16795	0d8167c6b4adfc000ab312c82217883e	b5588cbc76f6e8d37a3eae102cbe55a3	615a52cc491e765b244ca706103a0d93
16796	0d8167c6b4adfc000ab312c82217883e	b5588cbc76f6e8d37a3eae102cbe55a3	615a52cc491e765b244ca706103a0d93
16797	0d8167c6b4adfc000ab312c82217883e	b5588cbc76f6e8d37a3eae102cbe55a3	615a52cc491e765b244ca706103a0d93
16798	0d8167c6b4adfc000ab312c82217883e	b5588cbc76f6e8d37a3eae102cbe55a3	615a52cc491e765b244ca706103a0d93
16799	0d8167c6b4adfc000ab312c82217883e	b5588cbc76f6e8d37a3eae102cbe55a3	615a52cc491e765b244ca706103a0d93
16800	0d8167c6b4adfc000ab312c82217883e	b5588cbc76f6e8d37a3eae102cbe55a3	615a52cc491e765b244ca706103a0d93
16801	0d8167c6b4adfc000ab312c82217883e	b5588cbc76f6e8d37a3eae102cbe55a3	615a52cc491e765b244ca706103a0d93
16802	0d8167c6b4adfc000ab312c82217883e	b5588cbc76f6e8d37a3eae102cbe55a3	615a52cc491e765b244ca706103a0d93
16803	601e175bd427ca4dd26f4d384fffabe5	cb7f7c38028222bb55feb1f5ed83ec40	3d15a06b13317e288cfcce998e1d5e34
16804	601e175bd427ca4dd26f4d384fffabe5	cb7f7c38028222bb55feb1f5ed83ec40	3d15a06b13317e288cfcce998e1d5e34
16805	601e175bd427ca4dd26f4d384fffabe5	cb7f7c38028222bb55feb1f5ed83ec40	3d15a06b13317e288cfcce998e1d5e34
16806	601e175bd427ca4dd26f4d384fffabe5	cb7f7c38028222bb55feb1f5ed83ec40	3d15a06b13317e288cfcce998e1d5e34
16807	601e175bd427ca4dd26f4d384fffabe5	cb7f7c38028222bb55feb1f5ed83ec40	3d15a06b13317e288cfcce998e1d5e34
16808	601e175bd427ca4dd26f4d384fffabe5	cb7f7c38028222bb55feb1f5ed83ec40	3d15a06b13317e288cfcce998e1d5e34
16809	601e175bd427ca4dd26f4d384fffabe5	cb7f7c38028222bb55feb1f5ed83ec40	3d15a06b13317e288cfcce998e1d5e34
16810	55bf1e1a7df807a75831eadfedd61b1c	e6349877842138596f63fa975e9ef3dc	6c279761866d7c6596c3bf8bce2a343c
16811	55bf1e1a7df807a75831eadfedd61b1c	e6349877842138596f63fa975e9ef3dc	6c279761866d7c6596c3bf8bce2a343c
16812	55bf1e1a7df807a75831eadfedd61b1c	e6349877842138596f63fa975e9ef3dc	6c279761866d7c6596c3bf8bce2a343c
16813	55bf1e1a7df807a75831eadfedd61b1c	e6349877842138596f63fa975e9ef3dc	6c279761866d7c6596c3bf8bce2a343c
16814	55bf1e1a7df807a75831eadfedd61b1c	e6349877842138596f63fa975e9ef3dc	6c279761866d7c6596c3bf8bce2a343c
16815	2669c2822eeca247f40e04e2d3c6d69d	cfb6c5e1101f4700f6662cd636189b2b	a2f8767de96f4b7c4e2ad030a8ef5132
16816	2669c2822eeca247f40e04e2d3c6d69d	cfb6c5e1101f4700f6662cd636189b2b	a2f8767de96f4b7c4e2ad030a8ef5132
16817	2669c2822eeca247f40e04e2d3c6d69d	cfb6c5e1101f4700f6662cd636189b2b	a2f8767de96f4b7c4e2ad030a8ef5132
16818	731396309a0895a148011da17faf3996	cafa94ee622e752d203e5f7b97f75b1c	09265432bf53da0cae11974402024c6d
16819	731396309a0895a148011da17faf3996	cafa94ee622e752d203e5f7b97f75b1c	09265432bf53da0cae11974402024c6d
16820	2669c2822eeca247f40e04e2d3c6d69d	cfb6c5e1101f4700f6662cd636189b2b	a2f8767de96f4b7c4e2ad030a8ef5132
16821	2669c2822eeca247f40e04e2d3c6d69d	cfb6c5e1101f4700f6662cd636189b2b	a2f8767de96f4b7c4e2ad030a8ef5132
16822	109a78d280e100b16d40519b61b86fec	b5a9aa1374ca6cdee4febfef7fb62d4f	cb2c3603e2ed82b0340dbc9e50d16e31
16823	109a78d280e100b16d40519b61b86fec	b5a9aa1374ca6cdee4febfef7fb62d4f	cb2c3603e2ed82b0340dbc9e50d16e31
16824	109a78d280e100b16d40519b61b86fec	b5a9aa1374ca6cdee4febfef7fb62d4f	cb2c3603e2ed82b0340dbc9e50d16e31
16825	109a78d280e100b16d40519b61b86fec	b5a9aa1374ca6cdee4febfef7fb62d4f	cb2c3603e2ed82b0340dbc9e50d16e31
16826	109a78d280e100b16d40519b61b86fec	b5a9aa1374ca6cdee4febfef7fb62d4f	cb2c3603e2ed82b0340dbc9e50d16e31
16827	ffdf9aa0afe17101a24ec2695217d6e5	7e38e812727f1bfcd68ef89de58a3895	a7fcff089b6062c6dcb2cb5416aaea5e
16828	ffdf9aa0afe17101a24ec2695217d6e5	7e38e812727f1bfcd68ef89de58a3895	a7fcff089b6062c6dcb2cb5416aaea5e
16829	f2f4bef6a82c7eac5ae4a4dab70c8e72	8a3c2b02f181a9a579b58d1cb6657a8a	0f1f3430fd2596e8bea09170a591dce8
16830	01b815962f45a04bba05eed2ea3a1117	c87b21698640042055027a17a5582248	13adf6642ad9abe1c2099413582881f7
16831	01b815962f45a04bba05eed2ea3a1117	c87b21698640042055027a17a5582248	13adf6642ad9abe1c2099413582881f7
16832	e481bba922d18d13259f289e772ebea3	4c5959f595b875e740a735de5c6632bc	d758f7d03192522dcf707c4210cb6df6
16833	e481bba922d18d13259f289e772ebea3	4c5959f595b875e740a735de5c6632bc	d758f7d03192522dcf707c4210cb6df6
16834	e481bba922d18d13259f289e772ebea3	4c5959f595b875e740a735de5c6632bc	d758f7d03192522dcf707c4210cb6df6
16835	e481bba922d18d13259f289e772ebea3	4c5959f595b875e740a735de5c6632bc	d758f7d03192522dcf707c4210cb6df6
16836	e481bba922d18d13259f289e772ebea3	4c5959f595b875e740a735de5c6632bc	d758f7d03192522dcf707c4210cb6df6
16837	e481bba922d18d13259f289e772ebea3	4c5959f595b875e740a735de5c6632bc	d758f7d03192522dcf707c4210cb6df6
16838	e481bba922d18d13259f289e772ebea3	4c5959f595b875e740a735de5c6632bc	d758f7d03192522dcf707c4210cb6df6
16839	ba4f312e4ab2f79cd15bed333c83d24f	799c489c49ece042b695bd96e958cc9b	79958311a0c154b5ac897e60c5609422
16840	ba4f312e4ab2f79cd15bed333c83d24f	799c489c49ece042b695bd96e958cc9b	79958311a0c154b5ac897e60c5609422
16841	ba4f312e4ab2f79cd15bed333c83d24f	799c489c49ece042b695bd96e958cc9b	79958311a0c154b5ac897e60c5609422
16842	e481bba922d18d13259f289e772ebea3	4c5959f595b875e740a735de5c6632bc	d758f7d03192522dcf707c4210cb6df6
16843	e481bba922d18d13259f289e772ebea3	4c5959f595b875e740a735de5c6632bc	d758f7d03192522dcf707c4210cb6df6
16844	b87f24f0a6432e677b1924171f3637a3	b582d7d3215caf6cfa2b47b5eae40fbe	569faa8dc7c1bde8ae1036b6501c499f
16845	b87f24f0a6432e677b1924171f3637a3	b582d7d3215caf6cfa2b47b5eae40fbe	569faa8dc7c1bde8ae1036b6501c499f
16846	b87f24f0a6432e677b1924171f3637a3	b582d7d3215caf6cfa2b47b5eae40fbe	569faa8dc7c1bde8ae1036b6501c499f
16847	b87f24f0a6432e677b1924171f3637a3	cebfd31479d84a5cb90fed4fcfbac42c	9942f91bdf7be8fd55280a1a3f431e11
16848	b87f24f0a6432e677b1924171f3637a3	cebfd31479d84a5cb90fed4fcfbac42c	9942f91bdf7be8fd55280a1a3f431e11
16849	b87f24f0a6432e677b1924171f3637a3	cebfd31479d84a5cb90fed4fcfbac42c	9942f91bdf7be8fd55280a1a3f431e11
16850	b87f24f0a6432e677b1924171f3637a3	cebfd31479d84a5cb90fed4fcfbac42c	9942f91bdf7be8fd55280a1a3f431e11
16851	4cd014396671b2c452c15075d28d2c51	58aba290b3a14c7177081a00b6e72854	a75fe49d534b664f1b47b11b25688589
16852	4cd014396671b2c452c15075d28d2c51	58aba290b3a14c7177081a00b6e72854	a75fe49d534b664f1b47b11b25688589
16853	4cd014396671b2c452c15075d28d2c51	58aba290b3a14c7177081a00b6e72854	a75fe49d534b664f1b47b11b25688589
16854	b1c07a6c11106cb9c53cfa80d8b7ac6e	38c0d30af377fba99672893891aa1a4c	2a8386174c72a8955367d45b89a7e582
16855	4cd014396671b2c452c15075d28d2c51	58aba290b3a14c7177081a00b6e72854	a75fe49d534b664f1b47b11b25688589
16856	dd14a26434f91bfb11f0db2ce7afc889	7f027d00bc9b9b9302309e0f93eb1633	f7a92c2a475bf6cad184e987d3c93525
16857	dd14a26434f91bfb11f0db2ce7afc889	7f027d00bc9b9b9302309e0f93eb1633	f7a92c2a475bf6cad184e987d3c93525
16858	dd14a26434f91bfb11f0db2ce7afc889	7f027d00bc9b9b9302309e0f93eb1633	f7a92c2a475bf6cad184e987d3c93525
16859	dd14a26434f91bfb11f0db2ce7afc889	7f027d00bc9b9b9302309e0f93eb1633	f7a92c2a475bf6cad184e987d3c93525
16860	dd14a26434f91bfb11f0db2ce7afc889	7f027d00bc9b9b9302309e0f93eb1633	f7a92c2a475bf6cad184e987d3c93525
16861	dd14a26434f91bfb11f0db2ce7afc889	7f027d00bc9b9b9302309e0f93eb1633	f7a92c2a475bf6cad184e987d3c93525
16862	dd14a26434f91bfb11f0db2ce7afc889	7f027d00bc9b9b9302309e0f93eb1633	f7a92c2a475bf6cad184e987d3c93525
16863	226e35f5705334059f37f2d353611235	2c80a4763a07e81c22e0bdf4bfb8d307	f7c2df939c6d4e252705327ba47138e7
16864	226e35f5705334059f37f2d353611235	2c80a4763a07e81c22e0bdf4bfb8d307	f7c2df939c6d4e252705327ba47138e7
16865	226e35f5705334059f37f2d353611235	2c80a4763a07e81c22e0bdf4bfb8d307	f7c2df939c6d4e252705327ba47138e7
16866	226e35f5705334059f37f2d353611235	2c80a4763a07e81c22e0bdf4bfb8d307	f7c2df939c6d4e252705327ba47138e7
16867	226e35f5705334059f37f2d353611235	2c80a4763a07e81c22e0bdf4bfb8d307	f7c2df939c6d4e252705327ba47138e7
16868	4b45bcdd7e9aec737a57e2ffa27eacf3	2fbf85a40ac9ac8f5ce0daf771089a93	6b21d52bfbc51ac226d8b22453042d5e
16869	4b45bcdd7e9aec737a57e2ffa27eacf3	2fbf85a40ac9ac8f5ce0daf771089a93	6b21d52bfbc51ac226d8b22453042d5e
16870	4b45bcdd7e9aec737a57e2ffa27eacf3	2fbf85a40ac9ac8f5ce0daf771089a93	6b21d52bfbc51ac226d8b22453042d5e
16871	4b45bcdd7e9aec737a57e2ffa27eacf3	2fbf85a40ac9ac8f5ce0daf771089a93	6b21d52bfbc51ac226d8b22453042d5e
16872	4b45bcdd7e9aec737a57e2ffa27eacf3	2fbf85a40ac9ac8f5ce0daf771089a93	6b21d52bfbc51ac226d8b22453042d5e
16873	dcc1800fafa211219ec5c42ed6de85af	be46d16560d8e37cec7d51520f6cb8dd	6f6984b36bac5104baa7b243cc59d767
16874	dcc1800fafa211219ec5c42ed6de85af	be46d16560d8e37cec7d51520f6cb8dd	6f6984b36bac5104baa7b243cc59d767
16875	dcc1800fafa211219ec5c42ed6de85af	be46d16560d8e37cec7d51520f6cb8dd	6f6984b36bac5104baa7b243cc59d767
16876	dcc1800fafa211219ec5c42ed6de85af	be46d16560d8e37cec7d51520f6cb8dd	6f6984b36bac5104baa7b243cc59d767
16877	dcc1800fafa211219ec5c42ed6de85af	be46d16560d8e37cec7d51520f6cb8dd	6f6984b36bac5104baa7b243cc59d767
16878	dcc1800fafa211219ec5c42ed6de85af	be46d16560d8e37cec7d51520f6cb8dd	6f6984b36bac5104baa7b243cc59d767
16879	dcc1800fafa211219ec5c42ed6de85af	be46d16560d8e37cec7d51520f6cb8dd	6f6984b36bac5104baa7b243cc59d767
16880	dcc1800fafa211219ec5c42ed6de85af	be46d16560d8e37cec7d51520f6cb8dd	6f6984b36bac5104baa7b243cc59d767
16881	dcc1800fafa211219ec5c42ed6de85af	be46d16560d8e37cec7d51520f6cb8dd	6f6984b36bac5104baa7b243cc59d767
16882	dcc1800fafa211219ec5c42ed6de85af	be46d16560d8e37cec7d51520f6cb8dd	6f6984b36bac5104baa7b243cc59d767
16883	dcc1800fafa211219ec5c42ed6de85af	be46d16560d8e37cec7d51520f6cb8dd	6f6984b36bac5104baa7b243cc59d767
16884	dcc1800fafa211219ec5c42ed6de85af	be46d16560d8e37cec7d51520f6cb8dd	6f6984b36bac5104baa7b243cc59d767
16885	5af2122cf93e442c14d85f3158c9b899	7828c2cf03840a0bd68a02f471069cf7	7e974612f8a70792f58bcdb514054c39
16886	5af2122cf93e442c14d85f3158c9b899	7828c2cf03840a0bd68a02f471069cf7	7e974612f8a70792f58bcdb514054c39
16887	5af2122cf93e442c14d85f3158c9b899	7828c2cf03840a0bd68a02f471069cf7	7e974612f8a70792f58bcdb514054c39
16888	5af2122cf93e442c14d85f3158c9b899	7828c2cf03840a0bd68a02f471069cf7	7e974612f8a70792f58bcdb514054c39
16889	5af2122cf93e442c14d85f3158c9b899	7828c2cf03840a0bd68a02f471069cf7	7e974612f8a70792f58bcdb514054c39
16890	5af2122cf93e442c14d85f3158c9b899	7828c2cf03840a0bd68a02f471069cf7	7e974612f8a70792f58bcdb514054c39
16891	5af2122cf93e442c14d85f3158c9b899	7828c2cf03840a0bd68a02f471069cf7	7e974612f8a70792f58bcdb514054c39
16892	89c4d635dbec0a99450c4a7f6545b2de	4eba45cc6f615d09556ac51d74eeda2f	be24f0225f7b9fe8876b6fe96c61a06c
16893	89c4d635dbec0a99450c4a7f6545b2de	4eba45cc6f615d09556ac51d74eeda2f	be24f0225f7b9fe8876b6fe96c61a06c
16894	89c4d635dbec0a99450c4a7f6545b2de	4eba45cc6f615d09556ac51d74eeda2f	be24f0225f7b9fe8876b6fe96c61a06c
16895	6d084ba730d606f12450cb1c4f657ef2	b2d598e0204c67950af3e0815cd89c2f	0fbe967f2199c54e03b5736d6566e606
16896	6d084ba730d606f12450cb1c4f657ef2	b2d598e0204c67950af3e0815cd89c2f	0fbe967f2199c54e03b5736d6566e606
16897	89c4d635dbec0a99450c4a7f6545b2de	4eba45cc6f615d09556ac51d74eeda2f	be24f0225f7b9fe8876b6fe96c61a06c
16898	89c4d635dbec0a99450c4a7f6545b2de	4eba45cc6f615d09556ac51d74eeda2f	be24f0225f7b9fe8876b6fe96c61a06c
16899	89c4d635dbec0a99450c4a7f6545b2de	4eba45cc6f615d09556ac51d74eeda2f	be24f0225f7b9fe8876b6fe96c61a06c
16900	aea36ef90736092750b7fd9b28975efc	572872dd94045369b39126a26b612c24	c0ace414b8e13adaeb880e949bee1eed
16901	6010d602ab44ae6d06395a39604886b3	3c478f2203e84c00007c26fc855444ae	9ffbe546c5eec5478465ef92bf87152f
16902	7b06d2dbf94b3b735e72ce5e137569b6	7c3d06f802f0a37b893839da0d96b9c6	a8009eae6b55fda39c0a46530bc7660a
16903	7b06d2dbf94b3b735e72ce5e137569b6	7c3d06f802f0a37b893839da0d96b9c6	a8009eae6b55fda39c0a46530bc7660a
16904	7b06d2dbf94b3b735e72ce5e137569b6	7c3d06f802f0a37b893839da0d96b9c6	a8009eae6b55fda39c0a46530bc7660a
16905	7b06d2dbf94b3b735e72ce5e137569b6	7c3d06f802f0a37b893839da0d96b9c6	a8009eae6b55fda39c0a46530bc7660a
16906	7b06d2dbf94b3b735e72ce5e137569b6	7c3d06f802f0a37b893839da0d96b9c6	a8009eae6b55fda39c0a46530bc7660a
16907	7b06d2dbf94b3b735e72ce5e137569b6	7c3d06f802f0a37b893839da0d96b9c6	a8009eae6b55fda39c0a46530bc7660a
16908	7b06d2dbf94b3b735e72ce5e137569b6	7c3d06f802f0a37b893839da0d96b9c6	a8009eae6b55fda39c0a46530bc7660a
16909	cfc6a602f8c87a6262d7d409db714342	848479f76d087316f07216727acb24e3	4beb2324d993f78434b32eab921a4c97
16910	092ac0f06c6915d1a2add3670cca17d3	fdf07304902e4d0838c1937d55406ab7	cab9950d5235e7e27046dbbc426e0b9b
16911	078db0261eb3cb51439672e2581bf701	eb593fa2f22140a7e7a1dcb82ae7ee85	ba26f3daab122a3bc824b2715a762df5
16912	7af061a0ae6647f75e0e5e96e81260c0	370b388a5f68224fb0ac11767972e284	22594135e9cee17d4062392fe424b140
16913	7af061a0ae6647f75e0e5e96e81260c0	2c59f4a09b79cce55c4db767e342107e	c3ece8e583ad81dfed46c127c825bea2
16914	ad5e487f1f756dc81df729f6538d8054	ad4ed03500aebe723cba50aec889fbee	377e48997641133164403a4107eaf3d1
16915	ad5e487f1f756dc81df729f6538d8054	ad4ed03500aebe723cba50aec889fbee	377e48997641133164403a4107eaf3d1
16916	ad5e487f1f756dc81df729f6538d8054	ad4ed03500aebe723cba50aec889fbee	377e48997641133164403a4107eaf3d1
16917	ad5e487f1f756dc81df729f6538d8054	ad4ed03500aebe723cba50aec889fbee	377e48997641133164403a4107eaf3d1
16918	ad5e487f1f756dc81df729f6538d8054	ad4ed03500aebe723cba50aec889fbee	377e48997641133164403a4107eaf3d1
16919	ad5e487f1f756dc81df729f6538d8054	ad4ed03500aebe723cba50aec889fbee	377e48997641133164403a4107eaf3d1
16920	ad5e487f1f756dc81df729f6538d8054	ad4ed03500aebe723cba50aec889fbee	377e48997641133164403a4107eaf3d1
16921	ad5e487f1f756dc81df729f6538d8054	ad4ed03500aebe723cba50aec889fbee	377e48997641133164403a4107eaf3d1
16922	ad5e487f1f756dc81df729f6538d8054	ad4ed03500aebe723cba50aec889fbee	377e48997641133164403a4107eaf3d1
16923	ad5e487f1f756dc81df729f6538d8054	ad4ed03500aebe723cba50aec889fbee	377e48997641133164403a4107eaf3d1
16924	ad5e487f1f756dc81df729f6538d8054	ad4ed03500aebe723cba50aec889fbee	377e48997641133164403a4107eaf3d1
16925	ad5e487f1f756dc81df729f6538d8054	ad4ed03500aebe723cba50aec889fbee	377e48997641133164403a4107eaf3d1
16926	ad5e487f1f756dc81df729f6538d8054	ad4ed03500aebe723cba50aec889fbee	377e48997641133164403a4107eaf3d1
16927	ad5e487f1f756dc81df729f6538d8054	ad4ed03500aebe723cba50aec889fbee	377e48997641133164403a4107eaf3d1
16928	ad5e487f1f756dc81df729f6538d8054	ad4ed03500aebe723cba50aec889fbee	377e48997641133164403a4107eaf3d1
16929	ad5e487f1f756dc81df729f6538d8054	ad4ed03500aebe723cba50aec889fbee	377e48997641133164403a4107eaf3d1
16930	ad5e487f1f756dc81df729f6538d8054	ad4ed03500aebe723cba50aec889fbee	377e48997641133164403a4107eaf3d1
16931	a1efac618fc7804f8952ce95af54adac	f097fc734337be2b55280b9cee7d51bf	f5e10323e575f5f47e006949e3c50239
16932	a1efac618fc7804f8952ce95af54adac	f097fc734337be2b55280b9cee7d51bf	f5e10323e575f5f47e006949e3c50239
16933	a1efac618fc7804f8952ce95af54adac	f097fc734337be2b55280b9cee7d51bf	f5e10323e575f5f47e006949e3c50239
16934	a163088274d904c760de6168ba79778f	2c71b7bed4ddd9d4c25d2787a9c8c03e	fc69e3e89b52215716842a2f535bcaa8
16935	a163088274d904c760de6168ba79778f	2c71b7bed4ddd9d4c25d2787a9c8c03e	fc69e3e89b52215716842a2f535bcaa8
16936	a163088274d904c760de6168ba79778f	2c71b7bed4ddd9d4c25d2787a9c8c03e	fc69e3e89b52215716842a2f535bcaa8
16937	a163088274d904c760de6168ba79778f	2c71b7bed4ddd9d4c25d2787a9c8c03e	fc69e3e89b52215716842a2f535bcaa8
16938	50edeb38b8e774fc4d0d4767a74eb464	a7d919e6a49bc9e438f1ebcda0d36a05	ff75e63bef95f2f9a78bd8b9c164cf94
16939	50edeb38b8e774fc4d0d4767a74eb464	a7d919e6a49bc9e438f1ebcda0d36a05	ff75e63bef95f2f9a78bd8b9c164cf94
16940	50edeb38b8e774fc4d0d4767a74eb464	a7d919e6a49bc9e438f1ebcda0d36a05	ff75e63bef95f2f9a78bd8b9c164cf94
16941	50edeb38b8e774fc4d0d4767a74eb464	a7d919e6a49bc9e438f1ebcda0d36a05	ff75e63bef95f2f9a78bd8b9c164cf94
16942	50edeb38b8e774fc4d0d4767a74eb464	a7d919e6a49bc9e438f1ebcda0d36a05	ff75e63bef95f2f9a78bd8b9c164cf94
16943	4d924b60bcd5b61ff391060fd86ed06f	5c064e412dabffa73b4ec28aa06c756d	fe3714ba1c611d1cd6d0682dd7c30ced
16944	4d924b60bcd5b61ff391060fd86ed06f	5c064e412dabffa73b4ec28aa06c756d	fe3714ba1c611d1cd6d0682dd7c30ced
16945	4d924b60bcd5b61ff391060fd86ed06f	5c064e412dabffa73b4ec28aa06c756d	fe3714ba1c611d1cd6d0682dd7c30ced
16946	4d924b60bcd5b61ff391060fd86ed06f	5c064e412dabffa73b4ec28aa06c756d	fe3714ba1c611d1cd6d0682dd7c30ced
16947	4d924b60bcd5b61ff391060fd86ed06f	5c064e412dabffa73b4ec28aa06c756d	fe3714ba1c611d1cd6d0682dd7c30ced
16948	4d924b60bcd5b61ff391060fd86ed06f	5c064e412dabffa73b4ec28aa06c756d	fe3714ba1c611d1cd6d0682dd7c30ced
16949	4d924b60bcd5b61ff391060fd86ed06f	5c064e412dabffa73b4ec28aa06c756d	fe3714ba1c611d1cd6d0682dd7c30ced
16950	1900170604abea938cd21aa531736c09	8d1cfaabbe785f61c2b1e5e8943254ef	c182ad7541d84137e28c8d5fa9950af4
16951	1900170604abea938cd21aa531736c09	8d1cfaabbe785f61c2b1e5e8943254ef	c182ad7541d84137e28c8d5fa9950af4
16952	1900170604abea938cd21aa531736c09	8d1cfaabbe785f61c2b1e5e8943254ef	c182ad7541d84137e28c8d5fa9950af4
16953	1900170604abea938cd21aa531736c09	8d1cfaabbe785f61c2b1e5e8943254ef	c182ad7541d84137e28c8d5fa9950af4
16954	1900170604abea938cd21aa531736c09	8d1cfaabbe785f61c2b1e5e8943254ef	c182ad7541d84137e28c8d5fa9950af4
16955	c88011ca6aba9136de0d6af70b46f8b6	1958d6a96a3bfb9edb313e6b2761833c	860f412f3ceb532fd1bb0a9ef9f4af42
16956	c88011ca6aba9136de0d6af70b46f8b6	1958d6a96a3bfb9edb313e6b2761833c	860f412f3ceb532fd1bb0a9ef9f4af42
16957	c88011ca6aba9136de0d6af70b46f8b6	1958d6a96a3bfb9edb313e6b2761833c	860f412f3ceb532fd1bb0a9ef9f4af42
16958	c88011ca6aba9136de0d6af70b46f8b6	1958d6a96a3bfb9edb313e6b2761833c	860f412f3ceb532fd1bb0a9ef9f4af42
16959	c88011ca6aba9136de0d6af70b46f8b6	1958d6a96a3bfb9edb313e6b2761833c	860f412f3ceb532fd1bb0a9ef9f4af42
16960	c88011ca6aba9136de0d6af70b46f8b6	1958d6a96a3bfb9edb313e6b2761833c	860f412f3ceb532fd1bb0a9ef9f4af42
16961	c88011ca6aba9136de0d6af70b46f8b6	1958d6a96a3bfb9edb313e6b2761833c	860f412f3ceb532fd1bb0a9ef9f4af42
16962	ba8cc65b076fb05a0cc01be1fb700b7d	ac13d4e063c2c66ac1bbba13c1728039	ab04d69e1543da786aa64894a542bc8a
16963	ba8cc65b076fb05a0cc01be1fb700b7d	ac13d4e063c2c66ac1bbba13c1728039	ab04d69e1543da786aa64894a542bc8a
16964	ba8cc65b076fb05a0cc01be1fb700b7d	ac13d4e063c2c66ac1bbba13c1728039	ab04d69e1543da786aa64894a542bc8a
16965	ba8cc65b076fb05a0cc01be1fb700b7d	ac13d4e063c2c66ac1bbba13c1728039	ab04d69e1543da786aa64894a542bc8a
16966	ba8cc65b076fb05a0cc01be1fb700b7d	ac13d4e063c2c66ac1bbba13c1728039	ab04d69e1543da786aa64894a542bc8a
16967	70214cb3b865383f14fd9767f4f3169d	41203f0c51572a3e8dd2c63a360938e3	b313a5e0e653ae0a9a7f2c587ad46e15
16968	70214cb3b865383f14fd9767f4f3169d	41203f0c51572a3e8dd2c63a360938e3	b313a5e0e653ae0a9a7f2c587ad46e15
16969	70214cb3b865383f14fd9767f4f3169d	41203f0c51572a3e8dd2c63a360938e3	b313a5e0e653ae0a9a7f2c587ad46e15
16970	70214cb3b865383f14fd9767f4f3169d	41203f0c51572a3e8dd2c63a360938e3	b313a5e0e653ae0a9a7f2c587ad46e15
16971	70214cb3b865383f14fd9767f4f3169d	41203f0c51572a3e8dd2c63a360938e3	b313a5e0e653ae0a9a7f2c587ad46e15
16972	e1186b6dde1abec688a3b0497bcd5e1d	88cf8a2ed0c24c355634557d81b40378	8eed0b30c89334f890535364859c114b
16973	e1186b6dde1abec688a3b0497bcd5e1d	88cf8a2ed0c24c355634557d81b40378	8eed0b30c89334f890535364859c114b
16974	e1186b6dde1abec688a3b0497bcd5e1d	88cf8a2ed0c24c355634557d81b40378	8eed0b30c89334f890535364859c114b
16975	e1186b6dde1abec688a3b0497bcd5e1d	88cf8a2ed0c24c355634557d81b40378	8eed0b30c89334f890535364859c114b
16976	e1186b6dde1abec688a3b0497bcd5e1d	88cf8a2ed0c24c355634557d81b40378	8eed0b30c89334f890535364859c114b
16977	e1186b6dde1abec688a3b0497bcd5e1d	88cf8a2ed0c24c355634557d81b40378	8eed0b30c89334f890535364859c114b
16978	e1186b6dde1abec688a3b0497bcd5e1d	88cf8a2ed0c24c355634557d81b40378	8eed0b30c89334f890535364859c114b
16979	20d3c61134e2fb01d89461be0d574737	5991ecb39542f37e4e52c76d5373b749	9a5cdd128b5cdcb000c7c4b764ed7682
16980	20d3c61134e2fb01d89461be0d574737	5991ecb39542f37e4e52c76d5373b749	9a5cdd128b5cdcb000c7c4b764ed7682
16981	20d3c61134e2fb01d89461be0d574737	5991ecb39542f37e4e52c76d5373b749	9a5cdd128b5cdcb000c7c4b764ed7682
16982	20d3c61134e2fb01d89461be0d574737	5991ecb39542f37e4e52c76d5373b749	9a5cdd128b5cdcb000c7c4b764ed7682
16983	20d3c61134e2fb01d89461be0d574737	5991ecb39542f37e4e52c76d5373b749	9a5cdd128b5cdcb000c7c4b764ed7682
16984	0d3a28a3f26e47a71005ea3bd7bc0557	420b049eb7ea76061f526f89aa01fd08	44219e57d6ffafa14800a361bd3b6d5a
16985	0d3a28a3f26e47a71005ea3bd7bc0557	420b049eb7ea76061f526f89aa01fd08	44219e57d6ffafa14800a361bd3b6d5a
16986	0d3a28a3f26e47a71005ea3bd7bc0557	420b049eb7ea76061f526f89aa01fd08	44219e57d6ffafa14800a361bd3b6d5a
16987	0d3a28a3f26e47a71005ea3bd7bc0557	420b049eb7ea76061f526f89aa01fd08	44219e57d6ffafa14800a361bd3b6d5a
16988	0d3a28a3f26e47a71005ea3bd7bc0557	420b049eb7ea76061f526f89aa01fd08	44219e57d6ffafa14800a361bd3b6d5a
16989	0d3a28a3f26e47a71005ea3bd7bc0557	420b049eb7ea76061f526f89aa01fd08	44219e57d6ffafa14800a361bd3b6d5a
16990	0d3a28a3f26e47a71005ea3bd7bc0557	420b049eb7ea76061f526f89aa01fd08	44219e57d6ffafa14800a361bd3b6d5a
16991	946bc202bddde13482260a83fcaa5253	212b54b608772054321b0d8ca379fd06	68345d21a08997f1a98d132dbc20db72
16992	84145aab28890e8fc8e93a149ceae656	77088d2ec8d5a64fddf9147d847021a6	ab45e604996c6bcc4e46e9691b8e68c9
16993	84145aab28890e8fc8e93a149ceae656	77088d2ec8d5a64fddf9147d847021a6	ab45e604996c6bcc4e46e9691b8e68c9
16994	84145aab28890e8fc8e93a149ceae656	77088d2ec8d5a64fddf9147d847021a6	ab45e604996c6bcc4e46e9691b8e68c9
16995	84145aab28890e8fc8e93a149ceae656	77088d2ec8d5a64fddf9147d847021a6	ab45e604996c6bcc4e46e9691b8e68c9
16996	84145aab28890e8fc8e93a149ceae656	77088d2ec8d5a64fddf9147d847021a6	ab45e604996c6bcc4e46e9691b8e68c9
16997	84145aab28890e8fc8e93a149ceae656	77088d2ec8d5a64fddf9147d847021a6	ab45e604996c6bcc4e46e9691b8e68c9
16998	84145aab28890e8fc8e93a149ceae656	77088d2ec8d5a64fddf9147d847021a6	ab45e604996c6bcc4e46e9691b8e68c9
16999	7b264006fb5b377f4a1cfdb355331f79	23a6819bbd4ac0dcaa8b7ee75dc40c17	658864784a20fb7e7a4fcd6cf455b6d9
17000	093a6e4ee2d135db9ffa1b7ecb3c3108	28fd8aa718a9a8dcdaf540740facd2c1	392de868ad9230ce889d0e0b65dd9990
17001	2e110020229c4c853ece3ba011b8e61a	74e242a242af6f75840c088c51bf5e0d	af910f6771426ac8088497f569027a6d
17002	2e110020229c4c853ece3ba011b8e61a	74e242a242af6f75840c088c51bf5e0d	af910f6771426ac8088497f569027a6d
17003	2e110020229c4c853ece3ba011b8e61a	74e242a242af6f75840c088c51bf5e0d	af910f6771426ac8088497f569027a6d
17004	2e110020229c4c853ece3ba011b8e61a	74e242a242af6f75840c088c51bf5e0d	af910f6771426ac8088497f569027a6d
17005	2e110020229c4c853ece3ba011b8e61a	74e242a242af6f75840c088c51bf5e0d	af910f6771426ac8088497f569027a6d
17006	2e110020229c4c853ece3ba011b8e61a	74e242a242af6f75840c088c51bf5e0d	af910f6771426ac8088497f569027a6d
17007	2e110020229c4c853ece3ba011b8e61a	74e242a242af6f75840c088c51bf5e0d	af910f6771426ac8088497f569027a6d
17008	45228e82a8aa165ad18c580c6138d948	01506b19a20a64b8fd2a2b50b7fb78cc	b1151b58c591f39eabf387a5a0d0d09f
17009	45228e82a8aa165ad18c580c6138d948	01506b19a20a64b8fd2a2b50b7fb78cc	b1151b58c591f39eabf387a5a0d0d09f
17010	45228e82a8aa165ad18c580c6138d948	01506b19a20a64b8fd2a2b50b7fb78cc	b1151b58c591f39eabf387a5a0d0d09f
17011	175818b7b8c569250c286605dabe26a1	dcea0e1f52d54d1da924960d3e24884d	215bf4ce62ba21c2f90fec8ceb48bed6
17012	61b55d600af6e411ed4e1c3415133e21	42b5fbadac3d3b1da2bdabb62da5f03f	94aed9b23f434095d947573a3f5009c9
17013	1918098168d77e316d9fa8f030ee00f2	256e3a15e5e23130b034e610c5b4aa06	0b5a856aaf51c093dd395b17be55a338
17014	1918098168d77e316d9fa8f030ee00f2	256e3a15e5e23130b034e610c5b4aa06	0b5a856aaf51c093dd395b17be55a338
17015	1918098168d77e316d9fa8f030ee00f2	256e3a15e5e23130b034e610c5b4aa06	0b5a856aaf51c093dd395b17be55a338
17016	1918098168d77e316d9fa8f030ee00f2	256e3a15e5e23130b034e610c5b4aa06	0b5a856aaf51c093dd395b17be55a338
17017	1918098168d77e316d9fa8f030ee00f2	256e3a15e5e23130b034e610c5b4aa06	0b5a856aaf51c093dd395b17be55a338
17018	1918098168d77e316d9fa8f030ee00f2	256e3a15e5e23130b034e610c5b4aa06	0b5a856aaf51c093dd395b17be55a338
17019	1918098168d77e316d9fa8f030ee00f2	256e3a15e5e23130b034e610c5b4aa06	0b5a856aaf51c093dd395b17be55a338
17020	a76e8607f31718278017ae6af76105a6	a7fda604c204fcfd113ef96fc930f9e5	78d1f1e7cf23f081061b3fd8f5473450
17021	a76e8607f31718278017ae6af76105a6	a7fda604c204fcfd113ef96fc930f9e5	78d1f1e7cf23f081061b3fd8f5473450
17022	a76e8607f31718278017ae6af76105a6	a88e18d33a71dba896faadb5122e257a	190cb09af41aec5684b753c83b985ebd
17023	a76e8607f31718278017ae6af76105a6	a7fda604c204fcfd113ef96fc930f9e5	78d1f1e7cf23f081061b3fd8f5473450
17024	a76e8607f31718278017ae6af76105a6	a7fda604c204fcfd113ef96fc930f9e5	78d1f1e7cf23f081061b3fd8f5473450
17025	a9e2d0335f14f61e24b5f61fa2139e9f	db17b2f74a51f007662a2b2027c500af	f3c954f74f9beadedec7c66b57c52e4b
17026	a9e2d0335f14f61e24b5f61fa2139e9f	db17b2f74a51f007662a2b2027c500af	f3c954f74f9beadedec7c66b57c52e4b
17027	a9e2d0335f14f61e24b5f61fa2139e9f	db17b2f74a51f007662a2b2027c500af	f3c954f74f9beadedec7c66b57c52e4b
17028	a9e2d0335f14f61e24b5f61fa2139e9f	db17b2f74a51f007662a2b2027c500af	f3c954f74f9beadedec7c66b57c52e4b
17029	a9e2d0335f14f61e24b5f61fa2139e9f	db17b2f74a51f007662a2b2027c500af	f3c954f74f9beadedec7c66b57c52e4b
17030	a9e2d0335f14f61e24b5f61fa2139e9f	db17b2f74a51f007662a2b2027c500af	f3c954f74f9beadedec7c66b57c52e4b
17031	a9e2d0335f14f61e24b5f61fa2139e9f	db17b2f74a51f007662a2b2027c500af	f3c954f74f9beadedec7c66b57c52e4b
17032	a9e2d0335f14f61e24b5f61fa2139e9f	14d0ddd315605ff56e6621e29bccc2f8	aef7f7f84f27ee010432ae820c454db1
17033	a9e2d0335f14f61e24b5f61fa2139e9f	14d0ddd315605ff56e6621e29bccc2f8	aef7f7f84f27ee010432ae820c454db1
17034	a9e2d0335f14f61e24b5f61fa2139e9f	14d0ddd315605ff56e6621e29bccc2f8	aef7f7f84f27ee010432ae820c454db1
17035	a9e2d0335f14f61e24b5f61fa2139e9f	14d0ddd315605ff56e6621e29bccc2f8	aef7f7f84f27ee010432ae820c454db1
17036	a9e2d0335f14f61e24b5f61fa2139e9f	14d0ddd315605ff56e6621e29bccc2f8	aef7f7f84f27ee010432ae820c454db1
17037	a9e2d0335f14f61e24b5f61fa2139e9f	14d0ddd315605ff56e6621e29bccc2f8	aef7f7f84f27ee010432ae820c454db1
17038	a9e2d0335f14f61e24b5f61fa2139e9f	14d0ddd315605ff56e6621e29bccc2f8	aef7f7f84f27ee010432ae820c454db1
17039	a9e2d0335f14f61e24b5f61fa2139e9f	14d0ddd315605ff56e6621e29bccc2f8	aef7f7f84f27ee010432ae820c454db1
17040	a9e2d0335f14f61e24b5f61fa2139e9f	14d0ddd315605ff56e6621e29bccc2f8	aef7f7f84f27ee010432ae820c454db1
17041	a9e2d0335f14f61e24b5f61fa2139e9f	14d0ddd315605ff56e6621e29bccc2f8	aef7f7f84f27ee010432ae820c454db1
17042	015536289b8f44f7555739155e38eb0a	98eb1e655cd512c1b415793ae8579105	583c854e0f068e43cb892fab73fd1ddd
17043	015536289b8f44f7555739155e38eb0a	98eb1e655cd512c1b415793ae8579105	583c854e0f068e43cb892fab73fd1ddd
17044	015536289b8f44f7555739155e38eb0a	98eb1e655cd512c1b415793ae8579105	583c854e0f068e43cb892fab73fd1ddd
17045	015536289b8f44f7555739155e38eb0a	98eb1e655cd512c1b415793ae8579105	583c854e0f068e43cb892fab73fd1ddd
17046	015536289b8f44f7555739155e38eb0a	98eb1e655cd512c1b415793ae8579105	583c854e0f068e43cb892fab73fd1ddd
17047	015536289b8f44f7555739155e38eb0a	98eb1e655cd512c1b415793ae8579105	583c854e0f068e43cb892fab73fd1ddd
17048	015536289b8f44f7555739155e38eb0a	98eb1e655cd512c1b415793ae8579105	583c854e0f068e43cb892fab73fd1ddd
17049	cbcd060fc06447f64668c4e6dbb47afe	6127064bc6886701615ad0a5ea4d8781	94e9aaff3ba6615f155e1577644ee182
17050	cbcd060fc06447f64668c4e6dbb47afe	6127064bc6886701615ad0a5ea4d8781	94e9aaff3ba6615f155e1577644ee182
17051	cbcd060fc06447f64668c4e6dbb47afe	6127064bc6886701615ad0a5ea4d8781	94e9aaff3ba6615f155e1577644ee182
17052	cbcd060fc06447f64668c4e6dbb47afe	9a0886a8358a58745aee079dbad91c8b	ffd26b2342a50abd6fd6bf25742acc24
17053	cbcd060fc06447f64668c4e6dbb47afe	9a0886a8358a58745aee079dbad91c8b	ffd26b2342a50abd6fd6bf25742acc24
17054	0470ca160d1b3296e1919b2658cb8340	4f97295290dc37057031392c06104752	81af664e99ad99c7efc8ad5b4c98d37f
17055	0470ca160d1b3296e1919b2658cb8340	4f97295290dc37057031392c06104752	81af664e99ad99c7efc8ad5b4c98d37f
17056	0470ca160d1b3296e1919b2658cb8340	4f97295290dc37057031392c06104752	81af664e99ad99c7efc8ad5b4c98d37f
17057	0470ca160d1b3296e1919b2658cb8340	4f97295290dc37057031392c06104752	81af664e99ad99c7efc8ad5b4c98d37f
17058	0470ca160d1b3296e1919b2658cb8340	4f97295290dc37057031392c06104752	81af664e99ad99c7efc8ad5b4c98d37f
17059	0470ca160d1b3296e1919b2658cb8340	4f97295290dc37057031392c06104752	81af664e99ad99c7efc8ad5b4c98d37f
17060	0470ca160d1b3296e1919b2658cb8340	4f97295290dc37057031392c06104752	81af664e99ad99c7efc8ad5b4c98d37f
17061	c3fa2d775601f78a2122c70cb2de371a	7d0c982b4fd10600d6f3e095d41eda6f	6c52b69612f893a00633cebe531f90b3
17062	3fa092356b49cec59faafc0cef861158	49326d8a42b4442501798926d1a9b7a3	68bdca15f87795136de7809a5d341258
17063	3fa092356b49cec59faafc0cef861158	49326d8a42b4442501798926d1a9b7a3	68bdca15f87795136de7809a5d341258
17064	b427116d802faf95364f2a5470b6f7a7	4197c3a5f8ff08edb8dd96c15678a1b6	281007d4ac4dcdd2a8b00c1c75971358
17065	41c067449173627a1eda0dda115d0735	1eac6293812f91a8bcb3497c5f93c027	64c09b651101a3a2e9ec1df4051e9430
17066	784cd7ecf09ae18eaddf3f2766abb1a7	0f523dc55f43a68f9bd0276430fb7a3c	57e7a3ef48aead5f0d3887b614155193
17067	784cd7ecf09ae18eaddf3f2766abb1a7	0f523dc55f43a68f9bd0276430fb7a3c	57e7a3ef48aead5f0d3887b614155193
17068	784cd7ecf09ae18eaddf3f2766abb1a7	0f523dc55f43a68f9bd0276430fb7a3c	57e7a3ef48aead5f0d3887b614155193
17069	784cd7ecf09ae18eaddf3f2766abb1a7	0f523dc55f43a68f9bd0276430fb7a3c	57e7a3ef48aead5f0d3887b614155193
17070	784cd7ecf09ae18eaddf3f2766abb1a7	0f523dc55f43a68f9bd0276430fb7a3c	57e7a3ef48aead5f0d3887b614155193
17071	0c6d352634e3c1febda88f3d5fd7cbb2	915689846879d553639ed080eaf76ee2	eb1f97ae802fee0d5a326dd86c51e741
17072	0c6d352634e3c1febda88f3d5fd7cbb2	915689846879d553639ed080eaf76ee2	eb1f97ae802fee0d5a326dd86c51e741
17073	0c6d352634e3c1febda88f3d5fd7cbb2	915689846879d553639ed080eaf76ee2	eb1f97ae802fee0d5a326dd86c51e741
17074	8219f3493e037e1b4346b32136c29a5a	994acac4cec44a28218ddaeb6dd59833	107f7134b918a67d5eb22f4aa170d01c
17075	8219f3493e037e1b4346b32136c29a5a	994acac4cec44a28218ddaeb6dd59833	107f7134b918a67d5eb22f4aa170d01c
17076	8219f3493e037e1b4346b32136c29a5a	994acac4cec44a28218ddaeb6dd59833	107f7134b918a67d5eb22f4aa170d01c
17077	8219f3493e037e1b4346b32136c29a5a	994acac4cec44a28218ddaeb6dd59833	107f7134b918a67d5eb22f4aa170d01c
17078	2802ae19cfcf03ae88f53fcd97d4ebcb	9e6f266777710ccd0fe307d9db8366b1	ef618bad33723e1cf1f1615d691ac395
17079	2802ae19cfcf03ae88f53fcd97d4ebcb	9e6f266777710ccd0fe307d9db8366b1	ef618bad33723e1cf1f1615d691ac395
17080	2802ae19cfcf03ae88f53fcd97d4ebcb	9e6f266777710ccd0fe307d9db8366b1	ef618bad33723e1cf1f1615d691ac395
17081	2802ae19cfcf03ae88f53fcd97d4ebcb	9e6f266777710ccd0fe307d9db8366b1	ef618bad33723e1cf1f1615d691ac395
17082	1c540a66d92ed9f1299fad546611f275	587a955178817981c2e61515c1fb656d	91e0d341e14216fed8282a0577a58146
17083	26a158fabf97b82c4e14a4aefe631d64	9b7851baad9ab79853aa48a7679d7c40	d07aaca3e1303c89ed96c707018d7610
17084	26a158fabf97b82c4e14a4aefe631d64	9b7851baad9ab79853aa48a7679d7c40	d07aaca3e1303c89ed96c707018d7610
17085	26a158fabf97b82c4e14a4aefe631d64	9b7851baad9ab79853aa48a7679d7c40	d07aaca3e1303c89ed96c707018d7610
17086	26a158fabf97b82c4e14a4aefe631d64	9b7851baad9ab79853aa48a7679d7c40	d07aaca3e1303c89ed96c707018d7610
17087	26a158fabf97b82c4e14a4aefe631d64	9b7851baad9ab79853aa48a7679d7c40	d07aaca3e1303c89ed96c707018d7610
17088	26a158fabf97b82c4e14a4aefe631d64	9b7851baad9ab79853aa48a7679d7c40	d07aaca3e1303c89ed96c707018d7610
17089	26a158fabf97b82c4e14a4aefe631d64	9b7851baad9ab79853aa48a7679d7c40	d07aaca3e1303c89ed96c707018d7610
17090	7738a03dc3782c40a7f97e4fdb414885	17f197741cafb653195060dc8baddfc4	86aa6604b643ada904dd9bf42024b61c
17091	7738a03dc3782c40a7f97e4fdb414885	17f197741cafb653195060dc8baddfc4	86aa6604b643ada904dd9bf42024b61c
17092	7738a03dc3782c40a7f97e4fdb414885	17f197741cafb653195060dc8baddfc4	86aa6604b643ada904dd9bf42024b61c
17093	be7252bed5d91c20126a96213d463e5c	e4b2edd96d3821fec21150e50f120ca9	a142c560f4b6fb8b495d3ede50bf9433
17094	7738a03dc3782c40a7f97e4fdb414885	17f197741cafb653195060dc8baddfc4	86aa6604b643ada904dd9bf42024b61c
17095	abd65545790e3fad8650f85423a1d55f	201476304cb9f6bb47afbec22d5853f5	f2905a2c1a9f3b5bb982483c7dfbff53
17096	abd65545790e3fad8650f85423a1d55f	201476304cb9f6bb47afbec22d5853f5	f2905a2c1a9f3b5bb982483c7dfbff53
17097	abd65545790e3fad8650f85423a1d55f	201476304cb9f6bb47afbec22d5853f5	f2905a2c1a9f3b5bb982483c7dfbff53
17098	abd65545790e3fad8650f85423a1d55f	201476304cb9f6bb47afbec22d5853f5	f2905a2c1a9f3b5bb982483c7dfbff53
17099	abd65545790e3fad8650f85423a1d55f	201476304cb9f6bb47afbec22d5853f5	f2905a2c1a9f3b5bb982483c7dfbff53
17100	abd65545790e3fad8650f85423a1d55f	201476304cb9f6bb47afbec22d5853f5	f2905a2c1a9f3b5bb982483c7dfbff53
17101	abd65545790e3fad8650f85423a1d55f	201476304cb9f6bb47afbec22d5853f5	f2905a2c1a9f3b5bb982483c7dfbff53
17102	abd65545790e3fad8650f85423a1d55f	201476304cb9f6bb47afbec22d5853f5	f2905a2c1a9f3b5bb982483c7dfbff53
17103	abd65545790e3fad8650f85423a1d55f	201476304cb9f6bb47afbec22d5853f5	f2905a2c1a9f3b5bb982483c7dfbff53
17104	abd65545790e3fad8650f85423a1d55f	201476304cb9f6bb47afbec22d5853f5	f2905a2c1a9f3b5bb982483c7dfbff53
17105	abd65545790e3fad8650f85423a1d55f	201476304cb9f6bb47afbec22d5853f5	f2905a2c1a9f3b5bb982483c7dfbff53
17106	abd65545790e3fad8650f85423a1d55f	201476304cb9f6bb47afbec22d5853f5	f2905a2c1a9f3b5bb982483c7dfbff53
17107	4b8dde3707f1ebd00437da86a2719c70	c49ce783eb592810002c3f326bfd91af	79ebbef174a285735047757cbe9497cf
17108	4b8dde3707f1ebd00437da86a2719c70	c49ce783eb592810002c3f326bfd91af	79ebbef174a285735047757cbe9497cf
17109	4b8dde3707f1ebd00437da86a2719c70	c49ce783eb592810002c3f326bfd91af	79ebbef174a285735047757cbe9497cf
17110	4b8dde3707f1ebd00437da86a2719c70	c49ce783eb592810002c3f326bfd91af	79ebbef174a285735047757cbe9497cf
17111	4b8dde3707f1ebd00437da86a2719c70	c49ce783eb592810002c3f326bfd91af	79ebbef174a285735047757cbe9497cf
17112	0a64eac84622da099fac53c230648f29	7c15b1a619991524b9cf7972e5320430	bee43f44821ba5d982ca187d2adc1461
17113	0a64eac84622da099fac53c230648f29	7c15b1a619991524b9cf7972e5320430	bee43f44821ba5d982ca187d2adc1461
17114	0a64eac84622da099fac53c230648f29	7c15b1a619991524b9cf7972e5320430	bee43f44821ba5d982ca187d2adc1461
17115	870da212349dc32e2bba63a48da4fd54	45643f0447d5971f68f571d429f58abe	9677f3d47eb594d12a8025c2fa935e00
17116	870da212349dc32e2bba63a48da4fd54	45643f0447d5971f68f571d429f58abe	9677f3d47eb594d12a8025c2fa935e00
17117	55fc00be0a9dc13e31df032c743a6d15	920f56f2e2ccac1b263683930fc46e74	267e036f97275f01ecf8cd4b2ef7eaea
17118	55fc00be0a9dc13e31df032c743a6d15	920f56f2e2ccac1b263683930fc46e74	267e036f97275f01ecf8cd4b2ef7eaea
17119	ef4acaf9ad5d3dd8b3f825bbc84a8811	63c4fd52ec930fd5ac729bc0e0f64473	54b6364c070ada688d53ba63d8139f9c
17120	ef4acaf9ad5d3dd8b3f825bbc84a8811	63c4fd52ec930fd5ac729bc0e0f64473	54b6364c070ada688d53ba63d8139f9c
17121	ef4acaf9ad5d3dd8b3f825bbc84a8811	63c4fd52ec930fd5ac729bc0e0f64473	54b6364c070ada688d53ba63d8139f9c
17122	ef4acaf9ad5d3dd8b3f825bbc84a8811	8574a10512e2393443026469a2a454f5	0175da0b2b5e0e1c05e8c4a105641e29
17123	ef4acaf9ad5d3dd8b3f825bbc84a8811	7af52f363afdd511884e47e8c57c94e7	353aca42367388941512e8e4a21ac15d
17124	43be6d76b797de0ad0a282adebd0bf99	6f59d30c43692a6984bba63393a8e4e1	5ecb8e442421e7a34ef1ee0437eb6694
17125	43be6d76b797de0ad0a282adebd0bf99	6f59d30c43692a6984bba63393a8e4e1	5ecb8e442421e7a34ef1ee0437eb6694
17126	43be6d76b797de0ad0a282adebd0bf99	6f59d30c43692a6984bba63393a8e4e1	5ecb8e442421e7a34ef1ee0437eb6694
17127	43be6d76b797de0ad0a282adebd0bf99	6f59d30c43692a6984bba63393a8e4e1	5ecb8e442421e7a34ef1ee0437eb6694
17128	43be6d76b797de0ad0a282adebd0bf99	6f59d30c43692a6984bba63393a8e4e1	5ecb8e442421e7a34ef1ee0437eb6694
17129	43be6d76b797de0ad0a282adebd0bf99	6f59d30c43692a6984bba63393a8e4e1	5ecb8e442421e7a34ef1ee0437eb6694
17130	43be6d76b797de0ad0a282adebd0bf99	6f59d30c43692a6984bba63393a8e4e1	5ecb8e442421e7a34ef1ee0437eb6694
17131	d67b25b400dc39d98b47be456fb42bd1	9569876b15202587dba97fd1844dbc7e	edc39c34e8c06427b0da8eb37dff5ac5
17132	d67b25b400dc39d98b47be456fb42bd1	9569876b15202587dba97fd1844dbc7e	edc39c34e8c06427b0da8eb37dff5ac5
17133	d67b25b400dc39d98b47be456fb42bd1	9569876b15202587dba97fd1844dbc7e	edc39c34e8c06427b0da8eb37dff5ac5
17134	d67b25b400dc39d98b47be456fb42bd1	9569876b15202587dba97fd1844dbc7e	edc39c34e8c06427b0da8eb37dff5ac5
17135	d67b25b400dc39d98b47be456fb42bd1	9569876b15202587dba97fd1844dbc7e	edc39c34e8c06427b0da8eb37dff5ac5
17136	d67b25b400dc39d98b47be456fb42bd1	9569876b15202587dba97fd1844dbc7e	edc39c34e8c06427b0da8eb37dff5ac5
17137	d67b25b400dc39d98b47be456fb42bd1	9569876b15202587dba97fd1844dbc7e	edc39c34e8c06427b0da8eb37dff5ac5
17138	d67b25b400dc39d98b47be456fb42bd1	9569876b15202587dba97fd1844dbc7e	edc39c34e8c06427b0da8eb37dff5ac5
17139	d67b25b400dc39d98b47be456fb42bd1	9569876b15202587dba97fd1844dbc7e	edc39c34e8c06427b0da8eb37dff5ac5
17140	d67b25b400dc39d98b47be456fb42bd1	9569876b15202587dba97fd1844dbc7e	edc39c34e8c06427b0da8eb37dff5ac5
17141	46c0f8c3d5b78f27563d5ed41e631cde	c16aa0585191433e38ea37c5dd6d666f	5e0e2b5a5c9245e7a82c6174f75f8b72
17142	46c0f8c3d5b78f27563d5ed41e631cde	c16aa0585191433e38ea37c5dd6d666f	5e0e2b5a5c9245e7a82c6174f75f8b72
17143	46c0f8c3d5b78f27563d5ed41e631cde	c16aa0585191433e38ea37c5dd6d666f	5e0e2b5a5c9245e7a82c6174f75f8b72
17144	46c0f8c3d5b78f27563d5ed41e631cde	c16aa0585191433e38ea37c5dd6d666f	5e0e2b5a5c9245e7a82c6174f75f8b72
17145	46c0f8c3d5b78f27563d5ed41e631cde	c16aa0585191433e38ea37c5dd6d666f	5e0e2b5a5c9245e7a82c6174f75f8b72
17146	46c0f8c3d5b78f27563d5ed41e631cde	c16aa0585191433e38ea37c5dd6d666f	5e0e2b5a5c9245e7a82c6174f75f8b72
17147	46c0f8c3d5b78f27563d5ed41e631cde	c16aa0585191433e38ea37c5dd6d666f	5e0e2b5a5c9245e7a82c6174f75f8b72
17148	04e9784c9811f269f933f020c6156f31	9e2d2512915a82cc22d2f90e338d1ebd	780436c92e30a8f5f0bd6963690c0f50
17149	04e9784c9811f269f933f020c6156f31	9e2d2512915a82cc22d2f90e338d1ebd	780436c92e30a8f5f0bd6963690c0f50
17150	04e9784c9811f269f933f020c6156f31	9e2d2512915a82cc22d2f90e338d1ebd	780436c92e30a8f5f0bd6963690c0f50
17151	04e9784c9811f269f933f020c6156f31	9e2d2512915a82cc22d2f90e338d1ebd	780436c92e30a8f5f0bd6963690c0f50
17152	04e9784c9811f269f933f020c6156f31	9e2d2512915a82cc22d2f90e338d1ebd	780436c92e30a8f5f0bd6963690c0f50
17153	e3b10164791c0b82ef1181a0ea70d215	efd3eea68c8804ae6240a74d71f657ff	b70ea4d752806ea7b0b473af8169f8f8
17154	e3b10164791c0b82ef1181a0ea70d215	efd3eea68c8804ae6240a74d71f657ff	b70ea4d752806ea7b0b473af8169f8f8
17155	e3b10164791c0b82ef1181a0ea70d215	efd3eea68c8804ae6240a74d71f657ff	b70ea4d752806ea7b0b473af8169f8f8
17156	e3b10164791c0b82ef1181a0ea70d215	efd3eea68c8804ae6240a74d71f657ff	b70ea4d752806ea7b0b473af8169f8f8
17157	e3b10164791c0b82ef1181a0ea70d215	efd3eea68c8804ae6240a74d71f657ff	b70ea4d752806ea7b0b473af8169f8f8
17158	e3b10164791c0b82ef1181a0ea70d215	efd3eea68c8804ae6240a74d71f657ff	b70ea4d752806ea7b0b473af8169f8f8
17159	e3b10164791c0b82ef1181a0ea70d215	efd3eea68c8804ae6240a74d71f657ff	b70ea4d752806ea7b0b473af8169f8f8
17160	37619c25108be815c419bf95088715a8	c7b4e6228b7e3f1b1d6ae7f49c1b7a2c	26faa7aefb5276a69214e43f265aa40b
17161	e3b10164791c0b82ef1181a0ea70d215	efd3eea68c8804ae6240a74d71f657ff	b70ea4d752806ea7b0b473af8169f8f8
17162	e3b10164791c0b82ef1181a0ea70d215	efd3eea68c8804ae6240a74d71f657ff	b70ea4d752806ea7b0b473af8169f8f8
17163	e3b10164791c0b82ef1181a0ea70d215	efd3eea68c8804ae6240a74d71f657ff	b70ea4d752806ea7b0b473af8169f8f8
17164	e3b10164791c0b82ef1181a0ea70d215	efd3eea68c8804ae6240a74d71f657ff	b70ea4d752806ea7b0b473af8169f8f8
17165	e3b10164791c0b82ef1181a0ea70d215	efd3eea68c8804ae6240a74d71f657ff	b70ea4d752806ea7b0b473af8169f8f8
17166	e3b10164791c0b82ef1181a0ea70d215	efd3eea68c8804ae6240a74d71f657ff	b70ea4d752806ea7b0b473af8169f8f8
17167	e3b10164791c0b82ef1181a0ea70d215	efd3eea68c8804ae6240a74d71f657ff	b70ea4d752806ea7b0b473af8169f8f8
17168	e3b10164791c0b82ef1181a0ea70d215	efd3eea68c8804ae6240a74d71f657ff	b70ea4d752806ea7b0b473af8169f8f8
17169	e3b10164791c0b82ef1181a0ea70d215	efd3eea68c8804ae6240a74d71f657ff	b70ea4d752806ea7b0b473af8169f8f8
17170	80e750309c6b00f6740467baf8663b16	f816b138ad42bc5892006f96299c20e8	b6e18d61eca9600dd090c9663aedf72a
17171	80e750309c6b00f6740467baf8663b16	f816b138ad42bc5892006f96299c20e8	b6e18d61eca9600dd090c9663aedf72a
17172	80e750309c6b00f6740467baf8663b16	f816b138ad42bc5892006f96299c20e8	b6e18d61eca9600dd090c9663aedf72a
17173	80e750309c6b00f6740467baf8663b16	f816b138ad42bc5892006f96299c20e8	b6e18d61eca9600dd090c9663aedf72a
17174	80e750309c6b00f6740467baf8663b16	f816b138ad42bc5892006f96299c20e8	b6e18d61eca9600dd090c9663aedf72a
17175	80e750309c6b00f6740467baf8663b16	f816b138ad42bc5892006f96299c20e8	b6e18d61eca9600dd090c9663aedf72a
17176	80e750309c6b00f6740467baf8663b16	f816b138ad42bc5892006f96299c20e8	b6e18d61eca9600dd090c9663aedf72a
17177	f7fb5790d4194c24fe09bf93487ddd2f	2b56e1a4b1c232424ed822a3c4a775e1	fc7d6fdeeeaaa1072aaf60f3250f696e
17178	f7fb5790d4194c24fe09bf93487ddd2f	2b56e1a4b1c232424ed822a3c4a775e1	fc7d6fdeeeaaa1072aaf60f3250f696e
17179	f7fb5790d4194c24fe09bf93487ddd2f	2b56e1a4b1c232424ed822a3c4a775e1	fc7d6fdeeeaaa1072aaf60f3250f696e
17180	77b635c575517eab1fb08e36551235df	9d7989d14dc95ded2d0bb714f91b22b8	f0793e9bf45b3ef317d7527a102d08d2
17181	77b635c575517eab1fb08e36551235df	9d7989d14dc95ded2d0bb714f91b22b8	f0793e9bf45b3ef317d7527a102d08d2
17182	681058ddb91f26c763cee4ce5fceef1c	01b6512c96f753a2f9d80c6020a416ad	dfdd6ed4ae3803605e73bf43b1a3ab9a
17183	681058ddb91f26c763cee4ce5fceef1c	01b6512c96f753a2f9d80c6020a416ad	dfdd6ed4ae3803605e73bf43b1a3ab9a
17184	681058ddb91f26c763cee4ce5fceef1c	01b6512c96f753a2f9d80c6020a416ad	dfdd6ed4ae3803605e73bf43b1a3ab9a
17185	6ae4f9fa28cf7bd629656de6f5c8161a	231a49af7761eeb1bcb1377e1af2f9aa	912ef46acbdcc484ad5af8b431adf26a
17186	b0e48804aa6dfd3501173d64a40f07d5	2d9455402a0b2d796cf047a100b6e9e8	991ad954338228e6eca94585a6353f7c
17187	6ae4f9fa28cf7bd629656de6f5c8161a	231a49af7761eeb1bcb1377e1af2f9aa	912ef46acbdcc484ad5af8b431adf26a
17188	6ae4f9fa28cf7bd629656de6f5c8161a	231a49af7761eeb1bcb1377e1af2f9aa	912ef46acbdcc484ad5af8b431adf26a
17189	6715e6ede67b91c198c1cf08f803efbb	0a2eda78ea646402e98576042d08d1c0	358125c5a46ce89a4447d90b4f3ae5ac
17190	05c090c157c4d1917fccc21c5222e430	da4e002a38579406d335adff4296df59	f0dd3658dd3efd54ddddc4caa429821a
17191	05c090c157c4d1917fccc21c5222e430	da4e002a38579406d335adff4296df59	f0dd3658dd3efd54ddddc4caa429821a
17192	02b06cc3dad3b2b674a9161cdbbd2581	cf52bb800ca85f06ab463c9b57b94273	cc5c4fd3295eea215350000d03ada692
17193	02b06cc3dad3b2b674a9161cdbbd2581	cf52bb800ca85f06ab463c9b57b94273	cc5c4fd3295eea215350000d03ada692
17194	7ed322d868f585d0ffe2c542fead453f	6872709a838d3736f63d07d38d84de24	db7d1f24c1c3ec23e5525acf20d71aa9
17195	7ed322d868f585d0ffe2c542fead453f	6872709a838d3736f63d07d38d84de24	db7d1f24c1c3ec23e5525acf20d71aa9
17196	7ed322d868f585d0ffe2c542fead453f	6872709a838d3736f63d07d38d84de24	db7d1f24c1c3ec23e5525acf20d71aa9
17197	7ed322d868f585d0ffe2c542fead453f	6872709a838d3736f63d07d38d84de24	db7d1f24c1c3ec23e5525acf20d71aa9
17198	7ed322d868f585d0ffe2c542fead453f	6872709a838d3736f63d07d38d84de24	db7d1f24c1c3ec23e5525acf20d71aa9
17199	7ed322d868f585d0ffe2c542fead453f	6872709a838d3736f63d07d38d84de24	db7d1f24c1c3ec23e5525acf20d71aa9
17200	7ed322d868f585d0ffe2c542fead453f	6872709a838d3736f63d07d38d84de24	db7d1f24c1c3ec23e5525acf20d71aa9
17201	7b36e47aa32b2abfc11758447a77cdcb	9b5e77a6e916f7a1a91919e478ff77a7	d8738ee234d906af084e429eb80d754e
17202	7b36e47aa32b2abfc11758447a77cdcb	9b5e77a6e916f7a1a91919e478ff77a7	d8738ee234d906af084e429eb80d754e
17203	7b36e47aa32b2abfc11758447a77cdcb	9b5e77a6e916f7a1a91919e478ff77a7	d8738ee234d906af084e429eb80d754e
17204	7b36e47aa32b2abfc11758447a77cdcb	9b5e77a6e916f7a1a91919e478ff77a7	d8738ee234d906af084e429eb80d754e
17205	7b36e47aa32b2abfc11758447a77cdcb	9b5e77a6e916f7a1a91919e478ff77a7	d8738ee234d906af084e429eb80d754e
17206	7b36e47aa32b2abfc11758447a77cdcb	9b5e77a6e916f7a1a91919e478ff77a7	d8738ee234d906af084e429eb80d754e
17207	7b36e47aa32b2abfc11758447a77cdcb	9b5e77a6e916f7a1a91919e478ff77a7	d8738ee234d906af084e429eb80d754e
17208	7b36e47aa32b2abfc11758447a77cdcb	9b5e77a6e916f7a1a91919e478ff77a7	d8738ee234d906af084e429eb80d754e
17209	7b36e47aa32b2abfc11758447a77cdcb	9b5e77a6e916f7a1a91919e478ff77a7	d8738ee234d906af084e429eb80d754e
17210	7b36e47aa32b2abfc11758447a77cdcb	9b5e77a6e916f7a1a91919e478ff77a7	d8738ee234d906af084e429eb80d754e
17211	7a55b926417391272ba8a37e7bf19bc2	b92173e710934e039b4caa4912638a09	2bd298caf5894bd227e5bad6a991f72f
17212	7a55b926417391272ba8a37e7bf19bc2	b92173e710934e039b4caa4912638a09	2bd298caf5894bd227e5bad6a991f72f
17213	7a55b926417391272ba8a37e7bf19bc2	b92173e710934e039b4caa4912638a09	2bd298caf5894bd227e5bad6a991f72f
17214	7a55b926417391272ba8a37e7bf19bc2	b92173e710934e039b4caa4912638a09	2bd298caf5894bd227e5bad6a991f72f
17215	7a55b926417391272ba8a37e7bf19bc2	b92173e710934e039b4caa4912638a09	2bd298caf5894bd227e5bad6a991f72f
17216	7a55b926417391272ba8a37e7bf19bc2	b92173e710934e039b4caa4912638a09	2bd298caf5894bd227e5bad6a991f72f
17217	7a55b926417391272ba8a37e7bf19bc2	b92173e710934e039b4caa4912638a09	2bd298caf5894bd227e5bad6a991f72f
17218	efb980a1aa732745a74ab8aa22734096	575baf09869373ca829b4ab70610b3eb	49d3a61fd56410c92e5f44224ba84378
17219	efb980a1aa732745a74ab8aa22734096	575baf09869373ca829b4ab70610b3eb	49d3a61fd56410c92e5f44224ba84378
17220	efb980a1aa732745a74ab8aa22734096	575baf09869373ca829b4ab70610b3eb	49d3a61fd56410c92e5f44224ba84378
17221	efb980a1aa732745a74ab8aa22734096	575baf09869373ca829b4ab70610b3eb	49d3a61fd56410c92e5f44224ba84378
17222	efb980a1aa732745a74ab8aa22734096	575baf09869373ca829b4ab70610b3eb	49d3a61fd56410c92e5f44224ba84378
17223	798ebb1e9a365e3064d32866d5ae3b97	c274c58c13b1e33375d24bf55e5f405b	9b6d7c3e28be3d5daef5411f80681c5f
17224	85003b3856743183fcade9ab25c84bfb	fbd6839f5eada7f2a5cc1064a3583aee	d5672a4dc648e298ec9e17c66b7ad9d2
17225	54fd894e4f65f41d3d94f7d5f045b20e	9eec1bdad427588f001b1fc433ec2b92	552e8b04c70a5b69bb3715677d7aaa26
17226	6c3b6f3a62eb359eacf2799388b0f1ec	344a21f7b05f709d9a97e97f22224dc3	184d486f87d4f1d5fca42a75e3f7a9bb
17227	472f9f33d8e120097c30c5d8b7aa4a43	8a5306adabad3c05ad288570f62e6d6a	af24edc9e72891c1cd4b6f162c4f96e2
17228	42f9c6dcd08026e53f4599a9f66635a1	ad7c38957eb2b1bf48376bbf9326558b	c9fee62bc023b2bf149d181d4e9a076a
17229	15347c71d172e43a6204003abd8f39d4	2664c8382fdd30c42393201212449632	655a2f2aeb9c5b40bd5671c9edb20adc
17230	6d90b91a10ae9f6e5f2a27e25e779050	c773fcae67b3cd44818705717dcc1ce4	082f38065199241695a528608a2f34f4
17231	bb90f39513be0311bf58c8f932524e5c	bb6146de79e1ca684426a42ad6f2199e	0f9bf06ee8052ed8acbb567a6bdeb322
17232	bb90f39513be0311bf58c8f932524e5c	bb6146de79e1ca684426a42ad6f2199e	0f9bf06ee8052ed8acbb567a6bdeb322
17233	ac8821409e1c36f90971d602d0f0375c	43f4bb248c673e9384ec8e37a5b87f40	bd24df296cd38b34acfafba87c4a82d9
17234	147e32ae6c7d4f2bb0017feeec93603c	16b28fa901d82b8ffc7773fca29cf693	1e5382199d4c0b9ec4d22cc68a92d71e
17235	47066350f5a9fdebaa12c1c4111e981f	471d31be2c0a4f553221c1a19caa51ca	82759ca66af78437fc74dc1a1a821f56
17236	86730706f888e74e1c01354d86677bd8	2a1217c03b470d62f38520fbcb720f0d	7116e8c0d13814282b227c85e65e857d
17237	f8a8822b95292e71ae2317fad53e42dc	74bc790496967d2dc3a4e0ff920c2968	1eed8ef42e13089b63c8eb9d08e6ad94
17238	c95e81d0d1998d02d9ccdf31acf05a75	36e767ec11c920d7261b3b824f146b2f	1a91d74a4278fea8e51b57a4306a8923
17239	100979282415c6f63c849602cc37ad5f	993abd87e91db5e00f541512f4b74b4e	f37ca2ea6ce5dcb140f42754fefbbede
17240	c9b083a4fb0884635084d55b726288af	23c9033889f21bf5cc1ee47d654abb67	88790e154e6be9d5d4544d4a2d0b8bd7
17241	c9b083a4fb0884635084d55b726288af	23c9033889f21bf5cc1ee47d654abb67	88790e154e6be9d5d4544d4a2d0b8bd7
17242	c9b083a4fb0884635084d55b726288af	23c9033889f21bf5cc1ee47d654abb67	88790e154e6be9d5d4544d4a2d0b8bd7
17243	c9b083a4fb0884635084d55b726288af	23c9033889f21bf5cc1ee47d654abb67	88790e154e6be9d5d4544d4a2d0b8bd7
17244	c9b083a4fb0884635084d55b726288af	23c9033889f21bf5cc1ee47d654abb67	88790e154e6be9d5d4544d4a2d0b8bd7
17245	c9b083a4fb0884635084d55b726288af	23c9033889f21bf5cc1ee47d654abb67	88790e154e6be9d5d4544d4a2d0b8bd7
17246	c9b083a4fb0884635084d55b726288af	23c9033889f21bf5cc1ee47d654abb67	88790e154e6be9d5d4544d4a2d0b8bd7
17247	cbdaed9150cfa53c88dc61cce981d369	2e1463bed15b2f2dc5d50a0c582f9bb4	a028aaa0120ce0c5a09748d23d132c87
17248	cbdaed9150cfa53c88dc61cce981d369	2e1463bed15b2f2dc5d50a0c582f9bb4	a028aaa0120ce0c5a09748d23d132c87
17249	cbdaed9150cfa53c88dc61cce981d369	2e1463bed15b2f2dc5d50a0c582f9bb4	a028aaa0120ce0c5a09748d23d132c87
17250	cbdaed9150cfa53c88dc61cce981d369	2e1463bed15b2f2dc5d50a0c582f9bb4	a028aaa0120ce0c5a09748d23d132c87
17251	cbdaed9150cfa53c88dc61cce981d369	2e1463bed15b2f2dc5d50a0c582f9bb4	a028aaa0120ce0c5a09748d23d132c87
17252	a940f071e87936cc459650e48651a45c	b1bfd2a0a055f16e9e53fbad09756030	8dcaf9e25d63fe0921435c63b7163053
17253	a940f071e87936cc459650e48651a45c	b1bfd2a0a055f16e9e53fbad09756030	8dcaf9e25d63fe0921435c63b7163053
17254	a940f071e87936cc459650e48651a45c	b1bfd2a0a055f16e9e53fbad09756030	8dcaf9e25d63fe0921435c63b7163053
17255	648ac773bdd222d6cd86923ed58dd2a5	2a1c2d74d329b21e92aa1960a7e35b1d	c3a1d61095d96f2104b533e424022109
17256	3bca2a445738587f4b00cebdff1f65bb	acdd2c23ab59c861a072d952c9c3119f	07016b7b55436f6c4fd683eb6fb34bcb
17257	b5230828dbe2251cf2936677b47f9d6b	882e8b083f492579cc93b67028063aaa	664a3f5b66458e6c2e5cd12ca743cf2a
17258	b5230828dbe2251cf2936677b47f9d6b	882e8b083f492579cc93b67028063aaa	664a3f5b66458e6c2e5cd12ca743cf2a
17259	130b89dc71fc47db5fb1c24e53656cdf	63f696f3471e8151b65f1e3ed482ff1f	a865885c5c56381a6011302e375efe42
17260	130b89dc71fc47db5fb1c24e53656cdf	63f696f3471e8151b65f1e3ed482ff1f	a865885c5c56381a6011302e375efe42
17261	130b89dc71fc47db5fb1c24e53656cdf	63f696f3471e8151b65f1e3ed482ff1f	a865885c5c56381a6011302e375efe42
17262	22bc2f28f359388858ad9263e1b429e5	1fb07df34ef2794096910ad6d60f813d	b9343b1fc7273cb2700424daf9a2e323
17263	130b89dc71fc47db5fb1c24e53656cdf	63f696f3471e8151b65f1e3ed482ff1f	a865885c5c56381a6011302e375efe42
17264	1f23731d974a1e555199920b8d8de5b9	2deec2995635741d9d259736f4d5eb0c	1a8a2bf5ad1b7315b3ec795c27742622
17265	1f23731d974a1e555199920b8d8de5b9	2deec2995635741d9d259736f4d5eb0c	1a8a2bf5ad1b7315b3ec795c27742622
17266	1f23731d974a1e555199920b8d8de5b9	2deec2995635741d9d259736f4d5eb0c	1a8a2bf5ad1b7315b3ec795c27742622
17267	1f23731d974a1e555199920b8d8de5b9	2deec2995635741d9d259736f4d5eb0c	1a8a2bf5ad1b7315b3ec795c27742622
17268	1f23731d974a1e555199920b8d8de5b9	2deec2995635741d9d259736f4d5eb0c	1a8a2bf5ad1b7315b3ec795c27742622
17269	1f23731d974a1e555199920b8d8de5b9	2deec2995635741d9d259736f4d5eb0c	1a8a2bf5ad1b7315b3ec795c27742622
17270	1f23731d974a1e555199920b8d8de5b9	2deec2995635741d9d259736f4d5eb0c	1a8a2bf5ad1b7315b3ec795c27742622
17271	1f23731d974a1e555199920b8d8de5b9	2deec2995635741d9d259736f4d5eb0c	1a8a2bf5ad1b7315b3ec795c27742622
17272	1f23731d974a1e555199920b8d8de5b9	2deec2995635741d9d259736f4d5eb0c	1a8a2bf5ad1b7315b3ec795c27742622
17273	1f23731d974a1e555199920b8d8de5b9	2deec2995635741d9d259736f4d5eb0c	1a8a2bf5ad1b7315b3ec795c27742622
17274	1f23731d974a1e555199920b8d8de5b9	2deec2995635741d9d259736f4d5eb0c	1a8a2bf5ad1b7315b3ec795c27742622
17275	1f23731d974a1e555199920b8d8de5b9	2deec2995635741d9d259736f4d5eb0c	1a8a2bf5ad1b7315b3ec795c27742622
17276	2cd3eea53a0ac03f477238eb494b3894	87c50a82b4d02425924dd968ec488abf	fd6eb1e2dfc3bfefa99c3d02c7000734
17277	2cd3eea53a0ac03f477238eb494b3894	87c50a82b4d02425924dd968ec488abf	fd6eb1e2dfc3bfefa99c3d02c7000734
17278	2cd3eea53a0ac03f477238eb494b3894	87c50a82b4d02425924dd968ec488abf	fd6eb1e2dfc3bfefa99c3d02c7000734
17279	2cd3eea53a0ac03f477238eb494b3894	87c50a82b4d02425924dd968ec488abf	fd6eb1e2dfc3bfefa99c3d02c7000734
17280	2cd3eea53a0ac03f477238eb494b3894	87c50a82b4d02425924dd968ec488abf	fd6eb1e2dfc3bfefa99c3d02c7000734
17281	bc4287d7194ac42e91dfd70350e1ede8	7c12e9b7552d23434d3e3631da4e9547	c02fbae5a3e9876dc9eb514a568e0004
17282	bc4287d7194ac42e91dfd70350e1ede8	7c12e9b7552d23434d3e3631da4e9547	c02fbae5a3e9876dc9eb514a568e0004
17283	bc4287d7194ac42e91dfd70350e1ede8	7c12e9b7552d23434d3e3631da4e9547	c02fbae5a3e9876dc9eb514a568e0004
17284	bc4287d7194ac42e91dfd70350e1ede8	7c12e9b7552d23434d3e3631da4e9547	c02fbae5a3e9876dc9eb514a568e0004
17285	bc4287d7194ac42e91dfd70350e1ede8	7c12e9b7552d23434d3e3631da4e9547	c02fbae5a3e9876dc9eb514a568e0004
17286	bc4287d7194ac42e91dfd70350e1ede8	7c12e9b7552d23434d3e3631da4e9547	c02fbae5a3e9876dc9eb514a568e0004
17287	bc4287d7194ac42e91dfd70350e1ede8	7c12e9b7552d23434d3e3631da4e9547	c02fbae5a3e9876dc9eb514a568e0004
17288	bc4287d7194ac42e91dfd70350e1ede8	7c12e9b7552d23434d3e3631da4e9547	c02fbae5a3e9876dc9eb514a568e0004
17289	bc4287d7194ac42e91dfd70350e1ede8	7c12e9b7552d23434d3e3631da4e9547	c02fbae5a3e9876dc9eb514a568e0004
17290	bc4287d7194ac42e91dfd70350e1ede8	7c12e9b7552d23434d3e3631da4e9547	c02fbae5a3e9876dc9eb514a568e0004
17291	bc4287d7194ac42e91dfd70350e1ede8	7c12e9b7552d23434d3e3631da4e9547	c02fbae5a3e9876dc9eb514a568e0004
17292	bc4287d7194ac42e91dfd70350e1ede8	7c12e9b7552d23434d3e3631da4e9547	c02fbae5a3e9876dc9eb514a568e0004
17293	498b6196e8e2c9218223f2df041eeb0a	1eac7c2356e1a7d0ee7220d727ae816e	e48f9e63d2651338b9da8b5eb3f3c5b8
17294	498b6196e8e2c9218223f2df041eeb0a	1eac7c2356e1a7d0ee7220d727ae816e	e48f9e63d2651338b9da8b5eb3f3c5b8
17295	498b6196e8e2c9218223f2df041eeb0a	1eac7c2356e1a7d0ee7220d727ae816e	e48f9e63d2651338b9da8b5eb3f3c5b8
17296	498b6196e8e2c9218223f2df041eeb0a	1eac7c2356e1a7d0ee7220d727ae816e	e48f9e63d2651338b9da8b5eb3f3c5b8
17297	498b6196e8e2c9218223f2df041eeb0a	1eac7c2356e1a7d0ee7220d727ae816e	e48f9e63d2651338b9da8b5eb3f3c5b8
17298	498b6196e8e2c9218223f2df041eeb0a	1eac7c2356e1a7d0ee7220d727ae816e	e48f9e63d2651338b9da8b5eb3f3c5b8
17299	498b6196e8e2c9218223f2df041eeb0a	1eac7c2356e1a7d0ee7220d727ae816e	e48f9e63d2651338b9da8b5eb3f3c5b8
17300	34e39591118ea7a5e29c44461d676bbe	9c064cc139a09be35c813ee7874ac036	2a299dde1e1137805af9ea65cdfaef25
17301	34e39591118ea7a5e29c44461d676bbe	9c064cc139a09be35c813ee7874ac036	2a299dde1e1137805af9ea65cdfaef25
17302	34e39591118ea7a5e29c44461d676bbe	9c064cc139a09be35c813ee7874ac036	2a299dde1e1137805af9ea65cdfaef25
17303	ac976322b7fccd9e5d57820826a42cf2	f1f93d70045f26ee864a99ccc4e899f2	27322b4c48f5e8a66023eb0b3a002e11
17304	ac976322b7fccd9e5d57820826a42cf2	f1f93d70045f26ee864a99ccc4e899f2	27322b4c48f5e8a66023eb0b3a002e11
17305	34e39591118ea7a5e29c44461d676bbe	9c064cc139a09be35c813ee7874ac036	2a299dde1e1137805af9ea65cdfaef25
17306	34e39591118ea7a5e29c44461d676bbe	9c064cc139a09be35c813ee7874ac036	2a299dde1e1137805af9ea65cdfaef25
17307	34e39591118ea7a5e29c44461d676bbe	9c064cc139a09be35c813ee7874ac036	2a299dde1e1137805af9ea65cdfaef25
17308	9609d30571e8207f2cde1d2e962bcfa5	f1b96e207eded224992892b1c106ced9	23b6daeabbdc51711f2b32ae02a2ccea
17309	7570bd1a33fac130dce35236bf5db6e7	a806b1fb33dccbdf0b457f8c6ce3e716	584ec35963b9ad25b635f9179d801f85
17310	146733fbca47117f1d98ff9ed2096b02	9f1d8e29fcc11f00cced82bac028be0f	2444e921784a7315c944535a31ce80a9
17311	146733fbca47117f1d98ff9ed2096b02	9f1d8e29fcc11f00cced82bac028be0f	2444e921784a7315c944535a31ce80a9
17312	146733fbca47117f1d98ff9ed2096b02	9f1d8e29fcc11f00cced82bac028be0f	2444e921784a7315c944535a31ce80a9
17313	146733fbca47117f1d98ff9ed2096b02	9f1d8e29fcc11f00cced82bac028be0f	2444e921784a7315c944535a31ce80a9
17314	146733fbca47117f1d98ff9ed2096b02	9f1d8e29fcc11f00cced82bac028be0f	2444e921784a7315c944535a31ce80a9
17315	146733fbca47117f1d98ff9ed2096b02	9f1d8e29fcc11f00cced82bac028be0f	2444e921784a7315c944535a31ce80a9
17316	146733fbca47117f1d98ff9ed2096b02	9f1d8e29fcc11f00cced82bac028be0f	2444e921784a7315c944535a31ce80a9
17317	c70f02ef620c3cf870057c226d26390f	e611fb15e313b18a0c08732436b1c785	8f6140ebee516cf2f1ba4dd699cb916d
17318	56583dc27bc28c4d0b94ce6a265b633e	88788ed06c60c495daeb520df095931b	5997189b3dffeb55890aa2cfff2bce0b
17319	22a7a16e4bfb474eeeb0025bd4c869d3	c9e079f8f2589dbc78be8a58c75aec55	fc600aff7d0936c628d085eb77cd69d1
17320	5e2263802ced189b087a5ba5dcb0207d	3b19594da7da2406a106bf712f587f08	3d16fd81c4204c3c130cfb021e45d414
17321	56583dc27bc28c4d0b94ce6a265b633e	d2f170c98938472368fef23025991fed	ec19d532e79406dfaef58d0da1201325
17322	1544cf60c88eb9a52625ad38c999c076	cb98ac7604bc9a442947650e9fddb953	48fc0f6789e732df7f9072a0b6446649
17323	1544cf60c88eb9a52625ad38c999c076	cb98ac7604bc9a442947650e9fddb953	48fc0f6789e732df7f9072a0b6446649
17324	1544cf60c88eb9a52625ad38c999c076	cb98ac7604bc9a442947650e9fddb953	48fc0f6789e732df7f9072a0b6446649
17325	1544cf60c88eb9a52625ad38c999c076	cb98ac7604bc9a442947650e9fddb953	48fc0f6789e732df7f9072a0b6446649
17326	1544cf60c88eb9a52625ad38c999c076	cb98ac7604bc9a442947650e9fddb953	48fc0f6789e732df7f9072a0b6446649
17327	1544cf60c88eb9a52625ad38c999c076	cb98ac7604bc9a442947650e9fddb953	48fc0f6789e732df7f9072a0b6446649
17328	1544cf60c88eb9a52625ad38c999c076	cb98ac7604bc9a442947650e9fddb953	48fc0f6789e732df7f9072a0b6446649
17329	1544cf60c88eb9a52625ad38c999c076	cb98ac7604bc9a442947650e9fddb953	48fc0f6789e732df7f9072a0b6446649
17330	1544cf60c88eb9a52625ad38c999c076	cb98ac7604bc9a442947650e9fddb953	48fc0f6789e732df7f9072a0b6446649
17331	1544cf60c88eb9a52625ad38c999c076	cb98ac7604bc9a442947650e9fddb953	48fc0f6789e732df7f9072a0b6446649
17332	1544cf60c88eb9a52625ad38c999c076	cb98ac7604bc9a442947650e9fddb953	48fc0f6789e732df7f9072a0b6446649
17333	1544cf60c88eb9a52625ad38c999c076	cb98ac7604bc9a442947650e9fddb953	48fc0f6789e732df7f9072a0b6446649
17334	1544cf60c88eb9a52625ad38c999c076	cb98ac7604bc9a442947650e9fddb953	48fc0f6789e732df7f9072a0b6446649
17335	1544cf60c88eb9a52625ad38c999c076	cb98ac7604bc9a442947650e9fddb953	48fc0f6789e732df7f9072a0b6446649
17336	1544cf60c88eb9a52625ad38c999c076	cb98ac7604bc9a442947650e9fddb953	48fc0f6789e732df7f9072a0b6446649
17337	1544cf60c88eb9a52625ad38c999c076	cb98ac7604bc9a442947650e9fddb953	48fc0f6789e732df7f9072a0b6446649
17338	1544cf60c88eb9a52625ad38c999c076	cb98ac7604bc9a442947650e9fddb953	48fc0f6789e732df7f9072a0b6446649
17339	ff0c6bbfce5c15f593c2a38f07b141bb	656c3c385a8e4fed120264e277a8a762	b235bced8606d1445727c2a1bdfebfbc
17340	ff0c6bbfce5c15f593c2a38f07b141bb	656c3c385a8e4fed120264e277a8a762	b235bced8606d1445727c2a1bdfebfbc
17341	ff0c6bbfce5c15f593c2a38f07b141bb	656c3c385a8e4fed120264e277a8a762	b235bced8606d1445727c2a1bdfebfbc
17342	ff0c6bbfce5c15f593c2a38f07b141bb	656c3c385a8e4fed120264e277a8a762	b235bced8606d1445727c2a1bdfebfbc
17343	ff0c6bbfce5c15f593c2a38f07b141bb	656c3c385a8e4fed120264e277a8a762	b235bced8606d1445727c2a1bdfebfbc
17344	ff0c6bbfce5c15f593c2a38f07b141bb	656c3c385a8e4fed120264e277a8a762	b235bced8606d1445727c2a1bdfebfbc
17345	ff0c6bbfce5c15f593c2a38f07b141bb	656c3c385a8e4fed120264e277a8a762	b235bced8606d1445727c2a1bdfebfbc
17346	d07663c95e2053dfb342d88a5cc2f84f	9fa679d1ac5aaddb2b0c33013dfa0804	b62656d0d031f6b4fa2cccea4a301b73
17347	d07663c95e2053dfb342d88a5cc2f84f	9fa679d1ac5aaddb2b0c33013dfa0804	b62656d0d031f6b4fa2cccea4a301b73
17348	d07663c95e2053dfb342d88a5cc2f84f	9fa679d1ac5aaddb2b0c33013dfa0804	b62656d0d031f6b4fa2cccea4a301b73
17349	d07663c95e2053dfb342d88a5cc2f84f	9fa679d1ac5aaddb2b0c33013dfa0804	b62656d0d031f6b4fa2cccea4a301b73
17350	d07663c95e2053dfb342d88a5cc2f84f	9fa679d1ac5aaddb2b0c33013dfa0804	b62656d0d031f6b4fa2cccea4a301b73
17351	b0ce767c0845dab1ae5d271b102efdc1	b93cdf7247978981cb966418f4cad60e	8e59863e30a4fe5fdc681c3c1d14b793
17352	b0ce767c0845dab1ae5d271b102efdc1	b93cdf7247978981cb966418f4cad60e	8e59863e30a4fe5fdc681c3c1d14b793
17353	b0ce767c0845dab1ae5d271b102efdc1	b93cdf7247978981cb966418f4cad60e	8e59863e30a4fe5fdc681c3c1d14b793
17354	b0ce767c0845dab1ae5d271b102efdc1	b93cdf7247978981cb966418f4cad60e	8e59863e30a4fe5fdc681c3c1d14b793
17355	b0ce767c0845dab1ae5d271b102efdc1	b93cdf7247978981cb966418f4cad60e	8e59863e30a4fe5fdc681c3c1d14b793
17356	b0ce767c0845dab1ae5d271b102efdc1	b93cdf7247978981cb966418f4cad60e	8e59863e30a4fe5fdc681c3c1d14b793
17357	b0ce767c0845dab1ae5d271b102efdc1	b93cdf7247978981cb966418f4cad60e	8e59863e30a4fe5fdc681c3c1d14b793
17358	c4f5ac9ae4378a83198d2c47bfa3749e	0ddadf3eb57e26674a2e7cc590606225	ed7242b93a28ea834e81f3ed9b7918d0
17359	c4f5ac9ae4378a83198d2c47bfa3749e	0ddadf3eb57e26674a2e7cc590606225	ed7242b93a28ea834e81f3ed9b7918d0
17360	c4f5ac9ae4378a83198d2c47bfa3749e	0ddadf3eb57e26674a2e7cc590606225	ed7242b93a28ea834e81f3ed9b7918d0
17361	c4f5ac9ae4378a83198d2c47bfa3749e	0ddadf3eb57e26674a2e7cc590606225	ed7242b93a28ea834e81f3ed9b7918d0
17362	c4f5ac9ae4378a83198d2c47bfa3749e	0ddadf3eb57e26674a2e7cc590606225	ed7242b93a28ea834e81f3ed9b7918d0
17363	a6a09400518715e58fbf9f816cf96a27	92b702624e8f3e4f73382f70496c11d8	27b9de8f0342111e0c0fd03f1735eb3b
17364	a6a09400518715e58fbf9f816cf96a27	92b702624e8f3e4f73382f70496c11d8	27b9de8f0342111e0c0fd03f1735eb3b
17365	a6a09400518715e58fbf9f816cf96a27	92b702624e8f3e4f73382f70496c11d8	27b9de8f0342111e0c0fd03f1735eb3b
17366	a6a09400518715e58fbf9f816cf96a27	92b702624e8f3e4f73382f70496c11d8	27b9de8f0342111e0c0fd03f1735eb3b
17367	a6a09400518715e58fbf9f816cf96a27	92b702624e8f3e4f73382f70496c11d8	27b9de8f0342111e0c0fd03f1735eb3b
17368	a6a09400518715e58fbf9f816cf96a27	92b702624e8f3e4f73382f70496c11d8	27b9de8f0342111e0c0fd03f1735eb3b
17369	a6a09400518715e58fbf9f816cf96a27	92b702624e8f3e4f73382f70496c11d8	27b9de8f0342111e0c0fd03f1735eb3b
17370	bb41ca2feed55ffaca41bfd5daebde22	571b9785cd1c74494593efdedace8144	650a54f4aa89b9cc5759b3f33b9dc30a
17371	bb41ca2feed55ffaca41bfd5daebde22	571b9785cd1c74494593efdedace8144	650a54f4aa89b9cc5759b3f33b9dc30a
17372	bb41ca2feed55ffaca41bfd5daebde22	571b9785cd1c74494593efdedace8144	650a54f4aa89b9cc5759b3f33b9dc30a
17373	bb41ca2feed55ffaca41bfd5daebde22	571b9785cd1c74494593efdedace8144	650a54f4aa89b9cc5759b3f33b9dc30a
17374	bb41ca2feed55ffaca41bfd5daebde22	571b9785cd1c74494593efdedace8144	650a54f4aa89b9cc5759b3f33b9dc30a
17375	38c4312fe99e3cffa5bf318045c8ac32	f7604d6b2817be05a1ae07d0e417d0b6	284fdcb7d9a434f1b7d75a92aaaf2c99
17376	38c4312fe99e3cffa5bf318045c8ac32	f7604d6b2817be05a1ae07d0e417d0b6	284fdcb7d9a434f1b7d75a92aaaf2c99
17377	38c4312fe99e3cffa5bf318045c8ac32	f7604d6b2817be05a1ae07d0e417d0b6	284fdcb7d9a434f1b7d75a92aaaf2c99
17378	38c4312fe99e3cffa5bf318045c8ac32	783a860fc37a4052c5337ea0ece3e76c	e955b460a5df09d3148375d86095d5a2
17379	38c4312fe99e3cffa5bf318045c8ac32	639b165c240faf3952a9a56422c2873a	ca1191b509721e1c638ab31b2bf40bf8
17380	b5f37af8e4fe7c6ed46d986778fe50a8	699def0c97a902bbc30763e2f987ede5	2eb2e0bdd049fdd98dd817e20787088a
17381	b5f37af8e4fe7c6ed46d986778fe50a8	699def0c97a902bbc30763e2f987ede5	2eb2e0bdd049fdd98dd817e20787088a
17382	b5f37af8e4fe7c6ed46d986778fe50a8	699def0c97a902bbc30763e2f987ede5	2eb2e0bdd049fdd98dd817e20787088a
17383	8f65bf908b6501d765a780d96335f014	425d7cc2ebd4e95b67c8262b62f3763c	e8b4f6f2245ef3ef0490ecea09ae1978
17384	8f65bf908b6501d765a780d96335f014	425d7cc2ebd4e95b67c8262b62f3763c	e8b4f6f2245ef3ef0490ecea09ae1978
17385	9baba4e5de51aa385049fb8c6fde8736	4b2b6ca319d7314d3783f942596da4aa	c3b293a785b664159b35153384fb3402
17386	9baba4e5de51aa385049fb8c6fde8736	4b2b6ca319d7314d3783f942596da4aa	c3b293a785b664159b35153384fb3402
17387	1ac1b5e76daaa86eeb5a925932fc78b0	ae10c18767fc1960b7f702b98a59b03e	6572bd187573e22780b52548d19edd7e
17388	1ac1b5e76daaa86eeb5a925932fc78b0	ae10c18767fc1960b7f702b98a59b03e	6572bd187573e22780b52548d19edd7e
17389	1ac1b5e76daaa86eeb5a925932fc78b0	ae10c18767fc1960b7f702b98a59b03e	6572bd187573e22780b52548d19edd7e
17390	1ac1b5e76daaa86eeb5a925932fc78b0	ae10c18767fc1960b7f702b98a59b03e	6572bd187573e22780b52548d19edd7e
17391	1ac1b5e76daaa86eeb5a925932fc78b0	ae10c18767fc1960b7f702b98a59b03e	6572bd187573e22780b52548d19edd7e
17392	01d4257b7eeaf368d447ea734442ca98	7acc2cfa8825b2e5db6005e695482895	ff64e5bedf05a492b82b2b4997378f69
17393	01d4257b7eeaf368d447ea734442ca98	7acc2cfa8825b2e5db6005e695482895	ff64e5bedf05a492b82b2b4997378f69
17394	01d4257b7eeaf368d447ea734442ca98	7acc2cfa8825b2e5db6005e695482895	ff64e5bedf05a492b82b2b4997378f69
17395	01d4257b7eeaf368d447ea734442ca98	7acc2cfa8825b2e5db6005e695482895	ff64e5bedf05a492b82b2b4997378f69
17396	01d4257b7eeaf368d447ea734442ca98	7acc2cfa8825b2e5db6005e695482895	ff64e5bedf05a492b82b2b4997378f69
17397	01d4257b7eeaf368d447ea734442ca98	7acc2cfa8825b2e5db6005e695482895	ff64e5bedf05a492b82b2b4997378f69
17398	01d4257b7eeaf368d447ea734442ca98	7acc2cfa8825b2e5db6005e695482895	ff64e5bedf05a492b82b2b4997378f69
17399	84805e867a1de3bf13c534821f6c8889	06f42b52bcec2575e91c41614ff3b62f	e210a97e0c1acf32fc7327c91eab6dd8
17400	84805e867a1de3bf13c534821f6c8889	06f42b52bcec2575e91c41614ff3b62f	e210a97e0c1acf32fc7327c91eab6dd8
17401	84805e867a1de3bf13c534821f6c8889	06f42b52bcec2575e91c41614ff3b62f	e210a97e0c1acf32fc7327c91eab6dd8
17402	84805e867a1de3bf13c534821f6c8889	06f42b52bcec2575e91c41614ff3b62f	e210a97e0c1acf32fc7327c91eab6dd8
17403	84805e867a1de3bf13c534821f6c8889	06f42b52bcec2575e91c41614ff3b62f	e210a97e0c1acf32fc7327c91eab6dd8
17404	84805e867a1de3bf13c534821f6c8889	06f42b52bcec2575e91c41614ff3b62f	e210a97e0c1acf32fc7327c91eab6dd8
17405	84805e867a1de3bf13c534821f6c8889	06f42b52bcec2575e91c41614ff3b62f	e210a97e0c1acf32fc7327c91eab6dd8
17406	84805e867a1de3bf13c534821f6c8889	06f42b52bcec2575e91c41614ff3b62f	e210a97e0c1acf32fc7327c91eab6dd8
17407	84805e867a1de3bf13c534821f6c8889	06f42b52bcec2575e91c41614ff3b62f	e210a97e0c1acf32fc7327c91eab6dd8
17408	84805e867a1de3bf13c534821f6c8889	06f42b52bcec2575e91c41614ff3b62f	e210a97e0c1acf32fc7327c91eab6dd8
17409	89a2bc246eb7ea11c3840434e7ff6752	d8a311cdfc2488d157de4c5fff4b920a	882de5499b207d319918e1db5780dc65
17410	89a2bc246eb7ea11c3840434e7ff6752	d8a311cdfc2488d157de4c5fff4b920a	882de5499b207d319918e1db5780dc65
17411	89a2bc246eb7ea11c3840434e7ff6752	d8a311cdfc2488d157de4c5fff4b920a	882de5499b207d319918e1db5780dc65
17412	89a2bc246eb7ea11c3840434e7ff6752	d8a311cdfc2488d157de4c5fff4b920a	882de5499b207d319918e1db5780dc65
17413	89a2bc246eb7ea11c3840434e7ff6752	d8a311cdfc2488d157de4c5fff4b920a	882de5499b207d319918e1db5780dc65
17414	89a2bc246eb7ea11c3840434e7ff6752	d8a311cdfc2488d157de4c5fff4b920a	882de5499b207d319918e1db5780dc65
17415	89a2bc246eb7ea11c3840434e7ff6752	d8a311cdfc2488d157de4c5fff4b920a	882de5499b207d319918e1db5780dc65
17416	71313b527f57a5a97b4ba0b94cfda151	3a2a18d3fdc2e819203975005ca7fd88	d540d9f71f7bc00b1f1182ad6edfd446
17417	71313b527f57a5a97b4ba0b94cfda151	3a2a18d3fdc2e819203975005ca7fd88	d540d9f71f7bc00b1f1182ad6edfd446
17418	71313b527f57a5a97b4ba0b94cfda151	3a2a18d3fdc2e819203975005ca7fd88	d540d9f71f7bc00b1f1182ad6edfd446
17419	c9956b21b332bd19bf64444d776e187a	fbdd5bb4734c495bacfba9bf1d6d4de7	c3b8ef567f778cf7759e5dea2b120e23
17420	518f546751813b9655bf935b3a687879	ed3b4e798787ffa135232d8cdcb6de12	63d06dc053ca47594ad75fc3caba7c3f
17421	1e00f9872cf253529eeb59b395f50b63	baa9517ecd9df6c0f5316ceb61002b29	de660c1369e9badcec6116b1d9ed6bc9
17422	1e00f9872cf253529eeb59b395f50b63	baa9517ecd9df6c0f5316ceb61002b29	de660c1369e9badcec6116b1d9ed6bc9
17423	1e00f9872cf253529eeb59b395f50b63	baa9517ecd9df6c0f5316ceb61002b29	de660c1369e9badcec6116b1d9ed6bc9
17424	1e00f9872cf253529eeb59b395f50b63	baa9517ecd9df6c0f5316ceb61002b29	de660c1369e9badcec6116b1d9ed6bc9
17425	2babcf8f33052b076d3c8e5e8c162916	cc7f86673804b210e653b1b90c9b8249	cf9a1374a006bf4163c8b1709094b9cc
17426	1e00f9872cf253529eeb59b395f50b63	baa9517ecd9df6c0f5316ceb61002b29	de660c1369e9badcec6116b1d9ed6bc9
17427	1e00f9872cf253529eeb59b395f50b63	baa9517ecd9df6c0f5316ceb61002b29	de660c1369e9badcec6116b1d9ed6bc9
17428	472f5d3f89657840a9f962b55f9f28f1	0e7461837b3b61f979c4d7947c3241bf	0a898acacf0e4de35023f301fb13f3f1
17429	e519516af7a9b174058596ad1e370b3d	7fc908efcdccf6700e73244410f87aa0	d995154db1123cf42da6fb14076cf6b0
17430	472f5d3f89657840a9f962b55f9f28f1	0e7461837b3b61f979c4d7947c3241bf	0a898acacf0e4de35023f301fb13f3f1
17431	472f5d3f89657840a9f962b55f9f28f1	0e7461837b3b61f979c4d7947c3241bf	0a898acacf0e4de35023f301fb13f3f1
17432	472f5d3f89657840a9f962b55f9f28f1	0e7461837b3b61f979c4d7947c3241bf	0a898acacf0e4de35023f301fb13f3f1
17433	aff3858c506a33cf2dd4b248e3ceadde	080dcc76416e4ad8c7e2ee94dfeaabe1	e114aeb9ad27c8b35cb1fff5e99c2474
17434	aff3858c506a33cf2dd4b248e3ceadde	080dcc76416e4ad8c7e2ee94dfeaabe1	e114aeb9ad27c8b35cb1fff5e99c2474
17435	aff3858c506a33cf2dd4b248e3ceadde	080dcc76416e4ad8c7e2ee94dfeaabe1	e114aeb9ad27c8b35cb1fff5e99c2474
17436	aff3858c506a33cf2dd4b248e3ceadde	080dcc76416e4ad8c7e2ee94dfeaabe1	e114aeb9ad27c8b35cb1fff5e99c2474
17437	aff3858c506a33cf2dd4b248e3ceadde	080dcc76416e4ad8c7e2ee94dfeaabe1	e114aeb9ad27c8b35cb1fff5e99c2474
17438	aff3858c506a33cf2dd4b248e3ceadde	080dcc76416e4ad8c7e2ee94dfeaabe1	e114aeb9ad27c8b35cb1fff5e99c2474
17439	aff3858c506a33cf2dd4b248e3ceadde	080dcc76416e4ad8c7e2ee94dfeaabe1	e114aeb9ad27c8b35cb1fff5e99c2474
17440	aff3858c506a33cf2dd4b248e3ceadde	080dcc76416e4ad8c7e2ee94dfeaabe1	e114aeb9ad27c8b35cb1fff5e99c2474
17441	aff3858c506a33cf2dd4b248e3ceadde	080dcc76416e4ad8c7e2ee94dfeaabe1	e114aeb9ad27c8b35cb1fff5e99c2474
17442	aff3858c506a33cf2dd4b248e3ceadde	080dcc76416e4ad8c7e2ee94dfeaabe1	e114aeb9ad27c8b35cb1fff5e99c2474
17443	aff3858c506a33cf2dd4b248e3ceadde	080dcc76416e4ad8c7e2ee94dfeaabe1	e114aeb9ad27c8b35cb1fff5e99c2474
17444	aff3858c506a33cf2dd4b248e3ceadde	080dcc76416e4ad8c7e2ee94dfeaabe1	e114aeb9ad27c8b35cb1fff5e99c2474
17445	aff3858c506a33cf2dd4b248e3ceadde	080dcc76416e4ad8c7e2ee94dfeaabe1	e114aeb9ad27c8b35cb1fff5e99c2474
17446	aff3858c506a33cf2dd4b248e3ceadde	080dcc76416e4ad8c7e2ee94dfeaabe1	e114aeb9ad27c8b35cb1fff5e99c2474
17447	aff3858c506a33cf2dd4b248e3ceadde	080dcc76416e4ad8c7e2ee94dfeaabe1	e114aeb9ad27c8b35cb1fff5e99c2474
17448	aff3858c506a33cf2dd4b248e3ceadde	080dcc76416e4ad8c7e2ee94dfeaabe1	e114aeb9ad27c8b35cb1fff5e99c2474
17449	aff3858c506a33cf2dd4b248e3ceadde	080dcc76416e4ad8c7e2ee94dfeaabe1	e114aeb9ad27c8b35cb1fff5e99c2474
17450	231cb40e8c358b27aa5f17916d8edd18	1228e1c502f52613a5ffe0698d50b635	733e651308e5f48408926ecba29bff65
17451	231cb40e8c358b27aa5f17916d8edd18	1228e1c502f52613a5ffe0698d50b635	733e651308e5f48408926ecba29bff65
17452	231cb40e8c358b27aa5f17916d8edd18	1228e1c502f52613a5ffe0698d50b635	733e651308e5f48408926ecba29bff65
17453	231cb40e8c358b27aa5f17916d8edd18	1228e1c502f52613a5ffe0698d50b635	733e651308e5f48408926ecba29bff65
17454	231cb40e8c358b27aa5f17916d8edd18	1228e1c502f52613a5ffe0698d50b635	733e651308e5f48408926ecba29bff65
17455	231cb40e8c358b27aa5f17916d8edd18	1228e1c502f52613a5ffe0698d50b635	733e651308e5f48408926ecba29bff65
17456	231cb40e8c358b27aa5f17916d8edd18	1228e1c502f52613a5ffe0698d50b635	733e651308e5f48408926ecba29bff65
17457	b320a404f56f82d317142c9ccf6a7ef3	1a3b43552b621a7335da20e385599911	c649523964b975dd87a5b96b6f614c8d
17458	b320a404f56f82d317142c9ccf6a7ef3	1a3b43552b621a7335da20e385599911	c649523964b975dd87a5b96b6f614c8d
17459	b320a404f56f82d317142c9ccf6a7ef3	1a3b43552b621a7335da20e385599911	c649523964b975dd87a5b96b6f614c8d
17460	b320a404f56f82d317142c9ccf6a7ef3	1a3b43552b621a7335da20e385599911	c649523964b975dd87a5b96b6f614c8d
17461	b320a404f56f82d317142c9ccf6a7ef3	1a3b43552b621a7335da20e385599911	c649523964b975dd87a5b96b6f614c8d
17462	11966053a0d3f68b3e9564b24e19948b	c3422edf9c0c2a4ecbf2266e4156607e	09a5f7d7a57eb344cb8374d453bb4db3
17463	11966053a0d3f68b3e9564b24e19948b	c3422edf9c0c2a4ecbf2266e4156607e	09a5f7d7a57eb344cb8374d453bb4db3
17464	11966053a0d3f68b3e9564b24e19948b	c3422edf9c0c2a4ecbf2266e4156607e	09a5f7d7a57eb344cb8374d453bb4db3
17465	853709a96c4adeda29abd89c0b7e83b5	267ef83303a314bdd33f04e06bd14bb2	0ebee87069290e344495652c8f77174f
17466	853709a96c4adeda29abd89c0b7e83b5	267ef83303a314bdd33f04e06bd14bb2	0ebee87069290e344495652c8f77174f
17467	853709a96c4adeda29abd89c0b7e83b5	267ef83303a314bdd33f04e06bd14bb2	0ebee87069290e344495652c8f77174f
17468	853709a96c4adeda29abd89c0b7e83b5	267ef83303a314bdd33f04e06bd14bb2	0ebee87069290e344495652c8f77174f
17469	71df1157971b5812a1d844a6d3dd77ef	3ce0aa55d38c988a8f68f89f4ca61ed6	7672e29d2112fc4a42064d55a2c6c284
17470	71df1157971b5812a1d844a6d3dd77ef	3ce0aa55d38c988a8f68f89f4ca61ed6	7672e29d2112fc4a42064d55a2c6c284
17471	71df1157971b5812a1d844a6d3dd77ef	3ce0aa55d38c988a8f68f89f4ca61ed6	7672e29d2112fc4a42064d55a2c6c284
17472	71df1157971b5812a1d844a6d3dd77ef	3ce0aa55d38c988a8f68f89f4ca61ed6	7672e29d2112fc4a42064d55a2c6c284
17473	71df1157971b5812a1d844a6d3dd77ef	3ce0aa55d38c988a8f68f89f4ca61ed6	7672e29d2112fc4a42064d55a2c6c284
17474	5ed5c68eb9e330a2a96aa40be1a7c25c	dd822f35c98974891207913b8b9492a6	0f302af9fb10fe3ed2d7538e52d81eb1
17475	5ed5c68eb9e330a2a96aa40be1a7c25c	dd822f35c98974891207913b8b9492a6	0f302af9fb10fe3ed2d7538e52d81eb1
17476	5ed5c68eb9e330a2a96aa40be1a7c25c	dd822f35c98974891207913b8b9492a6	0f302af9fb10fe3ed2d7538e52d81eb1
17477	5ed5c68eb9e330a2a96aa40be1a7c25c	dd822f35c98974891207913b8b9492a6	0f302af9fb10fe3ed2d7538e52d81eb1
17478	4cb6d8e8d5d09ecc891a945a8e9779ab	b30334e0e3cf42975870cd8ffc936015	09cbcde46b3cc5c089240c67e30f0c9a
17479	73164de684d8c9bc479c1422b61c7979	e15412776a25fb1f12a058c449044781	013ce2320fa8e2b3fe1ae4742d688b5d
17480	73164de684d8c9bc479c1422b61c7979	e15412776a25fb1f12a058c449044781	013ce2320fa8e2b3fe1ae4742d688b5d
17481	73164de684d8c9bc479c1422b61c7979	e15412776a25fb1f12a058c449044781	013ce2320fa8e2b3fe1ae4742d688b5d
17482	73164de684d8c9bc479c1422b61c7979	e15412776a25fb1f12a058c449044781	013ce2320fa8e2b3fe1ae4742d688b5d
17483	73164de684d8c9bc479c1422b61c7979	e15412776a25fb1f12a058c449044781	013ce2320fa8e2b3fe1ae4742d688b5d
17484	73164de684d8c9bc479c1422b61c7979	e15412776a25fb1f12a058c449044781	013ce2320fa8e2b3fe1ae4742d688b5d
17485	73164de684d8c9bc479c1422b61c7979	e15412776a25fb1f12a058c449044781	013ce2320fa8e2b3fe1ae4742d688b5d
17486	176c79796fd79d35d424169cfe8f22eb	c2283eab95f831581901aa32de19dc74	0b00560496a2cf37abd7888d5f096885
17487	176c79796fd79d35d424169cfe8f22eb	c2283eab95f831581901aa32de19dc74	0b00560496a2cf37abd7888d5f096885
17488	176c79796fd79d35d424169cfe8f22eb	c2283eab95f831581901aa32de19dc74	0b00560496a2cf37abd7888d5f096885
17489	176c79796fd79d35d424169cfe8f22eb	c2283eab95f831581901aa32de19dc74	0b00560496a2cf37abd7888d5f096885
17490	25880fca5612ce08c91cc03a7bb8c384	ab324a6625827ad70dd73f0fefc4bae7	281eb0b872cc89ceb857589014e7b047
17491	3521266b25cad5e806128c57629187f4	658854efc8f2efe0fc8dcffd74f6d3ab	55be099b630c96cbac426c3d6bce04a7
17492	3521266b25cad5e806128c57629187f4	658854efc8f2efe0fc8dcffd74f6d3ab	55be099b630c96cbac426c3d6bce04a7
17493	3521266b25cad5e806128c57629187f4	658854efc8f2efe0fc8dcffd74f6d3ab	55be099b630c96cbac426c3d6bce04a7
17494	3521266b25cad5e806128c57629187f4	658854efc8f2efe0fc8dcffd74f6d3ab	55be099b630c96cbac426c3d6bce04a7
17495	3521266b25cad5e806128c57629187f4	658854efc8f2efe0fc8dcffd74f6d3ab	55be099b630c96cbac426c3d6bce04a7
17496	3521266b25cad5e806128c57629187f4	658854efc8f2efe0fc8dcffd74f6d3ab	55be099b630c96cbac426c3d6bce04a7
17497	3521266b25cad5e806128c57629187f4	658854efc8f2efe0fc8dcffd74f6d3ab	55be099b630c96cbac426c3d6bce04a7
17498	4a39bad8449c4adad5226ffa066ea6d3	0423d640b9471a9af749464c1445c528	be053279853d9fb295cca5bd5be7757e
17499	4a39bad8449c4adad5226ffa066ea6d3	0423d640b9471a9af749464c1445c528	be053279853d9fb295cca5bd5be7757e
17500	4a39bad8449c4adad5226ffa066ea6d3	0423d640b9471a9af749464c1445c528	be053279853d9fb295cca5bd5be7757e
17501	4a39bad8449c4adad5226ffa066ea6d3	0423d640b9471a9af749464c1445c528	be053279853d9fb295cca5bd5be7757e
17502	4a39bad8449c4adad5226ffa066ea6d3	0423d640b9471a9af749464c1445c528	be053279853d9fb295cca5bd5be7757e
17503	477f738398a263cd13563e38f10ffb1e	68fe2bdfee572459382d9ce1b552dbf4	80b6e12ed88a890cd7fc0e20bafff503
17504	477f738398a263cd13563e38f10ffb1e	68fe2bdfee572459382d9ce1b552dbf4	80b6e12ed88a890cd7fc0e20bafff503
17505	477f738398a263cd13563e38f10ffb1e	68fe2bdfee572459382d9ce1b552dbf4	80b6e12ed88a890cd7fc0e20bafff503
17506	477f738398a263cd13563e38f10ffb1e	68fe2bdfee572459382d9ce1b552dbf4	80b6e12ed88a890cd7fc0e20bafff503
17507	477f738398a263cd13563e38f10ffb1e	68fe2bdfee572459382d9ce1b552dbf4	80b6e12ed88a890cd7fc0e20bafff503
17508	477f738398a263cd13563e38f10ffb1e	68fe2bdfee572459382d9ce1b552dbf4	80b6e12ed88a890cd7fc0e20bafff503
17509	477f738398a263cd13563e38f10ffb1e	68fe2bdfee572459382d9ce1b552dbf4	80b6e12ed88a890cd7fc0e20bafff503
17510	107eb0520ffb4f294760da466f273641	eab71b5511171ae06ad7e2182022626a	38105b1439b3b5c3e337be3a4c701bff
17511	107eb0520ffb4f294760da466f273641	eab71b5511171ae06ad7e2182022626a	38105b1439b3b5c3e337be3a4c701bff
17512	107eb0520ffb4f294760da466f273641	eab71b5511171ae06ad7e2182022626a	38105b1439b3b5c3e337be3a4c701bff
17513	107eb0520ffb4f294760da466f273641	eab71b5511171ae06ad7e2182022626a	38105b1439b3b5c3e337be3a4c701bff
17514	107eb0520ffb4f294760da466f273641	eab71b5511171ae06ad7e2182022626a	38105b1439b3b5c3e337be3a4c701bff
17515	21f3b1be99f2dd82225b71645251f39d	52069bf0a8841af1e3686f565cdaf1b0	37576af2064781c5f471efde7b74bf31
17516	21f3b1be99f2dd82225b71645251f39d	52069bf0a8841af1e3686f565cdaf1b0	37576af2064781c5f471efde7b74bf31
17517	21f3b1be99f2dd82225b71645251f39d	52069bf0a8841af1e3686f565cdaf1b0	37576af2064781c5f471efde7b74bf31
17518	21f3b1be99f2dd82225b71645251f39d	52069bf0a8841af1e3686f565cdaf1b0	37576af2064781c5f471efde7b74bf31
17519	21f3b1be99f2dd82225b71645251f39d	52069bf0a8841af1e3686f565cdaf1b0	37576af2064781c5f471efde7b74bf31
17520	b0e6041477c32241f3f0df8ac0775e07	08f3b9b0d4c73c181406cf3de14dff97	581fc9c6027314744f22058c82f94c7d
17521	b0e6041477c32241f3f0df8ac0775e07	08f3b9b0d4c73c181406cf3de14dff97	581fc9c6027314744f22058c82f94c7d
17522	b0e6041477c32241f3f0df8ac0775e07	08f3b9b0d4c73c181406cf3de14dff97	581fc9c6027314744f22058c82f94c7d
17523	b0e6041477c32241f3f0df8ac0775e07	08f3b9b0d4c73c181406cf3de14dff97	581fc9c6027314744f22058c82f94c7d
17524	b0e6041477c32241f3f0df8ac0775e07	08f3b9b0d4c73c181406cf3de14dff97	581fc9c6027314744f22058c82f94c7d
17525	b0e6041477c32241f3f0df8ac0775e07	08f3b9b0d4c73c181406cf3de14dff97	581fc9c6027314744f22058c82f94c7d
17526	b0e6041477c32241f3f0df8ac0775e07	08f3b9b0d4c73c181406cf3de14dff97	581fc9c6027314744f22058c82f94c7d
17527	d2f45ac2a4bc1286a26b9e37b85f04d6	1d71dc5064a30da021a2715e8ffcde87	6ef0dca8bad518084a0207465766ead5
17528	d2f45ac2a4bc1286a26b9e37b85f04d6	1d71dc5064a30da021a2715e8ffcde87	6ef0dca8bad518084a0207465766ead5
17529	d2f45ac2a4bc1286a26b9e37b85f04d6	1d71dc5064a30da021a2715e8ffcde87	6ef0dca8bad518084a0207465766ead5
17530	b0e6041477c32241f3f0df8ac0775e07	08f3b9b0d4c73c181406cf3de14dff97	581fc9c6027314744f22058c82f94c7d
17531	b0e6041477c32241f3f0df8ac0775e07	08f3b9b0d4c73c181406cf3de14dff97	581fc9c6027314744f22058c82f94c7d
17532	fae1d9ae425d8f0ae2a46b8c8ab86c7d	ed2221173549cd8b5423d8be7ee666d8	62f14521acece7e4803bae3cf2292198
17533	fae1d9ae425d8f0ae2a46b8c8ab86c7d	ed2221173549cd8b5423d8be7ee666d8	62f14521acece7e4803bae3cf2292198
17534	fae1d9ae425d8f0ae2a46b8c8ab86c7d	ed2221173549cd8b5423d8be7ee666d8	62f14521acece7e4803bae3cf2292198
17535	fae1d9ae425d8f0ae2a46b8c8ab86c7d	ed2221173549cd8b5423d8be7ee666d8	62f14521acece7e4803bae3cf2292198
17536	fae1d9ae425d8f0ae2a46b8c8ab86c7d	ed2221173549cd8b5423d8be7ee666d8	62f14521acece7e4803bae3cf2292198
17537	fae1d9ae425d8f0ae2a46b8c8ab86c7d	ed2221173549cd8b5423d8be7ee666d8	62f14521acece7e4803bae3cf2292198
17538	fae1d9ae425d8f0ae2a46b8c8ab86c7d	ed2221173549cd8b5423d8be7ee666d8	62f14521acece7e4803bae3cf2292198
17539	b1d7b816554bce6e0f58d342855189a8	a5fbdd1940b0d472d62e294daa0d8fb5	a8df474ae06df8108ded9713c6b09501
17540	b1d7b816554bce6e0f58d342855189a8	a5fbdd1940b0d472d62e294daa0d8fb5	a8df474ae06df8108ded9713c6b09501
17541	b1d7b816554bce6e0f58d342855189a8	a5fbdd1940b0d472d62e294daa0d8fb5	a8df474ae06df8108ded9713c6b09501
17542	b1d7b816554bce6e0f58d342855189a8	a5fbdd1940b0d472d62e294daa0d8fb5	a8df474ae06df8108ded9713c6b09501
17543	b1d7b816554bce6e0f58d342855189a8	a5fbdd1940b0d472d62e294daa0d8fb5	a8df474ae06df8108ded9713c6b09501
17544	b1d7b816554bce6e0f58d342855189a8	a5fbdd1940b0d472d62e294daa0d8fb5	a8df474ae06df8108ded9713c6b09501
17545	b1d7b816554bce6e0f58d342855189a8	a5fbdd1940b0d472d62e294daa0d8fb5	a8df474ae06df8108ded9713c6b09501
17546	b1d7b816554bce6e0f58d342855189a8	a5fbdd1940b0d472d62e294daa0d8fb5	a8df474ae06df8108ded9713c6b09501
17547	b1d7b816554bce6e0f58d342855189a8	a5fbdd1940b0d472d62e294daa0d8fb5	a8df474ae06df8108ded9713c6b09501
17548	b1d7b816554bce6e0f58d342855189a8	a5fbdd1940b0d472d62e294daa0d8fb5	a8df474ae06df8108ded9713c6b09501
17549	55dc3d46810c9c858e2956ef685a9412	9ea638acb7110619b734c74b4f950737	ab8dcc55134e3e7c6a5c0d833405a31c
17550	55dc3d46810c9c858e2956ef685a9412	9ea638acb7110619b734c74b4f950737	ab8dcc55134e3e7c6a5c0d833405a31c
17551	55dc3d46810c9c858e2956ef685a9412	9ea638acb7110619b734c74b4f950737	ab8dcc55134e3e7c6a5c0d833405a31c
17552	55dc3d46810c9c858e2956ef685a9412	9ea638acb7110619b734c74b4f950737	ab8dcc55134e3e7c6a5c0d833405a31c
17553	55dc3d46810c9c858e2956ef685a9412	9ea638acb7110619b734c74b4f950737	ab8dcc55134e3e7c6a5c0d833405a31c
17554	55dc3d46810c9c858e2956ef685a9412	9ea638acb7110619b734c74b4f950737	ab8dcc55134e3e7c6a5c0d833405a31c
17555	55dc3d46810c9c858e2956ef685a9412	9ea638acb7110619b734c74b4f950737	ab8dcc55134e3e7c6a5c0d833405a31c
17556	5037f2165fcc9a437791bf82be46c369	62dfcc9a22351bfed5f2fbc767672ed9	c194cf8014446d879787cd50cbbd0d1a
17557	5037f2165fcc9a437791bf82be46c369	62dfcc9a22351bfed5f2fbc767672ed9	c194cf8014446d879787cd50cbbd0d1a
17558	5037f2165fcc9a437791bf82be46c369	62dfcc9a22351bfed5f2fbc767672ed9	c194cf8014446d879787cd50cbbd0d1a
17559	5037f2165fcc9a437791bf82be46c369	62dfcc9a22351bfed5f2fbc767672ed9	c194cf8014446d879787cd50cbbd0d1a
17560	5037f2165fcc9a437791bf82be46c369	37870ff2eab60450a41cddf0fdc8e35b	9e2e357ef9f44a083d931945fdd506f5
17561	d446d826cda18f1d74e5388312650eb0	d730e59b763b8da735d426be0204a07f	51b32a7d0ca1dbeec65e9feec37d9111
17562	d446d826cda18f1d74e5388312650eb0	d730e59b763b8da735d426be0204a07f	51b32a7d0ca1dbeec65e9feec37d9111
17563	d446d826cda18f1d74e5388312650eb0	d730e59b763b8da735d426be0204a07f	51b32a7d0ca1dbeec65e9feec37d9111
17564	d446d826cda18f1d74e5388312650eb0	d730e59b763b8da735d426be0204a07f	51b32a7d0ca1dbeec65e9feec37d9111
17565	d446d826cda18f1d74e5388312650eb0	d730e59b763b8da735d426be0204a07f	51b32a7d0ca1dbeec65e9feec37d9111
17566	d446d826cda18f1d74e5388312650eb0	d730e59b763b8da735d426be0204a07f	51b32a7d0ca1dbeec65e9feec37d9111
17567	d446d826cda18f1d74e5388312650eb0	d730e59b763b8da735d426be0204a07f	51b32a7d0ca1dbeec65e9feec37d9111
17568	d446d826cda18f1d74e5388312650eb0	d730e59b763b8da735d426be0204a07f	51b32a7d0ca1dbeec65e9feec37d9111
17569	d446d826cda18f1d74e5388312650eb0	d730e59b763b8da735d426be0204a07f	51b32a7d0ca1dbeec65e9feec37d9111
17570	d446d826cda18f1d74e5388312650eb0	d730e59b763b8da735d426be0204a07f	51b32a7d0ca1dbeec65e9feec37d9111
17571	d446d826cda18f1d74e5388312650eb0	d730e59b763b8da735d426be0204a07f	51b32a7d0ca1dbeec65e9feec37d9111
17572	d446d826cda18f1d74e5388312650eb0	d730e59b763b8da735d426be0204a07f	51b32a7d0ca1dbeec65e9feec37d9111
17573	d446d826cda18f1d74e5388312650eb0	d730e59b763b8da735d426be0204a07f	51b32a7d0ca1dbeec65e9feec37d9111
17574	d446d826cda18f1d74e5388312650eb0	d730e59b763b8da735d426be0204a07f	51b32a7d0ca1dbeec65e9feec37d9111
17575	d446d826cda18f1d74e5388312650eb0	d730e59b763b8da735d426be0204a07f	51b32a7d0ca1dbeec65e9feec37d9111
17576	d446d826cda18f1d74e5388312650eb0	d730e59b763b8da735d426be0204a07f	51b32a7d0ca1dbeec65e9feec37d9111
17577	d446d826cda18f1d74e5388312650eb0	d730e59b763b8da735d426be0204a07f	51b32a7d0ca1dbeec65e9feec37d9111
17578	468dc423c291d9e4a1a43c209ef7a5bf	07763424d6a94df6075b8aa03953a8d2	1a0ce2185a21b603cf3ea478bdd9ae81
17579	468dc423c291d9e4a1a43c209ef7a5bf	07763424d6a94df6075b8aa03953a8d2	1a0ce2185a21b603cf3ea478bdd9ae81
17580	468dc423c291d9e4a1a43c209ef7a5bf	07763424d6a94df6075b8aa03953a8d2	1a0ce2185a21b603cf3ea478bdd9ae81
17581	22f321f111ddf92fd3d1f6bfa2d6c947	a7884b15f1a63216644e881e606a804a	fa142f9f70b3409050d1852ffb9e4165
17582	199866566ac458c3ca1148ce6626e0f8	e092b9ff38a4eef38ac0a27ba6b89fa3	964ed0a086542a8073a41faf0e0a4dc9
17583	5e75ac6a3699ad70c165f089cbec7f45	7a8d7dd8eaa36b3fdb700b8eb72fbffd	578c8d0d55f39e958b637177cdb597c0
17584	5e75ac6a3699ad70c165f089cbec7f45	7a8d7dd8eaa36b3fdb700b8eb72fbffd	578c8d0d55f39e958b637177cdb597c0
17585	0b70f40819c83067d6b3e949e2dcc7ab	1eeaf4858b339513fa559c780760464b	822d6a6aa4fe4a713375f83bb301d09b
17586	0b70f40819c83067d6b3e949e2dcc7ab	1eeaf4858b339513fa559c780760464b	822d6a6aa4fe4a713375f83bb301d09b
17587	0b70f40819c83067d6b3e949e2dcc7ab	1eeaf4858b339513fa559c780760464b	822d6a6aa4fe4a713375f83bb301d09b
17588	da709f2172617dc36d82d7ab6fd5a0d6	70ee5c20cc7cf27db316edfa7ac3b5b6	2ae66f8492995b6980f656aaa38dd892
17589	da709f2172617dc36d82d7ab6fd5a0d6	70ee5c20cc7cf27db316edfa7ac3b5b6	2ae66f8492995b6980f656aaa38dd892
17590	da709f2172617dc36d82d7ab6fd5a0d6	abaf6155266495faa1d41380d98651ed	9c94c2377c613e0371bea48c1893280f
17591	da709f2172617dc36d82d7ab6fd5a0d6	abaf6155266495faa1d41380d98651ed	9c94c2377c613e0371bea48c1893280f
17592	da709f2172617dc36d82d7ab6fd5a0d6	abaf6155266495faa1d41380d98651ed	9c94c2377c613e0371bea48c1893280f
17593	da709f2172617dc36d82d7ab6fd5a0d6	abaf6155266495faa1d41380d98651ed	9c94c2377c613e0371bea48c1893280f
17594	da709f2172617dc36d82d7ab6fd5a0d6	abaf6155266495faa1d41380d98651ed	9c94c2377c613e0371bea48c1893280f
17595	da709f2172617dc36d82d7ab6fd5a0d6	abaf6155266495faa1d41380d98651ed	9c94c2377c613e0371bea48c1893280f
17596	da709f2172617dc36d82d7ab6fd5a0d6	abaf6155266495faa1d41380d98651ed	9c94c2377c613e0371bea48c1893280f
17597	0373ca871379e0bddc5bfea892ce743e	2b107ea8aeb3bbf02e019878f8da18d0	42ef840f9172ced3aae78299bf9a9099
17598	0373ca871379e0bddc5bfea892ce743e	2b107ea8aeb3bbf02e019878f8da18d0	42ef840f9172ced3aae78299bf9a9099
17599	a96e2f34a3359deed35b011d4c519f81	1b6a62b451b877e2ce98e87f3040c28b	182a73a302ea4012987698490842721f
17600	da709f2172617dc36d82d7ab6fd5a0d6	abaf6155266495faa1d41380d98651ed	9c94c2377c613e0371bea48c1893280f
17601	da709f2172617dc36d82d7ab6fd5a0d6	abaf6155266495faa1d41380d98651ed	9c94c2377c613e0371bea48c1893280f
17602	47a3aef41da3da79c899f7fc81e2458c	678261507cbb59d7975d89950b63f9fb	770f9baabb0143b3d6421aa8f06cce2f
17603	47a3aef41da3da79c899f7fc81e2458c	678261507cbb59d7975d89950b63f9fb	770f9baabb0143b3d6421aa8f06cce2f
17604	47a3aef41da3da79c899f7fc81e2458c	678261507cbb59d7975d89950b63f9fb	770f9baabb0143b3d6421aa8f06cce2f
17605	47a3aef41da3da79c899f7fc81e2458c	678261507cbb59d7975d89950b63f9fb	770f9baabb0143b3d6421aa8f06cce2f
17606	47a3aef41da3da79c899f7fc81e2458c	678261507cbb59d7975d89950b63f9fb	770f9baabb0143b3d6421aa8f06cce2f
17607	47a3aef41da3da79c899f7fc81e2458c	678261507cbb59d7975d89950b63f9fb	770f9baabb0143b3d6421aa8f06cce2f
17608	47a3aef41da3da79c899f7fc81e2458c	678261507cbb59d7975d89950b63f9fb	770f9baabb0143b3d6421aa8f06cce2f
17609	8ed8ce9840a5fc7b3881070b9505eaad	bde60591e0d60daa363c0a27656ecafd	fe1e33bc2db73d050302bbd2aebb7baa
17610	8ed8ce9840a5fc7b3881070b9505eaad	bde60591e0d60daa363c0a27656ecafd	fe1e33bc2db73d050302bbd2aebb7baa
17611	8ed8ce9840a5fc7b3881070b9505eaad	bde60591e0d60daa363c0a27656ecafd	fe1e33bc2db73d050302bbd2aebb7baa
17612	586f59ee31a08b10191b5ff1471458ca	a40d7be1c01a718a0b385ca8037d056d	d22b39e006a82dcadae91f51204b7bed
17613	565b2ec2b119f74a872eb778ceca2d3d	0a66bea5b802245d17f8a6b3e23e25d4	cd47035618aa8b1b4b920c7bc1d4787f
17614	d56947dd6804feb11ff6e391baa6baf7	f557c87ed9a03a0e50195267daf5fad8	dbfa7fa1cd6826c2799b99490408dbeb
17615	d56947dd6804feb11ff6e391baa6baf7	f557c87ed9a03a0e50195267daf5fad8	dbfa7fa1cd6826c2799b99490408dbeb
17616	d56947dd6804feb11ff6e391baa6baf7	f557c87ed9a03a0e50195267daf5fad8	dbfa7fa1cd6826c2799b99490408dbeb
17617	d56947dd6804feb11ff6e391baa6baf7	f557c87ed9a03a0e50195267daf5fad8	dbfa7fa1cd6826c2799b99490408dbeb
17618	d56947dd6804feb11ff6e391baa6baf7	f557c87ed9a03a0e50195267daf5fad8	dbfa7fa1cd6826c2799b99490408dbeb
17619	cd2ccf70a7016fd3bc78088b4e5a11f2	475f33991c44680db45437363cca3b19	b150df6fea1e75bf22dcebd5940fe525
17620	cd2ccf70a7016fd3bc78088b4e5a11f2	475f33991c44680db45437363cca3b19	b150df6fea1e75bf22dcebd5940fe525
17621	cd2ccf70a7016fd3bc78088b4e5a11f2	475f33991c44680db45437363cca3b19	b150df6fea1e75bf22dcebd5940fe525
17622	cd2ccf70a7016fd3bc78088b4e5a11f2	475f33991c44680db45437363cca3b19	b150df6fea1e75bf22dcebd5940fe525
17623	cd2ccf70a7016fd3bc78088b4e5a11f2	475f33991c44680db45437363cca3b19	b150df6fea1e75bf22dcebd5940fe525
17624	cd2ccf70a7016fd3bc78088b4e5a11f2	475f33991c44680db45437363cca3b19	b150df6fea1e75bf22dcebd5940fe525
17625	cd2ccf70a7016fd3bc78088b4e5a11f2	475f33991c44680db45437363cca3b19	b150df6fea1e75bf22dcebd5940fe525
17626	cd2ccf70a7016fd3bc78088b4e5a11f2	475f33991c44680db45437363cca3b19	b150df6fea1e75bf22dcebd5940fe525
17627	cd2ccf70a7016fd3bc78088b4e5a11f2	475f33991c44680db45437363cca3b19	b150df6fea1e75bf22dcebd5940fe525
17628	cd2ccf70a7016fd3bc78088b4e5a11f2	475f33991c44680db45437363cca3b19	b150df6fea1e75bf22dcebd5940fe525
17629	cd2ccf70a7016fd3bc78088b4e5a11f2	475f33991c44680db45437363cca3b19	b150df6fea1e75bf22dcebd5940fe525
17630	cd2ccf70a7016fd3bc78088b4e5a11f2	475f33991c44680db45437363cca3b19	b150df6fea1e75bf22dcebd5940fe525
17631	c2eefb20563c6f586bd6dca7c9cb9712	94d48ce56a8e01754b79b1158c8f03cb	a5c5e9b718b36d5cebcf6cbbe294265f
17632	c2eefb20563c6f586bd6dca7c9cb9712	94d48ce56a8e01754b79b1158c8f03cb	a5c5e9b718b36d5cebcf6cbbe294265f
17633	c2eefb20563c6f586bd6dca7c9cb9712	94d48ce56a8e01754b79b1158c8f03cb	a5c5e9b718b36d5cebcf6cbbe294265f
17634	1566e0b1097d2c8a3ba356e2d9241fb0	b8cc36b498fc7a0564769f43fc02bf22	c860202cfa06aee63487eefed7a9706e
17635	1566e0b1097d2c8a3ba356e2d9241fb0	b8cc36b498fc7a0564769f43fc02bf22	c860202cfa06aee63487eefed7a9706e
17636	c2eefb20563c6f586bd6dca7c9cb9712	94d48ce56a8e01754b79b1158c8f03cb	a5c5e9b718b36d5cebcf6cbbe294265f
17637	c2eefb20563c6f586bd6dca7c9cb9712	94d48ce56a8e01754b79b1158c8f03cb	a5c5e9b718b36d5cebcf6cbbe294265f
17638	b6368c53628e61cb27962845ba6fa629	9361564e0a5a75f4c4b9a4f8a13891e4	1503409839499ceffa65af5fbdc4550d
17639	7c868bdc7c19e528bdf7ecfa13cdee0a	e82a6e5153d839ac3f8cad5b8eb5c04c	c1c8cda64def916f659b29ee9f68fc35
17640	7c868bdc7c19e528bdf7ecfa13cdee0a	e82a6e5153d839ac3f8cad5b8eb5c04c	c1c8cda64def916f659b29ee9f68fc35
17641	4bbb58ec95f73f719a9cfba43286adfa	c2f9293b002416603d6e3f2599e77390	3699e0fdfbd02aee682a2778fafcf487
17642	4bbb58ec95f73f719a9cfba43286adfa	c2f9293b002416603d6e3f2599e77390	3699e0fdfbd02aee682a2778fafcf487
17643	9673d9a031d98ece9d44190143764486	405eb4dc074ba581920792a51490e1a9	ff701875190424a1e68e1b83b938b022
17644	9673d9a031d98ece9d44190143764486	405eb4dc074ba581920792a51490e1a9	ff701875190424a1e68e1b83b938b022
17645	9673d9a031d98ece9d44190143764486	405eb4dc074ba581920792a51490e1a9	ff701875190424a1e68e1b83b938b022
17646	9673d9a031d98ece9d44190143764486	405eb4dc074ba581920792a51490e1a9	ff701875190424a1e68e1b83b938b022
17647	9673d9a031d98ece9d44190143764486	405eb4dc074ba581920792a51490e1a9	ff701875190424a1e68e1b83b938b022
17648	898508e260a5d729cbd4c9b50ad3f701	6ddfcabe7ba39d2a27e0d1a42bcb8aaa	dbd69ca2f44386de480d8a0a6a706002
17649	898508e260a5d729cbd4c9b50ad3f701	6ddfcabe7ba39d2a27e0d1a42bcb8aaa	dbd69ca2f44386de480d8a0a6a706002
17650	898508e260a5d729cbd4c9b50ad3f701	6ddfcabe7ba39d2a27e0d1a42bcb8aaa	dbd69ca2f44386de480d8a0a6a706002
17651	25d8cddfab57f2c5e837c10c65123588	c29189d3872307d8509daee064fd48fe	86b3fcf4cb604a15dcb53ff53e1091d4
17652	25d8cddfab57f2c5e837c10c65123588	c29189d3872307d8509daee064fd48fe	86b3fcf4cb604a15dcb53ff53e1091d4
17653	25d8cddfab57f2c5e837c10c65123588	fdfb7d95789fa604cdaec7b006321956	8e11e63b845aa27beab27b662c30bd98
17654	25d8cddfab57f2c5e837c10c65123588	fdfb7d95789fa604cdaec7b006321956	8e11e63b845aa27beab27b662c30bd98
17655	3b2a9e55df5a9874cbf03bfcb7d4e42c	841dbcabb307822e6cc6b49f1b703621	392bd750ea0d08b1906aa4590b48dfe4
17656	a8469907f533ea513766c129c8cc4be3	43936491626e016454852777b202abf6	7b94730df719f37d6ae58a75494b923b
17657	3b2a9e55df5a9874cbf03bfcb7d4e42c	841dbcabb307822e6cc6b49f1b703621	392bd750ea0d08b1906aa4590b48dfe4
17658	51b4996b191497e13c8c7ed2787e989b	4f7f1953c500891c2113fd74e14db37b	942ad5920c3c6659e2da7ad302cd9976
17659	a8469907f533ea513766c129c8cc4be3	43936491626e016454852777b202abf6	7b94730df719f37d6ae58a75494b923b
17660	77d3532cdc4db5ece0dd7b785e40c488	51b155cc47b5aefa9c2b85a123c26168	d37789c02f29407647277687b846f599
17661	77d3532cdc4db5ece0dd7b785e40c488	51b155cc47b5aefa9c2b85a123c26168	d37789c02f29407647277687b846f599
17662	77d3532cdc4db5ece0dd7b785e40c488	51b155cc47b5aefa9c2b85a123c26168	d37789c02f29407647277687b846f599
17663	aed24e484a036bdf2d64f5ac41bf46fa	e01d6b611ac2623dcd5042504879e967	da0f059b7f32bd63b0073c8b3736ba42
17664	aed24e484a036bdf2d64f5ac41bf46fa	e01d6b611ac2623dcd5042504879e967	da0f059b7f32bd63b0073c8b3736ba42
17665	77d3532cdc4db5ece0dd7b785e40c488	51b155cc47b5aefa9c2b85a123c26168	d37789c02f29407647277687b846f599
17666	77d3532cdc4db5ece0dd7b785e40c488	51b155cc47b5aefa9c2b85a123c26168	d37789c02f29407647277687b846f599
17667	8accb7177a0430808bde832c8b1ba5b5	4f89c64dbe30e615716521163bd974df	aa27b6898463106b96ff0a30b545380f
17668	8accb7177a0430808bde832c8b1ba5b5	4f89c64dbe30e615716521163bd974df	aa27b6898463106b96ff0a30b545380f
17669	8accb7177a0430808bde832c8b1ba5b5	4f89c64dbe30e615716521163bd974df	aa27b6898463106b96ff0a30b545380f
17670	fe5e60b270ae392c8196034ab0ae4853	27566afae4093761863cea33c30524da	5ea55b0ed4c01ebddf69439cd25c074e
17671	8accb7177a0430808bde832c8b1ba5b5	4f89c64dbe30e615716521163bd974df	aa27b6898463106b96ff0a30b545380f
17672	314745185fa4fcd3d63bd343679c573f	ec09b68238e62759eb0af89b082b1bf0	59e54a739918e95b92dd512f05da8c52
17673	314745185fa4fcd3d63bd343679c573f	ec09b68238e62759eb0af89b082b1bf0	59e54a739918e95b92dd512f05da8c52
17674	314745185fa4fcd3d63bd343679c573f	ec09b68238e62759eb0af89b082b1bf0	59e54a739918e95b92dd512f05da8c52
17675	314745185fa4fcd3d63bd343679c573f	ec09b68238e62759eb0af89b082b1bf0	59e54a739918e95b92dd512f05da8c52
17676	314745185fa4fcd3d63bd343679c573f	ec09b68238e62759eb0af89b082b1bf0	59e54a739918e95b92dd512f05da8c52
17677	314745185fa4fcd3d63bd343679c573f	ec09b68238e62759eb0af89b082b1bf0	59e54a739918e95b92dd512f05da8c52
17678	314745185fa4fcd3d63bd343679c573f	ec09b68238e62759eb0af89b082b1bf0	59e54a739918e95b92dd512f05da8c52
17679	47cdc9947bc9e0272eb7909c69200479	c19bb8392a7bb4c542b55c7006e1d0a9	cacc2683d2830eef764be61b9e4d9f88
17680	47cdc9947bc9e0272eb7909c69200479	c19bb8392a7bb4c542b55c7006e1d0a9	cacc2683d2830eef764be61b9e4d9f88
17681	47cdc9947bc9e0272eb7909c69200479	c19bb8392a7bb4c542b55c7006e1d0a9	cacc2683d2830eef764be61b9e4d9f88
17682	47cdc9947bc9e0272eb7909c69200479	c19bb8392a7bb4c542b55c7006e1d0a9	cacc2683d2830eef764be61b9e4d9f88
17683	47cdc9947bc9e0272eb7909c69200479	c19bb8392a7bb4c542b55c7006e1d0a9	cacc2683d2830eef764be61b9e4d9f88
17684	66fa829c9794370989ec7352521f90f0	bbe8d1381cf02fae97c1bf4821bb6984	b7bff89711e508aa880b5565dc135b63
17685	66fa829c9794370989ec7352521f90f0	bbe8d1381cf02fae97c1bf4821bb6984	b7bff89711e508aa880b5565dc135b63
17686	66fa829c9794370989ec7352521f90f0	bbe8d1381cf02fae97c1bf4821bb6984	b7bff89711e508aa880b5565dc135b63
17687	66fa829c9794370989ec7352521f90f0	bbe8d1381cf02fae97c1bf4821bb6984	b7bff89711e508aa880b5565dc135b63
17688	66fa829c9794370989ec7352521f90f0	bbe8d1381cf02fae97c1bf4821bb6984	b7bff89711e508aa880b5565dc135b63
17689	262781b661247daea21dd6dd8a604742	9809966ba9ee30cb18d417422134e660	d2ef3d1d7c5764407793635391a0018d
17690	262781b661247daea21dd6dd8a604742	9809966ba9ee30cb18d417422134e660	d2ef3d1d7c5764407793635391a0018d
17691	262781b661247daea21dd6dd8a604742	9809966ba9ee30cb18d417422134e660	d2ef3d1d7c5764407793635391a0018d
17692	6799a470de820613b65a38eff451a66f	f6dcd130a6215e70c761fc0491788927	959ebcd3367a2170abb7cb2bac53805f
17693	6799a470de820613b65a38eff451a66f	f6dcd130a6215e70c761fc0491788927	959ebcd3367a2170abb7cb2bac53805f
17694	d76a845b94b1056e3b674c25673840f4	3f284d2be4ebd008a8e178ca6659fe86	f0becfcc9b0f2eddbce2e5261e55ffb2
17695	175f474a58acf142158d660a97f44550	211fa38eca61570bcb4b68d36ee3c0df	5cf2b422d22b9f8c19c5f45b47ef67dc
17696	d81cdbc3aab4e3a52e786e495ff55363	acbad06e1d85eb5b2845ce7fe6c35b0f	197850d5b8c8dc7df8dbc9c51960c432
17697	d81cdbc3aab4e3a52e786e495ff55363	acbad06e1d85eb5b2845ce7fe6c35b0f	197850d5b8c8dc7df8dbc9c51960c432
17698	d81cdbc3aab4e3a52e786e495ff55363	acbad06e1d85eb5b2845ce7fe6c35b0f	197850d5b8c8dc7df8dbc9c51960c432
17699	102f5f3b7ef7de19bc2658a718e4a61c	de3b70dfeb5b3ee84e37836547b03efc	d91bc9a2533d702f170d26eb80d48062
17700	97d3befa89695b71d3b6bbeb8c705233	ccc6ec0fb859d6b609e2f2bae0e85e3a	615dff5bcfb367475a6f03afc220a156
17701	68ae9aeb85c4d32e318febff86be1c16	2eca5ad4c5d9577b770165e534519241	863b821768663dd7153d04dd676788c5
17702	68ae9aeb85c4d32e318febff86be1c16	2eca5ad4c5d9577b770165e534519241	863b821768663dd7153d04dd676788c5
17703	68ae9aeb85c4d32e318febff86be1c16	2eca5ad4c5d9577b770165e534519241	863b821768663dd7153d04dd676788c5
17704	68ae9aeb85c4d32e318febff86be1c16	2eca5ad4c5d9577b770165e534519241	863b821768663dd7153d04dd676788c5
17705	68ae9aeb85c4d32e318febff86be1c16	2eca5ad4c5d9577b770165e534519241	863b821768663dd7153d04dd676788c5
17706	68ae9aeb85c4d32e318febff86be1c16	2eca5ad4c5d9577b770165e534519241	863b821768663dd7153d04dd676788c5
17707	68ae9aeb85c4d32e318febff86be1c16	2eca5ad4c5d9577b770165e534519241	863b821768663dd7153d04dd676788c5
17708	8d84635ca604d28577fd4a35cd6ece1b	2b8a787b4a0a0353e7cab35306987821	8b64de99d5fc991595953fb2e09593cf
17709	8d84635ca604d28577fd4a35cd6ece1b	2b8a787b4a0a0353e7cab35306987821	8b64de99d5fc991595953fb2e09593cf
17710	8d84635ca604d28577fd4a35cd6ece1b	2b8a787b4a0a0353e7cab35306987821	8b64de99d5fc991595953fb2e09593cf
17711	4c4fa3a0d5cf208d6d1c5209e119f49c	002180c98fd5eb8f4cb9b3cb1fb60abf	4c30851fe35be38b81d3dc117025ffa7
17712	6b5deb11e950a0dc6359b5899e60b961	0645bb02b0c98235940fd09f7fdd3ea3	d3e30ed054f9c8074f94903971ba573e
17713	8d84635ca604d28577fd4a35cd6ece1b	2b8a787b4a0a0353e7cab35306987821	8b64de99d5fc991595953fb2e09593cf
17714	8d84635ca604d28577fd4a35cd6ece1b	2b8a787b4a0a0353e7cab35306987821	8b64de99d5fc991595953fb2e09593cf
17715	8d84635ca604d28577fd4a35cd6ece1b	2b8a787b4a0a0353e7cab35306987821	8b64de99d5fc991595953fb2e09593cf
17716	4c4fa3a0d5cf208d6d1c5209e119f49c	77297d1006a5f49796d995f0b639bf21	d2f5d1229fa8ac97dae8c401f5c7c014
17717	6b5deb11e950a0dc6359b5899e60b961	0645bb02b0c98235940fd09f7fdd3ea3	d3e30ed054f9c8074f94903971ba573e
17718	e0d735ccb702d90ad00f3cf5274332ad	140036477083051ef19bdc74fb4fd3f4	de886b8733d2a753588562e899ec6643
17719	e0d735ccb702d90ad00f3cf5274332ad	140036477083051ef19bdc74fb4fd3f4	de886b8733d2a753588562e899ec6643
17720	e0d735ccb702d90ad00f3cf5274332ad	140036477083051ef19bdc74fb4fd3f4	de886b8733d2a753588562e899ec6643
17721	e0d735ccb702d90ad00f3cf5274332ad	140036477083051ef19bdc74fb4fd3f4	de886b8733d2a753588562e899ec6643
17722	e0d735ccb702d90ad00f3cf5274332ad	140036477083051ef19bdc74fb4fd3f4	de886b8733d2a753588562e899ec6643
17723	e0d735ccb702d90ad00f3cf5274332ad	140036477083051ef19bdc74fb4fd3f4	de886b8733d2a753588562e899ec6643
17724	e0d735ccb702d90ad00f3cf5274332ad	140036477083051ef19bdc74fb4fd3f4	de886b8733d2a753588562e899ec6643
17725	11fa031d6622fac79b383e8386ed3f6c	3e357be7f0a1cc121b77354d959c653e	375be1437db1dc15d5b01d41efdc0c5d
17726	11fa031d6622fac79b383e8386ed3f6c	3e357be7f0a1cc121b77354d959c653e	375be1437db1dc15d5b01d41efdc0c5d
17727	11fa031d6622fac79b383e8386ed3f6c	3e357be7f0a1cc121b77354d959c653e	375be1437db1dc15d5b01d41efdc0c5d
17728	11fa031d6622fac79b383e8386ed3f6c	3e357be7f0a1cc121b77354d959c653e	375be1437db1dc15d5b01d41efdc0c5d
17729	11fa031d6622fac79b383e8386ed3f6c	3e357be7f0a1cc121b77354d959c653e	375be1437db1dc15d5b01d41efdc0c5d
17730	115d088266b2c7ead782c6b284c395c9	86cb80f3c4187777fac6bc33d96682f8	18a2fbf173cf785e3809526106c99e9a
17731	115d088266b2c7ead782c6b284c395c9	86cb80f3c4187777fac6bc33d96682f8	18a2fbf173cf785e3809526106c99e9a
17732	115d088266b2c7ead782c6b284c395c9	86cb80f3c4187777fac6bc33d96682f8	18a2fbf173cf785e3809526106c99e9a
17733	115d088266b2c7ead782c6b284c395c9	86cb80f3c4187777fac6bc33d96682f8	18a2fbf173cf785e3809526106c99e9a
17734	115d088266b2c7ead782c6b284c395c9	86cb80f3c4187777fac6bc33d96682f8	18a2fbf173cf785e3809526106c99e9a
17735	115d088266b2c7ead782c6b284c395c9	86cb80f3c4187777fac6bc33d96682f8	18a2fbf173cf785e3809526106c99e9a
17736	115d088266b2c7ead782c6b284c395c9	86cb80f3c4187777fac6bc33d96682f8	18a2fbf173cf785e3809526106c99e9a
17737	115d088266b2c7ead782c6b284c395c9	86cb80f3c4187777fac6bc33d96682f8	18a2fbf173cf785e3809526106c99e9a
17738	115d088266b2c7ead782c6b284c395c9	86cb80f3c4187777fac6bc33d96682f8	18a2fbf173cf785e3809526106c99e9a
17739	115d088266b2c7ead782c6b284c395c9	86cb80f3c4187777fac6bc33d96682f8	18a2fbf173cf785e3809526106c99e9a
17740	115d088266b2c7ead782c6b284c395c9	86cb80f3c4187777fac6bc33d96682f8	18a2fbf173cf785e3809526106c99e9a
17741	115d088266b2c7ead782c6b284c395c9	86cb80f3c4187777fac6bc33d96682f8	18a2fbf173cf785e3809526106c99e9a
17742	115d088266b2c7ead782c6b284c395c9	86cb80f3c4187777fac6bc33d96682f8	18a2fbf173cf785e3809526106c99e9a
17743	115d088266b2c7ead782c6b284c395c9	86cb80f3c4187777fac6bc33d96682f8	18a2fbf173cf785e3809526106c99e9a
17744	115d088266b2c7ead782c6b284c395c9	86cb80f3c4187777fac6bc33d96682f8	18a2fbf173cf785e3809526106c99e9a
17745	115d088266b2c7ead782c6b284c395c9	86cb80f3c4187777fac6bc33d96682f8	18a2fbf173cf785e3809526106c99e9a
17746	115d088266b2c7ead782c6b284c395c9	86cb80f3c4187777fac6bc33d96682f8	18a2fbf173cf785e3809526106c99e9a
17747	1c04abff7521ab659db1bb261d1b9cd7	d0769706c06469d9c1b4ca237c1dc8e0	bc5c86d6fbb6db675b8213728e3ef251
17748	1c04abff7521ab659db1bb261d1b9cd7	d0769706c06469d9c1b4ca237c1dc8e0	bc5c86d6fbb6db675b8213728e3ef251
17749	1c04abff7521ab659db1bb261d1b9cd7	d0769706c06469d9c1b4ca237c1dc8e0	bc5c86d6fbb6db675b8213728e3ef251
17750	1c04abff7521ab659db1bb261d1b9cd7	d0769706c06469d9c1b4ca237c1dc8e0	bc5c86d6fbb6db675b8213728e3ef251
17751	1c04abff7521ab659db1bb261d1b9cd7	d0769706c06469d9c1b4ca237c1dc8e0	bc5c86d6fbb6db675b8213728e3ef251
17752	1c04abff7521ab659db1bb261d1b9cd7	d0769706c06469d9c1b4ca237c1dc8e0	bc5c86d6fbb6db675b8213728e3ef251
17753	1c04abff7521ab659db1bb261d1b9cd7	d0769706c06469d9c1b4ca237c1dc8e0	bc5c86d6fbb6db675b8213728e3ef251
17754	7230309aef24b5d1320443d2d4656f37	2916ddcc0e841d9c1771969ec812a6f6	99db933e3ed49200e8f5301d45ef4c44
17755	7230309aef24b5d1320443d2d4656f37	2916ddcc0e841d9c1771969ec812a6f6	99db933e3ed49200e8f5301d45ef4c44
17756	7230309aef24b5d1320443d2d4656f37	2916ddcc0e841d9c1771969ec812a6f6	99db933e3ed49200e8f5301d45ef4c44
17757	f2b32af68ad9b19472c900775b27caec	7ca2110d4fe9a10c87664ae3d138c2a6	2de37bdca06c63a6cde9884faf98d354
17758	f2b32af68ad9b19472c900775b27caec	7ca2110d4fe9a10c87664ae3d138c2a6	2de37bdca06c63a6cde9884faf98d354
17759	6dfd391c685a5d93a37abf932ae0d0de	649012ef116f4b656c72a4f20414aa0e	b6c66094050b0d6b7ae49a61e5a90781
17760	6dfd391c685a5d93a37abf932ae0d0de	649012ef116f4b656c72a4f20414aa0e	b6c66094050b0d6b7ae49a61e5a90781
17761	6dfd391c685a5d93a37abf932ae0d0de	649012ef116f4b656c72a4f20414aa0e	b6c66094050b0d6b7ae49a61e5a90781
17762	6dfd391c685a5d93a37abf932ae0d0de	649012ef116f4b656c72a4f20414aa0e	b6c66094050b0d6b7ae49a61e5a90781
17763	6dfd391c685a5d93a37abf932ae0d0de	649012ef116f4b656c72a4f20414aa0e	b6c66094050b0d6b7ae49a61e5a90781
17764	6dfd391c685a5d93a37abf932ae0d0de	9e39d4b753b21775ecafd0f31ba49e4d	7a1d9030ba29ca93cf5978428e5ad3d6
17765	6dfd391c685a5d93a37abf932ae0d0de	649012ef116f4b656c72a4f20414aa0e	b6c66094050b0d6b7ae49a61e5a90781
17766	e022c2f8c612ec60c41768e329ddb0b5	f5a9f18b6f575c75afceef25aeb8a421	5d290203f7de63c277b1338500413a4c
17767	e022c2f8c612ec60c41768e329ddb0b5	f5a9f18b6f575c75afceef25aeb8a421	5d290203f7de63c277b1338500413a4c
17768	e022c2f8c612ec60c41768e329ddb0b5	f5a9f18b6f575c75afceef25aeb8a421	5d290203f7de63c277b1338500413a4c
17769	fdc3af63a93d2470b41649c97e2fa6c7	27b0c7811662189ae67c77c9ef3ce521	af3e0d05c03d84501bdef41f6b1c0a1f
17770	fdc3af63a93d2470b41649c97e2fa6c7	27b0c7811662189ae67c77c9ef3ce521	af3e0d05c03d84501bdef41f6b1c0a1f
17771	1115972f6b5a056921d787a0e137422e	2ef4e15ee7ba9cc937ef7aad8f5e0a77	b00e74c0d085f719a027c348b8ef4d38
17772	1115972f6b5a056921d787a0e137422e	2ef4e15ee7ba9cc937ef7aad8f5e0a77	b00e74c0d085f719a027c348b8ef4d38
17773	1115972f6b5a056921d787a0e137422e	2ef4e15ee7ba9cc937ef7aad8f5e0a77	b00e74c0d085f719a027c348b8ef4d38
17774	1115972f6b5a056921d787a0e137422e	2ef4e15ee7ba9cc937ef7aad8f5e0a77	b00e74c0d085f719a027c348b8ef4d38
17775	1115972f6b5a056921d787a0e137422e	2ef4e15ee7ba9cc937ef7aad8f5e0a77	b00e74c0d085f719a027c348b8ef4d38
17776	1115972f6b5a056921d787a0e137422e	2ef4e15ee7ba9cc937ef7aad8f5e0a77	b00e74c0d085f719a027c348b8ef4d38
17777	1115972f6b5a056921d787a0e137422e	2ef4e15ee7ba9cc937ef7aad8f5e0a77	b00e74c0d085f719a027c348b8ef4d38
17778	773f34bb10ad47ab94654e19b7376ba5	c355c215e8f6acec580b2f876d49885c	f93e61f6ee449c5be89a900a2e86877c
17779	773f34bb10ad47ab94654e19b7376ba5	c355c215e8f6acec580b2f876d49885c	f93e61f6ee449c5be89a900a2e86877c
17780	773f34bb10ad47ab94654e19b7376ba5	c355c215e8f6acec580b2f876d49885c	f93e61f6ee449c5be89a900a2e86877c
17781	773f34bb10ad47ab94654e19b7376ba5	c355c215e8f6acec580b2f876d49885c	f93e61f6ee449c5be89a900a2e86877c
17782	773f34bb10ad47ab94654e19b7376ba5	c355c215e8f6acec580b2f876d49885c	f93e61f6ee449c5be89a900a2e86877c
17783	773f34bb10ad47ab94654e19b7376ba5	c355c215e8f6acec580b2f876d49885c	f93e61f6ee449c5be89a900a2e86877c
17784	773f34bb10ad47ab94654e19b7376ba5	c355c215e8f6acec580b2f876d49885c	f93e61f6ee449c5be89a900a2e86877c
17785	773f34bb10ad47ab94654e19b7376ba5	c355c215e8f6acec580b2f876d49885c	f93e61f6ee449c5be89a900a2e86877c
17786	773f34bb10ad47ab94654e19b7376ba5	c355c215e8f6acec580b2f876d49885c	f93e61f6ee449c5be89a900a2e86877c
17787	773f34bb10ad47ab94654e19b7376ba5	c355c215e8f6acec580b2f876d49885c	f93e61f6ee449c5be89a900a2e86877c
17788	4ccc41ccf6cb84b368ef126cfb7e42e1	ed1ba451de58f7567f9eda0cffe3c1de	401f77befc1be72c4ace8576f9e9df30
17789	4ccc41ccf6cb84b368ef126cfb7e42e1	ed1ba451de58f7567f9eda0cffe3c1de	401f77befc1be72c4ace8576f9e9df30
17790	4ccc41ccf6cb84b368ef126cfb7e42e1	ed1ba451de58f7567f9eda0cffe3c1de	401f77befc1be72c4ace8576f9e9df30
17791	4ccc41ccf6cb84b368ef126cfb7e42e1	ed1ba451de58f7567f9eda0cffe3c1de	401f77befc1be72c4ace8576f9e9df30
17792	4ccc41ccf6cb84b368ef126cfb7e42e1	ed1ba451de58f7567f9eda0cffe3c1de	401f77befc1be72c4ace8576f9e9df30
17793	4ccc41ccf6cb84b368ef126cfb7e42e1	ed1ba451de58f7567f9eda0cffe3c1de	401f77befc1be72c4ace8576f9e9df30
17794	4ccc41ccf6cb84b368ef126cfb7e42e1	ed1ba451de58f7567f9eda0cffe3c1de	401f77befc1be72c4ace8576f9e9df30
17795	04c349b10cf5776bcc94ab8e1675eda5	401a9f2f946f11e2cddb1708bc77d240	447a4a0a9be024f2e7df435d95dbfdfb
17796	04c349b10cf5776bcc94ab8e1675eda5	401a9f2f946f11e2cddb1708bc77d240	447a4a0a9be024f2e7df435d95dbfdfb
17797	04c349b10cf5776bcc94ab8e1675eda5	401a9f2f946f11e2cddb1708bc77d240	447a4a0a9be024f2e7df435d95dbfdfb
17798	2571fadba0c83cdbecc7bdf9cf3176ee	5985a68bee106236e69e137ce1c0806d	d18e3eca9b63c7f6a7c6e53883bc3132
17799	067daf161e2086adc420375231072ce8	a1d8b0072d705feb2a8453efdfedd218	1abbbbb44c25aa11c3a047dcbe66e4db
17800	4dc17af9f993e842fa2501c6c3e206ea	ae6b8b76f5793c769a2a300e9712cf9e	ac51d2d050e2426dcce12c58b5059c39
17801	4dc17af9f993e842fa2501c6c3e206ea	ae6b8b76f5793c769a2a300e9712cf9e	ac51d2d050e2426dcce12c58b5059c39
17802	4dc17af9f993e842fa2501c6c3e206ea	ae6b8b76f5793c769a2a300e9712cf9e	ac51d2d050e2426dcce12c58b5059c39
17803	4dc17af9f993e842fa2501c6c3e206ea	ae6b8b76f5793c769a2a300e9712cf9e	ac51d2d050e2426dcce12c58b5059c39
17804	4dc17af9f993e842fa2501c6c3e206ea	ae6b8b76f5793c769a2a300e9712cf9e	ac51d2d050e2426dcce12c58b5059c39
17805	4dc17af9f993e842fa2501c6c3e206ea	ae6b8b76f5793c769a2a300e9712cf9e	ac51d2d050e2426dcce12c58b5059c39
17806	4dc17af9f993e842fa2501c6c3e206ea	ae6b8b76f5793c769a2a300e9712cf9e	ac51d2d050e2426dcce12c58b5059c39
17807	048d7f98b4c1aa6e591eb5b64040cb7f	8c120be77d460ce2d4e634d6c3069387	997aef8a55e36a84c612e0ead75c228f
17808	048d7f98b4c1aa6e591eb5b64040cb7f	8c120be77d460ce2d4e634d6c3069387	997aef8a55e36a84c612e0ead75c228f
17809	048d7f98b4c1aa6e591eb5b64040cb7f	8c120be77d460ce2d4e634d6c3069387	997aef8a55e36a84c612e0ead75c228f
17810	429a9efe1334aeb7eb34224581748895	982355cd7c15d163f91254fd74167905	171253483e7a81486bb2e585ee9410d8
17811	429a9efe1334aeb7eb34224581748895	982355cd7c15d163f91254fd74167905	171253483e7a81486bb2e585ee9410d8
17812	21f137e172335a51d05a68794c29ed18	42a96606e8bf999cfa8a993aaad69b7e	25bf8fb92af368f07a98e86438683401
17813	21f137e172335a51d05a68794c29ed18	42a96606e8bf999cfa8a993aaad69b7e	25bf8fb92af368f07a98e86438683401
17814	21f137e172335a51d05a68794c29ed18	42a96606e8bf999cfa8a993aaad69b7e	25bf8fb92af368f07a98e86438683401
17815	21f137e172335a51d05a68794c29ed18	42a96606e8bf999cfa8a993aaad69b7e	25bf8fb92af368f07a98e86438683401
17816	21f137e172335a51d05a68794c29ed18	42a96606e8bf999cfa8a993aaad69b7e	25bf8fb92af368f07a98e86438683401
17817	1a1ac7919a5959445317e90f31379ea9	24904a0fd0f274ef6bd81a6c99c91c31	c362558a6e4103402c7873ebc0844342
17818	1a1ac7919a5959445317e90f31379ea9	24904a0fd0f274ef6bd81a6c99c91c31	c362558a6e4103402c7873ebc0844342
17819	1a1ac7919a5959445317e90f31379ea9	24904a0fd0f274ef6bd81a6c99c91c31	c362558a6e4103402c7873ebc0844342
17820	1a1ac7919a5959445317e90f31379ea9	24904a0fd0f274ef6bd81a6c99c91c31	c362558a6e4103402c7873ebc0844342
17821	1a1ac7919a5959445317e90f31379ea9	24904a0fd0f274ef6bd81a6c99c91c31	c362558a6e4103402c7873ebc0844342
17822	1a1ac7919a5959445317e90f31379ea9	24904a0fd0f274ef6bd81a6c99c91c31	c362558a6e4103402c7873ebc0844342
17823	1a1ac7919a5959445317e90f31379ea9	24904a0fd0f274ef6bd81a6c99c91c31	c362558a6e4103402c7873ebc0844342
17824	772d355dd3fb03c3dd5196279f5f79a3	2dea4874fc49acd4a8297da8174244f5	63406459c6e0aa230bc49e0ec616ba77
17825	772d355dd3fb03c3dd5196279f5f79a3	2dea4874fc49acd4a8297da8174244f5	63406459c6e0aa230bc49e0ec616ba77
17826	772d355dd3fb03c3dd5196279f5f79a3	d759cdec026c8cb012d89fd56fbfba73	9d17782e3481a51127c4cdaf97982b14
17827	772d355dd3fb03c3dd5196279f5f79a3	2dea4874fc49acd4a8297da8174244f5	63406459c6e0aa230bc49e0ec616ba77
17828	772d355dd3fb03c3dd5196279f5f79a3	2dea4874fc49acd4a8297da8174244f5	63406459c6e0aa230bc49e0ec616ba77
17829	f22c77016a452de20269a85dc634ff55	1d1b1745cc91694adbed82b36c2bb89c	9ee6c3b4c24da485c16331a0faae766f
17830	f22c77016a452de20269a85dc634ff55	1d1b1745cc91694adbed82b36c2bb89c	9ee6c3b4c24da485c16331a0faae766f
17831	f22c77016a452de20269a85dc634ff55	1d1b1745cc91694adbed82b36c2bb89c	9ee6c3b4c24da485c16331a0faae766f
17832	db1d46a8707da72f63baf65aeb3be224	67227396bcef572bd5269ea09f814a09	07641c72bbd34365377bf6e1fbcb3cd6
17833	db1d46a8707da72f63baf65aeb3be224	67227396bcef572bd5269ea09f814a09	07641c72bbd34365377bf6e1fbcb3cd6
17834	6f175ba2a6d21d33919ba27203b5806a	2527e79866fcf26a6e90c50707bd2584	b4514af24398a6b5fc7fbb1ebac41dfe
17835	6f175ba2a6d21d33919ba27203b5806a	2527e79866fcf26a6e90c50707bd2584	b4514af24398a6b5fc7fbb1ebac41dfe
17836	6000c07509d0461837e569050169c6ca	9a527e387182a60d28055e7d6de58e29	d1871c1baa917676670f1592ad3390f5
17837	6000c07509d0461837e569050169c6ca	9a527e387182a60d28055e7d6de58e29	d1871c1baa917676670f1592ad3390f5
17838	6000c07509d0461837e569050169c6ca	9a527e387182a60d28055e7d6de58e29	d1871c1baa917676670f1592ad3390f5
17839	e641edb6eccebed5300e66f5000c2941	7729d224309cf4b9197ae51f32f4bb38	1d8649d745456dbb9c159e23790f4077
17840	6000c07509d0461837e569050169c6ca	9a527e387182a60d28055e7d6de58e29	d1871c1baa917676670f1592ad3390f5
17841	88fa7f7d3ddd86856328bcd62f6fe3c7	30cc14a86a727068166b77221c35035d	05e81095aab14d1ac505488a22600f5b
17842	88fa7f7d3ddd86856328bcd62f6fe3c7	30cc14a86a727068166b77221c35035d	05e81095aab14d1ac505488a22600f5b
17843	88fa7f7d3ddd86856328bcd62f6fe3c7	30cc14a86a727068166b77221c35035d	05e81095aab14d1ac505488a22600f5b
17844	88fa7f7d3ddd86856328bcd62f6fe3c7	30cc14a86a727068166b77221c35035d	05e81095aab14d1ac505488a22600f5b
17845	88fa7f7d3ddd86856328bcd62f6fe3c7	30cc14a86a727068166b77221c35035d	05e81095aab14d1ac505488a22600f5b
17846	88fa7f7d3ddd86856328bcd62f6fe3c7	30cc14a86a727068166b77221c35035d	05e81095aab14d1ac505488a22600f5b
17847	88fa7f7d3ddd86856328bcd62f6fe3c7	30cc14a86a727068166b77221c35035d	05e81095aab14d1ac505488a22600f5b
17848	9d70cbcf990fa8b4153f8395166ec939	b2f84a07cff9a66285b4ca6784605677	4b5581a9614fe3ec92996f00b1dddd89
17849	9d70cbcf990fa8b4153f8395166ec939	b2f84a07cff9a66285b4ca6784605677	4b5581a9614fe3ec92996f00b1dddd89
17850	9d70cbcf990fa8b4153f8395166ec939	b2f84a07cff9a66285b4ca6784605677	4b5581a9614fe3ec92996f00b1dddd89
17851	9d70cbcf990fa8b4153f8395166ec939	b2f84a07cff9a66285b4ca6784605677	4b5581a9614fe3ec92996f00b1dddd89
17852	9d70cbcf990fa8b4153f8395166ec939	b2f84a07cff9a66285b4ca6784605677	4b5581a9614fe3ec92996f00b1dddd89
17853	ab58decb5c918a705e7239e6cc222269	4332ad56f860b5b744fd650a263d23c6	6a9ab318171940eb5c8bfc724b5b9461
17854	ab58decb5c918a705e7239e6cc222269	4332ad56f860b5b744fd650a263d23c6	6a9ab318171940eb5c8bfc724b5b9461
17855	ab58decb5c918a705e7239e6cc222269	4332ad56f860b5b744fd650a263d23c6	6a9ab318171940eb5c8bfc724b5b9461
17856	ab58decb5c918a705e7239e6cc222269	4332ad56f860b5b744fd650a263d23c6	6a9ab318171940eb5c8bfc724b5b9461
17857	ab58decb5c918a705e7239e6cc222269	4332ad56f860b5b744fd650a263d23c6	6a9ab318171940eb5c8bfc724b5b9461
17858	04faf05d89f8591ac69d0ea68f8f0124	c59a40103cd039b96a8e6c34dfdaa97d	78e518bdcc458d46d087f179c65b6dba
17859	04faf05d89f8591ac69d0ea68f8f0124	c59a40103cd039b96a8e6c34dfdaa97d	78e518bdcc458d46d087f179c65b6dba
17860	04faf05d89f8591ac69d0ea68f8f0124	c59a40103cd039b96a8e6c34dfdaa97d	78e518bdcc458d46d087f179c65b6dba
17861	04faf05d89f8591ac69d0ea68f8f0124	c59a40103cd039b96a8e6c34dfdaa97d	78e518bdcc458d46d087f179c65b6dba
17862	04faf05d89f8591ac69d0ea68f8f0124	c59a40103cd039b96a8e6c34dfdaa97d	78e518bdcc458d46d087f179c65b6dba
17863	04faf05d89f8591ac69d0ea68f8f0124	c59a40103cd039b96a8e6c34dfdaa97d	78e518bdcc458d46d087f179c65b6dba
17864	04faf05d89f8591ac69d0ea68f8f0124	c59a40103cd039b96a8e6c34dfdaa97d	78e518bdcc458d46d087f179c65b6dba
17865	04faf05d89f8591ac69d0ea68f8f0124	c59a40103cd039b96a8e6c34dfdaa97d	78e518bdcc458d46d087f179c65b6dba
17866	04faf05d89f8591ac69d0ea68f8f0124	c59a40103cd039b96a8e6c34dfdaa97d	78e518bdcc458d46d087f179c65b6dba
17867	04faf05d89f8591ac69d0ea68f8f0124	c59a40103cd039b96a8e6c34dfdaa97d	78e518bdcc458d46d087f179c65b6dba
17868	ab722ea57f8cc007399ce29e9b24f58a	63356148630828ec8d37a2181af20864	72dedf95de494e49d470f5416435b7aa
17869	04faf05d89f8591ac69d0ea68f8f0124	c59a40103cd039b96a8e6c34dfdaa97d	78e518bdcc458d46d087f179c65b6dba
17870	0282ae8639730b49b074f4bc07a6c9e9	a66fa6b82e836b853a3ab780ce11b5b7	6813433777fe41c264c6e31faf215045
17871	0282ae8639730b49b074f4bc07a6c9e9	a66fa6b82e836b853a3ab780ce11b5b7	6813433777fe41c264c6e31faf215045
17872	0282ae8639730b49b074f4bc07a6c9e9	a66fa6b82e836b853a3ab780ce11b5b7	6813433777fe41c264c6e31faf215045
17873	0282ae8639730b49b074f4bc07a6c9e9	a66fa6b82e836b853a3ab780ce11b5b7	6813433777fe41c264c6e31faf215045
17874	0282ae8639730b49b074f4bc07a6c9e9	a66fa6b82e836b853a3ab780ce11b5b7	6813433777fe41c264c6e31faf215045
17875	0282ae8639730b49b074f4bc07a6c9e9	a66fa6b82e836b853a3ab780ce11b5b7	6813433777fe41c264c6e31faf215045
17876	0282ae8639730b49b074f4bc07a6c9e9	a66fa6b82e836b853a3ab780ce11b5b7	6813433777fe41c264c6e31faf215045
17877	260ec37e147c2c6a23390a39864b2f55	ee6da1687ffb1712a13453ed5f4f4934	517fb30ff20549104699394eaf0c5620
17878	260ec37e147c2c6a23390a39864b2f55	ee6da1687ffb1712a13453ed5f4f4934	517fb30ff20549104699394eaf0c5620
17879	260ec37e147c2c6a23390a39864b2f55	ee6da1687ffb1712a13453ed5f4f4934	517fb30ff20549104699394eaf0c5620
17880	227bf09e9ef0583779100c15169ff2a5	cbe146837963e6409ecee37d8eef6d8c	171c570b56401cf1bae65182ab84c8d4
17881	227bf09e9ef0583779100c15169ff2a5	cbe146837963e6409ecee37d8eef6d8c	171c570b56401cf1bae65182ab84c8d4
17882	260ec37e147c2c6a23390a39864b2f55	ee6da1687ffb1712a13453ed5f4f4934	517fb30ff20549104699394eaf0c5620
17883	260ec37e147c2c6a23390a39864b2f55	ee6da1687ffb1712a13453ed5f4f4934	517fb30ff20549104699394eaf0c5620
17884	260ec37e147c2c6a23390a39864b2f55	ee6da1687ffb1712a13453ed5f4f4934	517fb30ff20549104699394eaf0c5620
17885	68d8ed04a88036a64651958db854c107	4b21713b882dde48667735fea81db9ae	fa1f3016365423d2961d99e8ee600b0f
17886	e0cf09b75f739209555bdc1092076d95	6ed6caf7467996f1b3d992d9927e7146	8a436a5002a9f0fa6edb19f445941243
17887	7f49efb6424c0f7cbac7a7d264285333	b5acdef68aab57326aa697e38cda0333	2c4315f81f3448989fc9b472e3d30db7
17888	7f49efb6424c0f7cbac7a7d264285333	b5acdef68aab57326aa697e38cda0333	2c4315f81f3448989fc9b472e3d30db7
17889	7f49efb6424c0f7cbac7a7d264285333	b5acdef68aab57326aa697e38cda0333	2c4315f81f3448989fc9b472e3d30db7
17890	7f49efb6424c0f7cbac7a7d264285333	b5acdef68aab57326aa697e38cda0333	2c4315f81f3448989fc9b472e3d30db7
17891	7f49efb6424c0f7cbac7a7d264285333	b5acdef68aab57326aa697e38cda0333	2c4315f81f3448989fc9b472e3d30db7
17892	7f49efb6424c0f7cbac7a7d264285333	b5acdef68aab57326aa697e38cda0333	2c4315f81f3448989fc9b472e3d30db7
17893	7f49efb6424c0f7cbac7a7d264285333	b5acdef68aab57326aa697e38cda0333	2c4315f81f3448989fc9b472e3d30db7
17894	11f66e22a81c402993cb683205da9b4d	5d5287498e2f9a826ec8ae9d48363f94	0433f9b31e315ed4627d7f64dc013962
17895	11f66e22a81c402993cb683205da9b4d	1ab640e658396bc37ff0b61b3c621a41	0678bb772fa2386a796d6820c8c978b1
17896	11f66e22a81c402993cb683205da9b4d	1ab640e658396bc37ff0b61b3c621a41	0678bb772fa2386a796d6820c8c978b1
17897	ddc742ed3073a81bdc6a38fb70a206bc	c1ac443d10f79f133f3123766a4d7413	46d03cf97935de659796609f71d2825b
17898	bf84cf380f96828b501d31fc2709bb49	ee5474b0f1bea7077a378e849475f5f7	23af191334792b2bb670340492693959
17899	a86d138b0216e9bcb64dc58376f1e267	ec01f77319e1a4f7ba221ea1e4250d14	01b6cf8b56c594543be82441cf52dd0c
17900	a86d138b0216e9bcb64dc58376f1e267	ec01f77319e1a4f7ba221ea1e4250d14	01b6cf8b56c594543be82441cf52dd0c
17901	a86d138b0216e9bcb64dc58376f1e267	ec01f77319e1a4f7ba221ea1e4250d14	01b6cf8b56c594543be82441cf52dd0c
17902	a86d138b0216e9bcb64dc58376f1e267	ec01f77319e1a4f7ba221ea1e4250d14	01b6cf8b56c594543be82441cf52dd0c
17903	a86d138b0216e9bcb64dc58376f1e267	ec01f77319e1a4f7ba221ea1e4250d14	01b6cf8b56c594543be82441cf52dd0c
17904	a86d138b0216e9bcb64dc58376f1e267	ec01f77319e1a4f7ba221ea1e4250d14	01b6cf8b56c594543be82441cf52dd0c
17905	a86d138b0216e9bcb64dc58376f1e267	ec01f77319e1a4f7ba221ea1e4250d14	01b6cf8b56c594543be82441cf52dd0c
17906	a86d138b0216e9bcb64dc58376f1e267	ec01f77319e1a4f7ba221ea1e4250d14	01b6cf8b56c594543be82441cf52dd0c
17907	a86d138b0216e9bcb64dc58376f1e267	ec01f77319e1a4f7ba221ea1e4250d14	01b6cf8b56c594543be82441cf52dd0c
17908	a86d138b0216e9bcb64dc58376f1e267	ec01f77319e1a4f7ba221ea1e4250d14	01b6cf8b56c594543be82441cf52dd0c
17909	a86d138b0216e9bcb64dc58376f1e267	ec01f77319e1a4f7ba221ea1e4250d14	01b6cf8b56c594543be82441cf52dd0c
17910	a86d138b0216e9bcb64dc58376f1e267	ec01f77319e1a4f7ba221ea1e4250d14	01b6cf8b56c594543be82441cf52dd0c
17911	a86d138b0216e9bcb64dc58376f1e267	ec01f77319e1a4f7ba221ea1e4250d14	01b6cf8b56c594543be82441cf52dd0c
17912	a86d138b0216e9bcb64dc58376f1e267	ec01f77319e1a4f7ba221ea1e4250d14	01b6cf8b56c594543be82441cf52dd0c
17913	a86d138b0216e9bcb64dc58376f1e267	ec01f77319e1a4f7ba221ea1e4250d14	01b6cf8b56c594543be82441cf52dd0c
17914	a86d138b0216e9bcb64dc58376f1e267	ec01f77319e1a4f7ba221ea1e4250d14	01b6cf8b56c594543be82441cf52dd0c
17915	a86d138b0216e9bcb64dc58376f1e267	ec01f77319e1a4f7ba221ea1e4250d14	01b6cf8b56c594543be82441cf52dd0c
17916	acfa1ea73b2c7b045c6de3801efd2f1b	485774df31b2825a0147e164ac63a34d	926f103e283cca765e4756846c048e6c
17917	acfa1ea73b2c7b045c6de3801efd2f1b	485774df31b2825a0147e164ac63a34d	926f103e283cca765e4756846c048e6c
17918	acfa1ea73b2c7b045c6de3801efd2f1b	485774df31b2825a0147e164ac63a34d	926f103e283cca765e4756846c048e6c
17919	acfa1ea73b2c7b045c6de3801efd2f1b	485774df31b2825a0147e164ac63a34d	926f103e283cca765e4756846c048e6c
17920	acfa1ea73b2c7b045c6de3801efd2f1b	485774df31b2825a0147e164ac63a34d	926f103e283cca765e4756846c048e6c
17921	acfa1ea73b2c7b045c6de3801efd2f1b	485774df31b2825a0147e164ac63a34d	926f103e283cca765e4756846c048e6c
17922	acfa1ea73b2c7b045c6de3801efd2f1b	485774df31b2825a0147e164ac63a34d	926f103e283cca765e4756846c048e6c
17923	e224a51a3b236fec25028c182a6c2e98	0101fb722c2d1531be4870e1ab4201c9	e5f3403ef094d6c21323d2e920db76b9
17924	e224a51a3b236fec25028c182a6c2e98	0101fb722c2d1531be4870e1ab4201c9	e5f3403ef094d6c21323d2e920db76b9
17925	e224a51a3b236fec25028c182a6c2e98	0101fb722c2d1531be4870e1ab4201c9	e5f3403ef094d6c21323d2e920db76b9
17926	38df578ada60d273939e6ecaa7d5661a	fdd1046d17f86ae8da2e5e9632ede554	2de1cf4bb43bd72136df3406049ad0f8
17927	38df578ada60d273939e6ecaa7d5661a	fdd1046d17f86ae8da2e5e9632ede554	2de1cf4bb43bd72136df3406049ad0f8
17928	95472e4893770bbf365a1f5fe5c12bd9	555c35a5d98a0a574cf0f523c09b9616	bca830c8935e2f2649d4a77721ae2911
17929	95472e4893770bbf365a1f5fe5c12bd9	555c35a5d98a0a574cf0f523c09b9616	bca830c8935e2f2649d4a77721ae2911
17930	95472e4893770bbf365a1f5fe5c12bd9	555c35a5d98a0a574cf0f523c09b9616	bca830c8935e2f2649d4a77721ae2911
17931	95472e4893770bbf365a1f5fe5c12bd9	555c35a5d98a0a574cf0f523c09b9616	bca830c8935e2f2649d4a77721ae2911
17932	95472e4893770bbf365a1f5fe5c12bd9	555c35a5d98a0a574cf0f523c09b9616	bca830c8935e2f2649d4a77721ae2911
17933	95472e4893770bbf365a1f5fe5c12bd9	555c35a5d98a0a574cf0f523c09b9616	bca830c8935e2f2649d4a77721ae2911
17934	95472e4893770bbf365a1f5fe5c12bd9	555c35a5d98a0a574cf0f523c09b9616	bca830c8935e2f2649d4a77721ae2911
17935	a681a51c02113e13db1f068ce54e98ae	5e0641dc992fa4b5fd0fd5c45bc679e5	430f99ec5d2b9ffdb6e69e11f9f67272
17936	a681a51c02113e13db1f068ce54e98ae	5e0641dc992fa4b5fd0fd5c45bc679e5	430f99ec5d2b9ffdb6e69e11f9f67272
17937	a681a51c02113e13db1f068ce54e98ae	5e0641dc992fa4b5fd0fd5c45bc679e5	430f99ec5d2b9ffdb6e69e11f9f67272
17938	a681a51c02113e13db1f068ce54e98ae	5e0641dc992fa4b5fd0fd5c45bc679e5	430f99ec5d2b9ffdb6e69e11f9f67272
17939	a681a51c02113e13db1f068ce54e98ae	5e0641dc992fa4b5fd0fd5c45bc679e5	430f99ec5d2b9ffdb6e69e11f9f67272
17940	bb1e5c2a316444a937c1c8bde72c019f	fd623626293de6a9b85d98932172946a	3f8fd6e1894ea5099f3eb5300b03665c
17941	bb1e5c2a316444a937c1c8bde72c019f	fd623626293de6a9b85d98932172946a	3f8fd6e1894ea5099f3eb5300b03665c
17942	bb1e5c2a316444a937c1c8bde72c019f	fd623626293de6a9b85d98932172946a	3f8fd6e1894ea5099f3eb5300b03665c
17943	bb1e5c2a316444a937c1c8bde72c019f	fd623626293de6a9b85d98932172946a	3f8fd6e1894ea5099f3eb5300b03665c
17944	bb1e5c2a316444a937c1c8bde72c019f	fd623626293de6a9b85d98932172946a	3f8fd6e1894ea5099f3eb5300b03665c
17945	bb1e5c2a316444a937c1c8bde72c019f	fd623626293de6a9b85d98932172946a	3f8fd6e1894ea5099f3eb5300b03665c
17946	bb1e5c2a316444a937c1c8bde72c019f	fd623626293de6a9b85d98932172946a	3f8fd6e1894ea5099f3eb5300b03665c
17947	8f1b67df03809e2e0e3f0e4516dbf546	ffe44a726d0c5378bd0bc3ccbe0e7823	7bc74618235c9b2d0c18195c327dcc4b
17948	8f1b67df03809e2e0e3f0e4516dbf546	ffe44a726d0c5378bd0bc3ccbe0e7823	7bc74618235c9b2d0c18195c327dcc4b
17949	8f1b67df03809e2e0e3f0e4516dbf546	ffe44a726d0c5378bd0bc3ccbe0e7823	7bc74618235c9b2d0c18195c327dcc4b
17950	8f1b67df03809e2e0e3f0e4516dbf546	ffe44a726d0c5378bd0bc3ccbe0e7823	7bc74618235c9b2d0c18195c327dcc4b
17951	8f1b67df03809e2e0e3f0e4516dbf546	ffe44a726d0c5378bd0bc3ccbe0e7823	7bc74618235c9b2d0c18195c327dcc4b
17952	8f1b67df03809e2e0e3f0e4516dbf546	ffe44a726d0c5378bd0bc3ccbe0e7823	7bc74618235c9b2d0c18195c327dcc4b
17953	8f1b67df03809e2e0e3f0e4516dbf546	ffe44a726d0c5378bd0bc3ccbe0e7823	7bc74618235c9b2d0c18195c327dcc4b
17954	8f1b67df03809e2e0e3f0e4516dbf546	ffe44a726d0c5378bd0bc3ccbe0e7823	7bc74618235c9b2d0c18195c327dcc4b
17955	8f1b67df03809e2e0e3f0e4516dbf546	ffe44a726d0c5378bd0bc3ccbe0e7823	7bc74618235c9b2d0c18195c327dcc4b
17956	8f1b67df03809e2e0e3f0e4516dbf546	ffe44a726d0c5378bd0bc3ccbe0e7823	7bc74618235c9b2d0c18195c327dcc4b
17957	17b47e1cf08e6f30fe4dee431fce714a	e0e42536dc0ee100a63fc3c3e0ed7234	dbdf62ec2c54d785d93e57d42c3d43fe
17958	17b47e1cf08e6f30fe4dee431fce714a	e0e42536dc0ee100a63fc3c3e0ed7234	dbdf62ec2c54d785d93e57d42c3d43fe
17959	17b47e1cf08e6f30fe4dee431fce714a	e0e42536dc0ee100a63fc3c3e0ed7234	dbdf62ec2c54d785d93e57d42c3d43fe
17960	830d166f2e0cc144b5b827c488aabbaf	3af3fa393a9dc695e9fcc07a48c1c51b	b66b0cbac95a3c0c8494c28a88ffd355
17961	830d166f2e0cc144b5b827c488aabbaf	3af3fa393a9dc695e9fcc07a48c1c51b	b66b0cbac95a3c0c8494c28a88ffd355
17962	5dd9866fa1c9996cbfbd41c2ea69c336	148de4f3b85fa7463da4dd1fe4d6c874	aa79e3dce0c6b001ef0b53cac824aa36
17963	493a333f508d1ef8657944863c644374	f618d0ab35415ac85cabd2b05b43acad	e60ff5ec658e516b6850c92be1edf465
17964	afc40429ee20094e8b77688f338f4f8f	8215703bfd4d19a3767c5cb2944a0795	c91e5895140641935ee0a199f0c2a762
17965	afc40429ee20094e8b77688f338f4f8f	8215703bfd4d19a3767c5cb2944a0795	c91e5895140641935ee0a199f0c2a762
17966	afc40429ee20094e8b77688f338f4f8f	8215703bfd4d19a3767c5cb2944a0795	c91e5895140641935ee0a199f0c2a762
17967	afc40429ee20094e8b77688f338f4f8f	8215703bfd4d19a3767c5cb2944a0795	c91e5895140641935ee0a199f0c2a762
17968	afc40429ee20094e8b77688f338f4f8f	8215703bfd4d19a3767c5cb2944a0795	c91e5895140641935ee0a199f0c2a762
17969	1e8200b1acd0521d21289bef80837ae3	3096bf89ea3a3b2efbbb71046f76077b	6870f762f5af4ecdd1f05ffd99217205
17970	1e8200b1acd0521d21289bef80837ae3	3096bf89ea3a3b2efbbb71046f76077b	6870f762f5af4ecdd1f05ffd99217205
17971	1e8200b1acd0521d21289bef80837ae3	3096bf89ea3a3b2efbbb71046f76077b	6870f762f5af4ecdd1f05ffd99217205
17972	1e8200b1acd0521d21289bef80837ae3	3096bf89ea3a3b2efbbb71046f76077b	6870f762f5af4ecdd1f05ffd99217205
17973	1e8200b1acd0521d21289bef80837ae3	3096bf89ea3a3b2efbbb71046f76077b	6870f762f5af4ecdd1f05ffd99217205
17974	1e8200b1acd0521d21289bef80837ae3	3096bf89ea3a3b2efbbb71046f76077b	6870f762f5af4ecdd1f05ffd99217205
17975	1e8200b1acd0521d21289bef80837ae3	3096bf89ea3a3b2efbbb71046f76077b	6870f762f5af4ecdd1f05ffd99217205
17976	3ff5f7c82a47805bbffd8ba481ae82ca	2b936b88272dadccab4ced31a50ace5a	fe273aa47fb6b3b3e601182c3d0e0928
17977	22c2b30bb4aea2da1b3799b0230fd55a	c91e5dc0683cb30cfcd514e4c65c3de6	c54ae95b1df30805f16c5202e134dbb8
17978	22c2b30bb4aea2da1b3799b0230fd55a	c91e5dc0683cb30cfcd514e4c65c3de6	c54ae95b1df30805f16c5202e134dbb8
17979	3ff5f7c82a47805bbffd8ba481ae82ca	2b936b88272dadccab4ced31a50ace5a	fe273aa47fb6b3b3e601182c3d0e0928
17980	3ff5f7c82a47805bbffd8ba481ae82ca	2b936b88272dadccab4ced31a50ace5a	fe273aa47fb6b3b3e601182c3d0e0928
17981	3ff5f7c82a47805bbffd8ba481ae82ca	2b936b88272dadccab4ced31a50ace5a	fe273aa47fb6b3b3e601182c3d0e0928
17982	3ff5f7c82a47805bbffd8ba481ae82ca	2b936b88272dadccab4ced31a50ace5a	fe273aa47fb6b3b3e601182c3d0e0928
17983	3ff5f7c82a47805bbffd8ba481ae82ca	2b936b88272dadccab4ced31a50ace5a	fe273aa47fb6b3b3e601182c3d0e0928
17984	7c90b9e00f3e04d3535352d20c0b5e26	e79832209597c9149826cd9e502dc02a	f197b2a4f0eed5c124691fd61cb93854
17985	0cd325d2c944323cd16ab12d752ac9cc	0af30f73d648be26e2b8508f1cae0b1a	e5cf9545b3278b414f9ff24cc52324b0
17986	915dee63bb588c073de82d86c45ab6ee	3281f5fb96848943e9bed7ac49400a48	d9570a712bb3f4549648925defb826db
17987	915dee63bb588c073de82d86c45ab6ee	3281f5fb96848943e9bed7ac49400a48	d9570a712bb3f4549648925defb826db
17988	915dee63bb588c073de82d86c45ab6ee	3281f5fb96848943e9bed7ac49400a48	d9570a712bb3f4549648925defb826db
17989	915dee63bb588c073de82d86c45ab6ee	3281f5fb96848943e9bed7ac49400a48	d9570a712bb3f4549648925defb826db
17990	915dee63bb588c073de82d86c45ab6ee	3281f5fb96848943e9bed7ac49400a48	d9570a712bb3f4549648925defb826db
17991	915dee63bb588c073de82d86c45ab6ee	3281f5fb96848943e9bed7ac49400a48	d9570a712bb3f4549648925defb826db
17992	915dee63bb588c073de82d86c45ab6ee	3281f5fb96848943e9bed7ac49400a48	d9570a712bb3f4549648925defb826db
17993	d53b39661413e96178d62c0e566a3472	63843b67323e91f64c77a5e91bc9568e	7c2685aae0d1cd7f36e43ff41ccee2fc
17994	d53b39661413e96178d62c0e566a3472	63843b67323e91f64c77a5e91bc9568e	7c2685aae0d1cd7f36e43ff41ccee2fc
17995	d53b39661413e96178d62c0e566a3472	63843b67323e91f64c77a5e91bc9568e	7c2685aae0d1cd7f36e43ff41ccee2fc
17996	2724531f4416ba4191e274f4022eae38	8bf5f8af133755fe48a8fd10fb5eec22	725c4e4e7596bd6e9f7dd1ec19adbf8a
17997	2724531f4416ba4191e274f4022eae38	8bf5f8af133755fe48a8fd10fb5eec22	725c4e4e7596bd6e9f7dd1ec19adbf8a
17998	915dee63bb588c073de82d86c45ab6ee	3281f5fb96848943e9bed7ac49400a48	d9570a712bb3f4549648925defb826db
17999	915dee63bb588c073de82d86c45ab6ee	3281f5fb96848943e9bed7ac49400a48	d9570a712bb3f4549648925defb826db
18000	915dee63bb588c073de82d86c45ab6ee	3281f5fb96848943e9bed7ac49400a48	d9570a712bb3f4549648925defb826db
18001	915dee63bb588c073de82d86c45ab6ee	3281f5fb96848943e9bed7ac49400a48	d9570a712bb3f4549648925defb826db
18002	915dee63bb588c073de82d86c45ab6ee	3281f5fb96848943e9bed7ac49400a48	d9570a712bb3f4549648925defb826db
18003	915dee63bb588c073de82d86c45ab6ee	3281f5fb96848943e9bed7ac49400a48	d9570a712bb3f4549648925defb826db
18004	915dee63bb588c073de82d86c45ab6ee	3281f5fb96848943e9bed7ac49400a48	d9570a712bb3f4549648925defb826db
18005	915dee63bb588c073de82d86c45ab6ee	3281f5fb96848943e9bed7ac49400a48	d9570a712bb3f4549648925defb826db
18006	915dee63bb588c073de82d86c45ab6ee	3281f5fb96848943e9bed7ac49400a48	d9570a712bb3f4549648925defb826db
18007	915dee63bb588c073de82d86c45ab6ee	3281f5fb96848943e9bed7ac49400a48	d9570a712bb3f4549648925defb826db
18008	915dee63bb588c073de82d86c45ab6ee	3281f5fb96848943e9bed7ac49400a48	d9570a712bb3f4549648925defb826db
18009	915dee63bb588c073de82d86c45ab6ee	3281f5fb96848943e9bed7ac49400a48	d9570a712bb3f4549648925defb826db
18010	6469a9592f061fd0724f45b2d2b95a10	07093e90649d049e703c20fd13808391	9f6894efedacc3c16d8e3d6d7462c59f
18011	6469a9592f061fd0724f45b2d2b95a10	07093e90649d049e703c20fd13808391	9f6894efedacc3c16d8e3d6d7462c59f
18012	6469a9592f061fd0724f45b2d2b95a10	07093e90649d049e703c20fd13808391	9f6894efedacc3c16d8e3d6d7462c59f
18013	6469a9592f061fd0724f45b2d2b95a10	07093e90649d049e703c20fd13808391	9f6894efedacc3c16d8e3d6d7462c59f
18014	6469a9592f061fd0724f45b2d2b95a10	07093e90649d049e703c20fd13808391	9f6894efedacc3c16d8e3d6d7462c59f
18015	6469a9592f061fd0724f45b2d2b95a10	07093e90649d049e703c20fd13808391	9f6894efedacc3c16d8e3d6d7462c59f
18016	6469a9592f061fd0724f45b2d2b95a10	07093e90649d049e703c20fd13808391	9f6894efedacc3c16d8e3d6d7462c59f
18017	6469a9592f061fd0724f45b2d2b95a10	07093e90649d049e703c20fd13808391	9f6894efedacc3c16d8e3d6d7462c59f
18018	6469a9592f061fd0724f45b2d2b95a10	07093e90649d049e703c20fd13808391	9f6894efedacc3c16d8e3d6d7462c59f
18019	6469a9592f061fd0724f45b2d2b95a10	07093e90649d049e703c20fd13808391	9f6894efedacc3c16d8e3d6d7462c59f
18020	6469a9592f061fd0724f45b2d2b95a10	07093e90649d049e703c20fd13808391	9f6894efedacc3c16d8e3d6d7462c59f
18021	6469a9592f061fd0724f45b2d2b95a10	07093e90649d049e703c20fd13808391	9f6894efedacc3c16d8e3d6d7462c59f
18022	6469a9592f061fd0724f45b2d2b95a10	07093e90649d049e703c20fd13808391	9f6894efedacc3c16d8e3d6d7462c59f
18023	6469a9592f061fd0724f45b2d2b95a10	07093e90649d049e703c20fd13808391	9f6894efedacc3c16d8e3d6d7462c59f
18024	6469a9592f061fd0724f45b2d2b95a10	07093e90649d049e703c20fd13808391	9f6894efedacc3c16d8e3d6d7462c59f
18025	6469a9592f061fd0724f45b2d2b95a10	07093e90649d049e703c20fd13808391	9f6894efedacc3c16d8e3d6d7462c59f
18026	6469a9592f061fd0724f45b2d2b95a10	07093e90649d049e703c20fd13808391	9f6894efedacc3c16d8e3d6d7462c59f
18027	8de9d9ea1a68f818798f5e702c8d2b18	d9c5556d4212da7ee50b156c8c2bc0cd	72fb0fa5c64cdc16170805fc0c5a483f
18028	8de9d9ea1a68f818798f5e702c8d2b18	d9c5556d4212da7ee50b156c8c2bc0cd	72fb0fa5c64cdc16170805fc0c5a483f
18029	8de9d9ea1a68f818798f5e702c8d2b18	d9c5556d4212da7ee50b156c8c2bc0cd	72fb0fa5c64cdc16170805fc0c5a483f
18030	8de9d9ea1a68f818798f5e702c8d2b18	d9c5556d4212da7ee50b156c8c2bc0cd	72fb0fa5c64cdc16170805fc0c5a483f
18031	8de9d9ea1a68f818798f5e702c8d2b18	d9c5556d4212da7ee50b156c8c2bc0cd	72fb0fa5c64cdc16170805fc0c5a483f
18032	8de9d9ea1a68f818798f5e702c8d2b18	d9c5556d4212da7ee50b156c8c2bc0cd	72fb0fa5c64cdc16170805fc0c5a483f
18033	8de9d9ea1a68f818798f5e702c8d2b18	d9c5556d4212da7ee50b156c8c2bc0cd	72fb0fa5c64cdc16170805fc0c5a483f
18034	f66dec926193447de3e704d63a9873ef	ee700615bdc489c4702e3e40b0910c9e	52928420aedbc852f1da26d5df3ea6a8
18035	f66dec926193447de3e704d63a9873ef	ee700615bdc489c4702e3e40b0910c9e	52928420aedbc852f1da26d5df3ea6a8
18036	f66dec926193447de3e704d63a9873ef	ee700615bdc489c4702e3e40b0910c9e	52928420aedbc852f1da26d5df3ea6a8
18037	bd284740e2409a9e1f22b456b81d335b	65a0c2c1003d102e5b79d338c9e36791	5340736490585804511365127ffcb93a
18038	bd284740e2409a9e1f22b456b81d335b	65a0c2c1003d102e5b79d338c9e36791	5340736490585804511365127ffcb93a
18039	58f711b8cc78d5a3fe7681b75501178b	fd0aa99145efc867f47bc04428595562	4e591f5e3737fd048f474ceb821907b9
18040	58f711b8cc78d5a3fe7681b75501178b	fd0aa99145efc867f47bc04428595562	4e591f5e3737fd048f474ceb821907b9
18041	58f711b8cc78d5a3fe7681b75501178b	fd0aa99145efc867f47bc04428595562	4e591f5e3737fd048f474ceb821907b9
18042	97000cd40a7b86f6dad146d3c6387eb4	37235a41c8698f4ddbb5ead1ad87d339	33a58aefbbc99686f97d99d4d4522c6a
18043	58d9d1ebc9d59c925ccc846a1d0855f3	a8614843f217fe6cac72804b3318b0d5	634876276e35c70181807860767e9ae2
18044	14209f9b2fb233486d2a9cc5d80ea97a	1cd90717fcf98470397ef3a2f45e4fae	2d825cadf0db0c3ba8cbe7897b92cd05
18045	bd255cb62bc0b9b12ddc612f29cd3dab	f11234ce6eb8ff97a007f86ca6086ced	076bf7eaaab45e7addccbecde37ade9a
18046	76eda13c187a286c422a1cc4a2a3b477	dacc052f5731f49ddc74b72e527c5309	d17d4b66d1bcb0f20be9c9d2dea7a7b8
18047	52b3dc0d2101186791d178c5aac15117	a13b5126db95804bd3c0c6a481aeb497	a9daccda90602e4a53532f3967a9f90d
18048	52b3dc0d2101186791d178c5aac15117	a13b5126db95804bd3c0c6a481aeb497	a9daccda90602e4a53532f3967a9f90d
18049	8ac1a3f631dd9b9e8da127084bcab7cc	c56a0b45cd25e2816a21511c96b36953	9e08f6df193f9d5c8c2ff594edca3e56
18050	8ac1a3f631dd9b9e8da127084bcab7cc	c56a0b45cd25e2816a21511c96b36953	9e08f6df193f9d5c8c2ff594edca3e56
18051	ea7e1ba46982682ae08e5d026754bb74	3241de922413c04ffa64afa344d766ae	8b1a2ac36e47fc69bc9a30b45c87fd3e
18052	ea7e1ba46982682ae08e5d026754bb74	3241de922413c04ffa64afa344d766ae	8b1a2ac36e47fc69bc9a30b45c87fd3e
18053	ea7e1ba46982682ae08e5d026754bb74	3241de922413c04ffa64afa344d766ae	8b1a2ac36e47fc69bc9a30b45c87fd3e
18054	ea7e1ba46982682ae08e5d026754bb74	3241de922413c04ffa64afa344d766ae	8b1a2ac36e47fc69bc9a30b45c87fd3e
18055	ea7e1ba46982682ae08e5d026754bb74	3241de922413c04ffa64afa344d766ae	8b1a2ac36e47fc69bc9a30b45c87fd3e
18056	b7cc8ad7959b6261828ee7ec31e8ea99	774a28c3ab0bcaa89302f8d183054b5b	d9d57195f82f0e0ca4af7e407cff2cde
18057	b7cc8ad7959b6261828ee7ec31e8ea99	774a28c3ab0bcaa89302f8d183054b5b	d9d57195f82f0e0ca4af7e407cff2cde
18058	b7cc8ad7959b6261828ee7ec31e8ea99	774a28c3ab0bcaa89302f8d183054b5b	d9d57195f82f0e0ca4af7e407cff2cde
18059	369c4ba4e4f2f301e2784094f1c94eca	3f25f03d004982b931d1641052624080	7c751ed46c4f746f3b362d49c10bd4d7
18060	cd4fc02bb0fbc17fef302db9e44f5f60	96629527eca089212847fb8d2ab70dc0	f32eb77e991a24896da525cc1236eb0b
18061	39c8a5dcc7d2552ac3c5763a02dc4197	d3a2882129689b1eb887f91fedd6518f	04c1e16973e6ead76d611284c290a6da
18062	39c8a5dcc7d2552ac3c5763a02dc4197	d3a2882129689b1eb887f91fedd6518f	04c1e16973e6ead76d611284c290a6da
18063	99564db2d977ad2760a96183a680a3d3	da1d5b491086384e5ff4b84a57b671e1	6984e3504d6f0f9783178aa76a15be4d
18064	99564db2d977ad2760a96183a680a3d3	da1d5b491086384e5ff4b84a57b671e1	6984e3504d6f0f9783178aa76a15be4d
18065	99564db2d977ad2760a96183a680a3d3	da1d5b491086384e5ff4b84a57b671e1	6984e3504d6f0f9783178aa76a15be4d
18066	5b8e55610aa5548e902ce97d37394642	4a48843ddb7f7c3a86e1be2a5639c70a	0b3333ec502368b15433798775947a7e
18067	5b8e55610aa5548e902ce97d37394642	4a48843ddb7f7c3a86e1be2a5639c70a	0b3333ec502368b15433798775947a7e
18068	444c6fd0dcbab4c31d2cd82b8197e1f8	3510189a349555a1d64687ed034c1b78	36d29e35307d1f53b6a61af1674bd552
18069	444c6fd0dcbab4c31d2cd82b8197e1f8	3510189a349555a1d64687ed034c1b78	36d29e35307d1f53b6a61af1674bd552
18070	444c6fd0dcbab4c31d2cd82b8197e1f8	3510189a349555a1d64687ed034c1b78	36d29e35307d1f53b6a61af1674bd552
18071	e5016044b665616f59596e017fafa8ec	9d69dc2ac7b17d71d1c3d7a170aac3be	e5342a0026a517303a1599c1fdcf1a9d
18072	e5016044b665616f59596e017fafa8ec	9d69dc2ac7b17d71d1c3d7a170aac3be	e5342a0026a517303a1599c1fdcf1a9d
18073	e5016044b665616f59596e017fafa8ec	9d69dc2ac7b17d71d1c3d7a170aac3be	e5342a0026a517303a1599c1fdcf1a9d
18074	e5016044b665616f59596e017fafa8ec	9d69dc2ac7b17d71d1c3d7a170aac3be	e5342a0026a517303a1599c1fdcf1a9d
18075	62d12ba2fb0be5d2f4d3c4a6386a12c0	64373bc2881dfa65484f95d3562c6f96	0b473b30d371e892a433966212b0d81c
18076	62d12ba2fb0be5d2f4d3c4a6386a12c0	64373bc2881dfa65484f95d3562c6f96	0b473b30d371e892a433966212b0d81c
18077	62d12ba2fb0be5d2f4d3c4a6386a12c0	64373bc2881dfa65484f95d3562c6f96	0b473b30d371e892a433966212b0d81c
18078	05342a74135f636988b0588fce6bd229	2986ac9c713af95fe9a85a14179bc593	2bf963ff8f788967280d08b9572e1c17
18079	62d12ba2fb0be5d2f4d3c4a6386a12c0	64373bc2881dfa65484f95d3562c6f96	0b473b30d371e892a433966212b0d81c
18080	5ac95723480221753f655dcb53fc9610	a5d480180a2cf286c6a91a78eaa5858e	131ce2751d0dc2c84cb8f8cdde1dd3fc
18081	5ac95723480221753f655dcb53fc9610	a5d480180a2cf286c6a91a78eaa5858e	131ce2751d0dc2c84cb8f8cdde1dd3fc
18082	5ac95723480221753f655dcb53fc9610	a5d480180a2cf286c6a91a78eaa5858e	131ce2751d0dc2c84cb8f8cdde1dd3fc
18083	5ac95723480221753f655dcb53fc9610	a5d480180a2cf286c6a91a78eaa5858e	131ce2751d0dc2c84cb8f8cdde1dd3fc
18084	5ac95723480221753f655dcb53fc9610	a5d480180a2cf286c6a91a78eaa5858e	131ce2751d0dc2c84cb8f8cdde1dd3fc
18085	5ac95723480221753f655dcb53fc9610	a5d480180a2cf286c6a91a78eaa5858e	131ce2751d0dc2c84cb8f8cdde1dd3fc
18086	5ac95723480221753f655dcb53fc9610	a5d480180a2cf286c6a91a78eaa5858e	131ce2751d0dc2c84cb8f8cdde1dd3fc
18087	0667ba835b7c50ff5a78f29dcb495867	b287fe75cd39ff59c159a93b5a1a7e50	01c330e6e79bc8da14796dc64c64884d
18088	0667ba835b7c50ff5a78f29dcb495867	b287fe75cd39ff59c159a93b5a1a7e50	01c330e6e79bc8da14796dc64c64884d
18089	0667ba835b7c50ff5a78f29dcb495867	b287fe75cd39ff59c159a93b5a1a7e50	01c330e6e79bc8da14796dc64c64884d
18090	0667ba835b7c50ff5a78f29dcb495867	b287fe75cd39ff59c159a93b5a1a7e50	01c330e6e79bc8da14796dc64c64884d
18091	0667ba835b7c50ff5a78f29dcb495867	b287fe75cd39ff59c159a93b5a1a7e50	01c330e6e79bc8da14796dc64c64884d
18092	15e8160ba5e4de9ff1495c3fb0da5226	d23773f0374d36201faeaf8cc2ee233a	be77fe0a3365fbdd234ec6d5ef5afdc5
18093	15e8160ba5e4de9ff1495c3fb0da5226	d23773f0374d36201faeaf8cc2ee233a	be77fe0a3365fbdd234ec6d5ef5afdc5
18094	15e8160ba5e4de9ff1495c3fb0da5226	d23773f0374d36201faeaf8cc2ee233a	be77fe0a3365fbdd234ec6d5ef5afdc5
18095	15e8160ba5e4de9ff1495c3fb0da5226	d23773f0374d36201faeaf8cc2ee233a	be77fe0a3365fbdd234ec6d5ef5afdc5
18096	15e8160ba5e4de9ff1495c3fb0da5226	d23773f0374d36201faeaf8cc2ee233a	be77fe0a3365fbdd234ec6d5ef5afdc5
18097	92bf2e983c74bab12a2a3f4433bae57a	389af824d6e864661f9d276155c1b31e	8c4d42a85b804db3e3f01d5f28431e9a
18098	92bf2e983c74bab12a2a3f4433bae57a	389af824d6e864661f9d276155c1b31e	8c4d42a85b804db3e3f01d5f28431e9a
18099	92bf2e983c74bab12a2a3f4433bae57a	389af824d6e864661f9d276155c1b31e	8c4d42a85b804db3e3f01d5f28431e9a
18100	92bf2e983c74bab12a2a3f4433bae57a	389af824d6e864661f9d276155c1b31e	8c4d42a85b804db3e3f01d5f28431e9a
18101	92bf2e983c74bab12a2a3f4433bae57a	389af824d6e864661f9d276155c1b31e	8c4d42a85b804db3e3f01d5f28431e9a
18102	92bf2e983c74bab12a2a3f4433bae57a	6e79b4b5af3aeaa029b0e87bf429bf25	452392feb332d5a24f5c738b14a6c78f
18103	92bf2e983c74bab12a2a3f4433bae57a	9bfc1da6bc8528362715f75115e3c9d8	0420befce9df6cacf2ddcb7b91986d4a
18104	92bf2e983c74bab12a2a3f4433bae57a	d5be081f8063d032b5eacfbc921ed78d	711b132bf49450079ad43cf2990bae00
18105	92bf2e983c74bab12a2a3f4433bae57a	d5be081f8063d032b5eacfbc921ed78d	711b132bf49450079ad43cf2990bae00
18106	92bf2e983c74bab12a2a3f4433bae57a	d5be081f8063d032b5eacfbc921ed78d	711b132bf49450079ad43cf2990bae00
18107	92bf2e983c74bab12a2a3f4433bae57a	389af824d6e864661f9d276155c1b31e	8c4d42a85b804db3e3f01d5f28431e9a
18108	92bf2e983c74bab12a2a3f4433bae57a	389af824d6e864661f9d276155c1b31e	8c4d42a85b804db3e3f01d5f28431e9a
18109	c5bf049be654647d1635973a4ba77e14	2455e08b9b32976b2f11888147a7a7ac	0b1da0b64eba80fcca58c35ffd82b9f8
18110	c5bf049be654647d1635973a4ba77e14	2455e08b9b32976b2f11888147a7a7ac	0b1da0b64eba80fcca58c35ffd82b9f8
18111	c5bf049be654647d1635973a4ba77e14	2455e08b9b32976b2f11888147a7a7ac	0b1da0b64eba80fcca58c35ffd82b9f8
18112	a20684f5990958604fe5b524b2da5b33	90a03af89571cf40cf304e3126a334c5	f15f0a4c31e00bf9ffe85092566ae45a
18113	a20684f5990958604fe5b524b2da5b33	90a03af89571cf40cf304e3126a334c5	f15f0a4c31e00bf9ffe85092566ae45a
18114	abbb57755071bc8d37eda6e96afd4a55	e6fcdbb1fda04667610c83da507dcba3	9049d5c8bc84021ad150c3a3fb6e1c5c
18115	abbb57755071bc8d37eda6e96afd4a55	e6fcdbb1fda04667610c83da507dcba3	9049d5c8bc84021ad150c3a3fb6e1c5c
18116	d51abcc451a6477bae44cf3a298de816	3cdfd072f010c0aa8a69389784099db7	9dd6c83ae9f03848b1cf439ad438a14c
18117	d51abcc451a6477bae44cf3a298de816	3cdfd072f010c0aa8a69389784099db7	9dd6c83ae9f03848b1cf439ad438a14c
18118	d51abcc451a6477bae44cf3a298de816	3cdfd072f010c0aa8a69389784099db7	9dd6c83ae9f03848b1cf439ad438a14c
18119	d51abcc451a6477bae44cf3a298de816	3cdfd072f010c0aa8a69389784099db7	9dd6c83ae9f03848b1cf439ad438a14c
18120	d51abcc451a6477bae44cf3a298de816	3cdfd072f010c0aa8a69389784099db7	9dd6c83ae9f03848b1cf439ad438a14c
18121	d51abcc451a6477bae44cf3a298de816	3cdfd072f010c0aa8a69389784099db7	9dd6c83ae9f03848b1cf439ad438a14c
18122	d51abcc451a6477bae44cf3a298de816	3cdfd072f010c0aa8a69389784099db7	9dd6c83ae9f03848b1cf439ad438a14c
18123	d51abcc451a6477bae44cf3a298de816	3cdfd072f010c0aa8a69389784099db7	9dd6c83ae9f03848b1cf439ad438a14c
18124	d51abcc451a6477bae44cf3a298de816	3cdfd072f010c0aa8a69389784099db7	9dd6c83ae9f03848b1cf439ad438a14c
18125	d51abcc451a6477bae44cf3a298de816	3cdfd072f010c0aa8a69389784099db7	9dd6c83ae9f03848b1cf439ad438a14c
18126	3406232136d9b769fd9a0d8d1be17e29	0e6822469239fb521ef6b5d7112c291c	cde99e56f291fda137335a8b669b9379
18127	3406232136d9b769fd9a0d8d1be17e29	0e6822469239fb521ef6b5d7112c291c	cde99e56f291fda137335a8b669b9379
18128	3406232136d9b769fd9a0d8d1be17e29	0e6822469239fb521ef6b5d7112c291c	cde99e56f291fda137335a8b669b9379
18129	3406232136d9b769fd9a0d8d1be17e29	0e6822469239fb521ef6b5d7112c291c	cde99e56f291fda137335a8b669b9379
18130	3406232136d9b769fd9a0d8d1be17e29	0e6822469239fb521ef6b5d7112c291c	cde99e56f291fda137335a8b669b9379
18131	3406232136d9b769fd9a0d8d1be17e29	0e6822469239fb521ef6b5d7112c291c	cde99e56f291fda137335a8b669b9379
18132	3406232136d9b769fd9a0d8d1be17e29	0e6822469239fb521ef6b5d7112c291c	cde99e56f291fda137335a8b669b9379
18133	06a6fbe8ab2fe0c40c238944bd85f56c	0b16ffaab321bc5aacc4aaab56427b0f	0469eb79e92aabd98e19e013df44ce2a
18134	06a6fbe8ab2fe0c40c238944bd85f56c	0b16ffaab321bc5aacc4aaab56427b0f	0469eb79e92aabd98e19e013df44ce2a
18135	06a6fbe8ab2fe0c40c238944bd85f56c	0b16ffaab321bc5aacc4aaab56427b0f	0469eb79e92aabd98e19e013df44ce2a
18136	06a6fbe8ab2fe0c40c238944bd85f56c	0b16ffaab321bc5aacc4aaab56427b0f	0469eb79e92aabd98e19e013df44ce2a
18137	06a6fbe8ab2fe0c40c238944bd85f56c	0b16ffaab321bc5aacc4aaab56427b0f	0469eb79e92aabd98e19e013df44ce2a
18138	67a1913038dc615eafea2182937257ab	b0bfb0240073dbf2a1c877de47eb5ade	92651287b1c89955d6a9a93f3e3a9d30
18139	67a1913038dc615eafea2182937257ab	b0bfb0240073dbf2a1c877de47eb5ade	92651287b1c89955d6a9a93f3e3a9d30
18140	67a1913038dc615eafea2182937257ab	b0bfb0240073dbf2a1c877de47eb5ade	92651287b1c89955d6a9a93f3e3a9d30
18141	67a1913038dc615eafea2182937257ab	b0bfb0240073dbf2a1c877de47eb5ade	92651287b1c89955d6a9a93f3e3a9d30
18142	67a1913038dc615eafea2182937257ab	b0bfb0240073dbf2a1c877de47eb5ade	92651287b1c89955d6a9a93f3e3a9d30
18143	67a1913038dc615eafea2182937257ab	b0bfb0240073dbf2a1c877de47eb5ade	92651287b1c89955d6a9a93f3e3a9d30
18144	67a1913038dc615eafea2182937257ab	b0bfb0240073dbf2a1c877de47eb5ade	92651287b1c89955d6a9a93f3e3a9d30
18145	67a1913038dc615eafea2182937257ab	b0bfb0240073dbf2a1c877de47eb5ade	92651287b1c89955d6a9a93f3e3a9d30
18146	67a1913038dc615eafea2182937257ab	b0bfb0240073dbf2a1c877de47eb5ade	92651287b1c89955d6a9a93f3e3a9d30
18147	67a1913038dc615eafea2182937257ab	b0bfb0240073dbf2a1c877de47eb5ade	92651287b1c89955d6a9a93f3e3a9d30
18148	67a1913038dc615eafea2182937257ab	b0bfb0240073dbf2a1c877de47eb5ade	92651287b1c89955d6a9a93f3e3a9d30
18149	67a1913038dc615eafea2182937257ab	b0bfb0240073dbf2a1c877de47eb5ade	92651287b1c89955d6a9a93f3e3a9d30
18150	67a1913038dc615eafea2182937257ab	b0bfb0240073dbf2a1c877de47eb5ade	92651287b1c89955d6a9a93f3e3a9d30
18151	67a1913038dc615eafea2182937257ab	b0bfb0240073dbf2a1c877de47eb5ade	92651287b1c89955d6a9a93f3e3a9d30
18152	67a1913038dc615eafea2182937257ab	b0bfb0240073dbf2a1c877de47eb5ade	92651287b1c89955d6a9a93f3e3a9d30
18153	67a1913038dc615eafea2182937257ab	b0bfb0240073dbf2a1c877de47eb5ade	92651287b1c89955d6a9a93f3e3a9d30
18154	67a1913038dc615eafea2182937257ab	b0bfb0240073dbf2a1c877de47eb5ade	92651287b1c89955d6a9a93f3e3a9d30
18155	4fb94358607981f28cae1875b81879a1	253dc5de985fd8c0dad880c8c80a853a	2ab99a362d49180140d73387780cdcae
18156	4fb94358607981f28cae1875b81879a1	253dc5de985fd8c0dad880c8c80a853a	2ab99a362d49180140d73387780cdcae
18157	4fb94358607981f28cae1875b81879a1	253dc5de985fd8c0dad880c8c80a853a	2ab99a362d49180140d73387780cdcae
18158	2280c40aef6d4ec563d9982b791dc088	21b058c35c53c4a2d9e6cd56136cf3a2	287903f4de4bc46ea141c2fcbbb1e439
18159	2280c40aef6d4ec563d9982b791dc088	21b058c35c53c4a2d9e6cd56136cf3a2	287903f4de4bc46ea141c2fcbbb1e439
18160	2280c40aef6d4ec563d9982b791dc088	21b058c35c53c4a2d9e6cd56136cf3a2	287903f4de4bc46ea141c2fcbbb1e439
18161	2280c40aef6d4ec563d9982b791dc088	21b058c35c53c4a2d9e6cd56136cf3a2	287903f4de4bc46ea141c2fcbbb1e439
18162	b36ce3e9d72921a688ee2180b3c5b440	0c138278ce70bfe7977cfed18b2e60e7	524fccc93ca26e4a0e54587ff933c720
18163	21126223d26f98dd4b38354249c3f079	3c7821a8e1844f293282bdd9c3b852ce	a9bac2758beea66d04a5f40c44353138
18164	cb2752f6e1a32d38c54b04e2b51dde46	d65133bb54893a510685c41199018d60	2e6e6747b5cdd18abe57648e320569b0
18165	21126223d26f98dd4b38354249c3f079	3c7821a8e1844f293282bdd9c3b852ce	a9bac2758beea66d04a5f40c44353138
18166	21126223d26f98dd4b38354249c3f079	3c7821a8e1844f293282bdd9c3b852ce	a9bac2758beea66d04a5f40c44353138
18167	c266dde3ce27d69f699118e3d916e4e8	e26496e560de43a79276f2f500120ca7	83968b818c81ae7f18561bec10c7343b
18168	c266dde3ce27d69f699118e3d916e4e8	e26496e560de43a79276f2f500120ca7	83968b818c81ae7f18561bec10c7343b
18169	c266dde3ce27d69f699118e3d916e4e8	e26496e560de43a79276f2f500120ca7	83968b818c81ae7f18561bec10c7343b
18170	c266dde3ce27d69f699118e3d916e4e8	e26496e560de43a79276f2f500120ca7	83968b818c81ae7f18561bec10c7343b
18171	c266dde3ce27d69f699118e3d916e4e8	e26496e560de43a79276f2f500120ca7	83968b818c81ae7f18561bec10c7343b
18172	46c478a6109b70532a0d898bf6bbcc1e	0c9f59711c978b3772835e32e73bf8b8	a1360a2d9da6e4d33971453b7ea9c1dc
18173	9c4a5234d854253d22437a507a27767b	761df61839cebd11b53d376a77a31f10	1efc3ff6153b774d57fe9843b6702ab4
18174	37bb5a7f0d63747e6f105083ae3aa6c0	66bad0c555144d803b6eab139968d820	fc8f6e2b8a58337a80e843811b13526c
18175	37bb5a7f0d63747e6f105083ae3aa6c0	66bad0c555144d803b6eab139968d820	fc8f6e2b8a58337a80e843811b13526c
18176	37bb5a7f0d63747e6f105083ae3aa6c0	66bad0c555144d803b6eab139968d820	fc8f6e2b8a58337a80e843811b13526c
18177	0a34348c6cd8dee1685206a36472bd0e	b17b46ffc6531dd42dee5ca7d2d8b559	b1ecee8a4df37dad9dc6a8cf6a9a6934
18178	0a34348c6cd8dee1685206a36472bd0e	b17b46ffc6531dd42dee5ca7d2d8b559	b1ecee8a4df37dad9dc6a8cf6a9a6934
18179	4e659f988567bb56fa624dce77fdb996	c55bae9026ccdc5f3575d9c8edddd664	c63f21ea89b932272833fb41fe40f30a
18180	4e659f988567bb56fa624dce77fdb996	c55bae9026ccdc5f3575d9c8edddd664	c63f21ea89b932272833fb41fe40f30a
18181	4e659f988567bb56fa624dce77fdb996	c55bae9026ccdc5f3575d9c8edddd664	c63f21ea89b932272833fb41fe40f30a
18182	4e659f988567bb56fa624dce77fdb996	c55bae9026ccdc5f3575d9c8edddd664	c63f21ea89b932272833fb41fe40f30a
18183	4e659f988567bb56fa624dce77fdb996	c55bae9026ccdc5f3575d9c8edddd664	c63f21ea89b932272833fb41fe40f30a
18184	4e659f988567bb56fa624dce77fdb996	c55bae9026ccdc5f3575d9c8edddd664	c63f21ea89b932272833fb41fe40f30a
18185	4e659f988567bb56fa624dce77fdb996	c55bae9026ccdc5f3575d9c8edddd664	c63f21ea89b932272833fb41fe40f30a
18186	3e7fb1823946935cc033a83a4903098c	38dc5b74bedc55f21784ca7ff49b73d6	f75c9f60c817969b276bc64bd5d8c3dd
18187	3e7fb1823946935cc033a83a4903098c	38dc5b74bedc55f21784ca7ff49b73d6	f75c9f60c817969b276bc64bd5d8c3dd
18188	3e7fb1823946935cc033a83a4903098c	38dc5b74bedc55f21784ca7ff49b73d6	f75c9f60c817969b276bc64bd5d8c3dd
18189	3e7fb1823946935cc033a83a4903098c	38dc5b74bedc55f21784ca7ff49b73d6	f75c9f60c817969b276bc64bd5d8c3dd
18190	3e7fb1823946935cc033a83a4903098c	38dc5b74bedc55f21784ca7ff49b73d6	f75c9f60c817969b276bc64bd5d8c3dd
18191	3e7fb1823946935cc033a83a4903098c	38dc5b74bedc55f21784ca7ff49b73d6	f75c9f60c817969b276bc64bd5d8c3dd
18192	3e7fb1823946935cc033a83a4903098c	38dc5b74bedc55f21784ca7ff49b73d6	f75c9f60c817969b276bc64bd5d8c3dd
18193	3e7fb1823946935cc033a83a4903098c	38dc5b74bedc55f21784ca7ff49b73d6	f75c9f60c817969b276bc64bd5d8c3dd
18194	3e7fb1823946935cc033a83a4903098c	38dc5b74bedc55f21784ca7ff49b73d6	f75c9f60c817969b276bc64bd5d8c3dd
18195	3e7fb1823946935cc033a83a4903098c	38dc5b74bedc55f21784ca7ff49b73d6	f75c9f60c817969b276bc64bd5d8c3dd
18196	eae7c2465906875ba3f22a59385099da	7777472527a1ddfd992c1c213707f2f3	451ff16c15079024046f03cd794b8f9b
18197	eae7c2465906875ba3f22a59385099da	7777472527a1ddfd992c1c213707f2f3	451ff16c15079024046f03cd794b8f9b
18198	eae7c2465906875ba3f22a59385099da	7777472527a1ddfd992c1c213707f2f3	451ff16c15079024046f03cd794b8f9b
18199	eae7c2465906875ba3f22a59385099da	7777472527a1ddfd992c1c213707f2f3	451ff16c15079024046f03cd794b8f9b
18200	eae7c2465906875ba3f22a59385099da	7777472527a1ddfd992c1c213707f2f3	451ff16c15079024046f03cd794b8f9b
18201	eae7c2465906875ba3f22a59385099da	7777472527a1ddfd992c1c213707f2f3	451ff16c15079024046f03cd794b8f9b
18202	eae7c2465906875ba3f22a59385099da	7777472527a1ddfd992c1c213707f2f3	451ff16c15079024046f03cd794b8f9b
18203	80b1e42e58a70680515e0f850cde5c40	7b0566164a64382b2be961917162ba5a	48e569e7c26995878df0343b6ae07efb
18204	80b1e42e58a70680515e0f850cde5c40	7b0566164a64382b2be961917162ba5a	48e569e7c26995878df0343b6ae07efb
18205	80b1e42e58a70680515e0f850cde5c40	7b0566164a64382b2be961917162ba5a	48e569e7c26995878df0343b6ae07efb
18206	80b1e42e58a70680515e0f850cde5c40	7b0566164a64382b2be961917162ba5a	48e569e7c26995878df0343b6ae07efb
18207	80b1e42e58a70680515e0f850cde5c40	7b0566164a64382b2be961917162ba5a	48e569e7c26995878df0343b6ae07efb
18208	7b479c8c9fdbf82598e85d9ea42e191d	b806c087374a1bac47ae8207b34cea4e	13827086a965f3f72a7ada0ce2a23d06
18209	7b479c8c9fdbf82598e85d9ea42e191d	b806c087374a1bac47ae8207b34cea4e	13827086a965f3f72a7ada0ce2a23d06
18210	7b479c8c9fdbf82598e85d9ea42e191d	b806c087374a1bac47ae8207b34cea4e	13827086a965f3f72a7ada0ce2a23d06
18211	fa8420830a5e6f61fa50a44c6650b2c2	94f91828f670abfa19fae345d13eb3c2	f45c559a0eb05aabdff10325840202f4
18212	fa8420830a5e6f61fa50a44c6650b2c2	94f91828f670abfa19fae345d13eb3c2	f45c559a0eb05aabdff10325840202f4
18213	fa8420830a5e6f61fa50a44c6650b2c2	94f91828f670abfa19fae345d13eb3c2	f45c559a0eb05aabdff10325840202f4
18214	fa8420830a5e6f61fa50a44c6650b2c2	94f91828f670abfa19fae345d13eb3c2	f45c559a0eb05aabdff10325840202f4
18215	02e11eacb6a605eef07099198ba78ed6	3c0c9949873aee205e173660f1765162	f5acbafa4595a068139c31f38596eab7
18216	02e11eacb6a605eef07099198ba78ed6	3c0c9949873aee205e173660f1765162	f5acbafa4595a068139c31f38596eab7
18217	02e11eacb6a605eef07099198ba78ed6	3c0c9949873aee205e173660f1765162	f5acbafa4595a068139c31f38596eab7
18218	a2a775f1d271400e0a362b7c410f25d9	8dbc205d4eeb550adccda0bd54e7b6cb	277808ea90646c55070a7c9bd1278a70
18219	a2a775f1d271400e0a362b7c410f25d9	8dbc205d4eeb550adccda0bd54e7b6cb	277808ea90646c55070a7c9bd1278a70
18220	794c75adce9d762a1448afb792bcb37e	9a3de7ebab2c84a226145886cade0a63	fa246f9e0729a978cc75b696e4e8179e
18221	794c75adce9d762a1448afb792bcb37e	9a3de7ebab2c84a226145886cade0a63	fa246f9e0729a978cc75b696e4e8179e
18222	94dc8e48ff5eb9833dd39921123ec370	fc1b74c5d000c8070c1bc02014a11a40	2c865ce62ff1b3394ec241d9f7ec57a5
18223	4b7d9b8d705b86c1c10f4ca6ca3ad0de	fa2809a9c0d8fb5029dce73c219111f7	faf5392d48b1f08a8b4cebb41aa78f2a
18224	2a753f86162aef99e74a825074fa30c9	38970cdcdfce6dedd641de0ea8a6c94e	feca0671db3cb6cd662ba9a2d792a84f
18225	1d91c6eaffe7de9edf3212ef1a4a6244	eefd8706e6240817fae431ceb1799616	99486992289a3778c1c4da8d9bb41c2d
18226	1d91c6eaffe7de9edf3212ef1a4a6244	eefd8706e6240817fae431ceb1799616	99486992289a3778c1c4da8d9bb41c2d
18227	1d91c6eaffe7de9edf3212ef1a4a6244	eefd8706e6240817fae431ceb1799616	99486992289a3778c1c4da8d9bb41c2d
18228	1d91c6eaffe7de9edf3212ef1a4a6244	eefd8706e6240817fae431ceb1799616	99486992289a3778c1c4da8d9bb41c2d
18229	1d91c6eaffe7de9edf3212ef1a4a6244	eefd8706e6240817fae431ceb1799616	99486992289a3778c1c4da8d9bb41c2d
18230	1d91c6eaffe7de9edf3212ef1a4a6244	eefd8706e6240817fae431ceb1799616	99486992289a3778c1c4da8d9bb41c2d
18231	1d91c6eaffe7de9edf3212ef1a4a6244	eefd8706e6240817fae431ceb1799616	99486992289a3778c1c4da8d9bb41c2d
18232	1d91c6eaffe7de9edf3212ef1a4a6244	eefd8706e6240817fae431ceb1799616	99486992289a3778c1c4da8d9bb41c2d
18233	67212a0d6e0d25bb23bd383652916898	c5592ef3c22bd1ab3034ab1c2b10f3de	ec1178d1fcb3fe7537c4cd5f9d9e6be3
18234	67212a0d6e0d25bb23bd383652916898	c5592ef3c22bd1ab3034ab1c2b10f3de	ec1178d1fcb3fe7537c4cd5f9d9e6be3
18235	1d91c6eaffe7de9edf3212ef1a4a6244	eefd8706e6240817fae431ceb1799616	99486992289a3778c1c4da8d9bb41c2d
18236	1d91c6eaffe7de9edf3212ef1a4a6244	eefd8706e6240817fae431ceb1799616	99486992289a3778c1c4da8d9bb41c2d
18237	d6acb9b8ed6c9fb2dbf2cde5ce71d62e	d4720b05940183610901d690bf64e786	ede0fc00e5331a4a65427baba572b48d
18238	d6acb9b8ed6c9fb2dbf2cde5ce71d62e	d4720b05940183610901d690bf64e786	ede0fc00e5331a4a65427baba572b48d
18239	d6acb9b8ed6c9fb2dbf2cde5ce71d62e	d4720b05940183610901d690bf64e786	ede0fc00e5331a4a65427baba572b48d
18240	86d6400e992345d35a8115b55f72e418	8e0663d6570f807cbae426095af27ee0	e3dd06bf01f70dab8263ce04b39c1d3f
18241	86d6400e992345d35a8115b55f72e418	8e0663d6570f807cbae426095af27ee0	e3dd06bf01f70dab8263ce04b39c1d3f
18242	86d6400e992345d35a8115b55f72e418	8e0663d6570f807cbae426095af27ee0	e3dd06bf01f70dab8263ce04b39c1d3f
18243	86d6400e992345d35a8115b55f72e418	8e0663d6570f807cbae426095af27ee0	e3dd06bf01f70dab8263ce04b39c1d3f
18244	409484610320e0659a56b704e235a204	a70eb1c54c702d2939da084a6a3c52f4	66c148bce9bbd266d27a6553e8c92c85
18245	409484610320e0659a56b704e235a204	a70eb1c54c702d2939da084a6a3c52f4	66c148bce9bbd266d27a6553e8c92c85
18246	409484610320e0659a56b704e235a204	a70eb1c54c702d2939da084a6a3c52f4	66c148bce9bbd266d27a6553e8c92c85
18247	4be80fba6025631dc9bd98d670134503	f7f7e0fa712958d981c388c84713cbb5	36c33506e5dcc015a68183155418004e
18248	409484610320e0659a56b704e235a204	a70eb1c54c702d2939da084a6a3c52f4	66c148bce9bbd266d27a6553e8c92c85
18249	dae4f7411d7007dffe210df6899e8f78	1021f66589909ce080c4759dc82d16fd	8796c16cd25b9c5e827832babb2b1ba8
18250	dae4f7411d7007dffe210df6899e8f78	1021f66589909ce080c4759dc82d16fd	8796c16cd25b9c5e827832babb2b1ba8
18251	dae4f7411d7007dffe210df6899e8f78	1021f66589909ce080c4759dc82d16fd	8796c16cd25b9c5e827832babb2b1ba8
18252	dae4f7411d7007dffe210df6899e8f78	1021f66589909ce080c4759dc82d16fd	8796c16cd25b9c5e827832babb2b1ba8
18253	dae4f7411d7007dffe210df6899e8f78	1021f66589909ce080c4759dc82d16fd	8796c16cd25b9c5e827832babb2b1ba8
18254	dae4f7411d7007dffe210df6899e8f78	1021f66589909ce080c4759dc82d16fd	8796c16cd25b9c5e827832babb2b1ba8
18255	dae4f7411d7007dffe210df6899e8f78	1021f66589909ce080c4759dc82d16fd	8796c16cd25b9c5e827832babb2b1ba8
18256	a69b1ba21978100090387807920520d2	d9194b520409b14d5317a18fe849462b	c10a3173ecfc41c2e13eaa8d69c60523
18257	a69b1ba21978100090387807920520d2	d9194b520409b14d5317a18fe849462b	c10a3173ecfc41c2e13eaa8d69c60523
18258	a69b1ba21978100090387807920520d2	d9194b520409b14d5317a18fe849462b	c10a3173ecfc41c2e13eaa8d69c60523
18259	a69b1ba21978100090387807920520d2	d9194b520409b14d5317a18fe849462b	c10a3173ecfc41c2e13eaa8d69c60523
18260	a69b1ba21978100090387807920520d2	d9194b520409b14d5317a18fe849462b	c10a3173ecfc41c2e13eaa8d69c60523
18261	8a95265ce784d102255d7596e493ce85	fb663eac7e48ca7f442f963e76bfd503	7b8b008a492d615021f6ac223dead319
18262	8a95265ce784d102255d7596e493ce85	fb663eac7e48ca7f442f963e76bfd503	7b8b008a492d615021f6ac223dead319
18263	8a95265ce784d102255d7596e493ce85	fb663eac7e48ca7f442f963e76bfd503	7b8b008a492d615021f6ac223dead319
18264	8a95265ce784d102255d7596e493ce85	fb663eac7e48ca7f442f963e76bfd503	7b8b008a492d615021f6ac223dead319
18265	8a95265ce784d102255d7596e493ce85	fb663eac7e48ca7f442f963e76bfd503	7b8b008a492d615021f6ac223dead319
18266	94478e889edd1732a4c0593d9c17bd65	ca89fe44a74e2291ebe7e2235873c9d0	dc6780c6a1f2a5e6e1bbd83cbbf509c0
18267	94478e889edd1732a4c0593d9c17bd65	ca89fe44a74e2291ebe7e2235873c9d0	dc6780c6a1f2a5e6e1bbd83cbbf509c0
18268	94478e889edd1732a4c0593d9c17bd65	ca89fe44a74e2291ebe7e2235873c9d0	dc6780c6a1f2a5e6e1bbd83cbbf509c0
18269	94478e889edd1732a4c0593d9c17bd65	ca89fe44a74e2291ebe7e2235873c9d0	dc6780c6a1f2a5e6e1bbd83cbbf509c0
18270	94478e889edd1732a4c0593d9c17bd65	ca89fe44a74e2291ebe7e2235873c9d0	dc6780c6a1f2a5e6e1bbd83cbbf509c0
18271	94478e889edd1732a4c0593d9c17bd65	ca89fe44a74e2291ebe7e2235873c9d0	dc6780c6a1f2a5e6e1bbd83cbbf509c0
18272	94478e889edd1732a4c0593d9c17bd65	ca89fe44a74e2291ebe7e2235873c9d0	dc6780c6a1f2a5e6e1bbd83cbbf509c0
18273	ab65d2b0e5a018f6c5b6bdc3882dbfc9	83ca6ef2229627fd38b08643bb406306	20f98ea2f55e6c9a822092840c3ea61e
18274	ab65d2b0e5a018f6c5b6bdc3882dbfc9	83ca6ef2229627fd38b08643bb406306	20f98ea2f55e6c9a822092840c3ea61e
18275	ab65d2b0e5a018f6c5b6bdc3882dbfc9	83ca6ef2229627fd38b08643bb406306	20f98ea2f55e6c9a822092840c3ea61e
18276	ab65d2b0e5a018f6c5b6bdc3882dbfc9	83ca6ef2229627fd38b08643bb406306	20f98ea2f55e6c9a822092840c3ea61e
18277	ab65d2b0e5a018f6c5b6bdc3882dbfc9	83ca6ef2229627fd38b08643bb406306	20f98ea2f55e6c9a822092840c3ea61e
18278	67d67973609ca7871e6c73a30e28bee7	d905e4ab5599308b266ab4f1f517b504	23ff25abbbe570d4d44382696dc99f04
18279	67d67973609ca7871e6c73a30e28bee7	d905e4ab5599308b266ab4f1f517b504	23ff25abbbe570d4d44382696dc99f04
18280	67d67973609ca7871e6c73a30e28bee7	d905e4ab5599308b266ab4f1f517b504	23ff25abbbe570d4d44382696dc99f04
18281	67d67973609ca7871e6c73a30e28bee7	d905e4ab5599308b266ab4f1f517b504	23ff25abbbe570d4d44382696dc99f04
18282	67d67973609ca7871e6c73a30e28bee7	d905e4ab5599308b266ab4f1f517b504	23ff25abbbe570d4d44382696dc99f04
18283	67d67973609ca7871e6c73a30e28bee7	d905e4ab5599308b266ab4f1f517b504	23ff25abbbe570d4d44382696dc99f04
18284	67d67973609ca7871e6c73a30e28bee7	d905e4ab5599308b266ab4f1f517b504	23ff25abbbe570d4d44382696dc99f04
18285	9ed3ab06e3e2e89a107980300826a86e	63003efbf87091597a0461d8e1e2feeb	ea0108c7affbf875814101d9c2dd75de
18286	9ed3ab06e3e2e89a107980300826a86e	63003efbf87091597a0461d8e1e2feeb	ea0108c7affbf875814101d9c2dd75de
18287	9ed3ab06e3e2e89a107980300826a86e	63003efbf87091597a0461d8e1e2feeb	ea0108c7affbf875814101d9c2dd75de
18288	a0336d0a92f42f549aeade8f02c451e1	5d6878af6e89661f816126dfe3c83615	b58aa83da61fc5a8f7f031640b65be8f
18289	a0336d0a92f42f549aeade8f02c451e1	5d6878af6e89661f816126dfe3c83615	b58aa83da61fc5a8f7f031640b65be8f
18290	9ed3ab06e3e2e89a107980300826a86e	63003efbf87091597a0461d8e1e2feeb	ea0108c7affbf875814101d9c2dd75de
18291	9ed3ab06e3e2e89a107980300826a86e	63003efbf87091597a0461d8e1e2feeb	ea0108c7affbf875814101d9c2dd75de
18292	9ed3ab06e3e2e89a107980300826a86e	63003efbf87091597a0461d8e1e2feeb	ea0108c7affbf875814101d9c2dd75de
18293	68a7ff70e8e1557f19acdfcc699da635	0a26261e475463f9d2902d4db0cd8058	ca73705033d8ce4efcdb6d5275b2cd02
18294	4cf3d941eafcd9786774429af934d659	af42b65a8e7cddf06027a90e66bdb901	47df3389d2f36c16c81efe714714c5e8
18295	cdf5e46135df8532232f5e691295cb9f	9b73bd1b2276ddff8620e941a5614281	489235ad354ef1cb90bdf274bd3af7b4
18296	cdf5e46135df8532232f5e691295cb9f	9b73bd1b2276ddff8620e941a5614281	489235ad354ef1cb90bdf274bd3af7b4
18297	cdf5e46135df8532232f5e691295cb9f	9b73bd1b2276ddff8620e941a5614281	489235ad354ef1cb90bdf274bd3af7b4
18298	cdf5e46135df8532232f5e691295cb9f	9b73bd1b2276ddff8620e941a5614281	489235ad354ef1cb90bdf274bd3af7b4
18299	cdf5e46135df8532232f5e691295cb9f	9b73bd1b2276ddff8620e941a5614281	489235ad354ef1cb90bdf274bd3af7b4
18300	cdf5e46135df8532232f5e691295cb9f	9b73bd1b2276ddff8620e941a5614281	489235ad354ef1cb90bdf274bd3af7b4
18301	cdf5e46135df8532232f5e691295cb9f	9b73bd1b2276ddff8620e941a5614281	489235ad354ef1cb90bdf274bd3af7b4
18302	b83b40008495c557750c23b6e9456289	f6cc8713fd5c3bc9444054ceeb5c8a3e	63198fad60f8b95fabd89e73ab31ae97
18303	b83b40008495c557750c23b6e9456289	f6cc8713fd5c3bc9444054ceeb5c8a3e	63198fad60f8b95fabd89e73ab31ae97
18304	8f84df933c896e9019ddf7df1a9bc655	6ccd00a6409c1c7307ad04e64d026a19	220046fac14702695af8b833defb0884
18305	5c1ee0ca89dc14f037d2a682f59250fa	4113f50aa14302e49e53ed830acb378b	789032e789eaa568ae5dc65998e81e1e
18306	5c1ee0ca89dc14f037d2a682f59250fa	4113f50aa14302e49e53ed830acb378b	789032e789eaa568ae5dc65998e81e1e
18307	ad5e487f1f756dc81df729f6538d8054	ad4ed03500aebe723cba50aec889fbee	377e48997641133164403a4107eaf3d1
18308	ad5e487f1f756dc81df729f6538d8054	ad4ed03500aebe723cba50aec889fbee	377e48997641133164403a4107eaf3d1
18309	ad5e487f1f756dc81df729f6538d8054	ad4ed03500aebe723cba50aec889fbee	377e48997641133164403a4107eaf3d1
18310	ad5e487f1f756dc81df729f6538d8054	ad4ed03500aebe723cba50aec889fbee	377e48997641133164403a4107eaf3d1
18311	ad5e487f1f756dc81df729f6538d8054	ad4ed03500aebe723cba50aec889fbee	377e48997641133164403a4107eaf3d1
18312	ad5e487f1f756dc81df729f6538d8054	ad4ed03500aebe723cba50aec889fbee	377e48997641133164403a4107eaf3d1
18313	ad5e487f1f756dc81df729f6538d8054	ad4ed03500aebe723cba50aec889fbee	377e48997641133164403a4107eaf3d1
18314	ad5e487f1f756dc81df729f6538d8054	ad4ed03500aebe723cba50aec889fbee	377e48997641133164403a4107eaf3d1
18315	ad5e487f1f756dc81df729f6538d8054	ad4ed03500aebe723cba50aec889fbee	377e48997641133164403a4107eaf3d1
18316	ad5e487f1f756dc81df729f6538d8054	ad4ed03500aebe723cba50aec889fbee	377e48997641133164403a4107eaf3d1
18317	ad5e487f1f756dc81df729f6538d8054	ad4ed03500aebe723cba50aec889fbee	377e48997641133164403a4107eaf3d1
18318	ad5e487f1f756dc81df729f6538d8054	ad4ed03500aebe723cba50aec889fbee	377e48997641133164403a4107eaf3d1
18319	ad5e487f1f756dc81df729f6538d8054	ad4ed03500aebe723cba50aec889fbee	377e48997641133164403a4107eaf3d1
18320	ad5e487f1f756dc81df729f6538d8054	ad4ed03500aebe723cba50aec889fbee	377e48997641133164403a4107eaf3d1
18321	ad5e487f1f756dc81df729f6538d8054	ad4ed03500aebe723cba50aec889fbee	377e48997641133164403a4107eaf3d1
18322	ad5e487f1f756dc81df729f6538d8054	ad4ed03500aebe723cba50aec889fbee	377e48997641133164403a4107eaf3d1
18323	ad5e487f1f756dc81df729f6538d8054	ad4ed03500aebe723cba50aec889fbee	377e48997641133164403a4107eaf3d1
18324	a1efac618fc7804f8952ce95af54adac	f097fc734337be2b55280b9cee7d51bf	f5e10323e575f5f47e006949e3c50239
18325	a1efac618fc7804f8952ce95af54adac	f097fc734337be2b55280b9cee7d51bf	f5e10323e575f5f47e006949e3c50239
18326	a1efac618fc7804f8952ce95af54adac	f097fc734337be2b55280b9cee7d51bf	f5e10323e575f5f47e006949e3c50239
18327	a163088274d904c760de6168ba79778f	2c71b7bed4ddd9d4c25d2787a9c8c03e	fc69e3e89b52215716842a2f535bcaa8
18328	a163088274d904c760de6168ba79778f	2c71b7bed4ddd9d4c25d2787a9c8c03e	fc69e3e89b52215716842a2f535bcaa8
18329	a163088274d904c760de6168ba79778f	2c71b7bed4ddd9d4c25d2787a9c8c03e	fc69e3e89b52215716842a2f535bcaa8
18330	a163088274d904c760de6168ba79778f	2c71b7bed4ddd9d4c25d2787a9c8c03e	fc69e3e89b52215716842a2f535bcaa8
18331	50edeb38b8e774fc4d0d4767a74eb464	a7d919e6a49bc9e438f1ebcda0d36a05	ff75e63bef95f2f9a78bd8b9c164cf94
18332	50edeb38b8e774fc4d0d4767a74eb464	a7d919e6a49bc9e438f1ebcda0d36a05	ff75e63bef95f2f9a78bd8b9c164cf94
18333	50edeb38b8e774fc4d0d4767a74eb464	a7d919e6a49bc9e438f1ebcda0d36a05	ff75e63bef95f2f9a78bd8b9c164cf94
18334	50edeb38b8e774fc4d0d4767a74eb464	a7d919e6a49bc9e438f1ebcda0d36a05	ff75e63bef95f2f9a78bd8b9c164cf94
18335	50edeb38b8e774fc4d0d4767a74eb464	a7d919e6a49bc9e438f1ebcda0d36a05	ff75e63bef95f2f9a78bd8b9c164cf94
18336	4d924b60bcd5b61ff391060fd86ed06f	5c064e412dabffa73b4ec28aa06c756d	fe3714ba1c611d1cd6d0682dd7c30ced
18337	4d924b60bcd5b61ff391060fd86ed06f	5c064e412dabffa73b4ec28aa06c756d	fe3714ba1c611d1cd6d0682dd7c30ced
18338	4d924b60bcd5b61ff391060fd86ed06f	5c064e412dabffa73b4ec28aa06c756d	fe3714ba1c611d1cd6d0682dd7c30ced
18339	4d924b60bcd5b61ff391060fd86ed06f	5c064e412dabffa73b4ec28aa06c756d	fe3714ba1c611d1cd6d0682dd7c30ced
18340	4d924b60bcd5b61ff391060fd86ed06f	5c064e412dabffa73b4ec28aa06c756d	fe3714ba1c611d1cd6d0682dd7c30ced
18341	4d924b60bcd5b61ff391060fd86ed06f	5c064e412dabffa73b4ec28aa06c756d	fe3714ba1c611d1cd6d0682dd7c30ced
18342	4d924b60bcd5b61ff391060fd86ed06f	5c064e412dabffa73b4ec28aa06c756d	fe3714ba1c611d1cd6d0682dd7c30ced
18343	1900170604abea938cd21aa531736c09	8d1cfaabbe785f61c2b1e5e8943254ef	c182ad7541d84137e28c8d5fa9950af4
18344	1900170604abea938cd21aa531736c09	8d1cfaabbe785f61c2b1e5e8943254ef	c182ad7541d84137e28c8d5fa9950af4
18345	1900170604abea938cd21aa531736c09	8d1cfaabbe785f61c2b1e5e8943254ef	c182ad7541d84137e28c8d5fa9950af4
18346	1900170604abea938cd21aa531736c09	8d1cfaabbe785f61c2b1e5e8943254ef	c182ad7541d84137e28c8d5fa9950af4
18347	1900170604abea938cd21aa531736c09	8d1cfaabbe785f61c2b1e5e8943254ef	c182ad7541d84137e28c8d5fa9950af4
18348	982a1e7602c8079e4cd38f404d4450f5	e2ca24ed46fffc695e617d7300e7ce94	a3230d05af229f0c2e4f79a829ecbf6e
18349	982a1e7602c8079e4cd38f404d4450f5	e2ca24ed46fffc695e617d7300e7ce94	a3230d05af229f0c2e4f79a829ecbf6e
18350	982a1e7602c8079e4cd38f404d4450f5	e2ca24ed46fffc695e617d7300e7ce94	a3230d05af229f0c2e4f79a829ecbf6e
18351	982a1e7602c8079e4cd38f404d4450f5	e2ca24ed46fffc695e617d7300e7ce94	a3230d05af229f0c2e4f79a829ecbf6e
18352	982a1e7602c8079e4cd38f404d4450f5	e2ca24ed46fffc695e617d7300e7ce94	a3230d05af229f0c2e4f79a829ecbf6e
18353	982a1e7602c8079e4cd38f404d4450f5	e2ca24ed46fffc695e617d7300e7ce94	a3230d05af229f0c2e4f79a829ecbf6e
18354	982a1e7602c8079e4cd38f404d4450f5	e2ca24ed46fffc695e617d7300e7ce94	a3230d05af229f0c2e4f79a829ecbf6e
18355	723f54df0758a3c1cc97d4def432a8cc	7e18b907fe5cd6b1246ddf57828ec691	7700bcd52864405dc79220d9914f75a2
18356	723f54df0758a3c1cc97d4def432a8cc	7e18b907fe5cd6b1246ddf57828ec691	7700bcd52864405dc79220d9914f75a2
18357	723f54df0758a3c1cc97d4def432a8cc	7e18b907fe5cd6b1246ddf57828ec691	7700bcd52864405dc79220d9914f75a2
18358	723f54df0758a3c1cc97d4def432a8cc	7e18b907fe5cd6b1246ddf57828ec691	7700bcd52864405dc79220d9914f75a2
18359	723f54df0758a3c1cc97d4def432a8cc	7e18b907fe5cd6b1246ddf57828ec691	7700bcd52864405dc79220d9914f75a2
18360	6676bf1e3824b18c973f364a2444bc52	05c4cb5b24171556439639eb7ee3a474	ae4a0746ee37069c085f50af687bebe6
18361	6676bf1e3824b18c973f364a2444bc52	05c4cb5b24171556439639eb7ee3a474	ae4a0746ee37069c085f50af687bebe6
18362	6676bf1e3824b18c973f364a2444bc52	05c4cb5b24171556439639eb7ee3a474	ae4a0746ee37069c085f50af687bebe6
18363	6676bf1e3824b18c973f364a2444bc52	05c4cb5b24171556439639eb7ee3a474	ae4a0746ee37069c085f50af687bebe6
18364	6676bf1e3824b18c973f364a2444bc52	05c4cb5b24171556439639eb7ee3a474	ae4a0746ee37069c085f50af687bebe6
18365	20488e706d11a591eb81250aa6028b62	254bc08782dee6d77e69dbd7aac7106a	57d1dfd606f9f6d864770e3d522b38ed
18366	20488e706d11a591eb81250aa6028b62	254bc08782dee6d77e69dbd7aac7106a	57d1dfd606f9f6d864770e3d522b38ed
18367	20488e706d11a591eb81250aa6028b62	254bc08782dee6d77e69dbd7aac7106a	57d1dfd606f9f6d864770e3d522b38ed
18368	20488e706d11a591eb81250aa6028b62	254bc08782dee6d77e69dbd7aac7106a	57d1dfd606f9f6d864770e3d522b38ed
18369	20488e706d11a591eb81250aa6028b62	254bc08782dee6d77e69dbd7aac7106a	57d1dfd606f9f6d864770e3d522b38ed
18370	e6911bcd3cda371c58698c97812bbbfa	9ec5432bd74b321688e6d745f2643b22	d7f2291ea041875b8e48113845de8bc1
18371	e6911bcd3cda371c58698c97812bbbfa	9ec5432bd74b321688e6d745f2643b22	d7f2291ea041875b8e48113845de8bc1
18372	cc626f5439add8c7e6f5792639ddd900	e8460ea9820fadab38214e19af25a815	767f7f91c45889212ade9d57dee1c4fa
18373	cc626f5439add8c7e6f5792639ddd900	e8460ea9820fadab38214e19af25a815	767f7f91c45889212ade9d57dee1c4fa
18374	cc626f5439add8c7e6f5792639ddd900	e8460ea9820fadab38214e19af25a815	767f7f91c45889212ade9d57dee1c4fa
18375	cc626f5439add8c7e6f5792639ddd900	e8460ea9820fadab38214e19af25a815	767f7f91c45889212ade9d57dee1c4fa
18376	cc626f5439add8c7e6f5792639ddd900	e8460ea9820fadab38214e19af25a815	767f7f91c45889212ade9d57dee1c4fa
18377	0d3a28a3f26e47a71005ea3bd7bc0557	420b049eb7ea76061f526f89aa01fd08	44219e57d6ffafa14800a361bd3b6d5a
18378	0d3a28a3f26e47a71005ea3bd7bc0557	420b049eb7ea76061f526f89aa01fd08	44219e57d6ffafa14800a361bd3b6d5a
18379	0d3a28a3f26e47a71005ea3bd7bc0557	420b049eb7ea76061f526f89aa01fd08	44219e57d6ffafa14800a361bd3b6d5a
18380	0d3a28a3f26e47a71005ea3bd7bc0557	420b049eb7ea76061f526f89aa01fd08	44219e57d6ffafa14800a361bd3b6d5a
18381	0d3a28a3f26e47a71005ea3bd7bc0557	420b049eb7ea76061f526f89aa01fd08	44219e57d6ffafa14800a361bd3b6d5a
18382	0d3a28a3f26e47a71005ea3bd7bc0557	420b049eb7ea76061f526f89aa01fd08	44219e57d6ffafa14800a361bd3b6d5a
18383	0d3a28a3f26e47a71005ea3bd7bc0557	420b049eb7ea76061f526f89aa01fd08	44219e57d6ffafa14800a361bd3b6d5a
18384	946bc202bddde13482260a83fcaa5253	212b54b608772054321b0d8ca379fd06	68345d21a08997f1a98d132dbc20db72
18385	84145aab28890e8fc8e93a149ceae656	77088d2ec8d5a64fddf9147d847021a6	ab45e604996c6bcc4e46e9691b8e68c9
18386	84145aab28890e8fc8e93a149ceae656	77088d2ec8d5a64fddf9147d847021a6	ab45e604996c6bcc4e46e9691b8e68c9
18387	84145aab28890e8fc8e93a149ceae656	77088d2ec8d5a64fddf9147d847021a6	ab45e604996c6bcc4e46e9691b8e68c9
18388	84145aab28890e8fc8e93a149ceae656	77088d2ec8d5a64fddf9147d847021a6	ab45e604996c6bcc4e46e9691b8e68c9
18389	84145aab28890e8fc8e93a149ceae656	77088d2ec8d5a64fddf9147d847021a6	ab45e604996c6bcc4e46e9691b8e68c9
18390	84145aab28890e8fc8e93a149ceae656	77088d2ec8d5a64fddf9147d847021a6	ab45e604996c6bcc4e46e9691b8e68c9
18391	84145aab28890e8fc8e93a149ceae656	77088d2ec8d5a64fddf9147d847021a6	ab45e604996c6bcc4e46e9691b8e68c9
18392	7b264006fb5b377f4a1cfdb355331f79	23a6819bbd4ac0dcaa8b7ee75dc40c17	658864784a20fb7e7a4fcd6cf455b6d9
18393	093a6e4ee2d135db9ffa1b7ecb3c3108	28fd8aa718a9a8dcdaf540740facd2c1	392de868ad9230ce889d0e0b65dd9990
18394	2e110020229c4c853ece3ba011b8e61a	74e242a242af6f75840c088c51bf5e0d	af910f6771426ac8088497f569027a6d
18395	2e110020229c4c853ece3ba011b8e61a	74e242a242af6f75840c088c51bf5e0d	af910f6771426ac8088497f569027a6d
18396	2e110020229c4c853ece3ba011b8e61a	74e242a242af6f75840c088c51bf5e0d	af910f6771426ac8088497f569027a6d
18397	2e110020229c4c853ece3ba011b8e61a	74e242a242af6f75840c088c51bf5e0d	af910f6771426ac8088497f569027a6d
18398	2e110020229c4c853ece3ba011b8e61a	74e242a242af6f75840c088c51bf5e0d	af910f6771426ac8088497f569027a6d
18399	2e110020229c4c853ece3ba011b8e61a	74e242a242af6f75840c088c51bf5e0d	af910f6771426ac8088497f569027a6d
18400	2e110020229c4c853ece3ba011b8e61a	74e242a242af6f75840c088c51bf5e0d	af910f6771426ac8088497f569027a6d
18401	45228e82a8aa165ad18c580c6138d948	01506b19a20a64b8fd2a2b50b7fb78cc	b1151b58c591f39eabf387a5a0d0d09f
18402	45228e82a8aa165ad18c580c6138d948	01506b19a20a64b8fd2a2b50b7fb78cc	b1151b58c591f39eabf387a5a0d0d09f
18403	45228e82a8aa165ad18c580c6138d948	01506b19a20a64b8fd2a2b50b7fb78cc	b1151b58c591f39eabf387a5a0d0d09f
18404	175818b7b8c569250c286605dabe26a1	dcea0e1f52d54d1da924960d3e24884d	215bf4ce62ba21c2f90fec8ceb48bed6
18405	61b55d600af6e411ed4e1c3415133e21	42b5fbadac3d3b1da2bdabb62da5f03f	94aed9b23f434095d947573a3f5009c9
18406	1918098168d77e316d9fa8f030ee00f2	256e3a15e5e23130b034e610c5b4aa06	0b5a856aaf51c093dd395b17be55a338
18407	1918098168d77e316d9fa8f030ee00f2	256e3a15e5e23130b034e610c5b4aa06	0b5a856aaf51c093dd395b17be55a338
18408	1918098168d77e316d9fa8f030ee00f2	256e3a15e5e23130b034e610c5b4aa06	0b5a856aaf51c093dd395b17be55a338
18409	1918098168d77e316d9fa8f030ee00f2	256e3a15e5e23130b034e610c5b4aa06	0b5a856aaf51c093dd395b17be55a338
18410	1918098168d77e316d9fa8f030ee00f2	256e3a15e5e23130b034e610c5b4aa06	0b5a856aaf51c093dd395b17be55a338
18411	1918098168d77e316d9fa8f030ee00f2	256e3a15e5e23130b034e610c5b4aa06	0b5a856aaf51c093dd395b17be55a338
18412	1918098168d77e316d9fa8f030ee00f2	256e3a15e5e23130b034e610c5b4aa06	0b5a856aaf51c093dd395b17be55a338
18413	a76e8607f31718278017ae6af76105a6	a7fda604c204fcfd113ef96fc930f9e5	78d1f1e7cf23f081061b3fd8f5473450
18414	a76e8607f31718278017ae6af76105a6	a7fda604c204fcfd113ef96fc930f9e5	78d1f1e7cf23f081061b3fd8f5473450
18415	a76e8607f31718278017ae6af76105a6	a88e18d33a71dba896faadb5122e257a	190cb09af41aec5684b753c83b985ebd
18416	a76e8607f31718278017ae6af76105a6	a7fda604c204fcfd113ef96fc930f9e5	78d1f1e7cf23f081061b3fd8f5473450
18417	a76e8607f31718278017ae6af76105a6	a7fda604c204fcfd113ef96fc930f9e5	78d1f1e7cf23f081061b3fd8f5473450
18418	3c35d5c6f8613bf54b6d7918e438943e	904f500a77076e4b112fd4454bbf0fce	19bc461b0133bee27e29235e7f3d12a6
18419	3c35d5c6f8613bf54b6d7918e438943e	904f500a77076e4b112fd4454bbf0fce	19bc461b0133bee27e29235e7f3d12a6
18420	3c35d5c6f8613bf54b6d7918e438943e	904f500a77076e4b112fd4454bbf0fce	19bc461b0133bee27e29235e7f3d12a6
18421	3c35d5c6f8613bf54b6d7918e438943e	904f500a77076e4b112fd4454bbf0fce	19bc461b0133bee27e29235e7f3d12a6
18422	3c35d5c6f8613bf54b6d7918e438943e	904f500a77076e4b112fd4454bbf0fce	19bc461b0133bee27e29235e7f3d12a6
18423	3c35d5c6f8613bf54b6d7918e438943e	904f500a77076e4b112fd4454bbf0fce	19bc461b0133bee27e29235e7f3d12a6
18424	3c35d5c6f8613bf54b6d7918e438943e	904f500a77076e4b112fd4454bbf0fce	19bc461b0133bee27e29235e7f3d12a6
18425	720e66f7962e97f4c19b102250b885e5	c806241f65f27b6f55632fe14a23abe1	224f3c0f21dfb3427253784c4470d140
18426	720e66f7962e97f4c19b102250b885e5	c806241f65f27b6f55632fe14a23abe1	224f3c0f21dfb3427253784c4470d140
18427	720e66f7962e97f4c19b102250b885e5	c806241f65f27b6f55632fe14a23abe1	224f3c0f21dfb3427253784c4470d140
18428	720e66f7962e97f4c19b102250b885e5	c806241f65f27b6f55632fe14a23abe1	224f3c0f21dfb3427253784c4470d140
18429	720e66f7962e97f4c19b102250b885e5	c806241f65f27b6f55632fe14a23abe1	224f3c0f21dfb3427253784c4470d140
18430	720e66f7962e97f4c19b102250b885e5	c806241f65f27b6f55632fe14a23abe1	224f3c0f21dfb3427253784c4470d140
18431	720e66f7962e97f4c19b102250b885e5	c806241f65f27b6f55632fe14a23abe1	224f3c0f21dfb3427253784c4470d140
18432	720e66f7962e97f4c19b102250b885e5	c806241f65f27b6f55632fe14a23abe1	224f3c0f21dfb3427253784c4470d140
18433	720e66f7962e97f4c19b102250b885e5	c806241f65f27b6f55632fe14a23abe1	224f3c0f21dfb3427253784c4470d140
18434	720e66f7962e97f4c19b102250b885e5	c806241f65f27b6f55632fe14a23abe1	224f3c0f21dfb3427253784c4470d140
18435	d20f405de767d0ee5bbc05f0f19332c8	596402f71968eeecbc7a1824067cfb47	b982db44a149210bc13195cbf64191d2
18436	d20f405de767d0ee5bbc05f0f19332c8	596402f71968eeecbc7a1824067cfb47	b982db44a149210bc13195cbf64191d2
18437	d20f405de767d0ee5bbc05f0f19332c8	596402f71968eeecbc7a1824067cfb47	b982db44a149210bc13195cbf64191d2
18438	d20f405de767d0ee5bbc05f0f19332c8	596402f71968eeecbc7a1824067cfb47	b982db44a149210bc13195cbf64191d2
18439	d20f405de767d0ee5bbc05f0f19332c8	596402f71968eeecbc7a1824067cfb47	b982db44a149210bc13195cbf64191d2
18440	d20f405de767d0ee5bbc05f0f19332c8	596402f71968eeecbc7a1824067cfb47	b982db44a149210bc13195cbf64191d2
18441	d20f405de767d0ee5bbc05f0f19332c8	596402f71968eeecbc7a1824067cfb47	b982db44a149210bc13195cbf64191d2
18442	24611e02d6f39eb2afea975772807772	9d474fac0260c297b6fdb8355d9e4296	a352bde7563b7b178a55760286cbfc47
18443	24611e02d6f39eb2afea975772807772	9d474fac0260c297b6fdb8355d9e4296	a352bde7563b7b178a55760286cbfc47
18444	24611e02d6f39eb2afea975772807772	9d474fac0260c297b6fdb8355d9e4296	a352bde7563b7b178a55760286cbfc47
18445	b426ebd2adff067c7b514bf9fca179c1	f6d1ed21e577942468025e85cfe511af	0142d79b7eef26ea673d92fe3f2191ca
18446	b426ebd2adff067c7b514bf9fca179c1	f6d1ed21e577942468025e85cfe511af	0142d79b7eef26ea673d92fe3f2191ca
18447	f049035b63dee05053b54259507998cf	7f3444b28039725edf512b6d3909e82d	70165baaf376b83a6c5ffda7922ba1d2
18448	f049035b63dee05053b54259507998cf	7f3444b28039725edf512b6d3909e82d	70165baaf376b83a6c5ffda7922ba1d2
18449	f049035b63dee05053b54259507998cf	7f3444b28039725edf512b6d3909e82d	70165baaf376b83a6c5ffda7922ba1d2
18450	2d4c146b2c3265469ea3a27cff472ec2	27066039df23f888be49340b0f131eb8	a849a5d62055037ce686018892f3de79
18451	2d4c146b2c3265469ea3a27cff472ec2	27066039df23f888be49340b0f131eb8	a849a5d62055037ce686018892f3de79
18452	f049035b63dee05053b54259507998cf	7f3444b28039725edf512b6d3909e82d	70165baaf376b83a6c5ffda7922ba1d2
18453	f049035b63dee05053b54259507998cf	7f3444b28039725edf512b6d3909e82d	70165baaf376b83a6c5ffda7922ba1d2
18454	2cdd9b127a805f623b0a15b556cb630f	2ce0b76895512e89e19a0aa9ea892121	d3cb2138c0f800d52a9dae9684c45de2
18455	2cdd9b127a805f623b0a15b556cb630f	2ce0b76895512e89e19a0aa9ea892121	d3cb2138c0f800d52a9dae9684c45de2
18456	2cdd9b127a805f623b0a15b556cb630f	2ce0b76895512e89e19a0aa9ea892121	d3cb2138c0f800d52a9dae9684c45de2
18457	790289d740701f298f5bb759980f0cbe	9025f082b4fae361a6842bbdecb3918c	07560aff4a399c1ecf76178b2880b7f5
18458	790289d740701f298f5bb759980f0cbe	9025f082b4fae361a6842bbdecb3918c	07560aff4a399c1ecf76178b2880b7f5
18459	10dbc1c61a4d09cb0f4134b57da8611c	a8c1c991bbf8e86a37064029d00b9038	9444a80fd13857c588978d0084f955d8
18460	10dbc1c61a4d09cb0f4134b57da8611c	a8c1c991bbf8e86a37064029d00b9038	9444a80fd13857c588978d0084f955d8
18461	10dbc1c61a4d09cb0f4134b57da8611c	a8c1c991bbf8e86a37064029d00b9038	9444a80fd13857c588978d0084f955d8
18462	10dbc1c61a4d09cb0f4134b57da8611c	a8c1c991bbf8e86a37064029d00b9038	9444a80fd13857c588978d0084f955d8
18463	10dbc1c61a4d09cb0f4134b57da8611c	a8c1c991bbf8e86a37064029d00b9038	9444a80fd13857c588978d0084f955d8
18464	b52ee7da7c48c64ee49afdde6d1affd4	3c92a79d59c259de9f5109d3fe2a275b	ba5cab6d563e71316d9656232354beeb
18465	b52ee7da7c48c64ee49afdde6d1affd4	3c92a79d59c259de9f5109d3fe2a275b	ba5cab6d563e71316d9656232354beeb
18466	b52ee7da7c48c64ee49afdde6d1affd4	3c92a79d59c259de9f5109d3fe2a275b	ba5cab6d563e71316d9656232354beeb
18467	1d08e37a663ebc810ea39b9e55d98d32	77e9ac11463eabfedfd044c9f1edf068	83e87483c229306ebfdc7d221ad685a5
18468	1d08e37a663ebc810ea39b9e55d98d32	77e9ac11463eabfedfd044c9f1edf068	83e87483c229306ebfdc7d221ad685a5
18469	1d08e37a663ebc810ea39b9e55d98d32	77e9ac11463eabfedfd044c9f1edf068	83e87483c229306ebfdc7d221ad685a5
18470	1d08e37a663ebc810ea39b9e55d98d32	77e9ac11463eabfedfd044c9f1edf068	83e87483c229306ebfdc7d221ad685a5
18471	2f4970dfd4187a97a07cbd1b3d45af0d	1e5cce6a384780d821deaa84e8bd8122	86469ad6279b93c46e2b5ee08de65fff
18472	2f4970dfd4187a97a07cbd1b3d45af0d	1e5cce6a384780d821deaa84e8bd8122	86469ad6279b93c46e2b5ee08de65fff
18473	2f4970dfd4187a97a07cbd1b3d45af0d	1e5cce6a384780d821deaa84e8bd8122	86469ad6279b93c46e2b5ee08de65fff
18474	2f4970dfd4187a97a07cbd1b3d45af0d	1e5cce6a384780d821deaa84e8bd8122	86469ad6279b93c46e2b5ee08de65fff
18475	6f0d1320a4b1aaf4556a9e1f3325f135	813015ce40f0a75666b5f85c40449db2	5751b7699b7e1fcc9b247878973d0d5e
18476	e62f9608bc9c85528e9610080736b6a2	052e61d201becef714d008e8b3a10f76	1967594be574e4f5f75324864edc5c97
18477	e62f9608bc9c85528e9610080736b6a2	052e61d201becef714d008e8b3a10f76	1967594be574e4f5f75324864edc5c97
18478	e62f9608bc9c85528e9610080736b6a2	052e61d201becef714d008e8b3a10f76	1967594be574e4f5f75324864edc5c97
18479	e62f9608bc9c85528e9610080736b6a2	052e61d201becef714d008e8b3a10f76	1967594be574e4f5f75324864edc5c97
18480	e62f9608bc9c85528e9610080736b6a2	052e61d201becef714d008e8b3a10f76	1967594be574e4f5f75324864edc5c97
18481	e62f9608bc9c85528e9610080736b6a2	052e61d201becef714d008e8b3a10f76	1967594be574e4f5f75324864edc5c97
18482	e62f9608bc9c85528e9610080736b6a2	052e61d201becef714d008e8b3a10f76	1967594be574e4f5f75324864edc5c97
18483	91b558f1ee46c85de30302f9a613daf1	d630e6a30051f243ba589fd421ed3bee	bc0dd1b2ecbe767ca1b452b7f0887319
18484	91b558f1ee46c85de30302f9a613daf1	d630e6a30051f243ba589fd421ed3bee	bc0dd1b2ecbe767ca1b452b7f0887319
18485	91b558f1ee46c85de30302f9a613daf1	d630e6a30051f243ba589fd421ed3bee	bc0dd1b2ecbe767ca1b452b7f0887319
18486	ac61683d7c3c377af2cc9dd6a63963f5	e27f6ad62e0588cdc04f64212a5a4782	f916a6f67264f6ebe80222b570ebd04e
18487	91b558f1ee46c85de30302f9a613daf1	d630e6a30051f243ba589fd421ed3bee	bc0dd1b2ecbe767ca1b452b7f0887319
18488	541d88c4175b917563d3e20141d3e48a	ae7ada03e82660def182923b1901187c	4063c75822ef4e705eb41529ce43122b
18489	541d88c4175b917563d3e20141d3e48a	ae7ada03e82660def182923b1901187c	4063c75822ef4e705eb41529ce43122b
18490	541d88c4175b917563d3e20141d3e48a	ae7ada03e82660def182923b1901187c	4063c75822ef4e705eb41529ce43122b
18491	541d88c4175b917563d3e20141d3e48a	ae7ada03e82660def182923b1901187c	4063c75822ef4e705eb41529ce43122b
18492	541d88c4175b917563d3e20141d3e48a	ae7ada03e82660def182923b1901187c	4063c75822ef4e705eb41529ce43122b
18493	541d88c4175b917563d3e20141d3e48a	ae7ada03e82660def182923b1901187c	4063c75822ef4e705eb41529ce43122b
18494	541d88c4175b917563d3e20141d3e48a	ae7ada03e82660def182923b1901187c	4063c75822ef4e705eb41529ce43122b
18495	0fd2b3e47a8401bdd78c5fd9a696b020	911c1eb2c629249760bb71ced073a656	d05f5e5d61efb3d1967ba597e94168f7
18496	0fd2b3e47a8401bdd78c5fd9a696b020	911c1eb2c629249760bb71ced073a656	d05f5e5d61efb3d1967ba597e94168f7
18497	0fd2b3e47a8401bdd78c5fd9a696b020	911c1eb2c629249760bb71ced073a656	d05f5e5d61efb3d1967ba597e94168f7
18498	0fd2b3e47a8401bdd78c5fd9a696b020	911c1eb2c629249760bb71ced073a656	d05f5e5d61efb3d1967ba597e94168f7
18499	0fd2b3e47a8401bdd78c5fd9a696b020	911c1eb2c629249760bb71ced073a656	d05f5e5d61efb3d1967ba597e94168f7
18500	69e548a6eceb6463fc7d388c616e9257	6185e08e75f017f74798bc89699097df	9ccc2df97374b018b1f2d4bf0b48948b
18501	69e548a6eceb6463fc7d388c616e9257	6185e08e75f017f74798bc89699097df	9ccc2df97374b018b1f2d4bf0b48948b
18502	69e548a6eceb6463fc7d388c616e9257	6185e08e75f017f74798bc89699097df	9ccc2df97374b018b1f2d4bf0b48948b
18503	69e548a6eceb6463fc7d388c616e9257	6185e08e75f017f74798bc89699097df	9ccc2df97374b018b1f2d4bf0b48948b
18504	69e548a6eceb6463fc7d388c616e9257	6185e08e75f017f74798bc89699097df	9ccc2df97374b018b1f2d4bf0b48948b
18505	8e207ad4e9de08ea967e895531f3dc88	ab40f0ce4fa23bbe4ed7f79fba296daa	e1780bce0e989bed191fba2537cfc41b
18506	8e207ad4e9de08ea967e895531f3dc88	ab40f0ce4fa23bbe4ed7f79fba296daa	e1780bce0e989bed191fba2537cfc41b
18507	8e207ad4e9de08ea967e895531f3dc88	ab40f0ce4fa23bbe4ed7f79fba296daa	e1780bce0e989bed191fba2537cfc41b
18508	7f04ad3a881915cde02fa0fa0325dccd	f42b592d46e3cd2378bd7a2bb5304781	68361d912724cf080817c4feac962e03
18509	7f04ad3a881915cde02fa0fa0325dccd	f42b592d46e3cd2378bd7a2bb5304781	68361d912724cf080817c4feac962e03
18510	19034537f53321f2298bca45d335bb97	a9263e36cfb48bb1b62caf3346947620	f3ec9e23237c2131518e32366b56f883
18511	19034537f53321f2298bca45d335bb97	a9263e36cfb48bb1b62caf3346947620	f3ec9e23237c2131518e32366b56f883
18512	3e44d9a3ed049b1243780039f1b14ab3	eec8d4199fa6d59775b58739aaed0952	ac84aef10800691c5a971e5964f0ba03
18513	3e44d9a3ed049b1243780039f1b14ab3	eec8d4199fa6d59775b58739aaed0952	ac84aef10800691c5a971e5964f0ba03
18514	3e44d9a3ed049b1243780039f1b14ab3	eec8d4199fa6d59775b58739aaed0952	ac84aef10800691c5a971e5964f0ba03
18515	3e44d9a3ed049b1243780039f1b14ab3	de5186539986ea2285e3078dcccea413	1209ebb5da119dfd11588ab8d90a3fc8
18516	2f7babf59eac26a7bf80a64ff43cc4a8	34fe0bdd1014210c98e415c10516c5f3	f3558ffd4864c5356e33928779fd3566
18517	c22fbce4f6ebe13431eec761bd1df6bb	e6b19ace9a98c699cdc95fdfd8aa40cc	956465f1b06b64bce351ca43b58834cb
18518	c22fbce4f6ebe13431eec761bd1df6bb	e6b19ace9a98c699cdc95fdfd8aa40cc	956465f1b06b64bce351ca43b58834cb
18519	c22fbce4f6ebe13431eec761bd1df6bb	e6b19ace9a98c699cdc95fdfd8aa40cc	956465f1b06b64bce351ca43b58834cb
18520	c22fbce4f6ebe13431eec761bd1df6bb	e6b19ace9a98c699cdc95fdfd8aa40cc	956465f1b06b64bce351ca43b58834cb
18521	c22fbce4f6ebe13431eec761bd1df6bb	e6b19ace9a98c699cdc95fdfd8aa40cc	956465f1b06b64bce351ca43b58834cb
18522	c22fbce4f6ebe13431eec761bd1df6bb	e6b19ace9a98c699cdc95fdfd8aa40cc	956465f1b06b64bce351ca43b58834cb
18523	c22fbce4f6ebe13431eec761bd1df6bb	e6b19ace9a98c699cdc95fdfd8aa40cc	956465f1b06b64bce351ca43b58834cb
18524	277ee3545afcd499456ac0e55cfb43b0	6a86a039e201d7769609b7c2aa3b8339	3fee348045b2db5d7c8d5d710afd5b67
18525	277ee3545afcd499456ac0e55cfb43b0	6a86a039e201d7769609b7c2aa3b8339	3fee348045b2db5d7c8d5d710afd5b67
18526	277ee3545afcd499456ac0e55cfb43b0	6a86a039e201d7769609b7c2aa3b8339	3fee348045b2db5d7c8d5d710afd5b67
18527	277ee3545afcd499456ac0e55cfb43b0	6a86a039e201d7769609b7c2aa3b8339	3fee348045b2db5d7c8d5d710afd5b67
18528	5b6d9e83eb7b89fa7aa87a820d84bb39	858e9609e672d6547e933165016bfa99	709bf7baafe1e81e518aa9933216561b
18529	277ee3545afcd499456ac0e55cfb43b0	6a86a039e201d7769609b7c2aa3b8339	3fee348045b2db5d7c8d5d710afd5b67
18530	277ee3545afcd499456ac0e55cfb43b0	6a86a039e201d7769609b7c2aa3b8339	3fee348045b2db5d7c8d5d710afd5b67
18531	277ee3545afcd499456ac0e55cfb43b0	6a86a039e201d7769609b7c2aa3b8339	3fee348045b2db5d7c8d5d710afd5b67
18532	986b9e8c9bd86ad0bd4e7102ed3a59c6	2708c170b244df5df2be445d72e42e83	197830614d340af654fbe3e2fa57ee07
18533	a54081a8553530f4da9b87b7626fd5c6	7fceb60a18e969c49e8f1bc68fbf8213	3ac647d10a54e43e257b6f280cc1a8a6
18534	626efed80c5ed21b0856b56168168bd6	584e531defefc47d83b416837e6a9ecc	299224e6aa4e74d4ac05143656fe04f1
18535	626efed80c5ed21b0856b56168168bd6	584e531defefc47d83b416837e6a9ecc	299224e6aa4e74d4ac05143656fe04f1
18536	626efed80c5ed21b0856b56168168bd6	584e531defefc47d83b416837e6a9ecc	299224e6aa4e74d4ac05143656fe04f1
18537	626efed80c5ed21b0856b56168168bd6	584e531defefc47d83b416837e6a9ecc	299224e6aa4e74d4ac05143656fe04f1
18538	626efed80c5ed21b0856b56168168bd6	584e531defefc47d83b416837e6a9ecc	299224e6aa4e74d4ac05143656fe04f1
18539	626efed80c5ed21b0856b56168168bd6	584e531defefc47d83b416837e6a9ecc	299224e6aa4e74d4ac05143656fe04f1
18540	626efed80c5ed21b0856b56168168bd6	584e531defefc47d83b416837e6a9ecc	299224e6aa4e74d4ac05143656fe04f1
18541	2013248408f22e6146757cabf35509a7	81db08b31766dcef27b2ffd46ebbd6e6	e99f487f871e450cfb18939a320e4bf7
18542	2013248408f22e6146757cabf35509a7	81db08b31766dcef27b2ffd46ebbd6e6	e99f487f871e450cfb18939a320e4bf7
18543	2013248408f22e6146757cabf35509a7	81db08b31766dcef27b2ffd46ebbd6e6	e99f487f871e450cfb18939a320e4bf7
18544	2013248408f22e6146757cabf35509a7	81db08b31766dcef27b2ffd46ebbd6e6	e99f487f871e450cfb18939a320e4bf7
18545	2013248408f22e6146757cabf35509a7	81db08b31766dcef27b2ffd46ebbd6e6	e99f487f871e450cfb18939a320e4bf7
18546	14b1d732aef616cf4170c1369f4eb201	93a800f7d271b86b96fcd00cc64d2bba	77f9146aa6498fd33ea9961048be5a88
18547	14b1d732aef616cf4170c1369f4eb201	93a800f7d271b86b96fcd00cc64d2bba	77f9146aa6498fd33ea9961048be5a88
18548	14b1d732aef616cf4170c1369f4eb201	93a800f7d271b86b96fcd00cc64d2bba	77f9146aa6498fd33ea9961048be5a88
18549	14b1d732aef616cf4170c1369f4eb201	93a800f7d271b86b96fcd00cc64d2bba	77f9146aa6498fd33ea9961048be5a88
18550	14b1d732aef616cf4170c1369f4eb201	93a800f7d271b86b96fcd00cc64d2bba	77f9146aa6498fd33ea9961048be5a88
18551	14b1d732aef616cf4170c1369f4eb201	93a800f7d271b86b96fcd00cc64d2bba	77f9146aa6498fd33ea9961048be5a88
18552	14b1d732aef616cf4170c1369f4eb201	93a800f7d271b86b96fcd00cc64d2bba	77f9146aa6498fd33ea9961048be5a88
18553	14b1d732aef616cf4170c1369f4eb201	93a800f7d271b86b96fcd00cc64d2bba	77f9146aa6498fd33ea9961048be5a88
18554	14b1d732aef616cf4170c1369f4eb201	93a800f7d271b86b96fcd00cc64d2bba	77f9146aa6498fd33ea9961048be5a88
18555	14b1d732aef616cf4170c1369f4eb201	93a800f7d271b86b96fcd00cc64d2bba	77f9146aa6498fd33ea9961048be5a88
18556	14b1d732aef616cf4170c1369f4eb201	93a800f7d271b86b96fcd00cc64d2bba	77f9146aa6498fd33ea9961048be5a88
18557	14b1d732aef616cf4170c1369f4eb201	93a800f7d271b86b96fcd00cc64d2bba	77f9146aa6498fd33ea9961048be5a88
18558	14b1d732aef616cf4170c1369f4eb201	93a800f7d271b86b96fcd00cc64d2bba	77f9146aa6498fd33ea9961048be5a88
18559	14b1d732aef616cf4170c1369f4eb201	93a800f7d271b86b96fcd00cc64d2bba	77f9146aa6498fd33ea9961048be5a88
18560	14b1d732aef616cf4170c1369f4eb201	93a800f7d271b86b96fcd00cc64d2bba	77f9146aa6498fd33ea9961048be5a88
18561	14b1d732aef616cf4170c1369f4eb201	93a800f7d271b86b96fcd00cc64d2bba	77f9146aa6498fd33ea9961048be5a88
18562	f8372a319c9835999515e983b53478fa	a96a4450633c54b07679b5dfd23cd649	bb4b3284b63ef122cdaa4051e10090f7
18563	6b9d3a2864ccbc1f608a407f5c134414	060857a4113c474e0ba6a878f9c4a84d	31f11997affe9a37646f96ef44a8b5d9
18564	6b9d3a2864ccbc1f608a407f5c134414	060857a4113c474e0ba6a878f9c4a84d	31f11997affe9a37646f96ef44a8b5d9
18565	6b9d3a2864ccbc1f608a407f5c134414	060857a4113c474e0ba6a878f9c4a84d	31f11997affe9a37646f96ef44a8b5d9
18566	6b9d3a2864ccbc1f608a407f5c134414	060857a4113c474e0ba6a878f9c4a84d	31f11997affe9a37646f96ef44a8b5d9
18567	6b9d3a2864ccbc1f608a407f5c134414	060857a4113c474e0ba6a878f9c4a84d	31f11997affe9a37646f96ef44a8b5d9
18568	6b9d3a2864ccbc1f608a407f5c134414	060857a4113c474e0ba6a878f9c4a84d	31f11997affe9a37646f96ef44a8b5d9
18569	6b9d3a2864ccbc1f608a407f5c134414	060857a4113c474e0ba6a878f9c4a84d	31f11997affe9a37646f96ef44a8b5d9
18570	7c756d481818d5197bcc2b3cecaf098f	abd8d206b55bd224e354901fe0b09228	444d973a9103dc313b1595f13b5bab37
18571	3dc0bf5229f1f377dc5d5b1b63ac665d	33e0803c3000d56722fb916c29fe28b2	9ffcd037e5d1e06c39ed4913ba77bb81
18572	3dc0bf5229f1f377dc5d5b1b63ac665d	33e0803c3000d56722fb916c29fe28b2	9ffcd037e5d1e06c39ed4913ba77bb81
18573	fb4ef2a54b9df1bded1c7564e3763638	6701b279821a273526588846f2f07c84	9f9fc1897b426e9abacfd9d47b2600bb
18574	fb4ef2a54b9df1bded1c7564e3763638	6701b279821a273526588846f2f07c84	9f9fc1897b426e9abacfd9d47b2600bb
18575	b80da4244ac8d3b3d8a97f8f720550be	44483c74227df7570d971ed998da5e59	fcc1223c43b408050dc6c710de702bd7
18576	b80da4244ac8d3b3d8a97f8f720550be	44483c74227df7570d971ed998da5e59	fcc1223c43b408050dc6c710de702bd7
18577	b80da4244ac8d3b3d8a97f8f720550be	44483c74227df7570d971ed998da5e59	fcc1223c43b408050dc6c710de702bd7
18578	b80da4244ac8d3b3d8a97f8f720550be	44483c74227df7570d971ed998da5e59	fcc1223c43b408050dc6c710de702bd7
18579	b80da4244ac8d3b3d8a97f8f720550be	44483c74227df7570d971ed998da5e59	fcc1223c43b408050dc6c710de702bd7
18580	83932a279f5121f07bd716e6e9933ea0	5e9ae63e154156840ba71b84a0a542bb	04db6d80a4d166800682637726771819
18581	b80da4244ac8d3b3d8a97f8f720550be	44483c74227df7570d971ed998da5e59	fcc1223c43b408050dc6c710de702bd7
18582	23ff4e35c0e73070978e6c478fbc619b	2d17ee8518193990466accc485084026	a0c4784413322424a7100916cf6c1f3d
18583	1ca13e0b301316a4bed903e26241d81a	cb8b2cbab3e8fc2c31c4b39b100f2780	43c052a95ab390da8099f3270a04c316
18584	23ff4e35c0e73070978e6c478fbc619b	2d17ee8518193990466accc485084026	a0c4784413322424a7100916cf6c1f3d
18585	f6ae15e05f796609ca6b871332ebf803	6e295bf3143936e93ee3fd8a934ebaab	93c291dc73ab97d235ad8fa77bbaed84
18586	f6ae15e05f796609ca6b871332ebf803	6e295bf3143936e93ee3fd8a934ebaab	93c291dc73ab97d235ad8fa77bbaed84
18587	da171eeb365195a4fde3974e9bee7f24	35080331be52225a89240261789047cd	e0d35f512ab5cff871a63770a324a627
18588	da171eeb365195a4fde3974e9bee7f24	35080331be52225a89240261789047cd	e0d35f512ab5cff871a63770a324a627
18589	da171eeb365195a4fde3974e9bee7f24	35080331be52225a89240261789047cd	e0d35f512ab5cff871a63770a324a627
18590	da171eeb365195a4fde3974e9bee7f24	35080331be52225a89240261789047cd	e0d35f512ab5cff871a63770a324a627
18591	da171eeb365195a4fde3974e9bee7f24	35080331be52225a89240261789047cd	e0d35f512ab5cff871a63770a324a627
18592	da171eeb365195a4fde3974e9bee7f24	35080331be52225a89240261789047cd	e0d35f512ab5cff871a63770a324a627
18593	da171eeb365195a4fde3974e9bee7f24	35080331be52225a89240261789047cd	e0d35f512ab5cff871a63770a324a627
18594	508c7ca3c25c43fcfc2cf66359f6a052	0f94162c97c65ac55917e3551598b8b1	bb79aab5d3148b39fd0b43f4dd08fc0d
18595	508c7ca3c25c43fcfc2cf66359f6a052	0f94162c97c65ac55917e3551598b8b1	bb79aab5d3148b39fd0b43f4dd08fc0d
18596	508c7ca3c25c43fcfc2cf66359f6a052	0f94162c97c65ac55917e3551598b8b1	bb79aab5d3148b39fd0b43f4dd08fc0d
18597	508c7ca3c25c43fcfc2cf66359f6a052	0f94162c97c65ac55917e3551598b8b1	bb79aab5d3148b39fd0b43f4dd08fc0d
18598	508c7ca3c25c43fcfc2cf66359f6a052	0f94162c97c65ac55917e3551598b8b1	bb79aab5d3148b39fd0b43f4dd08fc0d
18599	508c7ca3c25c43fcfc2cf66359f6a052	0f94162c97c65ac55917e3551598b8b1	bb79aab5d3148b39fd0b43f4dd08fc0d
18600	508c7ca3c25c43fcfc2cf66359f6a052	0f94162c97c65ac55917e3551598b8b1	bb79aab5d3148b39fd0b43f4dd08fc0d
18601	508c7ca3c25c43fcfc2cf66359f6a052	0f94162c97c65ac55917e3551598b8b1	bb79aab5d3148b39fd0b43f4dd08fc0d
18602	508c7ca3c25c43fcfc2cf66359f6a052	0f94162c97c65ac55917e3551598b8b1	bb79aab5d3148b39fd0b43f4dd08fc0d
18603	508c7ca3c25c43fcfc2cf66359f6a052	0f94162c97c65ac55917e3551598b8b1	bb79aab5d3148b39fd0b43f4dd08fc0d
18604	fce6c08f5bbd8b838b5db09e1121acae	f0869c03db0eeecf987b40a16a935f06	4cfb2f562a00ab3154689fe244d3bdae
18605	fce6c08f5bbd8b838b5db09e1121acae	f0869c03db0eeecf987b40a16a935f06	4cfb2f562a00ab3154689fe244d3bdae
18606	fce6c08f5bbd8b838b5db09e1121acae	f0869c03db0eeecf987b40a16a935f06	4cfb2f562a00ab3154689fe244d3bdae
18607	fce6c08f5bbd8b838b5db09e1121acae	f0869c03db0eeecf987b40a16a935f06	4cfb2f562a00ab3154689fe244d3bdae
18608	fce6c08f5bbd8b838b5db09e1121acae	f0869c03db0eeecf987b40a16a935f06	4cfb2f562a00ab3154689fe244d3bdae
18609	fce6c08f5bbd8b838b5db09e1121acae	f0869c03db0eeecf987b40a16a935f06	4cfb2f562a00ab3154689fe244d3bdae
18610	fce6c08f5bbd8b838b5db09e1121acae	f0869c03db0eeecf987b40a16a935f06	4cfb2f562a00ab3154689fe244d3bdae
18611	861ebb59a3b5da96a40911bc3b723e01	f305e3a08e3223a19c5bcf62363ba8a2	19095eff24b527c90d05e03d4b2cb359
18612	861ebb59a3b5da96a40911bc3b723e01	f305e3a08e3223a19c5bcf62363ba8a2	19095eff24b527c90d05e03d4b2cb359
18613	861ebb59a3b5da96a40911bc3b723e01	f305e3a08e3223a19c5bcf62363ba8a2	19095eff24b527c90d05e03d4b2cb359
18614	861ebb59a3b5da96a40911bc3b723e01	f305e3a08e3223a19c5bcf62363ba8a2	19095eff24b527c90d05e03d4b2cb359
18615	861ebb59a3b5da96a40911bc3b723e01	f305e3a08e3223a19c5bcf62363ba8a2	19095eff24b527c90d05e03d4b2cb359
18616	aa388adc6f3ba80584d1807e5ba134e5	0580619cdea16404ec595f207ba81e7d	ec1b73bc6f682b13df1cc6401670e1fd
18617	aa388adc6f3ba80584d1807e5ba134e5	0580619cdea16404ec595f207ba81e7d	ec1b73bc6f682b13df1cc6401670e1fd
18618	aa388adc6f3ba80584d1807e5ba134e5	0580619cdea16404ec595f207ba81e7d	ec1b73bc6f682b13df1cc6401670e1fd
18619	aa388adc6f3ba80584d1807e5ba134e5	0580619cdea16404ec595f207ba81e7d	ec1b73bc6f682b13df1cc6401670e1fd
18620	aa388adc6f3ba80584d1807e5ba134e5	0580619cdea16404ec595f207ba81e7d	ec1b73bc6f682b13df1cc6401670e1fd
18621	aa388adc6f3ba80584d1807e5ba134e5	0580619cdea16404ec595f207ba81e7d	ec1b73bc6f682b13df1cc6401670e1fd
18622	aa388adc6f3ba80584d1807e5ba134e5	0580619cdea16404ec595f207ba81e7d	ec1b73bc6f682b13df1cc6401670e1fd
18623	59e9ce8125326a902063a2e1eefd3ba1	33a2b630469e0a314d61f0f2e079c286	a360afe140912869a5df683b2e7e2a4f
18624	59e9ce8125326a902063a2e1eefd3ba1	33a2b630469e0a314d61f0f2e079c286	a360afe140912869a5df683b2e7e2a4f
18625	59e9ce8125326a902063a2e1eefd3ba1	33a2b630469e0a314d61f0f2e079c286	a360afe140912869a5df683b2e7e2a4f
18626	59e9ce8125326a902063a2e1eefd3ba1	33a2b630469e0a314d61f0f2e079c286	a360afe140912869a5df683b2e7e2a4f
18627	59e9ce8125326a902063a2e1eefd3ba1	33a2b630469e0a314d61f0f2e079c286	a360afe140912869a5df683b2e7e2a4f
18628	a78e6c3c601661a3b7d89ec645c7f0e6	d298b2b983dd0dcbbb65828722e3ae7e	91f462cdfb1ec48423d1aa6aff0a70d3
18629	31ecd8096f0358dbae9afa6ea94acea6	27d1aa559e00d6991dc69c8d6338b16a	50bae9671dd1c608b0bc45f1ce67b4d4
18630	a78e6c3c601661a3b7d89ec645c7f0e6	d298b2b983dd0dcbbb65828722e3ae7e	91f462cdfb1ec48423d1aa6aff0a70d3
18631	5c8591739199ab80f0e59872e1c33446	36488b165943ec08e7c40bf876d2905f	576369c7f52ba19853b077d3811e5c48
18632	5c8591739199ab80f0e59872e1c33446	36488b165943ec08e7c40bf876d2905f	576369c7f52ba19853b077d3811e5c48
18633	203acc5c7fefc34ddcb5c88b23ed7d6d	80b0efbfc1ae91aff6cb1b5dd8284040	2c18330256ad2397065b176cf847767b
18634	203acc5c7fefc34ddcb5c88b23ed7d6d	80b0efbfc1ae91aff6cb1b5dd8284040	2c18330256ad2397065b176cf847767b
18635	203acc5c7fefc34ddcb5c88b23ed7d6d	80b0efbfc1ae91aff6cb1b5dd8284040	2c18330256ad2397065b176cf847767b
18636	203acc5c7fefc34ddcb5c88b23ed7d6d	80b0efbfc1ae91aff6cb1b5dd8284040	2c18330256ad2397065b176cf847767b
18637	203acc5c7fefc34ddcb5c88b23ed7d6d	80b0efbfc1ae91aff6cb1b5dd8284040	2c18330256ad2397065b176cf847767b
18638	203acc5c7fefc34ddcb5c88b23ed7d6d	80b0efbfc1ae91aff6cb1b5dd8284040	2c18330256ad2397065b176cf847767b
18639	203acc5c7fefc34ddcb5c88b23ed7d6d	80b0efbfc1ae91aff6cb1b5dd8284040	2c18330256ad2397065b176cf847767b
18640	9d586ec4e95628b2611a678f2474d98a	26178a7943932141f91339959273ff91	d4179feec9dd58331385614ddeb9408a
18641	9d586ec4e95628b2611a678f2474d98a	26178a7943932141f91339959273ff91	d4179feec9dd58331385614ddeb9408a
18642	9d586ec4e95628b2611a678f2474d98a	26178a7943932141f91339959273ff91	d4179feec9dd58331385614ddeb9408a
18643	9d586ec4e95628b2611a678f2474d98a	26178a7943932141f91339959273ff91	d4179feec9dd58331385614ddeb9408a
18644	9d586ec4e95628b2611a678f2474d98a	26178a7943932141f91339959273ff91	d4179feec9dd58331385614ddeb9408a
18645	e406c4d87a7cd5236eef40e0d38fa24c	1c48fdc77ef3f944bf5ac2c4563ba208	f6d12ed7a3051a2859a771bc00d39c46
18646	e406c4d87a7cd5236eef40e0d38fa24c	1c48fdc77ef3f944bf5ac2c4563ba208	f6d12ed7a3051a2859a771bc00d39c46
18647	e406c4d87a7cd5236eef40e0d38fa24c	1c48fdc77ef3f944bf5ac2c4563ba208	f6d12ed7a3051a2859a771bc00d39c46
18648	00a076d8e5024f14cc56fc073c5c1ed4	6a7b27af63c2838b3f42d487e3dbe031	a45aeb47d1a2156a7cfbcd01de4597fb
18649	c453c6e3375f7eb22ec94c82ef103689	3c1df630108fdf5a825f9639f0677a6a	f05d0c974266eda71ee3e8aeaaa1a010
18650	7666acbe846d9b30cc60d8551396d78b	f867378d5812c48815ad010b62fedbe5	403eaf57f8138d442cbc07b1ec099cd1
18651	7666acbe846d9b30cc60d8551396d78b	f867378d5812c48815ad010b62fedbe5	403eaf57f8138d442cbc07b1ec099cd1
18652	50c9d36230aeca0ec1dbbe984e47106d	1c5993f4ad68b9a41ef3506d1a28ba3f	25dd4731e4ee4a5994cdabddbc02cb87
18653	50c9d36230aeca0ec1dbbe984e47106d	1c5993f4ad68b9a41ef3506d1a28ba3f	25dd4731e4ee4a5994cdabddbc02cb87
18654	50c9d36230aeca0ec1dbbe984e47106d	1c5993f4ad68b9a41ef3506d1a28ba3f	25dd4731e4ee4a5994cdabddbc02cb87
18655	508cb47c2e198a286d0247c18df53e3e	bc26fe93ee68e424e9909db1bc183b8f	2baf59a6d27f36b55a0ed08b8c8ac687
18656	50c9d36230aeca0ec1dbbe984e47106d	1c5993f4ad68b9a41ef3506d1a28ba3f	25dd4731e4ee4a5994cdabddbc02cb87
18657	49894e3100b0c67adfe45e6011d33ba2	aa06249f006344a9e414dae1884472cd	406b67b5f930c15e9adff744dfb67762
18658	49894e3100b0c67adfe45e6011d33ba2	aa06249f006344a9e414dae1884472cd	406b67b5f930c15e9adff744dfb67762
18659	49894e3100b0c67adfe45e6011d33ba2	aa06249f006344a9e414dae1884472cd	406b67b5f930c15e9adff744dfb67762
18660	49894e3100b0c67adfe45e6011d33ba2	aa06249f006344a9e414dae1884472cd	406b67b5f930c15e9adff744dfb67762
18661	49894e3100b0c67adfe45e6011d33ba2	aa06249f006344a9e414dae1884472cd	406b67b5f930c15e9adff744dfb67762
18662	49894e3100b0c67adfe45e6011d33ba2	aa06249f006344a9e414dae1884472cd	406b67b5f930c15e9adff744dfb67762
18663	49894e3100b0c67adfe45e6011d33ba2	aa06249f006344a9e414dae1884472cd	406b67b5f930c15e9adff744dfb67762
18664	49894e3100b0c67adfe45e6011d33ba2	aa06249f006344a9e414dae1884472cd	406b67b5f930c15e9adff744dfb67762
18665	49894e3100b0c67adfe45e6011d33ba2	aa06249f006344a9e414dae1884472cd	406b67b5f930c15e9adff744dfb67762
18666	49894e3100b0c67adfe45e6011d33ba2	aa06249f006344a9e414dae1884472cd	406b67b5f930c15e9adff744dfb67762
18667	49894e3100b0c67adfe45e6011d33ba2	aa06249f006344a9e414dae1884472cd	406b67b5f930c15e9adff744dfb67762
18668	49894e3100b0c67adfe45e6011d33ba2	aa06249f006344a9e414dae1884472cd	406b67b5f930c15e9adff744dfb67762
18669	d03b0724960aa35f0eda8fe9c76ec719	b676a9d8019ce31aec27922b6c1c1421	e09a20cdd5302cdc451f27ed5d8ed32e
18670	d03b0724960aa35f0eda8fe9c76ec719	b676a9d8019ce31aec27922b6c1c1421	e09a20cdd5302cdc451f27ed5d8ed32e
18671	d03b0724960aa35f0eda8fe9c76ec719	b676a9d8019ce31aec27922b6c1c1421	e09a20cdd5302cdc451f27ed5d8ed32e
18672	d03b0724960aa35f0eda8fe9c76ec719	b676a9d8019ce31aec27922b6c1c1421	e09a20cdd5302cdc451f27ed5d8ed32e
18673	d03b0724960aa35f0eda8fe9c76ec719	b676a9d8019ce31aec27922b6c1c1421	e09a20cdd5302cdc451f27ed5d8ed32e
18674	1a40f385d2b8b9d1b0d64f6d98785977	449c00c5bb9f894b9f38bff49a3ad1fd	7a259dd8cebf184f0402dc53f44f8bc8
18675	1a40f385d2b8b9d1b0d64f6d98785977	449c00c5bb9f894b9f38bff49a3ad1fd	7a259dd8cebf184f0402dc53f44f8bc8
18676	1a40f385d2b8b9d1b0d64f6d98785977	449c00c5bb9f894b9f38bff49a3ad1fd	7a259dd8cebf184f0402dc53f44f8bc8
18677	1a40f385d2b8b9d1b0d64f6d98785977	449c00c5bb9f894b9f38bff49a3ad1fd	7a259dd8cebf184f0402dc53f44f8bc8
18678	1a40f385d2b8b9d1b0d64f6d98785977	449c00c5bb9f894b9f38bff49a3ad1fd	7a259dd8cebf184f0402dc53f44f8bc8
18679	1a40f385d2b8b9d1b0d64f6d98785977	449c00c5bb9f894b9f38bff49a3ad1fd	7a259dd8cebf184f0402dc53f44f8bc8
18680	1a40f385d2b8b9d1b0d64f6d98785977	449c00c5bb9f894b9f38bff49a3ad1fd	7a259dd8cebf184f0402dc53f44f8bc8
18681	1a40f385d2b8b9d1b0d64f6d98785977	449c00c5bb9f894b9f38bff49a3ad1fd	7a259dd8cebf184f0402dc53f44f8bc8
18682	1a40f385d2b8b9d1b0d64f6d98785977	449c00c5bb9f894b9f38bff49a3ad1fd	7a259dd8cebf184f0402dc53f44f8bc8
18683	1a40f385d2b8b9d1b0d64f6d98785977	449c00c5bb9f894b9f38bff49a3ad1fd	7a259dd8cebf184f0402dc53f44f8bc8
18684	1a40f385d2b8b9d1b0d64f6d98785977	449c00c5bb9f894b9f38bff49a3ad1fd	7a259dd8cebf184f0402dc53f44f8bc8
18685	1a40f385d2b8b9d1b0d64f6d98785977	449c00c5bb9f894b9f38bff49a3ad1fd	7a259dd8cebf184f0402dc53f44f8bc8
18686	36900c65f2711e06b74520566776f7c3	e0e9b649785d70f126ece8b4ff99a0f3	39d2acb969d41ad15e0a83544b3262c9
18687	36900c65f2711e06b74520566776f7c3	e0e9b649785d70f126ece8b4ff99a0f3	39d2acb969d41ad15e0a83544b3262c9
18688	36900c65f2711e06b74520566776f7c3	e0e9b649785d70f126ece8b4ff99a0f3	39d2acb969d41ad15e0a83544b3262c9
18689	36900c65f2711e06b74520566776f7c3	e0e9b649785d70f126ece8b4ff99a0f3	39d2acb969d41ad15e0a83544b3262c9
18690	36900c65f2711e06b74520566776f7c3	e0e9b649785d70f126ece8b4ff99a0f3	39d2acb969d41ad15e0a83544b3262c9
18691	36900c65f2711e06b74520566776f7c3	e0e9b649785d70f126ece8b4ff99a0f3	39d2acb969d41ad15e0a83544b3262c9
18692	36900c65f2711e06b74520566776f7c3	e0e9b649785d70f126ece8b4ff99a0f3	39d2acb969d41ad15e0a83544b3262c9
18693	f5c4e0b752bb0b20d161aee11d2fe795	cf6f9c7ba1e928320500950f35e22e45	2f6829cd3f44608ef3557b53dba8984b
18694	f5c4e0b752bb0b20d161aee11d2fe795	cf6f9c7ba1e928320500950f35e22e45	2f6829cd3f44608ef3557b53dba8984b
18695	f5c4e0b752bb0b20d161aee11d2fe795	cf6f9c7ba1e928320500950f35e22e45	2f6829cd3f44608ef3557b53dba8984b
18696	c58f2fa5a7f870bed1c3b291a811bb02	5e09d8b1c782e4236a443429187384aa	1e4c9d01a67c239b67d81f55d661847a
18697	c58f2fa5a7f870bed1c3b291a811bb02	5e09d8b1c782e4236a443429187384aa	1e4c9d01a67c239b67d81f55d661847a
18698	f5c4e0b752bb0b20d161aee11d2fe795	cf6f9c7ba1e928320500950f35e22e45	2f6829cd3f44608ef3557b53dba8984b
18699	f5c4e0b752bb0b20d161aee11d2fe795	cf6f9c7ba1e928320500950f35e22e45	2f6829cd3f44608ef3557b53dba8984b
18700	f5c4e0b752bb0b20d161aee11d2fe795	cf6f9c7ba1e928320500950f35e22e45	2f6829cd3f44608ef3557b53dba8984b
18701	438414542d0b40ff4d2a66a0502e7367	62cf1c98394ad149c642222b759adde9	743c6783d5fd848fdb9e6b4ad8c92e7c
18702	a1f633795eed074e61c20c413aa1b648	c8a000ae6098ac08c3da4ebdd63547f0	48e7d91cecefceb427edbf9369501aa7
18703	4731e80cf51b24f6f2cd628bb576c8bc	0dc2d12a0f3746c8c5dee8927d03c5a8	512237658e0e015cbd36fee27b5ad46d
18704	4731e80cf51b24f6f2cd628bb576c8bc	0dc2d12a0f3746c8c5dee8927d03c5a8	512237658e0e015cbd36fee27b5ad46d
18705	4731e80cf51b24f6f2cd628bb576c8bc	0dc2d12a0f3746c8c5dee8927d03c5a8	512237658e0e015cbd36fee27b5ad46d
18706	4731e80cf51b24f6f2cd628bb576c8bc	0dc2d12a0f3746c8c5dee8927d03c5a8	512237658e0e015cbd36fee27b5ad46d
18707	4731e80cf51b24f6f2cd628bb576c8bc	0dc2d12a0f3746c8c5dee8927d03c5a8	512237658e0e015cbd36fee27b5ad46d
18708	4731e80cf51b24f6f2cd628bb576c8bc	0dc2d12a0f3746c8c5dee8927d03c5a8	512237658e0e015cbd36fee27b5ad46d
18709	4731e80cf51b24f6f2cd628bb576c8bc	0dc2d12a0f3746c8c5dee8927d03c5a8	512237658e0e015cbd36fee27b5ad46d
18710	4ca11df37ec1517253141c6b16491950	7212f4af771522d83af0e9413cdff8e6	ea1f44a839c72529c9a7806e30a12fa0
18711	f35e129c2945abea454bdc8fb9c2f39d	feaf9464d880617541ead2d8eb3e40f2	68d4e75e304160b0934c260bc5f874f8
18712	f35e129c2945abea454bdc8fb9c2f39d	9eec7b800aec9a73074ac70fc3e00ee3	de11517b37e999cb18b50b7ebdebdc38
18713	3865390ff6955c2d7a88713b503791a8	d411ff7c0d59009abc9832fd05bfe101	9f46ef3c56ddae793588ab11a6d230c1
18714	3865390ff6955c2d7a88713b503791a8	e64a2f40436afaa4e264e1e025630a37	0d925d732ee974cb84b98479de8ed347
18715	a3c3baf7c83956fa522366f41e8a95a7	f04e6dcd1a5fcdb4f71f63e035b48370	d67ae823cb185966e76e6eba3817dc62
18716	a3c3baf7c83956fa522366f41e8a95a7	f04e6dcd1a5fcdb4f71f63e035b48370	d67ae823cb185966e76e6eba3817dc62
18717	a3c3baf7c83956fa522366f41e8a95a7	f04e6dcd1a5fcdb4f71f63e035b48370	d67ae823cb185966e76e6eba3817dc62
18718	a3c3baf7c83956fa522366f41e8a95a7	f04e6dcd1a5fcdb4f71f63e035b48370	d67ae823cb185966e76e6eba3817dc62
18719	a3c3baf7c83956fa522366f41e8a95a7	f04e6dcd1a5fcdb4f71f63e035b48370	d67ae823cb185966e76e6eba3817dc62
18720	a3c3baf7c83956fa522366f41e8a95a7	f04e6dcd1a5fcdb4f71f63e035b48370	d67ae823cb185966e76e6eba3817dc62
18721	a3c3baf7c83956fa522366f41e8a95a7	f04e6dcd1a5fcdb4f71f63e035b48370	d67ae823cb185966e76e6eba3817dc62
18722	a3c3baf7c83956fa522366f41e8a95a7	f04e6dcd1a5fcdb4f71f63e035b48370	d67ae823cb185966e76e6eba3817dc62
18723	a3c3baf7c83956fa522366f41e8a95a7	f04e6dcd1a5fcdb4f71f63e035b48370	d67ae823cb185966e76e6eba3817dc62
18724	a3c3baf7c83956fa522366f41e8a95a7	f04e6dcd1a5fcdb4f71f63e035b48370	d67ae823cb185966e76e6eba3817dc62
18725	a3c3baf7c83956fa522366f41e8a95a7	f04e6dcd1a5fcdb4f71f63e035b48370	d67ae823cb185966e76e6eba3817dc62
18726	a3c3baf7c83956fa522366f41e8a95a7	f04e6dcd1a5fcdb4f71f63e035b48370	d67ae823cb185966e76e6eba3817dc62
18727	a3c3baf7c83956fa522366f41e8a95a7	f04e6dcd1a5fcdb4f71f63e035b48370	d67ae823cb185966e76e6eba3817dc62
18728	a3c3baf7c83956fa522366f41e8a95a7	f04e6dcd1a5fcdb4f71f63e035b48370	d67ae823cb185966e76e6eba3817dc62
18729	a3c3baf7c83956fa522366f41e8a95a7	f04e6dcd1a5fcdb4f71f63e035b48370	d67ae823cb185966e76e6eba3817dc62
18730	a3c3baf7c83956fa522366f41e8a95a7	f04e6dcd1a5fcdb4f71f63e035b48370	d67ae823cb185966e76e6eba3817dc62
18731	a3c3baf7c83956fa522366f41e8a95a7	f04e6dcd1a5fcdb4f71f63e035b48370	d67ae823cb185966e76e6eba3817dc62
18732	5e9185b9078be0f7f3775b9cd8a548a1	74c86981266890a6065642576ed3d69a	301ea74a0e35158df021a3ee4ee314c2
18733	5e9185b9078be0f7f3775b9cd8a548a1	74c86981266890a6065642576ed3d69a	301ea74a0e35158df021a3ee4ee314c2
18734	5e9185b9078be0f7f3775b9cd8a548a1	74c86981266890a6065642576ed3d69a	301ea74a0e35158df021a3ee4ee314c2
18735	eab5953809f799fe7bac454758f9dfb4	3eec47a2eef9168309910b5f25d4db0f	5aede7a29e7e404d1b30e451306aca37
18736	eab5953809f799fe7bac454758f9dfb4	3eec47a2eef9168309910b5f25d4db0f	5aede7a29e7e404d1b30e451306aca37
18737	5e9185b9078be0f7f3775b9cd8a548a1	74c86981266890a6065642576ed3d69a	301ea74a0e35158df021a3ee4ee314c2
18738	5e9185b9078be0f7f3775b9cd8a548a1	74c86981266890a6065642576ed3d69a	301ea74a0e35158df021a3ee4ee314c2
18739	3aba449937947002a23e6011bfae3c03	1d9f5fe6f772b47fa499c359f9e2ccba	c545c130c9773ed0bf018a71329dea6c
18740	21c6a8922d38a2cb7dbf33042f24ee15	b83d4c46d02ba2ad6dd6fd11ddd35d61	b183d333f351bc11a7f56ad51bd6bd4b
18741	21c6a8922d38a2cb7dbf33042f24ee15	b83d4c46d02ba2ad6dd6fd11ddd35d61	b183d333f351bc11a7f56ad51bd6bd4b
18742	3aba449937947002a23e6011bfae3c03	5cdf303b074c52dabd3d2ccda748abad	eb855ebdb2cc17ee7a02dea1b610a128
18743	3aba449937947002a23e6011bfae3c03	5cdf303b074c52dabd3d2ccda748abad	eb855ebdb2cc17ee7a02dea1b610a128
18744	35c62e36a8fc3978992ec8c2f7be66d1	aadccd4f47b832cc838fac7e183660ca	94ea72bab8bd75c6fd6044dfe977d6de
18745	35c62e36a8fc3978992ec8c2f7be66d1	aadccd4f47b832cc838fac7e183660ca	94ea72bab8bd75c6fd6044dfe977d6de
18746	35c62e36a8fc3978992ec8c2f7be66d1	aadccd4f47b832cc838fac7e183660ca	94ea72bab8bd75c6fd6044dfe977d6de
18747	35c62e36a8fc3978992ec8c2f7be66d1	aadccd4f47b832cc838fac7e183660ca	94ea72bab8bd75c6fd6044dfe977d6de
18748	35c62e36a8fc3978992ec8c2f7be66d1	aadccd4f47b832cc838fac7e183660ca	94ea72bab8bd75c6fd6044dfe977d6de
18749	35c62e36a8fc3978992ec8c2f7be66d1	aadccd4f47b832cc838fac7e183660ca	94ea72bab8bd75c6fd6044dfe977d6de
18750	35c62e36a8fc3978992ec8c2f7be66d1	aadccd4f47b832cc838fac7e183660ca	94ea72bab8bd75c6fd6044dfe977d6de
18751	2e6780aaf8f24c0d4bc1648ec882a011	624d4d273308ec9085dfd924975f2f55	b1866defc4d51c95a8272904fef36838
18752	2e6780aaf8f24c0d4bc1648ec882a011	624d4d273308ec9085dfd924975f2f55	b1866defc4d51c95a8272904fef36838
18753	2e6780aaf8f24c0d4bc1648ec882a011	624d4d273308ec9085dfd924975f2f55	b1866defc4d51c95a8272904fef36838
18754	2e6780aaf8f24c0d4bc1648ec882a011	0dac350bd1e6c2256ca65a131768f21d	f67d183f60d4967816efa60fae8e7398
18755	2e6780aaf8f24c0d4bc1648ec882a011	0dac350bd1e6c2256ca65a131768f21d	f67d183f60d4967816efa60fae8e7398
18756	23054f5535f93988e48f35e9fdf17275	ee7bd94ed0cda63bb14bcf2a0e8ca041	115d02e5b7e3dfda3a1f8a4a29d12ccf
18757	23054f5535f93988e48f35e9fdf17275	ee7bd94ed0cda63bb14bcf2a0e8ca041	115d02e5b7e3dfda3a1f8a4a29d12ccf
18758	23054f5535f93988e48f35e9fdf17275	ee7bd94ed0cda63bb14bcf2a0e8ca041	115d02e5b7e3dfda3a1f8a4a29d12ccf
18759	23054f5535f93988e48f35e9fdf17275	ee7bd94ed0cda63bb14bcf2a0e8ca041	115d02e5b7e3dfda3a1f8a4a29d12ccf
18760	23054f5535f93988e48f35e9fdf17275	ee7bd94ed0cda63bb14bcf2a0e8ca041	115d02e5b7e3dfda3a1f8a4a29d12ccf
18761	23054f5535f93988e48f35e9fdf17275	ee7bd94ed0cda63bb14bcf2a0e8ca041	115d02e5b7e3dfda3a1f8a4a29d12ccf
18762	23054f5535f93988e48f35e9fdf17275	ee7bd94ed0cda63bb14bcf2a0e8ca041	115d02e5b7e3dfda3a1f8a4a29d12ccf
18763	290c479e3169aa5c548a0a6d0df98bb1	7370cff6c6f4c35ca9fb7d9bc8550879	05a35aab81876d944197c0bdef59d059
18764	290c479e3169aa5c548a0a6d0df98bb1	7370cff6c6f4c35ca9fb7d9bc8550879	05a35aab81876d944197c0bdef59d059
18765	290c479e3169aa5c548a0a6d0df98bb1	7370cff6c6f4c35ca9fb7d9bc8550879	05a35aab81876d944197c0bdef59d059
18766	290c479e3169aa5c548a0a6d0df98bb1	7370cff6c6f4c35ca9fb7d9bc8550879	05a35aab81876d944197c0bdef59d059
18767	290c479e3169aa5c548a0a6d0df98bb1	7370cff6c6f4c35ca9fb7d9bc8550879	05a35aab81876d944197c0bdef59d059
18768	ec9c069c97732ad6803118ca8df8ef3c	7ea168d38d51d9bf03fe60b82c97cf83	1cc223c85193ca6c8e6d53103d4a5b6e
18769	ec9c069c97732ad6803118ca8df8ef3c	7ea168d38d51d9bf03fe60b82c97cf83	1cc223c85193ca6c8e6d53103d4a5b6e
18770	ec9c069c97732ad6803118ca8df8ef3c	7ea168d38d51d9bf03fe60b82c97cf83	1cc223c85193ca6c8e6d53103d4a5b6e
18771	ec9c069c97732ad6803118ca8df8ef3c	d5bc1d4d564cc40b1079624a808ee87a	c11dfca951505cff2d420891e9ba2e8b
18772	06c9d4dda98e1025278b5c9709177f9e	98c850e06016c25fbff480e24b33e138	acac59760e9ee51e90dce8b7d72a3b43
18773	ad9deb432d4320f06d5f4ff7c0b57f69	1dd533bde34e659399c86f82ce239f37	d46094bcefedbadd4ddf255535fb5d4a
18774	ad9deb432d4320f06d5f4ff7c0b57f69	1dd533bde34e659399c86f82ce239f37	d46094bcefedbadd4ddf255535fb5d4a
18775	ad9deb432d4320f06d5f4ff7c0b57f69	1dd533bde34e659399c86f82ce239f37	d46094bcefedbadd4ddf255535fb5d4a
18776	8ccf730967d91f047726a1dd37c71a14	e763c06c1cac2b850490fc701e3b76c8	c86e86be42274a8bf1da7842314b82f2
18777	8ccf730967d91f047726a1dd37c71a14	e763c06c1cac2b850490fc701e3b76c8	c86e86be42274a8bf1da7842314b82f2
18778	62b31b03be9331fcac77bee7d8c37e9b	a8fecb2239176cddcd446d3469bc3f73	385e23c8ab20f95fa1725c861f1a084f
18779	62b31b03be9331fcac77bee7d8c37e9b	62f675e0d77bd50212b444f6c1538890	7e7a86fbf55417b9a3d63e478f42897a
18780	8e5770977ba4d2964f34e91fed5f53eb	bde0a468b242d8e00f5db9044748e51b	6407e918c5cf0afaded6f2c5137a6cab
18781	8e5770977ba4d2964f34e91fed5f53eb	bde0a468b242d8e00f5db9044748e51b	6407e918c5cf0afaded6f2c5137a6cab
18782	8e5770977ba4d2964f34e91fed5f53eb	bde0a468b242d8e00f5db9044748e51b	6407e918c5cf0afaded6f2c5137a6cab
18783	8e5770977ba4d2964f34e91fed5f53eb	bde0a468b242d8e00f5db9044748e51b	6407e918c5cf0afaded6f2c5137a6cab
18784	8e5770977ba4d2964f34e91fed5f53eb	bde0a468b242d8e00f5db9044748e51b	6407e918c5cf0afaded6f2c5137a6cab
18785	560a52b1ae2b16c90579823d5d8c16d1	2491f9e82395762d2137647d60fb38ab	03343043474742c296a6919ac18c04fc
18786	560a52b1ae2b16c90579823d5d8c16d1	2491f9e82395762d2137647d60fb38ab	03343043474742c296a6919ac18c04fc
18787	560a52b1ae2b16c90579823d5d8c16d1	2491f9e82395762d2137647d60fb38ab	03343043474742c296a6919ac18c04fc
18788	560a52b1ae2b16c90579823d5d8c16d1	2491f9e82395762d2137647d60fb38ab	03343043474742c296a6919ac18c04fc
18789	560a52b1ae2b16c90579823d5d8c16d1	2491f9e82395762d2137647d60fb38ab	03343043474742c296a6919ac18c04fc
18790	560a52b1ae2b16c90579823d5d8c16d1	2491f9e82395762d2137647d60fb38ab	03343043474742c296a6919ac18c04fc
18791	560a52b1ae2b16c90579823d5d8c16d1	2491f9e82395762d2137647d60fb38ab	03343043474742c296a6919ac18c04fc
18792	a72c14bd6017826948f34f8cc179aaef	2fd5ffdbf2c03b8dc1a0ece8b2b12e3f	e7c90ed8c8033e5f3d9048848e1825d8
18793	0b897d305cb988b1b70a152ebb8dfcc0	f47e7448e04edc2e86e744aad5f76260	7b115a547ebcbfdd671b5babb97c7ca8
18794	0b897d305cb988b1b70a152ebb8dfcc0	f47e7448e04edc2e86e744aad5f76260	7b115a547ebcbfdd671b5babb97c7ca8
18795	0b897d305cb988b1b70a152ebb8dfcc0	f47e7448e04edc2e86e744aad5f76260	7b115a547ebcbfdd671b5babb97c7ca8
18796	0b897d305cb988b1b70a152ebb8dfcc0	f47e7448e04edc2e86e744aad5f76260	7b115a547ebcbfdd671b5babb97c7ca8
18797	0b897d305cb988b1b70a152ebb8dfcc0	f47e7448e04edc2e86e744aad5f76260	7b115a547ebcbfdd671b5babb97c7ca8
18798	0b897d305cb988b1b70a152ebb8dfcc0	f47e7448e04edc2e86e744aad5f76260	7b115a547ebcbfdd671b5babb97c7ca8
18799	0b897d305cb988b1b70a152ebb8dfcc0	f47e7448e04edc2e86e744aad5f76260	7b115a547ebcbfdd671b5babb97c7ca8
18800	0b897d305cb988b1b70a152ebb8dfcc0	f47e7448e04edc2e86e744aad5f76260	7b115a547ebcbfdd671b5babb97c7ca8
18801	0b897d305cb988b1b70a152ebb8dfcc0	f47e7448e04edc2e86e744aad5f76260	7b115a547ebcbfdd671b5babb97c7ca8
18802	4abc59ff7ee1f1041ba0f1b327db4fec	3c006c23b0d9a5c7fe73b89ec2687f18	b1d78978357d11aa99efc32c5f6e05fc
18803	4abc59ff7ee1f1041ba0f1b327db4fec	3c006c23b0d9a5c7fe73b89ec2687f18	b1d78978357d11aa99efc32c5f6e05fc
18804	4abc59ff7ee1f1041ba0f1b327db4fec	3c006c23b0d9a5c7fe73b89ec2687f18	b1d78978357d11aa99efc32c5f6e05fc
18805	4abc59ff7ee1f1041ba0f1b327db4fec	3c006c23b0d9a5c7fe73b89ec2687f18	b1d78978357d11aa99efc32c5f6e05fc
18806	4abc59ff7ee1f1041ba0f1b327db4fec	3c006c23b0d9a5c7fe73b89ec2687f18	b1d78978357d11aa99efc32c5f6e05fc
18807	4abc59ff7ee1f1041ba0f1b327db4fec	3c006c23b0d9a5c7fe73b89ec2687f18	b1d78978357d11aa99efc32c5f6e05fc
18808	4abc59ff7ee1f1041ba0f1b327db4fec	3c006c23b0d9a5c7fe73b89ec2687f18	b1d78978357d11aa99efc32c5f6e05fc
18809	814b6e104704480c8a170f930b7c9a0f	fb400c9bc467307d10c9a86313e0b057	10f2d2b69ea5bcd4aebebb7252569b27
18810	814b6e104704480c8a170f930b7c9a0f	fb400c9bc467307d10c9a86313e0b057	10f2d2b69ea5bcd4aebebb7252569b27
18811	814b6e104704480c8a170f930b7c9a0f	fb400c9bc467307d10c9a86313e0b057	10f2d2b69ea5bcd4aebebb7252569b27
18812	47c169163f8d356c7297db76584f3bd7	ffca149bd1de4e5f7a4c018633f28e31	572af8a1659a5bd81f0c68c941d0b7cd
18813	af9167e01e561059cb2f332666d09c25	944f6e2bc2868c181794de1781ef517f	76c88e512a6c9569076d8b43258e464b
18814	5d6a620c9be84c4029576265314945e7	402d3573e2849fbc0ccb0aaa43b2c26c	c69ab4a30c00c5a8bb9fdd73f68875e8
18815	5d6a620c9be84c4029576265314945e7	402d3573e2849fbc0ccb0aaa43b2c26c	c69ab4a30c00c5a8bb9fdd73f68875e8
18816	5d6a620c9be84c4029576265314945e7	402d3573e2849fbc0ccb0aaa43b2c26c	c69ab4a30c00c5a8bb9fdd73f68875e8
18817	7f2c9599117aefbe75c5df068235dc7d	d183c87481163f89c19f78721207281a	5d36a9bffd6c446fb145c8f13eaf61e2
18818	5d6a620c9be84c4029576265314945e7	402d3573e2849fbc0ccb0aaa43b2c26c	c69ab4a30c00c5a8bb9fdd73f68875e8
18819	356e4310d06845d231069290328caf9b	100e55dc84b5b8ab09f4ad722e46a68a	3b0bdaeed31f0f31a2e5edbe3ab67fa2
18820	a6a7175a2f1fccd83b5567c524ddf2ca	d7fd3c46330ef5e4e0cf7bf4bf2d1906	3138d21d337288e247c4ed2bb1af7b4e
18821	db6b2d092cc3d53ca481f468c79ba448	70523114e9511b7119ee1150fd839764	b33f10bf76f82c2c94e171de536586b0
18822	db6b2d092cc3d53ca481f468c79ba448	70523114e9511b7119ee1150fd839764	b33f10bf76f82c2c94e171de536586b0
18823	db6b2d092cc3d53ca481f468c79ba448	70523114e9511b7119ee1150fd839764	b33f10bf76f82c2c94e171de536586b0
18824	db6b2d092cc3d53ca481f468c79ba448	70523114e9511b7119ee1150fd839764	b33f10bf76f82c2c94e171de536586b0
18825	db6b2d092cc3d53ca481f468c79ba448	70523114e9511b7119ee1150fd839764	b33f10bf76f82c2c94e171de536586b0
18826	f8891080024c9c920afb830bcdfffc09	ce1bc13664d7fb3774f1abafbca3970b	ea7aa046a89233e10f341422b95e18d3
18827	f8891080024c9c920afb830bcdfffc09	ce1bc13664d7fb3774f1abafbca3970b	ea7aa046a89233e10f341422b95e18d3
18828	f8891080024c9c920afb830bcdfffc09	ce1bc13664d7fb3774f1abafbca3970b	ea7aa046a89233e10f341422b95e18d3
18829	f8891080024c9c920afb830bcdfffc09	ce1bc13664d7fb3774f1abafbca3970b	ea7aa046a89233e10f341422b95e18d3
18830	f8891080024c9c920afb830bcdfffc09	ce1bc13664d7fb3774f1abafbca3970b	ea7aa046a89233e10f341422b95e18d3
18831	f8891080024c9c920afb830bcdfffc09	ce1bc13664d7fb3774f1abafbca3970b	ea7aa046a89233e10f341422b95e18d3
18832	f8891080024c9c920afb830bcdfffc09	ce1bc13664d7fb3774f1abafbca3970b	ea7aa046a89233e10f341422b95e18d3
18833	f8891080024c9c920afb830bcdfffc09	ce1bc13664d7fb3774f1abafbca3970b	ea7aa046a89233e10f341422b95e18d3
18834	f8891080024c9c920afb830bcdfffc09	ce1bc13664d7fb3774f1abafbca3970b	ea7aa046a89233e10f341422b95e18d3
18835	f8891080024c9c920afb830bcdfffc09	ce1bc13664d7fb3774f1abafbca3970b	ea7aa046a89233e10f341422b95e18d3
18836	f8891080024c9c920afb830bcdfffc09	ce1bc13664d7fb3774f1abafbca3970b	ea7aa046a89233e10f341422b95e18d3
18837	f8891080024c9c920afb830bcdfffc09	ce1bc13664d7fb3774f1abafbca3970b	ea7aa046a89233e10f341422b95e18d3
18838	f8891080024c9c920afb830bcdfffc09	ce1bc13664d7fb3774f1abafbca3970b	ea7aa046a89233e10f341422b95e18d3
18839	f8891080024c9c920afb830bcdfffc09	ce1bc13664d7fb3774f1abafbca3970b	ea7aa046a89233e10f341422b95e18d3
18840	f8891080024c9c920afb830bcdfffc09	ce1bc13664d7fb3774f1abafbca3970b	ea7aa046a89233e10f341422b95e18d3
18841	f8891080024c9c920afb830bcdfffc09	ce1bc13664d7fb3774f1abafbca3970b	ea7aa046a89233e10f341422b95e18d3
18842	f8891080024c9c920afb830bcdfffc09	ce1bc13664d7fb3774f1abafbca3970b	ea7aa046a89233e10f341422b95e18d3
18843	eefd26e5283b03e18052c61561beb2a9	04a8967269385638982826968ba0ba6f	5d03b6b07737cd720073594d815ff76f
18844	eefd26e5283b03e18052c61561beb2a9	04a8967269385638982826968ba0ba6f	5d03b6b07737cd720073594d815ff76f
18845	eefd26e5283b03e18052c61561beb2a9	04a8967269385638982826968ba0ba6f	5d03b6b07737cd720073594d815ff76f
18846	eefd26e5283b03e18052c61561beb2a9	04a8967269385638982826968ba0ba6f	5d03b6b07737cd720073594d815ff76f
18847	eefd26e5283b03e18052c61561beb2a9	04a8967269385638982826968ba0ba6f	5d03b6b07737cd720073594d815ff76f
18848	eefd26e5283b03e18052c61561beb2a9	04a8967269385638982826968ba0ba6f	5d03b6b07737cd720073594d815ff76f
18849	eefd26e5283b03e18052c61561beb2a9	04a8967269385638982826968ba0ba6f	5d03b6b07737cd720073594d815ff76f
18850	19f26461c5fb5ec3e97e706ecb13a38b	c163dc4bbd010ed18afe1d3c0c8faaf2	bb03848e395db02f33256ab4605ecf78
18851	19f26461c5fb5ec3e97e706ecb13a38b	c163dc4bbd010ed18afe1d3c0c8faaf2	bb03848e395db02f33256ab4605ecf78
18852	19f26461c5fb5ec3e97e706ecb13a38b	c163dc4bbd010ed18afe1d3c0c8faaf2	bb03848e395db02f33256ab4605ecf78
18853	c622d197db27c99f804393b834c2a630	a1ff133820f372c5bf3c89afc7c7877c	f489119bf32336010e3159287abd76ac
18854	c622d197db27c99f804393b834c2a630	a1ff133820f372c5bf3c89afc7c7877c	f489119bf32336010e3159287abd76ac
18855	4532cd45ff7d7a7925f50704687c54b9	25d81d0b934a5086d7ab0142bb48a4f1	fa45418f5fd2a86acad37cd61d47a212
18856	4532cd45ff7d7a7925f50704687c54b9	25d81d0b934a5086d7ab0142bb48a4f1	fa45418f5fd2a86acad37cd61d47a212
18857	4532cd45ff7d7a7925f50704687c54b9	25d81d0b934a5086d7ab0142bb48a4f1	fa45418f5fd2a86acad37cd61d47a212
18858	e50f03c1aa24cb22fad51a67f6554bc1	a8b88408c09e0477858ec063f1e4ad0c	216c468b5ece19adcb82f3ff2bfe27ab
18859	e50f03c1aa24cb22fad51a67f6554bc1	a8b88408c09e0477858ec063f1e4ad0c	216c468b5ece19adcb82f3ff2bfe27ab
18860	e50f03c1aa24cb22fad51a67f6554bc1	a8b88408c09e0477858ec063f1e4ad0c	216c468b5ece19adcb82f3ff2bfe27ab
18861	e50f03c1aa24cb22fad51a67f6554bc1	a8b88408c09e0477858ec063f1e4ad0c	216c468b5ece19adcb82f3ff2bfe27ab
18862	ddc99b84799554bfbe0997556caeaf55	0dca04dea978762135152c51c0904166	f9eeb72b5ee6921a1c20b88e3250c205
18863	ddc99b84799554bfbe0997556caeaf55	0dca04dea978762135152c51c0904166	f9eeb72b5ee6921a1c20b88e3250c205
18864	ddc99b84799554bfbe0997556caeaf55	0dca04dea978762135152c51c0904166	f9eeb72b5ee6921a1c20b88e3250c205
18865	ddc99b84799554bfbe0997556caeaf55	0dca04dea978762135152c51c0904166	f9eeb72b5ee6921a1c20b88e3250c205
18866	ddc99b84799554bfbe0997556caeaf55	0dca04dea978762135152c51c0904166	f9eeb72b5ee6921a1c20b88e3250c205
18867	e6b2b30f72cbd91aca8724760bef9cb8	05f4daac9961b1fc5c66142c20e03c9a	15ccebc8bcfb1f385e2f75f37b232b1d
18868	e6b2b30f72cbd91aca8724760bef9cb8	05f4daac9961b1fc5c66142c20e03c9a	15ccebc8bcfb1f385e2f75f37b232b1d
18869	e6b2b30f72cbd91aca8724760bef9cb8	05f4daac9961b1fc5c66142c20e03c9a	15ccebc8bcfb1f385e2f75f37b232b1d
18870	e6b2b30f72cbd91aca8724760bef9cb8	05f4daac9961b1fc5c66142c20e03c9a	15ccebc8bcfb1f385e2f75f37b232b1d
18871	e6b2b30f72cbd91aca8724760bef9cb8	05f4daac9961b1fc5c66142c20e03c9a	15ccebc8bcfb1f385e2f75f37b232b1d
18872	8bee63ee3eb4ff2f882bca25f842fbeb	1f2b6f1e5fb9dc126f6e71e917ef6b8a	fbd520e30520b8c88b6b494865d280b1
18873	8bee63ee3eb4ff2f882bca25f842fbeb	1f2b6f1e5fb9dc126f6e71e917ef6b8a	fbd520e30520b8c88b6b494865d280b1
18874	8bee63ee3eb4ff2f882bca25f842fbeb	1f2b6f1e5fb9dc126f6e71e917ef6b8a	fbd520e30520b8c88b6b494865d280b1
18875	8bee63ee3eb4ff2f882bca25f842fbeb	1f2b6f1e5fb9dc126f6e71e917ef6b8a	fbd520e30520b8c88b6b494865d280b1
18876	8bee63ee3eb4ff2f882bca25f842fbeb	1f2b6f1e5fb9dc126f6e71e917ef6b8a	fbd520e30520b8c88b6b494865d280b1
18877	8bee63ee3eb4ff2f882bca25f842fbeb	1f2b6f1e5fb9dc126f6e71e917ef6b8a	fbd520e30520b8c88b6b494865d280b1
18878	8bee63ee3eb4ff2f882bca25f842fbeb	1f2b6f1e5fb9dc126f6e71e917ef6b8a	fbd520e30520b8c88b6b494865d280b1
18879	6c45ad773eb8367a033bcb6a1c2fc3ab	59e0b7553a24f482565bf2e8d73983ab	273f7961259fa5a4a565cfafbb9c5df9
18880	07a11338cd67cfabec0f291e45a94c1b	23a2c412cb66fd1e78eb16acaaae2cc1	cdffac357f16f5a4d291c24f56d5d748
18881	07a11338cd67cfabec0f291e45a94c1b	23a2c412cb66fd1e78eb16acaaae2cc1	cdffac357f16f5a4d291c24f56d5d748
18882	225d9c1f2827104decc2ea6782deb013	1c7b9094a6f4fbd5939c322b72145843	fc9276ebb4a6c12f077dbd0ef29ff1e7
18883	225d9c1f2827104decc2ea6782deb013	1c7b9094a6f4fbd5939c322b72145843	fc9276ebb4a6c12f077dbd0ef29ff1e7
18884	9c989e42caeb2039e591b01183dc74d5	182f805b2b9b93de18afd7a6da45ee05	580c2eabfbe3d72b38fef2191d24c837
18885	9c989e42caeb2039e591b01183dc74d5	182f805b2b9b93de18afd7a6da45ee05	580c2eabfbe3d72b38fef2191d24c837
18886	9c989e42caeb2039e591b01183dc74d5	182f805b2b9b93de18afd7a6da45ee05	580c2eabfbe3d72b38fef2191d24c837
18887	9c989e42caeb2039e591b01183dc74d5	182f805b2b9b93de18afd7a6da45ee05	580c2eabfbe3d72b38fef2191d24c837
18888	9c989e42caeb2039e591b01183dc74d5	182f805b2b9b93de18afd7a6da45ee05	580c2eabfbe3d72b38fef2191d24c837
18889	9c989e42caeb2039e591b01183dc74d5	182f805b2b9b93de18afd7a6da45ee05	580c2eabfbe3d72b38fef2191d24c837
18890	9c989e42caeb2039e591b01183dc74d5	182f805b2b9b93de18afd7a6da45ee05	580c2eabfbe3d72b38fef2191d24c837
18891	fae447ce0fb02d9b3a0aa548fee70c06	b97d2605e0c46ea87192f561c536cb1b	5ae51e26f45971fd8388df2b47e8ce02
18892	fae447ce0fb02d9b3a0aa548fee70c06	b97d2605e0c46ea87192f561c536cb1b	5ae51e26f45971fd8388df2b47e8ce02
18893	fae447ce0fb02d9b3a0aa548fee70c06	b97d2605e0c46ea87192f561c536cb1b	5ae51e26f45971fd8388df2b47e8ce02
18894	fae447ce0fb02d9b3a0aa548fee70c06	b97d2605e0c46ea87192f561c536cb1b	5ae51e26f45971fd8388df2b47e8ce02
18895	fae447ce0fb02d9b3a0aa548fee70c06	b97d2605e0c46ea87192f561c536cb1b	5ae51e26f45971fd8388df2b47e8ce02
18896	ea2d1ce4a4913b98447e644f61f53fb2	b41fa2d592635f300b2ddac5505a9956	3094d8b3ac393332fe3d9f9b479525eb
18897	ea2d1ce4a4913b98447e644f61f53fb2	b41fa2d592635f300b2ddac5505a9956	3094d8b3ac393332fe3d9f9b479525eb
18898	ea2d1ce4a4913b98447e644f61f53fb2	b41fa2d592635f300b2ddac5505a9956	3094d8b3ac393332fe3d9f9b479525eb
18899	ea2d1ce4a4913b98447e644f61f53fb2	b41fa2d592635f300b2ddac5505a9956	3094d8b3ac393332fe3d9f9b479525eb
18900	ea2d1ce4a4913b98447e644f61f53fb2	b41fa2d592635f300b2ddac5505a9956	3094d8b3ac393332fe3d9f9b479525eb
18901	ea2d1ce4a4913b98447e644f61f53fb2	b41fa2d592635f300b2ddac5505a9956	3094d8b3ac393332fe3d9f9b479525eb
18902	ea2d1ce4a4913b98447e644f61f53fb2	b41fa2d592635f300b2ddac5505a9956	3094d8b3ac393332fe3d9f9b479525eb
18903	62b9aef425b9a543c302bdba18cfb900	2377f70bf9fa89f0d40589ba8686bfc9	f81c36993e66653d48e50b8665c018f0
18904	62b9aef425b9a543c302bdba18cfb900	2377f70bf9fa89f0d40589ba8686bfc9	f81c36993e66653d48e50b8665c018f0
18905	62b9aef425b9a543c302bdba18cfb900	2377f70bf9fa89f0d40589ba8686bfc9	f81c36993e66653d48e50b8665c018f0
18906	62b9aef425b9a543c302bdba18cfb900	2377f70bf9fa89f0d40589ba8686bfc9	f81c36993e66653d48e50b8665c018f0
18907	62b9aef425b9a543c302bdba18cfb900	2377f70bf9fa89f0d40589ba8686bfc9	f81c36993e66653d48e50b8665c018f0
18908	16ae26a22a8404e9bc0d833315e0d56b	ddf07243ff443d17d4c069e0317a23c4	34fa96a231b951ba1072dc0020337a79
18909	16ae26a22a8404e9bc0d833315e0d56b	ddf07243ff443d17d4c069e0317a23c4	34fa96a231b951ba1072dc0020337a79
18910	16ae26a22a8404e9bc0d833315e0d56b	ddf07243ff443d17d4c069e0317a23c4	34fa96a231b951ba1072dc0020337a79
18911	16ae26a22a8404e9bc0d833315e0d56b	ddf07243ff443d17d4c069e0317a23c4	34fa96a231b951ba1072dc0020337a79
18912	16ae26a22a8404e9bc0d833315e0d56b	ddf07243ff443d17d4c069e0317a23c4	34fa96a231b951ba1072dc0020337a79
18913	6a192137102cba1f6cc98730a6764ffc	2ab8fb487a01fba66338967f4d9e81cd	60e776022a9a9b0c3018ba17ff3aa6f6
18914	6a192137102cba1f6cc98730a6764ffc	2ab8fb487a01fba66338967f4d9e81cd	60e776022a9a9b0c3018ba17ff3aa6f6
18915	6a192137102cba1f6cc98730a6764ffc	2ab8fb487a01fba66338967f4d9e81cd	60e776022a9a9b0c3018ba17ff3aa6f6
18916	6a192137102cba1f6cc98730a6764ffc	2ab8fb487a01fba66338967f4d9e81cd	60e776022a9a9b0c3018ba17ff3aa6f6
18917	6a192137102cba1f6cc98730a6764ffc	2ab8fb487a01fba66338967f4d9e81cd	60e776022a9a9b0c3018ba17ff3aa6f6
18918	6a192137102cba1f6cc98730a6764ffc	2ab8fb487a01fba66338967f4d9e81cd	60e776022a9a9b0c3018ba17ff3aa6f6
18919	6a192137102cba1f6cc98730a6764ffc	2ab8fb487a01fba66338967f4d9e81cd	60e776022a9a9b0c3018ba17ff3aa6f6
18920	6a192137102cba1f6cc98730a6764ffc	2ab8fb487a01fba66338967f4d9e81cd	60e776022a9a9b0c3018ba17ff3aa6f6
18921	6a192137102cba1f6cc98730a6764ffc	2ab8fb487a01fba66338967f4d9e81cd	60e776022a9a9b0c3018ba17ff3aa6f6
18922	6a192137102cba1f6cc98730a6764ffc	2ab8fb487a01fba66338967f4d9e81cd	60e776022a9a9b0c3018ba17ff3aa6f6
18923	6a192137102cba1f6cc98730a6764ffc	2ab8fb487a01fba66338967f4d9e81cd	60e776022a9a9b0c3018ba17ff3aa6f6
18924	6a192137102cba1f6cc98730a6764ffc	2ab8fb487a01fba66338967f4d9e81cd	60e776022a9a9b0c3018ba17ff3aa6f6
18925	e6c2fb48d4f08e00e68fdaf1935a8fb3	1baabe3e33a8c40ff1cf2e48ef66f187	d2f12a2119a9109ad3eabccdc13ae70d
18926	e6c2fb48d4f08e00e68fdaf1935a8fb3	1baabe3e33a8c40ff1cf2e48ef66f187	d2f12a2119a9109ad3eabccdc13ae70d
18927	e6c2fb48d4f08e00e68fdaf1935a8fb3	1baabe3e33a8c40ff1cf2e48ef66f187	d2f12a2119a9109ad3eabccdc13ae70d
18928	e6c2fb48d4f08e00e68fdaf1935a8fb3	1baabe3e33a8c40ff1cf2e48ef66f187	d2f12a2119a9109ad3eabccdc13ae70d
18929	e6c2fb48d4f08e00e68fdaf1935a8fb3	1baabe3e33a8c40ff1cf2e48ef66f187	d2f12a2119a9109ad3eabccdc13ae70d
18930	e6c2fb48d4f08e00e68fdaf1935a8fb3	1baabe3e33a8c40ff1cf2e48ef66f187	d2f12a2119a9109ad3eabccdc13ae70d
18931	e6c2fb48d4f08e00e68fdaf1935a8fb3	1baabe3e33a8c40ff1cf2e48ef66f187	d2f12a2119a9109ad3eabccdc13ae70d
18932	219486bb52849e5751ff9a4b45dcd6fb	bcad9b91f5f9d461a32c3ecaa4d19f2e	25a61c1e1940e4c50865634d959f2357
18933	219486bb52849e5751ff9a4b45dcd6fb	bcad9b91f5f9d461a32c3ecaa4d19f2e	25a61c1e1940e4c50865634d959f2357
18934	219486bb52849e5751ff9a4b45dcd6fb	bcad9b91f5f9d461a32c3ecaa4d19f2e	25a61c1e1940e4c50865634d959f2357
18935	219486bb52849e5751ff9a4b45dcd6fb	bcad9b91f5f9d461a32c3ecaa4d19f2e	25a61c1e1940e4c50865634d959f2357
18936	219486bb52849e5751ff9a4b45dcd6fb	bcad9b91f5f9d461a32c3ecaa4d19f2e	25a61c1e1940e4c50865634d959f2357
18937	219486bb52849e5751ff9a4b45dcd6fb	bcad9b91f5f9d461a32c3ecaa4d19f2e	25a61c1e1940e4c50865634d959f2357
18938	219486bb52849e5751ff9a4b45dcd6fb	bcad9b91f5f9d461a32c3ecaa4d19f2e	25a61c1e1940e4c50865634d959f2357
18939	219486bb52849e5751ff9a4b45dcd6fb	bcad9b91f5f9d461a32c3ecaa4d19f2e	25a61c1e1940e4c50865634d959f2357
18940	219486bb52849e5751ff9a4b45dcd6fb	bcad9b91f5f9d461a32c3ecaa4d19f2e	25a61c1e1940e4c50865634d959f2357
18941	219486bb52849e5751ff9a4b45dcd6fb	bcad9b91f5f9d461a32c3ecaa4d19f2e	25a61c1e1940e4c50865634d959f2357
18942	a822e2fc1ab8a852c2f069673c4a32a0	854214ba5effd81e32954f9e58d47d00	642e57082d3e385fc01f946b4aecd08f
18943	a822e2fc1ab8a852c2f069673c4a32a0	854214ba5effd81e32954f9e58d47d00	642e57082d3e385fc01f946b4aecd08f
18944	a822e2fc1ab8a852c2f069673c4a32a0	854214ba5effd81e32954f9e58d47d00	642e57082d3e385fc01f946b4aecd08f
18945	a822e2fc1ab8a852c2f069673c4a32a0	854214ba5effd81e32954f9e58d47d00	642e57082d3e385fc01f946b4aecd08f
18946	a822e2fc1ab8a852c2f069673c4a32a0	854214ba5effd81e32954f9e58d47d00	642e57082d3e385fc01f946b4aecd08f
18947	a822e2fc1ab8a852c2f069673c4a32a0	854214ba5effd81e32954f9e58d47d00	642e57082d3e385fc01f946b4aecd08f
18948	a822e2fc1ab8a852c2f069673c4a32a0	854214ba5effd81e32954f9e58d47d00	642e57082d3e385fc01f946b4aecd08f
18949	5037f2165fcc9a437791bf82be46c369	df74d8ec0d8334953809d2617291a329	a6157b9dedcbcbfad7d542776e0b3bdc
18950	5037f2165fcc9a437791bf82be46c369	df74d8ec0d8334953809d2617291a329	a6157b9dedcbcbfad7d542776e0b3bdc
18951	5037f2165fcc9a437791bf82be46c369	df74d8ec0d8334953809d2617291a329	a6157b9dedcbcbfad7d542776e0b3bdc
18952	5037f2165fcc9a437791bf82be46c369	df74d8ec0d8334953809d2617291a329	a6157b9dedcbcbfad7d542776e0b3bdc
18953	5037f2165fcc9a437791bf82be46c369	6da6e872c727206700cd0629b0d08403	49a91d3d531efe85d057595ae5438233
18954	86a632a7c28587a37b9cd177fdeba15f	8e6c4f0e975263e82463a82185441b5d	1a6b1581a4ae83616a311ec2b0522313
18955	86a632a7c28587a37b9cd177fdeba15f	8e6c4f0e975263e82463a82185441b5d	1a6b1581a4ae83616a311ec2b0522313
18956	86a632a7c28587a37b9cd177fdeba15f	8e6c4f0e975263e82463a82185441b5d	1a6b1581a4ae83616a311ec2b0522313
18957	86a632a7c28587a37b9cd177fdeba15f	8e6c4f0e975263e82463a82185441b5d	1a6b1581a4ae83616a311ec2b0522313
18958	86a632a7c28587a37b9cd177fdeba15f	8e6c4f0e975263e82463a82185441b5d	1a6b1581a4ae83616a311ec2b0522313
18959	86a632a7c28587a37b9cd177fdeba15f	8e6c4f0e975263e82463a82185441b5d	1a6b1581a4ae83616a311ec2b0522313
18960	86a632a7c28587a37b9cd177fdeba15f	8e6c4f0e975263e82463a82185441b5d	1a6b1581a4ae83616a311ec2b0522313
18961	86a632a7c28587a37b9cd177fdeba15f	8e6c4f0e975263e82463a82185441b5d	1a6b1581a4ae83616a311ec2b0522313
18962	86a632a7c28587a37b9cd177fdeba15f	8e6c4f0e975263e82463a82185441b5d	1a6b1581a4ae83616a311ec2b0522313
18963	86a632a7c28587a37b9cd177fdeba15f	8e6c4f0e975263e82463a82185441b5d	1a6b1581a4ae83616a311ec2b0522313
18964	86a632a7c28587a37b9cd177fdeba15f	8e6c4f0e975263e82463a82185441b5d	1a6b1581a4ae83616a311ec2b0522313
18965	86a632a7c28587a37b9cd177fdeba15f	8e6c4f0e975263e82463a82185441b5d	1a6b1581a4ae83616a311ec2b0522313
18966	86a632a7c28587a37b9cd177fdeba15f	8e6c4f0e975263e82463a82185441b5d	1a6b1581a4ae83616a311ec2b0522313
18967	86a632a7c28587a37b9cd177fdeba15f	8e6c4f0e975263e82463a82185441b5d	1a6b1581a4ae83616a311ec2b0522313
18968	86a632a7c28587a37b9cd177fdeba15f	8e6c4f0e975263e82463a82185441b5d	1a6b1581a4ae83616a311ec2b0522313
18969	86a632a7c28587a37b9cd177fdeba15f	8e6c4f0e975263e82463a82185441b5d	1a6b1581a4ae83616a311ec2b0522313
18970	86a632a7c28587a37b9cd177fdeba15f	8e6c4f0e975263e82463a82185441b5d	1a6b1581a4ae83616a311ec2b0522313
18971	12db90b6ff67a21108b2db086a2435cc	95de59bb315bf6e9d087f78def73b5c7	d54b2542ea167c568d2301f577018522
18972	12db90b6ff67a21108b2db086a2435cc	95de59bb315bf6e9d087f78def73b5c7	d54b2542ea167c568d2301f577018522
18973	12db90b6ff67a21108b2db086a2435cc	95de59bb315bf6e9d087f78def73b5c7	d54b2542ea167c568d2301f577018522
18974	d142fd0ca6f78abda8e305aa59a261d7	984d6b2d733a610592fb533524862645	8aa9ed5607f1eee1d7706e78246561d9
18975	a6dfe06a04bd16d87fbc74074a40a707	16379b0993c86132a68bcf4eccc17bfa	0f6d12a2af5bcd8b817db365d322113b
18976	a39fdeea627e78cbd2ec02cb3244d780	e2f30ed8bccdbdc5a92621b28c547578	6745740781ae975458172bf3619ba6b9
18977	a39fdeea627e78cbd2ec02cb3244d780	e2f30ed8bccdbdc5a92621b28c547578	6745740781ae975458172bf3619ba6b9
18978	4cd1c24c514fadc81c600619e548d59b	9266da11faff96426739a931f5240fa3	a1285c11b9bf98c9591b79e30dcf1e3a
18979	4cd1c24c514fadc81c600619e548d59b	9266da11faff96426739a931f5240fa3	a1285c11b9bf98c9591b79e30dcf1e3a
18980	4cd1c24c514fadc81c600619e548d59b	9266da11faff96426739a931f5240fa3	a1285c11b9bf98c9591b79e30dcf1e3a
18981	39763f45515b1ce29aef753589e5a167	d19e4f1a8ff5a10062f2c5aab2d97e7f	7654c1ce5056c7a7314b59e2fc8b92be
18982	39763f45515b1ce29aef753589e5a167	d19e4f1a8ff5a10062f2c5aab2d97e7f	7654c1ce5056c7a7314b59e2fc8b92be
18983	12db90b6ff67a21108b2db086a2435cc	95de59bb315bf6e9d087f78def73b5c7	d54b2542ea167c568d2301f577018522
18984	12db90b6ff67a21108b2db086a2435cc	95de59bb315bf6e9d087f78def73b5c7	d54b2542ea167c568d2301f577018522
18985	12db90b6ff67a21108b2db086a2435cc	95de59bb315bf6e9d087f78def73b5c7	d54b2542ea167c568d2301f577018522
18986	12db90b6ff67a21108b2db086a2435cc	95de59bb315bf6e9d087f78def73b5c7	d54b2542ea167c568d2301f577018522
18987	12db90b6ff67a21108b2db086a2435cc	95de59bb315bf6e9d087f78def73b5c7	d54b2542ea167c568d2301f577018522
18988	12db90b6ff67a21108b2db086a2435cc	95de59bb315bf6e9d087f78def73b5c7	d54b2542ea167c568d2301f577018522
18989	12db90b6ff67a21108b2db086a2435cc	95de59bb315bf6e9d087f78def73b5c7	d54b2542ea167c568d2301f577018522
18990	cd8d90aadf45db4f99c816e9eb0a1c0e	b11503ad7a0d50a2feb9dac8b52b9ede	f1596e8fb3f0fe79aebe8c9eedba16b9
18991	21756d75d7ff90d87676fb6310008859	ca961272b540883a4d4ed8e109703661	d01554b2b4a6beb9280331807821836f
18992	21756d75d7ff90d87676fb6310008859	ca961272b540883a4d4ed8e109703661	d01554b2b4a6beb9280331807821836f
18993	12db90b6ff67a21108b2db086a2435cc	95de59bb315bf6e9d087f78def73b5c7	d54b2542ea167c568d2301f577018522
18994	12db90b6ff67a21108b2db086a2435cc	95de59bb315bf6e9d087f78def73b5c7	d54b2542ea167c568d2301f577018522
18995	e6051b33fd37da5a7459063c83c44ee1	d2ffac09cc04fc69f59a7bc155b3d208	ebd721385af9586d4991d58325f1197f
18996	e6051b33fd37da5a7459063c83c44ee1	d2ffac09cc04fc69f59a7bc155b3d208	ebd721385af9586d4991d58325f1197f
18997	e6051b33fd37da5a7459063c83c44ee1	d2ffac09cc04fc69f59a7bc155b3d208	ebd721385af9586d4991d58325f1197f
18998	e6051b33fd37da5a7459063c83c44ee1	d2ffac09cc04fc69f59a7bc155b3d208	ebd721385af9586d4991d58325f1197f
18999	e6051b33fd37da5a7459063c83c44ee1	d2ffac09cc04fc69f59a7bc155b3d208	ebd721385af9586d4991d58325f1197f
19000	e6051b33fd37da5a7459063c83c44ee1	d2ffac09cc04fc69f59a7bc155b3d208	ebd721385af9586d4991d58325f1197f
19001	e6051b33fd37da5a7459063c83c44ee1	d2ffac09cc04fc69f59a7bc155b3d208	ebd721385af9586d4991d58325f1197f
19002	2130e0c6c0fcf60e90a2606885df9c53	6ec104e3b6974133e0c901f3adac1eb6	1aaa3745c351557b23d6403a4964f411
19003	2130e0c6c0fcf60e90a2606885df9c53	6ec104e3b6974133e0c901f3adac1eb6	1aaa3745c351557b23d6403a4964f411
19004	2130e0c6c0fcf60e90a2606885df9c53	6ec104e3b6974133e0c901f3adac1eb6	1aaa3745c351557b23d6403a4964f411
19005	008ee53ee15cb48a840ed88f5b96b986	2b25476cf9287f93666a640675d2b2ec	cc080b01194bc16158bd49b82620c317
19006	008ee53ee15cb48a840ed88f5b96b986	2b25476cf9287f93666a640675d2b2ec	cc080b01194bc16158bd49b82620c317
19007	008ee53ee15cb48a840ed88f5b96b986	2b25476cf9287f93666a640675d2b2ec	cc080b01194bc16158bd49b82620c317
19008	008ee53ee15cb48a840ed88f5b96b986	2b25476cf9287f93666a640675d2b2ec	cc080b01194bc16158bd49b82620c317
19009	008ee53ee15cb48a840ed88f5b96b986	2b25476cf9287f93666a640675d2b2ec	cc080b01194bc16158bd49b82620c317
19010	008ee53ee15cb48a840ed88f5b96b986	2b25476cf9287f93666a640675d2b2ec	cc080b01194bc16158bd49b82620c317
19011	008ee53ee15cb48a840ed88f5b96b986	2b25476cf9287f93666a640675d2b2ec	cc080b01194bc16158bd49b82620c317
19012	8ce5b3f658505c32e04cc2e041998377	2c9a590d8f95834fab4f3578975f1421	a9e7159fcb0e5325687373d9c9bb3b23
19013	8ce5b3f658505c32e04cc2e041998377	2c9a590d8f95834fab4f3578975f1421	a9e7159fcb0e5325687373d9c9bb3b23
19014	8ce5b3f658505c32e04cc2e041998377	2c9a590d8f95834fab4f3578975f1421	a9e7159fcb0e5325687373d9c9bb3b23
19015	8ce5b3f658505c32e04cc2e041998377	2c9a590d8f95834fab4f3578975f1421	a9e7159fcb0e5325687373d9c9bb3b23
19016	8ce5b3f658505c32e04cc2e041998377	2c9a590d8f95834fab4f3578975f1421	a9e7159fcb0e5325687373d9c9bb3b23
19017	8ce5b3f658505c32e04cc2e041998377	2c9a590d8f95834fab4f3578975f1421	a9e7159fcb0e5325687373d9c9bb3b23
19018	8ce5b3f658505c32e04cc2e041998377	2c9a590d8f95834fab4f3578975f1421	a9e7159fcb0e5325687373d9c9bb3b23
19019	8ce5b3f658505c32e04cc2e041998377	2c9a590d8f95834fab4f3578975f1421	a9e7159fcb0e5325687373d9c9bb3b23
19020	8ce5b3f658505c32e04cc2e041998377	2c9a590d8f95834fab4f3578975f1421	a9e7159fcb0e5325687373d9c9bb3b23
19021	8ce5b3f658505c32e04cc2e041998377	2c9a590d8f95834fab4f3578975f1421	a9e7159fcb0e5325687373d9c9bb3b23
19022	8ce5b3f658505c32e04cc2e041998377	2c9a590d8f95834fab4f3578975f1421	a9e7159fcb0e5325687373d9c9bb3b23
19023	8ce5b3f658505c32e04cc2e041998377	2c9a590d8f95834fab4f3578975f1421	a9e7159fcb0e5325687373d9c9bb3b23
19024	f4f38a139ce05b342452587a0d212a62	8c82257752dba76fcb790d3e15888464	09421ffa359c9471733fbbdfb9864acf
19025	f4f38a139ce05b342452587a0d212a62	8c82257752dba76fcb790d3e15888464	09421ffa359c9471733fbbdfb9864acf
19026	f4f38a139ce05b342452587a0d212a62	8c82257752dba76fcb790d3e15888464	09421ffa359c9471733fbbdfb9864acf
19027	6de26c1e8d02148ad6fe0bb932386040	da843ab5df1c09a52b65321b2cd068ce	da771ddb72d1752b2171d3bd11c55640
19028	6de26c1e8d02148ad6fe0bb932386040	da843ab5df1c09a52b65321b2cd068ce	da771ddb72d1752b2171d3bd11c55640
19029	f4f38a139ce05b342452587a0d212a62	8c82257752dba76fcb790d3e15888464	09421ffa359c9471733fbbdfb9864acf
19030	f4f38a139ce05b342452587a0d212a62	8c82257752dba76fcb790d3e15888464	09421ffa359c9471733fbbdfb9864acf
19031	9289ce76056d8162c2afe7da373ae29f	9c0c5c793cd497fee361566effcd395c	6014056b09d00b341cfcb78a179a59a4
19032	7dba32e24d952b08a8e17e7c0fee0804	bcc345913c647e80ea0f3eee005e7c6f	10535e99c6399b234ee405fb223577dc
19033	7dba32e24d952b08a8e17e7c0fee0804	bcc345913c647e80ea0f3eee005e7c6f	10535e99c6399b234ee405fb223577dc
19034	76be628ad00ad2997a83b4eeeb410ce8	87bb02edf2079a4c289808c4b383222b	69a548cbedca1e106070f3ed37a4ec87
19035	76be628ad00ad2997a83b4eeeb410ce8	87bb02edf2079a4c289808c4b383222b	69a548cbedca1e106070f3ed37a4ec87
19036	02d0645340945bbda9e66f445a30650f	94deace6b296847f4722d1cc6902aab2	42ed6c279216de813c958ff16f4898e6
19037	02d0645340945bbda9e66f445a30650f	94deace6b296847f4722d1cc6902aab2	42ed6c279216de813c958ff16f4898e6
19038	02d0645340945bbda9e66f445a30650f	94deace6b296847f4722d1cc6902aab2	42ed6c279216de813c958ff16f4898e6
19039	02d0645340945bbda9e66f445a30650f	94deace6b296847f4722d1cc6902aab2	42ed6c279216de813c958ff16f4898e6
19040	02d0645340945bbda9e66f445a30650f	94deace6b296847f4722d1cc6902aab2	42ed6c279216de813c958ff16f4898e6
19041	162e11d676d6de2b4d850496b2ea41d0	83fe62f3c186b6f0526f3de0b0041ea9	832d8e09257ef64bfb80cb71222a5550
19042	162e11d676d6de2b4d850496b2ea41d0	83fe62f3c186b6f0526f3de0b0041ea9	832d8e09257ef64bfb80cb71222a5550
19043	162e11d676d6de2b4d850496b2ea41d0	83fe62f3c186b6f0526f3de0b0041ea9	832d8e09257ef64bfb80cb71222a5550
19044	b964da51b431b31546268b8d101a1557	ab670177a750c828390c764b8332c094	d511add13cbaf5a40ce3d0cabc661e01
19045	b964da51b431b31546268b8d101a1557	ab670177a750c828390c764b8332c094	d511add13cbaf5a40ce3d0cabc661e01
19046	b964da51b431b31546268b8d101a1557	ab670177a750c828390c764b8332c094	d511add13cbaf5a40ce3d0cabc661e01
19047	b964da51b431b31546268b8d101a1557	ab670177a750c828390c764b8332c094	d511add13cbaf5a40ce3d0cabc661e01
19048	6fd912515eafd9347bccee07f75f5ee5	f905f0edfee6158ccd727b7cfcee4169	4af4067d62dcafec2c0626e6a3dffdd3
19049	78ecd9de539028ac9e04e8a9e8b4603f	64c6bac0c0c695cae553ccba81a32938	593eb58f056bb34e8496dcaff291e71a
19050	78ecd9de539028ac9e04e8a9e8b4603f	64c6bac0c0c695cae553ccba81a32938	593eb58f056bb34e8496dcaff291e71a
19051	8174d6a5e17e52b37a5581111e71331a	224ada9e8ca98b2a417412f2effcb18a	aad4894024076c0adef511a52436e383
19052	78ecd9de539028ac9e04e8a9e8b4603f	64c6bac0c0c695cae553ccba81a32938	593eb58f056bb34e8496dcaff291e71a
19053	a587ee7d0488b5c055b4ebf7bba748d1	f03d50016d3216c9f5bfec47865c89ac	11fc2746f5f10bf17a5d0142d7eb1107
19054	a587ee7d0488b5c055b4ebf7bba748d1	f03d50016d3216c9f5bfec47865c89ac	11fc2746f5f10bf17a5d0142d7eb1107
19055	a587ee7d0488b5c055b4ebf7bba748d1	f03d50016d3216c9f5bfec47865c89ac	11fc2746f5f10bf17a5d0142d7eb1107
19056	a587ee7d0488b5c055b4ebf7bba748d1	f03d50016d3216c9f5bfec47865c89ac	11fc2746f5f10bf17a5d0142d7eb1107
19057	a587ee7d0488b5c055b4ebf7bba748d1	f03d50016d3216c9f5bfec47865c89ac	11fc2746f5f10bf17a5d0142d7eb1107
19058	a587ee7d0488b5c055b4ebf7bba748d1	f03d50016d3216c9f5bfec47865c89ac	11fc2746f5f10bf17a5d0142d7eb1107
19059	a587ee7d0488b5c055b4ebf7bba748d1	f03d50016d3216c9f5bfec47865c89ac	11fc2746f5f10bf17a5d0142d7eb1107
19060	da1e976619ff925dae18ca960ce7b54f	1e5c0e076b50fc7f5efa74e244a2028f	de436d24a5b816aeae309293943abe66
19061	da1e976619ff925dae18ca960ce7b54f	1e5c0e076b50fc7f5efa74e244a2028f	de436d24a5b816aeae309293943abe66
19062	da1e976619ff925dae18ca960ce7b54f	1e5c0e076b50fc7f5efa74e244a2028f	de436d24a5b816aeae309293943abe66
19063	da1e976619ff925dae18ca960ce7b54f	1e5c0e076b50fc7f5efa74e244a2028f	de436d24a5b816aeae309293943abe66
19064	da1e976619ff925dae18ca960ce7b54f	1e5c0e076b50fc7f5efa74e244a2028f	de436d24a5b816aeae309293943abe66
19065	aead57049e32af6604362c662bd7f867	507ca4a2977d48514eb04dbef897ed8c	b535146a4c23635e3ee5c4add757eda0
19066	aead57049e32af6604362c662bd7f867	507ca4a2977d48514eb04dbef897ed8c	b535146a4c23635e3ee5c4add757eda0
19067	aead57049e32af6604362c662bd7f867	507ca4a2977d48514eb04dbef897ed8c	b535146a4c23635e3ee5c4add757eda0
19068	aead57049e32af6604362c662bd7f867	507ca4a2977d48514eb04dbef897ed8c	b535146a4c23635e3ee5c4add757eda0
19069	aead57049e32af6604362c662bd7f867	507ca4a2977d48514eb04dbef897ed8c	b535146a4c23635e3ee5c4add757eda0
19070	aead57049e32af6604362c662bd7f867	507ca4a2977d48514eb04dbef897ed8c	b535146a4c23635e3ee5c4add757eda0
19071	aead57049e32af6604362c662bd7f867	507ca4a2977d48514eb04dbef897ed8c	b535146a4c23635e3ee5c4add757eda0
19072	6e4a1fbd5c389bcc15d9be560bb29b55	aa5500543664f65378083b3cabc838f0	ad6c6ef1dd58a8b0c4f6f53755d89db3
19073	6e4a1fbd5c389bcc15d9be560bb29b55	aa5500543664f65378083b3cabc838f0	ad6c6ef1dd58a8b0c4f6f53755d89db3
19074	6e4a1fbd5c389bcc15d9be560bb29b55	aa5500543664f65378083b3cabc838f0	ad6c6ef1dd58a8b0c4f6f53755d89db3
19075	6e4a1fbd5c389bcc15d9be560bb29b55	aa5500543664f65378083b3cabc838f0	ad6c6ef1dd58a8b0c4f6f53755d89db3
19076	6e4a1fbd5c389bcc15d9be560bb29b55	aa5500543664f65378083b3cabc838f0	ad6c6ef1dd58a8b0c4f6f53755d89db3
19077	d0c25a6d8eb2a0c256ea3fd0d44f3d20	774784b42ef140311fd15de93d7acae1	035df994bd1858d6876f51993ce8cbd2
19078	d0c25a6d8eb2a0c256ea3fd0d44f3d20	774784b42ef140311fd15de93d7acae1	035df994bd1858d6876f51993ce8cbd2
19079	d0c25a6d8eb2a0c256ea3fd0d44f3d20	774784b42ef140311fd15de93d7acae1	035df994bd1858d6876f51993ce8cbd2
19080	d0c25a6d8eb2a0c256ea3fd0d44f3d20	774784b42ef140311fd15de93d7acae1	035df994bd1858d6876f51993ce8cbd2
19081	d0c25a6d8eb2a0c256ea3fd0d44f3d20	774784b42ef140311fd15de93d7acae1	035df994bd1858d6876f51993ce8cbd2
19082	05117866e3e536934ce9bdf2c85b0b0e	d919365751bd354f4bcae40a00b5b9ae	2a72d55214494e2e14cb154785c91360
19083	05117866e3e536934ce9bdf2c85b0b0e	d919365751bd354f4bcae40a00b5b9ae	2a72d55214494e2e14cb154785c91360
19084	05117866e3e536934ce9bdf2c85b0b0e	d919365751bd354f4bcae40a00b5b9ae	2a72d55214494e2e14cb154785c91360
19085	be5204d9ddef53873c04f8fc39af8285	e62217fda30f6015043f5bcb2c40289b	9d29c3b3e6d77bf39bbb8fdac1f7954f
19086	223c6b88823a88a229622bea4bbe748a	175c537795b2ebbd3b4db4e39d8681e3	92a0aad2a9446f983b6adb37b7b9a582
19087	fb44f992c517f2d6ab504cf0c55c60d3	dca387ec77dfb00bcfff1e8190b3b48a	ff90d6d9350ada6e6d373663661ba739
19088	fb44f992c517f2d6ab504cf0c55c60d3	dca387ec77dfb00bcfff1e8190b3b48a	ff90d6d9350ada6e6d373663661ba739
19089	b62b4ebd9a46d50dc3c84052a04d4ece	af4a1242fd0686e7946a73aab5753458	524972946c2bd3d343cca9a53cd8e1cf
19090	b62b4ebd9a46d50dc3c84052a04d4ece	af4a1242fd0686e7946a73aab5753458	524972946c2bd3d343cca9a53cd8e1cf
19091	b62b4ebd9a46d50dc3c84052a04d4ece	af4a1242fd0686e7946a73aab5753458	524972946c2bd3d343cca9a53cd8e1cf
19092	9e9658d9432ee6eb6421a041e971e957	b52ab6f5161973628e29c04d4e9cac55	5b1b06b719384c99811e609834bbacf6
19093	9e9658d9432ee6eb6421a041e971e957	b52ab6f5161973628e29c04d4e9cac55	5b1b06b719384c99811e609834bbacf6
19094	57ccdb7c91f5f4d75e3c3add749e3931	0ca6e990dc524b32ef3e4ad8edac8e14	443318bd498d14e6169db325e56f3ecb
19095	57ccdb7c91f5f4d75e3c3add749e3931	0ca6e990dc524b32ef3e4ad8edac8e14	443318bd498d14e6169db325e56f3ecb
19096	57ccdb7c91f5f4d75e3c3add749e3931	0ca6e990dc524b32ef3e4ad8edac8e14	443318bd498d14e6169db325e56f3ecb
19097	57ccdb7c91f5f4d75e3c3add749e3931	0ca6e990dc524b32ef3e4ad8edac8e14	443318bd498d14e6169db325e56f3ecb
19098	57ccdb7c91f5f4d75e3c3add749e3931	0ca6e990dc524b32ef3e4ad8edac8e14	443318bd498d14e6169db325e56f3ecb
19099	57ccdb7c91f5f4d75e3c3add749e3931	0ca6e990dc524b32ef3e4ad8edac8e14	443318bd498d14e6169db325e56f3ecb
19100	57ccdb7c91f5f4d75e3c3add749e3931	0ca6e990dc524b32ef3e4ad8edac8e14	443318bd498d14e6169db325e56f3ecb
19101	53d37baf80adb6f5abe073dc5a4b9b0e	ceda249c35b84922362611323a613429	3ed016abad88ce80ca76fd8277a003bb
19102	53d37baf80adb6f5abe073dc5a4b9b0e	ceda249c35b84922362611323a613429	3ed016abad88ce80ca76fd8277a003bb
19103	53d37baf80adb6f5abe073dc5a4b9b0e	ceda249c35b84922362611323a613429	3ed016abad88ce80ca76fd8277a003bb
19104	53a23f387d103214251c240024e424be	dcd5786b68851dd989579229667a4442	484a316d05105acea0cd8c4e183f7ea3
19105	459d9eed7305edce9e94889944267568	b8229e3ddd9f8e0861c412512417b38d	3553e3923cc17c3dc958fc32bb2247cc
19106	53d37baf80adb6f5abe073dc5a4b9b0e	ceda249c35b84922362611323a613429	3ed016abad88ce80ca76fd8277a003bb
19107	53d37baf80adb6f5abe073dc5a4b9b0e	ceda249c35b84922362611323a613429	3ed016abad88ce80ca76fd8277a003bb
19108	53d37baf80adb6f5abe073dc5a4b9b0e	ceda249c35b84922362611323a613429	3ed016abad88ce80ca76fd8277a003bb
19109	a9661a45961dc65639c1f0fd43ee5560	fe67b7093f8995364f2151fea82d5b29	4a52f1207c2eeb1c4a1cde39f10a2d65
19110	a9661a45961dc65639c1f0fd43ee5560	fe67b7093f8995364f2151fea82d5b29	4a52f1207c2eeb1c4a1cde39f10a2d65
19111	018770865f0016a3c21f383eb64b92ee	e1ba98df09401c554ab2ede26b2cae3b	deafbd44acf5636ec418567ec5385f59
19112	018770865f0016a3c21f383eb64b92ee	e1ba98df09401c554ab2ede26b2cae3b	deafbd44acf5636ec418567ec5385f59
19113	018770865f0016a3c21f383eb64b92ee	e1ba98df09401c554ab2ede26b2cae3b	deafbd44acf5636ec418567ec5385f59
19114	018770865f0016a3c21f383eb64b92ee	e1ba98df09401c554ab2ede26b2cae3b	deafbd44acf5636ec418567ec5385f59
19115	018770865f0016a3c21f383eb64b92ee	e1ba98df09401c554ab2ede26b2cae3b	deafbd44acf5636ec418567ec5385f59
19116	018770865f0016a3c21f383eb64b92ee	e1ba98df09401c554ab2ede26b2cae3b	deafbd44acf5636ec418567ec5385f59
19117	018770865f0016a3c21f383eb64b92ee	e1ba98df09401c554ab2ede26b2cae3b	deafbd44acf5636ec418567ec5385f59
19118	05967d4c0e3187c0031e4fe8817b4184	3405332deb3efac68d2b86203b953960	56402fcd454b672b91a635f926f7aabe
19119	05967d4c0e3187c0031e4fe8817b4184	3405332deb3efac68d2b86203b953960	56402fcd454b672b91a635f926f7aabe
19120	05967d4c0e3187c0031e4fe8817b4184	3405332deb3efac68d2b86203b953960	56402fcd454b672b91a635f926f7aabe
19121	05967d4c0e3187c0031e4fe8817b4184	3405332deb3efac68d2b86203b953960	56402fcd454b672b91a635f926f7aabe
19122	05967d4c0e3187c0031e4fe8817b4184	3405332deb3efac68d2b86203b953960	56402fcd454b672b91a635f926f7aabe
19123	eaa9fcbd383c3624bd9cabfbf9dcada3	fc10562b70a5c65cc16158060c9e2068	0f0e49bfa82270a532720ac379df0685
19124	eaa9fcbd383c3624bd9cabfbf9dcada3	fc10562b70a5c65cc16158060c9e2068	0f0e49bfa82270a532720ac379df0685
19125	eaa9fcbd383c3624bd9cabfbf9dcada3	fc10562b70a5c65cc16158060c9e2068	0f0e49bfa82270a532720ac379df0685
19126	eaa9fcbd383c3624bd9cabfbf9dcada3	fc10562b70a5c65cc16158060c9e2068	0f0e49bfa82270a532720ac379df0685
19127	eaa9fcbd383c3624bd9cabfbf9dcada3	fc10562b70a5c65cc16158060c9e2068	0f0e49bfa82270a532720ac379df0685
19128	eaa9fcbd383c3624bd9cabfbf9dcada3	fc10562b70a5c65cc16158060c9e2068	0f0e49bfa82270a532720ac379df0685
19129	eaa9fcbd383c3624bd9cabfbf9dcada3	fc10562b70a5c65cc16158060c9e2068	0f0e49bfa82270a532720ac379df0685
19130	eaa9fcbd383c3624bd9cabfbf9dcada3	fc10562b70a5c65cc16158060c9e2068	0f0e49bfa82270a532720ac379df0685
19131	eaa9fcbd383c3624bd9cabfbf9dcada3	fc10562b70a5c65cc16158060c9e2068	0f0e49bfa82270a532720ac379df0685
19132	eaa9fcbd383c3624bd9cabfbf9dcada3	fc10562b70a5c65cc16158060c9e2068	0f0e49bfa82270a532720ac379df0685
19133	eaa9fcbd383c3624bd9cabfbf9dcada3	fc10562b70a5c65cc16158060c9e2068	0f0e49bfa82270a532720ac379df0685
19134	eaa9fcbd383c3624bd9cabfbf9dcada3	fc10562b70a5c65cc16158060c9e2068	0f0e49bfa82270a532720ac379df0685
19135	eaa9fcbd383c3624bd9cabfbf9dcada3	fc10562b70a5c65cc16158060c9e2068	0f0e49bfa82270a532720ac379df0685
19136	eaa9fcbd383c3624bd9cabfbf9dcada3	fc10562b70a5c65cc16158060c9e2068	0f0e49bfa82270a532720ac379df0685
19137	eaa9fcbd383c3624bd9cabfbf9dcada3	fc10562b70a5c65cc16158060c9e2068	0f0e49bfa82270a532720ac379df0685
19138	eaa9fcbd383c3624bd9cabfbf9dcada3	fc10562b70a5c65cc16158060c9e2068	0f0e49bfa82270a532720ac379df0685
19139	eaa9fcbd383c3624bd9cabfbf9dcada3	fc10562b70a5c65cc16158060c9e2068	0f0e49bfa82270a532720ac379df0685
19140	83033980dd21907eacf700996d4d6353	034dab86306403053e79e490de58e7c0	4bdc6678effc9329ae2d1f7c08643546
19141	83033980dd21907eacf700996d4d6353	034dab86306403053e79e490de58e7c0	4bdc6678effc9329ae2d1f7c08643546
19142	83033980dd21907eacf700996d4d6353	034dab86306403053e79e490de58e7c0	4bdc6678effc9329ae2d1f7c08643546
19143	83033980dd21907eacf700996d4d6353	034dab86306403053e79e490de58e7c0	4bdc6678effc9329ae2d1f7c08643546
19144	83033980dd21907eacf700996d4d6353	034dab86306403053e79e490de58e7c0	4bdc6678effc9329ae2d1f7c08643546
19145	83033980dd21907eacf700996d4d6353	034dab86306403053e79e490de58e7c0	4bdc6678effc9329ae2d1f7c08643546
19146	83033980dd21907eacf700996d4d6353	034dab86306403053e79e490de58e7c0	4bdc6678effc9329ae2d1f7c08643546
19147	a39e590df13a05327922fa9d00ca2edc	97964d190c51af09c42809fb0e152142	dec504b74967675d3d9aa4fbc163b493
19148	a39e590df13a05327922fa9d00ca2edc	97964d190c51af09c42809fb0e152142	dec504b74967675d3d9aa4fbc163b493
19149	a39e590df13a05327922fa9d00ca2edc	97964d190c51af09c42809fb0e152142	dec504b74967675d3d9aa4fbc163b493
19150	3d209d79c4120015ca734836c64b7ecf	e908d24ba85e5c53db058279d3065521	3067853647ba0528090743ef7ef1c3d3
19151	3d209d79c4120015ca734836c64b7ecf	e908d24ba85e5c53db058279d3065521	3067853647ba0528090743ef7ef1c3d3
19152	66c0d02e9d3904b6afec019f35e211f3	c214b6df0c2bc7cae56736ef9f99f699	ff6bcb2e067a7392d291048cff9b61be
19153	66c0d02e9d3904b6afec019f35e211f3	c214b6df0c2bc7cae56736ef9f99f699	ff6bcb2e067a7392d291048cff9b61be
19154	66c0d02e9d3904b6afec019f35e211f3	c214b6df0c2bc7cae56736ef9f99f699	ff6bcb2e067a7392d291048cff9b61be
19155	66c0d02e9d3904b6afec019f35e211f3	c214b6df0c2bc7cae56736ef9f99f699	ff6bcb2e067a7392d291048cff9b61be
19156	66c0d02e9d3904b6afec019f35e211f3	c214b6df0c2bc7cae56736ef9f99f699	ff6bcb2e067a7392d291048cff9b61be
19157	66c0d02e9d3904b6afec019f35e211f3	c214b6df0c2bc7cae56736ef9f99f699	ff6bcb2e067a7392d291048cff9b61be
19158	66c0d02e9d3904b6afec019f35e211f3	c214b6df0c2bc7cae56736ef9f99f699	ff6bcb2e067a7392d291048cff9b61be
19159	9824a216dff05500da74e5724ba07956	8d035b9b5773274d2abb593b9fc6ad21	b748b76e21b08bcdaf4ee2fa97416639
19160	4624284b226aca57d226f7c1121de251	cdac832ef9687c648c761fbe525eb743	5fba2cffe1e13b018ca692f29ff51748
19161	9824a216dff05500da74e5724ba07956	8d035b9b5773274d2abb593b9fc6ad21	b748b76e21b08bcdaf4ee2fa97416639
19162	cd2b86b9fd1ef6e0246baab27f68e0ad	005da274531630bcca80ab0943179aeb	299fa9b420f377c2ccc1ab7831c02abd
19163	cd2b86b9fd1ef6e0246baab27f68e0ad	005da274531630bcca80ab0943179aeb	299fa9b420f377c2ccc1ab7831c02abd
19164	dc7f38062895de51d89381ce3f125108	c0ca66cade31876ce0dbce757ed8ab47	9b5bd1252342889ba447b3fcec863b83
19165	dc7f38062895de51d89381ce3f125108	c0ca66cade31876ce0dbce757ed8ab47	9b5bd1252342889ba447b3fcec863b83
19166	dc7f38062895de51d89381ce3f125108	c0ca66cade31876ce0dbce757ed8ab47	9b5bd1252342889ba447b3fcec863b83
19167	dc7f38062895de51d89381ce3f125108	c0ca66cade31876ce0dbce757ed8ab47	9b5bd1252342889ba447b3fcec863b83
19168	dc7f38062895de51d89381ce3f125108	c0ca66cade31876ce0dbce757ed8ab47	9b5bd1252342889ba447b3fcec863b83
19169	dc7f38062895de51d89381ce3f125108	c0ca66cade31876ce0dbce757ed8ab47	9b5bd1252342889ba447b3fcec863b83
19170	dc7f38062895de51d89381ce3f125108	c0ca66cade31876ce0dbce757ed8ab47	9b5bd1252342889ba447b3fcec863b83
19171	39cfde42b641b761786cf73f4bd17ca7	aabd98279836cc66bb58944d3596b02d	300f83b5f2b6061ced18c0143bc1fae4
19172	39cfde42b641b761786cf73f4bd17ca7	aabd98279836cc66bb58944d3596b02d	300f83b5f2b6061ced18c0143bc1fae4
19173	39cfde42b641b761786cf73f4bd17ca7	aabd98279836cc66bb58944d3596b02d	300f83b5f2b6061ced18c0143bc1fae4
19174	39cfde42b641b761786cf73f4bd17ca7	aabd98279836cc66bb58944d3596b02d	300f83b5f2b6061ced18c0143bc1fae4
19175	39cfde42b641b761786cf73f4bd17ca7	aabd98279836cc66bb58944d3596b02d	300f83b5f2b6061ced18c0143bc1fae4
19176	39cfde42b641b761786cf73f4bd17ca7	aabd98279836cc66bb58944d3596b02d	300f83b5f2b6061ced18c0143bc1fae4
19177	39cfde42b641b761786cf73f4bd17ca7	aabd98279836cc66bb58944d3596b02d	300f83b5f2b6061ced18c0143bc1fae4
19178	39cfde42b641b761786cf73f4bd17ca7	aabd98279836cc66bb58944d3596b02d	300f83b5f2b6061ced18c0143bc1fae4
19179	39cfde42b641b761786cf73f4bd17ca7	aabd98279836cc66bb58944d3596b02d	300f83b5f2b6061ced18c0143bc1fae4
19180	39cfde42b641b761786cf73f4bd17ca7	aabd98279836cc66bb58944d3596b02d	300f83b5f2b6061ced18c0143bc1fae4
19181	601e175bd427ca4dd26f4d384fffabe5	dd432967d7cb0c8080a60d0389939d04	1d27c379f75ba04091dc787fb30c6491
19182	601e175bd427ca4dd26f4d384fffabe5	dd432967d7cb0c8080a60d0389939d04	1d27c379f75ba04091dc787fb30c6491
19183	601e175bd427ca4dd26f4d384fffabe5	dd432967d7cb0c8080a60d0389939d04	1d27c379f75ba04091dc787fb30c6491
19184	601e175bd427ca4dd26f4d384fffabe5	dd432967d7cb0c8080a60d0389939d04	1d27c379f75ba04091dc787fb30c6491
19185	601e175bd427ca4dd26f4d384fffabe5	dd432967d7cb0c8080a60d0389939d04	1d27c379f75ba04091dc787fb30c6491
19186	601e175bd427ca4dd26f4d384fffabe5	dd432967d7cb0c8080a60d0389939d04	1d27c379f75ba04091dc787fb30c6491
19187	601e175bd427ca4dd26f4d384fffabe5	dd432967d7cb0c8080a60d0389939d04	1d27c379f75ba04091dc787fb30c6491
19188	2c8ce06885e2673af7b5f8f62af5989d	dd147e1175a03133e0db96afc4e0422c	accef09f75616d9faddd432cad162ccf
19189	2c8ce06885e2673af7b5f8f62af5989d	dd147e1175a03133e0db96afc4e0422c	accef09f75616d9faddd432cad162ccf
19190	2c8ce06885e2673af7b5f8f62af5989d	dd147e1175a03133e0db96afc4e0422c	accef09f75616d9faddd432cad162ccf
19191	2c8ce06885e2673af7b5f8f62af5989d	dd147e1175a03133e0db96afc4e0422c	accef09f75616d9faddd432cad162ccf
19192	2c8ce06885e2673af7b5f8f62af5989d	dd147e1175a03133e0db96afc4e0422c	accef09f75616d9faddd432cad162ccf
19193	0caaa33bd2b1e562b5905a7de4ced196	267fd7e1beda192a57efb004f4d8242d	f0b66423120c52c0b839fa9fae0e6d71
19194	0caaa33bd2b1e562b5905a7de4ced196	267fd7e1beda192a57efb004f4d8242d	f0b66423120c52c0b839fa9fae0e6d71
19195	0caaa33bd2b1e562b5905a7de4ced196	267fd7e1beda192a57efb004f4d8242d	f0b66423120c52c0b839fa9fae0e6d71
19196	2c621c7d93f52cdea88a3d2ff8f24049	b8a0a9fb5a082d07e8a9d477562d1fef	f015bb18e109f5a523bb5bea32542c63
19197	2c621c7d93f52cdea88a3d2ff8f24049	b8a0a9fb5a082d07e8a9d477562d1fef	f015bb18e109f5a523bb5bea32542c63
19198	0caaa33bd2b1e562b5905a7de4ced196	267fd7e1beda192a57efb004f4d8242d	f0b66423120c52c0b839fa9fae0e6d71
19199	0caaa33bd2b1e562b5905a7de4ced196	267fd7e1beda192a57efb004f4d8242d	f0b66423120c52c0b839fa9fae0e6d71
19200	b3030fcccbd26dd95d16dda3685a8251	31c0ea7928eded8e0cc9773da3e9cd85	3528ecc30725dbaa47a49e2092614e7c
19201	b3030fcccbd26dd95d16dda3685a8251	31c0ea7928eded8e0cc9773da3e9cd85	3528ecc30725dbaa47a49e2092614e7c
19202	b3030fcccbd26dd95d16dda3685a8251	31c0ea7928eded8e0cc9773da3e9cd85	3528ecc30725dbaa47a49e2092614e7c
19203	b3030fcccbd26dd95d16dda3685a8251	31c0ea7928eded8e0cc9773da3e9cd85	3528ecc30725dbaa47a49e2092614e7c
19204	b3030fcccbd26dd95d16dda3685a8251	31c0ea7928eded8e0cc9773da3e9cd85	3528ecc30725dbaa47a49e2092614e7c
19205	7b0e61c8341cffdd094ed234483396ea	cf5ad2a7706bc12c08e0997f24e9cda1	cd548f92c3289b107b19e399c4310c8d
19206	7b0e61c8341cffdd094ed234483396ea	cf5ad2a7706bc12c08e0997f24e9cda1	cd548f92c3289b107b19e399c4310c8d
19207	001e250d314b19f71e6eff88213059a0	a5eb14adcf3ae3dfe8fd15a18fdacf39	53d65cd40e0f6154e4ab40d5a8454ae2
19208	26a1050dfcb98ab18b486793debcfcdd	c6d56db9e03d4a2da15bd298f7d87a1f	44743b3cb976afef4a258a83ba0ebb0b
19209	26a1050dfcb98ab18b486793debcfcdd	c6d56db9e03d4a2da15bd298f7d87a1f	44743b3cb976afef4a258a83ba0ebb0b
19210	adf047501391080d857a97210b4df399	11f1e59d60b4aeac697e4e96072ac823	cc7122f9d14eb941edca6223de93cf00
19211	adf047501391080d857a97210b4df399	11f1e59d60b4aeac697e4e96072ac823	cc7122f9d14eb941edca6223de93cf00
19212	adf047501391080d857a97210b4df399	11f1e59d60b4aeac697e4e96072ac823	cc7122f9d14eb941edca6223de93cf00
19213	adf047501391080d857a97210b4df399	11f1e59d60b4aeac697e4e96072ac823	cc7122f9d14eb941edca6223de93cf00
19214	adf047501391080d857a97210b4df399	11f1e59d60b4aeac697e4e96072ac823	cc7122f9d14eb941edca6223de93cf00
19215	adf047501391080d857a97210b4df399	11f1e59d60b4aeac697e4e96072ac823	cc7122f9d14eb941edca6223de93cf00
19216	adf047501391080d857a97210b4df399	11f1e59d60b4aeac697e4e96072ac823	cc7122f9d14eb941edca6223de93cf00
19217	32bc767a0a2eabba56cd03b8c5a360ad	e128989e3f593ef7c155bd39b5544430	9fa5b097c43bbcdb81fd113f622ff510
19218	32bc767a0a2eabba56cd03b8c5a360ad	e128989e3f593ef7c155bd39b5544430	9fa5b097c43bbcdb81fd113f622ff510
19219	32bc767a0a2eabba56cd03b8c5a360ad	e128989e3f593ef7c155bd39b5544430	9fa5b097c43bbcdb81fd113f622ff510
19220	adf047501391080d857a97210b4df399	11f1e59d60b4aeac697e4e96072ac823	cc7122f9d14eb941edca6223de93cf00
19221	adf047501391080d857a97210b4df399	11f1e59d60b4aeac697e4e96072ac823	cc7122f9d14eb941edca6223de93cf00
19222	e9e93f2f112b9b1441a0bef0ad96b312	c699c3e440e40125c9732338e674061c	b3abcb5e52aff3675190a827c230fae8
19223	e9e93f2f112b9b1441a0bef0ad96b312	c699c3e440e40125c9732338e674061c	b3abcb5e52aff3675190a827c230fae8
19224	e9e93f2f112b9b1441a0bef0ad96b312	c699c3e440e40125c9732338e674061c	b3abcb5e52aff3675190a827c230fae8
19225	e9e93f2f112b9b1441a0bef0ad96b312	8a868a31cd82038158ab9bcbf60fb4ee	a14cb78b889a1376765a5c2eb54464e6
19226	e9e93f2f112b9b1441a0bef0ad96b312	8a868a31cd82038158ab9bcbf60fb4ee	a14cb78b889a1376765a5c2eb54464e6
19227	e9e93f2f112b9b1441a0bef0ad96b312	8a868a31cd82038158ab9bcbf60fb4ee	a14cb78b889a1376765a5c2eb54464e6
19228	e9e93f2f112b9b1441a0bef0ad96b312	8a868a31cd82038158ab9bcbf60fb4ee	a14cb78b889a1376765a5c2eb54464e6
19229	c7b12ec161648d61af536561cc99fa93	9c5ab6ba010a1df73b046fad0210013e	eac7ab074e171d1f6f375e22020da0a5
19230	c7b12ec161648d61af536561cc99fa93	9c5ab6ba010a1df73b046fad0210013e	eac7ab074e171d1f6f375e22020da0a5
19231	c7b12ec161648d61af536561cc99fa93	9c5ab6ba010a1df73b046fad0210013e	eac7ab074e171d1f6f375e22020da0a5
19232	837a8a433ea1b921095eb7dab1312bc2	8427f5246711b95bc9050a43dc752f1c	5e5f1f05eb6ebf5ff2e4183b939133be
19233	c7b12ec161648d61af536561cc99fa93	9c5ab6ba010a1df73b046fad0210013e	eac7ab074e171d1f6f375e22020da0a5
19234	984b313d6bac03e5ec575f6214151189	d7b6bd5c40565cd77ebb54ef5bed9b64	4a4cb1dee106d9538e1aafc1b7f7baab
19235	984b313d6bac03e5ec575f6214151189	d7b6bd5c40565cd77ebb54ef5bed9b64	4a4cb1dee106d9538e1aafc1b7f7baab
19236	984b313d6bac03e5ec575f6214151189	d7b6bd5c40565cd77ebb54ef5bed9b64	4a4cb1dee106d9538e1aafc1b7f7baab
19237	984b313d6bac03e5ec575f6214151189	d7b6bd5c40565cd77ebb54ef5bed9b64	4a4cb1dee106d9538e1aafc1b7f7baab
19238	984b313d6bac03e5ec575f6214151189	d7b6bd5c40565cd77ebb54ef5bed9b64	4a4cb1dee106d9538e1aafc1b7f7baab
19239	984b313d6bac03e5ec575f6214151189	d7b6bd5c40565cd77ebb54ef5bed9b64	4a4cb1dee106d9538e1aafc1b7f7baab
19240	984b313d6bac03e5ec575f6214151189	d7b6bd5c40565cd77ebb54ef5bed9b64	4a4cb1dee106d9538e1aafc1b7f7baab
19241	62e60c41bdcadb9c475e43466fa065d2	a9b376c4418b9cbda0441a6a737c0749	ea7c88680eaeeeb792fa750c3748b467
19242	62e60c41bdcadb9c475e43466fa065d2	a9b376c4418b9cbda0441a6a737c0749	ea7c88680eaeeeb792fa750c3748b467
19243	62e60c41bdcadb9c475e43466fa065d2	a9b376c4418b9cbda0441a6a737c0749	ea7c88680eaeeeb792fa750c3748b467
19244	62e60c41bdcadb9c475e43466fa065d2	a9b376c4418b9cbda0441a6a737c0749	ea7c88680eaeeeb792fa750c3748b467
19245	62e60c41bdcadb9c475e43466fa065d2	a9b376c4418b9cbda0441a6a737c0749	ea7c88680eaeeeb792fa750c3748b467
19246	c89034124cbdab6238619ea83cbd0fc1	6c3733a4e29826f4851d8bd43f966a5e	e5d9f589d5d1b784ea12f1f38354c93e
19247	c89034124cbdab6238619ea83cbd0fc1	6c3733a4e29826f4851d8bd43f966a5e	e5d9f589d5d1b784ea12f1f38354c93e
19248	c89034124cbdab6238619ea83cbd0fc1	6c3733a4e29826f4851d8bd43f966a5e	e5d9f589d5d1b784ea12f1f38354c93e
19249	c89034124cbdab6238619ea83cbd0fc1	6c3733a4e29826f4851d8bd43f966a5e	e5d9f589d5d1b784ea12f1f38354c93e
19250	c89034124cbdab6238619ea83cbd0fc1	6c3733a4e29826f4851d8bd43f966a5e	e5d9f589d5d1b784ea12f1f38354c93e
19251	13efc28966c638f474c641e595591f23	dd2a09c8546148373c601b98b8723778	c165299da908a8f3bf4fd2843af2da7b
19252	13efc28966c638f474c641e595591f23	dd2a09c8546148373c601b98b8723778	c165299da908a8f3bf4fd2843af2da7b
19253	13efc28966c638f474c641e595591f23	dd2a09c8546148373c601b98b8723778	c165299da908a8f3bf4fd2843af2da7b
19254	13efc28966c638f474c641e595591f23	dd2a09c8546148373c601b98b8723778	c165299da908a8f3bf4fd2843af2da7b
19255	13efc28966c638f474c641e595591f23	dd2a09c8546148373c601b98b8723778	c165299da908a8f3bf4fd2843af2da7b
19256	13efc28966c638f474c641e595591f23	dd2a09c8546148373c601b98b8723778	c165299da908a8f3bf4fd2843af2da7b
19257	13efc28966c638f474c641e595591f23	dd2a09c8546148373c601b98b8723778	c165299da908a8f3bf4fd2843af2da7b
19258	13efc28966c638f474c641e595591f23	dd2a09c8546148373c601b98b8723778	c165299da908a8f3bf4fd2843af2da7b
19259	13efc28966c638f474c641e595591f23	dd2a09c8546148373c601b98b8723778	c165299da908a8f3bf4fd2843af2da7b
19260	13efc28966c638f474c641e595591f23	dd2a09c8546148373c601b98b8723778	c165299da908a8f3bf4fd2843af2da7b
19261	13efc28966c638f474c641e595591f23	dd2a09c8546148373c601b98b8723778	c165299da908a8f3bf4fd2843af2da7b
19262	13efc28966c638f474c641e595591f23	dd2a09c8546148373c601b98b8723778	c165299da908a8f3bf4fd2843af2da7b
19263	c4da565760e1297feb747fe5d4183749	2afa2e033d51d04de651f9eff6efadb0	bf7aee7185ebff2ad4177c82678958ce
19264	c4da565760e1297feb747fe5d4183749	2afa2e033d51d04de651f9eff6efadb0	bf7aee7185ebff2ad4177c82678958ce
19265	c4da565760e1297feb747fe5d4183749	2afa2e033d51d04de651f9eff6efadb0	bf7aee7185ebff2ad4177c82678958ce
19266	c4da565760e1297feb747fe5d4183749	2afa2e033d51d04de651f9eff6efadb0	bf7aee7185ebff2ad4177c82678958ce
19267	c4da565760e1297feb747fe5d4183749	2afa2e033d51d04de651f9eff6efadb0	bf7aee7185ebff2ad4177c82678958ce
19268	c4da565760e1297feb747fe5d4183749	2afa2e033d51d04de651f9eff6efadb0	bf7aee7185ebff2ad4177c82678958ce
19269	c4da565760e1297feb747fe5d4183749	2afa2e033d51d04de651f9eff6efadb0	bf7aee7185ebff2ad4177c82678958ce
19270	1f16c2b7330b725c920d62547a12a2ca	91da23d44aafc09a223116bf28841760	e438495625ca8b640fec9fed0621b4c4
19271	1f16c2b7330b725c920d62547a12a2ca	91da23d44aafc09a223116bf28841760	e438495625ca8b640fec9fed0621b4c4
19272	1f16c2b7330b725c920d62547a12a2ca	91da23d44aafc09a223116bf28841760	e438495625ca8b640fec9fed0621b4c4
19273	f11ba66642f9257475fbc93b1a16d146	0c61e5181df44be7c7f10fbd1d5f316f	3f6e0f8d9a80d889694784c5dac979fa
19274	f11ba66642f9257475fbc93b1a16d146	0c61e5181df44be7c7f10fbd1d5f316f	3f6e0f8d9a80d889694784c5dac979fa
19275	1f16c2b7330b725c920d62547a12a2ca	91da23d44aafc09a223116bf28841760	e438495625ca8b640fec9fed0621b4c4
19276	1f16c2b7330b725c920d62547a12a2ca	91da23d44aafc09a223116bf28841760	e438495625ca8b640fec9fed0621b4c4
19277	1f16c2b7330b725c920d62547a12a2ca	91da23d44aafc09a223116bf28841760	e438495625ca8b640fec9fed0621b4c4
19278	1ed0c47b80db21b162f8b0dfbb139906	2ee95d14a2d879c03a9af657b61fd3f5	5008841d884a82e4cfdde42d8d6654c0
19279	628ef3e3b025fd592d1e7d7f4e999591	ccf2995babc7411228e1adfe3bdf7760	c3c1df3acf70a5fa666b43827af41bde
19280	aaa31246071a0374f07f41062a7c266e	c44474490a98b662c38e0e700500ef96	06ef04409e244f6a338881cb904c2370
19281	aaa31246071a0374f07f41062a7c266e	c44474490a98b662c38e0e700500ef96	06ef04409e244f6a338881cb904c2370
19282	aaa31246071a0374f07f41062a7c266e	c44474490a98b662c38e0e700500ef96	06ef04409e244f6a338881cb904c2370
19283	aaa31246071a0374f07f41062a7c266e	c44474490a98b662c38e0e700500ef96	06ef04409e244f6a338881cb904c2370
19284	aaa31246071a0374f07f41062a7c266e	c44474490a98b662c38e0e700500ef96	06ef04409e244f6a338881cb904c2370
19285	aaa31246071a0374f07f41062a7c266e	c44474490a98b662c38e0e700500ef96	06ef04409e244f6a338881cb904c2370
19286	aaa31246071a0374f07f41062a7c266e	c44474490a98b662c38e0e700500ef96	06ef04409e244f6a338881cb904c2370
19287	e7903dc2b82436b1f6aa09f272b06c85	f702c72206ffb9e2ba503ffcf3d58dcb	c796b8e2e30c684b425428cc3ecffca6
19288	e7903dc2b82436b1f6aa09f272b06c85	f702c72206ffb9e2ba503ffcf3d58dcb	c796b8e2e30c684b425428cc3ecffca6
19289	e7903dc2b82436b1f6aa09f272b06c85	f702c72206ffb9e2ba503ffcf3d58dcb	c796b8e2e30c684b425428cc3ecffca6
19290	377ff340d4e830ceb1b9f98c672b0a55	93bf0cded773bc25aff8eb9e39a66e6d	8b376b4d2202423fa1d92b00d32d53a2
19291	377ff340d4e830ceb1b9f98c672b0a55	93bf0cded773bc25aff8eb9e39a66e6d	8b376b4d2202423fa1d92b00d32d53a2
19292	bc1f8706241fcfdb567df11dce468d44	316be1704019c49217792bf689fd41e9	429abad0ceef2349b667c7c8a9e6218f
19293	bc1f8706241fcfdb567df11dce468d44	316be1704019c49217792bf689fd41e9	429abad0ceef2349b667c7c8a9e6218f
19294	bc1f8706241fcfdb567df11dce468d44	316be1704019c49217792bf689fd41e9	429abad0ceef2349b667c7c8a9e6218f
19295	bc1f8706241fcfdb567df11dce468d44	316be1704019c49217792bf689fd41e9	429abad0ceef2349b667c7c8a9e6218f
19296	bc1f8706241fcfdb567df11dce468d44	316be1704019c49217792bf689fd41e9	429abad0ceef2349b667c7c8a9e6218f
19297	bc1f8706241fcfdb567df11dce468d44	316be1704019c49217792bf689fd41e9	429abad0ceef2349b667c7c8a9e6218f
19298	bc1f8706241fcfdb567df11dce468d44	316be1704019c49217792bf689fd41e9	429abad0ceef2349b667c7c8a9e6218f
19299	bc1f8706241fcfdb567df11dce468d44	316be1704019c49217792bf689fd41e9	429abad0ceef2349b667c7c8a9e6218f
19300	bc1f8706241fcfdb567df11dce468d44	316be1704019c49217792bf689fd41e9	429abad0ceef2349b667c7c8a9e6218f
19301	bc1f8706241fcfdb567df11dce468d44	316be1704019c49217792bf689fd41e9	429abad0ceef2349b667c7c8a9e6218f
19302	bc1f8706241fcfdb567df11dce468d44	316be1704019c49217792bf689fd41e9	429abad0ceef2349b667c7c8a9e6218f
19303	bc1f8706241fcfdb567df11dce468d44	316be1704019c49217792bf689fd41e9	429abad0ceef2349b667c7c8a9e6218f
19304	bc1f8706241fcfdb567df11dce468d44	316be1704019c49217792bf689fd41e9	429abad0ceef2349b667c7c8a9e6218f
19305	bc1f8706241fcfdb567df11dce468d44	316be1704019c49217792bf689fd41e9	429abad0ceef2349b667c7c8a9e6218f
19306	bc1f8706241fcfdb567df11dce468d44	316be1704019c49217792bf689fd41e9	429abad0ceef2349b667c7c8a9e6218f
19307	bc1f8706241fcfdb567df11dce468d44	316be1704019c49217792bf689fd41e9	429abad0ceef2349b667c7c8a9e6218f
19308	bc1f8706241fcfdb567df11dce468d44	316be1704019c49217792bf689fd41e9	429abad0ceef2349b667c7c8a9e6218f
19309	dbeeadee535011f1167da31651b5a8df	e92f947bd41e16302beaf2e3a0c81377	c850729bd20054e71bff2ee6ef859abd
19310	dbeeadee535011f1167da31651b5a8df	e92f947bd41e16302beaf2e3a0c81377	c850729bd20054e71bff2ee6ef859abd
19311	dbeeadee535011f1167da31651b5a8df	e92f947bd41e16302beaf2e3a0c81377	c850729bd20054e71bff2ee6ef859abd
19312	bb6af7e47428848fd4973c8a4971fcac	863751a24053b3f686bc31b30a997e1e	abe1a56e2c3abe872c937c3c9bd3188c
19313	bb6af7e47428848fd4973c8a4971fcac	863751a24053b3f686bc31b30a997e1e	abe1a56e2c3abe872c937c3c9bd3188c
19314	bb6af7e47428848fd4973c8a4971fcac	863751a24053b3f686bc31b30a997e1e	abe1a56e2c3abe872c937c3c9bd3188c
19315	bb6af7e47428848fd4973c8a4971fcac	863751a24053b3f686bc31b30a997e1e	abe1a56e2c3abe872c937c3c9bd3188c
19316	a15a5e6f70d16b01cdd1b6bbb3ddf568	d3657858aa5c4ae67f2df9b3a7c55f11	3fa66078beeef0667d9a1b716c3fcea8
19317	9a2039ad8bd5ebe3ef47f0b9039ab563	68219fc565662929780d9841733692c0	0f85efdeb53c448b7a04e3ea47933605
19318	9a2039ad8bd5ebe3ef47f0b9039ab563	68219fc565662929780d9841733692c0	0f85efdeb53c448b7a04e3ea47933605
19319	9a2039ad8bd5ebe3ef47f0b9039ab563	68219fc565662929780d9841733692c0	0f85efdeb53c448b7a04e3ea47933605
19320	9a2039ad8bd5ebe3ef47f0b9039ab563	68219fc565662929780d9841733692c0	0f85efdeb53c448b7a04e3ea47933605
19321	963d9f478f6a03ebe40cb57ad68bccc7	3965a8770c11188b986d0a69f5da1b17	f830109743f12308d87f7c2ce3a4100e
19322	963d9f478f6a03ebe40cb57ad68bccc7	3965a8770c11188b986d0a69f5da1b17	f830109743f12308d87f7c2ce3a4100e
19323	963d9f478f6a03ebe40cb57ad68bccc7	3965a8770c11188b986d0a69f5da1b17	f830109743f12308d87f7c2ce3a4100e
19324	963d9f478f6a03ebe40cb57ad68bccc7	3965a8770c11188b986d0a69f5da1b17	f830109743f12308d87f7c2ce3a4100e
19325	963d9f478f6a03ebe40cb57ad68bccc7	3965a8770c11188b986d0a69f5da1b17	f830109743f12308d87f7c2ce3a4100e
19326	963d9f478f6a03ebe40cb57ad68bccc7	3965a8770c11188b986d0a69f5da1b17	f830109743f12308d87f7c2ce3a4100e
19327	963d9f478f6a03ebe40cb57ad68bccc7	3965a8770c11188b986d0a69f5da1b17	f830109743f12308d87f7c2ce3a4100e
19328	54e88a86c99578c23be5000f71ae12d7	5406a675f27c73db42c8815e36a00406	3eef46b87e47f1ef57822b540431d37a
19329	54e88a86c99578c23be5000f71ae12d7	5406a675f27c73db42c8815e36a00406	3eef46b87e47f1ef57822b540431d37a
19330	54e88a86c99578c23be5000f71ae12d7	5406a675f27c73db42c8815e36a00406	3eef46b87e47f1ef57822b540431d37a
19331	54e88a86c99578c23be5000f71ae12d7	5406a675f27c73db42c8815e36a00406	3eef46b87e47f1ef57822b540431d37a
19332	54e88a86c99578c23be5000f71ae12d7	5406a675f27c73db42c8815e36a00406	3eef46b87e47f1ef57822b540431d37a
19333	92c4cb79de1c9914a5e4e3c023262333	7714c8e3ff8b09b555deacb04898c6c7	942bebab0a7308b9945aca7b461a20d6
19334	92c4cb79de1c9914a5e4e3c023262333	7714c8e3ff8b09b555deacb04898c6c7	942bebab0a7308b9945aca7b461a20d6
19335	92c4cb79de1c9914a5e4e3c023262333	7714c8e3ff8b09b555deacb04898c6c7	942bebab0a7308b9945aca7b461a20d6
19336	92c4cb79de1c9914a5e4e3c023262333	7714c8e3ff8b09b555deacb04898c6c7	942bebab0a7308b9945aca7b461a20d6
19337	92c4cb79de1c9914a5e4e3c023262333	7714c8e3ff8b09b555deacb04898c6c7	942bebab0a7308b9945aca7b461a20d6
19338	92c4cb79de1c9914a5e4e3c023262333	7714c8e3ff8b09b555deacb04898c6c7	942bebab0a7308b9945aca7b461a20d6
19339	92c4cb79de1c9914a5e4e3c023262333	7714c8e3ff8b09b555deacb04898c6c7	942bebab0a7308b9945aca7b461a20d6
19340	6b5aa9e004c76cb4ca303d6e71f78b8e	2ced54bc546d7dbf643186c38895eac7	312120a075ff284b3433720ffd73f334
19341	6b5aa9e004c76cb4ca303d6e71f78b8e	2ced54bc546d7dbf643186c38895eac7	312120a075ff284b3433720ffd73f334
19342	6b5aa9e004c76cb4ca303d6e71f78b8e	2ced54bc546d7dbf643186c38895eac7	312120a075ff284b3433720ffd73f334
19343	6b5aa9e004c76cb4ca303d6e71f78b8e	2ced54bc546d7dbf643186c38895eac7	312120a075ff284b3433720ffd73f334
19344	6b5aa9e004c76cb4ca303d6e71f78b8e	2ced54bc546d7dbf643186c38895eac7	312120a075ff284b3433720ffd73f334
19345	78b6a4fc2e774e9dcbbe2dd90c589b21	03a621b4d47af798a958fe3ac2c3627f	9ab018f89dc3b04735ed0706fe85ecda
19346	78b6a4fc2e774e9dcbbe2dd90c589b21	03a621b4d47af798a958fe3ac2c3627f	9ab018f89dc3b04735ed0706fe85ecda
19347	78b6a4fc2e774e9dcbbe2dd90c589b21	03a621b4d47af798a958fe3ac2c3627f	9ab018f89dc3b04735ed0706fe85ecda
19348	78b6a4fc2e774e9dcbbe2dd90c589b21	03a621b4d47af798a958fe3ac2c3627f	9ab018f89dc3b04735ed0706fe85ecda
19349	78b6a4fc2e774e9dcbbe2dd90c589b21	03a621b4d47af798a958fe3ac2c3627f	9ab018f89dc3b04735ed0706fe85ecda
19350	1eabe2571763d44fd02acf41867dd236	c8ea494699ab1ab8a89ac08c27f6a4b1	34468946b5225732637c7381e080f36c
19351	1eabe2571763d44fd02acf41867dd236	c8ea494699ab1ab8a89ac08c27f6a4b1	34468946b5225732637c7381e080f36c
19352	1eabe2571763d44fd02acf41867dd236	c8ea494699ab1ab8a89ac08c27f6a4b1	34468946b5225732637c7381e080f36c
19353	1eabe2571763d44fd02acf41867dd236	c8ea494699ab1ab8a89ac08c27f6a4b1	34468946b5225732637c7381e080f36c
19354	1eabe2571763d44fd02acf41867dd236	c8ea494699ab1ab8a89ac08c27f6a4b1	34468946b5225732637c7381e080f36c
19355	1eabe2571763d44fd02acf41867dd236	c8ea494699ab1ab8a89ac08c27f6a4b1	34468946b5225732637c7381e080f36c
19356	1eabe2571763d44fd02acf41867dd236	c8ea494699ab1ab8a89ac08c27f6a4b1	34468946b5225732637c7381e080f36c
19357	04e482504d941af8aa7a8b9cc00adf74	c1c9a6aa5f6642c64e5104963f205f1e	25d3571e333769754e1ca712df99bedf
19358	04e482504d941af8aa7a8b9cc00adf74	c1c9a6aa5f6642c64e5104963f205f1e	25d3571e333769754e1ca712df99bedf
19359	04e482504d941af8aa7a8b9cc00adf74	c1c9a6aa5f6642c64e5104963f205f1e	25d3571e333769754e1ca712df99bedf
19360	04e482504d941af8aa7a8b9cc00adf74	c1c9a6aa5f6642c64e5104963f205f1e	25d3571e333769754e1ca712df99bedf
19361	04e482504d941af8aa7a8b9cc00adf74	c1c9a6aa5f6642c64e5104963f205f1e	25d3571e333769754e1ca712df99bedf
19362	0d3a28a3f26e47a71005ea3bd7bc0557	420b049eb7ea76061f526f89aa01fd08	44219e57d6ffafa14800a361bd3b6d5a
19363	0d3a28a3f26e47a71005ea3bd7bc0557	420b049eb7ea76061f526f89aa01fd08	44219e57d6ffafa14800a361bd3b6d5a
19364	0d3a28a3f26e47a71005ea3bd7bc0557	420b049eb7ea76061f526f89aa01fd08	44219e57d6ffafa14800a361bd3b6d5a
19365	0d3a28a3f26e47a71005ea3bd7bc0557	420b049eb7ea76061f526f89aa01fd08	44219e57d6ffafa14800a361bd3b6d5a
19366	0d3a28a3f26e47a71005ea3bd7bc0557	420b049eb7ea76061f526f89aa01fd08	44219e57d6ffafa14800a361bd3b6d5a
19367	0d3a28a3f26e47a71005ea3bd7bc0557	420b049eb7ea76061f526f89aa01fd08	44219e57d6ffafa14800a361bd3b6d5a
19368	0d3a28a3f26e47a71005ea3bd7bc0557	420b049eb7ea76061f526f89aa01fd08	44219e57d6ffafa14800a361bd3b6d5a
19369	946bc202bddde13482260a83fcaa5253	212b54b608772054321b0d8ca379fd06	68345d21a08997f1a98d132dbc20db72
19370	84145aab28890e8fc8e93a149ceae656	77088d2ec8d5a64fddf9147d847021a6	ab45e604996c6bcc4e46e9691b8e68c9
19371	84145aab28890e8fc8e93a149ceae656	77088d2ec8d5a64fddf9147d847021a6	ab45e604996c6bcc4e46e9691b8e68c9
19372	84145aab28890e8fc8e93a149ceae656	77088d2ec8d5a64fddf9147d847021a6	ab45e604996c6bcc4e46e9691b8e68c9
19373	84145aab28890e8fc8e93a149ceae656	77088d2ec8d5a64fddf9147d847021a6	ab45e604996c6bcc4e46e9691b8e68c9
19374	84145aab28890e8fc8e93a149ceae656	77088d2ec8d5a64fddf9147d847021a6	ab45e604996c6bcc4e46e9691b8e68c9
19375	84145aab28890e8fc8e93a149ceae656	77088d2ec8d5a64fddf9147d847021a6	ab45e604996c6bcc4e46e9691b8e68c9
19376	84145aab28890e8fc8e93a149ceae656	77088d2ec8d5a64fddf9147d847021a6	ab45e604996c6bcc4e46e9691b8e68c9
19377	7b264006fb5b377f4a1cfdb355331f79	23a6819bbd4ac0dcaa8b7ee75dc40c17	658864784a20fb7e7a4fcd6cf455b6d9
19378	093a6e4ee2d135db9ffa1b7ecb3c3108	28fd8aa718a9a8dcdaf540740facd2c1	392de868ad9230ce889d0e0b65dd9990
19379	2e110020229c4c853ece3ba011b8e61a	74e242a242af6f75840c088c51bf5e0d	af910f6771426ac8088497f569027a6d
19380	2e110020229c4c853ece3ba011b8e61a	74e242a242af6f75840c088c51bf5e0d	af910f6771426ac8088497f569027a6d
19381	2e110020229c4c853ece3ba011b8e61a	74e242a242af6f75840c088c51bf5e0d	af910f6771426ac8088497f569027a6d
19382	2e110020229c4c853ece3ba011b8e61a	74e242a242af6f75840c088c51bf5e0d	af910f6771426ac8088497f569027a6d
19383	2e110020229c4c853ece3ba011b8e61a	74e242a242af6f75840c088c51bf5e0d	af910f6771426ac8088497f569027a6d
19384	2e110020229c4c853ece3ba011b8e61a	74e242a242af6f75840c088c51bf5e0d	af910f6771426ac8088497f569027a6d
19385	2e110020229c4c853ece3ba011b8e61a	74e242a242af6f75840c088c51bf5e0d	af910f6771426ac8088497f569027a6d
19386	45228e82a8aa165ad18c580c6138d948	01506b19a20a64b8fd2a2b50b7fb78cc	b1151b58c591f39eabf387a5a0d0d09f
19387	45228e82a8aa165ad18c580c6138d948	01506b19a20a64b8fd2a2b50b7fb78cc	b1151b58c591f39eabf387a5a0d0d09f
19388	45228e82a8aa165ad18c580c6138d948	01506b19a20a64b8fd2a2b50b7fb78cc	b1151b58c591f39eabf387a5a0d0d09f
19389	75d6f0a62762f7c48956143aa8bb473c	9631c7c733f895b6ed46bf8963825f41	ad7ff406509e1d9e99ff109dc2e50c1e
19390	61b55d600af6e411ed4e1c3415133e21	4a837b5944f2d153f7a57e0f7f9293bb	860fbf543fd2f03ece9af36203206a3a
19391	1918098168d77e316d9fa8f030ee00f2	256e3a15e5e23130b034e610c5b4aa06	0b5a856aaf51c093dd395b17be55a338
19392	1918098168d77e316d9fa8f030ee00f2	256e3a15e5e23130b034e610c5b4aa06	0b5a856aaf51c093dd395b17be55a338
19393	1918098168d77e316d9fa8f030ee00f2	256e3a15e5e23130b034e610c5b4aa06	0b5a856aaf51c093dd395b17be55a338
19394	1918098168d77e316d9fa8f030ee00f2	256e3a15e5e23130b034e610c5b4aa06	0b5a856aaf51c093dd395b17be55a338
19395	1918098168d77e316d9fa8f030ee00f2	256e3a15e5e23130b034e610c5b4aa06	0b5a856aaf51c093dd395b17be55a338
19396	1918098168d77e316d9fa8f030ee00f2	256e3a15e5e23130b034e610c5b4aa06	0b5a856aaf51c093dd395b17be55a338
19397	1918098168d77e316d9fa8f030ee00f2	256e3a15e5e23130b034e610c5b4aa06	0b5a856aaf51c093dd395b17be55a338
19398	a76e8607f31718278017ae6af76105a6	a7fda604c204fcfd113ef96fc930f9e5	78d1f1e7cf23f081061b3fd8f5473450
19399	a76e8607f31718278017ae6af76105a6	a7fda604c204fcfd113ef96fc930f9e5	78d1f1e7cf23f081061b3fd8f5473450
19400	a76e8607f31718278017ae6af76105a6	a88e18d33a71dba896faadb5122e257a	190cb09af41aec5684b753c83b985ebd
19401	a76e8607f31718278017ae6af76105a6	a7fda604c204fcfd113ef96fc930f9e5	78d1f1e7cf23f081061b3fd8f5473450
19402	a76e8607f31718278017ae6af76105a6	a7fda604c204fcfd113ef96fc930f9e5	78d1f1e7cf23f081061b3fd8f5473450
19403	b671eff0ee57a2f2aeff74fb3523a34d	ff5a842b096bb85eae4684783f201be1	d016ccbb56ea959556a70b4bd1f2ede5
19404	b671eff0ee57a2f2aeff74fb3523a34d	ff5a842b096bb85eae4684783f201be1	d016ccbb56ea959556a70b4bd1f2ede5
19405	b671eff0ee57a2f2aeff74fb3523a34d	ff5a842b096bb85eae4684783f201be1	d016ccbb56ea959556a70b4bd1f2ede5
19406	b671eff0ee57a2f2aeff74fb3523a34d	ff5a842b096bb85eae4684783f201be1	d016ccbb56ea959556a70b4bd1f2ede5
19407	b671eff0ee57a2f2aeff74fb3523a34d	ff5a842b096bb85eae4684783f201be1	d016ccbb56ea959556a70b4bd1f2ede5
19408	b671eff0ee57a2f2aeff74fb3523a34d	ff5a842b096bb85eae4684783f201be1	d016ccbb56ea959556a70b4bd1f2ede5
19409	b671eff0ee57a2f2aeff74fb3523a34d	ff5a842b096bb85eae4684783f201be1	d016ccbb56ea959556a70b4bd1f2ede5
19410	b671eff0ee57a2f2aeff74fb3523a34d	ff5a842b096bb85eae4684783f201be1	d016ccbb56ea959556a70b4bd1f2ede5
19411	b671eff0ee57a2f2aeff74fb3523a34d	ff5a842b096bb85eae4684783f201be1	d016ccbb56ea959556a70b4bd1f2ede5
19412	b671eff0ee57a2f2aeff74fb3523a34d	ff5a842b096bb85eae4684783f201be1	d016ccbb56ea959556a70b4bd1f2ede5
19413	b671eff0ee57a2f2aeff74fb3523a34d	ff5a842b096bb85eae4684783f201be1	d016ccbb56ea959556a70b4bd1f2ede5
19414	b671eff0ee57a2f2aeff74fb3523a34d	ff5a842b096bb85eae4684783f201be1	d016ccbb56ea959556a70b4bd1f2ede5
19415	b671eff0ee57a2f2aeff74fb3523a34d	ff5a842b096bb85eae4684783f201be1	d016ccbb56ea959556a70b4bd1f2ede5
19416	b671eff0ee57a2f2aeff74fb3523a34d	ff5a842b096bb85eae4684783f201be1	d016ccbb56ea959556a70b4bd1f2ede5
19417	b671eff0ee57a2f2aeff74fb3523a34d	ff5a842b096bb85eae4684783f201be1	d016ccbb56ea959556a70b4bd1f2ede5
19418	b671eff0ee57a2f2aeff74fb3523a34d	ff5a842b096bb85eae4684783f201be1	d016ccbb56ea959556a70b4bd1f2ede5
19419	b671eff0ee57a2f2aeff74fb3523a34d	ff5a842b096bb85eae4684783f201be1	d016ccbb56ea959556a70b4bd1f2ede5
19420	6d25ebe5eb65c6724ddf3feff74155e9	01e2ede6a08ddb860c8182aa72e3450d	f5dec4e4204dcd8140758aa00f6bb968
19421	6d25ebe5eb65c6724ddf3feff74155e9	01e2ede6a08ddb860c8182aa72e3450d	f5dec4e4204dcd8140758aa00f6bb968
19422	6d25ebe5eb65c6724ddf3feff74155e9	01e2ede6a08ddb860c8182aa72e3450d	f5dec4e4204dcd8140758aa00f6bb968
19423	6d25ebe5eb65c6724ddf3feff74155e9	01e2ede6a08ddb860c8182aa72e3450d	f5dec4e4204dcd8140758aa00f6bb968
19424	6d25ebe5eb65c6724ddf3feff74155e9	01e2ede6a08ddb860c8182aa72e3450d	f5dec4e4204dcd8140758aa00f6bb968
19425	6d25ebe5eb65c6724ddf3feff74155e9	01e2ede6a08ddb860c8182aa72e3450d	f5dec4e4204dcd8140758aa00f6bb968
19426	6d25ebe5eb65c6724ddf3feff74155e9	01e2ede6a08ddb860c8182aa72e3450d	f5dec4e4204dcd8140758aa00f6bb968
19427	794f85954ba5deee16d85fa7d636285f	65df9c19be0184853fc60f694c1f746d	45fb3a54802f3347f8ce291e56f32d9c
19428	794f85954ba5deee16d85fa7d636285f	65df9c19be0184853fc60f694c1f746d	45fb3a54802f3347f8ce291e56f32d9c
19429	794f85954ba5deee16d85fa7d636285f	65df9c19be0184853fc60f694c1f746d	45fb3a54802f3347f8ce291e56f32d9c
19430	99aee0f3fb0b4c46f0eac029cb9f559a	8710f900772204fc42f043bf5f2b7e77	88f95f025406e04ae65a704564c6c5d2
19431	99aee0f3fb0b4c46f0eac029cb9f559a	8710f900772204fc42f043bf5f2b7e77	88f95f025406e04ae65a704564c6c5d2
19432	acfa84dd8d7487ef719c7a90be83a551	1f1fe4a57dc0c42e5f54447913d4f82c	c17359da559931d59ad2dd8ee746aa66
19433	acfa84dd8d7487ef719c7a90be83a551	1f1fe4a57dc0c42e5f54447913d4f82c	c17359da559931d59ad2dd8ee746aa66
19434	acfa84dd8d7487ef719c7a90be83a551	1f1fe4a57dc0c42e5f54447913d4f82c	c17359da559931d59ad2dd8ee746aa66
19435	596b0317bc62c2b4e73e407d4c094756	5db3af092974893596f098b4f081520d	4336bf3c451ce56e74848bcbda02f21f
19436	596b0317bc62c2b4e73e407d4c094756	5db3af092974893596f098b4f081520d	4336bf3c451ce56e74848bcbda02f21f
19437	acfa84dd8d7487ef719c7a90be83a551	1f1fe4a57dc0c42e5f54447913d4f82c	c17359da559931d59ad2dd8ee746aa66
19438	acfa84dd8d7487ef719c7a90be83a551	1f1fe4a57dc0c42e5f54447913d4f82c	c17359da559931d59ad2dd8ee746aa66
19439	f423f26f93e20d627d248c6808f39763	15a90d9df4b726efee0cf812f1303b7e	46d5e48063bdf642cfae9b86b27b44d1
19440	f423f26f93e20d627d248c6808f39763	15a90d9df4b726efee0cf812f1303b7e	46d5e48063bdf642cfae9b86b27b44d1
19441	f423f26f93e20d627d248c6808f39763	15a90d9df4b726efee0cf812f1303b7e	46d5e48063bdf642cfae9b86b27b44d1
19442	e5997ae88e0ef4c52ab692b304a52f09	1b4c4918b9dfafd543afcdec815a0e8b	d075e952bd6e3658515482048bdee0e9
19443	e5997ae88e0ef4c52ab692b304a52f09	e8a3b2534a8ac9135628bdf5f3ca84b1	d07894d1bf73c85a258506af63797f23
19444	a4bb1b30dd3ea5f20a1a11f96bb07abd	29d3e19d7b1c2ab8a3979237763ea8b8	1a7fd2ad7cef6b54226e898b45f0e895
19445	a4bb1b30dd3ea5f20a1a11f96bb07abd	29d3e19d7b1c2ab8a3979237763ea8b8	1a7fd2ad7cef6b54226e898b45f0e895
19446	a4bb1b30dd3ea5f20a1a11f96bb07abd	29d3e19d7b1c2ab8a3979237763ea8b8	1a7fd2ad7cef6b54226e898b45f0e895
19447	a4bb1b30dd3ea5f20a1a11f96bb07abd	29d3e19d7b1c2ab8a3979237763ea8b8	1a7fd2ad7cef6b54226e898b45f0e895
19448	a4bb1b30dd3ea5f20a1a11f96bb07abd	29d3e19d7b1c2ab8a3979237763ea8b8	1a7fd2ad7cef6b54226e898b45f0e895
19449	9706411f4d7f2d34ad2f4610fec8f378	cb14fec756ead792830303710e08b49b	bd1c99d8a7f4499d7164f622aa641f5c
19450	9706411f4d7f2d34ad2f4610fec8f378	cb14fec756ead792830303710e08b49b	bd1c99d8a7f4499d7164f622aa641f5c
19451	9706411f4d7f2d34ad2f4610fec8f378	cb14fec756ead792830303710e08b49b	bd1c99d8a7f4499d7164f622aa641f5c
19452	dda02e53f250a226ad44bdfacceb9fc3	3827997788ce1ec0357ca6cd80000dca	c5e7f952126a66c17233c50d5c563507
19453	dda02e53f250a226ad44bdfacceb9fc3	3827997788ce1ec0357ca6cd80000dca	c5e7f952126a66c17233c50d5c563507
19454	dda02e53f250a226ad44bdfacceb9fc3	3827997788ce1ec0357ca6cd80000dca	c5e7f952126a66c17233c50d5c563507
19455	dda02e53f250a226ad44bdfacceb9fc3	3827997788ce1ec0357ca6cd80000dca	c5e7f952126a66c17233c50d5c563507
19456	adb6d5d0db1bd4226e1654a776cde570	6985b4a26069ee7f268053323fe450b6	e583642051ee211084aa852fc765e534
19457	adb6d5d0db1bd4226e1654a776cde570	6985b4a26069ee7f268053323fe450b6	e583642051ee211084aa852fc765e534
19458	adb6d5d0db1bd4226e1654a776cde570	6985b4a26069ee7f268053323fe450b6	e583642051ee211084aa852fc765e534
19459	adb6d5d0db1bd4226e1654a776cde570	6985b4a26069ee7f268053323fe450b6	e583642051ee211084aa852fc765e534
19460	866ef8e4e4412c31ca0dfbbb27510665	8af38bd0b1f445b34115002eece0b9c5	82a21555d1fbe5b1aef0b8c61a215642
19461	c778096e6d561b9604d8469c33526df5	c4f5aaec101dadc85ccd244c56bc8542	0a4c76b9dd4eeb59abe968e422bffb87
19462	c778096e6d561b9604d8469c33526df5	c4f5aaec101dadc85ccd244c56bc8542	0a4c76b9dd4eeb59abe968e422bffb87
19463	c778096e6d561b9604d8469c33526df5	c4f5aaec101dadc85ccd244c56bc8542	0a4c76b9dd4eeb59abe968e422bffb87
19464	c778096e6d561b9604d8469c33526df5	c4f5aaec101dadc85ccd244c56bc8542	0a4c76b9dd4eeb59abe968e422bffb87
19465	c778096e6d561b9604d8469c33526df5	c4f5aaec101dadc85ccd244c56bc8542	0a4c76b9dd4eeb59abe968e422bffb87
19466	c778096e6d561b9604d8469c33526df5	c4f5aaec101dadc85ccd244c56bc8542	0a4c76b9dd4eeb59abe968e422bffb87
19467	c778096e6d561b9604d8469c33526df5	c4f5aaec101dadc85ccd244c56bc8542	0a4c76b9dd4eeb59abe968e422bffb87
19468	5eb8f369f5e31e0068ff58c7bacd69da	0dd0c8e211c3e3c596e2feb8d9db9044	d577c4580d9b49728682d25110e4f5ce
19469	5eb8f369f5e31e0068ff58c7bacd69da	0dd0c8e211c3e3c596e2feb8d9db9044	d577c4580d9b49728682d25110e4f5ce
19470	5eb8f369f5e31e0068ff58c7bacd69da	0dd0c8e211c3e3c596e2feb8d9db9044	d577c4580d9b49728682d25110e4f5ce
19471	488ee37df110e57ea5ccb0c32a99e765	7ab49e080131dd424375d1ceb1129fed	fa57b5b3a69b56c803c33dee681eca0b
19472	5eb8f369f5e31e0068ff58c7bacd69da	0dd0c8e211c3e3c596e2feb8d9db9044	d577c4580d9b49728682d25110e4f5ce
19473	1eaa1b39b2346c2d64b582eec6ea0480	b738d77f2885793e8e874a4c0d24b3b9	28199794fff34252e8c5c8148a5c2fae
19474	1eaa1b39b2346c2d64b582eec6ea0480	b738d77f2885793e8e874a4c0d24b3b9	28199794fff34252e8c5c8148a5c2fae
19475	1eaa1b39b2346c2d64b582eec6ea0480	b738d77f2885793e8e874a4c0d24b3b9	28199794fff34252e8c5c8148a5c2fae
19476	1eaa1b39b2346c2d64b582eec6ea0480	b738d77f2885793e8e874a4c0d24b3b9	28199794fff34252e8c5c8148a5c2fae
19477	1eaa1b39b2346c2d64b582eec6ea0480	b738d77f2885793e8e874a4c0d24b3b9	28199794fff34252e8c5c8148a5c2fae
19478	1eaa1b39b2346c2d64b582eec6ea0480	b738d77f2885793e8e874a4c0d24b3b9	28199794fff34252e8c5c8148a5c2fae
19479	1eaa1b39b2346c2d64b582eec6ea0480	b738d77f2885793e8e874a4c0d24b3b9	28199794fff34252e8c5c8148a5c2fae
19480	1eaa1b39b2346c2d64b582eec6ea0480	b738d77f2885793e8e874a4c0d24b3b9	28199794fff34252e8c5c8148a5c2fae
19481	1eaa1b39b2346c2d64b582eec6ea0480	b738d77f2885793e8e874a4c0d24b3b9	28199794fff34252e8c5c8148a5c2fae
19482	1eaa1b39b2346c2d64b582eec6ea0480	b738d77f2885793e8e874a4c0d24b3b9	28199794fff34252e8c5c8148a5c2fae
19483	1eaa1b39b2346c2d64b582eec6ea0480	b738d77f2885793e8e874a4c0d24b3b9	28199794fff34252e8c5c8148a5c2fae
19484	1eaa1b39b2346c2d64b582eec6ea0480	b738d77f2885793e8e874a4c0d24b3b9	28199794fff34252e8c5c8148a5c2fae
19485	4b8dde3707f1ebd00437da86a2719c70	2b8d0fb2750d19b86009463b208e40cd	045657d70def8f8f2bd07818eb64cad0
19486	4b8dde3707f1ebd00437da86a2719c70	2b8d0fb2750d19b86009463b208e40cd	045657d70def8f8f2bd07818eb64cad0
19487	4b8dde3707f1ebd00437da86a2719c70	2b8d0fb2750d19b86009463b208e40cd	045657d70def8f8f2bd07818eb64cad0
19488	4b8dde3707f1ebd00437da86a2719c70	2b8d0fb2750d19b86009463b208e40cd	045657d70def8f8f2bd07818eb64cad0
19489	4b8dde3707f1ebd00437da86a2719c70	2b8d0fb2750d19b86009463b208e40cd	045657d70def8f8f2bd07818eb64cad0
19490	c1377da183fca1581236e5d8c9b63b9a	f34bd199ab19398964981d36a80d8cc8	9f912f5ef03268777d04efdf86ff77b7
19491	c1377da183fca1581236e5d8c9b63b9a	f34bd199ab19398964981d36a80d8cc8	9f912f5ef03268777d04efdf86ff77b7
19492	c1377da183fca1581236e5d8c9b63b9a	f34bd199ab19398964981d36a80d8cc8	9f912f5ef03268777d04efdf86ff77b7
19493	d745b2b97e2fb2a15b207a94819db6d2	113c6f63d3e735bffe8c35912a56eb57	e1e9d19b250a2bb79c8660dc9a054dc0
19494	d745b2b97e2fb2a15b207a94819db6d2	113c6f63d3e735bffe8c35912a56eb57	e1e9d19b250a2bb79c8660dc9a054dc0
19495	04ce4f7b0b294222ac2223a8c22a9b08	a2ee28a62c5188814d7bdff5f290bf6c	80a884d77b07ee2f53a1e73cd19b147b
19496	04ce4f7b0b294222ac2223a8c22a9b08	a2ee28a62c5188814d7bdff5f290bf6c	80a884d77b07ee2f53a1e73cd19b147b
19497	88140ac138e45dfee27293c4bef2810a	9bc9f588023300bc9f9aa0c87ed7eaeb	c980f6802ca21e5df0ba9a094b0d526a
19498	88140ac138e45dfee27293c4bef2810a	9bc9f588023300bc9f9aa0c87ed7eaeb	c980f6802ca21e5df0ba9a094b0d526a
19499	88140ac138e45dfee27293c4bef2810a	9bc9f588023300bc9f9aa0c87ed7eaeb	c980f6802ca21e5df0ba9a094b0d526a
19500	88140ac138e45dfee27293c4bef2810a	9bc9f588023300bc9f9aa0c87ed7eaeb	c980f6802ca21e5df0ba9a094b0d526a
19501	88140ac138e45dfee27293c4bef2810a	9bc9f588023300bc9f9aa0c87ed7eaeb	c980f6802ca21e5df0ba9a094b0d526a
19502	72dda5576fa08f3a863463e2cf0a6d4b	9b902b858b1ae9a3eedd52903ff57ff0	3f54de529d3ea60139355088fdba2229
19503	72dda5576fa08f3a863463e2cf0a6d4b	9b902b858b1ae9a3eedd52903ff57ff0	3f54de529d3ea60139355088fdba2229
19504	72dda5576fa08f3a863463e2cf0a6d4b	9b902b858b1ae9a3eedd52903ff57ff0	3f54de529d3ea60139355088fdba2229
19505	72dda5576fa08f3a863463e2cf0a6d4b	9b902b858b1ae9a3eedd52903ff57ff0	3f54de529d3ea60139355088fdba2229
19506	72dda5576fa08f3a863463e2cf0a6d4b	9b902b858b1ae9a3eedd52903ff57ff0	3f54de529d3ea60139355088fdba2229
19507	72dda5576fa08f3a863463e2cf0a6d4b	9b902b858b1ae9a3eedd52903ff57ff0	3f54de529d3ea60139355088fdba2229
19508	72dda5576fa08f3a863463e2cf0a6d4b	9b902b858b1ae9a3eedd52903ff57ff0	3f54de529d3ea60139355088fdba2229
19509	51ad70e86c6225f01133a3e1daa48f56	3755865881dde969e737c49651904fdb	37af399d59f63fe765cb246c702451e8
19510	51ad70e86c6225f01133a3e1daa48f56	3755865881dde969e737c49651904fdb	37af399d59f63fe765cb246c702451e8
19511	51ad70e86c6225f01133a3e1daa48f56	3755865881dde969e737c49651904fdb	37af399d59f63fe765cb246c702451e8
19512	51ad70e86c6225f01133a3e1daa48f56	3755865881dde969e737c49651904fdb	37af399d59f63fe765cb246c702451e8
19513	51ad70e86c6225f01133a3e1daa48f56	3755865881dde969e737c49651904fdb	37af399d59f63fe765cb246c702451e8
19514	51ad70e86c6225f01133a3e1daa48f56	3755865881dde969e737c49651904fdb	37af399d59f63fe765cb246c702451e8
19515	51ad70e86c6225f01133a3e1daa48f56	3755865881dde969e737c49651904fdb	37af399d59f63fe765cb246c702451e8
19516	51ad70e86c6225f01133a3e1daa48f56	3755865881dde969e737c49651904fdb	37af399d59f63fe765cb246c702451e8
19517	51ad70e86c6225f01133a3e1daa48f56	3755865881dde969e737c49651904fdb	37af399d59f63fe765cb246c702451e8
19518	51ad70e86c6225f01133a3e1daa48f56	3755865881dde969e737c49651904fdb	37af399d59f63fe765cb246c702451e8
19519	98fe3541505e3613ebb79c11a23003b2	50c8a041894088f280f769260abb3156	c0453d61596a46992e5f3fd871c51fc7
19520	98fe3541505e3613ebb79c11a23003b2	50c8a041894088f280f769260abb3156	c0453d61596a46992e5f3fd871c51fc7
19521	98fe3541505e3613ebb79c11a23003b2	50c8a041894088f280f769260abb3156	c0453d61596a46992e5f3fd871c51fc7
19522	98fe3541505e3613ebb79c11a23003b2	50c8a041894088f280f769260abb3156	c0453d61596a46992e5f3fd871c51fc7
19523	98fe3541505e3613ebb79c11a23003b2	50c8a041894088f280f769260abb3156	c0453d61596a46992e5f3fd871c51fc7
19524	98fe3541505e3613ebb79c11a23003b2	50c8a041894088f280f769260abb3156	c0453d61596a46992e5f3fd871c51fc7
19525	98fe3541505e3613ebb79c11a23003b2	50c8a041894088f280f769260abb3156	c0453d61596a46992e5f3fd871c51fc7
19526	46b0595bd0c7febf534edcbfe94e8aee	c7c175efd22d2016c9b32c8aa20727c2	f6421d1cf08b30013123aee760b10d43
19527	46b0595bd0c7febf534edcbfe94e8aee	c7c175efd22d2016c9b32c8aa20727c2	f6421d1cf08b30013123aee760b10d43
19528	46b0595bd0c7febf534edcbfe94e8aee	c7c175efd22d2016c9b32c8aa20727c2	f6421d1cf08b30013123aee760b10d43
19529	46b0595bd0c7febf534edcbfe94e8aee	c7c175efd22d2016c9b32c8aa20727c2	f6421d1cf08b30013123aee760b10d43
19530	46b0595bd0c7febf534edcbfe94e8aee	c7c175efd22d2016c9b32c8aa20727c2	f6421d1cf08b30013123aee760b10d43
19531	0a78ecc8398b461d8aba76bdf4813e9b	96498f6dd268af7c12ab5a5fe681bfd5	33895dfa63b89277aba5c3508094fea6
19532	0a78ecc8398b461d8aba76bdf4813e9b	96498f6dd268af7c12ab5a5fe681bfd5	33895dfa63b89277aba5c3508094fea6
19533	0a78ecc8398b461d8aba76bdf4813e9b	96498f6dd268af7c12ab5a5fe681bfd5	33895dfa63b89277aba5c3508094fea6
19534	0a78ecc8398b461d8aba76bdf4813e9b	96498f6dd268af7c12ab5a5fe681bfd5	33895dfa63b89277aba5c3508094fea6
19535	0a78ecc8398b461d8aba76bdf4813e9b	96498f6dd268af7c12ab5a5fe681bfd5	33895dfa63b89277aba5c3508094fea6
19536	0a78ecc8398b461d8aba76bdf4813e9b	96498f6dd268af7c12ab5a5fe681bfd5	33895dfa63b89277aba5c3508094fea6
19537	0a78ecc8398b461d8aba76bdf4813e9b	96498f6dd268af7c12ab5a5fe681bfd5	33895dfa63b89277aba5c3508094fea6
19538	f294a25defbdf2e75b8b1b0f9a60be66	543344cc3a4fb626d999e3a7c39b416c	ea513cfb23753e379cb7fc76bd0a155b
19539	0a78ecc8398b461d8aba76bdf4813e9b	96498f6dd268af7c12ab5a5fe681bfd5	33895dfa63b89277aba5c3508094fea6
19540	0a78ecc8398b461d8aba76bdf4813e9b	96498f6dd268af7c12ab5a5fe681bfd5	33895dfa63b89277aba5c3508094fea6
19541	0a78ecc8398b461d8aba76bdf4813e9b	96498f6dd268af7c12ab5a5fe681bfd5	33895dfa63b89277aba5c3508094fea6
19542	0a78ecc8398b461d8aba76bdf4813e9b	96498f6dd268af7c12ab5a5fe681bfd5	33895dfa63b89277aba5c3508094fea6
19543	0a78ecc8398b461d8aba76bdf4813e9b	96498f6dd268af7c12ab5a5fe681bfd5	33895dfa63b89277aba5c3508094fea6
19544	0a78ecc8398b461d8aba76bdf4813e9b	96498f6dd268af7c12ab5a5fe681bfd5	33895dfa63b89277aba5c3508094fea6
19545	0a78ecc8398b461d8aba76bdf4813e9b	96498f6dd268af7c12ab5a5fe681bfd5	33895dfa63b89277aba5c3508094fea6
19546	0a78ecc8398b461d8aba76bdf4813e9b	96498f6dd268af7c12ab5a5fe681bfd5	33895dfa63b89277aba5c3508094fea6
19547	0a78ecc8398b461d8aba76bdf4813e9b	96498f6dd268af7c12ab5a5fe681bfd5	33895dfa63b89277aba5c3508094fea6
19548	8565977c00a06a18e15a7ebba4a41f31	08fe41c9e2f8f236e758809ee1440986	c9a64210c456bc793d4a41b1b6bef690
19549	8565977c00a06a18e15a7ebba4a41f31	08fe41c9e2f8f236e758809ee1440986	c9a64210c456bc793d4a41b1b6bef690
19550	8565977c00a06a18e15a7ebba4a41f31	08fe41c9e2f8f236e758809ee1440986	c9a64210c456bc793d4a41b1b6bef690
19551	8565977c00a06a18e15a7ebba4a41f31	08fe41c9e2f8f236e758809ee1440986	c9a64210c456bc793d4a41b1b6bef690
19552	8565977c00a06a18e15a7ebba4a41f31	08fe41c9e2f8f236e758809ee1440986	c9a64210c456bc793d4a41b1b6bef690
19553	8565977c00a06a18e15a7ebba4a41f31	08fe41c9e2f8f236e758809ee1440986	c9a64210c456bc793d4a41b1b6bef690
19554	8565977c00a06a18e15a7ebba4a41f31	08fe41c9e2f8f236e758809ee1440986	c9a64210c456bc793d4a41b1b6bef690
19555	947d5c43736bad7586a54795d9c1c942	43ceecfd33de1e432ba979b94247c4b4	e00300522b14c1eefd56f5b9b6f64153
19556	947d5c43736bad7586a54795d9c1c942	43ceecfd33de1e432ba979b94247c4b4	e00300522b14c1eefd56f5b9b6f64153
19557	947d5c43736bad7586a54795d9c1c942	43ceecfd33de1e432ba979b94247c4b4	e00300522b14c1eefd56f5b9b6f64153
19558	dc87067d523cd88207283b85399ae2a3	0a38cf4ddba680543a3f5b734871c5db	1ede4a096a7dbc6d388ead26cadad941
19559	dc87067d523cd88207283b85399ae2a3	0a38cf4ddba680543a3f5b734871c5db	1ede4a096a7dbc6d388ead26cadad941
19560	d1c0c4ee062f463800f8ace041dff9b5	ac040cdb48895da3b78919e72ef61cca	35eed06f53bfea41e040389479561775
19561	d1c0c4ee062f463800f8ace041dff9b5	ac040cdb48895da3b78919e72ef61cca	35eed06f53bfea41e040389479561775
19562	d1c0c4ee062f463800f8ace041dff9b5	ac040cdb48895da3b78919e72ef61cca	35eed06f53bfea41e040389479561775
19563	f1713e7fb6177202bb4c041228bbda99	0840aa1339e6e85d36aa8e72405a5a9f	891818a3b3abd1347defd8f06f73076b
19564	82c771033090a985214773265d3ad01c	78fbacf97e30f749300e267558b02ae8	0556e606af13eb9a06975f7977057b94
19565	f1713e7fb6177202bb4c041228bbda99	0840aa1339e6e85d36aa8e72405a5a9f	891818a3b3abd1347defd8f06f73076b
19566	f1713e7fb6177202bb4c041228bbda99	0840aa1339e6e85d36aa8e72405a5a9f	891818a3b3abd1347defd8f06f73076b
19567	dcc6e09615836c582555cdeccaff008b	792cb086ba65297a509c65512f4728f8	ea8b380220591dc18abd8a01d91a9210
19568	dcc6e09615836c582555cdeccaff008b	792cb086ba65297a509c65512f4728f8	ea8b380220591dc18abd8a01d91a9210
19569	5eb5b01ee37a3c0ca15f02e3d8d5b521	52c98aca796eab80f1571136d55ade98	052efe311a780be3a7281a9c2e5021fe
19570	4fd79a6c18201bf3e79653854253eb4b	30be8ad28ab6c53978267c66541f56ef	7ec65029de0f471598571299520f14ad
19571	4fd79a6c18201bf3e79653854253eb4b	30be8ad28ab6c53978267c66541f56ef	7ec65029de0f471598571299520f14ad
19572	38b38286e6afaeccdc3a9f9fc556581a	6c631919dd34af844a5fc35d04664349	4bd1d0b92e09b6e3d744fda395e893cd
19573	38b38286e6afaeccdc3a9f9fc556581a	6c631919dd34af844a5fc35d04664349	4bd1d0b92e09b6e3d744fda395e893cd
19574	38b38286e6afaeccdc3a9f9fc556581a	6c631919dd34af844a5fc35d04664349	4bd1d0b92e09b6e3d744fda395e893cd
19575	38b38286e6afaeccdc3a9f9fc556581a	6c631919dd34af844a5fc35d04664349	4bd1d0b92e09b6e3d744fda395e893cd
19576	38b38286e6afaeccdc3a9f9fc556581a	6c631919dd34af844a5fc35d04664349	4bd1d0b92e09b6e3d744fda395e893cd
19577	38b38286e6afaeccdc3a9f9fc556581a	6c631919dd34af844a5fc35d04664349	4bd1d0b92e09b6e3d744fda395e893cd
19578	38b38286e6afaeccdc3a9f9fc556581a	6c631919dd34af844a5fc35d04664349	4bd1d0b92e09b6e3d744fda395e893cd
19579	954839857b3dee8b4688a6eb839b07e1	32d832b3501a2f0c86e5624c42ede698	a666a2c8e8ec162e0ac0133db7dbcbd5
19580	954839857b3dee8b4688a6eb839b07e1	32d832b3501a2f0c86e5624c42ede698	a666a2c8e8ec162e0ac0133db7dbcbd5
19581	954839857b3dee8b4688a6eb839b07e1	32d832b3501a2f0c86e5624c42ede698	a666a2c8e8ec162e0ac0133db7dbcbd5
19582	954839857b3dee8b4688a6eb839b07e1	32d832b3501a2f0c86e5624c42ede698	a666a2c8e8ec162e0ac0133db7dbcbd5
19583	954839857b3dee8b4688a6eb839b07e1	32d832b3501a2f0c86e5624c42ede698	a666a2c8e8ec162e0ac0133db7dbcbd5
19584	954839857b3dee8b4688a6eb839b07e1	32d832b3501a2f0c86e5624c42ede698	a666a2c8e8ec162e0ac0133db7dbcbd5
19585	954839857b3dee8b4688a6eb839b07e1	32d832b3501a2f0c86e5624c42ede698	a666a2c8e8ec162e0ac0133db7dbcbd5
19586	954839857b3dee8b4688a6eb839b07e1	32d832b3501a2f0c86e5624c42ede698	a666a2c8e8ec162e0ac0133db7dbcbd5
19587	954839857b3dee8b4688a6eb839b07e1	32d832b3501a2f0c86e5624c42ede698	a666a2c8e8ec162e0ac0133db7dbcbd5
19588	954839857b3dee8b4688a6eb839b07e1	32d832b3501a2f0c86e5624c42ede698	a666a2c8e8ec162e0ac0133db7dbcbd5
19589	accd49b672b0269fccf1ebc10cae4ffd	80126de732a87b14ed5e7122ea1d2567	a28582ddeed5d4b3833b80bf1e94d6c6
19590	accd49b672b0269fccf1ebc10cae4ffd	80126de732a87b14ed5e7122ea1d2567	a28582ddeed5d4b3833b80bf1e94d6c6
19591	accd49b672b0269fccf1ebc10cae4ffd	80126de732a87b14ed5e7122ea1d2567	a28582ddeed5d4b3833b80bf1e94d6c6
19592	accd49b672b0269fccf1ebc10cae4ffd	80126de732a87b14ed5e7122ea1d2567	a28582ddeed5d4b3833b80bf1e94d6c6
19593	accd49b672b0269fccf1ebc10cae4ffd	80126de732a87b14ed5e7122ea1d2567	a28582ddeed5d4b3833b80bf1e94d6c6
19594	accd49b672b0269fccf1ebc10cae4ffd	80126de732a87b14ed5e7122ea1d2567	a28582ddeed5d4b3833b80bf1e94d6c6
19595	accd49b672b0269fccf1ebc10cae4ffd	80126de732a87b14ed5e7122ea1d2567	a28582ddeed5d4b3833b80bf1e94d6c6
19596	fb6814c9d6089cd99997d14f44747c15	3138d4f983bf758585f9f37034404f4d	16950ffd9e01dd0ab5dcb106feb2ca79
19597	fb6814c9d6089cd99997d14f44747c15	3138d4f983bf758585f9f37034404f4d	16950ffd9e01dd0ab5dcb106feb2ca79
19598	fb6814c9d6089cd99997d14f44747c15	3138d4f983bf758585f9f37034404f4d	16950ffd9e01dd0ab5dcb106feb2ca79
19599	fb6814c9d6089cd99997d14f44747c15	3138d4f983bf758585f9f37034404f4d	16950ffd9e01dd0ab5dcb106feb2ca79
19600	fb6814c9d6089cd99997d14f44747c15	3138d4f983bf758585f9f37034404f4d	16950ffd9e01dd0ab5dcb106feb2ca79
19601	aeee8496b3dbdf5344dfb3d124c7e5c9	b93303972c0f750d2bef6b3f083d35c7	164727392aedf98f8e8c5ba0b66767ca
19602	d92e87caf07f7dd87349340451db9beb	665192e91ab3b724443d92203358daa0	c91c8ad6d8ceee22575f2a91c4b0701d
19603	239ae6060c93a84188659c4fdd10febe	ca510bb06ec376fe7afdf1faad17daf6	305e1b6272841028bfb26407f0e2ac5b
19604	81c62a5a50daf813ee26588b23df15b8	6421a941c5d2c641a94df8086a201531	34ff25e149debf23404f3cf377fe722c
19605	e531343ac11d4ed2c620b59a6cd77ca1	9ade8c29fbc6fefa28b465efefe7d688	ccdfc9023b4552e866cb3dda782e41d5
19606	3bfb1f6b1963c995b987f446c5e129c6	656b2444d55dbf8e7abafccb2ecf1e2c	b2de3beaba9b729d6db84776997ae2f6
19607	2cbac45233df9d0f830fed4ff35708e3	1678745b5ffbd5f929f64ef81f7df19a	1ba42303a2dbe81de82c4474c5ea185e
19608	387966a0cddbea0e007053e91b21d2a2	f78801a53d3111cb873efcf93967275d	3dde3b56b7da623da3219a98488ed170
19609	f7e006b49631daa2280b31bf56f1fc19	8a158219172372382bbe00a4c309860f	c86bbda07286a0de7249970919be64f6
19610	f7e006b49631daa2280b31bf56f1fc19	8a158219172372382bbe00a4c309860f	c86bbda07286a0de7249970919be64f6
19611	f30a0aa2fc77fca8a97d6247816e37d2	d81d6c4f9fa828417c148a3551d0528a	a2dd2e361c56e0bfb1a5d43007a54a8b
19612	36b70d20f0a16e43d98cecb91655daef	08485b1a465892e221c68c4ac9331480	252a85cc7cacfdf448f9d989c53bf4ed
19613	c28314bc5154f19ac0fbeaee2f441b52	6ed88323eb2194fd4b16b8a0eb713e29	75d23e6c3bbafb4585ed7b6606bdcc31
19614	3b08aba90ee8d5bb541b705cb3a495ae	8d50d34271cae22692da44b4c6e22c11	376f526f964b675c917be825c4b99daa
19615	40a56c778afe1b00e7b187289fed0a9c	588bc237f7eede09d9205a378066769d	d62651c588316e4d5ac04835e99d4f3d
19616	3b08aba90ee8d5bb541b705cb3a495ae	8d50d34271cae22692da44b4c6e22c11	376f526f964b675c917be825c4b99daa
19617	d007e4e212263311b2f0837ff088c567	b21fd2f86c4f628921f7cda16f531049	f75dd457af5a80af699c3263539059cd
19618	218f914b668b359d02cac400bc31d5fc	b46019ffa061ff73acb0482fa2b7ce7d	6b322938e2f51bf9ca8dd1462d9033cd
19619	218f914b668b359d02cac400bc31d5fc	b46019ffa061ff73acb0482fa2b7ce7d	6b322938e2f51bf9ca8dd1462d9033cd
19620	218f914b668b359d02cac400bc31d5fc	b46019ffa061ff73acb0482fa2b7ce7d	6b322938e2f51bf9ca8dd1462d9033cd
19621	aa779e0c103ea2bf17998e7f27d54887	6987ceb931911decc9b314101c149d43	9e86d30f17a4097049c809dfde133ea7
19622	aa779e0c103ea2bf17998e7f27d54887	6987ceb931911decc9b314101c149d43	9e86d30f17a4097049c809dfde133ea7
19623	34368410d23d970d3969daf2c3745b97	0adcdeb120283127bf463002812d9a4b	46cbd4d58d9af13b048f85d2131fb3d7
19624	34368410d23d970d3969daf2c3745b97	0adcdeb120283127bf463002812d9a4b	46cbd4d58d9af13b048f85d2131fb3d7
19625	bc636c3ae6357e3778e59c11a76cef12	027c7efbbe6849ed180a11f1a5e43b41	c71bcb4d1b768e03df6a256c485db41e
19626	bc636c3ae6357e3778e59c11a76cef12	027c7efbbe6849ed180a11f1a5e43b41	c71bcb4d1b768e03df6a256c485db41e
19627	bc636c3ae6357e3778e59c11a76cef12	027c7efbbe6849ed180a11f1a5e43b41	c71bcb4d1b768e03df6a256c485db41e
19628	2668aece7c6dac61b69336c56716cd13	e03edc40eba3fe99c4dbaa33132bf695	ba3c73243c9c2253d21e078faa9b78a2
19629	2668aece7c6dac61b69336c56716cd13	e03edc40eba3fe99c4dbaa33132bf695	ba3c73243c9c2253d21e078faa9b78a2
19630	4f2de312aa6cd90a5c8e0259f015d062	8b516ba99d9e32907a921fcc9cdd2e34	aec339d6c97f0c142d30c75c190cc711
19631	4f2de312aa6cd90a5c8e0259f015d062	8b516ba99d9e32907a921fcc9cdd2e34	aec339d6c97f0c142d30c75c190cc711
19632	4f2de312aa6cd90a5c8e0259f015d062	8b516ba99d9e32907a921fcc9cdd2e34	aec339d6c97f0c142d30c75c190cc711
19633	f9e2e2fd0e050672fdc96e46c3d20ef9	d9bba562f6a5634e62f89bf725a01b8d	107397c5c0ec0a304ae5e4f55aab6f69
19634	73d2257e72de7d5b1fbf1731021966e7	9b9cbda65d31de47324c2646a0b3fcfa	52c08908e5c79f0fe9a4acbdb516624a
19635	268cd9a0da5c27f0824987d03615ccd5	9737d9282097b97613581cd7bc778309	e5378c2350175c7e1da635bff0996621
19636	268cd9a0da5c27f0824987d03615ccd5	9737d9282097b97613581cd7bc778309	e5378c2350175c7e1da635bff0996621
19637	553162c26d43909ee6c39467269a7931	602107ae783c4653e211bfb956319b30	25ec08a6a8688890afc028d293ca5f14
19638	553162c26d43909ee6c39467269a7931	602107ae783c4653e211bfb956319b30	25ec08a6a8688890afc028d293ca5f14
19639	553162c26d43909ee6c39467269a7931	602107ae783c4653e211bfb956319b30	25ec08a6a8688890afc028d293ca5f14
19640	fc2a7dda6c9de14c0c664f6e5cfed108	96a23b3ce0671690ed3d7e0bd13a7e69	6a33bfdb5627f162981d7cadd8bab2dd
19641	553162c26d43909ee6c39467269a7931	602107ae783c4653e211bfb956319b30	25ec08a6a8688890afc028d293ca5f14
19642	35cffdab3619a0dd74b9cc5186b1b8cd	279eb2c23df6bc70c8f97cc62a5287f6	ecbd89bb79872fbe30e50919e9d8a647
19643	35cffdab3619a0dd74b9cc5186b1b8cd	279eb2c23df6bc70c8f97cc62a5287f6	ecbd89bb79872fbe30e50919e9d8a647
19644	35cffdab3619a0dd74b9cc5186b1b8cd	279eb2c23df6bc70c8f97cc62a5287f6	ecbd89bb79872fbe30e50919e9d8a647
19645	35cffdab3619a0dd74b9cc5186b1b8cd	279eb2c23df6bc70c8f97cc62a5287f6	ecbd89bb79872fbe30e50919e9d8a647
19646	35cffdab3619a0dd74b9cc5186b1b8cd	279eb2c23df6bc70c8f97cc62a5287f6	ecbd89bb79872fbe30e50919e9d8a647
19647	35cffdab3619a0dd74b9cc5186b1b8cd	279eb2c23df6bc70c8f97cc62a5287f6	ecbd89bb79872fbe30e50919e9d8a647
19648	35cffdab3619a0dd74b9cc5186b1b8cd	279eb2c23df6bc70c8f97cc62a5287f6	ecbd89bb79872fbe30e50919e9d8a647
19649	35cffdab3619a0dd74b9cc5186b1b8cd	279eb2c23df6bc70c8f97cc62a5287f6	ecbd89bb79872fbe30e50919e9d8a647
19650	35cffdab3619a0dd74b9cc5186b1b8cd	279eb2c23df6bc70c8f97cc62a5287f6	ecbd89bb79872fbe30e50919e9d8a647
19651	35cffdab3619a0dd74b9cc5186b1b8cd	279eb2c23df6bc70c8f97cc62a5287f6	ecbd89bb79872fbe30e50919e9d8a647
19652	35cffdab3619a0dd74b9cc5186b1b8cd	279eb2c23df6bc70c8f97cc62a5287f6	ecbd89bb79872fbe30e50919e9d8a647
19653	35cffdab3619a0dd74b9cc5186b1b8cd	279eb2c23df6bc70c8f97cc62a5287f6	ecbd89bb79872fbe30e50919e9d8a647
19654	c3571e817c851bb7ca5bb20c7d3e9d39	b0914a4e10403abff49e85fcffc0ac49	005f356e12aaa088cbf4dc94b5595af3
19655	c3571e817c851bb7ca5bb20c7d3e9d39	b0914a4e10403abff49e85fcffc0ac49	005f356e12aaa088cbf4dc94b5595af3
19656	c3571e817c851bb7ca5bb20c7d3e9d39	b0914a4e10403abff49e85fcffc0ac49	005f356e12aaa088cbf4dc94b5595af3
19657	c3571e817c851bb7ca5bb20c7d3e9d39	b0914a4e10403abff49e85fcffc0ac49	005f356e12aaa088cbf4dc94b5595af3
19658	c3571e817c851bb7ca5bb20c7d3e9d39	b0914a4e10403abff49e85fcffc0ac49	005f356e12aaa088cbf4dc94b5595af3
19659	00046bf697c3afe4887c3607324461d7	48c0549cf0d1ab8f8052474ba5317ead	23400b1abdb81e2e414bf40cd7db07e0
19660	00046bf697c3afe4887c3607324461d7	48c0549cf0d1ab8f8052474ba5317ead	23400b1abdb81e2e414bf40cd7db07e0
19661	00046bf697c3afe4887c3607324461d7	48c0549cf0d1ab8f8052474ba5317ead	23400b1abdb81e2e414bf40cd7db07e0
19662	00046bf697c3afe4887c3607324461d7	48c0549cf0d1ab8f8052474ba5317ead	23400b1abdb81e2e414bf40cd7db07e0
19663	00046bf697c3afe4887c3607324461d7	48c0549cf0d1ab8f8052474ba5317ead	23400b1abdb81e2e414bf40cd7db07e0
19664	00046bf697c3afe4887c3607324461d7	48c0549cf0d1ab8f8052474ba5317ead	23400b1abdb81e2e414bf40cd7db07e0
19665	00046bf697c3afe4887c3607324461d7	48c0549cf0d1ab8f8052474ba5317ead	23400b1abdb81e2e414bf40cd7db07e0
19666	00046bf697c3afe4887c3607324461d7	48c0549cf0d1ab8f8052474ba5317ead	23400b1abdb81e2e414bf40cd7db07e0
19667	00046bf697c3afe4887c3607324461d7	48c0549cf0d1ab8f8052474ba5317ead	23400b1abdb81e2e414bf40cd7db07e0
19668	00046bf697c3afe4887c3607324461d7	48c0549cf0d1ab8f8052474ba5317ead	23400b1abdb81e2e414bf40cd7db07e0
19669	00046bf697c3afe4887c3607324461d7	48c0549cf0d1ab8f8052474ba5317ead	23400b1abdb81e2e414bf40cd7db07e0
19670	00046bf697c3afe4887c3607324461d7	48c0549cf0d1ab8f8052474ba5317ead	23400b1abdb81e2e414bf40cd7db07e0
19671	e9d0442399a2e1504b8371e43e8036db	92a2c7e3986966c14c9248f20869c89a	ae2c7f0ed63fade21e9b62186a889b8d
19672	e9d0442399a2e1504b8371e43e8036db	92a2c7e3986966c14c9248f20869c89a	ae2c7f0ed63fade21e9b62186a889b8d
19673	e9d0442399a2e1504b8371e43e8036db	92a2c7e3986966c14c9248f20869c89a	ae2c7f0ed63fade21e9b62186a889b8d
19674	e9d0442399a2e1504b8371e43e8036db	92a2c7e3986966c14c9248f20869c89a	ae2c7f0ed63fade21e9b62186a889b8d
19675	e9d0442399a2e1504b8371e43e8036db	92a2c7e3986966c14c9248f20869c89a	ae2c7f0ed63fade21e9b62186a889b8d
19676	e9d0442399a2e1504b8371e43e8036db	92a2c7e3986966c14c9248f20869c89a	ae2c7f0ed63fade21e9b62186a889b8d
19677	e9d0442399a2e1504b8371e43e8036db	92a2c7e3986966c14c9248f20869c89a	ae2c7f0ed63fade21e9b62186a889b8d
19678	9d9f671d690d9208f7c6cd1a0cfeaf01	e478dcc4e15b7b519010d4fb93b605c3	788460dfaeaf2d34c6002dcd5d7db43f
19679	9d9f671d690d9208f7c6cd1a0cfeaf01	e478dcc4e15b7b519010d4fb93b605c3	788460dfaeaf2d34c6002dcd5d7db43f
19680	9d9f671d690d9208f7c6cd1a0cfeaf01	e478dcc4e15b7b519010d4fb93b605c3	788460dfaeaf2d34c6002dcd5d7db43f
19681	f77bb58b7875c6c875affa2f228723af	ceb1e64518ba98485feb6c6bb64396e8	66fcde90c2138c4c665635368f66a4bf
19682	00bc8ab98ce215fd00a3fe8c2dfccb74	811d74324b48165ad544c5f5bd683fa7	a09299feab5ed795d07a6d56de5c22be
19683	9d9f671d690d9208f7c6cd1a0cfeaf01	e478dcc4e15b7b519010d4fb93b605c3	788460dfaeaf2d34c6002dcd5d7db43f
19684	9d9f671d690d9208f7c6cd1a0cfeaf01	e478dcc4e15b7b519010d4fb93b605c3	788460dfaeaf2d34c6002dcd5d7db43f
19685	9d9f671d690d9208f7c6cd1a0cfeaf01	e478dcc4e15b7b519010d4fb93b605c3	788460dfaeaf2d34c6002dcd5d7db43f
19686	88bb243ba88a9e56270b0c067cba2d88	960dfbc3c2f534621baf120c0e995c25	8a9e90026815aed8e944cb941ef8b8b3
19687	56cbfb7499a63f61adff979d6f35c38a	14aed45a663e674b80084159fd429358	10cf55f226b414e5ae33acaa27350d3d
19688	a5d20776afcdf3b2a16c0a67347bd361	480a6de810d67fbf0bd72203bd2df15a	44441df7d9448831ff56a4e8321e6238
19689	a5d20776afcdf3b2a16c0a67347bd361	480a6de810d67fbf0bd72203bd2df15a	44441df7d9448831ff56a4e8321e6238
19690	a5d20776afcdf3b2a16c0a67347bd361	480a6de810d67fbf0bd72203bd2df15a	44441df7d9448831ff56a4e8321e6238
19691	a5d20776afcdf3b2a16c0a67347bd361	480a6de810d67fbf0bd72203bd2df15a	44441df7d9448831ff56a4e8321e6238
19692	a5d20776afcdf3b2a16c0a67347bd361	480a6de810d67fbf0bd72203bd2df15a	44441df7d9448831ff56a4e8321e6238
19693	a5d20776afcdf3b2a16c0a67347bd361	480a6de810d67fbf0bd72203bd2df15a	44441df7d9448831ff56a4e8321e6238
19694	a5d20776afcdf3b2a16c0a67347bd361	480a6de810d67fbf0bd72203bd2df15a	44441df7d9448831ff56a4e8321e6238
19695	7f6a8564c04d0b03f4bac8802d318025	5e38fd8b5ea9ebf0793841d12fcfd8aa	db251dd26c8ebc3eb4ed949a163e5f8a
19696	181c5a9a8f5f6544dc835a8389678d9c	60fbdd07104dba249018d077bf8f14ce	1620c8a3c39629bc38f8242b31622cca
19697	9e02b6d382499d1f61f86073cfb61ec5	3202719fe99be65631d433b3ecd1d43c	003ce7265b12ed0a7613810204ea5608
19698	17781d3e8e3d9e99a405aa6b5693cf9d	e1b8e68a3040ff3763fa710745b93658	6d9ce286564f29b7769c4228c055370c
19699	6df4604be19d00fd7b9c562702ddbabb	b51470510bf5ec1bf92799ba7a14907b	dc8c6a5bb4af809331d9044b02ba5e1f
19700	1544cf60c88eb9a52625ad38c999c076	cb98ac7604bc9a442947650e9fddb953	48fc0f6789e732df7f9072a0b6446649
19701	1544cf60c88eb9a52625ad38c999c076	cb98ac7604bc9a442947650e9fddb953	48fc0f6789e732df7f9072a0b6446649
19702	1544cf60c88eb9a52625ad38c999c076	cb98ac7604bc9a442947650e9fddb953	48fc0f6789e732df7f9072a0b6446649
19703	1544cf60c88eb9a52625ad38c999c076	cb98ac7604bc9a442947650e9fddb953	48fc0f6789e732df7f9072a0b6446649
19704	1544cf60c88eb9a52625ad38c999c076	cb98ac7604bc9a442947650e9fddb953	48fc0f6789e732df7f9072a0b6446649
19705	1544cf60c88eb9a52625ad38c999c076	cb98ac7604bc9a442947650e9fddb953	48fc0f6789e732df7f9072a0b6446649
19706	1544cf60c88eb9a52625ad38c999c076	cb98ac7604bc9a442947650e9fddb953	48fc0f6789e732df7f9072a0b6446649
19707	1544cf60c88eb9a52625ad38c999c076	cb98ac7604bc9a442947650e9fddb953	48fc0f6789e732df7f9072a0b6446649
19708	1544cf60c88eb9a52625ad38c999c076	cb98ac7604bc9a442947650e9fddb953	48fc0f6789e732df7f9072a0b6446649
19709	1544cf60c88eb9a52625ad38c999c076	cb98ac7604bc9a442947650e9fddb953	48fc0f6789e732df7f9072a0b6446649
19710	1544cf60c88eb9a52625ad38c999c076	cb98ac7604bc9a442947650e9fddb953	48fc0f6789e732df7f9072a0b6446649
19711	1544cf60c88eb9a52625ad38c999c076	cb98ac7604bc9a442947650e9fddb953	48fc0f6789e732df7f9072a0b6446649
19712	1544cf60c88eb9a52625ad38c999c076	cb98ac7604bc9a442947650e9fddb953	48fc0f6789e732df7f9072a0b6446649
19713	1544cf60c88eb9a52625ad38c999c076	cb98ac7604bc9a442947650e9fddb953	48fc0f6789e732df7f9072a0b6446649
19714	1544cf60c88eb9a52625ad38c999c076	cb98ac7604bc9a442947650e9fddb953	48fc0f6789e732df7f9072a0b6446649
19715	1544cf60c88eb9a52625ad38c999c076	cb98ac7604bc9a442947650e9fddb953	48fc0f6789e732df7f9072a0b6446649
19716	1544cf60c88eb9a52625ad38c999c076	cb98ac7604bc9a442947650e9fddb953	48fc0f6789e732df7f9072a0b6446649
# classes	legacy=849	wide=899	full=899
