# rank	legacy	wide	full
3943	4dc17af9f993e842fa2501c6c3e206ea	ae6b8b76f5793c769a2a300e9712cf9e	ac51d2d050e2426dcce12c58b5059c39
3944	4dc17af9f993e842fa2501c6c3e206ea	ae6b8b76f5793c769a2a300e9712cf9e	ac51d2d050e2426dcce12c58b5059c39
3945	4dc17af9f993e842fa2501c6c3e206ea	ae6b8b76f5793c769a2a300e9712cf9e	ac51d2d050e2426dcce12c58b5059c39
3946	4dc17af9f993e842fa2501c6c3e206ea	ae6b8b76f5793c769a2a300e9712cf9e	ac51d2d050e2426dcce12c58b5059c39
3947	048d7f98b4c1aa6e591eb5b64040cb7f	8c120be77d460ce2d4e634d6c3069387	997aef8a55e36a84c612e0ead75c228f
3948	048d7f98b4c1aa6e591eb5b64040cb7f	8c120be77d460ce2d4e634d6c3069387	997aef8a55e36a84c612e0ead75c228f
3949	048d7f98b4c1aa6e591eb5b64040cb7f	8c120be77d460ce2d4e634d6c3069387	997aef8a55e36a84c612e0ead75c228f
3950	429a9efe1334aeb7eb34224581748895	982355cd7c15d163f91254fd74167905	171253483e7a81486bb2e585ee9410d8
3951	429a9efe1334aeb7eb34224581748895	982355cd7c15d163f91254fd74167905	171253483e7a81486bb2e585ee9410d8
3952	21f137e172335a51d05a68794c29ed18	42a96606e8bf999cfa8a993aaad69b7e	25bf8fb92af368f07a98e86438683401
3953	21f137e172335a51d05a68794c29ed18	42a96606e8bf999cfa8a993aaad69b7e	25bf8fb92af368f07a98e86438683401
3954	21f137e172335a51d05a68794c29ed18	42a96606e8bf999cfa8a993aaad69b7e	25bf8fb92af368f07a98e86438683401
3955	21f137e172335a51d05a68794c29ed18	42a96606e8bf999cfa8a993aaad69b7e	25bf8fb92af368f07a98e86438683401
3956	21f137e172335a51d05a68794c29ed18	42a96606e8bf999cfa8a993aaad69b7e	25bf8fb92af368f07a98e86438683401
3957	1a1ac7919a5959445317e90f31379ea9	24904a0fd0f274ef6bd81a6c99c91c31	c362558a6e4103402c7873ebc0844342
3958	1a1ac7919a5959445317e90f31379ea9	24904a0fd0f274ef6bd81a6c99c91c31	c362558a6e4103402c7873ebc0844342
3959	1a1ac7919a5959445317e90f31379ea9	24904a0fd0f274ef6bd81a6c99c91c31	c362558a6e4103402c7873ebc0844342
3960	1a1ac7919a5959445317e90f31379ea9	24904a0fd0f274ef6bd81a6c99c91c31	c362558a6e4103402c7873ebc0844342
3961	1a1ac7919a5959445317e90f31379ea9	24904a0fd0f274ef6bd81a6c99c91c31	c362558a6e4103402c7873ebc0844342
3962	1a1ac7919a5959445317e90f31379ea9	24904a0fd0f274ef6bd81a6c99c91c31	c362558a6e4103402c7873ebc0844342
3963	1a1ac7919a5959445317e90f31379ea9	24904a0fd0f274ef6bd81a6c99c91c31	c362558a6e4103402c7873ebc0844342
3964	772d355dd3fb03c3dd5196279f5f79a3	2dea4874fc49acd4a8297da8174244f5	63406459c6e0aa230bc49e0ec616ba77
3965	772d355dd3fb03c3dd5196279f5f79a3	2dea4874fc49acd4a8297da8174244f5	63406459c6e0aa230bc49e0ec616ba77
3966	772d355dd3fb03c3dd5196279f5f79a3	d759cdec026c8cb012d89fd56fbfba73	9d17782e3481a51127c4cdaf97982b14
3967	772d355dd3fb03c3dd5196279f5f79a3	2dea4874fc49acd4a8297da8174244f5	63406459c6e0aa230bc49e0ec616ba77
3968	772d355dd3fb03c3dd5196279f5f79a3	2dea4874fc49acd4a8297da8174244f5	63406459c6e0aa230bc49e0ec616ba77
3969	f22c77016a452de20269a85dc634ff55	1d1b1745cc91694adbed82b36c2bb89c	9ee6c3b4c24da485c16331a0faae766f
3970	f22c77016a452de20269a85dc634ff55	1d1b1745cc91694adbed82b36c2bb89c	9ee6c3b4c24da485c16331a0faae766f
3971	f22c77016a452de20269a85dc634ff55	1d1b1745cc91694adbed82b36c2bb89c	9ee6c3b4c24da485c16331a0faae766f
3972	db1d46a8707da72f63baf65aeb3be224	67227396bcef572bd5269ea09f814a09	07641c72bbd34365377bf6e1fbcb3cd6
3973	db1d46a8707da72f63baf65aeb3be224	67227396bcef572bd5269ea09f814a09	07641c72bbd34365377bf6e1fbcb3cd6
3974	6f175ba2a6d21d33919ba27203b5806a	2527e79866fcf26a6e90c50707bd2584	b4514af24398a6b5fc7fbb1ebac41dfe
3975	6f175ba2a6d21d33919ba27203b5806a	2527e79866fcf26a6e90c50707bd2584	b4514af24398a6b5fc7fbb1ebac41dfe
3976	6000c07509d0461837e569050169c6ca	9a527e387182a60d28055e7d6de58e29	d1871c1baa917676670f1592ad3390f5
3977	6000c07509d0461837e569050169c6ca	9a527e387182a60d28055e7d6de58e29	d1871c1baa917676670f1592ad3390f5
3978	6000c07509d0461837e569050169c6ca	9a527e387182a60d28055e7d6de58e29	d1871c1baa917676670f1592ad3390f5
3979	e641edb6eccebed5300e66f5000c2941	7729d224309cf4b9197ae51f32f4bb38	1d8649d745456dbb9c159e23790f4077
3980	6000c07509d0461837e569050169c6ca	9a527e387182a60d28055e7d6de58e29	d1871c1baa917676670f1592ad3390f5
3981	88fa7f7d3ddd86856328bcd62f6fe3c7	30cc14a86a727068166b77221c35035d	05e81095aab14d1ac505488a22600f5b
3982	88fa7f7d3ddd86856328bcd62f6fe3c7	30cc14a86a727068166b77221c35035d	05e81095aab14d1ac505488a22600f5b
3983	88fa7f7d3ddd86856328bcd62f6fe3c7	30cc14a86a727068166b77221c35035d	05e81095aab14d1ac505488a22600f5b
3984	88fa7f7d3ddd86856328bcd62f6fe3c7	30cc14a86a727068166b77221c35035d	05e81095aab14d1ac505488a22600f5b
3985	88fa7f7d3ddd86856328bcd62f6fe3c7	30cc14a86a727068166b77221c35035d	05e81095aab14d1ac505488a22600f5b
3986	88fa7f7d3ddd86856328bcd62f6fe3c7	30cc14a86a727068166b77221c35035d	05e81095aab14d1ac505488a22600f5b
3987	88fa7f7d3ddd86856328bcd62f6fe3c7	30cc14a86a727068166b77221c35035d	05e81095aab14d1ac505488a22600f5b
3988	7b8e69fa3cbc25313f7b85ab06cfea66	ac0bee622c1ce3996269c3fd649bbd25	95d11796ab5d4c33b7a5c0119a87143b
3989	7b8e69fa3cbc25313f7b85ab06cfea66	ac0bee622c1ce3996269c3fd649bbd25	95d11796ab5d4c33b7a5c0119a87143b
3990	7b8e69fa3cbc25313f7b85ab06cfea66	ac0bee622c1ce3996269c3fd649bbd25	95d11796ab5d4c33b7a5c0119a87143b
3991	7b8e69fa3cbc25313f7b85ab06cfea66	ac0bee622c1ce3996269c3fd649bbd25	95d11796ab5d4c33b7a5c0119a87143b
3992	7b8e69fa3cbc25313f7b85ab06cfea66	ac0bee622c1ce3996269c3fd649bbd25	95d11796ab5d4c33b7a5c0119a87143b
3993	ab58decb5c918a705e7239e6cc222269	4332ad56f860b5b744fd650a263d23c6	6a9ab318171940eb5c8bfc724b5b9461
3994	ab58decb5c918a705e7239e6cc222269	4332ad56f860b5b744fd650a263d23c6	6a9ab318171940eb5c8bfc724b5b9461
3995	ab58decb5c918a705e7239e6cc222269	4332ad56f860b5b744fd650a263d23c6	6a9ab318171940eb5c8bfc724b5b9461
3996	ab58decb5c918a705e7239e6cc222269	4332ad56f860b5b744fd650a263d23c6	6a9ab318171940eb5c8bfc724b5b9461
3997	ab58decb5c918a705e7239e6cc222269	4332ad56f860b5b744fd650a263d23c6	6a9ab318171940eb5c8bfc724b5b9461
3998	04faf05d89f8591ac69d0ea68f8f0124	c59a40103cd039b96a8e6c34dfdaa97d	78e518bdcc458d46d087f179c65b6dba
3999	04faf05d89f8591ac69d0ea68f8f0124	c59a40103cd039b96a8e6c34dfdaa97d	78e518bdcc458d46d087f179c65b6dba
4000	04faf05d89f8591ac69d0ea68f8f0124	c59a40103cd039b96a8e6c34dfdaa97d	78e518bdcc458d46d087f179c65b6dba
4001	04faf05d89f8591ac69d0ea68f8f0124	c59a40103cd039b96a8e6c34dfdaa97d	78e518bdcc458d46d087f179c65b6dba
4002	04faf05d89f8591ac69d0ea68f8f0124	c59a40103cd039b96a8e6c34dfdaa97d	78e518bdcc458d46d087f179c65b6dba
4003	04faf05d89f8591ac69d0ea68f8f0124	c59a40103cd039b96a8e6c34dfdaa97d	78e518bdcc458d46d087f179c65b6dba
4004	04faf05d89f8591ac69d0ea68f8f0124	c59a40103cd039b96a8e6c34dfdaa97d	78e518bdcc458d46d087f179c65b6dba
4005	04faf05d89f8591ac69d0ea68f8f0124	c59a40103cd039b96a8e6c34dfdaa97d	78e518bdcc458d46d087f179c65b6dba
4006	04faf05d89f8591ac69d0ea68f8f0124	c59a40103cd039b96a8e6c34dfdaa97d	78e518bdcc458d46d087f179c65b6dba
4007	04faf05d89f8591ac69d0ea68f8f0124	c59a40103cd039b96a8e6c34dfdaa97d	78e518bdcc458d46d087f179c65b6dba
4008	ab722ea57f8cc007399ce29e9b24f58a	63356148630828ec8d37a2181af20864	72dedf95de494e49d470f5416435b7aa
4009	04faf05d89f8591ac69d0ea68f8f0124	c59a40103cd039b96a8e6c34dfdaa97d	78e518bdcc458d46d087f179c65b6dba
4010	0282ae8639730b49b074f4bc07a6c9e9	a66fa6b82e836b853a3ab780ce11b5b7	6813433777fe41c264c6e31faf215045
4011	0282ae8639730b49b074f4bc07a6c9e9	a66fa6b82e836b853a3ab780ce11b5b7	6813433777fe41c264c6e31faf215045
4012	0282ae8639730b49b074f4bc07a6c9e9	a66fa6b82e836b853a3ab780ce11b5b7	6813433777fe41c264c6e31faf215045
4013	0282ae8639730b49b074f4bc07a6c9e9	a66fa6b82e836b853a3ab780ce11b5b7	6813433777fe41c264c6e31faf215045
4014	0282ae8639730b49b074f4bc07a6c9e9	a66fa6b82e836b853a3ab780ce11b5b7	6813433777fe41c264c6e31faf215045
4015	0282ae8639730b49b074f4bc07a6c9e9	a66fa6b82e836b853a3ab780ce11b5b7	6813433777fe41c264c6e31faf215045
4016	0282ae8639730b49b074f4bc07a6c9e9	a66fa6b82e836b853a3ab780ce11b5b7	6813433777fe41c264c6e31faf215045
4017	260ec37e147c2c6a23390a39864b2f55	ee6da1687ffb1712a13453ed5f4f4934	517fb30ff20549104699394eaf0c5620
4018	260ec37e147c2c6a23390a39864b2f55	ee6da1687ffb1712a13453ed5f4f4934	517fb30ff20549104699394eaf0c5620
4019	260ec37e147c2c6a23390a39864b2f55	ee6da1687ffb1712a13453ed5f4f4934	517fb30ff20549104699394eaf0c5620
4020	227bf09e9ef0583779100c15169ff2a5	4266473a03c85cb76dd99839a5ab1e67	23b4f9e1c9d64e2350614e74ab7d95d2
4021	f56b56de17b84348676f385398d78082	a0fdebab013d819398909b3dbdcb34c5	e8192dec11a3dc0f8a6f247130c1b640
4022	260ec37e147c2c6a23390a39864b2f55	ee6da1687ffb1712a13453ed5f4f4934	517fb30ff20549104699394eaf0c5620
4023	260ec37e147c2c6a23390a39864b2f55	ee6da1687ffb1712a13453ed5f4f4934	517fb30ff20549104699394eaf0c5620
4024	260ec37e147c2c6a23390a39864b2f55	ee6da1687ffb1712a13453ed5f4f4934	517fb30ff20549104699394eaf0c5620
4025	68d8ed04a88036a64651958db854c107	4b21713b882dde48667735fea81db9ae	fa1f3016365423d2961d99e8ee600b0f
4026	e0cf09b75f739209555bdc1092076d95	6ed6caf7467996f1b3d992d9927e7146	8a436a5002a9f0fa6edb19f445941243
4027	7f49efb6424c0f7cbac7a7d264285333	b5acdef68aab57326aa697e38cda0333	2c4315f81f3448989fc9b472e3d30db7
4028	7f49efb6424c0f7cbac7a7d264285333	b5acdef68aab57326aa697e38cda0333	2c4315f81f3448989fc9b472e3d30db7
4029	7f49efb6424c0f7cbac7a7d264285333	b5acdef68aab57326aa697e38cda0333	2c4315f81f3448989fc9b472e3d30db7
4030	7f49efb6424c0f7cbac7a7d264285333	b5acdef68aab57326aa697e38cda0333	2c4315f81f3448989fc9b472e3d30db7
4031	7f49efb6424c0f7cbac7a7d264285333	b5acdef68aab57326aa697e38cda0333	2c4315f81f3448989fc9b472e3d30db7
4032	7f49efb6424c0f7cbac7a7d264285333	b5acdef68aab57326aa697e38cda0333	2c4315f81f3448989fc9b472e3d30db7
4033	7f49efb6424c0f7cbac7a7d264285333	b5acdef68aab57326aa697e38cda0333	2c4315f81f3448989fc9b472e3d30db7
4034	11f66e22a81c402993cb683205da9b4d	5d5287498e2f9a826ec8ae9d48363f94	0433f9b31e315ed4627d7f64dc013962
4035	11f66e22a81c402993cb683205da9b4d	1ab640e658396bc37ff0b61b3c621a41	0678bb772fa2386a796d6820c8c978b1
4036	11f66e22a81c402993cb683205da9b4d	1ab640e658396bc37ff0b61b3c621a41	0678bb772fa2386a796d6820c8c978b1
4037	ddc742ed3073a81bdc6a38fb70a206bc	c1ac443d10f79f133f3123766a4d7413	46d03cf97935de659796609f71d2825b
4038	bf84cf380f96828b501d31fc2709bb49	ee5474b0f1bea7077a378e849475f5f7	23af191334792b2bb670340492693959
4039	a86d138b0216e9bcb64dc58376f1e267	ec01f77319e1a4f7ba221ea1e4250d14	01b6cf8b56c594543be82441cf52dd0c
4040	a86d138b0216e9bcb64dc58376f1e267	ec01f77319e1a4f7ba221ea1e4250d14	01b6cf8b56c594543be82441cf52dd0c
4041	a86d138b0216e9bcb64dc58376f1e267	ec01f77319e1a4f7ba221ea1e4250d14	01b6cf8b56c594543be82441cf52dd0c
4042	a86d138b0216e9bcb64dc58376f1e267	ec01f77319e1a4f7ba221ea1e4250d14	01b6cf8b56c594543be82441cf52dd0c
4043	a86d138b0216e9bcb64dc58376f1e267	ec01f77319e1a4f7ba221ea1e4250d14	01b6cf8b56c594543be82441cf52dd0c
4044	a86d138b0216e9bcb64dc58376f1e267	ec01f77319e1a4f7ba221ea1e4250d14	01b6cf8b56c594543be82441cf52dd0c
4045	a86d138b0216e9bcb64dc58376f1e267	ec01f77319e1a4f7ba221ea1e4250d14	01b6cf8b56c594543be82441cf52dd0c
4046	a86d138b0216e9bcb64dc58376f1e267	ec01f77319e1a4f7ba221ea1e4250d14	01b6cf8b56c594543be82441cf52dd0c
4047	a86d138b0216e9bcb64dc58376f1e267	ec01f77319e1a4f7ba221ea1e4250d14	01b6cf8b56c594543be82441cf52dd0c
4048	a86d138b0216e9bcb64dc58376f1e267	ec01f77319e1a4f7ba221ea1e4250d14	01b6cf8b56c594543be82441cf52dd0c
4049	a86d138b0216e9bcb64dc58376f1e267	ec01f77319e1a4f7ba221ea1e4250d14	01b6cf8b56c594543be82441cf52dd0c
4050	a86d138b0216e9bcb64dc58376f1e267	ec01f77319e1a4f7ba221ea1e4250d14	01b6cf8b56c594543be82441cf52dd0c
4051	a86d138b0216e9bcb64dc58376f1e267	ec01f77319e1a4f7ba221ea1e4250d14	01b6cf8b56c594543be82441cf52dd0c
4052	a86d138b0216e9bcb64dc58376f1e267	ec01f77319e1a4f7ba221ea1e4250d14	01b6cf8b56c594543be82441cf52dd0c
4053	a86d138b0216e9bcb64dc58376f1e267	ec01f77319e1a4f7ba221ea1e4250d14	01b6cf8b56c594543be82441cf52dd0c
4054	a86d138b0216e9bcb64dc58376f1e267	ec01f77319e1a4f7ba221ea1e4250d14	01b6cf8b56c594543be82441cf52dd0c
4055	a86d138b0216e9bcb64dc58376f1e267	ec01f77319e1a4f7ba221ea1e4250d14	01b6cf8b56c594543be82441cf52dd0c
4056	acfa1ea73b2c7b045c6de3801efd2f1b	485774df31b2825a0147e164ac63a34d	926f103e283cca765e4756846c048e6c
4057	acfa1ea73b2c7b045c6de3801efd2f1b	485774df31b2825a0147e164ac63a34d	926f103e283cca765e4756846c048e6c
4058	acfa1ea73b2c7b045c6de3801efd2f1b	485774df31b2825a0147e164ac63a34d	926f103e283cca765e4756846c048e6c
4059	acfa1ea73b2c7b045c6de3801efd2f1b	485774df31b2825a0147e164ac63a34d	926f103e283cca765e4756846c048e6c
4060	acfa1ea73b2c7b045c6de3801efd2f1b	485774df31b2825a0147e164ac63a34d	926f103e283cca765e4756846c048e6c
4061	acfa1ea73b2c7b045c6de3801efd2f1b	485774df31b2825a0147e164ac63a34d	926f103e283cca765e4756846c048e6c
4062	acfa1ea73b2c7b045c6de3801efd2f1b	485774df31b2825a0147e164ac63a34d	926f103e283cca765e4756846c048e6c
4063	e224a51a3b236fec25028c182a6c2e98	0101fb722c2d1531be4870e1ab4201c9	e5f3403ef094d6c21323d2e920db76b9
4064	e224a51a3b236fec25028c182a6c2e98	0101fb722c2d1531be4870e1ab4201c9	e5f3403ef094d6c21323d2e920db76b9
4065	e224a51a3b236fec25028c182a6c2e98	0101fb722c2d1531be4870e1ab4201c9	e5f3403ef094d6c21323d2e920db76b9
4066	38df578ada60d273939e6ecaa7d5661a	fdd1046d17f86ae8da2e5e9632ede554	2de1cf4bb43bd72136df3406049ad0f8
4067	38df578ada60d273939e6ecaa7d5661a	fdd1046d17f86ae8da2e5e9632ede554	2de1cf4bb43bd72136df3406049ad0f8
4068	95472e4893770bbf365a1f5fe5c12bd9	555c35a5d98a0a574cf0f523c09b9616	bca830c8935e2f2649d4a77721ae2911
4069	95472e4893770bbf365a1f5fe5c12bd9	555c35a5d98a0a574cf0f523c09b9616	bca830c8935e2f2649d4a77721ae2911
4070	95472e4893770bbf365a1f5fe5c12bd9	555c35a5d98a0a574cf0f523c09b9616	bca830c8935e2f2649d4a77721ae2911
4071	95472e4893770bbf365a1f5fe5c12bd9	555c35a5d98a0a574cf0f523c09b9616	bca830c8935e2f2649d4a77721ae2911
4072	95472e4893770bbf365a1f5fe5c12bd9	555c35a5d98a0a574cf0f523c09b9616	bca830c8935e2f2649d4a77721ae2911
4073	95472e4893770bbf365a1f5fe5c12bd9	555c35a5d98a0a574cf0f523c09b9616	bca830c8935e2f2649d4a77721ae2911
4074	95472e4893770bbf365a1f5fe5c12bd9	555c35a5d98a0a574cf0f523c09b9616	bca830c8935e2f2649d4a77721ae2911
4075	a681a51c02113e13db1f068ce54e98ae	5e0641dc992fa4b5fd0fd5c45bc679e5	430f99ec5d2b9ffdb6e69e11f9f67272
4076	a681a51c02113e13db1f068ce54e98ae	5e0641dc992fa4b5fd0fd5c45bc679e5	430f99ec5d2b9ffdb6e69e11f9f67272
4077	a681a51c02113e13db1f068ce54e98ae	5e0641dc992fa4b5fd0fd5c45bc679e5	430f99ec5d2b9ffdb6e69e11f9f67272
4078	a681a51c02113e13db1f068ce54e98ae	5e0641dc992fa4b5fd0fd5c45bc679e5	430f99ec5d2b9ffdb6e69e11f9f67272
4079	a681a51c02113e13db1f068ce54e98ae	5e0641dc992fa4b5fd0fd5c45bc679e5	430f99ec5d2b9ffdb6e69e11f9f67272
4080	bb1e5c2a316444a937c1c8bde72c019f	fd623626293de6a9b85d98932172946a	3f8fd6e1894ea5099f3eb5300b03665c
4081	bb1e5c2a316444a937c1c8bde72c019f	fd623626293de6a9b85d98932172946a	3f8fd6e1894ea5099f3eb5300b03665c
4082	bb1e5c2a316444a937c1c8bde72c019f	fd623626293de6a9b85d98932172946a	3f8fd6e1894ea5099f3eb5300b03665c
4083	bb1e5c2a316444a937c1c8bde72c019f	fd623626293de6a9b85d98932172946a	3f8fd6e1894ea5099f3eb5300b03665c
4084	bb1e5c2a316444a937c1c8bde72c019f	fd623626293de6a9b85d98932172946a	3f8fd6e1894ea5099f3eb5300b03665c
4085	bb1e5c2a316444a937c1c8bde72c019f	fd623626293de6a9b85d98932172946a	3f8fd6e1894ea5099f3eb5300b03665c
4086	bb1e5c2a316444a937c1c8bde72c019f	fd623626293de6a9b85d98932172946a	3f8fd6e1894ea5099f3eb5300b03665c
4087	8f1b67df03809e2e0e3f0e4516dbf546	ffe44a726d0c5378bd0bc3ccbe0e7823	7bc74618235c9b2d0c18195c327dcc4b
4088	8f1b67df03809e2e0e3f0e4516dbf546	ffe44a726d0c5378bd0bc3ccbe0e7823	7bc74618235c9b2d0c18195c327dcc4b
4089	8f1b67df03809e2e0e3f0e4516dbf546	ffe44a726d0c5378bd0bc3ccbe0e7823	7bc74618235c9b2d0c18195c327dcc4b
4090	8f1b67df03809e2e0e3f0e4516dbf546	ffe44a726d0c5378bd0bc3ccbe0e7823	7bc74618235c9b2d0c18195c327dcc4b
4091	8f1b67df03809e2e0e3f0e4516dbf546	ffe44a726d0c5378bd0bc3ccbe0e7823	7bc74618235c9b2d0c18195c327dcc4b
4092	8f1b67df03809e2e0e3f0e4516dbf546	ffe44a726d0c5378bd0bc3ccbe0e7823	7bc74618235c9b2d0c18195c327dcc4b
4093	8f1b67df03809e2e0e3f0e4516dbf546	ffe44a726d0c5378bd0bc3ccbe0e7823	7bc74618235c9b2d0c18195c327dcc4b
4094	8f1b67df03809e2e0e3f0e4516dbf546	ffe44a726d0c5378bd0bc3ccbe0e7823	7bc74618235c9b2d0c18195c327dcc4b
4095	8f1b67df03809e2e0e3f0e4516dbf546	ffe44a726d0c5378bd0bc3ccbe0e7823	7bc74618235c9b2d0c18195c327dcc4b
4096	8f1b67df03809e2e0e3f0e4516dbf546	ffe44a726d0c5378bd0bc3ccbe0e7823	7bc74618235c9b2d0c18195c327dcc4b
4097	17b47e1cf08e6f30fe4dee431fce714a	e0e42536dc0ee100a63fc3c3e0ed7234	dbdf62ec2c54d785d93e57d42c3d43fe
4098	17b47e1cf08e6f30fe4dee431fce714a	e0e42536dc0ee100a63fc3c3e0ed7234	dbdf62ec2c54d785d93e57d42c3d43fe
4099	17b47e1cf08e6f30fe4dee431fce714a	e0e42536dc0ee100a63fc3c3e0ed7234	dbdf62ec2c54d785d93e57d42c3d43fe
4100	830d166f2e0cc144b5b827c488aabbaf	3af3fa393a9dc695e9fcc07a48c1c51b	b66b0cbac95a3c0c8494c28a88ffd355
4101	830d166f2e0cc144b5b827c488aabbaf	3af3fa393a9dc695e9fcc07a48c1c51b	b66b0cbac95a3c0c8494c28a88ffd355
4102	5dd9866fa1c9996cbfbd41c2ea69c336	148de4f3b85fa7463da4dd1fe4d6c874	aa79e3dce0c6b001ef0b53cac824aa36
4103	493a333f508d1ef8657944863c644374	f618d0ab35415ac85cabd2b05b43acad	e60ff5ec658e516b6850c92be1edf465
4104	afc40429ee20094e8b77688f338f4f8f	8215703bfd4d19a3767c5cb2944a0795	c91e5895140641935ee0a199f0c2a762
4105	afc40429ee20094e8b77688f338f4f8f	8215703bfd4d19a3767c5cb2944a0795	c91e5895140641935ee0a199f0c2a762
4106	afc40429ee20094e8b77688f338f4f8f	8215703bfd4d19a3767c5cb2944a0795	c91e5895140641935ee0a199f0c2a762
4107	afc40429ee20094e8b77688f338f4f8f	8215703bfd4d19a3767c5cb2944a0795	c91e5895140641935ee0a199f0c2a762
4108	afc40429ee20094e8b77688f338f4f8f	8215703bfd4d19a3767c5cb2944a0795	c91e5895140641935ee0a199f0c2a762
4109	1e8200b1acd0521d21289bef80837ae3	3096bf89ea3a3b2efbbb71046f76077b	6870f762f5af4ecdd1f05ffd99217205
4110	1e8200b1acd0521d21289bef80837ae3	3096bf89ea3a3b2efbbb71046f76077b	6870f762f5af4ecdd1f05ffd99217205
4111	1e8200b1acd0521d21289bef80837ae3	3096bf89ea3a3b2efbbb71046f76077b	6870f762f5af4ecdd1f05ffd99217205
4112	1e8200b1acd0521d21289bef80837ae3	3096bf89ea3a3b2efbbb71046f76077b	6870f762f5af4ecdd1f05ffd99217205
4113	1e8200b1acd0521d21289bef80837ae3	3096bf89ea3a3b2efbbb71046f76077b	6870f762f5af4ecdd1f05ffd99217205
4114	1e8200b1acd0521d21289bef80837ae3	3096bf89ea3a3b2efbbb71046f76077b	6870f762f5af4ecdd1f05ffd99217205
4115	1e8200b1acd0521d21289bef80837ae3	3096bf89ea3a3b2efbbb71046f76077b	6870f762f5af4ecdd1f05ffd99217205
4116	3ff5f7c82a47805bbffd8ba481ae82ca	2b936b88272dadccab4ced31a50ace5a	fe273aa47fb6b3b3e601182c3d0e0928
4117	22c2b30bb4aea2da1b3799b0230fd55a	c91e5dc0683cb30cfcd514e4c65c3de6	c54ae95b1df30805f16c5202e134dbb8
4118	22c2b30bb4aea2da1b3799b0230fd55a	c91e5dc0683cb30cfcd514e4c65c3de6	c54ae95b1df30805f16c5202e134dbb8
4119	3ff5f7c82a47805bbffd8ba481ae82ca	2b936b88272dadccab4ced31a50ace5a	fe273aa47fb6b3b3e601182c3d0e0928
4120	3ff5f7c82a47805bbffd8ba481ae82ca	2b936b88272dadccab4ced31a50ace5a	fe273aa47fb6b3b3e601182c3d0e0928
4121	3ff5f7c82a47805bbffd8ba481ae82ca	2b936b88272dadccab4ced31a50ace5a	fe273aa47fb6b3b3e601182c3d0e0928
4122	3ff5f7c82a47805bbffd8ba481ae82ca	2b936b88272dadccab4ced31a50ace5a	fe273aa47fb6b3b3e601182c3d0e0928
4123	3ff5f7c82a47805bbffd8ba481ae82ca	2b936b88272dadccab4ced31a50ace5a	fe273aa47fb6b3b3e601182c3d0e0928
4124	7c90b9e00f3e04d3535352d20c0b5e26	e79832209597c9149826cd9e502dc02a	f197b2a4f0eed5c124691fd61cb93854
4125	0cd325d2c944323cd16ab12d752ac9cc	0af30f73d648be26e2b8508f1cae0b1a	e5cf9545b3278b414f9ff24cc52324b0
4126	915dee63bb588c073de82d86c45ab6ee	3281f5fb96848943e9bed7ac49400a48	d9570a712bb3f4549648925defb826db
4127	915dee63bb588c073de82d86c45ab6ee	3281f5fb96848943e9bed7ac49400a48	d9570a712bb3f4549648925defb826db
4128	915dee63bb588c073de82d86c45ab6ee	3281f5fb96848943e9bed7ac49400a48	d9570a712bb3f4549648925defb826db
4129	915dee63bb588c073de82d86c45ab6ee	3281f5fb96848943e9bed7ac49400a48	d9570a712bb3f4549648925defb826db
4130	915dee63bb588c073de82d86c45ab6ee	3281f5fb96848943e9bed7ac49400a48	d9570a712bb3f4549648925defb826db
4131	915dee63bb588c073de82d86c45ab6ee	3281f5fb96848943e9bed7ac49400a48	d9570a712bb3f4549648925defb826db
4132	915dee63bb588c073de82d86c45ab6ee	3281f5fb96848943e9bed7ac49400a48	d9570a712bb3f4549648925defb826db
4133	d53b39661413e96178d62c0e566a3472	63843b67323e91f64c77a5e91bc9568e	7c2685aae0d1cd7f36e43ff41ccee2fc
4134	d53b39661413e96178d62c0e566a3472	63843b67323e91f64c77a5e91bc9568e	7c2685aae0d1cd7f36e43ff41ccee2fc
4135	d53b39661413e96178d62c0e566a3472	63843b67323e91f64c77a5e91bc9568e	7c2685aae0d1cd7f36e43ff41ccee2fc
4136	2724531f4416ba4191e274f4022eae38	8bf5f8af133755fe48a8fd10fb5eec22	725c4e4e7596bd6e9f7dd1ec19adbf8a
4137	2724531f4416ba4191e274f4022eae38	8bf5f8af133755fe48a8fd10fb5eec22	725c4e4e7596bd6e9f7dd1ec19adbf8a
4138	915dee63bb588c073de82d86c45ab6ee	3281f5fb96848943e9bed7ac49400a48	d9570a712bb3f4549648925defb826db
4139	915dee63bb588c073de82d86c45ab6ee	3281f5fb96848943e9bed7ac49400a48	d9570a712bb3f4549648925defb826db
4140	915dee63bb588c073de82d86c45ab6ee	3281f5fb96848943e9bed7ac49400a48	d9570a712bb3f4549648925defb826db
4141	915dee63bb588c073de82d86c45ab6ee	3281f5fb96848943e9bed7ac49400a48	d9570a712bb3f4549648925defb826db
4142	915dee63bb588c073de82d86c45ab6ee	3281f5fb96848943e9bed7ac49400a48	d9570a712bb3f4549648925defb826db
4143	915dee63bb588c073de82d86c45ab6ee	3281f5fb96848943e9bed7ac49400a48	d9570a712bb3f4549648925defb826db
4144	915dee63bb588c073de82d86c45ab6ee	3281f5fb96848943e9bed7ac49400a48	d9570a712bb3f4549648925defb826db
4145	915dee63bb588c073de82d86c45ab6ee	3281f5fb96848943e9bed7ac49400a48	d9570a712bb3f4549648925defb826db
4146	915dee63bb588c073de82d86c45ab6ee	3281f5fb96848943e9bed7ac49400a48	d9570a712bb3f4549648925defb826db
4147	915dee63bb588c073de82d86c45ab6ee	3281f5fb96848943e9bed7ac49400a48	d9570a712bb3f4549648925defb826db
4148	915dee63bb588c073de82d86c45ab6ee	3281f5fb96848943e9bed7ac49400a48	d9570a712bb3f4549648925defb826db
4149	915dee63bb588c073de82d86c45ab6ee	3281f5fb96848943e9bed7ac49400a48	d9570a712bb3f4549648925defb826db
4150	6469a9592f061fd0724f45b2d2b95a10	07093e90649d049e703c20fd13808391	9f6894efedacc3c16d8e3d6d7462c59f
4151	6469a9592f061fd0724f45b2d2b95a10	07093e90649d049e703c20fd13808391	9f6894efedacc3c16d8e3d6d7462c59f
4152	6469a9592f061fd0724f45b2d2b95a10	07093e90649d049e703c20fd13808391	9f6894efedacc3c16d8e3d6d7462c59f
4153	6469a9592f061fd0724f45b2d2b95a10	07093e90649d049e703c20fd13808391	9f6894efedacc3c16d8e3d6d7462c59f
4154	6469a9592f061fd0724f45b2d2b95a10	07093e90649d049e703c20fd13808391	9f6894efedacc3c16d8e3d6d7462c59f
4155	6469a9592f061fd0724f45b2d2b95a10	07093e90649d049e703c20fd13808391	9f6894efedacc3c16d8e3d6d7462c59f
4156	6469a9592f061fd0724f45b2d2b95a10	07093e90649d049e703c20fd13808391	9f6894efedacc3c16d8e3d6d7462c59f
4157	6469a9592f061fd0724f45b2d2b95a10	07093e90649d049e703c20fd13808391	9f6894efedacc3c16d8e3d6d7462c59f
4158	6469a9592f061fd0724f45b2d2b95a10	07093e90649d049e703c20fd13808391	9f6894efedacc3c16d8e3d6d7462c59f
4159	6469a9592f061fd0724f45b2d2b95a10	07093e90649d049e703c20fd13808391	9f6894efedacc3c16d8e3d6d7462c59f
4160	6469a9592f061fd0724f45b2d2b95a10	07093e90649d049e703c20fd13808391	9f6894efedacc3c16d8e3d6d7462c59f
4161	6469a9592f061fd0724f45b2d2b95a10	07093e90649d049e703c20fd13808391	9f6894efedacc3c16d8e3d6d7462c59f
4162	6469a9592f061fd0724f45b2d2b95a10	07093e90649d049e703c20fd13808391	9f6894efedacc3c16d8e3d6d7462c59f
4163	6469a9592f061fd0724f45b2d2b95a10	07093e90649d049e703c20fd13808391	9f6894efedacc3c16d8e3d6d7462c59f
4164	6469a9592f061fd0724f45b2d2b95a10	07093e90649d049e703c20fd13808391	9f6894efedacc3c16d8e3d6d7462c59f
4165	6469a9592f061fd0724f45b2d2b95a10	07093e90649d049e703c20fd13808391	9f6894efedacc3c16d8e3d6d7462c59f
4166	6469a9592f061fd0724f45b2d2b95a10	07093e90649d049e703c20fd13808391	9f6894efedacc3c16d8e3d6d7462c59f
4167	8de9d9ea1a68f818798f5e702c8d2b18	d9c5556d4212da7ee50b156c8c2bc0cd	72fb0fa5c64cdc16170805fc0c5a483f
4168	8de9d9ea1a68f818798f5e702c8d2b18	d9c5556d4212da7ee50b156c8c2bc0cd	72fb0fa5c64cdc16170805fc0c5a483f
4169	8de9d9ea1a68f818798f5e702c8d2b18	d9c5556d4212da7ee50b156c8c2bc0cd	72fb0fa5c64cdc16170805fc0c5a483f
4170	8de9d9ea1a68f818798f5e702c8d2b18	d9c5556d4212da7ee50b156c8c2bc0cd	72fb0fa5c64cdc16170805fc0c5a483f
4171	8de9d9ea1a68f818798f5e702c8d2b18	d9c5556d4212da7ee50b156c8c2bc0cd	72fb0fa5c64cdc16170805fc0c5a483f
4172	8de9d9ea1a68f818798f5e702c8d2b18	d9c5556d4212da7ee50b156c8c2bc0cd	72fb0fa5c64cdc16170805fc0c5a483f
4173	8de9d9ea1a68f818798f5e702c8d2b18	d9c5556d4212da7ee50b156c8c2bc0cd	72fb0fa5c64cdc16170805fc0c5a483f
4174	f66dec926193447de3e704d63a9873ef	ee700615bdc489c4702e3e40b0910c9e	52928420aedbc852f1da26d5df3ea6a8
4175	f66dec926193447de3e704d63a9873ef	ee700615bdc489c4702e3e40b0910c9e	52928420aedbc852f1da26d5df3ea6a8
4176	f66dec926193447de3e704d63a9873ef	ee700615bdc489c4702e3e40b0910c9e	52928420aedbc852f1da26d5df3ea6a8
4177	bd284740e2409a9e1f22b456b81d335b	65a0c2c1003d102e5b79d338c9e36791	5340736490585804511365127ffcb93a
4178	bd284740e2409a9e1f22b456b81d335b	65a0c2c1003d102e5b79d338c9e36791	5340736490585804511365127ffcb93a
4179	e53aa10cd94f0a62e26b5748ac1b6bb2	52ca2174fd483a5485498473523aa900	e654c24106bed75a1846e0ab6ca5780c
4180	e53aa10cd94f0a62e26b5748ac1b6bb2	52ca2174fd483a5485498473523aa900	e654c24106bed75a1846e0ab6ca5780c
4181	e53aa10cd94f0a62e26b5748ac1b6bb2	52ca2174fd483a5485498473523aa900	e654c24106bed75a1846e0ab6ca5780c
4182	bc1c555bede362ca456409df117898b6	83860c74ad624c598c8598a01e5e9ac0	69494e6a87fcfeb7829ff518e7817654
4183	6d26be6732bf0f753999dbeccb7f3726	78354cfbea3db4760db50b7056466b80	822f6d5ccf5746fa88db6c9da4a08e70
4184	504de7abdb4596ad57b65b37d03f1a0e	ca82170b820ca6b46bd23642916ca168	10326bfa699d7eb81c40586af752eec0
4185	3a9e828659362380b1523d669a82fffa	916041fbf63600a2520dfd84e98fe0ff	4835cff1136e1430fd3ab29a0695f543
4186	ecfb13a4e2527fbf2ebd291dc79b3738	a845ba99571808c0a2c7a5827ada2288	8ffe5aeb4820d2f03445fb33fda77af2
4187	6868d10ad5a6a72cc0e99bc7fd13396e	cf5385c481360fbd3c2964f3867c4adc	12ee51cb95c9c0ac745eb8e26d1c1200
4188	6868d10ad5a6a72cc0e99bc7fd13396e	cf5385c481360fbd3c2964f3867c4adc	12ee51cb95c9c0ac745eb8e26d1c1200
4189	5d9a68e3567abaf6617648ad0070bd5e	c375875e959ce94eb295353d83c2db30	ab9de80da5668c653ca72bed9062cde5
4190	5d9a68e3567abaf6617648ad0070bd5e	c375875e959ce94eb295353d83c2db30	ab9de80da5668c653ca72bed9062cde5
4191	61558e4ac3af30e70a5b8e5a4068138e	4f469735bf679e7fcd718fa128ba78c0	e73878546dd8c41f740082d1cb66109f
4192	61558e4ac3af30e70a5b8e5a4068138e	4f469735bf679e7fcd718fa128ba78c0	e73878546dd8c41f740082d1cb66109f
4193	61558e4ac3af30e70a5b8e5a4068138e	4f469735bf679e7fcd718fa128ba78c0	e73878546dd8c41f740082d1cb66109f
4194	61558e4ac3af30e70a5b8e5a4068138e	4f469735bf679e7fcd718fa128ba78c0	e73878546dd8c41f740082d1cb66109f
4195	61558e4ac3af30e70a5b8e5a4068138e	4f469735bf679e7fcd718fa128ba78c0	e73878546dd8c41f740082d1cb66109f
4196	7ac8148097a9d260091b25c86f0cc46e	6610b9060201f1a172c81166e5e85d35	cdce00d3142935f9f8885f5648e94f54
4197	7ac8148097a9d260091b25c86f0cc46e	6610b9060201f1a172c81166e5e85d35	cdce00d3142935f9f8885f5648e94f54
4198	7ac8148097a9d260091b25c86f0cc46e	6610b9060201f1a172c81166e5e85d35	cdce00d3142935f9f8885f5648e94f54
4199	b1fe3d54b3553db4832e4b4e0eb4e056	592a011d8efe760a1237a38d3a028d83	546850cb24732516e15336f266671c00
4200	4642fcd1c4fe3dab2e46d105789e38bd	bf824657b085516e890546339f90d92a	594796e8a8d802c0b0e8945209ea83e1
4201	017faa933de5c4e709701a5a4c9f986c	a193d084fbd6fbc3020bdaebce2ab023	22a568869c27da280a4d09e8d50676b2
4202	017faa933de5c4e709701a5a4c9f986c	a193d084fbd6fbc3020bdaebce2ab023	22a568869c27da280a4d09e8d50676b2
4203	1f73c46da8d48768f1806505719fe949	70601884cbfa256879cc76d4e67e9555	abb5787743af3f5f099a549aa9663cfd
4204	1f73c46da8d48768f1806505719fe949	70601884cbfa256879cc76d4e67e9555	abb5787743af3f5f099a549aa9663cfd
4205	1f73c46da8d48768f1806505719fe949	70601884cbfa256879cc76d4e67e9555	abb5787743af3f5f099a549aa9663cfd
4206	1f73c46da8d48768f1806505719fe949	70601884cbfa256879cc76d4e67e9555	abb5787743af3f5f099a549aa9663cfd
4207	1f73c46da8d48768f1806505719fe949	70601884cbfa256879cc76d4e67e9555	abb5787743af3f5f099a549aa9663cfd
4208	82d308534297147bc1701abdbbe22021	9a984e06cf211ea452344fc94b6baf6f	4d5146dbad5331817132f4c4c22964b6
4209	82d308534297147bc1701abdbbe22021	9a984e06cf211ea452344fc94b6baf6f	4d5146dbad5331817132f4c4c22964b6
4210	82d308534297147bc1701abdbbe22021	9a984e06cf211ea452344fc94b6baf6f	4d5146dbad5331817132f4c4c22964b6
4211	fa40a748585bdd36be3c4f293f5d2adb	a73e336b16d122b952906ddc550a221c	8187b396fdea0fbaca5dd7cd1effa021
4212	fa40a748585bdd36be3c4f293f5d2adb	a73e336b16d122b952906ddc550a221c	8187b396fdea0fbaca5dd7cd1effa021
4213	fa40a748585bdd36be3c4f293f5d2adb	a73e336b16d122b952906ddc550a221c	8187b396fdea0fbaca5dd7cd1effa021
4214	fa40a748585bdd36be3c4f293f5d2adb	a73e336b16d122b952906ddc550a221c	8187b396fdea0fbaca5dd7cd1effa021
4215	93ebe2a943a77f9d5096abdf7ab40539	2bc1d030ff8c8bc30a916771d489a4a6	1be0a0492b43dcc942400094da6626f0
4216	93ebe2a943a77f9d5096abdf7ab40539	2bc1d030ff8c8bc30a916771d489a4a6	1be0a0492b43dcc942400094da6626f0
4217	93ebe2a943a77f9d5096abdf7ab40539	2bc1d030ff8c8bc30a916771d489a4a6	1be0a0492b43dcc942400094da6626f0
4218	778ad5e528bc73578f49b6c3eef8be97	fcc032007d6c7f133ed68a927933f525	7e52c51026a3ff58ec66fca6641471a9
4219	93ebe2a943a77f9d5096abdf7ab40539	2bc1d030ff8c8bc30a916771d489a4a6	1be0a0492b43dcc942400094da6626f0
4220	5ac95723480221753f655dcb53fc9610	a5d480180a2cf286c6a91a78eaa5858e	131ce2751d0dc2c84cb8f8cdde1dd3fc
4221	5ac95723480221753f655dcb53fc9610	a5d480180a2cf286c6a91a78eaa5858e	131ce2751d0dc2c84cb8f8cdde1dd3fc
4222	5ac95723480221753f655dcb53fc9610	a5d480180a2cf286c6a91a78eaa5858e	131ce2751d0dc2c84cb8f8cdde1dd3fc
4223	5ac95723480221753f655dcb53fc9610	a5d480180a2cf286c6a91a78eaa5858e	131ce2751d0dc2c84cb8f8cdde1dd3fc
4224	5ac95723480221753f655dcb53fc9610	a5d480180a2cf286c6a91a78eaa5858e	131ce2751d0dc2c84cb8f8cdde1dd3fc
4225	5ac95723480221753f655dcb53fc9610	a5d480180a2cf286c6a91a78eaa5858e	131ce2751d0dc2c84cb8f8cdde1dd3fc
4226	5ac95723480221753f655dcb53fc9610	a5d480180a2cf286c6a91a78eaa5858e	131ce2751d0dc2c84cb8f8cdde1dd3fc
4227	0667ba835b7c50ff5a78f29dcb495867	b287fe75cd39ff59c159a93b5a1a7e50	01c330e6e79bc8da14796dc64c64884d
4228	0667ba835b7c50ff5a78f29dcb495867	b287fe75cd39ff59c159a93b5a1a7e50	01c330e6e79bc8da14796dc64c64884d
4229	0667ba835b7c50ff5a78f29dcb495867	b287fe75cd39ff59c159a93b5a1a7e50	01c330e6e79bc8da14796dc64c64884d
4230	0667ba835b7c50ff5a78f29dcb495867	b287fe75cd39ff59c159a93b5a1a7e50	01c330e6e79bc8da14796dc64c64884d
4231	0667ba835b7c50ff5a78f29dcb495867	b287fe75cd39ff59c159a93b5a1a7e50	01c330e6e79bc8da14796dc64c64884d
4232	853a0853789fb29bc7fcd806394d26e5	7d78126972526fdec4db8472cb834fe0	7e6fc85c1365f924ba7625f0d0ad0d66
4233	853a0853789fb29bc7fcd806394d26e5	7d78126972526fdec4db8472cb834fe0	7e6fc85c1365f924ba7625f0d0ad0d66
4234	853a0853789fb29bc7fcd806394d26e5	7d78126972526fdec4db8472cb834fe0	7e6fc85c1365f924ba7625f0d0ad0d66
4235	853a0853789fb29bc7fcd806394d26e5	7d78126972526fdec4db8472cb834fe0	7e6fc85c1365f924ba7625f0d0ad0d66
4236	853a0853789fb29bc7fcd806394d26e5	7d78126972526fdec4db8472cb834fe0	7e6fc85c1365f924ba7625f0d0ad0d66
4237	92bf2e983c74bab12a2a3f4433bae57a	389af824d6e864661f9d276155c1b31e	8c4d42a85b804db3e3f01d5f28431e9a
4238	92bf2e983c74bab12a2a3f4433bae57a	389af824d6e864661f9d276155c1b31e	8c4d42a85b804db3e3f01d5f28431e9a
4239	92bf2e983c74bab12a2a3f4433bae57a	389af824d6e864661f9d276155c1b31e	8c4d42a85b804db3e3f01d5f28431e9a
4240	92bf2e983c74bab12a2a3f4433bae57a	389af824d6e864661f9d276155c1b31e	8c4d42a85b804db3e3f01d5f28431e9a
4241	92bf2e983c74bab12a2a3f4433bae57a	389af824d6e864661f9d276155c1b31e	8c4d42a85b804db3e3f01d5f28431e9a
4242	92bf2e983c74bab12a2a3f4433bae57a	6e79b4b5af3aeaa029b0e87bf429bf25	452392feb332d5a24f5c738b14a6c78f
4243	92bf2e983c74bab12a2a3f4433bae57a	9bfc1da6bc8528362715f75115e3c9d8	0420befce9df6cacf2ddcb7b91986d4a
4244	92bf2e983c74bab12a2a3f4433bae57a	d5be081f8063d032b5eacfbc921ed78d	711b132bf49450079ad43cf2990bae00
4245	92bf2e983c74bab12a2a3f4433bae57a	d5be081f8063d032b5eacfbc921ed78d	711b132bf49450079ad43cf2990bae00
4246	92bf2e983c74bab12a2a3f4433bae57a	d5be081f8063d032b5eacfbc921ed78d	711b132bf49450079ad43cf2990bae00
4247	92bf2e983c74bab12a2a3f4433bae57a	389af824d6e864661f9d276155c1b31e	8c4d42a85b804db3e3f01d5f28431e9a
4248	92bf2e983c74bab12a2a3f4433bae57a	389af824d6e864661f9d276155c1b31e	8c4d42a85b804db3e3f01d5f28431e9a
4249	c5bf049be654647d1635973a4ba77e14	2455e08b9b32976b2f11888147a7a7ac	0b1da0b64eba80fcca58c35ffd82b9f8
4250	c5bf049be654647d1635973a4ba77e14	2455e08b9b32976b2f11888147a7a7ac	0b1da0b64eba80fcca58c35ffd82b9f8
4251	c5bf049be654647d1635973a4ba77e14	2455e08b9b32976b2f11888147a7a7ac	0b1da0b64eba80fcca58c35ffd82b9f8
4252	a20684f5990958604fe5b524b2da5b33	90a03af89571cf40cf304e3126a334c5	f15f0a4c31e00bf9ffe85092566ae45a
4253	a20684f5990958604fe5b524b2da5b33	90a03af89571cf40cf304e3126a334c5	f15f0a4c31e00bf9ffe85092566ae45a
4254	abbb57755071bc8d37eda6e96afd4a55	e6fcdbb1fda04667610c83da507dcba3	9049d5c8bc84021ad150c3a3fb6e1c5c
4255	abbb57755071bc8d37eda6e96afd4a55	e6fcdbb1fda04667610c83da507dcba3	9049d5c8bc84021ad150c3a3fb6e1c5c
4256	d51abcc451a6477bae44cf3a298de816	3cdfd072f010c0aa8a69389784099db7	9dd6c83ae9f03848b1cf439ad438a14c
4257	d51abcc451a6477bae44cf3a298de816	3cdfd072f010c0aa8a69389784099db7	9dd6c83ae9f03848b1cf439ad438a14c
4258	d51abcc451a6477bae44cf3a298de816	3cdfd072f010c0aa8a69389784099db7	9dd6c83ae9f03848b1cf439ad438a14c
4259	d51abcc451a6477bae44cf3a298de816	86446ef763b5408fbb2d5e479b1045d8	6ac7a842252f30b59f5163da39fb8273
4260	d51abcc451a6477bae44cf3a298de816	86446ef763b5408fbb2d5e479b1045d8	6ac7a842252f30b59f5163da39fb8273
4261	d51abcc451a6477bae44cf3a298de816	3cdfd072f010c0aa8a69389784099db7	9dd6c83ae9f03848b1cf439ad438a14c
4262	d51abcc451a6477bae44cf3a298de816	3cdfd072f010c0aa8a69389784099db7	9dd6c83ae9f03848b1cf439ad438a14c
4263	d51abcc451a6477bae44cf3a298de816	3cdfd072f010c0aa8a69389784099db7	9dd6c83ae9f03848b1cf439ad438a14c
4264	d51abcc451a6477bae44cf3a298de816	86446ef763b5408fbb2d5e479b1045d8	6ac7a842252f30b59f5163da39fb8273
4265	d51abcc451a6477bae44cf3a298de816	86446ef763b5408fbb2d5e479b1045d8	6ac7a842252f30b59f5163da39fb8273
4266	3406232136d9b769fd9a0d8d1be17e29	0e6822469239fb521ef6b5d7112c291c	cde99e56f291fda137335a8b669b9379
4267	3406232136d9b769fd9a0d8d1be17e29	0e6822469239fb521ef6b5d7112c291c	cde99e56f291fda137335a8b669b9379
4268	3406232136d9b769fd9a0d8d1be17e29	0e6822469239fb521ef6b5d7112c291c	cde99e56f291fda137335a8b669b9379
4269	3406232136d9b769fd9a0d8d1be17e29	0e6822469239fb521ef6b5d7112c291c	cde99e56f291fda137335a8b669b9379
4270	3406232136d9b769fd9a0d8d1be17e29	0e6822469239fb521ef6b5d7112c291c	cde99e56f291fda137335a8b669b9379
4271	3406232136d9b769fd9a0d8d1be17e29	0e6822469239fb521ef6b5d7112c291c	cde99e56f291fda137335a8b669b9379
4272	3406232136d9b769fd9a0d8d1be17e29	0e6822469239fb521ef6b5d7112c291c	cde99e56f291fda137335a8b669b9379
4273	06a6fbe8ab2fe0c40c238944bd85f56c	0b16ffaab321bc5aacc4aaab56427b0f	0469eb79e92aabd98e19e013df44ce2a
4274	06a6fbe8ab2fe0c40c238944bd85f56c	0b16ffaab321bc5aacc4aaab56427b0f	0469eb79e92aabd98e19e013df44ce2a
4275	06a6fbe8ab2fe0c40c238944bd85f56c	0b16ffaab321bc5aacc4aaab56427b0f	0469eb79e92aabd98e19e013df44ce2a
4276	06a6fbe8ab2fe0c40c238944bd85f56c	0b16ffaab321bc5aacc4aaab56427b0f	0469eb79e92aabd98e19e013df44ce2a
4277	06a6fbe8ab2fe0c40c238944bd85f56c	0b16ffaab321bc5aacc4aaab56427b0f	0469eb79e92aabd98e19e013df44ce2a
4278	67a1913038dc615eafea2182937257ab	b0bfb0240073dbf2a1c877de47eb5ade	92651287b1c89955d6a9a93f3e3a9d30
4279	67a1913038dc615eafea2182937257ab	b0bfb0240073dbf2a1c877de47eb5ade	92651287b1c89955d6a9a93f3e3a9d30
4280	67a1913038dc615eafea2182937257ab	b0bfb0240073dbf2a1c877de47eb5ade	92651287b1c89955d6a9a93f3e3a9d30
4281	67a1913038dc615eafea2182937257ab	b0bfb0240073dbf2a1c877de47eb5ade	92651287b1c89955d6a9a93f3e3a9d30
4282	67a1913038dc615eafea2182937257ab	b0bfb0240073dbf2a1c877de47eb5ade	92651287b1c89955d6a9a93f3e3a9d30
4283	67a1913038dc615eafea2182937257ab	b0bfb0240073dbf2a1c877de47eb5ade	92651287b1c89955d6a9a93f3e3a9d30
4284	67a1913038dc615eafea2182937257ab	b0bfb0240073dbf2a1c877de47eb5ade	92651287b1c89955d6a9a93f3e3a9d30
4285	67a1913038dc615eafea2182937257ab	b0bfb0240073dbf2a1c877de47eb5ade	92651287b1c89955d6a9a93f3e3a9d30
4286	67a1913038dc615eafea2182937257ab	b0bfb0240073dbf2a1c877de47eb5ade	92651287b1c89955d6a9a93f3e3a9d30
4287	67a1913038dc615eafea2182937257ab	b0bfb0240073dbf2a1c877de47eb5ade	92651287b1c89955d6a9a93f3e3a9d30
4288	67a1913038dc615eafea2182937257ab	b0bfb0240073dbf2a1c877de47eb5ade	92651287b1c89955d6a9a93f3e3a9d30
4289	67a1913038dc615eafea2182937257ab	b0bfb0240073dbf2a1c877de47eb5ade	92651287b1c89955d6a9a93f3e3a9d30
4290	67a1913038dc615eafea2182937257ab	b0bfb0240073dbf2a1c877de47eb5ade	92651287b1c89955d6a9a93f3e3a9d30
4291	67a1913038dc615eafea2182937257ab	b0bfb0240073dbf2a1c877de47eb5ade	92651287b1c89955d6a9a93f3e3a9d30
4292	67a1913038dc615eafea2182937257ab	b0bfb0240073dbf2a1c877de47eb5ade	92651287b1c89955d6a9a93f3e3a9d30
4293	67a1913038dc615eafea2182937257ab	b0bfb0240073dbf2a1c877de47eb5ade	92651287b1c89955d6a9a93f3e3a9d30
4294	67a1913038dc615eafea2182937257ab	b0bfb0240073dbf2a1c877de47eb5ade	92651287b1c89955d6a9a93f3e3a9d30
4295	4fb94358607981f28cae1875b81879a1	253dc5de985fd8c0dad880c8c80a853a	2ab99a362d49180140d73387780cdcae
4296	4fb94358607981f28cae1875b81879a1	253dc5de985fd8c0dad880c8c80a853a	2ab99a362d49180140d73387780cdcae
4297	4fb94358607981f28cae1875b81879a1	253dc5de985fd8c0dad880c8c80a853a	2ab99a362d49180140d73387780cdcae
4298	2280c40aef6d4ec563d9982b791dc088	21b058c35c53c4a2d9e6cd56136cf3a2	287903f4de4bc46ea141c2fcbbb1e439
4299	2280c40aef6d4ec563d9982b791dc088	21b058c35c53c4a2d9e6cd56136cf3a2	287903f4de4bc46ea141c2fcbbb1e439
4300	2280c40aef6d4ec563d9982b791dc088	21b058c35c53c4a2d9e6cd56136cf3a2	287903f4de4bc46ea141c2fcbbb1e439
4301	2280c40aef6d4ec563d9982b791dc088	21b058c35c53c4a2d9e6cd56136cf3a2	287903f4de4bc46ea141c2fcbbb1e439
4302	b36ce3e9d72921a688ee2180b3c5b440	0c138278ce70bfe7977cfed18b2e60e7	524fccc93ca26e4a0e54587ff933c720
4303	21126223d26f98dd4b38354249c3f079	3c7821a8e1844f293282bdd9c3b852ce	a9bac2758beea66d04a5f40c44353138
4304	cb2752f6e1a32d38c54b04e2b51dde46	d65133bb54893a510685c41199018d60	2e6e6747b5cdd18abe57648e320569b0
4305	21126223d26f98dd4b38354249c3f079	3c7821a8e1844f293282bdd9c3b852ce	a9bac2758beea66d04a5f40c44353138
4306	21126223d26f98dd4b38354249c3f079	3c7821a8e1844f293282bdd9c3b852ce	a9bac2758beea66d04a5f40c44353138
4307	c266dde3ce27d69f699118e3d916e4e8	e26496e560de43a79276f2f500120ca7	83968b818c81ae7f18561bec10c7343b
4308	c266dde3ce27d69f699118e3d916e4e8	e26496e560de43a79276f2f500120ca7	83968b818c81ae7f18561bec10c7343b
4309	c266dde3ce27d69f699118e3d916e4e8	e26496e560de43a79276f2f500120ca7	83968b818c81ae7f18561bec10c7343b
4310	c266dde3ce27d69f699118e3d916e4e8	e26496e560de43a79276f2f500120ca7	83968b818c81ae7f18561bec10c7343b
4311	c266dde3ce27d69f699118e3d916e4e8	e26496e560de43a79276f2f500120ca7	83968b818c81ae7f18561bec10c7343b
4312	46c478a6109b70532a0d898bf6bbcc1e	0c9f59711c978b3772835e32e73bf8b8	a1360a2d9da6e4d33971453b7ea9c1dc
4313	9c4a5234d854253d22437a507a27767b	761df61839cebd11b53d376a77a31f10	1efc3ff6153b774d57fe9843b6702ab4
4314	37bb5a7f0d63747e6f105083ae3aa6c0	66bad0c555144d803b6eab139968d820	fc8f6e2b8a58337a80e843811b13526c
4315	37bb5a7f0d63747e6f105083ae3aa6c0	66bad0c555144d803b6eab139968d820	fc8f6e2b8a58337a80e843811b13526c
4316	37bb5a7f0d63747e6f105083ae3aa6c0	66bad0c555144d803b6eab139968d820	fc8f6e2b8a58337a80e843811b13526c
4317	0a34348c6cd8dee1685206a36472bd0e	b17b46ffc6531dd42dee5ca7d2d8b559	b1ecee8a4df37dad9dc6a8cf6a9a6934
4318	0a34348c6cd8dee1685206a36472bd0e	b17b46ffc6531dd42dee5ca7d2d8b559	b1ecee8a4df37dad9dc6a8cf6a9a6934
4319	4e659f988567bb56fa624dce77fdb996	c55bae9026ccdc5f3575d9c8edddd664	c63f21ea89b932272833fb41fe40f30a
4320	4e659f988567bb56fa624dce77fdb996	c55bae9026ccdc5f3575d9c8edddd664	c63f21ea89b932272833fb41fe40f30a
4321	4e659f988567bb56fa624dce77fdb996	c55bae9026ccdc5f3575d9c8edddd664	c63f21ea89b932272833fb41fe40f30a
4322	4e659f988567bb56fa624dce77fdb996	c55bae9026ccdc5f3575d9c8edddd664	c63f21ea89b932272833fb41fe40f30a
4323	4e659f988567bb56fa624dce77fdb996	c55bae9026ccdc5f3575d9c8edddd664	c63f21ea89b932272833fb41fe40f30a
4324	4e659f988567bb56fa624dce77fdb996	c55bae9026ccdc5f3575d9c8edddd664	c63f21ea89b932272833fb41fe40f30a
4325	4e659f988567bb56fa624dce77fdb996	c55bae9026ccdc5f3575d9c8edddd664	c63f21ea89b932272833fb41fe40f30a
4326	3e7fb1823946935cc033a83a4903098c	38dc5b74bedc55f21784ca7ff49b73d6	f75c9f60c817969b276bc64bd5d8c3dd
4327	3e7fb1823946935cc033a83a4903098c	38dc5b74bedc55f21784ca7ff49b73d6	f75c9f60c817969b276bc64bd5d8c3dd
4328	3e7fb1823946935cc033a83a4903098c	38dc5b74bedc55f21784ca7ff49b73d6	f75c9f60c817969b276bc64bd5d8c3dd
4329	3e7fb1823946935cc033a83a4903098c	38dc5b74bedc55f21784ca7ff49b73d6	f75c9f60c817969b276bc64bd5d8c3dd
4330	3e7fb1823946935cc033a83a4903098c	38dc5b74bedc55f21784ca7ff49b73d6	f75c9f60c817969b276bc64bd5d8c3dd
4331	3e7fb1823946935cc033a83a4903098c	38dc5b74bedc55f21784ca7ff49b73d6	f75c9f60c817969b276bc64bd5d8c3dd
4332	3e7fb1823946935cc033a83a4903098c	38dc5b74bedc55f21784ca7ff49b73d6	f75c9f60c817969b276bc64bd5d8c3dd
4333	3e7fb1823946935cc033a83a4903098c	38dc5b74bedc55f21784ca7ff49b73d6	f75c9f60c817969b276bc64bd5d8c3dd
4334	3e7fb1823946935cc033a83a4903098c	38dc5b74bedc55f21784ca7ff49b73d6	f75c9f60c817969b276bc64bd5d8c3dd
4335	3e7fb1823946935cc033a83a4903098c	38dc5b74bedc55f21784ca7ff49b73d6	f75c9f60c817969b276bc64bd5d8c3dd
4336	eae7c2465906875ba3f22a59385099da	7777472527a1ddfd992c1c213707f2f3	451ff16c15079024046f03cd794b8f9b
4337	eae7c2465906875ba3f22a59385099da	7777472527a1ddfd992c1c213707f2f3	451ff16c15079024046f03cd794b8f9b
4338	eae7c2465906875ba3f22a59385099da	7777472527a1ddfd992c1c213707f2f3	451ff16c15079024046f03cd794b8f9b
4339	eae7c2465906875ba3f22a59385099da	7777472527a1ddfd992c1c213707f2f3	451ff16c15079024046f03cd794b8f9b
4340	eae7c2465906875ba3f22a59385099da	7777472527a1ddfd992c1c213707f2f3	451ff16c15079024046f03cd794b8f9b
4341	eae7c2465906875ba3f22a59385099da	7777472527a1ddfd992c1c213707f2f3	451ff16c15079024046f03cd794b8f9b
4342	eae7c2465906875ba3f22a59385099da	7777472527a1ddfd992c1c213707f2f3	451ff16c15079024046f03cd794b8f9b
4343	80b1e42e58a70680515e0f850cde5c40	7b0566164a64382b2be961917162ba5a	48e569e7c26995878df0343b6ae07efb
4344	80b1e42e58a70680515e0f850cde5c40	7b0566164a64382b2be961917162ba5a	48e569e7c26995878df0343b6ae07efb
4345	80b1e42e58a70680515e0f850cde5c40	7b0566164a64382b2be961917162ba5a	48e569e7c26995878df0343b6ae07efb
4346	80b1e42e58a70680515e0f850cde5c40	7b0566164a64382b2be961917162ba5a	48e569e7c26995878df0343b6ae07efb
4347	80b1e42e58a70680515e0f850cde5c40	7b0566164a64382b2be961917162ba5a	48e569e7c26995878df0343b6ae07efb
4348	2ecd93d7ceed7ac148abc9140b2ea91a	c9970cf3e0fa5273b7133007dc807484	7a615c9b6a7495a91fb3a3d421af3ca2
4349	2ecd93d7ceed7ac148abc9140b2ea91a	c9970cf3e0fa5273b7133007dc807484	7a615c9b6a7495a91fb3a3d421af3ca2
4350	2ecd93d7ceed7ac148abc9140b2ea91a	c9970cf3e0fa5273b7133007dc807484	7a615c9b6a7495a91fb3a3d421af3ca2
4351	2ecd93d7ceed7ac148abc9140b2ea91a	c9970cf3e0fa5273b7133007dc807484	7a615c9b6a7495a91fb3a3d421af3ca2
4352	2ecd93d7ceed7ac148abc9140b2ea91a	c9970cf3e0fa5273b7133007dc807484	7a615c9b6a7495a91fb3a3d421af3ca2
4353	2ecd93d7ceed7ac148abc9140b2ea91a	c9970cf3e0fa5273b7133007dc807484	7a615c9b6a7495a91fb3a3d421af3ca2
4354	2ecd93d7ceed7ac148abc9140b2ea91a	c9970cf3e0fa5273b7133007dc807484	7a615c9b6a7495a91fb3a3d421af3ca2
4355	c429cb413b394c08de1d1378c5c33edc	41a00b080ccc55e1df8a5e343c4eefc7	433b6f4ec1131cd047a99ec37b482741
4356	c429cb413b394c08de1d1378c5c33edc	41a00b080ccc55e1df8a5e343c4eefc7	433b6f4ec1131cd047a99ec37b482741
4357	c429cb413b394c08de1d1378c5c33edc	41a00b080ccc55e1df8a5e343c4eefc7	433b6f4ec1131cd047a99ec37b482741
4358	d0ec3628dd3966895db592d481323264	8829415f789ed49b3c5a9c6fb2c989cf	1f1ffa442bec6d5fc8e452e08d54750d
4359	d0ec3628dd3966895db592d481323264	8829415f789ed49b3c5a9c6fb2c989cf	1f1ffa442bec6d5fc8e452e08d54750d
4360	75b591952829de77b9f479b7b64bf7c4	c3c82945e765639fd2e2cff7e81cb8cb	b0de2f1096fabcb3a0735061295259ba
4361	75b591952829de77b9f479b7b64bf7c4	c3c82945e765639fd2e2cff7e81cb8cb	b0de2f1096fabcb3a0735061295259ba
4362	b1a9e809c417fa1970bb5751d9f2b63d	fec617b478c9b502c33d481fb3bd3cf0	3401d5bbf43108c2c82c24bccee078a9
4363	f531868becd81242c6e64753594c9f26	f59a6071874e704e84ad630520f78a1d	5df50e49cc46de56a2181e883d560b69
4364	5f0d0de7c80e0d1e96858ffb89e988c7	6126ce01f66cca99b87a5edbe12f40c7	ed97f87affba3e98ec7c4e76b0412d9d
4365	e0f95612b15fad2049323696e235591a	d4f982240e1aff2e9ae6b463dbc5fa82	fbbff748cf90016f23a1705726345ae1
4366	e0f95612b15fad2049323696e235591a	d4f982240e1aff2e9ae6b463dbc5fa82	fbbff748cf90016f23a1705726345ae1
4367	e0f95612b15fad2049323696e235591a	d4f982240e1aff2e9ae6b463dbc5fa82	fbbff748cf90016f23a1705726345ae1
4368	e0f95612b15fad2049323696e235591a	d4f982240e1aff2e9ae6b463dbc5fa82	fbbff748cf90016f23a1705726345ae1
4369	e0f95612b15fad2049323696e235591a	d4f982240e1aff2e9ae6b463dbc5fa82	fbbff748cf90016f23a1705726345ae1
4370	e0f95612b15fad2049323696e235591a	d4f982240e1aff2e9ae6b463dbc5fa82	fbbff748cf90016f23a1705726345ae1
4371	e0f95612b15fad2049323696e235591a	d4f982240e1aff2e9ae6b463dbc5fa82	fbbff748cf90016f23a1705726345ae1
4372	e0f95612b15fad2049323696e235591a	d4f982240e1aff2e9ae6b463dbc5fa82	fbbff748cf90016f23a1705726345ae1
4373	fdf8e74fc8575d0507ed422d176f09bd	21ea31bffc894211c04bbf3906723d34	ded63880b08bd2105b10d3471baf5b92
4374	fdf8e74fc8575d0507ed422d176f09bd	21ea31bffc894211c04bbf3906723d34	ded63880b08bd2105b10d3471baf5b92
4375	e0f95612b15fad2049323696e235591a	d4f982240e1aff2e9ae6b463dbc5fa82	fbbff748cf90016f23a1705726345ae1
4376	e0f95612b15fad2049323696e235591a	d4f982240e1aff2e9ae6b463dbc5fa82	fbbff748cf90016f23a1705726345ae1
4377	d6acb9b8ed6c9fb2dbf2cde5ce71d62e	d4720b05940183610901d690bf64e786	ede0fc00e5331a4a65427baba572b48d
4378	d6acb9b8ed6c9fb2dbf2cde5ce71d62e	d4720b05940183610901d690bf64e786	ede0fc00e5331a4a65427baba572b48d
4379	d6acb9b8ed6c9fb2dbf2cde5ce71d62e	d4720b05940183610901d690bf64e786	ede0fc00e5331a4a65427baba572b48d
4380	86d6400e992345d35a8115b55f72e418	8e0663d6570f807cbae426095af27ee0	e3dd06bf01f70dab8263ce04b39c1d3f
4381	86d6400e992345d35a8115b55f72e418	8e0663d6570f807cbae426095af27ee0	e3dd06bf01f70dab8263ce04b39c1d3f
4382	86d6400e992345d35a8115b55f72e418	8e0663d6570f807cbae426095af27ee0	e3dd06bf01f70dab8263ce04b39c1d3f
4383	86d6400e992345d35a8115b55f72e418	8e0663d6570f807cbae426095af27ee0	e3dd06bf01f70dab8263ce04b39c1d3f
4384	409484610320e0659a56b704e235a204	a70eb1c54c702d2939da084a6a3c52f4	66c148bce9bbd266d27a6553e8c92c85
4385	409484610320e0659a56b704e235a204	a70eb1c54c702d2939da084a6a3c52f4	66c148bce9bbd266d27a6553e8c92c85
4386	409484610320e0659a56b704e235a204	a70eb1c54c702d2939da084a6a3c52f4	66c148bce9bbd266d27a6553e8c92c85
4387	4be80fba6025631dc9bd98d670134503	f7f7e0fa712958d981c388c84713cbb5	36c33506e5dcc015a68183155418004e
4388	409484610320e0659a56b704e235a204	a70eb1c54c702d2939da084a6a3c52f4	66c148bce9bbd266d27a6553e8c92c85
4389	658dcd3dfb5773900d054eb65bbbaeda	0bc13622b843183d2338ca49fe19859c	7eee9082b574e0148eae66fd75387fde
4390	658dcd3dfb5773900d054eb65bbbaeda	0bc13622b843183d2338ca49fe19859c	7eee9082b574e0148eae66fd75387fde
4391	658dcd3dfb5773900d054eb65bbbaeda	0bc13622b843183d2338ca49fe19859c	7eee9082b574e0148eae66fd75387fde
4392	658dcd3dfb5773900d054eb65bbbaeda	0bc13622b843183d2338ca49fe19859c	7eee9082b574e0148eae66fd75387fde
4393	658dcd3dfb5773900d054eb65bbbaeda	0bc13622b843183d2338ca49fe19859c	7eee9082b574e0148eae66fd75387fde
4394	658dcd3dfb5773900d054eb65bbbaeda	0bc13622b843183d2338ca49fe19859c	7eee9082b574e0148eae66fd75387fde
4395	658dcd3dfb5773900d054eb65bbbaeda	0bc13622b843183d2338ca49fe19859c	7eee9082b574e0148eae66fd75387fde
4396	a69b1ba21978100090387807920520d2	d9194b520409b14d5317a18fe849462b	c10a3173ecfc41c2e13eaa8d69c60523
4397	a69b1ba21978100090387807920520d2	d9194b520409b14d5317a18fe849462b	c10a3173ecfc41c2e13eaa8d69c60523
4398	a69b1ba21978100090387807920520d2	d9194b520409b14d5317a18fe849462b	c10a3173ecfc41c2e13eaa8d69c60523
4399	a69b1ba21978100090387807920520d2	d9194b520409b14d5317a18fe849462b	c10a3173ecfc41c2e13eaa8d69c60523
4400	a69b1ba21978100090387807920520d2	d9194b520409b14d5317a18fe849462b	c10a3173ecfc41c2e13eaa8d69c60523
4401	8e3595040e8f2b13bbc149e6150386e2	179f450aaf996aece0e6d7753ecaf5fc	df53ef462bcc7fcf65fd8c4fec0f14f0
4402	8e3595040e8f2b13bbc149e6150386e2	179f450aaf996aece0e6d7753ecaf5fc	df53ef462bcc7fcf65fd8c4fec0f14f0
4403	8e3595040e8f2b13bbc149e6150386e2	179f450aaf996aece0e6d7753ecaf5fc	df53ef462bcc7fcf65fd8c4fec0f14f0
4404	8e3595040e8f2b13bbc149e6150386e2	179f450aaf996aece0e6d7753ecaf5fc	df53ef462bcc7fcf65fd8c4fec0f14f0
4405	8e3595040e8f2b13bbc149e6150386e2	179f450aaf996aece0e6d7753ecaf5fc	df53ef462bcc7fcf65fd8c4fec0f14f0
4406	94478e889edd1732a4c0593d9c17bd65	ca89fe44a74e2291ebe7e2235873c9d0	dc6780c6a1f2a5e6e1bbd83cbbf509c0
4407	94478e889edd1732a4c0593d9c17bd65	ca89fe44a74e2291ebe7e2235873c9d0	dc6780c6a1f2a5e6e1bbd83cbbf509c0
4408	94478e889edd1732a4c0593d9c17bd65	ca89fe44a74e2291ebe7e2235873c9d0	dc6780c6a1f2a5e6e1bbd83cbbf509c0
4409	94478e889edd1732a4c0593d9c17bd65	ca89fe44a74e2291ebe7e2235873c9d0	dc6780c6a1f2a5e6e1bbd83cbbf509c0
4410	94478e889edd1732a4c0593d9c17bd65	ca89fe44a74e2291ebe7e2235873c9d0	dc6780c6a1f2a5e6e1bbd83cbbf509c0
4411	94478e889edd1732a4c0593d9c17bd65	ca89fe44a74e2291ebe7e2235873c9d0	dc6780c6a1f2a5e6e1bbd83cbbf509c0
4412	94478e889edd1732a4c0593d9c17bd65	ca89fe44a74e2291ebe7e2235873c9d0	dc6780c6a1f2a5e6e1bbd83cbbf509c0
4413	ab65d2b0e5a018f6c5b6bdc3882dbfc9	83ca6ef2229627fd38b08643bb406306	20f98ea2f55e6c9a822092840c3ea61e
4414	ab65d2b0e5a018f6c5b6bdc3882dbfc9	83ca6ef2229627fd38b08643bb406306	20f98ea2f55e6c9a822092840c3ea61e
4415	ab65d2b0e5a018f6c5b6bdc3882dbfc9	83ca6ef2229627fd38b08643bb406306	20f98ea2f55e6c9a822092840c3ea61e
4416	ab65d2b0e5a018f6c5b6bdc3882dbfc9	83ca6ef2229627fd38b08643bb406306	20f98ea2f55e6c9a822092840c3ea61e
4417	ab65d2b0e5a018f6c5b6bdc3882dbfc9	83ca6ef2229627fd38b08643bb406306	20f98ea2f55e6c9a822092840c3ea61e
4418	67d67973609ca7871e6c73a30e28bee7	d905e4ab5599308b266ab4f1f517b504	23ff25abbbe570d4d44382696dc99f04
4419	67d67973609ca7871e6c73a30e28bee7	d905e4ab5599308b266ab4f1f517b504	23ff25abbbe570d4d44382696dc99f04
4420	67d67973609ca7871e6c73a30e28bee7	d905e4ab5599308b266ab4f1f517b504	23ff25abbbe570d4d44382696dc99f04
4421	67d67973609ca7871e6c73a30e28bee7	d905e4ab5599308b266ab4f1f517b504	23ff25abbbe570d4d44382696dc99f04
4422	67d67973609ca7871e6c73a30e28bee7	d905e4ab5599308b266ab4f1f517b504	23ff25abbbe570d4d44382696dc99f04
4423	67d67973609ca7871e6c73a30e28bee7	d905e4ab5599308b266ab4f1f517b504	23ff25abbbe570d4d44382696dc99f04
4424	67d67973609ca7871e6c73a30e28bee7	d905e4ab5599308b266ab4f1f517b504	23ff25abbbe570d4d44382696dc99f04
4425	9ed3ab06e3e2e89a107980300826a86e	63003efbf87091597a0461d8e1e2feeb	ea0108c7affbf875814101d9c2dd75de
4426	9ed3ab06e3e2e89a107980300826a86e	63003efbf87091597a0461d8e1e2feeb	ea0108c7affbf875814101d9c2dd75de
4427	9ed3ab06e3e2e89a107980300826a86e	63003efbf87091597a0461d8e1e2feeb	ea0108c7affbf875814101d9c2dd75de
4428	a0336d0a92f42f549aeade8f02c451e1	5d6878af6e89661f816126dfe3c83615	b58aa83da61fc5a8f7f031640b65be8f
4429	a0336d0a92f42f549aeade8f02c451e1	5d6878af6e89661f816126dfe3c83615	b58aa83da61fc5a8f7f031640b65be8f
4430	9ed3ab06e3e2e89a107980300826a86e	63003efbf87091597a0461d8e1e2feeb	ea0108c7affbf875814101d9c2dd75de
4431	9ed3ab06e3e2e89a107980300826a86e	63003efbf87091597a0461d8e1e2feeb	ea0108c7affbf875814101d9c2dd75de
4432	9ed3ab06e3e2e89a107980300826a86e	63003efbf87091597a0461d8e1e2feeb	ea0108c7affbf875814101d9c2dd75de
4433	68a7ff70e8e1557f19acdfcc699da635	0a26261e475463f9d2902d4db0cd8058	ca73705033d8ce4efcdb6d5275b2cd02
4434	4cf3d941eafcd9786774429af934d659	af42b65a8e7cddf06027a90e66bdb901	47df3389d2f36c16c81efe714714c5e8
4435	e52554d50e334bb9f83ca463d6264bdb	ae52fcd2a39b06e2955832e04273c99d	74d1e32e8d6c7daef90fa34c7a4f8639
4436	e52554d50e334bb9f83ca463d6264bdb	ae52fcd2a39b06e2955832e04273c99d	74d1e32e8d6c7daef90fa34c7a4f8639
4437	e52554d50e334bb9f83ca463d6264bdb	ae52fcd2a39b06e2955832e04273c99d	74d1e32e8d6c7daef90fa34c7a4f8639
4438	e52554d50e334bb9f83ca463d6264bdb	ae52fcd2a39b06e2955832e04273c99d	74d1e32e8d6c7daef90fa34c7a4f8639
4439	e52554d50e334bb9f83ca463d6264bdb	ae52fcd2a39b06e2955832e04273c99d	74d1e32e8d6c7daef90fa34c7a4f8639
4440	e52554d50e334bb9f83ca463d6264bdb	ae52fcd2a39b06e2955832e04273c99d	74d1e32e8d6c7daef90fa34c7a4f8639
4441	e52554d50e334bb9f83ca463d6264bdb	ae52fcd2a39b06e2955832e04273c99d	74d1e32e8d6c7daef90fa34c7a4f8639
4442	96a0f40bfdb8b9c8e3ace945567fe02c	4cc067ad9b670e69122e32a327c8544d	abe1055fa4470eff069d388a07782269
4443	005f48a7057d2e0f1a29962fc529ba21	e7288e99d33ce312b5ae00d8d9bb239d	7d0acdeb5789a21ea98eeafb70bd3295
4444	96a0f40bfdb8b9c8e3ace945567fe02c	4cc067ad9b670e69122e32a327c8544d	abe1055fa4470eff069d388a07782269
4445	09413e72292e57c3b334d6b1611f7b71	b231385b9d71498dcf4ecc3bd368b756	fb249f00e29266e7a78348286bdb35e2
4446	09413e72292e57c3b334d6b1611f7b71	b231385b9d71498dcf4ecc3bd368b756	fb249f00e29266e7a78348286bdb35e2
4447	a3dc7fd64be856d885c20e685c480f9c	fae41d8b484dbe0a399756f27ad6c8a9	4f8475b709af7a9df1012c9118bbe6dd
4448	a3dc7fd64be856d885c20e685c480f9c	fae41d8b484dbe0a399756f27ad6c8a9	4f8475b709af7a9df1012c9118bbe6dd
4449	a3dc7fd64be856d885c20e685c480f9c	fae41d8b484dbe0a399756f27ad6c8a9	4f8475b709af7a9df1012c9118bbe6dd
4450	a3dc7fd64be856d885c20e685c480f9c	fae41d8b484dbe0a399756f27ad6c8a9	4f8475b709af7a9df1012c9118bbe6dd
4451	a3dc7fd64be856d885c20e685c480f9c	fae41d8b484dbe0a399756f27ad6c8a9	4f8475b709af7a9df1012c9118bbe6dd
4452	a3dc7fd64be856d885c20e685c480f9c	fae41d8b484dbe0a399756f27ad6c8a9	4f8475b709af7a9df1012c9118bbe6dd
4453	a3dc7fd64be856d885c20e685c480f9c	fae41d8b484dbe0a399756f27ad6c8a9	4f8475b709af7a9df1012c9118bbe6dd
4454	a3dc7fd64be856d885c20e685c480f9c	fae41d8b484dbe0a399756f27ad6c8a9	4f8475b709af7a9df1012c9118bbe6dd
4455	a3dc7fd64be856d885c20e685c480f9c	fae41d8b484dbe0a399756f27ad6c8a9	4f8475b709af7a9df1012c9118bbe6dd
4456	a3dc7fd64be856d885c20e685c480f9c	fae41d8b484dbe0a399756f27ad6c8a9	4f8475b709af7a9df1012c9118bbe6dd
4457	a3dc7fd64be856d885c20e685c480f9c	fae41d8b484dbe0a399756f27ad6c8a9	4f8475b709af7a9df1012c9118bbe6dd
4458	a3dc7fd64be856d885c20e685c480f9c	fae41d8b484dbe0a399756f27ad6c8a9	4f8475b709af7a9df1012c9118bbe6dd
4459	a3dc7fd64be856d885c20e685c480f9c	fae41d8b484dbe0a399756f27ad6c8a9	4f8475b709af7a9df1012c9118bbe6dd
4460	a3dc7fd64be856d885c20e685c480f9c	fae41d8b484dbe0a399756f27ad6c8a9	4f8475b709af7a9df1012c9118bbe6dd
4461	a3dc7fd64be856d885c20e685c480f9c	fae41d8b484dbe0a399756f27ad6c8a9	4f8475b709af7a9df1012c9118bbe6dd
4462	a3dc7fd64be856d885c20e685c480f9c	fae41d8b484dbe0a399756f27ad6c8a9	4f8475b709af7a9df1012c9118bbe6dd
4463	a3dc7fd64be856d885c20e685c480f9c	fae41d8b484dbe0a399756f27ad6c8a9	4f8475b709af7a9df1012c9118bbe6dd
4464	a1efac618fc7804f8952ce95af54adac	f097fc734337be2b55280b9cee7d51bf	f5e10323e575f5f47e006949e3c50239
4465	a1efac618fc7804f8952ce95af54adac	f097fc734337be2b55280b9cee7d51bf	f5e10323e575f5f47e006949e3c50239
4466	a1efac618fc7804f8952ce95af54adac	f097fc734337be2b55280b9cee7d51bf	f5e10323e575f5f47e006949e3c50239
4467	a163088274d904c760de6168ba79778f	2c71b7bed4ddd9d4c25d2787a9c8c03e	fc69e3e89b52215716842a2f535bcaa8
4468	a163088274d904c760de6168ba79778f	2c71b7bed4ddd9d4c25d2787a9c8c03e	fc69e3e89b52215716842a2f535bcaa8
4469	a163088274d904c760de6168ba79778f	2c71b7bed4ddd9d4c25d2787a9c8c03e	fc69e3e89b52215716842a2f535bcaa8
4470	a163088274d904c760de6168ba79778f	2c71b7bed4ddd9d4c25d2787a9c8c03e	fc69e3e89b52215716842a2f535bcaa8
4471	50edeb38b8e774fc4d0d4767a74eb464	a7d919e6a49bc9e438f1ebcda0d36a05	ff75e63bef95f2f9a78bd8b9c164cf94
4472	50edeb38b8e774fc4d0d4767a74eb464	a7d919e6a49bc9e438f1ebcda0d36a05	ff75e63bef95f2f9a78bd8b9c164cf94
4473	50edeb38b8e774fc4d0d4767a74eb464	a7d919e6a49bc9e438f1ebcda0d36a05	ff75e63bef95f2f9a78bd8b9c164cf94
4474	50edeb38b8e774fc4d0d4767a74eb464	a7d919e6a49bc9e438f1ebcda0d36a05	ff75e63bef95f2f9a78bd8b9c164cf94
4475	50edeb38b8e774fc4d0d4767a74eb464	a7d919e6a49bc9e438f1ebcda0d36a05	ff75e63bef95f2f9a78bd8b9c164cf94
4476	4d924b60bcd5b61ff391060fd86ed06f	5c064e412dabffa73b4ec28aa06c756d	fe3714ba1c611d1cd6d0682dd7c30ced
4477	4d924b60bcd5b61ff391060fd86ed06f	5c064e412dabffa73b4ec28aa06c756d	fe3714ba1c611d1cd6d0682dd7c30ced
4478	4d924b60bcd5b61ff391060fd86ed06f	5c064e412dabffa73b4ec28aa06c756d	fe3714ba1c611d1cd6d0682dd7c30ced
4479	4d924b60bcd5b61ff391060fd86ed06f	5c064e412dabffa73b4ec28aa06c756d	fe3714ba1c611d1cd6d0682dd7c30ced
4480	4d924b60bcd5b61ff391060fd86ed06f	5c064e412dabffa73b4ec28aa06c756d	fe3714ba1c611d1cd6d0682dd7c30ced
4481	4d924b60bcd5b61ff391060fd86ed06f	5c064e412dabffa73b4ec28aa06c756d	fe3714ba1c611d1cd6d0682dd7c30ced
4482	4d924b60bcd5b61ff391060fd86ed06f	5c064e412dabffa73b4ec28aa06c756d	fe3714ba1c611d1cd6d0682dd7c30ced
4483	1900170604abea938cd21aa531736c09	8d1cfaabbe785f61c2b1e5e8943254ef	c182ad7541d84137e28c8d5fa9950af4
4484	1900170604abea938cd21aa531736c09	8d1cfaabbe785f61c2b1e5e8943254ef	c182ad7541d84137e28c8d5fa9950af4
4485	1900170604abea938cd21aa531736c09	8d1cfaabbe785f61c2b1e5e8943254ef	c182ad7541d84137e28c8d5fa9950af4
4486	1900170604abea938cd21aa531736c09	8d1cfaabbe785f61c2b1e5e8943254ef	c182ad7541d84137e28c8d5fa9950af4
4487	1900170604abea938cd21aa531736c09	8d1cfaabbe785f61c2b1e5e8943254ef	c182ad7541d84137e28c8d5fa9950af4
4488	c88011ca6aba9136de0d6af70b46f8b6	a4b699596c39e2d525a1cb79fc7213d0	d741dfbb646bce8c15cdd38cc98c73ba
4489	c88011ca6aba9136de0d6af70b46f8b6	a4b699596c39e2d525a1cb79fc7213d0	d741dfbb646bce8c15cdd38cc98c73ba
4490	c88011ca6aba9136de0d6af70b46f8b6	a4b699596c39e2d525a1cb79fc7213d0	d741dfbb646bce8c15cdd38cc98c73ba
4491	c88011ca6aba9136de0d6af70b46f8b6	a4b699596c39e2d525a1cb79fc7213d0	d741dfbb646bce8c15cdd38cc98c73ba
4492	c88011ca6aba9136de0d6af70b46f8b6	a4b699596c39e2d525a1cb79fc7213d0	d741dfbb646bce8c15cdd38cc98c73ba
4493	c88011ca6aba9136de0d6af70b46f8b6	a4b699596c39e2d525a1cb79fc7213d0	d741dfbb646bce8c15cdd38cc98c73ba
4494	c88011ca6aba9136de0d6af70b46f8b6	a4b699596c39e2d525a1cb79fc7213d0	d741dfbb646bce8c15cdd38cc98c73ba
4495	2459756252e159b2867e071f87c52a8f	fa95bc453fa8ef620e85a816ba368e19	7a195e9e1ebab2e6afce94c5b7c1e68e
4496	2459756252e159b2867e071f87c52a8f	fa95bc453fa8ef620e85a816ba368e19	7a195e9e1ebab2e6afce94c5b7c1e68e
4497	2459756252e159b2867e071f87c52a8f	fa95bc453fa8ef620e85a816ba368e19	7a195e9e1ebab2e6afce94c5b7c1e68e
4498	2459756252e159b2867e071f87c52a8f	fa95bc453fa8ef620e85a816ba368e19	7a195e9e1ebab2e6afce94c5b7c1e68e
4499	2459756252e159b2867e071f87c52a8f	fa95bc453fa8ef620e85a816ba368e19	7a195e9e1ebab2e6afce94c5b7c1e68e
4500	c61fd4121dd1c8a818777030a6d234c9	e9338d333c6d7c028be4948aa2a60998	effca20f321f06e8aeab1bf5d83fd172
4501	c61fd4121dd1c8a818777030a6d234c9	e9338d333c6d7c028be4948aa2a60998	effca20f321f06e8aeab1bf5d83fd172
4502	c61fd4121dd1c8a818777030a6d234c9	e9338d333c6d7c028be4948aa2a60998	effca20f321f06e8aeab1bf5d83fd172
4503	c61fd4121dd1c8a818777030a6d234c9	e9338d333c6d7c028be4948aa2a60998	effca20f321f06e8aeab1bf5d83fd172
4504	c61fd4121dd1c8a818777030a6d234c9	e9338d333c6d7c028be4948aa2a60998	effca20f321f06e8aeab1bf5d83fd172
4505	948cce21c0b86bd8b440f85e23b57508	69cb1e153f4528fd41f27ff30e3921a3	2096d59c4f553fa0f1fe06270c1525a0
4506	948cce21c0b86bd8b440f85e23b57508	69cb1e153f4528fd41f27ff30e3921a3	2096d59c4f553fa0f1fe06270c1525a0
4507	948cce21c0b86bd8b440f85e23b57508	69cb1e153f4528fd41f27ff30e3921a3	2096d59c4f553fa0f1fe06270c1525a0
4508	a08e034cd8f783c8eeb48f1ba2d7fa0a	c815be42e568630f599a21f05ff577f9	83da21b8fcf263a48b4b955383d25ad6
4509	a08e034cd8f783c8eeb48f1ba2d7fa0a	c815be42e568630f599a21f05ff577f9	83da21b8fcf263a48b4b955383d25ad6
4510	c197da97e789b9d10e2b2f715b5f675d	4ba8a1fbeb48e5109e8e1de540cd4397	75c1c282c0200fa32476b0e09f37ea88
4511	c197da97e789b9d10e2b2f715b5f675d	4ba8a1fbeb48e5109e8e1de540cd4397	75c1c282c0200fa32476b0e09f37ea88
4512	628089dd10ee3c9d01d88a3855e13248	fe19b6923924ab54f865b9d4dbbaeb52	dfe159e117b0ff2433ee41975461f3c1
4513	628089dd10ee3c9d01d88a3855e13248	fe19b6923924ab54f865b9d4dbbaeb52	dfe159e117b0ff2433ee41975461f3c1
4514	628089dd10ee3c9d01d88a3855e13248	fe19b6923924ab54f865b9d4dbbaeb52	dfe159e117b0ff2433ee41975461f3c1
4515	628089dd10ee3c9d01d88a3855e13248	fe19b6923924ab54f865b9d4dbbaeb52	dfe159e117b0ff2433ee41975461f3c1
4516	628089dd10ee3c9d01d88a3855e13248	fe19b6923924ab54f865b9d4dbbaeb52	dfe159e117b0ff2433ee41975461f3c1
4517	0d3a28a3f26e47a71005ea3bd7bc0557	420b049eb7ea76061f526f89aa01fd08	44219e57d6ffafa14800a361bd3b6d5a
4518	0d3a28a3f26e47a71005ea3bd7bc0557	420b049eb7ea76061f526f89aa01fd08	44219e57d6ffafa14800a361bd3b6d5a
4519	0d3a28a3f26e47a71005ea3bd7bc0557	420b049eb7ea76061f526f89aa01fd08	44219e57d6ffafa14800a361bd3b6d5a
4520	0d3a28a3f26e47a71005ea3bd7bc0557	420b049eb7ea76061f526f89aa01fd08	44219e57d6ffafa14800a361bd3b6d5a
4521	0d3a28a3f26e47a71005ea3bd7bc0557	420b049eb7ea76061f526f89aa01fd08	44219e57d6ffafa14800a361bd3b6d5a
4522	0d3a28a3f26e47a71005ea3bd7bc0557	420b049eb7ea76061f526f89aa01fd08	44219e57d6ffafa14800a361bd3b6d5a
4523	0d3a28a3f26e47a71005ea3bd7bc0557	420b049eb7ea76061f526f89aa01fd08	44219e57d6ffafa14800a361bd3b6d5a
4524	946bc202bddde13482260a83fcaa5253	212b54b608772054321b0d8ca379fd06	68345d21a08997f1a98d132dbc20db72
4525	84145aab28890e8fc8e93a149ceae656	77088d2ec8d5a64fddf9147d847021a6	ab45e604996c6bcc4e46e9691b8e68c9
4526	84145aab28890e8fc8e93a149ceae656	77088d2ec8d5a64fddf9147d847021a6	ab45e604996c6bcc4e46e9691b8e68c9
4527	84145aab28890e8fc8e93a149ceae656	77088d2ec8d5a64fddf9147d847021a6	ab45e604996c6bcc4e46e9691b8e68c9
4528	84145aab28890e8fc8e93a149ceae656	77088d2ec8d5a64fddf9147d847021a6	ab45e604996c6bcc4e46e9691b8e68c9
4529	84145aab28890e8fc8e93a149ceae656	77088d2ec8d5a64fddf9147d847021a6	ab45e604996c6bcc4e46e9691b8e68c9
4530	84145aab28890e8fc8e93a149ceae656	77088d2ec8d5a64fddf9147d847021a6	ab45e604996c6bcc4e46e9691b8e68c9
4531	84145aab28890e8fc8e93a149ceae656	77088d2ec8d5a64fddf9147d847021a6	ab45e604996c6bcc4e46e9691b8e68c9
4532	7b264006fb5b377f4a1cfdb355331f79	23a6819bbd4ac0dcaa8b7ee75dc40c17	658864784a20fb7e7a4fcd6cf455b6d9
4533	093a6e4ee2d135db9ffa1b7ecb3c3108	28fd8aa718a9a8dcdaf540740facd2c1	392de868ad9230ce889d0e0b65dd9990
4534	2e110020229c4c853ece3ba011b8e61a	74e242a242af6f75840c088c51bf5e0d	af910f6771426ac8088497f569027a6d
4535	2e110020229c4c853ece3ba011b8e61a	74e242a242af6f75840c088c51bf5e0d	af910f6771426ac8088497f569027a6d
4536	2e110020229c4c853ece3ba011b8e61a	74e242a242af6f75840c088c51bf5e0d	af910f6771426ac8088497f569027a6d
4537	2e110020229c4c853ece3ba011b8e61a	74e242a242af6f75840c088c51bf5e0d	af910f6771426ac8088497f569027a6d
4538	2e110020229c4c853ece3ba011b8e61a	74e242a242af6f75840c088c51bf5e0d	af910f6771426ac8088497f569027a6d
4539	2e110020229c4c853ece3ba011b8e61a	74e242a242af6f75840c088c51bf5e0d	af910f6771426ac8088497f569027a6d
4540	2e110020229c4c853ece3ba011b8e61a	74e242a242af6f75840c088c51bf5e0d	af910f6771426ac8088497f569027a6d
4541	45228e82a8aa165ad18c580c6138d948	01506b19a20a64b8fd2a2b50b7fb78cc	b1151b58c591f39eabf387a5a0d0d09f
4542	45228e82a8aa165ad18c580c6138d948	01506b19a20a64b8fd2a2b50b7fb78cc	b1151b58c591f39eabf387a5a0d0d09f
4543	45228e82a8aa165ad18c580c6138d948	01506b19a20a64b8fd2a2b50b7fb78cc	b1151b58c591f39eabf387a5a0d0d09f
4544	175818b7b8c569250c286605dabe26a1	dcea0e1f52d54d1da924960d3e24884d	215bf4ce62ba21c2f90fec8ceb48bed6
4545	61b55d600af6e411ed4e1c3415133e21	42b5fbadac3d3b1da2bdabb62da5f03f	94aed9b23f434095d947573a3f5009c9
4546	1918098168d77e316d9fa8f030ee00f2	256e3a15e5e23130b034e610c5b4aa06	0b5a856aaf51c093dd395b17be55a338
4547	1918098168d77e316d9fa8f030ee00f2	256e3a15e5e23130b034e610c5b4aa06	0b5a856aaf51c093dd395b17be55a338
4548	1918098168d77e316d9fa8f030ee00f2	256e3a15e5e23130b034e610c5b4aa06	0b5a856aaf51c093dd395b17be55a338
4549	1918098168d77e316d9fa8f030ee00f2	256e3a15e5e23130b034e610c5b4aa06	0b5a856aaf51c093dd395b17be55a338
4550	1918098168d77e316d9fa8f030ee00f2	256e3a15e5e23130b034e610c5b4aa06	0b5a856aaf51c093dd395b17be55a338
4551	1918098168d77e316d9fa8f030ee00f2	256e3a15e5e23130b034e610c5b4aa06	0b5a856aaf51c093dd395b17be55a338
4552	1918098168d77e316d9fa8f030ee00f2	256e3a15e5e23130b034e610c5b4aa06	0b5a856aaf51c093dd395b17be55a338
4553	a76e8607f31718278017ae6af76105a6	a7fda604c204fcfd113ef96fc930f9e5	78d1f1e7cf23f081061b3fd8f5473450
4554	a76e8607f31718278017ae6af76105a6	a7fda604c204fcfd113ef96fc930f9e5	78d1f1e7cf23f081061b3fd8f5473450
4555	a76e8607f31718278017ae6af76105a6	a88e18d33a71dba896faadb5122e257a	190cb09af41aec5684b753c83b985ebd
4556	a76e8607f31718278017ae6af76105a6	a7fda604c204fcfd113ef96fc930f9e5	78d1f1e7cf23f081061b3fd8f5473450
4557	a76e8607f31718278017ae6af76105a6	a7fda604c204fcfd113ef96fc930f9e5	78d1f1e7cf23f081061b3fd8f5473450
4558	3c35d5c6f8613bf54b6d7918e438943e	904f500a77076e4b112fd4454bbf0fce	19bc461b0133bee27e29235e7f3d12a6
4559	3c35d5c6f8613bf54b6d7918e438943e	904f500a77076e4b112fd4454bbf0fce	19bc461b0133bee27e29235e7f3d12a6
4560	3c35d5c6f8613bf54b6d7918e438943e	904f500a77076e4b112fd4454bbf0fce	19bc461b0133bee27e29235e7f3d12a6
4561	3c35d5c6f8613bf54b6d7918e438943e	904f500a77076e4b112fd4454bbf0fce	19bc461b0133bee27e29235e7f3d12a6
4562	3c35d5c6f8613bf54b6d7918e438943e	904f500a77076e4b112fd4454bbf0fce	19bc461b0133bee27e29235e7f3d12a6
4563	3c35d5c6f8613bf54b6d7918e438943e	904f500a77076e4b112fd4454bbf0fce	19bc461b0133bee27e29235e7f3d12a6
4564	3c35d5c6f8613bf54b6d7918e438943e	904f500a77076e4b112fd4454bbf0fce	19bc461b0133bee27e29235e7f3d12a6
4565	720e66f7962e97f4c19b102250b885e5	c806241f65f27b6f55632fe14a23abe1	224f3c0f21dfb3427253784c4470d140
4566	720e66f7962e97f4c19b102250b885e5	c806241f65f27b6f55632fe14a23abe1	224f3c0f21dfb3427253784c4470d140
4567	720e66f7962e97f4c19b102250b885e5	c806241f65f27b6f55632fe14a23abe1	224f3c0f21dfb3427253784c4470d140
4568	720e66f7962e97f4c19b102250b885e5	c806241f65f27b6f55632fe14a23abe1	224f3c0f21dfb3427253784c4470d140
4569	720e66f7962e97f4c19b102250b885e5	c806241f65f27b6f55632fe14a23abe1	224f3c0f21dfb3427253784c4470d140
4570	720e66f7962e97f4c19b102250b885e5	c806241f65f27b6f55632fe14a23abe1	224f3c0f21dfb3427253784c4470d140
4571	720e66f7962e97f4c19b102250b885e5	c806241f65f27b6f55632fe14a23abe1	224f3c0f21dfb3427253784c4470d140
4572	720e66f7962e97f4c19b102250b885e5	c806241f65f27b6f55632fe14a23abe1	224f3c0f21dfb3427253784c4470d140
4573	720e66f7962e97f4c19b102250b885e5	c806241f65f27b6f55632fe14a23abe1	224f3c0f21dfb3427253784c4470d140
4574	720e66f7962e97f4c19b102250b885e5	c806241f65f27b6f55632fe14a23abe1	224f3c0f21dfb3427253784c4470d140
4575	0cb38c188db51cb943c1e9e35dafa9a4	a998dcdf0190f8f1a587d566ffca83bb	5bede253249fdee07c566a196322b8f3
4576	0cb38c188db51cb943c1e9e35dafa9a4	a998dcdf0190f8f1a587d566ffca83bb	5bede253249fdee07c566a196322b8f3
4577	0cb38c188db51cb943c1e9e35dafa9a4	a998dcdf0190f8f1a587d566ffca83bb	5bede253249fdee07c566a196322b8f3
4578	0cb38c188db51cb943c1e9e35dafa9a4	a998dcdf0190f8f1a587d566ffca83bb	5bede253249fdee07c566a196322b8f3
4579	0cb38c188db51cb943c1e9e35dafa9a4	a998dcdf0190f8f1a587d566ffca83bb	5bede253249fdee07c566a196322b8f3
4580	0cb38c188db51cb943c1e9e35dafa9a4	a998dcdf0190f8f1a587d566ffca83bb	5bede253249fdee07c566a196322b8f3
4581	0cb38c188db51cb943c1e9e35dafa9a4	a998dcdf0190f8f1a587d566ffca83bb	5bede253249fdee07c566a196322b8f3
4582	dd483772ea9366d7a84e847c21a65bd7	1db97a363870064ea5ebc10b11cfc1b0	6e92141be8cfaf5c5ca90f5c470958d9
4583	dd483772ea9366d7a84e847c21a65bd7	1db97a363870064ea5ebc10b11cfc1b0	6e92141be8cfaf5c5ca90f5c470958d9
4584	dd483772ea9366d7a84e847c21a65bd7	1db97a363870064ea5ebc10b11cfc1b0	6e92141be8cfaf5c5ca90f5c470958d9
4585	12c0541a3e6e2739454364ea6ff759dd	a68234c77c957e1ffb3160f88a5da534	6bf70259809adf3bdd17253e9fce92ad
4586	12c0541a3e6e2739454364ea6ff759dd	a68234c77c957e1ffb3160f88a5da534	6bf70259809adf3bdd17253e9fce92ad
4587	efdf23651f4de37aff4c14721b32b1ac	777c79276ec5eab9a868677a4daec854	6d939962e0786eb66dc3d6d06afd2f04
4588	efdf23651f4de37aff4c14721b32b1ac	777c79276ec5eab9a868677a4daec854	6d939962e0786eb66dc3d6d06afd2f04
4589	efdf23651f4de37aff4c14721b32b1ac	777c79276ec5eab9a868677a4daec854	6d939962e0786eb66dc3d6d06afd2f04
4590	2cdd9b127a805f623b0a15b556cb630f	2ce0b76895512e89e19a0aa9ea892121	d3cb2138c0f800d52a9dae9684c45de2
4591	2cdd9b127a805f623b0a15b556cb630f	2ce0b76895512e89e19a0aa9ea892121	d3cb2138c0f800d52a9dae9684c45de2
4592	efdf23651f4de37aff4c14721b32b1ac	777c79276ec5eab9a868677a4daec854	6d939962e0786eb66dc3d6d06afd2f04
4593	efdf23651f4de37aff4c14721b32b1ac	777c79276ec5eab9a868677a4daec854	6d939962e0786eb66dc3d6d06afd2f04
4594	2cdd9b127a805f623b0a15b556cb630f	2ce0b76895512e89e19a0aa9ea892121	d3cb2138c0f800d52a9dae9684c45de2
4595	2cdd9b127a805f623b0a15b556cb630f	2ce0b76895512e89e19a0aa9ea892121	d3cb2138c0f800d52a9dae9684c45de2
4596	2cdd9b127a805f623b0a15b556cb630f	2ce0b76895512e89e19a0aa9ea892121	d3cb2138c0f800d52a9dae9684c45de2
4597	92ac8b1414b642df94ad417045bc71e9	1769d606a9557f7ade83e45ba03f559c	03d5b05b5235b36939fe0dcb758c700a
4598	4a68231fb3d6bdd21245f3be383338b6	28c4ad29b5713724fd00307ae9cb3f02	4d3632e810e54198e1d6ff72dd4ff602
4599	3e8f25a14c53e8d0f5dd4aacebb49c21	672c8691870859a215cda1c46edd83ed	f3ee32236bec07f684e465e6b51ec555
4600	3e8f25a14c53e8d0f5dd4aacebb49c21	672c8691870859a215cda1c46edd83ed	f3ee32236bec07f684e465e6b51ec555
4601	3e8f25a14c53e8d0f5dd4aacebb49c21	672c8691870859a215cda1c46edd83ed	f3ee32236bec07f684e465e6b51ec555
4602	3e8f25a14c53e8d0f5dd4aacebb49c21	672c8691870859a215cda1c46edd83ed	f3ee32236bec07f684e465e6b51ec555
4603	3e8f25a14c53e8d0f5dd4aacebb49c21	672c8691870859a215cda1c46edd83ed	f3ee32236bec07f684e465e6b51ec555
4604	b52ee7da7c48c64ee49afdde6d1affd4	3c92a79d59c259de9f5109d3fe2a275b	ba5cab6d563e71316d9656232354beeb
4605	b52ee7da7c48c64ee49afdde6d1affd4	3c92a79d59c259de9f5109d3fe2a275b	ba5cab6d563e71316d9656232354beeb
4606	b52ee7da7c48c64ee49afdde6d1affd4	3c92a79d59c259de9f5109d3fe2a275b	ba5cab6d563e71316d9656232354beeb
4607	1d08e37a663ebc810ea39b9e55d98d32	77e9ac11463eabfedfd044c9f1edf068	83e87483c229306ebfdc7d221ad685a5
4608	1d08e37a663ebc810ea39b9e55d98d32	77e9ac11463eabfedfd044c9f1edf068	83e87483c229306ebfdc7d221ad685a5
4609	1d08e37a663ebc810ea39b9e55d98d32	77e9ac11463eabfedfd044c9f1edf068	83e87483c229306ebfdc7d221ad685a5
4610	1d08e37a663ebc810ea39b9e55d98d32	77e9ac11463eabfedfd044c9f1edf068	83e87483c229306ebfdc7d221ad685a5
4611	2f4970dfd4187a97a07cbd1b3d45af0d	1e5cce6a384780d821deaa84e8bd8122	86469ad6279b93c46e2b5ee08de65fff
4612	2f4970dfd4187a97a07cbd1b3d45af0d	1e5cce6a384780d821deaa84e8bd8122	86469ad6279b93c46e2b5ee08de65fff
4613	2f4970dfd4187a97a07cbd1b3d45af0d	1e5cce6a384780d821deaa84e8bd8122	86469ad6279b93c46e2b5ee08de65fff
4614	2f4970dfd4187a97a07cbd1b3d45af0d	1e5cce6a384780d821deaa84e8bd8122	86469ad6279b93c46e2b5ee08de65fff
4615	6f0d1320a4b1aaf4556a9e1f3325f135	813015ce40f0a75666b5f85c40449db2	5751b7699b7e1fcc9b247878973d0d5e
4616	e62f9608bc9c85528e9610080736b6a2	052e61d201becef714d008e8b3a10f76	1967594be574e4f5f75324864edc5c97
4617	e62f9608bc9c85528e9610080736b6a2	052e61d201becef714d008e8b3a10f76	1967594be574e4f5f75324864edc5c97
4618	e62f9608bc9c85528e9610080736b6a2	052e61d201becef714d008e8b3a10f76	1967594be574e4f5f75324864edc5c97
4619	e62f9608bc9c85528e9610080736b6a2	052e61d201becef714d008e8b3a10f76	1967594be574e4f5f75324864edc5c97
4620	e62f9608bc9c85528e9610080736b6a2	052e61d201becef714d008e8b3a10f76	1967594be574e4f5f75324864edc5c97
4621	e62f9608bc9c85528e9610080736b6a2	052e61d201becef714d008e8b3a10f76	1967594be574e4f5f75324864edc5c97
4622	e62f9608bc9c85528e9610080736b6a2	052e61d201becef714d008e8b3a10f76	1967594be574e4f5f75324864edc5c97
4623	91b558f1ee46c85de30302f9a613daf1	faffb1125d553980e0ca586f89804d5b	4badcd60e3edb770b2d12a411ba08a11
4624	91b558f1ee46c85de30302f9a613daf1	faffb1125d553980e0ca586f89804d5b	4badcd60e3edb770b2d12a411ba08a11
4625	91b558f1ee46c85de30302f9a613daf1	faffb1125d553980e0ca586f89804d5b	4badcd60e3edb770b2d12a411ba08a11
4626	54b7219a7f551045bae777cf22083c16	23226fe3300f69f010fb80d13af5cbc8	43b8c940f9ca37b28c164b78be845fd4
4627	91b558f1ee46c85de30302f9a613daf1	faffb1125d553980e0ca586f89804d5b	4badcd60e3edb770b2d12a411ba08a11
4628	0441886c261074772aae8621387f0975	72f3a56189588e0b67166279265cac19	94e0591369cc87cd5d3e35820e80fae1
4629	0441886c261074772aae8621387f0975	72f3a56189588e0b67166279265cac19	94e0591369cc87cd5d3e35820e80fae1
4630	0441886c261074772aae8621387f0975	72f3a56189588e0b67166279265cac19	94e0591369cc87cd5d3e35820e80fae1
4631	0441886c261074772aae8621387f0975	72f3a56189588e0b67166279265cac19	94e0591369cc87cd5d3e35820e80fae1
4632	0441886c261074772aae8621387f0975	72f3a56189588e0b67166279265cac19	94e0591369cc87cd5d3e35820e80fae1
4633	0441886c261074772aae8621387f0975	72f3a56189588e0b67166279265cac19	94e0591369cc87cd5d3e35820e80fae1
4634	0441886c261074772aae8621387f0975	72f3a56189588e0b67166279265cac19	94e0591369cc87cd5d3e35820e80fae1
4635	b8ff6d0c6d894252b8c5e907cad1ee7a	f3db940530b3c3554347192923b26b61	a12553cb6adb9b9a21256c5b5d524bf4
4636	b8ff6d0c6d894252b8c5e907cad1ee7a	f3db940530b3c3554347192923b26b61	a12553cb6adb9b9a21256c5b5d524bf4
4637	b8ff6d0c6d894252b8c5e907cad1ee7a	f3db940530b3c3554347192923b26b61	a12553cb6adb9b9a21256c5b5d524bf4
4638	b8ff6d0c6d894252b8c5e907cad1ee7a	f3db940530b3c3554347192923b26b61	a12553cb6adb9b9a21256c5b5d524bf4
4639	b8ff6d0c6d894252b8c5e907cad1ee7a	f3db940530b3c3554347192923b26b61	a12553cb6adb9b9a21256c5b5d524bf4
4640	c197dc32d436fc97f7f0b1acc46ca95c	47423a20f9d2ca2179af241d5bd4ec2a	3609ce5d0c87616f1ec728efd3146ab1
4641	c197dc32d436fc97f7f0b1acc46ca95c	47423a20f9d2ca2179af241d5bd4ec2a	3609ce5d0c87616f1ec728efd3146ab1
4642	c197dc32d436fc97f7f0b1acc46ca95c	47423a20f9d2ca2179af241d5bd4ec2a	3609ce5d0c87616f1ec728efd3146ab1
4643	c197dc32d436fc97f7f0b1acc46ca95c	47423a20f9d2ca2179af241d5bd4ec2a	3609ce5d0c87616f1ec728efd3146ab1
4644	c197dc32d436fc97f7f0b1acc46ca95c	47423a20f9d2ca2179af241d5bd4ec2a	3609ce5d0c87616f1ec728efd3146ab1
4645	3daef015a98fe13dd0c21587bf4f1508	4fac952a441399bb6725877a75c35ef1	5a9b29aca231ea6ddd2b7a865be5bd13
4646	3daef015a98fe13dd0c21587bf4f1508	4fac952a441399bb6725877a75c35ef1	5a9b29aca231ea6ddd2b7a865be5bd13
4647	184c49921096d417965419b225c4fa9f	5c8fef8a3edf4ccd5d120b415f1f78c4	436b06d7a2dc9c36ef997c4e4f5e3488
4648	9f99620f4a76d892c1de1eac9877a4ac	23b2e3ee75cbe1fee239942579226a13	559f79903592eb0766a85549693cf13a
4649	9f99620f4a76d892c1de1eac9877a4ac	23b2e3ee75cbe1fee239942579226a13	559f79903592eb0766a85549693cf13a
4650	db53505bcbe9475ad9c34b131aedd578	495293031c1f62656af02c9dddb6ff84	41fdf7d25e36a00351aa4aaa7ff3e87d
4651	db53505bcbe9475ad9c34b131aedd578	495293031c1f62656af02c9dddb6ff84	41fdf7d25e36a00351aa4aaa7ff3e87d
4652	7830fff34d9c28c483b0f7e08d6d173d	1c6b9646dcf16632e698fbf293467091	fde6a320ecdfc7e7ef31a975b87c0fd6
4653	7830fff34d9c28c483b0f7e08d6d173d	1c6b9646dcf16632e698fbf293467091	fde6a320ecdfc7e7ef31a975b87c0fd6
4654	7830fff34d9c28c483b0f7e08d6d173d	1c6b9646dcf16632e698fbf293467091	fde6a320ecdfc7e7ef31a975b87c0fd6
4655	7830fff34d9c28c483b0f7e08d6d173d	1c6b9646dcf16632e698fbf293467091	fde6a320ecdfc7e7ef31a975b87c0fd6
4656	7830fff34d9c28c483b0f7e08d6d173d	1c6b9646dcf16632e698fbf293467091	fde6a320ecdfc7e7ef31a975b87c0fd6
4657	ad6e85f8efa19a4263aaea57af1e5388	01ebf4110aaacc50c3fb240ab09f0709	fba0e9d04da60056de67a785cb584729
4658	ad6e85f8efa19a4263aaea57af1e5388	01ebf4110aaacc50c3fb240ab09f0709	fba0e9d04da60056de67a785cb584729
4659	ad6e85f8efa19a4263aaea57af1e5388	01ebf4110aaacc50c3fb240ab09f0709	fba0e9d04da60056de67a785cb584729
4660	ad6e85f8efa19a4263aaea57af1e5388	01ebf4110aaacc50c3fb240ab09f0709	fba0e9d04da60056de67a785cb584729
4661	ad6e85f8efa19a4263aaea57af1e5388	01ebf4110aaacc50c3fb240ab09f0709	fba0e9d04da60056de67a785cb584729
4662	ad6e85f8efa19a4263aaea57af1e5388	01ebf4110aaacc50c3fb240ab09f0709	fba0e9d04da60056de67a785cb584729
4663	ad6e85f8efa19a4263aaea57af1e5388	01ebf4110aaacc50c3fb240ab09f0709	fba0e9d04da60056de67a785cb584729
4664	ed8b1d5f0465e15950bd3e77b48d9fbc	2556ce779c9bdbfbe96d7d2fded184f4	d02cf1fb4f7767c5081917e22f52253f
4665	ed8b1d5f0465e15950bd3e77b48d9fbc	2556ce779c9bdbfbe96d7d2fded184f4	d02cf1fb4f7767c5081917e22f52253f
4666	ed8b1d5f0465e15950bd3e77b48d9fbc	2556ce779c9bdbfbe96d7d2fded184f4	d02cf1fb4f7767c5081917e22f52253f
4667	ed8b1d5f0465e15950bd3e77b48d9fbc	2556ce779c9bdbfbe96d7d2fded184f4	d02cf1fb4f7767c5081917e22f52253f
4668	6ea1893f1f936842218c174a5453f394	185388a9c1f96bf2b4e86f327b90c4fc	938e60c95bff8566404666d8a1ee1ae8
4669	ed8b1d5f0465e15950bd3e77b48d9fbc	2556ce779c9bdbfbe96d7d2fded184f4	d02cf1fb4f7767c5081917e22f52253f
4670	ed8b1d5f0465e15950bd3e77b48d9fbc	2556ce779c9bdbfbe96d7d2fded184f4	d02cf1fb4f7767c5081917e22f52253f
4671	ed8b1d5f0465e15950bd3e77b48d9fbc	2556ce779c9bdbfbe96d7d2fded184f4	d02cf1fb4f7767c5081917e22f52253f
4672	5ecf7dbbcb0a7e4cd366705f0c39a7be	0310c2da8f9e0262a50c804bd0cf0326	319f1c5c6ec8b02a15e7bc17df4c84b2
4673	5085e135dba9545a932ea46e1e83f2e8	68bedbe0cd17aadd6f46f465c803d3ed	1683ebb7ffca33122a4fd538a980f4ea
4674	4f967db6acf32170ee6b06832786676d	11e1ed1ef8dc5cbfd9000df779757b99	6ccb41b58a29b33ed07bfa1c84f3ac3c
4675	4f967db6acf32170ee6b06832786676d	11e1ed1ef8dc5cbfd9000df779757b99	6ccb41b58a29b33ed07bfa1c84f3ac3c
4676	4f967db6acf32170ee6b06832786676d	11e1ed1ef8dc5cbfd9000df779757b99	6ccb41b58a29b33ed07bfa1c84f3ac3c
4677	4f967db6acf32170ee6b06832786676d	11e1ed1ef8dc5cbfd9000df779757b99	6ccb41b58a29b33ed07bfa1c84f3ac3c
4678	4f967db6acf32170ee6b06832786676d	11e1ed1ef8dc5cbfd9000df779757b99	6ccb41b58a29b33ed07bfa1c84f3ac3c
4679	4f967db6acf32170ee6b06832786676d	11e1ed1ef8dc5cbfd9000df779757b99	6ccb41b58a29b33ed07bfa1c84f3ac3c
4680	4f967db6acf32170ee6b06832786676d	11e1ed1ef8dc5cbfd9000df779757b99	6ccb41b58a29b33ed07bfa1c84f3ac3c
4681	f9b0b7cb082031abf8529cce93c34ab1	ea6252f96da0733e46ca626d42a08d70	fbc9e82dbf49d447ec03947e80ce2ed5
4682	f9b0b7cb082031abf8529cce93c34ab1	ea6252f96da0733e46ca626d42a08d70	fbc9e82dbf49d447ec03947e80ce2ed5
4683	f9b0b7cb082031abf8529cce93c34ab1	ea6252f96da0733e46ca626d42a08d70	fbc9e82dbf49d447ec03947e80ce2ed5
4684	f9b0b7cb082031abf8529cce93c34ab1	ea6252f96da0733e46ca626d42a08d70	fbc9e82dbf49d447ec03947e80ce2ed5
4685	f9b0b7cb082031abf8529cce93c34ab1	ea6252f96da0733e46ca626d42a08d70	fbc9e82dbf49d447ec03947e80ce2ed5
4686	6e46bbf1c0819030dce4835fb376456f	8888e3121d89a816c8c3f8d97c5fcd2f	0d84ba7e3b99380fdf0f1c21046addc0
4687	6e46bbf1c0819030dce4835fb376456f	8888e3121d89a816c8c3f8d97c5fcd2f	0d84ba7e3b99380fdf0f1c21046addc0
4688	6e46bbf1c0819030dce4835fb376456f	8888e3121d89a816c8c3f8d97c5fcd2f	0d84ba7e3b99380fdf0f1c21046addc0
4689	6e46bbf1c0819030dce4835fb376456f	8888e3121d89a816c8c3f8d97c5fcd2f	0d84ba7e3b99380fdf0f1c21046addc0
4690	6e46bbf1c0819030dce4835fb376456f	8888e3121d89a816c8c3f8d97c5fcd2f	0d84ba7e3b99380fdf0f1c21046addc0
4691	6e46bbf1c0819030dce4835fb376456f	8888e3121d89a816c8c3f8d97c5fcd2f	0d84ba7e3b99380fdf0f1c21046addc0
4692	6e46bbf1c0819030dce4835fb376456f	8888e3121d89a816c8c3f8d97c5fcd2f	0d84ba7e3b99380fdf0f1c21046addc0
4693	6e46bbf1c0819030dce4835fb376456f	8888e3121d89a816c8c3f8d97c5fcd2f	0d84ba7e3b99380fdf0f1c21046addc0
4694	6e46bbf1c0819030dce4835fb376456f	8888e3121d89a816c8c3f8d97c5fcd2f	0d84ba7e3b99380fdf0f1c21046addc0
4695	6e46bbf1c0819030dce4835fb376456f	8888e3121d89a816c8c3f8d97c5fcd2f	0d84ba7e3b99380fdf0f1c21046addc0
4696	6e46bbf1c0819030dce4835fb376456f	8888e3121d89a816c8c3f8d97c5fcd2f	0d84ba7e3b99380fdf0f1c21046addc0
4697	6e46bbf1c0819030dce4835fb376456f	8888e3121d89a816c8c3f8d97c5fcd2f	0d84ba7e3b99380fdf0f1c21046addc0
4698	6e46bbf1c0819030dce4835fb376456f	8888e3121d89a816c8c3f8d97c5fcd2f	0d84ba7e3b99380fdf0f1c21046addc0
4699	6e46bbf1c0819030dce4835fb376456f	8888e3121d89a816c8c3f8d97c5fcd2f	0d84ba7e3b99380fdf0f1c21046addc0
4700	6e46bbf1c0819030dce4835fb376456f	8888e3121d89a816c8c3f8d97c5fcd2f	0d84ba7e3b99380fdf0f1c21046addc0
4701	6e46bbf1c0819030dce4835fb376456f	8888e3121d89a816c8c3f8d97c5fcd2f	0d84ba7e3b99380fdf0f1c21046addc0
4702	d20c22b7a679b2da020a2f1228555fc4	772d24918fe5691e9b775c3b4f0ca4c1	8ea13714b06df691677f742dc87db9f2
4703	bc47bbd4c5248dbf35e7a972d86b0aeb	ea9230fc1a56e1709e7736098d4af39c	e3168788f8b3f323b90d20cbe8750ba4
4704	bc47bbd4c5248dbf35e7a972d86b0aeb	ea9230fc1a56e1709e7736098d4af39c	e3168788f8b3f323b90d20cbe8750ba4
4705	bc47bbd4c5248dbf35e7a972d86b0aeb	ea9230fc1a56e1709e7736098d4af39c	e3168788f8b3f323b90d20cbe8750ba4
4706	bc47bbd4c5248dbf35e7a972d86b0aeb	ea9230fc1a56e1709e7736098d4af39c	e3168788f8b3f323b90d20cbe8750ba4
4707	bc47bbd4c5248dbf35e7a972d86b0aeb	ea9230fc1a56e1709e7736098d4af39c	e3168788f8b3f323b90d20cbe8750ba4
4708	bc47bbd4c5248dbf35e7a972d86b0aeb	ea9230fc1a56e1709e7736098d4af39c	e3168788f8b3f323b90d20cbe8750ba4
4709	bc47bbd4c5248dbf35e7a972d86b0aeb	ea9230fc1a56e1709e7736098d4af39c	e3168788f8b3f323b90d20cbe8750ba4
4710	9771b6f104922319ed14b3dd159bc743	632960b1579d2b381726aabdc9d5ce14	792beee09bae676d1e086178928506cf
4711	b98cc1b7f9e8d0ee7335c88e9858721e	1db7f958ceb33f0588bd5c9c3d5ebccc	b4f600cd65b954ee2c2cbe8f850a6abb
4712	b98cc1b7f9e8d0ee7335c88e9858721e	1db7f958ceb33f0588bd5c9c3d5ebccc	b4f600cd65b954ee2c2cbe8f850a6abb
4713	17fc8b29b6a9eec759c67d77514fe511	ab07fa465c11e3f01bb3378a38741ac0	96d9823dbc19e83df5cef47873ec818f
4714	17fc8b29b6a9eec759c67d77514fe511	ab07fa465c11e3f01bb3378a38741ac0	96d9823dbc19e83df5cef47873ec818f
4715	e6cb628c82fef4c8d6e2f7db3c3a7362	354dc86c8968c4a465123d2a84d8dc70	6c4edc73a38335680d5fb278532e6d3c
4716	e6cb628c82fef4c8d6e2f7db3c3a7362	354dc86c8968c4a465123d2a84d8dc70	6c4edc73a38335680d5fb278532e6d3c
4717	e6cb628c82fef4c8d6e2f7db3c3a7362	354dc86c8968c4a465123d2a84d8dc70	6c4edc73a38335680d5fb278532e6d3c
4718	2da17059d55a751fe90d9cba8b2be1e2	b72afd2ae158a4b1e881c7929173188a	29bd635c1bd45525b8f4e5b47bf1b7c6
4719	2da17059d55a751fe90d9cba8b2be1e2	b72afd2ae158a4b1e881c7929173188a	29bd635c1bd45525b8f4e5b47bf1b7c6
4720	9cc3b58689c8e5baeae9e7199e412dd0	4e927bc0902cc70441376da508c24f40	81f12ddbff484d88a4c9458809760e7c
4721	2da17059d55a751fe90d9cba8b2be1e2	b72afd2ae158a4b1e881c7929173188a	29bd635c1bd45525b8f4e5b47bf1b7c6
4722	a0b9874301fdcd5ea76b12352cdee154	848db9eaa38dfe3a988e63b9f2dc8a5e	9c1df6b8cfe67c58752aa59af82332c7
4723	017a311273d3e7f3b1c0d1e6e0596c5b	4ec3a0f424b3f5c7e394cac22761a8fb	ae6a891acaf23fb93ec5d1d8481dffcb
4724	0ec46d064a0e2fd9d7fb966117052315	9f7b9384256fad3638825f708406a339	40f320b8dd686fe0629dac4bce6d4f44
4725	b2675796d5ad818f701a566cc8971350	f34d1ea6dcdfa4924028565dd27b3468	0e8ca57423814e32deb7d9fef68af300
4726	b2675796d5ad818f701a566cc8971350	f34d1ea6dcdfa4924028565dd27b3468	0e8ca57423814e32deb7d9fef68af300
4727	f07db8ade7cf7fc03e3be2bb5ae78c48	14a4acdf0c532493e5841888340a345f	4aedcfa6659973d12925317c381e7fa1
4728	f07db8ade7cf7fc03e3be2bb5ae78c48	14a4acdf0c532493e5841888340a345f	4aedcfa6659973d12925317c381e7fa1
4729	f07db8ade7cf7fc03e3be2bb5ae78c48	14a4acdf0c532493e5841888340a345f	4aedcfa6659973d12925317c381e7fa1
4730	f07db8ade7cf7fc03e3be2bb5ae78c48	14a4acdf0c532493e5841888340a345f	4aedcfa6659973d12925317c381e7fa1
4731	f07db8ade7cf7fc03e3be2bb5ae78c48	14a4acdf0c532493e5841888340a345f	4aedcfa6659973d12925317c381e7fa1
4732	f07db8ade7cf7fc03e3be2bb5ae78c48	14a4acdf0c532493e5841888340a345f	4aedcfa6659973d12925317c381e7fa1
4733	f07db8ade7cf7fc03e3be2bb5ae78c48	14a4acdf0c532493e5841888340a345f	4aedcfa6659973d12925317c381e7fa1
4734	88fd47109d3579268f783b1c25838982	94cf240fd0dde8fa53acf2b8c07dd5a0	6f434d5d74b5ef4d259eb49ddaacd15a
4735	88fd47109d3579268f783b1c25838982	94cf240fd0dde8fa53acf2b8c07dd5a0	6f434d5d74b5ef4d259eb49ddaacd15a
4736	88fd47109d3579268f783b1c25838982	94cf240fd0dde8fa53acf2b8c07dd5a0	6f434d5d74b5ef4d259eb49ddaacd15a
4737	88fd47109d3579268f783b1c25838982	94cf240fd0dde8fa53acf2b8c07dd5a0	6f434d5d74b5ef4d259eb49ddaacd15a
4738	005aeed12eba75907a0a77390aa5e52a	842192cac4bc9f4acf03b9ae30447949	a8f09ae4d70454c9a86dc58b17e76cc9
4739	88fd47109d3579268f783b1c25838982	94cf240fd0dde8fa53acf2b8c07dd5a0	6f434d5d74b5ef4d259eb49ddaacd15a
4740	88fd47109d3579268f783b1c25838982	94cf240fd0dde8fa53acf2b8c07dd5a0	6f434d5d74b5ef4d259eb49ddaacd15a
4741	88fd47109d3579268f783b1c25838982	94cf240fd0dde8fa53acf2b8c07dd5a0	6f434d5d74b5ef4d259eb49ddaacd15a
4742	88fd47109d3579268f783b1c25838982	94cf240fd0dde8fa53acf2b8c07dd5a0	6f434d5d74b5ef4d259eb49ddaacd15a
4743	88fd47109d3579268f783b1c25838982	94cf240fd0dde8fa53acf2b8c07dd5a0	6f434d5d74b5ef4d259eb49ddaacd15a
4744	db0d854c97dd798604aaa5ade31c2c15	50df3ed46677a36d9f96934365aa5189	8b713f454d7aa973ebc6f69f493c0815
4745	db0d854c97dd798604aaa5ade31c2c15	50df3ed46677a36d9f96934365aa5189	8b713f454d7aa973ebc6f69f493c0815
4746	db0d854c97dd798604aaa5ade31c2c15	50df3ed46677a36d9f96934365aa5189	8b713f454d7aa973ebc6f69f493c0815
4747	db0d854c97dd798604aaa5ade31c2c15	50df3ed46677a36d9f96934365aa5189	8b713f454d7aa973ebc6f69f493c0815
4748	db0d854c97dd798604aaa5ade31c2c15	50df3ed46677a36d9f96934365aa5189	8b713f454d7aa973ebc6f69f493c0815
4749	db0d854c97dd798604aaa5ade31c2c15	50df3ed46677a36d9f96934365aa5189	8b713f454d7aa973ebc6f69f493c0815
4750	db0d854c97dd798604aaa5ade31c2c15	50df3ed46677a36d9f96934365aa5189	8b713f454d7aa973ebc6f69f493c0815
4751	64c4b35b5e0a64adc3b6d2950116ac33	4ce214d7b32df42e0c531c01279f4cf8	6a755574f39cb60158988152057ceef0
4752	64c4b35b5e0a64adc3b6d2950116ac33	4ce214d7b32df42e0c531c01279f4cf8	6a755574f39cb60158988152057ceef0
4753	64c4b35b5e0a64adc3b6d2950116ac33	4ce214d7b32df42e0c531c01279f4cf8	6a755574f39cb60158988152057ceef0
4754	64c4b35b5e0a64adc3b6d2950116ac33	4ce214d7b32df42e0c531c01279f4cf8	6a755574f39cb60158988152057ceef0
4755	64c4b35b5e0a64adc3b6d2950116ac33	4ce214d7b32df42e0c531c01279f4cf8	6a755574f39cb60158988152057ceef0
4756	ef1af2963ae890575ea3912f223ff8a3	e35ecf56544010814eb8777282f85588	368092a54287ae9de69de72be9718b6d
4757	ef1af2963ae890575ea3912f223ff8a3	e35ecf56544010814eb8777282f85588	368092a54287ae9de69de72be9718b6d
4758	ef1af2963ae890575ea3912f223ff8a3	e35ecf56544010814eb8777282f85588	368092a54287ae9de69de72be9718b6d
4759	1808483e432ed7d4403ab1ea8ffd55ca	555dd2b61064b1aa9ab915daa45ed7c8	8dbb40e84794cad89307d03577aa78a2
4760	ea8cb7a1be3404312d57083796300322	13ff290b7d80d4ae068224ee290877ab	4e5b1786cce45e70317abd710b03d0db
4761	4dfa0d37d4259263f6959b1f85abda49	643691c9cb52a6227944ab6d076ed481	9154ff51ba28211bdb65db84839ff8ea
4762	1ed57cfd187f2f1ddfcbd1e3479eee40	663c842d25918c46cc166f23a15e1edd	23ce6ced46af0a67182fdfc0fada2520
4763	ad1d171eeb1a6922c1d32b2bead8fbcf	b76b416fa2260f8fb19aa258bc9ee4a0	ee8668fb07c518349fb4e867e479c117
4764	ad1d171eeb1a6922c1d32b2bead8fbcf	b76b416fa2260f8fb19aa258bc9ee4a0	ee8668fb07c518349fb4e867e479c117
4765	ad1d171eeb1a6922c1d32b2bead8fbcf	b76b416fa2260f8fb19aa258bc9ee4a0	ee8668fb07c518349fb4e867e479c117
4766	9273a23275bb27ae8d3c9a5bccd4fb51	c1e7d54a9c1cd4fe1f87b77cfe480ea8	33d7552a68aa08e157c9afd6565bc6ec
4767	33e135a0a8ce97aca1809a5f1fd5eddd	6fcf206025de8a53abc5378a2b57cfc7	44599cd567ff219bd016c952f3f3ea25
4768	5f782894556a4f564d24160f22d91e73	b63251bdf862f258f209201fa49f029c	0e01038e8d5eac66fec2effca22869c2
4769	3049c3f783fed8fef5614882ccb9433c	abac2b8d8727fc1b07f8affe1f634bd6	fa623dd2e895e23eff5db268a903a6d8
4770	61145b0018838d2c37c62e4a42acfcbd	9fce13b4835f56d407b4cfae7e0c7b9e	4077766c83f0d017db36eb94b79bd4c3
4771	04500d31e5efa9ed33ce6632e742f188	10bcea44e403da61a6a9baa467c7b816	7948c87e08a456d65eceae518fe1d873
4772	29407c998415da82f1249431503c433c	f0609175bbdfa250f2e561248bd4d319	4b218caf34ce8467f7b60e5cf4f8c4de
4773	3941d1b879546ed350080681af53f43a	bd03087116914c573b36cc5a3a418581	a3803cf0266779a4d62c14df01a41a98
4774	3941d1b879546ed350080681af53f43a	bd03087116914c573b36cc5a3a418581	a3803cf0266779a4d62c14df01a41a98
4775	3941d1b879546ed350080681af53f43a	bd03087116914c573b36cc5a3a418581	a3803cf0266779a4d62c14df01a41a98
4776	3941d1b879546ed350080681af53f43a	bd03087116914c573b36cc5a3a418581	a3803cf0266779a4d62c14df01a41a98
4777	3941d1b879546ed350080681af53f43a	bd03087116914c573b36cc5a3a418581	a3803cf0266779a4d62c14df01a41a98
4778	3941d1b879546ed350080681af53f43a	bd03087116914c573b36cc5a3a418581	a3803cf0266779a4d62c14df01a41a98
4779	3941d1b879546ed350080681af53f43a	bd03087116914c573b36cc5a3a418581	a3803cf0266779a4d62c14df01a41a98
4780	80dc66bca491efd5514cc69097290291	950e8245675d1530d79316990c41c218	1ff8dc8601daadda03558eb66734ead4
4781	80dc66bca491efd5514cc69097290291	950e8245675d1530d79316990c41c218	1ff8dc8601daadda03558eb66734ead4
4782	80dc66bca491efd5514cc69097290291	950e8245675d1530d79316990c41c218	1ff8dc8601daadda03558eb66734ead4
4783	d6a72d60f64f1af47349a2f3830e3cae	0846a8b1a3b210e35eccd2dd321f4da0	23d39fa366c6b062599b59d7cbfaa3b7
4784	d6a72d60f64f1af47349a2f3830e3cae	0846a8b1a3b210e35eccd2dd321f4da0	23d39fa366c6b062599b59d7cbfaa3b7
4785	868e213c468de5c009734444bbd0d1a5	4d002b246922664304872b83eb43ccb0	ad76a88a3ca1c0a8847265fd076b169c
4786	868e213c468de5c009734444bbd0d1a5	4d002b246922664304872b83eb43ccb0	ad76a88a3ca1c0a8847265fd076b169c
4787	868e213c468de5c009734444bbd0d1a5	4d002b246922664304872b83eb43ccb0	ad76a88a3ca1c0a8847265fd076b169c
4788	34e30b9fc6302b38783cf9522108eac9	57850f8632395d52ccc30cf29ff68173	3c80fa50b7b6d5102265d47f80498405
4789	245be13f7122b4fccfda23905a1c7dc5	c955fa249989fc30464e7fe9b82e6f0b	04fea29df9bc8a76da29e82f6f0a0f4d
4790	6903aacd39d2b1363deb310e1a0f43f4	1a62f954d378e5373e4af59fc79b3631	57c154d92b8040b278f24e73b3de9d9d
4791	6903aacd39d2b1363deb310e1a0f43f4	1a62f954d378e5373e4af59fc79b3631	57c154d92b8040b278f24e73b3de9d9d
4792	911bb78982abbcb2d92ec418fc7b90da	e3c6d120d2203d1fd9ca6c1fdb88caed	a3e4f81ec3a0949036098df98af56b05
4793	911bb78982abbcb2d92ec418fc7b90da	e3c6d120d2203d1fd9ca6c1fdb88caed	a3e4f81ec3a0949036098df98af56b05
4794	911bb78982abbcb2d92ec418fc7b90da	e3c6d120d2203d1fd9ca6c1fdb88caed	a3e4f81ec3a0949036098df98af56b05
4795	79e35759159baf363389f0b35f4ab675	6f0cb169cc56eb4c4e9ffcfb3eb6ebe3	4bc2b7e4bfd4f45377055469007ceaa7
4796	911bb78982abbcb2d92ec418fc7b90da	e3c6d120d2203d1fd9ca6c1fdb88caed	a3e4f81ec3a0949036098df98af56b05
4797	c9586c6efe41e9ad46cc5b39d31b20b6	4dd79e7bd3225dfef2ef8612cbe446a4	b0a79089b408b302f3a796368c90e7b2
4798	c9586c6efe41e9ad46cc5b39d31b20b6	4dd79e7bd3225dfef2ef8612cbe446a4	b0a79089b408b302f3a796368c90e7b2
4799	c9586c6efe41e9ad46cc5b39d31b20b6	4dd79e7bd3225dfef2ef8612cbe446a4	b0a79089b408b302f3a796368c90e7b2
4800	c9586c6efe41e9ad46cc5b39d31b20b6	4dd79e7bd3225dfef2ef8612cbe446a4	b0a79089b408b302f3a796368c90e7b2
4801	c9586c6efe41e9ad46cc5b39d31b20b6	4dd79e7bd3225dfef2ef8612cbe446a4	b0a79089b408b302f3a796368c90e7b2
4802	c9586c6efe41e9ad46cc5b39d31b20b6	4dd79e7bd3225dfef2ef8612cbe446a4	b0a79089b408b302f3a796368c90e7b2
4803	c9586c6efe41e9ad46cc5b39d31b20b6	4dd79e7bd3225dfef2ef8612cbe446a4	b0a79089b408b302f3a796368c90e7b2
4804	c9586c6efe41e9ad46cc5b39d31b20b6	8944ac2a5efa6898a13e72dbbe23ee10	a0c3505edbc0993c2b75f91fd01ae716
4805	c9586c6efe41e9ad46cc5b39d31b20b6	8944ac2a5efa6898a13e72dbbe23ee10	a0c3505edbc0993c2b75f91fd01ae716
4806	c9586c6efe41e9ad46cc5b39d31b20b6	8944ac2a5efa6898a13e72dbbe23ee10	a0c3505edbc0993c2b75f91fd01ae716
4807	c9586c6efe41e9ad46cc5b39d31b20b6	4dd79e7bd3225dfef2ef8612cbe446a4	b0a79089b408b302f3a796368c90e7b2
4808	c9586c6efe41e9ad46cc5b39d31b20b6	8944ac2a5efa6898a13e72dbbe23ee10	a0c3505edbc0993c2b75f91fd01ae716
4809	d4829ee9222ea4a730851421a3bea240	f1c3a5ef7c374a0839003f9d7167af8d	3b4e95344f62e940560fb565d86d65a6
4810	d4829ee9222ea4a730851421a3bea240	f1c3a5ef7c374a0839003f9d7167af8d	3b4e95344f62e940560fb565d86d65a6
4811	d4829ee9222ea4a730851421a3bea240	f1c3a5ef7c374a0839003f9d7167af8d	3b4e95344f62e940560fb565d86d65a6
4812	d4829ee9222ea4a730851421a3bea240	0e82dea90a7321cc77cc5cf66a53f3d1	8d134e5c0df3fe7a75e7a09657b37646
4813	d4829ee9222ea4a730851421a3bea240	0e82dea90a7321cc77cc5cf66a53f3d1	8d134e5c0df3fe7a75e7a09657b37646
4814	101864cbcb8ed192b88d0875f6e14567	379eaf77dbd6f00a3a0748d3cc10a18f	699fb241c2822bb8de88568b7ea598fe
4815	101864cbcb8ed192b88d0875f6e14567	379eaf77dbd6f00a3a0748d3cc10a18f	699fb241c2822bb8de88568b7ea598fe
4816	101864cbcb8ed192b88d0875f6e14567	379eaf77dbd6f00a3a0748d3cc10a18f	699fb241c2822bb8de88568b7ea598fe
4817	101864cbcb8ed192b88d0875f6e14567	379eaf77dbd6f00a3a0748d3cc10a18f	699fb241c2822bb8de88568b7ea598fe
4818	101864cbcb8ed192b88d0875f6e14567	379eaf77dbd6f00a3a0748d3cc10a18f	699fb241c2822bb8de88568b7ea598fe
4819	101864cbcb8ed192b88d0875f6e14567	379eaf77dbd6f00a3a0748d3cc10a18f	699fb241c2822bb8de88568b7ea598fe
4820	101864cbcb8ed192b88d0875f6e14567	379eaf77dbd6f00a3a0748d3cc10a18f	699fb241c2822bb8de88568b7ea598fe
4821	101864cbcb8ed192b88d0875f6e14567	379eaf77dbd6f00a3a0748d3cc10a18f	699fb241c2822bb8de88568b7ea598fe
4822	101864cbcb8ed192b88d0875f6e14567	379eaf77dbd6f00a3a0748d3cc10a18f	699fb241c2822bb8de88568b7ea598fe
4823	101864cbcb8ed192b88d0875f6e14567	379eaf77dbd6f00a3a0748d3cc10a18f	699fb241c2822bb8de88568b7ea598fe
4824	101864cbcb8ed192b88d0875f6e14567	379eaf77dbd6f00a3a0748d3cc10a18f	699fb241c2822bb8de88568b7ea598fe
4825	101864cbcb8ed192b88d0875f6e14567	379eaf77dbd6f00a3a0748d3cc10a18f	699fb241c2822bb8de88568b7ea598fe
4826	2e7b278ddc188a0ecb4225d4a25ec169	630a1c9695c3c01a49d8f779c7e147e3	ef76fe9b319ae5366de3a4102d90e313
4827	2e7b278ddc188a0ecb4225d4a25ec169	630a1c9695c3c01a49d8f779c7e147e3	ef76fe9b319ae5366de3a4102d90e313
4828	2e7b278ddc188a0ecb4225d4a25ec169	630a1c9695c3c01a49d8f779c7e147e3	ef76fe9b319ae5366de3a4102d90e313
4829	2e7b278ddc188a0ecb4225d4a25ec169	630a1c9695c3c01a49d8f779c7e147e3	ef76fe9b319ae5366de3a4102d90e313
4830	2e7b278ddc188a0ecb4225d4a25ec169	630a1c9695c3c01a49d8f779c7e147e3	ef76fe9b319ae5366de3a4102d90e313
4831	2e7b278ddc188a0ecb4225d4a25ec169	630a1c9695c3c01a49d8f779c7e147e3	ef76fe9b319ae5366de3a4102d90e313
4832	2e7b278ddc188a0ecb4225d4a25ec169	630a1c9695c3c01a49d8f779c7e147e3	ef76fe9b319ae5366de3a4102d90e313
4833	8f41a4b530ab4a36c2c067e61f080366	2cc5f4732f88f76040bc3cf66a43ad4a	0c3baf97340c02f178838006407803fb
4834	8f41a4b530ab4a36c2c067e61f080366	2cc5f4732f88f76040bc3cf66a43ad4a	0c3baf97340c02f178838006407803fb
4835	8f41a4b530ab4a36c2c067e61f080366	2cc5f4732f88f76040bc3cf66a43ad4a	0c3baf97340c02f178838006407803fb
4836	3b2f849e6e43aaed84047cea610c3e52	3bbd20cfddf35d2cee38c74cdf6d4856	1e12b5be50bdf1824597e07de34ca6b9
4837	103b1095eabf630c65760c76c3974ed8	471d49665569d5d7b4b7cea067d3a9ab	576309cf45715b01d7c628f0a03a3295
4838	8f41a4b530ab4a36c2c067e61f080366	2cc5f4732f88f76040bc3cf66a43ad4a	0c3baf97340c02f178838006407803fb
4839	8f41a4b530ab4a36c2c067e61f080366	2cc5f4732f88f76040bc3cf66a43ad4a	0c3baf97340c02f178838006407803fb
4840	8f41a4b530ab4a36c2c067e61f080366	2cc5f4732f88f76040bc3cf66a43ad4a	0c3baf97340c02f178838006407803fb
4841	ff63fdde15432885f1fe999a8297fd8f	e582754312e2e2155144681f679e4466	b3413b065fdd772b85fe04d23f2e30f4
4842	96aabbb0203b66f7348f7ee26415513f	ed7b07afa2df780679b4d3fd5feb4e41	f8fab76bc06d033e2b8e4ebc20dc8546
4843	410f5d350d020918a7452dc25595a4f9	c5f2a27bceb6bf69f80c3ff73056eb8f	c37dc134def29d7a1eb76043f13dbb59
4844	410f5d350d020918a7452dc25595a4f9	c5f2a27bceb6bf69f80c3ff73056eb8f	c37dc134def29d7a1eb76043f13dbb59
4845	410f5d350d020918a7452dc25595a4f9	c5f2a27bceb6bf69f80c3ff73056eb8f	c37dc134def29d7a1eb76043f13dbb59
4846	410f5d350d020918a7452dc25595a4f9	c5f2a27bceb6bf69f80c3ff73056eb8f	c37dc134def29d7a1eb76043f13dbb59
4847	410f5d350d020918a7452dc25595a4f9	c5f2a27bceb6bf69f80c3ff73056eb8f	c37dc134def29d7a1eb76043f13dbb59
4848	410f5d350d020918a7452dc25595a4f9	c5f2a27bceb6bf69f80c3ff73056eb8f	c37dc134def29d7a1eb76043f13dbb59
4849	410f5d350d020918a7452dc25595a4f9	c5f2a27bceb6bf69f80c3ff73056eb8f	c37dc134def29d7a1eb76043f13dbb59
4850	f94d7b272f222617991478f1afe6f889	e7815579fff182588faceb9b8c028202	c93e41d0339e2c7c103575ad1bc1b382
4851	f94d7b272f222617991478f1afe6f889	e7815579fff182588faceb9b8c028202	c93e41d0339e2c7c103575ad1bc1b382
4852	c088c488c33a6c0a801dcc8664cbf5b4	66084338b94eb47e493dd81e9f348fb9	8d10d4b53e814884aaf0189c0668cbad
4853	b4cb26e312aa9361ac47f7211ae9488b	712afcefc0b50f0e812d743bedecf483	0b5d0677a5ef33fa61a4a5d5bd9c172b
4854	fc634f4fcfd3717cb345076d6cdc41dc	519545476d7bc3d7fa8d7fd2cb56e75c	b52af41e27dbfbcdf29b408d6356d4a0
4855	927413d6bd65e6fc73e6ec9141c283e4	44fb89273791e494cc255a4c716ef708	3c0d1d9bf35284064af44adee7f89567
4856	927413d6bd65e6fc73e6ec9141c283e4	44fb89273791e494cc255a4c716ef708	3c0d1d9bf35284064af44adee7f89567
4857	927413d6bd65e6fc73e6ec9141c283e4	44fb89273791e494cc255a4c716ef708	3c0d1d9bf35284064af44adee7f89567
4858	927413d6bd65e6fc73e6ec9141c283e4	44fb89273791e494cc255a4c716ef708	3c0d1d9bf35284064af44adee7f89567
4859	927413d6bd65e6fc73e6ec9141c283e4	44fb89273791e494cc255a4c716ef708	3c0d1d9bf35284064af44adee7f89567
4860	927413d6bd65e6fc73e6ec9141c283e4	44fb89273791e494cc255a4c716ef708	3c0d1d9bf35284064af44adee7f89567
4861	927413d6bd65e6fc73e6ec9141c283e4	44fb89273791e494cc255a4c716ef708	3c0d1d9bf35284064af44adee7f89567
4862	927413d6bd65e6fc73e6ec9141c283e4	44fb89273791e494cc255a4c716ef708	3c0d1d9bf35284064af44adee7f89567
4863	927413d6bd65e6fc73e6ec9141c283e4	44fb89273791e494cc255a4c716ef708	3c0d1d9bf35284064af44adee7f89567
4864	927413d6bd65e6fc73e6ec9141c283e4	44fb89273791e494cc255a4c716ef708	3c0d1d9bf35284064af44adee7f89567
4865	927413d6bd65e6fc73e6ec9141c283e4	44fb89273791e494cc255a4c716ef708	3c0d1d9bf35284064af44adee7f89567
4866	927413d6bd65e6fc73e6ec9141c283e4	44fb89273791e494cc255a4c716ef708	3c0d1d9bf35284064af44adee7f89567
4867	927413d6bd65e6fc73e6ec9141c283e4	44fb89273791e494cc255a4c716ef708	3c0d1d9bf35284064af44adee7f89567
4868	927413d6bd65e6fc73e6ec9141c283e4	44fb89273791e494cc255a4c716ef708	3c0d1d9bf35284064af44adee7f89567
4869	927413d6bd65e6fc73e6ec9141c283e4	44fb89273791e494cc255a4c716ef708	3c0d1d9bf35284064af44adee7f89567
4870	927413d6bd65e6fc73e6ec9141c283e4	44fb89273791e494cc255a4c716ef708	3c0d1d9bf35284064af44adee7f89567
4871	927413d6bd65e6fc73e6ec9141c283e4	44fb89273791e494cc255a4c716ef708	3c0d1d9bf35284064af44adee7f89567
4872	e4d43f31efdd9544ef006ef5a78708ea	733ac8ac068874c9db4cf97e5afa0a01	0ffae98a324ebf1a108ab8f8c8a3e9bf
4873	e4d43f31efdd9544ef006ef5a78708ea	733ac8ac068874c9db4cf97e5afa0a01	0ffae98a324ebf1a108ab8f8c8a3e9bf
4874	e4d43f31efdd9544ef006ef5a78708ea	733ac8ac068874c9db4cf97e5afa0a01	0ffae98a324ebf1a108ab8f8c8a3e9bf
4875	dad0d82ccd6c3d78242961b79408ff40	334ee183692cf38f7e4e35a167c5e148	2381681fb7cd72fc5b7cc01d4228f2e2
4876	dad0d82ccd6c3d78242961b79408ff40	334ee183692cf38f7e4e35a167c5e148	2381681fb7cd72fc5b7cc01d4228f2e2
4877	dad0d82ccd6c3d78242961b79408ff40	334ee183692cf38f7e4e35a167c5e148	2381681fb7cd72fc5b7cc01d4228f2e2
4878	dad0d82ccd6c3d78242961b79408ff40	334ee183692cf38f7e4e35a167c5e148	2381681fb7cd72fc5b7cc01d4228f2e2
4879	6cf01bbe9b27312463dcdf2419b1c3ed	4cb1c74c876a667871008295c4cdb73d	e1355a02deb3b6283e1446a7878535cd
4880	6cf01bbe9b27312463dcdf2419b1c3ed	a9311537daa56958caa23d6d8237c357	af7030bfa9d8018175d6d4fc8671d649
4881	6cf01bbe9b27312463dcdf2419b1c3ed	a9311537daa56958caa23d6d8237c357	af7030bfa9d8018175d6d4fc8671d649
4882	19d5cb20c703c70b567517e2efff115b	eff6f928aa152ccc4c84a99b88a8f64b	f2a60d773e5286de21e40f818118fe94
4883	19d5cb20c703c70b567517e2efff115b	eff6f928aa152ccc4c84a99b88a8f64b	f2a60d773e5286de21e40f818118fe94
4884	6ad43f78751c798f93970938ef1c32b2	6e0fb679d2d11c00605afb6a9ffa25f3	cb349e3c24d2c2ca78fa0f0c9ed19aa0
4885	6ad43f78751c798f93970938ef1c32b2	6e0fb679d2d11c00605afb6a9ffa25f3	cb349e3c24d2c2ca78fa0f0c9ed19aa0
4886	6ad43f78751c798f93970938ef1c32b2	6e0fb679d2d11c00605afb6a9ffa25f3	cb349e3c24d2c2ca78fa0f0c9ed19aa0
4887	6ad43f78751c798f93970938ef1c32b2	6e0fb679d2d11c00605afb6a9ffa25f3	cb349e3c24d2c2ca78fa0f0c9ed19aa0
4888	6ad43f78751c798f93970938ef1c32b2	6e0fb679d2d11c00605afb6a9ffa25f3	cb349e3c24d2c2ca78fa0f0c9ed19aa0
4889	6ad43f78751c798f93970938ef1c32b2	6e0fb679d2d11c00605afb6a9ffa25f3	cb349e3c24d2c2ca78fa0f0c9ed19aa0
4890	6ad43f78751c798f93970938ef1c32b2	6e0fb679d2d11c00605afb6a9ffa25f3	cb349e3c24d2c2ca78fa0f0c9ed19aa0
4891	98b865d84e3c3fe945700c9a170a4938	d578ced4851f17d8519dd38a1a39a50c	0d9700ab68ae0e83f2c693e5821e4c26
4892	98b865d84e3c3fe945700c9a170a4938	d578ced4851f17d8519dd38a1a39a50c	0d9700ab68ae0e83f2c693e5821e4c26
4893	98b865d84e3c3fe945700c9a170a4938	d578ced4851f17d8519dd38a1a39a50c	0d9700ab68ae0e83f2c693e5821e4c26
4894	98b865d84e3c3fe945700c9a170a4938	d578ced4851f17d8519dd38a1a39a50c	0d9700ab68ae0e83f2c693e5821e4c26
4895	98b865d84e3c3fe945700c9a170a4938	d578ced4851f17d8519dd38a1a39a50c	0d9700ab68ae0e83f2c693e5821e4c26
4896	db5c3a1c28cc44b8c50046de36da87ca	7661d7626e4be4bf8f074bcb4651643e	27efd66cdb014d6213cd2fbe833dfdd3
4897	db5c3a1c28cc44b8c50046de36da87ca	7661d7626e4be4bf8f074bcb4651643e	27efd66cdb014d6213cd2fbe833dfdd3
4898	db5c3a1c28cc44b8c50046de36da87ca	7661d7626e4be4bf8f074bcb4651643e	27efd66cdb014d6213cd2fbe833dfdd3
4899	db5c3a1c28cc44b8c50046de36da87ca	7661d7626e4be4bf8f074bcb4651643e	27efd66cdb014d6213cd2fbe833dfdd3
4900	db5c3a1c28cc44b8c50046de36da87ca	7661d7626e4be4bf8f074bcb4651643e	27efd66cdb014d6213cd2fbe833dfdd3
4901	db5c3a1c28cc44b8c50046de36da87ca	7661d7626e4be4bf8f074bcb4651643e	27efd66cdb014d6213cd2fbe833dfdd3
4902	db5c3a1c28cc44b8c50046de36da87ca	7661d7626e4be4bf8f074bcb4651643e	27efd66cdb014d6213cd2fbe833dfdd3
4903	21abd41796d39519e5c50f4adb0aa7f4	fb5cf8677c2c24eaf11c843a1c6fe802	3cdd40e28a8c341a40b94018d0821ba4
4904	21abd41796d39519e5c50f4adb0aa7f4	fb5cf8677c2c24eaf11c843a1c6fe802	3cdd40e28a8c341a40b94018d0821ba4
4905	21abd41796d39519e5c50f4adb0aa7f4	fb5cf8677c2c24eaf11c843a1c6fe802	3cdd40e28a8c341a40b94018d0821ba4
4906	21abd41796d39519e5c50f4adb0aa7f4	fb5cf8677c2c24eaf11c843a1c6fe802	3cdd40e28a8c341a40b94018d0821ba4
4907	21abd41796d39519e5c50f4adb0aa7f4	fb5cf8677c2c24eaf11c843a1c6fe802	3cdd40e28a8c341a40b94018d0821ba4
4908	dffe003adb1ced379f2be4614cc5706e	60cc8e103a26fface7d8e65fa092eed9	b02da8da671cffa5e6fa57ad62399e6e
4909	dffe003adb1ced379f2be4614cc5706e	60cc8e103a26fface7d8e65fa092eed9	b02da8da671cffa5e6fa57ad62399e6e
4910	dffe003adb1ced379f2be4614cc5706e	60cc8e103a26fface7d8e65fa092eed9	b02da8da671cffa5e6fa57ad62399e6e
4911	dffe003adb1ced379f2be4614cc5706e	60cc8e103a26fface7d8e65fa092eed9	b02da8da671cffa5e6fa57ad62399e6e
4912	dffe003adb1ced379f2be4614cc5706e	60cc8e103a26fface7d8e65fa092eed9	b02da8da671cffa5e6fa57ad62399e6e
4913	eaec70fada8868f082622c2b851821c8	321febe17f697706bbb951087f4821a8	557ef5b9eed83073228e1568576d0be8
4914	eaec70fada8868f082622c2b851821c8	321febe17f697706bbb951087f4821a8	557ef5b9eed83073228e1568576d0be8
4915	eaec70fada8868f082622c2b851821c8	321febe17f697706bbb951087f4821a8	557ef5b9eed83073228e1568576d0be8
4916	b80f44fac9ad10fe73bfcf7ada1bf9f3	6923148f5c3f5dbb5deb35b3f8907874	cf63dd089e51a21615d4f6db05849b10
4917	b80f44fac9ad10fe73bfcf7ada1bf9f3	6923148f5c3f5dbb5deb35b3f8907874	cf63dd089e51a21615d4f6db05849b10
4918	3477bbb186594da28b02c1dc9986495e	1aab10566d979c8cb35efa93fa46abeb	6eb8aaf0f06390ac82a43920d534e1ce
4919	3477bbb186594da28b02c1dc9986495e	3ffeb0d7ea5456451a41ecbe19cfbe2e	74d8fd2eb0cc4af8001b98450d2e1a9a
4920	0e6c9ab1852b00a68d8f1cb95db7ae28	560b67eaaa6dd842a5f7b3a5e7a24e22	e6f99ddf8a463e5944d05ef785c58d2e
4921	0e6c9ab1852b00a68d8f1cb95db7ae28	560b67eaaa6dd842a5f7b3a5e7a24e22	e6f99ddf8a463e5944d05ef785c58d2e
4922	0e6c9ab1852b00a68d8f1cb95db7ae28	560b67eaaa6dd842a5f7b3a5e7a24e22	e6f99ddf8a463e5944d05ef785c58d2e
4923	0e6c9ab1852b00a68d8f1cb95db7ae28	560b67eaaa6dd842a5f7b3a5e7a24e22	e6f99ddf8a463e5944d05ef785c58d2e
4924	0e6c9ab1852b00a68d8f1cb95db7ae28	560b67eaaa6dd842a5f7b3a5e7a24e22	e6f99ddf8a463e5944d05ef785c58d2e
4925	27926ab8ed27024d17248c61328da300	88c0744b73e86af6015e166db001f1a8	61404f5b641268ccaada387f5a96b027
4926	27926ab8ed27024d17248c61328da300	88c0744b73e86af6015e166db001f1a8	61404f5b641268ccaada387f5a96b027
4927	27926ab8ed27024d17248c61328da300	88c0744b73e86af6015e166db001f1a8	61404f5b641268ccaada387f5a96b027
4928	27926ab8ed27024d17248c61328da300	88c0744b73e86af6015e166db001f1a8	61404f5b641268ccaada387f5a96b027
4929	27926ab8ed27024d17248c61328da300	88c0744b73e86af6015e166db001f1a8	61404f5b641268ccaada387f5a96b027
4930	27926ab8ed27024d17248c61328da300	88c0744b73e86af6015e166db001f1a8	61404f5b641268ccaada387f5a96b027
4931	27926ab8ed27024d17248c61328da300	88c0744b73e86af6015e166db001f1a8	61404f5b641268ccaada387f5a96b027
4932	91f45dad92254a5bcc2256f2e11fc246	04df7d20383dd0b09002c938ecfe06b3	a8aac93a2c24449ce152795d36ba5fd5
4933	91f45dad92254a5bcc2256f2e11fc246	8482a590ebb4e2f68c0b19094305d1cf	017e30198cb9dc8abdeba5f994a87f91
4934	91f45dad92254a5bcc2256f2e11fc246	8482a590ebb4e2f68c0b19094305d1cf	017e30198cb9dc8abdeba5f994a87f91
4935	91f45dad92254a5bcc2256f2e11fc246	8482a590ebb4e2f68c0b19094305d1cf	017e30198cb9dc8abdeba5f994a87f91
4936	91f45dad92254a5bcc2256f2e11fc246	8482a590ebb4e2f68c0b19094305d1cf	017e30198cb9dc8abdeba5f994a87f91
4937	91f45dad92254a5bcc2256f2e11fc246	8482a590ebb4e2f68c0b19094305d1cf	017e30198cb9dc8abdeba5f994a87f91
4938	91f45dad92254a5bcc2256f2e11fc246	8482a590ebb4e2f68c0b19094305d1cf	017e30198cb9dc8abdeba5f994a87f91
4939	91f45dad92254a5bcc2256f2e11fc246	8482a590ebb4e2f68c0b19094305d1cf	017e30198cb9dc8abdeba5f994a87f91
4940	91f45dad92254a5bcc2256f2e11fc246	8482a590ebb4e2f68c0b19094305d1cf	017e30198cb9dc8abdeba5f994a87f91
4941	91f45dad92254a5bcc2256f2e11fc246	8482a590ebb4e2f68c0b19094305d1cf	017e30198cb9dc8abdeba5f994a87f91
4942	66a9525fbc979de760104a30fc075dff	7c9a2bd8b3ecbe962b0b398f416d6312	17ddd9d29add7611030bdd8b733d38c8
4943	66a9525fbc979de760104a30fc075dff	7c9a2bd8b3ecbe962b0b398f416d6312	17ddd9d29add7611030bdd8b733d38c8
4944	66a9525fbc979de760104a30fc075dff	7c9a2bd8b3ecbe962b0b398f416d6312	17ddd9d29add7611030bdd8b733d38c8
4945	66a9525fbc979de760104a30fc075dff	7c9a2bd8b3ecbe962b0b398f416d6312	17ddd9d29add7611030bdd8b733d38c8
4946	66a9525fbc979de760104a30fc075dff	7c9a2bd8b3ecbe962b0b398f416d6312	17ddd9d29add7611030bdd8b733d38c8
4947	66a9525fbc979de760104a30fc075dff	7c9a2bd8b3ecbe962b0b398f416d6312	17ddd9d29add7611030bdd8b733d38c8
4948	66a9525fbc979de760104a30fc075dff	7c9a2bd8b3ecbe962b0b398f416d6312	17ddd9d29add7611030bdd8b733d38c8
4949	7b2482fa141a63f956cd42de3696209f	a4649c46df7963d1beaefa9beea6d89d	d9de6a5013688b56969d7f3f64778f47
4950	7b2482fa141a63f956cd42de3696209f	a4649c46df7963d1beaefa9beea6d89d	d9de6a5013688b56969d7f3f64778f47
4951	7b2482fa141a63f956cd42de3696209f	a4649c46df7963d1beaefa9beea6d89d	d9de6a5013688b56969d7f3f64778f47
4952	bd0fbdd958be12fc13687fd5239367eb	9dae60bcf9caeb65c1f0fff2f10bdf31	fcabada98717f9744aa6d8ec7cf01457
4953	78cc5aaf376eab6555afea8a19226777	126558622c836b3c238faa2f48eac135	a20214c2e5e22275ca19fa15814fdd07
4954	4a16cb0d361ba38fae5c15849de10c43	5fd843e8c9a74115df4b3e5ad7672a82	cb13ffde6545e68a8ec608a3ee93e768
4955	4a16cb0d361ba38fae5c15849de10c43	5fd843e8c9a74115df4b3e5ad7672a82	cb13ffde6545e68a8ec608a3ee93e768
4956	4a16cb0d361ba38fae5c15849de10c43	5fd843e8c9a74115df4b3e5ad7672a82	cb13ffde6545e68a8ec608a3ee93e768
4957	4a16cb0d361ba38fae5c15849de10c43	5fd843e8c9a74115df4b3e5ad7672a82	cb13ffde6545e68a8ec608a3ee93e768
4958	4a16cb0d361ba38fae5c15849de10c43	5fd843e8c9a74115df4b3e5ad7672a82	cb13ffde6545e68a8ec608a3ee93e768
4959	4a16cb0d361ba38fae5c15849de10c43	5fd843e8c9a74115df4b3e5ad7672a82	cb13ffde6545e68a8ec608a3ee93e768
4960	4a16cb0d361ba38fae5c15849de10c43	5fd843e8c9a74115df4b3e5ad7672a82	cb13ffde6545e68a8ec608a3ee93e768
4961	d946d0836898b143be11b7defa035c42	114a354c42ec68c51f102ab1f45d9556	ddf6a5cb40281df4b9cb93a06cc09008
4962	d946d0836898b143be11b7defa035c42	114a354c42ec68c51f102ab1f45d9556	ddf6a5cb40281df4b9cb93a06cc09008
4963	d946d0836898b143be11b7defa035c42	114a354c42ec68c51f102ab1f45d9556	ddf6a5cb40281df4b9cb93a06cc09008
4964	d946d0836898b143be11b7defa035c42	114a354c42ec68c51f102ab1f45d9556	ddf6a5cb40281df4b9cb93a06cc09008
4965	d946d0836898b143be11b7defa035c42	114a354c42ec68c51f102ab1f45d9556	ddf6a5cb40281df4b9cb93a06cc09008
4966	ade762b9326aac993ccb8ee4295c3628	dec8a6890ec21d82cb4cb0193efb881c	4201ef97281e5ad0f36810b63612b774
4967	ade762b9326aac993ccb8ee4295c3628	dec8a6890ec21d82cb4cb0193efb881c	4201ef97281e5ad0f36810b63612b774
4968	ade762b9326aac993ccb8ee4295c3628	dec8a6890ec21d82cb4cb0193efb881c	4201ef97281e5ad0f36810b63612b774
4969	ade762b9326aac993ccb8ee4295c3628	dec8a6890ec21d82cb4cb0193efb881c	4201ef97281e5ad0f36810b63612b774
4970	ade762b9326aac993ccb8ee4295c3628	dec8a6890ec21d82cb4cb0193efb881c	4201ef97281e5ad0f36810b63612b774
4971	ade762b9326aac993ccb8ee4295c3628	dec8a6890ec21d82cb4cb0193efb881c	4201ef97281e5ad0f36810b63612b774
4972	ade762b9326aac993ccb8ee4295c3628	dec8a6890ec21d82cb4cb0193efb881c	4201ef97281e5ad0f36810b63612b774
4973	ade762b9326aac993ccb8ee4295c3628	dec8a6890ec21d82cb4cb0193efb881c	4201ef97281e5ad0f36810b63612b774
4974	ade762b9326aac993ccb8ee4295c3628	dec8a6890ec21d82cb4cb0193efb881c	4201ef97281e5ad0f36810b63612b774
4975	ade762b9326aac993ccb8ee4295c3628	dec8a6890ec21d82cb4cb0193efb881c	4201ef97281e5ad0f36810b63612b774
4976	ade762b9326aac993ccb8ee4295c3628	dec8a6890ec21d82cb4cb0193efb881c	4201ef97281e5ad0f36810b63612b774
4977	ade762b9326aac993ccb8ee4295c3628	dec8a6890ec21d82cb4cb0193efb881c	4201ef97281e5ad0f36810b63612b774
4978	ade762b9326aac993ccb8ee4295c3628	dec8a6890ec21d82cb4cb0193efb881c	4201ef97281e5ad0f36810b63612b774
4979	ade762b9326aac993ccb8ee4295c3628	dec8a6890ec21d82cb4cb0193efb881c	4201ef97281e5ad0f36810b63612b774
4980	ade762b9326aac993ccb8ee4295c3628	dec8a6890ec21d82cb4cb0193efb881c	4201ef97281e5ad0f36810b63612b774
4981	ade762b9326aac993ccb8ee4295c3628	dec8a6890ec21d82cb4cb0193efb881c	4201ef97281e5ad0f36810b63612b774
4982	ade762b9326aac993ccb8ee4295c3628	dec8a6890ec21d82cb4cb0193efb881c	4201ef97281e5ad0f36810b63612b774
4983	a3aca4247d0a51a6b582fe5ba1727838	82b75cfd123b69a71705ed539e0b4dae	e9567c87d6e93fe4c335726bc4a8673c
4984	a3aca4247d0a51a6b582fe5ba1727838	82b75cfd123b69a71705ed539e0b4dae	e9567c87d6e93fe4c335726bc4a8673c
4985	a3aca4247d0a51a6b582fe5ba1727838	82b75cfd123b69a71705ed539e0b4dae	e9567c87d6e93fe4c335726bc4a8673c
4986	a3aca4247d0a51a6b582fe5ba1727838	82b75cfd123b69a71705ed539e0b4dae	e9567c87d6e93fe4c335726bc4a8673c
4987	a3aca4247d0a51a6b582fe5ba1727838	82b75cfd123b69a71705ed539e0b4dae	e9567c87d6e93fe4c335726bc4a8673c
4988	a3aca4247d0a51a6b582fe5ba1727838	82b75cfd123b69a71705ed539e0b4dae	e9567c87d6e93fe4c335726bc4a8673c
4989	a3aca4247d0a51a6b582fe5ba1727838	82b75cfd123b69a71705ed539e0b4dae	e9567c87d6e93fe4c335726bc4a8673c
4990	03d1cbc6a07d88bc4a349d67bb16eac0	2a07fb9fc47166ddc19281929f95b2dc	793f7ef615ffb8c88b91a5fb937f98d5
4991	03d1cbc6a07d88bc4a349d67bb16eac0	2a07fb9fc47166ddc19281929f95b2dc	793f7ef615ffb8c88b91a5fb937f98d5
4992	03d1cbc6a07d88bc4a349d67bb16eac0	2a07fb9fc47166ddc19281929f95b2dc	793f7ef615ffb8c88b91a5fb937f98d5
4993	03d1cbc6a07d88bc4a349d67bb16eac0	2a07fb9fc47166ddc19281929f95b2dc	793f7ef615ffb8c88b91a5fb937f98d5
4994	03d1cbc6a07d88bc4a349d67bb16eac0	2a07fb9fc47166ddc19281929f95b2dc	793f7ef615ffb8c88b91a5fb937f98d5
4995	bb910242790c9a5d07b931f7e85689fe	0b680bc6a1cb34806fb7e47b089c1128	a6700488c7d2ce8dbf74d1321531c973
4996	5fa7bd3c0658c10a7669ba6fb7497c35	7868c8ef92a65e2cb92d0e0da241acd4	a7000231c2aab5999e2a99cf4babbcc7
4997	5fa7bd3c0658c10a7669ba6fb7497c35	7868c8ef92a65e2cb92d0e0da241acd4	a7000231c2aab5999e2a99cf4babbcc7
4998	a61b73a80753819ee9cc17f523a54931	6a6172aa47c13c315f272b379e1d1260	3126a7de64b53d27da996f1851609bc5
4999	a61b73a80753819ee9cc17f523a54931	6a6172aa47c13c315f272b379e1d1260	3126a7de64b53d27da996f1851609bc5
5000	a61b73a80753819ee9cc17f523a54931	6a6172aa47c13c315f272b379e1d1260	3126a7de64b53d27da996f1851609bc5
5001	a61b73a80753819ee9cc17f523a54931	6a6172aa47c13c315f272b379e1d1260	3126a7de64b53d27da996f1851609bc5
5002	c7e875cb960e25c463ed0fc967699547	69430f5fc324d9317cccb5f8a1afe2db	d9bb07a3ef173e351f16eb010a3b7ee7
5003	c7e875cb960e25c463ed0fc967699547	69430f5fc324d9317cccb5f8a1afe2db	d9bb07a3ef173e351f16eb010a3b7ee7
5004	c7e875cb960e25c463ed0fc967699547	69430f5fc324d9317cccb5f8a1afe2db	d9bb07a3ef173e351f16eb010a3b7ee7
5005	c7e875cb960e25c463ed0fc967699547	69430f5fc324d9317cccb5f8a1afe2db	d9bb07a3ef173e351f16eb010a3b7ee7
5006	c7e875cb960e25c463ed0fc967699547	69430f5fc324d9317cccb5f8a1afe2db	d9bb07a3ef173e351f16eb010a3b7ee7
5007	ceacf181f33514f3f48785e5110302f5	78c60359714d0b1f83de4cccf3ac1fbd	f5e022f28625cded6011ddece8724250
5008	ceacf181f33514f3f48785e5110302f5	78c60359714d0b1f83de4cccf3ac1fbd	f5e022f28625cded6011ddece8724250
5009	ceacf181f33514f3f48785e5110302f5	78c60359714d0b1f83de4cccf3ac1fbd	f5e022f28625cded6011ddece8724250
5010	ceacf181f33514f3f48785e5110302f5	78c60359714d0b1f83de4cccf3ac1fbd	f5e022f28625cded6011ddece8724250
5011	ceacf181f33514f3f48785e5110302f5	78c60359714d0b1f83de4cccf3ac1fbd	f5e022f28625cded6011ddece8724250
5012	0a49e615f76068b067c66f302e2d9756	366b217bcef452c947b0a300ba5b3abe	bc2cc79dfad0f8801530efd61ea10345
5013	0a49e615f76068b067c66f302e2d9756	366b217bcef452c947b0a300ba5b3abe	bc2cc79dfad0f8801530efd61ea10345
5014	0a49e615f76068b067c66f302e2d9756	366b217bcef452c947b0a300ba5b3abe	bc2cc79dfad0f8801530efd61ea10345
5015	0a49e615f76068b067c66f302e2d9756	366b217bcef452c947b0a300ba5b3abe	bc2cc79dfad0f8801530efd61ea10345
5016	0a49e615f76068b067c66f302e2d9756	366b217bcef452c947b0a300ba5b3abe	bc2cc79dfad0f8801530efd61ea10345
5017	0a49e615f76068b067c66f302e2d9756	366b217bcef452c947b0a300ba5b3abe	bc2cc79dfad0f8801530efd61ea10345
5018	0a49e615f76068b067c66f302e2d9756	366b217bcef452c947b0a300ba5b3abe	bc2cc79dfad0f8801530efd61ea10345
5019	d9c5f8c8704111bf4f46f0590660d8ac	38094d01b52d872529f08d8863a37e15	bfabe58300665428d0260460652137ef
5020	c7bdb0ed1073a88c89ef262eb7fb34a7	8e9739e414d4cc053397ce3e167d9e09	dbabc963f921dd435e344eccfa03a7a5
5021	c7bdb0ed1073a88c89ef262eb7fb34a7	8e9739e414d4cc053397ce3e167d9e09	dbabc963f921dd435e344eccfa03a7a5
5022	c7bdb0ed1073a88c89ef262eb7fb34a7	8e9739e414d4cc053397ce3e167d9e09	dbabc963f921dd435e344eccfa03a7a5
5023	c7bdb0ed1073a88c89ef262eb7fb34a7	8e9739e414d4cc053397ce3e167d9e09	dbabc963f921dd435e344eccfa03a7a5
5024	c2179e625109a144bbe6451c9920f021	851c6fddb11cb9016fbad9c6d38967af	e1ecfe4c6379acef7d51b081a2a81f05
5025	c2179e625109a144bbe6451c9920f021	851c6fddb11cb9016fbad9c6d38967af	e1ecfe4c6379acef7d51b081a2a81f05
5026	c2179e625109a144bbe6451c9920f021	851c6fddb11cb9016fbad9c6d38967af	e1ecfe4c6379acef7d51b081a2a81f05
5027	c2179e625109a144bbe6451c9920f021	851c6fddb11cb9016fbad9c6d38967af	e1ecfe4c6379acef7d51b081a2a81f05
5028	c2179e625109a144bbe6451c9920f021	851c6fddb11cb9016fbad9c6d38967af	e1ecfe4c6379acef7d51b081a2a81f05
5029	c2179e625109a144bbe6451c9920f021	851c6fddb11cb9016fbad9c6d38967af	e1ecfe4c6379acef7d51b081a2a81f05
5030	c2179e625109a144bbe6451c9920f021	851c6fddb11cb9016fbad9c6d38967af	e1ecfe4c6379acef7d51b081a2a81f05
5031	0a06013c9c29904329096e65d82ca8e8	5711bd3bc4c2fab8063976e1d506ef16	8d3a50ba51d14c45f1f1f3334abd99a8
5032	0a06013c9c29904329096e65d82ca8e8	5711bd3bc4c2fab8063976e1d506ef16	8d3a50ba51d14c45f1f1f3334abd99a8
5033	0a06013c9c29904329096e65d82ca8e8	5711bd3bc4c2fab8063976e1d506ef16	8d3a50ba51d14c45f1f1f3334abd99a8
5034	0a06013c9c29904329096e65d82ca8e8	5711bd3bc4c2fab8063976e1d506ef16	8d3a50ba51d14c45f1f1f3334abd99a8
5035	0a06013c9c29904329096e65d82ca8e8	5711bd3bc4c2fab8063976e1d506ef16	8d3a50ba51d14c45f1f1f3334abd99a8
5036	6e4f482a578bc5ca7556e73d8f78d0a6	8342e67ea224e03238790373106d564f	8e0b9649918929b609984169be8fec35
5037	6e4f482a578bc5ca7556e73d8f78d0a6	8342e67ea224e03238790373106d564f	8e0b9649918929b609984169be8fec35
5038	6e4f482a578bc5ca7556e73d8f78d0a6	8342e67ea224e03238790373106d564f	8e0b9649918929b609984169be8fec35
5039	6e4f482a578bc5ca7556e73d8f78d0a6	8342e67ea224e03238790373106d564f	8e0b9649918929b609984169be8fec35
5040	6e4f482a578bc5ca7556e73d8f78d0a6	8342e67ea224e03238790373106d564f	8e0b9649918929b609984169be8fec35
5041	6e4f482a578bc5ca7556e73d8f78d0a6	8342e67ea224e03238790373106d564f	8e0b9649918929b609984169be8fec35
5042	6e4f482a578bc5ca7556e73d8f78d0a6	8342e67ea224e03238790373106d564f	8e0b9649918929b609984169be8fec35
5043	c7b6813bd4e9e400a44e0e62a3ee541e	8720d2df992899694ae04d7441149e06	ce02c3f216d26842941d4dc33fc9ec8b
5044	c7b6813bd4e9e400a44e0e62a3ee541e	8720d2df992899694ae04d7441149e06	ce02c3f216d26842941d4dc33fc9ec8b
5045	c7b6813bd4e9e400a44e0e62a3ee541e	8720d2df992899694ae04d7441149e06	ce02c3f216d26842941d4dc33fc9ec8b
5046	c7b6813bd4e9e400a44e0e62a3ee541e	8720d2df992899694ae04d7441149e06	ce02c3f216d26842941d4dc33fc9ec8b
5047	c7b6813bd4e9e400a44e0e62a3ee541e	8720d2df992899694ae04d7441149e06	ce02c3f216d26842941d4dc33fc9ec8b
5048	f32ef2c88d76be53f815483b7ff173d5	d375daa34f6402f4920567c0fd448a42	78eba7736e50ce832fea6cc238b27034
5049	f32ef2c88d76be53f815483b7ff173d5	d375daa34f6402f4920567c0fd448a42	78eba7736e50ce832fea6cc238b27034
5050	f32ef2c88d76be53f815483b7ff173d5	d375daa34f6402f4920567c0fd448a42	78eba7736e50ce832fea6cc238b27034
5051	f32ef2c88d76be53f815483b7ff173d5	d375daa34f6402f4920567c0fd448a42	78eba7736e50ce832fea6cc238b27034
5052	f32ef2c88d76be53f815483b7ff173d5	d375daa34f6402f4920567c0fd448a42	78eba7736e50ce832fea6cc238b27034
5053	2dfa7ef38f4adf03486051a817cab74a	f99273093a5d5a153c776783ee5fd686	157f371eb9cc87eae12f4a3c3b4d5804
5054	2dfa7ef38f4adf03486051a817cab74a	f99273093a5d5a153c776783ee5fd686	157f371eb9cc87eae12f4a3c3b4d5804
5055	2dfa7ef38f4adf03486051a817cab74a	f99273093a5d5a153c776783ee5fd686	157f371eb9cc87eae12f4a3c3b4d5804
5056	2dfa7ef38f4adf03486051a817cab74a	f99273093a5d5a153c776783ee5fd686	157f371eb9cc87eae12f4a3c3b4d5804
5057	2dfa7ef38f4adf03486051a817cab74a	f99273093a5d5a153c776783ee5fd686	157f371eb9cc87eae12f4a3c3b4d5804
5058	2dfa7ef38f4adf03486051a817cab74a	67563daf77c83073984b78079d4e1acc	80f44e39129adf98993d9fa4f0d11d0e
5059	2dfa7ef38f4adf03486051a817cab74a	f99273093a5d5a153c776783ee5fd686	157f371eb9cc87eae12f4a3c3b4d5804
5060	2dfa7ef38f4adf03486051a817cab74a	f99273093a5d5a153c776783ee5fd686	157f371eb9cc87eae12f4a3c3b4d5804
5061	2dfa7ef38f4adf03486051a817cab74a	f99273093a5d5a153c776783ee5fd686	157f371eb9cc87eae12f4a3c3b4d5804
5062	2dfa7ef38f4adf03486051a817cab74a	f99273093a5d5a153c776783ee5fd686	157f371eb9cc87eae12f4a3c3b4d5804
5063	2dfa7ef38f4adf03486051a817cab74a	f99273093a5d5a153c776783ee5fd686	157f371eb9cc87eae12f4a3c3b4d5804
5064	2dfa7ef38f4adf03486051a817cab74a	f99273093a5d5a153c776783ee5fd686	157f371eb9cc87eae12f4a3c3b4d5804
5065	e6c2fb48d4f08e00e68fdaf1935a8fb3	1baabe3e33a8c40ff1cf2e48ef66f187	d2f12a2119a9109ad3eabccdc13ae70d
5066	e6c2fb48d4f08e00e68fdaf1935a8fb3	1baabe3e33a8c40ff1cf2e48ef66f187	d2f12a2119a9109ad3eabccdc13ae70d
5067	e6c2fb48d4f08e00e68fdaf1935a8fb3	1baabe3e33a8c40ff1cf2e48ef66f187	d2f12a2119a9109ad3eabccdc13ae70d
5068	e6c2fb48d4f08e00e68fdaf1935a8fb3	1baabe3e33a8c40ff1cf2e48ef66f187	d2f12a2119a9109ad3eabccdc13ae70d
5069	e6c2fb48d4f08e00e68fdaf1935a8fb3	1baabe3e33a8c40ff1cf2e48ef66f187	d2f12a2119a9109ad3eabccdc13ae70d
5070	e6c2fb48d4f08e00e68fdaf1935a8fb3	1baabe3e33a8c40ff1cf2e48ef66f187	d2f12a2119a9109ad3eabccdc13ae70d
5071	e6c2fb48d4f08e00e68fdaf1935a8fb3	1baabe3e33a8c40ff1cf2e48ef66f187	d2f12a2119a9109ad3eabccdc13ae70d
5072	219486bb52849e5751ff9a4b45dcd6fb	bcad9b91f5f9d461a32c3ecaa4d19f2e	25a61c1e1940e4c50865634d959f2357
5073	219486bb52849e5751ff9a4b45dcd6fb	bcad9b91f5f9d461a32c3ecaa4d19f2e	25a61c1e1940e4c50865634d959f2357
5074	219486bb52849e5751ff9a4b45dcd6fb	bcad9b91f5f9d461a32c3ecaa4d19f2e	25a61c1e1940e4c50865634d959f2357
5075	219486bb52849e5751ff9a4b45dcd6fb	bcad9b91f5f9d461a32c3ecaa4d19f2e	25a61c1e1940e4c50865634d959f2357
5076	219486bb52849e5751ff9a4b45dcd6fb	bcad9b91f5f9d461a32c3ecaa4d19f2e	25a61c1e1940e4c50865634d959f2357
5077	219486bb52849e5751ff9a4b45dcd6fb	bcad9b91f5f9d461a32c3ecaa4d19f2e	25a61c1e1940e4c50865634d959f2357
5078	219486bb52849e5751ff9a4b45dcd6fb	bcad9b91f5f9d461a32c3ecaa4d19f2e	25a61c1e1940e4c50865634d959f2357
5079	219486bb52849e5751ff9a4b45dcd6fb	bcad9b91f5f9d461a32c3ecaa4d19f2e	25a61c1e1940e4c50865634d959f2357
5080	219486bb52849e5751ff9a4b45dcd6fb	bcad9b91f5f9d461a32c3ecaa4d19f2e	25a61c1e1940e4c50865634d959f2357
5081	219486bb52849e5751ff9a4b45dcd6fb	bcad9b91f5f9d461a32c3ecaa4d19f2e	25a61c1e1940e4c50865634d959f2357
5082	a822e2fc1ab8a852c2f069673c4a32a0	854214ba5effd81e32954f9e58d47d00	642e57082d3e385fc01f946b4aecd08f
5083	a822e2fc1ab8a852c2f069673c4a32a0	854214ba5effd81e32954f9e58d47d00	642e57082d3e385fc01f946b4aecd08f
5084	a822e2fc1ab8a852c2f069673c4a32a0	854214ba5effd81e32954f9e58d47d00	642e57082d3e385fc01f946b4aecd08f
5085	a822e2fc1ab8a852c2f069673c4a32a0	854214ba5effd81e32954f9e58d47d00	642e57082d3e385fc01f946b4aecd08f
5086	a822e2fc1ab8a852c2f069673c4a32a0	854214ba5effd81e32954f9e58d47d00	642e57082d3e385fc01f946b4aecd08f
5087	a822e2fc1ab8a852c2f069673c4a32a0	854214ba5effd81e32954f9e58d47d00	642e57082d3e385fc01f946b4aecd08f
5088	a822e2fc1ab8a852c2f069673c4a32a0	854214ba5effd81e32954f9e58d47d00	642e57082d3e385fc01f946b4aecd08f
5089	5037f2165fcc9a437791bf82be46c369	df74d8ec0d8334953809d2617291a329	a6157b9dedcbcbfad7d542776e0b3bdc
5090	5037f2165fcc9a437791bf82be46c369	df74d8ec0d8334953809d2617291a329	a6157b9dedcbcbfad7d542776e0b3bdc
5091	5037f2165fcc9a437791bf82be46c369	df74d8ec0d8334953809d2617291a329	a6157b9dedcbcbfad7d542776e0b3bdc
5092	5037f2165fcc9a437791bf82be46c369	df74d8ec0d8334953809d2617291a329	a6157b9dedcbcbfad7d542776e0b3bdc
5093	5037f2165fcc9a437791bf82be46c369	6da6e872c727206700cd0629b0d08403	49a91d3d531efe85d057595ae5438233
5094	f2332a4308b98d3bd780ed3cd65f9430	66c55577b0bad0bfc1f52d02d10e3301	7549d95a581002149d0b8c94b36eb5e7
5095	f2332a4308b98d3bd780ed3cd65f9430	66c55577b0bad0bfc1f52d02d10e3301	7549d95a581002149d0b8c94b36eb5e7
5096	f2332a4308b98d3bd780ed3cd65f9430	66c55577b0bad0bfc1f52d02d10e3301	7549d95a581002149d0b8c94b36eb5e7
5097	f2332a4308b98d3bd780ed3cd65f9430	66c55577b0bad0bfc1f52d02d10e3301	7549d95a581002149d0b8c94b36eb5e7
5098	f2332a4308b98d3bd780ed3cd65f9430	66c55577b0bad0bfc1f52d02d10e3301	7549d95a581002149d0b8c94b36eb5e7
5099	f2332a4308b98d3bd780ed3cd65f9430	66c55577b0bad0bfc1f52d02d10e3301	7549d95a581002149d0b8c94b36eb5e7
5100	f2332a4308b98d3bd780ed3cd65f9430	66c55577b0bad0bfc1f52d02d10e3301	7549d95a581002149d0b8c94b36eb5e7
5101	f2332a4308b98d3bd780ed3cd65f9430	66c55577b0bad0bfc1f52d02d10e3301	7549d95a581002149d0b8c94b36eb5e7
5102	f2332a4308b98d3bd780ed3cd65f9430	66c55577b0bad0bfc1f52d02d10e3301	7549d95a581002149d0b8c94b36eb5e7
5103	f2332a4308b98d3bd780ed3cd65f9430	66c55577b0bad0bfc1f52d02d10e3301	7549d95a581002149d0b8c94b36eb5e7
5104	f2332a4308b98d3bd780ed3cd65f9430	66c55577b0bad0bfc1f52d02d10e3301	7549d95a581002149d0b8c94b36eb5e7
5105	f2332a4308b98d3bd780ed3cd65f9430	66c55577b0bad0bfc1f52d02d10e3301	7549d95a581002149d0b8c94b36eb5e7
5106	f2332a4308b98d3bd780ed3cd65f9430	66c55577b0bad0bfc1f52d02d10e3301	7549d95a581002149d0b8c94b36eb5e7
5107	f2332a4308b98d3bd780ed3cd65f9430	66c55577b0bad0bfc1f52d02d10e3301	7549d95a581002149d0b8c94b36eb5e7
5108	f2332a4308b98d3bd780ed3cd65f9430	66c55577b0bad0bfc1f52d02d10e3301	7549d95a581002149d0b8c94b36eb5e7
5109	f2332a4308b98d3bd780ed3cd65f9430	66c55577b0bad0bfc1f52d02d10e3301	7549d95a581002149d0b8c94b36eb5e7
5110	f2332a4308b98d3bd780ed3cd65f9430	66c55577b0bad0bfc1f52d02d10e3301	7549d95a581002149d0b8c94b36eb5e7
5111	bbee235144ca5ddf43609026eb5a8f50	da980cf1e4efd287c37d06773646f4cf	b54246248b8fd0e4bc6fe407d650fb72
5112	bbee235144ca5ddf43609026eb5a8f50	da980cf1e4efd287c37d06773646f4cf	b54246248b8fd0e4bc6fe407d650fb72
5113	bbee235144ca5ddf43609026eb5a8f50	da980cf1e4efd287c37d06773646f4cf	b54246248b8fd0e4bc6fe407d650fb72
5114	879e68e2441fda21e59c78159814dcc1	611b3e699ea188082c72cca367292add	2d6b9171e4a2bcd8ef45d51411722ae5
5115	5580768bd0cfd60fc3729b5286b1414e	5c95cc73f7c1c4f439c5e0bec06259e0	26491d6eaeeff6b39afd5ef8970ed315
5116	2c84270aa5fbe0f4f94c1f03859d0296	edf8a65d8a201450c7e361bd884a6d7b	7a444e8935319fa83048155f65f5679f
5117	2c84270aa5fbe0f4f94c1f03859d0296	edf8a65d8a201450c7e361bd884a6d7b	7a444e8935319fa83048155f65f5679f
5118	25a43b70d58f0a743bd4705de70afc6e	0caab71f968f63548ce7b063685d255c	d3768977ae89e2a1be7b08f4066b5b75
5119	25a43b70d58f0a743bd4705de70afc6e	0caab71f968f63548ce7b063685d255c	d3768977ae89e2a1be7b08f4066b5b75
5120	25a43b70d58f0a743bd4705de70afc6e	0caab71f968f63548ce7b063685d255c	d3768977ae89e2a1be7b08f4066b5b75
5121	57ebe0084ac9ff15d475ab4678a9415e	bf99b210785a89a2629a23b2456d2837	1dd96deda469d50b63e0b63e1ebf1556
5122	57ebe0084ac9ff15d475ab4678a9415e	bf99b210785a89a2629a23b2456d2837	1dd96deda469d50b63e0b63e1ebf1556
5123	0de5143d07cc434e4751aef56d3197b5	c2aaf0e096166fd7e2cf2115b50a99c2	90f74e2d3a131a56eb43a3e22db9c1e3
5124	0de5143d07cc434e4751aef56d3197b5	c2aaf0e096166fd7e2cf2115b50a99c2	90f74e2d3a131a56eb43a3e22db9c1e3
5125	0de5143d07cc434e4751aef56d3197b5	c2aaf0e096166fd7e2cf2115b50a99c2	90f74e2d3a131a56eb43a3e22db9c1e3
5126	0de5143d07cc434e4751aef56d3197b5	c2aaf0e096166fd7e2cf2115b50a99c2	90f74e2d3a131a56eb43a3e22db9c1e3
5127	0de5143d07cc434e4751aef56d3197b5	c2aaf0e096166fd7e2cf2115b50a99c2	90f74e2d3a131a56eb43a3e22db9c1e3
5128	0de5143d07cc434e4751aef56d3197b5	c2aaf0e096166fd7e2cf2115b50a99c2	90f74e2d3a131a56eb43a3e22db9c1e3
5129	0de5143d07cc434e4751aef56d3197b5	c2aaf0e096166fd7e2cf2115b50a99c2	90f74e2d3a131a56eb43a3e22db9c1e3
5130	a8585ea9757971337a7b78d383c38c04	97df381037b9796ae071052380909cd1	50f1ebc5a55a407d1baa3fe0f3755456
5131	11603e4df9d3810bd823d877e350d35f	e1af4051470a1cfafccad96a97ac8212	2121295e6fbdde2da2fdc2a057820d98
5132	11603e4df9d3810bd823d877e350d35f	e1af4051470a1cfafccad96a97ac8212	2121295e6fbdde2da2fdc2a057820d98
5133	0de5143d07cc434e4751aef56d3197b5	6457d2f24325a76b70c657565dec2a53	4a966bb13406753caf8572cabb7f4346
5134	0de5143d07cc434e4751aef56d3197b5	6457d2f24325a76b70c657565dec2a53	4a966bb13406753caf8572cabb7f4346
5135	e6051b33fd37da5a7459063c83c44ee1	12bcedec7f198eff80b6785b295a99ad	314a0e30087dc7dd5c3276d7957deb5a
5136	e6051b33fd37da5a7459063c83c44ee1	12bcedec7f198eff80b6785b295a99ad	314a0e30087dc7dd5c3276d7957deb5a
5137	e6051b33fd37da5a7459063c83c44ee1	12bcedec7f198eff80b6785b295a99ad	314a0e30087dc7dd5c3276d7957deb5a
5138	e6051b33fd37da5a7459063c83c44ee1	12bcedec7f198eff80b6785b295a99ad	314a0e30087dc7dd5c3276d7957deb5a
5139	e6051b33fd37da5a7459063c83c44ee1	12bcedec7f198eff80b6785b295a99ad	314a0e30087dc7dd5c3276d7957deb5a
5140	e6051b33fd37da5a7459063c83c44ee1	12bcedec7f198eff80b6785b295a99ad	314a0e30087dc7dd5c3276d7957deb5a
5141	e6051b33fd37da5a7459063c83c44ee1	12bcedec7f198eff80b6785b295a99ad	314a0e30087dc7dd5c3276d7957deb5a
5142	11d1b4dda58fa063014d1fed465de7a3	7d031ea7bbcbafb243397f68c40e9d4b	eaf68196f842b928f6df85ba873bbfa8
5143	11d1b4dda58fa063014d1fed465de7a3	7d031ea7bbcbafb243397f68c40e9d4b	eaf68196f842b928f6df85ba873bbfa8
5144	11d1b4dda58fa063014d1fed465de7a3	7d031ea7bbcbafb243397f68c40e9d4b	eaf68196f842b928f6df85ba873bbfa8
5145	11d1b4dda58fa063014d1fed465de7a3	7d031ea7bbcbafb243397f68c40e9d4b	eaf68196f842b928f6df85ba873bbfa8
5146	11d1b4dda58fa063014d1fed465de7a3	7d031ea7bbcbafb243397f68c40e9d4b	eaf68196f842b928f6df85ba873bbfa8
5147	11d1b4dda58fa063014d1fed465de7a3	7d031ea7bbcbafb243397f68c40e9d4b	eaf68196f842b928f6df85ba873bbfa8
5148	11d1b4dda58fa063014d1fed465de7a3	7d031ea7bbcbafb243397f68c40e9d4b	eaf68196f842b928f6df85ba873bbfa8
5149	11d1b4dda58fa063014d1fed465de7a3	7d031ea7bbcbafb243397f68c40e9d4b	eaf68196f842b928f6df85ba873bbfa8
5150	11d1b4dda58fa063014d1fed465de7a3	7d031ea7bbcbafb243397f68c40e9d4b	eaf68196f842b928f6df85ba873bbfa8
5151	11d1b4dda58fa063014d1fed465de7a3	7d031ea7bbcbafb243397f68c40e9d4b	eaf68196f842b928f6df85ba873bbfa8
5152	9f79c2404d95bf7b20a8d648033a7e8c	2dff74e7a168bb2e9c9511a923282010	c7a74292db1fd6bc73c8af00a1f09e29
5153	9f79c2404d95bf7b20a8d648033a7e8c	2dff74e7a168bb2e9c9511a923282010	c7a74292db1fd6bc73c8af00a1f09e29
5154	9f79c2404d95bf7b20a8d648033a7e8c	2dff74e7a168bb2e9c9511a923282010	c7a74292db1fd6bc73c8af00a1f09e29
5155	9f79c2404d95bf7b20a8d648033a7e8c	2dff74e7a168bb2e9c9511a923282010	c7a74292db1fd6bc73c8af00a1f09e29
5156	9f79c2404d95bf7b20a8d648033a7e8c	2dff74e7a168bb2e9c9511a923282010	c7a74292db1fd6bc73c8af00a1f09e29
5157	9f79c2404d95bf7b20a8d648033a7e8c	2dff74e7a168bb2e9c9511a923282010	c7a74292db1fd6bc73c8af00a1f09e29
5158	9f79c2404d95bf7b20a8d648033a7e8c	2dff74e7a168bb2e9c9511a923282010	c7a74292db1fd6bc73c8af00a1f09e29
5159	9f79c2404d95bf7b20a8d648033a7e8c	2dff74e7a168bb2e9c9511a923282010	c7a74292db1fd6bc73c8af00a1f09e29
5160	9f79c2404d95bf7b20a8d648033a7e8c	2dff74e7a168bb2e9c9511a923282010	c7a74292db1fd6bc73c8af00a1f09e29
5161	9f79c2404d95bf7b20a8d648033a7e8c	2dff74e7a168bb2e9c9511a923282010	c7a74292db1fd6bc73c8af00a1f09e29
5162	9f79c2404d95bf7b20a8d648033a7e8c	2dff74e7a168bb2e9c9511a923282010	c7a74292db1fd6bc73c8af00a1f09e29
5163	9f79c2404d95bf7b20a8d648033a7e8c	2dff74e7a168bb2e9c9511a923282010	c7a74292db1fd6bc73c8af00a1f09e29
5164	3346e2665e00902154957c8fcd480129	54f73285e3039eaf85f625f25cc424d0	48ee9bef1a76ca0f48df3d26293e325f
5165	3346e2665e00902154957c8fcd480129	54f73285e3039eaf85f625f25cc424d0	48ee9bef1a76ca0f48df3d26293e325f
5166	3346e2665e00902154957c8fcd480129	54f73285e3039eaf85f625f25cc424d0	48ee9bef1a76ca0f48df3d26293e325f
5167	c4ca5a801535a190a2e8aaf0247c2f32	46751378283194b65417007201530ff4	028bf3e0d4d323f733c440ccb878b7e4
5168	c4ca5a801535a190a2e8aaf0247c2f32	46751378283194b65417007201530ff4	028bf3e0d4d323f733c440ccb878b7e4
5169	3346e2665e00902154957c8fcd480129	54f73285e3039eaf85f625f25cc424d0	48ee9bef1a76ca0f48df3d26293e325f
5170	3346e2665e00902154957c8fcd480129	54f73285e3039eaf85f625f25cc424d0	48ee9bef1a76ca0f48df3d26293e325f
5171	e68217f8d0653f9bd54d5064d96fd374	e66f651e6553dea8000b94171b856533	73b14827d6f6d4a0dd0f1286d0a87d0b
5172	862e784367b509d533dd4690032f218d	99f0e0cd40d4f7473cd604cf5a9b18f1	7966f5fd044b8eac640f66266dc0a440
5173	862e784367b509d533dd4690032f218d	99f0e0cd40d4f7473cd604cf5a9b18f1	7966f5fd044b8eac640f66266dc0a440
5174	862e784367b509d533dd4690032f218d	99f0e0cd40d4f7473cd604cf5a9b18f1	7966f5fd044b8eac640f66266dc0a440
5175	b824e4389273e062ca36d426b8d47d7e	0df07ed345ab4e3d2305a9c801458797	2b67aab9329549a493bb87390e2a84c2
5176	e3cc6309adbc269d6d11f29f22b134f6	dd3f66e9347849f0fa6dd4f66396ddf9	24868c4617bf3cd1dfbe75a9720484b0
5177	e3cc6309adbc269d6d11f29f22b134f6	dd3f66e9347849f0fa6dd4f66396ddf9	24868c4617bf3cd1dfbe75a9720484b0
5178	e3cc6309adbc269d6d11f29f22b134f6	dd3f66e9347849f0fa6dd4f66396ddf9	24868c4617bf3cd1dfbe75a9720484b0
5179	e3cc6309adbc269d6d11f29f22b134f6	dd3f66e9347849f0fa6dd4f66396ddf9	24868c4617bf3cd1dfbe75a9720484b0
5180	e3cc6309adbc269d6d11f29f22b134f6	dd3f66e9347849f0fa6dd4f66396ddf9	24868c4617bf3cd1dfbe75a9720484b0
5181	b88833ca678070b13aa8ffebe020ad25	7f8674276a1693221c161c60c95e54d6	ea13d93139202d657b6a2dc2c112f266
5182	b88833ca678070b13aa8ffebe020ad25	7f8674276a1693221c161c60c95e54d6	ea13d93139202d657b6a2dc2c112f266
5183	b88833ca678070b13aa8ffebe020ad25	7f8674276a1693221c161c60c95e54d6	ea13d93139202d657b6a2dc2c112f266
5184	76a237bb3507f5aab8461633b9514f5e	ebeb55faf4cbef3aef80bea299360c36	8f1deebc9499c4f4f722cd8de4368c4b
5185	76a237bb3507f5aab8461633b9514f5e	ebeb55faf4cbef3aef80bea299360c36	8f1deebc9499c4f4f722cd8de4368c4b
5186	76a237bb3507f5aab8461633b9514f5e	ebeb55faf4cbef3aef80bea299360c36	8f1deebc9499c4f4f722cd8de4368c4b
5187	76a237bb3507f5aab8461633b9514f5e	ebeb55faf4cbef3aef80bea299360c36	8f1deebc9499c4f4f722cd8de4368c4b
5188	d03e61644ec109585b3df0fa7cebc287	8401c07d8444b4eb1f79d0e5accd6ca8	8dd16d8c2593e395e5a16b3fe471c3b0
5189	d03e61644ec109585b3df0fa7cebc287	8401c07d8444b4eb1f79d0e5accd6ca8	8dd16d8c2593e395e5a16b3fe471c3b0
5190	d03e61644ec109585b3df0fa7cebc287	8401c07d8444b4eb1f79d0e5accd6ca8	8dd16d8c2593e395e5a16b3fe471c3b0
5191	11a0509cdd897d4945bb024ab538f1ba	7f8a057fe5402351ad290a82eefbeb57	067ac8ce59189a6df3d24fd7a0f9eb90
5192	a50696a4e297cfd2eb248fcfc6d3a850	0f5ad77c18cf34ebf26c851c09e23422	ebbd4e78dec060c1e64c6a69e9baaf32
5193	74bb308950baa736612b2b2e562d4144	58c749a530a12d1be63d0dbc5e7d8506	cab99cfd04c4dde6d0ecd61ceb7f1c1a
5194	74bb308950baa736612b2b2e562d4144	58c749a530a12d1be63d0dbc5e7d8506	cab99cfd04c4dde6d0ecd61ceb7f1c1a
5195	74bb308950baa736612b2b2e562d4144	58c749a530a12d1be63d0dbc5e7d8506	cab99cfd04c4dde6d0ecd61ceb7f1c1a
5196	74bb308950baa736612b2b2e562d4144	58c749a530a12d1be63d0dbc5e7d8506	cab99cfd04c4dde6d0ecd61ceb7f1c1a
5197	74bb308950baa736612b2b2e562d4144	58c749a530a12d1be63d0dbc5e7d8506	cab99cfd04c4dde6d0ecd61ceb7f1c1a
5198	74bb308950baa736612b2b2e562d4144	58c749a530a12d1be63d0dbc5e7d8506	cab99cfd04c4dde6d0ecd61ceb7f1c1a
5199	74bb308950baa736612b2b2e562d4144	58c749a530a12d1be63d0dbc5e7d8506	cab99cfd04c4dde6d0ecd61ceb7f1c1a
5200	5606daa667cd5ffb88660cac18239331	d8002d083befac2e1b2be00aa9a6748d	0bba41cc65638c702a4830c13d77ce08
5201	5606daa667cd5ffb88660cac18239331	d8002d083befac2e1b2be00aa9a6748d	0bba41cc65638c702a4830c13d77ce08
5202	5606daa667cd5ffb88660cac18239331	d8002d083befac2e1b2be00aa9a6748d	0bba41cc65638c702a4830c13d77ce08
5203	5606daa667cd5ffb88660cac18239331	d8002d083befac2e1b2be00aa9a6748d	0bba41cc65638c702a4830c13d77ce08
5204	5606daa667cd5ffb88660cac18239331	d8002d083befac2e1b2be00aa9a6748d	0bba41cc65638c702a4830c13d77ce08
5205	54fcd8e21ca2e173951fe941ca10a6f7	4378851ff00a4a82ab4b8a25cbd9cc80	008910941dcdda1c1760c045c32e9d3f
5206	54fcd8e21ca2e173951fe941ca10a6f7	4378851ff00a4a82ab4b8a25cbd9cc80	008910941dcdda1c1760c045c32e9d3f
5207	54fcd8e21ca2e173951fe941ca10a6f7	4378851ff00a4a82ab4b8a25cbd9cc80	008910941dcdda1c1760c045c32e9d3f
5208	54fcd8e21ca2e173951fe941ca10a6f7	4378851ff00a4a82ab4b8a25cbd9cc80	008910941dcdda1c1760c045c32e9d3f
5209	54fcd8e21ca2e173951fe941ca10a6f7	4378851ff00a4a82ab4b8a25cbd9cc80	008910941dcdda1c1760c045c32e9d3f
5210	54fcd8e21ca2e173951fe941ca10a6f7	4378851ff00a4a82ab4b8a25cbd9cc80	008910941dcdda1c1760c045c32e9d3f
5211	54fcd8e21ca2e173951fe941ca10a6f7	4378851ff00a4a82ab4b8a25cbd9cc80	008910941dcdda1c1760c045c32e9d3f
5212	54fcd8e21ca2e173951fe941ca10a6f7	4378851ff00a4a82ab4b8a25cbd9cc80	008910941dcdda1c1760c045c32e9d3f
5213	54fcd8e21ca2e173951fe941ca10a6f7	4378851ff00a4a82ab4b8a25cbd9cc80	008910941dcdda1c1760c045c32e9d3f
5214	54fcd8e21ca2e173951fe941ca10a6f7	4378851ff00a4a82ab4b8a25cbd9cc80	008910941dcdda1c1760c045c32e9d3f
5215	54fcd8e21ca2e173951fe941ca10a6f7	4378851ff00a4a82ab4b8a25cbd9cc80	008910941dcdda1c1760c045c32e9d3f
5216	54fcd8e21ca2e173951fe941ca10a6f7	4378851ff00a4a82ab4b8a25cbd9cc80	008910941dcdda1c1760c045c32e9d3f
5217	88343fd82b6b1f7432538f249f85fbb2	d43c0b5f4f5934e5d1647fece6043db3	ce8807954969f2e44c218208fc0afacb
5218	88343fd82b6b1f7432538f249f85fbb2	d43c0b5f4f5934e5d1647fece6043db3	ce8807954969f2e44c218208fc0afacb
5219	88343fd82b6b1f7432538f249f85fbb2	d43c0b5f4f5934e5d1647fece6043db3	ce8807954969f2e44c218208fc0afacb
5220	88343fd82b6b1f7432538f249f85fbb2	d43c0b5f4f5934e5d1647fece6043db3	ce8807954969f2e44c218208fc0afacb
5221	88343fd82b6b1f7432538f249f85fbb2	d43c0b5f4f5934e5d1647fece6043db3	ce8807954969f2e44c218208fc0afacb
5222	fe2cb5240d0c6e5ff1b9c239e15eb05a	e649fde4c08c158d0b18cfb280439f36	8fe387aaf479a864f8306a9ab55d4d9b
5223	fe2cb5240d0c6e5ff1b9c239e15eb05a	e649fde4c08c158d0b18cfb280439f36	8fe387aaf479a864f8306a9ab55d4d9b
5224	7245d802ecec8d12632fc423bd99363d	9ab84a55468e0963c0cabd1a537729b6	0eb91aad3527f5bd1a8eb970567df603
5225	3493329e29fa78ea4ec714cb5b9ee876	bcfd3ffdd255e3ba511141dbe62ad625	8169fa468a66da945ce182e1ca746a90
5226	3493329e29fa78ea4ec714cb5b9ee876	bcfd3ffdd255e3ba511141dbe62ad625	8169fa468a66da945ce182e1ca746a90
5227	d86c82bf112419f1fd6eb9dbffcb956b	1beb53d19362855ee489760f889e1f55	0054eafdb2d9451cc4e6c07f9400edf0
5228	d86c82bf112419f1fd6eb9dbffcb956b	1beb53d19362855ee489760f889e1f55	0054eafdb2d9451cc4e6c07f9400edf0
5229	0718007246dd11968a18ea855574c3dd	ef26cc0e87942bd5d7062f094a2f3db7	2d57b38974e3d51ffa6bb0918d94022f
5230	0718007246dd11968a18ea855574c3dd	ef26cc0e87942bd5d7062f094a2f3db7	2d57b38974e3d51ffa6bb0918d94022f
5231	0718007246dd11968a18ea855574c3dd	ef26cc0e87942bd5d7062f094a2f3db7	2d57b38974e3d51ffa6bb0918d94022f
5232	0718007246dd11968a18ea855574c3dd	ef26cc0e87942bd5d7062f094a2f3db7	2d57b38974e3d51ffa6bb0918d94022f
5233	0718007246dd11968a18ea855574c3dd	ef26cc0e87942bd5d7062f094a2f3db7	2d57b38974e3d51ffa6bb0918d94022f
5234	190a8c80256fffa39183ac37ec83b163	f65947141bb4379607588a23af00b402	00e614ddd265cbe86355dfa26cc85937
5235	190a8c80256fffa39183ac37ec83b163	f65947141bb4379607588a23af00b402	00e614ddd265cbe86355dfa26cc85937
5236	190a8c80256fffa39183ac37ec83b163	f65947141bb4379607588a23af00b402	00e614ddd265cbe86355dfa26cc85937
5237	190a8c80256fffa39183ac37ec83b163	f65947141bb4379607588a23af00b402	00e614ddd265cbe86355dfa26cc85937
5238	190a8c80256fffa39183ac37ec83b163	f65947141bb4379607588a23af00b402	00e614ddd265cbe86355dfa26cc85937
5239	190a8c80256fffa39183ac37ec83b163	f65947141bb4379607588a23af00b402	00e614ddd265cbe86355dfa26cc85937
5240	190a8c80256fffa39183ac37ec83b163	f65947141bb4379607588a23af00b402	00e614ddd265cbe86355dfa26cc85937
5241	836e0dd8f5c2a775c214c5b914061fca	d1ce90e52c4464b38e679749a8c603d6	b6a489ad20f803f1802c087329631ff1
5242	836e0dd8f5c2a775c214c5b914061fca	d1ce90e52c4464b38e679749a8c603d6	b6a489ad20f803f1802c087329631ff1
5243	836e0dd8f5c2a775c214c5b914061fca	d1ce90e52c4464b38e679749a8c603d6	b6a489ad20f803f1802c087329631ff1
5244	7d64f41f69a8e4a34e4bc90752660afe	11a3ad02a1e395aafaadf5ba898fdaa0	1871715b8b8b40fb1ffb03de984ad27e
5245	059b485c2d374e463823329c7347372c	0812e2404075710686a396faba24300d	7a8bb82b4a80c5b29b2dea729f3d03a4
5246	836e0dd8f5c2a775c214c5b914061fca	d1ce90e52c4464b38e679749a8c603d6	b6a489ad20f803f1802c087329631ff1
5247	836e0dd8f5c2a775c214c5b914061fca	d1ce90e52c4464b38e679749a8c603d6	b6a489ad20f803f1802c087329631ff1
5248	836e0dd8f5c2a775c214c5b914061fca	d1ce90e52c4464b38e679749a8c603d6	b6a489ad20f803f1802c087329631ff1
5249	059b485c2d374e463823329c7347372c	0812e2404075710686a396faba24300d	7a8bb82b4a80c5b29b2dea729f3d03a4
5250	059b485c2d374e463823329c7347372c	0812e2404075710686a396faba24300d	7a8bb82b4a80c5b29b2dea729f3d03a4
5251	2aab85b3cc509788d95aad047c994bcd	983eb25c1730799037c3230d9a542266	f579f2dbff2557f6e62e878cead7f1c0
5252	2aab85b3cc509788d95aad047c994bcd	983eb25c1730799037c3230d9a542266	f579f2dbff2557f6e62e878cead7f1c0
5253	2aab85b3cc509788d95aad047c994bcd	983eb25c1730799037c3230d9a542266	f579f2dbff2557f6e62e878cead7f1c0
5254	2aab85b3cc509788d95aad047c994bcd	983eb25c1730799037c3230d9a542266	f579f2dbff2557f6e62e878cead7f1c0
5255	2aab85b3cc509788d95aad047c994bcd	983eb25c1730799037c3230d9a542266	f579f2dbff2557f6e62e878cead7f1c0
5256	2aab85b3cc509788d95aad047c994bcd	983eb25c1730799037c3230d9a542266	f579f2dbff2557f6e62e878cead7f1c0
5257	2aab85b3cc509788d95aad047c994bcd	983eb25c1730799037c3230d9a542266	f579f2dbff2557f6e62e878cead7f1c0
5258	62fc5dcd47581656a8842f22bfee2a8c	87783dd0c9c8107a80d7dce214668707	c5d76753ea75d09e2a8671e5efd95c9d
5259	62fc5dcd47581656a8842f22bfee2a8c	87783dd0c9c8107a80d7dce214668707	c5d76753ea75d09e2a8671e5efd95c9d
5260	62fc5dcd47581656a8842f22bfee2a8c	87783dd0c9c8107a80d7dce214668707	c5d76753ea75d09e2a8671e5efd95c9d
5261	62fc5dcd47581656a8842f22bfee2a8c	87783dd0c9c8107a80d7dce214668707	c5d76753ea75d09e2a8671e5efd95c9d
5262	62fc5dcd47581656a8842f22bfee2a8c	87783dd0c9c8107a80d7dce214668707	c5d76753ea75d09e2a8671e5efd95c9d
5263	7a19cfa0cbb90ea9980717cfecdc7026	15ea60bc83968c28126f75d9f56249d0	63d438ae18b9158c73adc27c33b9d28c
5264	7a19cfa0cbb90ea9980717cfecdc7026	15ea60bc83968c28126f75d9f56249d0	63d438ae18b9158c73adc27c33b9d28c
5265	7a19cfa0cbb90ea9980717cfecdc7026	15ea60bc83968c28126f75d9f56249d0	63d438ae18b9158c73adc27c33b9d28c
5266	7a19cfa0cbb90ea9980717cfecdc7026	15ea60bc83968c28126f75d9f56249d0	63d438ae18b9158c73adc27c33b9d28c
5267	7a19cfa0cbb90ea9980717cfecdc7026	15ea60bc83968c28126f75d9f56249d0	63d438ae18b9158c73adc27c33b9d28c
5268	7a19cfa0cbb90ea9980717cfecdc7026	15ea60bc83968c28126f75d9f56249d0	63d438ae18b9158c73adc27c33b9d28c
5269	7a19cfa0cbb90ea9980717cfecdc7026	15ea60bc83968c28126f75d9f56249d0	63d438ae18b9158c73adc27c33b9d28c
5270	7a19cfa0cbb90ea9980717cfecdc7026	15ea60bc83968c28126f75d9f56249d0	63d438ae18b9158c73adc27c33b9d28c
5271	7a19cfa0cbb90ea9980717cfecdc7026	15ea60bc83968c28126f75d9f56249d0	63d438ae18b9158c73adc27c33b9d28c
5272	7a19cfa0cbb90ea9980717cfecdc7026	15ea60bc83968c28126f75d9f56249d0	63d438ae18b9158c73adc27c33b9d28c
5273	7a19cfa0cbb90ea9980717cfecdc7026	15ea60bc83968c28126f75d9f56249d0	63d438ae18b9158c73adc27c33b9d28c
5274	7a19cfa0cbb90ea9980717cfecdc7026	15ea60bc83968c28126f75d9f56249d0	63d438ae18b9158c73adc27c33b9d28c
5275	7a19cfa0cbb90ea9980717cfecdc7026	15ea60bc83968c28126f75d9f56249d0	63d438ae18b9158c73adc27c33b9d28c
5276	7a19cfa0cbb90ea9980717cfecdc7026	15ea60bc83968c28126f75d9f56249d0	63d438ae18b9158c73adc27c33b9d28c
5277	7a19cfa0cbb90ea9980717cfecdc7026	15ea60bc83968c28126f75d9f56249d0	63d438ae18b9158c73adc27c33b9d28c
5278	7a19cfa0cbb90ea9980717cfecdc7026	15ea60bc83968c28126f75d9f56249d0	63d438ae18b9158c73adc27c33b9d28c
5279	7a19cfa0cbb90ea9980717cfecdc7026	15ea60bc83968c28126f75d9f56249d0	63d438ae18b9158c73adc27c33b9d28c
5280	70107dba81dc2ee5b827a6adc349579c	aaa09a4a34ae80aa08402a600de3e120	ae70f35a2406212d6c759d32ae989468
5281	70107dba81dc2ee5b827a6adc349579c	aaa09a4a34ae80aa08402a600de3e120	ae70f35a2406212d6c759d32ae989468
5282	70107dba81dc2ee5b827a6adc349579c	aaa09a4a34ae80aa08402a600de3e120	ae70f35a2406212d6c759d32ae989468
5283	70107dba81dc2ee5b827a6adc349579c	aaa09a4a34ae80aa08402a600de3e120	ae70f35a2406212d6c759d32ae989468
5284	70107dba81dc2ee5b827a6adc349579c	aaa09a4a34ae80aa08402a600de3e120	ae70f35a2406212d6c759d32ae989468
5285	70107dba81dc2ee5b827a6adc349579c	aaa09a4a34ae80aa08402a600de3e120	ae70f35a2406212d6c759d32ae989468
5286	70107dba81dc2ee5b827a6adc349579c	aaa09a4a34ae80aa08402a600de3e120	ae70f35a2406212d6c759d32ae989468
5287	ad905dc2a2a51c2f235a1fdd0bdd6d58	277533dbb8aed76d9d0ca0940687ec92	7bead481c6e9c45251298fb4c65af775
5288	ad905dc2a2a51c2f235a1fdd0bdd6d58	277533dbb8aed76d9d0ca0940687ec92	7bead481c6e9c45251298fb4c65af775
5289	ad905dc2a2a51c2f235a1fdd0bdd6d58	277533dbb8aed76d9d0ca0940687ec92	7bead481c6e9c45251298fb4c65af775
5290	1e204bda9b54e3fd0520b2735fe0ca8b	ea76a831b4c57a3280cabbfdb0bf271e	1fedabab6f40cc38bd83ec5e13b881f1
5291	1e204bda9b54e3fd0520b2735fe0ca8b	ea76a831b4c57a3280cabbfdb0bf271e	1fedabab6f40cc38bd83ec5e13b881f1
5292	587b5f367432066cc9338be3446550a8	c923f9fa0725b17d812564aab1a14025	fe4c85b0be0017b3f481cec321b07c8d
5293	587b5f367432066cc9338be3446550a8	c923f9fa0725b17d812564aab1a14025	fe4c85b0be0017b3f481cec321b07c8d
5294	587b5f367432066cc9338be3446550a8	c923f9fa0725b17d812564aab1a14025	fe4c85b0be0017b3f481cec321b07c8d
5295	a99cb399fd16eddaa6f5347b53d8c151	a42fdb29e2c597d33fd70c6c393456e1	57bd5b61d914b9d499ad42d3ff55f3ab
5296	a99cb399fd16eddaa6f5347b53d8c151	a42fdb29e2c597d33fd70c6c393456e1	57bd5b61d914b9d499ad42d3ff55f3ab
5297	ecd22702569bcd4162cf82cd4e6a864f	0f53f5cd8cd570b27d726ef41a6e159b	847bdc03a40695fe9440df468f4fff20
5298	ecd22702569bcd4162cf82cd4e6a864f	0f53f5cd8cd570b27d726ef41a6e159b	847bdc03a40695fe9440df468f4fff20
5299	90cddc7411dda53b1d4e23dfd726f15f	0c6d4d2c46f83c869a3e4f64f2488179	1a3aad46fb8c0c3ac7725224ceb93687
5300	90cddc7411dda53b1d4e23dfd726f15f	0c6d4d2c46f83c869a3e4f64f2488179	1a3aad46fb8c0c3ac7725224ceb93687
5301	90cddc7411dda53b1d4e23dfd726f15f	0c6d4d2c46f83c869a3e4f64f2488179	1a3aad46fb8c0c3ac7725224ceb93687
5302	7a0a2221c8c27478cdb5be0e5655410e	71be17bc0424e293220d0e8492a096d4	5e9d9235b44fd70b372bf785cbd368e7
5303	7a0a2221c8c27478cdb5be0e5655410e	71be17bc0424e293220d0e8492a096d4	5e9d9235b44fd70b372bf785cbd368e7
5304	4316d8f79557bfcec650762e26170cd3	e34762146229ea35f92ddce37d3ecb09	2a042bf5e548bf273456e640fc00364c
5305	4316d8f79557bfcec650762e26170cd3	e34762146229ea35f92ddce37d3ecb09	2a042bf5e548bf273456e640fc00364c
5306	4316d8f79557bfcec650762e26170cd3	e34762146229ea35f92ddce37d3ecb09	2a042bf5e548bf273456e640fc00364c
5307	4316d8f79557bfcec650762e26170cd3	e34762146229ea35f92ddce37d3ecb09	2a042bf5e548bf273456e640fc00364c
5308	4316d8f79557bfcec650762e26170cd3	e34762146229ea35f92ddce37d3ecb09	2a042bf5e548bf273456e640fc00364c
5309	4316d8f79557bfcec650762e26170cd3	e34762146229ea35f92ddce37d3ecb09	2a042bf5e548bf273456e640fc00364c
5310	4316d8f79557bfcec650762e26170cd3	e34762146229ea35f92ddce37d3ecb09	2a042bf5e548bf273456e640fc00364c
5311	1d34adbbdd33ea599f6a3a055893beb5	a66907248b0c44e09c10a28c35246717	7bb2c72f907309552056da08cf49253d
5312	1d34adbbdd33ea599f6a3a055893beb5	a66907248b0c44e09c10a28c35246717	7bb2c72f907309552056da08cf49253d
5313	1d34adbbdd33ea599f6a3a055893beb5	a66907248b0c44e09c10a28c35246717	7bb2c72f907309552056da08cf49253d
5314	1d34adbbdd33ea599f6a3a055893beb5	b20e4700bbd2e8211f0294ef94d9a126	da6b5c2cfdaffdf09e93575d593ac6c7
5315	71acb5172569666796d2153c2abe1f43	7849ffead2971e7ef7dc510eb2b7af60	015317bf6679aa43a873785c23e0f915
5316	1d34adbbdd33ea599f6a3a055893beb5	a66907248b0c44e09c10a28c35246717	7bb2c72f907309552056da08cf49253d
5317	1d34adbbdd33ea599f6a3a055893beb5	a66907248b0c44e09c10a28c35246717	7bb2c72f907309552056da08cf49253d
5318	1d34adbbdd33ea599f6a3a055893beb5	a66907248b0c44e09c10a28c35246717	7bb2c72f907309552056da08cf49253d
5319	1d34adbbdd33ea599f6a3a055893beb5	a66907248b0c44e09c10a28c35246717	7bb2c72f907309552056da08cf49253d
5320	1d34adbbdd33ea599f6a3a055893beb5	a66907248b0c44e09c10a28c35246717	7bb2c72f907309552056da08cf49253d
5321	9bcc40592ea176969987a3098989e0ee	2a882d1af05d32feed13596105fbb3cb	74fd06fb294bb67e1e6bdafab488c2e8
5322	9bcc40592ea176969987a3098989e0ee	2a882d1af05d32feed13596105fbb3cb	74fd06fb294bb67e1e6bdafab488c2e8
5323	9bcc40592ea176969987a3098989e0ee	2a882d1af05d32feed13596105fbb3cb	74fd06fb294bb67e1e6bdafab488c2e8
5324	9bcc40592ea176969987a3098989e0ee	2a882d1af05d32feed13596105fbb3cb	74fd06fb294bb67e1e6bdafab488c2e8
5325	9bcc40592ea176969987a3098989e0ee	2a882d1af05d32feed13596105fbb3cb	74fd06fb294bb67e1e6bdafab488c2e8
5326	9bcc40592ea176969987a3098989e0ee	2a882d1af05d32feed13596105fbb3cb	74fd06fb294bb67e1e6bdafab488c2e8
5327	9bcc40592ea176969987a3098989e0ee	2a882d1af05d32feed13596105fbb3cb	74fd06fb294bb67e1e6bdafab488c2e8
5328	526df4582b77bdaf501612e4c24db7ae	ff81b3df2594cc8557a60d39b005e11a	af7c31028b57bc5784df61afd8de9ef5
5329	526df4582b77bdaf501612e4c24db7ae	ff81b3df2594cc8557a60d39b005e11a	af7c31028b57bc5784df61afd8de9ef5
5330	526df4582b77bdaf501612e4c24db7ae	ff81b3df2594cc8557a60d39b005e11a	af7c31028b57bc5784df61afd8de9ef5
5331	526df4582b77bdaf501612e4c24db7ae	ff81b3df2594cc8557a60d39b005e11a	af7c31028b57bc5784df61afd8de9ef5
5332	526df4582b77bdaf501612e4c24db7ae	ff81b3df2594cc8557a60d39b005e11a	af7c31028b57bc5784df61afd8de9ef5
5333	fab6336b50f3f1c4872ac827d19a92e9	97bd45d3718f2ba965bd5493f1497160	178aa7adb31b96b7b0a4bc6c4acadbf3
5334	fab6336b50f3f1c4872ac827d19a92e9	97bd45d3718f2ba965bd5493f1497160	178aa7adb31b96b7b0a4bc6c4acadbf3
5335	fab6336b50f3f1c4872ac827d19a92e9	97bd45d3718f2ba965bd5493f1497160	178aa7adb31b96b7b0a4bc6c4acadbf3
5336	93bff2eef603f58f1182c175b004afaa	035b669fa103a09977a5fcec0b06a0f8	06790dd8ca4a382d321205e7d62a7af7
5337	f2f3f9466f3a14fd5b44b039cd41e36b	93962a3fc619dda43706d01cea5274a0	ca83e2200621e0303cb7cb0a39004deb
5338	fab6336b50f3f1c4872ac827d19a92e9	97bd45d3718f2ba965bd5493f1497160	178aa7adb31b96b7b0a4bc6c4acadbf3
5339	fab6336b50f3f1c4872ac827d19a92e9	97bd45d3718f2ba965bd5493f1497160	178aa7adb31b96b7b0a4bc6c4acadbf3
5340	d6ae5f5562f7c1ab7c25b196d3fc8709	d7ebe30d22111c0eedda0bdafc0c17c2	b5950a4810ef9afc576200db3a70b061
5341	d6ae5f5562f7c1ab7c25b196d3fc8709	d7ebe30d22111c0eedda0bdafc0c17c2	b5950a4810ef9afc576200db3a70b061
5342	d6ae5f5562f7c1ab7c25b196d3fc8709	d7ebe30d22111c0eedda0bdafc0c17c2	b5950a4810ef9afc576200db3a70b061
5343	d6ae5f5562f7c1ab7c25b196d3fc8709	d7ebe30d22111c0eedda0bdafc0c17c2	b5950a4810ef9afc576200db3a70b061
5344	d6ae5f5562f7c1ab7c25b196d3fc8709	d7ebe30d22111c0eedda0bdafc0c17c2	b5950a4810ef9afc576200db3a70b061
5345	59d82f99264403242b63ccbb51ec84b4	f81cd20aaea3c137c5409f2b64a7f314	d708b6c1fffdc29f516a6f28b8a79143
5346	70f84944a856203f35d651f6395fcd59	bc872807a6fc60a103027f8d758ee4f9	1418cb8cf39e25894d51c920176d8c3a
5347	70f84944a856203f35d651f6395fcd59	bc872807a6fc60a103027f8d758ee4f9	1418cb8cf39e25894d51c920176d8c3a
5348	70f84944a856203f35d651f6395fcd59	bc872807a6fc60a103027f8d758ee4f9	1418cb8cf39e25894d51c920176d8c3a
5349	70f84944a856203f35d651f6395fcd59	bc872807a6fc60a103027f8d758ee4f9	1418cb8cf39e25894d51c920176d8c3a
5350	2199e2bc27339f54839f44795031e213	0f2cb79e012d445340a6bfbec2822d07	c0fa06bc85dd52712a6da8cf797883da
5351	2199e2bc27339f54839f44795031e213	0f2cb79e012d445340a6bfbec2822d07	c0fa06bc85dd52712a6da8cf797883da
5352	2199e2bc27339f54839f44795031e213	0f2cb79e012d445340a6bfbec2822d07	c0fa06bc85dd52712a6da8cf797883da
5353	2199e2bc27339f54839f44795031e213	0f2cb79e012d445340a6bfbec2822d07	c0fa06bc85dd52712a6da8cf797883da
5354	2199e2bc27339f54839f44795031e213	0f2cb79e012d445340a6bfbec2822d07	c0fa06bc85dd52712a6da8cf797883da
5355	2199e2bc27339f54839f44795031e213	0f2cb79e012d445340a6bfbec2822d07	c0fa06bc85dd52712a6da8cf797883da
5356	2199e2bc27339f54839f44795031e213	0f2cb79e012d445340a6bfbec2822d07	c0fa06bc85dd52712a6da8cf797883da
5357	bcb9b39795f3cb6b00dd231db026e6ec	e3d333aaafefdc28515b2fb4d11a3d9d	085a701e0e81fd8c3972f75611292e4f
5358	bcb9b39795f3cb6b00dd231db026e6ec	e3d333aaafefdc28515b2fb4d11a3d9d	085a701e0e81fd8c3972f75611292e4f
5359	0f9e443d9249c0a308ef7d1693a2f742	00ad61f7bcd81ef2b463147adac3a23a	d3e09126c380b484a9a219d44b6d385e
5360	bcb9b39795f3cb6b00dd231db026e6ec	e3d333aaafefdc28515b2fb4d11a3d9d	085a701e0e81fd8c3972f75611292e4f
5361	bcb9b39795f3cb6b00dd231db026e6ec	e3d333aaafefdc28515b2fb4d11a3d9d	085a701e0e81fd8c3972f75611292e4f
5362	2c5ee353badec37c6c9fc3d6ee9c69d5	124b2a51f8a79b598426cdbe6bbf9398	a5b82edb298c0820bcc2ec9553ebe186
5363	2c5ee353badec37c6c9fc3d6ee9c69d5	124b2a51f8a79b598426cdbe6bbf9398	a5b82edb298c0820bcc2ec9553ebe186
5364	2c5ee353badec37c6c9fc3d6ee9c69d5	124b2a51f8a79b598426cdbe6bbf9398	a5b82edb298c0820bcc2ec9553ebe186
5365	2c5ee353badec37c6c9fc3d6ee9c69d5	124b2a51f8a79b598426cdbe6bbf9398	a5b82edb298c0820bcc2ec9553ebe186
5366	2c5ee353badec37c6c9fc3d6ee9c69d5	124b2a51f8a79b598426cdbe6bbf9398	a5b82edb298c0820bcc2ec9553ebe186
5367	616ed2952ee4c4645be2db5768e1f1c0	9fbe8bc666f268f90a885bb5bd1d9a21	4bda6779f3f7381708f8afbfbf74e61a
5368	616ed2952ee4c4645be2db5768e1f1c0	9fbe8bc666f268f90a885bb5bd1d9a21	4bda6779f3f7381708f8afbfbf74e61a
5369	0cda1d1f2ee55481de19ed8ac77c64d9	b2d4ebec491b9988fed60c949eed573c	3330bb41b4c7a3747dcdd31d19743c71
5370	0cda1d1f2ee55481de19ed8ac77c64d9	b2d4ebec491b9988fed60c949eed573c	3330bb41b4c7a3747dcdd31d19743c71
5371	0cda1d1f2ee55481de19ed8ac77c64d9	b2d4ebec491b9988fed60c949eed573c	3330bb41b4c7a3747dcdd31d19743c71
5372	b1f499f4dedcc3dee4dff6d23b946ffd	c753f226cb199b7cecc11a7e17e835c9	d58c3b7f0b885358dde376eea89bc014
5373	0cda1d1f2ee55481de19ed8ac77c64d9	b2d4ebec491b9988fed60c949eed573c	3330bb41b4c7a3747dcdd31d19743c71
5374	1ff0b1f918a5945bad2029fd65bf6dfd	98b23cb7303e469be3a26f12750379cc	54d09b6e596b8e817b2079ae7a34284f
5375	1ff0b1f918a5945bad2029fd65bf6dfd	98b23cb7303e469be3a26f12750379cc	54d09b6e596b8e817b2079ae7a34284f
5376	1ff0b1f918a5945bad2029fd65bf6dfd	98b23cb7303e469be3a26f12750379cc	54d09b6e596b8e817b2079ae7a34284f
5377	1ff0b1f918a5945bad2029fd65bf6dfd	98b23cb7303e469be3a26f12750379cc	54d09b6e596b8e817b2079ae7a34284f
5378	1ff0b1f918a5945bad2029fd65bf6dfd	98b23cb7303e469be3a26f12750379cc	54d09b6e596b8e817b2079ae7a34284f
5379	1ff0b1f918a5945bad2029fd65bf6dfd	98b23cb7303e469be3a26f12750379cc	54d09b6e596b8e817b2079ae7a34284f
5380	1ff0b1f918a5945bad2029fd65bf6dfd	98b23cb7303e469be3a26f12750379cc	54d09b6e596b8e817b2079ae7a34284f
5381	67a4c2155be709723ee640baeb180127	0e708e05b88ecf3bf6528809712b7779	be654c985f0a608ccd020109ba49e50b
5382	67a4c2155be709723ee640baeb180127	0e708e05b88ecf3bf6528809712b7779	be654c985f0a608ccd020109ba49e50b
5383	67a4c2155be709723ee640baeb180127	0e708e05b88ecf3bf6528809712b7779	be654c985f0a608ccd020109ba49e50b
5384	67a4c2155be709723ee640baeb180127	0e708e05b88ecf3bf6528809712b7779	be654c985f0a608ccd020109ba49e50b
5385	67a4c2155be709723ee640baeb180127	0e708e05b88ecf3bf6528809712b7779	be654c985f0a608ccd020109ba49e50b
5386	352c641911d63eee7581c613f5333dba	754b6230802f65350631dc252e9feb0a	22050ab76aa721bdf134ab827b9384ff
5387	352c641911d63eee7581c613f5333dba	754b6230802f65350631dc252e9feb0a	22050ab76aa721bdf134ab827b9384ff
5388	352c641911d63eee7581c613f5333dba	754b6230802f65350631dc252e9feb0a	22050ab76aa721bdf134ab827b9384ff
5389	352c641911d63eee7581c613f5333dba	754b6230802f65350631dc252e9feb0a	22050ab76aa721bdf134ab827b9384ff
5390	352c641911d63eee7581c613f5333dba	754b6230802f65350631dc252e9feb0a	22050ab76aa721bdf134ab827b9384ff
5391	db1e2f8ca2c978f81dd3ba9042cf4065	3e7db014fc5ea10319789a67609551ef	6839a2d2c7b0487d68b9823aeef73758
5392	db1e2f8ca2c978f81dd3ba9042cf4065	3e7db014fc5ea10319789a67609551ef	6839a2d2c7b0487d68b9823aeef73758
5393	db1e2f8ca2c978f81dd3ba9042cf4065	3e7db014fc5ea10319789a67609551ef	6839a2d2c7b0487d68b9823aeef73758
5394	db1e2f8ca2c978f81dd3ba9042cf4065	3e7db014fc5ea10319789a67609551ef	6839a2d2c7b0487d68b9823aeef73758
5395	db1e2f8ca2c978f81dd3ba9042cf4065	3e7db014fc5ea10319789a67609551ef	6839a2d2c7b0487d68b9823aeef73758
5396	db1e2f8ca2c978f81dd3ba9042cf4065	3e7db014fc5ea10319789a67609551ef	6839a2d2c7b0487d68b9823aeef73758
5397	db1e2f8ca2c978f81dd3ba9042cf4065	3e7db014fc5ea10319789a67609551ef	6839a2d2c7b0487d68b9823aeef73758
5398	db1e2f8ca2c978f81dd3ba9042cf4065	3e7db014fc5ea10319789a67609551ef	6839a2d2c7b0487d68b9823aeef73758
5399	db1e2f8ca2c978f81dd3ba9042cf4065	3e7db014fc5ea10319789a67609551ef	6839a2d2c7b0487d68b9823aeef73758
5400	db1e2f8ca2c978f81dd3ba9042cf4065	3e7db014fc5ea10319789a67609551ef	6839a2d2c7b0487d68b9823aeef73758
5401	db1e2f8ca2c978f81dd3ba9042cf4065	3e7db014fc5ea10319789a67609551ef	6839a2d2c7b0487d68b9823aeef73758
5402	db1e2f8ca2c978f81dd3ba9042cf4065	3e7db014fc5ea10319789a67609551ef	6839a2d2c7b0487d68b9823aeef73758
5403	7db81fa50a7b3e0f59225f3d7ee9c5b7	85d00b68ad6d04898746f69c83951062	59720052a3a2eb8400d9d8fb2a3df5c5
5404	7db81fa50a7b3e0f59225f3d7ee9c5b7	85d00b68ad6d04898746f69c83951062	59720052a3a2eb8400d9d8fb2a3df5c5
5405	7db81fa50a7b3e0f59225f3d7ee9c5b7	85d00b68ad6d04898746f69c83951062	59720052a3a2eb8400d9d8fb2a3df5c5
5406	7db81fa50a7b3e0f59225f3d7ee9c5b7	85d00b68ad6d04898746f69c83951062	59720052a3a2eb8400d9d8fb2a3df5c5
5407	7db81fa50a7b3e0f59225f3d7ee9c5b7	85d00b68ad6d04898746f69c83951062	59720052a3a2eb8400d9d8fb2a3df5c5
5408	7db81fa50a7b3e0f59225f3d7ee9c5b7	85d00b68ad6d04898746f69c83951062	59720052a3a2eb8400d9d8fb2a3df5c5
5409	7db81fa50a7b3e0f59225f3d7ee9c5b7	85d00b68ad6d04898746f69c83951062	59720052a3a2eb8400d9d8fb2a3df5c5
5410	d304906d8a13d72249813664f9864ced	1772eb101ff8b5f1f6eeef7da7ce3ea7	d4e5d0fbcee8f12a7fcff7a3ce7febdc
5411	d304906d8a13d72249813664f9864ced	1772eb101ff8b5f1f6eeef7da7ce3ea7	d4e5d0fbcee8f12a7fcff7a3ce7febdc
5412	d304906d8a13d72249813664f9864ced	1772eb101ff8b5f1f6eeef7da7ce3ea7	d4e5d0fbcee8f12a7fcff7a3ce7febdc
5413	e0e72bac47874b6b50dbeb094d8b0ef4	d5c597da95d04110d4bbd1823e29244e	cd4810245412591d7a4334591ee5e965
5414	d304906d8a13d72249813664f9864ced	e57982d667f76d4a2a2cdabe5693e1ac	35990bed23370988beedae147e3b6b98
5415	d304906d8a13d72249813664f9864ced	1772eb101ff8b5f1f6eeef7da7ce3ea7	d4e5d0fbcee8f12a7fcff7a3ce7febdc
5416	d304906d8a13d72249813664f9864ced	1772eb101ff8b5f1f6eeef7da7ce3ea7	d4e5d0fbcee8f12a7fcff7a3ce7febdc
5417	d304906d8a13d72249813664f9864ced	1772eb101ff8b5f1f6eeef7da7ce3ea7	d4e5d0fbcee8f12a7fcff7a3ce7febdc
5418	d304906d8a13d72249813664f9864ced	bdd13511292e51a62a87ba3b3ef2781e	fc5defe44527c31cfff5caadd3878504
5419	e0e72bac47874b6b50dbeb094d8b0ef4	d5c597da95d04110d4bbd1823e29244e	cd4810245412591d7a4334591ee5e965
5420	87be628433f1527bc5332f04c87a7e3f	9b864ff8646c74f917b1c82204e3888c	da1f35119de67159bb86daae732fc3ab
5421	87be628433f1527bc5332f04c87a7e3f	9b864ff8646c74f917b1c82204e3888c	da1f35119de67159bb86daae732fc3ab
5422	87be628433f1527bc5332f04c87a7e3f	9b864ff8646c74f917b1c82204e3888c	da1f35119de67159bb86daae732fc3ab
5423	87be628433f1527bc5332f04c87a7e3f	9b864ff8646c74f917b1c82204e3888c	da1f35119de67159bb86daae732fc3ab
5424	87be628433f1527bc5332f04c87a7e3f	9b864ff8646c74f917b1c82204e3888c	da1f35119de67159bb86daae732fc3ab
5425	87be628433f1527bc5332f04c87a7e3f	9b864ff8646c74f917b1c82204e3888c	da1f35119de67159bb86daae732fc3ab
5426	87be628433f1527bc5332f04c87a7e3f	9b864ff8646c74f917b1c82204e3888c	da1f35119de67159bb86daae732fc3ab
5427	b32be86cb13759363e470185f85d6ce0	0310e7006165a00958c9f32361590678	775d4106a2414fece1200be2e909eed4
5428	b32be86cb13759363e470185f85d6ce0	1a3b882bfc5af23d54455e45d22b07d5	1ff6fd346a8d891ade5da8a01fa47eab
5429	b32be86cb13759363e470185f85d6ce0	0310e7006165a00958c9f32361590678	775d4106a2414fece1200be2e909eed4
5430	b32be86cb13759363e470185f85d6ce0	0310e7006165a00958c9f32361590678	775d4106a2414fece1200be2e909eed4
5431	b32be86cb13759363e470185f85d6ce0	0310e7006165a00958c9f32361590678	775d4106a2414fece1200be2e909eed4
5432	151a2e289258ba29c8c8c7d54976b334	705c33b0520f696292e5999435b89383	40594df139384a1238156ef6b3b820ae
5433	151a2e289258ba29c8c8c7d54976b334	705c33b0520f696292e5999435b89383	40594df139384a1238156ef6b3b820ae
5434	151a2e289258ba29c8c8c7d54976b334	705c33b0520f696292e5999435b89383	40594df139384a1238156ef6b3b820ae
5435	151a2e289258ba29c8c8c7d54976b334	705c33b0520f696292e5999435b89383	40594df139384a1238156ef6b3b820ae
5436	151a2e289258ba29c8c8c7d54976b334	705c33b0520f696292e5999435b89383	40594df139384a1238156ef6b3b820ae
5437	151a2e289258ba29c8c8c7d54976b334	705c33b0520f696292e5999435b89383	40594df139384a1238156ef6b3b820ae
5438	151a2e289258ba29c8c8c7d54976b334	705c33b0520f696292e5999435b89383	40594df139384a1238156ef6b3b820ae
5439	151a2e289258ba29c8c8c7d54976b334	705c33b0520f696292e5999435b89383	40594df139384a1238156ef6b3b820ae
5440	151a2e289258ba29c8c8c7d54976b334	705c33b0520f696292e5999435b89383	40594df139384a1238156ef6b3b820ae
5441	151a2e289258ba29c8c8c7d54976b334	705c33b0520f696292e5999435b89383	40594df139384a1238156ef6b3b820ae
5442	151a2e289258ba29c8c8c7d54976b334	705c33b0520f696292e5999435b89383	40594df139384a1238156ef6b3b820ae
5443	151a2e289258ba29c8c8c7d54976b334	705c33b0520f696292e5999435b89383	40594df139384a1238156ef6b3b820ae
5444	151a2e289258ba29c8c8c7d54976b334	705c33b0520f696292e5999435b89383	40594df139384a1238156ef6b3b820ae
5445	151a2e289258ba29c8c8c7d54976b334	705c33b0520f696292e5999435b89383	40594df139384a1238156ef6b3b820ae
5446	151a2e289258ba29c8c8c7d54976b334	705c33b0520f696292e5999435b89383	40594df139384a1238156ef6b3b820ae
5447	151a2e289258ba29c8c8c7d54976b334	705c33b0520f696292e5999435b89383	40594df139384a1238156ef6b3b820ae
5448	151a2e289258ba29c8c8c7d54976b334	705c33b0520f696292e5999435b89383	40594df139384a1238156ef6b3b820ae
5449	6eda77f83f5a8ee082f69dffedbfc1e8	c2acfbf472cbafb1f0c7019408e1b2d3	6a9134b10e791bd1f6fcad07b6c68577
5450	6eda77f83f5a8ee082f69dffedbfc1e8	c2acfbf472cbafb1f0c7019408e1b2d3	6a9134b10e791bd1f6fcad07b6c68577
5451	6eda77f83f5a8ee082f69dffedbfc1e8	c2acfbf472cbafb1f0c7019408e1b2d3	6a9134b10e791bd1f6fcad07b6c68577
5452	6eda77f83f5a8ee082f69dffedbfc1e8	c2acfbf472cbafb1f0c7019408e1b2d3	6a9134b10e791bd1f6fcad07b6c68577
5453	6eda77f83f5a8ee082f69dffedbfc1e8	c2acfbf472cbafb1f0c7019408e1b2d3	6a9134b10e791bd1f6fcad07b6c68577
5454	6eda77f83f5a8ee082f69dffedbfc1e8	c2acfbf472cbafb1f0c7019408e1b2d3	6a9134b10e791bd1f6fcad07b6c68577
5455	6eda77f83f5a8ee082f69dffedbfc1e8	c2acfbf472cbafb1f0c7019408e1b2d3	6a9134b10e791bd1f6fcad07b6c68577
5456	4ea1a6e1e41473304736ee78268128d8	d72e24f24e176dce5841882ead8f2937	5bfd7546ea7cdbdd9df88f8e8b62cb5e
5457	4ea1a6e1e41473304736ee78268128d8	d72e24f24e176dce5841882ead8f2937	5bfd7546ea7cdbdd9df88f8e8b62cb5e
5458	4ea1a6e1e41473304736ee78268128d8	d72e24f24e176dce5841882ead8f2937	5bfd7546ea7cdbdd9df88f8e8b62cb5e
5459	e1279155e9c3bdd624f9da018297e8bd	6db400dc8034ef846727e137a1eceeea	ec2b204a2cf0685d443866df916c3baf
5460	e1279155e9c3bdd624f9da018297e8bd	6db400dc8034ef846727e137a1eceeea	ec2b204a2cf0685d443866df916c3baf
5461	375c78ef00bb752492858939340602d6	f914682de810aa3f415397d46fb75fd3	8af28ea89ac45d149376b8670b9b64d4
5462	375c78ef00bb752492858939340602d6	f914682de810aa3f415397d46fb75fd3	8af28ea89ac45d149376b8670b9b64d4
5463	375c78ef00bb752492858939340602d6	f914682de810aa3f415397d46fb75fd3	8af28ea89ac45d149376b8670b9b64d4
5464	375c78ef00bb752492858939340602d6	f914682de810aa3f415397d46fb75fd3	8af28ea89ac45d149376b8670b9b64d4
5465	375c78ef00bb752492858939340602d6	f914682de810aa3f415397d46fb75fd3	8af28ea89ac45d149376b8670b9b64d4
5466	375c78ef00bb752492858939340602d6	f914682de810aa3f415397d46fb75fd3	8af28ea89ac45d149376b8670b9b64d4
5467	375c78ef00bb752492858939340602d6	f914682de810aa3f415397d46fb75fd3	8af28ea89ac45d149376b8670b9b64d4
5468	8555d7c32fb919d95dfe7b561b58540d	efafef0f7ee47b4f3d0bda89a4c820cd	0ce9e86907ecc5eaea064979d4644b5a
5469	8555d7c32fb919d95dfe7b561b58540d	efafef0f7ee47b4f3d0bda89a4c820cd	0ce9e86907ecc5eaea064979d4644b5a
5470	8555d7c32fb919d95dfe7b561b58540d	efafef0f7ee47b4f3d0bda89a4c820cd	0ce9e86907ecc5eaea064979d4644b5a
5471	8555d7c32fb919d95dfe7b561b58540d	efafef0f7ee47b4f3d0bda89a4c820cd	0ce9e86907ecc5eaea064979d4644b5a
5472	8555d7c32fb919d95dfe7b561b58540d	efafef0f7ee47b4f3d0bda89a4c820cd	0ce9e86907ecc5eaea064979d4644b5a
5473	bc7983bbbf5fb984c1c69db681c53395	a54ccfc95b0d0a0b20b5a8a92fa795f8	8ca593ecae9672acc8728426676f4aa6
5474	bc7983bbbf5fb984c1c69db681c53395	a54ccfc95b0d0a0b20b5a8a92fa795f8	8ca593ecae9672acc8728426676f4aa6
5475	bc7983bbbf5fb984c1c69db681c53395	a54ccfc95b0d0a0b20b5a8a92fa795f8	8ca593ecae9672acc8728426676f4aa6
5476	bc7983bbbf5fb984c1c69db681c53395	a54ccfc95b0d0a0b20b5a8a92fa795f8	8ca593ecae9672acc8728426676f4aa6
5477	bc7983bbbf5fb984c1c69db681c53395	a54ccfc95b0d0a0b20b5a8a92fa795f8	8ca593ecae9672acc8728426676f4aa6
5478	bc7983bbbf5fb984c1c69db681c53395	a54ccfc95b0d0a0b20b5a8a92fa795f8	8ca593ecae9672acc8728426676f4aa6
5479	bc7983bbbf5fb984c1c69db681c53395	a54ccfc95b0d0a0b20b5a8a92fa795f8	8ca593ecae9672acc8728426676f4aa6
5480	dca597b0cd8088b0ea8204fa0751aea5	8763b3bcfaf50340ec28b1ca7232f2f0	d626a66d37b713de65c7aad287bb8b9e
5481	dca597b0cd8088b0ea8204fa0751aea5	8763b3bcfaf50340ec28b1ca7232f2f0	d626a66d37b713de65c7aad287bb8b9e
5482	dca597b0cd8088b0ea8204fa0751aea5	8763b3bcfaf50340ec28b1ca7232f2f0	d626a66d37b713de65c7aad287bb8b9e
5483	dca597b0cd8088b0ea8204fa0751aea5	8763b3bcfaf50340ec28b1ca7232f2f0	d626a66d37b713de65c7aad287bb8b9e
5484	dca597b0cd8088b0ea8204fa0751aea5	8763b3bcfaf50340ec28b1ca7232f2f0	d626a66d37b713de65c7aad287bb8b9e
5485	d1952dd8d2ac3b9521ef1f2eaaedd570	ee81c34579cacc19729f61999c89cd92	9c8124db00f9be97f4154ff12372799c
5486	d1952dd8d2ac3b9521ef1f2eaaedd570	ee81c34579cacc19729f61999c89cd92	9c8124db00f9be97f4154ff12372799c
5487	d1952dd8d2ac3b9521ef1f2eaaedd570	ee81c34579cacc19729f61999c89cd92	9c8124db00f9be97f4154ff12372799c
5488	d1952dd8d2ac3b9521ef1f2eaaedd570	ee81c34579cacc19729f61999c89cd92	9c8124db00f9be97f4154ff12372799c
5489	d1952dd8d2ac3b9521ef1f2eaaedd570	ee81c34579cacc19729f61999c89cd92	9c8124db00f9be97f4154ff12372799c
5490	ca625fd55f20947ba6a3707ebdb35e62	7c5755d00bbeb214e4f714501f2918dc	d2db4f4efa9f899487db3b8d99c34c68
5491	ca625fd55f20947ba6a3707ebdb35e62	7c5755d00bbeb214e4f714501f2918dc	d2db4f4efa9f899487db3b8d99c34c68
5492	ca625fd55f20947ba6a3707ebdb35e62	7c5755d00bbeb214e4f714501f2918dc	d2db4f4efa9f899487db3b8d99c34c68
5493	830d166f2e0cc144b5b827c488aabbaf	3af3fa393a9dc695e9fcc07a48c1c51b	b66b0cbac95a3c0c8494c28a88ffd355
5494	830d166f2e0cc144b5b827c488aabbaf	3af3fa393a9dc695e9fcc07a48c1c51b	b66b0cbac95a3c0c8494c28a88ffd355
5495	5dd9866fa1c9996cbfbd41c2ea69c336	148de4f3b85fa7463da4dd1fe4d6c874	aa79e3dce0c6b001ef0b53cac824aa36
5496	4d6001f8584eac60a91f2a5de9941ea8	e85b1a0002ffdd167f6a273000237b27	a0ade3f5091441a953b215d40d21d35a
5497	afc40429ee20094e8b77688f338f4f8f	8215703bfd4d19a3767c5cb2944a0795	c91e5895140641935ee0a199f0c2a762
5498	afc40429ee20094e8b77688f338f4f8f	8215703bfd4d19a3767c5cb2944a0795	c91e5895140641935ee0a199f0c2a762
5499	afc40429ee20094e8b77688f338f4f8f	8215703bfd4d19a3767c5cb2944a0795	c91e5895140641935ee0a199f0c2a762
5500	afc40429ee20094e8b77688f338f4f8f	8215703bfd4d19a3767c5cb2944a0795	c91e5895140641935ee0a199f0c2a762
5501	afc40429ee20094e8b77688f338f4f8f	8215703bfd4d19a3767c5cb2944a0795	c91e5895140641935ee0a199f0c2a762
5502	90ed7d02935ca313842c7fe0fef38442	265dfad1186f5fd155de240c641fac84	354777c694fc09b27fa71893534e5897
5503	90ed7d02935ca313842c7fe0fef38442	265dfad1186f5fd155de240c641fac84	354777c694fc09b27fa71893534e5897
5504	90ed7d02935ca313842c7fe0fef38442	265dfad1186f5fd155de240c641fac84	354777c694fc09b27fa71893534e5897
5505	90ed7d02935ca313842c7fe0fef38442	265dfad1186f5fd155de240c641fac84	354777c694fc09b27fa71893534e5897
5506	90ed7d02935ca313842c7fe0fef38442	265dfad1186f5fd155de240c641fac84	354777c694fc09b27fa71893534e5897
5507	90ed7d02935ca313842c7fe0fef38442	265dfad1186f5fd155de240c641fac84	354777c694fc09b27fa71893534e5897
5508	90ed7d02935ca313842c7fe0fef38442	265dfad1186f5fd155de240c641fac84	354777c694fc09b27fa71893534e5897
5509	6ef49e5ce38c085bf2675d6e125890f2	8c331d3cb1ca43341a4867ab509b9102	bc5031170e82ad79f94bce43fe84eda0
5510	8ac621e1209d7b15fbfa0455ab8ff323	f8c9a0ee0afee36af9fe22454330c658	41dc1cb8e8745cf15829a59b7b130683
5511	8ac621e1209d7b15fbfa0455ab8ff323	f8c9a0ee0afee36af9fe22454330c658	41dc1cb8e8745cf15829a59b7b130683
5512	6ef49e5ce38c085bf2675d6e125890f2	8c331d3cb1ca43341a4867ab509b9102	bc5031170e82ad79f94bce43fe84eda0
5513	6ef49e5ce38c085bf2675d6e125890f2	8c331d3cb1ca43341a4867ab509b9102	bc5031170e82ad79f94bce43fe84eda0
5514	7da97524282882db2c98e3836aa605a8	5cde10206b0b72bace6b11022bb1e82b	c6086e4655a63d4e100465c21f6aa291
5515	7da97524282882db2c98e3836aa605a8	5cde10206b0b72bace6b11022bb1e82b	c6086e4655a63d4e100465c21f6aa291
5516	7da97524282882db2c98e3836aa605a8	5cde10206b0b72bace6b11022bb1e82b	c6086e4655a63d4e100465c21f6aa291
5517	6ef49e5ce38c085bf2675d6e125890f2	a890c3db855229aa65036c0a3d9878be	31a6617527e4f66a3493d72f67175995
5518	6ef49e5ce38c085bf2675d6e125890f2	032ae4aba6fd8f45c500baaae5154678	ed662a780996a0465355da02c8c09ced
5519	2e9cb1a78dd34f6e978f22b74a78774b	e35f47a52c26f67a57d2e9ada9a4d019	dae0ade1cf4d0cde78d88ded1f4fb4c7
5520	2e9cb1a78dd34f6e978f22b74a78774b	e35f47a52c26f67a57d2e9ada9a4d019	dae0ade1cf4d0cde78d88ded1f4fb4c7
5521	2e9cb1a78dd34f6e978f22b74a78774b	e35f47a52c26f67a57d2e9ada9a4d019	dae0ade1cf4d0cde78d88ded1f4fb4c7
5522	2e9cb1a78dd34f6e978f22b74a78774b	e35f47a52c26f67a57d2e9ada9a4d019	dae0ade1cf4d0cde78d88ded1f4fb4c7
5523	2e9cb1a78dd34f6e978f22b74a78774b	e35f47a52c26f67a57d2e9ada9a4d019	dae0ade1cf4d0cde78d88ded1f4fb4c7
5524	2e9cb1a78dd34f6e978f22b74a78774b	e35f47a52c26f67a57d2e9ada9a4d019	dae0ade1cf4d0cde78d88ded1f4fb4c7
5525	2e9cb1a78dd34f6e978f22b74a78774b	e35f47a52c26f67a57d2e9ada9a4d019	dae0ade1cf4d0cde78d88ded1f4fb4c7
5526	e93f3cdef39fe2f7146125b46236a238	f5c2f122e540b93fd1bef12073850dcf	c6157f238dc95e23dd127dc37ed28969
5527	e93f3cdef39fe2f7146125b46236a238	f5c2f122e540b93fd1bef12073850dcf	c6157f238dc95e23dd127dc37ed28969
5528	e93f3cdef39fe2f7146125b46236a238	f5c2f122e540b93fd1bef12073850dcf	c6157f238dc95e23dd127dc37ed28969
5529	37edbef7260158ea1b32447d66540813	63b6efe0a722ec34ec49889d57c38eb3	5d39063a51c2da97fdd7f68bc96cc5e3
5530	37edbef7260158ea1b32447d66540813	63b6efe0a722ec34ec49889d57c38eb3	5d39063a51c2da97fdd7f68bc96cc5e3
5531	2e9cb1a78dd34f6e978f22b74a78774b	e35f47a52c26f67a57d2e9ada9a4d019	dae0ade1cf4d0cde78d88ded1f4fb4c7
5532	2e9cb1a78dd34f6e978f22b74a78774b	e35f47a52c26f67a57d2e9ada9a4d019	dae0ade1cf4d0cde78d88ded1f4fb4c7
5533	2e9cb1a78dd34f6e978f22b74a78774b	e35f47a52c26f67a57d2e9ada9a4d019	dae0ade1cf4d0cde78d88ded1f4fb4c7
5534	2e9cb1a78dd34f6e978f22b74a78774b	e35f47a52c26f67a57d2e9ada9a4d019	dae0ade1cf4d0cde78d88ded1f4fb4c7
5535	2e9cb1a78dd34f6e978f22b74a78774b	e8699dd23e2eceec9ac10ffb533252ff	454dd1a222f6e46cdc93f973c3d0b509
5536	2e9cb1a78dd34f6e978f22b74a78774b	e35f47a52c26f67a57d2e9ada9a4d019	dae0ade1cf4d0cde78d88ded1f4fb4c7
5537	2e9cb1a78dd34f6e978f22b74a78774b	e35f47a52c26f67a57d2e9ada9a4d019	dae0ade1cf4d0cde78d88ded1f4fb4c7
5538	2e9cb1a78dd34f6e978f22b74a78774b	e35f47a52c26f67a57d2e9ada9a4d019	dae0ade1cf4d0cde78d88ded1f4fb4c7
5539	2e9cb1a78dd34f6e978f22b74a78774b	e35f47a52c26f67a57d2e9ada9a4d019	dae0ade1cf4d0cde78d88ded1f4fb4c7
5540	2e9cb1a78dd34f6e978f22b74a78774b	e35f47a52c26f67a57d2e9ada9a4d019	dae0ade1cf4d0cde78d88ded1f4fb4c7
5541	2e9cb1a78dd34f6e978f22b74a78774b	e35f47a52c26f67a57d2e9ada9a4d019	dae0ade1cf4d0cde78d88ded1f4fb4c7
5542	2e9cb1a78dd34f6e978f22b74a78774b	e35f47a52c26f67a57d2e9ada9a4d019	dae0ade1cf4d0cde78d88ded1f4fb4c7
5543	2b16e6b1d2fa504cb4d21e0019d52322	a6cc5a77cf5ee11c79708a37d789d943	244c4931cc49fbd8e61ea610cbe5566d
5544	2b16e6b1d2fa504cb4d21e0019d52322	a6cc5a77cf5ee11c79708a37d789d943	244c4931cc49fbd8e61ea610cbe5566d
5545	2b16e6b1d2fa504cb4d21e0019d52322	a6cc5a77cf5ee11c79708a37d789d943	244c4931cc49fbd8e61ea610cbe5566d
5546	2b16e6b1d2fa504cb4d21e0019d52322	a6cc5a77cf5ee11c79708a37d789d943	244c4931cc49fbd8e61ea610cbe5566d
5547	2b16e6b1d2fa504cb4d21e0019d52322	a6cc5a77cf5ee11c79708a37d789d943	244c4931cc49fbd8e61ea610cbe5566d
5548	2b16e6b1d2fa504cb4d21e0019d52322	a6cc5a77cf5ee11c79708a37d789d943	244c4931cc49fbd8e61ea610cbe5566d
5549	2b16e6b1d2fa504cb4d21e0019d52322	a6cc5a77cf5ee11c79708a37d789d943	244c4931cc49fbd8e61ea610cbe5566d
5550	2b16e6b1d2fa504cb4d21e0019d52322	a6cc5a77cf5ee11c79708a37d789d943	244c4931cc49fbd8e61ea610cbe5566d
5551	2b16e6b1d2fa504cb4d21e0019d52322	a6cc5a77cf5ee11c79708a37d789d943	244c4931cc49fbd8e61ea610cbe5566d
5552	2b16e6b1d2fa504cb4d21e0019d52322	a6cc5a77cf5ee11c79708a37d789d943	244c4931cc49fbd8e61ea610cbe5566d
5553	2b16e6b1d2fa504cb4d21e0019d52322	a6cc5a77cf5ee11c79708a37d789d943	244c4931cc49fbd8e61ea610cbe5566d
5554	2b16e6b1d2fa504cb4d21e0019d52322	a6cc5a77cf5ee11c79708a37d789d943	244c4931cc49fbd8e61ea610cbe5566d
5555	2b16e6b1d2fa504cb4d21e0019d52322	a6cc5a77cf5ee11c79708a37d789d943	244c4931cc49fbd8e61ea610cbe5566d
5556	2b16e6b1d2fa504cb4d21e0019d52322	a6cc5a77cf5ee11c79708a37d789d943	244c4931cc49fbd8e61ea610cbe5566d
5557	2b16e6b1d2fa504cb4d21e0019d52322	a6cc5a77cf5ee11c79708a37d789d943	244c4931cc49fbd8e61ea610cbe5566d
5558	2b16e6b1d2fa504cb4d21e0019d52322	a6cc5a77cf5ee11c79708a37d789d943	244c4931cc49fbd8e61ea610cbe5566d
5559	2b16e6b1d2fa504cb4d21e0019d52322	a6cc5a77cf5ee11c79708a37d789d943	244c4931cc49fbd8e61ea610cbe5566d
5560	7ac4f75598e464cf89b6cf333a9a7374	297ed4b2d27f4c8d62cd94ac3a6a1b27	8f243ddefacc700284196c9677bae90c
5561	6b115b29d299cf1ec864d769b40e71d3	0c9f616404bfd559fc228e39ee4213ab	9300e20f19585a312d9070ecdc96b751
5562	6b115b29d299cf1ec864d769b40e71d3	0c9f616404bfd559fc228e39ee4213ab	9300e20f19585a312d9070ecdc96b751
5563	6badb8f8772cc00466d92867cf843ad5	7265edd5d6fc459d31b57e0f5c2ed32c	0dfa1951e929d0d83614c4b2c4e2a339
5564	6badb8f8772cc00466d92867cf843ad5	7265edd5d6fc459d31b57e0f5c2ed32c	0dfa1951e929d0d83614c4b2c4e2a339
5565	b7258c71b5b5052cb20170b2e64dd540	3e7c221f07d5a24a2e0679a079d02442	1e93e89f520c9585c1d8d9e9d55faa6e
5566	b7258c71b5b5052cb20170b2e64dd540	3e7c221f07d5a24a2e0679a079d02442	1e93e89f520c9585c1d8d9e9d55faa6e
5567	c44a259884eabc69452401e4e6008df2	a37782513be76df6f21c95a62408c78a	9b156f7e575b62a72bd08b4276cb5e5d
5568	c44a259884eabc69452401e4e6008df2	a37782513be76df6f21c95a62408c78a	9b156f7e575b62a72bd08b4276cb5e5d
5569	c44a259884eabc69452401e4e6008df2	a37782513be76df6f21c95a62408c78a	9b156f7e575b62a72bd08b4276cb5e5d
5570	c44a259884eabc69452401e4e6008df2	a37782513be76df6f21c95a62408c78a	9b156f7e575b62a72bd08b4276cb5e5d
5571	c44a259884eabc69452401e4e6008df2	a37782513be76df6f21c95a62408c78a	9b156f7e575b62a72bd08b4276cb5e5d
5572	bf234bb51acd460d33c169481392df46	4555c2f64a193133165960a676d65f3b	6ee67d80679e19b45c4230178f2956e3
5573	bf234bb51acd460d33c169481392df46	4555c2f64a193133165960a676d65f3b	6ee67d80679e19b45c4230178f2956e3
5574	bf234bb51acd460d33c169481392df46	4555c2f64a193133165960a676d65f3b	6ee67d80679e19b45c4230178f2956e3
5575	bf234bb51acd460d33c169481392df46	74866559eaf3011a4da5321b9b39c28b	5717ab8fcba0decee4191f03c7b6f4bb
5576	bf234bb51acd460d33c169481392df46	74866559eaf3011a4da5321b9b39c28b	5717ab8fcba0decee4191f03c7b6f4bb
5577	ac3c931dc4b6d6b0d3679a8f56bf9d40	cd1ff92d823422a8aa0274c91a31e1ab	432ddd1aa2f4f2184b412a7beaacdee3
5578	b3e0d669219d15661247743da4e6cc90	261f1420c6ad719ad9e1e05e8041509b	3784e2b46231081f9009ef982cc6ff87
5579	4999df126de8ce2ab2565af97587139e	d18908798b3b2684783b1380a3cf4aaa	9f39a6a6daac9883b158a0fd69c4b349
5580	9d173d7bede4bf6e157226ce8e437f8d	db7b3f4079d28500105300a166eb7343	9714b7abc4e30fc96c1a1212d91cc840
5581	9d173d7bede4bf6e157226ce8e437f8d	db7b3f4079d28500105300a166eb7343	9714b7abc4e30fc96c1a1212d91cc840
5582	c76ce57100ef85136260fa9b3fe1be82	9005f515495a86842cd83ab935903bf1	1915ef435d098d027e4f683d88e0cfca
5583	c76ce57100ef85136260fa9b3fe1be82	9005f515495a86842cd83ab935903bf1	1915ef435d098d027e4f683d88e0cfca
5584	1f336f26865231723274cc0346d12610	b5f1a99375e0d0eb2ae48fae9cdbfcfd	1132793429c41919de790b6f8235e461
5585	1f336f26865231723274cc0346d12610	b5f1a99375e0d0eb2ae48fae9cdbfcfd	1132793429c41919de790b6f8235e461
5586	1f336f26865231723274cc0346d12610	b5f1a99375e0d0eb2ae48fae9cdbfcfd	1132793429c41919de790b6f8235e461
5587	1f336f26865231723274cc0346d12610	b5f1a99375e0d0eb2ae48fae9cdbfcfd	1132793429c41919de790b6f8235e461
5588	1f336f26865231723274cc0346d12610	b5f1a99375e0d0eb2ae48fae9cdbfcfd	1132793429c41919de790b6f8235e461
5589	c1ac864e35b20c3699e058ea98f47fdd	e49eaa6c28a6001109adce8ff85859fe	f3e038241dba73488b08c0f32b106d83
5590	c1ac864e35b20c3699e058ea98f47fdd	e49eaa6c28a6001109adce8ff85859fe	f3e038241dba73488b08c0f32b106d83
5591	c1ac864e35b20c3699e058ea98f47fdd	e49eaa6c28a6001109adce8ff85859fe	f3e038241dba73488b08c0f32b106d83
5592	08fd4a4832e3ee69f729180dc8cae184	86640d4dca5db92e67c333e20b23e873	56f28ad68acece10326a53ab8a8e480c
5593	2ce598404d91fa8c44813fdf8cd135b8	93de7e034e4a3d83169a19da3bc47269	d7a4259d393ce31121cb0d9b27b2998b
5594	5537702fdb9537045feb2fce1ff55c1e	7cfdbff3705a0622816a6f8d1e1c8449	a8c93ef1eae2a579bf55b97c768b150a
5595	5537702fdb9537045feb2fce1ff55c1e	7cfdbff3705a0622816a6f8d1e1c8449	a8c93ef1eae2a579bf55b97c768b150a
5596	6f42994106ec557853e4f449b65774de	ef7b7c2a573a51b95bd198551a2ccbdf	a480e416b207755efb5e0e701e17fd7b
5597	6f42994106ec557853e4f449b65774de	ef7b7c2a573a51b95bd198551a2ccbdf	a480e416b207755efb5e0e701e17fd7b
5598	6f42994106ec557853e4f449b65774de	ef7b7c2a573a51b95bd198551a2ccbdf	a480e416b207755efb5e0e701e17fd7b
5599	94f4e7a007d70ffb3e2963f85dd3d1b8	1393e70fffb146a50b58859711aa7272	2e24414dd6a0b0bc487c3fa2f2748ba7
5600	7c972c66daf779f120f51c6d0dbc070d	3431d4320ae818d184cf1b7b6b4ed3fe	ce01f13d00deab172df4a6ceaacca34c
5601	27e7e23a30b6c5b1f013de6b9afd9468	eb1c5cb994ebe383258cb96950375f0a	ad4464bdf1c5126f39b7f79e468b6d50
5602	27e7e23a30b6c5b1f013de6b9afd9468	eb1c5cb994ebe383258cb96950375f0a	ad4464bdf1c5126f39b7f79e468b6d50
5603	27e7e23a30b6c5b1f013de6b9afd9468	eb1c5cb994ebe383258cb96950375f0a	ad4464bdf1c5126f39b7f79e468b6d50
5604	27e7e23a30b6c5b1f013de6b9afd9468	eb1c5cb994ebe383258cb96950375f0a	ad4464bdf1c5126f39b7f79e468b6d50
5605	27e7e23a30b6c5b1f013de6b9afd9468	eb1c5cb994ebe383258cb96950375f0a	ad4464bdf1c5126f39b7f79e468b6d50
5606	27e7e23a30b6c5b1f013de6b9afd9468	eb1c5cb994ebe383258cb96950375f0a	ad4464bdf1c5126f39b7f79e468b6d50
5607	27e7e23a30b6c5b1f013de6b9afd9468	eb1c5cb994ebe383258cb96950375f0a	ad4464bdf1c5126f39b7f79e468b6d50
5608	7c7e34565687ba9edb3cbc3f0b9238cc	df5e5f7e6515d3d505503567747f0d22	3a846734930256439ab3a4406beb8952
5609	7c7e34565687ba9edb3cbc3f0b9238cc	df5e5f7e6515d3d505503567747f0d22	3a846734930256439ab3a4406beb8952
5610	7c7e34565687ba9edb3cbc3f0b9238cc	df5e5f7e6515d3d505503567747f0d22	3a846734930256439ab3a4406beb8952
5611	dfca7b1107cc00cebd41a3bcc933d941	04ffb31b01bf8ab1d6bba891c9b87a07	f5c0b7bd1b449eeebce2364447fecc48
5612	7c7e34565687ba9edb3cbc3f0b9238cc	df5e5f7e6515d3d505503567747f0d22	3a846734930256439ab3a4406beb8952
5613	e6911c9a1e81bebb4ae5f63e58065e88	140d68b3ee811cea6b4bef72df176ef4	b6551cb9ae39abd1fc99c15b999260a8
5614	e6911c9a1e81bebb4ae5f63e58065e88	140d68b3ee811cea6b4bef72df176ef4	b6551cb9ae39abd1fc99c15b999260a8
5615	e6911c9a1e81bebb4ae5f63e58065e88	140d68b3ee811cea6b4bef72df176ef4	b6551cb9ae39abd1fc99c15b999260a8
5616	e6911c9a1e81bebb4ae5f63e58065e88	140d68b3ee811cea6b4bef72df176ef4	b6551cb9ae39abd1fc99c15b999260a8
5617	e6911c9a1e81bebb4ae5f63e58065e88	140d68b3ee811cea6b4bef72df176ef4	b6551cb9ae39abd1fc99c15b999260a8
5618	e6911c9a1e81bebb4ae5f63e58065e88	140d68b3ee811cea6b4bef72df176ef4	b6551cb9ae39abd1fc99c15b999260a8
5619	e6911c9a1e81bebb4ae5f63e58065e88	140d68b3ee811cea6b4bef72df176ef4	b6551cb9ae39abd1fc99c15b999260a8
5620	412c426f08f334c9948aaaf181665b0a	5418baca33a11bdbdc603a0f3124a389	0a93cafcc459097a9cf1eff4da9d3fec
5621	412c426f08f334c9948aaaf181665b0a	5418baca33a11bdbdc603a0f3124a389	0a93cafcc459097a9cf1eff4da9d3fec
5622	412c426f08f334c9948aaaf181665b0a	5418baca33a11bdbdc603a0f3124a389	0a93cafcc459097a9cf1eff4da9d3fec
5623	412c426f08f334c9948aaaf181665b0a	5418baca33a11bdbdc603a0f3124a389	0a93cafcc459097a9cf1eff4da9d3fec
5624	412c426f08f334c9948aaaf181665b0a	5418baca33a11bdbdc603a0f3124a389	0a93cafcc459097a9cf1eff4da9d3fec
5625	057eb6142c0d2707c97c5ad6c15192f5	f8da3205d36b52250a4932dde0cf91ef	1f1ac2988a7ed1678cfb7bfb3e6e52eb
5626	057eb6142c0d2707c97c5ad6c15192f5	f8da3205d36b52250a4932dde0cf91ef	1f1ac2988a7ed1678cfb7bfb3e6e52eb
5627	057eb6142c0d2707c97c5ad6c15192f5	f8da3205d36b52250a4932dde0cf91ef	1f1ac2988a7ed1678cfb7bfb3e6e52eb
5628	057eb6142c0d2707c97c5ad6c15192f5	f8da3205d36b52250a4932dde0cf91ef	1f1ac2988a7ed1678cfb7bfb3e6e52eb
5629	057eb6142c0d2707c97c5ad6c15192f5	f8da3205d36b52250a4932dde0cf91ef	1f1ac2988a7ed1678cfb7bfb3e6e52eb
5630	61dbadd48c6394be981a5c35e4a605ec	85b982cfd349ba3cdc2d599d50cb594b	49c6eb4f944911961ca916c74c51ed3b
5631	61dbadd48c6394be981a5c35e4a605ec	85b982cfd349ba3cdc2d599d50cb594b	49c6eb4f944911961ca916c74c51ed3b
5632	61dbadd48c6394be981a5c35e4a605ec	85b982cfd349ba3cdc2d599d50cb594b	49c6eb4f944911961ca916c74c51ed3b
5633	61dbadd48c6394be981a5c35e4a605ec	85b982cfd349ba3cdc2d599d50cb594b	49c6eb4f944911961ca916c74c51ed3b
5634	61dbadd48c6394be981a5c35e4a605ec	85b982cfd349ba3cdc2d599d50cb594b	49c6eb4f944911961ca916c74c51ed3b
5635	35d4412d5fdf51dfa20c68e08fce3271	afaf3a303d3c6957632a2d940895e9dd	d2e25719f4b95a97b60227af632bde69
5636	35d4412d5fdf51dfa20c68e08fce3271	5324f6d30ffbd3c2222d5f035b5079b2	37c20fccd7bc0b701c178302c8c077fb
5637	35d4412d5fdf51dfa20c68e08fce3271	5324f6d30ffbd3c2222d5f035b5079b2	37c20fccd7bc0b701c178302c8c077fb
5638	35d4412d5fdf51dfa20c68e08fce3271	5324f6d30ffbd3c2222d5f035b5079b2	37c20fccd7bc0b701c178302c8c077fb
5639	35d4412d5fdf51dfa20c68e08fce3271	5324f6d30ffbd3c2222d5f035b5079b2	37c20fccd7bc0b701c178302c8c077fb
5640	61dbadd48c6394be981a5c35e4a605ec	85b982cfd349ba3cdc2d599d50cb594b	49c6eb4f944911961ca916c74c51ed3b
5641	61dbadd48c6394be981a5c35e4a605ec	85b982cfd349ba3cdc2d599d50cb594b	49c6eb4f944911961ca916c74c51ed3b
5642	5bf4159856f47ccd537935af47a93adc	98599d98f5b0b2c867d8cb0d242ccdeb	44f86b45eff5b67a3e0472787e81d63a
5643	5bf4159856f47ccd537935af47a93adc	98599d98f5b0b2c867d8cb0d242ccdeb	44f86b45eff5b67a3e0472787e81d63a
5644	5bf4159856f47ccd537935af47a93adc	98599d98f5b0b2c867d8cb0d242ccdeb	44f86b45eff5b67a3e0472787e81d63a
5645	5bf4159856f47ccd537935af47a93adc	98599d98f5b0b2c867d8cb0d242ccdeb	44f86b45eff5b67a3e0472787e81d63a
5646	5bf4159856f47ccd537935af47a93adc	98599d98f5b0b2c867d8cb0d242ccdeb	44f86b45eff5b67a3e0472787e81d63a
5647	fb0bed01d9338317f060976599fbde68	732081fdb730a8768058a8ff161268e3	37ca3012767c1091c4c881ee3d987528
5648	fb0bed01d9338317f060976599fbde68	732081fdb730a8768058a8ff161268e3	37ca3012767c1091c4c881ee3d987528
5649	d696d23d71e52706935f7319c0c661f7	6895046465cadf420ffb6e96c61a59b0	2e3fffc5c736a06a0cfd2c7b8b10129b
5650	d696d23d71e52706935f7319c0c661f7	6895046465cadf420ffb6e96c61a59b0	2e3fffc5c736a06a0cfd2c7b8b10129b
5651	d696d23d71e52706935f7319c0c661f7	6895046465cadf420ffb6e96c61a59b0	2e3fffc5c736a06a0cfd2c7b8b10129b
5652	96bdc409f44a356e08b9ebb3546c7e03	751f4bdcee333a7dcd38274146399c8d	9d7c6cdebbeb950f9d5c2d8c0edb7902
5653	96bdc409f44a356e08b9ebb3546c7e03	751f4bdcee333a7dcd38274146399c8d	9d7c6cdebbeb950f9d5c2d8c0edb7902
5654	d696d23d71e52706935f7319c0c661f7	6895046465cadf420ffb6e96c61a59b0	2e3fffc5c736a06a0cfd2c7b8b10129b
5655	d696d23d71e52706935f7319c0c661f7	6895046465cadf420ffb6e96c61a59b0	2e3fffc5c736a06a0cfd2c7b8b10129b
5656	d696d23d71e52706935f7319c0c661f7	6895046465cadf420ffb6e96c61a59b0	2e3fffc5c736a06a0cfd2c7b8b10129b
5657	96bdc409f44a356e08b9ebb3546c7e03	751f4bdcee333a7dcd38274146399c8d	9d7c6cdebbeb950f9d5c2d8c0edb7902
5658	96bdc409f44a356e08b9ebb3546c7e03	751f4bdcee333a7dcd38274146399c8d	9d7c6cdebbeb950f9d5c2d8c0edb7902
5659	e0efccf99e8cd70e5d93887b65606841	7630534df62e294c14759266b4aebee6	2142f2d346846bde761032fc8a7ff982
5660	e0efccf99e8cd70e5d93887b65606841	7630534df62e294c14759266b4aebee6	2142f2d346846bde761032fc8a7ff982
5661	e0efccf99e8cd70e5d93887b65606841	7630534df62e294c14759266b4aebee6	2142f2d346846bde761032fc8a7ff982
5662	e0efccf99e8cd70e5d93887b65606841	7630534df62e294c14759266b4aebee6	2142f2d346846bde761032fc8a7ff982
5663	e0efccf99e8cd70e5d93887b65606841	7630534df62e294c14759266b4aebee6	2142f2d346846bde761032fc8a7ff982
5664	e0efccf99e8cd70e5d93887b65606841	7630534df62e294c14759266b4aebee6	2142f2d346846bde761032fc8a7ff982
5665	e0efccf99e8cd70e5d93887b65606841	7630534df62e294c14759266b4aebee6	2142f2d346846bde761032fc8a7ff982
5666	15bcaefdd25ede416ad47ad4d5722909	a6a2ba9abe8366878112967fc2ae0281	cd44981022d7e7a11b88ba56e2e8b80a
5667	15bcaefdd25ede416ad47ad4d5722909	a6a2ba9abe8366878112967fc2ae0281	cd44981022d7e7a11b88ba56e2e8b80a
5668	15bcaefdd25ede416ad47ad4d5722909	a6a2ba9abe8366878112967fc2ae0281	cd44981022d7e7a11b88ba56e2e8b80a
5669	15bcaefdd25ede416ad47ad4d5722909	a6a2ba9abe8366878112967fc2ae0281	cd44981022d7e7a11b88ba56e2e8b80a
5670	15bcaefdd25ede416ad47ad4d5722909	a6a2ba9abe8366878112967fc2ae0281	cd44981022d7e7a11b88ba56e2e8b80a
5671	5efee55e85cd971adc506c4b66a639d9	ddbf3765ace484941e2f2e286fda7a01	091a84b445a14ace08dfcd4ea489292f
5672	5efee55e85cd971adc506c4b66a639d9	ddbf3765ace484941e2f2e286fda7a01	091a84b445a14ace08dfcd4ea489292f
5673	5efee55e85cd971adc506c4b66a639d9	ddbf3765ace484941e2f2e286fda7a01	091a84b445a14ace08dfcd4ea489292f
5674	5efee55e85cd971adc506c4b66a639d9	ddbf3765ace484941e2f2e286fda7a01	091a84b445a14ace08dfcd4ea489292f
5675	5efee55e85cd971adc506c4b66a639d9	ddbf3765ace484941e2f2e286fda7a01	091a84b445a14ace08dfcd4ea489292f
5676	5efee55e85cd971adc506c4b66a639d9	ddbf3765ace484941e2f2e286fda7a01	091a84b445a14ace08dfcd4ea489292f
5677	5efee55e85cd971adc506c4b66a639d9	ddbf3765ace484941e2f2e286fda7a01	091a84b445a14ace08dfcd4ea489292f
5678	5efee55e85cd971adc506c4b66a639d9	ddbf3765ace484941e2f2e286fda7a01	091a84b445a14ace08dfcd4ea489292f
5679	5efee55e85cd971adc506c4b66a639d9	ddbf3765ace484941e2f2e286fda7a01	091a84b445a14ace08dfcd4ea489292f
5680	5efee55e85cd971adc506c4b66a639d9	ddbf3765ace484941e2f2e286fda7a01	091a84b445a14ace08dfcd4ea489292f
5681	5efee55e85cd971adc506c4b66a639d9	ddbf3765ace484941e2f2e286fda7a01	091a84b445a14ace08dfcd4ea489292f
5682	5efee55e85cd971adc506c4b66a639d9	ddbf3765ace484941e2f2e286fda7a01	091a84b445a14ace08dfcd4ea489292f
5683	5efee55e85cd971adc506c4b66a639d9	ddbf3765ace484941e2f2e286fda7a01	091a84b445a14ace08dfcd4ea489292f
5684	5efee55e85cd971adc506c4b66a639d9	ddbf3765ace484941e2f2e286fda7a01	091a84b445a14ace08dfcd4ea489292f
5685	5efee55e85cd971adc506c4b66a639d9	ddbf3765ace484941e2f2e286fda7a01	091a84b445a14ace08dfcd4ea489292f
5686	5efee55e85cd971adc506c4b66a639d9	ddbf3765ace484941e2f2e286fda7a01	091a84b445a14ace08dfcd4ea489292f
5687	5efee55e85cd971adc506c4b66a639d9	ddbf3765ace484941e2f2e286fda7a01	091a84b445a14ace08dfcd4ea489292f
5688	c2516d334f1a5d312bc69a33decb2bd8	c2e29e3491d24fc221ca4845cb649a68	ec45561196f54c459a89d1190898c588
5689	c2516d334f1a5d312bc69a33decb2bd8	c2e29e3491d24fc221ca4845cb649a68	ec45561196f54c459a89d1190898c588
5690	c2516d334f1a5d312bc69a33decb2bd8	c2e29e3491d24fc221ca4845cb649a68	ec45561196f54c459a89d1190898c588
5691	c2516d334f1a5d312bc69a33decb2bd8	2214e44af1c8611b5aaed354ed70be0f	4b743d9948a68b81147f5a5e6b8e93da
5692	c2516d334f1a5d312bc69a33decb2bd8	2214e44af1c8611b5aaed354ed70be0f	4b743d9948a68b81147f5a5e6b8e93da
5693	c2516d334f1a5d312bc69a33decb2bd8	2214e44af1c8611b5aaed354ed70be0f	4b743d9948a68b81147f5a5e6b8e93da
5694	c2516d334f1a5d312bc69a33decb2bd8	2214e44af1c8611b5aaed354ed70be0f	4b743d9948a68b81147f5a5e6b8e93da
5695	63e6f9f7af52b59a13414c0a72ebb340	59f5b73aae4e14fbd5c540e646171eb9	e57c1edf2fb98feb88f4cbb35c31d8a7
5696	f58b4e65ac689a53c0d5a3433e224672	1a17a4097a9bd2ba85391e5010ce2867	469fae1cd4e6432b55c52ca52e95db81
5697	f58b4e65ac689a53c0d5a3433e224672	1a17a4097a9bd2ba85391e5010ce2867	469fae1cd4e6432b55c52ca52e95db81
5698	9223a4546f2ab835c7fd00cdf74ab430	8284324938c67ca03bba3b673595a27b	8f5ca1b01402124775a8674338115af3
5699	9223a4546f2ab835c7fd00cdf74ab430	8284324938c67ca03bba3b673595a27b	8f5ca1b01402124775a8674338115af3
5700	1bf4c0e5772046a90c4523c915cbb9a9	d26e96724c09b2039a5ff22b3706c110	44c32d4c82b6704039cd0ddf66355833
5701	1bf4c0e5772046a90c4523c915cbb9a9	d26e96724c09b2039a5ff22b3706c110	44c32d4c82b6704039cd0ddf66355833
5702	1bf4c0e5772046a90c4523c915cbb9a9	d26e96724c09b2039a5ff22b3706c110	44c32d4c82b6704039cd0ddf66355833
5703	583032eae84b0a271890810293d96834	a27083fea603bf3853cb93dfaadf47df	c79828c377132851cdb4b23e917aee28
5704	583032eae84b0a271890810293d96834	a27083fea603bf3853cb93dfaadf47df	c79828c377132851cdb4b23e917aee28
5705	583032eae84b0a271890810293d96834	a27083fea603bf3853cb93dfaadf47df	c79828c377132851cdb4b23e917aee28
5706	583032eae84b0a271890810293d96834	a27083fea603bf3853cb93dfaadf47df	c79828c377132851cdb4b23e917aee28
5707	7ec2651e08aaa4601db35b9e5f12b84f	a397594b18afda427ee673cdf349c106	9c6eb329c0e50b7ce8f17a89eff2d192
5708	7ec2651e08aaa4601db35b9e5f12b84f	a397594b18afda427ee673cdf349c106	9c6eb329c0e50b7ce8f17a89eff2d192
5709	7ec2651e08aaa4601db35b9e5f12b84f	a397594b18afda427ee673cdf349c106	9c6eb329c0e50b7ce8f17a89eff2d192
5710	0ac8967a0626c75a525bd3c10f150eff	5169732b7191539b14f7d5054b2c1196	e7f13d9e623135aa317b4c03035644d1
5711	0ac8967a0626c75a525bd3c10f150eff	5169732b7191539b14f7d5054b2c1196	e7f13d9e623135aa317b4c03035644d1
5712	bab5e7232355b9804ee3d7316b3e1642	55c0accba3b0dd7075a8818020e93f49	d898db6c690c5107d09de2012c907a33
5713	bab5e7232355b9804ee3d7316b3e1642	55c0accba3b0dd7075a8818020e93f49	d898db6c690c5107d09de2012c907a33
5714	bab5e7232355b9804ee3d7316b3e1642	55c0accba3b0dd7075a8818020e93f49	d898db6c690c5107d09de2012c907a33
5715	bab5e7232355b9804ee3d7316b3e1642	55c0accba3b0dd7075a8818020e93f49	d898db6c690c5107d09de2012c907a33
5716	bab5e7232355b9804ee3d7316b3e1642	55c0accba3b0dd7075a8818020e93f49	d898db6c690c5107d09de2012c907a33
5717	bab5e7232355b9804ee3d7316b3e1642	55c0accba3b0dd7075a8818020e93f49	d898db6c690c5107d09de2012c907a33
5718	bab5e7232355b9804ee3d7316b3e1642	55c0accba3b0dd7075a8818020e93f49	d898db6c690c5107d09de2012c907a33
5719	ac1a3e26b9609febf2e12fe5057117df	135036734073ccabd60ae4e3e093dc5e	d5767ac326e27e0bb200373521ad2f5d
5720	ac1a3e26b9609febf2e12fe5057117df	135036734073ccabd60ae4e3e093dc5e	d5767ac326e27e0bb200373521ad2f5d
5721	ac1a3e26b9609febf2e12fe5057117df	135036734073ccabd60ae4e3e093dc5e	d5767ac326e27e0bb200373521ad2f5d
5722	ac1a3e26b9609febf2e12fe5057117df	135036734073ccabd60ae4e3e093dc5e	d5767ac326e27e0bb200373521ad2f5d
5723	ac1a3e26b9609febf2e12fe5057117df	135036734073ccabd60ae4e3e093dc5e	d5767ac326e27e0bb200373521ad2f5d
5724	ac1a3e26b9609febf2e12fe5057117df	135036734073ccabd60ae4e3e093dc5e	d5767ac326e27e0bb200373521ad2f5d
5725	ac1a3e26b9609febf2e12fe5057117df	135036734073ccabd60ae4e3e093dc5e	d5767ac326e27e0bb200373521ad2f5d
5726	ac1a3e26b9609febf2e12fe5057117df	135036734073ccabd60ae4e3e093dc5e	d5767ac326e27e0bb200373521ad2f5d
5727	ac1a3e26b9609febf2e12fe5057117df	135036734073ccabd60ae4e3e093dc5e	d5767ac326e27e0bb200373521ad2f5d
5728	ac1a3e26b9609febf2e12fe5057117df	135036734073ccabd60ae4e3e093dc5e	d5767ac326e27e0bb200373521ad2f5d
5729	30f377af56d930c25677b59cbac4553d	8048b3249de9609050b7bfc4aec30ea7	00768fbc19d15bed5b2c0ff955172de9
5730	30f377af56d930c25677b59cbac4553d	8048b3249de9609050b7bfc4aec30ea7	00768fbc19d15bed5b2c0ff955172de9
5731	30f377af56d930c25677b59cbac4553d	8048b3249de9609050b7bfc4aec30ea7	00768fbc19d15bed5b2c0ff955172de9
5732	30f377af56d930c25677b59cbac4553d	8048b3249de9609050b7bfc4aec30ea7	00768fbc19d15bed5b2c0ff955172de9
5733	30f377af56d930c25677b59cbac4553d	8048b3249de9609050b7bfc4aec30ea7	00768fbc19d15bed5b2c0ff955172de9
5734	30f377af56d930c25677b59cbac4553d	8048b3249de9609050b7bfc4aec30ea7	00768fbc19d15bed5b2c0ff955172de9
5735	30f377af56d930c25677b59cbac4553d	8048b3249de9609050b7bfc4aec30ea7	00768fbc19d15bed5b2c0ff955172de9
5736	312682c4a84c7f505fb35e98214ef153	7cd2624b43210b9c448cbd77a672cdc8	4203eae7273d9d7c6dfbe58e2b524c70
5737	312682c4a84c7f505fb35e98214ef153	7cd2624b43210b9c448cbd77a672cdc8	4203eae7273d9d7c6dfbe58e2b524c70
5738	312682c4a84c7f505fb35e98214ef153	7cd2624b43210b9c448cbd77a672cdc8	4203eae7273d9d7c6dfbe58e2b524c70
5739	312682c4a84c7f505fb35e98214ef153	7cd2624b43210b9c448cbd77a672cdc8	4203eae7273d9d7c6dfbe58e2b524c70
5740	312682c4a84c7f505fb35e98214ef153	7cd2624b43210b9c448cbd77a672cdc8	4203eae7273d9d7c6dfbe58e2b524c70
5741	5473fea5529f09c1f0c4c37456e4b7ae	ca99d1165c6bb96ce641b50e2733d627	1c045f268ef0615a735fbc6d0f4ac061
5742	611a5c606df57572728e0f7e0523880c	0ea4279bdb6d15983814d42612d9de9f	958895b8730342fef3896f24b59526e1
5743	367a0591066ecf3f822baa2f7324d259	bc4f899aba7930aae1dddc83fada3d09	c23869c5617cebfaddee5ed947673043
5744	5e63901fbf6407b8d6b7d993ee7f1bb6	dd43b20777ff7f7d1cd057277595a46e	2dedaad712ee94e929480ad2008feeac
5745	37d3e64725dcfb0c59de333207500a6e	00242d7a9bacb48f9998fa072e8ddd7d	0367cb58ee7b856f4116271b9d89485f
5746	2769657f5636136e5d03dda09939b837	5b0ed8162c341be3fddbcd09be8a4704	5ce4adb90adc50fc0ed27f72920e4b65
5747	14f22123defbb76ff96df24a51478c0a	94c469f90b4cb6a8e640ab08e8861acb	4d83fe14a57efb52ed4bf9dfbb631655
5748	ac0b722ad06e5df43164ea6d34fefab6	630f605451b0902eb0397814cc72d825	7b371ebb63a69e6399939a734bcfaa23
5749	8dd16ad447788fa7c769f05e37ebb5fd	5b55538e7dd795be9599a6b102b487f1	b66d0d288f6d4ddde215101a6009ebbb
5750	8dd16ad447788fa7c769f05e37ebb5fd	5b55538e7dd795be9599a6b102b487f1	b66d0d288f6d4ddde215101a6009ebbb
5751	795adcedb6da0182052cf89ba9db79de	d20ca294efaa46e7d5e9cfe6e92999af	75ac82a2ede00c91009e6808e0d5050e
5752	441b3a629df52602279222617401984c	9aee66b73a44d927e0e21121c7d69f7d	048aa11b6df22e4550c73e0a33986d9c
5753	ce8402759d585b1005e3a1dc80e6aed4	92ba16cf36628025167bf1808d5c2f4f	0ab2b827131ce3f5c1cb62f9398bfa4a
5754	3b34c19df2a9f67bcc291b8aa3fd50e1	e2f387aa43a8af3c48e9b040d8db703b	07ef8b287838f2ac53cfaf659040120f
5755	d0d7f815559efb8668a919894cef9aa1	0d2894aeba56a9d6ec524315b4ea8220	809e1b385c5e5d7471fb01811d5138d9
5756	3b34c19df2a9f67bcc291b8aa3fd50e1	cb279ee6b331a2ad55b3f92f17bd9edd	f362113158f7f79b2b0aca245a0fb3e0
5757	1d518f9359110a9e8e328d4f741b64f2	285daf07a04e7a86800248459817febd	b48cd7192bae8ebc38fb3fd36a213a04
5758	c4f096ef0b8084051200e792d47e7397	8e68a5e8041cd79503180a0032d67335	e166554961f7b163b99a35e00602f705
5759	c4f096ef0b8084051200e792d47e7397	8e68a5e8041cd79503180a0032d67335	e166554961f7b163b99a35e00602f705
5760	c4f096ef0b8084051200e792d47e7397	8e68a5e8041cd79503180a0032d67335	e166554961f7b163b99a35e00602f705
5761	c4f096ef0b8084051200e792d47e7397	8e68a5e8041cd79503180a0032d67335	e166554961f7b163b99a35e00602f705
5762	c4f096ef0b8084051200e792d47e7397	8e68a5e8041cd79503180a0032d67335	e166554961f7b163b99a35e00602f705
5763	32dbe5ed660ee2ccc12a0a10253b9b51	e7bdb2cd23afa428af5694300e66b732	5263e24aa7b5e108c9505a3eb3ddf586
5764	32dbe5ed660ee2ccc12a0a10253b9b51	e7bdb2cd23afa428af5694300e66b732	5263e24aa7b5e108c9505a3eb3ddf586
5765	0c5c3ee192f2a94fef14a02e17c3f2f6	66ba8b333615e2ddba5a65c50dea6224	f9dcb4a9e8bc3b71e87831b20fa5632b
5766	0c5c3ee192f2a94fef14a02e17c3f2f6	66ba8b333615e2ddba5a65c50dea6224	f9dcb4a9e8bc3b71e87831b20fa5632b
5767	0c5c3ee192f2a94fef14a02e17c3f2f6	66ba8b333615e2ddba5a65c50dea6224	f9dcb4a9e8bc3b71e87831b20fa5632b
5768	0c5c3ee192f2a94fef14a02e17c3f2f6	66ba8b333615e2ddba5a65c50dea6224	f9dcb4a9e8bc3b71e87831b20fa5632b
5769	0c5c3ee192f2a94fef14a02e17c3f2f6	66ba8b333615e2ddba5a65c50dea6224	f9dcb4a9e8bc3b71e87831b20fa5632b
5770	9cca6cf9055b5ce48db5bdd741346e5a	46326c8fc65d2aa675f91219fe3bc509	e3055ec1f1bf7593eb5af1966c0eacf9
5771	9cca6cf9055b5ce48db5bdd741346e5a	46326c8fc65d2aa675f91219fe3bc509	e3055ec1f1bf7593eb5af1966c0eacf9
5772	9cca6cf9055b5ce48db5bdd741346e5a	46326c8fc65d2aa675f91219fe3bc509	e3055ec1f1bf7593eb5af1966c0eacf9
5773	85eca30cfdf5b508a8ba9b2ae4d77f9f	c59c6aa258270044e370f24ec9a8aced	63b0bf120979bfda7f082b3a977ee881
5774	8edf78076232d0318f9702aa46b2dc39	d8b33b404d162b9991a45d5d3dce45cb	596a27ae1b7773717ce46868f24cc2e3
5775	1c761e301c280c48bf3b6ee40aa0ed01	bf326ab5513c0362e0928e0702f327e4	6931768a00d2707c8ddb45d25837fe20
5776	1c761e301c280c48bf3b6ee40aa0ed01	bf326ab5513c0362e0928e0702f327e4	6931768a00d2707c8ddb45d25837fe20
5777	7f4cb1abcd276db58bb865408f9f4fc2	5faddfd7492948496b156094e77beb4f	3f4060739e12ff1fba1a80d4a51b53ba
5778	7f4cb1abcd276db58bb865408f9f4fc2	5faddfd7492948496b156094e77beb4f	3f4060739e12ff1fba1a80d4a51b53ba
5779	7f4cb1abcd276db58bb865408f9f4fc2	5faddfd7492948496b156094e77beb4f	3f4060739e12ff1fba1a80d4a51b53ba
5780	6f647ace75955115da22b7eb4a91be25	08e59ba4640732fec86f69b3a6d86c77	5c734c0334c7b6c085213b6f1b06b34b
5781	7f4cb1abcd276db58bb865408f9f4fc2	5faddfd7492948496b156094e77beb4f	3f4060739e12ff1fba1a80d4a51b53ba
5782	b33b87b8579d7c2384c0293dd904efec	4ba25c2133145ceb8a45ed58bd5e8858	29134df16c310677d067547430dca18e
5783	b33b87b8579d7c2384c0293dd904efec	4ba25c2133145ceb8a45ed58bd5e8858	29134df16c310677d067547430dca18e
5784	b33b87b8579d7c2384c0293dd904efec	4ba25c2133145ceb8a45ed58bd5e8858	29134df16c310677d067547430dca18e
5785	b33b87b8579d7c2384c0293dd904efec	4ba25c2133145ceb8a45ed58bd5e8858	29134df16c310677d067547430dca18e
5786	b33b87b8579d7c2384c0293dd904efec	4ba25c2133145ceb8a45ed58bd5e8858	29134df16c310677d067547430dca18e
5787	b33b87b8579d7c2384c0293dd904efec	4ba25c2133145ceb8a45ed58bd5e8858	29134df16c310677d067547430dca18e
5788	b33b87b8579d7c2384c0293dd904efec	4ba25c2133145ceb8a45ed58bd5e8858	29134df16c310677d067547430dca18e
5789	b33b87b8579d7c2384c0293dd904efec	4ba25c2133145ceb8a45ed58bd5e8858	29134df16c310677d067547430dca18e
5790	b33b87b8579d7c2384c0293dd904efec	4ba25c2133145ceb8a45ed58bd5e8858	29134df16c310677d067547430dca18e
5791	b33b87b8579d7c2384c0293dd904efec	4ba25c2133145ceb8a45ed58bd5e8858	29134df16c310677d067547430dca18e
5792	b33b87b8579d7c2384c0293dd904efec	4ba25c2133145ceb8a45ed58bd5e8858	29134df16c310677d067547430dca18e
5793	b33b87b8579d7c2384c0293dd904efec	4ba25c2133145ceb8a45ed58bd5e8858	29134df16c310677d067547430dca18e
5794	eec8f2855eb2ba2566e367a0a2d06a5f	6b3e8e6dabc972f4bafd25189a587a8c	8de8bc5b813829504438acaeec740f1b
5795	eec8f2855eb2ba2566e367a0a2d06a5f	6b3e8e6dabc972f4bafd25189a587a8c	8de8bc5b813829504438acaeec740f1b
5796	eec8f2855eb2ba2566e367a0a2d06a5f	6b3e8e6dabc972f4bafd25189a587a8c	8de8bc5b813829504438acaeec740f1b
5797	eec8f2855eb2ba2566e367a0a2d06a5f	6b3e8e6dabc972f4bafd25189a587a8c	8de8bc5b813829504438acaeec740f1b
5798	eec8f2855eb2ba2566e367a0a2d06a5f	6b3e8e6dabc972f4bafd25189a587a8c	8de8bc5b813829504438acaeec740f1b
5799	ad800ab440165d418e3c0119c8a3152d	9aad1a8e95c17377dba36ffdc3daf97d	0eb681a113a4371f424478ddeaebe0aa
5800	ad800ab440165d418e3c0119c8a3152d	9aad1a8e95c17377dba36ffdc3daf97d	0eb681a113a4371f424478ddeaebe0aa
5801	ad800ab440165d418e3c0119c8a3152d	9aad1a8e95c17377dba36ffdc3daf97d	0eb681a113a4371f424478ddeaebe0aa
5802	ad800ab440165d418e3c0119c8a3152d	9aad1a8e95c17377dba36ffdc3daf97d	0eb681a113a4371f424478ddeaebe0aa
5803	ad800ab440165d418e3c0119c8a3152d	9aad1a8e95c17377dba36ffdc3daf97d	0eb681a113a4371f424478ddeaebe0aa
5804	ad800ab440165d418e3c0119c8a3152d	9aad1a8e95c17377dba36ffdc3daf97d	0eb681a113a4371f424478ddeaebe0aa
5805	ad800ab440165d418e3c0119c8a3152d	9aad1a8e95c17377dba36ffdc3daf97d	0eb681a113a4371f424478ddeaebe0aa
5806	ad800ab440165d418e3c0119c8a3152d	9aad1a8e95c17377dba36ffdc3daf97d	0eb681a113a4371f424478ddeaebe0aa
5807	ad800ab440165d418e3c0119c8a3152d	9aad1a8e95c17377dba36ffdc3daf97d	0eb681a113a4371f424478ddeaebe0aa
5808	ad800ab440165d418e3c0119c8a3152d	9aad1a8e95c17377dba36ffdc3daf97d	0eb681a113a4371f424478ddeaebe0aa
5809	ad800ab440165d418e3c0119c8a3152d	9aad1a8e95c17377dba36ffdc3daf97d	0eb681a113a4371f424478ddeaebe0aa
5810	ad800ab440165d418e3c0119c8a3152d	9aad1a8e95c17377dba36ffdc3daf97d	0eb681a113a4371f424478ddeaebe0aa
5811	eb0f0c06d36075c9c435e07bb1c8e9c1	fed0c3dfd2a49b9730397314b01f30fb	ae61d75e1987e68140285001c72ec06e
5812	eb0f0c06d36075c9c435e07bb1c8e9c1	fed0c3dfd2a49b9730397314b01f30fb	ae61d75e1987e68140285001c72ec06e
5813	eb0f0c06d36075c9c435e07bb1c8e9c1	fed0c3dfd2a49b9730397314b01f30fb	ae61d75e1987e68140285001c72ec06e
5814	eb0f0c06d36075c9c435e07bb1c8e9c1	fed0c3dfd2a49b9730397314b01f30fb	ae61d75e1987e68140285001c72ec06e
5815	eb0f0c06d36075c9c435e07bb1c8e9c1	fed0c3dfd2a49b9730397314b01f30fb	ae61d75e1987e68140285001c72ec06e
5816	eb0f0c06d36075c9c435e07bb1c8e9c1	fed0c3dfd2a49b9730397314b01f30fb	ae61d75e1987e68140285001c72ec06e
5817	eb0f0c06d36075c9c435e07bb1c8e9c1	fed0c3dfd2a49b9730397314b01f30fb	ae61d75e1987e68140285001c72ec06e
5818	f09ef9d1e2f6aea73895e853f0f3ded5	36c49e81058c35ee01abc2627d3f2669	cedc2e757438d7d39279af63479f6236
5819	f09ef9d1e2f6aea73895e853f0f3ded5	36c49e81058c35ee01abc2627d3f2669	cedc2e757438d7d39279af63479f6236
5820	f09ef9d1e2f6aea73895e853f0f3ded5	36c49e81058c35ee01abc2627d3f2669	cedc2e757438d7d39279af63479f6236
5821	bcd2d9c261ff0fd53e7d2e1c1043114f	c8cc002908f898f72bd0ab3a75e22a0a	8ceec50fd6b5cdf7c0aaddd51dd81e35
5822	013f4409d278b5499da5f37a8acb85f8	5af51e74dc1d34884ec3a1467e914d30	3c62bce08d8e6898b9955a0a367a851b
5823	f09ef9d1e2f6aea73895e853f0f3ded5	36c49e81058c35ee01abc2627d3f2669	cedc2e757438d7d39279af63479f6236
5824	f09ef9d1e2f6aea73895e853f0f3ded5	36c49e81058c35ee01abc2627d3f2669	cedc2e757438d7d39279af63479f6236
5825	f09ef9d1e2f6aea73895e853f0f3ded5	36c49e81058c35ee01abc2627d3f2669	cedc2e757438d7d39279af63479f6236
5826	73686f4d167aa8a61adb5f4eb90e14c0	b72c3c05b736b7ad8f9986b9bde8272c	a6dcd9ba802f0473ed2143822fee4281
5827	8dc5ab85d92f02018a9d3b0b78de7401	2bfa201d7ebdacb0cee869b1913cdba3	980a8cfc4593f1307f9eb00bbdaae1dc
5828	db7b6430b5f01ddd461a51286e3fca93	f32dae0458144fb8b52645fa0c5a2638	c7fcc58a1cf37df1fb6b7346c9789a62
5829	db7b6430b5f01ddd461a51286e3fca93	f32dae0458144fb8b52645fa0c5a2638	c7fcc58a1cf37df1fb6b7346c9789a62
5830	db7b6430b5f01ddd461a51286e3fca93	f32dae0458144fb8b52645fa0c5a2638	c7fcc58a1cf37df1fb6b7346c9789a62
5831	db7b6430b5f01ddd461a51286e3fca93	f32dae0458144fb8b52645fa0c5a2638	c7fcc58a1cf37df1fb6b7346c9789a62
5832	db7b6430b5f01ddd461a51286e3fca93	f32dae0458144fb8b52645fa0c5a2638	c7fcc58a1cf37df1fb6b7346c9789a62
5833	db7b6430b5f01ddd461a51286e3fca93	f32dae0458144fb8b52645fa0c5a2638	c7fcc58a1cf37df1fb6b7346c9789a62
5834	db7b6430b5f01ddd461a51286e3fca93	f32dae0458144fb8b52645fa0c5a2638	c7fcc58a1cf37df1fb6b7346c9789a62
5835	9263b5d7b409cf0817e6bbc0f01cf9d5	962724b1dedb57757e9b832f26a74a1d	76ac6ad0d0cbb02768e106124a214709
5836	1ceb837ae264a27747fb5a4645fcec2b	b17ae921be754d36568581508351c691	341ac162cd130e1e285028c0e4a9b1d1
5837	fdee211cb94e2641a8f37dafdb9d924d	58c4e33006eff67080cf89a04e3677ee	f70e847316c5b794d55d7b7c035956ce
5838	ca59d9b48ed9e51daa2aea78d414dcd4	8d083bc316dfc1b4e201738470872b19	512fff7dedd8a0a6f9057129979e911d
5839	1ceb837ae264a27747fb5a4645fcec2b	d4cc5145a039116983a8446e9121d1ac	6c015eda47533b114018ca612b783d54
5840	1544cf60c88eb9a52625ad38c999c076	cb98ac7604bc9a442947650e9fddb953	48fc0f6789e732df7f9072a0b6446649
5841	1544cf60c88eb9a52625ad38c999c076	cb98ac7604bc9a442947650e9fddb953	48fc0f6789e732df7f9072a0b6446649
5842	1544cf60c88eb9a52625ad38c999c076	cb98ac7604bc9a442947650e9fddb953	48fc0f6789e732df7f9072a0b6446649
5843	1544cf60c88eb9a52625ad38c999c076	cb98ac7604bc9a442947650e9fddb953	48fc0f6789e732df7f9072a0b6446649
5844	1544cf60c88eb9a52625ad38c999c076	cb98ac7604bc9a442947650e9fddb953	48fc0f6789e732df7f9072a0b6446649
5845	1544cf60c88eb9a52625ad38c999c076	cb98ac7604bc9a442947650e9fddb953	48fc0f6789e732df7f9072a0b6446649
5846	1544cf60c88eb9a52625ad38c999c076	cb98ac7604bc9a442947650e9fddb953	48fc0f6789e732df7f9072a0b6446649
5847	1544cf60c88eb9a52625ad38c999c076	cb98ac7604bc9a442947650e9fddb953	48fc0f6789e732df7f9072a0b6446649
5848	1544cf60c88eb9a52625ad38c999c076	cb98ac7604bc9a442947650e9fddb953	48fc0f6789e732df7f9072a0b6446649
5849	1544cf60c88eb9a52625ad38c999c076	cb98ac7604bc9a442947650e9fddb953	48fc0f6789e732df7f9072a0b6446649
5850	1544cf60c88eb9a52625ad38c999c076	cb98ac7604bc9a442947650e9fddb953	48fc0f6789e732df7f9072a0b6446649
5851	1544cf60c88eb9a52625ad38c999c076	cb98ac7604bc9a442947650e9fddb953	48fc0f6789e732df7f9072a0b6446649
5852	1544cf60c88eb9a52625ad38c999c076	cb98ac7604bc9a442947650e9fddb953	48fc0f6789e732df7f9072a0b6446649
5853	1544cf60c88eb9a52625ad38c999c076	cb98ac7604bc9a442947650e9fddb953	48fc0f6789e732df7f9072a0b6446649
5854	1544cf60c88eb9a52625ad38c999c076	cb98ac7604bc9a442947650e9fddb953	48fc0f6789e732df7f9072a0b6446649
5855	1544cf60c88eb9a52625ad38c999c076	cb98ac7604bc9a442947650e9fddb953	48fc0f6789e732df7f9072a0b6446649
5856	1544cf60c88eb9a52625ad38c999c076	cb98ac7604bc9a442947650e9fddb953	48fc0f6789e732df7f9072a0b6446649
5857	ff0c6bbfce5c15f593c2a38f07b141bb	656c3c385a8e4fed120264e277a8a762	b235bced8606d1445727c2a1bdfebfbc
5858	ff0c6bbfce5c15f593c2a38f07b141bb	656c3c385a8e4fed120264e277a8a762	b235bced8606d1445727c2a1bdfebfbc
5859	ff0c6bbfce5c15f593c2a38f07b141bb	656c3c385a8e4fed120264e277a8a762	b235bced8606d1445727c2a1bdfebfbc
5860	ff0c6bbfce5c15f593c2a38f07b141bb	656c3c385a8e4fed120264e277a8a762	b235bced8606d1445727c2a1bdfebfbc
5861	ff0c6bbfce5c15f593c2a38f07b141bb	656c3c385a8e4fed120264e277a8a762	b235bced8606d1445727c2a1bdfebfbc
5862	ff0c6bbfce5c15f593c2a38f07b141bb	656c3c385a8e4fed120264e277a8a762	b235bced8606d1445727c2a1bdfebfbc
5863	ff0c6bbfce5c15f593c2a38f07b141bb	656c3c385a8e4fed120264e277a8a762	b235bced8606d1445727c2a1bdfebfbc
5864	d07663c95e2053dfb342d88a5cc2f84f	9fa679d1ac5aaddb2b0c33013dfa0804	b62656d0d031f6b4fa2cccea4a301b73
5865	d07663c95e2053dfb342d88a5cc2f84f	9fa679d1ac5aaddb2b0c33013dfa0804	b62656d0d031f6b4fa2cccea4a301b73
5866	d07663c95e2053dfb342d88a5cc2f84f	9fa679d1ac5aaddb2b0c33013dfa0804	b62656d0d031f6b4fa2cccea4a301b73
5867	d07663c95e2053dfb342d88a5cc2f84f	9fa679d1ac5aaddb2b0c33013dfa0804	b62656d0d031f6b4fa2cccea4a301b73
5868	d07663c95e2053dfb342d88a5cc2f84f	9fa679d1ac5aaddb2b0c33013dfa0804	b62656d0d031f6b4fa2cccea4a301b73
5869	b0ce767c0845dab1ae5d271b102efdc1	b93cdf7247978981cb966418f4cad60e	8e59863e30a4fe5fdc681c3c1d14b793
5870	b0ce767c0845dab1ae5d271b102efdc1	b93cdf7247978981cb966418f4cad60e	8e59863e30a4fe5fdc681c3c1d14b793
5871	b0ce767c0845dab1ae5d271b102efdc1	b93cdf7247978981cb966418f4cad60e	8e59863e30a4fe5fdc681c3c1d14b793
5872	b0ce767c0845dab1ae5d271b102efdc1	b93cdf7247978981cb966418f4cad60e	8e59863e30a4fe5fdc681c3c1d14b793
5873	b0ce767c0845dab1ae5d271b102efdc1	b93cdf7247978981cb966418f4cad60e	8e59863e30a4fe5fdc681c3c1d14b793
5874	b0ce767c0845dab1ae5d271b102efdc1	b93cdf7247978981cb966418f4cad60e	8e59863e30a4fe5fdc681c3c1d14b793
5875	b0ce767c0845dab1ae5d271b102efdc1	b93cdf7247978981cb966418f4cad60e	8e59863e30a4fe5fdc681c3c1d14b793
5876	c4f5ac9ae4378a83198d2c47bfa3749e	0ddadf3eb57e26674a2e7cc590606225	ed7242b93a28ea834e81f3ed9b7918d0
5877	c4f5ac9ae4378a83198d2c47bfa3749e	0ddadf3eb57e26674a2e7cc590606225	ed7242b93a28ea834e81f3ed9b7918d0
5878	c4f5ac9ae4378a83198d2c47bfa3749e	0ddadf3eb57e26674a2e7cc590606225	ed7242b93a28ea834e81f3ed9b7918d0
5879	c4f5ac9ae4378a83198d2c47bfa3749e	0ddadf3eb57e26674a2e7cc590606225	ed7242b93a28ea834e81f3ed9b7918d0
5880	c4f5ac9ae4378a83198d2c47bfa3749e	0ddadf3eb57e26674a2e7cc590606225	ed7242b93a28ea834e81f3ed9b7918d0
5881	a6a09400518715e58fbf9f816cf96a27	92b702624e8f3e4f73382f70496c11d8	27b9de8f0342111e0c0fd03f1735eb3b
5882	a6a09400518715e58fbf9f816cf96a27	92b702624e8f3e4f73382f70496c11d8	27b9de8f0342111e0c0fd03f1735eb3b
5883	a6a09400518715e58fbf9f816cf96a27	92b702624e8f3e4f73382f70496c11d8	27b9de8f0342111e0c0fd03f1735eb3b
5884	a6a09400518715e58fbf9f816cf96a27	92b702624e8f3e4f73382f70496c11d8	27b9de8f0342111e0c0fd03f1735eb3b
5885	a6a09400518715e58fbf9f816cf96a27	92b702624e8f3e4f73382f70496c11d8	27b9de8f0342111e0c0fd03f1735eb3b
5886	a6a09400518715e58fbf9f816cf96a27	92b702624e8f3e4f73382f70496c11d8	27b9de8f0342111e0c0fd03f1735eb3b
5887	a6a09400518715e58fbf9f816cf96a27	92b702624e8f3e4f73382f70496c11d8	27b9de8f0342111e0c0fd03f1735eb3b
5888	bb41ca2feed55ffaca41bfd5daebde22	571b9785cd1c74494593efdedace8144	650a54f4aa89b9cc5759b3f33b9dc30a
5889	bb41ca2feed55ffaca41bfd5daebde22	571b9785cd1c74494593efdedace8144	650a54f4aa89b9cc5759b3f33b9dc30a
5890	bb41ca2feed55ffaca41bfd5daebde22	571b9785cd1c74494593efdedace8144	650a54f4aa89b9cc5759b3f33b9dc30a
5891	bb41ca2feed55ffaca41bfd5daebde22	571b9785cd1c74494593efdedace8144	650a54f4aa89b9cc5759b3f33b9dc30a
5892	bb41ca2feed55ffaca41bfd5daebde22	571b9785cd1c74494593efdedace8144	650a54f4aa89b9cc5759b3f33b9dc30a
5893	38c4312fe99e3cffa5bf318045c8ac32	f7604d6b2817be05a1ae07d0e417d0b6	284fdcb7d9a434f1b7d75a92aaaf2c99
5894	38c4312fe99e3cffa5bf318045c8ac32	f7604d6b2817be05a1ae07d0e417d0b6	284fdcb7d9a434f1b7d75a92aaaf2c99
5895	38c4312fe99e3cffa5bf318045c8ac32	f7604d6b2817be05a1ae07d0e417d0b6	284fdcb7d9a434f1b7d75a92aaaf2c99
5896	38c4312fe99e3cffa5bf318045c8ac32	783a860fc37a4052c5337ea0ece3e76c	e955b460a5df09d3148375d86095d5a2
5897	38c4312fe99e3cffa5bf318045c8ac32	639b165c240faf3952a9a56422c2873a	ca1191b509721e1c638ab31b2bf40bf8
5898	b5f37af8e4fe7c6ed46d986778fe50a8	699def0c97a902bbc30763e2f987ede5	2eb2e0bdd049fdd98dd817e20787088a
5899	b5f37af8e4fe7c6ed46d986778fe50a8	699def0c97a902bbc30763e2f987ede5	2eb2e0bdd049fdd98dd817e20787088a
5900	b5f37af8e4fe7c6ed46d986778fe50a8	699def0c97a902bbc30763e2f987ede5	2eb2e0bdd049fdd98dd817e20787088a
5901	8f65bf908b6501d765a780d96335f014	425d7cc2ebd4e95b67c8262b62f3763c	e8b4f6f2245ef3ef0490ecea09ae1978
5902	8f65bf908b6501d765a780d96335f014	425d7cc2ebd4e95b67c8262b62f3763c	e8b4f6f2245ef3ef0490ecea09ae1978
5903	9baba4e5de51aa385049fb8c6fde8736	4b2b6ca319d7314d3783f942596da4aa	c3b293a785b664159b35153384fb3402
5904	9baba4e5de51aa385049fb8c6fde8736	4b2b6ca319d7314d3783f942596da4aa	c3b293a785b664159b35153384fb3402
5905	1ac1b5e76daaa86eeb5a925932fc78b0	ae10c18767fc1960b7f702b98a59b03e	6572bd187573e22780b52548d19edd7e
5906	1ac1b5e76daaa86eeb5a925932fc78b0	ae10c18767fc1960b7f702b98a59b03e	6572bd187573e22780b52548d19edd7e
5907	1ac1b5e76daaa86eeb5a925932fc78b0	ae10c18767fc1960b7f702b98a59b03e	6572bd187573e22780b52548d19edd7e
5908	1ac1b5e76daaa86eeb5a925932fc78b0	ae10c18767fc1960b7f702b98a59b03e	6572bd187573e22780b52548d19edd7e
5909	1ac1b5e76daaa86eeb5a925932fc78b0	ae10c18767fc1960b7f702b98a59b03e	6572bd187573e22780b52548d19edd7e
5910	01d4257b7eeaf368d447ea734442ca98	7acc2cfa8825b2e5db6005e695482895	ff64e5bedf05a492b82b2b4997378f69
5911	01d4257b7eeaf368d447ea734442ca98	7acc2cfa8825b2e5db6005e695482895	ff64e5bedf05a492b82b2b4997378f69
5912	01d4257b7eeaf368d447ea734442ca98	7acc2cfa8825b2e5db6005e695482895	ff64e5bedf05a492b82b2b4997378f69
5913	01d4257b7eeaf368d447ea734442ca98	7acc2cfa8825b2e5db6005e695482895	ff64e5bedf05a492b82b2b4997378f69
5914	01d4257b7eeaf368d447ea734442ca98	7acc2cfa8825b2e5db6005e695482895	ff64e5bedf05a492b82b2b4997378f69
5915	01d4257b7eeaf368d447ea734442ca98	7acc2cfa8825b2e5db6005e695482895	ff64e5bedf05a492b82b2b4997378f69
5916	01d4257b7eeaf368d447ea734442ca98	7acc2cfa8825b2e5db6005e695482895	ff64e5bedf05a492b82b2b4997378f69
5917	84805e867a1de3bf13c534821f6c8889	06f42b52bcec2575e91c41614ff3b62f	e210a97e0c1acf32fc7327c91eab6dd8
5918	84805e867a1de3bf13c534821f6c8889	06f42b52bcec2575e91c41614ff3b62f	e210a97e0c1acf32fc7327c91eab6dd8
5919	84805e867a1de3bf13c534821f6c8889	06f42b52bcec2575e91c41614ff3b62f	e210a97e0c1acf32fc7327c91eab6dd8
5920	84805e867a1de3bf13c534821f6c8889	06f42b52bcec2575e91c41614ff3b62f	e210a97e0c1acf32fc7327c91eab6dd8
5921	84805e867a1de3bf13c534821f6c8889	06f42b52bcec2575e91c41614ff3b62f	e210a97e0c1acf32fc7327c91eab6dd8
5922	84805e867a1de3bf13c534821f6c8889	06f42b52bcec2575e91c41614ff3b62f	e210a97e0c1acf32fc7327c91eab6dd8
5923	84805e867a1de3bf13c534821f6c8889	06f42b52bcec2575e91c41614ff3b62f	e210a97e0c1acf32fc7327c91eab6dd8
5924	84805e867a1de3bf13c534821f6c8889	06f42b52bcec2575e91c41614ff3b62f	e210a97e0c1acf32fc7327c91eab6dd8
5925	84805e867a1de3bf13c534821f6c8889	06f42b52bcec2575e91c41614ff3b62f	e210a97e0c1acf32fc7327c91eab6dd8
5926	84805e867a1de3bf13c534821f6c8889	06f42b52bcec2575e91c41614ff3b62f	e210a97e0c1acf32fc7327c91eab6dd8
5927	89a2bc246eb7ea11c3840434e7ff6752	d8a311cdfc2488d157de4c5fff4b920a	882de5499b207d319918e1db5780dc65
5928	89a2bc246eb7ea11c3840434e7ff6752	d8a311cdfc2488d157de4c5fff4b920a	882de5499b207d319918e1db5780dc65
5929	89a2bc246eb7ea11c3840434e7ff6752	d8a311cdfc2488d157de4c5fff4b920a	882de5499b207d319918e1db5780dc65
5930	89a2bc246eb7ea11c3840434e7ff6752	d8a311cdfc2488d157de4c5fff4b920a	882de5499b207d319918e1db5780dc65
5931	89a2bc246eb7ea11c3840434e7ff6752	d8a311cdfc2488d157de4c5fff4b920a	882de5499b207d319918e1db5780dc65
5932	89a2bc246eb7ea11c3840434e7ff6752	d8a311cdfc2488d157de4c5fff4b920a	882de5499b207d319918e1db5780dc65
5933	89a2bc246eb7ea11c3840434e7ff6752	d8a311cdfc2488d157de4c5fff4b920a	882de5499b207d319918e1db5780dc65
5934	71313b527f57a5a97b4ba0b94cfda151	3a2a18d3fdc2e819203975005ca7fd88	d540d9f71f7bc00b1f1182ad6edfd446
5935	71313b527f57a5a97b4ba0b94cfda151	3a2a18d3fdc2e819203975005ca7fd88	d540d9f71f7bc00b1f1182ad6edfd446
5936	71313b527f57a5a97b4ba0b94cfda151	3a2a18d3fdc2e819203975005ca7fd88	d540d9f71f7bc00b1f1182ad6edfd446
5937	c9956b21b332bd19bf64444d776e187a	fbdd5bb4734c495bacfba9bf1d6d4de7	c3b8ef567f778cf7759e5dea2b120e23
5938	518f546751813b9655bf935b3a687879	ed3b4e798787ffa135232d8cdcb6de12	63d06dc053ca47594ad75fc3caba7c3f
5939	1e00f9872cf253529eeb59b395f50b63	baa9517ecd9df6c0f5316ceb61002b29	de660c1369e9badcec6116b1d9ed6bc9
5940	1e00f9872cf253529eeb59b395f50b63	baa9517ecd9df6c0f5316ceb61002b29	de660c1369e9badcec6116b1d9ed6bc9
5941	1e00f9872cf253529eeb59b395f50b63	baa9517ecd9df6c0f5316ceb61002b29	de660c1369e9badcec6116b1d9ed6bc9
5942	1e00f9872cf253529eeb59b395f50b63	baa9517ecd9df6c0f5316ceb61002b29	de660c1369e9badcec6116b1d9ed6bc9
5943	2babcf8f33052b076d3c8e5e8c162916	cc7f86673804b210e653b1b90c9b8249	cf9a1374a006bf4163c8b1709094b9cc
5944	1e00f9872cf253529eeb59b395f50b63	baa9517ecd9df6c0f5316ceb61002b29	de660c1369e9badcec6116b1d9ed6bc9
5945	1e00f9872cf253529eeb59b395f50b63	baa9517ecd9df6c0f5316ceb61002b29	de660c1369e9badcec6116b1d9ed6bc9
5946	472f5d3f89657840a9f962b55f9f28f1	0e7461837b3b61f979c4d7947c3241bf	0a898acacf0e4de35023f301fb13f3f1
5947	e519516af7a9b174058596ad1e370b3d	7fc908efcdccf6700e73244410f87aa0	d995154db1123cf42da6fb14076cf6b0
5948	472f5d3f89657840a9f962b55f9f28f1	0e7461837b3b61f979c4d7947c3241bf	0a898acacf0e4de35023f301fb13f3f1
5949	472f5d3f89657840a9f962b55f9f28f1	0e7461837b3b61f979c4d7947c3241bf	0a898acacf0e4de35023f301fb13f3f1
5950	472f5d3f89657840a9f962b55f9f28f1	0e7461837b3b61f979c4d7947c3241bf	0a898acacf0e4de35023f301fb13f3f1
5951	d45f4b34cad9031f7f64659ca5b87d08	7545c143ea479ac9a13173f633efa2d1	0b31fb784c1bf2dde28d781efd4cb795
5952	d45f4b34cad9031f7f64659ca5b87d08	7545c143ea479ac9a13173f633efa2d1	0b31fb784c1bf2dde28d781efd4cb795
5953	d45f4b34cad9031f7f64659ca5b87d08	7545c143ea479ac9a13173f633efa2d1	0b31fb784c1bf2dde28d781efd4cb795
5954	d45f4b34cad9031f7f64659ca5b87d08	7545c143ea479ac9a13173f633efa2d1	0b31fb784c1bf2dde28d781efd4cb795
5955	d45f4b34cad9031f7f64659ca5b87d08	7545c143ea479ac9a13173f633efa2d1	0b31fb784c1bf2dde28d781efd4cb795
5956	d45f4b34cad9031f7f64659ca5b87d08	7545c143ea479ac9a13173f633efa2d1	0b31fb784c1bf2dde28d781efd4cb795
5957	d45f4b34cad9031f7f64659ca5b87d08	7545c143ea479ac9a13173f633efa2d1	0b31fb784c1bf2dde28d781efd4cb795
5958	d45f4b34cad9031f7f64659ca5b87d08	7545c143ea479ac9a13173f633efa2d1	0b31fb784c1bf2dde28d781efd4cb795
5959	d45f4b34cad9031f7f64659ca5b87d08	7545c143ea479ac9a13173f633efa2d1	0b31fb784c1bf2dde28d781efd4cb795
5960	d45f4b34cad9031f7f64659ca5b87d08	7545c143ea479ac9a13173f633efa2d1	0b31fb784c1bf2dde28d781efd4cb795
5961	d45f4b34cad9031f7f64659ca5b87d08	7545c143ea479ac9a13173f633efa2d1	0b31fb784c1bf2dde28d781efd4cb795
5962	d45f4b34cad9031f7f64659ca5b87d08	7545c143ea479ac9a13173f633efa2d1	0b31fb784c1bf2dde28d781efd4cb795
5963	d45f4b34cad9031f7f64659ca5b87d08	7545c143ea479ac9a13173f633efa2d1	0b31fb784c1bf2dde28d781efd4cb795
5964	d45f4b34cad9031f7f64659ca5b87d08	7545c143ea479ac9a13173f633efa2d1	0b31fb784c1bf2dde28d781efd4cb795
5965	d45f4b34cad9031f7f64659ca5b87d08	7545c143ea479ac9a13173f633efa2d1	0b31fb784c1bf2dde28d781efd4cb795
5966	d45f4b34cad9031f7f64659ca5b87d08	7545c143ea479ac9a13173f633efa2d1	0b31fb784c1bf2dde28d781efd4cb795
5967	d45f4b34cad9031f7f64659ca5b87d08	7545c143ea479ac9a13173f633efa2d1	0b31fb784c1bf2dde28d781efd4cb795
5968	231cb40e8c358b27aa5f17916d8edd18	cd700311c79e3a16d131de411805ce40	a1464c9b46fe5f4ad80f2663901c450a
5969	231cb40e8c358b27aa5f17916d8edd18	cd700311c79e3a16d131de411805ce40	a1464c9b46fe5f4ad80f2663901c450a
5970	231cb40e8c358b27aa5f17916d8edd18	cd700311c79e3a16d131de411805ce40	a1464c9b46fe5f4ad80f2663901c450a
5971	231cb40e8c358b27aa5f17916d8edd18	cd700311c79e3a16d131de411805ce40	a1464c9b46fe5f4ad80f2663901c450a
5972	231cb40e8c358b27aa5f17916d8edd18	cd700311c79e3a16d131de411805ce40	a1464c9b46fe5f4ad80f2663901c450a
5973	231cb40e8c358b27aa5f17916d8edd18	cd700311c79e3a16d131de411805ce40	a1464c9b46fe5f4ad80f2663901c450a
5974	231cb40e8c358b27aa5f17916d8edd18	cd700311c79e3a16d131de411805ce40	a1464c9b46fe5f4ad80f2663901c450a
5975	b320a404f56f82d317142c9ccf6a7ef3	1a3b43552b621a7335da20e385599911	c649523964b975dd87a5b96b6f614c8d
5976	b320a404f56f82d317142c9ccf6a7ef3	1a3b43552b621a7335da20e385599911	c649523964b975dd87a5b96b6f614c8d
5977	b320a404f56f82d317142c9ccf6a7ef3	1a3b43552b621a7335da20e385599911	c649523964b975dd87a5b96b6f614c8d
5978	b320a404f56f82d317142c9ccf6a7ef3	1a3b43552b621a7335da20e385599911	c649523964b975dd87a5b96b6f614c8d
5979	b320a404f56f82d317142c9ccf6a7ef3	1a3b43552b621a7335da20e385599911	c649523964b975dd87a5b96b6f614c8d
5980	11966053a0d3f68b3e9564b24e19948b	c3422edf9c0c2a4ecbf2266e4156607e	09a5f7d7a57eb344cb8374d453bb4db3
5981	11966053a0d3f68b3e9564b24e19948b	c3422edf9c0c2a4ecbf2266e4156607e	09a5f7d7a57eb344cb8374d453bb4db3
5982	11966053a0d3f68b3e9564b24e19948b	c3422edf9c0c2a4ecbf2266e4156607e	09a5f7d7a57eb344cb8374d453bb4db3
5983	853709a96c4adeda29abd89c0b7e83b5	267ef83303a314bdd33f04e06bd14bb2	0ebee87069290e344495652c8f77174f
5984	853709a96c4adeda29abd89c0b7e83b5	267ef83303a314bdd33f04e06bd14bb2	0ebee87069290e344495652c8f77174f
5985	853709a96c4adeda29abd89c0b7e83b5	267ef83303a314bdd33f04e06bd14bb2	0ebee87069290e344495652c8f77174f
5986	853709a96c4adeda29abd89c0b7e83b5	267ef83303a314bdd33f04e06bd14bb2	0ebee87069290e344495652c8f77174f
5987	71df1157971b5812a1d844a6d3dd77ef	3ce0aa55d38c988a8f68f89f4ca61ed6	7672e29d2112fc4a42064d55a2c6c284
5988	71df1157971b5812a1d844a6d3dd77ef	3ce0aa55d38c988a8f68f89f4ca61ed6	7672e29d2112fc4a42064d55a2c6c284
5989	71df1157971b5812a1d844a6d3dd77ef	3ce0aa55d38c988a8f68f89f4ca61ed6	7672e29d2112fc4a42064d55a2c6c284
5990	71df1157971b5812a1d844a6d3dd77ef	3ce0aa55d38c988a8f68f89f4ca61ed6	7672e29d2112fc4a42064d55a2c6c284
5991	71df1157971b5812a1d844a6d3dd77ef	3ce0aa55d38c988a8f68f89f4ca61ed6	7672e29d2112fc4a42064d55a2c6c284
5992	5ed5c68eb9e330a2a96aa40be1a7c25c	dd822f35c98974891207913b8b9492a6	0f302af9fb10fe3ed2d7538e52d81eb1
5993	5ed5c68eb9e330a2a96aa40be1a7c25c	dd822f35c98974891207913b8b9492a6	0f302af9fb10fe3ed2d7538e52d81eb1
5994	5ed5c68eb9e330a2a96aa40be1a7c25c	dd822f35c98974891207913b8b9492a6	0f302af9fb10fe3ed2d7538e52d81eb1
5995	5ed5c68eb9e330a2a96aa40be1a7c25c	dd822f35c98974891207913b8b9492a6	0f302af9fb10fe3ed2d7538e52d81eb1
5996	4cb6d8e8d5d09ecc891a945a8e9779ab	b30334e0e3cf42975870cd8ffc936015	09cbcde46b3cc5c089240c67e30f0c9a
5997	73164de684d8c9bc479c1422b61c7979	e15412776a25fb1f12a058c449044781	013ce2320fa8e2b3fe1ae4742d688b5d
5998	73164de684d8c9bc479c1422b61c7979	e15412776a25fb1f12a058c449044781	013ce2320fa8e2b3fe1ae4742d688b5d
5999	73164de684d8c9bc479c1422b61c7979	e15412776a25fb1f12a058c449044781	013ce2320fa8e2b3fe1ae4742d688b5d
6000	73164de684d8c9bc479c1422b61c7979	e15412776a25fb1f12a058c449044781	013ce2320fa8e2b3fe1ae4742d688b5d
6001	73164de684d8c9bc479c1422b61c7979	e15412776a25fb1f12a058c449044781	013ce2320fa8e2b3fe1ae4742d688b5d
6002	73164de684d8c9bc479c1422b61c7979	e15412776a25fb1f12a058c449044781	013ce2320fa8e2b3fe1ae4742d688b5d
6003	73164de684d8c9bc479c1422b61c7979	e15412776a25fb1f12a058c449044781	013ce2320fa8e2b3fe1ae4742d688b5d
6004	176c79796fd79d35d424169cfe8f22eb	c2283eab95f831581901aa32de19dc74	0b00560496a2cf37abd7888d5f096885
6005	176c79796fd79d35d424169cfe8f22eb	c2283eab95f831581901aa32de19dc74	0b00560496a2cf37abd7888d5f096885
6006	176c79796fd79d35d424169cfe8f22eb	c2283eab95f831581901aa32de19dc74	0b00560496a2cf37abd7888d5f096885
6007	176c79796fd79d35d424169cfe8f22eb	c2283eab95f831581901aa32de19dc74	0b00560496a2cf37abd7888d5f096885
6008	25880fca5612ce08c91cc03a7bb8c384	ab324a6625827ad70dd73f0fefc4bae7	281eb0b872cc89ceb857589014e7b047
6009	3521266b25cad5e806128c57629187f4	658854efc8f2efe0fc8dcffd74f6d3ab	55be099b630c96cbac426c3d6bce04a7
6010	3521266b25cad5e806128c57629187f4	658854efc8f2efe0fc8dcffd74f6d3ab	55be099b630c96cbac426c3d6bce04a7
6011	3521266b25cad5e806128c57629187f4	658854efc8f2efe0fc8dcffd74f6d3ab	55be099b630c96cbac426c3d6bce04a7
6012	3521266b25cad5e806128c57629187f4	658854efc8f2efe0fc8dcffd74f6d3ab	55be099b630c96cbac426c3d6bce04a7
6013	3521266b25cad5e806128c57629187f4	658854efc8f2efe0fc8dcffd74f6d3ab	55be099b630c96cbac426c3d6bce04a7
6014	3521266b25cad5e806128c57629187f4	658854efc8f2efe0fc8dcffd74f6d3ab	55be099b630c96cbac426c3d6bce04a7
6015	3521266b25cad5e806128c57629187f4	658854efc8f2efe0fc8dcffd74f6d3ab	55be099b630c96cbac426c3d6bce04a7
6016	4a39bad8449c4adad5226ffa066ea6d3	0423d640b9471a9af749464c1445c528	be053279853d9fb295cca5bd5be7757e
6017	4a39bad8449c4adad5226ffa066ea6d3	0423d640b9471a9af749464c1445c528	be053279853d9fb295cca5bd5be7757e
6018	4a39bad8449c4adad5226ffa066ea6d3	0423d640b9471a9af749464c1445c528	be053279853d9fb295cca5bd5be7757e
6019	4a39bad8449c4adad5226ffa066ea6d3	0423d640b9471a9af749464c1445c528	be053279853d9fb295cca5bd5be7757e
6020	4a39bad8449c4adad5226ffa066ea6d3	0423d640b9471a9af749464c1445c528	be053279853d9fb295cca5bd5be7757e
6021	477f738398a263cd13563e38f10ffb1e	68fe2bdfee572459382d9ce1b552dbf4	80b6e12ed88a890cd7fc0e20bafff503
6022	477f738398a263cd13563e38f10ffb1e	68fe2bdfee572459382d9ce1b552dbf4	80b6e12ed88a890cd7fc0e20bafff503
6023	477f738398a263cd13563e38f10ffb1e	68fe2bdfee572459382d9ce1b552dbf4	80b6e12ed88a890cd7fc0e20bafff503
6024	477f738398a263cd13563e38f10ffb1e	68fe2bdfee572459382d9ce1b552dbf4	80b6e12ed88a890cd7fc0e20bafff503
6025	477f738398a263cd13563e38f10ffb1e	68fe2bdfee572459382d9ce1b552dbf4	80b6e12ed88a890cd7fc0e20bafff503
6026	477f738398a263cd13563e38f10ffb1e	68fe2bdfee572459382d9ce1b552dbf4	80b6e12ed88a890cd7fc0e20bafff503
6027	477f738398a263cd13563e38f10ffb1e	68fe2bdfee572459382d9ce1b552dbf4	80b6e12ed88a890cd7fc0e20bafff503
6028	107eb0520ffb4f294760da466f273641	eab71b5511171ae06ad7e2182022626a	38105b1439b3b5c3e337be3a4c701bff
6029	107eb0520ffb4f294760da466f273641	eab71b5511171ae06ad7e2182022626a	38105b1439b3b5c3e337be3a4c701bff
6030	107eb0520ffb4f294760da466f273641	eab71b5511171ae06ad7e2182022626a	38105b1439b3b5c3e337be3a4c701bff
6031	107eb0520ffb4f294760da466f273641	eab71b5511171ae06ad7e2182022626a	38105b1439b3b5c3e337be3a4c701bff
6032	107eb0520ffb4f294760da466f273641	eab71b5511171ae06ad7e2182022626a	38105b1439b3b5c3e337be3a4c701bff
6033	21f3b1be99f2dd82225b71645251f39d	52069bf0a8841af1e3686f565cdaf1b0	37576af2064781c5f471efde7b74bf31
6034	21f3b1be99f2dd82225b71645251f39d	52069bf0a8841af1e3686f565cdaf1b0	37576af2064781c5f471efde7b74bf31
6035	21f3b1be99f2dd82225b71645251f39d	52069bf0a8841af1e3686f565cdaf1b0	37576af2064781c5f471efde7b74bf31
6036	21f3b1be99f2dd82225b71645251f39d	52069bf0a8841af1e3686f565cdaf1b0	37576af2064781c5f471efde7b74bf31
6037	21f3b1be99f2dd82225b71645251f39d	52069bf0a8841af1e3686f565cdaf1b0	37576af2064781c5f471efde7b74bf31
6038	b0e6041477c32241f3f0df8ac0775e07	08f3b9b0d4c73c181406cf3de14dff97	581fc9c6027314744f22058c82f94c7d
6039	b0e6041477c32241f3f0df8ac0775e07	08f3b9b0d4c73c181406cf3de14dff97	581fc9c6027314744f22058c82f94c7d
6040	b0e6041477c32241f3f0df8ac0775e07	08f3b9b0d4c73c181406cf3de14dff97	581fc9c6027314744f22058c82f94c7d
6041	b0e6041477c32241f3f0df8ac0775e07	08f3b9b0d4c73c181406cf3de14dff97	581fc9c6027314744f22058c82f94c7d
6042	b0e6041477c32241f3f0df8ac0775e07	08f3b9b0d4c73c181406cf3de14dff97	581fc9c6027314744f22058c82f94c7d
6043	b0e6041477c32241f3f0df8ac0775e07	08f3b9b0d4c73c181406cf3de14dff97	581fc9c6027314744f22058c82f94c7d
6044	b0e6041477c32241f3f0df8ac0775e07	08f3b9b0d4c73c181406cf3de14dff97	581fc9c6027314744f22058c82f94c7d
6045	d2f45ac2a4bc1286a26b9e37b85f04d6	1d71dc5064a30da021a2715e8ffcde87	6ef0dca8bad518084a0207465766ead5
6046	d2f45ac2a4bc1286a26b9e37b85f04d6	1d71dc5064a30da021a2715e8ffcde87	6ef0dca8bad518084a0207465766ead5
6047	d2f45ac2a4bc1286a26b9e37b85f04d6	1d71dc5064a30da021a2715e8ffcde87	6ef0dca8bad518084a0207465766ead5
6048	b0e6041477c32241f3f0df8ac0775e07	08f3b9b0d4c73c181406cf3de14dff97	581fc9c6027314744f22058c82f94c7d
6049	b0e6041477c32241f3f0df8ac0775e07	08f3b9b0d4c73c181406cf3de14dff97	581fc9c6027314744f22058c82f94c7d
6050	fae1d9ae425d8f0ae2a46b8c8ab86c7d	ed2221173549cd8b5423d8be7ee666d8	62f14521acece7e4803bae3cf2292198
6051	fae1d9ae425d8f0ae2a46b8c8ab86c7d	ed2221173549cd8b5423d8be7ee666d8	62f14521acece7e4803bae3cf2292198
6052	fae1d9ae425d8f0ae2a46b8c8ab86c7d	ed2221173549cd8b5423d8be7ee666d8	62f14521acece7e4803bae3cf2292198
6053	fae1d9ae425d8f0ae2a46b8c8ab86c7d	ed2221173549cd8b5423d8be7ee666d8	62f14521acece7e4803bae3cf2292198
6054	fae1d9ae425d8f0ae2a46b8c8ab86c7d	ed2221173549cd8b5423d8be7ee666d8	62f14521acece7e4803bae3cf2292198
6055	fae1d9ae425d8f0ae2a46b8c8ab86c7d	ed2221173549cd8b5423d8be7ee666d8	62f14521acece7e4803bae3cf2292198
6056	fae1d9ae425d8f0ae2a46b8c8ab86c7d	ed2221173549cd8b5423d8be7ee666d8	62f14521acece7e4803bae3cf2292198
6057	b1d7b816554bce6e0f58d342855189a8	a5fbdd1940b0d472d62e294daa0d8fb5	a8df474ae06df8108ded9713c6b09501
6058	b1d7b816554bce6e0f58d342855189a8	a5fbdd1940b0d472d62e294daa0d8fb5	a8df474ae06df8108ded9713c6b09501
6059	b1d7b816554bce6e0f58d342855189a8	a5fbdd1940b0d472d62e294daa0d8fb5	a8df474ae06df8108ded9713c6b09501
6060	b1d7b816554bce6e0f58d342855189a8	a5fbdd1940b0d472d62e294daa0d8fb5	a8df474ae06df8108ded9713c6b09501
6061	b1d7b816554bce6e0f58d342855189a8	a5fbdd1940b0d472d62e294daa0d8fb5	a8df474ae06df8108ded9713c6b09501
6062	b1d7b816554bce6e0f58d342855189a8	a5fbdd1940b0d472d62e294daa0d8fb5	a8df474ae06df8108ded9713c6b09501
6063	b1d7b816554bce6e0f58d342855189a8	a5fbdd1940b0d472d62e294daa0d8fb5	a8df474ae06df8108ded9713c6b09501
6064	b1d7b816554bce6e0f58d342855189a8	a5fbdd1940b0d472d62e294daa0d8fb5	a8df474ae06df8108ded9713c6b09501
6065	b1d7b816554bce6e0f58d342855189a8	a5fbdd1940b0d472d62e294daa0d8fb5	a8df474ae06df8108ded9713c6b09501
6066	b1d7b816554bce6e0f58d342855189a8	a5fbdd1940b0d472d62e294daa0d8fb5	a8df474ae06df8108ded9713c6b09501
6067	55dc3d46810c9c858e2956ef685a9412	9ea638acb7110619b734c74b4f950737	ab8dcc55134e3e7c6a5c0d833405a31c
6068	55dc3d46810c9c858e2956ef685a9412	9ea638acb7110619b734c74b4f950737	ab8dcc55134e3e7c6a5c0d833405a31c
6069	55dc3d46810c9c858e2956ef685a9412	9ea638acb7110619b734c74b4f950737	ab8dcc55134e3e7c6a5c0d833405a31c
6070	55dc3d46810c9c858e2956ef685a9412	9ea638acb7110619b734c74b4f950737	ab8dcc55134e3e7c6a5c0d833405a31c
6071	55dc3d46810c9c858e2956ef685a9412	9ea638acb7110619b734c74b4f950737	ab8dcc55134e3e7c6a5c0d833405a31c
6072	55dc3d46810c9c858e2956ef685a9412	9ea638acb7110619b734c74b4f950737	ab8dcc55134e3e7c6a5c0d833405a31c
6073	55dc3d46810c9c858e2956ef685a9412	9ea638acb7110619b734c74b4f950737	ab8dcc55134e3e7c6a5c0d833405a31c
6074	5037f2165fcc9a437791bf82be46c369	62dfcc9a22351bfed5f2fbc767672ed9	c194cf8014446d879787cd50cbbd0d1a
6075	5037f2165fcc9a437791bf82be46c369	62dfcc9a22351bfed5f2fbc767672ed9	c194cf8014446d879787cd50cbbd0d1a
6076	5037f2165fcc9a437791bf82be46c369	62dfcc9a22351bfed5f2fbc767672ed9	c194cf8014446d879787cd50cbbd0d1a
6077	5037f2165fcc9a437791bf82be46c369	62dfcc9a22351bfed5f2fbc767672ed9	c194cf8014446d879787cd50cbbd0d1a
6078	5037f2165fcc9a437791bf82be46c369	37870ff2eab60450a41cddf0fdc8e35b	9e2e357ef9f44a083d931945fdd506f5
6079	d446d826cda18f1d74e5388312650eb0	d730e59b763b8da735d426be0204a07f	51b32a7d0ca1dbeec65e9feec37d9111
6080	d446d826cda18f1d74e5388312650eb0	d730e59b763b8da735d426be0204a07f	51b32a7d0ca1dbeec65e9feec37d9111
6081	d446d826cda18f1d74e5388312650eb0	d730e59b763b8da735d426be0204a07f	51b32a7d0ca1dbeec65e9feec37d9111
6082	d446d826cda18f1d74e5388312650eb0	d730e59b763b8da735d426be0204a07f	51b32a7d0ca1dbeec65e9feec37d9111
6083	d446d826cda18f1d74e5388312650eb0	d730e59b763b8da735d426be0204a07f	51b32a7d0ca1dbeec65e9feec37d9111
6084	d446d826cda18f1d74e5388312650eb0	d730e59b763b8da735d426be0204a07f	51b32a7d0ca1dbeec65e9feec37d9111
6085	d446d826cda18f1d74e5388312650eb0	d730e59b763b8da735d426be0204a07f	51b32a7d0ca1dbeec65e9feec37d9111
6086	d446d826cda18f1d74e5388312650eb0	d730e59b763b8da735d426be0204a07f	51b32a7d0ca1dbeec65e9feec37d9111
6087	d446d826cda18f1d74e5388312650eb0	d730e59b763b8da735d426be0204a07f	51b32a7d0ca1dbeec65e9feec37d9111
6088	d446d826cda18f1d74e5388312650eb0	d730e59b763b8da735d426be0204a07f	51b32a7d0ca1dbeec65e9feec37d9111
6089	d446d826cda18f1d74e5388312650eb0	d730e59b763b8da735d426be0204a07f	51b32a7d0ca1dbeec65e9feec37d9111
6090	d446d826cda18f1d74e5388312650eb0	d730e59b763b8da735d426be0204a07f	51b32a7d0ca1dbeec65e9feec37d9111
6091	d446d826cda18f1d74e5388312650eb0	d730e59b763b8da735d426be0204a07f	51b32a7d0ca1dbeec65e9feec37d9111
6092	d446d826cda18f1d74e5388312650eb0	d730e59b763b8da735d426be0204a07f	51b32a7d0ca1dbeec65e9feec37d9111
6093	d446d826cda18f1d74e5388312650eb0	d730e59b763b8da735d426be0204a07f	51b32a7d0ca1dbeec65e9feec37d9111
6094	d446d826cda18f1d74e5388312650eb0	d730e59b763b8da735d426be0204a07f	51b32a7d0ca1dbeec65e9feec37d9111
6095	d446d826cda18f1d74e5388312650eb0	d730e59b763b8da735d426be0204a07f	51b32a7d0ca1dbeec65e9feec37d9111
6096	468dc423c291d9e4a1a43c209ef7a5bf	07763424d6a94df6075b8aa03953a8d2	1a0ce2185a21b603cf3ea478bdd9ae81
6097	468dc423c291d9e4a1a43c209ef7a5bf	07763424d6a94df6075b8aa03953a8d2	1a0ce2185a21b603cf3ea478bdd9ae81
6098	468dc423c291d9e4a1a43c209ef7a5bf	07763424d6a94df6075b8aa03953a8d2	1a0ce2185a21b603cf3ea478bdd9ae81
6099	22f321f111ddf92fd3d1f6bfa2d6c947	a7884b15f1a63216644e881e606a804a	fa142f9f70b3409050d1852ffb9e4165
6100	199866566ac458c3ca1148ce6626e0f8	e092b9ff38a4eef38ac0a27ba6b89fa3	964ed0a086542a8073a41faf0e0a4dc9
6101	5e75ac6a3699ad70c165f089cbec7f45	7a8d7dd8eaa36b3fdb700b8eb72fbffd	578c8d0d55f39e958b637177cdb597c0
6102	5e75ac6a3699ad70c165f089cbec7f45	7a8d7dd8eaa36b3fdb700b8eb72fbffd	578c8d0d55f39e958b637177cdb597c0
6103	0b70f40819c83067d6b3e949e2dcc7ab	1eeaf4858b339513fa559c780760464b	822d6a6aa4fe4a713375f83bb301d09b
6104	0b70f40819c83067d6b3e949e2dcc7ab	1eeaf4858b339513fa559c780760464b	822d6a6aa4fe4a713375f83bb301d09b
6105	0b70f40819c83067d6b3e949e2dcc7ab	1eeaf4858b339513fa559c780760464b	822d6a6aa4fe4a713375f83bb301d09b
6106	da709f2172617dc36d82d7ab6fd5a0d6	70ee5c20cc7cf27db316edfa7ac3b5b6	2ae66f8492995b6980f656aaa38dd892
6107	da709f2172617dc36d82d7ab6fd5a0d6	70ee5c20cc7cf27db316edfa7ac3b5b6	2ae66f8492995b6980f656aaa38dd892
6108	da709f2172617dc36d82d7ab6fd5a0d6	abaf6155266495faa1d41380d98651ed	9c94c2377c613e0371bea48c1893280f
6109	da709f2172617dc36d82d7ab6fd5a0d6	abaf6155266495faa1d41380d98651ed	9c94c2377c613e0371bea48c1893280f
6110	da709f2172617dc36d82d7ab6fd5a0d6	abaf6155266495faa1d41380d98651ed	9c94c2377c613e0371bea48c1893280f
6111	da709f2172617dc36d82d7ab6fd5a0d6	abaf6155266495faa1d41380d98651ed	9c94c2377c613e0371bea48c1893280f
6112	da709f2172617dc36d82d7ab6fd5a0d6	abaf6155266495faa1d41380d98651ed	9c94c2377c613e0371bea48c1893280f
6113	da709f2172617dc36d82d7ab6fd5a0d6	abaf6155266495faa1d41380d98651ed	9c94c2377c613e0371bea48c1893280f
6114	da709f2172617dc36d82d7ab6fd5a0d6	abaf6155266495faa1d41380d98651ed	9c94c2377c613e0371bea48c1893280f
6115	0373ca871379e0bddc5bfea892ce743e	2b107ea8aeb3bbf02e019878f8da18d0	42ef840f9172ced3aae78299bf9a9099
6116	0373ca871379e0bddc5bfea892ce743e	2b107ea8aeb3bbf02e019878f8da18d0	42ef840f9172ced3aae78299bf9a9099
6117	a96e2f34a3359deed35b011d4c519f81	1b6a62b451b877e2ce98e87f3040c28b	182a73a302ea4012987698490842721f
6118	da709f2172617dc36d82d7ab6fd5a0d6	abaf6155266495faa1d41380d98651ed	9c94c2377c613e0371bea48c1893280f
6119	da709f2172617dc36d82d7ab6fd5a0d6	abaf6155266495faa1d41380d98651ed	9c94c2377c613e0371bea48c1893280f
6120	47a3aef41da3da79c899f7fc81e2458c	678261507cbb59d7975d89950b63f9fb	770f9baabb0143b3d6421aa8f06cce2f
6121	47a3aef41da3da79c899f7fc81e2458c	678261507cbb59d7975d89950b63f9fb	770f9baabb0143b3d6421aa8f06cce2f
6122	47a3aef41da3da79c899f7fc81e2458c	678261507cbb59d7975d89950b63f9fb	770f9baabb0143b3d6421aa8f06cce2f
6123	47a3aef41da3da79c899f7fc81e2458c	678261507cbb59d7975d89950b63f9fb	770f9baabb0143b3d6421aa8f06cce2f
6124	47a3aef41da3da79c899f7fc81e2458c	678261507cbb59d7975d89950b63f9fb	770f9baabb0143b3d6421aa8f06cce2f
6125	47a3aef41da3da79c899f7fc81e2458c	678261507cbb59d7975d89950b63f9fb	770f9baabb0143b3d6421aa8f06cce2f
6126	47a3aef41da3da79c899f7fc81e2458c	678261507cbb59d7975d89950b63f9fb	770f9baabb0143b3d6421aa8f06cce2f
6127	917651292571e88b3ab64f09ad3538da	d14390459d9d5517992096e51a77fd64	273664221ca67e129e9751974442a46b
6128	917651292571e88b3ab64f09ad3538da	d14390459d9d5517992096e51a77fd64	273664221ca67e129e9751974442a46b
6129	917651292571e88b3ab64f09ad3538da	d14390459d9d5517992096e51a77fd64	273664221ca67e129e9751974442a46b
6130	586f59ee31a08b10191b5ff1471458ca	a40d7be1c01a718a0b385ca8037d056d	d22b39e006a82dcadae91f51204b7bed
6131	565b2ec2b119f74a872eb778ceca2d3d	0a66bea5b802245d17f8a6b3e23e25d4	cd47035618aa8b1b4b920c7bc1d4787f
6132	d56947dd6804feb11ff6e391baa6baf7	f557c87ed9a03a0e50195267daf5fad8	dbfa7fa1cd6826c2799b99490408dbeb
6133	d56947dd6804feb11ff6e391baa6baf7	f557c87ed9a03a0e50195267daf5fad8	dbfa7fa1cd6826c2799b99490408dbeb
6134	d56947dd6804feb11ff6e391baa6baf7	f557c87ed9a03a0e50195267daf5fad8	dbfa7fa1cd6826c2799b99490408dbeb
6135	d56947dd6804feb11ff6e391baa6baf7	f557c87ed9a03a0e50195267daf5fad8	dbfa7fa1cd6826c2799b99490408dbeb
6136	d56947dd6804feb11ff6e391baa6baf7	f557c87ed9a03a0e50195267daf5fad8	dbfa7fa1cd6826c2799b99490408dbeb
6137	cd2ccf70a7016fd3bc78088b4e5a11f2	475f33991c44680db45437363cca3b19	b150df6fea1e75bf22dcebd5940fe525
6138	cd2ccf70a7016fd3bc78088b4e5a11f2	475f33991c44680db45437363cca3b19	b150df6fea1e75bf22dcebd5940fe525
6139	cd2ccf70a7016fd3bc78088b4e5a11f2	475f33991c44680db45437363cca3b19	b150df6fea1e75bf22dcebd5940fe525
6140	cd2ccf70a7016fd3bc78088b4e5a11f2	475f33991c44680db45437363cca3b19	b150df6fea1e75bf22dcebd5940fe525
6141	cd2ccf70a7016fd3bc78088b4e5a11f2	475f33991c44680db45437363cca3b19	b150df6fea1e75bf22dcebd5940fe525
6142	cd2ccf70a7016fd3bc78088b4e5a11f2	475f33991c44680db45437363cca3b19	b150df6fea1e75bf22dcebd5940fe525
6143	cd2ccf70a7016fd3bc78088b4e5a11f2	475f33991c44680db45437363cca3b19	b150df6fea1e75bf22dcebd5940fe525
6144	cd2ccf70a7016fd3bc78088b4e5a11f2	475f33991c44680db45437363cca3b19	b150df6fea1e75bf22dcebd5940fe525
6145	cd2ccf70a7016fd3bc78088b4e5a11f2	475f33991c44680db45437363cca3b19	b150df6fea1e75bf22dcebd5940fe525
6146	cd2ccf70a7016fd3bc78088b4e5a11f2	475f33991c44680db45437363cca3b19	b150df6fea1e75bf22dcebd5940fe525
6147	cd2ccf70a7016fd3bc78088b4e5a11f2	475f33991c44680db45437363cca3b19	b150df6fea1e75bf22dcebd5940fe525
6148	cd2ccf70a7016fd3bc78088b4e5a11f2	475f33991c44680db45437363cca3b19	b150df6fea1e75bf22dcebd5940fe525
6149	c2eefb20563c6f586bd6dca7c9cb9712	94d48ce56a8e01754b79b1158c8f03cb	a5c5e9b718b36d5cebcf6cbbe294265f
6150	c2eefb20563c6f586bd6dca7c9cb9712	94d48ce56a8e01754b79b1158c8f03cb	a5c5e9b718b36d5cebcf6cbbe294265f
6151	c2eefb20563c6f586bd6dca7c9cb9712	94d48ce56a8e01754b79b1158c8f03cb	a5c5e9b718b36d5cebcf6cbbe294265f
6152	1566e0b1097d2c8a3ba356e2d9241fb0	b8cc36b498fc7a0564769f43fc02bf22	c860202cfa06aee63487eefed7a9706e
6153	1566e0b1097d2c8a3ba356e2d9241fb0	b8cc36b498fc7a0564769f43fc02bf22	c860202cfa06aee63487eefed7a9706e
6154	c2eefb20563c6f586bd6dca7c9cb9712	94d48ce56a8e01754b79b1158c8f03cb	a5c5e9b718b36d5cebcf6cbbe294265f
6155	c2eefb20563c6f586bd6dca7c9cb9712	94d48ce56a8e01754b79b1158c8f03cb	a5c5e9b718b36d5cebcf6cbbe294265f
6156	b6368c53628e61cb27962845ba6fa629	9361564e0a5a75f4c4b9a4f8a13891e4	1503409839499ceffa65af5fbdc4550d
6157	7c868bdc7c19e528bdf7ecfa13cdee0a	e82a6e5153d839ac3f8cad5b8eb5c04c	c1c8cda64def916f659b29ee9f68fc35
6158	7c868bdc7c19e528bdf7ecfa13cdee0a	e82a6e5153d839ac3f8cad5b8eb5c04c	c1c8cda64def916f659b29ee9f68fc35
6159	4bbb58ec95f73f719a9cfba43286adfa	c2f9293b002416603d6e3f2599e77390	3699e0fdfbd02aee682a2778fafcf487
6160	4bbb58ec95f73f719a9cfba43286adfa	c2f9293b002416603d6e3f2599e77390	3699e0fdfbd02aee682a2778fafcf487
6161	8ec809667f771ef32f2f1b4d7fa29661	afcf11c0e14433b835b128945d2f9473	586a3844c66ada969c49451fe88341b0
6162	8ec809667f771ef32f2f1b4d7fa29661	afcf11c0e14433b835b128945d2f9473	586a3844c66ada969c49451fe88341b0
6163	8ec809667f771ef32f2f1b4d7fa29661	afcf11c0e14433b835b128945d2f9473	586a3844c66ada969c49451fe88341b0
6164	8ec809667f771ef32f2f1b4d7fa29661	afcf11c0e14433b835b128945d2f9473	586a3844c66ada969c49451fe88341b0
6165	8ec809667f771ef32f2f1b4d7fa29661	afcf11c0e14433b835b128945d2f9473	586a3844c66ada969c49451fe88341b0
6166	898508e260a5d729cbd4c9b50ad3f701	6ddfcabe7ba39d2a27e0d1a42bcb8aaa	dbd69ca2f44386de480d8a0a6a706002
6167	898508e260a5d729cbd4c9b50ad3f701	6ddfcabe7ba39d2a27e0d1a42bcb8aaa	dbd69ca2f44386de480d8a0a6a706002
6168	898508e260a5d729cbd4c9b50ad3f701	6ddfcabe7ba39d2a27e0d1a42bcb8aaa	dbd69ca2f44386de480d8a0a6a706002
6169	25d8cddfab57f2c5e837c10c65123588	c29189d3872307d8509daee064fd48fe	86b3fcf4cb604a15dcb53ff53e1091d4
6170	25d8cddfab57f2c5e837c10c65123588	c29189d3872307d8509daee064fd48fe	86b3fcf4cb604a15dcb53ff53e1091d4
6171	25d8cddfab57f2c5e837c10c65123588	fdfb7d95789fa604cdaec7b006321956	8e11e63b845aa27beab27b662c30bd98
6172	25d8cddfab57f2c5e837c10c65123588	fdfb7d95789fa604cdaec7b006321956	8e11e63b845aa27beab27b662c30bd98
6173	3b2a9e55df5a9874cbf03bfcb7d4e42c	841dbcabb307822e6cc6b49f1b703621	392bd750ea0d08b1906aa4590b48dfe4
6174	a8469907f533ea513766c129c8cc4be3	43936491626e016454852777b202abf6	7b94730df719f37d6ae58a75494b923b
6175	3b2a9e55df5a9874cbf03bfcb7d4e42c	841dbcabb307822e6cc6b49f1b703621	392bd750ea0d08b1906aa4590b48dfe4
6176	51b4996b191497e13c8c7ed2787e989b	4f7f1953c500891c2113fd74e14db37b	942ad5920c3c6659e2da7ad302cd9976
6177	a8469907f533ea513766c129c8cc4be3	43936491626e016454852777b202abf6	7b94730df719f37d6ae58a75494b923b
6178	77d3532cdc4db5ece0dd7b785e40c488	51b155cc47b5aefa9c2b85a123c26168	d37789c02f29407647277687b846f599
6179	77d3532cdc4db5ece0dd7b785e40c488	51b155cc47b5aefa9c2b85a123c26168	d37789c02f29407647277687b846f599
6180	77d3532cdc4db5ece0dd7b785e40c488	51b155cc47b5aefa9c2b85a123c26168	d37789c02f29407647277687b846f599
6181	aed24e484a036bdf2d64f5ac41bf46fa	e01d6b611ac2623dcd5042504879e967	da0f059b7f32bd63b0073c8b3736ba42
6182	aed24e484a036bdf2d64f5ac41bf46fa	e01d6b611ac2623dcd5042504879e967	da0f059b7f32bd63b0073c8b3736ba42
6183	77d3532cdc4db5ece0dd7b785e40c488	51b155cc47b5aefa9c2b85a123c26168	d37789c02f29407647277687b846f599
6184	77d3532cdc4db5ece0dd7b785e40c488	51b155cc47b5aefa9c2b85a123c26168	d37789c02f29407647277687b846f599
6185	8accb7177a0430808bde832c8b1ba5b5	4f89c64dbe30e615716521163bd974df	aa27b6898463106b96ff0a30b545380f
6186	8accb7177a0430808bde832c8b1ba5b5	4f89c64dbe30e615716521163bd974df	aa27b6898463106b96ff0a30b545380f
6187	8accb7177a0430808bde832c8b1ba5b5	4f89c64dbe30e615716521163bd974df	aa27b6898463106b96ff0a30b545380f
6188	fe5e60b270ae392c8196034ab0ae4853	27566afae4093761863cea33c30524da	5ea55b0ed4c01ebddf69439cd25c074e
6189	8accb7177a0430808bde832c8b1ba5b5	4f89c64dbe30e615716521163bd974df	aa27b6898463106b96ff0a30b545380f
6190	314745185fa4fcd3d63bd343679c573f	ec09b68238e62759eb0af89b082b1bf0	59e54a739918e95b92dd512f05da8c52
6191	314745185fa4fcd3d63bd343679c573f	ec09b68238e62759eb0af89b082b1bf0	59e54a739918e95b92dd512f05da8c52
6192	314745185fa4fcd3d63bd343679c573f	ec09b68238e62759eb0af89b082b1bf0	59e54a739918e95b92dd512f05da8c52
6193	314745185fa4fcd3d63bd343679c573f	ec09b68238e62759eb0af89b082b1bf0	59e54a739918e95b92dd512f05da8c52
6194	314745185fa4fcd3d63bd343679c573f	ec09b68238e62759eb0af89b082b1bf0	59e54a739918e95b92dd512f05da8c52
6195	314745185fa4fcd3d63bd343679c573f	ec09b68238e62759eb0af89b082b1bf0	59e54a739918e95b92dd512f05da8c52
6196	314745185fa4fcd3d63bd343679c573f	ec09b68238e62759eb0af89b082b1bf0	59e54a739918e95b92dd512f05da8c52
6197	47cdc9947bc9e0272eb7909c69200479	c19bb8392a7bb4c542b55c7006e1d0a9	cacc2683d2830eef764be61b9e4d9f88
6198	47cdc9947bc9e0272eb7909c69200479	c19bb8392a7bb4c542b55c7006e1d0a9	cacc2683d2830eef764be61b9e4d9f88
6199	47cdc9947bc9e0272eb7909c69200479	c19bb8392a7bb4c542b55c7006e1d0a9	cacc2683d2830eef764be61b9e4d9f88
6200	47cdc9947bc9e0272eb7909c69200479	c19bb8392a7bb4c542b55c7006e1d0a9	cacc2683d2830eef764be61b9e4d9f88
6201	47cdc9947bc9e0272eb7909c69200479	c19bb8392a7bb4c542b55c7006e1d0a9	cacc2683d2830eef764be61b9e4d9f88
6202	66fa829c9794370989ec7352521f90f0	bbe8d1381cf02fae97c1bf4821bb6984	b7bff89711e508aa880b5565dc135b63
6203	66fa829c9794370989ec7352521f90f0	bbe8d1381cf02fae97c1bf4821bb6984	b7bff89711e508aa880b5565dc135b63
6204	66fa829c9794370989ec7352521f90f0	bbe8d1381cf02fae97c1bf4821bb6984	b7bff89711e508aa880b5565dc135b63
6205	66fa829c9794370989ec7352521f90f0	bbe8d1381cf02fae97c1bf4821bb6984	b7bff89711e508aa880b5565dc135b63
6206	66fa829c9794370989ec7352521f90f0	bbe8d1381cf02fae97c1bf4821bb6984	b7bff89711e508aa880b5565dc135b63
6207	262781b661247daea21dd6dd8a604742	9809966ba9ee30cb18d417422134e660	d2ef3d1d7c5764407793635391a0018d
6208	262781b661247daea21dd6dd8a604742	9809966ba9ee30cb18d417422134e660	d2ef3d1d7c5764407793635391a0018d
6209	262781b661247daea21dd6dd8a604742	9809966ba9ee30cb18d417422134e660	d2ef3d1d7c5764407793635391a0018d
6210	6799a470de820613b65a38eff451a66f	f6dcd130a6215e70c761fc0491788927	959ebcd3367a2170abb7cb2bac53805f
6211	6799a470de820613b65a38eff451a66f	f6dcd130a6215e70c761fc0491788927	959ebcd3367a2170abb7cb2bac53805f
6212	d76a845b94b1056e3b674c25673840f4	3f284d2be4ebd008a8e178ca6659fe86	f0becfcc9b0f2eddbce2e5261e55ffb2
6213	175f474a58acf142158d660a97f44550	211fa38eca61570bcb4b68d36ee3c0df	5cf2b422d22b9f8c19c5f45b47ef67dc
6214	d81cdbc3aab4e3a52e786e495ff55363	acbad06e1d85eb5b2845ce7fe6c35b0f	197850d5b8c8dc7df8dbc9c51960c432
6215	d81cdbc3aab4e3a52e786e495ff55363	acbad06e1d85eb5b2845ce7fe6c35b0f	197850d5b8c8dc7df8dbc9c51960c432
6216	d81cdbc3aab4e3a52e786e495ff55363	acbad06e1d85eb5b2845ce7fe6c35b0f	197850d5b8c8dc7df8dbc9c51960c432
6217	102f5f3b7ef7de19bc2658a718e4a61c	de3b70dfeb5b3ee84e37836547b03efc	d91bc9a2533d702f170d26eb80d48062
6218	97d3befa89695b71d3b6bbeb8c705233	ccc6ec0fb859d6b609e2f2bae0e85e3a	615dff5bcfb367475a6f03afc220a156
6219	68ae9aeb85c4d32e318febff86be1c16	2eca5ad4c5d9577b770165e534519241	863b821768663dd7153d04dd676788c5
6220	68ae9aeb85c4d32e318febff86be1c16	2eca5ad4c5d9577b770165e534519241	863b821768663dd7153d04dd676788c5
6221	68ae9aeb85c4d32e318febff86be1c16	2eca5ad4c5d9577b770165e534519241	863b821768663dd7153d04dd676788c5
6222	68ae9aeb85c4d32e318febff86be1c16	2eca5ad4c5d9577b770165e534519241	863b821768663dd7153d04dd676788c5
6223	68ae9aeb85c4d32e318febff86be1c16	2eca5ad4c5d9577b770165e534519241	863b821768663dd7153d04dd676788c5
6224	68ae9aeb85c4d32e318febff86be1c16	2eca5ad4c5d9577b770165e534519241	863b821768663dd7153d04dd676788c5
6225	68ae9aeb85c4d32e318febff86be1c16	2eca5ad4c5d9577b770165e534519241	863b821768663dd7153d04dd676788c5
6226	8d84635ca604d28577fd4a35cd6ece1b	2b8a787b4a0a0353e7cab35306987821	8b64de99d5fc991595953fb2e09593cf
6227	8d84635ca604d28577fd4a35cd6ece1b	2b8a787b4a0a0353e7cab35306987821	8b64de99d5fc991595953fb2e09593cf
6228	8d84635ca604d28577fd4a35cd6ece1b	2b8a787b4a0a0353e7cab35306987821	8b64de99d5fc991595953fb2e09593cf
6229	4c4fa3a0d5cf208d6d1c5209e119f49c	002180c98fd5eb8f4cb9b3cb1fb60abf	4c30851fe35be38b81d3dc117025ffa7
6230	6b5deb11e950a0dc6359b5899e60b961	0645bb02b0c98235940fd09f7fdd3ea3	d3e30ed054f9c8074f94903971ba573e
6231	8d84635ca604d28577fd4a35cd6ece1b	2b8a787b4a0a0353e7cab35306987821	8b64de99d5fc991595953fb2e09593cf
6232	8d84635ca604d28577fd4a35cd6ece1b	2b8a787b4a0a0353e7cab35306987821	8b64de99d5fc991595953fb2e09593cf
6233	8d84635ca604d28577fd4a35cd6ece1b	2b8a787b4a0a0353e7cab35306987821	8b64de99d5fc991595953fb2e09593cf
6234	4c4fa3a0d5cf208d6d1c5209e119f49c	77297d1006a5f49796d995f0b639bf21	d2f5d1229fa8ac97dae8c401f5c7c014
6235	6b5deb11e950a0dc6359b5899e60b961	0645bb02b0c98235940fd09f7fdd3ea3	d3e30ed054f9c8074f94903971ba573e
6236	212b8512ef315a39f399f099d3209dfe	2ce57bae6e1f8a67b170aae4cd4397cc	9e17a829fd63bf626eb086e4f08522e3
6237	212b8512ef315a39f399f099d3209dfe	2ce57bae6e1f8a67b170aae4cd4397cc	9e17a829fd63bf626eb086e4f08522e3
6238	212b8512ef315a39f399f099d3209dfe	2ce57bae6e1f8a67b170aae4cd4397cc	9e17a829fd63bf626eb086e4f08522e3
6239	212b8512ef315a39f399f099d3209dfe	2ce57bae6e1f8a67b170aae4cd4397cc	9e17a829fd63bf626eb086e4f08522e3
6240	212b8512ef315a39f399f099d3209dfe	2ce57bae6e1f8a67b170aae4cd4397cc	9e17a829fd63bf626eb086e4f08522e3
6241	212b8512ef315a39f399f099d3209dfe	2ce57bae6e1f8a67b170aae4cd4397cc	9e17a829fd63bf626eb086e4f08522e3
6242	212b8512ef315a39f399f099d3209dfe	2ce57bae6e1f8a67b170aae4cd4397cc	9e17a829fd63bf626eb086e4f08522e3
6243	0126453763829bb2bb2844f01d6f2bd9	39672c3eeac8e1223d2180bce8c10f60	7512104f1fee703145f5404d1d128dfb
6244	0126453763829bb2bb2844f01d6f2bd9	39672c3eeac8e1223d2180bce8c10f60	7512104f1fee703145f5404d1d128dfb
6245	0126453763829bb2bb2844f01d6f2bd9	39672c3eeac8e1223d2180bce8c10f60	7512104f1fee703145f5404d1d128dfb
6246	0126453763829bb2bb2844f01d6f2bd9	39672c3eeac8e1223d2180bce8c10f60	7512104f1fee703145f5404d1d128dfb
6247	0126453763829bb2bb2844f01d6f2bd9	39672c3eeac8e1223d2180bce8c10f60	7512104f1fee703145f5404d1d128dfb
6248	115d088266b2c7ead782c6b284c395c9	86cb80f3c4187777fac6bc33d96682f8	18a2fbf173cf785e3809526106c99e9a
6249	115d088266b2c7ead782c6b284c395c9	86cb80f3c4187777fac6bc33d96682f8	18a2fbf173cf785e3809526106c99e9a
6250	115d088266b2c7ead782c6b284c395c9	86cb80f3c4187777fac6bc33d96682f8	18a2fbf173cf785e3809526106c99e9a
6251	115d088266b2c7ead782c6b284c395c9	86cb80f3c4187777fac6bc33d96682f8	18a2fbf173cf785e3809526106c99e9a
6252	115d088266b2c7ead782c6b284c395c9	86cb80f3c4187777fac6bc33d96682f8	18a2fbf173cf785e3809526106c99e9a
6253	115d088266b2c7ead782c6b284c395c9	86cb80f3c4187777fac6bc33d96682f8	18a2fbf173cf785e3809526106c99e9a
6254	115d088266b2c7ead782c6b284c395c9	86cb80f3c4187777fac6bc33d96682f8	18a2fbf173cf785e3809526106c99e9a
6255	115d088266b2c7ead782c6b284c395c9	86cb80f3c4187777fac6bc33d96682f8	18a2fbf173cf785e3809526106c99e9a
6256	115d088266b2c7ead782c6b284c395c9	86cb80f3c4187777fac6bc33d96682f8	18a2fbf173cf785e3809526106c99e9a
6257	115d088266b2c7ead782c6b284c395c9	86cb80f3c4187777fac6bc33d96682f8	18a2fbf173cf785e3809526106c99e9a
6258	115d088266b2c7ead782c6b284c395c9	86cb80f3c4187777fac6bc33d96682f8	18a2fbf173cf785e3809526106c99e9a
6259	115d088266b2c7ead782c6b284c395c9	86cb80f3c4187777fac6bc33d96682f8	18a2fbf173cf785e3809526106c99e9a
6260	115d088266b2c7ead782c6b284c395c9	86cb80f3c4187777fac6bc33d96682f8	18a2fbf173cf785e3809526106c99e9a
6261	115d088266b2c7ead782c6b284c395c9	86cb80f3c4187777fac6bc33d96682f8	18a2fbf173cf785e3809526106c99e9a
6262	115d088266b2c7ead782c6b284c395c9	86cb80f3c4187777fac6bc33d96682f8	18a2fbf173cf785e3809526106c99e9a
6263	115d088266b2c7ead782c6b284c395c9	86cb80f3c4187777fac6bc33d96682f8	18a2fbf173cf785e3809526106c99e9a
6264	115d088266b2c7ead782c6b284c395c9	86cb80f3c4187777fac6bc33d96682f8	18a2fbf173cf785e3809526106c99e9a
6265	b7b40b4e4e8dfb907dd55fe29b0d9c59	cd594557ee469b766e7cc76d01602189	f725baf44f476f725fe53ccba9e7940a
6266	b7b40b4e4e8dfb907dd55fe29b0d9c59	cd594557ee469b766e7cc76d01602189	f725baf44f476f725fe53ccba9e7940a
6267	b7b40b4e4e8dfb907dd55fe29b0d9c59	cd594557ee469b766e7cc76d01602189	f725baf44f476f725fe53ccba9e7940a
6268	b7b40b4e4e8dfb907dd55fe29b0d9c59	cd594557ee469b766e7cc76d01602189	f725baf44f476f725fe53ccba9e7940a
6269	b7b40b4e4e8dfb907dd55fe29b0d9c59	cd594557ee469b766e7cc76d01602189	f725baf44f476f725fe53ccba9e7940a
6270	b7b40b4e4e8dfb907dd55fe29b0d9c59	cd594557ee469b766e7cc76d01602189	f725baf44f476f725fe53ccba9e7940a
6271	b7b40b4e4e8dfb907dd55fe29b0d9c59	cd594557ee469b766e7cc76d01602189	f725baf44f476f725fe53ccba9e7940a
6272	900a677e57d3b3f6f85d1f4cd20421ad	d73f8b94afa18095b0f57f6b4ea07e5a	d3b32bb0427258954c474c9f505ce9a3
6273	900a677e57d3b3f6f85d1f4cd20421ad	d73f8b94afa18095b0f57f6b4ea07e5a	d3b32bb0427258954c474c9f505ce9a3
6274	900a677e57d3b3f6f85d1f4cd20421ad	d73f8b94afa18095b0f57f6b4ea07e5a	d3b32bb0427258954c474c9f505ce9a3
6275	452e3f83971fed3df568f7ec0a09ca65	459ca468e93007e0451d53946c0fb87f	1084c984704ed7bfb9c3ed199259d691
6276	452e3f83971fed3df568f7ec0a09ca65	459ca468e93007e0451d53946c0fb87f	1084c984704ed7bfb9c3ed199259d691
6277	6dfd391c685a5d93a37abf932ae0d0de	8161b5eb9302edccfbcdc157727620c2	d5788692c3ed63cf68e4ca48bd9153d5
6278	6dfd391c685a5d93a37abf932ae0d0de	8161b5eb9302edccfbcdc157727620c2	d5788692c3ed63cf68e4ca48bd9153d5
6279	6dfd391c685a5d93a37abf932ae0d0de	8161b5eb9302edccfbcdc157727620c2	d5788692c3ed63cf68e4ca48bd9153d5
6280	6dfd391c685a5d93a37abf932ae0d0de	8161b5eb9302edccfbcdc157727620c2	d5788692c3ed63cf68e4ca48bd9153d5
6281	6dfd391c685a5d93a37abf932ae0d0de	8161b5eb9302edccfbcdc157727620c2	d5788692c3ed63cf68e4ca48bd9153d5
6282	6dfd391c685a5d93a37abf932ae0d0de	7f60109ba284c6f2bad71220228b2bb1	406a97163919337f757fbab4df1ac0da
6283	6dfd391c685a5d93a37abf932ae0d0de	8161b5eb9302edccfbcdc157727620c2	d5788692c3ed63cf68e4ca48bd9153d5
6284	49cdf0fdde895a6fdc135c2d75ca565b	b767ff93e03dbf8728e875265ad33f68	a5dde891bea876aba6486afb6c81fffa
6285	49cdf0fdde895a6fdc135c2d75ca565b	b767ff93e03dbf8728e875265ad33f68	a5dde891bea876aba6486afb6c81fffa
6286	49cdf0fdde895a6fdc135c2d75ca565b	b767ff93e03dbf8728e875265ad33f68	a5dde891bea876aba6486afb6c81fffa
6287	49cdf0fdde895a6fdc135c2d75ca565b	1ae56cb65d14fd5930d8fd2ab9a49223	4c89f9bb05edee92f237980452f42404
6288	49cdf0fdde895a6fdc135c2d75ca565b	1ae56cb65d14fd5930d8fd2ab9a49223	4c89f9bb05edee92f237980452f42404
6289	1115972f6b5a056921d787a0e137422e	2ef4e15ee7ba9cc937ef7aad8f5e0a77	b00e74c0d085f719a027c348b8ef4d38
6290	1115972f6b5a056921d787a0e137422e	2ef4e15ee7ba9cc937ef7aad8f5e0a77	b00e74c0d085f719a027c348b8ef4d38
6291	1115972f6b5a056921d787a0e137422e	2ef4e15ee7ba9cc937ef7aad8f5e0a77	b00e74c0d085f719a027c348b8ef4d38
6292	1115972f6b5a056921d787a0e137422e	2ef4e15ee7ba9cc937ef7aad8f5e0a77	b00e74c0d085f719a027c348b8ef4d38
6293	1115972f6b5a056921d787a0e137422e	2ef4e15ee7ba9cc937ef7aad8f5e0a77	b00e74c0d085f719a027c348b8ef4d38
6294	1115972f6b5a056921d787a0e137422e	2ef4e15ee7ba9cc937ef7aad8f5e0a77	b00e74c0d085f719a027c348b8ef4d38
6295	1115972f6b5a056921d787a0e137422e	2ef4e15ee7ba9cc937ef7aad8f5e0a77	b00e74c0d085f719a027c348b8ef4d38
6296	792bf51eb27af41fb5e55f6110409b6c	d0fad6c297ddf5ef241e41f012b5721b	0248cd92520a95c62048934c566b9287
6297	792bf51eb27af41fb5e55f6110409b6c	d0fad6c297ddf5ef241e41f012b5721b	0248cd92520a95c62048934c566b9287
6298	792bf51eb27af41fb5e55f6110409b6c	d0fad6c297ddf5ef241e41f012b5721b	0248cd92520a95c62048934c566b9287
6299	792bf51eb27af41fb5e55f6110409b6c	d0fad6c297ddf5ef241e41f012b5721b	0248cd92520a95c62048934c566b9287
6300	792bf51eb27af41fb5e55f6110409b6c	d0fad6c297ddf5ef241e41f012b5721b	0248cd92520a95c62048934c566b9287
6301	792bf51eb27af41fb5e55f6110409b6c	d0fad6c297ddf5ef241e41f012b5721b	0248cd92520a95c62048934c566b9287
6302	792bf51eb27af41fb5e55f6110409b6c	d0fad6c297ddf5ef241e41f012b5721b	0248cd92520a95c62048934c566b9287
6303	792bf51eb27af41fb5e55f6110409b6c	d0fad6c297ddf5ef241e41f012b5721b	0248cd92520a95c62048934c566b9287
6304	792bf51eb27af41fb5e55f6110409b6c	d0fad6c297ddf5ef241e41f012b5721b	0248cd92520a95c62048934c566b9287
6305	792bf51eb27af41fb5e55f6110409b6c	d0fad6c297ddf5ef241e41f012b5721b	0248cd92520a95c62048934c566b9287
6306	4ccc41ccf6cb84b368ef126cfb7e42e1	ed1ba451de58f7567f9eda0cffe3c1de	401f77befc1be72c4ace8576f9e9df30
6307	4ccc41ccf6cb84b368ef126cfb7e42e1	ed1ba451de58f7567f9eda0cffe3c1de	401f77befc1be72c4ace8576f9e9df30
6308	4ccc41ccf6cb84b368ef126cfb7e42e1	ed1ba451de58f7567f9eda0cffe3c1de	401f77befc1be72c4ace8576f9e9df30
6309	4ccc41ccf6cb84b368ef126cfb7e42e1	ed1ba451de58f7567f9eda0cffe3c1de	401f77befc1be72c4ace8576f9e9df30
6310	4ccc41ccf6cb84b368ef126cfb7e42e1	ed1ba451de58f7567f9eda0cffe3c1de	401f77befc1be72c4ace8576f9e9df30
6311	4ccc41ccf6cb84b368ef126cfb7e42e1	ed1ba451de58f7567f9eda0cffe3c1de	401f77befc1be72c4ace8576f9e9df30
6312	4ccc41ccf6cb84b368ef126cfb7e42e1	ed1ba451de58f7567f9eda0cffe3c1de	401f77befc1be72c4ace8576f9e9df30
6313	04c349b10cf5776bcc94ab8e1675eda5	401a9f2f946f11e2cddb1708bc77d240	447a4a0a9be024f2e7df435d95dbfdfb
6314	04c349b10cf5776bcc94ab8e1675eda5	401a9f2f946f11e2cddb1708bc77d240	447a4a0a9be024f2e7df435d95dbfdfb
6315	04c349b10cf5776bcc94ab8e1675eda5	401a9f2f946f11e2cddb1708bc77d240	447a4a0a9be024f2e7df435d95dbfdfb
6316	2571fadba0c83cdbecc7bdf9cf3176ee	5985a68bee106236e69e137ce1c0806d	d18e3eca9b63c7f6a7c6e53883bc3132
6317	067daf161e2086adc420375231072ce8	a1d8b0072d705feb2a8453efdfedd218	1abbbbb44c25aa11c3a047dcbe66e4db
6318	4dc17af9f993e842fa2501c6c3e206ea	ae6b8b76f5793c769a2a300e9712cf9e	ac51d2d050e2426dcce12c58b5059c39
6319	4dc17af9f993e842fa2501c6c3e206ea	ae6b8b76f5793c769a2a300e9712cf9e	ac51d2d050e2426dcce12c58b5059c39
6320	4dc17af9f993e842fa2501c6c3e206ea	ae6b8b76f5793c769a2a300e9712cf9e	ac51d2d050e2426dcce12c58b5059c39
6321	4dc17af9f993e842fa2501c6c3e206ea	ae6b8b76f5793c769a2a300e9712cf9e	ac51d2d050e2426dcce12c58b5059c39
6322	4dc17af9f993e842fa2501c6c3e206ea	ae6b8b76f5793c769a2a300e9712cf9e	ac51d2d050e2426dcce12c58b5059c39
6323	4dc17af9f993e842fa2501c6c3e206ea	ae6b8b76f5793c769a2a300e9712cf9e	ac51d2d050e2426dcce12c58b5059c39
6324	4dc17af9f993e842fa2501c6c3e206ea	ae6b8b76f5793c769a2a300e9712cf9e	ac51d2d050e2426dcce12c58b5059c39
6325	048d7f98b4c1aa6e591eb5b64040cb7f	8c120be77d460ce2d4e634d6c3069387	997aef8a55e36a84c612e0ead75c228f
6326	048d7f98b4c1aa6e591eb5b64040cb7f	8c120be77d460ce2d4e634d6c3069387	997aef8a55e36a84c612e0ead75c228f
6327	048d7f98b4c1aa6e591eb5b64040cb7f	8c120be77d460ce2d4e634d6c3069387	997aef8a55e36a84c612e0ead75c228f
6328	429a9efe1334aeb7eb34224581748895	982355cd7c15d163f91254fd74167905	171253483e7a81486bb2e585ee9410d8
6329	429a9efe1334aeb7eb34224581748895	982355cd7c15d163f91254fd74167905	171253483e7a81486bb2e585ee9410d8
6330	21f137e172335a51d05a68794c29ed18	42a96606e8bf999cfa8a993aaad69b7e	25bf8fb92af368f07a98e86438683401
6331	21f137e172335a51d05a68794c29ed18	42a96606e8bf999cfa8a993aaad69b7e	25bf8fb92af368f07a98e86438683401
6332	21f137e172335a51d05a68794c29ed18	42a96606e8bf999cfa8a993aaad69b7e	25bf8fb92af368f07a98e86438683401
6333	21f137e172335a51d05a68794c29ed18	42a96606e8bf999cfa8a993aaad69b7e	25bf8fb92af368f07a98e86438683401
6334	21f137e172335a51d05a68794c29ed18	42a96606e8bf999cfa8a993aaad69b7e	25bf8fb92af368f07a98e86438683401
6335	1a1ac7919a5959445317e90f31379ea9	24904a0fd0f274ef6bd81a6c99c91c31	c362558a6e4103402c7873ebc0844342
6336	1a1ac7919a5959445317e90f31379ea9	24904a0fd0f274ef6bd81a6c99c91c31	c362558a6e4103402c7873ebc0844342
6337	1a1ac7919a5959445317e90f31379ea9	24904a0fd0f274ef6bd81a6c99c91c31	c362558a6e4103402c7873ebc0844342
6338	1a1ac7919a5959445317e90f31379ea9	24904a0fd0f274ef6bd81a6c99c91c31	c362558a6e4103402c7873ebc0844342
6339	1a1ac7919a5959445317e90f31379ea9	24904a0fd0f274ef6bd81a6c99c91c31	c362558a6e4103402c7873ebc0844342
6340	1a1ac7919a5959445317e90f31379ea9	24904a0fd0f274ef6bd81a6c99c91c31	c362558a6e4103402c7873ebc0844342
6341	1a1ac7919a5959445317e90f31379ea9	24904a0fd0f274ef6bd81a6c99c91c31	c362558a6e4103402c7873ebc0844342
6342	772d355dd3fb03c3dd5196279f5f79a3	2dea4874fc49acd4a8297da8174244f5	63406459c6e0aa230bc49e0ec616ba77
6343	772d355dd3fb03c3dd5196279f5f79a3	2dea4874fc49acd4a8297da8174244f5	63406459c6e0aa230bc49e0ec616ba77
6344	772d355dd3fb03c3dd5196279f5f79a3	d759cdec026c8cb012d89fd56fbfba73	9d17782e3481a51127c4cdaf97982b14
6345	772d355dd3fb03c3dd5196279f5f79a3	2dea4874fc49acd4a8297da8174244f5	63406459c6e0aa230bc49e0ec616ba77
6346	772d355dd3fb03c3dd5196279f5f79a3	2dea4874fc49acd4a8297da8174244f5	63406459c6e0aa230bc49e0ec616ba77
6347	f22c77016a452de20269a85dc634ff55	1d1b1745cc91694adbed82b36c2bb89c	9ee6c3b4c24da485c16331a0faae766f
6348	f22c77016a452de20269a85dc634ff55	1d1b1745cc91694adbed82b36c2bb89c	9ee6c3b4c24da485c16331a0faae766f
6349	f22c77016a452de20269a85dc634ff55	1d1b1745cc91694adbed82b36c2bb89c	9ee6c3b4c24da485c16331a0faae766f
6350	db1d46a8707da72f63baf65aeb3be224	67227396bcef572bd5269ea09f814a09	07641c72bbd34365377bf6e1fbcb3cd6
6351	db1d46a8707da72f63baf65aeb3be224	67227396bcef572bd5269ea09f814a09	07641c72bbd34365377bf6e1fbcb3cd6
6352	6f175ba2a6d21d33919ba27203b5806a	2527e79866fcf26a6e90c50707bd2584	b4514af24398a6b5fc7fbb1ebac41dfe
6353	6f175ba2a6d21d33919ba27203b5806a	2527e79866fcf26a6e90c50707bd2584	b4514af24398a6b5fc7fbb1ebac41dfe
6354	6000c07509d0461837e569050169c6ca	9a527e387182a60d28055e7d6de58e29	d1871c1baa917676670f1592ad3390f5
6355	6000c07509d0461837e569050169c6ca	9a527e387182a60d28055e7d6de58e29	d1871c1baa917676670f1592ad3390f5
6356	6000c07509d0461837e569050169c6ca	9a527e387182a60d28055e7d6de58e29	d1871c1baa917676670f1592ad3390f5
6357	e641edb6eccebed5300e66f5000c2941	7729d224309cf4b9197ae51f32f4bb38	1d8649d745456dbb9c159e23790f4077
6358	6000c07509d0461837e569050169c6ca	9a527e387182a60d28055e7d6de58e29	d1871c1baa917676670f1592ad3390f5
6359	88fa7f7d3ddd86856328bcd62f6fe3c7	30cc14a86a727068166b77221c35035d	05e81095aab14d1ac505488a22600f5b
6360	88fa7f7d3ddd86856328bcd62f6fe3c7	30cc14a86a727068166b77221c35035d	05e81095aab14d1ac505488a22600f5b
6361	88fa7f7d3ddd86856328bcd62f6fe3c7	30cc14a86a727068166b77221c35035d	05e81095aab14d1ac505488a22600f5b
6362	88fa7f7d3ddd86856328bcd62f6fe3c7	30cc14a86a727068166b77221c35035d	05e81095aab14d1ac505488a22600f5b
6363	88fa7f7d3ddd86856328bcd62f6fe3c7	30cc14a86a727068166b77221c35035d	05e81095aab14d1ac505488a22600f5b
6364	88fa7f7d3ddd86856328bcd62f6fe3c7	30cc14a86a727068166b77221c35035d	05e81095aab14d1ac505488a22600f5b
6365	88fa7f7d3ddd86856328bcd62f6fe3c7	30cc14a86a727068166b77221c35035d	05e81095aab14d1ac505488a22600f5b
6366	9d70cbcf990fa8b4153f8395166ec939	b2f84a07cff9a66285b4ca6784605677	4b5581a9614fe3ec92996f00b1dddd89
6367	9d70cbcf990fa8b4153f8395166ec939	b2f84a07cff9a66285b4ca6784605677	4b5581a9614fe3ec92996f00b1dddd89
6368	9d70cbcf990fa8b4153f8395166ec939	b2f84a07cff9a66285b4ca6784605677	4b5581a9614fe3ec92996f00b1dddd89
6369	9d70cbcf990fa8b4153f8395166ec939	b2f84a07cff9a66285b4ca6784605677	4b5581a9614fe3ec92996f00b1dddd89
6370	9d70cbcf990fa8b4153f8395166ec939	b2f84a07cff9a66285b4ca6784605677	4b5581a9614fe3ec92996f00b1dddd89
6371	ab58decb5c918a705e7239e6cc222269	4332ad56f860b5b744fd650a263d23c6	6a9ab318171940eb5c8bfc724b5b9461
6372	ab58decb5c918a705e7239e6cc222269	4332ad56f860b5b744fd650a263d23c6	6a9ab318171940eb5c8bfc724b5b9461
6373	ab58decb5c918a705e7239e6cc222269	4332ad56f860b5b744fd650a263d23c6	6a9ab318171940eb5c8bfc724b5b9461
6374	ab58decb5c918a705e7239e6cc222269	4332ad56f860b5b744fd650a263d23c6	6a9ab318171940eb5c8bfc724b5b9461
6375	ab58decb5c918a705e7239e6cc222269	4332ad56f860b5b744fd650a263d23c6	6a9ab318171940eb5c8bfc724b5b9461
6376	04faf05d89f8591ac69d0ea68f8f0124	c59a40103cd039b96a8e6c34dfdaa97d	78e518bdcc458d46d087f179c65b6dba
6377	04faf05d89f8591ac69d0ea68f8f0124	c59a40103cd039b96a8e6c34dfdaa97d	78e518bdcc458d46d087f179c65b6dba
6378	04faf05d89f8591ac69d0ea68f8f0124	c59a40103cd039b96a8e6c34dfdaa97d	78e518bdcc458d46d087f179c65b6dba
6379	04faf05d89f8591ac69d0ea68f8f0124	c59a40103cd039b96a8e6c34dfdaa97d	78e518bdcc458d46d087f179c65b6dba
6380	04faf05d89f8591ac69d0ea68f8f0124	c59a40103cd039b96a8e6c34dfdaa97d	78e518bdcc458d46d087f179c65b6dba
6381	04faf05d89f8591ac69d0ea68f8f0124	c59a40103cd039b96a8e6c34dfdaa97d	78e518bdcc458d46d087f179c65b6dba
6382	04faf05d89f8591ac69d0ea68f8f0124	c59a40103cd039b96a8e6c34dfdaa97d	78e518bdcc458d46d087f179c65b6dba
6383	04faf05d89f8591ac69d0ea68f8f0124	c59a40103cd039b96a8e6c34dfdaa97d	78e518bdcc458d46d087f179c65b6dba
6384	04faf05d89f8591ac69d0ea68f8f0124	c59a40103cd039b96a8e6c34dfdaa97d	78e518bdcc458d46d087f179c65b6dba
6385	04faf05d89f8591ac69d0ea68f8f0124	c59a40103cd039b96a8e6c34dfdaa97d	78e518bdcc458d46d087f179c65b6dba
6386	ab722ea57f8cc007399ce29e9b24f58a	63356148630828ec8d37a2181af20864	72dedf95de494e49d470f5416435b7aa
6387	04faf05d89f8591ac69d0ea68f8f0124	c59a40103cd039b96a8e6c34dfdaa97d	78e518bdcc458d46d087f179c65b6dba
6388	0282ae8639730b49b074f4bc07a6c9e9	a66fa6b82e836b853a3ab780ce11b5b7	6813433777fe41c264c6e31faf215045
6389	0282ae8639730b49b074f4bc07a6c9e9	a66fa6b82e836b853a3ab780ce11b5b7	6813433777fe41c264c6e31faf215045
6390	0282ae8639730b49b074f4bc07a6c9e9	a66fa6b82e836b853a3ab780ce11b5b7	6813433777fe41c264c6e31faf215045
6391	0282ae8639730b49b074f4bc07a6c9e9	a66fa6b82e836b853a3ab780ce11b5b7	6813433777fe41c264c6e31faf215045
6392	0282ae8639730b49b074f4bc07a6c9e9	a66fa6b82e836b853a3ab780ce11b5b7	6813433777fe41c264c6e31faf215045
6393	0282ae8639730b49b074f4bc07a6c9e9	a66fa6b82e836b853a3ab780ce11b5b7	6813433777fe41c264c6e31faf215045
6394	0282ae8639730b49b074f4bc07a6c9e9	a66fa6b82e836b853a3ab780ce11b5b7	6813433777fe41c264c6e31faf215045
6395	260ec37e147c2c6a23390a39864b2f55	ee6da1687ffb1712a13453ed5f4f4934	517fb30ff20549104699394eaf0c5620
6396	260ec37e147c2c6a23390a39864b2f55	ee6da1687ffb1712a13453ed5f4f4934	517fb30ff20549104699394eaf0c5620
6397	260ec37e147c2c6a23390a39864b2f55	ee6da1687ffb1712a13453ed5f4f4934	517fb30ff20549104699394eaf0c5620
6398	227bf09e9ef0583779100c15169ff2a5	cbe146837963e6409ecee37d8eef6d8c	171c570b56401cf1bae65182ab84c8d4
6399	227bf09e9ef0583779100c15169ff2a5	cbe146837963e6409ecee37d8eef6d8c	171c570b56401cf1bae65182ab84c8d4
6400	260ec37e147c2c6a23390a39864b2f55	ee6da1687ffb1712a13453ed5f4f4934	517fb30ff20549104699394eaf0c5620
6401	260ec37e147c2c6a23390a39864b2f55	ee6da1687ffb1712a13453ed5f4f4934	517fb30ff20549104699394eaf0c5620
6402	260ec37e147c2c6a23390a39864b2f55	ee6da1687ffb1712a13453ed5f4f4934	517fb30ff20549104699394eaf0c5620
6403	68d8ed04a88036a64651958db854c107	4b21713b882dde48667735fea81db9ae	fa1f3016365423d2961d99e8ee600b0f
6404	e0cf09b75f739209555bdc1092076d95	6ed6caf7467996f1b3d992d9927e7146	8a436a5002a9f0fa6edb19f445941243
6405	7f49efb6424c0f7cbac7a7d264285333	b5acdef68aab57326aa697e38cda0333	2c4315f81f3448989fc9b472e3d30db7
6406	7f49efb6424c0f7cbac7a7d264285333	b5acdef68aab57326aa697e38cda0333	2c4315f81f3448989fc9b472e3d30db7
6407	7f49efb6424c0f7cbac7a7d264285333	b5acdef68aab57326aa697e38cda0333	2c4315f81f3448989fc9b472e3d30db7
6408	7f49efb6424c0f7cbac7a7d264285333	b5acdef68aab57326aa697e38cda0333	2c4315f81f3448989fc9b472e3d30db7
6409	7f49efb6424c0f7cbac7a7d264285333	b5acdef68aab57326aa697e38cda0333	2c4315f81f3448989fc9b472e3d30db7
6410	7f49efb6424c0f7cbac7a7d264285333	b5acdef68aab57326aa697e38cda0333	2c4315f81f3448989fc9b472e3d30db7
6411	7f49efb6424c0f7cbac7a7d264285333	b5acdef68aab57326aa697e38cda0333	2c4315f81f3448989fc9b472e3d30db7
6412	11f66e22a81c402993cb683205da9b4d	5d5287498e2f9a826ec8ae9d48363f94	0433f9b31e315ed4627d7f64dc013962
6413	11f66e22a81c402993cb683205da9b4d	1ab640e658396bc37ff0b61b3c621a41	0678bb772fa2386a796d6820c8c978b1
6414	11f66e22a81c402993cb683205da9b4d	1ab640e658396bc37ff0b61b3c621a41	0678bb772fa2386a796d6820c8c978b1
6415	ddc742ed3073a81bdc6a38fb70a206bc	c1ac443d10f79f133f3123766a4d7413	46d03cf97935de659796609f71d2825b
6416	bf84cf380f96828b501d31fc2709bb49	ee5474b0f1bea7077a378e849475f5f7	23af191334792b2bb670340492693959
6417	a86d138b0216e9bcb64dc58376f1e267	ec01f77319e1a4f7ba221ea1e4250d14	01b6cf8b56c594543be82441cf52dd0c
6418	a86d138b0216e9bcb64dc58376f1e267	ec01f77319e1a4f7ba221ea1e4250d14	01b6cf8b56c594543be82441cf52dd0c
6419	a86d138b0216e9bcb64dc58376f1e267	ec01f77319e1a4f7ba221ea1e4250d14	01b6cf8b56c594543be82441cf52dd0c
6420	a86d138b0216e9bcb64dc58376f1e267	ec01f77319e1a4f7ba221ea1e4250d14	01b6cf8b56c594543be82441cf52dd0c
6421	a86d138b0216e9bcb64dc58376f1e267	ec01f77319e1a4f7ba221ea1e4250d14	01b6cf8b56c594543be82441cf52dd0c
6422	a86d138b0216e9bcb64dc58376f1e267	ec01f77319e1a4f7ba221ea1e4250d14	01b6cf8b56c594543be82441cf52dd0c
6423	a86d138b0216e9bcb64dc58376f1e267	ec01f77319e1a4f7ba221ea1e4250d14	01b6cf8b56c594543be82441cf52dd0c
6424	a86d138b0216e9bcb64dc58376f1e267	ec01f77319e1a4f7ba221ea1e4250d14	01b6cf8b56c594543be82441cf52dd0c
6425	a86d138b0216e9bcb64dc58376f1e267	ec01f77319e1a4f7ba221ea1e4250d14	01b6cf8b56c594543be82441cf52dd0c
6426	a86d138b0216e9bcb64dc58376f1e267	ec01f77319e1a4f7ba221ea1e4250d14	01b6cf8b56c594543be82441cf52dd0c
6427	a86d138b0216e9bcb64dc58376f1e267	ec01f77319e1a4f7ba221ea1e4250d14	01b6cf8b56c594543be82441cf52dd0c
6428	a86d138b0216e9bcb64dc58376f1e267	ec01f77319e1a4f7ba221ea1e4250d14	01b6cf8b56c594543be82441cf52dd0c
6429	a86d138b0216e9bcb64dc58376f1e267	ec01f77319e1a4f7ba221ea1e4250d14	01b6cf8b56c594543be82441cf52dd0c
6430	a86d138b0216e9bcb64dc58376f1e267	ec01f77319e1a4f7ba221ea1e4250d14	01b6cf8b56c594543be82441cf52dd0c
6431	a86d138b0216e9bcb64dc58376f1e267	ec01f77319e1a4f7ba221ea1e4250d14	01b6cf8b56c594543be82441cf52dd0c
6432	a86d138b0216e9bcb64dc58376f1e267	ec01f77319e1a4f7ba221ea1e4250d14	01b6cf8b56c594543be82441cf52dd0c
6433	a86d138b0216e9bcb64dc58376f1e267	ec01f77319e1a4f7ba221ea1e4250d14	01b6cf8b56c594543be82441cf52dd0c
6434	acfa1ea73b2c7b045c6de3801efd2f1b	485774df31b2825a0147e164ac63a34d	926f103e283cca765e4756846c048e6c
6435	acfa1ea73b2c7b045c6de3801efd2f1b	485774df31b2825a0147e164ac63a34d	926f103e283cca765e4756846c048e6c
6436	acfa1ea73b2c7b045c6de3801efd2f1b	485774df31b2825a0147e164ac63a34d	926f103e283cca765e4756846c048e6c
6437	acfa1ea73b2c7b045c6de3801efd2f1b	485774df31b2825a0147e164ac63a34d	926f103e283cca765e4756846c048e6c
6438	acfa1ea73b2c7b045c6de3801efd2f1b	485774df31b2825a0147e164ac63a34d	926f103e283cca765e4756846c048e6c
6439	acfa1ea73b2c7b045c6de3801efd2f1b	485774df31b2825a0147e164ac63a34d	926f103e283cca765e4756846c048e6c
6440	acfa1ea73b2c7b045c6de3801efd2f1b	485774df31b2825a0147e164ac63a34d	926f103e283cca765e4756846c048e6c
6441	e224a51a3b236fec25028c182a6c2e98	0101fb722c2d1531be4870e1ab4201c9	e5f3403ef094d6c21323d2e920db76b9
6442	e224a51a3b236fec25028c182a6c2e98	0101fb722c2d1531be4870e1ab4201c9	e5f3403ef094d6c21323d2e920db76b9
6443	e224a51a3b236fec25028c182a6c2e98	0101fb722c2d1531be4870e1ab4201c9	e5f3403ef094d6c21323d2e920db76b9
6444	38df578ada60d273939e6ecaa7d5661a	fdd1046d17f86ae8da2e5e9632ede554	2de1cf4bb43bd72136df3406049ad0f8
6445	38df578ada60d273939e6ecaa7d5661a	fdd1046d17f86ae8da2e5e9632ede554	2de1cf4bb43bd72136df3406049ad0f8
6446	95472e4893770bbf365a1f5fe5c12bd9	555c35a5d98a0a574cf0f523c09b9616	bca830c8935e2f2649d4a77721ae2911
6447	95472e4893770bbf365a1f5fe5c12bd9	555c35a5d98a0a574cf0f523c09b9616	bca830c8935e2f2649d4a77721ae2911
6448	95472e4893770bbf365a1f5fe5c12bd9	555c35a5d98a0a574cf0f523c09b9616	bca830c8935e2f2649d4a77721ae2911
6449	95472e4893770bbf365a1f5fe5c12bd9	555c35a5d98a0a574cf0f523c09b9616	bca830c8935e2f2649d4a77721ae2911
6450	95472e4893770bbf365a1f5fe5c12bd9	555c35a5d98a0a574cf0f523c09b9616	bca830c8935e2f2649d4a77721ae2911
6451	95472e4893770bbf365a1f5fe5c12bd9	555c35a5d98a0a574cf0f523c09b9616	bca830c8935e2f2649d4a77721ae2911
6452	95472e4893770bbf365a1f5fe5c12bd9	555c35a5d98a0a574cf0f523c09b9616	bca830c8935e2f2649d4a77721ae2911
6453	a681a51c02113e13db1f068ce54e98ae	5e0641dc992fa4b5fd0fd5c45bc679e5	430f99ec5d2b9ffdb6e69e11f9f67272
6454	a681a51c02113e13db1f068ce54e98ae	5e0641dc992fa4b5fd0fd5c45bc679e5	430f99ec5d2b9ffdb6e69e11f9f67272
6455	a681a51c02113e13db1f068ce54e98ae	5e0641dc992fa4b5fd0fd5c45bc679e5	430f99ec5d2b9ffdb6e69e11f9f67272
6456	a681a51c02113e13db1f068ce54e98ae	5e0641dc992fa4b5fd0fd5c45bc679e5	430f99ec5d2b9ffdb6e69e11f9f67272
6457	a681a51c02113e13db1f068ce54e98ae	5e0641dc992fa4b5fd0fd5c45bc679e5	430f99ec5d2b9ffdb6e69e11f9f67272
6458	bb1e5c2a316444a937c1c8bde72c019f	fd623626293de6a9b85d98932172946a	3f8fd6e1894ea5099f3eb5300b03665c
6459	bb1e5c2a316444a937c1c8bde72c019f	fd623626293de6a9b85d98932172946a	3f8fd6e1894ea5099f3eb5300b03665c
6460	bb1e5c2a316444a937c1c8bde72c019f	fd623626293de6a9b85d98932172946a	3f8fd6e1894ea5099f3eb5300b03665c
6461	bb1e5c2a316444a937c1c8bde72c019f	fd623626293de6a9b85d98932172946a	3f8fd6e1894ea5099f3eb5300b03665c
6462	bb1e5c2a316444a937c1c8bde72c019f	fd623626293de6a9b85d98932172946a	3f8fd6e1894ea5099f3eb5300b03665c
6463	bb1e5c2a316444a937c1c8bde72c019f	fd623626293de6a9b85d98932172946a	3f8fd6e1894ea5099f3eb5300b03665c
6464	bb1e5c2a316444a937c1c8bde72c019f	fd623626293de6a9b85d98932172946a	3f8fd6e1894ea5099f3eb5300b03665c
6465	8f1b67df03809e2e0e3f0e4516dbf546	ffe44a726d0c5378bd0bc3ccbe0e7823	7bc74618235c9b2d0c18195c327dcc4b
6466	8f1b67df03809e2e0e3f0e4516dbf546	ffe44a726d0c5378bd0bc3ccbe0e7823	7bc74618235c9b2d0c18195c327dcc4b
6467	8f1b67df03809e2e0e3f0e4516dbf546	ffe44a726d0c5378bd0bc3ccbe0e7823	7bc74618235c9b2d0c18195c327dcc4b
6468	8f1b67df03809e2e0e3f0e4516dbf546	ffe44a726d0c5378bd0bc3ccbe0e7823	7bc74618235c9b2d0c18195c327dcc4b
6469	8f1b67df03809e2e0e3f0e4516dbf546	ffe44a726d0c5378bd0bc3ccbe0e7823	7bc74618235c9b2d0c18195c327dcc4b
6470	8f1b67df03809e2e0e3f0e4516dbf546	ffe44a726d0c5378bd0bc3ccbe0e7823	7bc74618235c9b2d0c18195c327dcc4b
6471	8f1b67df03809e2e0e3f0e4516dbf546	ffe44a726d0c5378bd0bc3ccbe0e7823	7bc74618235c9b2d0c18195c327dcc4b
6472	8f1b67df03809e2e0e3f0e4516dbf546	ffe44a726d0c5378bd0bc3ccbe0e7823	7bc74618235c9b2d0c18195c327dcc4b
6473	8f1b67df03809e2e0e3f0e4516dbf546	ffe44a726d0c5378bd0bc3ccbe0e7823	7bc74618235c9b2d0c18195c327dcc4b
6474	8f1b67df03809e2e0e3f0e4516dbf546	ffe44a726d0c5378bd0bc3ccbe0e7823	7bc74618235c9b2d0c18195c327dcc4b
6475	17b47e1cf08e6f30fe4dee431fce714a	e0e42536dc0ee100a63fc3c3e0ed7234	dbdf62ec2c54d785d93e57d42c3d43fe
6476	17b47e1cf08e6f30fe4dee431fce714a	e0e42536dc0ee100a63fc3c3e0ed7234	dbdf62ec2c54d785d93e57d42c3d43fe
6477	17b47e1cf08e6f30fe4dee431fce714a	e0e42536dc0ee100a63fc3c3e0ed7234	dbdf62ec2c54d785d93e57d42c3d43fe
6478	830d166f2e0cc144b5b827c488aabbaf	3af3fa393a9dc695e9fcc07a48c1c51b	b66b0cbac95a3c0c8494c28a88ffd355
6479	830d166f2e0cc144b5b827c488aabbaf	3af3fa393a9dc695e9fcc07a48c1c51b	b66b0cbac95a3c0c8494c28a88ffd355
6480	5dd9866fa1c9996cbfbd41c2ea69c336	148de4f3b85fa7463da4dd1fe4d6c874	aa79e3dce0c6b001ef0b53cac824aa36
6481	493a333f508d1ef8657944863c644374	f618d0ab35415ac85cabd2b05b43acad	e60ff5ec658e516b6850c92be1edf465
6482	afc40429ee20094e8b77688f338f4f8f	8215703bfd4d19a3767c5cb2944a0795	c91e5895140641935ee0a199f0c2a762
6483	afc40429ee20094e8b77688f338f4f8f	8215703bfd4d19a3767c5cb2944a0795	c91e5895140641935ee0a199f0c2a762
6484	afc40429ee20094e8b77688f338f4f8f	8215703bfd4d19a3767c5cb2944a0795	c91e5895140641935ee0a199f0c2a762
6485	afc40429ee20094e8b77688f338f4f8f	8215703bfd4d19a3767c5cb2944a0795	c91e5895140641935ee0a199f0c2a762
6486	afc40429ee20094e8b77688f338f4f8f	8215703bfd4d19a3767c5cb2944a0795	c91e5895140641935ee0a199f0c2a762
6487	1e8200b1acd0521d21289bef80837ae3	3096bf89ea3a3b2efbbb71046f76077b	6870f762f5af4ecdd1f05ffd99217205
6488	1e8200b1acd0521d21289bef80837ae3	3096bf89ea3a3b2efbbb71046f76077b	6870f762f5af4ecdd1f05ffd99217205
6489	1e8200b1acd0521d21289bef80837ae3	3096bf89ea3a3b2efbbb71046f76077b	6870f762f5af4ecdd1f05ffd99217205
6490	1e8200b1acd0521d21289bef80837ae3	3096bf89ea3a3b2efbbb71046f76077b	6870f762f5af4ecdd1f05ffd99217205
6491	1e8200b1acd0521d21289bef80837ae3	3096bf89ea3a3b2efbbb71046f76077b	6870f762f5af4ecdd1f05ffd99217205
6492	1e8200b1acd0521d21289bef80837ae3	3096bf89ea3a3b2efbbb71046f76077b	6870f762f5af4ecdd1f05ffd99217205
6493	1e8200b1acd0521d21289bef80837ae3	3096bf89ea3a3b2efbbb71046f76077b	6870f762f5af4ecdd1f05ffd99217205
6494	3ff5f7c82a47805bbffd8ba481ae82ca	2b936b88272dadccab4ced31a50ace5a	fe273aa47fb6b3b3e601182c3d0e0928
6495	22c2b30bb4aea2da1b3799b0230fd55a	c91e5dc0683cb30cfcd514e4c65c3de6	c54ae95b1df30805f16c5202e134dbb8
6496	22c2b30bb4aea2da1b3799b0230fd55a	c91e5dc0683cb30cfcd514e4c65c3de6	c54ae95b1df30805f16c5202e134dbb8
6497	3ff5f7c82a47805bbffd8ba481ae82ca	2b936b88272dadccab4ced31a50ace5a	fe273aa47fb6b3b3e601182c3d0e0928
6498	3ff5f7c82a47805bbffd8ba481ae82ca	2b936b88272dadccab4ced31a50ace5a	fe273aa47fb6b3b3e601182c3d0e0928
6499	3ff5f7c82a47805bbffd8ba481ae82ca	2b936b88272dadccab4ced31a50ace5a	fe273aa47fb6b3b3e601182c3d0e0928
6500	3ff5f7c82a47805bbffd8ba481ae82ca	2b936b88272dadccab4ced31a50ace5a	fe273aa47fb6b3b3e601182c3d0e0928
6501	3ff5f7c82a47805bbffd8ba481ae82ca	2b936b88272dadccab4ced31a50ace5a	fe273aa47fb6b3b3e601182c3d0e0928
6502	7c90b9e00f3e04d3535352d20c0b5e26	e79832209597c9149826cd9e502dc02a	f197b2a4f0eed5c124691fd61cb93854
6503	0cd325d2c944323cd16ab12d752ac9cc	0af30f73d648be26e2b8508f1cae0b1a	e5cf9545b3278b414f9ff24cc52324b0
6504	915dee63bb588c073de82d86c45ab6ee	3281f5fb96848943e9bed7ac49400a48	d9570a712bb3f4549648925defb826db
6505	915dee63bb588c073de82d86c45ab6ee	3281f5fb96848943e9bed7ac49400a48	d9570a712bb3f4549648925defb826db
6506	915dee63bb588c073de82d86c45ab6ee	3281f5fb96848943e9bed7ac49400a48	d9570a712bb3f4549648925defb826db
6507	915dee63bb588c073de82d86c45ab6ee	3281f5fb96848943e9bed7ac49400a48	d9570a712bb3f4549648925defb826db
6508	915dee63bb588c073de82d86c45ab6ee	3281f5fb96848943e9bed7ac49400a48	d9570a712bb3f4549648925defb826db
6509	915dee63bb588c073de82d86c45ab6ee	3281f5fb96848943e9bed7ac49400a48	d9570a712bb3f4549648925defb826db
6510	915dee63bb588c073de82d86c45ab6ee	3281f5fb96848943e9bed7ac49400a48	d9570a712bb3f4549648925defb826db
6511	d53b39661413e96178d62c0e566a3472	63843b67323e91f64c77a5e91bc9568e	7c2685aae0d1cd7f36e43ff41ccee2fc
6512	d53b39661413e96178d62c0e566a3472	63843b67323e91f64c77a5e91bc9568e	7c2685aae0d1cd7f36e43ff41ccee2fc
6513	d53b39661413e96178d62c0e566a3472	63843b67323e91f64c77a5e91bc9568e	7c2685aae0d1cd7f36e43ff41ccee2fc
6514	2724531f4416ba4191e274f4022eae38	8bf5f8af133755fe48a8fd10fb5eec22	725c4e4e7596bd6e9f7dd1ec19adbf8a
6515	2724531f4416ba4191e274f4022eae38	8bf5f8af133755fe48a8fd10fb5eec22	725c4e4e7596bd6e9f7dd1ec19adbf8a
6516	915dee63bb588c073de82d86c45ab6ee	3281f5fb96848943e9bed7ac49400a48	d9570a712bb3f4549648925defb826db
6517	915dee63bb588c073de82d86c45ab6ee	3281f5fb96848943e9bed7ac49400a48	d9570a712bb3f4549648925defb826db
6518	915dee63bb588c073de82d86c45ab6ee	3281f5fb96848943e9bed7ac49400a48	d9570a712bb3f4549648925defb826db
6519	915dee63bb588c073de82d86c45ab6ee	3281f5fb96848943e9bed7ac49400a48	d9570a712bb3f4549648925defb826db
6520	915dee63bb588c073de82d86c45ab6ee	3281f5fb96848943e9bed7ac49400a48	d9570a712bb3f4549648925defb826db
6521	915dee63bb588c073de82d86c45ab6ee	3281f5fb96848943e9bed7ac49400a48	d9570a712bb3f4549648925defb826db
6522	915dee63bb588c073de82d86c45ab6ee	3281f5fb96848943e9bed7ac49400a48	d9570a712bb3f4549648925defb826db
6523	915dee63bb588c073de82d86c45ab6ee	3281f5fb96848943e9bed7ac49400a48	d9570a712bb3f4549648925defb826db
6524	915dee63bb588c073de82d86c45ab6ee	3281f5fb96848943e9bed7ac49400a48	d9570a712bb3f4549648925defb826db
6525	915dee63bb588c073de82d86c45ab6ee	3281f5fb96848943e9bed7ac49400a48	d9570a712bb3f4549648925defb826db
6526	915dee63bb588c073de82d86c45ab6ee	3281f5fb96848943e9bed7ac49400a48	d9570a712bb3f4549648925defb826db
6527	915dee63bb588c073de82d86c45ab6ee	3281f5fb96848943e9bed7ac49400a48	d9570a712bb3f4549648925defb826db
6528	6469a9592f061fd0724f45b2d2b95a10	07093e90649d049e703c20fd13808391	9f6894efedacc3c16d8e3d6d7462c59f
6529	6469a9592f061fd0724f45b2d2b95a10	07093e90649d049e703c20fd13808391	9f6894efedacc3c16d8e3d6d7462c59f
6530	6469a9592f061fd0724f45b2d2b95a10	07093e90649d049e703c20fd13808391	9f6894efedacc3c16d8e3d6d7462c59f
6531	6469a9592f061fd0724f45b2d2b95a10	07093e90649d049e703c20fd13808391	9f6894efedacc3c16d8e3d6d7462c59f
6532	6469a9592f061fd0724f45b2d2b95a10	07093e90649d049e703c20fd13808391	9f6894efedacc3c16d8e3d6d7462c59f
6533	6469a9592f061fd0724f45b2d2b95a10	07093e90649d049e703c20fd13808391	9f6894efedacc3c16d8e3d6d7462c59f
6534	6469a9592f061fd0724f45b2d2b95a10	07093e90649d049e703c20fd13808391	9f6894efedacc3c16d8e3d6d7462c59f
6535	6469a9592f061fd0724f45b2d2b95a10	07093e90649d049e703c20fd13808391	9f6894efedacc3c16d8e3d6d7462c59f
6536	6469a9592f061fd0724f45b2d2b95a10	07093e90649d049e703c20fd13808391	9f6894efedacc3c16d8e3d6d7462c59f
6537	6469a9592f061fd0724f45b2d2b95a10	07093e90649d049e703c20fd13808391	9f6894efedacc3c16d8e3d6d7462c59f
6538	6469a9592f061fd0724f45b2d2b95a10	07093e90649d049e703c20fd13808391	9f6894efedacc3c16d8e3d6d7462c59f
6539	6469a9592f061fd0724f45b2d2b95a10	07093e90649d049e703c20fd13808391	9f6894efedacc3c16d8e3d6d7462c59f
6540	6469a9592f061fd0724f45b2d2b95a10	07093e90649d049e703c20fd13808391	9f6894efedacc3c16d8e3d6d7462c59f
6541	6469a9592f061fd0724f45b2d2b95a10	07093e90649d049e703c20fd13808391	9f6894efedacc3c16d8e3d6d7462c59f
6542	6469a9592f061fd0724f45b2d2b95a10	07093e90649d049e703c20fd13808391	9f6894efedacc3c16d8e3d6d7462c59f
6543	6469a9592f061fd0724f45b2d2b95a10	07093e90649d049e703c20fd13808391	9f6894efedacc3c16d8e3d6d7462c59f
6544	6469a9592f061fd0724f45b2d2b95a10	07093e90649d049e703c20fd13808391	9f6894efedacc3c16d8e3d6d7462c59f
6545	8de9d9ea1a68f818798f5e702c8d2b18	d9c5556d4212da7ee50b156c8c2bc0cd	72fb0fa5c64cdc16170805fc0c5a483f
6546	8de9d9ea1a68f818798f5e702c8d2b18	d9c5556d4212da7ee50b156c8c2bc0cd	72fb0fa5c64cdc16170805fc0c5a483f
6547	8de9d9ea1a68f818798f5e702c8d2b18	d9c5556d4212da7ee50b156c8c2bc0cd	72fb0fa5c64cdc16170805fc0c5a483f
6548	8de9d9ea1a68f818798f5e702c8d2b18	d9c5556d4212da7ee50b156c8c2bc0cd	72fb0fa5c64cdc16170805fc0c5a483f
6549	8de9d9ea1a68f818798f5e702c8d2b18	d9c5556d4212da7ee50b156c8c2bc0cd	72fb0fa5c64cdc16170805fc0c5a483f
6550	8de9d9ea1a68f818798f5e702c8d2b18	d9c5556d4212da7ee50b156c8c2bc0cd	72fb0fa5c64cdc16170805fc0c5a483f
6551	8de9d9ea1a68f818798f5e702c8d2b18	d9c5556d4212da7ee50b156c8c2bc0cd	72fb0fa5c64cdc16170805fc0c5a483f
6552	f66dec926193447de3e704d63a9873ef	ee700615bdc489c4702e3e40b0910c9e	52928420aedbc852f1da26d5df3ea6a8
6553	f66dec926193447de3e704d63a9873ef	ee700615bdc489c4702e3e40b0910c9e	52928420aedbc852f1da26d5df3ea6a8
6554	f66dec926193447de3e704d63a9873ef	ee700615bdc489c4702e3e40b0910c9e	52928420aedbc852f1da26d5df3ea6a8
6555	bd284740e2409a9e1f22b456b81d335b	65a0c2c1003d102e5b79d338c9e36791	5340736490585804511365127ffcb93a
6556	bd284740e2409a9e1f22b456b81d335b	65a0c2c1003d102e5b79d338c9e36791	5340736490585804511365127ffcb93a
6557	6301ebe1b01ba713facf4b69c086f3a8	45c729a071cd5ed006920acfe903ff27	387cfd439c255ca2b992a55e9234b9db
6558	6301ebe1b01ba713facf4b69c086f3a8	45c729a071cd5ed006920acfe903ff27	387cfd439c255ca2b992a55e9234b9db
6559	6301ebe1b01ba713facf4b69c086f3a8	45c729a071cd5ed006920acfe903ff27	387cfd439c255ca2b992a55e9234b9db
6560	ab25c7330c19bf1da230421090d00bc0	e3cccc8ab11f833b2da01b4a476a6459	c4c27c954d3779192bfd767f43ff0a6d
6561	e2ef99edfc9e6061639b15cd55375013	f6db26e793b61c95bc0f87bbc3dcce39	e918eb71c62519c9778532c0768f8139
6562	6cf4fb5fb13c7e296ae63083b51c337e	c49914b8d81b87679fecc4d38ed823f0	7ee03e823db1b457dffa6b3de1b1b6e8
6563	991d50d70c2716df45427a0dd16bf84c	cc8423351cfb77806b70defb0186f040	657b8f421527efcc47b8c6f6c6653828
6564	507d178bc2ce649a69676c06e6725179	1793b93793ba9b48b16874048a15a3a2	a7f9d2d7b639bf73ed1ce4dcdfe4ce54
6565	71759283a4d9570bd51064f508684da7	f13a84046bbc70815533b2815a2ef916	5081f26d2e0aed02ce1b07a56331550d
6566	71759283a4d9570bd51064f508684da7	f13a84046bbc70815533b2815a2ef916	5081f26d2e0aed02ce1b07a56331550d
6567	0eac3d31f34ec71d30550226dd2ec1e9	a3035674a409af2cdfdf7c590756ca29	645c2eb0e53b2362bd88f5fe3d693665
6568	0eac3d31f34ec71d30550226dd2ec1e9	a3035674a409af2cdfdf7c590756ca29	645c2eb0e53b2362bd88f5fe3d693665
6569	0b9d41c18d95fc4a5ae4a2dbdccdbe9f	583941a25775a1738a28019e64d06771	76eabce3c60e70fbff1d5e12456db897
6570	0b9d41c18d95fc4a5ae4a2dbdccdbe9f	583941a25775a1738a28019e64d06771	76eabce3c60e70fbff1d5e12456db897
6571	0b9d41c18d95fc4a5ae4a2dbdccdbe9f	583941a25775a1738a28019e64d06771	76eabce3c60e70fbff1d5e12456db897
6572	0b9d41c18d95fc4a5ae4a2dbdccdbe9f	583941a25775a1738a28019e64d06771	76eabce3c60e70fbff1d5e12456db897
6573	0b9d41c18d95fc4a5ae4a2dbdccdbe9f	583941a25775a1738a28019e64d06771	76eabce3c60e70fbff1d5e12456db897
6574	75675aa8d3aa4545996b1f07cb01a065	b7056391a6ac683d4b92df62218562a4	036ebca722f821ef1ebcbdd6716f544d
6575	75675aa8d3aa4545996b1f07cb01a065	b7056391a6ac683d4b92df62218562a4	036ebca722f821ef1ebcbdd6716f544d
6576	75675aa8d3aa4545996b1f07cb01a065	b7056391a6ac683d4b92df62218562a4	036ebca722f821ef1ebcbdd6716f544d
6577	16a6cc617f82264df69c140454f237c1	7d7f6d3b16137099193380438d113871	289e11006de2ee25b04f06b6d299644e
6578	49458223968c40ab39e33b5970bee2a4	fab1e041af46321bb9595d3aa359c78a	a92eec15b13211e9c0e5d2a4762da4e5
6579	494417559f2b65dd1a859fdc95b1229a	f499c2d2b1621ccc7ccd209c9fc02fe7	12f6e1861f0ab0b3e54521a1cf32c5ce
6580	494417559f2b65dd1a859fdc95b1229a	f499c2d2b1621ccc7ccd209c9fc02fe7	12f6e1861f0ab0b3e54521a1cf32c5ce
6581	05ac991f54258bcebcfb0e993d5cfcf1	e48b06744d6cfcf133e5c716f7647963	ac30f45c4cb3bae86a5fc5ce27b1e4bb
6582	05ac991f54258bcebcfb0e993d5cfcf1	e48b06744d6cfcf133e5c716f7647963	ac30f45c4cb3bae86a5fc5ce27b1e4bb
6583	05ac991f54258bcebcfb0e993d5cfcf1	e48b06744d6cfcf133e5c716f7647963	ac30f45c4cb3bae86a5fc5ce27b1e4bb
6584	05ac991f54258bcebcfb0e993d5cfcf1	e48b06744d6cfcf133e5c716f7647963	ac30f45c4cb3bae86a5fc5ce27b1e4bb
6585	05ac991f54258bcebcfb0e993d5cfcf1	e48b06744d6cfcf133e5c716f7647963	ac30f45c4cb3bae86a5fc5ce27b1e4bb
6586	5995df4b68ad4d15061d384733bdd380	7c82ba08ec26919e24d489f60e4a2849	085a70de4869a4d72f73802a03b91e70
6587	5995df4b68ad4d15061d384733bdd380	7c82ba08ec26919e24d489f60e4a2849	085a70de4869a4d72f73802a03b91e70
6588	5995df4b68ad4d15061d384733bdd380	7c82ba08ec26919e24d489f60e4a2849	085a70de4869a4d72f73802a03b91e70
6589	1723d82c468b1d95b3f82b29abb95cdf	83700b09af26249c0042d5ae166688ad	c0139279b0fc9f2324df9f0e243023a8
6590	1723d82c468b1d95b3f82b29abb95cdf	83700b09af26249c0042d5ae166688ad	c0139279b0fc9f2324df9f0e243023a8
6591	1723d82c468b1d95b3f82b29abb95cdf	83700b09af26249c0042d5ae166688ad	c0139279b0fc9f2324df9f0e243023a8
6592	1723d82c468b1d95b3f82b29abb95cdf	83700b09af26249c0042d5ae166688ad	c0139279b0fc9f2324df9f0e243023a8
6593	133ebc285b0580d5379a1e0302240aef	c45e2e62229a371da615cdaf61bf2a97	302f9e030874e05dc441f326b183a41d
6594	133ebc285b0580d5379a1e0302240aef	c45e2e62229a371da615cdaf61bf2a97	302f9e030874e05dc441f326b183a41d
6595	133ebc285b0580d5379a1e0302240aef	c45e2e62229a371da615cdaf61bf2a97	302f9e030874e05dc441f326b183a41d
6596	69721813492074400d356b9bf193f258	40e2421008143add7e7db6914c0904ac	e958ec457b6fc7cc672f1a8ec3730258
6597	133ebc285b0580d5379a1e0302240aef	c45e2e62229a371da615cdaf61bf2a97	302f9e030874e05dc441f326b183a41d
6598	5ac95723480221753f655dcb53fc9610	a5d480180a2cf286c6a91a78eaa5858e	131ce2751d0dc2c84cb8f8cdde1dd3fc
6599	5ac95723480221753f655dcb53fc9610	a5d480180a2cf286c6a91a78eaa5858e	131ce2751d0dc2c84cb8f8cdde1dd3fc
6600	5ac95723480221753f655dcb53fc9610	a5d480180a2cf286c6a91a78eaa5858e	131ce2751d0dc2c84cb8f8cdde1dd3fc
6601	5ac95723480221753f655dcb53fc9610	a5d480180a2cf286c6a91a78eaa5858e	131ce2751d0dc2c84cb8f8cdde1dd3fc
6602	5ac95723480221753f655dcb53fc9610	a5d480180a2cf286c6a91a78eaa5858e	131ce2751d0dc2c84cb8f8cdde1dd3fc
6603	5ac95723480221753f655dcb53fc9610	a5d480180a2cf286c6a91a78eaa5858e	131ce2751d0dc2c84cb8f8cdde1dd3fc
6604	5ac95723480221753f655dcb53fc9610	a5d480180a2cf286c6a91a78eaa5858e	131ce2751d0dc2c84cb8f8cdde1dd3fc
6605	0667ba835b7c50ff5a78f29dcb495867	b287fe75cd39ff59c159a93b5a1a7e50	01c330e6e79bc8da14796dc64c64884d
6606	0667ba835b7c50ff5a78f29dcb495867	b287fe75cd39ff59c159a93b5a1a7e50	01c330e6e79bc8da14796dc64c64884d
6607	0667ba835b7c50ff5a78f29dcb495867	b287fe75cd39ff59c159a93b5a1a7e50	01c330e6e79bc8da14796dc64c64884d
6608	0667ba835b7c50ff5a78f29dcb495867	b287fe75cd39ff59c159a93b5a1a7e50	01c330e6e79bc8da14796dc64c64884d
6609	0667ba835b7c50ff5a78f29dcb495867	b287fe75cd39ff59c159a93b5a1a7e50	01c330e6e79bc8da14796dc64c64884d
6610	853a0853789fb29bc7fcd806394d26e5	7d78126972526fdec4db8472cb834fe0	7e6fc85c1365f924ba7625f0d0ad0d66
6611	853a0853789fb29bc7fcd806394d26e5	7d78126972526fdec4db8472cb834fe0	7e6fc85c1365f924ba7625f0d0ad0d66
6612	853a0853789fb29bc7fcd806394d26e5	7d78126972526fdec4db8472cb834fe0	7e6fc85c1365f924ba7625f0d0ad0d66
6613	853a0853789fb29bc7fcd806394d26e5	7d78126972526fdec4db8472cb834fe0	7e6fc85c1365f924ba7625f0d0ad0d66
6614	853a0853789fb29bc7fcd806394d26e5	7d78126972526fdec4db8472cb834fe0	7e6fc85c1365f924ba7625f0d0ad0d66
6615	92bf2e983c74bab12a2a3f4433bae57a	389af824d6e864661f9d276155c1b31e	8c4d42a85b804db3e3f01d5f28431e9a
6616	92bf2e983c74bab12a2a3f4433bae57a	389af824d6e864661f9d276155c1b31e	8c4d42a85b804db3e3f01d5f28431e9a
6617	92bf2e983c74bab12a2a3f4433bae57a	389af824d6e864661f9d276155c1b31e	8c4d42a85b804db3e3f01d5f28431e9a
6618	92bf2e983c74bab12a2a3f4433bae57a	389af824d6e864661f9d276155c1b31e	8c4d42a85b804db3e3f01d5f28431e9a
6619	92bf2e983c74bab12a2a3f4433bae57a	389af824d6e864661f9d276155c1b31e	8c4d42a85b804db3e3f01d5f28431e9a
6620	92bf2e983c74bab12a2a3f4433bae57a	6e79b4b5af3aeaa029b0e87bf429bf25	452392feb332d5a24f5c738b14a6c78f
6621	92bf2e983c74bab12a2a3f4433bae57a	9bfc1da6bc8528362715f75115e3c9d8	0420befce9df6cacf2ddcb7b91986d4a
6622	92bf2e983c74bab12a2a3f4433bae57a	d5be081f8063d032b5eacfbc921ed78d	711b132bf49450079ad43cf2990bae00
6623	92bf2e983c74bab12a2a3f4433bae57a	d5be081f8063d032b5eacfbc921ed78d	711b132bf49450079ad43cf2990bae00
6624	92bf2e983c74bab12a2a3f4433bae57a	d5be081f8063d032b5eacfbc921ed78d	711b132bf49450079ad43cf2990bae00
6625	92bf2e983c74bab12a2a3f4433bae57a	389af824d6e864661f9d276155c1b31e	8c4d42a85b804db3e3f01d5f28431e9a
6626	92bf2e983c74bab12a2a3f4433bae57a	389af824d6e864661f9d276155c1b31e	8c4d42a85b804db3e3f01d5f28431e9a
6627	c5bf049be654647d1635973a4ba77e14	2455e08b9b32976b2f11888147a7a7ac	0b1da0b64eba80fcca58c35ffd82b9f8
6628	c5bf049be654647d1635973a4ba77e14	2455e08b9b32976b2f11888147a7a7ac	0b1da0b64eba80fcca58c35ffd82b9f8
6629	c5bf049be654647d1635973a4ba77e14	2455e08b9b32976b2f11888147a7a7ac	0b1da0b64eba80fcca58c35ffd82b9f8
6630	a20684f5990958604fe5b524b2da5b33	90a03af89571cf40cf304e3126a334c5	f15f0a4c31e00bf9ffe85092566ae45a
6631	a20684f5990958604fe5b524b2da5b33	90a03af89571cf40cf304e3126a334c5	f15f0a4c31e00bf9ffe85092566ae45a
6632	abbb57755071bc8d37eda6e96afd4a55	e6fcdbb1fda04667610c83da507dcba3	9049d5c8bc84021ad150c3a3fb6e1c5c
6633	abbb57755071bc8d37eda6e96afd4a55	e6fcdbb1fda04667610c83da507dcba3	9049d5c8bc84021ad150c3a3fb6e1c5c
6634	d51abcc451a6477bae44cf3a298de816	3cdfd072f010c0aa8a69389784099db7	9dd6c83ae9f03848b1cf439ad438a14c
6635	d51abcc451a6477bae44cf3a298de816	3cdfd072f010c0aa8a69389784099db7	9dd6c83ae9f03848b1cf439ad438a14c
6636	d51abcc451a6477bae44cf3a298de816	3cdfd072f010c0aa8a69389784099db7	9dd6c83ae9f03848b1cf439ad438a14c
6637	d51abcc451a6477bae44cf3a298de816	3cdfd072f010c0aa8a69389784099db7	9dd6c83ae9f03848b1cf439ad438a14c
6638	d51abcc451a6477bae44cf3a298de816	3cdfd072f010c0aa8a69389784099db7	9dd6c83ae9f03848b1cf439ad438a14c
6639	d51abcc451a6477bae44cf3a298de816	3cdfd072f010c0aa8a69389784099db7	9dd6c83ae9f03848b1cf439ad438a14c
6640	d51abcc451a6477bae44cf3a298de816	3cdfd072f010c0aa8a69389784099db7	9dd6c83ae9f03848b1cf439ad438a14c
6641	d51abcc451a6477bae44cf3a298de816	3cdfd072f010c0aa8a69389784099db7	9dd6c83ae9f03848b1cf439ad438a14c
6642	d51abcc451a6477bae44cf3a298de816	3cdfd072f010c0aa8a69389784099db7	9dd6c83ae9f03848b1cf439ad438a14c
6643	d51abcc451a6477bae44cf3a298de816	3cdfd072f010c0aa8a69389784099db7	9dd6c83ae9f03848b1cf439ad438a14c
6644	3406232136d9b769fd9a0d8d1be17e29	0e6822469239fb521ef6b5d7112c291c	cde99e56f291fda137335a8b669b9379
6645	3406232136d9b769fd9a0d8d1be17e29	0e6822469239fb521ef6b5d7112c291c	cde99e56f291fda137335a8b669b9379
6646	3406232136d9b769fd9a0d8d1be17e29	0e6822469239fb521ef6b5d7112c291c	cde99e56f291fda137335a8b669b9379
6647	3406232136d9b769fd9a0d8d1be17e29	0e6822469239fb521ef6b5d7112c291c	cde99e56f291fda137335a8b669b9379
6648	3406232136d9b769fd9a0d8d1be17e29	0e6822469239fb521ef6b5d7112c291c	cde99e56f291fda137335a8b669b9379
6649	3406232136d9b769fd9a0d8d1be17e29	0e6822469239fb521ef6b5d7112c291c	cde99e56f291fda137335a8b669b9379
6650	3406232136d9b769fd9a0d8d1be17e29	0e6822469239fb521ef6b5d7112c291c	cde99e56f291fda137335a8b669b9379
6651	06a6fbe8ab2fe0c40c238944bd85f56c	0b16ffaab321bc5aacc4aaab56427b0f	0469eb79e92aabd98e19e013df44ce2a
6652	06a6fbe8ab2fe0c40c238944bd85f56c	0b16ffaab321bc5aacc4aaab56427b0f	0469eb79e92aabd98e19e013df44ce2a
6653	06a6fbe8ab2fe0c40c238944bd85f56c	0b16ffaab321bc5aacc4aaab56427b0f	0469eb79e92aabd98e19e013df44ce2a
6654	06a6fbe8ab2fe0c40c238944bd85f56c	0b16ffaab321bc5aacc4aaab56427b0f	0469eb79e92aabd98e19e013df44ce2a
6655	06a6fbe8ab2fe0c40c238944bd85f56c	0b16ffaab321bc5aacc4aaab56427b0f	0469eb79e92aabd98e19e013df44ce2a
6656	67a1913038dc615eafea2182937257ab	b0bfb0240073dbf2a1c877de47eb5ade	92651287b1c89955d6a9a93f3e3a9d30
6657	67a1913038dc615eafea2182937257ab	b0bfb0240073dbf2a1c877de47eb5ade	92651287b1c89955d6a9a93f3e3a9d30
6658	67a1913038dc615eafea2182937257ab	b0bfb0240073dbf2a1c877de47eb5ade	92651287b1c89955d6a9a93f3e3a9d30
6659	67a1913038dc615eafea2182937257ab	b0bfb0240073dbf2a1c877de47eb5ade	92651287b1c89955d6a9a93f3e3a9d30
6660	67a1913038dc615eafea2182937257ab	b0bfb0240073dbf2a1c877de47eb5ade	92651287b1c89955d6a9a93f3e3a9d30
6661	67a1913038dc615eafea2182937257ab	b0bfb0240073dbf2a1c877de47eb5ade	92651287b1c89955d6a9a93f3e3a9d30
6662	67a1913038dc615eafea2182937257ab	b0bfb0240073dbf2a1c877de47eb5ade	92651287b1c89955d6a9a93f3e3a9d30
6663	67a1913038dc615eafea2182937257ab	b0bfb0240073dbf2a1c877de47eb5ade	92651287b1c89955d6a9a93f3e3a9d30
6664	67a1913038dc615eafea2182937257ab	b0bfb0240073dbf2a1c877de47eb5ade	92651287b1c89955d6a9a93f3e3a9d30
6665	67a1913038dc615eafea2182937257ab	b0bfb0240073dbf2a1c877de47eb5ade	92651287b1c89955d6a9a93f3e3a9d30
6666	67a1913038dc615eafea2182937257ab	b0bfb0240073dbf2a1c877de47eb5ade	92651287b1c89955d6a9a93f3e3a9d30
6667	67a1913038dc615eafea2182937257ab	b0bfb0240073dbf2a1c877de47eb5ade	92651287b1c89955d6a9a93f3e3a9d30
6668	67a1913038dc615eafea2182937257ab	b0bfb0240073dbf2a1c877de47eb5ade	92651287b1c89955d6a9a93f3e3a9d30
6669	67a1913038dc615eafea2182937257ab	b0bfb0240073dbf2a1c877de47eb5ade	92651287b1c89955d6a9a93f3e3a9d30
6670	67a1913038dc615eafea2182937257ab	b0bfb0240073dbf2a1c877de47eb5ade	92651287b1c89955d6a9a93f3e3a9d30
6671	67a1913038dc615eafea2182937257ab	b0bfb0240073dbf2a1c877de47eb5ade	92651287b1c89955d6a9a93f3e3a9d30
6672	67a1913038dc615eafea2182937257ab	b0bfb0240073dbf2a1c877de47eb5ade	92651287b1c89955d6a9a93f3e3a9d30
6673	4fb94358607981f28cae1875b81879a1	253dc5de985fd8c0dad880c8c80a853a	2ab99a362d49180140d73387780cdcae
6674	4fb94358607981f28cae1875b81879a1	253dc5de985fd8c0dad880c8c80a853a	2ab99a362d49180140d73387780cdcae
6675	4fb94358607981f28cae1875b81879a1	253dc5de985fd8c0dad880c8c80a853a	2ab99a362d49180140d73387780cdcae
6676	2280c40aef6d4ec563d9982b791dc088	21b058c35c53c4a2d9e6cd56136cf3a2	287903f4de4bc46ea141c2fcbbb1e439
6677	2280c40aef6d4ec563d9982b791dc088	21b058c35c53c4a2d9e6cd56136cf3a2	287903f4de4bc46ea141c2fcbbb1e439
6678	2280c40aef6d4ec563d9982b791dc088	21b058c35c53c4a2d9e6cd56136cf3a2	287903f4de4bc46ea141c2fcbbb1e439
6679	2280c40aef6d4ec563d9982b791dc088	21b058c35c53c4a2d9e6cd56136cf3a2	287903f4de4bc46ea141c2fcbbb1e439
6680	b36ce3e9d72921a688ee2180b3c5b440	0c138278ce70bfe7977cfed18b2e60e7	524fccc93ca26e4a0e54587ff933c720
6681	21126223d26f98dd4b38354249c3f079	3c7821a8e1844f293282bdd9c3b852ce	a9bac2758beea66d04a5f40c44353138
6682	cb2752f6e1a32d38c54b04e2b51dde46	d65133bb54893a510685c41199018d60	2e6e6747b5cdd18abe57648e320569b0
6683	21126223d26f98dd4b38354249c3f079	3c7821a8e1844f293282bdd9c3b852ce	a9bac2758beea66d04a5f40c44353138
6684	21126223d26f98dd4b38354249c3f079	3c7821a8e1844f293282bdd9c3b852ce	a9bac2758beea66d04a5f40c44353138
6685	c266dde3ce27d69f699118e3d916e4e8	e26496e560de43a79276f2f500120ca7	83968b818c81ae7f18561bec10c7343b
6686	c266dde3ce27d69f699118e3d916e4e8	e26496e560de43a79276f2f500120ca7	83968b818c81ae7f18561bec10c7343b
6687	c266dde3ce27d69f699118e3d916e4e8	e26496e560de43a79276f2f500120ca7	83968b818c81ae7f18561bec10c7343b
6688	c266dde3ce27d69f699118e3d916e4e8	e26496e560de43a79276f2f500120ca7	83968b818c81ae7f18561bec10c7343b
6689	c266dde3ce27d69f699118e3d916e4e8	e26496e560de43a79276f2f500120ca7	83968b818c81ae7f18561bec10c7343b
6690	46c478a6109b70532a0d898bf6bbcc1e	0c9f59711c978b3772835e32e73bf8b8	a1360a2d9da6e4d33971453b7ea9c1dc
6691	9c4a5234d854253d22437a507a27767b	761df61839cebd11b53d376a77a31f10	1efc3ff6153b774d57fe9843b6702ab4
6692	37bb5a7f0d63747e6f105083ae3aa6c0	66bad0c555144d803b6eab139968d820	fc8f6e2b8a58337a80e843811b13526c
6693	37bb5a7f0d63747e6f105083ae3aa6c0	66bad0c555144d803b6eab139968d820	fc8f6e2b8a58337a80e843811b13526c
6694	37bb5a7f0d63747e6f105083ae3aa6c0	66bad0c555144d803b6eab139968d820	fc8f6e2b8a58337a80e843811b13526c
6695	0a34348c6cd8dee1685206a36472bd0e	b17b46ffc6531dd42dee5ca7d2d8b559	b1ecee8a4df37dad9dc6a8cf6a9a6934
6696	0a34348c6cd8dee1685206a36472bd0e	b17b46ffc6531dd42dee5ca7d2d8b559	b1ecee8a4df37dad9dc6a8cf6a9a6934
6697	4e659f988567bb56fa624dce77fdb996	c55bae9026ccdc5f3575d9c8edddd664	c63f21ea89b932272833fb41fe40f30a
6698	4e659f988567bb56fa624dce77fdb996	c55bae9026ccdc5f3575d9c8edddd664	c63f21ea89b932272833fb41fe40f30a
6699	4e659f988567bb56fa624dce77fdb996	c55bae9026ccdc5f3575d9c8edddd664	c63f21ea89b932272833fb41fe40f30a
6700	4e659f988567bb56fa624dce77fdb996	c55bae9026ccdc5f3575d9c8edddd664	c63f21ea89b932272833fb41fe40f30a
6701	4e659f988567bb56fa624dce77fdb996	c55bae9026ccdc5f3575d9c8edddd664	c63f21ea89b932272833fb41fe40f30a
6702	4e659f988567bb56fa624dce77fdb996	c55bae9026ccdc5f3575d9c8edddd664	c63f21ea89b932272833fb41fe40f30a
6703	4e659f988567bb56fa624dce77fdb996	c55bae9026ccdc5f3575d9c8edddd664	c63f21ea89b932272833fb41fe40f30a
6704	3e7fb1823946935cc033a83a4903098c	38dc5b74bedc55f21784ca7ff49b73d6	f75c9f60c817969b276bc64bd5d8c3dd
6705	3e7fb1823946935cc033a83a4903098c	38dc5b74bedc55f21784ca7ff49b73d6	f75c9f60c817969b276bc64bd5d8c3dd
6706	3e7fb1823946935cc033a83a4903098c	38dc5b74bedc55f21784ca7ff49b73d6	f75c9f60c817969b276bc64bd5d8c3dd
6707	3e7fb1823946935cc033a83a4903098c	38dc5b74bedc55f21784ca7ff49b73d6	f75c9f60c817969b276bc64bd5d8c3dd
6708	3e7fb1823946935cc033a83a4903098c	38dc5b74bedc55f21784ca7ff49b73d6	f75c9f60c817969b276bc64bd5d8c3dd
6709	3e7fb1823946935cc033a83a4903098c	38dc5b74bedc55f21784ca7ff49b73d6	f75c9f60c817969b276bc64bd5d8c3dd
6710	3e7fb1823946935cc033a83a4903098c	38dc5b74bedc55f21784ca7ff49b73d6	f75c9f60c817969b276bc64bd5d8c3dd
6711	3e7fb1823946935cc033a83a4903098c	38dc5b74bedc55f21784ca7ff49b73d6	f75c9f60c817969b276bc64bd5d8c3dd
6712	3e7fb1823946935cc033a83a4903098c	38dc5b74bedc55f21784ca7ff49b73d6	f75c9f60c817969b276bc64bd5d8c3dd
6713	3e7fb1823946935cc033a83a4903098c	38dc5b74bedc55f21784ca7ff49b73d6	f75c9f60c817969b276bc64bd5d8c3dd
6714	eae7c2465906875ba3f22a59385099da	7777472527a1ddfd992c1c213707f2f3	451ff16c15079024046f03cd794b8f9b
6715	eae7c2465906875ba3f22a59385099da	7777472527a1ddfd992c1c213707f2f3	451ff16c15079024046f03cd794b8f9b
6716	eae7c2465906875ba3f22a59385099da	7777472527a1ddfd992c1c213707f2f3	451ff16c15079024046f03cd794b8f9b
6717	eae7c2465906875ba3f22a59385099da	7777472527a1ddfd992c1c213707f2f3	451ff16c15079024046f03cd794b8f9b
6718	eae7c2465906875ba3f22a59385099da	7777472527a1ddfd992c1c213707f2f3	451ff16c15079024046f03cd794b8f9b
6719	eae7c2465906875ba3f22a59385099da	7777472527a1ddfd992c1c213707f2f3	451ff16c15079024046f03cd794b8f9b
6720	eae7c2465906875ba3f22a59385099da	7777472527a1ddfd992c1c213707f2f3	451ff16c15079024046f03cd794b8f9b
6721	80b1e42e58a70680515e0f850cde5c40	7b0566164a64382b2be961917162ba5a	48e569e7c26995878df0343b6ae07efb
6722	80b1e42e58a70680515e0f850cde5c40	7b0566164a64382b2be961917162ba5a	48e569e7c26995878df0343b6ae07efb
6723	80b1e42e58a70680515e0f850cde5c40	7b0566164a64382b2be961917162ba5a	48e569e7c26995878df0343b6ae07efb
6724	80b1e42e58a70680515e0f850cde5c40	7b0566164a64382b2be961917162ba5a	48e569e7c26995878df0343b6ae07efb
6725	80b1e42e58a70680515e0f850cde5c40	7b0566164a64382b2be961917162ba5a	48e569e7c26995878df0343b6ae07efb
6726	7b479c8c9fdbf82598e85d9ea42e191d	4990539d598bb72deacc0bb99c08e941	0b52ae9c5eb8298ef37f2f5a31c5c541
6727	7b479c8c9fdbf82598e85d9ea42e191d	4990539d598bb72deacc0bb99c08e941	0b52ae9c5eb8298ef37f2f5a31c5c541
6728	7b479c8c9fdbf82598e85d9ea42e191d	4990539d598bb72deacc0bb99c08e941	0b52ae9c5eb8298ef37f2f5a31c5c541
6729	fa8420830a5e6f61fa50a44c6650b2c2	92d0afd62ccb2ecff733256cca515a5d	55dc551ad877df4059857012961560a2
6730	fa8420830a5e6f61fa50a44c6650b2c2	92d0afd62ccb2ecff733256cca515a5d	55dc551ad877df4059857012961560a2
6731	fa8420830a5e6f61fa50a44c6650b2c2	d34bcff508a07148d0413c89e7daddae	88f2de275ecb31e4de7100f26e5190ee
6732	fa8420830a5e6f61fa50a44c6650b2c2	d34bcff508a07148d0413c89e7daddae	88f2de275ecb31e4de7100f26e5190ee
6733	1030853d91ca346e72c3d01d2d74c393	2c9dd007632d8fe8865087009924878f	81d1e2a9884a9e48f80dcd196c547896
6734	1030853d91ca346e72c3d01d2d74c393	2c9dd007632d8fe8865087009924878f	81d1e2a9884a9e48f80dcd196c547896
6735	1030853d91ca346e72c3d01d2d74c393	2c9dd007632d8fe8865087009924878f	81d1e2a9884a9e48f80dcd196c547896
6736	452c566fcb70c892f0c9c7d506424756	ad611b1889dded09b96756b85ef8d6f7	2cb75ed85fe8ccac2db5e1193a5e3b11
6737	452c566fcb70c892f0c9c7d506424756	ad611b1889dded09b96756b85ef8d6f7	2cb75ed85fe8ccac2db5e1193a5e3b11
6738	91babea8488089403c35e960c7cd0b94	fcb0473ba96a9ce807b1d090a3105afd	eea5e34800b69df2ad0e4d61b9f1bfb8
6739	91babea8488089403c35e960c7cd0b94	fcb0473ba96a9ce807b1d090a3105afd	eea5e34800b69df2ad0e4d61b9f1bfb8
6740	89b4ec6e27df49a70e2a0b1d5ade9a8a	6956d5e284ef6b5816c42f3f1ce94af5	1a56037b2a5165fc1e5a58566781f9a4
6741	401b0cf5c8e40574c6f43f852327cf97	39e9bb809e8af097a45e0eecb4ce44c4	56befc0552da6ac339a550ff77711c6c
6742	6649da919632e4de5f7c2e2430364064	6e48ad69a3d4a5c26dd9299166a3d7fd	aa024652ee93db9a17eef2222c065c85
6743	1d91c6eaffe7de9edf3212ef1a4a6244	eefd8706e6240817fae431ceb1799616	99486992289a3778c1c4da8d9bb41c2d
6744	1d91c6eaffe7de9edf3212ef1a4a6244	eefd8706e6240817fae431ceb1799616	99486992289a3778c1c4da8d9bb41c2d
6745	1d91c6eaffe7de9edf3212ef1a4a6244	eefd8706e6240817fae431ceb1799616	99486992289a3778c1c4da8d9bb41c2d
6746	1d91c6eaffe7de9edf3212ef1a4a6244	eefd8706e6240817fae431ceb1799616	99486992289a3778c1c4da8d9bb41c2d
6747	1d91c6eaffe7de9edf3212ef1a4a6244	eefd8706e6240817fae431ceb1799616	99486992289a3778c1c4da8d9bb41c2d
6748	1d91c6eaffe7de9edf3212ef1a4a6244	eefd8706e6240817fae431ceb1799616	99486992289a3778c1c4da8d9bb41c2d
6749	1d91c6eaffe7de9edf3212ef1a4a6244	eefd8706e6240817fae431ceb1799616	99486992289a3778c1c4da8d9bb41c2d
6750	1d91c6eaffe7de9edf3212ef1a4a6244	eefd8706e6240817fae431ceb1799616	99486992289a3778c1c4da8d9bb41c2d
6751	67212a0d6e0d25bb23bd383652916898	c5592ef3c22bd1ab3034ab1c2b10f3de	ec1178d1fcb3fe7537c4cd5f9d9e6be3
6752	67212a0d6e0d25bb23bd383652916898	c5592ef3c22bd1ab3034ab1c2b10f3de	ec1178d1fcb3fe7537c4cd5f9d9e6be3
6753	1d91c6eaffe7de9edf3212ef1a4a6244	eefd8706e6240817fae431ceb1799616	99486992289a3778c1c4da8d9bb41c2d
6754	1d91c6eaffe7de9edf3212ef1a4a6244	eefd8706e6240817fae431ceb1799616	99486992289a3778c1c4da8d9bb41c2d
6755	d6acb9b8ed6c9fb2dbf2cde5ce71d62e	d4720b05940183610901d690bf64e786	ede0fc00e5331a4a65427baba572b48d
6756	d6acb9b8ed6c9fb2dbf2cde5ce71d62e	d4720b05940183610901d690bf64e786	ede0fc00e5331a4a65427baba572b48d
6757	d6acb9b8ed6c9fb2dbf2cde5ce71d62e	d4720b05940183610901d690bf64e786	ede0fc00e5331a4a65427baba572b48d
6758	86d6400e992345d35a8115b55f72e418	8e0663d6570f807cbae426095af27ee0	e3dd06bf01f70dab8263ce04b39c1d3f
6759	86d6400e992345d35a8115b55f72e418	8e0663d6570f807cbae426095af27ee0	e3dd06bf01f70dab8263ce04b39c1d3f
6760	86d6400e992345d35a8115b55f72e418	8e0663d6570f807cbae426095af27ee0	e3dd06bf01f70dab8263ce04b39c1d3f
6761	86d6400e992345d35a8115b55f72e418	8e0663d6570f807cbae426095af27ee0	e3dd06bf01f70dab8263ce04b39c1d3f
6762	409484610320e0659a56b704e235a204	a70eb1c54c702d2939da084a6a3c52f4	66c148bce9bbd266d27a6553e8c92c85
6763	409484610320e0659a56b704e235a204	a70eb1c54c702d2939da084a6a3c52f4	66c148bce9bbd266d27a6553e8c92c85
6764	409484610320e0659a56b704e235a204	a70eb1c54c702d2939da084a6a3c52f4	66c148bce9bbd266d27a6553e8c92c85
6765	4be80fba6025631dc9bd98d670134503	f7f7e0fa712958d981c388c84713cbb5	36c33506e5dcc015a68183155418004e
6766	409484610320e0659a56b704e235a204	a70eb1c54c702d2939da084a6a3c52f4	66c148bce9bbd266d27a6553e8c92c85
6767	a69b1ba21978100090387807920520d2	7d8d424f4116cd2fa16afca27ee84943	74bdefb3ee30db52cbb62001507b6c86
6768	a69b1ba21978100090387807920520d2	7d8d424f4116cd2fa16afca27ee84943	74bdefb3ee30db52cbb62001507b6c86
6769	a69b1ba21978100090387807920520d2	7d8d424f4116cd2fa16afca27ee84943	74bdefb3ee30db52cbb62001507b6c86
6770	a69b1ba21978100090387807920520d2	7d8d424f4116cd2fa16afca27ee84943	74bdefb3ee30db52cbb62001507b6c86
6771	a69b1ba21978100090387807920520d2	7d8d424f4116cd2fa16afca27ee84943	74bdefb3ee30db52cbb62001507b6c86
6772	a69b1ba21978100090387807920520d2	7d8d424f4116cd2fa16afca27ee84943	74bdefb3ee30db52cbb62001507b6c86
6773	a69b1ba21978100090387807920520d2	7d8d424f4116cd2fa16afca27ee84943	74bdefb3ee30db52cbb62001507b6c86
6774	a69b1ba21978100090387807920520d2	d9194b520409b14d5317a18fe849462b	c10a3173ecfc41c2e13eaa8d69c60523
6775	a69b1ba21978100090387807920520d2	d9194b520409b14d5317a18fe849462b	c10a3173ecfc41c2e13eaa8d69c60523
6776	a69b1ba21978100090387807920520d2	d9194b520409b14d5317a18fe849462b	c10a3173ecfc41c2e13eaa8d69c60523
6777	a69b1ba21978100090387807920520d2	d9194b520409b14d5317a18fe849462b	c10a3173ecfc41c2e13eaa8d69c60523
6778	a69b1ba21978100090387807920520d2	d9194b520409b14d5317a18fe849462b	c10a3173ecfc41c2e13eaa8d69c60523
6779	8a95265ce784d102255d7596e493ce85	fb663eac7e48ca7f442f963e76bfd503	7b8b008a492d615021f6ac223dead319
6780	8a95265ce784d102255d7596e493ce85	fb663eac7e48ca7f442f963e76bfd503	7b8b008a492d615021f6ac223dead319
6781	8a95265ce784d102255d7596e493ce85	fb663eac7e48ca7f442f963e76bfd503	7b8b008a492d615021f6ac223dead319
6782	8a95265ce784d102255d7596e493ce85	fb663eac7e48ca7f442f963e76bfd503	7b8b008a492d615021f6ac223dead319
6783	8a95265ce784d102255d7596e493ce85	fb663eac7e48ca7f442f963e76bfd503	7b8b008a492d615021f6ac223dead319
6784	94478e889edd1732a4c0593d9c17bd65	ca89fe44a74e2291ebe7e2235873c9d0	dc6780c6a1f2a5e6e1bbd83cbbf509c0
6785	94478e889edd1732a4c0593d9c17bd65	ca89fe44a74e2291ebe7e2235873c9d0	dc6780c6a1f2a5e6e1bbd83cbbf509c0
6786	94478e889edd1732a4c0593d9c17bd65	ca89fe44a74e2291ebe7e2235873c9d0	dc6780c6a1f2a5e6e1bbd83cbbf509c0
6787	94478e889edd1732a4c0593d9c17bd65	ca89fe44a74e2291ebe7e2235873c9d0	dc6780c6a1f2a5e6e1bbd83cbbf509c0
6788	94478e889edd1732a4c0593d9c17bd65	ca89fe44a74e2291ebe7e2235873c9d0	dc6780c6a1f2a5e6e1bbd83cbbf509c0
6789	94478e889edd1732a4c0593d9c17bd65	ca89fe44a74e2291ebe7e2235873c9d0	dc6780c6a1f2a5e6e1bbd83cbbf509c0
6790	94478e889edd1732a4c0593d9c17bd65	ca89fe44a74e2291ebe7e2235873c9d0	dc6780c6a1f2a5e6e1bbd83cbbf509c0
6791	ab65d2b0e5a018f6c5b6bdc3882dbfc9	83ca6ef2229627fd38b08643bb406306	20f98ea2f55e6c9a822092840c3ea61e
6792	ab65d2b0e5a018f6c5b6bdc3882dbfc9	83ca6ef2229627fd38b08643bb406306	20f98ea2f55e6c9a822092840c3ea61e
6793	ab65d2b0e5a018f6c5b6bdc3882dbfc9	83ca6ef2229627fd38b08643bb406306	20f98ea2f55e6c9a822092840c3ea61e
6794	ab65d2b0e5a018f6c5b6bdc3882dbfc9	83ca6ef2229627fd38b08643bb406306	20f98ea2f55e6c9a822092840c3ea61e
6795	ab65d2b0e5a018f6c5b6bdc3882dbfc9	83ca6ef2229627fd38b08643bb406306	20f98ea2f55e6c9a822092840c3ea61e
6796	ff5a4b70773f5cf8909b640eb4c9f264	4bf9380fe3a5d4800773d73c9b82d9ec	5473acb4350e22e896b394fd1d167b2a
6797	ff5a4b70773f5cf8909b640eb4c9f264	4bf9380fe3a5d4800773d73c9b82d9ec	5473acb4350e22e896b394fd1d167b2a
6798	ff5a4b70773f5cf8909b640eb4c9f264	4bf9380fe3a5d4800773d73c9b82d9ec	5473acb4350e22e896b394fd1d167b2a
6799	ff5a4b70773f5cf8909b640eb4c9f264	4bf9380fe3a5d4800773d73c9b82d9ec	5473acb4350e22e896b394fd1d167b2a
6800	ff5a4b70773f5cf8909b640eb4c9f264	4bf9380fe3a5d4800773d73c9b82d9ec	5473acb4350e22e896b394fd1d167b2a
6801	ff5a4b70773f5cf8909b640eb4c9f264	4bf9380fe3a5d4800773d73c9b82d9ec	5473acb4350e22e896b394fd1d167b2a
6802	ff5a4b70773f5cf8909b640eb4c9f264	4bf9380fe3a5d4800773d73c9b82d9ec	5473acb4350e22e896b394fd1d167b2a
6803	9ed3ab06e3e2e89a107980300826a86e	63003efbf87091597a0461d8e1e2feeb	ea0108c7affbf875814101d9c2dd75de
6804	9ed3ab06e3e2e89a107980300826a86e	63003efbf87091597a0461d8e1e2feeb	ea0108c7affbf875814101d9c2dd75de
6805	9ed3ab06e3e2e89a107980300826a86e	63003efbf87091597a0461d8e1e2feeb	ea0108c7affbf875814101d9c2dd75de
6806	a0336d0a92f42f549aeade8f02c451e1	5d6878af6e89661f816126dfe3c83615	b58aa83da61fc5a8f7f031640b65be8f
6807	a0336d0a92f42f549aeade8f02c451e1	5d6878af6e89661f816126dfe3c83615	b58aa83da61fc5a8f7f031640b65be8f
6808	9ed3ab06e3e2e89a107980300826a86e	63003efbf87091597a0461d8e1e2feeb	ea0108c7affbf875814101d9c2dd75de
6809	9ed3ab06e3e2e89a107980300826a86e	63003efbf87091597a0461d8e1e2feeb	ea0108c7affbf875814101d9c2dd75de
6810	9ed3ab06e3e2e89a107980300826a86e	63003efbf87091597a0461d8e1e2feeb	ea0108c7affbf875814101d9c2dd75de
6811	68a7ff70e8e1557f19acdfcc699da635	0a26261e475463f9d2902d4db0cd8058	ca73705033d8ce4efcdb6d5275b2cd02
6812	4cf3d941eafcd9786774429af934d659	af42b65a8e7cddf06027a90e66bdb901	47df3389d2f36c16c81efe714714c5e8
6813	cdf5e46135df8532232f5e691295cb9f	9b73bd1b2276ddff8620e941a5614281	489235ad354ef1cb90bdf274bd3af7b4
6814	cdf5e46135df8532232f5e691295cb9f	9b73bd1b2276ddff8620e941a5614281	489235ad354ef1cb90bdf274bd3af7b4
6815	cdf5e46135df8532232f5e691295cb9f	9b73bd1b2276ddff8620e941a5614281	489235ad354ef1cb90bdf274bd3af7b4
6816	cdf5e46135df8532232f5e691295cb9f	9b73bd1b2276ddff8620e941a5614281	489235ad354ef1cb90bdf274bd3af7b4
6817	cdf5e46135df8532232f5e691295cb9f	9b73bd1b2276ddff8620e941a5614281	489235ad354ef1cb90bdf274bd3af7b4
6818	cdf5e46135df8532232f5e691295cb9f	9b73bd1b2276ddff8620e941a5614281	489235ad354ef1cb90bdf274bd3af7b4
6819	cdf5e46135df8532232f5e691295cb9f	9b73bd1b2276ddff8620e941a5614281	489235ad354ef1cb90bdf274bd3af7b4
6820	b83b40008495c557750c23b6e9456289	f6cc8713fd5c3bc9444054ceeb5c8a3e	63198fad60f8b95fabd89e73ab31ae97
6821	30fb879e54c58a9ebdf018d6a19de575	f8042c46c1df76cefedb3a62963956f4	d75cca170acb8e0cd59d8bea84db3441
6822	b83b40008495c557750c23b6e9456289	f6cc8713fd5c3bc9444054ceeb5c8a3e	63198fad60f8b95fabd89e73ab31ae97
6823	5c1ee0ca89dc14f037d2a682f59250fa	4113f50aa14302e49e53ed830acb378b	789032e789eaa568ae5dc65998e81e1e
6824	5c1ee0ca89dc14f037d2a682f59250fa	4113f50aa14302e49e53ed830acb378b	789032e789eaa568ae5dc65998e81e1e
6825	ad5e487f1f756dc81df729f6538d8054	ad4ed03500aebe723cba50aec889fbee	377e48997641133164403a4107eaf3d1
6826	ad5e487f1f756dc81df729f6538d8054	ad4ed03500aebe723cba50aec889fbee	377e48997641133164403a4107eaf3d1
6827	ad5e487f1f756dc81df729f6538d8054	ad4ed03500aebe723cba50aec889fbee	377e48997641133164403a4107eaf3d1
6828	ad5e487f1f756dc81df729f6538d8054	ad4ed03500aebe723cba50aec889fbee	377e48997641133164403a4107eaf3d1
6829	ad5e487f1f756dc81df729f6538d8054	ad4ed03500aebe723cba50aec889fbee	377e48997641133164403a4107eaf3d1
6830	ad5e487f1f756dc81df729f6538d8054	ad4ed03500aebe723cba50aec889fbee	377e48997641133164403a4107eaf3d1
6831	ad5e487f1f756dc81df729f6538d8054	ad4ed03500aebe723cba50aec889fbee	377e48997641133164403a4107eaf3d1
6832	ad5e487f1f756dc81df729f6538d8054	ad4ed03500aebe723cba50aec889fbee	377e48997641133164403a4107eaf3d1
6833	ad5e487f1f756dc81df729f6538d8054	ad4ed03500aebe723cba50aec889fbee	377e48997641133164403a4107eaf3d1
6834	ad5e487f1f756dc81df729f6538d8054	ad4ed03500aebe723cba50aec889fbee	377e48997641133164403a4107eaf3d1
6835	ad5e487f1f756dc81df729f6538d8054	ad4ed03500aebe723cba50aec889fbee	377e48997641133164403a4107eaf3d1
6836	ad5e487f1f756dc81df729f6538d8054	ad4ed03500aebe723cba50aec889fbee	377e48997641133164403a4107eaf3d1
6837	ad5e487f1f756dc81df729f6538d8054	ad4ed03500aebe723cba50aec889fbee	377e48997641133164403a4107eaf3d1
6838	ad5e487f1f756dc81df729f6538d8054	ad4ed03500aebe723cba50aec889fbee	377e48997641133164403a4107eaf3d1
6839	ad5e487f1f756dc81df729f6538d8054	ad4ed03500aebe723cba50aec889fbee	377e48997641133164403a4107eaf3d1
6840	ad5e487f1f756dc81df729f6538d8054	ad4ed03500aebe723cba50aec889fbee	377e48997641133164403a4107eaf3d1
6841	ad5e487f1f756dc81df729f6538d8054	ad4ed03500aebe723cba50aec889fbee	377e48997641133164403a4107eaf3d1
6842	a1efac618fc7804f8952ce95af54adac	f097fc734337be2b55280b9cee7d51bf	f5e10323e575f5f47e006949e3c50239
6843	a1efac618fc7804f8952ce95af54adac	f097fc734337be2b55280b9cee7d51bf	f5e10323e575f5f47e006949e3c50239
6844	a1efac618fc7804f8952ce95af54adac	f097fc734337be2b55280b9cee7d51bf	f5e10323e575f5f47e006949e3c50239
6845	a163088274d904c760de6168ba79778f	2c71b7bed4ddd9d4c25d2787a9c8c03e	fc69e3e89b52215716842a2f535bcaa8
6846	a163088274d904c760de6168ba79778f	2c71b7bed4ddd9d4c25d2787a9c8c03e	fc69e3e89b52215716842a2f535bcaa8
6847	a163088274d904c760de6168ba79778f	2c71b7bed4ddd9d4c25d2787a9c8c03e	fc69e3e89b52215716842a2f535bcaa8
6848	a163088274d904c760de6168ba79778f	2c71b7bed4ddd9d4c25d2787a9c8c03e	fc69e3e89b52215716842a2f535bcaa8
6849	50edeb38b8e774fc4d0d4767a74eb464	a7d919e6a49bc9e438f1ebcda0d36a05	ff75e63bef95f2f9a78bd8b9c164cf94
6850	50edeb38b8e774fc4d0d4767a74eb464	a7d919e6a49bc9e438f1ebcda0d36a05	ff75e63bef95f2f9a78bd8b9c164cf94
6851	50edeb38b8e774fc4d0d4767a74eb464	a7d919e6a49bc9e438f1ebcda0d36a05	ff75e63bef95f2f9a78bd8b9c164cf94
6852	50edeb38b8e774fc4d0d4767a74eb464	a7d919e6a49bc9e438f1ebcda0d36a05	ff75e63bef95f2f9a78bd8b9c164cf94
6853	50edeb38b8e774fc4d0d4767a74eb464	a7d919e6a49bc9e438f1ebcda0d36a05	ff75e63bef95f2f9a78bd8b9c164cf94
6854	4d924b60bcd5b61ff391060fd86ed06f	5c064e412dabffa73b4ec28aa06c756d	fe3714ba1c611d1cd6d0682dd7c30ced
6855	4d924b60bcd5b61ff391060fd86ed06f	5c064e412dabffa73b4ec28aa06c756d	fe3714ba1c611d1cd6d0682dd7c30ced
6856	4d924b60bcd5b61ff391060fd86ed06f	5c064e412dabffa73b4ec28aa06c756d	fe3714ba1c611d1cd6d0682dd7c30ced
6857	4d924b60bcd5b61ff391060fd86ed06f	5c064e412dabffa73b4ec28aa06c756d	fe3714ba1c611d1cd6d0682dd7c30ced
6858	4d924b60bcd5b61ff391060fd86ed06f	5c064e412dabffa73b4ec28aa06c756d	fe3714ba1c611d1cd6d0682dd7c30ced
6859	4d924b60bcd5b61ff391060fd86ed06f	5c064e412dabffa73b4ec28aa06c756d	fe3714ba1c611d1cd6d0682dd7c30ced
6860	4d924b60bcd5b61ff391060fd86ed06f	5c064e412dabffa73b4ec28aa06c756d	fe3714ba1c611d1cd6d0682dd7c30ced
6861	1900170604abea938cd21aa531736c09	8d1cfaabbe785f61c2b1e5e8943254ef	c182ad7541d84137e28c8d5fa9950af4
6862	1900170604abea938cd21aa531736c09	8d1cfaabbe785f61c2b1e5e8943254ef	c182ad7541d84137e28c8d5fa9950af4
6863	1900170604abea938cd21aa531736c09	8d1cfaabbe785f61c2b1e5e8943254ef	c182ad7541d84137e28c8d5fa9950af4
6864	1900170604abea938cd21aa531736c09	8d1cfaabbe785f61c2b1e5e8943254ef	c182ad7541d84137e28c8d5fa9950af4
6865	1900170604abea938cd21aa531736c09	8d1cfaabbe785f61c2b1e5e8943254ef	c182ad7541d84137e28c8d5fa9950af4
6866	982a1e7602c8079e4cd38f404d4450f5	e2ca24ed46fffc695e617d7300e7ce94	a3230d05af229f0c2e4f79a829ecbf6e
6867	982a1e7602c8079e4cd38f404d4450f5	e2ca24ed46fffc695e617d7300e7ce94	a3230d05af229f0c2e4f79a829ecbf6e
6868	982a1e7602c8079e4cd38f404d4450f5	e2ca24ed46fffc695e617d7300e7ce94	a3230d05af229f0c2e4f79a829ecbf6e
6869	982a1e7602c8079e4cd38f404d4450f5	e2ca24ed46fffc695e617d7300e7ce94	a3230d05af229f0c2e4f79a829ecbf6e
6870	982a1e7602c8079e4cd38f404d4450f5	e2ca24ed46fffc695e617d7300e7ce94	a3230d05af229f0c2e4f79a829ecbf6e
6871	982a1e7602c8079e4cd38f404d4450f5	e2ca24ed46fffc695e617d7300e7ce94	a3230d05af229f0c2e4f79a829ecbf6e
6872	982a1e7602c8079e4cd38f404d4450f5	e2ca24ed46fffc695e617d7300e7ce94	a3230d05af229f0c2e4f79a829ecbf6e
6873	723f54df0758a3c1cc97d4def432a8cc	7e18b907fe5cd6b1246ddf57828ec691	7700bcd52864405dc79220d9914f75a2
6874	723f54df0758a3c1cc97d4def432a8cc	7e18b907fe5cd6b1246ddf57828ec691	7700bcd52864405dc79220d9914f75a2
6875	723f54df0758a3c1cc97d4def432a8cc	7e18b907fe5cd6b1246ddf57828ec691	7700bcd52864405dc79220d9914f75a2
6876	723f54df0758a3c1cc97d4def432a8cc	7e18b907fe5cd6b1246ddf57828ec691	7700bcd52864405dc79220d9914f75a2
6877	723f54df0758a3c1cc97d4def432a8cc	7e18b907fe5cd6b1246ddf57828ec691	7700bcd52864405dc79220d9914f75a2
6878	6676bf1e3824b18c973f364a2444bc52	05c4cb5b24171556439639eb7ee3a474	ae4a0746ee37069c085f50af687bebe6
6879	6676bf1e3824b18c973f364a2444bc52	05c4cb5b24171556439639eb7ee3a474	ae4a0746ee37069c085f50af687bebe6
6880	6676bf1e3824b18c973f364a2444bc52	05c4cb5b24171556439639eb7ee3a474	ae4a0746ee37069c085f50af687bebe6
6881	6676bf1e3824b18c973f364a2444bc52	05c4cb5b24171556439639eb7ee3a474	ae4a0746ee37069c085f50af687bebe6
6882	6676bf1e3824b18c973f364a2444bc52	05c4cb5b24171556439639eb7ee3a474	ae4a0746ee37069c085f50af687bebe6
6883	46ef32fede81745913aa563a881cf33a	6f256eb8167e03a75f567933527d98f6	507f743a437ad4f21b760fbb5ba497e5
6884	46ef32fede81745913aa563a881cf33a	6f256eb8167e03a75f567933527d98f6	507f743a437ad4f21b760fbb5ba497e5
6885	46ef32fede81745913aa563a881cf33a	6f256eb8167e03a75f567933527d98f6	507f743a437ad4f21b760fbb5ba497e5
6886	46ef32fede81745913aa563a881cf33a	6f256eb8167e03a75f567933527d98f6	507f743a437ad4f21b760fbb5ba497e5
6887	46ef32fede81745913aa563a881cf33a	6f256eb8167e03a75f567933527d98f6	507f743a437ad4f21b760fbb5ba497e5
6888	46ef32fede81745913aa563a881cf33a	6f256eb8167e03a75f567933527d98f6	507f743a437ad4f21b760fbb5ba497e5
6889	46ef32fede81745913aa563a881cf33a	6f256eb8167e03a75f567933527d98f6	507f743a437ad4f21b760fbb5ba497e5
6890	cc626f5439add8c7e6f5792639ddd900	e8460ea9820fadab38214e19af25a815	767f7f91c45889212ade9d57dee1c4fa
6891	cc626f5439add8c7e6f5792639ddd900	e8460ea9820fadab38214e19af25a815	767f7f91c45889212ade9d57dee1c4fa
6892	cc626f5439add8c7e6f5792639ddd900	e8460ea9820fadab38214e19af25a815	767f7f91c45889212ade9d57dee1c4fa
6893	cc626f5439add8c7e6f5792639ddd900	e8460ea9820fadab38214e19af25a815	767f7f91c45889212ade9d57dee1c4fa
6894	cc626f5439add8c7e6f5792639ddd900	e8460ea9820fadab38214e19af25a815	767f7f91c45889212ade9d57dee1c4fa
6895	0d3a28a3f26e47a71005ea3bd7bc0557	420b049eb7ea76061f526f89aa01fd08	44219e57d6ffafa14800a361bd3b6d5a
6896	0d3a28a3f26e47a71005ea3bd7bc0557	420b049eb7ea76061f526f89aa01fd08	44219e57d6ffafa14800a361bd3b6d5a
6897	0d3a28a3f26e47a71005ea3bd7bc0557	420b049eb7ea76061f526f89aa01fd08	44219e57d6ffafa14800a361bd3b6d5a
6898	0d3a28a3f26e47a71005ea3bd7bc0557	420b049eb7ea76061f526f89aa01fd08	44219e57d6ffafa14800a361bd3b6d5a
6899	0d3a28a3f26e47a71005ea3bd7bc0557	420b049eb7ea76061f526f89aa01fd08	44219e57d6ffafa14800a361bd3b6d5a
6900	0d3a28a3f26e47a71005ea3bd7bc0557	420b049eb7ea76061f526f89aa01fd08	44219e57d6ffafa14800a361bd3b6d5a
6901	0d3a28a3f26e47a71005ea3bd7bc0557	420b049eb7ea76061f526f89aa01fd08	44219e57d6ffafa14800a361bd3b6d5a
6902	946bc202bddde13482260a83fcaa5253	212b54b608772054321b0d8ca379fd06	68345d21a08997f1a98d132dbc20db72
6903	84145aab28890e8fc8e93a149ceae656	77088d2ec8d5a64fddf9147d847021a6	ab45e604996c6bcc4e46e9691b8e68c9
6904	84145aab28890e8fc8e93a149ceae656	77088d2ec8d5a64fddf9147d847021a6	ab45e604996c6bcc4e46e9691b8e68c9
6905	84145aab28890e8fc8e93a149ceae656	77088d2ec8d5a64fddf9147d847021a6	ab45e604996c6bcc4e46e9691b8e68c9
6906	84145aab28890e8fc8e93a149ceae656	77088d2ec8d5a64fddf9147d847021a6	ab45e604996c6bcc4e46e9691b8e68c9
6907	84145aab28890e8fc8e93a149ceae656	77088d2ec8d5a64fddf9147d847021a6	ab45e604996c6bcc4e46e9691b8e68c9
6908	84145aab28890e8fc8e93a149ceae656	77088d2ec8d5a64fddf9147d847021a6	ab45e604996c6bcc4e46e9691b8e68c9
6909	84145aab28890e8fc8e93a149ceae656	77088d2ec8d5a64fddf9147d847021a6	ab45e604996c6bcc4e46e9691b8e68c9
6910	7b264006fb5b377f4a1cfdb355331f79	23a6819bbd4ac0dcaa8b7ee75dc40c17	658864784a20fb7e7a4fcd6cf455b6d9
6911	093a6e4ee2d135db9ffa1b7ecb3c3108	28fd8aa718a9a8dcdaf540740facd2c1	392de868ad9230ce889d0e0b65dd9990
6912	2e110020229c4c853ece3ba011b8e61a	74e242a242af6f75840c088c51bf5e0d	af910f6771426ac8088497f569027a6d
6913	2e110020229c4c853ece3ba011b8e61a	74e242a242af6f75840c088c51bf5e0d	af910f6771426ac8088497f569027a6d
6914	2e110020229c4c853ece3ba011b8e61a	74e242a242af6f75840c088c51bf5e0d	af910f6771426ac8088497f569027a6d
6915	2e110020229c4c853ece3ba011b8e61a	74e242a242af6f75840c088c51bf5e0d	af910f6771426ac8088497f569027a6d
6916	2e110020229c4c853ece3ba011b8e61a	74e242a242af6f75840c088c51bf5e0d	af910f6771426ac8088497f569027a6d
6917	2e110020229c4c853ece3ba011b8e61a	74e242a242af6f75840c088c51bf5e0d	af910f6771426ac8088497f569027a6d
6918	2e110020229c4c853ece3ba011b8e61a	74e242a242af6f75840c088c51bf5e0d	af910f6771426ac8088497f569027a6d
6919	45228e82a8aa165ad18c580c6138d948	01506b19a20a64b8fd2a2b50b7fb78cc	b1151b58c591f39eabf387a5a0d0d09f
6920	45228e82a8aa165ad18c580c6138d948	01506b19a20a64b8fd2a2b50b7fb78cc	b1151b58c591f39eabf387a5a0d0d09f
6921	45228e82a8aa165ad18c580c6138d948	01506b19a20a64b8fd2a2b50b7fb78cc	b1151b58c591f39eabf387a5a0d0d09f
6922	175818b7b8c569250c286605dabe26a1	dcea0e1f52d54d1da924960d3e24884d	215bf4ce62ba21c2f90fec8ceb48bed6
6923	61b55d600af6e411ed4e1c3415133e21	42b5fbadac3d3b1da2bdabb62da5f03f	94aed9b23f434095d947573a3f5009c9
6924	1918098168d77e316d9fa8f030ee00f2	256e3a15e5e23130b034e610c5b4aa06	0b5a856aaf51c093dd395b17be55a338
6925	1918098168d77e316d9fa8f030ee00f2	256e3a15e5e23130b034e610c5b4aa06	0b5a856aaf51c093dd395b17be55a338
6926	1918098168d77e316d9fa8f030ee00f2	256e3a15e5e23130b034e610c5b4aa06	0b5a856aaf51c093dd395b17be55a338
6927	1918098168d77e316d9fa8f030ee00f2	256e3a15e5e23130b034e610c5b4aa06	0b5a856aaf51c093dd395b17be55a338
6928	1918098168d77e316d9fa8f030ee00f2	256e3a15e5e23130b034e610c5b4aa06	0b5a856aaf51c093dd395b17be55a338
6929	1918098168d77e316d9fa8f030ee00f2	256e3a15e5e23130b034e610c5b4aa06	0b5a856aaf51c093dd395b17be55a338
6930	1918098168d77e316d9fa8f030ee00f2	256e3a15e5e23130b034e610c5b4aa06	0b5a856aaf51c093dd395b17be55a338
6931	a76e8607f31718278017ae6af76105a6	a7fda604c204fcfd113ef96fc930f9e5	78d1f1e7cf23f081061b3fd8f5473450
6932	a76e8607f31718278017ae6af76105a6	a7fda604c204fcfd113ef96fc930f9e5	78d1f1e7cf23f081061b3fd8f5473450
6933	a76e8607f31718278017ae6af76105a6	a88e18d33a71dba896faadb5122e257a	190cb09af41aec5684b753c83b985ebd
6934	a76e8607f31718278017ae6af76105a6	a7fda604c204fcfd113ef96fc930f9e5	78d1f1e7cf23f081061b3fd8f5473450
6935	a76e8607f31718278017ae6af76105a6	a7fda604c204fcfd113ef96fc930f9e5	78d1f1e7cf23f081061b3fd8f5473450
6936	3c35d5c6f8613bf54b6d7918e438943e	904f500a77076e4b112fd4454bbf0fce	19bc461b0133bee27e29235e7f3d12a6
6937	3c35d5c6f8613bf54b6d7918e438943e	904f500a77076e4b112fd4454bbf0fce	19bc461b0133bee27e29235e7f3d12a6
6938	3c35d5c6f8613bf54b6d7918e438943e	904f500a77076e4b112fd4454bbf0fce	19bc461b0133bee27e29235e7f3d12a6
6939	3c35d5c6f8613bf54b6d7918e438943e	904f500a77076e4b112fd4454bbf0fce	19bc461b0133bee27e29235e7f3d12a6
6940	3c35d5c6f8613bf54b6d7918e438943e	904f500a77076e4b112fd4454bbf0fce	19bc461b0133bee27e29235e7f3d12a6
6941	3c35d5c6f8613bf54b6d7918e438943e	904f500a77076e4b112fd4454bbf0fce	19bc461b0133bee27e29235e7f3d12a6
6942	3c35d5c6f8613bf54b6d7918e438943e	904f500a77076e4b112fd4454bbf0fce	19bc461b0133bee27e29235e7f3d12a6
6943	720e66f7962e97f4c19b102250b885e5	c806241f65f27b6f55632fe14a23abe1	224f3c0f21dfb3427253784c4470d140
6944	720e66f7962e97f4c19b102250b885e5	c806241f65f27b6f55632fe14a23abe1	224f3c0f21dfb3427253784c4470d140
6945	720e66f7962e97f4c19b102250b885e5	c806241f65f27b6f55632fe14a23abe1	224f3c0f21dfb3427253784c4470d140
6946	720e66f7962e97f4c19b102250b885e5	c806241f65f27b6f55632fe14a23abe1	224f3c0f21dfb3427253784c4470d140
6947	720e66f7962e97f4c19b102250b885e5	c806241f65f27b6f55632fe14a23abe1	224f3c0f21dfb3427253784c4470d140
6948	720e66f7962e97f4c19b102250b885e5	c806241f65f27b6f55632fe14a23abe1	224f3c0f21dfb3427253784c4470d140
6949	720e66f7962e97f4c19b102250b885e5	c806241f65f27b6f55632fe14a23abe1	224f3c0f21dfb3427253784c4470d140
6950	720e66f7962e97f4c19b102250b885e5	c806241f65f27b6f55632fe14a23abe1	224f3c0f21dfb3427253784c4470d140
6951	720e66f7962e97f4c19b102250b885e5	c806241f65f27b6f55632fe14a23abe1	224f3c0f21dfb3427253784c4470d140
6952	720e66f7962e97f4c19b102250b885e5	c806241f65f27b6f55632fe14a23abe1	224f3c0f21dfb3427253784c4470d140
6953	d20f405de767d0ee5bbc05f0f19332c8	596402f71968eeecbc7a1824067cfb47	b982db44a149210bc13195cbf64191d2
6954	d20f405de767d0ee5bbc05f0f19332c8	596402f71968eeecbc7a1824067cfb47	b982db44a149210bc13195cbf64191d2
6955	d20f405de767d0ee5bbc05f0f19332c8	596402f71968eeecbc7a1824067cfb47	b982db44a149210bc13195cbf64191d2
6956	d20f405de767d0ee5bbc05f0f19332c8	596402f71968eeecbc7a1824067cfb47	b982db44a149210bc13195cbf64191d2
6957	d20f405de767d0ee5bbc05f0f19332c8	596402f71968eeecbc7a1824067cfb47	b982db44a149210bc13195cbf64191d2
6958	d20f405de767d0ee5bbc05f0f19332c8	596402f71968eeecbc7a1824067cfb47	b982db44a149210bc13195cbf64191d2
6959	d20f405de767d0ee5bbc05f0f19332c8	596402f71968eeecbc7a1824067cfb47	b982db44a149210bc13195cbf64191d2
6960	24611e02d6f39eb2afea975772807772	9d474fac0260c297b6fdb8355d9e4296	a352bde7563b7b178a55760286cbfc47
6961	24611e02d6f39eb2afea975772807772	9d474fac0260c297b6fdb8355d9e4296	a352bde7563b7b178a55760286cbfc47
6962	24611e02d6f39eb2afea975772807772	9d474fac0260c297b6fdb8355d9e4296	a352bde7563b7b178a55760286cbfc47
6963	b426ebd2adff067c7b514bf9fca179c1	f6d1ed21e577942468025e85cfe511af	0142d79b7eef26ea673d92fe3f2191ca
6964	b426ebd2adff067c7b514bf9fca179c1	f6d1ed21e577942468025e85cfe511af	0142d79b7eef26ea673d92fe3f2191ca
6965	f049035b63dee05053b54259507998cf	7f3444b28039725edf512b6d3909e82d	70165baaf376b83a6c5ffda7922ba1d2
6966	f049035b63dee05053b54259507998cf	7f3444b28039725edf512b6d3909e82d	70165baaf376b83a6c5ffda7922ba1d2
6967	f049035b63dee05053b54259507998cf	7f3444b28039725edf512b6d3909e82d	70165baaf376b83a6c5ffda7922ba1d2
6968	2d4c146b2c3265469ea3a27cff472ec2	27066039df23f888be49340b0f131eb8	a849a5d62055037ce686018892f3de79
6969	2d4c146b2c3265469ea3a27cff472ec2	27066039df23f888be49340b0f131eb8	a849a5d62055037ce686018892f3de79
6970	f049035b63dee05053b54259507998cf	7f3444b28039725edf512b6d3909e82d	70165baaf376b83a6c5ffda7922ba1d2
6971	f049035b63dee05053b54259507998cf	7f3444b28039725edf512b6d3909e82d	70165baaf376b83a6c5ffda7922ba1d2
6972	2cdd9b127a805f623b0a15b556cb630f	2ce0b76895512e89e19a0aa9ea892121	d3cb2138c0f800d52a9dae9684c45de2
6973	2cdd9b127a805f623b0a15b556cb630f	2ce0b76895512e89e19a0aa9ea892121	d3cb2138c0f800d52a9dae9684c45de2
6974	2cdd9b127a805f623b0a15b556cb630f	2ce0b76895512e89e19a0aa9ea892121	d3cb2138c0f800d52a9dae9684c45de2
6975	790289d740701f298f5bb759980f0cbe	9025f082b4fae361a6842bbdecb3918c	07560aff4a399c1ecf76178b2880b7f5
6976	790289d740701f298f5bb759980f0cbe	9025f082b4fae361a6842bbdecb3918c	07560aff4a399c1ecf76178b2880b7f5
6977	10dbc1c61a4d09cb0f4134b57da8611c	a8c1c991bbf8e86a37064029d00b9038	9444a80fd13857c588978d0084f955d8
6978	10dbc1c61a4d09cb0f4134b57da8611c	a8c1c991bbf8e86a37064029d00b9038	9444a80fd13857c588978d0084f955d8
6979	10dbc1c61a4d09cb0f4134b57da8611c	a8c1c991bbf8e86a37064029d00b9038	9444a80fd13857c588978d0084f955d8
6980	10dbc1c61a4d09cb0f4134b57da8611c	a8c1c991bbf8e86a37064029d00b9038	9444a80fd13857c588978d0084f955d8
6981	10dbc1c61a4d09cb0f4134b57da8611c	a8c1c991bbf8e86a37064029d00b9038	9444a80fd13857c588978d0084f955d8
6982	b52ee7da7c48c64ee49afdde6d1affd4	3c92a79d59c259de9f5109d3fe2a275b	ba5cab6d563e71316d9656232354beeb
6983	b52ee7da7c48c64ee49afdde6d1affd4	3c92a79d59c259de9f5109d3fe2a275b	ba5cab6d563e71316d9656232354beeb
6984	b52ee7da7c48c64ee49afdde6d1affd4	3c92a79d59c259de9f5109d3fe2a275b	ba5cab6d563e71316d9656232354beeb
6985	1d08e37a663ebc810ea39b9e55d98d32	77e9ac11463eabfedfd044c9f1edf068	83e87483c229306ebfdc7d221ad685a5
6986	1d08e37a663ebc810ea39b9e55d98d32	77e9ac11463eabfedfd044c9f1edf068	83e87483c229306ebfdc7d221ad685a5
6987	1d08e37a663ebc810ea39b9e55d98d32	77e9ac11463eabfedfd044c9f1edf068	83e87483c229306ebfdc7d221ad685a5
6988	1d08e37a663ebc810ea39b9e55d98d32	77e9ac11463eabfedfd044c9f1edf068	83e87483c229306ebfdc7d221ad685a5
6989	2f4970dfd4187a97a07cbd1b3d45af0d	1e5cce6a384780d821deaa84e8bd8122	86469ad6279b93c46e2b5ee08de65fff
6990	2f4970dfd4187a97a07cbd1b3d45af0d	1e5cce6a384780d821deaa84e8bd8122	86469ad6279b93c46e2b5ee08de65fff
6991	2f4970dfd4187a97a07cbd1b3d45af0d	1e5cce6a384780d821deaa84e8bd8122	86469ad6279b93c46e2b5ee08de65fff
6992	2f4970dfd4187a97a07cbd1b3d45af0d	1e5cce6a384780d821deaa84e8bd8122	86469ad6279b93c46e2b5ee08de65fff
6993	6f0d1320a4b1aaf4556a9e1f3325f135	813015ce40f0a75666b5f85c40449db2	5751b7699b7e1fcc9b247878973d0d5e
6994	e62f9608bc9c85528e9610080736b6a2	052e61d201becef714d008e8b3a10f76	1967594be574e4f5f75324864edc5c97
6995	e62f9608bc9c85528e9610080736b6a2	052e61d201becef714d008e8b3a10f76	1967594be574e4f5f75324864edc5c97
6996	e62f9608bc9c85528e9610080736b6a2	052e61d201becef714d008e8b3a10f76	1967594be574e4f5f75324864edc5c97
6997	e62f9608bc9c85528e9610080736b6a2	052e61d201becef714d008e8b3a10f76	1967594be574e4f5f75324864edc5c97
6998	e62f9608bc9c85528e9610080736b6a2	052e61d201becef714d008e8b3a10f76	1967594be574e4f5f75324864edc5c97
6999	e62f9608bc9c85528e9610080736b6a2	052e61d201becef714d008e8b3a10f76	1967594be574e4f5f75324864edc5c97
7000	e62f9608bc9c85528e9610080736b6a2	052e61d201becef714d008e8b3a10f76	1967594be574e4f5f75324864edc5c97
7001	91b558f1ee46c85de30302f9a613daf1	d630e6a30051f243ba589fd421ed3bee	bc0dd1b2ecbe767ca1b452b7f0887319
7002	91b558f1ee46c85de30302f9a613daf1	d630e6a30051f243ba589fd421ed3bee	bc0dd1b2ecbe767ca1b452b7f0887319
7003	91b558f1ee46c85de30302f9a613daf1	d630e6a30051f243ba589fd421ed3bee	bc0dd1b2ecbe767ca1b452b7f0887319
7004	ac61683d7c3c377af2cc9dd6a63963f5	e27f6ad62e0588cdc04f64212a5a4782	f916a6f67264f6ebe80222b570ebd04e
7005	91b558f1ee46c85de30302f9a613daf1	d630e6a30051f243ba589fd421ed3bee	bc0dd1b2ecbe767ca1b452b7f0887319
7006	57c582364e10084b07d9e7c7a2f463de	aa80927de764fd056e18135e84c10ffb	7c01ccf82e5517e6ccc48e37224bbb66
7007	57c582364e10084b07d9e7c7a2f463de	aa80927de764fd056e18135e84c10ffb	7c01ccf82e5517e6ccc48e37224bbb66
7008	57c582364e10084b07d9e7c7a2f463de	aa80927de764fd056e18135e84c10ffb	7c01ccf82e5517e6ccc48e37224bbb66
7009	57c582364e10084b07d9e7c7a2f463de	aa80927de764fd056e18135e84c10ffb	7c01ccf82e5517e6ccc48e37224bbb66
7010	57c582364e10084b07d9e7c7a2f463de	aa80927de764fd056e18135e84c10ffb	7c01ccf82e5517e6ccc48e37224bbb66
7011	57c582364e10084b07d9e7c7a2f463de	aa80927de764fd056e18135e84c10ffb	7c01ccf82e5517e6ccc48e37224bbb66
7012	57c582364e10084b07d9e7c7a2f463de	aa80927de764fd056e18135e84c10ffb	7c01ccf82e5517e6ccc48e37224bbb66
7013	8883b95894ffe3d7d8bc823fff052c05	c242250b2c8ba0fef7a20577104e2f6b	22616dd215e7827d924db52b7c4e3399
7014	8883b95894ffe3d7d8bc823fff052c05	c242250b2c8ba0fef7a20577104e2f6b	22616dd215e7827d924db52b7c4e3399
7015	8883b95894ffe3d7d8bc823fff052c05	c242250b2c8ba0fef7a20577104e2f6b	22616dd215e7827d924db52b7c4e3399
7016	8883b95894ffe3d7d8bc823fff052c05	c242250b2c8ba0fef7a20577104e2f6b	22616dd215e7827d924db52b7c4e3399
7017	8883b95894ffe3d7d8bc823fff052c05	c242250b2c8ba0fef7a20577104e2f6b	22616dd215e7827d924db52b7c4e3399
7018	fbd23fc3556d00972e30cf45f726cb6a	19c328093694639eb1d604f345b4cfcc	133eb32df27f5cb62ec6cc285c385c1d
7019	fbd23fc3556d00972e30cf45f726cb6a	19c328093694639eb1d604f345b4cfcc	133eb32df27f5cb62ec6cc285c385c1d
7020	fbd23fc3556d00972e30cf45f726cb6a	19c328093694639eb1d604f345b4cfcc	133eb32df27f5cb62ec6cc285c385c1d
7021	fbd23fc3556d00972e30cf45f726cb6a	19c328093694639eb1d604f345b4cfcc	133eb32df27f5cb62ec6cc285c385c1d
7022	fbd23fc3556d00972e30cf45f726cb6a	19c328093694639eb1d604f345b4cfcc	133eb32df27f5cb62ec6cc285c385c1d
7023	1b5f5a21723442bd14a4c13f6cdef6a5	0ed83fb3dcc491a304adbc963a53eb1f	f31ae2db640e7e43584d48bc97a6a7e7
7024	1b5f5a21723442bd14a4c13f6cdef6a5	0ed83fb3dcc491a304adbc963a53eb1f	f31ae2db640e7e43584d48bc97a6a7e7
7025	1b5f5a21723442bd14a4c13f6cdef6a5	0ed83fb3dcc491a304adbc963a53eb1f	f31ae2db640e7e43584d48bc97a6a7e7
7026	5c4ed5480cbe5680dc5fb4862d1408e5	575f4f65a660dfdb31f060d02e879444	04e17ce25e22fe109cb6a925c9f92032
7027	5c4ed5480cbe5680dc5fb4862d1408e5	575f4f65a660dfdb31f060d02e879444	04e17ce25e22fe109cb6a925c9f92032
7028	02fe9335c1e41f3bb056b19ae683bd56	1997d1fb2173adfe034269b361a15c9f	c09e3edb022fefb6631864db95b4cf8f
7029	02fe9335c1e41f3bb056b19ae683bd56	1997d1fb2173adfe034269b361a15c9f	c09e3edb022fefb6631864db95b4cf8f
7030	bf286958801afa1c5d4d19ec0d6f23dc	677db807b41fc7c9f596522e03c84c8a	fef6bb771e2ea65f08625a2597c0d30e
7031	bf286958801afa1c5d4d19ec0d6f23dc	677db807b41fc7c9f596522e03c84c8a	fef6bb771e2ea65f08625a2597c0d30e
7032	bf286958801afa1c5d4d19ec0d6f23dc	677db807b41fc7c9f596522e03c84c8a	fef6bb771e2ea65f08625a2597c0d30e
7033	ad351d93a7605a27a33ec2e789ec7390	b31636b3215be0c964a5d82803a63afa	563be5fe29844247abebee1c7c882df6
7034	ad351d93a7605a27a33ec2e789ec7390	b31636b3215be0c964a5d82803a63afa	563be5fe29844247abebee1c7c882df6
7035	1ea5edd1844e4ec8554cac07a3e61d98	ab826aae7c7960a9217d19b1cdb4029e	4bb4605264e0ae930fab52b6ec0cb8e0
7036	1ea5edd1844e4ec8554cac07a3e61d98	ab826aae7c7960a9217d19b1cdb4029e	4bb4605264e0ae930fab52b6ec0cb8e0
7037	1ea5edd1844e4ec8554cac07a3e61d98	ab826aae7c7960a9217d19b1cdb4029e	4bb4605264e0ae930fab52b6ec0cb8e0
7038	1ea5edd1844e4ec8554cac07a3e61d98	ab826aae7c7960a9217d19b1cdb4029e	4bb4605264e0ae930fab52b6ec0cb8e0
7039	1ea5edd1844e4ec8554cac07a3e61d98	ab826aae7c7960a9217d19b1cdb4029e	4bb4605264e0ae930fab52b6ec0cb8e0
7040	1ea5edd1844e4ec8554cac07a3e61d98	ab826aae7c7960a9217d19b1cdb4029e	4bb4605264e0ae930fab52b6ec0cb8e0
7041	1ea5edd1844e4ec8554cac07a3e61d98	ab826aae7c7960a9217d19b1cdb4029e	4bb4605264e0ae930fab52b6ec0cb8e0
7042	e0f3e937b8261b447623c683646b5cfd	f25e55ea453b672c0d9085a9551a5e2b	7bf36c7f461816551ef950af74347572
7043	e0f3e937b8261b447623c683646b5cfd	f25e55ea453b672c0d9085a9551a5e2b	7bf36c7f461816551ef950af74347572
7044	e0f3e937b8261b447623c683646b5cfd	f25e55ea453b672c0d9085a9551a5e2b	7bf36c7f461816551ef950af74347572
7045	e0f3e937b8261b447623c683646b5cfd	f25e55ea453b672c0d9085a9551a5e2b	7bf36c7f461816551ef950af74347572
7046	aea5813ccf19bb07c1fe48d393e1b9f9	d305ace0175077eb7ff05fd4d89667c0	0633d18f9b625a79928c84691431b0bd
7047	e0f3e937b8261b447623c683646b5cfd	f25e55ea453b672c0d9085a9551a5e2b	7bf36c7f461816551ef950af74347572
7048	e0f3e937b8261b447623c683646b5cfd	f25e55ea453b672c0d9085a9551a5e2b	7bf36c7f461816551ef950af74347572
7049	e0f3e937b8261b447623c683646b5cfd	f25e55ea453b672c0d9085a9551a5e2b	7bf36c7f461816551ef950af74347572
7050	8aa6802ffd200d9d8ebcf9a63f6e0372	167b32b8d80260358482a3d000a5d93c	146224bb4a8e351219efe8621ce1da67
7051	5561cc5af7dc230c0d5c6e2d5c2bf181	d05477f9fca06cbd4c97a0fa048ad529	f6cda8324b18840747bc20b339b87bcf
7052	a5b719e6572eb9c295721491606e24f3	a0ab20ae0816c4cff795923f191f2b16	267f09428df7180e6c2077218a834d8d
7053	a5b719e6572eb9c295721491606e24f3	a0ab20ae0816c4cff795923f191f2b16	267f09428df7180e6c2077218a834d8d
7054	a5b719e6572eb9c295721491606e24f3	a0ab20ae0816c4cff795923f191f2b16	267f09428df7180e6c2077218a834d8d
7055	a5b719e6572eb9c295721491606e24f3	a0ab20ae0816c4cff795923f191f2b16	267f09428df7180e6c2077218a834d8d
7056	a5b719e6572eb9c295721491606e24f3	a0ab20ae0816c4cff795923f191f2b16	267f09428df7180e6c2077218a834d8d
7057	a5b719e6572eb9c295721491606e24f3	a0ab20ae0816c4cff795923f191f2b16	267f09428df7180e6c2077218a834d8d
7058	a5b719e6572eb9c295721491606e24f3	a0ab20ae0816c4cff795923f191f2b16	267f09428df7180e6c2077218a834d8d
7059	96278b45122a0f3d5cbc8692aaf9f4fc	3998e9e4341210816199e7952b8615b0	6d7c65e60737d708aade5b86c6100583
7060	96278b45122a0f3d5cbc8692aaf9f4fc	3998e9e4341210816199e7952b8615b0	6d7c65e60737d708aade5b86c6100583
7061	96278b45122a0f3d5cbc8692aaf9f4fc	3998e9e4341210816199e7952b8615b0	6d7c65e60737d708aade5b86c6100583
7062	96278b45122a0f3d5cbc8692aaf9f4fc	3998e9e4341210816199e7952b8615b0	6d7c65e60737d708aade5b86c6100583
7063	96278b45122a0f3d5cbc8692aaf9f4fc	3998e9e4341210816199e7952b8615b0	6d7c65e60737d708aade5b86c6100583
7064	72cab4c1d74e2d8cc95d6bff117501b2	c6bed2d6e74bc28081ba039b6b2745d6	2a96aebed5402bae695b4152e1585f1b
7065	72cab4c1d74e2d8cc95d6bff117501b2	c6bed2d6e74bc28081ba039b6b2745d6	2a96aebed5402bae695b4152e1585f1b
7066	72cab4c1d74e2d8cc95d6bff117501b2	c6bed2d6e74bc28081ba039b6b2745d6	2a96aebed5402bae695b4152e1585f1b
7067	72cab4c1d74e2d8cc95d6bff117501b2	c6bed2d6e74bc28081ba039b6b2745d6	2a96aebed5402bae695b4152e1585f1b
7068	72cab4c1d74e2d8cc95d6bff117501b2	c6bed2d6e74bc28081ba039b6b2745d6	2a96aebed5402bae695b4152e1585f1b
7069	72cab4c1d74e2d8cc95d6bff117501b2	c6bed2d6e74bc28081ba039b6b2745d6	2a96aebed5402bae695b4152e1585f1b
7070	72cab4c1d74e2d8cc95d6bff117501b2	c6bed2d6e74bc28081ba039b6b2745d6	2a96aebed5402bae695b4152e1585f1b
7071	72cab4c1d74e2d8cc95d6bff117501b2	c6bed2d6e74bc28081ba039b6b2745d6	2a96aebed5402bae695b4152e1585f1b
7072	72cab4c1d74e2d8cc95d6bff117501b2	c6bed2d6e74bc28081ba039b6b2745d6	2a96aebed5402bae695b4152e1585f1b
7073	72cab4c1d74e2d8cc95d6bff117501b2	c6bed2d6e74bc28081ba039b6b2745d6	2a96aebed5402bae695b4152e1585f1b
7074	72cab4c1d74e2d8cc95d6bff117501b2	c6bed2d6e74bc28081ba039b6b2745d6	2a96aebed5402bae695b4152e1585f1b
7075	72cab4c1d74e2d8cc95d6bff117501b2	c6bed2d6e74bc28081ba039b6b2745d6	2a96aebed5402bae695b4152e1585f1b
7076	72cab4c1d74e2d8cc95d6bff117501b2	c6bed2d6e74bc28081ba039b6b2745d6	2a96aebed5402bae695b4152e1585f1b
7077	72cab4c1d74e2d8cc95d6bff117501b2	c6bed2d6e74bc28081ba039b6b2745d6	2a96aebed5402bae695b4152e1585f1b
7078	72cab4c1d74e2d8cc95d6bff117501b2	c6bed2d6e74bc28081ba039b6b2745d6	2a96aebed5402bae695b4152e1585f1b
7079	72cab4c1d74e2d8cc95d6bff117501b2	c6bed2d6e74bc28081ba039b6b2745d6	2a96aebed5402bae695b4152e1585f1b
7080	ad1a3f3c908dd74f259959b2f14ea17a	58243674058c7783d12f6d5da27fb828	cc295b864e7c023dff329c5c957a29a9
7081	8fcddd750e4973753e8410c586a262eb	8ba6987ae60014e91bcf5b058a8ccc61	157e4551069ee9bb69df6e3bb5c84fb4
7082	8fcddd750e4973753e8410c586a262eb	8ba6987ae60014e91bcf5b058a8ccc61	157e4551069ee9bb69df6e3bb5c84fb4
7083	8fcddd750e4973753e8410c586a262eb	8ba6987ae60014e91bcf5b058a8ccc61	157e4551069ee9bb69df6e3bb5c84fb4
7084	8fcddd750e4973753e8410c586a262eb	8ba6987ae60014e91bcf5b058a8ccc61	157e4551069ee9bb69df6e3bb5c84fb4
7085	8fcddd750e4973753e8410c586a262eb	8ba6987ae60014e91bcf5b058a8ccc61	157e4551069ee9bb69df6e3bb5c84fb4
7086	8fcddd750e4973753e8410c586a262eb	8ba6987ae60014e91bcf5b058a8ccc61	157e4551069ee9bb69df6e3bb5c84fb4
7087	8fcddd750e4973753e8410c586a262eb	8ba6987ae60014e91bcf5b058a8ccc61	157e4551069ee9bb69df6e3bb5c84fb4
7088	2198cb670bbf6db2d549b1347c515e8b	604c8e730edc62f1e0c024ca000637e4	1c23e61b2ebc640522dd0e12ec3c010a
7089	5fdda0d93abc347b5c0241f689d0e5f2	e441af386a199a50276fba9c850aed48	87e0228b3a988df6ac1a90cbfa699e8a
7090	5fdda0d93abc347b5c0241f689d0e5f2	e441af386a199a50276fba9c850aed48	87e0228b3a988df6ac1a90cbfa699e8a
7091	840760b73e866511bc3b9c002db8628f	16caa8f42815e48ea955efa305faad92	88bdd0181c335ec4815a255993caf00c
7092	840760b73e866511bc3b9c002db8628f	16caa8f42815e48ea955efa305faad92	88bdd0181c335ec4815a255993caf00c
7093	39bfecbf0c2e37330f4e4675af55d21b	5497f5df94aaf240f8ef0c01e923f944	136a4ac60924dd9d043ad15bcf2f46f6
7094	39bfecbf0c2e37330f4e4675af55d21b	5497f5df94aaf240f8ef0c01e923f944	136a4ac60924dd9d043ad15bcf2f46f6
7095	39bfecbf0c2e37330f4e4675af55d21b	5497f5df94aaf240f8ef0c01e923f944	136a4ac60924dd9d043ad15bcf2f46f6
7096	39bfecbf0c2e37330f4e4675af55d21b	5497f5df94aaf240f8ef0c01e923f944	136a4ac60924dd9d043ad15bcf2f46f6
7097	39bfecbf0c2e37330f4e4675af55d21b	5497f5df94aaf240f8ef0c01e923f944	136a4ac60924dd9d043ad15bcf2f46f6
7098	2acd62493c284d5216264a272add6155	0d701586db98caa1fffced0aa4c6ff6b	996e95bc5564b85acae71c89367e62bd
7099	39bfecbf0c2e37330f4e4675af55d21b	5497f5df94aaf240f8ef0c01e923f944	136a4ac60924dd9d043ad15bcf2f46f6
7100	44d33d5b9373ee100e8190728fcc9600	abdd638b80280c774d0c275c589a89de	be9f14ab1ba5b379dcb0bea8989abbd3
7101	44d33d5b9373ee100e8190728fcc9600	abdd638b80280c774d0c275c589a89de	be9f14ab1ba5b379dcb0bea8989abbd3
7102	44d33d5b9373ee100e8190728fcc9600	abdd638b80280c774d0c275c589a89de	be9f14ab1ba5b379dcb0bea8989abbd3
7103	7aa3302f807a9138ce4301780fcff542	07d8298bf889a1ed2d53f998ca421f8f	a517b45576831fd5e24b6174a9abcd00
7104	7aa3302f807a9138ce4301780fcff542	07d8298bf889a1ed2d53f998ca421f8f	a517b45576831fd5e24b6174a9abcd00
7105	da171eeb365195a4fde3974e9bee7f24	35080331be52225a89240261789047cd	e0d35f512ab5cff871a63770a324a627
7106	da171eeb365195a4fde3974e9bee7f24	35080331be52225a89240261789047cd	e0d35f512ab5cff871a63770a324a627
7107	da171eeb365195a4fde3974e9bee7f24	35080331be52225a89240261789047cd	e0d35f512ab5cff871a63770a324a627
7108	da171eeb365195a4fde3974e9bee7f24	35080331be52225a89240261789047cd	e0d35f512ab5cff871a63770a324a627
7109	da171eeb365195a4fde3974e9bee7f24	35080331be52225a89240261789047cd	e0d35f512ab5cff871a63770a324a627
7110	da171eeb365195a4fde3974e9bee7f24	35080331be52225a89240261789047cd	e0d35f512ab5cff871a63770a324a627
7111	da171eeb365195a4fde3974e9bee7f24	35080331be52225a89240261789047cd	e0d35f512ab5cff871a63770a324a627
7112	508c7ca3c25c43fcfc2cf66359f6a052	0f94162c97c65ac55917e3551598b8b1	bb79aab5d3148b39fd0b43f4dd08fc0d
7113	508c7ca3c25c43fcfc2cf66359f6a052	0f94162c97c65ac55917e3551598b8b1	bb79aab5d3148b39fd0b43f4dd08fc0d
7114	508c7ca3c25c43fcfc2cf66359f6a052	0f94162c97c65ac55917e3551598b8b1	bb79aab5d3148b39fd0b43f4dd08fc0d
7115	508c7ca3c25c43fcfc2cf66359f6a052	0f94162c97c65ac55917e3551598b8b1	bb79aab5d3148b39fd0b43f4dd08fc0d
7116	508c7ca3c25c43fcfc2cf66359f6a052	0f94162c97c65ac55917e3551598b8b1	bb79aab5d3148b39fd0b43f4dd08fc0d
7117	508c7ca3c25c43fcfc2cf66359f6a052	0f94162c97c65ac55917e3551598b8b1	bb79aab5d3148b39fd0b43f4dd08fc0d
7118	508c7ca3c25c43fcfc2cf66359f6a052	0f94162c97c65ac55917e3551598b8b1	bb79aab5d3148b39fd0b43f4dd08fc0d
7119	508c7ca3c25c43fcfc2cf66359f6a052	0f94162c97c65ac55917e3551598b8b1	bb79aab5d3148b39fd0b43f4dd08fc0d
7120	508c7ca3c25c43fcfc2cf66359f6a052	0f94162c97c65ac55917e3551598b8b1	bb79aab5d3148b39fd0b43f4dd08fc0d
7121	508c7ca3c25c43fcfc2cf66359f6a052	0f94162c97c65ac55917e3551598b8b1	bb79aab5d3148b39fd0b43f4dd08fc0d
7122	fce6c08f5bbd8b838b5db09e1121acae	f0869c03db0eeecf987b40a16a935f06	4cfb2f562a00ab3154689fe244d3bdae
7123	fce6c08f5bbd8b838b5db09e1121acae	f0869c03db0eeecf987b40a16a935f06	4cfb2f562a00ab3154689fe244d3bdae
7124	fce6c08f5bbd8b838b5db09e1121acae	f0869c03db0eeecf987b40a16a935f06	4cfb2f562a00ab3154689fe244d3bdae
7125	fce6c08f5bbd8b838b5db09e1121acae	f0869c03db0eeecf987b40a16a935f06	4cfb2f562a00ab3154689fe244d3bdae
7126	fce6c08f5bbd8b838b5db09e1121acae	f0869c03db0eeecf987b40a16a935f06	4cfb2f562a00ab3154689fe244d3bdae
7127	fce6c08f5bbd8b838b5db09e1121acae	f0869c03db0eeecf987b40a16a935f06	4cfb2f562a00ab3154689fe244d3bdae
7128	fce6c08f5bbd8b838b5db09e1121acae	f0869c03db0eeecf987b40a16a935f06	4cfb2f562a00ab3154689fe244d3bdae
7129	861ebb59a3b5da96a40911bc3b723e01	f305e3a08e3223a19c5bcf62363ba8a2	19095eff24b527c90d05e03d4b2cb359
7130	861ebb59a3b5da96a40911bc3b723e01	f305e3a08e3223a19c5bcf62363ba8a2	19095eff24b527c90d05e03d4b2cb359
7131	861ebb59a3b5da96a40911bc3b723e01	f305e3a08e3223a19c5bcf62363ba8a2	19095eff24b527c90d05e03d4b2cb359
7132	861ebb59a3b5da96a40911bc3b723e01	f305e3a08e3223a19c5bcf62363ba8a2	19095eff24b527c90d05e03d4b2cb359
7133	861ebb59a3b5da96a40911bc3b723e01	f305e3a08e3223a19c5bcf62363ba8a2	19095eff24b527c90d05e03d4b2cb359
7134	eec82ffe3752a2e5e34186520e936adf	19e5cd766a1ec6be159dbacac690e378	ea35d3d631c9383387aa849406f5f705
7135	eec82ffe3752a2e5e34186520e936adf	19e5cd766a1ec6be159dbacac690e378	ea35d3d631c9383387aa849406f5f705
7136	eec82ffe3752a2e5e34186520e936adf	19e5cd766a1ec6be159dbacac690e378	ea35d3d631c9383387aa849406f5f705
7137	eec82ffe3752a2e5e34186520e936adf	19e5cd766a1ec6be159dbacac690e378	ea35d3d631c9383387aa849406f5f705
7138	eec82ffe3752a2e5e34186520e936adf	19e5cd766a1ec6be159dbacac690e378	ea35d3d631c9383387aa849406f5f705
7139	eec82ffe3752a2e5e34186520e936adf	19e5cd766a1ec6be159dbacac690e378	ea35d3d631c9383387aa849406f5f705
7140	eec82ffe3752a2e5e34186520e936adf	19e5cd766a1ec6be159dbacac690e378	ea35d3d631c9383387aa849406f5f705
7141	d6489d571ca0f815d91cdf1102fb8856	4bea273c9b58083bb6981f1c9ba40655	3e5b563d1473b393e6f68f9b13176cb2
7142	d6489d571ca0f815d91cdf1102fb8856	4bea273c9b58083bb6981f1c9ba40655	3e5b563d1473b393e6f68f9b13176cb2
7143	d6489d571ca0f815d91cdf1102fb8856	4bea273c9b58083bb6981f1c9ba40655	3e5b563d1473b393e6f68f9b13176cb2
7144	d6489d571ca0f815d91cdf1102fb8856	4bea273c9b58083bb6981f1c9ba40655	3e5b563d1473b393e6f68f9b13176cb2
7145	d6489d571ca0f815d91cdf1102fb8856	4bea273c9b58083bb6981f1c9ba40655	3e5b563d1473b393e6f68f9b13176cb2
7146	e9fea9285261cf4f3869797052e823c2	b4037d57a5b64504bc5bb49e47e002bd	672025cdbdb171c6dc91c5287c918b36
7147	6f6378284498ab37b8f6fae7c916a8dc	6791906ce83293cfb7e730d42c278b8a	84e5636e49522cc32bf98450905336c6
7148	e9fea9285261cf4f3869797052e823c2	b4037d57a5b64504bc5bb49e47e002bd	672025cdbdb171c6dc91c5287c918b36
7149	464366b0b5ee67a8c5efa9e652de8943	65c9b761c1d083ca8261decf7d4b8179	3428f3225fca806c9cd576dc17c679a6
7150	464366b0b5ee67a8c5efa9e652de8943	65c9b761c1d083ca8261decf7d4b8179	3428f3225fca806c9cd576dc17c679a6
7151	dfa8bc8426578a3dad846e0b3726dd4d	adb2e148b65835d5efa38df05e9b740e	aa1a8f21d54d22a8fed7c941ff4bf67a
7152	dfa8bc8426578a3dad846e0b3726dd4d	adb2e148b65835d5efa38df05e9b740e	aa1a8f21d54d22a8fed7c941ff4bf67a
7153	dfa8bc8426578a3dad846e0b3726dd4d	adb2e148b65835d5efa38df05e9b740e	aa1a8f21d54d22a8fed7c941ff4bf67a
7154	dfa8bc8426578a3dad846e0b3726dd4d	adb2e148b65835d5efa38df05e9b740e	aa1a8f21d54d22a8fed7c941ff4bf67a
7155	dfa8bc8426578a3dad846e0b3726dd4d	adb2e148b65835d5efa38df05e9b740e	aa1a8f21d54d22a8fed7c941ff4bf67a
7156	dfa8bc8426578a3dad846e0b3726dd4d	adb2e148b65835d5efa38df05e9b740e	aa1a8f21d54d22a8fed7c941ff4bf67a
7157	dfa8bc8426578a3dad846e0b3726dd4d	adb2e148b65835d5efa38df05e9b740e	aa1a8f21d54d22a8fed7c941ff4bf67a
7158	b88078425e7fbb2244a4dd83e4e11a03	b2d5b0c6cc8641ff2595d12a49f16125	22b4532e341651d198bd734f4969f9ef
7159	b88078425e7fbb2244a4dd83e4e11a03	b2d5b0c6cc8641ff2595d12a49f16125	22b4532e341651d198bd734f4969f9ef
7160	b88078425e7fbb2244a4dd83e4e11a03	b2d5b0c6cc8641ff2595d12a49f16125	22b4532e341651d198bd734f4969f9ef
7161	b88078425e7fbb2244a4dd83e4e11a03	b2d5b0c6cc8641ff2595d12a49f16125	22b4532e341651d198bd734f4969f9ef
7162	b88078425e7fbb2244a4dd83e4e11a03	b2d5b0c6cc8641ff2595d12a49f16125	22b4532e341651d198bd734f4969f9ef
7163	6183bf9b0360248ccd94063d239bc951	9a1d9ca863f2a1be9063538da1aedbcd	19217b9a5f7f5401c1bcf55e9d8a6c2a
7164	6183bf9b0360248ccd94063d239bc951	9a1d9ca863f2a1be9063538da1aedbcd	19217b9a5f7f5401c1bcf55e9d8a6c2a
7165	6183bf9b0360248ccd94063d239bc951	9a1d9ca863f2a1be9063538da1aedbcd	19217b9a5f7f5401c1bcf55e9d8a6c2a
7166	ca5079906bfc9c787568d65230bb40b0	d1201ce8f08ca7294e0f11c739c39b9d	be87115c1f013a1ec559c1af1024237d
7167	45b5ce9b9e26daec3011db1271e19c01	2af3ad23f3a8bd0fe38e7eb996eb1688	ef7d59a4ef35b800e2d8cfbebd6ccd0c
7168	49b2ddd564d6ff3272e8c864cf0aa6c3	e1996518f4b509b6e55c907e31a02a3c	79561e048f5376b5ef58f0e0b989404f
7169	49b2ddd564d6ff3272e8c864cf0aa6c3	e1996518f4b509b6e55c907e31a02a3c	79561e048f5376b5ef58f0e0b989404f
7170	7a687e24aa7e25f0ba9263a7ca1a52ea	2ed8e5b4ef59403225f2165c1d808d1b	afb18bf2dbeffced1c0c958f3c903d0a
7171	7a687e24aa7e25f0ba9263a7ca1a52ea	2ed8e5b4ef59403225f2165c1d808d1b	afb18bf2dbeffced1c0c958f3c903d0a
7172	7a687e24aa7e25f0ba9263a7ca1a52ea	2ed8e5b4ef59403225f2165c1d808d1b	afb18bf2dbeffced1c0c958f3c903d0a
7173	812088a39d0a6d694ca0c5873622bcad	95c26114431ef6e546ae479619cf70db	4eafd2c53239904d495e431bf4598036
7174	7a687e24aa7e25f0ba9263a7ca1a52ea	2ed8e5b4ef59403225f2165c1d808d1b	afb18bf2dbeffced1c0c958f3c903d0a
7175	8fc105455f67666492d459667b7784ed	1b1286ac17558d59eb38194fcb4fd6d9	2802bcb3c79d2526c2859fe5d7b2bd19
7176	8fc105455f67666492d459667b7784ed	1b1286ac17558d59eb38194fcb4fd6d9	2802bcb3c79d2526c2859fe5d7b2bd19
7177	8fc105455f67666492d459667b7784ed	1b1286ac17558d59eb38194fcb4fd6d9	2802bcb3c79d2526c2859fe5d7b2bd19
7178	8fc105455f67666492d459667b7784ed	1b1286ac17558d59eb38194fcb4fd6d9	2802bcb3c79d2526c2859fe5d7b2bd19
7179	8fc105455f67666492d459667b7784ed	1b1286ac17558d59eb38194fcb4fd6d9	2802bcb3c79d2526c2859fe5d7b2bd19
7180	8fc105455f67666492d459667b7784ed	1b1286ac17558d59eb38194fcb4fd6d9	2802bcb3c79d2526c2859fe5d7b2bd19
7181	8fc105455f67666492d459667b7784ed	1b1286ac17558d59eb38194fcb4fd6d9	2802bcb3c79d2526c2859fe5d7b2bd19
7182	8fc105455f67666492d459667b7784ed	1b1286ac17558d59eb38194fcb4fd6d9	2802bcb3c79d2526c2859fe5d7b2bd19
7183	8fc105455f67666492d459667b7784ed	1b1286ac17558d59eb38194fcb4fd6d9	2802bcb3c79d2526c2859fe5d7b2bd19
7184	8fc105455f67666492d459667b7784ed	1b1286ac17558d59eb38194fcb4fd6d9	2802bcb3c79d2526c2859fe5d7b2bd19
7185	8fc105455f67666492d459667b7784ed	1b1286ac17558d59eb38194fcb4fd6d9	2802bcb3c79d2526c2859fe5d7b2bd19
7186	8fc105455f67666492d459667b7784ed	1b1286ac17558d59eb38194fcb4fd6d9	2802bcb3c79d2526c2859fe5d7b2bd19
7187	96cb5a70cd11e96c9be53c482398320d	d15998622de6bbf25ce0245797ab3a63	b7f72178dd23a1c3452919bcac28e342
7188	96cb5a70cd11e96c9be53c482398320d	d15998622de6bbf25ce0245797ab3a63	b7f72178dd23a1c3452919bcac28e342
7189	96cb5a70cd11e96c9be53c482398320d	d15998622de6bbf25ce0245797ab3a63	b7f72178dd23a1c3452919bcac28e342
7190	96cb5a70cd11e96c9be53c482398320d	d15998622de6bbf25ce0245797ab3a63	b7f72178dd23a1c3452919bcac28e342
7191	96cb5a70cd11e96c9be53c482398320d	d15998622de6bbf25ce0245797ab3a63	b7f72178dd23a1c3452919bcac28e342
7192	1284ba34bb0065008b304eea5633d58f	1981bdafeec2860c0d5940475fb7eaa5	79d4e518024ad98420e5ba68a18be4e8
7193	1284ba34bb0065008b304eea5633d58f	1981bdafeec2860c0d5940475fb7eaa5	79d4e518024ad98420e5ba68a18be4e8
7194	1284ba34bb0065008b304eea5633d58f	1981bdafeec2860c0d5940475fb7eaa5	79d4e518024ad98420e5ba68a18be4e8
7195	1284ba34bb0065008b304eea5633d58f	1981bdafeec2860c0d5940475fb7eaa5	79d4e518024ad98420e5ba68a18be4e8
7196	1284ba34bb0065008b304eea5633d58f	1981bdafeec2860c0d5940475fb7eaa5	79d4e518024ad98420e5ba68a18be4e8
7197	1284ba34bb0065008b304eea5633d58f	1981bdafeec2860c0d5940475fb7eaa5	79d4e518024ad98420e5ba68a18be4e8
7198	1284ba34bb0065008b304eea5633d58f	1981bdafeec2860c0d5940475fb7eaa5	79d4e518024ad98420e5ba68a18be4e8
7199	1284ba34bb0065008b304eea5633d58f	1981bdafeec2860c0d5940475fb7eaa5	79d4e518024ad98420e5ba68a18be4e8
7200	1284ba34bb0065008b304eea5633d58f	1981bdafeec2860c0d5940475fb7eaa5	79d4e518024ad98420e5ba68a18be4e8
7201	1284ba34bb0065008b304eea5633d58f	1981bdafeec2860c0d5940475fb7eaa5	79d4e518024ad98420e5ba68a18be4e8
7202	1284ba34bb0065008b304eea5633d58f	1981bdafeec2860c0d5940475fb7eaa5	79d4e518024ad98420e5ba68a18be4e8
7203	1284ba34bb0065008b304eea5633d58f	1981bdafeec2860c0d5940475fb7eaa5	79d4e518024ad98420e5ba68a18be4e8
7204	ceb5d3c2827f432be5eefca272a25d09	286c9b0d1544b2ca3b4e0ab8ed0fae92	b0f340e2363c9b2b75edc674ce965e29
7205	ceb5d3c2827f432be5eefca272a25d09	286c9b0d1544b2ca3b4e0ab8ed0fae92	b0f340e2363c9b2b75edc674ce965e29
7206	ceb5d3c2827f432be5eefca272a25d09	286c9b0d1544b2ca3b4e0ab8ed0fae92	b0f340e2363c9b2b75edc674ce965e29
7207	ceb5d3c2827f432be5eefca272a25d09	286c9b0d1544b2ca3b4e0ab8ed0fae92	b0f340e2363c9b2b75edc674ce965e29
7208	ceb5d3c2827f432be5eefca272a25d09	286c9b0d1544b2ca3b4e0ab8ed0fae92	b0f340e2363c9b2b75edc674ce965e29
7209	ceb5d3c2827f432be5eefca272a25d09	286c9b0d1544b2ca3b4e0ab8ed0fae92	b0f340e2363c9b2b75edc674ce965e29
7210	ceb5d3c2827f432be5eefca272a25d09	286c9b0d1544b2ca3b4e0ab8ed0fae92	b0f340e2363c9b2b75edc674ce965e29
7211	f5c4e0b752bb0b20d161aee11d2fe795	cf6f9c7ba1e928320500950f35e22e45	2f6829cd3f44608ef3557b53dba8984b
7212	f5c4e0b752bb0b20d161aee11d2fe795	cf6f9c7ba1e928320500950f35e22e45	2f6829cd3f44608ef3557b53dba8984b
7213	f5c4e0b752bb0b20d161aee11d2fe795	cf6f9c7ba1e928320500950f35e22e45	2f6829cd3f44608ef3557b53dba8984b
7214	c58f2fa5a7f870bed1c3b291a811bb02	5e09d8b1c782e4236a443429187384aa	1e4c9d01a67c239b67d81f55d661847a
7215	c58f2fa5a7f870bed1c3b291a811bb02	5e09d8b1c782e4236a443429187384aa	1e4c9d01a67c239b67d81f55d661847a
7216	f5c4e0b752bb0b20d161aee11d2fe795	cf6f9c7ba1e928320500950f35e22e45	2f6829cd3f44608ef3557b53dba8984b
7217	f5c4e0b752bb0b20d161aee11d2fe795	cf6f9c7ba1e928320500950f35e22e45	2f6829cd3f44608ef3557b53dba8984b
7218	f5c4e0b752bb0b20d161aee11d2fe795	cf6f9c7ba1e928320500950f35e22e45	2f6829cd3f44608ef3557b53dba8984b
7219	438414542d0b40ff4d2a66a0502e7367	62cf1c98394ad149c642222b759adde9	743c6783d5fd848fdb9e6b4ad8c92e7c
7220	a1f633795eed074e61c20c413aa1b648	c8a000ae6098ac08c3da4ebdd63547f0	48e7d91cecefceb427edbf9369501aa7
7221	d79a868b7efe5223ad83345a7e66c112	e8cc19974371bf21a63bbd6549ddf1db	8dc910011addbabca409cd7c4edef7f4
7222	d79a868b7efe5223ad83345a7e66c112	e8cc19974371bf21a63bbd6549ddf1db	8dc910011addbabca409cd7c4edef7f4
7223	d79a868b7efe5223ad83345a7e66c112	e8cc19974371bf21a63bbd6549ddf1db	8dc910011addbabca409cd7c4edef7f4
7224	d79a868b7efe5223ad83345a7e66c112	e8cc19974371bf21a63bbd6549ddf1db	8dc910011addbabca409cd7c4edef7f4
7225	d79a868b7efe5223ad83345a7e66c112	e8cc19974371bf21a63bbd6549ddf1db	8dc910011addbabca409cd7c4edef7f4
7226	d79a868b7efe5223ad83345a7e66c112	e8cc19974371bf21a63bbd6549ddf1db	8dc910011addbabca409cd7c4edef7f4
7227	d79a868b7efe5223ad83345a7e66c112	e8cc19974371bf21a63bbd6549ddf1db	8dc910011addbabca409cd7c4edef7f4
7228	2fc416987c49487ec0ee8723469d4937	af62f994fe733ee22d97b7a549bf77d2	eabcb2476bd65ea2f4ef7e359d19138b
7229	6d2905267d56015cc4d9a7a9533c3e3e	89a9ed419934125843bfe403e78545c8	c81c98744c30decc460cf3513b8655b1
7230	fe36a79e1b89e0102a6e1f098b1dc7b8	734168fbae4894b49f28e966e804b3c9	0582ddb1c89a2546637a0b6aa64840c8
7231	2e98a6cbbdc53939715986624daa6809	2addbcc716dcbbd6b2f89a17c9934b52	e6ec7741238d66d42a9aa398633f3a0f
7232	bf5568bf5dc1796c3ec5246defc005d3	873153674a83951aea44fec701c10540	bc10ae29db4eaaaee2ecc4e105d4fbe9
7233	79cffa0e4e9389c64430a0ed687323c6	21e2d83010b59290c2467ff705091f30	2ca795e8d1be3dd63fc0ee239c7ee024
7234	79cffa0e4e9389c64430a0ed687323c6	21e2d83010b59290c2467ff705091f30	2ca795e8d1be3dd63fc0ee239c7ee024
7235	79cffa0e4e9389c64430a0ed687323c6	21e2d83010b59290c2467ff705091f30	2ca795e8d1be3dd63fc0ee239c7ee024
7236	79cffa0e4e9389c64430a0ed687323c6	21e2d83010b59290c2467ff705091f30	2ca795e8d1be3dd63fc0ee239c7ee024
7237	79cffa0e4e9389c64430a0ed687323c6	21e2d83010b59290c2467ff705091f30	2ca795e8d1be3dd63fc0ee239c7ee024
7238	79cffa0e4e9389c64430a0ed687323c6	21e2d83010b59290c2467ff705091f30	2ca795e8d1be3dd63fc0ee239c7ee024
7239	79cffa0e4e9389c64430a0ed687323c6	21e2d83010b59290c2467ff705091f30	2ca795e8d1be3dd63fc0ee239c7ee024
7240	79cffa0e4e9389c64430a0ed687323c6	21e2d83010b59290c2467ff705091f30	2ca795e8d1be3dd63fc0ee239c7ee024
7241	79cffa0e4e9389c64430a0ed687323c6	21e2d83010b59290c2467ff705091f30	2ca795e8d1be3dd63fc0ee239c7ee024
7242	79cffa0e4e9389c64430a0ed687323c6	21e2d83010b59290c2467ff705091f30	2ca795e8d1be3dd63fc0ee239c7ee024
7243	79cffa0e4e9389c64430a0ed687323c6	21e2d83010b59290c2467ff705091f30	2ca795e8d1be3dd63fc0ee239c7ee024
7244	79cffa0e4e9389c64430a0ed687323c6	21e2d83010b59290c2467ff705091f30	2ca795e8d1be3dd63fc0ee239c7ee024
7245	79cffa0e4e9389c64430a0ed687323c6	21e2d83010b59290c2467ff705091f30	2ca795e8d1be3dd63fc0ee239c7ee024
7246	79cffa0e4e9389c64430a0ed687323c6	21e2d83010b59290c2467ff705091f30	2ca795e8d1be3dd63fc0ee239c7ee024
7247	79cffa0e4e9389c64430a0ed687323c6	21e2d83010b59290c2467ff705091f30	2ca795e8d1be3dd63fc0ee239c7ee024
7248	79cffa0e4e9389c64430a0ed687323c6	21e2d83010b59290c2467ff705091f30	2ca795e8d1be3dd63fc0ee239c7ee024
7249	79cffa0e4e9389c64430a0ed687323c6	21e2d83010b59290c2467ff705091f30	2ca795e8d1be3dd63fc0ee239c7ee024
7250	4502b5c9b4b850d1add4bc6d88a78641	6db290b26a84330eb9928008ffedeec9	d3e92d0a8118d6ed725f9e37852b94e0
7251	4502b5c9b4b850d1add4bc6d88a78641	6db290b26a84330eb9928008ffedeec9	d3e92d0a8118d6ed725f9e37852b94e0
7252	4502b5c9b4b850d1add4bc6d88a78641	6db290b26a84330eb9928008ffedeec9	d3e92d0a8118d6ed725f9e37852b94e0
7253	f9be261d6b6dd9b8948d9f908e4a2375	425f9dad5c443f6c5592a0991ff653f2	d2b432ba4beb45179e0defabb100af4b
7254	238da8bb95c8c5013607f1902f694999	c77c507634cad940c7ab319f38b4b93c	f9c45de385b76ef3eccc00dd882ec8e5
7255	5e3ad5043a026fce489000314a563cf5	f893338d07a30e9d3546033dfbe8f961	74c94d8ff0421d0cd0ea0b427f0b1c94
7256	5e3ad5043a026fce489000314a563cf5	f893338d07a30e9d3546033dfbe8f961	74c94d8ff0421d0cd0ea0b427f0b1c94
7257	ca39291439f13c7c0ef0f47da2cb62a4	231f223cc4103ee35158dfe5be0d8188	81ac541590a378478a15f6ce50d32e98
7258	ca39291439f13c7c0ef0f47da2cb62a4	231f223cc4103ee35158dfe5be0d8188	81ac541590a378478a15f6ce50d32e98
7259	ca39291439f13c7c0ef0f47da2cb62a4	231f223cc4103ee35158dfe5be0d8188	81ac541590a378478a15f6ce50d32e98
7260	ca39291439f13c7c0ef0f47da2cb62a4	231f223cc4103ee35158dfe5be0d8188	81ac541590a378478a15f6ce50d32e98
7261	ca39291439f13c7c0ef0f47da2cb62a4	231f223cc4103ee35158dfe5be0d8188	81ac541590a378478a15f6ce50d32e98
7262	2f656539c902a9ad124ad9c45f531b4b	2d15b740f98448650288e62f9be7d286	e6115fa176253f94cc4745b24a74e8e5
7263	2f656539c902a9ad124ad9c45f531b4b	2d15b740f98448650288e62f9be7d286	e6115fa176253f94cc4745b24a74e8e5
7264	2f656539c902a9ad124ad9c45f531b4b	2d15b740f98448650288e62f9be7d286	e6115fa176253f94cc4745b24a74e8e5
7265	2f656539c902a9ad124ad9c45f531b4b	2d15b740f98448650288e62f9be7d286	e6115fa176253f94cc4745b24a74e8e5
7266	2f656539c902a9ad124ad9c45f531b4b	2d15b740f98448650288e62f9be7d286	e6115fa176253f94cc4745b24a74e8e5
7267	2f656539c902a9ad124ad9c45f531b4b	2d15b740f98448650288e62f9be7d286	e6115fa176253f94cc4745b24a74e8e5
7268	2f656539c902a9ad124ad9c45f531b4b	2d15b740f98448650288e62f9be7d286	e6115fa176253f94cc4745b24a74e8e5
7269	c2e2c769490e0793bcf1558ec47d8db2	39b206e0b60ee93f7744433ced660711	8ab6c51cc31d5f503dd42410c92334a8
7270	c2e2c769490e0793bcf1558ec47d8db2	39b206e0b60ee93f7744433ced660711	8ab6c51cc31d5f503dd42410c92334a8
7271	c2e2c769490e0793bcf1558ec47d8db2	39b206e0b60ee93f7744433ced660711	8ab6c51cc31d5f503dd42410c92334a8
7272	c2e2c769490e0793bcf1558ec47d8db2	39b206e0b60ee93f7744433ced660711	8ab6c51cc31d5f503dd42410c92334a8
7273	c2e2c769490e0793bcf1558ec47d8db2	39b206e0b60ee93f7744433ced660711	8ab6c51cc31d5f503dd42410c92334a8
7274	f7a0bb407eca4321a1cb3964056ee57e	1106de9e45d38c5263261c401b444279	fe02f04158ceebb7497785eaea1aebe2
7275	f7a0bb407eca4321a1cb3964056ee57e	1106de9e45d38c5263261c401b444279	fe02f04158ceebb7497785eaea1aebe2
7276	f7a0bb407eca4321a1cb3964056ee57e	1106de9e45d38c5263261c401b444279	fe02f04158ceebb7497785eaea1aebe2
7277	f7a0bb407eca4321a1cb3964056ee57e	1106de9e45d38c5263261c401b444279	fe02f04158ceebb7497785eaea1aebe2
7278	f7a0bb407eca4321a1cb3964056ee57e	1106de9e45d38c5263261c401b444279	fe02f04158ceebb7497785eaea1aebe2
7279	f7a0bb407eca4321a1cb3964056ee57e	1106de9e45d38c5263261c401b444279	fe02f04158ceebb7497785eaea1aebe2
7280	f7a0bb407eca4321a1cb3964056ee57e	1106de9e45d38c5263261c401b444279	fe02f04158ceebb7497785eaea1aebe2
7281	4769e59277d3c93df5b7372b75f02aa0	6cfa64f0f8c6bad9148809a08bf18c18	d3786ccd1d2c1ed56a54dfe6547aab48
7282	4769e59277d3c93df5b7372b75f02aa0	6cfa64f0f8c6bad9148809a08bf18c18	d3786ccd1d2c1ed56a54dfe6547aab48
7283	4769e59277d3c93df5b7372b75f02aa0	6cfa64f0f8c6bad9148809a08bf18c18	d3786ccd1d2c1ed56a54dfe6547aab48
7284	4769e59277d3c93df5b7372b75f02aa0	6cfa64f0f8c6bad9148809a08bf18c18	d3786ccd1d2c1ed56a54dfe6547aab48
7285	4769e59277d3c93df5b7372b75f02aa0	6cfa64f0f8c6bad9148809a08bf18c18	d3786ccd1d2c1ed56a54dfe6547aab48
7286	e20f00b6bd9fb6c1decf46f0a876b768	9145e0e885b33d18739123814d6ba492	68663377c4c88bb208ae56b060114d65
7287	e20f00b6bd9fb6c1decf46f0a876b768	9145e0e885b33d18739123814d6ba492	68663377c4c88bb208ae56b060114d65
7288	e20f00b6bd9fb6c1decf46f0a876b768	9145e0e885b33d18739123814d6ba492	68663377c4c88bb208ae56b060114d65
7289	9daeb6ea8455a21b9c482978ae0b67e3	e16bb44e86558bd6dffef87bbef20ba1	e383ff40980b619fd0742191a2482c2d
7290	3f255a430fc06d2c97f6b26164e52f30	25571226aed71352fa05a2b7abbac285	0bf8120d7ef1362f933f2992d1c36979
7291	ad9deb432d4320f06d5f4ff7c0b57f69	1dd533bde34e659399c86f82ce239f37	d46094bcefedbadd4ddf255535fb5d4a
7292	ad9deb432d4320f06d5f4ff7c0b57f69	1dd533bde34e659399c86f82ce239f37	d46094bcefedbadd4ddf255535fb5d4a
7293	ad9deb432d4320f06d5f4ff7c0b57f69	1dd533bde34e659399c86f82ce239f37	d46094bcefedbadd4ddf255535fb5d4a
7294	8ccf730967d91f047726a1dd37c71a14	e763c06c1cac2b850490fc701e3b76c8	c86e86be42274a8bf1da7842314b82f2
7295	8ccf730967d91f047726a1dd37c71a14	e763c06c1cac2b850490fc701e3b76c8	c86e86be42274a8bf1da7842314b82f2
7296	62b31b03be9331fcac77bee7d8c37e9b	a8fecb2239176cddcd446d3469bc3f73	385e23c8ab20f95fa1725c861f1a084f
7297	62b31b03be9331fcac77bee7d8c37e9b	62f675e0d77bd50212b444f6c1538890	7e7a86fbf55417b9a3d63e478f42897a
7298	5cda880bbf8243ad977f7c4dfd09e208	cdd6ffb2d7ab4caf1ad1dc6fd4f18228	9240cfa2ef29860fd60ae72dac3afea4
7299	5cda880bbf8243ad977f7c4dfd09e208	cdd6ffb2d7ab4caf1ad1dc6fd4f18228	9240cfa2ef29860fd60ae72dac3afea4
7300	5cda880bbf8243ad977f7c4dfd09e208	cdd6ffb2d7ab4caf1ad1dc6fd4f18228	9240cfa2ef29860fd60ae72dac3afea4
7301	5cda880bbf8243ad977f7c4dfd09e208	cdd6ffb2d7ab4caf1ad1dc6fd4f18228	9240cfa2ef29860fd60ae72dac3afea4
7302	5cda880bbf8243ad977f7c4dfd09e208	cdd6ffb2d7ab4caf1ad1dc6fd4f18228	9240cfa2ef29860fd60ae72dac3afea4
7303	2b20d86fe8967a63e3c8c1bb1be9befb	214aa8ba5906dfebc56363b1b023e8cc	3a39d5087ae4758a78aa8499ee6c15c3
7304	2b20d86fe8967a63e3c8c1bb1be9befb	214aa8ba5906dfebc56363b1b023e8cc	3a39d5087ae4758a78aa8499ee6c15c3
7305	2b20d86fe8967a63e3c8c1bb1be9befb	214aa8ba5906dfebc56363b1b023e8cc	3a39d5087ae4758a78aa8499ee6c15c3
7306	2b20d86fe8967a63e3c8c1bb1be9befb	214aa8ba5906dfebc56363b1b023e8cc	3a39d5087ae4758a78aa8499ee6c15c3
7307	2b20d86fe8967a63e3c8c1bb1be9befb	214aa8ba5906dfebc56363b1b023e8cc	3a39d5087ae4758a78aa8499ee6c15c3
7308	2b20d86fe8967a63e3c8c1bb1be9befb	214aa8ba5906dfebc56363b1b023e8cc	3a39d5087ae4758a78aa8499ee6c15c3
7309	2b20d86fe8967a63e3c8c1bb1be9befb	214aa8ba5906dfebc56363b1b023e8cc	3a39d5087ae4758a78aa8499ee6c15c3
7310	06f49f0163a92c6c620a6dabfcf0385d	aed8f513db4198ee02fd0419eb1542d1	1d1eb9bdd5990f9cc67bbe5b47c3366e
7311	098021baadacba3679a8158458ae2412	4c0dd5f13dff29c454b4b55f10acb2f3	c472ce47cb39b54dab2309f25889cac8
7312	098021baadacba3679a8158458ae2412	4c0dd5f13dff29c454b4b55f10acb2f3	c472ce47cb39b54dab2309f25889cac8
7313	098021baadacba3679a8158458ae2412	4c0dd5f13dff29c454b4b55f10acb2f3	c472ce47cb39b54dab2309f25889cac8
7314	098021baadacba3679a8158458ae2412	4c0dd5f13dff29c454b4b55f10acb2f3	c472ce47cb39b54dab2309f25889cac8
7315	098021baadacba3679a8158458ae2412	4c0dd5f13dff29c454b4b55f10acb2f3	c472ce47cb39b54dab2309f25889cac8
7316	098021baadacba3679a8158458ae2412	4c0dd5f13dff29c454b4b55f10acb2f3	c472ce47cb39b54dab2309f25889cac8
7317	098021baadacba3679a8158458ae2412	4c0dd5f13dff29c454b4b55f10acb2f3	c472ce47cb39b54dab2309f25889cac8
7318	098021baadacba3679a8158458ae2412	4c0dd5f13dff29c454b4b55f10acb2f3	c472ce47cb39b54dab2309f25889cac8
7319	098021baadacba3679a8158458ae2412	4c0dd5f13dff29c454b4b55f10acb2f3	c472ce47cb39b54dab2309f25889cac8
7320	eeba41c14f1e463209b1413c597398a2	67fc1fe650971cf66216824b439f7a8e	12f0ebe20780de053ea6d282281b0dca
7321	eeba41c14f1e463209b1413c597398a2	67fc1fe650971cf66216824b439f7a8e	12f0ebe20780de053ea6d282281b0dca
7322	eeba41c14f1e463209b1413c597398a2	67fc1fe650971cf66216824b439f7a8e	12f0ebe20780de053ea6d282281b0dca
7323	eeba41c14f1e463209b1413c597398a2	67fc1fe650971cf66216824b439f7a8e	12f0ebe20780de053ea6d282281b0dca
7324	eeba41c14f1e463209b1413c597398a2	67fc1fe650971cf66216824b439f7a8e	12f0ebe20780de053ea6d282281b0dca
7325	eeba41c14f1e463209b1413c597398a2	67fc1fe650971cf66216824b439f7a8e	12f0ebe20780de053ea6d282281b0dca
7326	eeba41c14f1e463209b1413c597398a2	67fc1fe650971cf66216824b439f7a8e	12f0ebe20780de053ea6d282281b0dca
7327	4d295cc680034e3dd67f2e01ef6eeea5	ebb4c2ccf89b4512e624b0c6f8b4802b	7c51f7d41c8737b9f8da3a1a6342ba93
7328	4d295cc680034e3dd67f2e01ef6eeea5	ebb4c2ccf89b4512e624b0c6f8b4802b	7c51f7d41c8737b9f8da3a1a6342ba93
7329	4d295cc680034e3dd67f2e01ef6eeea5	ebb4c2ccf89b4512e624b0c6f8b4802b	7c51f7d41c8737b9f8da3a1a6342ba93
7330	a69c311bab106a274cb15fc192d2d143	8f1504534214aad6017a28bed47b843b	448350bd9c14c053caeba5511290c27f
7331	a69c311bab106a274cb15fc192d2d143	8f1504534214aad6017a28bed47b843b	448350bd9c14c053caeba5511290c27f
7332	d154c427294cade97c08c08cba9582dd	61230fc2ef6e93e5c5e98d427dff9eee	b38cd35d19c65533b8c82685de75322e
7333	d154c427294cade97c08c08cba9582dd	61230fc2ef6e93e5c5e98d427dff9eee	b38cd35d19c65533b8c82685de75322e
7334	d154c427294cade97c08c08cba9582dd	61230fc2ef6e93e5c5e98d427dff9eee	b38cd35d19c65533b8c82685de75322e
7335	d154c427294cade97c08c08cba9582dd	61230fc2ef6e93e5c5e98d427dff9eee	b38cd35d19c65533b8c82685de75322e
7336	d154c427294cade97c08c08cba9582dd	61230fc2ef6e93e5c5e98d427dff9eee	b38cd35d19c65533b8c82685de75322e
7337	d154c427294cade97c08c08cba9582dd	61230fc2ef6e93e5c5e98d427dff9eee	b38cd35d19c65533b8c82685de75322e
7338	d154c427294cade97c08c08cba9582dd	61230fc2ef6e93e5c5e98d427dff9eee	b38cd35d19c65533b8c82685de75322e
7339	62b5d413147b838073993675adf22bfa	f818150c580cdab8fefba7c8d80c55f3	12b033eb36ad9421bfbc9afe5e2a96b2
7340	62b5d413147b838073993675adf22bfa	f818150c580cdab8fefba7c8d80c55f3	12b033eb36ad9421bfbc9afe5e2a96b2
7341	62b5d413147b838073993675adf22bfa	f818150c580cdab8fefba7c8d80c55f3	12b033eb36ad9421bfbc9afe5e2a96b2
7342	62b5d413147b838073993675adf22bfa	f818150c580cdab8fefba7c8d80c55f3	12b033eb36ad9421bfbc9afe5e2a96b2
7343	62b5d413147b838073993675adf22bfa	f818150c580cdab8fefba7c8d80c55f3	12b033eb36ad9421bfbc9afe5e2a96b2
7344	c3fcece33ea78ca16a4fc701632b894e	797651e294dbe5592474f2a90efbb33d	853baf315dd66491b7f459b8fb9d1259
7345	c3fcece33ea78ca16a4fc701632b894e	797651e294dbe5592474f2a90efbb33d	853baf315dd66491b7f459b8fb9d1259
7346	c3fcece33ea78ca16a4fc701632b894e	797651e294dbe5592474f2a90efbb33d	853baf315dd66491b7f459b8fb9d1259
7347	c3fcece33ea78ca16a4fc701632b894e	797651e294dbe5592474f2a90efbb33d	853baf315dd66491b7f459b8fb9d1259
7348	c3fcece33ea78ca16a4fc701632b894e	797651e294dbe5592474f2a90efbb33d	853baf315dd66491b7f459b8fb9d1259
7349	c3fcece33ea78ca16a4fc701632b894e	797651e294dbe5592474f2a90efbb33d	853baf315dd66491b7f459b8fb9d1259
7350	c3fcece33ea78ca16a4fc701632b894e	797651e294dbe5592474f2a90efbb33d	853baf315dd66491b7f459b8fb9d1259
7351	c3fcece33ea78ca16a4fc701632b894e	797651e294dbe5592474f2a90efbb33d	853baf315dd66491b7f459b8fb9d1259
7352	c3fcece33ea78ca16a4fc701632b894e	797651e294dbe5592474f2a90efbb33d	853baf315dd66491b7f459b8fb9d1259
7353	c3fcece33ea78ca16a4fc701632b894e	797651e294dbe5592474f2a90efbb33d	853baf315dd66491b7f459b8fb9d1259
7354	c3fcece33ea78ca16a4fc701632b894e	797651e294dbe5592474f2a90efbb33d	853baf315dd66491b7f459b8fb9d1259
7355	c3fcece33ea78ca16a4fc701632b894e	797651e294dbe5592474f2a90efbb33d	853baf315dd66491b7f459b8fb9d1259
7356	c3fcece33ea78ca16a4fc701632b894e	797651e294dbe5592474f2a90efbb33d	853baf315dd66491b7f459b8fb9d1259
7357	c3fcece33ea78ca16a4fc701632b894e	797651e294dbe5592474f2a90efbb33d	853baf315dd66491b7f459b8fb9d1259
7358	c3fcece33ea78ca16a4fc701632b894e	797651e294dbe5592474f2a90efbb33d	853baf315dd66491b7f459b8fb9d1259
7359	c3fcece33ea78ca16a4fc701632b894e	797651e294dbe5592474f2a90efbb33d	853baf315dd66491b7f459b8fb9d1259
7360	c3fcece33ea78ca16a4fc701632b894e	797651e294dbe5592474f2a90efbb33d	853baf315dd66491b7f459b8fb9d1259
7361	2f0e6fe3ccfe4bef85d8eb127c832684	763d6f345033f071f51f949e7114aec6	2e3a7037f322c81fa384b8259651dff1
7362	2f0e6fe3ccfe4bef85d8eb127c832684	763d6f345033f071f51f949e7114aec6	2e3a7037f322c81fa384b8259651dff1
7363	2f0e6fe3ccfe4bef85d8eb127c832684	763d6f345033f071f51f949e7114aec6	2e3a7037f322c81fa384b8259651dff1
7364	2f0e6fe3ccfe4bef85d8eb127c832684	763d6f345033f071f51f949e7114aec6	2e3a7037f322c81fa384b8259651dff1
7365	2f0e6fe3ccfe4bef85d8eb127c832684	763d6f345033f071f51f949e7114aec6	2e3a7037f322c81fa384b8259651dff1
7366	2f0e6fe3ccfe4bef85d8eb127c832684	763d6f345033f071f51f949e7114aec6	2e3a7037f322c81fa384b8259651dff1
7367	2f0e6fe3ccfe4bef85d8eb127c832684	763d6f345033f071f51f949e7114aec6	2e3a7037f322c81fa384b8259651dff1
7368	c622d197db27c99f804393b834c2a630	47d771eb0223d399a7edde51de9ee11a	e65022d0e5f61ec117ce9339fed2dab8
7369	c622d197db27c99f804393b834c2a630	47d771eb0223d399a7edde51de9ee11a	e65022d0e5f61ec117ce9339fed2dab8
7370	c622d197db27c99f804393b834c2a630	47d771eb0223d399a7edde51de9ee11a	e65022d0e5f61ec117ce9339fed2dab8
7371	c622d197db27c99f804393b834c2a630	9ed23f73e2b788d30cf2e3f2ea3d0aca	1cc44bf917632d87efc3d8a2e413ae3d
7372	c622d197db27c99f804393b834c2a630	9ed23f73e2b788d30cf2e3f2ea3d0aca	1cc44bf917632d87efc3d8a2e413ae3d
7373	4532cd45ff7d7a7925f50704687c54b9	25d81d0b934a5086d7ab0142bb48a4f1	fa45418f5fd2a86acad37cd61d47a212
7374	4532cd45ff7d7a7925f50704687c54b9	25d81d0b934a5086d7ab0142bb48a4f1	fa45418f5fd2a86acad37cd61d47a212
7375	4532cd45ff7d7a7925f50704687c54b9	25d81d0b934a5086d7ab0142bb48a4f1	fa45418f5fd2a86acad37cd61d47a212
7376	e50f03c1aa24cb22fad51a67f6554bc1	a8b88408c09e0477858ec063f1e4ad0c	216c468b5ece19adcb82f3ff2bfe27ab
7377	e50f03c1aa24cb22fad51a67f6554bc1	a8b88408c09e0477858ec063f1e4ad0c	216c468b5ece19adcb82f3ff2bfe27ab
7378	e50f03c1aa24cb22fad51a67f6554bc1	a8b88408c09e0477858ec063f1e4ad0c	216c468b5ece19adcb82f3ff2bfe27ab
7379	e50f03c1aa24cb22fad51a67f6554bc1	a8b88408c09e0477858ec063f1e4ad0c	216c468b5ece19adcb82f3ff2bfe27ab
7380	ddc99b84799554bfbe0997556caeaf55	0dca04dea978762135152c51c0904166	f9eeb72b5ee6921a1c20b88e3250c205
7381	ddc99b84799554bfbe0997556caeaf55	0dca04dea978762135152c51c0904166	f9eeb72b5ee6921a1c20b88e3250c205
7382	ddc99b84799554bfbe0997556caeaf55	0dca04dea978762135152c51c0904166	f9eeb72b5ee6921a1c20b88e3250c205
7383	ddc99b84799554bfbe0997556caeaf55	0dca04dea978762135152c51c0904166	f9eeb72b5ee6921a1c20b88e3250c205
7384	ddc99b84799554bfbe0997556caeaf55	0dca04dea978762135152c51c0904166	f9eeb72b5ee6921a1c20b88e3250c205
7385	e6b2b30f72cbd91aca8724760bef9cb8	05f4daac9961b1fc5c66142c20e03c9a	15ccebc8bcfb1f385e2f75f37b232b1d
7386	e6b2b30f72cbd91aca8724760bef9cb8	05f4daac9961b1fc5c66142c20e03c9a	15ccebc8bcfb1f385e2f75f37b232b1d
7387	e6b2b30f72cbd91aca8724760bef9cb8	05f4daac9961b1fc5c66142c20e03c9a	15ccebc8bcfb1f385e2f75f37b232b1d
7388	e6b2b30f72cbd91aca8724760bef9cb8	05f4daac9961b1fc5c66142c20e03c9a	15ccebc8bcfb1f385e2f75f37b232b1d
7389	e6b2b30f72cbd91aca8724760bef9cb8	05f4daac9961b1fc5c66142c20e03c9a	15ccebc8bcfb1f385e2f75f37b232b1d
7390	8bee63ee3eb4ff2f882bca25f842fbeb	1f2b6f1e5fb9dc126f6e71e917ef6b8a	fbd520e30520b8c88b6b494865d280b1
7391	8bee63ee3eb4ff2f882bca25f842fbeb	1f2b6f1e5fb9dc126f6e71e917ef6b8a	fbd520e30520b8c88b6b494865d280b1
7392	8bee63ee3eb4ff2f882bca25f842fbeb	1f2b6f1e5fb9dc126f6e71e917ef6b8a	fbd520e30520b8c88b6b494865d280b1
7393	8bee63ee3eb4ff2f882bca25f842fbeb	1f2b6f1e5fb9dc126f6e71e917ef6b8a	fbd520e30520b8c88b6b494865d280b1
7394	8bee63ee3eb4ff2f882bca25f842fbeb	1f2b6f1e5fb9dc126f6e71e917ef6b8a	fbd520e30520b8c88b6b494865d280b1
7395	8bee63ee3eb4ff2f882bca25f842fbeb	1f2b6f1e5fb9dc126f6e71e917ef6b8a	fbd520e30520b8c88b6b494865d280b1
7396	8bee63ee3eb4ff2f882bca25f842fbeb	1f2b6f1e5fb9dc126f6e71e917ef6b8a	fbd520e30520b8c88b6b494865d280b1
7397	6c45ad773eb8367a033bcb6a1c2fc3ab	59e0b7553a24f482565bf2e8d73983ab	273f7961259fa5a4a565cfafbb9c5df9
7398	07a11338cd67cfabec0f291e45a94c1b	23a2c412cb66fd1e78eb16acaaae2cc1	cdffac357f16f5a4d291c24f56d5d748
7399	07a11338cd67cfabec0f291e45a94c1b	23a2c412cb66fd1e78eb16acaaae2cc1	cdffac357f16f5a4d291c24f56d5d748
7400	225d9c1f2827104decc2ea6782deb013	1c7b9094a6f4fbd5939c322b72145843	fc9276ebb4a6c12f077dbd0ef29ff1e7
7401	225d9c1f2827104decc2ea6782deb013	1c7b9094a6f4fbd5939c322b72145843	fc9276ebb4a6c12f077dbd0ef29ff1e7
7402	9c989e42caeb2039e591b01183dc74d5	182f805b2b9b93de18afd7a6da45ee05	580c2eabfbe3d72b38fef2191d24c837
7403	9c989e42caeb2039e591b01183dc74d5	182f805b2b9b93de18afd7a6da45ee05	580c2eabfbe3d72b38fef2191d24c837
7404	9c989e42caeb2039e591b01183dc74d5	182f805b2b9b93de18afd7a6da45ee05	580c2eabfbe3d72b38fef2191d24c837
7405	9c989e42caeb2039e591b01183dc74d5	182f805b2b9b93de18afd7a6da45ee05	580c2eabfbe3d72b38fef2191d24c837
7406	9c989e42caeb2039e591b01183dc74d5	182f805b2b9b93de18afd7a6da45ee05	580c2eabfbe3d72b38fef2191d24c837
7407	9c989e42caeb2039e591b01183dc74d5	182f805b2b9b93de18afd7a6da45ee05	580c2eabfbe3d72b38fef2191d24c837
7408	9c989e42caeb2039e591b01183dc74d5	182f805b2b9b93de18afd7a6da45ee05	580c2eabfbe3d72b38fef2191d24c837
7409	fae447ce0fb02d9b3a0aa548fee70c06	b97d2605e0c46ea87192f561c536cb1b	5ae51e26f45971fd8388df2b47e8ce02
7410	fae447ce0fb02d9b3a0aa548fee70c06	b97d2605e0c46ea87192f561c536cb1b	5ae51e26f45971fd8388df2b47e8ce02
7411	fae447ce0fb02d9b3a0aa548fee70c06	b97d2605e0c46ea87192f561c536cb1b	5ae51e26f45971fd8388df2b47e8ce02
7412	fae447ce0fb02d9b3a0aa548fee70c06	b97d2605e0c46ea87192f561c536cb1b	5ae51e26f45971fd8388df2b47e8ce02
7413	fae447ce0fb02d9b3a0aa548fee70c06	b97d2605e0c46ea87192f561c536cb1b	5ae51e26f45971fd8388df2b47e8ce02
7414	ea2d1ce4a4913b98447e644f61f53fb2	b41fa2d592635f300b2ddac5505a9956	3094d8b3ac393332fe3d9f9b479525eb
7415	ea2d1ce4a4913b98447e644f61f53fb2	b41fa2d592635f300b2ddac5505a9956	3094d8b3ac393332fe3d9f9b479525eb
7416	ea2d1ce4a4913b98447e644f61f53fb2	b41fa2d592635f300b2ddac5505a9956	3094d8b3ac393332fe3d9f9b479525eb
7417	ea2d1ce4a4913b98447e644f61f53fb2	b41fa2d592635f300b2ddac5505a9956	3094d8b3ac393332fe3d9f9b479525eb
7418	ea2d1ce4a4913b98447e644f61f53fb2	b41fa2d592635f300b2ddac5505a9956	3094d8b3ac393332fe3d9f9b479525eb
7419	ea2d1ce4a4913b98447e644f61f53fb2	b41fa2d592635f300b2ddac5505a9956	3094d8b3ac393332fe3d9f9b479525eb
7420	ea2d1ce4a4913b98447e644f61f53fb2	b41fa2d592635f300b2ddac5505a9956	3094d8b3ac393332fe3d9f9b479525eb
7421	ac1feb310e7257f26abb276bee6c4caf	5867b05f17ba85fbf344aa241f39169f	72671ec7db75a4b3c2403ee186407f49
7422	ac1feb310e7257f26abb276bee6c4caf	5867b05f17ba85fbf344aa241f39169f	72671ec7db75a4b3c2403ee186407f49
7423	ac1feb310e7257f26abb276bee6c4caf	5867b05f17ba85fbf344aa241f39169f	72671ec7db75a4b3c2403ee186407f49
7424	ac1feb310e7257f26abb276bee6c4caf	5867b05f17ba85fbf344aa241f39169f	72671ec7db75a4b3c2403ee186407f49
7425	ac1feb310e7257f26abb276bee6c4caf	5867b05f17ba85fbf344aa241f39169f	72671ec7db75a4b3c2403ee186407f49
7426	ff612f50156ca17d35e644d86d6651b6	387e554263a69076e1900799f77bf1d0	681583bda9046d5023b4bee98acb267e
7427	ff612f50156ca17d35e644d86d6651b6	387e554263a69076e1900799f77bf1d0	681583bda9046d5023b4bee98acb267e
7428	ff612f50156ca17d35e644d86d6651b6	387e554263a69076e1900799f77bf1d0	681583bda9046d5023b4bee98acb267e
7429	ff612f50156ca17d35e644d86d6651b6	387e554263a69076e1900799f77bf1d0	681583bda9046d5023b4bee98acb267e
7430	ff612f50156ca17d35e644d86d6651b6	387e554263a69076e1900799f77bf1d0	681583bda9046d5023b4bee98acb267e
7431	6a192137102cba1f6cc98730a6764ffc	2ab8fb487a01fba66338967f4d9e81cd	60e776022a9a9b0c3018ba17ff3aa6f6
7432	6a192137102cba1f6cc98730a6764ffc	2ab8fb487a01fba66338967f4d9e81cd	60e776022a9a9b0c3018ba17ff3aa6f6
7433	6a192137102cba1f6cc98730a6764ffc	2ab8fb487a01fba66338967f4d9e81cd	60e776022a9a9b0c3018ba17ff3aa6f6
7434	6a192137102cba1f6cc98730a6764ffc	2ab8fb487a01fba66338967f4d9e81cd	60e776022a9a9b0c3018ba17ff3aa6f6
7435	6a192137102cba1f6cc98730a6764ffc	2ab8fb487a01fba66338967f4d9e81cd	60e776022a9a9b0c3018ba17ff3aa6f6
7436	6a192137102cba1f6cc98730a6764ffc	2ab8fb487a01fba66338967f4d9e81cd	60e776022a9a9b0c3018ba17ff3aa6f6
7437	6a192137102cba1f6cc98730a6764ffc	2ab8fb487a01fba66338967f4d9e81cd	60e776022a9a9b0c3018ba17ff3aa6f6
7438	6a192137102cba1f6cc98730a6764ffc	2ab8fb487a01fba66338967f4d9e81cd	60e776022a9a9b0c3018ba17ff3aa6f6
7439	6a192137102cba1f6cc98730a6764ffc	2ab8fb487a01fba66338967f4d9e81cd	60e776022a9a9b0c3018ba17ff3aa6f6
7440	6a192137102cba1f6cc98730a6764ffc	2ab8fb487a01fba66338967f4d9e81cd	60e776022a9a9b0c3018ba17ff3aa6f6
7441	6a192137102cba1f6cc98730a6764ffc	2ab8fb487a01fba66338967f4d9e81cd	60e776022a9a9b0c3018ba17ff3aa6f6
7442	6a192137102cba1f6cc98730a6764ffc	2ab8fb487a01fba66338967f4d9e81cd	60e776022a9a9b0c3018ba17ff3aa6f6
7443	e6c2fb48d4f08e00e68fdaf1935a8fb3	1baabe3e33a8c40ff1cf2e48ef66f187	d2f12a2119a9109ad3eabccdc13ae70d
7444	e6c2fb48d4f08e00e68fdaf1935a8fb3	1baabe3e33a8c40ff1cf2e48ef66f187	d2f12a2119a9109ad3eabccdc13ae70d
7445	e6c2fb48d4f08e00e68fdaf1935a8fb3	1baabe3e33a8c40ff1cf2e48ef66f187	d2f12a2119a9109ad3eabccdc13ae70d
7446	e6c2fb48d4f08e00e68fdaf1935a8fb3	1baabe3e33a8c40ff1cf2e48ef66f187	d2f12a2119a9109ad3eabccdc13ae70d
7447	e6c2fb48d4f08e00e68fdaf1935a8fb3	1baabe3e33a8c40ff1cf2e48ef66f187	d2f12a2119a9109ad3eabccdc13ae70d
7448	e6c2fb48d4f08e00e68fdaf1935a8fb3	1baabe3e33a8c40ff1cf2e48ef66f187	d2f12a2119a9109ad3eabccdc13ae70d
7449	e6c2fb48d4f08e00e68fdaf1935a8fb3	1baabe3e33a8c40ff1cf2e48ef66f187	d2f12a2119a9109ad3eabccdc13ae70d
7450	219486bb52849e5751ff9a4b45dcd6fb	bcad9b91f5f9d461a32c3ecaa4d19f2e	25a61c1e1940e4c50865634d959f2357
7451	219486bb52849e5751ff9a4b45dcd6fb	bcad9b91f5f9d461a32c3ecaa4d19f2e	25a61c1e1940e4c50865634d959f2357
7452	219486bb52849e5751ff9a4b45dcd6fb	bcad9b91f5f9d461a32c3ecaa4d19f2e	25a61c1e1940e4c50865634d959f2357
7453	219486bb52849e5751ff9a4b45dcd6fb	bcad9b91f5f9d461a32c3ecaa4d19f2e	25a61c1e1940e4c50865634d959f2357
7454	219486bb52849e5751ff9a4b45dcd6fb	bcad9b91f5f9d461a32c3ecaa4d19f2e	25a61c1e1940e4c50865634d959f2357
7455	219486bb52849e5751ff9a4b45dcd6fb	bcad9b91f5f9d461a32c3ecaa4d19f2e	25a61c1e1940e4c50865634d959f2357
7456	219486bb52849e5751ff9a4b45dcd6fb	bcad9b91f5f9d461a32c3ecaa4d19f2e	25a61c1e1940e4c50865634d959f2357
7457	219486bb52849e5751ff9a4b45dcd6fb	bcad9b91f5f9d461a32c3ecaa4d19f2e	25a61c1e1940e4c50865634d959f2357
7458	219486bb52849e5751ff9a4b45dcd6fb	bcad9b91f5f9d461a32c3ecaa4d19f2e	25a61c1e1940e4c50865634d959f2357
7459	219486bb52849e5751ff9a4b45dcd6fb	bcad9b91f5f9d461a32c3ecaa4d19f2e	25a61c1e1940e4c50865634d959f2357
7460	a822e2fc1ab8a852c2f069673c4a32a0	854214ba5effd81e32954f9e58d47d00	642e57082d3e385fc01f946b4aecd08f
7461	a822e2fc1ab8a852c2f069673c4a32a0	854214ba5effd81e32954f9e58d47d00	642e57082d3e385fc01f946b4aecd08f
7462	a822e2fc1ab8a852c2f069673c4a32a0	854214ba5effd81e32954f9e58d47d00	642e57082d3e385fc01f946b4aecd08f
7463	a822e2fc1ab8a852c2f069673c4a32a0	854214ba5effd81e32954f9e58d47d00	642e57082d3e385fc01f946b4aecd08f
7464	a822e2fc1ab8a852c2f069673c4a32a0	854214ba5effd81e32954f9e58d47d00	642e57082d3e385fc01f946b4aecd08f
7465	a822e2fc1ab8a852c2f069673c4a32a0	854214ba5effd81e32954f9e58d47d00	642e57082d3e385fc01f946b4aecd08f
7466	a822e2fc1ab8a852c2f069673c4a32a0	854214ba5effd81e32954f9e58d47d00	642e57082d3e385fc01f946b4aecd08f
7467	5037f2165fcc9a437791bf82be46c369	df74d8ec0d8334953809d2617291a329	a6157b9dedcbcbfad7d542776e0b3bdc
7468	5037f2165fcc9a437791bf82be46c369	df74d8ec0d8334953809d2617291a329	a6157b9dedcbcbfad7d542776e0b3bdc
7469	5037f2165fcc9a437791bf82be46c369	df74d8ec0d8334953809d2617291a329	a6157b9dedcbcbfad7d542776e0b3bdc
7470	5037f2165fcc9a437791bf82be46c369	df74d8ec0d8334953809d2617291a329	a6157b9dedcbcbfad7d542776e0b3bdc
7471	5037f2165fcc9a437791bf82be46c369	6da6e872c727206700cd0629b0d08403	49a91d3d531efe85d057595ae5438233
7472	af997e448d1a112ab947baf7554f9d25	9a2873f0f524d737ce09d49cf029b251	642262bb6f3d035ee07c14e982fabe43
7473	af997e448d1a112ab947baf7554f9d25	9a2873f0f524d737ce09d49cf029b251	642262bb6f3d035ee07c14e982fabe43
7474	af997e448d1a112ab947baf7554f9d25	9a2873f0f524d737ce09d49cf029b251	642262bb6f3d035ee07c14e982fabe43
7475	af997e448d1a112ab947baf7554f9d25	9a2873f0f524d737ce09d49cf029b251	642262bb6f3d035ee07c14e982fabe43
7476	af997e448d1a112ab947baf7554f9d25	9a2873f0f524d737ce09d49cf029b251	642262bb6f3d035ee07c14e982fabe43
7477	af997e448d1a112ab947baf7554f9d25	9a2873f0f524d737ce09d49cf029b251	642262bb6f3d035ee07c14e982fabe43
7478	af997e448d1a112ab947baf7554f9d25	9a2873f0f524d737ce09d49cf029b251	642262bb6f3d035ee07c14e982fabe43
7479	af997e448d1a112ab947baf7554f9d25	9a2873f0f524d737ce09d49cf029b251	642262bb6f3d035ee07c14e982fabe43
7480	af997e448d1a112ab947baf7554f9d25	9a2873f0f524d737ce09d49cf029b251	642262bb6f3d035ee07c14e982fabe43
7481	af997e448d1a112ab947baf7554f9d25	9a2873f0f524d737ce09d49cf029b251	642262bb6f3d035ee07c14e982fabe43
7482	af997e448d1a112ab947baf7554f9d25	9a2873f0f524d737ce09d49cf029b251	642262bb6f3d035ee07c14e982fabe43
7483	af997e448d1a112ab947baf7554f9d25	9a2873f0f524d737ce09d49cf029b251	642262bb6f3d035ee07c14e982fabe43
7484	af997e448d1a112ab947baf7554f9d25	9a2873f0f524d737ce09d49cf029b251	642262bb6f3d035ee07c14e982fabe43
7485	af997e448d1a112ab947baf7554f9d25	9a2873f0f524d737ce09d49cf029b251	642262bb6f3d035ee07c14e982fabe43
7486	af997e448d1a112ab947baf7554f9d25	9a2873f0f524d737ce09d49cf029b251	642262bb6f3d035ee07c14e982fabe43
7487	af997e448d1a112ab947baf7554f9d25	9a2873f0f524d737ce09d49cf029b251	642262bb6f3d035ee07c14e982fabe43
7488	af997e448d1a112ab947baf7554f9d25	9a2873f0f524d737ce09d49cf029b251	642262bb6f3d035ee07c14e982fabe43
7489	5bf11671703a527bbfe607f90d2f2423	722d24650c342eaaef14660405a20722	c73760304b27aaaa22f253177425bcfe
7490	5bf11671703a527bbfe607f90d2f2423	722d24650c342eaaef14660405a20722	c73760304b27aaaa22f253177425bcfe
7491	5bf11671703a527bbfe607f90d2f2423	722d24650c342eaaef14660405a20722	c73760304b27aaaa22f253177425bcfe
7492	bb307bd9e87ab4c66df8db81f3180e71	62d17b945a9c8f56512a12ffbe6927ee	3e17887733eb88a53ee9af5ae0f72c16
7493	f30c2204dbcc664fa121ad62455b0f98	e36a24cacde97053ec48ca0bdcb404d0	780ab0cf211328f3ae54326a661d133d
7494	8b3cc9168adb76ba30745ad1df85b5c2	ac0e4d86dea8564837428b4d970a741b	8a152def8355142a370c18a9e3de096a
7495	8b3cc9168adb76ba30745ad1df85b5c2	ac0e4d86dea8564837428b4d970a741b	8a152def8355142a370c18a9e3de096a
7496	08f41c753e53037112e53e5be54fcccc	55eeabf879ede3362deb191bd0f75b4d	a374f77557e1c0892db3a18a84c000c3
7497	08f41c753e53037112e53e5be54fcccc	55eeabf879ede3362deb191bd0f75b4d	a374f77557e1c0892db3a18a84c000c3
7498	08f41c753e53037112e53e5be54fcccc	55eeabf879ede3362deb191bd0f75b4d	a374f77557e1c0892db3a18a84c000c3
7499	e7c667ed2c530f9217d0eec6228abca8	5153ae4eee4dd864dc238bc0222e1c30	63b35b44dec7ca8598c0b240479b0f0e
7500	e7c667ed2c530f9217d0eec6228abca8	5153ae4eee4dd864dc238bc0222e1c30	63b35b44dec7ca8598c0b240479b0f0e
7501	5bf11671703a527bbfe607f90d2f2423	722d24650c342eaaef14660405a20722	c73760304b27aaaa22f253177425bcfe
7502	5bf11671703a527bbfe607f90d2f2423	722d24650c342eaaef14660405a20722	c73760304b27aaaa22f253177425bcfe
7503	5bf11671703a527bbfe607f90d2f2423	722d24650c342eaaef14660405a20722	c73760304b27aaaa22f253177425bcfe
7504	5bf11671703a527bbfe607f90d2f2423	722d24650c342eaaef14660405a20722	c73760304b27aaaa22f253177425bcfe
7505	5bf11671703a527bbfe607f90d2f2423	722d24650c342eaaef14660405a20722	c73760304b27aaaa22f253177425bcfe
7506	5bf11671703a527bbfe607f90d2f2423	722d24650c342eaaef14660405a20722	c73760304b27aaaa22f253177425bcfe
7507	5bf11671703a527bbfe607f90d2f2423	722d24650c342eaaef14660405a20722	c73760304b27aaaa22f253177425bcfe
7508	601f9eba11cd346cbe3e39212980b2da	b95dc2eca8cffdefac6d4a27dea91d67	ca4c3dc76fc56adfe453298541694fb2
7509	eccc21f518ed9ca282ae52c9e6aa4462	4c739e3a695e95887ddb89cc6571bd4b	54b941a020797bc0359584a02badeb3f
7510	eccc21f518ed9ca282ae52c9e6aa4462	4c739e3a695e95887ddb89cc6571bd4b	54b941a020797bc0359584a02badeb3f
7511	55aa6c69c9939cc60c11924897641de0	82657e5ee727fadc93df861cf652f3e6	174e75439f075cfa3fa3a949cf374e75
7512	55aa6c69c9939cc60c11924897641de0	82657e5ee727fadc93df861cf652f3e6	174e75439f075cfa3fa3a949cf374e75
7513	e6051b33fd37da5a7459063c83c44ee1	d2ffac09cc04fc69f59a7bc155b3d208	ebd721385af9586d4991d58325f1197f
7514	e6051b33fd37da5a7459063c83c44ee1	d2ffac09cc04fc69f59a7bc155b3d208	ebd721385af9586d4991d58325f1197f
7515	e6051b33fd37da5a7459063c83c44ee1	d2ffac09cc04fc69f59a7bc155b3d208	ebd721385af9586d4991d58325f1197f
7516	e6051b33fd37da5a7459063c83c44ee1	d2ffac09cc04fc69f59a7bc155b3d208	ebd721385af9586d4991d58325f1197f
7517	e6051b33fd37da5a7459063c83c44ee1	d2ffac09cc04fc69f59a7bc155b3d208	ebd721385af9586d4991d58325f1197f
7518	e6051b33fd37da5a7459063c83c44ee1	d2ffac09cc04fc69f59a7bc155b3d208	ebd721385af9586d4991d58325f1197f
7519	e6051b33fd37da5a7459063c83c44ee1	d2ffac09cc04fc69f59a7bc155b3d208	ebd721385af9586d4991d58325f1197f
7520	2130e0c6c0fcf60e90a2606885df9c53	6ec104e3b6974133e0c901f3adac1eb6	1aaa3745c351557b23d6403a4964f411
7521	2130e0c6c0fcf60e90a2606885df9c53	6ec104e3b6974133e0c901f3adac1eb6	1aaa3745c351557b23d6403a4964f411
7522	2130e0c6c0fcf60e90a2606885df9c53	6ec104e3b6974133e0c901f3adac1eb6	1aaa3745c351557b23d6403a4964f411
7523	008ee53ee15cb48a840ed88f5b96b986	2b25476cf9287f93666a640675d2b2ec	cc080b01194bc16158bd49b82620c317
7524	008ee53ee15cb48a840ed88f5b96b986	2b25476cf9287f93666a640675d2b2ec	cc080b01194bc16158bd49b82620c317
7525	008ee53ee15cb48a840ed88f5b96b986	2b25476cf9287f93666a640675d2b2ec	cc080b01194bc16158bd49b82620c317
7526	008ee53ee15cb48a840ed88f5b96b986	2b25476cf9287f93666a640675d2b2ec	cc080b01194bc16158bd49b82620c317
7527	008ee53ee15cb48a840ed88f5b96b986	2b25476cf9287f93666a640675d2b2ec	cc080b01194bc16158bd49b82620c317
7528	008ee53ee15cb48a840ed88f5b96b986	2b25476cf9287f93666a640675d2b2ec	cc080b01194bc16158bd49b82620c317
7529	008ee53ee15cb48a840ed88f5b96b986	2b25476cf9287f93666a640675d2b2ec	cc080b01194bc16158bd49b82620c317
7530	8ce5b3f658505c32e04cc2e041998377	2c9a590d8f95834fab4f3578975f1421	a9e7159fcb0e5325687373d9c9bb3b23
7531	8ce5b3f658505c32e04cc2e041998377	2c9a590d8f95834fab4f3578975f1421	a9e7159fcb0e5325687373d9c9bb3b23
7532	8ce5b3f658505c32e04cc2e041998377	2c9a590d8f95834fab4f3578975f1421	a9e7159fcb0e5325687373d9c9bb3b23
7533	8ce5b3f658505c32e04cc2e041998377	2c9a590d8f95834fab4f3578975f1421	a9e7159fcb0e5325687373d9c9bb3b23
7534	8ce5b3f658505c32e04cc2e041998377	2c9a590d8f95834fab4f3578975f1421	a9e7159fcb0e5325687373d9c9bb3b23
7535	8ce5b3f658505c32e04cc2e041998377	2c9a590d8f95834fab4f3578975f1421	a9e7159fcb0e5325687373d9c9bb3b23
7536	8ce5b3f658505c32e04cc2e041998377	2c9a590d8f95834fab4f3578975f1421	a9e7159fcb0e5325687373d9c9bb3b23
7537	8ce5b3f658505c32e04cc2e041998377	2c9a590d8f95834fab4f3578975f1421	a9e7159fcb0e5325687373d9c9bb3b23
7538	8ce5b3f658505c32e04cc2e041998377	2c9a590d8f95834fab4f3578975f1421	a9e7159fcb0e5325687373d9c9bb3b23
7539	8ce5b3f658505c32e04cc2e041998377	2c9a590d8f95834fab4f3578975f1421	a9e7159fcb0e5325687373d9c9bb3b23
7540	8ce5b3f658505c32e04cc2e041998377	2c9a590d8f95834fab4f3578975f1421	a9e7159fcb0e5325687373d9c9bb3b23
7541	8ce5b3f658505c32e04cc2e041998377	2c9a590d8f95834fab4f3578975f1421	a9e7159fcb0e5325687373d9c9bb3b23
7542	f4f38a139ce05b342452587a0d212a62	c4f192e9aa6b0602a9722c81792ba2c5	41adc0bea42f5fe5f87025aa7f28cf42
7543	f4f38a139ce05b342452587a0d212a62	c4f192e9aa6b0602a9722c81792ba2c5	41adc0bea42f5fe5f87025aa7f28cf42
7544	f4f38a139ce05b342452587a0d212a62	c4f192e9aa6b0602a9722c81792ba2c5	41adc0bea42f5fe5f87025aa7f28cf42
7545	6de26c1e8d02148ad6fe0bb932386040	50787ccd380196a309f546d1ffb7370b	fdd22e76244e9371bd24262bcdce71c3
7546	6de26c1e8d02148ad6fe0bb932386040	50787ccd380196a309f546d1ffb7370b	fdd22e76244e9371bd24262bcdce71c3
7547	f4f38a139ce05b342452587a0d212a62	c4f192e9aa6b0602a9722c81792ba2c5	41adc0bea42f5fe5f87025aa7f28cf42
7548	f4f38a139ce05b342452587a0d212a62	c4f192e9aa6b0602a9722c81792ba2c5	41adc0bea42f5fe5f87025aa7f28cf42
7549	c36fbdb7e48ca564dabe69ded152b113	fec38d9a712dbabb9289a07a012a1350	c736ef8e3ab4a48069589e3e3f4dc7e6
7550	e56bd97dcc42b8d3b9e2d5fadb1da8dd	4eba501508aaa1fe34bd9795c2f4bcb7	87fb1ad225dd4ab6b46044ecd722a5c4
7551	e56bd97dcc42b8d3b9e2d5fadb1da8dd	4eba501508aaa1fe34bd9795c2f4bcb7	87fb1ad225dd4ab6b46044ecd722a5c4
7552	a02a679f76d6ba8e23a56d0462e187c1	7bdee0d683af86ae500bf15a0d4cdbba	1d89f9a7cedcf3b7203a5fff604530cc
7553	a02a679f76d6ba8e23a56d0462e187c1	7bdee0d683af86ae500bf15a0d4cdbba	1d89f9a7cedcf3b7203a5fff604530cc
7554	78e5b2c4fea0a82451f6e6e04b11b9af	3a12af477e8da27ba2d9567a71834956	23bfb86cfbcd3dba8d46c729797b2b7f
7555	78e5b2c4fea0a82451f6e6e04b11b9af	3a12af477e8da27ba2d9567a71834956	23bfb86cfbcd3dba8d46c729797b2b7f
7556	78e5b2c4fea0a82451f6e6e04b11b9af	3a12af477e8da27ba2d9567a71834956	23bfb86cfbcd3dba8d46c729797b2b7f
7557	78e5b2c4fea0a82451f6e6e04b11b9af	3a12af477e8da27ba2d9567a71834956	23bfb86cfbcd3dba8d46c729797b2b7f
7558	78e5b2c4fea0a82451f6e6e04b11b9af	3a12af477e8da27ba2d9567a71834956	23bfb86cfbcd3dba8d46c729797b2b7f
7559	162e11d676d6de2b4d850496b2ea41d0	7a6c14c52754c0519d307b1cae754631	fda4504781bcf6c0d54efc59e4c0bdc6
7560	162e11d676d6de2b4d850496b2ea41d0	7a6c14c52754c0519d307b1cae754631	fda4504781bcf6c0d54efc59e4c0bdc6
7561	162e11d676d6de2b4d850496b2ea41d0	7a6c14c52754c0519d307b1cae754631	fda4504781bcf6c0d54efc59e4c0bdc6
7562	e1564e25420acde15a02f0a75c01f31a	16979ed40c827eafb18d87f4c72a7e8b	acd22aeb8d21f183ec10a5b598422930
7563	e1564e25420acde15a02f0a75c01f31a	16979ed40c827eafb18d87f4c72a7e8b	acd22aeb8d21f183ec10a5b598422930
7564	e1564e25420acde15a02f0a75c01f31a	16979ed40c827eafb18d87f4c72a7e8b	acd22aeb8d21f183ec10a5b598422930
7565	e1564e25420acde15a02f0a75c01f31a	16979ed40c827eafb18d87f4c72a7e8b	acd22aeb8d21f183ec10a5b598422930
7566	6210c1910d6b2ea445ee076681bd756a	41bfb1701174d4521484f3ab6f57e1d2	a222700e675f8574ec211348dd8255c4
7567	60bb80d18659be84915f11c7b83ef7ae	74fb448bf690ca6dfd41aea808e9db7d	0d434433c55a53db52636a5b3f12ce23
7568	60bb80d18659be84915f11c7b83ef7ae	74fb448bf690ca6dfd41aea808e9db7d	0d434433c55a53db52636a5b3f12ce23
7569	9c6239c284cbe27d89bbbc6344913a24	430c5c808d3710b65d856f55248cabfb	2f7c80c6bacbeaecef0fb60abdcb39bf
7570	60bb80d18659be84915f11c7b83ef7ae	74fb448bf690ca6dfd41aea808e9db7d	0d434433c55a53db52636a5b3f12ce23
7571	a587ee7d0488b5c055b4ebf7bba748d1	f03d50016d3216c9f5bfec47865c89ac	11fc2746f5f10bf17a5d0142d7eb1107
7572	a587ee7d0488b5c055b4ebf7bba748d1	f03d50016d3216c9f5bfec47865c89ac	11fc2746f5f10bf17a5d0142d7eb1107
7573	a587ee7d0488b5c055b4ebf7bba748d1	f03d50016d3216c9f5bfec47865c89ac	11fc2746f5f10bf17a5d0142d7eb1107
7574	a587ee7d0488b5c055b4ebf7bba748d1	f03d50016d3216c9f5bfec47865c89ac	11fc2746f5f10bf17a5d0142d7eb1107
7575	a587ee7d0488b5c055b4ebf7bba748d1	f03d50016d3216c9f5bfec47865c89ac	11fc2746f5f10bf17a5d0142d7eb1107
7576	a587ee7d0488b5c055b4ebf7bba748d1	f03d50016d3216c9f5bfec47865c89ac	11fc2746f5f10bf17a5d0142d7eb1107
7577	a587ee7d0488b5c055b4ebf7bba748d1	f03d50016d3216c9f5bfec47865c89ac	11fc2746f5f10bf17a5d0142d7eb1107
7578	baa1fa0d6aed80f00b65a3cf02e3cb6c	e22ea58c141136296e81d8bb5395c83b	08ac87fae5523592a09a9f1cbfc29d3a
7579	baa1fa0d6aed80f00b65a3cf02e3cb6c	e22ea58c141136296e81d8bb5395c83b	08ac87fae5523592a09a9f1cbfc29d3a
7580	baa1fa0d6aed80f00b65a3cf02e3cb6c	e22ea58c141136296e81d8bb5395c83b	08ac87fae5523592a09a9f1cbfc29d3a
7581	baa1fa0d6aed80f00b65a3cf02e3cb6c	e22ea58c141136296e81d8bb5395c83b	08ac87fae5523592a09a9f1cbfc29d3a
7582	baa1fa0d6aed80f00b65a3cf02e3cb6c	e22ea58c141136296e81d8bb5395c83b	08ac87fae5523592a09a9f1cbfc29d3a
7583	e8c722f386a535cf8b838fcd08d81c6f	71a45aa6a5322edb29b9f55ef98a0bcc	1dc8cb459965a639dcd80a8b0723c853
7584	e8c722f386a535cf8b838fcd08d81c6f	71a45aa6a5322edb29b9f55ef98a0bcc	1dc8cb459965a639dcd80a8b0723c853
7585	e8c722f386a535cf8b838fcd08d81c6f	71a45aa6a5322edb29b9f55ef98a0bcc	1dc8cb459965a639dcd80a8b0723c853
7586	e8c722f386a535cf8b838fcd08d81c6f	71a45aa6a5322edb29b9f55ef98a0bcc	1dc8cb459965a639dcd80a8b0723c853
7587	e8c722f386a535cf8b838fcd08d81c6f	71a45aa6a5322edb29b9f55ef98a0bcc	1dc8cb459965a639dcd80a8b0723c853
7588	e8c722f386a535cf8b838fcd08d81c6f	71a45aa6a5322edb29b9f55ef98a0bcc	1dc8cb459965a639dcd80a8b0723c853
7589	e8c722f386a535cf8b838fcd08d81c6f	71a45aa6a5322edb29b9f55ef98a0bcc	1dc8cb459965a639dcd80a8b0723c853
7590	0e4275f9b5702533209ad2e1681ffeb4	ea463a6aa5385f2e469f665eb6f96f56	9673fab2d93aa512552d696d2319c641
7591	0e4275f9b5702533209ad2e1681ffeb4	ea463a6aa5385f2e469f665eb6f96f56	9673fab2d93aa512552d696d2319c641
7592	0e4275f9b5702533209ad2e1681ffeb4	ea463a6aa5385f2e469f665eb6f96f56	9673fab2d93aa512552d696d2319c641
7593	0e4275f9b5702533209ad2e1681ffeb4	ea463a6aa5385f2e469f665eb6f96f56	9673fab2d93aa512552d696d2319c641
7594	0e4275f9b5702533209ad2e1681ffeb4	ea463a6aa5385f2e469f665eb6f96f56	9673fab2d93aa512552d696d2319c641
7595	853843f213a66e66ec3c6bc114f24e8b	1cd9d77e37813cb862f7abd007b3629d	613f1c7521c949860c88f236f64ded15
7596	853843f213a66e66ec3c6bc114f24e8b	1cd9d77e37813cb862f7abd007b3629d	613f1c7521c949860c88f236f64ded15
7597	853843f213a66e66ec3c6bc114f24e8b	1cd9d77e37813cb862f7abd007b3629d	613f1c7521c949860c88f236f64ded15
7598	853843f213a66e66ec3c6bc114f24e8b	1cd9d77e37813cb862f7abd007b3629d	613f1c7521c949860c88f236f64ded15
7599	853843f213a66e66ec3c6bc114f24e8b	1cd9d77e37813cb862f7abd007b3629d	613f1c7521c949860c88f236f64ded15
7600	5f42c5691ebd333a994abb35c5ced175	909ed11b0b6f9cb1582dcc9961b0f02b	174c762779e1907b6f14fef422f984f4
7601	5f42c5691ebd333a994abb35c5ced175	909ed11b0b6f9cb1582dcc9961b0f02b	174c762779e1907b6f14fef422f984f4
7602	5f42c5691ebd333a994abb35c5ced175	909ed11b0b6f9cb1582dcc9961b0f02b	174c762779e1907b6f14fef422f984f4
7603	e4ebb9c085721fe8eee203a7048a7fe5	eda4a956fbb2d1481707599749897047	e70cf49a02fd472b3cb5cab2454f934d
7604	8c7ab20604423ac14c402ed262bbf68b	31532ac6ceb76f575561bb2177e0e7ec	c87cb4feb5b347d4a0669f8da32c48b3
7605	44dca9ffdeecb037106287e33426feba	21fa1959e1f8c0abc56ae42fb2e93127	0f20044b223ee12057258d3ec7da9b39
7606	44dca9ffdeecb037106287e33426feba	21fa1959e1f8c0abc56ae42fb2e93127	0f20044b223ee12057258d3ec7da9b39
7607	b3ed1cf5fd776cf47ecb99b89bf678bc	01fcc06a8f3b70cf5d2fe25675979bad	bc283a1d17f091c621435386d8395340
7608	b3ed1cf5fd776cf47ecb99b89bf678bc	01fcc06a8f3b70cf5d2fe25675979bad	bc283a1d17f091c621435386d8395340
7609	b3ed1cf5fd776cf47ecb99b89bf678bc	01fcc06a8f3b70cf5d2fe25675979bad	bc283a1d17f091c621435386d8395340
7610	5f7460975facb51fe1d5c3dda4441c6a	728857c41d797dc1faf0d0db6d26383f	56b3d834ed5f58141f2ba4bc8e074e28
7611	5f7460975facb51fe1d5c3dda4441c6a	728857c41d797dc1faf0d0db6d26383f	56b3d834ed5f58141f2ba4bc8e074e28
7612	2a8f895122062ec2dc95991d947b4431	c97cb246fadf671e98796d151ce2b8dc	5109f67853d7e89f9dae863dbb736bb8
7613	2a8f895122062ec2dc95991d947b4431	c97cb246fadf671e98796d151ce2b8dc	5109f67853d7e89f9dae863dbb736bb8
7614	2a8f895122062ec2dc95991d947b4431	c97cb246fadf671e98796d151ce2b8dc	5109f67853d7e89f9dae863dbb736bb8
7615	2a8f895122062ec2dc95991d947b4431	c97cb246fadf671e98796d151ce2b8dc	5109f67853d7e89f9dae863dbb736bb8
7616	2a8f895122062ec2dc95991d947b4431	c97cb246fadf671e98796d151ce2b8dc	5109f67853d7e89f9dae863dbb736bb8
7617	2a8f895122062ec2dc95991d947b4431	c97cb246fadf671e98796d151ce2b8dc	5109f67853d7e89f9dae863dbb736bb8
7618	2a8f895122062ec2dc95991d947b4431	c97cb246fadf671e98796d151ce2b8dc	5109f67853d7e89f9dae863dbb736bb8
7619	800d748aaed410591f4aa1809d9fd962	7496ca2b3b42c131c8f11fb76097cc41	4eff83e8eef0f72b3224feb4daac00ef
7620	800d748aaed410591f4aa1809d9fd962	7496ca2b3b42c131c8f11fb76097cc41	4eff83e8eef0f72b3224feb4daac00ef
7621	800d748aaed410591f4aa1809d9fd962	7496ca2b3b42c131c8f11fb76097cc41	4eff83e8eef0f72b3224feb4daac00ef
7622	27b16cecefdd5c5e03e8d0e4bbf11587	5cd27952e9ca351f4d02bd441990eb9a	25d223f5498e545704d21ed82db82fab
7623	cf02cdba1c452878f0b8d97681f7e3c9	ff0531e96cbfdbf7ee5dd3c5787f0d5b	197220f0074c7879d6baab5159c52bf7
7624	800d748aaed410591f4aa1809d9fd962	7496ca2b3b42c131c8f11fb76097cc41	4eff83e8eef0f72b3224feb4daac00ef
7625	800d748aaed410591f4aa1809d9fd962	7496ca2b3b42c131c8f11fb76097cc41	4eff83e8eef0f72b3224feb4daac00ef
7626	800d748aaed410591f4aa1809d9fd962	7496ca2b3b42c131c8f11fb76097cc41	4eff83e8eef0f72b3224feb4daac00ef
7627	ae3efb4c6114a748f010e4c231624c83	5caa461bf73fb23454f706e58e12ee9a	9adee538e99be863e878febd80be8d17
7628	ae3efb4c6114a748f010e4c231624c83	5caa461bf73fb23454f706e58e12ee9a	9adee538e99be863e878febd80be8d17
7629	077a880a554745fd0ef8d1a496ddcaa8	acb0f0c27b03c6420efb662776b14b9d	78be9e4d9c5c26ef0bb57240e1d24a87
7630	077a880a554745fd0ef8d1a496ddcaa8	acb0f0c27b03c6420efb662776b14b9d	78be9e4d9c5c26ef0bb57240e1d24a87
7631	077a880a554745fd0ef8d1a496ddcaa8	acb0f0c27b03c6420efb662776b14b9d	78be9e4d9c5c26ef0bb57240e1d24a87
7632	077a880a554745fd0ef8d1a496ddcaa8	acb0f0c27b03c6420efb662776b14b9d	78be9e4d9c5c26ef0bb57240e1d24a87
7633	077a880a554745fd0ef8d1a496ddcaa8	acb0f0c27b03c6420efb662776b14b9d	78be9e4d9c5c26ef0bb57240e1d24a87
7634	077a880a554745fd0ef8d1a496ddcaa8	acb0f0c27b03c6420efb662776b14b9d	78be9e4d9c5c26ef0bb57240e1d24a87
7635	077a880a554745fd0ef8d1a496ddcaa8	acb0f0c27b03c6420efb662776b14b9d	78be9e4d9c5c26ef0bb57240e1d24a87
7636	71160c60916d9dc7aebf2e2a69aa90c4	2893251faf7143a612f42e55ef77489c	daee7a1a496503317dc987717c41d4ae
7637	71160c60916d9dc7aebf2e2a69aa90c4	2893251faf7143a612f42e55ef77489c	daee7a1a496503317dc987717c41d4ae
7638	71160c60916d9dc7aebf2e2a69aa90c4	2893251faf7143a612f42e55ef77489c	daee7a1a496503317dc987717c41d4ae
7639	71160c60916d9dc7aebf2e2a69aa90c4	2893251faf7143a612f42e55ef77489c	daee7a1a496503317dc987717c41d4ae
7640	71160c60916d9dc7aebf2e2a69aa90c4	2893251faf7143a612f42e55ef77489c	daee7a1a496503317dc987717c41d4ae
7641	2387a85913f607c3a62a5a8685856299	9e357d44d18d9837d0da6fd5b435e5f9	680fa9c3b1ca7c3a725053768d1004dd
7642	2387a85913f607c3a62a5a8685856299	9e357d44d18d9837d0da6fd5b435e5f9	680fa9c3b1ca7c3a725053768d1004dd
7643	2387a85913f607c3a62a5a8685856299	9e357d44d18d9837d0da6fd5b435e5f9	680fa9c3b1ca7c3a725053768d1004dd
7644	2387a85913f607c3a62a5a8685856299	9e357d44d18d9837d0da6fd5b435e5f9	680fa9c3b1ca7c3a725053768d1004dd
7645	2387a85913f607c3a62a5a8685856299	9e357d44d18d9837d0da6fd5b435e5f9	680fa9c3b1ca7c3a725053768d1004dd
7646	2387a85913f607c3a62a5a8685856299	9e357d44d18d9837d0da6fd5b435e5f9	680fa9c3b1ca7c3a725053768d1004dd
7647	2387a85913f607c3a62a5a8685856299	9e357d44d18d9837d0da6fd5b435e5f9	680fa9c3b1ca7c3a725053768d1004dd
7648	2387a85913f607c3a62a5a8685856299	9e357d44d18d9837d0da6fd5b435e5f9	680fa9c3b1ca7c3a725053768d1004dd
7649	2387a85913f607c3a62a5a8685856299	9e357d44d18d9837d0da6fd5b435e5f9	680fa9c3b1ca7c3a725053768d1004dd
7650	2387a85913f607c3a62a5a8685856299	9e357d44d18d9837d0da6fd5b435e5f9	680fa9c3b1ca7c3a725053768d1004dd
7651	2387a85913f607c3a62a5a8685856299	9e357d44d18d9837d0da6fd5b435e5f9	680fa9c3b1ca7c3a725053768d1004dd
7652	2387a85913f607c3a62a5a8685856299	9e357d44d18d9837d0da6fd5b435e5f9	680fa9c3b1ca7c3a725053768d1004dd
7653	2387a85913f607c3a62a5a8685856299	9e357d44d18d9837d0da6fd5b435e5f9	680fa9c3b1ca7c3a725053768d1004dd
7654	2387a85913f607c3a62a5a8685856299	9e357d44d18d9837d0da6fd5b435e5f9	680fa9c3b1ca7c3a725053768d1004dd
7655	2387a85913f607c3a62a5a8685856299	9e357d44d18d9837d0da6fd5b435e5f9	680fa9c3b1ca7c3a725053768d1004dd
7656	2387a85913f607c3a62a5a8685856299	9e357d44d18d9837d0da6fd5b435e5f9	680fa9c3b1ca7c3a725053768d1004dd
7657	2387a85913f607c3a62a5a8685856299	9e357d44d18d9837d0da6fd5b435e5f9	680fa9c3b1ca7c3a725053768d1004dd
7658	fc6d7aef15f2c7d46f7383c6ad4a3c45	5a44d2c315e018db9b08e0575f48bf41	36d656c7d883545d391722f4338db4d6
7659	fc6d7aef15f2c7d46f7383c6ad4a3c45	5a44d2c315e018db9b08e0575f48bf41	36d656c7d883545d391722f4338db4d6
7660	fc6d7aef15f2c7d46f7383c6ad4a3c45	5a44d2c315e018db9b08e0575f48bf41	36d656c7d883545d391722f4338db4d6
7661	fc6d7aef15f2c7d46f7383c6ad4a3c45	5a44d2c315e018db9b08e0575f48bf41	36d656c7d883545d391722f4338db4d6
7662	fc6d7aef15f2c7d46f7383c6ad4a3c45	5a44d2c315e018db9b08e0575f48bf41	36d656c7d883545d391722f4338db4d6
7663	fc6d7aef15f2c7d46f7383c6ad4a3c45	5a44d2c315e018db9b08e0575f48bf41	36d656c7d883545d391722f4338db4d6
7664	fc6d7aef15f2c7d46f7383c6ad4a3c45	5a44d2c315e018db9b08e0575f48bf41	36d656c7d883545d391722f4338db4d6
7665	a39e590df13a05327922fa9d00ca2edc	2a9263a802d6211a8838f239d1e12acd	cc808bdd636fa7234ac492530d3be502
7666	a39e590df13a05327922fa9d00ca2edc	2a9263a802d6211a8838f239d1e12acd	cc808bdd636fa7234ac492530d3be502
7667	a39e590df13a05327922fa9d00ca2edc	2a9263a802d6211a8838f239d1e12acd	cc808bdd636fa7234ac492530d3be502
7668	07552b16ca9eb1b52fa59edd4e53db8b	8ea0aa00ce70441abb85b43a817cc7b3	66e09a3d578cde8937fb05958c06a9b3
7669	07552b16ca9eb1b52fa59edd4e53db8b	8ea0aa00ce70441abb85b43a817cc7b3	66e09a3d578cde8937fb05958c06a9b3
7670	63482c5d4cea35202060bd8449f9b754	e52d472f07ab7e3a5814d4f927c17ddc	da58e2eceb0dbcce3e74b155db6bcf4c
7671	63482c5d4cea35202060bd8449f9b754	e52d472f07ab7e3a5814d4f927c17ddc	da58e2eceb0dbcce3e74b155db6bcf4c
7672	63482c5d4cea35202060bd8449f9b754	e52d472f07ab7e3a5814d4f927c17ddc	da58e2eceb0dbcce3e74b155db6bcf4c
7673	63482c5d4cea35202060bd8449f9b754	e52d472f07ab7e3a5814d4f927c17ddc	da58e2eceb0dbcce3e74b155db6bcf4c
7674	63482c5d4cea35202060bd8449f9b754	e52d472f07ab7e3a5814d4f927c17ddc	da58e2eceb0dbcce3e74b155db6bcf4c
7675	63482c5d4cea35202060bd8449f9b754	e52d472f07ab7e3a5814d4f927c17ddc	da58e2eceb0dbcce3e74b155db6bcf4c
7676	63482c5d4cea35202060bd8449f9b754	e52d472f07ab7e3a5814d4f927c17ddc	da58e2eceb0dbcce3e74b155db6bcf4c
7677	d4f8396200b1558670ba93a5396d57f1	a9319366328aac4ec03cc661974e75bf	865b981cfb296b5d68efdd3a78bbb7c7
7678	2418b7ee0ea5fecf60907622948ca5ea	b883a20524e87ff58cbc055c7d7fd0df	c3d57bd5c06d9be6c2d28cb713c3b20d
7679	d4f8396200b1558670ba93a5396d57f1	a9319366328aac4ec03cc661974e75bf	865b981cfb296b5d68efdd3a78bbb7c7
7680	c22726897374c0195e1d0a560c983003	3d12c4eddedc75383db02e9ef5668994	7c37f4f23807e21325b7d5eb00d55062
7681	c22726897374c0195e1d0a560c983003	3d12c4eddedc75383db02e9ef5668994	7c37f4f23807e21325b7d5eb00d55062
7682	ee4b1571eb42c6b0e6cc71e80aa9d96c	59b295cb948f4776a9c1d6f1e3dc33cb	be1caa00e6d76c356c89cd6c03351a6f
7683	ee4b1571eb42c6b0e6cc71e80aa9d96c	59b295cb948f4776a9c1d6f1e3dc33cb	be1caa00e6d76c356c89cd6c03351a6f
7684	ee4b1571eb42c6b0e6cc71e80aa9d96c	59b295cb948f4776a9c1d6f1e3dc33cb	be1caa00e6d76c356c89cd6c03351a6f
7685	ee4b1571eb42c6b0e6cc71e80aa9d96c	59b295cb948f4776a9c1d6f1e3dc33cb	be1caa00e6d76c356c89cd6c03351a6f
7686	ee4b1571eb42c6b0e6cc71e80aa9d96c	59b295cb948f4776a9c1d6f1e3dc33cb	be1caa00e6d76c356c89cd6c03351a6f
7687	ee4b1571eb42c6b0e6cc71e80aa9d96c	59b295cb948f4776a9c1d6f1e3dc33cb	be1caa00e6d76c356c89cd6c03351a6f
7688	ee4b1571eb42c6b0e6cc71e80aa9d96c	59b295cb948f4776a9c1d6f1e3dc33cb	be1caa00e6d76c356c89cd6c03351a6f
7689	0d8167c6b4adfc000ab312c82217883e	b5588cbc76f6e8d37a3eae102cbe55a3	615a52cc491e765b244ca706103a0d93
7690	0d8167c6b4adfc000ab312c82217883e	b5588cbc76f6e8d37a3eae102cbe55a3	615a52cc491e765b244ca706103a0d93
7691	0d8167c6b4adfc000ab312c82217883e	b5588cbc76f6e8d37a3eae102cbe55a3	615a52cc491e765b244ca706103a0d93
7692	0d8167c6b4adfc000ab312c82217883e	b5588cbc76f6e8d37a3eae102cbe55a3	615a52cc491e765b244ca706103a0d93
7693	0d8167c6b4adfc000ab312c82217883e	b5588cbc76f6e8d37a3eae102cbe55a3	615a52cc491e765b244ca706103a0d93
7694	0d8167c6b4adfc000ab312c82217883e	b5588cbc76f6e8d37a3eae102cbe55a3	615a52cc491e765b244ca706103a0d93
7695	0d8167c6b4adfc000ab312c82217883e	b5588cbc76f6e8d37a3eae102cbe55a3	615a52cc491e765b244ca706103a0d93
7696	0d8167c6b4adfc000ab312c82217883e	b5588cbc76f6e8d37a3eae102cbe55a3	615a52cc491e765b244ca706103a0d93
7697	0d8167c6b4adfc000ab312c82217883e	b5588cbc76f6e8d37a3eae102cbe55a3	615a52cc491e765b244ca706103a0d93
7698	0d8167c6b4adfc000ab312c82217883e	b5588cbc76f6e8d37a3eae102cbe55a3	615a52cc491e765b244ca706103a0d93
7699	601e175bd427ca4dd26f4d384fffabe5	cb7f7c38028222bb55feb1f5ed83ec40	3d15a06b13317e288cfcce998e1d5e34
7700	601e175bd427ca4dd26f4d384fffabe5	cb7f7c38028222bb55feb1f5ed83ec40	3d15a06b13317e288cfcce998e1d5e34
7701	601e175bd427ca4dd26f4d384fffabe5	cb7f7c38028222bb55feb1f5ed83ec40	3d15a06b13317e288cfcce998e1d5e34
7702	601e175bd427ca4dd26f4d384fffabe5	cb7f7c38028222bb55feb1f5ed83ec40	3d15a06b13317e288cfcce998e1d5e34
7703	601e175bd427ca4dd26f4d384fffabe5	cb7f7c38028222bb55feb1f5ed83ec40	3d15a06b13317e288cfcce998e1d5e34
7704	601e175bd427ca4dd26f4d384fffabe5	cb7f7c38028222bb55feb1f5ed83ec40	3d15a06b13317e288cfcce998e1d5e34
7705	601e175bd427ca4dd26f4d384fffabe5	cb7f7c38028222bb55feb1f5ed83ec40	3d15a06b13317e288cfcce998e1d5e34
7706	55bf1e1a7df807a75831eadfedd61b1c	e6349877842138596f63fa975e9ef3dc	6c279761866d7c6596c3bf8bce2a343c
7707	55bf1e1a7df807a75831eadfedd61b1c	e6349877842138596f63fa975e9ef3dc	6c279761866d7c6596c3bf8bce2a343c
7708	55bf1e1a7df807a75831eadfedd61b1c	e6349877842138596f63fa975e9ef3dc	6c279761866d7c6596c3bf8bce2a343c
7709	55bf1e1a7df807a75831eadfedd61b1c	e6349877842138596f63fa975e9ef3dc	6c279761866d7c6596c3bf8bce2a343c
7710	55bf1e1a7df807a75831eadfedd61b1c	e6349877842138596f63fa975e9ef3dc	6c279761866d7c6596c3bf8bce2a343c
7711	fc9e25d60e013c5221760f8727abeb71	c7683f99b39be26bf478ca0a0f8c2e7b	2ba69fe63e44833c946c5103dc07a9d4
7712	fc9e25d60e013c5221760f8727abeb71	c7683f99b39be26bf478ca0a0f8c2e7b	2ba69fe63e44833c946c5103dc07a9d4
7713	fc9e25d60e013c5221760f8727abeb71	c7683f99b39be26bf478ca0a0f8c2e7b	2ba69fe63e44833c946c5103dc07a9d4
7714	fc9e25d60e013c5221760f8727abeb71	5ff79aba4cb5dbe99af1f2da8ceb6fa8	a301449725076a38a4289e90e3f6f95c
7715	fc9e25d60e013c5221760f8727abeb71	5ff79aba4cb5dbe99af1f2da8ceb6fa8	a301449725076a38a4289e90e3f6f95c
7716	fc9e25d60e013c5221760f8727abeb71	5ff79aba4cb5dbe99af1f2da8ceb6fa8	a301449725076a38a4289e90e3f6f95c
7717	fc9e25d60e013c5221760f8727abeb71	5ff79aba4cb5dbe99af1f2da8ceb6fa8	a301449725076a38a4289e90e3f6f95c
7718	bac15183e0cf352cdae12446e5943249	0a3680c3d08283d58ecc14c75d207af3	decd7a6bfa13acfe2a546268b37a34df
7719	bac15183e0cf352cdae12446e5943249	0a3680c3d08283d58ecc14c75d207af3	decd7a6bfa13acfe2a546268b37a34df
7720	bac15183e0cf352cdae12446e5943249	0a3680c3d08283d58ecc14c75d207af3	decd7a6bfa13acfe2a546268b37a34df
7721	bac15183e0cf352cdae12446e5943249	0a3680c3d08283d58ecc14c75d207af3	decd7a6bfa13acfe2a546268b37a34df
7722	bac15183e0cf352cdae12446e5943249	0a3680c3d08283d58ecc14c75d207af3	decd7a6bfa13acfe2a546268b37a34df
7723	35f6b3e48136a8433a8709bf24ffa71b	c9c9ca40f2638798d93296f3b0d2fa8d	5fcceccf4add25b967a477452266b267
7724	35f6b3e48136a8433a8709bf24ffa71b	c9c9ca40f2638798d93296f3b0d2fa8d	5fcceccf4add25b967a477452266b267
7725	b72aa74752f56a3364bc53d4c08541eb	fa7e223262e2edeea424853872b5ee6d	8936978c7de7bd50f0edae49b7ada0fc
7726	f288e5b5a6477353ad6e3f08ccf8bbe6	8a9907f148b55769290eb42f31a24ace	9d4c41ff6354104f383766a6fb42dd8e
7727	f288e5b5a6477353ad6e3f08ccf8bbe6	8a9907f148b55769290eb42f31a24ace	9d4c41ff6354104f383766a6fb42dd8e
7728	566018997bd37bf7a7c9a1c52b46f705	fb9fdd873b547013d9a7ea70baa7af34	be5f60124ce9c05b8af2fe74d1af1bad
7729	566018997bd37bf7a7c9a1c52b46f705	fb9fdd873b547013d9a7ea70baa7af34	be5f60124ce9c05b8af2fe74d1af1bad
7730	566018997bd37bf7a7c9a1c52b46f705	fb9fdd873b547013d9a7ea70baa7af34	be5f60124ce9c05b8af2fe74d1af1bad
7731	566018997bd37bf7a7c9a1c52b46f705	fb9fdd873b547013d9a7ea70baa7af34	be5f60124ce9c05b8af2fe74d1af1bad
7732	566018997bd37bf7a7c9a1c52b46f705	fb9fdd873b547013d9a7ea70baa7af34	be5f60124ce9c05b8af2fe74d1af1bad
7733	566018997bd37bf7a7c9a1c52b46f705	fb9fdd873b547013d9a7ea70baa7af34	be5f60124ce9c05b8af2fe74d1af1bad
7734	566018997bd37bf7a7c9a1c52b46f705	fb9fdd873b547013d9a7ea70baa7af34	be5f60124ce9c05b8af2fe74d1af1bad
7735	812ad4005ac641920347edde03159855	11a3353da39e746a9ec1aff775ecc47b	88ed8c8211f35b21163fc0f23af5676d
7736	812ad4005ac641920347edde03159855	11a3353da39e746a9ec1aff775ecc47b	88ed8c8211f35b21163fc0f23af5676d
7737	812ad4005ac641920347edde03159855	11a3353da39e746a9ec1aff775ecc47b	88ed8c8211f35b21163fc0f23af5676d
7738	566018997bd37bf7a7c9a1c52b46f705	fb9fdd873b547013d9a7ea70baa7af34	be5f60124ce9c05b8af2fe74d1af1bad
7739	566018997bd37bf7a7c9a1c52b46f705	fb9fdd873b547013d9a7ea70baa7af34	be5f60124ce9c05b8af2fe74d1af1bad
7740	00db9854b83046fe7bf1dec526cf1e8d	95b6bfe3ae8af28b28dd834d0ce3944a	eeb45574c9db75ddbd1c881b9e98ba41
7741	00db9854b83046fe7bf1dec526cf1e8d	95b6bfe3ae8af28b28dd834d0ce3944a	eeb45574c9db75ddbd1c881b9e98ba41
7742	00db9854b83046fe7bf1dec526cf1e8d	95b6bfe3ae8af28b28dd834d0ce3944a	eeb45574c9db75ddbd1c881b9e98ba41
7743	00db9854b83046fe7bf1dec526cf1e8d	b52698a085c2393ddc187b582794fe74	c3d951f0c5f2aaa890e4d91ff2507e0b
7744	00db9854b83046fe7bf1dec526cf1e8d	b52698a085c2393ddc187b582794fe74	c3d951f0c5f2aaa890e4d91ff2507e0b
7745	00db9854b83046fe7bf1dec526cf1e8d	b52698a085c2393ddc187b582794fe74	c3d951f0c5f2aaa890e4d91ff2507e0b
7746	00db9854b83046fe7bf1dec526cf1e8d	b52698a085c2393ddc187b582794fe74	c3d951f0c5f2aaa890e4d91ff2507e0b
7747	ce25a3e0b1bde75e8e2b5b274af2aa66	e52275716da5b817a0b301cfddc5ff93	3c4f181db3b5ca33abd3b40b2bfd1cb1
7748	ce25a3e0b1bde75e8e2b5b274af2aa66	e52275716da5b817a0b301cfddc5ff93	3c4f181db3b5ca33abd3b40b2bfd1cb1
7749	ce25a3e0b1bde75e8e2b5b274af2aa66	e52275716da5b817a0b301cfddc5ff93	3c4f181db3b5ca33abd3b40b2bfd1cb1
7750	5ce32337ddc8a83598833e9c31582102	2459b459b7d0ed117d5af5bc6a97ca65	622a71630c76aedd1ca0855db0f25adb
7751	ce25a3e0b1bde75e8e2b5b274af2aa66	e52275716da5b817a0b301cfddc5ff93	3c4f181db3b5ca33abd3b40b2bfd1cb1
7752	db00f7b1b55ec159191320ccff9dcafe	1906be8a006f18b639db1f67e2e2cfd6	89e1147327742794a2d75dd06238b06b
7753	db00f7b1b55ec159191320ccff9dcafe	1906be8a006f18b639db1f67e2e2cfd6	89e1147327742794a2d75dd06238b06b
7754	db00f7b1b55ec159191320ccff9dcafe	1906be8a006f18b639db1f67e2e2cfd6	89e1147327742794a2d75dd06238b06b
7755	db00f7b1b55ec159191320ccff9dcafe	1906be8a006f18b639db1f67e2e2cfd6	89e1147327742794a2d75dd06238b06b
7756	db00f7b1b55ec159191320ccff9dcafe	1906be8a006f18b639db1f67e2e2cfd6	89e1147327742794a2d75dd06238b06b
7757	db00f7b1b55ec159191320ccff9dcafe	1906be8a006f18b639db1f67e2e2cfd6	89e1147327742794a2d75dd06238b06b
7758	db00f7b1b55ec159191320ccff9dcafe	1906be8a006f18b639db1f67e2e2cfd6	89e1147327742794a2d75dd06238b06b
7759	28c5a8551c3fa2999e479c0f039f07c6	723aa2f22d613746a0e0574e47d6b72c	dd1126119c46c0e429ab110439fcaf53
7760	28c5a8551c3fa2999e479c0f039f07c6	723aa2f22d613746a0e0574e47d6b72c	dd1126119c46c0e429ab110439fcaf53
7761	28c5a8551c3fa2999e479c0f039f07c6	723aa2f22d613746a0e0574e47d6b72c	dd1126119c46c0e429ab110439fcaf53
7762	28c5a8551c3fa2999e479c0f039f07c6	723aa2f22d613746a0e0574e47d6b72c	dd1126119c46c0e429ab110439fcaf53
7763	28c5a8551c3fa2999e479c0f039f07c6	723aa2f22d613746a0e0574e47d6b72c	dd1126119c46c0e429ab110439fcaf53
7764	15b0b29e433a19cf0f1801eebad13ae2	13254438a3f38ab40209e75dce08ead2	b33dd7f9d2010935db2dc288dc25e250
7765	15b0b29e433a19cf0f1801eebad13ae2	13254438a3f38ab40209e75dce08ead2	b33dd7f9d2010935db2dc288dc25e250
7766	15b0b29e433a19cf0f1801eebad13ae2	13254438a3f38ab40209e75dce08ead2	b33dd7f9d2010935db2dc288dc25e250
7767	15b0b29e433a19cf0f1801eebad13ae2	13254438a3f38ab40209e75dce08ead2	b33dd7f9d2010935db2dc288dc25e250
7768	15b0b29e433a19cf0f1801eebad13ae2	13254438a3f38ab40209e75dce08ead2	b33dd7f9d2010935db2dc288dc25e250
7769	21837b1d1545ceb78cbdc3aa1dc2c9a2	b70ec0eedcbded7c6cd7df8c08fbacce	36f2edd4b35461b10e43b6433eb083d5
7770	21837b1d1545ceb78cbdc3aa1dc2c9a2	b70ec0eedcbded7c6cd7df8c08fbacce	36f2edd4b35461b10e43b6433eb083d5
7771	21837b1d1545ceb78cbdc3aa1dc2c9a2	b70ec0eedcbded7c6cd7df8c08fbacce	36f2edd4b35461b10e43b6433eb083d5
7772	21837b1d1545ceb78cbdc3aa1dc2c9a2	b70ec0eedcbded7c6cd7df8c08fbacce	36f2edd4b35461b10e43b6433eb083d5
7773	21837b1d1545ceb78cbdc3aa1dc2c9a2	b70ec0eedcbded7c6cd7df8c08fbacce	36f2edd4b35461b10e43b6433eb083d5
7774	21837b1d1545ceb78cbdc3aa1dc2c9a2	b70ec0eedcbded7c6cd7df8c08fbacce	36f2edd4b35461b10e43b6433eb083d5
7775	21837b1d1545ceb78cbdc3aa1dc2c9a2	b70ec0eedcbded7c6cd7df8c08fbacce	36f2edd4b35461b10e43b6433eb083d5
7776	21837b1d1545ceb78cbdc3aa1dc2c9a2	b70ec0eedcbded7c6cd7df8c08fbacce	36f2edd4b35461b10e43b6433eb083d5
7777	21837b1d1545ceb78cbdc3aa1dc2c9a2	b70ec0eedcbded7c6cd7df8c08fbacce	36f2edd4b35461b10e43b6433eb083d5
7778	21837b1d1545ceb78cbdc3aa1dc2c9a2	b70ec0eedcbded7c6cd7df8c08fbacce	36f2edd4b35461b10e43b6433eb083d5
7779	21837b1d1545ceb78cbdc3aa1dc2c9a2	b70ec0eedcbded7c6cd7df8c08fbacce	36f2edd4b35461b10e43b6433eb083d5
7780	21837b1d1545ceb78cbdc3aa1dc2c9a2	b70ec0eedcbded7c6cd7df8c08fbacce	36f2edd4b35461b10e43b6433eb083d5
7781	64aa7bea90cdd2943994fea0f916c2a3	4da5fec7fb57e4dbeffef1e912ca3fa1	c40ccd4340488f235afae7418c27a35d
7782	64aa7bea90cdd2943994fea0f916c2a3	4da5fec7fb57e4dbeffef1e912ca3fa1	c40ccd4340488f235afae7418c27a35d
7783	64aa7bea90cdd2943994fea0f916c2a3	4da5fec7fb57e4dbeffef1e912ca3fa1	c40ccd4340488f235afae7418c27a35d
7784	64aa7bea90cdd2943994fea0f916c2a3	4da5fec7fb57e4dbeffef1e912ca3fa1	c40ccd4340488f235afae7418c27a35d
7785	64aa7bea90cdd2943994fea0f916c2a3	4da5fec7fb57e4dbeffef1e912ca3fa1	c40ccd4340488f235afae7418c27a35d
7786	64aa7bea90cdd2943994fea0f916c2a3	4da5fec7fb57e4dbeffef1e912ca3fa1	c40ccd4340488f235afae7418c27a35d
7787	64aa7bea90cdd2943994fea0f916c2a3	4da5fec7fb57e4dbeffef1e912ca3fa1	c40ccd4340488f235afae7418c27a35d
7788	e083c00a5520145f1c84fd4ed3a9487f	b355fe88484328a88b953276e7ab36be	7bc3f8e5983113732cfefc5600c90305
7789	e083c00a5520145f1c84fd4ed3a9487f	b355fe88484328a88b953276e7ab36be	7bc3f8e5983113732cfefc5600c90305
7790	e083c00a5520145f1c84fd4ed3a9487f	b355fe88484328a88b953276e7ab36be	7bc3f8e5983113732cfefc5600c90305
7791	d19bf53b9cd93d399d8a04b5d0784f98	c3d910c2957022f3ad1facb911ea7c0b	c7af51c7d48c643a925ed4592a73a218
7792	d19bf53b9cd93d399d8a04b5d0784f98	c3d910c2957022f3ad1facb911ea7c0b	c7af51c7d48c643a925ed4592a73a218
7793	e083c00a5520145f1c84fd4ed3a9487f	b355fe88484328a88b953276e7ab36be	7bc3f8e5983113732cfefc5600c90305
7794	e083c00a5520145f1c84fd4ed3a9487f	b355fe88484328a88b953276e7ab36be	7bc3f8e5983113732cfefc5600c90305
7795	e083c00a5520145f1c84fd4ed3a9487f	b355fe88484328a88b953276e7ab36be	7bc3f8e5983113732cfefc5600c90305
7796	092a002a26d506bba9a98dbbccbab292	c02ca4dd8f6d3b6c2d6a8d8a3412deec	7e5797936bcc09b3b12d4dbf88325323
7797	e9b71d9a708b79ef71e29c3fd6d78c0b	a8e23993832123b73f3ed3d9141ef3ea	d92fad0c28a959b6fbc0e867497c3289
7798	8cb91d53680228377ead3386c907d8ad	72d26ade2057e9007fff9859c6464cef	0bf2249cbe28f605e3a4cdb59351c021
7799	8cb91d53680228377ead3386c907d8ad	72d26ade2057e9007fff9859c6464cef	0bf2249cbe28f605e3a4cdb59351c021
7800	8cb91d53680228377ead3386c907d8ad	72d26ade2057e9007fff9859c6464cef	0bf2249cbe28f605e3a4cdb59351c021
7801	8cb91d53680228377ead3386c907d8ad	72d26ade2057e9007fff9859c6464cef	0bf2249cbe28f605e3a4cdb59351c021
7802	8cb91d53680228377ead3386c907d8ad	72d26ade2057e9007fff9859c6464cef	0bf2249cbe28f605e3a4cdb59351c021
7803	8cb91d53680228377ead3386c907d8ad	72d26ade2057e9007fff9859c6464cef	0bf2249cbe28f605e3a4cdb59351c021
7804	8cb91d53680228377ead3386c907d8ad	72d26ade2057e9007fff9859c6464cef	0bf2249cbe28f605e3a4cdb59351c021
7805	d763346c0b4bae310cf8a61be29b6fe8	0f1781182743c06d7814fce9bcc7de34	9bf2fb73c59b97407b723d0b19dd7e10
7806	d763346c0b4bae310cf8a61be29b6fe8	0f1781182743c06d7814fce9bcc7de34	9bf2fb73c59b97407b723d0b19dd7e10
7807	d763346c0b4bae310cf8a61be29b6fe8	0f1781182743c06d7814fce9bcc7de34	9bf2fb73c59b97407b723d0b19dd7e10
7808	c51e6da39680281793bd4f6dc6f225e5	decc6a19bdac1701ac961a98e361f4c9	5927c54d082932b41b664d88bffd7799
7809	c51e6da39680281793bd4f6dc6f225e5	decc6a19bdac1701ac961a98e361f4c9	5927c54d082932b41b664d88bffd7799
7810	346d42d37a2e283b526738c8e756fad4	0919f5361325a8b43392d36e4f5db60f	fb4f3e2db5bc050c786c7c6cc2b40021
7811	346d42d37a2e283b526738c8e756fad4	0919f5361325a8b43392d36e4f5db60f	fb4f3e2db5bc050c786c7c6cc2b40021
7812	346d42d37a2e283b526738c8e756fad4	0919f5361325a8b43392d36e4f5db60f	fb4f3e2db5bc050c786c7c6cc2b40021
7813	346d42d37a2e283b526738c8e756fad4	0919f5361325a8b43392d36e4f5db60f	fb4f3e2db5bc050c786c7c6cc2b40021
7814	346d42d37a2e283b526738c8e756fad4	0919f5361325a8b43392d36e4f5db60f	fb4f3e2db5bc050c786c7c6cc2b40021
7815	346d42d37a2e283b526738c8e756fad4	0919f5361325a8b43392d36e4f5db60f	fb4f3e2db5bc050c786c7c6cc2b40021
7816	346d42d37a2e283b526738c8e756fad4	0919f5361325a8b43392d36e4f5db60f	fb4f3e2db5bc050c786c7c6cc2b40021
7817	346d42d37a2e283b526738c8e756fad4	0919f5361325a8b43392d36e4f5db60f	fb4f3e2db5bc050c786c7c6cc2b40021
7818	346d42d37a2e283b526738c8e756fad4	0919f5361325a8b43392d36e4f5db60f	fb4f3e2db5bc050c786c7c6cc2b40021
7819	346d42d37a2e283b526738c8e756fad4	0919f5361325a8b43392d36e4f5db60f	fb4f3e2db5bc050c786c7c6cc2b40021
7820	346d42d37a2e283b526738c8e756fad4	0919f5361325a8b43392d36e4f5db60f	fb4f3e2db5bc050c786c7c6cc2b40021
7821	346d42d37a2e283b526738c8e756fad4	0919f5361325a8b43392d36e4f5db60f	fb4f3e2db5bc050c786c7c6cc2b40021
7822	346d42d37a2e283b526738c8e756fad4	0919f5361325a8b43392d36e4f5db60f	fb4f3e2db5bc050c786c7c6cc2b40021
7823	346d42d37a2e283b526738c8e756fad4	0919f5361325a8b43392d36e4f5db60f	fb4f3e2db5bc050c786c7c6cc2b40021
7824	346d42d37a2e283b526738c8e756fad4	0919f5361325a8b43392d36e4f5db60f	fb4f3e2db5bc050c786c7c6cc2b40021
7825	346d42d37a2e283b526738c8e756fad4	0919f5361325a8b43392d36e4f5db60f	fb4f3e2db5bc050c786c7c6cc2b40021
7826	346d42d37a2e283b526738c8e756fad4	0919f5361325a8b43392d36e4f5db60f	fb4f3e2db5bc050c786c7c6cc2b40021
7827	3c63ada4fcf849dc9bebce4be4986905	7cd77573729af02bf4521b5069ed749d	7962e5a3149c1f1ab150b8bbac1fcb73
7828	3c63ada4fcf849dc9bebce4be4986905	7cd77573729af02bf4521b5069ed749d	7962e5a3149c1f1ab150b8bbac1fcb73
7829	3c63ada4fcf849dc9bebce4be4986905	7cd77573729af02bf4521b5069ed749d	7962e5a3149c1f1ab150b8bbac1fcb73
7830	8b95ab94d228b5ac739a68f804111357	60a7ee366367e79c055fe2fd135ace56	fb4eeeead8a3f1beb4585b2f74919189
7831	8b95ab94d228b5ac739a68f804111357	60a7ee366367e79c055fe2fd135ace56	fb4eeeead8a3f1beb4585b2f74919189
7832	8b95ab94d228b5ac739a68f804111357	60a7ee366367e79c055fe2fd135ace56	fb4eeeead8a3f1beb4585b2f74919189
7833	8b95ab94d228b5ac739a68f804111357	60a7ee366367e79c055fe2fd135ace56	fb4eeeead8a3f1beb4585b2f74919189
7834	e99de661dc00b7f84971070a8a548ece	61ffc257709c5f0c63837329b641a750	c2bde5381ec7677ac0002887076d1fb6
7835	012dc0890d147f64080ab492da3eb78d	6f7d4838e47dac54ef27adf4f88c350f	6da19b68d38a18edb058b9f9f13f7ffd
7836	012dc0890d147f64080ab492da3eb78d	6f7d4838e47dac54ef27adf4f88c350f	6da19b68d38a18edb058b9f9f13f7ffd
7837	012dc0890d147f64080ab492da3eb78d	6f7d4838e47dac54ef27adf4f88c350f	6da19b68d38a18edb058b9f9f13f7ffd
7838	012dc0890d147f64080ab492da3eb78d	6f7d4838e47dac54ef27adf4f88c350f	6da19b68d38a18edb058b9f9f13f7ffd
7839	12543e0ff79bea7e5afc8882ca1d50ca	e4b743524ad87d0be8926a2afc0e6afe	0d8662c7d561a7e0a9a766d88716322e
7840	12543e0ff79bea7e5afc8882ca1d50ca	e4b743524ad87d0be8926a2afc0e6afe	0d8662c7d561a7e0a9a766d88716322e
7841	12543e0ff79bea7e5afc8882ca1d50ca	e4b743524ad87d0be8926a2afc0e6afe	0d8662c7d561a7e0a9a766d88716322e
7842	12543e0ff79bea7e5afc8882ca1d50ca	e4b743524ad87d0be8926a2afc0e6afe	0d8662c7d561a7e0a9a766d88716322e
7843	12543e0ff79bea7e5afc8882ca1d50ca	e4b743524ad87d0be8926a2afc0e6afe	0d8662c7d561a7e0a9a766d88716322e
7844	12543e0ff79bea7e5afc8882ca1d50ca	e4b743524ad87d0be8926a2afc0e6afe	0d8662c7d561a7e0a9a766d88716322e
7845	12543e0ff79bea7e5afc8882ca1d50ca	e4b743524ad87d0be8926a2afc0e6afe	0d8662c7d561a7e0a9a766d88716322e
7846	057012d97cfeecccaa9cd5eba5e002d3	dd195ef9c200a29cfcc5ed72ffe4c7ae	23539b20932077efc65ec79a7541209b
7847	057012d97cfeecccaa9cd5eba5e002d3	dd195ef9c200a29cfcc5ed72ffe4c7ae	23539b20932077efc65ec79a7541209b
7848	057012d97cfeecccaa9cd5eba5e002d3	dd195ef9c200a29cfcc5ed72ffe4c7ae	23539b20932077efc65ec79a7541209b
7849	057012d97cfeecccaa9cd5eba5e002d3	dd195ef9c200a29cfcc5ed72ffe4c7ae	23539b20932077efc65ec79a7541209b
7850	057012d97cfeecccaa9cd5eba5e002d3	dd195ef9c200a29cfcc5ed72ffe4c7ae	23539b20932077efc65ec79a7541209b
7851	02041174bc75ae2a9204abd5aaac5429	7b5f24b56e839b3edfa26529f2814416	63826139a7ac30e3bf918ca628d7b980
7852	02041174bc75ae2a9204abd5aaac5429	7b5f24b56e839b3edfa26529f2814416	63826139a7ac30e3bf918ca628d7b980
7853	02041174bc75ae2a9204abd5aaac5429	7b5f24b56e839b3edfa26529f2814416	63826139a7ac30e3bf918ca628d7b980
7854	02041174bc75ae2a9204abd5aaac5429	7b5f24b56e839b3edfa26529f2814416	63826139a7ac30e3bf918ca628d7b980
7855	02041174bc75ae2a9204abd5aaac5429	7b5f24b56e839b3edfa26529f2814416	63826139a7ac30e3bf918ca628d7b980
7856	02041174bc75ae2a9204abd5aaac5429	7b5f24b56e839b3edfa26529f2814416	63826139a7ac30e3bf918ca628d7b980
7857	02041174bc75ae2a9204abd5aaac5429	7b5f24b56e839b3edfa26529f2814416	63826139a7ac30e3bf918ca628d7b980
7858	3f3e3cc7258c7c5d3f5076228d319457	a8b83822f7ae287a8c0c4289c07d1c76	2654ad21a087f2c85916b64264a92519
7859	3f3e3cc7258c7c5d3f5076228d319457	a8b83822f7ae287a8c0c4289c07d1c76	2654ad21a087f2c85916b64264a92519
7860	3f3e3cc7258c7c5d3f5076228d319457	a8b83822f7ae287a8c0c4289c07d1c76	2654ad21a087f2c85916b64264a92519
7861	3f3e3cc7258c7c5d3f5076228d319457	a8b83822f7ae287a8c0c4289c07d1c76	2654ad21a087f2c85916b64264a92519
7862	3f3e3cc7258c7c5d3f5076228d319457	a8b83822f7ae287a8c0c4289c07d1c76	2654ad21a087f2c85916b64264a92519
7863	2f3adc0f2ef63f190e2922ae07e45c2f	6d52f9228f3c23a579b5e10581669c8a	0c3d8ea71ca7591f7602663637f03bb0
7864	2f3adc0f2ef63f190e2922ae07e45c2f	6d52f9228f3c23a579b5e10581669c8a	0c3d8ea71ca7591f7602663637f03bb0
7865	2f3adc0f2ef63f190e2922ae07e45c2f	6d52f9228f3c23a579b5e10581669c8a	0c3d8ea71ca7591f7602663637f03bb0
7866	2f3adc0f2ef63f190e2922ae07e45c2f	6d52f9228f3c23a579b5e10581669c8a	0c3d8ea71ca7591f7602663637f03bb0
7867	2f3adc0f2ef63f190e2922ae07e45c2f	6d52f9228f3c23a579b5e10581669c8a	0c3d8ea71ca7591f7602663637f03bb0
7868	a8aa821331e3f1dfbfbe60be2c42e956	e29b3a8e6d9c571fba1a47e846f92512	096c676ea14c9feedbdb820c0d119d86
7869	a8aa821331e3f1dfbfbe60be2c42e956	e29b3a8e6d9c571fba1a47e846f92512	096c676ea14c9feedbdb820c0d119d86
7870	a8aa821331e3f1dfbfbe60be2c42e956	e29b3a8e6d9c571fba1a47e846f92512	096c676ea14c9feedbdb820c0d119d86
7871	4b0de4cd164d47ac6fd6418fd28c12f4	298530f3b28858b38663fc8b372e542e	17d3484004c40fc5e63eea15d0401b1a
7872	4b0de4cd164d47ac6fd6418fd28c12f4	298530f3b28858b38663fc8b372e542e	17d3484004c40fc5e63eea15d0401b1a
7873	d104e2bfa8cd73493fb131578d8e5b91	2c21eef2fb0c8ad34c911cef2fd6deac	a5466d425979b1a4673e8e2aa78bd9bf
7874	d104e2bfa8cd73493fb131578d8e5b91	2c21eef2fb0c8ad34c911cef2fd6deac	a5466d425979b1a4673e8e2aa78bd9bf
7875	596d19ac37534f2c0f708caf362a9591	9dabac69ad0e5e5107a290d76e724598	cbff4d260700ede9e063ffeb445dee97
7876	596d19ac37534f2c0f708caf362a9591	9dabac69ad0e5e5107a290d76e724598	cbff4d260700ede9e063ffeb445dee97
7877	596d19ac37534f2c0f708caf362a9591	9dabac69ad0e5e5107a290d76e724598	cbff4d260700ede9e063ffeb445dee97
7878	596d19ac37534f2c0f708caf362a9591	9dabac69ad0e5e5107a290d76e724598	cbff4d260700ede9e063ffeb445dee97
7879	596d19ac37534f2c0f708caf362a9591	9dabac69ad0e5e5107a290d76e724598	cbff4d260700ede9e063ffeb445dee97
7880	0d3a28a3f26e47a71005ea3bd7bc0557	420b049eb7ea76061f526f89aa01fd08	44219e57d6ffafa14800a361bd3b6d5a
7881	0d3a28a3f26e47a71005ea3bd7bc0557	420b049eb7ea76061f526f89aa01fd08	44219e57d6ffafa14800a361bd3b6d5a
7882	0d3a28a3f26e47a71005ea3bd7bc0557	420b049eb7ea76061f526f89aa01fd08	44219e57d6ffafa14800a361bd3b6d5a
7883	0d3a28a3f26e47a71005ea3bd7bc0557	420b049eb7ea76061f526f89aa01fd08	44219e57d6ffafa14800a361bd3b6d5a
7884	0d3a28a3f26e47a71005ea3bd7bc0557	420b049eb7ea76061f526f89aa01fd08	44219e57d6ffafa14800a361bd3b6d5a
7885	0d3a28a3f26e47a71005ea3bd7bc0557	420b049eb7ea76061f526f89aa01fd08	44219e57d6ffafa14800a361bd3b6d5a
# classes	legacy=790	wide=835	full=835
