# rank	legacy	wide	full
15773	bbbd5115304a0b86f2791d72b1a0340f	c6c5b3620020e05319a670084669fa09	68292c36fa6929c13dab3768a6c1f41c
15774	bbbd5115304a0b86f2791d72b1a0340f	c6c5b3620020e05319a670084669fa09	68292c36fa6929c13dab3768a6c1f41c
15775	bbbd5115304a0b86f2791d72b1a0340f	c6c5b3620020e05319a670084669fa09	68292c36fa6929c13dab3768a6c1f41c
15776	bbbd5115304a0b86f2791d72b1a0340f	c6c5b3620020e05319a670084669fa09	68292c36fa6929c13dab3768a6c1f41c
15777	d70a77046b04a56506d0c5b1a07d89fc	7453129bfd8403eae0bf0af58a839a8c	7f734f583578314d8f3ee39f410ffb69
15778	d70a77046b04a56506d0c5b1a07d89fc	7453129bfd8403eae0bf0af58a839a8c	7f734f583578314d8f3ee39f410ffb69
15779	d70a77046b04a56506d0c5b1a07d89fc	7453129bfd8403eae0bf0af58a839a8c	7f734f583578314d8f3ee39f410ffb69
15780	d70a77046b04a56506d0c5b1a07d89fc	7453129bfd8403eae0bf0af58a839a8c	7f734f583578314d8f3ee39f410ffb69
15781	d70a77046b04a56506d0c5b1a07d89fc	7453129bfd8403eae0bf0af58a839a8c	7f734f583578314d8f3ee39f410ffb69
15782	d70a77046b04a56506d0c5b1a07d89fc	7453129bfd8403eae0bf0af58a839a8c	7f734f583578314d8f3ee39f410ffb69
15783	d70a77046b04a56506d0c5b1a07d89fc	7453129bfd8403eae0bf0af58a839a8c	7f734f583578314d8f3ee39f410ffb69
15784	32a7f4fb8abb0065565bf9d9cb06d952	36f8c47aadd06d017cb9cec6306c236a	4600272d068ff94cdd96ef2e1b7cc1eb
15785	32a7f4fb8abb0065565bf9d9cb06d952	36f8c47aadd06d017cb9cec6306c236a	4600272d068ff94cdd96ef2e1b7cc1eb
15786	32a7f4fb8abb0065565bf9d9cb06d952	36f8c47aadd06d017cb9cec6306c236a	4600272d068ff94cdd96ef2e1b7cc1eb
15787	6bf0656df894832f5616f14cbfe30e2e	49a2ec309f2caded8dc9f03e7f5a4a90	c5d42dfc7e340e44528c26618f7d4017
15788	6bf0656df894832f5616f14cbfe30e2e	49a2ec309f2caded8dc9f03e7f5a4a90	c5d42dfc7e340e44528c26618f7d4017
15789	5e2593ee8631bff5f8c45566c31a90cb	14aa93be8e95db39db982b01c6b7d67c	ed909e6ae7b6a27c15c0ad22c3ebbb3e
15790	5e2593ee8631bff5f8c45566c31a90cb	14aa93be8e95db39db982b01c6b7d67c	ed909e6ae7b6a27c15c0ad22c3ebbb3e
15791	5e2593ee8631bff5f8c45566c31a90cb	14aa93be8e95db39db982b01c6b7d67c	ed909e6ae7b6a27c15c0ad22c3ebbb3e
15792	12f3aec21ac93f23b0adef719342a615	803a08c80243a21b1c2fb82ce2c9628c	ffb93e578bb014bdc987794218d4e982
15793	8c61780d343b27ee0788ed345ce578df	e74bc58181f1d4f1c1e75a50bb340de3	662214011482366d70b9e247532c7435
15794	f83d5f73341e2edf577b3e47a8f3e93d	1a955fb23220938422a082df0c2b5e5f	a046c691c17c693c1a6825670cd8ec0e
15795	f83d5f73341e2edf577b3e47a8f3e93d	1a955fb23220938422a082df0c2b5e5f	a046c691c17c693c1a6825670cd8ec0e
15796	5e2593ee8631bff5f8c45566c31a90cb	14aa93be8e95db39db982b01c6b7d67c	ed909e6ae7b6a27c15c0ad22c3ebbb3e
15797	5e2593ee8631bff5f8c45566c31a90cb	14aa93be8e95db39db982b01c6b7d67c	ed909e6ae7b6a27c15c0ad22c3ebbb3e
15798	5e2593ee8631bff5f8c45566c31a90cb	14aa93be8e95db39db982b01c6b7d67c	ed909e6ae7b6a27c15c0ad22c3ebbb3e
15799	5e2593ee8631bff5f8c45566c31a90cb	14aa93be8e95db39db982b01c6b7d67c	ed909e6ae7b6a27c15c0ad22c3ebbb3e
15800	5e2593ee8631bff5f8c45566c31a90cb	14aa93be8e95db39db982b01c6b7d67c	ed909e6ae7b6a27c15c0ad22c3ebbb3e
15801	2cc0c6a348aa21bd4b9e9f2cf2550cfa	f557eb225b9a14e775631eae38761db5	112c577ba4b802c33fdb231da38ea948
15802	2cc0c6a348aa21bd4b9e9f2cf2550cfa	f557eb225b9a14e775631eae38761db5	112c577ba4b802c33fdb231da38ea948
15803	2cc0c6a348aa21bd4b9e9f2cf2550cfa	f557eb225b9a14e775631eae38761db5	112c577ba4b802c33fdb231da38ea948
15804	2cc0c6a348aa21bd4b9e9f2cf2550cfa	f557eb225b9a14e775631eae38761db5	112c577ba4b802c33fdb231da38ea948
15805	2cc0c6a348aa21bd4b9e9f2cf2550cfa	f557eb225b9a14e775631eae38761db5	112c577ba4b802c33fdb231da38ea948
15806	2cc0c6a348aa21bd4b9e9f2cf2550cfa	f557eb225b9a14e775631eae38761db5	112c577ba4b802c33fdb231da38ea948
15807	2cc0c6a348aa21bd4b9e9f2cf2550cfa	f557eb225b9a14e775631eae38761db5	112c577ba4b802c33fdb231da38ea948
15808	6ef971c4d35b78c3659e69494b4149b5	826aa95bf41bc5febd3ed483b45bfffe	11cd624841b0f453743fa31cce82d1b3
15809	6ef971c4d35b78c3659e69494b4149b5	826aa95bf41bc5febd3ed483b45bfffe	11cd624841b0f453743fa31cce82d1b3
15810	6ef971c4d35b78c3659e69494b4149b5	826aa95bf41bc5febd3ed483b45bfffe	11cd624841b0f453743fa31cce82d1b3
15811	4e8842c5590f943cac3d021eb31346a4	914cf7139c27a98970e188950a8ffdfa	2c02bc1bbe227064faa40bcd15f646b8
15812	6aaeb9fdcf69819e6c9fdcb8cee2ccd6	b97656362e2a04631331a37b1fd59d37	fd6ddd79fced4a6dbc2ee0207006e291
15813	6ef971c4d35b78c3659e69494b4149b5	826aa95bf41bc5febd3ed483b45bfffe	11cd624841b0f453743fa31cce82d1b3
15814	6ef971c4d35b78c3659e69494b4149b5	826aa95bf41bc5febd3ed483b45bfffe	11cd624841b0f453743fa31cce82d1b3
15815	6ef971c4d35b78c3659e69494b4149b5	826aa95bf41bc5febd3ed483b45bfffe	11cd624841b0f453743fa31cce82d1b3
15816	6ef971c4d35b78c3659e69494b4149b5	826aa95bf41bc5febd3ed483b45bfffe	11cd624841b0f453743fa31cce82d1b3
15817	6ef971c4d35b78c3659e69494b4149b5	826aa95bf41bc5febd3ed483b45bfffe	11cd624841b0f453743fa31cce82d1b3
15818	29fdf3be1b622e1c025aa878a1f16824	5f92083053df7cb59ac1c8356c464549	4c5a117827a83708c39ea208e327cf82
15819	29fdf3be1b622e1c025aa878a1f16824	5f92083053df7cb59ac1c8356c464549	4c5a117827a83708c39ea208e327cf82
15820	29fdf3be1b622e1c025aa878a1f16824	5f92083053df7cb59ac1c8356c464549	4c5a117827a83708c39ea208e327cf82
15821	29fdf3be1b622e1c025aa878a1f16824	5f92083053df7cb59ac1c8356c464549	4c5a117827a83708c39ea208e327cf82
15822	29fdf3be1b622e1c025aa878a1f16824	5f92083053df7cb59ac1c8356c464549	4c5a117827a83708c39ea208e327cf82
15823	29fdf3be1b622e1c025aa878a1f16824	5f92083053df7cb59ac1c8356c464549	4c5a117827a83708c39ea208e327cf82
15824	29fdf3be1b622e1c025aa878a1f16824	5f92083053df7cb59ac1c8356c464549	4c5a117827a83708c39ea208e327cf82
15825	d744378293aa378499407132b5774e86	b27449f952d0f1a42e4e87933a3a0143	15f22e356bb98bca21cba7dc27993bbc
15826	d744378293aa378499407132b5774e86	b27449f952d0f1a42e4e87933a3a0143	15f22e356bb98bca21cba7dc27993bbc
15827	d744378293aa378499407132b5774e86	b27449f952d0f1a42e4e87933a3a0143	15f22e356bb98bca21cba7dc27993bbc
15828	d744378293aa378499407132b5774e86	b27449f952d0f1a42e4e87933a3a0143	15f22e356bb98bca21cba7dc27993bbc
15829	d744378293aa378499407132b5774e86	b27449f952d0f1a42e4e87933a3a0143	15f22e356bb98bca21cba7dc27993bbc
15830	0f00a656a3e8f77072bf7c462ddfd3e5	8310050f86166ebbe17346c1f7ac937a	a826049240b0e964e43ddc15a25cd402
15831	0f00a656a3e8f77072bf7c462ddfd3e5	8310050f86166ebbe17346c1f7ac937a	a826049240b0e964e43ddc15a25cd402
15832	0f00a656a3e8f77072bf7c462ddfd3e5	8310050f86166ebbe17346c1f7ac937a	a826049240b0e964e43ddc15a25cd402
15833	0d6871613c861b05b69a31ba51e942a3	1253d5285ef483a3ea588d2fd6d73824	7da599f52f3820d9ef0571a85f278444
15834	e67800cd56c32471b77215b912c9654c	86a994b4719a9ec70498da9e065fcb2b	b1d3a3c5a219adc7724937f07a1eaa04
15835	0f00a656a3e8f77072bf7c462ddfd3e5	8310050f86166ebbe17346c1f7ac937a	a826049240b0e964e43ddc15a25cd402
15836	0f00a656a3e8f77072bf7c462ddfd3e5	8310050f86166ebbe17346c1f7ac937a	a826049240b0e964e43ddc15a25cd402
15837	bc5fa9e0cc88042f1e7115e70f7c9f56	9fbb78fed5b6cda81fd2399f951c0b08	6a6727daf775c282210db7d8e8ef7159
15838	bc5fa9e0cc88042f1e7115e70f7c9f56	9fbb78fed5b6cda81fd2399f951c0b08	6a6727daf775c282210db7d8e8ef7159
15839	bc5fa9e0cc88042f1e7115e70f7c9f56	9fbb78fed5b6cda81fd2399f951c0b08	6a6727daf775c282210db7d8e8ef7159
15840	bc5fa9e0cc88042f1e7115e70f7c9f56	9fbb78fed5b6cda81fd2399f951c0b08	6a6727daf775c282210db7d8e8ef7159
15841	bc5fa9e0cc88042f1e7115e70f7c9f56	9fbb78fed5b6cda81fd2399f951c0b08	6a6727daf775c282210db7d8e8ef7159
15842	626878fec1fc82558166ed21a1ed5f13	a16435d7df6d4ed46bdbca4931d1693d	d9eb7f952d72e21ebb4aa53c5a080df5
15843	67692b60b3096f87980042a28207301f	a0d14d26c112b5cca052808ed127e8b9	23693e436c425cb0ddadf16d06cd1625
15844	f1042361702f073483d078194830baea	769ca1da36ac900a19e2973a07921a35	d9c7d22034e75f298624742124fb2fdf
15845	67692b60b3096f87980042a28207301f	a0d14d26c112b5cca052808ed127e8b9	23693e436c425cb0ddadf16d06cd1625
15846	67692b60b3096f87980042a28207301f	a0d14d26c112b5cca052808ed127e8b9	23693e436c425cb0ddadf16d06cd1625
15847	655b46f174b45d74d3e22b2bad696bf2	4e4b07f89b8bf2255be831b58565c76d	50c7733f41f9596b7183fff68ffbd163
15848	655b46f174b45d74d3e22b2bad696bf2	4e4b07f89b8bf2255be831b58565c76d	50c7733f41f9596b7183fff68ffbd163
15849	655b46f174b45d74d3e22b2bad696bf2	4e4b07f89b8bf2255be831b58565c76d	50c7733f41f9596b7183fff68ffbd163
15850	655b46f174b45d74d3e22b2bad696bf2	4e4b07f89b8bf2255be831b58565c76d	50c7733f41f9596b7183fff68ffbd163
15851	655b46f174b45d74d3e22b2bad696bf2	4e4b07f89b8bf2255be831b58565c76d	50c7733f41f9596b7183fff68ffbd163
15852	655b46f174b45d74d3e22b2bad696bf2	4e4b07f89b8bf2255be831b58565c76d	50c7733f41f9596b7183fff68ffbd163
15853	655b46f174b45d74d3e22b2bad696bf2	4e4b07f89b8bf2255be831b58565c76d	50c7733f41f9596b7183fff68ffbd163
15854	4e60f72478d1077e3e2b71e510c85999	52ee26dcb568faae0316461c1e0ffff5	dedf120a16f89ec03f041cb80ee08f77
15855	4e60f72478d1077e3e2b71e510c85999	52ee26dcb568faae0316461c1e0ffff5	dedf120a16f89ec03f041cb80ee08f77
15856	e3b8ca796ddc1b1dc5c8d50a8da29ba3	fcb91cf3f4fe3f5f9c0b810edb29208b	7a082c1cd649c9204f10bcef60711565
15857	4e60f72478d1077e3e2b71e510c85999	52ee26dcb568faae0316461c1e0ffff5	dedf120a16f89ec03f041cb80ee08f77
15858	4e60f72478d1077e3e2b71e510c85999	52ee26dcb568faae0316461c1e0ffff5	dedf120a16f89ec03f041cb80ee08f77
15859	c8a4f78e758a5e1111e6f742eb172999	e1c1486b76a90d5020d169507c6e5887	147bb6eee71602c29095831aabf804cd
15860	c8a4f78e758a5e1111e6f742eb172999	e1c1486b76a90d5020d169507c6e5887	147bb6eee71602c29095831aabf804cd
15861	c8a4f78e758a5e1111e6f742eb172999	e1c1486b76a90d5020d169507c6e5887	147bb6eee71602c29095831aabf804cd
15862	c8a4f78e758a5e1111e6f742eb172999	e1c1486b76a90d5020d169507c6e5887	147bb6eee71602c29095831aabf804cd
15863	c8a4f78e758a5e1111e6f742eb172999	e1c1486b76a90d5020d169507c6e5887	147bb6eee71602c29095831aabf804cd
15864	9c254766135a0f3f74923486dcf975b7	2e0b5ca3b8db147ef483d0d4fb5de51b	32d22d39fb638a3845ae91e0baba8a48
15865	9c254766135a0f3f74923486dcf975b7	2e0b5ca3b8db147ef483d0d4fb5de51b	32d22d39fb638a3845ae91e0baba8a48
15866	86d11a708b4f6facbb80401f324e5a81	26600eb5823f1df556ddaac875728c33	e0466e1d24e9fc5333c14299008fa145
15867	86d11a708b4f6facbb80401f324e5a81	26600eb5823f1df556ddaac875728c33	e0466e1d24e9fc5333c14299008fa145
15868	86d11a708b4f6facbb80401f324e5a81	26600eb5823f1df556ddaac875728c33	e0466e1d24e9fc5333c14299008fa145
15869	97e3af012cc708eea5cdce1c52fef95f	026dccd9860be16a4df4ba904f1dd47c	70066401cb85c4140d30063fb9db5e02
15870	86d11a708b4f6facbb80401f324e5a81	26600eb5823f1df556ddaac875728c33	e0466e1d24e9fc5333c14299008fa145
15871	66e0bda1a485d3cd7a00e183d941950f	ec91750a00a84c91c5fbe98616d8eee6	81d2b8f5bfdf0daa40d616db52d92771
15872	66e0bda1a485d3cd7a00e183d941950f	ec91750a00a84c91c5fbe98616d8eee6	81d2b8f5bfdf0daa40d616db52d92771
15873	66e0bda1a485d3cd7a00e183d941950f	ec91750a00a84c91c5fbe98616d8eee6	81d2b8f5bfdf0daa40d616db52d92771
15874	66e0bda1a485d3cd7a00e183d941950f	ec91750a00a84c91c5fbe98616d8eee6	81d2b8f5bfdf0daa40d616db52d92771
15875	66e0bda1a485d3cd7a00e183d941950f	ec91750a00a84c91c5fbe98616d8eee6	81d2b8f5bfdf0daa40d616db52d92771
15876	66e0bda1a485d3cd7a00e183d941950f	ec91750a00a84c91c5fbe98616d8eee6	81d2b8f5bfdf0daa40d616db52d92771
15877	66e0bda1a485d3cd7a00e183d941950f	ec91750a00a84c91c5fbe98616d8eee6	81d2b8f5bfdf0daa40d616db52d92771
15878	34a85ef42ec30d80a2dd206774b402d4	a783bd546348c1958385aa3832263961	03474373a1a27dd5c2ef641435d50a5a
15879	34a85ef42ec30d80a2dd206774b402d4	a783bd546348c1958385aa3832263961	03474373a1a27dd5c2ef641435d50a5a
15880	34a85ef42ec30d80a2dd206774b402d4	a783bd546348c1958385aa3832263961	03474373a1a27dd5c2ef641435d50a5a
15881	34a85ef42ec30d80a2dd206774b402d4	a783bd546348c1958385aa3832263961	03474373a1a27dd5c2ef641435d50a5a
15882	34a85ef42ec30d80a2dd206774b402d4	a783bd546348c1958385aa3832263961	03474373a1a27dd5c2ef641435d50a5a
15883	b24626f81a63bc15a66e3c46800ef05c	8a7a355e56d803929d8fdc401f8c90c6	aba7475931483846e0f610b39cd4e291
15884	b24626f81a63bc15a66e3c46800ef05c	8a7a355e56d803929d8fdc401f8c90c6	aba7475931483846e0f610b39cd4e291
15885	b24626f81a63bc15a66e3c46800ef05c	8a7a355e56d803929d8fdc401f8c90c6	aba7475931483846e0f610b39cd4e291
15886	b24626f81a63bc15a66e3c46800ef05c	8a7a355e56d803929d8fdc401f8c90c6	aba7475931483846e0f610b39cd4e291
15887	b24626f81a63bc15a66e3c46800ef05c	8a7a355e56d803929d8fdc401f8c90c6	aba7475931483846e0f610b39cd4e291
15888	ed6beabdab2e86e2082fb4d6ea104499	2a674c5bc7ba51709f76809d655ff4aa	05d54a30c49cb3eb5140150e43f308eb
15889	ed6beabdab2e86e2082fb4d6ea104499	2a674c5bc7ba51709f76809d655ff4aa	05d54a30c49cb3eb5140150e43f308eb
15890	ed6beabdab2e86e2082fb4d6ea104499	2a674c5bc7ba51709f76809d655ff4aa	05d54a30c49cb3eb5140150e43f308eb
15891	ed6beabdab2e86e2082fb4d6ea104499	2a674c5bc7ba51709f76809d655ff4aa	05d54a30c49cb3eb5140150e43f308eb
15892	ed6beabdab2e86e2082fb4d6ea104499	2a674c5bc7ba51709f76809d655ff4aa	05d54a30c49cb3eb5140150e43f308eb
15893	ed6beabdab2e86e2082fb4d6ea104499	2a674c5bc7ba51709f76809d655ff4aa	05d54a30c49cb3eb5140150e43f308eb
15894	ed6beabdab2e86e2082fb4d6ea104499	2a674c5bc7ba51709f76809d655ff4aa	05d54a30c49cb3eb5140150e43f308eb
15895	ed6beabdab2e86e2082fb4d6ea104499	2a674c5bc7ba51709f76809d655ff4aa	05d54a30c49cb3eb5140150e43f308eb
15896	ed6beabdab2e86e2082fb4d6ea104499	2a674c5bc7ba51709f76809d655ff4aa	05d54a30c49cb3eb5140150e43f308eb
15897	ed6beabdab2e86e2082fb4d6ea104499	2a674c5bc7ba51709f76809d655ff4aa	05d54a30c49cb3eb5140150e43f308eb
15898	ed6beabdab2e86e2082fb4d6ea104499	2a674c5bc7ba51709f76809d655ff4aa	05d54a30c49cb3eb5140150e43f308eb
15899	ed6beabdab2e86e2082fb4d6ea104499	2a674c5bc7ba51709f76809d655ff4aa	05d54a30c49cb3eb5140150e43f308eb
15900	ab80ac932fb3caefd1d91205b936eee2	aeb74a4f04606f788b4a07b559194df2	02d9a41e4bd6e564d576077be69af73c
15901	ab80ac932fb3caefd1d91205b936eee2	aeb74a4f04606f788b4a07b559194df2	02d9a41e4bd6e564d576077be69af73c
15902	ab80ac932fb3caefd1d91205b936eee2	aeb74a4f04606f788b4a07b559194df2	02d9a41e4bd6e564d576077be69af73c
15903	ab80ac932fb3caefd1d91205b936eee2	aeb74a4f04606f788b4a07b559194df2	02d9a41e4bd6e564d576077be69af73c
15904	ab80ac932fb3caefd1d91205b936eee2	aeb74a4f04606f788b4a07b559194df2	02d9a41e4bd6e564d576077be69af73c
15905	ab80ac932fb3caefd1d91205b936eee2	aeb74a4f04606f788b4a07b559194df2	02d9a41e4bd6e564d576077be69af73c
15906	ab80ac932fb3caefd1d91205b936eee2	aeb74a4f04606f788b4a07b559194df2	02d9a41e4bd6e564d576077be69af73c
15907	613f0813e1e8401b92eb1c2c3c8efba2	0a91e195e59db9bb80ac32abf6b50270	359d7531b83c0d725e3286612741b4ad
15908	613f0813e1e8401b92eb1c2c3c8efba2	0a91e195e59db9bb80ac32abf6b50270	359d7531b83c0d725e3286612741b4ad
15909	613f0813e1e8401b92eb1c2c3c8efba2	0a91e195e59db9bb80ac32abf6b50270	359d7531b83c0d725e3286612741b4ad
15910	84c669e35111695cc6fa3e3c62841d0d	807c8c4c43084e006748557fb028038b	e0c554f5d0590ebd69fa3203e090d012
15911	cd2046c0b9ca9a6ee7c5478ffeb9ee88	66db75cc59039c7ce5d4760f0323eb00	898a41cec0d242ae72a18debff5f79ce
15912	613f0813e1e8401b92eb1c2c3c8efba2	0a91e195e59db9bb80ac32abf6b50270	359d7531b83c0d725e3286612741b4ad
15913	613f0813e1e8401b92eb1c2c3c8efba2	0a91e195e59db9bb80ac32abf6b50270	359d7531b83c0d725e3286612741b4ad
15914	613f0813e1e8401b92eb1c2c3c8efba2	0a91e195e59db9bb80ac32abf6b50270	359d7531b83c0d725e3286612741b4ad
15915	84c669e35111695cc6fa3e3c62841d0d	807c8c4c43084e006748557fb028038b	e0c554f5d0590ebd69fa3203e090d012
15916	84c669e35111695cc6fa3e3c62841d0d	807c8c4c43084e006748557fb028038b	e0c554f5d0590ebd69fa3203e090d012
15917	d256dfad4957d288889dbdd331b2764b	f0d2b20e03eb924bf2ced45a23769b0a	86c9a9a74ec0ea0fcf2e7304c1b8bec5
15918	d256dfad4957d288889dbdd331b2764b	f0d2b20e03eb924bf2ced45a23769b0a	86c9a9a74ec0ea0fcf2e7304c1b8bec5
15919	d256dfad4957d288889dbdd331b2764b	f0d2b20e03eb924bf2ced45a23769b0a	86c9a9a74ec0ea0fcf2e7304c1b8bec5
15920	d256dfad4957d288889dbdd331b2764b	f0d2b20e03eb924bf2ced45a23769b0a	86c9a9a74ec0ea0fcf2e7304c1b8bec5
15921	d256dfad4957d288889dbdd331b2764b	f0d2b20e03eb924bf2ced45a23769b0a	86c9a9a74ec0ea0fcf2e7304c1b8bec5
15922	d256dfad4957d288889dbdd331b2764b	f0d2b20e03eb924bf2ced45a23769b0a	86c9a9a74ec0ea0fcf2e7304c1b8bec5
15923	d256dfad4957d288889dbdd331b2764b	f0d2b20e03eb924bf2ced45a23769b0a	86c9a9a74ec0ea0fcf2e7304c1b8bec5
15924	bb75b0627e23f97fe096a48087c304ab	13f03367382e66ca330b94bfbe5b2ef3	d11d8fba352c5308d9d3e73079673a97
15925	73b78bae73b7f2c1fadd4a454d98b174	f2d4426055d9ea6b1ab068e54a8e6e5e	ec02682bb60dd814754b4811715c2a2b
15926	bb75b0627e23f97fe096a48087c304ab	13f03367382e66ca330b94bfbe5b2ef3	d11d8fba352c5308d9d3e73079673a97
15927	bb75b0627e23f97fe096a48087c304ab	13f03367382e66ca330b94bfbe5b2ef3	d11d8fba352c5308d9d3e73079673a97
15928	bb75b0627e23f97fe096a48087c304ab	13f03367382e66ca330b94bfbe5b2ef3	d11d8fba352c5308d9d3e73079673a97
15929	c0143aac33d87a3819ca8db48cac26f7	3bb5c123e3a1ad40e209e41ce683ad6e	8ceb6d07481b40d814eaa6910f3624fe
15930	c0143aac33d87a3819ca8db48cac26f7	3bb5c123e3a1ad40e209e41ce683ad6e	8ceb6d07481b40d814eaa6910f3624fe
15931	c0143aac33d87a3819ca8db48cac26f7	3bb5c123e3a1ad40e209e41ce683ad6e	8ceb6d07481b40d814eaa6910f3624fe
15932	c0143aac33d87a3819ca8db48cac26f7	3bb5c123e3a1ad40e209e41ce683ad6e	8ceb6d07481b40d814eaa6910f3624fe
15933	c0143aac33d87a3819ca8db48cac26f7	3bb5c123e3a1ad40e209e41ce683ad6e	8ceb6d07481b40d814eaa6910f3624fe
15934	c0143aac33d87a3819ca8db48cac26f7	3bb5c123e3a1ad40e209e41ce683ad6e	8ceb6d07481b40d814eaa6910f3624fe
15935	c0143aac33d87a3819ca8db48cac26f7	3bb5c123e3a1ad40e209e41ce683ad6e	8ceb6d07481b40d814eaa6910f3624fe
15936	c0143aac33d87a3819ca8db48cac26f7	3bb5c123e3a1ad40e209e41ce683ad6e	8ceb6d07481b40d814eaa6910f3624fe
15937	c0143aac33d87a3819ca8db48cac26f7	3bb5c123e3a1ad40e209e41ce683ad6e	8ceb6d07481b40d814eaa6910f3624fe
15938	c0143aac33d87a3819ca8db48cac26f7	3bb5c123e3a1ad40e209e41ce683ad6e	8ceb6d07481b40d814eaa6910f3624fe
15939	c0143aac33d87a3819ca8db48cac26f7	3bb5c123e3a1ad40e209e41ce683ad6e	8ceb6d07481b40d814eaa6910f3624fe
15940	c0143aac33d87a3819ca8db48cac26f7	3bb5c123e3a1ad40e209e41ce683ad6e	8ceb6d07481b40d814eaa6910f3624fe
15941	c0143aac33d87a3819ca8db48cac26f7	3bb5c123e3a1ad40e209e41ce683ad6e	8ceb6d07481b40d814eaa6910f3624fe
15942	c0143aac33d87a3819ca8db48cac26f7	3bb5c123e3a1ad40e209e41ce683ad6e	8ceb6d07481b40d814eaa6910f3624fe
15943	c0143aac33d87a3819ca8db48cac26f7	3bb5c123e3a1ad40e209e41ce683ad6e	8ceb6d07481b40d814eaa6910f3624fe
15944	c0143aac33d87a3819ca8db48cac26f7	3bb5c123e3a1ad40e209e41ce683ad6e	8ceb6d07481b40d814eaa6910f3624fe
15945	c0143aac33d87a3819ca8db48cac26f7	3bb5c123e3a1ad40e209e41ce683ad6e	8ceb6d07481b40d814eaa6910f3624fe
15946	7456bb508a1ba1a54365a2cdf3efc372	d412d084840758e89ea4a894d389d2ee	8aae4b2ca050ecc480f55dca97127805
15947	7456bb508a1ba1a54365a2cdf3efc372	d412d084840758e89ea4a894d389d2ee	8aae4b2ca050ecc480f55dca97127805
15948	7456bb508a1ba1a54365a2cdf3efc372	d412d084840758e89ea4a894d389d2ee	8aae4b2ca050ecc480f55dca97127805
15949	7456bb508a1ba1a54365a2cdf3efc372	d412d084840758e89ea4a894d389d2ee	8aae4b2ca050ecc480f55dca97127805
15950	7456bb508a1ba1a54365a2cdf3efc372	d412d084840758e89ea4a894d389d2ee	8aae4b2ca050ecc480f55dca97127805
15951	7456bb508a1ba1a54365a2cdf3efc372	d412d084840758e89ea4a894d389d2ee	8aae4b2ca050ecc480f55dca97127805
15952	7456bb508a1ba1a54365a2cdf3efc372	d412d084840758e89ea4a894d389d2ee	8aae4b2ca050ecc480f55dca97127805
15953	a8e26f7dd367ace12aba86f8bf9bf3b9	3ccd30e1f0462682c298d4c794cd1fe3	8e31e2913b7adb43da0a63f766cfa25e
15954	a8e26f7dd367ace12aba86f8bf9bf3b9	3ccd30e1f0462682c298d4c794cd1fe3	8e31e2913b7adb43da0a63f766cfa25e
15955	a8e26f7dd367ace12aba86f8bf9bf3b9	3ccd30e1f0462682c298d4c794cd1fe3	8e31e2913b7adb43da0a63f766cfa25e
15956	e3facf15a15a44f8847903ef33c27ee8	0272346aa1b874371348d9d380427026	ee6aa48cb71a772c51acdf96b111582d
15957	e3facf15a15a44f8847903ef33c27ee8	0272346aa1b874371348d9d380427026	ee6aa48cb71a772c51acdf96b111582d
15958	a6a9d3e98bfaa19d76824bad41deb5f7	6168b2619f857774a05f7d1267148fcd	9e902531c0a59acd7998875b2b9b5374
15959	a6a9d3e98bfaa19d76824bad41deb5f7	6168b2619f857774a05f7d1267148fcd	9e902531c0a59acd7998875b2b9b5374
15960	a6a9d3e98bfaa19d76824bad41deb5f7	6168b2619f857774a05f7d1267148fcd	9e902531c0a59acd7998875b2b9b5374
15961	a6a9d3e98bfaa19d76824bad41deb5f7	6168b2619f857774a05f7d1267148fcd	9e902531c0a59acd7998875b2b9b5374
15962	a6a9d3e98bfaa19d76824bad41deb5f7	6168b2619f857774a05f7d1267148fcd	9e902531c0a59acd7998875b2b9b5374
15963	a6a9d3e98bfaa19d76824bad41deb5f7	6168b2619f857774a05f7d1267148fcd	9e902531c0a59acd7998875b2b9b5374
15964	a6a9d3e98bfaa19d76824bad41deb5f7	6168b2619f857774a05f7d1267148fcd	9e902531c0a59acd7998875b2b9b5374
15965	3a7c5a2cb1932f1823b9a2c40c9fcac2	8f41d97e63abfb0835741133aa291e82	7bd5a6c1cc5ab4feb4c20f53d68b6d74
15966	3a7c5a2cb1932f1823b9a2c40c9fcac2	8f41d97e63abfb0835741133aa291e82	7bd5a6c1cc5ab4feb4c20f53d68b6d74
15967	3a7c5a2cb1932f1823b9a2c40c9fcac2	8f41d97e63abfb0835741133aa291e82	7bd5a6c1cc5ab4feb4c20f53d68b6d74
15968	3a7c5a2cb1932f1823b9a2c40c9fcac2	8f41d97e63abfb0835741133aa291e82	7bd5a6c1cc5ab4feb4c20f53d68b6d74
15969	3a7c5a2cb1932f1823b9a2c40c9fcac2	8f41d97e63abfb0835741133aa291e82	7bd5a6c1cc5ab4feb4c20f53d68b6d74
15970	4a9d3623a59d24a70a8e56cf4575ddee	0f4cec51488e381ac2ecacbc3265f7c9	1d91cfa7b2871c4f8e8479f782388d88
15971	4a9d3623a59d24a70a8e56cf4575ddee	0f4cec51488e381ac2ecacbc3265f7c9	1d91cfa7b2871c4f8e8479f782388d88
15972	4a9d3623a59d24a70a8e56cf4575ddee	0f4cec51488e381ac2ecacbc3265f7c9	1d91cfa7b2871c4f8e8479f782388d88
15973	4a9d3623a59d24a70a8e56cf4575ddee	0f4cec51488e381ac2ecacbc3265f7c9	1d91cfa7b2871c4f8e8479f782388d88
15974	4a9d3623a59d24a70a8e56cf4575ddee	0f4cec51488e381ac2ecacbc3265f7c9	1d91cfa7b2871c4f8e8479f782388d88
15975	4a9d3623a59d24a70a8e56cf4575ddee	0f4cec51488e381ac2ecacbc3265f7c9	1d91cfa7b2871c4f8e8479f782388d88
15976	4a9d3623a59d24a70a8e56cf4575ddee	0f4cec51488e381ac2ecacbc3265f7c9	1d91cfa7b2871c4f8e8479f782388d88
15977	7762c8354bf1876fe115598f564718ec	9d36cc0ddd0b1f43835d309777868d24	1d7babb19c1d605379ab4906dedac96e
15978	7762c8354bf1876fe115598f564718ec	9d36cc0ddd0b1f43835d309777868d24	1d7babb19c1d605379ab4906dedac96e
15979	7762c8354bf1876fe115598f564718ec	9d36cc0ddd0b1f43835d309777868d24	1d7babb19c1d605379ab4906dedac96e
15980	7762c8354bf1876fe115598f564718ec	9d36cc0ddd0b1f43835d309777868d24	1d7babb19c1d605379ab4906dedac96e
15981	7762c8354bf1876fe115598f564718ec	9d36cc0ddd0b1f43835d309777868d24	1d7babb19c1d605379ab4906dedac96e
15982	ef0f1262cf6a20b1beac7b83475414c9	33cb2431b6ca330b645000f34555b8a3	12a93dd737a95e7ea8ae8d9e5d400162
15983	ef0f1262cf6a20b1beac7b83475414c9	33cb2431b6ca330b645000f34555b8a3	12a93dd737a95e7ea8ae8d9e5d400162
15984	ef0f1262cf6a20b1beac7b83475414c9	33cb2431b6ca330b645000f34555b8a3	12a93dd737a95e7ea8ae8d9e5d400162
15985	ef0f1262cf6a20b1beac7b83475414c9	33cb2431b6ca330b645000f34555b8a3	12a93dd737a95e7ea8ae8d9e5d400162
15986	ef0f1262cf6a20b1beac7b83475414c9	33cb2431b6ca330b645000f34555b8a3	12a93dd737a95e7ea8ae8d9e5d400162
15987	8aa9acc23548458b2e8fdf42faee554b	91b41f92d1337a72918fcfa957d2f186	412191c8b7a56ba5ca7abc8878bcc665
15988	8aa9acc23548458b2e8fdf42faee554b	91b41f92d1337a72918fcfa957d2f186	412191c8b7a56ba5ca7abc8878bcc665
15989	8aa9acc23548458b2e8fdf42faee554b	91b41f92d1337a72918fcfa957d2f186	412191c8b7a56ba5ca7abc8878bcc665
15990	34a02e9450a62f12fd7ddfed1f9a3eae	b8ae0391e976b3c9d5428e5007aa3265	ab3b9b1270cd6f30e89f6c698419b445
15991	34a02e9450a62f12fd7ddfed1f9a3eae	b8ae0391e976b3c9d5428e5007aa3265	ab3b9b1270cd6f30e89f6c698419b445
15992	20856e45c989ca9c86b87657ba461c7d	77e7feaa97d7558141e5746abc1a25da	51d1c3620c2d6767c2e68aa335f25b67
15993	e93fd0ec1ef7f868de741bdbc602a729	ec6aba07d840334b8fa7dcb0770d13bd	aab78418b33629fb59d492671ffed6c9
15994	848cefbcab33267f0a7eee8157c2a6b1	cd80ed69d758c9df6fc28698e362f9f5	d3152ca983e3ddcc799aff719fa2679c
15995	848cefbcab33267f0a7eee8157c2a6b1	cd80ed69d758c9df6fc28698e362f9f5	d3152ca983e3ddcc799aff719fa2679c
15996	848cefbcab33267f0a7eee8157c2a6b1	cd80ed69d758c9df6fc28698e362f9f5	d3152ca983e3ddcc799aff719fa2679c
15997	848cefbcab33267f0a7eee8157c2a6b1	cd80ed69d758c9df6fc28698e362f9f5	d3152ca983e3ddcc799aff719fa2679c
15998	848cefbcab33267f0a7eee8157c2a6b1	cd80ed69d758c9df6fc28698e362f9f5	d3152ca983e3ddcc799aff719fa2679c
15999	af8ac91a70413654617ddfe4a7015bdb	5df68efa3da13633945d1acf465ac55e	486adafa10ed27d8bb4c355bfc15830c
16000	af8ac91a70413654617ddfe4a7015bdb	5df68efa3da13633945d1acf465ac55e	486adafa10ed27d8bb4c355bfc15830c
16001	af8ac91a70413654617ddfe4a7015bdb	5df68efa3da13633945d1acf465ac55e	486adafa10ed27d8bb4c355bfc15830c
16002	af8ac91a70413654617ddfe4a7015bdb	5df68efa3da13633945d1acf465ac55e	486adafa10ed27d8bb4c355bfc15830c
16003	af8ac91a70413654617ddfe4a7015bdb	5df68efa3da13633945d1acf465ac55e	486adafa10ed27d8bb4c355bfc15830c
16004	af8ac91a70413654617ddfe4a7015bdb	5df68efa3da13633945d1acf465ac55e	486adafa10ed27d8bb4c355bfc15830c
16005	af8ac91a70413654617ddfe4a7015bdb	5df68efa3da13633945d1acf465ac55e	486adafa10ed27d8bb4c355bfc15830c
16006	8e150672afe90e53ef339e9d5af21d94	632b85fa7c63bc5f39a9d021679e2fe7	6a8a2bdf64b9937c2dc8ad83a14e2b37
16007	a03f7ff1aaa0bbc6875ac98b3e861133	96cedfafcaaa87ce59e4f11122ea3738	12549f90e8b0436542566567d9e51a5b
16008	a03f7ff1aaa0bbc6875ac98b3e861133	96cedfafcaaa87ce59e4f11122ea3738	12549f90e8b0436542566567d9e51a5b
16009	8e150672afe90e53ef339e9d5af21d94	632b85fa7c63bc5f39a9d021679e2fe7	6a8a2bdf64b9937c2dc8ad83a14e2b37
16010	8e150672afe90e53ef339e9d5af21d94	632b85fa7c63bc5f39a9d021679e2fe7	6a8a2bdf64b9937c2dc8ad83a14e2b37
16011	cde4c6f51db13f8339f2d6afc117b1ec	8e3a05ab1bddc553460013d04791bdb5	12c3eaf6108ff98dd690138b84d60219
16012	cde4c6f51db13f8339f2d6afc117b1ec	8e3a05ab1bddc553460013d04791bdb5	12c3eaf6108ff98dd690138b84d60219
16013	cde4c6f51db13f8339f2d6afc117b1ec	8e3a05ab1bddc553460013d04791bdb5	12c3eaf6108ff98dd690138b84d60219
16014	0516d29c86a24f78a099a6de87219549	e4cc0a0a0d8b9fb97dc8e953e9a5c9dd	dfbe14c94e5b523dc08d5f3dc2d2b3ca
16015	e5468e3a40a3ba8fd0089d695372b22c	b97796431fa2966fb866b3d3abb62f29	0043955fabc29d4f96941bee8e43f4d6
16016	9199d51331552ebdc95416d26f6e4a69	85c81fa692be8d240a791cf2679e5adc	8b1249fda5c9e876d58333a6dd0b3458
16017	9199d51331552ebdc95416d26f6e4a69	85c81fa692be8d240a791cf2679e5adc	8b1249fda5c9e876d58333a6dd0b3458
16018	9199d51331552ebdc95416d26f6e4a69	85c81fa692be8d240a791cf2679e5adc	8b1249fda5c9e876d58333a6dd0b3458
16019	9199d51331552ebdc95416d26f6e4a69	85c81fa692be8d240a791cf2679e5adc	8b1249fda5c9e876d58333a6dd0b3458
16020	9199d51331552ebdc95416d26f6e4a69	85c81fa692be8d240a791cf2679e5adc	8b1249fda5c9e876d58333a6dd0b3458
16021	9199d51331552ebdc95416d26f6e4a69	85c81fa692be8d240a791cf2679e5adc	8b1249fda5c9e876d58333a6dd0b3458
16022	9199d51331552ebdc95416d26f6e4a69	85c81fa692be8d240a791cf2679e5adc	8b1249fda5c9e876d58333a6dd0b3458
16023	b9a4b2b968bd8e10ab641ab8edb6e225	111c1e0d1c45eaf0a2a002dbac7f91f7	0a1d284801dad80dc69c3b3e6b461393
16024	b9a4b2b968bd8e10ab641ab8edb6e225	111c1e0d1c45eaf0a2a002dbac7f91f7	0a1d284801dad80dc69c3b3e6b461393
16025	b9a4b2b968bd8e10ab641ab8edb6e225	111c1e0d1c45eaf0a2a002dbac7f91f7	0a1d284801dad80dc69c3b3e6b461393
16026	bba9b825ad19047c5aa8ff7a32cad209	156d98b142cce880518fee32fe9a78e5	be1e6ab9ed853f39d6fd70b5c662b154
16027	bba9b825ad19047c5aa8ff7a32cad209	156d98b142cce880518fee32fe9a78e5	be1e6ab9ed853f39d6fd70b5c662b154
16028	9199d51331552ebdc95416d26f6e4a69	85c81fa692be8d240a791cf2679e5adc	8b1249fda5c9e876d58333a6dd0b3458
16029	9199d51331552ebdc95416d26f6e4a69	85c81fa692be8d240a791cf2679e5adc	8b1249fda5c9e876d58333a6dd0b3458
16030	9199d51331552ebdc95416d26f6e4a69	85c81fa692be8d240a791cf2679e5adc	8b1249fda5c9e876d58333a6dd0b3458
16031	9199d51331552ebdc95416d26f6e4a69	85c81fa692be8d240a791cf2679e5adc	8b1249fda5c9e876d58333a6dd0b3458
16032	23b330d5cff5be99b0f608b1269e19ec	b1e73d39d23ad2921fcd4229da2df2b7	e8d70b8d156b32ba2805bdb4b51136e9
16033	9199d51331552ebdc95416d26f6e4a69	85c81fa692be8d240a791cf2679e5adc	8b1249fda5c9e876d58333a6dd0b3458
16034	9199d51331552ebdc95416d26f6e4a69	85c81fa692be8d240a791cf2679e5adc	8b1249fda5c9e876d58333a6dd0b3458
16035	9199d51331552ebdc95416d26f6e4a69	85c81fa692be8d240a791cf2679e5adc	8b1249fda5c9e876d58333a6dd0b3458
16036	9199d51331552ebdc95416d26f6e4a69	85c81fa692be8d240a791cf2679e5adc	8b1249fda5c9e876d58333a6dd0b3458
16037	9199d51331552ebdc95416d26f6e4a69	85c81fa692be8d240a791cf2679e5adc	8b1249fda5c9e876d58333a6dd0b3458
16038	9199d51331552ebdc95416d26f6e4a69	85c81fa692be8d240a791cf2679e5adc	8b1249fda5c9e876d58333a6dd0b3458
16039	9199d51331552ebdc95416d26f6e4a69	85c81fa692be8d240a791cf2679e5adc	8b1249fda5c9e876d58333a6dd0b3458
16040	a2fbd878cb39d23fad588f6513fb082a	9f309a574ab675cb5025b3ff99b1bc55	424e42cb195b1b4bcb1f8915435e437b
16041	a2fbd878cb39d23fad588f6513fb082a	9f309a574ab675cb5025b3ff99b1bc55	424e42cb195b1b4bcb1f8915435e437b
16042	a2fbd878cb39d23fad588f6513fb082a	9f309a574ab675cb5025b3ff99b1bc55	424e42cb195b1b4bcb1f8915435e437b
16043	a2fbd878cb39d23fad588f6513fb082a	9f309a574ab675cb5025b3ff99b1bc55	424e42cb195b1b4bcb1f8915435e437b
16044	a2fbd878cb39d23fad588f6513fb082a	9f309a574ab675cb5025b3ff99b1bc55	424e42cb195b1b4bcb1f8915435e437b
16045	a2fbd878cb39d23fad588f6513fb082a	9f309a574ab675cb5025b3ff99b1bc55	424e42cb195b1b4bcb1f8915435e437b
16046	a2fbd878cb39d23fad588f6513fb082a	9f309a574ab675cb5025b3ff99b1bc55	424e42cb195b1b4bcb1f8915435e437b
16047	a2fbd878cb39d23fad588f6513fb082a	9f309a574ab675cb5025b3ff99b1bc55	424e42cb195b1b4bcb1f8915435e437b
16048	a2fbd878cb39d23fad588f6513fb082a	9f309a574ab675cb5025b3ff99b1bc55	424e42cb195b1b4bcb1f8915435e437b
16049	a2fbd878cb39d23fad588f6513fb082a	9f309a574ab675cb5025b3ff99b1bc55	424e42cb195b1b4bcb1f8915435e437b
16050	a2fbd878cb39d23fad588f6513fb082a	9f309a574ab675cb5025b3ff99b1bc55	424e42cb195b1b4bcb1f8915435e437b
16051	a2fbd878cb39d23fad588f6513fb082a	9f309a574ab675cb5025b3ff99b1bc55	424e42cb195b1b4bcb1f8915435e437b
16052	a2fbd878cb39d23fad588f6513fb082a	9f309a574ab675cb5025b3ff99b1bc55	424e42cb195b1b4bcb1f8915435e437b
16053	a2fbd878cb39d23fad588f6513fb082a	9f309a574ab675cb5025b3ff99b1bc55	424e42cb195b1b4bcb1f8915435e437b
16054	a2fbd878cb39d23fad588f6513fb082a	9f309a574ab675cb5025b3ff99b1bc55	424e42cb195b1b4bcb1f8915435e437b
16055	a2fbd878cb39d23fad588f6513fb082a	9f309a574ab675cb5025b3ff99b1bc55	424e42cb195b1b4bcb1f8915435e437b
16056	a2fbd878cb39d23fad588f6513fb082a	9f309a574ab675cb5025b3ff99b1bc55	424e42cb195b1b4bcb1f8915435e437b
16057	826d5f3ed35f7f65db61d8914d14e465	49fb15356ad3992b4b07054baf094dc7	075d3643a70108f4307300bba47e1cc8
16058	ee771a02ee16856f080a4cbae7a9f3bb	c0825fc9a91199c87e07626310f67835	72c1af607154937bca487e16d54318fc
16059	ee771a02ee16856f080a4cbae7a9f3bb	c0825fc9a91199c87e07626310f67835	72c1af607154937bca487e16d54318fc
16060	d8fd5928ec98fa86d2b4f1e745166dc9	c4df5ab5a5d5f4272c7d70fd45cfcd8c	799b32e4193e928d0949b988e12cc6bb
16061	d8fd5928ec98fa86d2b4f1e745166dc9	c4df5ab5a5d5f4272c7d70fd45cfcd8c	799b32e4193e928d0949b988e12cc6bb
16062	9802450dd5d21d5c0e8a943e48dc9197	8be20b81066afbfacb6bb19ac0293c03	1d1ddf3a93ca683270a7f5e06c7ff1f0
16063	9802450dd5d21d5c0e8a943e48dc9197	8be20b81066afbfacb6bb19ac0293c03	1d1ddf3a93ca683270a7f5e06c7ff1f0
16064	b121399a50fc3c1cb6b8eb53641e6ba3	79b2660b7c17847e76f84d871d0bd8a2	2f4056e3767c02d5f050892d6a17495b
16065	b121399a50fc3c1cb6b8eb53641e6ba3	79b2660b7c17847e76f84d871d0bd8a2	2f4056e3767c02d5f050892d6a17495b
16066	b121399a50fc3c1cb6b8eb53641e6ba3	79b2660b7c17847e76f84d871d0bd8a2	2f4056e3767c02d5f050892d6a17495b
16067	b121399a50fc3c1cb6b8eb53641e6ba3	79b2660b7c17847e76f84d871d0bd8a2	2f4056e3767c02d5f050892d6a17495b
16068	b121399a50fc3c1cb6b8eb53641e6ba3	79b2660b7c17847e76f84d871d0bd8a2	2f4056e3767c02d5f050892d6a17495b
16069	92ac4111ba51ad1c862f4f07f56919f9	4fc0c2f050b114e2634cab6b9d27d508	125dc4c6d179f063d6a90e2116ae4541
16070	92ac4111ba51ad1c862f4f07f56919f9	4fc0c2f050b114e2634cab6b9d27d508	125dc4c6d179f063d6a90e2116ae4541
16071	92ac4111ba51ad1c862f4f07f56919f9	4fc0c2f050b114e2634cab6b9d27d508	125dc4c6d179f063d6a90e2116ae4541
16072	d2438651871be826b9d968a87d1669fb	92675fb3b22fd20d4af8ef509201fb98	8cde4a643b596f6ab7b6a331f4ba3c33
16073	d2438651871be826b9d968a87d1669fb	92675fb3b22fd20d4af8ef509201fb98	8cde4a643b596f6ab7b6a331f4ba3c33
16074	dbdc49ff2b0f49830e60fea81ae34979	5fc532904852aab5b9307f9303c2a937	deef104cd09588c08f8e9723ee1cdfe6
16075	8bde863e0334f6adbc5ebd812565fa21	ba3a3ef9162ffd185842ed79b4a77d9f	017ed729626044d9450bfb84cfbb3e95
16076	34907ebe2c9ff9f9274d68f049821a02	9463c1236aff9fdbb61189ba1a730d11	12e965ab3aeaa48944a26db0623732e5
16077	044f90400c79a6e7a3136100bfb41429	7bc99c3774b7c74498b2131cde504684	3c7c1579154cf3fe24a96a5ffd3df8ea
16078	044f90400c79a6e7a3136100bfb41429	7bc99c3774b7c74498b2131cde504684	3c7c1579154cf3fe24a96a5ffd3df8ea
16079	29c72cd35650b8384fd69644c36f0c49	eb5880641201e7f579ae99802eca9029	723eedff402fa8a968e148eb2f7a31ef
16080	29c72cd35650b8384fd69644c36f0c49	eb5880641201e7f579ae99802eca9029	723eedff402fa8a968e148eb2f7a31ef
16081	31087f1f4d56c7249518028d34908e9b	85c582b11b76273e1282943a76d1d443	3dd8856118b28278f579ca600de3392d
16082	31087f1f4d56c7249518028d34908e9b	85c582b11b76273e1282943a76d1d443	3dd8856118b28278f579ca600de3392d
16083	31087f1f4d56c7249518028d34908e9b	85c582b11b76273e1282943a76d1d443	3dd8856118b28278f579ca600de3392d
16084	31087f1f4d56c7249518028d34908e9b	85c582b11b76273e1282943a76d1d443	3dd8856118b28278f579ca600de3392d
16085	31087f1f4d56c7249518028d34908e9b	85c582b11b76273e1282943a76d1d443	3dd8856118b28278f579ca600de3392d
16086	4a4912a8e62e7fc73dc47992b64ed40b	da062241ab21d9da261318795bb742af	d430fa61ec50fd82bb8624de9caf8bef
16087	4a4912a8e62e7fc73dc47992b64ed40b	da062241ab21d9da261318795bb742af	d430fa61ec50fd82bb8624de9caf8bef
16088	4a4912a8e62e7fc73dc47992b64ed40b	da062241ab21d9da261318795bb742af	d430fa61ec50fd82bb8624de9caf8bef
16089	636b9ba663b70b4b5769d7f9005590d2	1a2ef32d63a2f29245c20494fec25029	eec33ce2c8c3d1cf80bf7f03be28df6e
16090	fc0df85207fef06c1401a516d8b3f6f9	4f09c764786ecd83111d01c655d6c8ab	aa55f0cc1ee0afc0cb345f4df9efa9b0
16091	764b356585ca3faad0d7e50b2bf3884a	bd94576221b58ffcbe4dfe4c4293c79b	9b9cc6fd5aa3d9bd3d4dd0475c8b022e
16092	764b356585ca3faad0d7e50b2bf3884a	bd94576221b58ffcbe4dfe4c4293c79b	9b9cc6fd5aa3d9bd3d4dd0475c8b022e
16093	e23eefdec5f7599b6ca3f4efe67bba81	db5e621b6539d0b89d9bfbae6fb44c56	44e8862fef034a933bf3a683893eb5cc
16094	e23eefdec5f7599b6ca3f4efe67bba81	db5e621b6539d0b89d9bfbae6fb44c56	44e8862fef034a933bf3a683893eb5cc
16095	e23eefdec5f7599b6ca3f4efe67bba81	db5e621b6539d0b89d9bfbae6fb44c56	44e8862fef034a933bf3a683893eb5cc
16096	e23eefdec5f7599b6ca3f4efe67bba81	db5e621b6539d0b89d9bfbae6fb44c56	44e8862fef034a933bf3a683893eb5cc
16097	e23eefdec5f7599b6ca3f4efe67bba81	db5e621b6539d0b89d9bfbae6fb44c56	44e8862fef034a933bf3a683893eb5cc
16098	047a2a8597ea6bd324d4a0b797946ca7	be4e9e3aaa6a6c5a94325f35d24ec4ce	f282cd57a2c464f49fdd1997c3e568b1
16099	047a2a8597ea6bd324d4a0b797946ca7	be4e9e3aaa6a6c5a94325f35d24ec4ce	f282cd57a2c464f49fdd1997c3e568b1
16100	047a2a8597ea6bd324d4a0b797946ca7	be4e9e3aaa6a6c5a94325f35d24ec4ce	f282cd57a2c464f49fdd1997c3e568b1
16101	047a2a8597ea6bd324d4a0b797946ca7	be4e9e3aaa6a6c5a94325f35d24ec4ce	f282cd57a2c464f49fdd1997c3e568b1
16102	047a2a8597ea6bd324d4a0b797946ca7	be4e9e3aaa6a6c5a94325f35d24ec4ce	f282cd57a2c464f49fdd1997c3e568b1
16103	047a2a8597ea6bd324d4a0b797946ca7	be4e9e3aaa6a6c5a94325f35d24ec4ce	f282cd57a2c464f49fdd1997c3e568b1
16104	047a2a8597ea6bd324d4a0b797946ca7	be4e9e3aaa6a6c5a94325f35d24ec4ce	f282cd57a2c464f49fdd1997c3e568b1
16105	ccb1dde60f042f88786c88d283e2e357	9e24e7b35683a854d2c3eb25cacce8bd	dbcbe9a234a8ac03429d0c5624efe644
16106	ccb1dde60f042f88786c88d283e2e357	9e24e7b35683a854d2c3eb25cacce8bd	dbcbe9a234a8ac03429d0c5624efe644
16107	ccb1dde60f042f88786c88d283e2e357	9e24e7b35683a854d2c3eb25cacce8bd	dbcbe9a234a8ac03429d0c5624efe644
16108	7f10d7aa6e2435e80c941317afed073c	9e8d49cc61a0c2ddb9875d9b6e0f9e4a	0fc0d84829c4e93c2335a09eee26f74d
16109	ccb1dde60f042f88786c88d283e2e357	9e24e7b35683a854d2c3eb25cacce8bd	dbcbe9a234a8ac03429d0c5624efe644
16110	61e96a7fb4b601d4fed4ba4acbcae5d9	464d3480f10170ec2bbfef4eb3545421	c1805be37ebf0b6279ace486c0682421
16111	61e96a7fb4b601d4fed4ba4acbcae5d9	464d3480f10170ec2bbfef4eb3545421	c1805be37ebf0b6279ace486c0682421
16112	61e96a7fb4b601d4fed4ba4acbcae5d9	464d3480f10170ec2bbfef4eb3545421	c1805be37ebf0b6279ace486c0682421
16113	61e96a7fb4b601d4fed4ba4acbcae5d9	464d3480f10170ec2bbfef4eb3545421	c1805be37ebf0b6279ace486c0682421
16114	61e96a7fb4b601d4fed4ba4acbcae5d9	464d3480f10170ec2bbfef4eb3545421	c1805be37ebf0b6279ace486c0682421
16115	61e96a7fb4b601d4fed4ba4acbcae5d9	464d3480f10170ec2bbfef4eb3545421	c1805be37ebf0b6279ace486c0682421
16116	61e96a7fb4b601d4fed4ba4acbcae5d9	464d3480f10170ec2bbfef4eb3545421	c1805be37ebf0b6279ace486c0682421
16117	832a32ccb238c64de9fdec9473553168	8417b216c815c5f35846681752b38f97	6fd6c74e67d85f63406bb657e9a5270a
16118	832a32ccb238c64de9fdec9473553168	8417b216c815c5f35846681752b38f97	6fd6c74e67d85f63406bb657e9a5270a
16119	832a32ccb238c64de9fdec9473553168	8417b216c815c5f35846681752b38f97	6fd6c74e67d85f63406bb657e9a5270a
16120	832a32ccb238c64de9fdec9473553168	8417b216c815c5f35846681752b38f97	6fd6c74e67d85f63406bb657e9a5270a
16121	832a32ccb238c64de9fdec9473553168	8417b216c815c5f35846681752b38f97	6fd6c74e67d85f63406bb657e9a5270a
16122	64a6b4cd15786514daf6cd3321f351fa	e60d410084335d20996c8589fe3e17fe	3482044fcf4b198e6a2f7b91ce23dc22
16123	64a6b4cd15786514daf6cd3321f351fa	e60d410084335d20996c8589fe3e17fe	3482044fcf4b198e6a2f7b91ce23dc22
16124	64a6b4cd15786514daf6cd3321f351fa	e60d410084335d20996c8589fe3e17fe	3482044fcf4b198e6a2f7b91ce23dc22
16125	64a6b4cd15786514daf6cd3321f351fa	e60d410084335d20996c8589fe3e17fe	3482044fcf4b198e6a2f7b91ce23dc22
16126	64a6b4cd15786514daf6cd3321f351fa	e60d410084335d20996c8589fe3e17fe	3482044fcf4b198e6a2f7b91ce23dc22
16127	99d1190e57942c9142b42aea9f0ac504	0c89a175b560feb965b34938415e4c4e	baa20e53e038514b82f2b141bd61a54e
16128	99d1190e57942c9142b42aea9f0ac504	0c89a175b560feb965b34938415e4c4e	baa20e53e038514b82f2b141bd61a54e
16129	99d1190e57942c9142b42aea9f0ac504	0c89a175b560feb965b34938415e4c4e	baa20e53e038514b82f2b141bd61a54e
16130	99d1190e57942c9142b42aea9f0ac504	0c89a175b560feb965b34938415e4c4e	baa20e53e038514b82f2b141bd61a54e
16131	99d1190e57942c9142b42aea9f0ac504	0c89a175b560feb965b34938415e4c4e	baa20e53e038514b82f2b141bd61a54e
16132	07a8cf02137f7a0f52390ef91f29f16e	aa17f7d17d83fd69a46d7ac994828672	a39ba73cb912e29af49f979e971693de
16133	07a8cf02137f7a0f52390ef91f29f16e	aa17f7d17d83fd69a46d7ac994828672	a39ba73cb912e29af49f979e971693de
16134	80f583009f3f67904915e9a07186bbcc	b23d8f38761350e4862374ef8887f251	0383a5cdd52ace8b006e5a1ee50b837a
16135	80f583009f3f67904915e9a07186bbcc	b23d8f38761350e4862374ef8887f251	0383a5cdd52ace8b006e5a1ee50b837a
16136	80f583009f3f67904915e9a07186bbcc	b23d8f38761350e4862374ef8887f251	0383a5cdd52ace8b006e5a1ee50b837a
16137	99d1190e57942c9142b42aea9f0ac504	0c89a175b560feb965b34938415e4c4e	baa20e53e038514b82f2b141bd61a54e
16138	99d1190e57942c9142b42aea9f0ac504	0c89a175b560feb965b34938415e4c4e	baa20e53e038514b82f2b141bd61a54e
16139	7d38431f239e6adb3875cac15173e6d9	032bcc9970c2a335a71db0f851d1b811	03755f2388cdcd3263d46429de86c017
16140	7d38431f239e6adb3875cac15173e6d9	032bcc9970c2a335a71db0f851d1b811	03755f2388cdcd3263d46429de86c017
16141	7d38431f239e6adb3875cac15173e6d9	032bcc9970c2a335a71db0f851d1b811	03755f2388cdcd3263d46429de86c017
16142	19483d09dc3204da1ca2a4cc19ee0866	1e5a7a89512c9ee91f78af325dc72a54	3a06975a83eedcc5f0fb6da439e52fe7
16143	19483d09dc3204da1ca2a4cc19ee0866	1e5a7a89512c9ee91f78af325dc72a54	3a06975a83eedcc5f0fb6da439e52fe7
16144	e1fee1aa2bf97d965aca260d29fbb03a	2a2db4c9547ae5198ab73bf1730b5614	961dfadac88b1b174e372c8d6d25b71e
16145	e1fee1aa2bf97d965aca260d29fbb03a	2a2db4c9547ae5198ab73bf1730b5614	961dfadac88b1b174e372c8d6d25b71e
16146	207ea29baca5195ee923cbb39cb7cd44	e79558f3a0496dd657133e25a182158a	aed392d65ad3bc4d202a5054b5ed18bd
16147	207ea29baca5195ee923cbb39cb7cd44	e79558f3a0496dd657133e25a182158a	aed392d65ad3bc4d202a5054b5ed18bd
16148	207ea29baca5195ee923cbb39cb7cd44	e79558f3a0496dd657133e25a182158a	aed392d65ad3bc4d202a5054b5ed18bd
16149	207ea29baca5195ee923cbb39cb7cd44	e79558f3a0496dd657133e25a182158a	aed392d65ad3bc4d202a5054b5ed18bd
16150	207ea29baca5195ee923cbb39cb7cd44	e79558f3a0496dd657133e25a182158a	aed392d65ad3bc4d202a5054b5ed18bd
16151	207ea29baca5195ee923cbb39cb7cd44	e79558f3a0496dd657133e25a182158a	aed392d65ad3bc4d202a5054b5ed18bd
16152	207ea29baca5195ee923cbb39cb7cd44	e79558f3a0496dd657133e25a182158a	aed392d65ad3bc4d202a5054b5ed18bd
16153	207ea29baca5195ee923cbb39cb7cd44	e79558f3a0496dd657133e25a182158a	aed392d65ad3bc4d202a5054b5ed18bd
16154	207ea29baca5195ee923cbb39cb7cd44	e79558f3a0496dd657133e25a182158a	aed392d65ad3bc4d202a5054b5ed18bd
16155	207ea29baca5195ee923cbb39cb7cd44	e79558f3a0496dd657133e25a182158a	aed392d65ad3bc4d202a5054b5ed18bd
16156	8668c7ae172e47a686055d4a388a544c	de448025a057b1588f0bccc9409174dd	51ec3206f6354c9a1dfb44670fc195bd
16157	8668c7ae172e47a686055d4a388a544c	de448025a057b1588f0bccc9409174dd	51ec3206f6354c9a1dfb44670fc195bd
16158	8668c7ae172e47a686055d4a388a544c	de448025a057b1588f0bccc9409174dd	51ec3206f6354c9a1dfb44670fc195bd
16159	8668c7ae172e47a686055d4a388a544c	de448025a057b1588f0bccc9409174dd	51ec3206f6354c9a1dfb44670fc195bd
16160	8668c7ae172e47a686055d4a388a544c	de448025a057b1588f0bccc9409174dd	51ec3206f6354c9a1dfb44670fc195bd
16161	8668c7ae172e47a686055d4a388a544c	de448025a057b1588f0bccc9409174dd	51ec3206f6354c9a1dfb44670fc195bd
16162	8668c7ae172e47a686055d4a388a544c	de448025a057b1588f0bccc9409174dd	51ec3206f6354c9a1dfb44670fc195bd
16163	d0a5ad2a7aeb8ae56d9ee276529efb59	84daa60c527a5a812dfee39c12650de3	d1510942e1fb4edcd7fa9e143dc4d3fb
16164	d0a5ad2a7aeb8ae56d9ee276529efb59	84daa60c527a5a812dfee39c12650de3	d1510942e1fb4edcd7fa9e143dc4d3fb
16165	d0a5ad2a7aeb8ae56d9ee276529efb59	84daa60c527a5a812dfee39c12650de3	d1510942e1fb4edcd7fa9e143dc4d3fb
16166	d0a5ad2a7aeb8ae56d9ee276529efb59	84daa60c527a5a812dfee39c12650de3	d1510942e1fb4edcd7fa9e143dc4d3fb
16167	d0a5ad2a7aeb8ae56d9ee276529efb59	84daa60c527a5a812dfee39c12650de3	d1510942e1fb4edcd7fa9e143dc4d3fb
16168	808e107218a627c8f3ccf7b6eca85650	34e0f8c5197371feefc12f8efd9f99b4	02296228a61b6ea2683faf04cffb4b1f
16169	808e107218a627c8f3ccf7b6eca85650	34e0f8c5197371feefc12f8efd9f99b4	02296228a61b6ea2683faf04cffb4b1f
16170	808e107218a627c8f3ccf7b6eca85650	34e0f8c5197371feefc12f8efd9f99b4	02296228a61b6ea2683faf04cffb4b1f
16171	808e107218a627c8f3ccf7b6eca85650	34e0f8c5197371feefc12f8efd9f99b4	02296228a61b6ea2683faf04cffb4b1f
16172	808e107218a627c8f3ccf7b6eca85650	34e0f8c5197371feefc12f8efd9f99b4	02296228a61b6ea2683faf04cffb4b1f
16173	808e107218a627c8f3ccf7b6eca85650	34e0f8c5197371feefc12f8efd9f99b4	02296228a61b6ea2683faf04cffb4b1f
16174	808e107218a627c8f3ccf7b6eca85650	34e0f8c5197371feefc12f8efd9f99b4	02296228a61b6ea2683faf04cffb4b1f
16175	808e107218a627c8f3ccf7b6eca85650	34e0f8c5197371feefc12f8efd9f99b4	02296228a61b6ea2683faf04cffb4b1f
16176	808e107218a627c8f3ccf7b6eca85650	34e0f8c5197371feefc12f8efd9f99b4	02296228a61b6ea2683faf04cffb4b1f
16177	808e107218a627c8f3ccf7b6eca85650	34e0f8c5197371feefc12f8efd9f99b4	02296228a61b6ea2683faf04cffb4b1f
16178	808e107218a627c8f3ccf7b6eca85650	34e0f8c5197371feefc12f8efd9f99b4	02296228a61b6ea2683faf04cffb4b1f
16179	808e107218a627c8f3ccf7b6eca85650	34e0f8c5197371feefc12f8efd9f99b4	02296228a61b6ea2683faf04cffb4b1f
16180	808e107218a627c8f3ccf7b6eca85650	34e0f8c5197371feefc12f8efd9f99b4	02296228a61b6ea2683faf04cffb4b1f
16181	808e107218a627c8f3ccf7b6eca85650	34e0f8c5197371feefc12f8efd9f99b4	02296228a61b6ea2683faf04cffb4b1f
16182	808e107218a627c8f3ccf7b6eca85650	34e0f8c5197371feefc12f8efd9f99b4	02296228a61b6ea2683faf04cffb4b1f
16183	808e107218a627c8f3ccf7b6eca85650	34e0f8c5197371feefc12f8efd9f99b4	02296228a61b6ea2683faf04cffb4b1f
16184	808e107218a627c8f3ccf7b6eca85650	34e0f8c5197371feefc12f8efd9f99b4	02296228a61b6ea2683faf04cffb4b1f
16185	857b56d7af4c3c307a723612b71c9bf9	c77d65265c8311d46bed31509bbfd0a2	ac519e0ad7759b1052799fc5589e3aa1
16186	857b56d7af4c3c307a723612b71c9bf9	c77d65265c8311d46bed31509bbfd0a2	ac519e0ad7759b1052799fc5589e3aa1
16187	857b56d7af4c3c307a723612b71c9bf9	c77d65265c8311d46bed31509bbfd0a2	ac519e0ad7759b1052799fc5589e3aa1
16188	432febbe3441d7937519fdeca35e5f0b	c4515dc18154226e84adf173f669daf6	cf1496366f246cfe9fefc474a54f2164
16189	432febbe3441d7937519fdeca35e5f0b	c4515dc18154226e84adf173f669daf6	cf1496366f246cfe9fefc474a54f2164
16190	432febbe3441d7937519fdeca35e5f0b	c4515dc18154226e84adf173f669daf6	cf1496366f246cfe9fefc474a54f2164
16191	432febbe3441d7937519fdeca35e5f0b	c4515dc18154226e84adf173f669daf6	cf1496366f246cfe9fefc474a54f2164
16192	746875999132948ee5736c4bdf848c68	b808a51eeae91be3b92486e98890a60e	982cdde615a76dde7e9a78280a4c1ebe
16193	c43a2cf9fa95141cb0255183b0c57028	5a016e8543fbc2d8b4cc693c439469b7	d0130f58e50afc718f494e72efbb8e77
16194	c43a2cf9fa95141cb0255183b0c57028	5a016e8543fbc2d8b4cc693c439469b7	d0130f58e50afc718f494e72efbb8e77
16195	754dac1f028b800bb2c90ae9ee92b182	79534353a75d1216a864393483fdb64a	7ff77d961ff211d544369763bb4f8b9f
16196	754dac1f028b800bb2c90ae9ee92b182	79534353a75d1216a864393483fdb64a	7ff77d961ff211d544369763bb4f8b9f
16197	4bf626d469e6be660e0a37ec6ef10bc2	45323c2b40051623ef47e373990e2684	8556b46f55292243688a9d5e9d4f9f09
16198	5a8855b1ffe61b8daed9e2fb052f7d83	11ee79d9e87c3c79e7597745aa02695e	b0d3c5fca935636520c757057bf025f2
16199	5a8855b1ffe61b8daed9e2fb052f7d83	11ee79d9e87c3c79e7597745aa02695e	b0d3c5fca935636520c757057bf025f2
16200	fe9ebfed8bc4d415cc66ebc220996eaa	3051071adc750ee180e3bdc538872aaf	7f878705ae991ba22da5fab917d8be97
16201	fe9ebfed8bc4d415cc66ebc220996eaa	3051071adc750ee180e3bdc538872aaf	7f878705ae991ba22da5fab917d8be97
16202	fe9ebfed8bc4d415cc66ebc220996eaa	3051071adc750ee180e3bdc538872aaf	7f878705ae991ba22da5fab917d8be97
16203	fe9ebfed8bc4d415cc66ebc220996eaa	3051071adc750ee180e3bdc538872aaf	7f878705ae991ba22da5fab917d8be97
16204	ab5a5b97c3cc3dff0ccd0989335e91e3	7e22343a9fe3a51f5a6f0170e91a1500	d15adec6042d00cd57511c441471e43e
16205	ab5a5b97c3cc3dff0ccd0989335e91e3	7e22343a9fe3a51f5a6f0170e91a1500	d15adec6042d00cd57511c441471e43e
16206	ab5a5b97c3cc3dff0ccd0989335e91e3	7e22343a9fe3a51f5a6f0170e91a1500	d15adec6042d00cd57511c441471e43e
16207	db5aadd968a8964fa9f0ec7b18f2354a	359061ddb1e5a2390af4a390fa1dce7a	ceb58c219097a86a7d4788c92378aaa1
16208	db5aadd968a8964fa9f0ec7b18f2354a	359061ddb1e5a2390af4a390fa1dce7a	ceb58c219097a86a7d4788c92378aaa1
16209	04e254ee3378d9557e7bf805c4d4f3f3	3f0f24f34a61dec3eb3774649db57ac7	3ee11f8352b7159c7e3a6c091f761b76
16210	04e254ee3378d9557e7bf805c4d4f3f3	3f0f24f34a61dec3eb3774649db57ac7	3ee11f8352b7159c7e3a6c091f761b76
16211	04e254ee3378d9557e7bf805c4d4f3f3	3f0f24f34a61dec3eb3774649db57ac7	3ee11f8352b7159c7e3a6c091f761b76
16212	04e254ee3378d9557e7bf805c4d4f3f3	3f0f24f34a61dec3eb3774649db57ac7	3ee11f8352b7159c7e3a6c091f761b76
16213	04e254ee3378d9557e7bf805c4d4f3f3	3f0f24f34a61dec3eb3774649db57ac7	3ee11f8352b7159c7e3a6c091f761b76
16214	04e254ee3378d9557e7bf805c4d4f3f3	3f0f24f34a61dec3eb3774649db57ac7	3ee11f8352b7159c7e3a6c091f761b76
16215	04e254ee3378d9557e7bf805c4d4f3f3	3f0f24f34a61dec3eb3774649db57ac7	3ee11f8352b7159c7e3a6c091f761b76
16216	254a977a14b83888fb7bb3ec4c10aa94	4d144e053f0293a218792c966333dc3d	78fa930ac16d6d8876188fb29fef7041
16217	254a977a14b83888fb7bb3ec4c10aa94	4d144e053f0293a218792c966333dc3d	78fa930ac16d6d8876188fb29fef7041
16218	254a977a14b83888fb7bb3ec4c10aa94	4d144e053f0293a218792c966333dc3d	78fa930ac16d6d8876188fb29fef7041
16219	254a977a14b83888fb7bb3ec4c10aa94	4d144e053f0293a218792c966333dc3d	78fa930ac16d6d8876188fb29fef7041
16220	0892c9b5a87290b504045a678bef8cd3	9bad14acaf9db890b73b844b83ae1102	4f33aa9461f5b63c32b688647f571002
16221	254a977a14b83888fb7bb3ec4c10aa94	4d144e053f0293a218792c966333dc3d	78fa930ac16d6d8876188fb29fef7041
16222	254a977a14b83888fb7bb3ec4c10aa94	4d144e053f0293a218792c966333dc3d	78fa930ac16d6d8876188fb29fef7041
16223	254a977a14b83888fb7bb3ec4c10aa94	4d144e053f0293a218792c966333dc3d	78fa930ac16d6d8876188fb29fef7041
16224	254a977a14b83888fb7bb3ec4c10aa94	4d144e053f0293a218792c966333dc3d	78fa930ac16d6d8876188fb29fef7041
16225	254a977a14b83888fb7bb3ec4c10aa94	4d144e053f0293a218792c966333dc3d	78fa930ac16d6d8876188fb29fef7041
16226	0d6953605bc8bee5c55b5c3dac621893	9515316d642c45e1abc204ba56ab1afb	fe7a5b594d914b190cbac5d40b79be60
16227	0d6953605bc8bee5c55b5c3dac621893	9515316d642c45e1abc204ba56ab1afb	fe7a5b594d914b190cbac5d40b79be60
16228	0d6953605bc8bee5c55b5c3dac621893	9515316d642c45e1abc204ba56ab1afb	fe7a5b594d914b190cbac5d40b79be60
16229	0d6953605bc8bee5c55b5c3dac621893	9515316d642c45e1abc204ba56ab1afb	fe7a5b594d914b190cbac5d40b79be60
16230	0d6953605bc8bee5c55b5c3dac621893	9515316d642c45e1abc204ba56ab1afb	fe7a5b594d914b190cbac5d40b79be60
16231	0d6953605bc8bee5c55b5c3dac621893	9515316d642c45e1abc204ba56ab1afb	fe7a5b594d914b190cbac5d40b79be60
16232	0d6953605bc8bee5c55b5c3dac621893	9515316d642c45e1abc204ba56ab1afb	fe7a5b594d914b190cbac5d40b79be60
16233	764dcb9249a250c3903be826cd5e0c43	c4ffa0b5c03bb942359a0541139baa17	2cd3bbbe661a97478480f7fad64cfe8e
16234	764dcb9249a250c3903be826cd5e0c43	c4ffa0b5c03bb942359a0541139baa17	2cd3bbbe661a97478480f7fad64cfe8e
16235	764dcb9249a250c3903be826cd5e0c43	c4ffa0b5c03bb942359a0541139baa17	2cd3bbbe661a97478480f7fad64cfe8e
16236	764dcb9249a250c3903be826cd5e0c43	c4ffa0b5c03bb942359a0541139baa17	2cd3bbbe661a97478480f7fad64cfe8e
16237	764dcb9249a250c3903be826cd5e0c43	c4ffa0b5c03bb942359a0541139baa17	2cd3bbbe661a97478480f7fad64cfe8e
16238	0e222ac9aa3ae9ba9b3cf2a45bc6fe5a	4bbc10119b93cc53a98085315d909e4b	28f812d4f62a67e5c4d184d2e4eb5601
16239	0e222ac9aa3ae9ba9b3cf2a45bc6fe5a	4bbc10119b93cc53a98085315d909e4b	28f812d4f62a67e5c4d184d2e4eb5601
16240	0e222ac9aa3ae9ba9b3cf2a45bc6fe5a	4bbc10119b93cc53a98085315d909e4b	28f812d4f62a67e5c4d184d2e4eb5601
16241	0e222ac9aa3ae9ba9b3cf2a45bc6fe5a	4bbc10119b93cc53a98085315d909e4b	28f812d4f62a67e5c4d184d2e4eb5601
16242	0e222ac9aa3ae9ba9b3cf2a45bc6fe5a	4bbc10119b93cc53a98085315d909e4b	28f812d4f62a67e5c4d184d2e4eb5601
16243	0e222ac9aa3ae9ba9b3cf2a45bc6fe5a	4bbc10119b93cc53a98085315d909e4b	28f812d4f62a67e5c4d184d2e4eb5601
16244	0e222ac9aa3ae9ba9b3cf2a45bc6fe5a	4bbc10119b93cc53a98085315d909e4b	28f812d4f62a67e5c4d184d2e4eb5601
16245	3d5a8027b2867237bcdcee1e51d8a59e	3e8cdf4043c9c64391668b63c71cb24e	e74cc695167bee64d02e7d9cbbd2a0ed
16246	3d5a8027b2867237bcdcee1e51d8a59e	3e8cdf4043c9c64391668b63c71cb24e	e74cc695167bee64d02e7d9cbbd2a0ed
16247	3d5a8027b2867237bcdcee1e51d8a59e	3e8cdf4043c9c64391668b63c71cb24e	e74cc695167bee64d02e7d9cbbd2a0ed
16248	3d5a8027b2867237bcdcee1e51d8a59e	3e8cdf4043c9c64391668b63c71cb24e	e74cc695167bee64d02e7d9cbbd2a0ed
16249	3d5a8027b2867237bcdcee1e51d8a59e	3e8cdf4043c9c64391668b63c71cb24e	e74cc695167bee64d02e7d9cbbd2a0ed
16250	8d85ff60d49dd410bcb3bacfe16b277b	bc4c991701b78d9391682e54a23fb6d4	4d335316d09ac584d55c3d1b2fe28d8c
16251	ea1be0089d507bb60259c41c13f712a7	832ef174ec739b79bf8217fc2f32e94c	2f0f12b2b5e40c2bee1c7a39d927d578
16252	997ce46ccf23b64d2c9ba7b27e2fc6ee	3dbad245eb50ba9e2e0c2d10eae6ea7d	7eacf09831d2bbc0fb42baedbc3624d0
16253	738ddf90c706d8b65572d2ac5965a3d0	82a21538130ec0b21423c529500f0764	829883c509acdfca5b93065bed2f3297
16254	738ddf90c706d8b65572d2ac5965a3d0	82a21538130ec0b21423c529500f0764	829883c509acdfca5b93065bed2f3297
16255	6b4892819179eaf7a65459dd93238649	621f1fcfa6fa03541acfd0dc09f821a0	98e03ed71b6ba2286ef3ddbe87d9ee63
16256	6b4892819179eaf7a65459dd93238649	621f1fcfa6fa03541acfd0dc09f821a0	98e03ed71b6ba2286ef3ddbe87d9ee63
16257	6b4892819179eaf7a65459dd93238649	621f1fcfa6fa03541acfd0dc09f821a0	98e03ed71b6ba2286ef3ddbe87d9ee63
16258	6b4892819179eaf7a65459dd93238649	621f1fcfa6fa03541acfd0dc09f821a0	98e03ed71b6ba2286ef3ddbe87d9ee63
16259	6b4892819179eaf7a65459dd93238649	621f1fcfa6fa03541acfd0dc09f821a0	98e03ed71b6ba2286ef3ddbe87d9ee63
16260	6b4892819179eaf7a65459dd93238649	621f1fcfa6fa03541acfd0dc09f821a0	98e03ed71b6ba2286ef3ddbe87d9ee63
16261	6b4892819179eaf7a65459dd93238649	621f1fcfa6fa03541acfd0dc09f821a0	98e03ed71b6ba2286ef3ddbe87d9ee63
16262	0b3897add8e2c69311b44942d991c036	81b00e1d36383f66717930b6eeb6397a	1c7130594d7f6e07c8dac26264ed6f95
16263	0b3897add8e2c69311b44942d991c036	81b00e1d36383f66717930b6eeb6397a	1c7130594d7f6e07c8dac26264ed6f95
16264	0b3897add8e2c69311b44942d991c036	81b00e1d36383f66717930b6eeb6397a	1c7130594d7f6e07c8dac26264ed6f95
16265	0b3897add8e2c69311b44942d991c036	81b00e1d36383f66717930b6eeb6397a	1c7130594d7f6e07c8dac26264ed6f95
16266	0b3897add8e2c69311b44942d991c036	81b00e1d36383f66717930b6eeb6397a	1c7130594d7f6e07c8dac26264ed6f95
16267	5ed670c076aa8c3dfcf676b0bc2c40c2	4edc354a5d32b68283a283e8456c7554	5daaf113d6d3d90ea26a95d3b20b2349
16268	5ed670c076aa8c3dfcf676b0bc2c40c2	4edc354a5d32b68283a283e8456c7554	5daaf113d6d3d90ea26a95d3b20b2349
16269	5ed670c076aa8c3dfcf676b0bc2c40c2	4edc354a5d32b68283a283e8456c7554	5daaf113d6d3d90ea26a95d3b20b2349
16270	c5313d6e24916998b7f90478600cb952	ab6f21610add62d6c5ea08ed5b2f345b	e5ee172c53711e4f407b55b6d760d3fb
16271	bb7784ea3d271c94d8ef95609ac07966	b765ca7b0e3a1a651dc03580e44da021	df9b8d8471449c4460f4e189ea9b9dee
16272	95b76be990efbae753119d8c9fc3a82a	5e53fdd441ef8abef355127ea4e4e27d	2932c9a11d07fc621e5252a7c8fc448c
16273	95b76be990efbae753119d8c9fc3a82a	5e53fdd441ef8abef355127ea4e4e27d	2932c9a11d07fc621e5252a7c8fc448c
16274	ed19e5d47bf6b50413b98c2114109ca0	e2c1754a558e9a7130bdd406ffede01a	d35c7fc43e0bfe4abc7b5c1a83cbb9d7
16275	ed19e5d47bf6b50413b98c2114109ca0	e2c1754a558e9a7130bdd406ffede01a	d35c7fc43e0bfe4abc7b5c1a83cbb9d7
16276	ed19e5d47bf6b50413b98c2114109ca0	e2c1754a558e9a7130bdd406ffede01a	d35c7fc43e0bfe4abc7b5c1a83cbb9d7
16277	317a7c7ca63c1afe62ebbc94b147892c	9321ad9d9833a02845f330806648725d	9a351e763193bc2aeaeda922cb32777c
16278	ed19e5d47bf6b50413b98c2114109ca0	e2c1754a558e9a7130bdd406ffede01a	d35c7fc43e0bfe4abc7b5c1a83cbb9d7
16279	cbbb9f8a1d1af110b6373d476efe3def	80265755500912df171ef607b0647ced	142f5b48a7b7e8f4dd212974ead47cc7
16280	cbbb9f8a1d1af110b6373d476efe3def	80265755500912df171ef607b0647ced	142f5b48a7b7e8f4dd212974ead47cc7
16281	cbbb9f8a1d1af110b6373d476efe3def	80265755500912df171ef607b0647ced	142f5b48a7b7e8f4dd212974ead47cc7
16282	cbbb9f8a1d1af110b6373d476efe3def	80265755500912df171ef607b0647ced	142f5b48a7b7e8f4dd212974ead47cc7
16283	cbbb9f8a1d1af110b6373d476efe3def	80265755500912df171ef607b0647ced	142f5b48a7b7e8f4dd212974ead47cc7
16284	cbbb9f8a1d1af110b6373d476efe3def	80265755500912df171ef607b0647ced	142f5b48a7b7e8f4dd212974ead47cc7
16285	cbbb9f8a1d1af110b6373d476efe3def	80265755500912df171ef607b0647ced	142f5b48a7b7e8f4dd212974ead47cc7
16286	cbbb9f8a1d1af110b6373d476efe3def	80265755500912df171ef607b0647ced	142f5b48a7b7e8f4dd212974ead47cc7
16287	cbbb9f8a1d1af110b6373d476efe3def	80265755500912df171ef607b0647ced	142f5b48a7b7e8f4dd212974ead47cc7
16288	cbbb9f8a1d1af110b6373d476efe3def	80265755500912df171ef607b0647ced	142f5b48a7b7e8f4dd212974ead47cc7
16289	cbbb9f8a1d1af110b6373d476efe3def	80265755500912df171ef607b0647ced	142f5b48a7b7e8f4dd212974ead47cc7
16290	cbbb9f8a1d1af110b6373d476efe3def	80265755500912df171ef607b0647ced	142f5b48a7b7e8f4dd212974ead47cc7
16291	ce6f49241d120439bc96587602f4e3f4	1e9f95f6b27c08ef37ae95ce6ba15baf	902a8931243ad90b63b1cb57a9d070a8
16292	ce6f49241d120439bc96587602f4e3f4	1e9f95f6b27c08ef37ae95ce6ba15baf	902a8931243ad90b63b1cb57a9d070a8
16293	ce6f49241d120439bc96587602f4e3f4	1e9f95f6b27c08ef37ae95ce6ba15baf	902a8931243ad90b63b1cb57a9d070a8
16294	ce6f49241d120439bc96587602f4e3f4	1e9f95f6b27c08ef37ae95ce6ba15baf	902a8931243ad90b63b1cb57a9d070a8
16295	ce6f49241d120439bc96587602f4e3f4	1e9f95f6b27c08ef37ae95ce6ba15baf	902a8931243ad90b63b1cb57a9d070a8
16296	93168519b2a66f0d40dc320731c40333	59d69d082ada63eebb1f5bbaa4fbe4bc	bd96b83b5c50474981f783e84ed83f2f
16297	93168519b2a66f0d40dc320731c40333	59d69d082ada63eebb1f5bbaa4fbe4bc	bd96b83b5c50474981f783e84ed83f2f
16298	93168519b2a66f0d40dc320731c40333	59d69d082ada63eebb1f5bbaa4fbe4bc	bd96b83b5c50474981f783e84ed83f2f
16299	93168519b2a66f0d40dc320731c40333	59d69d082ada63eebb1f5bbaa4fbe4bc	bd96b83b5c50474981f783e84ed83f2f
16300	93168519b2a66f0d40dc320731c40333	59d69d082ada63eebb1f5bbaa4fbe4bc	bd96b83b5c50474981f783e84ed83f2f
16301	93168519b2a66f0d40dc320731c40333	59d69d082ada63eebb1f5bbaa4fbe4bc	bd96b83b5c50474981f783e84ed83f2f
16302	93168519b2a66f0d40dc320731c40333	59d69d082ada63eebb1f5bbaa4fbe4bc	bd96b83b5c50474981f783e84ed83f2f
16303	93168519b2a66f0d40dc320731c40333	59d69d082ada63eebb1f5bbaa4fbe4bc	bd96b83b5c50474981f783e84ed83f2f
16304	93168519b2a66f0d40dc320731c40333	59d69d082ada63eebb1f5bbaa4fbe4bc	bd96b83b5c50474981f783e84ed83f2f
16305	93168519b2a66f0d40dc320731c40333	59d69d082ada63eebb1f5bbaa4fbe4bc	bd96b83b5c50474981f783e84ed83f2f
16306	93168519b2a66f0d40dc320731c40333	59d69d082ada63eebb1f5bbaa4fbe4bc	bd96b83b5c50474981f783e84ed83f2f
16307	93168519b2a66f0d40dc320731c40333	59d69d082ada63eebb1f5bbaa4fbe4bc	bd96b83b5c50474981f783e84ed83f2f
16308	514d646e586ce47650694d80de0ee1e2	d2d7f74e62b5b4b47e5029c50bd482db	af1fd333fd0d45d52d39038259af3b66
16309	514d646e586ce47650694d80de0ee1e2	d2d7f74e62b5b4b47e5029c50bd482db	af1fd333fd0d45d52d39038259af3b66
16310	514d646e586ce47650694d80de0ee1e2	d2d7f74e62b5b4b47e5029c50bd482db	af1fd333fd0d45d52d39038259af3b66
16311	514d646e586ce47650694d80de0ee1e2	d2d7f74e62b5b4b47e5029c50bd482db	af1fd333fd0d45d52d39038259af3b66
16312	514d646e586ce47650694d80de0ee1e2	d2d7f74e62b5b4b47e5029c50bd482db	af1fd333fd0d45d52d39038259af3b66
16313	514d646e586ce47650694d80de0ee1e2	d2d7f74e62b5b4b47e5029c50bd482db	af1fd333fd0d45d52d39038259af3b66
16314	514d646e586ce47650694d80de0ee1e2	d2d7f74e62b5b4b47e5029c50bd482db	af1fd333fd0d45d52d39038259af3b66
16315	faffdf96829a62628ddb1e6c7a898d01	69616fd0104640da79a8bd60b7cedd10	b2b7cc306dff6a99dbb04ff0823e947c
16316	faffdf96829a62628ddb1e6c7a898d01	69616fd0104640da79a8bd60b7cedd10	b2b7cc306dff6a99dbb04ff0823e947c
16317	faffdf96829a62628ddb1e6c7a898d01	69616fd0104640da79a8bd60b7cedd10	b2b7cc306dff6a99dbb04ff0823e947c
16318	fd7acb7705ca0ab95393cce2b1c29456	06103dc43196f01a3dffaaca1559ea05	43c225d4a94e43ee0397fb4555c57e0a
16319	fd7acb7705ca0ab95393cce2b1c29456	06103dc43196f01a3dffaaca1559ea05	43c225d4a94e43ee0397fb4555c57e0a
16320	faffdf96829a62628ddb1e6c7a898d01	69616fd0104640da79a8bd60b7cedd10	b2b7cc306dff6a99dbb04ff0823e947c
16321	faffdf96829a62628ddb1e6c7a898d01	69616fd0104640da79a8bd60b7cedd10	b2b7cc306dff6a99dbb04ff0823e947c
16322	faffdf96829a62628ddb1e6c7a898d01	69616fd0104640da79a8bd60b7cedd10	b2b7cc306dff6a99dbb04ff0823e947c
16323	0b243c1ac8e68054261bf51aac2bc4f6	916c6956e9cd077720ad5ac0bdbaa3c6	a759e2da85e3cd6656af28fc574cbf5f
16324	38d1ae35cdc371759e3cda1a2d8dac2d	99849a1bc6b56cf0738a52a48e6413b6	184b94bf2350ff669f89108bf8f09bce
16325	24056634b0756ad6b56c8b7559883f22	14f8aa3c45764b54e20ebe0bec9caf93	38369de83e9779fcc40f3893ef08d423
16326	24056634b0756ad6b56c8b7559883f22	14f8aa3c45764b54e20ebe0bec9caf93	38369de83e9779fcc40f3893ef08d423
16327	24056634b0756ad6b56c8b7559883f22	14f8aa3c45764b54e20ebe0bec9caf93	38369de83e9779fcc40f3893ef08d423
16328	24056634b0756ad6b56c8b7559883f22	14f8aa3c45764b54e20ebe0bec9caf93	38369de83e9779fcc40f3893ef08d423
16329	24056634b0756ad6b56c8b7559883f22	14f8aa3c45764b54e20ebe0bec9caf93	38369de83e9779fcc40f3893ef08d423
16330	24056634b0756ad6b56c8b7559883f22	14f8aa3c45764b54e20ebe0bec9caf93	38369de83e9779fcc40f3893ef08d423
16331	24056634b0756ad6b56c8b7559883f22	14f8aa3c45764b54e20ebe0bec9caf93	38369de83e9779fcc40f3893ef08d423
16332	a9b76daf43bb42bf9ce8cd6aa0f54412	7d779e3299340a33fa4281b133e8f14d	03ab3b305eb5e21ec18e86734fed4847
16333	24e2537b5afcc0f3d40fb7ce8974573f	9a4625ece3b8fa9a7fa4e88db3aa1a74	a6a20ee2881aab904e559c1982e7a7cb
16334	911b672b06ccc6e7d5cbdfb1ea2dd841	ab9e09fea1a99bc7fee90cada6ab909a	20f07d52f185c44f818fdcdd6a99ddfb
16335	cbc5e68497c5e994d58cb837a801435a	bee3306a10cb7ccf417d6d6085a62d77	ad022c378a1caf1825602a86e901cee6
16336	72a7ba4c9ac01a19d84a1290632d5df5	0c89baa4585a45348aafc7c046a1dd3d	9dc2cb94fd3aefe328bb9f8ccb06a0de
16337	4aa2eb75189b9c9cd8041dc3ef36a4f2	81a785c113e265c4d85ecb15b8e5e61b	e10d04254f149b05a4f6cd9d392055b2
16338	4aa2eb75189b9c9cd8041dc3ef36a4f2	81a785c113e265c4d85ecb15b8e5e61b	e10d04254f149b05a4f6cd9d392055b2
16339	4aa2eb75189b9c9cd8041dc3ef36a4f2	81a785c113e265c4d85ecb15b8e5e61b	e10d04254f149b05a4f6cd9d392055b2
16340	4aa2eb75189b9c9cd8041dc3ef36a4f2	81a785c113e265c4d85ecb15b8e5e61b	e10d04254f149b05a4f6cd9d392055b2
16341	4aa2eb75189b9c9cd8041dc3ef36a4f2	81a785c113e265c4d85ecb15b8e5e61b	e10d04254f149b05a4f6cd9d392055b2
16342	4aa2eb75189b9c9cd8041dc3ef36a4f2	81a785c113e265c4d85ecb15b8e5e61b	e10d04254f149b05a4f6cd9d392055b2
16343	4aa2eb75189b9c9cd8041dc3ef36a4f2	81a785c113e265c4d85ecb15b8e5e61b	e10d04254f149b05a4f6cd9d392055b2
16344	4aa2eb75189b9c9cd8041dc3ef36a4f2	81a785c113e265c4d85ecb15b8e5e61b	e10d04254f149b05a4f6cd9d392055b2
16345	4aa2eb75189b9c9cd8041dc3ef36a4f2	81a785c113e265c4d85ecb15b8e5e61b	e10d04254f149b05a4f6cd9d392055b2
16346	4aa2eb75189b9c9cd8041dc3ef36a4f2	81a785c113e265c4d85ecb15b8e5e61b	e10d04254f149b05a4f6cd9d392055b2
16347	4aa2eb75189b9c9cd8041dc3ef36a4f2	81a785c113e265c4d85ecb15b8e5e61b	e10d04254f149b05a4f6cd9d392055b2
16348	4aa2eb75189b9c9cd8041dc3ef36a4f2	81a785c113e265c4d85ecb15b8e5e61b	e10d04254f149b05a4f6cd9d392055b2
16349	4aa2eb75189b9c9cd8041dc3ef36a4f2	81a785c113e265c4d85ecb15b8e5e61b	e10d04254f149b05a4f6cd9d392055b2
16350	4aa2eb75189b9c9cd8041dc3ef36a4f2	81a785c113e265c4d85ecb15b8e5e61b	e10d04254f149b05a4f6cd9d392055b2
16351	4aa2eb75189b9c9cd8041dc3ef36a4f2	81a785c113e265c4d85ecb15b8e5e61b	e10d04254f149b05a4f6cd9d392055b2
16352	4aa2eb75189b9c9cd8041dc3ef36a4f2	81a785c113e265c4d85ecb15b8e5e61b	e10d04254f149b05a4f6cd9d392055b2
16353	4aa2eb75189b9c9cd8041dc3ef36a4f2	81a785c113e265c4d85ecb15b8e5e61b	e10d04254f149b05a4f6cd9d392055b2
16354	097c444bed60f24ba640984c85246a91	f9e374c9a95391f79c445f5f66c0bd26	a6045ca1d9d63d1affe0850dc8d57a4e
16355	097c444bed60f24ba640984c85246a91	f9e374c9a95391f79c445f5f66c0bd26	a6045ca1d9d63d1affe0850dc8d57a4e
16356	097c444bed60f24ba640984c85246a91	f9e374c9a95391f79c445f5f66c0bd26	a6045ca1d9d63d1affe0850dc8d57a4e
16357	8ad9de6f83908c589e578c3625292b02	20c53d43222c7261693d3c85c395bd7b	ff478fb398262d444201781926190b41
16358	8ad9de6f83908c589e578c3625292b02	20c53d43222c7261693d3c85c395bd7b	ff478fb398262d444201781926190b41
16359	5739ad2efb8c6397be5141b541434a2b	43ad9dcca488911687348fab52a6976c	04be39207d44278b658ea1f02c908cf6
16360	5739ad2efb8c6397be5141b541434a2b	43ad9dcca488911687348fab52a6976c	04be39207d44278b658ea1f02c908cf6
16361	850c06e936375a410af912e2a093bea4	24bb71c419fd432f223637748b2c120a	b8980b54e5cfc1d725d8403f42249ff8
16362	850c06e936375a410af912e2a093bea4	24bb71c419fd432f223637748b2c120a	b8980b54e5cfc1d725d8403f42249ff8
16363	850c06e936375a410af912e2a093bea4	24bb71c419fd432f223637748b2c120a	b8980b54e5cfc1d725d8403f42249ff8
16364	850c06e936375a410af912e2a093bea4	24bb71c419fd432f223637748b2c120a	b8980b54e5cfc1d725d8403f42249ff8
16365	850c06e936375a410af912e2a093bea4	24bb71c419fd432f223637748b2c120a	b8980b54e5cfc1d725d8403f42249ff8
16366	cd0be613819f57ee473287f7e9ab61a0	d9358cbb377c20fd58bbf21f6d189bb4	cc1d79e0ddf9291875777c1b2df8ed71
16367	cd0be613819f57ee473287f7e9ab61a0	d9358cbb377c20fd58bbf21f6d189bb4	cc1d79e0ddf9291875777c1b2df8ed71
16368	cd0be613819f57ee473287f7e9ab61a0	d9358cbb377c20fd58bbf21f6d189bb4	cc1d79e0ddf9291875777c1b2df8ed71
16369	cd0be613819f57ee473287f7e9ab61a0	d9358cbb377c20fd58bbf21f6d189bb4	cc1d79e0ddf9291875777c1b2df8ed71
16370	cd0be613819f57ee473287f7e9ab61a0	d9358cbb377c20fd58bbf21f6d189bb4	cc1d79e0ddf9291875777c1b2df8ed71
16371	cd0be613819f57ee473287f7e9ab61a0	d9358cbb377c20fd58bbf21f6d189bb4	cc1d79e0ddf9291875777c1b2df8ed71
16372	cd0be613819f57ee473287f7e9ab61a0	d9358cbb377c20fd58bbf21f6d189bb4	cc1d79e0ddf9291875777c1b2df8ed71
16373	50cf4003576ae4e38bb2662bff8b010b	adb07660fcb4224b3c23ec1ea781aa1a	28fce946110190aa0a82bec006702e91
16374	50cf4003576ae4e38bb2662bff8b010b	adb07660fcb4224b3c23ec1ea781aa1a	28fce946110190aa0a82bec006702e91
16375	50cf4003576ae4e38bb2662bff8b010b	adb07660fcb4224b3c23ec1ea781aa1a	28fce946110190aa0a82bec006702e91
16376	50cf4003576ae4e38bb2662bff8b010b	adb07660fcb4224b3c23ec1ea781aa1a	28fce946110190aa0a82bec006702e91
16377	50cf4003576ae4e38bb2662bff8b010b	adb07660fcb4224b3c23ec1ea781aa1a	28fce946110190aa0a82bec006702e91
16378	0f06aeafad52d5cc5c840895263c83e8	179b6fca4825a3b2dcf22bb95f6b762c	38ec72c4254a3f94d3d2210ad43db036
16379	0f06aeafad52d5cc5c840895263c83e8	179b6fca4825a3b2dcf22bb95f6b762c	38ec72c4254a3f94d3d2210ad43db036
16380	0f06aeafad52d5cc5c840895263c83e8	179b6fca4825a3b2dcf22bb95f6b762c	38ec72c4254a3f94d3d2210ad43db036
16381	0f06aeafad52d5cc5c840895263c83e8	179b6fca4825a3b2dcf22bb95f6b762c	38ec72c4254a3f94d3d2210ad43db036
16382	0f06aeafad52d5cc5c840895263c83e8	179b6fca4825a3b2dcf22bb95f6b762c	38ec72c4254a3f94d3d2210ad43db036
16383	0f06aeafad52d5cc5c840895263c83e8	179b6fca4825a3b2dcf22bb95f6b762c	38ec72c4254a3f94d3d2210ad43db036
16384	0f06aeafad52d5cc5c840895263c83e8	179b6fca4825a3b2dcf22bb95f6b762c	38ec72c4254a3f94d3d2210ad43db036
16385	44f96831e4ce319698772c709db5f757	9a26ad1662a82f0c5678c6fd4b12f73f	8a374e6ae67fa3144ef465080d622680
16386	44f96831e4ce319698772c709db5f757	9a26ad1662a82f0c5678c6fd4b12f73f	8a374e6ae67fa3144ef465080d622680
16387	44f96831e4ce319698772c709db5f757	9a26ad1662a82f0c5678c6fd4b12f73f	8a374e6ae67fa3144ef465080d622680
16388	44f96831e4ce319698772c709db5f757	9a26ad1662a82f0c5678c6fd4b12f73f	8a374e6ae67fa3144ef465080d622680
16389	44f96831e4ce319698772c709db5f757	9a26ad1662a82f0c5678c6fd4b12f73f	8a374e6ae67fa3144ef465080d622680
16390	1781e21476857a04518ee2030e2a9873	82a6d06b9c2d17125c4c923333cfcf79	de62a1784308c538683eaa1c8a2d598e
16391	1781e21476857a04518ee2030e2a9873	82a6d06b9c2d17125c4c923333cfcf79	de62a1784308c538683eaa1c8a2d598e
16392	1781e21476857a04518ee2030e2a9873	82a6d06b9c2d17125c4c923333cfcf79	de62a1784308c538683eaa1c8a2d598e
16393	a244632cbc92ef5b54bd66260cbbd98d	b15957be5427425289dc1276610a01a5	f8ce0681ae2d34caaf0f1d2f87bcb095
16394	1724a91f9f7d15fcb7fdfe064a50bf30	75a86ef910fe6a08483250750c81408f	0e2676199d90d162d45e16033f66d80d
16395	d61750d15a4fc3f26ca0bd79f9be185f	90a2f1fbfb8312c2cd3bfe00073bd43f	73d14ea35f1b01e72e768bcec166302f
16396	d61750d15a4fc3f26ca0bd79f9be185f	90a2f1fbfb8312c2cd3bfe00073bd43f	73d14ea35f1b01e72e768bcec166302f
16397	d61750d15a4fc3f26ca0bd79f9be185f	90a2f1fbfb8312c2cd3bfe00073bd43f	73d14ea35f1b01e72e768bcec166302f
16398	355f4012c8f302d8ec129811cfb8894b	61b2bbf5971ff72f760faf508174674c	a89bab11d2a0054a01586ba98ec956fb
16399	355f4012c8f302d8ec129811cfb8894b	61b2bbf5971ff72f760faf508174674c	a89bab11d2a0054a01586ba98ec956fb
16400	8d84a253a5483d575ddbf1d51a276cbd	a5eafe2c7e8aba41f0a40c609a1b639f	175641d7c46d0aa40ab772eab3350d62
16401	715ae826d5472d8369e289a7b4c04749	936713cc2b2b9438bb24afab6528e94b	8bdebcaf3f8a23feb134f60e3c6f403b
16402	da38468fc70537f88fe3f032119ac33b	5daef7a31317e48643a8c51c349da825	0d11d14ef35c500b8e84356fe09dddfb
16403	da38468fc70537f88fe3f032119ac33b	5daef7a31317e48643a8c51c349da825	0d11d14ef35c500b8e84356fe09dddfb
16404	da38468fc70537f88fe3f032119ac33b	5daef7a31317e48643a8c51c349da825	0d11d14ef35c500b8e84356fe09dddfb
16405	da38468fc70537f88fe3f032119ac33b	5daef7a31317e48643a8c51c349da825	0d11d14ef35c500b8e84356fe09dddfb
16406	da38468fc70537f88fe3f032119ac33b	5daef7a31317e48643a8c51c349da825	0d11d14ef35c500b8e84356fe09dddfb
16407	b40cea8872cbf86edcb6350e8adc5ab4	0c82814e12ecbe52f50a4174193cb4a3	12d3d21d29f1f0f2478b5ed0fe682494
16408	b40cea8872cbf86edcb6350e8adc5ab4	0c82814e12ecbe52f50a4174193cb4a3	12d3d21d29f1f0f2478b5ed0fe682494
16409	b40cea8872cbf86edcb6350e8adc5ab4	0c82814e12ecbe52f50a4174193cb4a3	12d3d21d29f1f0f2478b5ed0fe682494
16410	b40cea8872cbf86edcb6350e8adc5ab4	0c82814e12ecbe52f50a4174193cb4a3	12d3d21d29f1f0f2478b5ed0fe682494
16411	b40cea8872cbf86edcb6350e8adc5ab4	0c82814e12ecbe52f50a4174193cb4a3	12d3d21d29f1f0f2478b5ed0fe682494
16412	b40cea8872cbf86edcb6350e8adc5ab4	0c82814e12ecbe52f50a4174193cb4a3	12d3d21d29f1f0f2478b5ed0fe682494
16413	b40cea8872cbf86edcb6350e8adc5ab4	0c82814e12ecbe52f50a4174193cb4a3	12d3d21d29f1f0f2478b5ed0fe682494
16414	8d1ff5044085e35527f7364f83e93f45	64dcc7963d889d99b228a07d14a86954	58b0b0b893db99a249be4f567c8fbc6c
16415	8d1ff5044085e35527f7364f83e93f45	64dcc7963d889d99b228a07d14a86954	58b0b0b893db99a249be4f567c8fbc6c
16416	8d1ff5044085e35527f7364f83e93f45	64dcc7963d889d99b228a07d14a86954	58b0b0b893db99a249be4f567c8fbc6c
16417	8d1ff5044085e35527f7364f83e93f45	64dcc7963d889d99b228a07d14a86954	58b0b0b893db99a249be4f567c8fbc6c
16418	8d1ff5044085e35527f7364f83e93f45	64dcc7963d889d99b228a07d14a86954	58b0b0b893db99a249be4f567c8fbc6c
16419	8d1ff5044085e35527f7364f83e93f45	64dcc7963d889d99b228a07d14a86954	58b0b0b893db99a249be4f567c8fbc6c
16420	8d1ff5044085e35527f7364f83e93f45	64dcc7963d889d99b228a07d14a86954	58b0b0b893db99a249be4f567c8fbc6c
16421	8d1ff5044085e35527f7364f83e93f45	64dcc7963d889d99b228a07d14a86954	58b0b0b893db99a249be4f567c8fbc6c
16422	8d1ff5044085e35527f7364f83e93f45	64dcc7963d889d99b228a07d14a86954	58b0b0b893db99a249be4f567c8fbc6c
16423	8d1ff5044085e35527f7364f83e93f45	64dcc7963d889d99b228a07d14a86954	58b0b0b893db99a249be4f567c8fbc6c
16424	9673c1ab94867a395028637d3a77160d	341cb1036403d60714379ec4ec850ab0	17c078fc93d2805d99e9c73de1469f8f
16425	9673c1ab94867a395028637d3a77160d	341cb1036403d60714379ec4ec850ab0	17c078fc93d2805d99e9c73de1469f8f
16426	9673c1ab94867a395028637d3a77160d	341cb1036403d60714379ec4ec850ab0	17c078fc93d2805d99e9c73de1469f8f
16427	9673c1ab94867a395028637d3a77160d	341cb1036403d60714379ec4ec850ab0	17c078fc93d2805d99e9c73de1469f8f
16428	9673c1ab94867a395028637d3a77160d	341cb1036403d60714379ec4ec850ab0	17c078fc93d2805d99e9c73de1469f8f
16429	9673c1ab94867a395028637d3a77160d	341cb1036403d60714379ec4ec850ab0	17c078fc93d2805d99e9c73de1469f8f
16430	9673c1ab94867a395028637d3a77160d	341cb1036403d60714379ec4ec850ab0	17c078fc93d2805d99e9c73de1469f8f
16431	b7d8c236a18516aea0eb45c95afbc30c	823b916a14864a90d12b14449cc8a819	e8d6f4451ba0d7773f999c01925627e8
16432	b7d8c236a18516aea0eb45c95afbc30c	823b916a14864a90d12b14449cc8a819	e8d6f4451ba0d7773f999c01925627e8
16433	b7d8c236a18516aea0eb45c95afbc30c	823b916a14864a90d12b14449cc8a819	e8d6f4451ba0d7773f999c01925627e8
16434	f9d9dd6f80d73fe10aeca1b501f60348	de8437fa1415097f385703c8a20bc5ad	07f6b2c8be91d39d1405ff1e07479a0f
16435	f9d9dd6f80d73fe10aeca1b501f60348	de8437fa1415097f385703c8a20bc5ad	07f6b2c8be91d39d1405ff1e07479a0f
16436	da5cbc8547a7f9121cd838eba086b191	de163d4b85330da4fcf51c000dbe0506	abcef0fb95b676a32d5f2c339212712d
16437	da5cbc8547a7f9121cd838eba086b191	de163d4b85330da4fcf51c000dbe0506	abcef0fb95b676a32d5f2c339212712d
16438	da5cbc8547a7f9121cd838eba086b191	de163d4b85330da4fcf51c000dbe0506	abcef0fb95b676a32d5f2c339212712d
16439	da5cbc8547a7f9121cd838eba086b191	de163d4b85330da4fcf51c000dbe0506	abcef0fb95b676a32d5f2c339212712d
16440	da5cbc8547a7f9121cd838eba086b191	de163d4b85330da4fcf51c000dbe0506	abcef0fb95b676a32d5f2c339212712d
16441	da5cbc8547a7f9121cd838eba086b191	de163d4b85330da4fcf51c000dbe0506	abcef0fb95b676a32d5f2c339212712d
16442	da5cbc8547a7f9121cd838eba086b191	de163d4b85330da4fcf51c000dbe0506	abcef0fb95b676a32d5f2c339212712d
16443	243d9b8254000795443cd1beed1ce2b2	2489dd6ad3b465ae02a8fda8c4a481f7	ebdf27f798701d53ab17decd405e4cd8
16444	243d9b8254000795443cd1beed1ce2b2	2489dd6ad3b465ae02a8fda8c4a481f7	ebdf27f798701d53ab17decd405e4cd8
16445	243d9b8254000795443cd1beed1ce2b2	2489dd6ad3b465ae02a8fda8c4a481f7	ebdf27f798701d53ab17decd405e4cd8
16446	243d9b8254000795443cd1beed1ce2b2	2489dd6ad3b465ae02a8fda8c4a481f7	ebdf27f798701d53ab17decd405e4cd8
16447	243d9b8254000795443cd1beed1ce2b2	2489dd6ad3b465ae02a8fda8c4a481f7	ebdf27f798701d53ab17decd405e4cd8
16448	f75538bd9e312be38dca2b633136bece	f9e9c4ed8b9c41b0f925fc79e8031cc5	a5c4bc0d12ef954bdee16c32ef1c40c5
16449	f75538bd9e312be38dca2b633136bece	f9e9c4ed8b9c41b0f925fc79e8031cc5	a5c4bc0d12ef954bdee16c32ef1c40c5
16450	f75538bd9e312be38dca2b633136bece	f9e9c4ed8b9c41b0f925fc79e8031cc5	a5c4bc0d12ef954bdee16c32ef1c40c5
16451	f75538bd9e312be38dca2b633136bece	f9e9c4ed8b9c41b0f925fc79e8031cc5	a5c4bc0d12ef954bdee16c32ef1c40c5
16452	f75538bd9e312be38dca2b633136bece	f9e9c4ed8b9c41b0f925fc79e8031cc5	a5c4bc0d12ef954bdee16c32ef1c40c5
16453	f75538bd9e312be38dca2b633136bece	f9e9c4ed8b9c41b0f925fc79e8031cc5	a5c4bc0d12ef954bdee16c32ef1c40c5
16454	f75538bd9e312be38dca2b633136bece	f9e9c4ed8b9c41b0f925fc79e8031cc5	a5c4bc0d12ef954bdee16c32ef1c40c5
16455	f75538bd9e312be38dca2b633136bece	f9e9c4ed8b9c41b0f925fc79e8031cc5	a5c4bc0d12ef954bdee16c32ef1c40c5
16456	f75538bd9e312be38dca2b633136bece	f9e9c4ed8b9c41b0f925fc79e8031cc5	a5c4bc0d12ef954bdee16c32ef1c40c5
16457	f75538bd9e312be38dca2b633136bece	f9e9c4ed8b9c41b0f925fc79e8031cc5	a5c4bc0d12ef954bdee16c32ef1c40c5
16458	f75538bd9e312be38dca2b633136bece	f9e9c4ed8b9c41b0f925fc79e8031cc5	a5c4bc0d12ef954bdee16c32ef1c40c5
16459	f75538bd9e312be38dca2b633136bece	f9e9c4ed8b9c41b0f925fc79e8031cc5	a5c4bc0d12ef954bdee16c32ef1c40c5
16460	f75538bd9e312be38dca2b633136bece	f9e9c4ed8b9c41b0f925fc79e8031cc5	a5c4bc0d12ef954bdee16c32ef1c40c5
16461	f75538bd9e312be38dca2b633136bece	f9e9c4ed8b9c41b0f925fc79e8031cc5	a5c4bc0d12ef954bdee16c32ef1c40c5
16462	f75538bd9e312be38dca2b633136bece	f9e9c4ed8b9c41b0f925fc79e8031cc5	a5c4bc0d12ef954bdee16c32ef1c40c5
16463	f75538bd9e312be38dca2b633136bece	f9e9c4ed8b9c41b0f925fc79e8031cc5	a5c4bc0d12ef954bdee16c32ef1c40c5
16464	f75538bd9e312be38dca2b633136bece	f9e9c4ed8b9c41b0f925fc79e8031cc5	a5c4bc0d12ef954bdee16c32ef1c40c5
16465	a3b8cd8b6bd999f40c6b391c57fceaa2	17bd5cbf7934dd4e320d812eae1e4669	9e7f11c7540d157cc3f899600ab0e390
16466	a3b8cd8b6bd999f40c6b391c57fceaa2	17bd5cbf7934dd4e320d812eae1e4669	9e7f11c7540d157cc3f899600ab0e390
16467	a3b8cd8b6bd999f40c6b391c57fceaa2	17bd5cbf7934dd4e320d812eae1e4669	9e7f11c7540d157cc3f899600ab0e390
16468	a3b8cd8b6bd999f40c6b391c57fceaa2	17bd5cbf7934dd4e320d812eae1e4669	9e7f11c7540d157cc3f899600ab0e390
16469	a3b8cd8b6bd999f40c6b391c57fceaa2	17bd5cbf7934dd4e320d812eae1e4669	9e7f11c7540d157cc3f899600ab0e390
16470	a3b8cd8b6bd999f40c6b391c57fceaa2	17bd5cbf7934dd4e320d812eae1e4669	9e7f11c7540d157cc3f899600ab0e390
16471	a3b8cd8b6bd999f40c6b391c57fceaa2	17bd5cbf7934dd4e320d812eae1e4669	9e7f11c7540d157cc3f899600ab0e390
16472	dfd3dbb151320b42e9170158c43e9f44	5e4a41d9315288496201cfe7ff4f3a1e	f9ee6414e716f627d6d4ac1f14abc115
16473	dfd3dbb151320b42e9170158c43e9f44	5e4a41d9315288496201cfe7ff4f3a1e	f9ee6414e716f627d6d4ac1f14abc115
16474	dfd3dbb151320b42e9170158c43e9f44	5e4a41d9315288496201cfe7ff4f3a1e	f9ee6414e716f627d6d4ac1f14abc115
16475	fe1b4708c9c8d7011bc73813b2e5747f	4fdac0700a8c1bcf6548acb094c48683	0a1ba97524158a5658380d98d26819c1
16476	fe1b4708c9c8d7011bc73813b2e5747f	4fdac0700a8c1bcf6548acb094c48683	0a1ba97524158a5658380d98d26819c1
16477	cfd364a24b5e5515e7ce4680c0901a7d	b18c349ae131b81c20b91c430e2fa10f	8e9525722e58b0cd2feaa50dfed254c3
16478	cbf6e2bef6868c293c21e7e3ea424020	a308eade5163a9cf6573ca46fcc85fbe	b4adb1eb54d842a2914e21f1b53277d0
16479	cbf6e2bef6868c293c21e7e3ea424020	a308eade5163a9cf6573ca46fcc85fbe	b4adb1eb54d842a2914e21f1b53277d0
16480	cfd364a24b5e5515e7ce4680c0901a7d	b18c349ae131b81c20b91c430e2fa10f	8e9525722e58b0cd2feaa50dfed254c3
16481	cfd364a24b5e5515e7ce4680c0901a7d	b18c349ae131b81c20b91c430e2fa10f	8e9525722e58b0cd2feaa50dfed254c3
16482	cfd364a24b5e5515e7ce4680c0901a7d	b18c349ae131b81c20b91c430e2fa10f	8e9525722e58b0cd2feaa50dfed254c3
16483	cfd364a24b5e5515e7ce4680c0901a7d	b18c349ae131b81c20b91c430e2fa10f	8e9525722e58b0cd2feaa50dfed254c3
16484	29156db4fcf29e24b323e5e07db24f39	cba002805b6acc57abc1b5cff72f124e	363b3faf8f41b599b9ea49420a58bc56
16485	29156db4fcf29e24b323e5e07db24f39	cba002805b6acc57abc1b5cff72f124e	363b3faf8f41b599b9ea49420a58bc56
16486	29156db4fcf29e24b323e5e07db24f39	cba002805b6acc57abc1b5cff72f124e	363b3faf8f41b599b9ea49420a58bc56
16487	29156db4fcf29e24b323e5e07db24f39	cba002805b6acc57abc1b5cff72f124e	363b3faf8f41b599b9ea49420a58bc56
16488	29156db4fcf29e24b323e5e07db24f39	cba002805b6acc57abc1b5cff72f124e	363b3faf8f41b599b9ea49420a58bc56
16489	f8f694cb7ef9d5f930317812e7bee8f1	693e409521c464bb56650fef754c8c57	06cec231a84f2d84715299715b69761e
16490	f8f694cb7ef9d5f930317812e7bee8f1	693e409521c464bb56650fef754c8c57	06cec231a84f2d84715299715b69761e
16491	f8f694cb7ef9d5f930317812e7bee8f1	693e409521c464bb56650fef754c8c57	06cec231a84f2d84715299715b69761e
16492	f8f694cb7ef9d5f930317812e7bee8f1	693e409521c464bb56650fef754c8c57	06cec231a84f2d84715299715b69761e
16493	f8f694cb7ef9d5f930317812e7bee8f1	693e409521c464bb56650fef754c8c57	06cec231a84f2d84715299715b69761e
16494	b3bd67ca47bc8df2746f21caeeebce04	60589ad8839edf5b03fcf34a48108142	5772978067135f9f79a7f748b1dd0dca
16495	b3bd67ca47bc8df2746f21caeeebce04	60589ad8839edf5b03fcf34a48108142	5772978067135f9f79a7f748b1dd0dca
16496	b3bd67ca47bc8df2746f21caeeebce04	60589ad8839edf5b03fcf34a48108142	5772978067135f9f79a7f748b1dd0dca
16497	b3bd67ca47bc8df2746f21caeeebce04	60589ad8839edf5b03fcf34a48108142	5772978067135f9f79a7f748b1dd0dca
16498	b3bd67ca47bc8df2746f21caeeebce04	60589ad8839edf5b03fcf34a48108142	5772978067135f9f79a7f748b1dd0dca
16499	b3bd67ca47bc8df2746f21caeeebce04	60589ad8839edf5b03fcf34a48108142	5772978067135f9f79a7f748b1dd0dca
16500	b3bd67ca47bc8df2746f21caeeebce04	60589ad8839edf5b03fcf34a48108142	5772978067135f9f79a7f748b1dd0dca
16501	c50556165f59f4083819501665a8de81	bb9b641184a546d8852742a8658a80e8	44ec24e648f980406a37c92c2cf605e3
16502	0b958f6d01ca1859746df9fc0dedb2c2	e7ccd7081f56a1894dde1068133fa872	9874f12d31ab05e4753991b104fa9e64
16503	0b958f6d01ca1859746df9fc0dedb2c2	e7ccd7081f56a1894dde1068133fa872	9874f12d31ab05e4753991b104fa9e64
16504	84750c02be62a397b3898cfbdd9e386e	c80b1c47d574304ca4731b8040d6d129	5a4630fe9047edaa7fa84bbe2b598ed7
16505	84750c02be62a397b3898cfbdd9e386e	c80b1c47d574304ca4731b8040d6d129	5a4630fe9047edaa7fa84bbe2b598ed7
16506	cff13cbcac9140589bbc8c885da5d845	d90ed268ac93729a7e2d56678b6ae9ba	af8f44303740a89092bc61c20ba1c21f
16507	cff13cbcac9140589bbc8c885da5d845	d90ed268ac93729a7e2d56678b6ae9ba	af8f44303740a89092bc61c20ba1c21f
16508	cff13cbcac9140589bbc8c885da5d845	d90ed268ac93729a7e2d56678b6ae9ba	af8f44303740a89092bc61c20ba1c21f
16509	cff13cbcac9140589bbc8c885da5d845	d90ed268ac93729a7e2d56678b6ae9ba	af8f44303740a89092bc61c20ba1c21f
16510	cff13cbcac9140589bbc8c885da5d845	d90ed268ac93729a7e2d56678b6ae9ba	af8f44303740a89092bc61c20ba1c21f
16511	cff13cbcac9140589bbc8c885da5d845	d90ed268ac93729a7e2d56678b6ae9ba	af8f44303740a89092bc61c20ba1c21f
16512	cff13cbcac9140589bbc8c885da5d845	d90ed268ac93729a7e2d56678b6ae9ba	af8f44303740a89092bc61c20ba1c21f
16513	baec933d45db6390e92e8c52a77ee95a	8f985fd492590fc60a02a96246c3177d	b49ba7598d6208117a4ef6394cc46790
16514	baec933d45db6390e92e8c52a77ee95a	8f985fd492590fc60a02a96246c3177d	b49ba7598d6208117a4ef6394cc46790
16515	baec933d45db6390e92e8c52a77ee95a	8f985fd492590fc60a02a96246c3177d	b49ba7598d6208117a4ef6394cc46790
16516	baec933d45db6390e92e8c52a77ee95a	8f985fd492590fc60a02a96246c3177d	b49ba7598d6208117a4ef6394cc46790
16517	baec933d45db6390e92e8c52a77ee95a	8f985fd492590fc60a02a96246c3177d	b49ba7598d6208117a4ef6394cc46790
16518	7bba13e5e342f494496588537e34324e	9becfc3638a77ab2960bf8c6c782b894	9e0c8f42ae5afb024f64f2f2eda1c21c
16519	7bba13e5e342f494496588537e34324e	9becfc3638a77ab2960bf8c6c782b894	9e0c8f42ae5afb024f64f2f2eda1c21c
16520	7bba13e5e342f494496588537e34324e	9becfc3638a77ab2960bf8c6c782b894	9e0c8f42ae5afb024f64f2f2eda1c21c
16521	7bba13e5e342f494496588537e34324e	9becfc3638a77ab2960bf8c6c782b894	9e0c8f42ae5afb024f64f2f2eda1c21c
16522	7bba13e5e342f494496588537e34324e	9becfc3638a77ab2960bf8c6c782b894	9e0c8f42ae5afb024f64f2f2eda1c21c
16523	7bba13e5e342f494496588537e34324e	9becfc3638a77ab2960bf8c6c782b894	9e0c8f42ae5afb024f64f2f2eda1c21c
16524	7bba13e5e342f494496588537e34324e	9becfc3638a77ab2960bf8c6c782b894	9e0c8f42ae5afb024f64f2f2eda1c21c
16525	f7ab346ffe2f551865a3ffcf7fe5530f	c81b98d023477b1a5f3e9fe6bb9c96ac	f5a4f32bc17ffa10e046e380155ec903
16526	f7ab346ffe2f551865a3ffcf7fe5530f	c81b98d023477b1a5f3e9fe6bb9c96ac	f5a4f32bc17ffa10e046e380155ec903
16527	f7ab346ffe2f551865a3ffcf7fe5530f	c81b98d023477b1a5f3e9fe6bb9c96ac	f5a4f32bc17ffa10e046e380155ec903
16528	f7ab346ffe2f551865a3ffcf7fe5530f	c81b98d023477b1a5f3e9fe6bb9c96ac	f5a4f32bc17ffa10e046e380155ec903
16529	f7ab346ffe2f551865a3ffcf7fe5530f	c81b98d023477b1a5f3e9fe6bb9c96ac	f5a4f32bc17ffa10e046e380155ec903
16530	66ebb151681d9216b51bef33bc8a902d	c8e024a291b5e0611a1f21f38e5e6ca3	40342f64069c82a0cb2f08907e3246c1
16531	66ebb151681d9216b51bef33bc8a902d	c8e024a291b5e0611a1f21f38e5e6ca3	40342f64069c82a0cb2f08907e3246c1
16532	66ebb151681d9216b51bef33bc8a902d	c8e024a291b5e0611a1f21f38e5e6ca3	40342f64069c82a0cb2f08907e3246c1
16533	66ebb151681d9216b51bef33bc8a902d	c8e024a291b5e0611a1f21f38e5e6ca3	40342f64069c82a0cb2f08907e3246c1
16534	66ebb151681d9216b51bef33bc8a902d	c8e024a291b5e0611a1f21f38e5e6ca3	40342f64069c82a0cb2f08907e3246c1
16535	a9df641f9dcb28721cf754ce883b4348	470a9376ed0e1a0dc0567c3c8b721db8	f7da4525f80ed49bbc89c0333ddd29ae
16536	a9df641f9dcb28721cf754ce883b4348	470a9376ed0e1a0dc0567c3c8b721db8	f7da4525f80ed49bbc89c0333ddd29ae
16537	a9df641f9dcb28721cf754ce883b4348	470a9376ed0e1a0dc0567c3c8b721db8	f7da4525f80ed49bbc89c0333ddd29ae
16538	a9df641f9dcb28721cf754ce883b4348	470a9376ed0e1a0dc0567c3c8b721db8	f7da4525f80ed49bbc89c0333ddd29ae
16539	a9df641f9dcb28721cf754ce883b4348	470a9376ed0e1a0dc0567c3c8b721db8	f7da4525f80ed49bbc89c0333ddd29ae
16540	a9df641f9dcb28721cf754ce883b4348	470a9376ed0e1a0dc0567c3c8b721db8	f7da4525f80ed49bbc89c0333ddd29ae
16541	c60775bef7bb7c9ae2243d67b4542cdb	69e811df84722a24983c33bbb1fc4dbc	a6fa2e0b17d1283ca20c52d626e61ec0
16542	c60775bef7bb7c9ae2243d67b4542cdb	69e811df84722a24983c33bbb1fc4dbc	a6fa2e0b17d1283ca20c52d626e61ec0
16543	c60775bef7bb7c9ae2243d67b4542cdb	69e811df84722a24983c33bbb1fc4dbc	a6fa2e0b17d1283ca20c52d626e61ec0
16544	c60775bef7bb7c9ae2243d67b4542cdb	69e811df84722a24983c33bbb1fc4dbc	a6fa2e0b17d1283ca20c52d626e61ec0
16545	a9df641f9dcb28721cf754ce883b4348	470a9376ed0e1a0dc0567c3c8b721db8	f7da4525f80ed49bbc89c0333ddd29ae
16546	a9df641f9dcb28721cf754ce883b4348	470a9376ed0e1a0dc0567c3c8b721db8	f7da4525f80ed49bbc89c0333ddd29ae
16547	f824451ebbd18c3fae5c8f2314362606	2c7215726dc17c9660f60eedffc79a5d	7f8c62daf2262333f4d70afacb9f6246
16548	f824451ebbd18c3fae5c8f2314362606	2c7215726dc17c9660f60eedffc79a5d	7f8c62daf2262333f4d70afacb9f6246
16549	f824451ebbd18c3fae5c8f2314362606	2c7215726dc17c9660f60eedffc79a5d	7f8c62daf2262333f4d70afacb9f6246
16550	f824451ebbd18c3fae5c8f2314362606	2c7215726dc17c9660f60eedffc79a5d	7f8c62daf2262333f4d70afacb9f6246
16551	f824451ebbd18c3fae5c8f2314362606	2c7215726dc17c9660f60eedffc79a5d	7f8c62daf2262333f4d70afacb9f6246
16552	f824451ebbd18c3fae5c8f2314362606	2c7215726dc17c9660f60eedffc79a5d	7f8c62daf2262333f4d70afacb9f6246
16553	f824451ebbd18c3fae5c8f2314362606	2c7215726dc17c9660f60eedffc79a5d	7f8c62daf2262333f4d70afacb9f6246
16554	00c1858812b44d580a10f03f4284c9b4	4949ef1f0afefb9baa8eab63210d0018	53e20e0558b8e05bab0b5facf622b227
16555	00c1858812b44d580a10f03f4284c9b4	4949ef1f0afefb9baa8eab63210d0018	53e20e0558b8e05bab0b5facf622b227
16556	00c1858812b44d580a10f03f4284c9b4	4949ef1f0afefb9baa8eab63210d0018	53e20e0558b8e05bab0b5facf622b227
16557	00c1858812b44d580a10f03f4284c9b4	4949ef1f0afefb9baa8eab63210d0018	53e20e0558b8e05bab0b5facf622b227
16558	00c1858812b44d580a10f03f4284c9b4	4949ef1f0afefb9baa8eab63210d0018	53e20e0558b8e05bab0b5facf622b227
16559	00c1858812b44d580a10f03f4284c9b4	4949ef1f0afefb9baa8eab63210d0018	53e20e0558b8e05bab0b5facf622b227
16560	00c1858812b44d580a10f03f4284c9b4	4949ef1f0afefb9baa8eab63210d0018	53e20e0558b8e05bab0b5facf622b227
16561	00c1858812b44d580a10f03f4284c9b4	4949ef1f0afefb9baa8eab63210d0018	53e20e0558b8e05bab0b5facf622b227
16562	00c1858812b44d580a10f03f4284c9b4	4949ef1f0afefb9baa8eab63210d0018	53e20e0558b8e05bab0b5facf622b227
16563	00c1858812b44d580a10f03f4284c9b4	4949ef1f0afefb9baa8eab63210d0018	53e20e0558b8e05bab0b5facf622b227
16564	5d17a432b71441bce9573e382c74a110	06c7c99d0c93b16b78ea211398db7fb3	8fd4681ec285909d3757976b714edb14
16565	5d17a432b71441bce9573e382c74a110	06c7c99d0c93b16b78ea211398db7fb3	8fd4681ec285909d3757976b714edb14
16566	5d17a432b71441bce9573e382c74a110	06c7c99d0c93b16b78ea211398db7fb3	8fd4681ec285909d3757976b714edb14
16567	5d17a432b71441bce9573e382c74a110	06c7c99d0c93b16b78ea211398db7fb3	8fd4681ec285909d3757976b714edb14
16568	5d17a432b71441bce9573e382c74a110	06c7c99d0c93b16b78ea211398db7fb3	8fd4681ec285909d3757976b714edb14
16569	5d17a432b71441bce9573e382c74a110	06c7c99d0c93b16b78ea211398db7fb3	8fd4681ec285909d3757976b714edb14
16570	5d17a432b71441bce9573e382c74a110	06c7c99d0c93b16b78ea211398db7fb3	8fd4681ec285909d3757976b714edb14
16571	9e925b5b0f8a218039b4e5d66cbce275	55eeb7ac4a9311646f0d5ff4109180f8	fc243aaecf0df2029d7e51fefa4562f3
16572	9e925b5b0f8a218039b4e5d66cbce275	55eeb7ac4a9311646f0d5ff4109180f8	fc243aaecf0df2029d7e51fefa4562f3
16573	9e925b5b0f8a218039b4e5d66cbce275	55eeb7ac4a9311646f0d5ff4109180f8	fc243aaecf0df2029d7e51fefa4562f3
16574	9e925b5b0f8a218039b4e5d66cbce275	55eeb7ac4a9311646f0d5ff4109180f8	fc243aaecf0df2029d7e51fefa4562f3
16575	008658f9e9e4f9b3fcc7dfd778416a15	8bca3cc22d6e8339c50a2e0c48a801c3	81df7208ecccb03bb8cc66946b58d786
16576	bfd7894e5629a7daf2ae1b0426dc7db9	d90d419adde87ad40e921ce1f3b97175	6b54916a4a598bd90b621c6d9d00d21d
16577	bfd7894e5629a7daf2ae1b0426dc7db9	d90d419adde87ad40e921ce1f3b97175	6b54916a4a598bd90b621c6d9d00d21d
16578	bfd7894e5629a7daf2ae1b0426dc7db9	d90d419adde87ad40e921ce1f3b97175	6b54916a4a598bd90b621c6d9d00d21d
16579	bfd7894e5629a7daf2ae1b0426dc7db9	d90d419adde87ad40e921ce1f3b97175	6b54916a4a598bd90b621c6d9d00d21d
16580	bfd7894e5629a7daf2ae1b0426dc7db9	d90d419adde87ad40e921ce1f3b97175	6b54916a4a598bd90b621c6d9d00d21d
16581	bfd7894e5629a7daf2ae1b0426dc7db9	d90d419adde87ad40e921ce1f3b97175	6b54916a4a598bd90b621c6d9d00d21d
16582	bfd7894e5629a7daf2ae1b0426dc7db9	d90d419adde87ad40e921ce1f3b97175	6b54916a4a598bd90b621c6d9d00d21d
16583	bfd7894e5629a7daf2ae1b0426dc7db9	d90d419adde87ad40e921ce1f3b97175	6b54916a4a598bd90b621c6d9d00d21d
16584	bfd7894e5629a7daf2ae1b0426dc7db9	d90d419adde87ad40e921ce1f3b97175	6b54916a4a598bd90b621c6d9d00d21d
16585	bfd7894e5629a7daf2ae1b0426dc7db9	d90d419adde87ad40e921ce1f3b97175	6b54916a4a598bd90b621c6d9d00d21d
16586	bfd7894e5629a7daf2ae1b0426dc7db9	d90d419adde87ad40e921ce1f3b97175	6b54916a4a598bd90b621c6d9d00d21d
16587	bfd7894e5629a7daf2ae1b0426dc7db9	d90d419adde87ad40e921ce1f3b97175	6b54916a4a598bd90b621c6d9d00d21d
16588	bfd7894e5629a7daf2ae1b0426dc7db9	d90d419adde87ad40e921ce1f3b97175	6b54916a4a598bd90b621c6d9d00d21d
16589	bfd7894e5629a7daf2ae1b0426dc7db9	d90d419adde87ad40e921ce1f3b97175	6b54916a4a598bd90b621c6d9d00d21d
16590	bfd7894e5629a7daf2ae1b0426dc7db9	d90d419adde87ad40e921ce1f3b97175	6b54916a4a598bd90b621c6d9d00d21d
16591	bfd7894e5629a7daf2ae1b0426dc7db9	d90d419adde87ad40e921ce1f3b97175	6b54916a4a598bd90b621c6d9d00d21d
16592	bfd7894e5629a7daf2ae1b0426dc7db9	d90d419adde87ad40e921ce1f3b97175	6b54916a4a598bd90b621c6d9d00d21d
16593	2a41ec5371583230c59193473c10e1be	5052e86a6dba9724166d0e29b8ea2bbe	602cb81ee813853062e4b913569bbff5
16594	2a41ec5371583230c59193473c10e1be	5052e86a6dba9724166d0e29b8ea2bbe	602cb81ee813853062e4b913569bbff5
16595	2a41ec5371583230c59193473c10e1be	5052e86a6dba9724166d0e29b8ea2bbe	602cb81ee813853062e4b913569bbff5
16596	1b89be0675093233c394a8e93cd42d8c	4ee78e5b36ef84a25211b61a14324439	208ed468b989b0867361f303150e1d92
16597	161f9cf85cbcefb9bfa94945e8c3a6a9	7a804c491ede5808161c33915b42a0a7	83103ee54d653864140ef3be74391323
16598	2d5ade7e509472c81172c23d15fe7ed1	1aacdfc7d4b05d458b7ccd62ef560902	70923920a541bb77054a7384584c63ac
16599	2d5ade7e509472c81172c23d15fe7ed1	1aacdfc7d4b05d458b7ccd62ef560902	70923920a541bb77054a7384584c63ac
16600	35a244a71c90c1d3a6eb5aca7a76f1dd	d880c0aaebcb9c9ea000efce131d78da	fdb19f45935804da7146e4f38456c580
16601	35a244a71c90c1d3a6eb5aca7a76f1dd	d880c0aaebcb9c9ea000efce131d78da	fdb19f45935804da7146e4f38456c580
16602	35a244a71c90c1d3a6eb5aca7a76f1dd	d880c0aaebcb9c9ea000efce131d78da	fdb19f45935804da7146e4f38456c580
16603	7a6f89b840c63825f5d1db1b468ffc1d	b705795e645577a36f0b7d6fbbc747c2	0e3b7912851e1657ef5fed5a761b8e85
16604	7a6f89b840c63825f5d1db1b468ffc1d	b705795e645577a36f0b7d6fbbc747c2	0e3b7912851e1657ef5fed5a761b8e85
16605	a7ee521372058c7aa79b906e2c303318	12330feca9c9183a5d1400db8aa44213	f76641d5fb979ed2ff7cfaa024ac5280
16606	a7ee521372058c7aa79b906e2c303318	12330feca9c9183a5d1400db8aa44213	f76641d5fb979ed2ff7cfaa024ac5280
16607	a7ee521372058c7aa79b906e2c303318	12330feca9c9183a5d1400db8aa44213	f76641d5fb979ed2ff7cfaa024ac5280
16608	a7ee521372058c7aa79b906e2c303318	12330feca9c9183a5d1400db8aa44213	f76641d5fb979ed2ff7cfaa024ac5280
16609	a7ee521372058c7aa79b906e2c303318	12330feca9c9183a5d1400db8aa44213	f76641d5fb979ed2ff7cfaa024ac5280
16610	a7ee521372058c7aa79b906e2c303318	12330feca9c9183a5d1400db8aa44213	f76641d5fb979ed2ff7cfaa024ac5280
16611	a7ee521372058c7aa79b906e2c303318	12330feca9c9183a5d1400db8aa44213	f76641d5fb979ed2ff7cfaa024ac5280
16612	6b9f85ed5a741fe29032ff4577ac40e8	df5965f1a4c8322b697078d87f3d703c	50b3d22fbae69a000774350c707dffce
16613	28a494ab169837cde63b892a58b3d0d3	72811bcdbcb3d65bb46c0aff27a2930f	1a77444be429fe18e3e2ad47ee2955f0
16614	28a494ab169837cde63b892a58b3d0d3	72811bcdbcb3d65bb46c0aff27a2930f	1a77444be429fe18e3e2ad47ee2955f0
16615	a7ee521372058c7aa79b906e2c303318	12330feca9c9183a5d1400db8aa44213	f76641d5fb979ed2ff7cfaa024ac5280
16616	a7ee521372058c7aa79b906e2c303318	12330feca9c9183a5d1400db8aa44213	f76641d5fb979ed2ff7cfaa024ac5280
16617	1d95422eb030c43d75f7694cb8385ac0	055808fb3f95955cc45e45d4207e3295	8fe48f95c7b86733ff97eb21e0f1bf65
16618	1d95422eb030c43d75f7694cb8385ac0	055808fb3f95955cc45e45d4207e3295	8fe48f95c7b86733ff97eb21e0f1bf65
16619	1d95422eb030c43d75f7694cb8385ac0	055808fb3f95955cc45e45d4207e3295	8fe48f95c7b86733ff97eb21e0f1bf65
16620	1d95422eb030c43d75f7694cb8385ac0	055808fb3f95955cc45e45d4207e3295	8fe48f95c7b86733ff97eb21e0f1bf65
16621	1d95422eb030c43d75f7694cb8385ac0	055808fb3f95955cc45e45d4207e3295	8fe48f95c7b86733ff97eb21e0f1bf65
16622	1d95422eb030c43d75f7694cb8385ac0	055808fb3f95955cc45e45d4207e3295	8fe48f95c7b86733ff97eb21e0f1bf65
16623	1d95422eb030c43d75f7694cb8385ac0	055808fb3f95955cc45e45d4207e3295	8fe48f95c7b86733ff97eb21e0f1bf65
16624	a9ad931514a8b7820ba70820bc0a040d	444d8b8f91e1da36b002bdbb520f57e0	29fb9319c0f30368508cb7cc6d12fe48
16625	a9ad931514a8b7820ba70820bc0a040d	444d8b8f91e1da36b002bdbb520f57e0	29fb9319c0f30368508cb7cc6d12fe48
16626	a9ad931514a8b7820ba70820bc0a040d	444d8b8f91e1da36b002bdbb520f57e0	29fb9319c0f30368508cb7cc6d12fe48
16627	1d95422eb030c43d75f7694cb8385ac0	055808fb3f95955cc45e45d4207e3295	8fe48f95c7b86733ff97eb21e0f1bf65
16628	1d95422eb030c43d75f7694cb8385ac0	055808fb3f95955cc45e45d4207e3295	8fe48f95c7b86733ff97eb21e0f1bf65
16629	1d95422eb030c43d75f7694cb8385ac0	055808fb3f95955cc45e45d4207e3295	8fe48f95c7b86733ff97eb21e0f1bf65
16630	1d95422eb030c43d75f7694cb8385ac0	055808fb3f95955cc45e45d4207e3295	8fe48f95c7b86733ff97eb21e0f1bf65
16631	1d95422eb030c43d75f7694cb8385ac0	055808fb3f95955cc45e45d4207e3295	8fe48f95c7b86733ff97eb21e0f1bf65
16632	1d95422eb030c43d75f7694cb8385ac0	055808fb3f95955cc45e45d4207e3295	8fe48f95c7b86733ff97eb21e0f1bf65
16633	1d95422eb030c43d75f7694cb8385ac0	055808fb3f95955cc45e45d4207e3295	8fe48f95c7b86733ff97eb21e0f1bf65
16634	f7e6d1408d3e665387144691e5709a28	b9f1d0c3eb5e698ea5f06a9adebc9146	4af91fc00cfa0875fa6dcb8c88908c3e
16635	f7e6d1408d3e665387144691e5709a28	b9f1d0c3eb5e698ea5f06a9adebc9146	4af91fc00cfa0875fa6dcb8c88908c3e
16636	f7e6d1408d3e665387144691e5709a28	b9f1d0c3eb5e698ea5f06a9adebc9146	4af91fc00cfa0875fa6dcb8c88908c3e
16637	f7e6d1408d3e665387144691e5709a28	b9f1d0c3eb5e698ea5f06a9adebc9146	4af91fc00cfa0875fa6dcb8c88908c3e
16638	f7e6d1408d3e665387144691e5709a28	b9f1d0c3eb5e698ea5f06a9adebc9146	4af91fc00cfa0875fa6dcb8c88908c3e
16639	f7e6d1408d3e665387144691e5709a28	b9f1d0c3eb5e698ea5f06a9adebc9146	4af91fc00cfa0875fa6dcb8c88908c3e
16640	f7e6d1408d3e665387144691e5709a28	b9f1d0c3eb5e698ea5f06a9adebc9146	4af91fc00cfa0875fa6dcb8c88908c3e
16641	2662a860a1fd8a826b8ec6730450f0a2	0b38e209a294132c70126241feb02d98	b6aec58309598f5b5142951a949e0e96
16642	2662a860a1fd8a826b8ec6730450f0a2	0b38e209a294132c70126241feb02d98	b6aec58309598f5b5142951a949e0e96
16643	2662a860a1fd8a826b8ec6730450f0a2	0b38e209a294132c70126241feb02d98	b6aec58309598f5b5142951a949e0e96
16644	2662a860a1fd8a826b8ec6730450f0a2	0b38e209a294132c70126241feb02d98	b6aec58309598f5b5142951a949e0e96
16645	2662a860a1fd8a826b8ec6730450f0a2	0b38e209a294132c70126241feb02d98	b6aec58309598f5b5142951a949e0e96
16646	15aa8d0549fe2dcfb5c53ea33dbd949e	a32f553715139fa4b45337d97ea451b9	d2c9878019840e748fb9e1bd0f852540
16647	15aa8d0549fe2dcfb5c53ea33dbd949e	a32f553715139fa4b45337d97ea451b9	d2c9878019840e748fb9e1bd0f852540
16648	15aa8d0549fe2dcfb5c53ea33dbd949e	a32f553715139fa4b45337d97ea451b9	d2c9878019840e748fb9e1bd0f852540
16649	06c60424d05b897dc00b0941a92338a2	18aeca0bc46707fbea740a117dfd26ee	f2d4c2f5b768770c81d0952840cce660
16650	06c60424d05b897dc00b0941a92338a2	18aeca0bc46707fbea740a117dfd26ee	f2d4c2f5b768770c81d0952840cce660
16651	15aa8d0549fe2dcfb5c53ea33dbd949e	a32f553715139fa4b45337d97ea451b9	d2c9878019840e748fb9e1bd0f852540
16652	15aa8d0549fe2dcfb5c53ea33dbd949e	a32f553715139fa4b45337d97ea451b9	d2c9878019840e748fb9e1bd0f852540
16653	bc4f8b9e1325fcc7b1e2149ea1c41659	3733241c9637bedc86b6c9dffd095a26	d51954a3b1513e356b054d6163fa77b2
16654	df35a3488f03474135254a31505be83e	601ebde4700a8918cf17386ba8a3ef4c	7295b34dcaeaebd71612f77383929c9f
16655	df35a3488f03474135254a31505be83e	601ebde4700a8918cf17386ba8a3ef4c	7295b34dcaeaebd71612f77383929c9f
16656	23f875d0695d85267f3123da63075069	86ae6ccbad0ea3039cd115da477242b8	104410628aa668f35bebfc9fd1beda94
16657	23f875d0695d85267f3123da63075069	86ae6ccbad0ea3039cd115da477242b8	104410628aa668f35bebfc9fd1beda94
16658	449b899ba2be747915e56570662c03c8	05986f9a1a20776a52750bfe92c60d8e	007068240eba674919c761504d097176
16659	449b899ba2be747915e56570662c03c8	05986f9a1a20776a52750bfe92c60d8e	007068240eba674919c761504d097176
16660	449b899ba2be747915e56570662c03c8	05986f9a1a20776a52750bfe92c60d8e	007068240eba674919c761504d097176
16661	449b899ba2be747915e56570662c03c8	05986f9a1a20776a52750bfe92c60d8e	007068240eba674919c761504d097176
16662	449b899ba2be747915e56570662c03c8	05986f9a1a20776a52750bfe92c60d8e	007068240eba674919c761504d097176
16663	dbd918467792850d27d389017c667bab	8868dfd786b393136fa9525b185e25d7	d655f776ee0522394f218069529af02c
16664	dbd918467792850d27d389017c667bab	8868dfd786b393136fa9525b185e25d7	d655f776ee0522394f218069529af02c
16665	dbd918467792850d27d389017c667bab	8868dfd786b393136fa9525b185e25d7	d655f776ee0522394f218069529af02c
16666	c08361c6bd1858710025f26b237191a8	c149c5c63d5c565bf41271580d1bc2ac	c5f250bce6e2a4c829e85dd4441ab6f3
16667	c08361c6bd1858710025f26b237191a8	c149c5c63d5c565bf41271580d1bc2ac	c5f250bce6e2a4c829e85dd4441ab6f3
16668	c08361c6bd1858710025f26b237191a8	c149c5c63d5c565bf41271580d1bc2ac	c5f250bce6e2a4c829e85dd4441ab6f3
16669	c08361c6bd1858710025f26b237191a8	c149c5c63d5c565bf41271580d1bc2ac	c5f250bce6e2a4c829e85dd4441ab6f3
16670	e37d17aa5e43b9fee17a67e247c54d88	77227e2f3ba7e82be302c54b7d52bef0	9143f6a278e56ef3f8e9701b096fb9d6
16671	3fdf5e63752116eeb113bf83b9c53ebe	eee7346c303905418d590585f3dc0fd3	552f0e81cfdd2718df885603c65d151d
16672	3fdf5e63752116eeb113bf83b9c53ebe	eee7346c303905418d590585f3dc0fd3	552f0e81cfdd2718df885603c65d151d
16673	40442c96411607d74d642070cc2c6880	adb40c8402fb6c30de52f69e906c9b74	b36ff37359ce388eb186e2962ecddc93
16674	3fdf5e63752116eeb113bf83b9c53ebe	eee7346c303905418d590585f3dc0fd3	552f0e81cfdd2718df885603c65d151d
16675	81a2bc4d42132f142f6983a497c66822	cff0fa39dc024539dcfc9886f9337d7e	e74d786a5486f29c279be68752b13631
16676	81a2bc4d42132f142f6983a497c66822	cff0fa39dc024539dcfc9886f9337d7e	e74d786a5486f29c279be68752b13631
16677	81a2bc4d42132f142f6983a497c66822	cff0fa39dc024539dcfc9886f9337d7e	e74d786a5486f29c279be68752b13631
16678	81a2bc4d42132f142f6983a497c66822	cff0fa39dc024539dcfc9886f9337d7e	e74d786a5486f29c279be68752b13631
16679	81a2bc4d42132f142f6983a497c66822	cff0fa39dc024539dcfc9886f9337d7e	e74d786a5486f29c279be68752b13631
16680	81a2bc4d42132f142f6983a497c66822	cff0fa39dc024539dcfc9886f9337d7e	e74d786a5486f29c279be68752b13631
16681	81a2bc4d42132f142f6983a497c66822	cff0fa39dc024539dcfc9886f9337d7e	e74d786a5486f29c279be68752b13631
16682	d7cdc473125c71961f02467a05ec556b	40f709f185852cb312641bda678c5349	358e3afdb7d19be77de2523d86dfe654
16683	d7cdc473125c71961f02467a05ec556b	40f709f185852cb312641bda678c5349	358e3afdb7d19be77de2523d86dfe654
16684	d7cdc473125c71961f02467a05ec556b	40f709f185852cb312641bda678c5349	358e3afdb7d19be77de2523d86dfe654
16685	d7cdc473125c71961f02467a05ec556b	40f709f185852cb312641bda678c5349	358e3afdb7d19be77de2523d86dfe654
16686	d7cdc473125c71961f02467a05ec556b	40f709f185852cb312641bda678c5349	358e3afdb7d19be77de2523d86dfe654
16687	95f9293174d596fccd3f9b887e4c057f	823d6ae876c016d5b89b8ab972f3e768	3bb9a4caf9f0865f3eaca4abfe0fb6fa
16688	95f9293174d596fccd3f9b887e4c057f	823d6ae876c016d5b89b8ab972f3e768	3bb9a4caf9f0865f3eaca4abfe0fb6fa
16689	95f9293174d596fccd3f9b887e4c057f	823d6ae876c016d5b89b8ab972f3e768	3bb9a4caf9f0865f3eaca4abfe0fb6fa
16690	95f9293174d596fccd3f9b887e4c057f	823d6ae876c016d5b89b8ab972f3e768	3bb9a4caf9f0865f3eaca4abfe0fb6fa
16691	95f9293174d596fccd3f9b887e4c057f	823d6ae876c016d5b89b8ab972f3e768	3bb9a4caf9f0865f3eaca4abfe0fb6fa
16692	95f9293174d596fccd3f9b887e4c057f	823d6ae876c016d5b89b8ab972f3e768	3bb9a4caf9f0865f3eaca4abfe0fb6fa
16693	95f9293174d596fccd3f9b887e4c057f	823d6ae876c016d5b89b8ab972f3e768	3bb9a4caf9f0865f3eaca4abfe0fb6fa
16694	72292f815f5fc33b23a84588bb564412	26dce56b090fe6c0c23ace9e20852eae	0654b8c4d91d3080447d7755c639cbb9
16695	72292f815f5fc33b23a84588bb564412	26dce56b090fe6c0c23ace9e20852eae	0654b8c4d91d3080447d7755c639cbb9
16696	72292f815f5fc33b23a84588bb564412	26dce56b090fe6c0c23ace9e20852eae	0654b8c4d91d3080447d7755c639cbb9
16697	72292f815f5fc33b23a84588bb564412	26dce56b090fe6c0c23ace9e20852eae	0654b8c4d91d3080447d7755c639cbb9
16698	72292f815f5fc33b23a84588bb564412	26dce56b090fe6c0c23ace9e20852eae	0654b8c4d91d3080447d7755c639cbb9
16699	08719a61ce2f59da415b810de67d504a	b3ef348c439da325893851e585348e94	35872f097808a4e548d238bea525aa8f
16700	08719a61ce2f59da415b810de67d504a	b3ef348c439da325893851e585348e94	35872f097808a4e548d238bea525aa8f
16701	08719a61ce2f59da415b810de67d504a	b3ef348c439da325893851e585348e94	35872f097808a4e548d238bea525aa8f
16702	08719a61ce2f59da415b810de67d504a	b3ef348c439da325893851e585348e94	35872f097808a4e548d238bea525aa8f
16703	08719a61ce2f59da415b810de67d504a	b3ef348c439da325893851e585348e94	35872f097808a4e548d238bea525aa8f
16704	6f10bc4d88ce41c2a271b18e5569a8d4	6825ded78f6db31b7f9d0769668ed66d	ff819de3c623558e116cbb13bc208d3c
16705	6f10bc4d88ce41c2a271b18e5569a8d4	6825ded78f6db31b7f9d0769668ed66d	ff819de3c623558e116cbb13bc208d3c
16706	6f10bc4d88ce41c2a271b18e5569a8d4	6825ded78f6db31b7f9d0769668ed66d	ff819de3c623558e116cbb13bc208d3c
16707	230bc6ac3e6e84854059252221bd7d96	6e7ea94d0b4517848657b57b5356f9fb	90fb2441591c08bb241d0ca63575db06
16708	47bd32492e49881e65cc97fb7db84662	efeb1034b0ba59ddbd98287681f52a67	a23aaaf4d3e1dd9350e98498cb76836c
16709	7538219acbc873278019d09d8837418e	a7d34a70194ddb84a0f4e6f3d218562d	f5fb3f2d9b3a2f3737e92c66c74122ac
16710	7538219acbc873278019d09d8837418e	a7d34a70194ddb84a0f4e6f3d218562d	f5fb3f2d9b3a2f3737e92c66c74122ac
16711	8d92c235f4b3e153a2be4502f9243565	bacab5936fe949a6417a13c6df8b7cda	bbad9f36b7cb325de348c40d42e92692
16712	8d92c235f4b3e153a2be4502f9243565	bacab5936fe949a6417a13c6df8b7cda	bbad9f36b7cb325de348c40d42e92692
16713	8d92c235f4b3e153a2be4502f9243565	bacab5936fe949a6417a13c6df8b7cda	bbad9f36b7cb325de348c40d42e92692
16714	373d67b078c6c29f05aded875fa1ed5b	1f4d30569c2c6f8d6753fe4726bace09	1732aacbb58030732abdf98f2e5c6c69
16715	373d67b078c6c29f05aded875fa1ed5b	1f4d30569c2c6f8d6753fe4726bace09	1732aacbb58030732abdf98f2e5c6c69
16716	8a4f3a34c29f6c9caaa8908bf9e47d98	c6c2c08cfcabe434552120d40354eee9	59501699ded905fb4d8de927d6bd91c3
16717	8a4f3a34c29f6c9caaa8908bf9e47d98	c6c2c08cfcabe434552120d40354eee9	59501699ded905fb4d8de927d6bd91c3
16718	8a4f3a34c29f6c9caaa8908bf9e47d98	c6c2c08cfcabe434552120d40354eee9	59501699ded905fb4d8de927d6bd91c3
16719	8a4f3a34c29f6c9caaa8908bf9e47d98	c6c2c08cfcabe434552120d40354eee9	59501699ded905fb4d8de927d6bd91c3
16720	8a4f3a34c29f6c9caaa8908bf9e47d98	c6c2c08cfcabe434552120d40354eee9	59501699ded905fb4d8de927d6bd91c3
16721	8a4f3a34c29f6c9caaa8908bf9e47d98	c6c2c08cfcabe434552120d40354eee9	59501699ded905fb4d8de927d6bd91c3
16722	8a4f3a34c29f6c9caaa8908bf9e47d98	c6c2c08cfcabe434552120d40354eee9	59501699ded905fb4d8de927d6bd91c3
16723	e248dbaedd2022d3f557f6b099a98c91	42c7a9904d33dedb6704e2ea5ea15691	fabbbd945516afdcfa1e0d4fbd871e96
16724	e248dbaedd2022d3f557f6b099a98c91	42c7a9904d33dedb6704e2ea5ea15691	fabbbd945516afdcfa1e0d4fbd871e96
16725	e248dbaedd2022d3f557f6b099a98c91	42c7a9904d33dedb6704e2ea5ea15691	fabbbd945516afdcfa1e0d4fbd871e96
16726	f4223de3d69d7ea2610cd1072b3c277c	c5b2520cfcb4f68491cc1601a5fb85fe	65b12ac5e84558125485eb3dd51b8552
16727	cfeb74845dad5cb5f062abcbe9b6b1eb	edf7aecb3fd0c21db64a66693e05fa12	e7f4fcbb929d332e21e4127052e4c1d7
16728	e248dbaedd2022d3f557f6b099a98c91	42c7a9904d33dedb6704e2ea5ea15691	fabbbd945516afdcfa1e0d4fbd871e96
16729	e248dbaedd2022d3f557f6b099a98c91	42c7a9904d33dedb6704e2ea5ea15691	fabbbd945516afdcfa1e0d4fbd871e96
16730	e248dbaedd2022d3f557f6b099a98c91	42c7a9904d33dedb6704e2ea5ea15691	fabbbd945516afdcfa1e0d4fbd871e96
16731	e2f3e6430ac5f6b9db5fc5bb33e7ba53	dbaeff3bc9699edc7208bd119399ca19	f85b3741c3f41a179d840e6975e63abe
16732	e2f3e6430ac5f6b9db5fc5bb33e7ba53	dbaeff3bc9699edc7208bd119399ca19	f85b3741c3f41a179d840e6975e63abe
16733	f46dd5d5ed5d2d130e0069c6eab0276c	dc9135a27a153886881c9add599b2415	d47ceafa6c78d7b15f257bca272cfbd2
16734	f46dd5d5ed5d2d130e0069c6eab0276c	dc9135a27a153886881c9add599b2415	d47ceafa6c78d7b15f257bca272cfbd2
16735	f46dd5d5ed5d2d130e0069c6eab0276c	dc9135a27a153886881c9add599b2415	d47ceafa6c78d7b15f257bca272cfbd2
16736	f46dd5d5ed5d2d130e0069c6eab0276c	dc9135a27a153886881c9add599b2415	d47ceafa6c78d7b15f257bca272cfbd2
16737	f46dd5d5ed5d2d130e0069c6eab0276c	dc9135a27a153886881c9add599b2415	d47ceafa6c78d7b15f257bca272cfbd2
16738	f46dd5d5ed5d2d130e0069c6eab0276c	dc9135a27a153886881c9add599b2415	d47ceafa6c78d7b15f257bca272cfbd2
16739	f46dd5d5ed5d2d130e0069c6eab0276c	dc9135a27a153886881c9add599b2415	d47ceafa6c78d7b15f257bca272cfbd2
16740	7119b97b51586a4a95e59e1e978ae62e	3f297e302a4a7e9ea7a6b2ca5ab90acc	83a24196eda00bbc192cba55fbca64b8
16741	7119b97b51586a4a95e59e1e978ae62e	3f297e302a4a7e9ea7a6b2ca5ab90acc	83a24196eda00bbc192cba55fbca64b8
16742	7119b97b51586a4a95e59e1e978ae62e	3f297e302a4a7e9ea7a6b2ca5ab90acc	83a24196eda00bbc192cba55fbca64b8
16743	7119b97b51586a4a95e59e1e978ae62e	3f297e302a4a7e9ea7a6b2ca5ab90acc	83a24196eda00bbc192cba55fbca64b8
16744	7119b97b51586a4a95e59e1e978ae62e	3f297e302a4a7e9ea7a6b2ca5ab90acc	83a24196eda00bbc192cba55fbca64b8
16745	474b11ddffd33e265849031001ea8423	a6206198eadc095c4b7ca06514cd92a9	3f5f3110177207d6b4a13521faeb2b6f
16746	474b11ddffd33e265849031001ea8423	a6206198eadc095c4b7ca06514cd92a9	3f5f3110177207d6b4a13521faeb2b6f
16747	474b11ddffd33e265849031001ea8423	a6206198eadc095c4b7ca06514cd92a9	3f5f3110177207d6b4a13521faeb2b6f
16748	474b11ddffd33e265849031001ea8423	a6206198eadc095c4b7ca06514cd92a9	3f5f3110177207d6b4a13521faeb2b6f
16749	474b11ddffd33e265849031001ea8423	a6206198eadc095c4b7ca06514cd92a9	3f5f3110177207d6b4a13521faeb2b6f
16750	474b11ddffd33e265849031001ea8423	a6206198eadc095c4b7ca06514cd92a9	3f5f3110177207d6b4a13521faeb2b6f
16751	474b11ddffd33e265849031001ea8423	a6206198eadc095c4b7ca06514cd92a9	3f5f3110177207d6b4a13521faeb2b6f
16752	474b11ddffd33e265849031001ea8423	a6206198eadc095c4b7ca06514cd92a9	3f5f3110177207d6b4a13521faeb2b6f
16753	474b11ddffd33e265849031001ea8423	a6206198eadc095c4b7ca06514cd92a9	3f5f3110177207d6b4a13521faeb2b6f
16754	474b11ddffd33e265849031001ea8423	a6206198eadc095c4b7ca06514cd92a9	3f5f3110177207d6b4a13521faeb2b6f
16755	474b11ddffd33e265849031001ea8423	a6206198eadc095c4b7ca06514cd92a9	3f5f3110177207d6b4a13521faeb2b6f
16756	474b11ddffd33e265849031001ea8423	a6206198eadc095c4b7ca06514cd92a9	3f5f3110177207d6b4a13521faeb2b6f
16757	474b11ddffd33e265849031001ea8423	a6206198eadc095c4b7ca06514cd92a9	3f5f3110177207d6b4a13521faeb2b6f
16758	474b11ddffd33e265849031001ea8423	a6206198eadc095c4b7ca06514cd92a9	3f5f3110177207d6b4a13521faeb2b6f
16759	474b11ddffd33e265849031001ea8423	a6206198eadc095c4b7ca06514cd92a9	3f5f3110177207d6b4a13521faeb2b6f
16760	474b11ddffd33e265849031001ea8423	a6206198eadc095c4b7ca06514cd92a9	3f5f3110177207d6b4a13521faeb2b6f
16761	474b11ddffd33e265849031001ea8423	a6206198eadc095c4b7ca06514cd92a9	3f5f3110177207d6b4a13521faeb2b6f
16762	8e51b59a241126daff9d5bc17dfbe0fb	f70b0c95af68664f1bf54ed74cb46bcf	3bd6d272ae4fa3e753bf3574d3d4a1bf
16763	8e51b59a241126daff9d5bc17dfbe0fb	f70b0c95af68664f1bf54ed74cb46bcf	3bd6d272ae4fa3e753bf3574d3d4a1bf
16764	8e51b59a241126daff9d5bc17dfbe0fb	f70b0c95af68664f1bf54ed74cb46bcf	3bd6d272ae4fa3e753bf3574d3d4a1bf
16765	8e51b59a241126daff9d5bc17dfbe0fb	f70b0c95af68664f1bf54ed74cb46bcf	3bd6d272ae4fa3e753bf3574d3d4a1bf
16766	8e51b59a241126daff9d5bc17dfbe0fb	f70b0c95af68664f1bf54ed74cb46bcf	3bd6d272ae4fa3e753bf3574d3d4a1bf
16767	8e51b59a241126daff9d5bc17dfbe0fb	f70b0c95af68664f1bf54ed74cb46bcf	3bd6d272ae4fa3e753bf3574d3d4a1bf
16768	8e51b59a241126daff9d5bc17dfbe0fb	f70b0c95af68664f1bf54ed74cb46bcf	3bd6d272ae4fa3e753bf3574d3d4a1bf
16769	fce903dcebe696b49f158fb7ee40c86a	995dccdadaf5a74016cfef3a9010a91d	2fb6ef761437489e86abcd6a2ca48ed1
16770	fce903dcebe696b49f158fb7ee40c86a	995dccdadaf5a74016cfef3a9010a91d	2fb6ef761437489e86abcd6a2ca48ed1
16771	fce903dcebe696b49f158fb7ee40c86a	995dccdadaf5a74016cfef3a9010a91d	2fb6ef761437489e86abcd6a2ca48ed1
16772	196e733de9d00ee36601e515b438f330	93ff61be67c51e22c641b4ba5f3e23ce	bb5f18f5105e5ac1377625ef93196f9d
16773	196e733de9d00ee36601e515b438f330	93ff61be67c51e22c641b4ba5f3e23ce	bb5f18f5105e5ac1377625ef93196f9d
16774	5325f1eb98a59e9c7f3efd93fd252d13	3bdd09b28bb09499b3d66c003959324c	17a310d51a6047aca9dd98dc9d2b2543
16775	5325f1eb98a59e9c7f3efd93fd252d13	3bdd09b28bb09499b3d66c003959324c	17a310d51a6047aca9dd98dc9d2b2543
16776	5325f1eb98a59e9c7f3efd93fd252d13	3bdd09b28bb09499b3d66c003959324c	17a310d51a6047aca9dd98dc9d2b2543
16777	5325f1eb98a59e9c7f3efd93fd252d13	3bdd09b28bb09499b3d66c003959324c	17a310d51a6047aca9dd98dc9d2b2543
16778	5325f1eb98a59e9c7f3efd93fd252d13	3bdd09b28bb09499b3d66c003959324c	17a310d51a6047aca9dd98dc9d2b2543
16779	5325f1eb98a59e9c7f3efd93fd252d13	3bdd09b28bb09499b3d66c003959324c	17a310d51a6047aca9dd98dc9d2b2543
16780	5325f1eb98a59e9c7f3efd93fd252d13	3bdd09b28bb09499b3d66c003959324c	17a310d51a6047aca9dd98dc9d2b2543
16781	8370ad8cad08112887e15b963109888f	227149b2cacb67418a5b9079885d4664	b78e2e71e50c2d84f652e70e4cbd2949
16782	a5ffd1e40d697d040d29984b3ca54ea0	758f6151cd93f67b02b2c21547f1ba97	a1cfc0c0fffb93d4ce17ace6455a5f03
16783	3d73076f430ed257a6365956bb01f48c	ebc9af661d7e9b0e2515c4bee66d61fa	ee9db3336e58e2f4dc61e92527bdc910
16784	ada104e148469537b14a51890614608c	c2514641dc86cccd0555dcbd31ea776b	a3ee296a64a560558e1d24db2e3fcd73
16785	ada104e148469537b14a51890614608c	c2514641dc86cccd0555dcbd31ea776b	a3ee296a64a560558e1d24db2e3fcd73
16786	9a71265c5491e6dd60af0056071ede0a	92a557f20b0ad578a771ac1fb4b06502	f2dd56927eab7ca33a484c80e8ce851e
16787	9a71265c5491e6dd60af0056071ede0a	92a557f20b0ad578a771ac1fb4b06502	f2dd56927eab7ca33a484c80e8ce851e
16788	9a71265c5491e6dd60af0056071ede0a	92a557f20b0ad578a771ac1fb4b06502	f2dd56927eab7ca33a484c80e8ce851e
16789	9a71265c5491e6dd60af0056071ede0a	92a557f20b0ad578a771ac1fb4b06502	f2dd56927eab7ca33a484c80e8ce851e
16790	9a71265c5491e6dd60af0056071ede0a	92a557f20b0ad578a771ac1fb4b06502	f2dd56927eab7ca33a484c80e8ce851e
16791	9a71265c5491e6dd60af0056071ede0a	92a557f20b0ad578a771ac1fb4b06502	f2dd56927eab7ca33a484c80e8ce851e
16792	9a71265c5491e6dd60af0056071ede0a	92a557f20b0ad578a771ac1fb4b06502	f2dd56927eab7ca33a484c80e8ce851e
16793	b0790618f9f41b15e285af8bfced9861	c4a9bb87577d352b2e3ad19e0999cb9d	c3d302cb136c811aa16774b654c6e7bc
16794	b0790618f9f41b15e285af8bfced9861	c4a9bb87577d352b2e3ad19e0999cb9d	c3d302cb136c811aa16774b654c6e7bc
16795	b0790618f9f41b15e285af8bfced9861	c4a9bb87577d352b2e3ad19e0999cb9d	c3d302cb136c811aa16774b654c6e7bc
16796	b0790618f9f41b15e285af8bfced9861	c4a9bb87577d352b2e3ad19e0999cb9d	c3d302cb136c811aa16774b654c6e7bc
16797	b0790618f9f41b15e285af8bfced9861	c4a9bb87577d352b2e3ad19e0999cb9d	c3d302cb136c811aa16774b654c6e7bc
16798	b0790618f9f41b15e285af8bfced9861	c4a9bb87577d352b2e3ad19e0999cb9d	c3d302cb136c811aa16774b654c6e7bc
16799	b0790618f9f41b15e285af8bfced9861	c4a9bb87577d352b2e3ad19e0999cb9d	c3d302cb136c811aa16774b654c6e7bc
16800	b0790618f9f41b15e285af8bfced9861	c4a9bb87577d352b2e3ad19e0999cb9d	c3d302cb136c811aa16774b654c6e7bc
16801	b0790618f9f41b15e285af8bfced9861	c4a9bb87577d352b2e3ad19e0999cb9d	c3d302cb136c811aa16774b654c6e7bc
16802	b0790618f9f41b15e285af8bfced9861	c4a9bb87577d352b2e3ad19e0999cb9d	c3d302cb136c811aa16774b654c6e7bc
16803	7411ac3d28fdfc5948799042be8bce5f	3d846c49ab3c39c07b123a65c0458c69	2ff3849792d6dfbf7858c4537b264e6e
16804	7411ac3d28fdfc5948799042be8bce5f	3d846c49ab3c39c07b123a65c0458c69	2ff3849792d6dfbf7858c4537b264e6e
16805	7411ac3d28fdfc5948799042be8bce5f	3d846c49ab3c39c07b123a65c0458c69	2ff3849792d6dfbf7858c4537b264e6e
16806	7411ac3d28fdfc5948799042be8bce5f	3d846c49ab3c39c07b123a65c0458c69	2ff3849792d6dfbf7858c4537b264e6e
16807	7411ac3d28fdfc5948799042be8bce5f	3d846c49ab3c39c07b123a65c0458c69	2ff3849792d6dfbf7858c4537b264e6e
16808	7411ac3d28fdfc5948799042be8bce5f	3d846c49ab3c39c07b123a65c0458c69	2ff3849792d6dfbf7858c4537b264e6e
16809	7411ac3d28fdfc5948799042be8bce5f	3d846c49ab3c39c07b123a65c0458c69	2ff3849792d6dfbf7858c4537b264e6e
16810	10d52c230106e606a3e13213fe1c0da4	0c6c84f8401705428f64c47292435711	e5edfa6f194be98cf36f32da0310addc
16811	10d52c230106e606a3e13213fe1c0da4	0c6c84f8401705428f64c47292435711	e5edfa6f194be98cf36f32da0310addc
16812	10d52c230106e606a3e13213fe1c0da4	0c6c84f8401705428f64c47292435711	e5edfa6f194be98cf36f32da0310addc
16813	10d52c230106e606a3e13213fe1c0da4	0c6c84f8401705428f64c47292435711	e5edfa6f194be98cf36f32da0310addc
16814	10d52c230106e606a3e13213fe1c0da4	0c6c84f8401705428f64c47292435711	e5edfa6f194be98cf36f32da0310addc
16815	ecaff225125644b79c27607dea9b759e	e909050dfddce51c6b27085f2a4d1f9f	997ddd3e71c0ad1310aa247c5d2bb206
16816	ecaff225125644b79c27607dea9b759e	e909050dfddce51c6b27085f2a4d1f9f	997ddd3e71c0ad1310aa247c5d2bb206
16817	ecaff225125644b79c27607dea9b759e	e909050dfddce51c6b27085f2a4d1f9f	997ddd3e71c0ad1310aa247c5d2bb206
16818	b0ee0a7c587e3ee3fb7f52eca310ff5c	525821fa8f6f802eb41d8f537a0734c4	a3dcaad558577761152b21b7a2ea3617
16819	b0ee0a7c587e3ee3fb7f52eca310ff5c	525821fa8f6f802eb41d8f537a0734c4	a3dcaad558577761152b21b7a2ea3617
16820	ecaff225125644b79c27607dea9b759e	e909050dfddce51c6b27085f2a4d1f9f	997ddd3e71c0ad1310aa247c5d2bb206
16821	ecaff225125644b79c27607dea9b759e	e909050dfddce51c6b27085f2a4d1f9f	997ddd3e71c0ad1310aa247c5d2bb206
16822	237cebaf00778c60cddef0501eb5efb0	7729e367ae03c48fd15df3b4701fdfe4	73fc1483253ddfc2b6a94a60d20a4355
16823	237cebaf00778c60cddef0501eb5efb0	7729e367ae03c48fd15df3b4701fdfe4	73fc1483253ddfc2b6a94a60d20a4355
16824	237cebaf00778c60cddef0501eb5efb0	7729e367ae03c48fd15df3b4701fdfe4	73fc1483253ddfc2b6a94a60d20a4355
16825	237cebaf00778c60cddef0501eb5efb0	7729e367ae03c48fd15df3b4701fdfe4	73fc1483253ddfc2b6a94a60d20a4355
16826	237cebaf00778c60cddef0501eb5efb0	7729e367ae03c48fd15df3b4701fdfe4	73fc1483253ddfc2b6a94a60d20a4355
16827	f40c483ae77918f2dd3f10cede5121d5	ecf47d325c2dfd44df5a6f37f2fb2229	81259d9c2eefd0d21e9da29b84fdb779
16828	f40c483ae77918f2dd3f10cede5121d5	ecf47d325c2dfd44df5a6f37f2fb2229	81259d9c2eefd0d21e9da29b84fdb779
16829	b3e96b89a98c304b7b59d838a521b958	57430f638eec37e291fab5d7a3d916ef	bfc790499ec287afa8a6266901724e31
16830	8ca1ef15af7cbbf1e05ab4efa1e1dadd	561e7d99c7ca52da25d17eada9a0d676	413436bc2811292c1d78063cc73f0d42
16831	8ca1ef15af7cbbf1e05ab4efa1e1dadd	561e7d99c7ca52da25d17eada9a0d676	413436bc2811292c1d78063cc73f0d42
16832	a188f8a50019786234045389cf1559f8	b6ae8e522070157a5cef5fce714bf257	791839f4ccd0c692ed571c245a75ead6
16833	a188f8a50019786234045389cf1559f8	b6ae8e522070157a5cef5fce714bf257	791839f4ccd0c692ed571c245a75ead6
16834	a188f8a50019786234045389cf1559f8	b6ae8e522070157a5cef5fce714bf257	791839f4ccd0c692ed571c245a75ead6
16835	a188f8a50019786234045389cf1559f8	b6ae8e522070157a5cef5fce714bf257	791839f4ccd0c692ed571c245a75ead6
16836	a188f8a50019786234045389cf1559f8	b6ae8e522070157a5cef5fce714bf257	791839f4ccd0c692ed571c245a75ead6
16837	a188f8a50019786234045389cf1559f8	b6ae8e522070157a5cef5fce714bf257	791839f4ccd0c692ed571c245a75ead6
16838	a188f8a50019786234045389cf1559f8	b6ae8e522070157a5cef5fce714bf257	791839f4ccd0c692ed571c245a75ead6
16839	931b2661dc13ae7365436cfe9025985d	903d0c89e9144f7146152a0118425a9d	674d2037354325fe7861bbbf9f3bf30f
16840	931b2661dc13ae7365436cfe9025985d	903d0c89e9144f7146152a0118425a9d	674d2037354325fe7861bbbf9f3bf30f
16841	931b2661dc13ae7365436cfe9025985d	903d0c89e9144f7146152a0118425a9d	674d2037354325fe7861bbbf9f3bf30f
16842	a188f8a50019786234045389cf1559f8	b6ae8e522070157a5cef5fce714bf257	791839f4ccd0c692ed571c245a75ead6
16843	a188f8a50019786234045389cf1559f8	b6ae8e522070157a5cef5fce714bf257	791839f4ccd0c692ed571c245a75ead6
16844	eaa127bd4b46b33f35156362dfcbe205	69a70ff63c14fbf4423cf599a57f53c7	0dadca2bb0d32b3796044ab432caf2cc
16845	eaa127bd4b46b33f35156362dfcbe205	69a70ff63c14fbf4423cf599a57f53c7	0dadca2bb0d32b3796044ab432caf2cc
16846	eaa127bd4b46b33f35156362dfcbe205	69a70ff63c14fbf4423cf599a57f53c7	0dadca2bb0d32b3796044ab432caf2cc
16847	f76aef546f0a06da89d5f639160a29b5	228c3a0a4f541a9db82a6dd7a23daa0a	9160d478b48e326629f332d1aee60426
16848	f76aef546f0a06da89d5f639160a29b5	228c3a0a4f541a9db82a6dd7a23daa0a	9160d478b48e326629f332d1aee60426
16849	f76aef546f0a06da89d5f639160a29b5	228c3a0a4f541a9db82a6dd7a23daa0a	9160d478b48e326629f332d1aee60426
16850	f76aef546f0a06da89d5f639160a29b5	228c3a0a4f541a9db82a6dd7a23daa0a	9160d478b48e326629f332d1aee60426
16851	e69be49ccd1f6e6d3aa66856421ebc0e	6503600b3b0a82ba12deb72cadc955a2	6023863f95eb84ebb882813f755a9969
16852	e69be49ccd1f6e6d3aa66856421ebc0e	6503600b3b0a82ba12deb72cadc955a2	6023863f95eb84ebb882813f755a9969
16853	e69be49ccd1f6e6d3aa66856421ebc0e	6503600b3b0a82ba12deb72cadc955a2	6023863f95eb84ebb882813f755a9969
16854	253aea0ed5394fe5a02b2741d6f6cfab	3d1122cf42d431623a82739c70616f9a	2182d4c4e87760249d077a967256904a
16855	e69be49ccd1f6e6d3aa66856421ebc0e	6503600b3b0a82ba12deb72cadc955a2	6023863f95eb84ebb882813f755a9969
16856	4806b6cd2dc624d765175a61d13eb447	6314a88781577ce3d5c9c6a0ec70d045	3f1a949cb16a9a840144d3cd4e6ac1e3
16857	4806b6cd2dc624d765175a61d13eb447	6314a88781577ce3d5c9c6a0ec70d045	3f1a949cb16a9a840144d3cd4e6ac1e3
16858	4806b6cd2dc624d765175a61d13eb447	6314a88781577ce3d5c9c6a0ec70d045	3f1a949cb16a9a840144d3cd4e6ac1e3
16859	4806b6cd2dc624d765175a61d13eb447	6314a88781577ce3d5c9c6a0ec70d045	3f1a949cb16a9a840144d3cd4e6ac1e3
16860	4806b6cd2dc624d765175a61d13eb447	6314a88781577ce3d5c9c6a0ec70d045	3f1a949cb16a9a840144d3cd4e6ac1e3
16861	4806b6cd2dc624d765175a61d13eb447	6314a88781577ce3d5c9c6a0ec70d045	3f1a949cb16a9a840144d3cd4e6ac1e3
16862	4806b6cd2dc624d765175a61d13eb447	6314a88781577ce3d5c9c6a0ec70d045	3f1a949cb16a9a840144d3cd4e6ac1e3
16863	fec9ca1cd232dbe78db58d91934d103f	ddbbbdc69ab6a4c3ffc32587e6b04df0	b1543ec98e59e3eb02094fa1c2d287fc
16864	fec9ca1cd232dbe78db58d91934d103f	ddbbbdc69ab6a4c3ffc32587e6b04df0	b1543ec98e59e3eb02094fa1c2d287fc
16865	fec9ca1cd232dbe78db58d91934d103f	ddbbbdc69ab6a4c3ffc32587e6b04df0	b1543ec98e59e3eb02094fa1c2d287fc
16866	fec9ca1cd232dbe78db58d91934d103f	ddbbbdc69ab6a4c3ffc32587e6b04df0	b1543ec98e59e3eb02094fa1c2d287fc
16867	fec9ca1cd232dbe78db58d91934d103f	ddbbbdc69ab6a4c3ffc32587e6b04df0	b1543ec98e59e3eb02094fa1c2d287fc
16868	c2adedca000992c164d64055d8f6bca1	60b1ffe07c05211b05d104a936acd655	cc46d970ef506f20cd2bbacd8cac777a
16869	c2adedca000992c164d64055d8f6bca1	60b1ffe07c05211b05d104a936acd655	cc46d970ef506f20cd2bbacd8cac777a
16870	c2adedca000992c164d64055d8f6bca1	60b1ffe07c05211b05d104a936acd655	cc46d970ef506f20cd2bbacd8cac777a
16871	c2adedca000992c164d64055d8f6bca1	60b1ffe07c05211b05d104a936acd655	cc46d970ef506f20cd2bbacd8cac777a
16872	c2adedca000992c164d64055d8f6bca1	60b1ffe07c05211b05d104a936acd655	cc46d970ef506f20cd2bbacd8cac777a
16873	ad1eb4c12f52696edce77d7ddc150b6b	a3dda34aa75143a3a5a1cae313f067fc	feadd234211d7f9dd122a53a0c79edd6
16874	ad1eb4c12f52696edce77d7ddc150b6b	a3dda34aa75143a3a5a1cae313f067fc	feadd234211d7f9dd122a53a0c79edd6
16875	ad1eb4c12f52696edce77d7ddc150b6b	a3dda34aa75143a3a5a1cae313f067fc	feadd234211d7f9dd122a53a0c79edd6
16876	ad1eb4c12f52696edce77d7ddc150b6b	a3dda34aa75143a3a5a1cae313f067fc	feadd234211d7f9dd122a53a0c79edd6
16877	ad1eb4c12f52696edce77d7ddc150b6b	a3dda34aa75143a3a5a1cae313f067fc	feadd234211d7f9dd122a53a0c79edd6
16878	ad1eb4c12f52696edce77d7ddc150b6b	a3dda34aa75143a3a5a1cae313f067fc	feadd234211d7f9dd122a53a0c79edd6
16879	ad1eb4c12f52696edce77d7ddc150b6b	a3dda34aa75143a3a5a1cae313f067fc	feadd234211d7f9dd122a53a0c79edd6
16880	ad1eb4c12f52696edce77d7ddc150b6b	a3dda34aa75143a3a5a1cae313f067fc	feadd234211d7f9dd122a53a0c79edd6
16881	ad1eb4c12f52696edce77d7ddc150b6b	a3dda34aa75143a3a5a1cae313f067fc	feadd234211d7f9dd122a53a0c79edd6
16882	ad1eb4c12f52696edce77d7ddc150b6b	a3dda34aa75143a3a5a1cae313f067fc	feadd234211d7f9dd122a53a0c79edd6
16883	ad1eb4c12f52696edce77d7ddc150b6b	a3dda34aa75143a3a5a1cae313f067fc	feadd234211d7f9dd122a53a0c79edd6
16884	ad1eb4c12f52696edce77d7ddc150b6b	a3dda34aa75143a3a5a1cae313f067fc	feadd234211d7f9dd122a53a0c79edd6
16885	193454df04ce8e3f380d71c682bdbf88	cdc9e2adab22f6eccdb2bc666050d918	68c95fb9140232f8568fe2fb903198c2
16886	193454df04ce8e3f380d71c682bdbf88	cdc9e2adab22f6eccdb2bc666050d918	68c95fb9140232f8568fe2fb903198c2
16887	193454df04ce8e3f380d71c682bdbf88	cdc9e2adab22f6eccdb2bc666050d918	68c95fb9140232f8568fe2fb903198c2
16888	193454df04ce8e3f380d71c682bdbf88	cdc9e2adab22f6eccdb2bc666050d918	68c95fb9140232f8568fe2fb903198c2
16889	193454df04ce8e3f380d71c682bdbf88	cdc9e2adab22f6eccdb2bc666050d918	68c95fb9140232f8568fe2fb903198c2
16890	193454df04ce8e3f380d71c682bdbf88	cdc9e2adab22f6eccdb2bc666050d918	68c95fb9140232f8568fe2fb903198c2
16891	193454df04ce8e3f380d71c682bdbf88	cdc9e2adab22f6eccdb2bc666050d918	68c95fb9140232f8568fe2fb903198c2
16892	efd916ca4e080929fe02a357ca1f266e	07c1f4328732e5d3eb33063f3ff31ad4	2055a08beff899d90bf55c9f0e692468
16893	efd916ca4e080929fe02a357ca1f266e	07c1f4328732e5d3eb33063f3ff31ad4	2055a08beff899d90bf55c9f0e692468
16894	efd916ca4e080929fe02a357ca1f266e	07c1f4328732e5d3eb33063f3ff31ad4	2055a08beff899d90bf55c9f0e692468
16895	8625a1e08d624005f996f44a3806f4cf	550ac443406541d5062663be0f6dc185	c2c370f9f0c55f7ecaa093fb01dcba47
16896	8625a1e08d624005f996f44a3806f4cf	550ac443406541d5062663be0f6dc185	c2c370f9f0c55f7ecaa093fb01dcba47
16897	efd916ca4e080929fe02a357ca1f266e	07c1f4328732e5d3eb33063f3ff31ad4	2055a08beff899d90bf55c9f0e692468
16898	efd916ca4e080929fe02a357ca1f266e	07c1f4328732e5d3eb33063f3ff31ad4	2055a08beff899d90bf55c9f0e692468
16899	efd916ca4e080929fe02a357ca1f266e	07c1f4328732e5d3eb33063f3ff31ad4	2055a08beff899d90bf55c9f0e692468
16900	a28955e9b54951c51b44f59da86d88db	cc4c241b01a61b9736ceb8c34423c17a	0d9c3ef41eb9523686ab1a8d98912a19
16901	20ef423c3df87de291ff34abcea02968	7f09210b1f764990efc2e5e132a8e09a	ea1e20d4e220f3719e18c450647ca7ed
16902	d24e2aa91b5e8674270834a182959ca7	2facae10519970a852a1e4abe24311e5	cdc58b1dd62d2282fcafdc941867ef9a
16903	d24e2aa91b5e8674270834a182959ca7	2facae10519970a852a1e4abe24311e5	cdc58b1dd62d2282fcafdc941867ef9a
16904	d24e2aa91b5e8674270834a182959ca7	2facae10519970a852a1e4abe24311e5	cdc58b1dd62d2282fcafdc941867ef9a
16905	d24e2aa91b5e8674270834a182959ca7	2facae10519970a852a1e4abe24311e5	cdc58b1dd62d2282fcafdc941867ef9a
16906	d24e2aa91b5e8674270834a182959ca7	2facae10519970a852a1e4abe24311e5	cdc58b1dd62d2282fcafdc941867ef9a
16907	d24e2aa91b5e8674270834a182959ca7	2facae10519970a852a1e4abe24311e5	cdc58b1dd62d2282fcafdc941867ef9a
16908	d24e2aa91b5e8674270834a182959ca7	2facae10519970a852a1e4abe24311e5	cdc58b1dd62d2282fcafdc941867ef9a
16909	ded275327e61fa1641edc1407701c6b5	e295312a7b554303e128faa2f7e18560	48e93893833e588d0eb401f4420d4535
16910	e27d5b55841a0f17119538b52139189a	e9dcf7a1a61894e85b5af9af64c39907	9f6a5822f151b1799be73311eb2234be
16911	fde4a65626ea5835b6e63a8f95b34d4b	1481a3cd97552466b421049c4fa231fc	88bea7adcfe6333659e1fd1690c9ca74
16912	08bca19df897f7516ce947ff62953434	915f057c8e64a64be44f62188998e2bf	8ca4ab8f3e83a54ca57f53a99c7e0a50
16913	d60e3b4bb45854d67d47d4dba48cb92c	2114dfad1598abf1cdc3bf508353e852	382bec074245c9154279102ce9de1b60
16914	9492a1a80300dc7fb76f79743db84a80	97a340351a84ec5b9bdcc3d67cf41aca	f0a102d542d54848a716e9e6615354b7
16915	9492a1a80300dc7fb76f79743db84a80	97a340351a84ec5b9bdcc3d67cf41aca	f0a102d542d54848a716e9e6615354b7
16916	9492a1a80300dc7fb76f79743db84a80	97a340351a84ec5b9bdcc3d67cf41aca	f0a102d542d54848a716e9e6615354b7
16917	9492a1a80300dc7fb76f79743db84a80	97a340351a84ec5b9bdcc3d67cf41aca	f0a102d542d54848a716e9e6615354b7
16918	9492a1a80300dc7fb76f79743db84a80	97a340351a84ec5b9bdcc3d67cf41aca	f0a102d542d54848a716e9e6615354b7
16919	9492a1a80300dc7fb76f79743db84a80	97a340351a84ec5b9bdcc3d67cf41aca	f0a102d542d54848a716e9e6615354b7
16920	9492a1a80300dc7fb76f79743db84a80	97a340351a84ec5b9bdcc3d67cf41aca	f0a102d542d54848a716e9e6615354b7
16921	9492a1a80300dc7fb76f79743db84a80	97a340351a84ec5b9bdcc3d67cf41aca	f0a102d542d54848a716e9e6615354b7
16922	9492a1a80300dc7fb76f79743db84a80	97a340351a84ec5b9bdcc3d67cf41aca	f0a102d542d54848a716e9e6615354b7
16923	9492a1a80300dc7fb76f79743db84a80	97a340351a84ec5b9bdcc3d67cf41aca	f0a102d542d54848a716e9e6615354b7
16924	9492a1a80300dc7fb76f79743db84a80	97a340351a84ec5b9bdcc3d67cf41aca	f0a102d542d54848a716e9e6615354b7
16925	9492a1a80300dc7fb76f79743db84a80	97a340351a84ec5b9bdcc3d67cf41aca	f0a102d542d54848a716e9e6615354b7
16926	9492a1a80300dc7fb76f79743db84a80	97a340351a84ec5b9bdcc3d67cf41aca	f0a102d542d54848a716e9e6615354b7
16927	9492a1a80300dc7fb76f79743db84a80	97a340351a84ec5b9bdcc3d67cf41aca	f0a102d542d54848a716e9e6615354b7
16928	9492a1a80300dc7fb76f79743db84a80	97a340351a84ec5b9bdcc3d67cf41aca	f0a102d542d54848a716e9e6615354b7
16929	9492a1a80300dc7fb76f79743db84a80	97a340351a84ec5b9bdcc3d67cf41aca	f0a102d542d54848a716e9e6615354b7
16930	9492a1a80300dc7fb76f79743db84a80	97a340351a84ec5b9bdcc3d67cf41aca	f0a102d542d54848a716e9e6615354b7
16931	ce0c783e3f29434d01338b5fb7de257d	f1c610a4a68009fe0f3c7b3e65b98431	b545899e7df0e8dda247d036eb5f1023
16932	ce0c783e3f29434d01338b5fb7de257d	f1c610a4a68009fe0f3c7b3e65b98431	b545899e7df0e8dda247d036eb5f1023
16933	ce0c783e3f29434d01338b5fb7de257d	f1c610a4a68009fe0f3c7b3e65b98431	b545899e7df0e8dda247d036eb5f1023
16934	24521598275ffaac2518b31ca132ea57	f5616d5e9914c3e91472d0d4c8be241c	0ee6c54de7c29bb3a08dae4eeeedee97
16935	24521598275ffaac2518b31ca132ea57	f5616d5e9914c3e91472d0d4c8be241c	0ee6c54de7c29bb3a08dae4eeeedee97
16936	24521598275ffaac2518b31ca132ea57	f5616d5e9914c3e91472d0d4c8be241c	0ee6c54de7c29bb3a08dae4eeeedee97
16937	24521598275ffaac2518b31ca132ea57	f5616d5e9914c3e91472d0d4c8be241c	0ee6c54de7c29bb3a08dae4eeeedee97
16938	ceb813fb2a1b8bfa7be44a01cd50ac65	e3d16f24ac8ffa0b85e3cfbdc7088360	a0d2ce0184ed0ea870ab36d8fe5388ce
16939	ceb813fb2a1b8bfa7be44a01cd50ac65	e3d16f24ac8ffa0b85e3cfbdc7088360	a0d2ce0184ed0ea870ab36d8fe5388ce
16940	ceb813fb2a1b8bfa7be44a01cd50ac65	e3d16f24ac8ffa0b85e3cfbdc7088360	a0d2ce0184ed0ea870ab36d8fe5388ce
16941	ceb813fb2a1b8bfa7be44a01cd50ac65	e3d16f24ac8ffa0b85e3cfbdc7088360	a0d2ce0184ed0ea870ab36d8fe5388ce
16942	ceb813fb2a1b8bfa7be44a01cd50ac65	e3d16f24ac8ffa0b85e3cfbdc7088360	a0d2ce0184ed0ea870ab36d8fe5388ce
16943	7d1a03506cda7da64f0189512cf4fe62	15a0ad3f9710500929fc653f62ba2b2a	7c42f57615699786306f77b47cfa0b6f
16944	7d1a03506cda7da64f0189512cf4fe62	15a0ad3f9710500929fc653f62ba2b2a	7c42f57615699786306f77b47cfa0b6f
16945	7d1a03506cda7da64f0189512cf4fe62	15a0ad3f9710500929fc653f62ba2b2a	7c42f57615699786306f77b47cfa0b6f
16946	7d1a03506cda7da64f0189512cf4fe62	15a0ad3f9710500929fc653f62ba2b2a	7c42f57615699786306f77b47cfa0b6f
16947	7d1a03506cda7da64f0189512cf4fe62	15a0ad3f9710500929fc653f62ba2b2a	7c42f57615699786306f77b47cfa0b6f
16948	7d1a03506cda7da64f0189512cf4fe62	15a0ad3f9710500929fc653f62ba2b2a	7c42f57615699786306f77b47cfa0b6f
16949	7d1a03506cda7da64f0189512cf4fe62	15a0ad3f9710500929fc653f62ba2b2a	7c42f57615699786306f77b47cfa0b6f
16950	63e72f4350109f5430d0f0f605609cb0	61765990b30a49dcb36d080ed577dda0	471678226f92d7bfa93d59b5bd41d075
16951	63e72f4350109f5430d0f0f605609cb0	61765990b30a49dcb36d080ed577dda0	471678226f92d7bfa93d59b5bd41d075
16952	63e72f4350109f5430d0f0f605609cb0	61765990b30a49dcb36d080ed577dda0	471678226f92d7bfa93d59b5bd41d075
16953	63e72f4350109f5430d0f0f605609cb0	61765990b30a49dcb36d080ed577dda0	471678226f92d7bfa93d59b5bd41d075
16954	63e72f4350109f5430d0f0f605609cb0	61765990b30a49dcb36d080ed577dda0	471678226f92d7bfa93d59b5bd41d075
16955	6e32ad4c58986cf642cbb0fad2046860	29177f36434e417d7dea3d2de43d4c02	d933b321119385aa9028eada5d9ba2ab
16956	6e32ad4c58986cf642cbb0fad2046860	29177f36434e417d7dea3d2de43d4c02	d933b321119385aa9028eada5d9ba2ab
16957	6e32ad4c58986cf642cbb0fad2046860	29177f36434e417d7dea3d2de43d4c02	d933b321119385aa9028eada5d9ba2ab
16958	6e32ad4c58986cf642cbb0fad2046860	29177f36434e417d7dea3d2de43d4c02	d933b321119385aa9028eada5d9ba2ab
16959	6e32ad4c58986cf642cbb0fad2046860	29177f36434e417d7dea3d2de43d4c02	d933b321119385aa9028eada5d9ba2ab
16960	6e32ad4c58986cf642cbb0fad2046860	29177f36434e417d7dea3d2de43d4c02	d933b321119385aa9028eada5d9ba2ab
16961	6e32ad4c58986cf642cbb0fad2046860	29177f36434e417d7dea3d2de43d4c02	d933b321119385aa9028eada5d9ba2ab
16962	23759ddbf51bcdde0b8cc0091f5e8ab0	53cd4693e320fbe2049a33e2224ddf4b	22afcfb0b3a038cd70f4ba36549d9b37
16963	23759ddbf51bcdde0b8cc0091f5e8ab0	53cd4693e320fbe2049a33e2224ddf4b	22afcfb0b3a038cd70f4ba36549d9b37
16964	23759ddbf51bcdde0b8cc0091f5e8ab0	53cd4693e320fbe2049a33e2224ddf4b	22afcfb0b3a038cd70f4ba36549d9b37
16965	23759ddbf51bcdde0b8cc0091f5e8ab0	53cd4693e320fbe2049a33e2224ddf4b	22afcfb0b3a038cd70f4ba36549d9b37
16966	23759ddbf51bcdde0b8cc0091f5e8ab0	53cd4693e320fbe2049a33e2224ddf4b	22afcfb0b3a038cd70f4ba36549d9b37
16967	f040e2973a68ab60e04741c88da0b64b	3d24f67233d2744ea0e759e00f6086d2	0ae3ee20e7e2adf8a90a14c1295392ec
16968	f040e2973a68ab60e04741c88da0b64b	3d24f67233d2744ea0e759e00f6086d2	0ae3ee20e7e2adf8a90a14c1295392ec
16969	f040e2973a68ab60e04741c88da0b64b	3d24f67233d2744ea0e759e00f6086d2	0ae3ee20e7e2adf8a90a14c1295392ec
16970	f040e2973a68ab60e04741c88da0b64b	3d24f67233d2744ea0e759e00f6086d2	0ae3ee20e7e2adf8a90a14c1295392ec
16971	f040e2973a68ab60e04741c88da0b64b	3d24f67233d2744ea0e759e00f6086d2	0ae3ee20e7e2adf8a90a14c1295392ec
16972	27caa9da467e987b5e613ba4f6f42570	2116f4af514465ccdaec431a036a7d24	eed0cda6000ad69243e3e8d367f706cf
16973	27caa9da467e987b5e613ba4f6f42570	2116f4af514465ccdaec431a036a7d24	eed0cda6000ad69243e3e8d367f706cf
16974	27caa9da467e987b5e613ba4f6f42570	2116f4af514465ccdaec431a036a7d24	eed0cda6000ad69243e3e8d367f706cf
16975	27caa9da467e987b5e613ba4f6f42570	2116f4af514465ccdaec431a036a7d24	eed0cda6000ad69243e3e8d367f706cf
16976	27caa9da467e987b5e613ba4f6f42570	2116f4af514465ccdaec431a036a7d24	eed0cda6000ad69243e3e8d367f706cf
16977	27caa9da467e987b5e613ba4f6f42570	2116f4af514465ccdaec431a036a7d24	eed0cda6000ad69243e3e8d367f706cf
16978	27caa9da467e987b5e613ba4f6f42570	2116f4af514465ccdaec431a036a7d24	eed0cda6000ad69243e3e8d367f706cf
16979	6b69295f99bb15da99157eaefdf60173	19de2406df9314b9289756aeb1b22e2d	86b329fe4b59456482c244909b015194
16980	6b69295f99bb15da99157eaefdf60173	19de2406df9314b9289756aeb1b22e2d	86b329fe4b59456482c244909b015194
16981	6b69295f99bb15da99157eaefdf60173	19de2406df9314b9289756aeb1b22e2d	86b329fe4b59456482c244909b015194
16982	6b69295f99bb15da99157eaefdf60173	19de2406df9314b9289756aeb1b22e2d	86b329fe4b59456482c244909b015194
16983	6b69295f99bb15da99157eaefdf60173	19de2406df9314b9289756aeb1b22e2d	86b329fe4b59456482c244909b015194
16984	43cca8ae891c57d3bb89cfbbaf6cb2ed	703ed73682de6ccd0fde7e8050425029	cd5f7317cede3e6ab0171a064d4e4986
16985	43cca8ae891c57d3bb89cfbbaf6cb2ed	703ed73682de6ccd0fde7e8050425029	cd5f7317cede3e6ab0171a064d4e4986
16986	43cca8ae891c57d3bb89cfbbaf6cb2ed	703ed73682de6ccd0fde7e8050425029	cd5f7317cede3e6ab0171a064d4e4986
16987	43cca8ae891c57d3bb89cfbbaf6cb2ed	703ed73682de6ccd0fde7e8050425029	cd5f7317cede3e6ab0171a064d4e4986
16988	43cca8ae891c57d3bb89cfbbaf6cb2ed	703ed73682de6ccd0fde7e8050425029	cd5f7317cede3e6ab0171a064d4e4986
16989	43cca8ae891c57d3bb89cfbbaf6cb2ed	703ed73682de6ccd0fde7e8050425029	cd5f7317cede3e6ab0171a064d4e4986
16990	43cca8ae891c57d3bb89cfbbaf6cb2ed	703ed73682de6ccd0fde7e8050425029	cd5f7317cede3e6ab0171a064d4e4986
16991	d53b4e699bf185012c2853de968afcdc	0abee15af1cc4d795b716a9e0d754490	b119386a8b8454ac335eea25688d0308
16992	c9b280795a7d76905cbd6087a3594643	0c476fd55b7131cdc388e5772f857654	268ce3e2a782369e0d95a5692e28fc94
16993	c9b280795a7d76905cbd6087a3594643	0c476fd55b7131cdc388e5772f857654	268ce3e2a782369e0d95a5692e28fc94
16994	c9b280795a7d76905cbd6087a3594643	0c476fd55b7131cdc388e5772f857654	268ce3e2a782369e0d95a5692e28fc94
16995	c9b280795a7d76905cbd6087a3594643	0c476fd55b7131cdc388e5772f857654	268ce3e2a782369e0d95a5692e28fc94
16996	c9b280795a7d76905cbd6087a3594643	0c476fd55b7131cdc388e5772f857654	268ce3e2a782369e0d95a5692e28fc94
16997	c9b280795a7d76905cbd6087a3594643	0c476fd55b7131cdc388e5772f857654	268ce3e2a782369e0d95a5692e28fc94
16998	c9b280795a7d76905cbd6087a3594643	0c476fd55b7131cdc388e5772f857654	268ce3e2a782369e0d95a5692e28fc94
16999	0d59f44007db1631ce3462315189fbbf	966b2f7153b474e98d419b7796013b69	96f67c644496490dcf0267076d0bb344
17000	bd2b3f0798193f93f40462a24e0f24b2	5b86cf6865e568fafe0d22e5305257a8	ddbef0b1fc35fc01606c2346861a5423
17001	a8f2dc33bccc76b95a94b05c629cca8a	2c5120912ee00d64aafcbd3fb8cecf62	c48c7afc314a901198e7b17b7c44e3e5
17002	a8f2dc33bccc76b95a94b05c629cca8a	2c5120912ee00d64aafcbd3fb8cecf62	c48c7afc314a901198e7b17b7c44e3e5
17003	a8f2dc33bccc76b95a94b05c629cca8a	2c5120912ee00d64aafcbd3fb8cecf62	c48c7afc314a901198e7b17b7c44e3e5
17004	a8f2dc33bccc76b95a94b05c629cca8a	2c5120912ee00d64aafcbd3fb8cecf62	c48c7afc314a901198e7b17b7c44e3e5
17005	a8f2dc33bccc76b95a94b05c629cca8a	2c5120912ee00d64aafcbd3fb8cecf62	c48c7afc314a901198e7b17b7c44e3e5
17006	a8f2dc33bccc76b95a94b05c629cca8a	2c5120912ee00d64aafcbd3fb8cecf62	c48c7afc314a901198e7b17b7c44e3e5
17007	a8f2dc33bccc76b95a94b05c629cca8a	2c5120912ee00d64aafcbd3fb8cecf62	c48c7afc314a901198e7b17b7c44e3e5
17008	ccd429a52e94e4c2676a1c23756c8fd0	454820126f69e91e7429af5d9f51a137	9d2b007437b8060fe5fa3243a732808a
17009	ccd429a52e94e4c2676a1c23756c8fd0	454820126f69e91e7429af5d9f51a137	9d2b007437b8060fe5fa3243a732808a
17010	ccd429a52e94e4c2676a1c23756c8fd0	454820126f69e91e7429af5d9f51a137	9d2b007437b8060fe5fa3243a732808a
17011	3a2adf7d016e3e7f50fc356d660dffa4	a36623003d28fb834206e26a81be248e	bd93b35f71f8cc4386dcadb12171c67e
17012	c804f456432d099542dc9c1af7b5c374	74850e9602b6357cee0bc786ac08ef51	e5355a16922fa2a43cbbb3786bc0655e
17013	b0172599e5af9ff89ebb5181e60e13b0	779b2c038bbd837adf06c5928df0c019	8d14eab8964f93ae600208e3a84b67f6
17014	b0172599e5af9ff89ebb5181e60e13b0	779b2c038bbd837adf06c5928df0c019	8d14eab8964f93ae600208e3a84b67f6
17015	b0172599e5af9ff89ebb5181e60e13b0	779b2c038bbd837adf06c5928df0c019	8d14eab8964f93ae600208e3a84b67f6
17016	b0172599e5af9ff89ebb5181e60e13b0	779b2c038bbd837adf06c5928df0c019	8d14eab8964f93ae600208e3a84b67f6
17017	b0172599e5af9ff89ebb5181e60e13b0	779b2c038bbd837adf06c5928df0c019	8d14eab8964f93ae600208e3a84b67f6
17018	b0172599e5af9ff89ebb5181e60e13b0	779b2c038bbd837adf06c5928df0c019	8d14eab8964f93ae600208e3a84b67f6
17019	b0172599e5af9ff89ebb5181e60e13b0	779b2c038bbd837adf06c5928df0c019	8d14eab8964f93ae600208e3a84b67f6
17020	fd55b80bda151d7641ab6375cf0f40cb	c2f03f24bb8f233fed76f22318215443	3ebaffdf50967ae5f4f62b002b11febb
17021	fd55b80bda151d7641ab6375cf0f40cb	c2f03f24bb8f233fed76f22318215443	3ebaffdf50967ae5f4f62b002b11febb
17022	53a2d1f80e46cbbc911545ea1c7c39eb	1dd345f0e0a4915379afdae8a3000faf	0dcb3e080e7467dfba89bf973593f412
17023	fd55b80bda151d7641ab6375cf0f40cb	c2f03f24bb8f233fed76f22318215443	3ebaffdf50967ae5f4f62b002b11febb
17024	fd55b80bda151d7641ab6375cf0f40cb	c2f03f24bb8f233fed76f22318215443	3ebaffdf50967ae5f4f62b002b11febb
17025	1ff7df65a5a797a5a18f9079c583823d	d1b957a52bd127bc32bdd86e38217a22	505a25bd2a2f75d2c0f916cc05fa2162
17026	1ff7df65a5a797a5a18f9079c583823d	d1b957a52bd127bc32bdd86e38217a22	505a25bd2a2f75d2c0f916cc05fa2162
17027	1ff7df65a5a797a5a18f9079c583823d	d1b957a52bd127bc32bdd86e38217a22	505a25bd2a2f75d2c0f916cc05fa2162
17028	1ff7df65a5a797a5a18f9079c583823d	d1b957a52bd127bc32bdd86e38217a22	505a25bd2a2f75d2c0f916cc05fa2162
17029	1ff7df65a5a797a5a18f9079c583823d	d1b957a52bd127bc32bdd86e38217a22	505a25bd2a2f75d2c0f916cc05fa2162
17030	1ff7df65a5a797a5a18f9079c583823d	d1b957a52bd127bc32bdd86e38217a22	505a25bd2a2f75d2c0f916cc05fa2162
17031	1ff7df65a5a797a5a18f9079c583823d	d1b957a52bd127bc32bdd86e38217a22	505a25bd2a2f75d2c0f916cc05fa2162
17032	9e6729aca3f2f273bbfd0a49c6b64695	2d1270e0b4e7da17d8b2a4599c320d27	dca989dbb0f48e4f1dbc8230db543464
17033	9e6729aca3f2f273bbfd0a49c6b64695	2d1270e0b4e7da17d8b2a4599c320d27	dca989dbb0f48e4f1dbc8230db543464
17034	9e6729aca3f2f273bbfd0a49c6b64695	2d1270e0b4e7da17d8b2a4599c320d27	dca989dbb0f48e4f1dbc8230db543464
17035	9e6729aca3f2f273bbfd0a49c6b64695	2d1270e0b4e7da17d8b2a4599c320d27	dca989dbb0f48e4f1dbc8230db543464
17036	9e6729aca3f2f273bbfd0a49c6b64695	2d1270e0b4e7da17d8b2a4599c320d27	dca989dbb0f48e4f1dbc8230db543464
17037	9e6729aca3f2f273bbfd0a49c6b64695	2d1270e0b4e7da17d8b2a4599c320d27	dca989dbb0f48e4f1dbc8230db543464
17038	9e6729aca3f2f273bbfd0a49c6b64695	2d1270e0b4e7da17d8b2a4599c320d27	dca989dbb0f48e4f1dbc8230db543464
17039	9e6729aca3f2f273bbfd0a49c6b64695	2d1270e0b4e7da17d8b2a4599c320d27	dca989dbb0f48e4f1dbc8230db543464
17040	9e6729aca3f2f273bbfd0a49c6b64695	2d1270e0b4e7da17d8b2a4599c320d27	dca989dbb0f48e4f1dbc8230db543464
17041	9e6729aca3f2f273bbfd0a49c6b64695	2d1270e0b4e7da17d8b2a4599c320d27	dca989dbb0f48e4f1dbc8230db543464
17042	5cdf86c1a2a98e1ac80c410f2867ea66	23975cc74be8d01965d22231201a6cf2	17f57cd8e3b35b53c3cc63c1ea5eb5ee
17043	5cdf86c1a2a98e1ac80c410f2867ea66	23975cc74be8d01965d22231201a6cf2	17f57cd8e3b35b53c3cc63c1ea5eb5ee
17044	5cdf86c1a2a98e1ac80c410f2867ea66	23975cc74be8d01965d22231201a6cf2	17f57cd8e3b35b53c3cc63c1ea5eb5ee
17045	5cdf86c1a2a98e1ac80c410f2867ea66	23975cc74be8d01965d22231201a6cf2	17f57cd8e3b35b53c3cc63c1ea5eb5ee
17046	5cdf86c1a2a98e1ac80c410f2867ea66	23975cc74be8d01965d22231201a6cf2	17f57cd8e3b35b53c3cc63c1ea5eb5ee
17047	5cdf86c1a2a98e1ac80c410f2867ea66	23975cc74be8d01965d22231201a6cf2	17f57cd8e3b35b53c3cc63c1ea5eb5ee
17048	5cdf86c1a2a98e1ac80c410f2867ea66	23975cc74be8d01965d22231201a6cf2	17f57cd8e3b35b53c3cc63c1ea5eb5ee
17049	d88154477740cfec9140c63de538b7d8	2a28ec2ce3d1ff39f158a5779fbd2580	a38552258b0201714da09361ca19ddc5
17050	d88154477740cfec9140c63de538b7d8	2a28ec2ce3d1ff39f158a5779fbd2580	a38552258b0201714da09361ca19ddc5
17051	d88154477740cfec9140c63de538b7d8	2a28ec2ce3d1ff39f158a5779fbd2580	a38552258b0201714da09361ca19ddc5
17052	e9d9cabefb2089b4b9be5c734d7885fd	edeb230122540d5c51aa77967ba056c5	f06fa11197b4985ca4ad012bfe0fd7c5
17053	e9d9cabefb2089b4b9be5c734d7885fd	edeb230122540d5c51aa77967ba056c5	f06fa11197b4985ca4ad012bfe0fd7c5
17054	9ca56d108009db57ca8ea1acb8576964	c4961909c7c78cd551ff4494c75d3acf	0a89a6c3b670e3c7d8f668141081211c
17055	9ca56d108009db57ca8ea1acb8576964	c4961909c7c78cd551ff4494c75d3acf	0a89a6c3b670e3c7d8f668141081211c
17056	9ca56d108009db57ca8ea1acb8576964	c4961909c7c78cd551ff4494c75d3acf	0a89a6c3b670e3c7d8f668141081211c
17057	9ca56d108009db57ca8ea1acb8576964	c4961909c7c78cd551ff4494c75d3acf	0a89a6c3b670e3c7d8f668141081211c
17058	9ca56d108009db57ca8ea1acb8576964	c4961909c7c78cd551ff4494c75d3acf	0a89a6c3b670e3c7d8f668141081211c
17059	9ca56d108009db57ca8ea1acb8576964	c4961909c7c78cd551ff4494c75d3acf	0a89a6c3b670e3c7d8f668141081211c
17060	9ca56d108009db57ca8ea1acb8576964	c4961909c7c78cd551ff4494c75d3acf	0a89a6c3b670e3c7d8f668141081211c
17061	0a92955bd03d36827f956939093d0ac1	aab140c76b67b080412432026be15bb0	358c3469cc4801ca21a509ea5f4437a5
17062	c9dd6f16dc16d1c43f10023c77991f71	5ac6ccd47273e4cd1548e3cf26494213	e2254aa732f747924ff0de77ddc53e8e
17063	c9dd6f16dc16d1c43f10023c77991f71	5ac6ccd47273e4cd1548e3cf26494213	e2254aa732f747924ff0de77ddc53e8e
17064	19b06dad9c3cba9a197a89547a217f97	c7a3de8bf615b640fc9c89c329fd19ac	64e9d9d0e0d023e1a5f68b1a4048af32
17065	61a0c7b70b242c044b22af79e004af6c	30456c637033c3937816df1296daec59	0340cebe099369111b9cd8c61b6827bd
17066	8e521f5e3d1c208bd8885558fc9a44b7	d5f5f424ec1c9523c324c683fbb1cd2f	c4500a4f66d3f73e67ad6826f013cd13
17067	8e521f5e3d1c208bd8885558fc9a44b7	d5f5f424ec1c9523c324c683fbb1cd2f	c4500a4f66d3f73e67ad6826f013cd13
17068	8e521f5e3d1c208bd8885558fc9a44b7	d5f5f424ec1c9523c324c683fbb1cd2f	c4500a4f66d3f73e67ad6826f013cd13
17069	8e521f5e3d1c208bd8885558fc9a44b7	d5f5f424ec1c9523c324c683fbb1cd2f	c4500a4f66d3f73e67ad6826f013cd13
17070	8e521f5e3d1c208bd8885558fc9a44b7	d5f5f424ec1c9523c324c683fbb1cd2f	c4500a4f66d3f73e67ad6826f013cd13
17071	49a595f1f6880ebe7089719b44b5c618	ce5e1a86bd776b34e6140c857d1724e1	a26f1667bf84b7a53ba625663c31bc98
17072	49a595f1f6880ebe7089719b44b5c618	ce5e1a86bd776b34e6140c857d1724e1	a26f1667bf84b7a53ba625663c31bc98
17073	49a595f1f6880ebe7089719b44b5c618	ce5e1a86bd776b34e6140c857d1724e1	a26f1667bf84b7a53ba625663c31bc98
17074	0d4aa10f1cba0869139bf3c66889d995	e1df5ff5b02587757402a68b582504cb	77e9a50dd70b41a0a5b353636c00ee17
17075	0d4aa10f1cba0869139bf3c66889d995	e1df5ff5b02587757402a68b582504cb	77e9a50dd70b41a0a5b353636c00ee17
17076	0d4aa10f1cba0869139bf3c66889d995	e1df5ff5b02587757402a68b582504cb	77e9a50dd70b41a0a5b353636c00ee17
17077	0d4aa10f1cba0869139bf3c66889d995	e1df5ff5b02587757402a68b582504cb	77e9a50dd70b41a0a5b353636c00ee17
17078	4187833740954f6dfb69e4d48a7a8796	dca2cf5435e8bbee075d56e4ee0a5265	c7892ea8df5e7d93a649fa58ef98a5c6
17079	4187833740954f6dfb69e4d48a7a8796	dca2cf5435e8bbee075d56e4ee0a5265	c7892ea8df5e7d93a649fa58ef98a5c6
17080	4187833740954f6dfb69e4d48a7a8796	dca2cf5435e8bbee075d56e4ee0a5265	c7892ea8df5e7d93a649fa58ef98a5c6
17081	4187833740954f6dfb69e4d48a7a8796	dca2cf5435e8bbee075d56e4ee0a5265	c7892ea8df5e7d93a649fa58ef98a5c6
17082	9d2a5a8c4936c278f0be5015f643a25c	c00167295c7cb355b815cb0097330b35	419d77bf844b96d3b6c6d25dfb6e8129
17083	cc154b6100c551fa7b8228eb27e74d00	1bda61468c3e3a1d94026d45993a9715	83906ae652d3d694c42373091d572b6a
17084	cc154b6100c551fa7b8228eb27e74d00	1bda61468c3e3a1d94026d45993a9715	83906ae652d3d694c42373091d572b6a
17085	cc154b6100c551fa7b8228eb27e74d00	1bda61468c3e3a1d94026d45993a9715	83906ae652d3d694c42373091d572b6a
17086	cc154b6100c551fa7b8228eb27e74d00	1bda61468c3e3a1d94026d45993a9715	83906ae652d3d694c42373091d572b6a
17087	cc154b6100c551fa7b8228eb27e74d00	1bda61468c3e3a1d94026d45993a9715	83906ae652d3d694c42373091d572b6a
17088	cc154b6100c551fa7b8228eb27e74d00	1bda61468c3e3a1d94026d45993a9715	83906ae652d3d694c42373091d572b6a
17089	cc154b6100c551fa7b8228eb27e74d00	1bda61468c3e3a1d94026d45993a9715	83906ae652d3d694c42373091d572b6a
17090	5bbd85382428dc9514533ba13b436c69	9e722bf1eb13af6240f4b84d03960689	d962e6cb7800bcb0e82c62d85301b512
17091	5bbd85382428dc9514533ba13b436c69	9e722bf1eb13af6240f4b84d03960689	d962e6cb7800bcb0e82c62d85301b512
17092	5bbd85382428dc9514533ba13b436c69	9e722bf1eb13af6240f4b84d03960689	d962e6cb7800bcb0e82c62d85301b512
17093	cab0c80ee3af83954fb4dd1570534220	ff9cd822edd810da2da3de1c167016c5	0fdafe102a5904361c931e20403f13b2
17094	5bbd85382428dc9514533ba13b436c69	9e722bf1eb13af6240f4b84d03960689	d962e6cb7800bcb0e82c62d85301b512
17095	b66a08d6befaa8254004264e5b79b343	0afb38cd732843111d9b87e56abaeefc	08c9febd9c6d2a01a1c5d7b4c54f9665
17096	b66a08d6befaa8254004264e5b79b343	0afb38cd732843111d9b87e56abaeefc	08c9febd9c6d2a01a1c5d7b4c54f9665
17097	b66a08d6befaa8254004264e5b79b343	0afb38cd732843111d9b87e56abaeefc	08c9febd9c6d2a01a1c5d7b4c54f9665
17098	b66a08d6befaa8254004264e5b79b343	0afb38cd732843111d9b87e56abaeefc	08c9febd9c6d2a01a1c5d7b4c54f9665
17099	b66a08d6befaa8254004264e5b79b343	0afb38cd732843111d9b87e56abaeefc	08c9febd9c6d2a01a1c5d7b4c54f9665
17100	b66a08d6befaa8254004264e5b79b343	0afb38cd732843111d9b87e56abaeefc	08c9febd9c6d2a01a1c5d7b4c54f9665
17101	b66a08d6befaa8254004264e5b79b343	0afb38cd732843111d9b87e56abaeefc	08c9febd9c6d2a01a1c5d7b4c54f9665
17102	b66a08d6befaa8254004264e5b79b343	0afb38cd732843111d9b87e56abaeefc	08c9febd9c6d2a01a1c5d7b4c54f9665
17103	b66a08d6befaa8254004264e5b79b343	0afb38cd732843111d9b87e56abaeefc	08c9febd9c6d2a01a1c5d7b4c54f9665
17104	b66a08d6befaa8254004264e5b79b343	0afb38cd732843111d9b87e56abaeefc	08c9febd9c6d2a01a1c5d7b4c54f9665
17105	b66a08d6befaa8254004264e5b79b343	0afb38cd732843111d9b87e56abaeefc	08c9febd9c6d2a01a1c5d7b4c54f9665
17106	b66a08d6befaa8254004264e5b79b343	0afb38cd732843111d9b87e56abaeefc	08c9febd9c6d2a01a1c5d7b4c54f9665
17107	9e9369c025161485b794c2147095a307	887515995683c4426c03c3066d0d20d6	e8872f58e3e48115f15373447df2d598
17108	9e9369c025161485b794c2147095a307	887515995683c4426c03c3066d0d20d6	e8872f58e3e48115f15373447df2d598
17109	9e9369c025161485b794c2147095a307	887515995683c4426c03c3066d0d20d6	e8872f58e3e48115f15373447df2d598
17110	9e9369c025161485b794c2147095a307	887515995683c4426c03c3066d0d20d6	e8872f58e3e48115f15373447df2d598
17111	9e9369c025161485b794c2147095a307	887515995683c4426c03c3066d0d20d6	e8872f58e3e48115f15373447df2d598
17112	ec58cfd2956c906330495a5f6813d8f6	2ab9544d65e0b2d6b0c49dc3f3c4e033	dafece2cd20ef899db42dc4ab1293994
17113	ec58cfd2956c906330495a5f6813d8f6	2ab9544d65e0b2d6b0c49dc3f3c4e033	dafece2cd20ef899db42dc4ab1293994
17114	ec58cfd2956c906330495a5f6813d8f6	2ab9544d65e0b2d6b0c49dc3f3c4e033	dafece2cd20ef899db42dc4ab1293994
17115	eb31a6dd742402a32876d214744c1251	b5922d9b136e32982c452af9e69bfcc9	5fc7aa3829987dcccda4e3f74d98b3e7
17116	eb31a6dd742402a32876d214744c1251	b5922d9b136e32982c452af9e69bfcc9	5fc7aa3829987dcccda4e3f74d98b3e7
17117	f48f904af9a9f64858075ce38ceecb07	964f9776527481e959700e0ad59acf59	1c5631f229d70c647dbc3728a07048c7
17118	f48f904af9a9f64858075ce38ceecb07	964f9776527481e959700e0ad59acf59	1c5631f229d70c647dbc3728a07048c7
17119	750a5bf4d57af66b0dcb0e942c191878	e008ad85274ad9af3f3a9eaac60fd7a9	7871681e6ae4f00ecb8189c510dbb97b
17120	750a5bf4d57af66b0dcb0e942c191878	e008ad85274ad9af3f3a9eaac60fd7a9	7871681e6ae4f00ecb8189c510dbb97b
17121	750a5bf4d57af66b0dcb0e942c191878	e008ad85274ad9af3f3a9eaac60fd7a9	7871681e6ae4f00ecb8189c510dbb97b
17122	629d88ddf33272dfce70db18ca54dcec	aeb2d356e7ec1cf782d27d6f819715e4	23ef134847b6c9a9c93114e8f26f9397
17123	61ffe892a191d5ff58bfead9ee5ee5fc	bbbb3c837fd8e8bd676b6f7af2650a35	aae542d42aaf7949e71a3f356920c2a5
17124	4ee492e650414e13f7391d5374159a02	d7857663cf7db4ec8f960984415db0b4	70d50fa535c333244d4d8f6866698d8b
17125	4ee492e650414e13f7391d5374159a02	d7857663cf7db4ec8f960984415db0b4	70d50fa535c333244d4d8f6866698d8b
17126	4ee492e650414e13f7391d5374159a02	d7857663cf7db4ec8f960984415db0b4	70d50fa535c333244d4d8f6866698d8b
17127	4ee492e650414e13f7391d5374159a02	d7857663cf7db4ec8f960984415db0b4	70d50fa535c333244d4d8f6866698d8b
17128	4ee492e650414e13f7391d5374159a02	d7857663cf7db4ec8f960984415db0b4	70d50fa535c333244d4d8f6866698d8b
17129	4ee492e650414e13f7391d5374159a02	d7857663cf7db4ec8f960984415db0b4	70d50fa535c333244d4d8f6866698d8b
17130	4ee492e650414e13f7391d5374159a02	d7857663cf7db4ec8f960984415db0b4	70d50fa535c333244d4d8f6866698d8b
17131	0d0a401ed7f25b977e2f58c5519c4600	eda6aee8a61816eb4424d6d70acaa3fc	14b8d053a1c6e0d45a35741d0c696831
17132	0d0a401ed7f25b977e2f58c5519c4600	eda6aee8a61816eb4424d6d70acaa3fc	14b8d053a1c6e0d45a35741d0c696831
17133	0d0a401ed7f25b977e2f58c5519c4600	eda6aee8a61816eb4424d6d70acaa3fc	14b8d053a1c6e0d45a35741d0c696831
17134	0d0a401ed7f25b977e2f58c5519c4600	eda6aee8a61816eb4424d6d70acaa3fc	14b8d053a1c6e0d45a35741d0c696831
17135	0d0a401ed7f25b977e2f58c5519c4600	eda6aee8a61816eb4424d6d70acaa3fc	14b8d053a1c6e0d45a35741d0c696831
17136	0d0a401ed7f25b977e2f58c5519c4600	eda6aee8a61816eb4424d6d70acaa3fc	14b8d053a1c6e0d45a35741d0c696831
17137	0d0a401ed7f25b977e2f58c5519c4600	eda6aee8a61816eb4424d6d70acaa3fc	14b8d053a1c6e0d45a35741d0c696831
17138	0d0a401ed7f25b977e2f58c5519c4600	eda6aee8a61816eb4424d6d70acaa3fc	14b8d053a1c6e0d45a35741d0c696831
17139	0d0a401ed7f25b977e2f58c5519c4600	eda6aee8a61816eb4424d6d70acaa3fc	14b8d053a1c6e0d45a35741d0c696831
17140	0d0a401ed7f25b977e2f58c5519c4600	eda6aee8a61816eb4424d6d70acaa3fc	14b8d053a1c6e0d45a35741d0c696831
17141	cf69aa399e1c4d1e0602c2db1d32d539	213745d1d25f1f6f89ca1b4e594a3f31	a850ca7305f385ed8d6ee17807cc443f
17142	cf69aa399e1c4d1e0602c2db1d32d539	213745d1d25f1f6f89ca1b4e594a3f31	a850ca7305f385ed8d6ee17807cc443f
17143	cf69aa399e1c4d1e0602c2db1d32d539	213745d1d25f1f6f89ca1b4e594a3f31	a850ca7305f385ed8d6ee17807cc443f
17144	cf69aa399e1c4d1e0602c2db1d32d539	213745d1d25f1f6f89ca1b4e594a3f31	a850ca7305f385ed8d6ee17807cc443f
17145	cf69aa399e1c4d1e0602c2db1d32d539	213745d1d25f1f6f89ca1b4e594a3f31	a850ca7305f385ed8d6ee17807cc443f
17146	cf69aa399e1c4d1e0602c2db1d32d539	213745d1d25f1f6f89ca1b4e594a3f31	a850ca7305f385ed8d6ee17807cc443f
17147	cf69aa399e1c4d1e0602c2db1d32d539	213745d1d25f1f6f89ca1b4e594a3f31	a850ca7305f385ed8d6ee17807cc443f
17148	a0af44cd03804583c015d433b06ed392	1082a8e5a790eb9380b6fbcadf59b9c6	4910913ef7a4582a6fc862fa7f888d56
17149	a0af44cd03804583c015d433b06ed392	1082a8e5a790eb9380b6fbcadf59b9c6	4910913ef7a4582a6fc862fa7f888d56
17150	a0af44cd03804583c015d433b06ed392	1082a8e5a790eb9380b6fbcadf59b9c6	4910913ef7a4582a6fc862fa7f888d56
17151	a0af44cd03804583c015d433b06ed392	1082a8e5a790eb9380b6fbcadf59b9c6	4910913ef7a4582a6fc862fa7f888d56
17152	a0af44cd03804583c015d433b06ed392	1082a8e5a790eb9380b6fbcadf59b9c6	4910913ef7a4582a6fc862fa7f888d56
17153	67afacf89dab7413104a73d8f0d4e54c	3f81473adacadfe5ebb5c0f688bac7e0	d9d56f1ead63de56b25ec6e7d1ad6d82
17154	67afacf89dab7413104a73d8f0d4e54c	3f81473adacadfe5ebb5c0f688bac7e0	d9d56f1ead63de56b25ec6e7d1ad6d82
17155	67afacf89dab7413104a73d8f0d4e54c	3f81473adacadfe5ebb5c0f688bac7e0	d9d56f1ead63de56b25ec6e7d1ad6d82
17156	67afacf89dab7413104a73d8f0d4e54c	3f81473adacadfe5ebb5c0f688bac7e0	d9d56f1ead63de56b25ec6e7d1ad6d82
17157	67afacf89dab7413104a73d8f0d4e54c	3f81473adacadfe5ebb5c0f688bac7e0	d9d56f1ead63de56b25ec6e7d1ad6d82
17158	67afacf89dab7413104a73d8f0d4e54c	3f81473adacadfe5ebb5c0f688bac7e0	d9d56f1ead63de56b25ec6e7d1ad6d82
17159	67afacf89dab7413104a73d8f0d4e54c	3f81473adacadfe5ebb5c0f688bac7e0	d9d56f1ead63de56b25ec6e7d1ad6d82
17160	0fe373f82b4d1ca0d54e3e408d3da59c	5ba1a0a86ea4b987d8e3d261d298e727	632080105c022e84e165e230262d330f
17161	67afacf89dab7413104a73d8f0d4e54c	3f81473adacadfe5ebb5c0f688bac7e0	d9d56f1ead63de56b25ec6e7d1ad6d82
17162	67afacf89dab7413104a73d8f0d4e54c	3f81473adacadfe5ebb5c0f688bac7e0	d9d56f1ead63de56b25ec6e7d1ad6d82
17163	67afacf89dab7413104a73d8f0d4e54c	3f81473adacadfe5ebb5c0f688bac7e0	d9d56f1ead63de56b25ec6e7d1ad6d82
17164	67afacf89dab7413104a73d8f0d4e54c	3f81473adacadfe5ebb5c0f688bac7e0	d9d56f1ead63de56b25ec6e7d1ad6d82
17165	67afacf89dab7413104a73d8f0d4e54c	3f81473adacadfe5ebb5c0f688bac7e0	d9d56f1ead63de56b25ec6e7d1ad6d82
17166	67afacf89dab7413104a73d8f0d4e54c	3f81473adacadfe5ebb5c0f688bac7e0	d9d56f1ead63de56b25ec6e7d1ad6d82
17167	67afacf89dab7413104a73d8f0d4e54c	3f81473adacadfe5ebb5c0f688bac7e0	d9d56f1ead63de56b25ec6e7d1ad6d82
17168	67afacf89dab7413104a73d8f0d4e54c	3f81473adacadfe5ebb5c0f688bac7e0	d9d56f1ead63de56b25ec6e7d1ad6d82
17169	e8e6af6f5e37ffebcca12b43480e4b50	9c591afc3c5206c070cf23d7a99278e2	cf6a396c2334b5c8fcad660fd1976105
17170	62adbf92037426d0248297eff445a724	0440154367eb16e553317775befce629	b724e0fb768463b5b7d2afd3971d08f8
17171	62adbf92037426d0248297eff445a724	0440154367eb16e553317775befce629	b724e0fb768463b5b7d2afd3971d08f8
17172	62adbf92037426d0248297eff445a724	0440154367eb16e553317775befce629	b724e0fb768463b5b7d2afd3971d08f8
17173	62adbf92037426d0248297eff445a724	0440154367eb16e553317775befce629	b724e0fb768463b5b7d2afd3971d08f8
17174	62adbf92037426d0248297eff445a724	0440154367eb16e553317775befce629	b724e0fb768463b5b7d2afd3971d08f8
17175	62adbf92037426d0248297eff445a724	0440154367eb16e553317775befce629	b724e0fb768463b5b7d2afd3971d08f8
17176	62adbf92037426d0248297eff445a724	0440154367eb16e553317775befce629	b724e0fb768463b5b7d2afd3971d08f8
17177	fc5546fecd151c7b69d7f639dfd998ab	27b69755d91e37412f0a53fe688f54e8	789123c1df5f67d90d46a2206d6f1170
17178	fc5546fecd151c7b69d7f639dfd998ab	27b69755d91e37412f0a53fe688f54e8	789123c1df5f67d90d46a2206d6f1170
17179	fc5546fecd151c7b69d7f639dfd998ab	27b69755d91e37412f0a53fe688f54e8	789123c1df5f67d90d46a2206d6f1170
17180	7a92e6879cfe859cd39f5c061aa1fcca	3c8628573533b16470a1254be481f4cf	b34c578816d04980ba8199d3918d0300
17181	7a92e6879cfe859cd39f5c061aa1fcca	3c8628573533b16470a1254be481f4cf	b34c578816d04980ba8199d3918d0300
17182	eec259c4c5e607eee6c13d95e3a8aae8	ddb067c9a2962372da5e092a3f7f0a68	b0acec7685618f99a0be63ec691c615e
17183	eec259c4c5e607eee6c13d95e3a8aae8	ddb067c9a2962372da5e092a3f7f0a68	b0acec7685618f99a0be63ec691c615e
17184	eec259c4c5e607eee6c13d95e3a8aae8	ddb067c9a2962372da5e092a3f7f0a68	b0acec7685618f99a0be63ec691c615e
17185	1e35eacb3babff5692f7e0ab912c4975	9c9061a584f3d0c4a2f4b2d047ff824f	1e028926955a346548ebff4c66733af0
17186	5cd5e9fc7ed3d39a235b088822225a40	d51d8ab8025046a32e9edff6123dbece	66f78a35d83939970c78da53113151d9
17187	1e35eacb3babff5692f7e0ab912c4975	9c9061a584f3d0c4a2f4b2d047ff824f	1e028926955a346548ebff4c66733af0
17188	1e35eacb3babff5692f7e0ab912c4975	9c9061a584f3d0c4a2f4b2d047ff824f	1e028926955a346548ebff4c66733af0
17189	96d26e00f21e71366d958853e4140a81	a89fbe9931aa3900ba07bdf5bd806387	43746bc196e84e2faa0fb603c1144960
17190	65574f11c14d77662a4b238386c2a9c4	e01bc346ae80f6a80ec3c692c78f38fa	7c592ca39279e3fa53524a2961e8a215
17191	65574f11c14d77662a4b238386c2a9c4	e01bc346ae80f6a80ec3c692c78f38fa	7c592ca39279e3fa53524a2961e8a215
17192	0a658dea9c52cbac135ec1078d1791ea	aa1c32f796ee1fda34217e9f026aa5da	63dcad1ca69d2b5a836753ef1b0161c1
17193	0a658dea9c52cbac135ec1078d1791ea	aa1c32f796ee1fda34217e9f026aa5da	63dcad1ca69d2b5a836753ef1b0161c1
17194	c7a2fc720ff4545cf33b2855010faa7b	936cd26740671c0d4e82afd7b1fc96a8	9c5aa549a696ac036f1bde85686d90eb
17195	c7a2fc720ff4545cf33b2855010faa7b	936cd26740671c0d4e82afd7b1fc96a8	9c5aa549a696ac036f1bde85686d90eb
17196	c7a2fc720ff4545cf33b2855010faa7b	936cd26740671c0d4e82afd7b1fc96a8	9c5aa549a696ac036f1bde85686d90eb
17197	c7a2fc720ff4545cf33b2855010faa7b	936cd26740671c0d4e82afd7b1fc96a8	9c5aa549a696ac036f1bde85686d90eb
17198	c7a2fc720ff4545cf33b2855010faa7b	936cd26740671c0d4e82afd7b1fc96a8	9c5aa549a696ac036f1bde85686d90eb
17199	c7a2fc720ff4545cf33b2855010faa7b	936cd26740671c0d4e82afd7b1fc96a8	9c5aa549a696ac036f1bde85686d90eb
17200	c7a2fc720ff4545cf33b2855010faa7b	936cd26740671c0d4e82afd7b1fc96a8	9c5aa549a696ac036f1bde85686d90eb
17201	10b4a34bed9a417f0503f083a79ade48	e0995ac674ba88ea1f6c7304d3441a1b	2444ae8b8bf72e8c22036430b90d2ea3
17202	10b4a34bed9a417f0503f083a79ade48	e0995ac674ba88ea1f6c7304d3441a1b	2444ae8b8bf72e8c22036430b90d2ea3
17203	10b4a34bed9a417f0503f083a79ade48	e0995ac674ba88ea1f6c7304d3441a1b	2444ae8b8bf72e8c22036430b90d2ea3
17204	10b4a34bed9a417f0503f083a79ade48	e0995ac674ba88ea1f6c7304d3441a1b	2444ae8b8bf72e8c22036430b90d2ea3
17205	10b4a34bed9a417f0503f083a79ade48	e0995ac674ba88ea1f6c7304d3441a1b	2444ae8b8bf72e8c22036430b90d2ea3
17206	10b4a34bed9a417f0503f083a79ade48	e0995ac674ba88ea1f6c7304d3441a1b	2444ae8b8bf72e8c22036430b90d2ea3
17207	10b4a34bed9a417f0503f083a79ade48	e0995ac674ba88ea1f6c7304d3441a1b	2444ae8b8bf72e8c22036430b90d2ea3
17208	10b4a34bed9a417f0503f083a79ade48	e0995ac674ba88ea1f6c7304d3441a1b	2444ae8b8bf72e8c22036430b90d2ea3
17209	10b4a34bed9a417f0503f083a79ade48	e0995ac674ba88ea1f6c7304d3441a1b	2444ae8b8bf72e8c22036430b90d2ea3
17210	10b4a34bed9a417f0503f083a79ade48	e0995ac674ba88ea1f6c7304d3441a1b	2444ae8b8bf72e8c22036430b90d2ea3
17211	6f77bbbeafb8b4cb4f1bc53a36a38a03	987b93ca247bf0faf257093de669fc67	91d7febd2b8c3e130550f66eabad8b96
17212	6f77bbbeafb8b4cb4f1bc53a36a38a03	987b93ca247bf0faf257093de669fc67	91d7febd2b8c3e130550f66eabad8b96
17213	6f77bbbeafb8b4cb4f1bc53a36a38a03	987b93ca247bf0faf257093de669fc67	91d7febd2b8c3e130550f66eabad8b96
17214	6f77bbbeafb8b4cb4f1bc53a36a38a03	987b93ca247bf0faf257093de669fc67	91d7febd2b8c3e130550f66eabad8b96
17215	6f77bbbeafb8b4cb4f1bc53a36a38a03	987b93ca247bf0faf257093de669fc67	91d7febd2b8c3e130550f66eabad8b96
17216	6f77bbbeafb8b4cb4f1bc53a36a38a03	987b93ca247bf0faf257093de669fc67	91d7febd2b8c3e130550f66eabad8b96
17217	6f77bbbeafb8b4cb4f1bc53a36a38a03	987b93ca247bf0faf257093de669fc67	91d7febd2b8c3e130550f66eabad8b96
17218	c39eccac38829e5d7ba44794ae0b62e1	88e080b739370428efbb52ab36b9dd22	7aad1b278519dab6aad96427a19fb7d0
17219	c39eccac38829e5d7ba44794ae0b62e1	88e080b739370428efbb52ab36b9dd22	7aad1b278519dab6aad96427a19fb7d0
17220	c39eccac38829e5d7ba44794ae0b62e1	88e080b739370428efbb52ab36b9dd22	7aad1b278519dab6aad96427a19fb7d0
17221	c39eccac38829e5d7ba44794ae0b62e1	88e080b739370428efbb52ab36b9dd22	7aad1b278519dab6aad96427a19fb7d0
17222	c39eccac38829e5d7ba44794ae0b62e1	88e080b739370428efbb52ab36b9dd22	7aad1b278519dab6aad96427a19fb7d0
17223	b374b5779c3c1095712215ac6ae56cea	8146ae3a0f62932d62969f8f22a7939e	47af67793f9d9f2d2ce72014c726689c
17224	b56f5f6d7a3d75bc4459ab570bb2caa5	1817fc9b013112c9ad094cb555a45a75	55ec5ce14d396121108fcef293a8b77f
17225	7cbcc4971a798e4d13bb60c0e766c5bf	16cd88bf1beca8c151c292ca121c4a74	1247c32d865b9afa90e9d877a7042983
17226	98cf560bf9a5bb1b23daa16ef59ca261	d20638364cb5f2a40328e887616f7f3a	d11e7223feb58dc1807da99eab45d2f0
17227	5f3a560c7b633819eaeb2de97cdae553	1f1687c958fe981c1cc3707fd8fe3ae0	37939420e9722a074d9a4746f9b73863
17228	ddeab1bc382d14e4d4efef6f0e206e43	6bc29b2cd8295a606492edff08dac589	6a4ac8f92e90d1e11f225ebf86568375
17229	6baf50bb82135daba4d6249a74e72962	78e681599429504c115c0b4deac44493	80af8fe06579594e4a454b2061c9d607
17230	73f625bde2c5cbaab0920f23c3911d57	7779cdfde677d79878a71298d9118246	59168e2f2589e1ddb32771a13818fbd7
17231	b9d891749cce914c18590df058de869f	74d0065bacf4e73aa3eba4f1eb545c05	883ddbd17035f96e71dacff793106b71
17232	b9d891749cce914c18590df058de869f	74d0065bacf4e73aa3eba4f1eb545c05	883ddbd17035f96e71dacff793106b71
17233	0bfca59a3651fb9f948c5b7795b0fce0	e8862efc1adedada41afd5a6bcf098b5	b18c9f6407bec27aefa627233e84f434
17234	771f8341cc1b74307ce99594fdcfa527	7d2c281fe82c1b7dbae06bab35e2e5d9	b4d4c0611af8cda9d461302e2c61fba1
17235	dd88e79dd8249ff34d0da4674430307d	4f960fe07eb39470ade9ef56da43d98d	038caf5e6d3ff65296df69a9b98754c9
17236	b0f8510f1273c44fd352daf644ba466e	b1a8dcfd81263361165243259232b2d0	504d8fab5de46508a5fc4ca5c65fd6c0
17237	b9a7f3baffc8b5732553268e94aa83f5	1fc36e069dde99278b1b7b4ddee28e3e	3ebbcff817a05df14f78350915a3bd55
17238	8bf92d6aa00b84433063af4c1b314c92	e30776e37413eecc0a46353c3a9863e2	b886bab55b1fdf36ce3c578de6797dd4
17239	9ec8234b29262ce137c57bbe1268e932	bf9d3cc8f7d91ce66d75fc5577648160	7b185d068c88533bc44e3cb2615a03e9
17240	b8dc520bd31ae49f149f318f7a366c00	831a5118b1786ecb2ef1f1644c4c055f	b200f74372dc2a9a15b1430b96691a57
17241	b8dc520bd31ae49f149f318f7a366c00	831a5118b1786ecb2ef1f1644c4c055f	b200f74372dc2a9a15b1430b96691a57
17242	b8dc520bd31ae49f149f318f7a366c00	831a5118b1786ecb2ef1f1644c4c055f	b200f74372dc2a9a15b1430b96691a57
17243	b8dc520bd31ae49f149f318f7a366c00	831a5118b1786ecb2ef1f1644c4c055f	b200f74372dc2a9a15b1430b96691a57
17244	b8dc520bd31ae49f149f318f7a366c00	831a5118b1786ecb2ef1f1644c4c055f	b200f74372dc2a9a15b1430b96691a57
17245	b8dc520bd31ae49f149f318f7a366c00	831a5118b1786ecb2ef1f1644c4c055f	b200f74372dc2a9a15b1430b96691a57
17246	b8dc520bd31ae49f149f318f7a366c00	831a5118b1786ecb2ef1f1644c4c055f	b200f74372dc2a9a15b1430b96691a57
17247	c94024cca2b3a747c41d45791dc026d8	50acddefc3fa063624d9b0bab07f8c7c	fe0b471be8d5d56a2d35ad75366fee81
17248	c94024cca2b3a747c41d45791dc026d8	50acddefc3fa063624d9b0bab07f8c7c	fe0b471be8d5d56a2d35ad75366fee81
17249	c94024cca2b3a747c41d45791dc026d8	50acddefc3fa063624d9b0bab07f8c7c	fe0b471be8d5d56a2d35ad75366fee81
17250	c94024cca2b3a747c41d45791dc026d8	50acddefc3fa063624d9b0bab07f8c7c	fe0b471be8d5d56a2d35ad75366fee81
17251	c94024cca2b3a747c41d45791dc026d8	50acddefc3fa063624d9b0bab07f8c7c	fe0b471be8d5d56a2d35ad75366fee81
17252	baa64f946505bd3ca09eef22cf5ea155	d413478bfeb09dde839a52c00939318e	9fd3062035c75512b1d0cd666b56dba4
17253	baa64f946505bd3ca09eef22cf5ea155	d413478bfeb09dde839a52c00939318e	9fd3062035c75512b1d0cd666b56dba4
17254	baa64f946505bd3ca09eef22cf5ea155	d413478bfeb09dde839a52c00939318e	9fd3062035c75512b1d0cd666b56dba4
17255	47d6181ab31813cc6420e89bb710a456	395bc82c6a874696381d16e8e431d310	81fdaaaabcdfbcf273b8e2ce3638f146
17256	f69ac8e8044c02ab153a93ecb7c5d088	840f8e91eddba631e0648cdc27bcd30c	59ea8a6dd0d40869231aabdbc33d5029
17257	d49d39d045713c97edfc0b5bac98946e	c877ab71a7c3d6542ddb1f2c59e641a3	54f0c58ef4d9fc74beb21a95a799dcbc
17258	d49d39d045713c97edfc0b5bac98946e	c877ab71a7c3d6542ddb1f2c59e641a3	54f0c58ef4d9fc74beb21a95a799dcbc
17259	ae9842c70b505487bd2ec13951c961ed	40e994092f5cd0c2297013f85d2722e0	d04f0e2da240d2fce1d6be578e648985
17260	ae9842c70b505487bd2ec13951c961ed	40e994092f5cd0c2297013f85d2722e0	d04f0e2da240d2fce1d6be578e648985
17261	ae9842c70b505487bd2ec13951c961ed	40e994092f5cd0c2297013f85d2722e0	d04f0e2da240d2fce1d6be578e648985
17262	f05163a57b9f4c65b318a641da23b831	0ff3242941cc0ef194b413ea04c57e4a	ad3ecfaa0d3b48ef68f2588f3fd160b8
17263	ae9842c70b505487bd2ec13951c961ed	40e994092f5cd0c2297013f85d2722e0	d04f0e2da240d2fce1d6be578e648985
17264	558230e3cbdb47108d3230375b22fba1	82088899789a6f9d302c500a06ea0255	4f2e2d538b43833d33e1121a9c3369a6
17265	558230e3cbdb47108d3230375b22fba1	82088899789a6f9d302c500a06ea0255	4f2e2d538b43833d33e1121a9c3369a6
17266	558230e3cbdb47108d3230375b22fba1	82088899789a6f9d302c500a06ea0255	4f2e2d538b43833d33e1121a9c3369a6
17267	558230e3cbdb47108d3230375b22fba1	82088899789a6f9d302c500a06ea0255	4f2e2d538b43833d33e1121a9c3369a6
17268	558230e3cbdb47108d3230375b22fba1	82088899789a6f9d302c500a06ea0255	4f2e2d538b43833d33e1121a9c3369a6
17269	558230e3cbdb47108d3230375b22fba1	82088899789a6f9d302c500a06ea0255	4f2e2d538b43833d33e1121a9c3369a6
17270	558230e3cbdb47108d3230375b22fba1	82088899789a6f9d302c500a06ea0255	4f2e2d538b43833d33e1121a9c3369a6
17271	558230e3cbdb47108d3230375b22fba1	82088899789a6f9d302c500a06ea0255	4f2e2d538b43833d33e1121a9c3369a6
17272	558230e3cbdb47108d3230375b22fba1	82088899789a6f9d302c500a06ea0255	4f2e2d538b43833d33e1121a9c3369a6
17273	558230e3cbdb47108d3230375b22fba1	82088899789a6f9d302c500a06ea0255	4f2e2d538b43833d33e1121a9c3369a6
17274	558230e3cbdb47108d3230375b22fba1	82088899789a6f9d302c500a06ea0255	4f2e2d538b43833d33e1121a9c3369a6
17275	558230e3cbdb47108d3230375b22fba1	82088899789a6f9d302c500a06ea0255	4f2e2d538b43833d33e1121a9c3369a6
17276	c476111f16298c512b8c72de0a97cafc	f437fa1a835b1115709efae42e6e1421	69d4b7bc000fff324a10e4ba192a1559
17277	c476111f16298c512b8c72de0a97cafc	f437fa1a835b1115709efae42e6e1421	69d4b7bc000fff324a10e4ba192a1559
17278	c476111f16298c512b8c72de0a97cafc	f437fa1a835b1115709efae42e6e1421	69d4b7bc000fff324a10e4ba192a1559
17279	c476111f16298c512b8c72de0a97cafc	f437fa1a835b1115709efae42e6e1421	69d4b7bc000fff324a10e4ba192a1559
17280	c476111f16298c512b8c72de0a97cafc	f437fa1a835b1115709efae42e6e1421	69d4b7bc000fff324a10e4ba192a1559
17281	7b2e8ecc50aab23711988b46bd44e452	4838f6b793d7a2509bb39272bda53e95	466a30bedd9069913afbb4355701d026
17282	7b2e8ecc50aab23711988b46bd44e452	4838f6b793d7a2509bb39272bda53e95	466a30bedd9069913afbb4355701d026
17283	7b2e8ecc50aab23711988b46bd44e452	4838f6b793d7a2509bb39272bda53e95	466a30bedd9069913afbb4355701d026
17284	7b2e8ecc50aab23711988b46bd44e452	4838f6b793d7a2509bb39272bda53e95	466a30bedd9069913afbb4355701d026
17285	7b2e8ecc50aab23711988b46bd44e452	4838f6b793d7a2509bb39272bda53e95	466a30bedd9069913afbb4355701d026
17286	7b2e8ecc50aab23711988b46bd44e452	4838f6b793d7a2509bb39272bda53e95	466a30bedd9069913afbb4355701d026
17287	7b2e8ecc50aab23711988b46bd44e452	4838f6b793d7a2509bb39272bda53e95	466a30bedd9069913afbb4355701d026
17288	7b2e8ecc50aab23711988b46bd44e452	4838f6b793d7a2509bb39272bda53e95	466a30bedd9069913afbb4355701d026
17289	7b2e8ecc50aab23711988b46bd44e452	4838f6b793d7a2509bb39272bda53e95	466a30bedd9069913afbb4355701d026
17290	7b2e8ecc50aab23711988b46bd44e452	4838f6b793d7a2509bb39272bda53e95	466a30bedd9069913afbb4355701d026
17291	7b2e8ecc50aab23711988b46bd44e452	4838f6b793d7a2509bb39272bda53e95	466a30bedd9069913afbb4355701d026
17292	7b2e8ecc50aab23711988b46bd44e452	4838f6b793d7a2509bb39272bda53e95	466a30bedd9069913afbb4355701d026
17293	08d6952aaf30923c70a73ed17f48d949	4d4d044d10835caa95e57ec48fab7f79	02a678fa129ff904738460654afc2948
17294	08d6952aaf30923c70a73ed17f48d949	4d4d044d10835caa95e57ec48fab7f79	02a678fa129ff904738460654afc2948
17295	08d6952aaf30923c70a73ed17f48d949	4d4d044d10835caa95e57ec48fab7f79	02a678fa129ff904738460654afc2948
17296	08d6952aaf30923c70a73ed17f48d949	4d4d044d10835caa95e57ec48fab7f79	02a678fa129ff904738460654afc2948
17297	08d6952aaf30923c70a73ed17f48d949	4d4d044d10835caa95e57ec48fab7f79	02a678fa129ff904738460654afc2948
17298	08d6952aaf30923c70a73ed17f48d949	4d4d044d10835caa95e57ec48fab7f79	02a678fa129ff904738460654afc2948
17299	08d6952aaf30923c70a73ed17f48d949	4d4d044d10835caa95e57ec48fab7f79	02a678fa129ff904738460654afc2948
17300	59fce31ebe382ce1952fb2069b2d44e4	8eabb484125911d94aedf53bfc052674	79b92380ad97e4ca06437009b561789d
17301	59fce31ebe382ce1952fb2069b2d44e4	8eabb484125911d94aedf53bfc052674	79b92380ad97e4ca06437009b561789d
17302	59fce31ebe382ce1952fb2069b2d44e4	8eabb484125911d94aedf53bfc052674	79b92380ad97e4ca06437009b561789d
17303	9c358f545cffe1d56929b8e5add00f84	17eab558e3f828e99fdd24cbbae76db2	faf07b0ed14ab5507162cde082e55275
17304	9c358f545cffe1d56929b8e5add00f84	17eab558e3f828e99fdd24cbbae76db2	faf07b0ed14ab5507162cde082e55275
17305	59fce31ebe382ce1952fb2069b2d44e4	8eabb484125911d94aedf53bfc052674	79b92380ad97e4ca06437009b561789d
17306	59fce31ebe382ce1952fb2069b2d44e4	8eabb484125911d94aedf53bfc052674	79b92380ad97e4ca06437009b561789d
17307	59fce31ebe382ce1952fb2069b2d44e4	8eabb484125911d94aedf53bfc052674	79b92380ad97e4ca06437009b561789d
17308	87bec06515e9b887e4e02986ceb28e0b	4cf4cba355373485d4f7fdf856d666a2	44b697ca2a0275009ff6034ee1b150d2
17309	572a35426368b90eb3149b0cef518cbb	8636a0e9c9842cbaaa9636aa705ee54b	53ae7f30de170d92350a6aa120c71673
17310	0dea02fe396acbdd6c8068ceadb84890	324326d85a21c8f52862136af23588b8	07e8b53ed2684f8f92c2bbd4e7edc2d1
17311	0dea02fe396acbdd6c8068ceadb84890	324326d85a21c8f52862136af23588b8	07e8b53ed2684f8f92c2bbd4e7edc2d1
17312	0dea02fe396acbdd6c8068ceadb84890	324326d85a21c8f52862136af23588b8	07e8b53ed2684f8f92c2bbd4e7edc2d1
17313	0dea02fe396acbdd6c8068ceadb84890	324326d85a21c8f52862136af23588b8	07e8b53ed2684f8f92c2bbd4e7edc2d1
17314	0dea02fe396acbdd6c8068ceadb84890	324326d85a21c8f52862136af23588b8	07e8b53ed2684f8f92c2bbd4e7edc2d1
17315	0dea02fe396acbdd6c8068ceadb84890	324326d85a21c8f52862136af23588b8	07e8b53ed2684f8f92c2bbd4e7edc2d1
17316	0dea02fe396acbdd6c8068ceadb84890	324326d85a21c8f52862136af23588b8	07e8b53ed2684f8f92c2bbd4e7edc2d1
17317	d44b2be077e1ceff8077bd4e303eb8f7	8baeb90a54c0b6e7bfa7d4786ef379ee	4fb756f6bfaaf980d26f5cdc3fffe910
17318	af81fe624ddda9fedd2fbb512abf3ddd	e8043293e7591243009f238913961049	df34cfc6b407d96c4f298dfc50bab3c6
17319	d9de974e6170051136e87302c643a84e	f69a2fe37dba5063ab42c220f1b5b353	33a279f5a30437b7b34a5df74608c55b
17320	7ab12f76aedfecbf1d015ea75ef7747c	60316c18dfc7b734eeb3032db04e7321	4e8378936cc93983b885d0912d7a6c2d
17321	75a1e8b154ce95df5238f2912e144603	a552280f7735fec3804c9d80b26e24ad	5494a1a4f5de576a9d604e9f0c0c3f87
17322	76d01353afd24405736836773ab02add	819dd80605894673751b092b5129fcb6	bbd791fd322b7d710ec6a36dddb053e8
17323	76d01353afd24405736836773ab02add	819dd80605894673751b092b5129fcb6	bbd791fd322b7d710ec6a36dddb053e8
17324	76d01353afd24405736836773ab02add	819dd80605894673751b092b5129fcb6	bbd791fd322b7d710ec6a36dddb053e8
17325	76d01353afd24405736836773ab02add	819dd80605894673751b092b5129fcb6	bbd791fd322b7d710ec6a36dddb053e8
17326	76d01353afd24405736836773ab02add	819dd80605894673751b092b5129fcb6	bbd791fd322b7d710ec6a36dddb053e8
17327	76d01353afd24405736836773ab02add	819dd80605894673751b092b5129fcb6	bbd791fd322b7d710ec6a36dddb053e8
17328	76d01353afd24405736836773ab02add	819dd80605894673751b092b5129fcb6	bbd791fd322b7d710ec6a36dddb053e8
17329	76d01353afd24405736836773ab02add	819dd80605894673751b092b5129fcb6	bbd791fd322b7d710ec6a36dddb053e8
17330	76d01353afd24405736836773ab02add	819dd80605894673751b092b5129fcb6	bbd791fd322b7d710ec6a36dddb053e8
17331	76d01353afd24405736836773ab02add	819dd80605894673751b092b5129fcb6	bbd791fd322b7d710ec6a36dddb053e8
17332	76d01353afd24405736836773ab02add	819dd80605894673751b092b5129fcb6	bbd791fd322b7d710ec6a36dddb053e8
17333	76d01353afd24405736836773ab02add	819dd80605894673751b092b5129fcb6	bbd791fd322b7d710ec6a36dddb053e8
17334	76d01353afd24405736836773ab02add	819dd80605894673751b092b5129fcb6	bbd791fd322b7d710ec6a36dddb053e8
17335	76d01353afd24405736836773ab02add	819dd80605894673751b092b5129fcb6	bbd791fd322b7d710ec6a36dddb053e8
17336	76d01353afd24405736836773ab02add	819dd80605894673751b092b5129fcb6	bbd791fd322b7d710ec6a36dddb053e8
17337	76d01353afd24405736836773ab02add	819dd80605894673751b092b5129fcb6	bbd791fd322b7d710ec6a36dddb053e8
17338	76d01353afd24405736836773ab02add	819dd80605894673751b092b5129fcb6	bbd791fd322b7d710ec6a36dddb053e8
17339	19fb16fb83b21628de644631e6e23ea7	4a3d96049defd0a652408a4a48daa04f	21f9c11f4cd3c3188225f2138a29b919
17340	19fb16fb83b21628de644631e6e23ea7	4a3d96049defd0a652408a4a48daa04f	21f9c11f4cd3c3188225f2138a29b919
17341	19fb16fb83b21628de644631e6e23ea7	4a3d96049defd0a652408a4a48daa04f	21f9c11f4cd3c3188225f2138a29b919
17342	19fb16fb83b21628de644631e6e23ea7	4a3d96049defd0a652408a4a48daa04f	21f9c11f4cd3c3188225f2138a29b919
17343	19fb16fb83b21628de644631e6e23ea7	4a3d96049defd0a652408a4a48daa04f	21f9c11f4cd3c3188225f2138a29b919
17344	19fb16fb83b21628de644631e6e23ea7	4a3d96049defd0a652408a4a48daa04f	21f9c11f4cd3c3188225f2138a29b919
17345	19fb16fb83b21628de644631e6e23ea7	4a3d96049defd0a652408a4a48daa04f	21f9c11f4cd3c3188225f2138a29b919
17346	e46c76e4ca52fe4c22271e7ccc9d7d32	d96347fdcdbeef9ba7b3793ef5707f38	92edbd4ecbda46b619d01e5b614d6dbb
17347	e46c76e4ca52fe4c22271e7ccc9d7d32	d96347fdcdbeef9ba7b3793ef5707f38	92edbd4ecbda46b619d01e5b614d6dbb
17348	e46c76e4ca52fe4c22271e7ccc9d7d32	d96347fdcdbeef9ba7b3793ef5707f38	92edbd4ecbda46b619d01e5b614d6dbb
17349	e46c76e4ca52fe4c22271e7ccc9d7d32	d96347fdcdbeef9ba7b3793ef5707f38	92edbd4ecbda46b619d01e5b614d6dbb
17350	e46c76e4ca52fe4c22271e7ccc9d7d32	d96347fdcdbeef9ba7b3793ef5707f38	92edbd4ecbda46b619d01e5b614d6dbb
17351	e133ad233c5ea8680775e852ee50a755	5011e720202949a853394b0e3e40bdd1	4008bc46daa5b3b8107cf5830bb9cbce
17352	e133ad233c5ea8680775e852ee50a755	5011e720202949a853394b0e3e40bdd1	4008bc46daa5b3b8107cf5830bb9cbce
17353	e133ad233c5ea8680775e852ee50a755	5011e720202949a853394b0e3e40bdd1	4008bc46daa5b3b8107cf5830bb9cbce
17354	e133ad233c5ea8680775e852ee50a755	5011e720202949a853394b0e3e40bdd1	4008bc46daa5b3b8107cf5830bb9cbce
17355	e133ad233c5ea8680775e852ee50a755	5011e720202949a853394b0e3e40bdd1	4008bc46daa5b3b8107cf5830bb9cbce
17356	e133ad233c5ea8680775e852ee50a755	5011e720202949a853394b0e3e40bdd1	4008bc46daa5b3b8107cf5830bb9cbce
17357	e133ad233c5ea8680775e852ee50a755	5011e720202949a853394b0e3e40bdd1	4008bc46daa5b3b8107cf5830bb9cbce
17358	26ffc134e1a292bf48ae9ba6feebb04f	27a83194a5cdf531c58e661fb36f60e4	274a16eecb8d0f24b449a4181aba9745
17359	26ffc134e1a292bf48ae9ba6feebb04f	27a83194a5cdf531c58e661fb36f60e4	274a16eecb8d0f24b449a4181aba9745
17360	26ffc134e1a292bf48ae9ba6feebb04f	27a83194a5cdf531c58e661fb36f60e4	274a16eecb8d0f24b449a4181aba9745
17361	26ffc134e1a292bf48ae9ba6feebb04f	27a83194a5cdf531c58e661fb36f60e4	274a16eecb8d0f24b449a4181aba9745
17362	26ffc134e1a292bf48ae9ba6feebb04f	27a83194a5cdf531c58e661fb36f60e4	274a16eecb8d0f24b449a4181aba9745
17363	9c7b16644524734f58ac5e8cc6890088	7181e68104613958ff608729ee736c7e	4f94f9a23ddabef3eb77fb1b2dd6634a
17364	9c7b16644524734f58ac5e8cc6890088	7181e68104613958ff608729ee736c7e	4f94f9a23ddabef3eb77fb1b2dd6634a
17365	9c7b16644524734f58ac5e8cc6890088	7181e68104613958ff608729ee736c7e	4f94f9a23ddabef3eb77fb1b2dd6634a
17366	9c7b16644524734f58ac5e8cc6890088	7181e68104613958ff608729ee736c7e	4f94f9a23ddabef3eb77fb1b2dd6634a
17367	9c7b16644524734f58ac5e8cc6890088	7181e68104613958ff608729ee736c7e	4f94f9a23ddabef3eb77fb1b2dd6634a
17368	9c7b16644524734f58ac5e8cc6890088	7181e68104613958ff608729ee736c7e	4f94f9a23ddabef3eb77fb1b2dd6634a
17369	9c7b16644524734f58ac5e8cc6890088	7181e68104613958ff608729ee736c7e	4f94f9a23ddabef3eb77fb1b2dd6634a
17370	b5950419dfb6e01339a876f5436dbb8a	a4d2ede246ac074f42fb15561c2ee1c6	08b4ff907075b7ade2c8e884a206f33e
17371	b5950419dfb6e01339a876f5436dbb8a	a4d2ede246ac074f42fb15561c2ee1c6	08b4ff907075b7ade2c8e884a206f33e
17372	b5950419dfb6e01339a876f5436dbb8a	a4d2ede246ac074f42fb15561c2ee1c6	08b4ff907075b7ade2c8e884a206f33e
17373	b5950419dfb6e01339a876f5436dbb8a	a4d2ede246ac074f42fb15561c2ee1c6	08b4ff907075b7ade2c8e884a206f33e
17374	b5950419dfb6e01339a876f5436dbb8a	a4d2ede246ac074f42fb15561c2ee1c6	08b4ff907075b7ade2c8e884a206f33e
17375	feb2b11b644805c453684c27ecacb4d7	5c4e5597fa4cc7a382543173163156f7	5d99bf0a1e868ac3894553fc401b7846
17376	feb2b11b644805c453684c27ecacb4d7	5c4e5597fa4cc7a382543173163156f7	5d99bf0a1e868ac3894553fc401b7846
17377	feb2b11b644805c453684c27ecacb4d7	5c4e5597fa4cc7a382543173163156f7	5d99bf0a1e868ac3894553fc401b7846
17378	248371eb72fb5f849327a06bcdb7de7e	3cbf6ed1952dc6547142417c693dd69f	b03526889528e7615987896e580b2484
17379	0b407805ec00fa7461c81832ecde9904	cfeb5a511ec0b40160bca405e0f81ccc	4d1e8955ca7a0c90303078d8c4cb20cc
17380	1879f0fede2410a6e33dc81ca24b1e65	dde20e0037bf26b215f76c9e1b50aa51	fc353932b927c1a05fbd0b7d1f1b7256
17381	1879f0fede2410a6e33dc81ca24b1e65	dde20e0037bf26b215f76c9e1b50aa51	fc353932b927c1a05fbd0b7d1f1b7256
17382	1879f0fede2410a6e33dc81ca24b1e65	dde20e0037bf26b215f76c9e1b50aa51	fc353932b927c1a05fbd0b7d1f1b7256
17383	2ca7b072388fc44dd228bd5bfe0cfba7	187a030839eae079278a58a4006894e5	7c5e638728893b36cb3f02d45bfa00a4
17384	2ca7b072388fc44dd228bd5bfe0cfba7	187a030839eae079278a58a4006894e5	7c5e638728893b36cb3f02d45bfa00a4
17385	7b4e28bd2d827c0d256cd81d73397e67	2d69d781b52e668c7a0601e21038fd20	7e1513f9a66785d1cc4931b60f3f3030
17386	7b4e28bd2d827c0d256cd81d73397e67	2d69d781b52e668c7a0601e21038fd20	7e1513f9a66785d1cc4931b60f3f3030
17387	10b81386ac6a0dc01bc46e379d42285d	c4d45f95475ea943238583f616872cba	851b3c39d07739a9e1872d7cb7ed8828
17388	10b81386ac6a0dc01bc46e379d42285d	c4d45f95475ea943238583f616872cba	851b3c39d07739a9e1872d7cb7ed8828
17389	10b81386ac6a0dc01bc46e379d42285d	c4d45f95475ea943238583f616872cba	851b3c39d07739a9e1872d7cb7ed8828
17390	10b81386ac6a0dc01bc46e379d42285d	c4d45f95475ea943238583f616872cba	851b3c39d07739a9e1872d7cb7ed8828
17391	10b81386ac6a0dc01bc46e379d42285d	c4d45f95475ea943238583f616872cba	851b3c39d07739a9e1872d7cb7ed8828
17392	e407d7691fda976921cd280d79f17472	d9f1391fcae8de9d4d74c8c4e4c29b39	e72322f832bed7249d8fd075faf433a3
17393	e407d7691fda976921cd280d79f17472	d9f1391fcae8de9d4d74c8c4e4c29b39	e72322f832bed7249d8fd075faf433a3
17394	e407d7691fda976921cd280d79f17472	d9f1391fcae8de9d4d74c8c4e4c29b39	e72322f832bed7249d8fd075faf433a3
17395	e407d7691fda976921cd280d79f17472	d9f1391fcae8de9d4d74c8c4e4c29b39	e72322f832bed7249d8fd075faf433a3
17396	e407d7691fda976921cd280d79f17472	d9f1391fcae8de9d4d74c8c4e4c29b39	e72322f832bed7249d8fd075faf433a3
17397	e407d7691fda976921cd280d79f17472	d9f1391fcae8de9d4d74c8c4e4c29b39	e72322f832bed7249d8fd075faf433a3
17398	e407d7691fda976921cd280d79f17472	d9f1391fcae8de9d4d74c8c4e4c29b39	e72322f832bed7249d8fd075faf433a3
17399	3e42b6796a328215ccc1696c80d95968	ba3b89536e998591631af5b6201c9afa	7238d89392b331f9ac79d2ea9ad74ef5
17400	3e42b6796a328215ccc1696c80d95968	ba3b89536e998591631af5b6201c9afa	7238d89392b331f9ac79d2ea9ad74ef5
17401	3e42b6796a328215ccc1696c80d95968	ba3b89536e998591631af5b6201c9afa	7238d89392b331f9ac79d2ea9ad74ef5
17402	3e42b6796a328215ccc1696c80d95968	ba3b89536e998591631af5b6201c9afa	7238d89392b331f9ac79d2ea9ad74ef5
17403	3e42b6796a328215ccc1696c80d95968	ba3b89536e998591631af5b6201c9afa	7238d89392b331f9ac79d2ea9ad74ef5
17404	3e42b6796a328215ccc1696c80d95968	ba3b89536e998591631af5b6201c9afa	7238d89392b331f9ac79d2ea9ad74ef5
17405	3e42b6796a328215ccc1696c80d95968	ba3b89536e998591631af5b6201c9afa	7238d89392b331f9ac79d2ea9ad74ef5
17406	3e42b6796a328215ccc1696c80d95968	ba3b89536e998591631af5b6201c9afa	7238d89392b331f9ac79d2ea9ad74ef5
17407	3e42b6796a328215ccc1696c80d95968	ba3b89536e998591631af5b6201c9afa	7238d89392b331f9ac79d2ea9ad74ef5
17408	3e42b6796a328215ccc1696c80d95968	ba3b89536e998591631af5b6201c9afa	7238d89392b331f9ac79d2ea9ad74ef5
17409	d720de8d2ba51292079bf07069f72d05	21ffcb1b8611913c623ab4a4719dc68c	840c3f5242056a5e6e096623ac55dbb8
17410	d720de8d2ba51292079bf07069f72d05	21ffcb1b8611913c623ab4a4719dc68c	840c3f5242056a5e6e096623ac55dbb8
17411	d720de8d2ba51292079bf07069f72d05	21ffcb1b8611913c623ab4a4719dc68c	840c3f5242056a5e6e096623ac55dbb8
17412	d720de8d2ba51292079bf07069f72d05	21ffcb1b8611913c623ab4a4719dc68c	840c3f5242056a5e6e096623ac55dbb8
17413	d720de8d2ba51292079bf07069f72d05	21ffcb1b8611913c623ab4a4719dc68c	840c3f5242056a5e6e096623ac55dbb8
17414	d720de8d2ba51292079bf07069f72d05	21ffcb1b8611913c623ab4a4719dc68c	840c3f5242056a5e6e096623ac55dbb8
17415	d720de8d2ba51292079bf07069f72d05	21ffcb1b8611913c623ab4a4719dc68c	840c3f5242056a5e6e096623ac55dbb8
17416	0d2c80d8e3d4e6a1a22e34ba49be51a6	78bce6a7fe4c767e62ae250df242fb82	c7b81cdd8285acdbdf2138402bb67be8
17417	0d2c80d8e3d4e6a1a22e34ba49be51a6	78bce6a7fe4c767e62ae250df242fb82	c7b81cdd8285acdbdf2138402bb67be8
17418	0d2c80d8e3d4e6a1a22e34ba49be51a6	78bce6a7fe4c767e62ae250df242fb82	c7b81cdd8285acdbdf2138402bb67be8
17419	60a8402af9eb263b6f50b5ec8c606273	57c5dff34b5a8241160f3b538078fe0e	2e82b06353cec3c7ae94254929da45ed
17420	ca10064ac2c7f312493adfadfb5ac673	5bef590c803de37d322e6cc9cca2752d	4776e76f3a846caaa2a28a76543c3101
17421	9cf5fc08c84e7577d1749f4cce159f14	1bb47aed638e1173aab9691f77d6bc32	969742ea3e7dae47a40c7eecc09ce4b3
17422	9cf5fc08c84e7577d1749f4cce159f14	1bb47aed638e1173aab9691f77d6bc32	969742ea3e7dae47a40c7eecc09ce4b3
17423	9cf5fc08c84e7577d1749f4cce159f14	1bb47aed638e1173aab9691f77d6bc32	969742ea3e7dae47a40c7eecc09ce4b3
17424	9cf5fc08c84e7577d1749f4cce159f14	1bb47aed638e1173aab9691f77d6bc32	969742ea3e7dae47a40c7eecc09ce4b3
17425	89d8446a86ae403c16613e7535a396e7	58b3d965fd545cadee2f6cb6fb5f2a89	b1429037725660b0c195ab2bc769dbbf
17426	9cf5fc08c84e7577d1749f4cce159f14	1bb47aed638e1173aab9691f77d6bc32	969742ea3e7dae47a40c7eecc09ce4b3
17427	9cf5fc08c84e7577d1749f4cce159f14	1bb47aed638e1173aab9691f77d6bc32	969742ea3e7dae47a40c7eecc09ce4b3
17428	68385be640fa90f254b8ab8892a18293	d8c039f35344b6a66df355fc79605968	653fbc51a20e79b7fbdd9414fb51bc0d
17429	70bdf1fe50c74bcb6ac2316a1e7046b6	d12680ef68c04f3aa7eb5772aaa09235	a869ac2c21987cfbb7848fdaea396c1f
17430	68385be640fa90f254b8ab8892a18293	d8c039f35344b6a66df355fc79605968	653fbc51a20e79b7fbdd9414fb51bc0d
17431	68385be640fa90f254b8ab8892a18293	d8c039f35344b6a66df355fc79605968	653fbc51a20e79b7fbdd9414fb51bc0d
17432	68385be640fa90f254b8ab8892a18293	d8c039f35344b6a66df355fc79605968	653fbc51a20e79b7fbdd9414fb51bc0d
17433	693edb55d150ddbf4af13a59374ea667	b1750ab56efd3fcc5777b1d2d22b42d7	1b1c2aabf21d2281c82b3393536a81fb
17434	693edb55d150ddbf4af13a59374ea667	b1750ab56efd3fcc5777b1d2d22b42d7	1b1c2aabf21d2281c82b3393536a81fb
17435	693edb55d150ddbf4af13a59374ea667	b1750ab56efd3fcc5777b1d2d22b42d7	1b1c2aabf21d2281c82b3393536a81fb
17436	693edb55d150ddbf4af13a59374ea667	b1750ab56efd3fcc5777b1d2d22b42d7	1b1c2aabf21d2281c82b3393536a81fb
17437	693edb55d150ddbf4af13a59374ea667	b1750ab56efd3fcc5777b1d2d22b42d7	1b1c2aabf21d2281c82b3393536a81fb
17438	693edb55d150ddbf4af13a59374ea667	b1750ab56efd3fcc5777b1d2d22b42d7	1b1c2aabf21d2281c82b3393536a81fb
17439	693edb55d150ddbf4af13a59374ea667	b1750ab56efd3fcc5777b1d2d22b42d7	1b1c2aabf21d2281c82b3393536a81fb
17440	693edb55d150ddbf4af13a59374ea667	b1750ab56efd3fcc5777b1d2d22b42d7	1b1c2aabf21d2281c82b3393536a81fb
17441	693edb55d150ddbf4af13a59374ea667	b1750ab56efd3fcc5777b1d2d22b42d7	1b1c2aabf21d2281c82b3393536a81fb
17442	693edb55d150ddbf4af13a59374ea667	b1750ab56efd3fcc5777b1d2d22b42d7	1b1c2aabf21d2281c82b3393536a81fb
17443	693edb55d150ddbf4af13a59374ea667	b1750ab56efd3fcc5777b1d2d22b42d7	1b1c2aabf21d2281c82b3393536a81fb
17444	693edb55d150ddbf4af13a59374ea667	b1750ab56efd3fcc5777b1d2d22b42d7	1b1c2aabf21d2281c82b3393536a81fb
17445	693edb55d150ddbf4af13a59374ea667	b1750ab56efd3fcc5777b1d2d22b42d7	1b1c2aabf21d2281c82b3393536a81fb
17446	693edb55d150ddbf4af13a59374ea667	b1750ab56efd3fcc5777b1d2d22b42d7	1b1c2aabf21d2281c82b3393536a81fb
17447	693edb55d150ddbf4af13a59374ea667	b1750ab56efd3fcc5777b1d2d22b42d7	1b1c2aabf21d2281c82b3393536a81fb
17448	693edb55d150ddbf4af13a59374ea667	b1750ab56efd3fcc5777b1d2d22b42d7	1b1c2aabf21d2281c82b3393536a81fb
17449	693edb55d150ddbf4af13a59374ea667	b1750ab56efd3fcc5777b1d2d22b42d7	1b1c2aabf21d2281c82b3393536a81fb
17450	5658eec5464a0ebcea1a3b18a97161ee	b312bededf8eeb8b32213ecd1a862dfe	63f2ce5385b0d77d54eb2244b80042b0
17451	5658eec5464a0ebcea1a3b18a97161ee	b312bededf8eeb8b32213ecd1a862dfe	63f2ce5385b0d77d54eb2244b80042b0
17452	5658eec5464a0ebcea1a3b18a97161ee	b312bededf8eeb8b32213ecd1a862dfe	63f2ce5385b0d77d54eb2244b80042b0
17453	5658eec5464a0ebcea1a3b18a97161ee	b312bededf8eeb8b32213ecd1a862dfe	63f2ce5385b0d77d54eb2244b80042b0
17454	5658eec5464a0ebcea1a3b18a97161ee	b312bededf8eeb8b32213ecd1a862dfe	63f2ce5385b0d77d54eb2244b80042b0
17455	5658eec5464a0ebcea1a3b18a97161ee	b312bededf8eeb8b32213ecd1a862dfe	63f2ce5385b0d77d54eb2244b80042b0
17456	5658eec5464a0ebcea1a3b18a97161ee	b312bededf8eeb8b32213ecd1a862dfe	63f2ce5385b0d77d54eb2244b80042b0
17457	21588bd6eb5a2b8caf99c8a8d93cff9b	321a905333c52c5740a6ac05889b53ea	4bc4416f9fe05fa8dbe1b402a4a3d567
17458	21588bd6eb5a2b8caf99c8a8d93cff9b	321a905333c52c5740a6ac05889b53ea	4bc4416f9fe05fa8dbe1b402a4a3d567
17459	21588bd6eb5a2b8caf99c8a8d93cff9b	321a905333c52c5740a6ac05889b53ea	4bc4416f9fe05fa8dbe1b402a4a3d567
17460	21588bd6eb5a2b8caf99c8a8d93cff9b	321a905333c52c5740a6ac05889b53ea	4bc4416f9fe05fa8dbe1b402a4a3d567
17461	21588bd6eb5a2b8caf99c8a8d93cff9b	321a905333c52c5740a6ac05889b53ea	4bc4416f9fe05fa8dbe1b402a4a3d567
17462	3b646f6162623473d058e5905f1980be	8253f6f48d12d6fd06271a6a914e3bf5	c1629841c30298c45bff1daa3b0213e4
17463	3b646f6162623473d058e5905f1980be	8253f6f48d12d6fd06271a6a914e3bf5	c1629841c30298c45bff1daa3b0213e4
17464	3b646f6162623473d058e5905f1980be	8253f6f48d12d6fd06271a6a914e3bf5	c1629841c30298c45bff1daa3b0213e4
17465	8a5e3ca6fddff89cb90afef6e321a7d4	64f96c98a57f116fdcdca78a2d8d108d	9a24a19791e19cbc8e12000556472f84
17466	8a5e3ca6fddff89cb90afef6e321a7d4	64f96c98a57f116fdcdca78a2d8d108d	9a24a19791e19cbc8e12000556472f84
17467	8a5e3ca6fddff89cb90afef6e321a7d4	64f96c98a57f116fdcdca78a2d8d108d	9a24a19791e19cbc8e12000556472f84
17468	8a5e3ca6fddff89cb90afef6e321a7d4	64f96c98a57f116fdcdca78a2d8d108d	9a24a19791e19cbc8e12000556472f84
17469	7955be9cb7a18ae81b4b3388b11ddc3d	414149c11a97fa1e891d3270d0e043e8	e991b502e92a3cbb5096c1e16dd6299f
17470	7955be9cb7a18ae81b4b3388b11ddc3d	414149c11a97fa1e891d3270d0e043e8	e991b502e92a3cbb5096c1e16dd6299f
17471	7955be9cb7a18ae81b4b3388b11ddc3d	414149c11a97fa1e891d3270d0e043e8	e991b502e92a3cbb5096c1e16dd6299f
17472	7955be9cb7a18ae81b4b3388b11ddc3d	414149c11a97fa1e891d3270d0e043e8	e991b502e92a3cbb5096c1e16dd6299f
17473	7955be9cb7a18ae81b4b3388b11ddc3d	414149c11a97fa1e891d3270d0e043e8	e991b502e92a3cbb5096c1e16dd6299f
17474	07414d364991e78d991940923401c7f8	04eba183088691b54b24434265b7ac48	fe79162b11a940923501700b61a74422
17475	07414d364991e78d991940923401c7f8	04eba183088691b54b24434265b7ac48	fe79162b11a940923501700b61a74422
17476	07414d364991e78d991940923401c7f8	04eba183088691b54b24434265b7ac48	fe79162b11a940923501700b61a74422
17477	07414d364991e78d991940923401c7f8	04eba183088691b54b24434265b7ac48	fe79162b11a940923501700b61a74422
17478	3b8ceb185c64623dc46d2a6a7f4727f1	a284bae9170283594b4c525997513c21	b8b4136dc6557ea6dece17aaef95eec0
17479	e8ed76d2ca3d524a90d139bf5cb183c4	480ad8786bdfeee149430bc1b0c8ae55	1447b4c6cdd71cd95d74aa6963b7ca23
17480	e8ed76d2ca3d524a90d139bf5cb183c4	480ad8786bdfeee149430bc1b0c8ae55	1447b4c6cdd71cd95d74aa6963b7ca23
17481	e8ed76d2ca3d524a90d139bf5cb183c4	480ad8786bdfeee149430bc1b0c8ae55	1447b4c6cdd71cd95d74aa6963b7ca23
17482	e8ed76d2ca3d524a90d139bf5cb183c4	480ad8786bdfeee149430bc1b0c8ae55	1447b4c6cdd71cd95d74aa6963b7ca23
17483	e8ed76d2ca3d524a90d139bf5cb183c4	480ad8786bdfeee149430bc1b0c8ae55	1447b4c6cdd71cd95d74aa6963b7ca23
17484	e8ed76d2ca3d524a90d139bf5cb183c4	480ad8786bdfeee149430bc1b0c8ae55	1447b4c6cdd71cd95d74aa6963b7ca23
17485	e8ed76d2ca3d524a90d139bf5cb183c4	480ad8786bdfeee149430bc1b0c8ae55	1447b4c6cdd71cd95d74aa6963b7ca23
17486	f835c1b92a19e57091c5fccfb537a07c	a568de465cf714083978b2824a907715	d974bb8db4afdf658afc0a7eb651057f
17487	f835c1b92a19e57091c5fccfb537a07c	a568de465cf714083978b2824a907715	d974bb8db4afdf658afc0a7eb651057f
17488	f835c1b92a19e57091c5fccfb537a07c	a568de465cf714083978b2824a907715	d974bb8db4afdf658afc0a7eb651057f
17489	f835c1b92a19e57091c5fccfb537a07c	a568de465cf714083978b2824a907715	d974bb8db4afdf658afc0a7eb651057f
17490	82e460cd8684a163693430afdb549223	62157a5f01da2e4b8483508421cc7718	93758bebff114b2a443d9f0c1047da3b
17491	d2499b21078f26151aa23c51a1b36556	4e1e088d6a4023d008ab69054d4012a4	3357bcf36ef9168014481a8b5f348578
17492	d2499b21078f26151aa23c51a1b36556	4e1e088d6a4023d008ab69054d4012a4	3357bcf36ef9168014481a8b5f348578
17493	d2499b21078f26151aa23c51a1b36556	4e1e088d6a4023d008ab69054d4012a4	3357bcf36ef9168014481a8b5f348578
17494	d2499b21078f26151aa23c51a1b36556	4e1e088d6a4023d008ab69054d4012a4	3357bcf36ef9168014481a8b5f348578
17495	d2499b21078f26151aa23c51a1b36556	4e1e088d6a4023d008ab69054d4012a4	3357bcf36ef9168014481a8b5f348578
17496	d2499b21078f26151aa23c51a1b36556	4e1e088d6a4023d008ab69054d4012a4	3357bcf36ef9168014481a8b5f348578
17497	d2499b21078f26151aa23c51a1b36556	4e1e088d6a4023d008ab69054d4012a4	3357bcf36ef9168014481a8b5f348578
17498	4796611f038e48a06a356e8b9fefac01	784c065584742ed504c40be543d4ccb6	6bfbc2ac539e79e8ee6679f588b9e5c2
17499	4796611f038e48a06a356e8b9fefac01	784c065584742ed504c40be543d4ccb6	6bfbc2ac539e79e8ee6679f588b9e5c2
17500	4796611f038e48a06a356e8b9fefac01	784c065584742ed504c40be543d4ccb6	6bfbc2ac539e79e8ee6679f588b9e5c2
17501	4796611f038e48a06a356e8b9fefac01	784c065584742ed504c40be543d4ccb6	6bfbc2ac539e79e8ee6679f588b9e5c2
17502	4796611f038e48a06a356e8b9fefac01	784c065584742ed504c40be543d4ccb6	6bfbc2ac539e79e8ee6679f588b9e5c2
17503	6c5c18ba541108111c45f3c0063640d4	09b1eecf96d1a62bf855e950c53d3810	dcfc8afdb02497a3af402f92214480c8
17504	6c5c18ba541108111c45f3c0063640d4	09b1eecf96d1a62bf855e950c53d3810	dcfc8afdb02497a3af402f92214480c8
17505	6c5c18ba541108111c45f3c0063640d4	09b1eecf96d1a62bf855e950c53d3810	dcfc8afdb02497a3af402f92214480c8
17506	6c5c18ba541108111c45f3c0063640d4	09b1eecf96d1a62bf855e950c53d3810	dcfc8afdb02497a3af402f92214480c8
17507	6c5c18ba541108111c45f3c0063640d4	09b1eecf96d1a62bf855e950c53d3810	dcfc8afdb02497a3af402f92214480c8
17508	6c5c18ba541108111c45f3c0063640d4	09b1eecf96d1a62bf855e950c53d3810	dcfc8afdb02497a3af402f92214480c8
17509	6c5c18ba541108111c45f3c0063640d4	09b1eecf96d1a62bf855e950c53d3810	dcfc8afdb02497a3af402f92214480c8
17510	2bb0d2aab98f5b4e0dcb271263064241	2a2edd7ce5351d5f017f67145b167939	04479861b632b2ee1ce56b266b38724e
17511	2bb0d2aab98f5b4e0dcb271263064241	2a2edd7ce5351d5f017f67145b167939	04479861b632b2ee1ce56b266b38724e
17512	2bb0d2aab98f5b4e0dcb271263064241	2a2edd7ce5351d5f017f67145b167939	04479861b632b2ee1ce56b266b38724e
17513	2bb0d2aab98f5b4e0dcb271263064241	2a2edd7ce5351d5f017f67145b167939	04479861b632b2ee1ce56b266b38724e
17514	2bb0d2aab98f5b4e0dcb271263064241	2a2edd7ce5351d5f017f67145b167939	04479861b632b2ee1ce56b266b38724e
17515	f91197279e7d0db310746e0f1f895f81	4557cf047196b9757abcbd5368076dcd	7ce49fb921e5eb34d3ef92257bfac2cd
17516	f91197279e7d0db310746e0f1f895f81	4557cf047196b9757abcbd5368076dcd	7ce49fb921e5eb34d3ef92257bfac2cd
17517	f91197279e7d0db310746e0f1f895f81	4557cf047196b9757abcbd5368076dcd	7ce49fb921e5eb34d3ef92257bfac2cd
17518	f91197279e7d0db310746e0f1f895f81	4557cf047196b9757abcbd5368076dcd	7ce49fb921e5eb34d3ef92257bfac2cd
17519	f91197279e7d0db310746e0f1f895f81	4557cf047196b9757abcbd5368076dcd	7ce49fb921e5eb34d3ef92257bfac2cd
17520	740c8104029568d794a8c7d9dceb68ec	c54236b0d137396b32ecd089f7e140a4	9765a73c01cb2267c1a402d2ee8d3bfe
17521	740c8104029568d794a8c7d9dceb68ec	c54236b0d137396b32ecd089f7e140a4	9765a73c01cb2267c1a402d2ee8d3bfe
17522	740c8104029568d794a8c7d9dceb68ec	c54236b0d137396b32ecd089f7e140a4	9765a73c01cb2267c1a402d2ee8d3bfe
17523