# rank	legacy	wide	full
39434	ef1c84274d0fc58fccb1933b0bfa717f	7887db335f6bad333cfc5dc77c73c8e1	a372a37f555563c0725dcc8c760d1913
39435	ef1c84274d0fc58fccb1933b0bfa717f	7887db335f6bad333cfc5dc77c73c8e1	a372a37f555563c0725dcc8c760d1913
39436	21588bd6eb5a2b8caf99c8a8d93cff9b	321a905333c52c5740a6ac05889b53ea	4bc4416f9fe05fa8dbe1b402a4a3d567
39437	21588bd6eb5a2b8caf99c8a8d93cff9b	321a905333c52c5740a6ac05889b53ea	4bc4416f9fe05fa8dbe1b402a4a3d567
39438	21588bd6eb5a2b8caf99c8a8d93cff9b	321a905333c52c5740a6ac05889b53ea	4bc4416f9fe05fa8dbe1b402a4a3d567
39439	21588bd6eb5a2b8caf99c8a8d93cff9b	321a905333c52c5740a6ac05889b53ea	4bc4416f9fe05fa8dbe1b402a4a3d567
39440	21588bd6eb5a2b8caf99c8a8d93cff9b	321a905333c52c5740a6ac05889b53ea	4bc4416f9fe05fa8dbe1b402a4a3d567
39441	3b646f6162623473d058e5905f1980be	8253f6f48d12d6fd06271a6a914e3bf5	c1629841c30298c45bff1daa3b0213e4
39442	3b646f6162623473d058e5905f1980be	8253f6f48d12d6fd06271a6a914e3bf5	c1629841c30298c45bff1daa3b0213e4
39443	3b646f6162623473d058e5905f1980be	8253f6f48d12d6fd06271a6a914e3bf5	c1629841c30298c45bff1daa3b0213e4
39444	8a5e3ca6fddff89cb90afef6e321a7d4	64f96c98a57f116fdcdca78a2d8d108d	9a24a19791e19cbc8e12000556472f84
39445	8a5e3ca6fddff89cb90afef6e321a7d4	64f96c98a57f116fdcdca78a2d8d108d	9a24a19791e19cbc8e12000556472f84
39446	8a5e3ca6fddff89cb90afef6e321a7d4	64f96c98a57f116fdcdca78a2d8d108d	9a24a19791e19cbc8e12000556472f84
39447	8a5e3ca6fddff89cb90afef6e321a7d4	64f96c98a57f116fdcdca78a2d8d108d	9a24a19791e19cbc8e12000556472f84
39448	7955be9cb7a18ae81b4b3388b11ddc3d	414149c11a97fa1e891d3270d0e043e8	e991b502e92a3cbb5096c1e16dd6299f
39449	7955be9cb7a18ae81b4b3388b11ddc3d	414149c11a97fa1e891d3270d0e043e8	e991b502e92a3cbb5096c1e16dd6299f
39450	7955be9cb7a18ae81b4b3388b11ddc3d	414149c11a97fa1e891d3270d0e043e8	e991b502e92a3cbb5096c1e16dd6299f
39451	7955be9cb7a18ae81b4b3388b11ddc3d	414149c11a97fa1e891d3270d0e043e8	e991b502e92a3cbb5096c1e16dd6299f
39452	7955be9cb7a18ae81b4b3388b11ddc3d	414149c11a97fa1e891d3270d0e043e8	e991b502e92a3cbb5096c1e16dd6299f
39453	07414d364991e78d991940923401c7f8	04eba183088691b54b24434265b7ac48	fe79162b11a940923501700b61a74422
39454	07414d364991e78d991940923401c7f8	04eba183088691b54b24434265b7ac48	fe79162b11a940923501700b61a74422
39455	07414d364991e78d991940923401c7f8	04eba183088691b54b24434265b7ac48	fe79162b11a940923501700b61a74422
39456	07414d364991e78d991940923401c7f8	04eba183088691b54b24434265b7ac48	fe79162b11a940923501700b61a74422
39457	3b8ceb185c64623dc46d2a6a7f4727f1	a284bae9170283594b4c525997513c21	b8b4136dc6557ea6dece17aaef95eec0
39458	e8ed76d2ca3d524a90d139bf5cb183c4	480ad8786bdfeee149430bc1b0c8ae55	1447b4c6cdd71cd95d74aa6963b7ca23
39459	e8ed76d2ca3d524a90d139bf5cb183c4	480ad8786bdfeee149430bc1b0c8ae55	1447b4c6cdd71cd95d74aa6963b7ca23
39460	e8ed76d2ca3d524a90d139bf5cb183c4	480ad8786bdfeee149430bc1b0c8ae55	1447b4c6cdd71cd95d74aa6963b7ca23
39461	e8ed76d2ca3d524a90d139bf5cb183c4	480ad8786bdfeee149430bc1b0c8ae55	1447b4c6cdd71cd95d74aa6963b7ca23
39462	e8ed76d2ca3d524a90d139bf5cb183c4	480ad8786bdfeee149430bc1b0c8ae55	1447b4c6cdd71cd95d74aa6963b7ca23
39463	e8ed76d2ca3d524a90d139bf5cb183c4	480ad8786bdfeee149430bc1b0c8ae55	1447b4c6cdd71cd95d74aa6963b7ca23
39464	e8ed76d2ca3d524a90d139bf5cb183c4	480ad8786bdfeee149430bc1b0c8ae55	1447b4c6cdd71cd95d74aa6963b7ca23
39465	f835c1b92a19e57091c5fccfb537a07c	a568de465cf714083978b2824a907715	d974bb8db4afdf658afc0a7eb651057f
39466	f835c1b92a19e57091c5fccfb537a07c	a568de465cf714083978b2824a907715	d974bb8db4afdf658afc0a7eb651057f
39467	f835c1b92a19e57091c5fccfb537a07c	a568de465cf714083978b2824a907715	d974bb8db4afdf658afc0a7eb651057f
39468	f835c1b92a19e57091c5fccfb537a07c	a568de465cf714083978b2824a907715	d974bb8db4afdf658afc0a7eb651057f
39469	82e460cd8684a163693430afdb549223	62157a5f01da2e4b8483508421cc7718	93758bebff114b2a443d9f0c1047da3b
39470	d2499b21078f26151aa23c51a1b36556	4e1e088d6a4023d008ab69054d4012a4	3357bcf36ef9168014481a8b5f348578
39471	d2499b21078f26151aa23c51a1b36556	4e1e088d6a4023d008ab69054d4012a4	3357bcf36ef9168014481a8b5f348578
39472	d2499b21078f26151aa23c51a1b36556	4e1e088d6a4023d008ab69054d4012a4	3357bcf36ef9168014481a8b5f348578
39473	d2499b21078f26151aa23c51a1b36556	4e1e088d6a4023d008ab69054d4012a4	3357bcf36ef9168014481a8b5f348578
39474	d2499b21078f26151aa23c51a1b36556	4e1e088d6a4023d008ab69054d4012a4	3357bcf36ef9168014481a8b5f348578
39475	d2499b21078f26151aa23c51a1b36556	4e1e088d6a4023d008ab69054d4012a4	3357bcf36ef9168014481a8b5f348578
39476	d2499b21078f26151aa23c51a1b36556	4e1e088d6a4023d008ab69054d4012a4	3357bcf36ef9168014481a8b5f348578
39477	4796611f038e48a06a356e8b9fefac01	784c065584742ed504c40be543d4ccb6	6bfbc2ac539e79e8ee6679f588b9e5c2
39478	4796611f038e48a06a356e8b9fefac01	784c065584742ed504c40be543d4ccb6	6bfbc2ac539e79e8ee6679f588b9e5c2
39479	4796611f038e48a06a356e8b9fefac01	784c065584742ed504c40be543d4ccb6	6bfbc2ac539e79e8ee6679f588b9e5c2
39480	4796611f038e48a06a356e8b9fefac01	784c065584742ed504c40be543d4ccb6	6bfbc2ac539e79e8ee6679f588b9e5c2
39481	4796611f038e48a06a356e8b9fefac01	784c065584742ed504c40be543d4ccb6	6bfbc2ac539e79e8ee6679f588b9e5c2
39482	6c5c18ba541108111c45f3c0063640d4	09b1eecf96d1a62bf855e950c53d3810	dcfc8afdb02497a3af402f92214480c8
39483	6c5c18ba541108111c45f3c0063640d4	09b1eecf96d1a62bf855e950c53d3810	dcfc8afdb02497a3af402f92214480c8
39484	6c5c18ba541108111c45f3c0063640d4	09b1eecf96d1a62bf855e950c53d3810	dcfc8afdb02497a3af402f92214480c8
39485	6c5c18ba541108111c45f3c0063640d4	09b1eecf96d1a62bf855e950c53d3810	dcfc8afdb02497a3af402f92214480c8
39486	6c5c18ba541108111c45f3c0063640d4	09b1eecf96d1a62bf855e950c53d3810	dcfc8afdb02497a3af402f92214480c8
39487	6c5c18ba541108111c45f3c0063640d4	09b1eecf96d1a62bf855e950c53d3810	dcfc8afdb02497a3af402f92214480c8
39488	6c5c18ba541108111c45f3c0063640d4	09b1eecf96d1a62bf855e950c53d3810	dcfc8afdb02497a3af402f92214480c8
39489	2bb0d2aab98f5b4e0dcb271263064241	2a2edd7ce5351d5f017f67145b167939	04479861b632b2ee1ce56b266b38724e
39490	2bb0d2aab98f5b4e0dcb271263064241	2a2edd7ce5351d5f017f67145b167939	04479861b632b2ee1ce56b266b38724e
39491	2bb0d2aab98f5b4e0dcb271263064241	2a2edd7ce5351d5f017f67145b167939	04479861b632b2ee1ce56b266b38724e
39492	2bb0d2aab98f5b4e0dcb271263064241	2a2edd7ce5351d5f017f67145b167939	04479861b632b2ee1ce56b266b38724e
39493	2bb0d2aab98f5b4e0dcb271263064241	2a2edd7ce5351d5f017f67145b167939	04479861b632b2ee1ce56b266b38724e
39494	f91197279e7d0db310746e0f1f895f81	4557cf047196b9757abcbd5368076dcd	7ce49fb921e5eb34d3ef92257bfac2cd
39495	f91197279e7d0db310746e0f1f895f81	4557cf047196b9757abcbd5368076dcd	7ce49fb921e5eb34d3ef92257bfac2cd
39496	f91197279e7d0db310746e0f1f895f81	4557cf047196b9757abcbd5368076dcd	7ce49fb921e5eb34d3ef92257bfac2cd
39497	f91197279e7d0db310746e0f1f895f81	4557cf047196b9757abcbd5368076dcd	7ce49fb921e5eb34d3ef92257bfac2cd
39498	f91197279e7d0db310746e0f1f895f81	4557cf047196b9757abcbd5368076dcd	7ce49fb921e5eb34d3ef92257bfac2cd
39499	740c8104029568d794a8c7d9dceb68ec	c54236b0d137396b32ecd089f7e140a4	9765a73c01cb2267c1a402d2ee8d3bfe
39500	740c8104029568d794a8c7d9dceb68ec	c54236b0d137396b32ecd089f7e140a4	9765a73c01cb2267c1a402d2ee8d3bfe
39501	740c8104029568d794a8c7d9dceb68ec	c54236b0d137396b32ecd089f7e140a4	9765a73c01cb2267c1a402d2ee8d3bfe
39502	740c8104029568d794a8c7d9dceb68ec	c54236b0d137396b32ecd089f7e140a4	9765a73c01cb2267c1a402d2ee8d3bfe
39503	740c8104029568d794a8c7d9dceb68ec	c54236b0d137396b32ecd089f7e140a4	9765a73c01cb2267c1a402d2ee8d3bfe
39504	740c8104029568d794a8c7d9dceb68ec	c54236b0d137396b32ecd089f7e140a4	9765a73c01cb2267c1a402d2ee8d3bfe
39505	740c8104029568d794a8c7d9dceb68ec	c54236b0d137396b32ecd089f7e140a4	9765a73c01cb2267c1a402d2ee8d3bfe
39506	39eb787dc98a85792c3a1a13669dddf8	eedda35508f442146c22e023064d27d9	6a7c8f91fbb0645c4c81ee25e558fa0f
39507	39eb787dc98a85792c3a1a13669dddf8	eedda35508f442146c22e023064d27d9	6a7c8f91fbb0645c4c81ee25e558fa0f
39508	39eb787dc98a85792c3a1a13669dddf8	eedda35508f442146c22e023064d27d9	6a7c8f91fbb0645c4c81ee25e558fa0f
39509	740c8104029568d794a8c7d9dceb68ec	c54236b0d137396b32ecd089f7e140a4	9765a73c01cb2267c1a402d2ee8d3bfe
39510	740c8104029568d794a8c7d9dceb68ec	c54236b0d137396b32ecd089f7e140a4	9765a73c01cb2267c1a402d2ee8d3bfe
39511	78a6d296a1febb8ca8915f735411b2ec	6d1e3617345a72fff8d12a930b2ed158	361e029b5bf7c891c6761913535bf38f
39512	78a6d296a1febb8ca8915f735411b2ec	6d1e3617345a72fff8d12a930b2ed158	361e029b5bf7c891c6761913535bf38f
39513	78a6d296a1febb8ca8915f735411b2ec	6d1e3617345a72fff8d12a930b2ed158	361e029b5bf7c891c6761913535bf38f
39514	78a6d296a1febb8ca8915f735411b2ec	6d1e3617345a72fff8d12a930b2ed158	361e029b5bf7c891c6761913535bf38f
39515	78a6d296a1febb8ca8915f735411b2ec	6d1e3617345a72fff8d12a930b2ed158	361e029b5bf7c891c6761913535bf38f
39516	78a6d296a1febb8ca8915f735411b2ec	6d1e3617345a72fff8d12a930b2ed158	361e029b5bf7c891c6761913535bf38f
39517	78a6d296a1febb8ca8915f735411b2ec	6d1e3617345a72fff8d12a930b2ed158	361e029b5bf7c891c6761913535bf38f
39518	af32807165f6a10ba8456653315d69ba	f6b0b54097049b14db84c73980454fe9	2acd1287d4d2186cdd216a7bb3afa3a9
39519	af32807165f6a10ba8456653315d69ba	f6b0b54097049b14db84c73980454fe9	2acd1287d4d2186cdd216a7bb3afa3a9
39520	af32807165f6a10ba8456653315d69ba	f6b0b54097049b14db84c73980454fe9	2acd1287d4d2186cdd216a7bb3afa3a9
39521	af32807165f6a10ba8456653315d69ba	f6b0b54097049b14db84c73980454fe9	2acd1287d4d2186cdd216a7bb3afa3a9
39522	af32807165f6a10ba8456653315d69ba	f6b0b54097049b14db84c73980454fe9	2acd1287d4d2186cdd216a7bb3afa3a9
39523	af32807165f6a10ba8456653315d69ba	f6b0b54097049b14db84c73980454fe9	2acd1287d4d2186cdd216a7bb3afa3a9
39524	af32807165f6a10ba8456653315d69ba	f6b0b54097049b14db84c73980454fe9	2acd1287d4d2186cdd216a7bb3afa3a9
39525	af32807165f6a10ba8456653315d69ba	f6b0b54097049b14db84c73980454fe9	2acd1287d4d2186cdd216a7bb3afa3a9
39526	af32807165f6a10ba8456653315d69ba	f6b0b54097049b14db84c73980454fe9	2acd1287d4d2186cdd216a7bb3afa3a9
39527	af32807165f6a10ba8456653315d69ba	f6b0b54097049b14db84c73980454fe9	2acd1287d4d2186cdd216a7bb3afa3a9
39528	7c014167d41394700b5a397aa9829afc	869267106e9eb01c2bd0ca56bfff281b	ca58f5f0ae4ce081eaeb3984f74cad95
39529	7c014167d41394700b5a397aa9829afc	869267106e9eb01c2bd0ca56bfff281b	ca58f5f0ae4ce081eaeb3984f74cad95
39530	7c014167d41394700b5a397aa9829afc	869267106e9eb01c2bd0ca56bfff281b	ca58f5f0ae4ce081eaeb3984f74cad95
39531	7c014167d41394700b5a397aa9829afc	869267106e9eb01c2bd0ca56bfff281b	ca58f5f0ae4ce081eaeb3984f74cad95
39532	7c014167d41394700b5a397aa9829afc	869267106e9eb01c2bd0ca56bfff281b	ca58f5f0ae4ce081eaeb3984f74cad95
39533	7c014167d41394700b5a397aa9829afc	869267106e9eb01c2bd0ca56bfff281b	ca58f5f0ae4ce081eaeb3984f74cad95
39534	7c014167d41394700b5a397aa9829afc	869267106e9eb01c2bd0ca56bfff281b	ca58f5f0ae4ce081eaeb3984f74cad95
39535	d08b9cac81bfad89c2096c8d875e965e	aed1f76c42fa444d652dcb1fe88d2e52	1f4fb98a84d976294d183d6b2c8b3d12
39536	d08b9cac81bfad89c2096c8d875e965e	aed1f76c42fa444d652dcb1fe88d2e52	1f4fb98a84d976294d183d6b2c8b3d12
39537	d08b9cac81bfad89c2096c8d875e965e	aed1f76c42fa444d652dcb1fe88d2e52	1f4fb98a84d976294d183d6b2c8b3d12
39538	d08b9cac81bfad89c2096c8d875e965e	aed1f76c42fa444d652dcb1fe88d2e52	1f4fb98a84d976294d183d6b2c8b3d12
39539	0cdf8408df31943a595e08033b7eb292	96a22eaf3d41e08442ded12d151abbe5	0c29da508684849e3088cde612455a7f
39540	28b5e4dbd42daf9f1b9d50e81240dd2b	0b977d36080e38412741ecb30d003ac5	b84b63346ad868729efe90ec2d43fb6c
39541	28b5e4dbd42daf9f1b9d50e81240dd2b	0b977d36080e38412741ecb30d003ac5	b84b63346ad868729efe90ec2d43fb6c
39542	28b5e4dbd42daf9f1b9d50e81240dd2b	0b977d36080e38412741ecb30d003ac5	b84b63346ad868729efe90ec2d43fb6c
39543	28b5e4dbd42daf9f1b9d50e81240dd2b	0b977d36080e38412741ecb30d003ac5	b84b63346ad868729efe90ec2d43fb6c
39544	28b5e4dbd42daf9f1b9d50e81240dd2b	0b977d36080e38412741ecb30d003ac5	b84b63346ad868729efe90ec2d43fb6c
39545	28b5e4dbd42daf9f1b9d50e81240dd2b	0b977d36080e38412741ecb30d003ac5	b84b63346ad868729efe90ec2d43fb6c
39546	28b5e4dbd42daf9f1b9d50e81240dd2b	0b977d36080e38412741ecb30d003ac5	b84b63346ad868729efe90ec2d43fb6c
39547	28b5e4dbd42daf9f1b9d50e81240dd2b	0b977d36080e38412741ecb30d003ac5	b84b63346ad868729efe90ec2d43fb6c
39548	28b5e4dbd42daf9f1b9d50e81240dd2b	0b977d36080e38412741ecb30d003ac5	b84b63346ad868729efe90ec2d43fb6c
39549	28b5e4dbd42daf9f1b9d50e81240dd2b	0b977d36080e38412741ecb30d003ac5	b84b63346ad868729efe90ec2d43fb6c
39550	28b5e4dbd42daf9f1b9d50e81240dd2b	0b977d36080e38412741ecb30d003ac5	b84b63346ad868729efe90ec2d43fb6c
39551	28b5e4dbd42daf9f1b9d50e81240dd2b	0b977d36080e38412741ecb30d003ac5	b84b63346ad868729efe90ec2d43fb6c
39552	28b5e4dbd42daf9f1b9d50e81240dd2b	0b977d36080e38412741ecb30d003ac5	b84b63346ad868729efe90ec2d43fb6c
39553	28b5e4dbd42daf9f1b9d50e81240dd2b	0b977d36080e38412741ecb30d003ac5	b84b63346ad868729efe90ec2d43fb6c
39554	28b5e4dbd42daf9f1b9d50e81240dd2b	0b977d36080e38412741ecb30d003ac5	b84b63346ad868729efe90ec2d43fb6c
39555	28b5e4dbd42daf9f1b9d50e81240dd2b	0b977d36080e38412741ecb30d003ac5	b84b63346ad868729efe90ec2d43fb6c
39556	28b5e4dbd42daf9f1b9d50e81240dd2b	0b977d36080e38412741ecb30d003ac5	b84b63346ad868729efe90ec2d43fb6c
39557	33cf9784e37737c4127a8a36e29d4e45	ac4a03fcb6c7423b2df5c30323c96ee4	3ace450178e1a34aec6faaf982d98f3d
39558	33cf9784e37737c4127a8a36e29d4e45	ac4a03fcb6c7423b2df5c30323c96ee4	3ace450178e1a34aec6faaf982d98f3d
39559	33cf9784e37737c4127a8a36e29d4e45	ac4a03fcb6c7423b2df5c30323c96ee4	3ace450178e1a34aec6faaf982d98f3d
39560	7655074381ed5b9c7a04c061579dde61	3ce748366c4284bf924a01930e3fca08	830b6c1b34983e3ba365a7dcf5e62611
39561	7bffc920a9feb2d1135f52e52e08a169	a4cfa7744089e9490d4dd5deee8b5feb	d19e715cbedfce982fd5dcb5a34d5469
39562	70c924714a346cace58ab3a5047117ec	80b38b6a36471c36850a2b59c73a664a	94c950b603a90c4cecdbb05499f6e542
39563	70c924714a346cace58ab3a5047117ec	80b38b6a36471c36850a2b59c73a664a	94c950b603a90c4cecdbb05499f6e542
39564	4e8d59f49a9e51b2f6ff0fde0e9cba33	514ccdbd20dd1577a8fc92c4d3a535e7	4b7da120f192ad166b7258048211e700
39565	4e8d59f49a9e51b2f6ff0fde0e9cba33	514ccdbd20dd1577a8fc92c4d3a535e7	4b7da120f192ad166b7258048211e700
39566	4e8d59f49a9e51b2f6ff0fde0e9cba33	514ccdbd20dd1577a8fc92c4d3a535e7	4b7da120f192ad166b7258048211e700
39567	c54d69c66325942877dff0120daadbe4	c9b33a7d0dea2ce92189bfe0f2acc9f4	21f1492b682ee12c78c3a17ee16d1177
39568	c54d69c66325942877dff0120daadbe4	c9b33a7d0dea2ce92189bfe0f2acc9f4	21f1492b682ee12c78c3a17ee16d1177
39569	0dcb671667b48adfdbbe7ee32442fd4b	dd1b2efc372e294e291855fd5e79d203	62b767969e211c8bf17fbc3bc01cf219
39570	0dcb671667b48adfdbbe7ee32442fd4b	dd1b2efc372e294e291855fd5e79d203	62b767969e211c8bf17fbc3bc01cf219
39571	0dcb671667b48adfdbbe7ee32442fd4b	dd1b2efc372e294e291855fd5e79d203	62b767969e211c8bf17fbc3bc01cf219
39572	0dcb671667b48adfdbbe7ee32442fd4b	dd1b2efc372e294e291855fd5e79d203	62b767969e211c8bf17fbc3bc01cf219
39573	0dcb671667b48adfdbbe7ee32442fd4b	dd1b2efc372e294e291855fd5e79d203	62b767969e211c8bf17fbc3bc01cf219
39574	0dcb671667b48adfdbbe7ee32442fd4b	dd1b2efc372e294e291855fd5e79d203	62b767969e211c8bf17fbc3bc01cf219
39575	0dcb671667b48adfdbbe7ee32442fd4b	dd1b2efc372e294e291855fd5e79d203	62b767969e211c8bf17fbc3bc01cf219
39576	143b9d64971f3244f8ba505a846326dd	1374a46d26b5baae506636d5edfdbbbe	d23fb791f6379e36587fb6b8eabbadc1
39577	143b9d64971f3244f8ba505a846326dd	1374a46d26b5baae506636d5edfdbbbe	d23fb791f6379e36587fb6b8eabbadc1
39578	7c37186ec01340a2f21b605e9b20f806	edd3bfeedb57d20ff5e2d472ae5e7980	ce538afa640f0bb4a9169cb746243187
39579	0dcb671667b48adfdbbe7ee32442fd4b	dd1b2efc372e294e291855fd5e79d203	62b767969e211c8bf17fbc3bc01cf219
39580	0dcb671667b48adfdbbe7ee32442fd4b	dd1b2efc372e294e291855fd5e79d203	62b767969e211c8bf17fbc3bc01cf219
39581	24633ebffa9f46752a0e376f0ccfc9e3	95a7c987cc4b8ba0620bda9733a0a21d	5f2d5e119b689a449d5068876553b618
39582	24633ebffa9f46752a0e376f0ccfc9e3	95a7c987cc4b8ba0620bda9733a0a21d	5f2d5e119b689a449d5068876553b618
39583	24633ebffa9f46752a0e376f0ccfc9e3	95a7c987cc4b8ba0620bda9733a0a21d	5f2d5e119b689a449d5068876553b618
39584	24633ebffa9f46752a0e376f0ccfc9e3	95a7c987cc4b8ba0620bda9733a0a21d	5f2d5e119b689a449d5068876553b618
39585	24633ebffa9f46752a0e376f0ccfc9e3	95a7c987cc4b8ba0620bda9733a0a21d	5f2d5e119b689a449d5068876553b618
39586	24633ebffa9f46752a0e376f0ccfc9e3	95a7c987cc4b8ba0620bda9733a0a21d	5f2d5e119b689a449d5068876553b618
39587	24633ebffa9f46752a0e376f0ccfc9e3	95a7c987cc4b8ba0620bda9733a0a21d	5f2d5e119b689a449d5068876553b618
39588	70f910b4c3739b1521937fc3b353fe6a	63cb5f2579d5d9f0822d4c72e38e9dec	0a66f699d964465036195cc3f16f83a0
39589	70f910b4c3739b1521937fc3b353fe6a	63cb5f2579d5d9f0822d4c72e38e9dec	0a66f699d964465036195cc3f16f83a0
39590	70f910b4c3739b1521937fc3b353fe6a	63cb5f2579d5d9f0822d4c72e38e9dec	0a66f699d964465036195cc3f16f83a0
39591	9efb77a947e8b594a036b8cc7142220a	abcdf5245029e2e361e508e4cc0632f9	79673e17b74869d0f30d33f2c9f69269
39592	b24b13b86738024d15498b9531a59ad1	22c12e680b2e2c79913323ac1a0a5504	2299806b6975071b53fb2424cc12a74f
39593	10e8be1da848d240a3c50af4a38c0b80	ce27dbbc349f244a0d7f8f9d060fa6e3	c9b99684c528d3bcf82d85912e1d985e
39594	10e8be1da848d240a3c50af4a38c0b80	ce27dbbc349f244a0d7f8f9d060fa6e3	c9b99684c528d3bcf82d85912e1d985e
39595	10e8be1da848d240a3c50af4a38c0b80	ce27dbbc349f244a0d7f8f9d060fa6e3	c9b99684c528d3bcf82d85912e1d985e
39596	10e8be1da848d240a3c50af4a38c0b80	ce27dbbc349f244a0d7f8f9d060fa6e3	c9b99684c528d3bcf82d85912e1d985e
39597	10e8be1da848d240a3c50af4a38c0b80	ce27dbbc349f244a0d7f8f9d060fa6e3	c9b99684c528d3bcf82d85912e1d985e
39598	db8c7cf4c5f1a85d9d71838a9b5b1540	9dea93b20713fc65e1a2ad669841cede	22883875eaad6c9063beb9ff1c984b72
39599	db8c7cf4c5f1a85d9d71838a9b5b1540	9dea93b20713fc65e1a2ad669841cede	22883875eaad6c9063beb9ff1c984b72
39600	db8c7cf4c5f1a85d9d71838a9b5b1540	9dea93b20713fc65e1a2ad669841cede	22883875eaad6c9063beb9ff1c984b72
39601	db8c7cf4c5f1a85d9d71838a9b5b1540	9dea93b20713fc65e1a2ad669841cede	22883875eaad6c9063beb9ff1c984b72
39602	db8c7cf4c5f1a85d9d71838a9b5b1540	9dea93b20713fc65e1a2ad669841cede	22883875eaad6c9063beb9ff1c984b72
39603	db8c7cf4c5f1a85d9d71838a9b5b1540	9dea93b20713fc65e1a2ad669841cede	22883875eaad6c9063beb9ff1c984b72
39604	db8c7cf4c5f1a85d9d71838a9b5b1540	9dea93b20713fc65e1a2ad669841cede	22883875eaad6c9063beb9ff1c984b72
39605	db8c7cf4c5f1a85d9d71838a9b5b1540	9dea93b20713fc65e1a2ad669841cede	22883875eaad6c9063beb9ff1c984b72
39606	db8c7cf4c5f1a85d9d71838a9b5b1540	9dea93b20713fc65e1a2ad669841cede	22883875eaad6c9063beb9ff1c984b72
39607	db8c7cf4c5f1a85d9d71838a9b5b1540	9dea93b20713fc65e1a2ad669841cede	22883875eaad6c9063beb9ff1c984b72
39608	db8c7cf4c5f1a85d9d71838a9b5b1540	9dea93b20713fc65e1a2ad669841cede	22883875eaad6c9063beb9ff1c984b72
39609	db8c7cf4c5f1a85d9d71838a9b5b1540	9dea93b20713fc65e1a2ad669841cede	22883875eaad6c9063beb9ff1c984b72
39610	36a6ee7992227547f50ae3751b6a160e	6d52d33478daa32faca58b4be28d6be1	dc8804babbf30ace616b33afe62ac153
39611	36a6ee7992227547f50ae3751b6a160e	6d52d33478daa32faca58b4be28d6be1	dc8804babbf30ace616b33afe62ac153
39612	36a6ee7992227547f50ae3751b6a160e	6d52d33478daa32faca58b4be28d6be1	dc8804babbf30ace616b33afe62ac153
39613	233357938e50fc38042d29379fe5583b	8ef241cf5d6c98cb3a974b86492c9080	d2483975845341daf55555bd0d381a6b
39614	233357938e50fc38042d29379fe5583b	8ef241cf5d6c98cb3a974b86492c9080	d2483975845341daf55555bd0d381a6b
39615	36a6ee7992227547f50ae3751b6a160e	6d52d33478daa32faca58b4be28d6be1	dc8804babbf30ace616b33afe62ac153
39616	36a6ee7992227547f50ae3751b6a160e	6d52d33478daa32faca58b4be28d6be1	dc8804babbf30ace616b33afe62ac153
39617	0dceceb02207f7363418b8a339ceeda9	b875a6dd610eed630e124cc0d814d2ef	e26c1aad01830fb2463b96ef976388cd
39618	05cf7b1a7f2c1e8cd5d86ee7bd6dbcc3	52fd8f808d13d4e68dc15c3782d4c6b3	70f452ff9f7463284821b1e31a5de6fc
39619	05cf7b1a7f2c1e8cd5d86ee7bd6dbcc3	52fd8f808d13d4e68dc15c3782d4c6b3	70f452ff9f7463284821b1e31a5de6fc
39620	0a467a104294e13f1daadaf3f1c320c8	af8bb46c0683ab1c7a91a236d1ee6d05	555ccc554ffdf8b64b71b56a8792fe9e
39621	0a467a104294e13f1daadaf3f1c320c8	af8bb46c0683ab1c7a91a236d1ee6d05	555ccc554ffdf8b64b71b56a8792fe9e
39622	40c2bb7ad33446c956cca8c0f38f4649	2e0563960c23cc284273a5055b9416e7	3747958e2cce5339fd484f9394ae2f70
39623	40c2bb7ad33446c956cca8c0f38f4649	2e0563960c23cc284273a5055b9416e7	3747958e2cce5339fd484f9394ae2f70
39624	40c2bb7ad33446c956cca8c0f38f4649	2e0563960c23cc284273a5055b9416e7	3747958e2cce5339fd484f9394ae2f70
39625	40c2bb7ad33446c956cca8c0f38f4649	2e0563960c23cc284273a5055b9416e7	3747958e2cce5339fd484f9394ae2f70
39626	40c2bb7ad33446c956cca8c0f38f4649	2e0563960c23cc284273a5055b9416e7	3747958e2cce5339fd484f9394ae2f70
39627	801efd5e5881d1b98044d689714c5d3f	5b169991388ef9fda298f3a3853ce481	ae4090459e4fed086270bda4187f70e6
39628	801efd5e5881d1b98044d689714c5d3f	5b169991388ef9fda298f3a3853ce481	ae4090459e4fed086270bda4187f70e6
39629	801efd5e5881d1b98044d689714c5d3f	5b169991388ef9fda298f3a3853ce481	ae4090459e4fed086270bda4187f70e6
39630	da1d825462906f424613bc4dba90b1aa	45a8c47cbda775fdebcfbd546f8aef39	f2591c4b9354d96f1fec94fd3f94c65a
39631	da1d825462906f424613bc4dba90b1aa	45a8c47cbda775fdebcfbd546f8aef39	f2591c4b9354d96f1fec94fd3f94c65a
39632	bff92f4a120497b3f7ccadc7c6882f50	679c64aa8d761836110f146a8f000a57	df4133d0d081368c5c106aabd4d87154
39633	bff92f4a120497b3f7ccadc7c6882f50	679c64aa8d761836110f146a8f000a57	df4133d0d081368c5c106aabd4d87154
39634	a08a907d9d854a9441a9dfff9fdd33b8	dce7f2537017da5d4303a195473443b2	667925406d3d417d8f76d61edc0e0f48
39635	b23cc3ae7b82f9be8b685cc6173c18bd	d03c415860ca10d9ea09c926222dfaf0	2b073187ff296ee28b9e67d09546631c
39636	a08a907d9d854a9441a9dfff9fdd33b8	dce7f2537017da5d4303a195473443b2	667925406d3d417d8f76d61edc0e0f48
39637	0855b9e9d6c4a17bd0b8ebffd2af6dc9	031d858682808de43b8126f8f5b9d70f	88c51b02039ae40dc75499a2efb8e541
39638	b23cc3ae7b82f9be8b685cc6173c18bd	d03c415860ca10d9ea09c926222dfaf0	2b073187ff296ee28b9e67d09546631c
39639	efda987aa3cdbd920ff018a2b07c4207	44d1573f5fb10715765f39fe2a420b0f	90fd559948fd3d53ca07b6b8aa401999
39640	efda987aa3cdbd920ff018a2b07c4207	44d1573f5fb10715765f39fe2a420b0f	90fd559948fd3d53ca07b6b8aa401999
39641	efda987aa3cdbd920ff018a2b07c4207	44d1573f5fb10715765f39fe2a420b0f	90fd559948fd3d53ca07b6b8aa401999
39642	1797b63e130e49ee602624e05302a055	e8baaf2797c3ad10133fcfd3deaca58a	5e09e54654ca667e4d0ea4f0a615609f
39643	1797b63e130e49ee602624e05302a055	e8baaf2797c3ad10133fcfd3deaca58a	5e09e54654ca667e4d0ea4f0a615609f
39644	efda987aa3cdbd920ff018a2b07c4207	44d1573f5fb10715765f39fe2a420b0f	90fd559948fd3d53ca07b6b8aa401999
39645	efda987aa3cdbd920ff018a2b07c4207	44d1573f5fb10715765f39fe2a420b0f	90fd559948fd3d53ca07b6b8aa401999
39646	1bb03a080319e1d0e13221d823d78308	ca4642830818f271c8513b15cbcee751	02057c1e4157deff0f0f819d8ebe1c0e
39647	1bb03a080319e1d0e13221d823d78308	ca4642830818f271c8513b15cbcee751	02057c1e4157deff0f0f819d8ebe1c0e
39648	1bb03a080319e1d0e13221d823d78308	ca4642830818f271c8513b15cbcee751	02057c1e4157deff0f0f819d8ebe1c0e
39649	5c935cffd7a0338e52a0f18230a269fe	8dff7747d4bfaf7499164cb4750dcf0e	f2a7ad6dff9ebd22cce2e8aa0c1fffd3
39650	1bb03a080319e1d0e13221d823d78308	ca4642830818f271c8513b15cbcee751	02057c1e4157deff0f0f819d8ebe1c0e
39651	087bb6dc5da419b7b5b20bcdf6085d1c	1159f32ae4cfa9b7fc1ac1015f5f3d0a	12eba921c8fd775e68ef10e90798c9fd
39652	087bb6dc5da419b7b5b20bcdf6085d1c	1159f32ae4cfa9b7fc1ac1015f5f3d0a	12eba921c8fd775e68ef10e90798c9fd
39653	087bb6dc5da419b7b5b20bcdf6085d1c	1159f32ae4cfa9b7fc1ac1015f5f3d0a	12eba921c8fd775e68ef10e90798c9fd
39654	087bb6dc5da419b7b5b20bcdf6085d1c	1159f32ae4cfa9b7fc1ac1015f5f3d0a	12eba921c8fd775e68ef10e90798c9fd
39655	087bb6dc5da419b7b5b20bcdf6085d1c	1159f32ae4cfa9b7fc1ac1015f5f3d0a	12eba921c8fd775e68ef10e90798c9fd
39656	087bb6dc5da419b7b5b20bcdf6085d1c	1159f32ae4cfa9b7fc1ac1015f5f3d0a	12eba921c8fd775e68ef10e90798c9fd
39657	087bb6dc5da419b7b5b20bcdf6085d1c	1159f32ae4cfa9b7fc1ac1015f5f3d0a	12eba921c8fd775e68ef10e90798c9fd
39658	9638b1ef38effee77cb2ce270b43bcf5	a70c79c47a4ce73fa8d0f31d83118a1d	dfb7d7c3f7806ad36ad1ec1101d065a2
39659	9638b1ef38effee77cb2ce270b43bcf5	a70c79c47a4ce73fa8d0f31d83118a1d	dfb7d7c3f7806ad36ad1ec1101d065a2
39660	9638b1ef38effee77cb2ce270b43bcf5	a70c79c47a4ce73fa8d0f31d83118a1d	dfb7d7c3f7806ad36ad1ec1101d065a2
39661	9638b1ef38effee77cb2ce270b43bcf5	a70c79c47a4ce73fa8d0f31d83118a1d	dfb7d7c3f7806ad36ad1ec1101d065a2
39662	9638b1ef38effee77cb2ce270b43bcf5	a70c79c47a4ce73fa8d0f31d83118a1d	dfb7d7c3f7806ad36ad1ec1101d065a2
39663	c2beb0c93ce8a4f73c4ca4104448b0a6	e77ef53b604732fc4958a2fa07133903	58ae3b25be91c38e390e0dc0b6c6f49c
39664	c2beb0c93ce8a4f73c4ca4104448b0a6	e77ef53b604732fc4958a2fa07133903	58ae3b25be91c38e390e0dc0b6c6f49c
39665	c2beb0c93ce8a4f73c4ca4104448b0a6	e77ef53b604732fc4958a2fa07133903	58ae3b25be91c38e390e0dc0b6c6f49c
39666	c2beb0c93ce8a4f73c4ca4104448b0a6	e77ef53b604732fc4958a2fa07133903	58ae3b25be91c38e390e0dc0b6c6f49c
39667	c2beb0c93ce8a4f73c4ca4104448b0a6	e77ef53b604732fc4958a2fa07133903	58ae3b25be91c38e390e0dc0b6c6f49c
39668	d44b62af09327d1bf42708e69cf12ef9	a136b2a44335c302ba74da36268d6689	9bfc16d6816eefedcbd5a7df2c65211d
39669	d44b62af09327d1bf42708e69cf12ef9	a136b2a44335c302ba74da36268d6689	9bfc16d6816eefedcbd5a7df2c65211d
39670	d44b62af09327d1bf42708e69cf12ef9	a136b2a44335c302ba74da36268d6689	9bfc16d6816eefedcbd5a7df2c65211d
39671	9779f0721bab57f531ba163c2212039f	cae178492956c210e0f2afb4d7372e27	aa5d2e69c1160716c6650b4be2e4d46f
39672	9779f0721bab57f531ba163c2212039f	cae178492956c210e0f2afb4d7372e27	aa5d2e69c1160716c6650b4be2e4d46f
39673	3ab1e0468244239880512e55a15bfc03	1537fa5c6da4a2c8fe857e168f7a9b43	6a3ab3bb978b34e98df195d44cf2455e
39674	daf874698831b16706984ba0292a4aa9	38c5672ab18f620e7dc67b1cfe90e5c1	90a35d0d58f3f64106cbcd4b2f791a0d
39675	f4ed3c825a5553cea27ea750c370f74d	c4bc5b7472c54ae195344392987b1e9e	420b33bda1eeebb5b3a99badfe089d14
39676	f4ed3c825a5553cea27ea750c370f74d	c4bc5b7472c54ae195344392987b1e9e	420b33bda1eeebb5b3a99badfe089d14
39677	f4ed3c825a5553cea27ea750c370f74d	c4bc5b7472c54ae195344392987b1e9e	420b33bda1eeebb5b3a99badfe089d14
39678	4e3268efda8ae5f016550539c5d105f8	b4db70309a48bb2226e73d7d997cc46c	f2008cd392569792b7629396c17e5e0e
39679	d7e5216e771a1a7734af90336a990e73	d82aa1102f9b3da43c53672a9b3ab914	25729e4c9c0279012e7728fd990afad9
39680	0b0efe8239357a41726ab3ec8dbfe31a	07c3b6e5b1141f8cde783f494e836840	dd120ad5b4c78835f6501881e178061c
39681	0b0efe8239357a41726ab3ec8dbfe31a	07c3b6e5b1141f8cde783f494e836840	dd120ad5b4c78835f6501881e178061c
39682	0b0efe8239357a41726ab3ec8dbfe31a	07c3b6e5b1141f8cde783f494e836840	dd120ad5b4c78835f6501881e178061c
39683	0b0efe8239357a41726ab3ec8dbfe31a	07c3b6e5b1141f8cde783f494e836840	dd120ad5b4c78835f6501881e178061c
39684	0b0efe8239357a41726ab3ec8dbfe31a	07c3b6e5b1141f8cde783f494e836840	dd120ad5b4c78835f6501881e178061c
39685	0b0efe8239357a41726ab3ec8dbfe31a	07c3b6e5b1141f8cde783f494e836840	dd120ad5b4c78835f6501881e178061c
39686	0b0efe8239357a41726ab3ec8dbfe31a	07c3b6e5b1141f8cde783f494e836840	dd120ad5b4c78835f6501881e178061c
39687	816ddc73f16aba1cdfc0d75eb7ec8d21	a24759da1bd3edd082374cab19cea388	cc8b24ccbdf04d76fdcfeafa7de0fcca
39688	816ddc73f16aba1cdfc0d75eb7ec8d21	a24759da1bd3edd082374cab19cea388	cc8b24ccbdf04d76fdcfeafa7de0fcca
39689	816ddc73f16aba1cdfc0d75eb7ec8d21	a24759da1bd3edd082374cab19cea388	cc8b24ccbdf04d76fdcfeafa7de0fcca
39690	e308f0ce8f1bbd9878e640b0cf37857b	222468dddc142b8f3472e4fe7f895b7e	7673ddc5f6c60931d20cf95b085d707d
39691	2a1c0af2d067d2cced16cf2ff58b754c	3b86a4737011e69e6eda91dd046f4fa4	1dbdde435045d69cdd89540671ae918c
39692	816ddc73f16aba1cdfc0d75eb7ec8d21	a24759da1bd3edd082374cab19cea388	cc8b24ccbdf04d76fdcfeafa7de0fcca
39693	816ddc73f16aba1cdfc0d75eb7ec8d21	a24759da1bd3edd082374cab19cea388	cc8b24ccbdf04d76fdcfeafa7de0fcca
39694	816ddc73f16aba1cdfc0d75eb7ec8d21	a24759da1bd3edd082374cab19cea388	cc8b24ccbdf04d76fdcfeafa7de0fcca
39695	b56def717182c891300322df89859d4c	c7764ec2f52c119694a000029b866153	fca747cf77ad196ae16b934c24d70761
39696	2a1c0af2d067d2cced16cf2ff58b754c	3b86a4737011e69e6eda91dd046f4fa4	1dbdde435045d69cdd89540671ae918c
39697	1444456c518f5208a3c46b261d6c6f5e	e8e9b0d441898d7161640540e56a979f	68f608b1a896a8abd0c2999f4f40ebd7
39698	1444456c518f5208a3c46b261d6c6f5e	e8e9b0d441898d7161640540e56a979f	68f608b1a896a8abd0c2999f4f40ebd7
39699	1444456c518f5208a3c46b261d6c6f5e	e8e9b0d441898d7161640540e56a979f	68f608b1a896a8abd0c2999f4f40ebd7
39700	1444456c518f5208a3c46b261d6c6f5e	e8e9b0d441898d7161640540e56a979f	68f608b1a896a8abd0c2999f4f40ebd7
39701	1444456c518f5208a3c46b261d6c6f5e	e8e9b0d441898d7161640540e56a979f	68f608b1a896a8abd0c2999f4f40ebd7
39702	1444456c518f5208a3c46b261d6c6f5e	e8e9b0d441898d7161640540e56a979f	68f608b1a896a8abd0c2999f4f40ebd7
39703	1444456c518f5208a3c46b261d6c6f5e	e8e9b0d441898d7161640540e56a979f	68f608b1a896a8abd0c2999f4f40ebd7
39704	586587a72bfe248a2f7bf9559e38d74a	675176369cb643d06a0d90a2c3a5a29a	3e330c27f9ee5f7b455d6048f500906c
39705	586587a72bfe248a2f7bf9559e38d74a	675176369cb643d06a0d90a2c3a5a29a	3e330c27f9ee5f7b455d6048f500906c
39706	586587a72bfe248a2f7bf9559e38d74a	675176369cb643d06a0d90a2c3a5a29a	3e330c27f9ee5f7b455d6048f500906c
39707	586587a72bfe248a2f7bf9559e38d74a	675176369cb643d06a0d90a2c3a5a29a	3e330c27f9ee5f7b455d6048f500906c
39708	586587a72bfe248a2f7bf9559e38d74a	675176369cb643d06a0d90a2c3a5a29a	3e330c27f9ee5f7b455d6048f500906c
39709	a486d444fda0db361ad96b1207b2332c	bccca06575dfe68cf5f8f4a7722f11a1	b2458fa4317529d19720c866fa750841
39710	a486d444fda0db361ad96b1207b2332c	bccca06575dfe68cf5f8f4a7722f11a1	b2458fa4317529d19720c866fa750841
39711	a486d444fda0db361ad96b1207b2332c	bccca06575dfe68cf5f8f4a7722f11a1	b2458fa4317529d19720c866fa750841
39712	a486d444fda0db361ad96b1207b2332c	bccca06575dfe68cf5f8f4a7722f11a1	b2458fa4317529d19720c866fa750841
39713	a486d444fda0db361ad96b1207b2332c	bccca06575dfe68cf5f8f4a7722f11a1	b2458fa4317529d19720c866fa750841
39714	a486d444fda0db361ad96b1207b2332c	bccca06575dfe68cf5f8f4a7722f11a1	b2458fa4317529d19720c866fa750841
39715	a486d444fda0db361ad96b1207b2332c	bccca06575dfe68cf5f8f4a7722f11a1	b2458fa4317529d19720c866fa750841
39716	a486d444fda0db361ad96b1207b2332c	bccca06575dfe68cf5f8f4a7722f11a1	b2458fa4317529d19720c866fa750841
39717	a486d444fda0db361ad96b1207b2332c	bccca06575dfe68cf5f8f4a7722f11a1	b2458fa4317529d19720c866fa750841
39718	a486d444fda0db361ad96b1207b2332c	bccca06575dfe68cf5f8f4a7722f11a1	b2458fa4317529d19720c866fa750841
39719	a486d444fda0db361ad96b1207b2332c	bccca06575dfe68cf5f8f4a7722f11a1	b2458fa4317529d19720c866fa750841
39720	a486d444fda0db361ad96b1207b2332c	bccca06575dfe68cf5f8f4a7722f11a1	b2458fa4317529d19720c866fa750841
39721	a486d444fda0db361ad96b1207b2332c	bccca06575dfe68cf5f8f4a7722f11a1	b2458fa4317529d19720c866fa750841
39722	a486d444fda0db361ad96b1207b2332c	bccca06575dfe68cf5f8f4a7722f11a1	b2458fa4317529d19720c866fa750841
39723	a486d444fda0db361ad96b1207b2332c	bccca06575dfe68cf5f8f4a7722f11a1	b2458fa4317529d19720c866fa750841
39724	a486d444fda0db361ad96b1207b2332c	bccca06575dfe68cf5f8f4a7722f11a1	b2458fa4317529d19720c866fa750841
39725	a486d444fda0db361ad96b1207b2332c	bccca06575dfe68cf5f8f4a7722f11a1	b2458fa4317529d19720c866fa750841
39726	48097dc530eb83aa511d6ce2ca841b66	cc6931cebfc5834f24bb7eda4a7cc979	18efa654fd6f758d216ec388467a07ae
39727	48097dc530eb83aa511d6ce2ca841b66	cc6931cebfc5834f24bb7eda4a7cc979	18efa654fd6f758d216ec388467a07ae
39728	48097dc530eb83aa511d6ce2ca841b66	cc6931cebfc5834f24bb7eda4a7cc979	18efa654fd6f758d216ec388467a07ae
39729	48097dc530eb83aa511d6ce2ca841b66	cc6931cebfc5834f24bb7eda4a7cc979	18efa654fd6f758d216ec388467a07ae
39730	48097dc530eb83aa511d6ce2ca841b66	cc6931cebfc5834f24bb7eda4a7cc979	18efa654fd6f758d216ec388467a07ae
39731	48097dc530eb83aa511d6ce2ca841b66	cc6931cebfc5834f24bb7eda4a7cc979	18efa654fd6f758d216ec388467a07ae
39732	48097dc530eb83aa511d6ce2ca841b66	cc6931cebfc5834f24bb7eda4a7cc979	18efa654fd6f758d216ec388467a07ae
39733	3beda59b14419268b525aba09473b2e3	9431f7d9fe1b1e9295cedb1808a13446	d680cd316e6c7e115c494e0fccb018eb
39734	3beda59b14419268b525aba09473b2e3	9431f7d9fe1b1e9295cedb1808a13446	d680cd316e6c7e115c494e0fccb018eb
39735	3beda59b14419268b525aba09473b2e3	9431f7d9fe1b1e9295cedb1808a13446	d680cd316e6c7e115c494e0fccb018eb
39736	e1e706b4b4bf8104d6d5e47ce04111d7	a528c4e4bc7599cbf2606fe0b675f915	dd9e4da362538dba1253b95236b4feb0
39737	e1e706b4b4bf8104d6d5e47ce04111d7	a528c4e4bc7599cbf2606fe0b675f915	dd9e4da362538dba1253b95236b4feb0
39738	405cbe81881ac4f5e33f8ec6754d4a58	e2845090bd6d2761cad9797f9c8394c9	07cf012605a2f02eeaf5a3a865fae393
39739	405cbe81881ac4f5e33f8ec6754d4a58	e2845090bd6d2761cad9797f9c8394c9	07cf012605a2f02eeaf5a3a865fae393
39740	405cbe81881ac4f5e33f8ec6754d4a58	e2845090bd6d2761cad9797f9c8394c9	07cf012605a2f02eeaf5a3a865fae393
39741	405cbe81881ac4f5e33f8ec6754d4a58	e2845090bd6d2761cad9797f9c8394c9	07cf012605a2f02eeaf5a3a865fae393
39742	405cbe81881ac4f5e33f8ec6754d4a58	e2845090bd6d2761cad9797f9c8394c9	07cf012605a2f02eeaf5a3a865fae393
39743	e1b60a4217f8e3cecea8f45e7c486328	fe56ade020872e5daf1265d77bc43ad1	89f799d109e4e230a0b91a14ceec96c4
39744	405cbe81881ac4f5e33f8ec6754d4a58	e2845090bd6d2761cad9797f9c8394c9	07cf012605a2f02eeaf5a3a865fae393
39745	8002719c72c186da88110bdd9e488e3e	5db9bbdb39cb7c3e106641a21488b4ba	e4ae161496514b910967826561f2c273
39746	8002719c72c186da88110bdd9e488e3e	5db9bbdb39cb7c3e106641a21488b4ba	e4ae161496514b910967826561f2c273
39747	8002719c72c186da88110bdd9e488e3e	5db9bbdb39cb7c3e106641a21488b4ba	e4ae161496514b910967826561f2c273
39748	2149673b69721e987aecaed85c11c509	2d4cd04f77df71dfaed080e7288220df	194c301cea97efeabcb7b06bcd96ad79
39749	2149673b69721e987aecaed85c11c509	2d4cd04f77df71dfaed080e7288220df	194c301cea97efeabcb7b06bcd96ad79
39750	179c30c94ad8db9ca41ba6009363843a	71d28c41e40f4144340f5d3afb41d1a4	5927c23550ac02915c304922db9db25b
39751	179c30c94ad8db9ca41ba6009363843a	71d28c41e40f4144340f5d3afb41d1a4	5927c23550ac02915c304922db9db25b
39752	179c30c94ad8db9ca41ba6009363843a	71d28c41e40f4144340f5d3afb41d1a4	5927c23550ac02915c304922db9db25b
39753	179c30c94ad8db9ca41ba6009363843a	71d28c41e40f4144340f5d3afb41d1a4	5927c23550ac02915c304922db9db25b
39754	179c30c94ad8db9ca41ba6009363843a	71d28c41e40f4144340f5d3afb41d1a4	5927c23550ac02915c304922db9db25b
39755	179c30c94ad8db9ca41ba6009363843a	71d28c41e40f4144340f5d3afb41d1a4	5927c23550ac02915c304922db9db25b
39756	179c30c94ad8db9ca41ba6009363843a	71d28c41e40f4144340f5d3afb41d1a4	5927c23550ac02915c304922db9db25b
39757	310dd4283de1dd97d2ad5576d4ac2b67	778a7f17c7ca1a87d0c1cbe5bd22eac3	b2b5c6e1d072c277cbfdd21f5f4948db
39758	310dd4283de1dd97d2ad5576d4ac2b67	778a7f17c7ca1a87d0c1cbe5bd22eac3	b2b5c6e1d072c277cbfdd21f5f4948db
39759	310dd4283de1dd97d2ad5576d4ac2b67	778a7f17c7ca1a87d0c1cbe5bd22eac3	b2b5c6e1d072c277cbfdd21f5f4948db
39760	310dd4283de1dd97d2ad5576d4ac2b67	778a7f17c7ca1a87d0c1cbe5bd22eac3	b2b5c6e1d072c277cbfdd21f5f4948db
39761	310dd4283de1dd97d2ad5576d4ac2b67	778a7f17c7ca1a87d0c1cbe5bd22eac3	b2b5c6e1d072c277cbfdd21f5f4948db
39762	310dd4283de1dd97d2ad5576d4ac2b67	778a7f17c7ca1a87d0c1cbe5bd22eac3	b2b5c6e1d072c277cbfdd21f5f4948db
39763	310dd4283de1dd97d2ad5576d4ac2b67	778a7f17c7ca1a87d0c1cbe5bd22eac3	b2b5c6e1d072c277cbfdd21f5f4948db
39764	310dd4283de1dd97d2ad5576d4ac2b67	778a7f17c7ca1a87d0c1cbe5bd22eac3	b2b5c6e1d072c277cbfdd21f5f4948db
39765	310dd4283de1dd97d2ad5576d4ac2b67	778a7f17c7ca1a87d0c1cbe5bd22eac3	b2b5c6e1d072c277cbfdd21f5f4948db
39766	310dd4283de1dd97d2ad5576d4ac2b67	778a7f17c7ca1a87d0c1cbe5bd22eac3	b2b5c6e1d072c277cbfdd21f5f4948db
39767	8a859c38da8e0332df657c0aeeca1ac7	f9642226bdf36b101a4ff5b6b19ca6aa	c3e6a655436a0c054663fcc8327e88a9
39768	8a859c38da8e0332df657c0aeeca1ac7	f9642226bdf36b101a4ff5b6b19ca6aa	c3e6a655436a0c054663fcc8327e88a9
39769	8a859c38da8e0332df657c0aeeca1ac7	f9642226bdf36b101a4ff5b6b19ca6aa	c3e6a655436a0c054663fcc8327e88a9
39770	8a859c38da8e0332df657c0aeeca1ac7	f9642226bdf36b101a4ff5b6b19ca6aa	c3e6a655436a0c054663fcc8327e88a9
39771	8a859c38da8e0332df657c0aeeca1ac7	f9642226bdf36b101a4ff5b6b19ca6aa	c3e6a655436a0c054663fcc8327e88a9
39772	8a859c38da8e0332df657c0aeeca1ac7	f9642226bdf36b101a4ff5b6b19ca6aa	c3e6a655436a0c054663fcc8327e88a9
39773	8a859c38da8e0332df657c0aeeca1ac7	f9642226bdf36b101a4ff5b6b19ca6aa	c3e6a655436a0c054663fcc8327e88a9
39774	7aa55be6c5dc7f92270f2dd0db220c92	2312199b814da09acf189093012d2ece	c65cfdef19c12d0b499ac057f956d6a8
39775	7aa55be6c5dc7f92270f2dd0db220c92	2312199b814da09acf189093012d2ece	c65cfdef19c12d0b499ac057f956d6a8
39776	7aa55be6c5dc7f92270f2dd0db220c92	2312199b814da09acf189093012d2ece	c65cfdef19c12d0b499ac057f956d6a8
39777	785149d28aaeeb478320b4e5e2710d61	9f0aa946b8e75fd8e752e3efe333b9fc	8362d95f1c21ac2841bb3655d2807d42
39778	561e8a6d95610e51df666261ea2312df	b452394e6eeb36f4190e8258c68ef2f3	717234b60ce33425619fa1fbeddd8786
39779	f0bd644682c32d695d5a7a1247f5ac81	597b7e3469398a78c5dfd1d7ca95231f	4b7b2a0632b74ea7c782b57a334c4afd
39780	f0bd644682c32d695d5a7a1247f5ac81	597b7e3469398a78c5dfd1d7ca95231f	4b7b2a0632b74ea7c782b57a334c4afd
39781	f0bd644682c32d695d5a7a1247f5ac81	597b7e3469398a78c5dfd1d7ca95231f	4b7b2a0632b74ea7c782b57a334c4afd
39782	f0bd644682c32d695d5a7a1247f5ac81	597b7e3469398a78c5dfd1d7ca95231f	4b7b2a0632b74ea7c782b57a334c4afd
39783	f0bd644682c32d695d5a7a1247f5ac81	597b7e3469398a78c5dfd1d7ca95231f	4b7b2a0632b74ea7c782b57a334c4afd
39784	f0bd644682c32d695d5a7a1247f5ac81	597b7e3469398a78c5dfd1d7ca95231f	4b7b2a0632b74ea7c782b57a334c4afd
39785	f0bd644682c32d695d5a7a1247f5ac81	597b7e3469398a78c5dfd1d7ca95231f	4b7b2a0632b74ea7c782b57a334c4afd
39786	7652d716902a9874cc13b4078362f9cf	0d378739646939d1095651bd0f38b022	33e9e371633b2c2b60c2cf1ccb825b7d
39787	7652d716902a9874cc13b4078362f9cf	0d378739646939d1095651bd0f38b022	33e9e371633b2c2b60c2cf1ccb825b7d
39788	7652d716902a9874cc13b4078362f9cf	0d378739646939d1095651bd0f38b022	33e9e371633b2c2b60c2cf1ccb825b7d
39789	18e32884419a39cc71e931ecac989b42	0bfe7f534764d019936b29227fe5d304	e65859a529d1911d6fbd492c7a7a9d49
39790	18e32884419a39cc71e931ecac989b42	0bfe7f534764d019936b29227fe5d304	e65859a529d1911d6fbd492c7a7a9d49
39791	1db177cff4839cf0eb23004ec616f24e	050f88d8c77512f4485efeab783f1250	87a9c51386e04b2999bd4b46dfdda48a
39792	1db177cff4839cf0eb23004ec616f24e	050f88d8c77512f4485efeab783f1250	87a9c51386e04b2999bd4b46dfdda48a
39793	1db177cff4839cf0eb23004ec616f24e	050f88d8c77512f4485efeab783f1250	87a9c51386e04b2999bd4b46dfdda48a
39794	1db177cff4839cf0eb23004ec616f24e	050f88d8c77512f4485efeab783f1250	87a9c51386e04b2999bd4b46dfdda48a
39795	1db177cff4839cf0eb23004ec616f24e	050f88d8c77512f4485efeab783f1250	87a9c51386e04b2999bd4b46dfdda48a
39796	3aff42b8ac196acb2d1e86565f76abaf	8836d49a05e9b4ba13d7d420768fe6c4	6e90f8b5bcb68ddb832f7d8cb1607748
39797	3aff42b8ac196acb2d1e86565f76abaf	8836d49a05e9b4ba13d7d420768fe6c4	6e90f8b5bcb68ddb832f7d8cb1607748
39798	3aff42b8ac196acb2d1e86565f76abaf	8836d49a05e9b4ba13d7d420768fe6c4	6e90f8b5bcb68ddb832f7d8cb1607748
39799	3aff42b8ac196acb2d1e86565f76abaf	8836d49a05e9b4ba13d7d420768fe6c4	6e90f8b5bcb68ddb832f7d8cb1607748
39800	3aff42b8ac196acb2d1e86565f76abaf	8836d49a05e9b4ba13d7d420768fe6c4	6e90f8b5bcb68ddb832f7d8cb1607748
39801	3aff42b8ac196acb2d1e86565f76abaf	8836d49a05e9b4ba13d7d420768fe6c4	6e90f8b5bcb68ddb832f7d8cb1607748
39802	3aff42b8ac196acb2d1e86565f76abaf	8836d49a05e9b4ba13d7d420768fe6c4	6e90f8b5bcb68ddb832f7d8cb1607748
39803	1dbeaf640b325e4662b93df3f8f543f6	003077cab9b316ca4e61325331331531	e42e6b1b5ae6771e371d36735cec7701
39804	1dbeaf640b325e4662b93df3f8f543f6	003077cab9b316ca4e61325331331531	e42e6b1b5ae6771e371d36735cec7701
39805	811d84e319f16bc7ffdb54d6c5c49119	e67e8daf7fcd1831c75857aaf7a322f5	06baf1a77e029b59552396c2350e1fa5
39806	1dbeaf640b325e4662b93df3f8f543f6	003077cab9b316ca4e61325331331531	e42e6b1b5ae6771e371d36735cec7701
39807	1dbeaf640b325e4662b93df3f8f543f6	003077cab9b316ca4e61325331331531	e42e6b1b5ae6771e371d36735cec7701
39808	25f2507f8ab37d34ae8c54b1d0faf408	ab11d7e131eaca1062e51f2f2f1900f9	a352096c7ef5874a81ca93fc8091643c
39809	25f2507f8ab37d34ae8c54b1d0faf408	ab11d7e131eaca1062e51f2f2f1900f9	a352096c7ef5874a81ca93fc8091643c
39810	25f2507f8ab37d34ae8c54b1d0faf408	ab11d7e131eaca1062e51f2f2f1900f9	a352096c7ef5874a81ca93fc8091643c
39811	fa6f458436ffb9704750362676d5fde3	88a1365e686c14d97ef250b0569303a0	e959c0432bbe2a001f81f9f526854dc6
39812	fa6f458436ffb9704750362676d5fde3	88a1365e686c14d97ef250b0569303a0	e959c0432bbe2a001f81f9f526854dc6
39813	0b0b23036afac9ecf87ec253ef7acfd5	90df10a9b90d2dad97181af718252035	675a5398ef0bd1523da2d71a0dfae528
39814	0b0b23036afac9ecf87ec253ef7acfd5	90df10a9b90d2dad97181af718252035	675a5398ef0bd1523da2d71a0dfae528
39815	4f58c96f8c7551a79b7237ee975a1409	1a4da051038bf396721e987830a27f11	00e9dc6616a4f8a8829625e77635f8da
39816	4f58c96f8c7551a79b7237ee975a1409	1a4da051038bf396721e987830a27f11	00e9dc6616a4f8a8829625e77635f8da
39817	4f58c96f8c7551a79b7237ee975a1409	1a4da051038bf396721e987830a27f11	00e9dc6616a4f8a8829625e77635f8da
39818	af7d12f261c4f96dcb18da456c60492f	c454a46a4ee6efd501cf716a2fb58fe8	28fddc5efdadff0d11ec05c9da96d69e
39819	4f58c96f8c7551a79b7237ee975a1409	1a4da051038bf396721e987830a27f11	00e9dc6616a4f8a8829625e77635f8da
39820	5677a4db3ba3ee7074038acd11f518b3	56c3587ae7f9d6c31160bda778c45613	0ae22be9df571819d718799869864672
39821	5677a4db3ba3ee7074038acd11f518b3	56c3587ae7f9d6c31160bda778c45613	0ae22be9df571819d718799869864672
39822	5677a4db3ba3ee7074038acd11f518b3	56c3587ae7f9d6c31160bda778c45613	0ae22be9df571819d718799869864672
39823	5677a4db3ba3ee7074038acd11f518b3	56c3587ae7f9d6c31160bda778c45613	0ae22be9df571819d718799869864672
39824	5677a4db3ba3ee7074038acd11f518b3	56c3587ae7f9d6c31160bda778c45613	0ae22be9df571819d718799869864672
39825	5677a4db3ba3ee7074038acd11f518b3	56c3587ae7f9d6c31160bda778c45613	0ae22be9df571819d718799869864672
39826	5677a4db3ba3ee7074038acd11f518b3	56c3587ae7f9d6c31160bda778c45613	0ae22be9df571819d718799869864672
39827	5e54d3af7df69a30e4c70dcc2732b28b	6bb0fdc7418dc9c96f1c683fdbf47d0a	8ef93cadafa5ba9a2f915a3528371e52
39828	5e54d3af7df69a30e4c70dcc2732b28b	6bb0fdc7418dc9c96f1c683fdbf47d0a	8ef93cadafa5ba9a2f915a3528371e52
39829	5e54d3af7df69a30e4c70dcc2732b28b	6bb0fdc7418dc9c96f1c683fdbf47d0a	8ef93cadafa5ba9a2f915a3528371e52
39830	5e54d3af7df69a30e4c70dcc2732b28b	6bb0fdc7418dc9c96f1c683fdbf47d0a	8ef93cadafa5ba9a2f915a3528371e52
39831	5e54d3af7df69a30e4c70dcc2732b28b	6bb0fdc7418dc9c96f1c683fdbf47d0a	8ef93cadafa5ba9a2f915a3528371e52
39832	64d6010f36ae810d11917f3261168465	8c30f75901b409bcd06c43fbad26cb78	59c102eaf89276079ac5fdc66bdb35c9
39833	64d6010f36ae810d11917f3261168465	8c30f75901b409bcd06c43fbad26cb78	59c102eaf89276079ac5fdc66bdb35c9
39834	64d6010f36ae810d11917f3261168465	8c30f75901b409bcd06c43fbad26cb78	59c102eaf89276079ac5fdc66bdb35c9
39835	64d6010f36ae810d11917f3261168465	8c30f75901b409bcd06c43fbad26cb78	59c102eaf89276079ac5fdc66bdb35c9
39836	64d6010f36ae810d11917f3261168465	8c30f75901b409bcd06c43fbad26cb78	59c102eaf89276079ac5fdc66bdb35c9
39837	6dea7d5e36657f08264729ce9937f247	f091a22cc93cc4c7064efe74ec2a3bf0	584a9469e23582a1e14a1ae8534faed3
39838	6dea7d5e36657f08264729ce9937f247	f091a22cc93cc4c7064efe74ec2a3bf0	584a9469e23582a1e14a1ae8534faed3
39839	6dea7d5e36657f08264729ce9937f247	f091a22cc93cc4c7064efe74ec2a3bf0	584a9469e23582a1e14a1ae8534faed3
39840	6dea7d5e36657f08264729ce9937f247	f091a22cc93cc4c7064efe74ec2a3bf0	584a9469e23582a1e14a1ae8534faed3
39841	6dea7d5e36657f08264729ce9937f247	f091a22cc93cc4c7064efe74ec2a3bf0	584a9469e23582a1e14a1ae8534faed3
39842	6dea7d5e36657f08264729ce9937f247	f091a22cc93cc4c7064efe74ec2a3bf0	584a9469e23582a1e14a1ae8534faed3
39843	6dea7d5e36657f08264729ce9937f247	f091a22cc93cc4c7064efe74ec2a3bf0	584a9469e23582a1e14a1ae8534faed3
39844	6dea7d5e36657f08264729ce9937f247	f091a22cc93cc4c7064efe74ec2a3bf0	584a9469e23582a1e14a1ae8534faed3
39845	6dea7d5e36657f08264729ce9937f247	f091a22cc93cc4c7064efe74ec2a3bf0	584a9469e23582a1e14a1ae8534faed3
39846	6dea7d5e36657f08264729ce9937f247	f091a22cc93cc4c7064efe74ec2a3bf0	584a9469e23582a1e14a1ae8534faed3
39847	d7ff13eeccea2369366d76f4a3a6dafa	12465300dda9ef5dd0235a7e90d1d217	737b444118afd3df45c54baaf4d75e1e
39848	6dea7d5e36657f08264729ce9937f247	f091a22cc93cc4c7064efe74ec2a3bf0	584a9469e23582a1e14a1ae8534faed3
39849	4c853f7d082c509210521838968e20ac	24ac5b710530eb58e39cf811895aa93c	8670c733d07cff22727b6b5211946258
39850	4c853f7d082c509210521838968e20ac	24ac5b710530eb58e39cf811895aa93c	8670c733d07cff22727b6b5211946258
39851	4c853f7d082c509210521838968e20ac	24ac5b710530eb58e39cf811895aa93c	8670c733d07cff22727b6b5211946258
39852	4c853f7d082c509210521838968e20ac	24ac5b710530eb58e39cf811895aa93c	8670c733d07cff22727b6b5211946258
39853	4c853f7d082c509210521838968e20ac	24ac5b710530eb58e39cf811895aa93c	8670c733d07cff22727b6b5211946258
39854	4c853f7d082c509210521838968e20ac	24ac5b710530eb58e39cf811895aa93c	8670c733d07cff22727b6b5211946258
39855	4c853f7d082c509210521838968e20ac	24ac5b710530eb58e39cf811895aa93c	8670c733d07cff22727b6b5211946258
39856	c71837aa4b75ebab9ef951531d9046fc	c556fd08b429404e24118188268d7587	4ade581c54d45174f134f55fce9af18f
39857	c71837aa4b75ebab9ef951531d9046fc	c556fd08b429404e24118188268d7587	4ade581c54d45174f134f55fce9af18f
39858	c71837aa4b75ebab9ef951531d9046fc	c556fd08b429404e24118188268d7587	4ade581c54d45174f134f55fce9af18f
39859	6ab8628e04d9713c5bb3a85c25d9177c	73e95b5d501ffdf3a692e68b02a62b18	a74b322fbb4e250f82db0050500a66e9
39860	6ab8628e04d9713c5bb3a85c25d9177c	73e95b5d501ffdf3a692e68b02a62b18	a74b322fbb4e250f82db0050500a66e9
39861	c71837aa4b75ebab9ef951531d9046fc	c556fd08b429404e24118188268d7587	4ade581c54d45174f134f55fce9af18f
39862	c71837aa4b75ebab9ef951531d9046fc	c556fd08b429404e24118188268d7587	4ade581c54d45174f134f55fce9af18f
39863	c71837aa4b75ebab9ef951531d9046fc	c556fd08b429404e24118188268d7587	4ade581c54d45174f134f55fce9af18f
39864	317ce4e25430406d5d0e25d6808f6b2f	717c79e7d331395b3ca2639a7727fb46	f4ba351df11de2c6f5245c9065656081
39865	2b491b0e5e3d2ed150c2b721531b4b34	64c932475414e630876f2a58826bfe41	2d08fb5d3d307931600e8a7b5485bd3a
39866	bd2d8226607352df4217865930443464	aad385a79eead1ecf3373a8f214f504d	ca394324981fabd5137de29b314f9f6b
39867	bd2d8226607352df4217865930443464	aad385a79eead1ecf3373a8f214f504d	ca394324981fabd5137de29b314f9f6b
39868	bd2d8226607352df4217865930443464	aad385a79eead1ecf3373a8f214f504d	ca394324981fabd5137de29b314f9f6b
39869	bd2d8226607352df4217865930443464	aad385a79eead1ecf3373a8f214f504d	ca394324981fabd5137de29b314f9f6b
39870	bd2d8226607352df4217865930443464	aad385a79eead1ecf3373a8f214f504d	ca394324981fabd5137de29b314f9f6b
39871	bd2d8226607352df4217865930443464	aad385a79eead1ecf3373a8f214f504d	ca394324981fabd5137de29b314f9f6b
39872	bd2d8226607352df4217865930443464	aad385a79eead1ecf3373a8f214f504d	ca394324981fabd5137de29b314f9f6b
39873	2dd787d0396776a01899a4dd5d00f257	9fbbd28fc9d8425f9881f92c2f5a9491	85e45e04ef46d68089655e05fc94df73
39874	bde8784a870cf4409e14a190f4152820	fdd443d471b438e7c4bf2c43c431eb7f	765c647f85b1d8290dd7f8de5bdb4c40
39875	bde8784a870cf4409e14a190f4152820	fdd443d471b438e7c4bf2c43c431eb7f	765c647f85b1d8290dd7f8de5bdb4c40
39876	2c1e6410d1cf8cc7eee4f743b8b18cf8	0d193c6e0aecafdb03de626a12f233aa	f50ce0fd660d2ee44f272cdb2dd6301f
39877	505b6b5e26dd7f7f84975267d5ac86ae	e77c699d86e20606cfe4ed1266782a10	1b3bf75ae20929bc9dd9bbaf45023527
39878	15345ec2b65fc30c8e2dfe23cf298b77	bbe04a19b2b02dd66ebbaf35d703ed66	afede977077da031b5bb71dba9be944f
39879	15345ec2b65fc30c8e2dfe23cf298b77	bbe04a19b2b02dd66ebbaf35d703ed66	afede977077da031b5bb71dba9be944f
39880	15345ec2b65fc30c8e2dfe23cf298b77	bbe04a19b2b02dd66ebbaf35d703ed66	afede977077da031b5bb71dba9be944f
39881	15345ec2b65fc30c8e2dfe23cf298b77	bbe04a19b2b02dd66ebbaf35d703ed66	afede977077da031b5bb71dba9be944f
39882	15345ec2b65fc30c8e2dfe23cf298b77	bbe04a19b2b02dd66ebbaf35d703ed66	afede977077da031b5bb71dba9be944f
39883	15345ec2b65fc30c8e2dfe23cf298b77	bbe04a19b2b02dd66ebbaf35d703ed66	afede977077da031b5bb71dba9be944f
39884	15345ec2b65fc30c8e2dfe23cf298b77	bbe04a19b2b02dd66ebbaf35d703ed66	afede977077da031b5bb71dba9be944f
39885	15345ec2b65fc30c8e2dfe23cf298b77	bbe04a19b2b02dd66ebbaf35d703ed66	afede977077da031b5bb71dba9be944f
39886	15345ec2b65fc30c8e2dfe23cf298b77	bbe04a19b2b02dd66ebbaf35d703ed66	afede977077da031b5bb71dba9be944f
39887	15345ec2b65fc30c8e2dfe23cf298b77	bbe04a19b2b02dd66ebbaf35d703ed66	afede977077da031b5bb71dba9be944f
39888	15345ec2b65fc30c8e2dfe23cf298b77	bbe04a19b2b02dd66ebbaf35d703ed66	afede977077da031b5bb71dba9be944f
39889	15345ec2b65fc30c8e2dfe23cf298b77	bbe04a19b2b02dd66ebbaf35d703ed66	afede977077da031b5bb71dba9be944f
39890	15345ec2b65fc30c8e2dfe23cf298b77	bbe04a19b2b02dd66ebbaf35d703ed66	afede977077da031b5bb71dba9be944f
39891	15345ec2b65fc30c8e2dfe23cf298b77	bbe04a19b2b02dd66ebbaf35d703ed66	afede977077da031b5bb71dba9be944f
39892	15345ec2b65fc30c8e2dfe23cf298b77	bbe04a19b2b02dd66ebbaf35d703ed66	afede977077da031b5bb71dba9be944f
39893	15345ec2b65fc30c8e2dfe23cf298b77	bbe04a19b2b02dd66ebbaf35d703ed66	afede977077da031b5bb71dba9be944f
39894	15345ec2b65fc30c8e2dfe23cf298b77	bbe04a19b2b02dd66ebbaf35d703ed66	afede977077da031b5bb71dba9be944f
39895	4f4ef9937b8483f69e4322a163dfe3b7	b4a3766d22786f9ed577ce3cfa97b6e8	620b399fa41b97b5678583f98b5756bd
39896	4f4ef9937b8483f69e4322a163dfe3b7	b4a3766d22786f9ed577ce3cfa97b6e8	620b399fa41b97b5678583f98b5756bd
39897	4f4ef9937b8483f69e4322a163dfe3b7	b4a3766d22786f9ed577ce3cfa97b6e8	620b399fa41b97b5678583f98b5756bd
39898	4f4ef9937b8483f69e4322a163dfe3b7	b4a3766d22786f9ed577ce3cfa97b6e8	620b399fa41b97b5678583f98b5756bd
39899	4f4ef9937b8483f69e4322a163dfe3b7	b4a3766d22786f9ed577ce3cfa97b6e8	620b399fa41b97b5678583f98b5756bd
39900	4f4ef9937b8483f69e4322a163dfe3b7	b4a3766d22786f9ed577ce3cfa97b6e8	620b399fa41b97b5678583f98b5756bd
39901	4f4ef9937b8483f69e4322a163dfe3b7	b4a3766d22786f9ed577ce3cfa97b6e8	620b399fa41b97b5678583f98b5756bd
39902	a437f964edd0f9de24583e8dac00bce5	557ba4707a528e757ffcaa353c9f5595	061c118ea7e5bae766cb47795c945e85
39903	a437f964edd0f9de24583e8dac00bce5	557ba4707a528e757ffcaa353c9f5595	061c118ea7e5bae766cb47795c945e85
39904	a437f964edd0f9de24583e8dac00bce5	557ba4707a528e757ffcaa353c9f5595	061c118ea7e5bae766cb47795c945e85
39905	4c50a276acb28ec46de338ea09fe156d	ba49136aa51585c2d18fb36080c43f30	21056f905057a39607b0adf95945d945
39906	4c50a276acb28ec46de338ea09fe156d	ba49136aa51585c2d18fb36080c43f30	21056f905057a39607b0adf95945d945
39907	efafef2bf734fc91baa48fd364d0a86c	124e3beaca33307c9d9ed74006fcdc19	3775576bbe957e6c8e334aa690b21c62
39908	efafef2bf734fc91baa48fd364d0a86c	124e3beaca33307c9d9ed74006fcdc19	3775576bbe957e6c8e334aa690b21c62
39909	efafef2bf734fc91baa48fd364d0a86c	124e3beaca33307c9d9ed74006fcdc19	3775576bbe957e6c8e334aa690b21c62
39910	efafef2bf734fc91baa48fd364d0a86c	124e3beaca33307c9d9ed74006fcdc19	3775576bbe957e6c8e334aa690b21c62
39911	efafef2bf734fc91baa48fd364d0a86c	124e3beaca33307c9d9ed74006fcdc19	3775576bbe957e6c8e334aa690b21c62
39912	efafef2bf734fc91baa48fd364d0a86c	124e3beaca33307c9d9ed74006fcdc19	3775576bbe957e6c8e334aa690b21c62
39913	efafef2bf734fc91baa48fd364d0a86c	124e3beaca33307c9d9ed74006fcdc19	3775576bbe957e6c8e334aa690b21c62
39914	871d2ad2e8c57d5fd6b545d9c9cac171	83a23ba2dd780115fc52b814a9623e8d	578b558cc49036509e0536150b02f710
39915	871d2ad2e8c57d5fd6b545d9c9cac171	83a23ba2dd780115fc52b814a9623e8d	578b558cc49036509e0536150b02f710
39916	871d2ad2e8c57d5fd6b545d9c9cac171	83a23ba2dd780115fc52b814a9623e8d	578b558cc49036509e0536150b02f710
39917	871d2ad2e8c57d5fd6b545d9c9cac171	83a23ba2dd780115fc52b814a9623e8d	578b558cc49036509e0536150b02f710
39918	871d2ad2e8c57d5fd6b545d9c9cac171	83a23ba2dd780115fc52b814a9623e8d	578b558cc49036509e0536150b02f710
39919	5690a10cb4bbbadf27a5e0b4e38e10e6	9a1eaceb5254644db9437bacc178db09	41df0547da14458e642cf986bf410b1e
39920	5690a10cb4bbbadf27a5e0b4e38e10e6	9a1eaceb5254644db9437bacc178db09	41df0547da14458e642cf986bf410b1e
39921	5690a10cb4bbbadf27a5e0b4e38e10e6	9a1eaceb5254644db9437bacc178db09	41df0547da14458e642cf986bf410b1e
39922	5690a10cb4bbbadf27a5e0b4e38e10e6	9a1eaceb5254644db9437bacc178db09	41df0547da14458e642cf986bf410b1e
39923	5690a10cb4bbbadf27a5e0b4e38e10e6	9a1eaceb5254644db9437bacc178db09	41df0547da14458e642cf986bf410b1e
39924	5690a10cb4bbbadf27a5e0b4e38e10e6	9a1eaceb5254644db9437bacc178db09	41df0547da14458e642cf986bf410b1e
39925	5690a10cb4bbbadf27a5e0b4e38e10e6	9a1eaceb5254644db9437bacc178db09	41df0547da14458e642cf986bf410b1e
39926	3994f6cbe362b71c6c35732540a1acc2	b9f4a5ce3df8c2024dbcb32f06742bf8	9007916f8e1d59ef8c37c5f8ea106198
39927	3994f6cbe362b71c6c35732540a1acc2	b9f4a5ce3df8c2024dbcb32f06742bf8	9007916f8e1d59ef8c37c5f8ea106198
39928	3994f6cbe362b71c6c35732540a1acc2	b9f4a5ce3df8c2024dbcb32f06742bf8	9007916f8e1d59ef8c37c5f8ea106198
39929	3994f6cbe362b71c6c35732540a1acc2	b9f4a5ce3df8c2024dbcb32f06742bf8	9007916f8e1d59ef8c37c5f8ea106198
39930	3994f6cbe362b71c6c35732540a1acc2	b9f4a5ce3df8c2024dbcb32f06742bf8	9007916f8e1d59ef8c37c5f8ea106198
39931	3994f6cbe362b71c6c35732540a1acc2	b9f4a5ce3df8c2024dbcb32f06742bf8	9007916f8e1d59ef8c37c5f8ea106198
39932	3994f6cbe362b71c6c35732540a1acc2	b9f4a5ce3df8c2024dbcb32f06742bf8	9007916f8e1d59ef8c37c5f8ea106198
39933	3994f6cbe362b71c6c35732540a1acc2	b9f4a5ce3df8c2024dbcb32f06742bf8	9007916f8e1d59ef8c37c5f8ea106198
39934	3994f6cbe362b71c6c35732540a1acc2	b9f4a5ce3df8c2024dbcb32f06742bf8	9007916f8e1d59ef8c37c5f8ea106198
39935	3994f6cbe362b71c6c35732540a1acc2	b9f4a5ce3df8c2024dbcb32f06742bf8	9007916f8e1d59ef8c37c5f8ea106198
39936	1b1921749139d683ee36f25d11358ea8	f682fce55619de508f2a4339de832f97	46f4a4cb5f9e5a04b4d41d75f4ac42c1
39937	1b1921749139d683ee36f25d11358ea8	f682fce55619de508f2a4339de832f97	46f4a4cb5f9e5a04b4d41d75f4ac42c1
39938	1b1921749139d683ee36f25d11358ea8	f682fce55619de508f2a4339de832f97	46f4a4cb5f9e5a04b4d41d75f4ac42c1
39939	34a02e9450a62f12fd7ddfed1f9a3eae	b8ae0391e976b3c9d5428e5007aa3265	ab3b9b1270cd6f30e89f6c698419b445
39940	34a02e9450a62f12fd7ddfed1f9a3eae	b8ae0391e976b3c9d5428e5007aa3265	ab3b9b1270cd6f30e89f6c698419b445
39941	20856e45c989ca9c86b87657ba461c7d	77e7feaa97d7558141e5746abc1a25da	51d1c3620c2d6767c2e68aa335f25b67
39942	074f3638f7bed048dd92ce5a0d15bd3f	2290173a3cacdae337bbcae5c80b46b0	780e207e4e85dc18d4637d651a3ade2e
39943	848cefbcab33267f0a7eee8157c2a6b1	cd80ed69d758c9df6fc28698e362f9f5	d3152ca983e3ddcc799aff719fa2679c
39944	848cefbcab33267f0a7eee8157c2a6b1	cd80ed69d758c9df6fc28698e362f9f5	d3152ca983e3ddcc799aff719fa2679c
39945	848cefbcab33267f0a7eee8157c2a6b1	cd80ed69d758c9df6fc28698e362f9f5	d3152ca983e3ddcc799aff719fa2679c
39946	848cefbcab33267f0a7eee8157c2a6b1	cd80ed69d758c9df6fc28698e362f9f5	d3152ca983e3ddcc799aff719fa2679c
39947	848cefbcab33267f0a7eee8157c2a6b1	cd80ed69d758c9df6fc28698e362f9f5	d3152ca983e3ddcc799aff719fa2679c
39948	7d7ac9b6f2fa8b25dd44c60002f42716	5e7dac7147ed22226e2bfa8ba0fbcb48	de29e1c0f226e0b80ad93546d549bea8
39949	7d7ac9b6f2fa8b25dd44c60002f42716	5e7dac7147ed22226e2bfa8ba0fbcb48	de29e1c0f226e0b80ad93546d549bea8
39950	7d7ac9b6f2fa8b25dd44c60002f42716	5e7dac7147ed22226e2bfa8ba0fbcb48	de29e1c0f226e0b80ad93546d549bea8
39951	7d7ac9b6f2fa8b25dd44c60002f42716	5e7dac7147ed22226e2bfa8ba0fbcb48	de29e1c0f226e0b80ad93546d549bea8
39952	7d7ac9b6f2fa8b25dd44c60002f42716	5e7dac7147ed22226e2bfa8ba0fbcb48	de29e1c0f226e0b80ad93546d549bea8
39953	7d7ac9b6f2fa8b25dd44c60002f42716	5e7dac7147ed22226e2bfa8ba0fbcb48	de29e1c0f226e0b80ad93546d549bea8
39954	7d7ac9b6f2fa8b25dd44c60002f42716	5e7dac7147ed22226e2bfa8ba0fbcb48	de29e1c0f226e0b80ad93546d549bea8
39955	b3a8a0f7c6f64bb5c79278224bdf6935	93656e33881a1edf5b25310a4e93fedc	b42cd866bc93ee06bfa70a472b791341
39956	79ac42deefc1659a34faed6c4f0fef90	4ea706ae47722bd03922106d5726bf6b	2201816b4610724f1420be034fb32617
39957	79ac42deefc1659a34faed6c4f0fef90	4ea706ae47722bd03922106d5726bf6b	2201816b4610724f1420be034fb32617
39958	b3a8a0f7c6f64bb5c79278224bdf6935	93656e33881a1edf5b25310a4e93fedc	b42cd866bc93ee06bfa70a472b791341
39959	b3a8a0f7c6f64bb5c79278224bdf6935	93656e33881a1edf5b25310a4e93fedc	b42cd866bc93ee06bfa70a472b791341
39960	b3a8a0f7c6f64bb5c79278224bdf6935	93656e33881a1edf5b25310a4e93fedc	b42cd866bc93ee06bfa70a472b791341
39961	b3a8a0f7c6f64bb5c79278224bdf6935	93656e33881a1edf5b25310a4e93fedc	b42cd866bc93ee06bfa70a472b791341
39962	b3a8a0f7c6f64bb5c79278224bdf6935	93656e33881a1edf5b25310a4e93fedc	b42cd866bc93ee06bfa70a472b791341
39963	7a35bd93decb5c81d4420ad35186ec07	30c690ffc6516901c175de07b94a232f	33b0d3fdc537ca1242d197e9cb816138
39964	f7abbaff926ac3e8fcd43737fa3b3b03	658ad276a0f524ae10ee241338fe3b8e	cbdee25bf9f387bc074184b19235f359
39965	c7216e6f5a47cbb541d1702325bf0da6	a34169df965b56fee6ce61021faac688	b23ec93b09295f7c01a1734e9c26c848
39966	c7216e6f5a47cbb541d1702325bf0da6	a34169df965b56fee6ce61021faac688	b23ec93b09295f7c01a1734e9c26c848
39967	c7216e6f5a47cbb541d1702325bf0da6	a34169df965b56fee6ce61021faac688	b23ec93b09295f7c01a1734e9c26c848
39968	c7216e6f5a47cbb541d1702325bf0da6	a34169df965b56fee6ce61021faac688	b23ec93b09295f7c01a1734e9c26c848
39969	c7216e6f5a47cbb541d1702325bf0da6	a34169df965b56fee6ce61021faac688	b23ec93b09295f7c01a1734e9c26c848
39970	c7216e6f5a47cbb541d1702325bf0da6	a34169df965b56fee6ce61021faac688	b23ec93b09295f7c01a1734e9c26c848
39971	c7216e6f5a47cbb541d1702325bf0da6	a34169df965b56fee6ce61021faac688	b23ec93b09295f7c01a1734e9c26c848
39972	746a778d4e274d7c33365ed41950383e	1197f4a74ccf43e811486c8a20ed897a	06020d0222073424a7fa0072f72d0c8e
39973	746a778d4e274d7c33365ed41950383e	1197f4a74ccf43e811486c8a20ed897a	06020d0222073424a7fa0072f72d0c8e
39974	746a778d4e274d7c33365ed41950383e	1197f4a74ccf43e811486c8a20ed897a	06020d0222073424a7fa0072f72d0c8e
39975	aee8596fc037cabfe8f690d97baaecc6	c2902ec973c2cc2c025f26ca28efb4aa	c7557f6a77699581cc85dbfab02d2e4d
39976	aee8596fc037cabfe8f690d97baaecc6	c2902ec973c2cc2c025f26ca28efb4aa	c7557f6a77699581cc85dbfab02d2e4d
39977	c7216e6f5a47cbb541d1702325bf0da6	a34169df965b56fee6ce61021faac688	b23ec93b09295f7c01a1734e9c26c848
39978	c7216e6f5a47cbb541d1702325bf0da6	a34169df965b56fee6ce61021faac688	b23ec93b09295f7c01a1734e9c26c848
39979	c7216e6f5a47cbb541d1702325bf0da6	a34169df965b56fee6ce61021faac688	b23ec93b09295f7c01a1734e9c26c848
39980	c7216e6f5a47cbb541d1702325bf0da6	a34169df965b56fee6ce61021faac688	b23ec93b09295f7c01a1734e9c26c848
39981	c7216e6f5a47cbb541d1702325bf0da6	a34169df965b56fee6ce61021faac688	b23ec93b09295f7c01a1734e9c26c848
39982	c7216e6f5a47cbb541d1702325bf0da6	a34169df965b56fee6ce61021faac688	b23ec93b09295f7c01a1734e9c26c848
39983	c7216e6f5a47cbb541d1702325bf0da6	a34169df965b56fee6ce61021faac688	b23ec93b09295f7c01a1734e9c26c848
39984	c7216e6f5a47cbb541d1702325bf0da6	a34169df965b56fee6ce61021faac688	b23ec93b09295f7c01a1734e9c26c848
39985	c7216e6f5a47cbb541d1702325bf0da6	a34169df965b56fee6ce61021faac688	b23ec93b09295f7c01a1734e9c26c848
39986	c7216e6f5a47cbb541d1702325bf0da6	a34169df965b56fee6ce61021faac688	b23ec93b09295f7c01a1734e9c26c848
39987	c7216e6f5a47cbb541d1702325bf0da6	a34169df965b56fee6ce61021faac688	b23ec93b09295f7c01a1734e9c26c848
39988	c7216e6f5a47cbb541d1702325bf0da6	a34169df965b56fee6ce61021faac688	b23ec93b09295f7c01a1734e9c26c848
39989	a60ef170b306cdd269265e56ca8ed22e	c2b02d2a8c8db5679ff228979e1a6c93	51b04d2d3d1345e5558f556eccbb5cca
39990	a60ef170b306cdd269265e56ca8ed22e	c2b02d2a8c8db5679ff228979e1a6c93	51b04d2d3d1345e5558f556eccbb5cca
39991	a60ef170b306cdd269265e56ca8ed22e	c2b02d2a8c8db5679ff228979e1a6c93	51b04d2d3d1345e5558f556eccbb5cca
39992	a60ef170b306cdd269265e56ca8ed22e	c2b02d2a8c8db5679ff228979e1a6c93	51b04d2d3d1345e5558f556eccbb5cca
39993	a60ef170b306cdd269265e56ca8ed22e	c2b02d2a8c8db5679ff228979e1a6c93	51b04d2d3d1345e5558f556eccbb5cca
39994	a60ef170b306cdd269265e56ca8ed22e	c2b02d2a8c8db5679ff228979e1a6c93	51b04d2d3d1345e5558f556eccbb5cca
39995	a60ef170b306cdd269265e56ca8ed22e	c2b02d2a8c8db5679ff228979e1a6c93	51b04d2d3d1345e5558f556eccbb5cca
39996	a60ef170b306cdd269265e56ca8ed22e	c2b02d2a8c8db5679ff228979e1a6c93	51b04d2d3d1345e5558f556eccbb5cca
39997	a60ef170b306cdd269265e56ca8ed22e	c2b02d2a8c8db5679ff228979e1a6c93	51b04d2d3d1345e5558f556eccbb5cca
39998	a60ef170b306cdd269265e56ca8ed22e	c2b02d2a8c8db5679ff228979e1a6c93	51b04d2d3d1345e5558f556eccbb5cca
39999	a60ef170b306cdd269265e56ca8ed22e	c2b02d2a8c8db5679ff228979e1a6c93	51b04d2d3d1345e5558f556eccbb5cca
40000	a60ef170b306cdd269265e56ca8ed22e	c2b02d2a8c8db5679ff228979e1a6c93	51b04d2d3d1345e5558f556eccbb5cca
40001	a60ef170b306cdd269265e56ca8ed22e	c2b02d2a8c8db5679ff228979e1a6c93	51b04d2d3d1345e5558f556eccbb5cca
40002	a60ef170b306cdd269265e56ca8ed22e	c2b02d2a8c8db5679ff228979e1a6c93	51b04d2d3d1345e5558f556eccbb5cca
40003	a60ef170b306cdd269265e56ca8ed22e	c2b02d2a8c8db5679ff228979e1a6c93	51b04d2d3d1345e5558f556eccbb5cca
40004	a60ef170b306cdd269265e56ca8ed22e	c2b02d2a8c8db5679ff228979e1a6c93	51b04d2d3d1345e5558f556eccbb5cca
40005	a60ef170b306cdd269265e56ca8ed22e	c2b02d2a8c8db5679ff228979e1a6c93	51b04d2d3d1345e5558f556eccbb5cca
40006	be3d9b6edc5e22a0f8505a5b993b1e56	a87f3a3940d38ce5090fc6f532f5c4ee	291f72c97529f7ac4341d19a0c03248e
40007	be3d9b6edc5e22a0f8505a5b993b1e56	a87f3a3940d38ce5090fc6f532f5c4ee	291f72c97529f7ac4341d19a0c03248e
40008	be3d9b6edc5e22a0f8505a5b993b1e56	a87f3a3940d38ce5090fc6f532f5c4ee	291f72c97529f7ac4341d19a0c03248e
40009	be3d9b6edc5e22a0f8505a5b993b1e56	a87f3a3940d38ce5090fc6f532f5c4ee	291f72c97529f7ac4341d19a0c03248e
40010	be3d9b6edc5e22a0f8505a5b993b1e56	a87f3a3940d38ce5090fc6f532f5c4ee	291f72c97529f7ac4341d19a0c03248e
40011	be3d9b6edc5e22a0f8505a5b993b1e56	a87f3a3940d38ce5090fc6f532f5c4ee	291f72c97529f7ac4341d19a0c03248e
40012	be3d9b6edc5e22a0f8505a5b993b1e56	a87f3a3940d38ce5090fc6f532f5c4ee	291f72c97529f7ac4341d19a0c03248e
40013	05684a8ca98f81b3efe58c90a2cd44c8	b01eba4548e5c3d3d07482a2e10b161b	6974ad5995218ae3596416c3cf639f8e
40014	05684a8ca98f81b3efe58c90a2cd44c8	b01eba4548e5c3d3d07482a2e10b161b	6974ad5995218ae3596416c3cf639f8e
40015	05684a8ca98f81b3efe58c90a2cd44c8	b01eba4548e5c3d3d07482a2e10b161b	6974ad5995218ae3596416c3cf639f8e
40016	ba2484c63c3de1936d2deac694bf71aa	eddb363f5244aa461d18bf642942f1d6	7b03ee0314e009a23d5354a3594b8b01
40017	ba2484c63c3de1936d2deac694bf71aa	eddb363f5244aa461d18bf642942f1d6	7b03ee0314e009a23d5354a3594b8b01
40018	a093288ae8c48349528196c87d9c9916	02369ea9df65c45cccc709d08bfe8096	0b3fb0cf948ca0f5b7f5dea24ed404e5
40019	a093288ae8c48349528196c87d9c9916	02369ea9df65c45cccc709d08bfe8096	0b3fb0cf948ca0f5b7f5dea24ed404e5
40020	a093288ae8c48349528196c87d9c9916	02369ea9df65c45cccc709d08bfe8096	0b3fb0cf948ca0f5b7f5dea24ed404e5
40021	738383df30f5ef5152b9c4290d964675	deb92047d35ef03c804ee4adcd6c8d9d	a01cb0065a68ad0ba891d520f3d9e27c
40022	dde134deb554dbe9a9dec3c22c9d0336	2231aab197ab3d9342a119a2733a3953	6b0c5b3d1acb1ca8756bc303adeb434a
40023	e58d9cd14d7e72fcc27cc6de1f1112e7	4e6cf3c5a6b7e97ab1b934b6425091d6	f7687edcc08d084e4bd0a4a55db2ce3a
40024	f705a339778bfdbbe735d493ab3377df	c6724526b5a7cd11b85a891282e89d7d	1a0ed7096be639cb009f95989ba56d33
40025	1986c2737d47a615914784a31c9a9f97	e95f3c48da7342908b66552ed7c25801	c0e19339402a9f59bc970977bb371b81
40026	82e7f956ffbdeac9bbaa764043a0e76d	813b0565828ab453c1b745c56a78cdb4	08f6d3f17bdb114b6c7c9ef38ea616d3
40027	82e7f956ffbdeac9bbaa764043a0e76d	813b0565828ab453c1b745c56a78cdb4	08f6d3f17bdb114b6c7c9ef38ea616d3
40028	2fb032de09120c67d5c1bd9f370be33d	905ef68a313ff55fa9bb16d72d5b7ca7	86427cdfa3e843da7801add96bf0c4d5
40029	2fb032de09120c67d5c1bd9f370be33d	905ef68a313ff55fa9bb16d72d5b7ca7	86427cdfa3e843da7801add96bf0c4d5
40030	afd1a3619869454593fd3ffb289e9a09	e6c4258d33a1c767a8fac48480a76774	311c473b5625c7ca0fb2d8ce8c37a8f5
40031	afd1a3619869454593fd3ffb289e9a09	e6c4258d33a1c767a8fac48480a76774	311c473b5625c7ca0fb2d8ce8c37a8f5
40032	afd1a3619869454593fd3ffb289e9a09	e6c4258d33a1c767a8fac48480a76774	311c473b5625c7ca0fb2d8ce8c37a8f5
40033	afd1a3619869454593fd3ffb289e9a09	e6c4258d33a1c767a8fac48480a76774	311c473b5625c7ca0fb2d8ce8c37a8f5
40034	afd1a3619869454593fd3ffb289e9a09	e6c4258d33a1c767a8fac48480a76774	311c473b5625c7ca0fb2d8ce8c37a8f5
40035	967a369606b28849241ab839aac2fea8	e00f89a5fd89bea9229054edddc1910c	34e7c50fb13003fc5bb198322f9fc647
40036	967a369606b28849241ab839aac2fea8	e00f89a5fd89bea9229054edddc1910c	34e7c50fb13003fc5bb198322f9fc647
40037	967a369606b28849241ab839aac2fea8	e00f89a5fd89bea9229054edddc1910c	34e7c50fb13003fc5bb198322f9fc647
40038	04ccf0f15b3e25f93ef2ba94f58eaae3	bff5ab275ebc65cc3aacc8edb91592d1	f8d79325e1d52ae45ab41d8474f224ec
40039	6ade2cc4b96d1c226fd72e2038ec538a	4ff90af860fe6d740fda8bf48db27401	01caeea1b0493d3bae145b86cdb566c2
40040	ade78d7f18fa735d63314432cc8fc335	9ddb799d2c3551f4283a41b99fe5e798	a3838ea08e4021a10621db0b17558aca
40041	ade78d7f18fa735d63314432cc8fc335	9ddb799d2c3551f4283a41b99fe5e798	a3838ea08e4021a10621db0b17558aca
40042	672327a2a0b001f76b9c9b29a73a5ed8	ef82be8f15de84d6bda8fa6486c994ed	85c809d1652ec5ab3369082ca19909ca
40043	672327a2a0b001f76b9c9b29a73a5ed8	ef82be8f15de84d6bda8fa6486c994ed	85c809d1652ec5ab3369082ca19909ca
40044	672327a2a0b001f76b9c9b29a73a5ed8	ef82be8f15de84d6bda8fa6486c994ed	85c809d1652ec5ab3369082ca19909ca
40045	672327a2a0b001f76b9c9b29a73a5ed8	ef82be8f15de84d6bda8fa6486c994ed	85c809d1652ec5ab3369082ca19909ca
40046	672327a2a0b001f76b9c9b29a73a5ed8	ef82be8f15de84d6bda8fa6486c994ed	85c809d1652ec5ab3369082ca19909ca
40047	4fe60bf768dc4538708d79bbff87eec2	7b3a60ffbc2707158339d31df4603f9c	1b941f706f840068603340192e24dceb
40048	4fe60bf768dc4538708d79bbff87eec2	7b3a60ffbc2707158339d31df4603f9c	1b941f706f840068603340192e24dceb
40049	4fe60bf768dc4538708d79bbff87eec2	7b3a60ffbc2707158339d31df4603f9c	1b941f706f840068603340192e24dceb
40050	72fcdd71537ef2c7b8449d9f8c3519f7	04ee0f54593600708fb4174d8672342b	a094b7901fb6f904389d08de99d0ff75
40051	72fcdd71537ef2c7b8449d9f8c3519f7	04ee0f54593600708fb4174d8672342b	a094b7901fb6f904389d08de99d0ff75
40052	72fcdd71537ef2c7b8449d9f8c3519f7	04ee0f54593600708fb4174d8672342b	a094b7901fb6f904389d08de99d0ff75
40053	72fcdd71537ef2c7b8449d9f8c3519f7	04ee0f54593600708fb4174d8672342b	a094b7901fb6f904389d08de99d0ff75
40054	c317862b3809ccf669591c12478d9655	606efcaac8dba86336444a53e55a16b4	cf3a4a59f8dd26d0edd0b4135a8267ce
40055	c317862b3809ccf669591c12478d9655	606efcaac8dba86336444a53e55a16b4	cf3a4a59f8dd26d0edd0b4135a8267ce
40056	c317862b3809ccf669591c12478d9655	606efcaac8dba86336444a53e55a16b4	cf3a4a59f8dd26d0edd0b4135a8267ce
40057	4ab8d0940d487f5d482143c73b2f666b	03a3ab655f9097fec8e4dd6d7abbd5bd	6d1ee8cc5bf66887e9f12b372e8de092
40058	c317862b3809ccf669591c12478d9655	606efcaac8dba86336444a53e55a16b4	cf3a4a59f8dd26d0edd0b4135a8267ce
40059	0223feec2c0da063908c708362e21a6f	7f3a125cae4e44f950ef6c56ec9a948d	9b130e686560ac319a690c575c6ce4df
40060	0223feec2c0da063908c708362e21a6f	7f3a125cae4e44f950ef6c56ec9a948d	9b130e686560ac319a690c575c6ce4df
40061	0223feec2c0da063908c708362e21a6f	7f3a125cae4e44f950ef6c56ec9a948d	9b130e686560ac319a690c575c6ce4df
40062	0223feec2c0da063908c708362e21a6f	7f3a125cae4e44f950ef6c56ec9a948d	9b130e686560ac319a690c575c6ce4df
40063	0223feec2c0da063908c708362e21a6f	7f3a125cae4e44f950ef6c56ec9a948d	9b130e686560ac319a690c575c6ce4df
40064	0223feec2c0da063908c708362e21a6f	7f3a125cae4e44f950ef6c56ec9a948d	9b130e686560ac319a690c575c6ce4df
40065	0223feec2c0da063908c708362e21a6f	7f3a125cae4e44f950ef6c56ec9a948d	9b130e686560ac319a690c575c6ce4df
40066	ba36aec6b7f23e1e1cf80655d8a89c57	f3bcbe11f627ec694583bfd048cdf967	ca204f9ce93e8d32747d335145a93dc2
40067	ba36aec6b7f23e1e1cf80655d8a89c57	f3bcbe11f627ec694583bfd048cdf967	ca204f9ce93e8d32747d335145a93dc2
40068	ba36aec6b7f23e1e1cf80655d8a89c57	f3bcbe11f627ec694583bfd048cdf967	ca204f9ce93e8d32747d335145a93dc2
40069	ba36aec6b7f23e1e1cf80655d8a89c57	f3bcbe11f627ec694583bfd048cdf967	ca204f9ce93e8d32747d335145a93dc2
40070	ba36aec6b7f23e1e1cf80655d8a89c57	f3bcbe11f627ec694583bfd048cdf967	ca204f9ce93e8d32747d335145a93dc2
40071	509440a4a2aa6cf4bc7e7082f7c25f69	280524812ffa21d95455c43f0f08a32a	d168c90013c5772733794215ecd4601c
40072	509440a4a2aa6cf4bc7e7082f7c25f69	280524812ffa21d95455c43f0f08a32a	d168c90013c5772733794215ecd4601c
40073	509440a4a2aa6cf4bc7e7082f7c25f69	280524812ffa21d95455c43f0f08a32a	d168c90013c5772733794215ecd4601c
40074	509440a4a2aa6cf4bc7e7082f7c25f69	280524812ffa21d95455c43f0f08a32a	d168c90013c5772733794215ecd4601c
40075	509440a4a2aa6cf4bc7e7082f7c25f69	280524812ffa21d95455c43f0f08a32a	d168c90013c5772733794215ecd4601c
40076	d4fd537661b52048a14cfe6402aabb39	5eefa7764c9c5933baadb64229cde5e8	8f04e08353b9fbcabadd9d57d26b5574
40077	d4fd537661b52048a14cfe6402aabb39	5eefa7764c9c5933baadb64229cde5e8	8f04e08353b9fbcabadd9d57d26b5574
40078	d4fd537661b52048a14cfe6402aabb39	5eefa7764c9c5933baadb64229cde5e8	8f04e08353b9fbcabadd9d57d26b5574
40079	d4fd537661b52048a14cfe6402aabb39	5eefa7764c9c5933baadb64229cde5e8	8f04e08353b9fbcabadd9d57d26b5574
40080	d4fd537661b52048a14cfe6402aabb39	5eefa7764c9c5933baadb64229cde5e8	8f04e08353b9fbcabadd9d57d26b5574
40081	d4b5257b6deddb9a97c4cbcb7660de61	bba5a6f58c5add90148faf3075110498	393a13188b1804145f057f5e752ba33b
40082	67b7cb41f7858d21a309b7fc5fa1838a	e24833d2d265b2a7717e623649ae32ed	d07a8a2b73ad9961323ef4dddde198df
40083	4b4abafe8abe65167a9db2fcaa9c706c	6715e31d4112f99d586d3879bfec080c	b031d3d6addd3917f6f208a1f8736627
40084	4b4abafe8abe65167a9db2fcaa9c706c	6715e31d4112f99d586d3879bfec080c	b031d3d6addd3917f6f208a1f8736627
40085	4b4abafe8abe65167a9db2fcaa9c706c	6715e31d4112f99d586d3879bfec080c	b031d3d6addd3917f6f208a1f8736627
40086	d4fd537661b52048a14cfe6402aabb39	5eefa7764c9c5933baadb64229cde5e8	8f04e08353b9fbcabadd9d57d26b5574
40087	d4fd537661b52048a14cfe6402aabb39	5eefa7764c9c5933baadb64229cde5e8	8f04e08353b9fbcabadd9d57d26b5574
40088	a64c53fea98481ff6e667e322c5246b8	9dca26fb54b1918f726459fb863db86e	a5ad1c5d7e2f977e38eb11a06fdc04ba
40089	a64c53fea98481ff6e667e322c5246b8	9dca26fb54b1918f726459fb863db86e	a5ad1c5d7e2f977e38eb11a06fdc04ba
40090	a64c53fea98481ff6e667e322c5246b8	9dca26fb54b1918f726459fb863db86e	a5ad1c5d7e2f977e38eb11a06fdc04ba
40091	b952c1305449341e59fd8e5e911682dd	e159c42f5ac6dc1bd9a436be59844489	65d708288bddadf3005d0b0de1d3e17c
40092	b952c1305449341e59fd8e5e911682dd	e159c42f5ac6dc1bd9a436be59844489	65d708288bddadf3005d0b0de1d3e17c
40093	a94d4d628779d2a07b71014c556c805c	d47ba7473bb7d0e285a6e23a4fb5d5c6	5f171a9c7749e3e2b385e0bd8059237f
40094	a94d4d628779d2a07b71014c556c805c	d47ba7473bb7d0e285a6e23a4fb5d5c6	5f171a9c7749e3e2b385e0bd8059237f
40095	f2a4784d41bec7210006f09ab34742a9	dd82359036ad2f2be2fa9fb9a3109740	fb3346eeb497d12366e944bb95204a32
40096	f2a4784d41bec7210006f09ab34742a9	dd82359036ad2f2be2fa9fb9a3109740	fb3346eeb497d12366e944bb95204a32
40097	f2a4784d41bec7210006f09ab34742a9	dd82359036ad2f2be2fa9fb9a3109740	fb3346eeb497d12366e944bb95204a32
40098	f2a4784d41bec7210006f09ab34742a9	dd82359036ad2f2be2fa9fb9a3109740	fb3346eeb497d12366e944bb95204a32
40099	f2a4784d41bec7210006f09ab34742a9	dd82359036ad2f2be2fa9fb9a3109740	fb3346eeb497d12366e944bb95204a32
40100	f2a4784d41bec7210006f09ab34742a9	dd82359036ad2f2be2fa9fb9a3109740	fb3346eeb497d12366e944bb95204a32
40101	f2a4784d41bec7210006f09ab34742a9	dd82359036ad2f2be2fa9fb9a3109740	fb3346eeb497d12366e944bb95204a32
40102	f2a4784d41bec7210006f09ab34742a9	dd82359036ad2f2be2fa9fb9a3109740	fb3346eeb497d12366e944bb95204a32
40103	f2a4784d41bec7210006f09ab34742a9	dd82359036ad2f2be2fa9fb9a3109740	fb3346eeb497d12366e944bb95204a32
40104	f2a4784d41bec7210006f09ab34742a9	dd82359036ad2f2be2fa9fb9a3109740	fb3346eeb497d12366e944bb95204a32
40105	448e2953485ab25c4da7a75056841e7f	f3e561ef810965c2d0550a44981a6f71	24ac30c4c47ddce79ab9a02623f140dd
40106	448e2953485ab25c4da7a75056841e7f	f3e561ef810965c2d0550a44981a6f71	24ac30c4c47ddce79ab9a02623f140dd
40107	448e2953485ab25c4da7a75056841e7f	f3e561ef810965c2d0550a44981a6f71	24ac30c4c47ddce79ab9a02623f140dd
40108	448e2953485ab25c4da7a75056841e7f	f3e561ef810965c2d0550a44981a6f71	24ac30c4c47ddce79ab9a02623f140dd
40109	448e2953485ab25c4da7a75056841e7f	f3e561ef810965c2d0550a44981a6f71	24ac30c4c47ddce79ab9a02623f140dd
40110	448e2953485ab25c4da7a75056841e7f	f3e561ef810965c2d0550a44981a6f71	24ac30c4c47ddce79ab9a02623f140dd
40111	448e2953485ab25c4da7a75056841e7f	f3e561ef810965c2d0550a44981a6f71	24ac30c4c47ddce79ab9a02623f140dd
40112	c9859b37a9712964d0c90eaad5296b39	3b7a73db3332bd753e003921218d4e93	e7a34166d4a6546e88657c89b32bd597
40113	c9859b37a9712964d0c90eaad5296b39	3b7a73db3332bd753e003921218d4e93	e7a34166d4a6546e88657c89b32bd597
40114	c9859b37a9712964d0c90eaad5296b39	3b7a73db3332bd753e003921218d4e93	e7a34166d4a6546e88657c89b32bd597
40115	c9859b37a9712964d0c90eaad5296b39	3b7a73db3332bd753e003921218d4e93	e7a34166d4a6546e88657c89b32bd597
40116	c9859b37a9712964d0c90eaad5296b39	3b7a73db3332bd753e003921218d4e93	e7a34166d4a6546e88657c89b32bd597
40117	ae70ce9667524586ab6a6b5031fdb182	44d3c392d578c60805d6228cef16a25c	a7f19f6d1f627371b1e6f16d79e8d932
40118	ae70ce9667524586ab6a6b5031fdb182	44d3c392d578c60805d6228cef16a25c	a7f19f6d1f627371b1e6f16d79e8d932
40119	ae70ce9667524586ab6a6b5031fdb182	44d3c392d578c60805d6228cef16a25c	a7f19f6d1f627371b1e6f16d79e8d932
40120	ae70ce9667524586ab6a6b5031fdb182	44d3c392d578c60805d6228cef16a25c	a7f19f6d1f627371b1e6f16d79e8d932
40121	ae70ce9667524586ab6a6b5031fdb182	44d3c392d578c60805d6228cef16a25c	a7f19f6d1f627371b1e6f16d79e8d932
40122	ae70ce9667524586ab6a6b5031fdb182	44d3c392d578c60805d6228cef16a25c	a7f19f6d1f627371b1e6f16d79e8d932
40123	ae70ce9667524586ab6a6b5031fdb182	44d3c392d578c60805d6228cef16a25c	a7f19f6d1f627371b1e6f16d79e8d932
40124	ae70ce9667524586ab6a6b5031fdb182	44d3c392d578c60805d6228cef16a25c	a7f19f6d1f627371b1e6f16d79e8d932
40125	ae70ce9667524586ab6a6b5031fdb182	44d3c392d578c60805d6228cef16a25c	a7f19f6d1f627371b1e6f16d79e8d932
40126	ae70ce9667524586ab6a6b5031fdb182	44d3c392d578c60805d6228cef16a25c	a7f19f6d1f627371b1e6f16d79e8d932
40127	ae70ce9667524586ab6a6b5031fdb182	44d3c392d578c60805d6228cef16a25c	a7f19f6d1f627371b1e6f16d79e8d932
40128	ae70ce9667524586ab6a6b5031fdb182	44d3c392d578c60805d6228cef16a25c	a7f19f6d1f627371b1e6f16d79e8d932
40129	ae70ce9667524586ab6a6b5031fdb182	44d3c392d578c60805d6228cef16a25c	a7f19f6d1f627371b1e6f16d79e8d932
40130	ae70ce9667524586ab6a6b5031fdb182	44d3c392d578c60805d6228cef16a25c	a7f19f6d1f627371b1e6f16d79e8d932
40131	ae70ce9667524586ab6a6b5031fdb182	44d3c392d578c60805d6228cef16a25c	a7f19f6d1f627371b1e6f16d79e8d932
40132	ae70ce9667524586ab6a6b5031fdb182	44d3c392d578c60805d6228cef16a25c	a7f19f6d1f627371b1e6f16d79e8d932
40133	ae70ce9667524586ab6a6b5031fdb182	44d3c392d578c60805d6228cef16a25c	a7f19f6d1f627371b1e6f16d79e8d932
40134	7d8b899103e93a7f2db77fea806c85c9	162787dcda61a5ce10428cc97cd0c6df	0e16abc1910bcf015186f8ab3a3e1714
40135	7d8b899103e93a7f2db77fea806c85c9	162787dcda61a5ce10428cc97cd0c6df	0e16abc1910bcf015186f8ab3a3e1714
40136	7d8b899103e93a7f2db77fea806c85c9	162787dcda61a5ce10428cc97cd0c6df	0e16abc1910bcf015186f8ab3a3e1714
40137	5762b7abd85b6420880f2c837469c550	dcda93bd118f78badc776c45cb0ed600	c76ea557d78bddb34c04cc92990871ba
40138	5762b7abd85b6420880f2c837469c550	dcda93bd118f78badc776c45cb0ed600	c76ea557d78bddb34c04cc92990871ba
40139	5762b7abd85b6420880f2c837469c550	dcda93bd118f78badc776c45cb0ed600	c76ea557d78bddb34c04cc92990871ba
40140	5762b7abd85b6420880f2c837469c550	dcda93bd118f78badc776c45cb0ed600	c76ea557d78bddb34c04cc92990871ba
40141	f9fb4148fd5cdddb04293cf4b665ccce	40128a2620eadec8f8368d8b6a876454	b9f1c38594b7b6fbb27f9603e349a0c1
40142	bd81960ed1f57623f37614b24357abf2	e2c01e3d31b51cbb7c847f72705c82c9	341879b22c93d4438e742462cdf2ce84
40143	8045b2efb146a91265222b9fbf1b7e9c	c8935459995186c72f35b157262098be	9f37a965fdff23443e22b4438fc5e254
40144	bd81960ed1f57623f37614b24357abf2	e2c01e3d31b51cbb7c847f72705c82c9	341879b22c93d4438e742462cdf2ce84
40145	bd81960ed1f57623f37614b24357abf2	e2c01e3d31b51cbb7c847f72705c82c9	341879b22c93d4438e742462cdf2ce84
40146	9b9c84e496972ba1954907b620ca13c8	2e8b520f0fe39554c1985a9a725fe787	bcf4feda2ac7b228f21b6630b2a89c42
40147	9b9c84e496972ba1954907b620ca13c8	2e8b520f0fe39554c1985a9a725fe787	bcf4feda2ac7b228f21b6630b2a89c42
40148	9b9c84e496972ba1954907b620ca13c8	2e8b520f0fe39554c1985a9a725fe787	bcf4feda2ac7b228f21b6630b2a89c42
40149	9b9c84e496972ba1954907b620ca13c8	2e8b520f0fe39554c1985a9a725fe787	bcf4feda2ac7b228f21b6630b2a89c42
40150	9b9c84e496972ba1954907b620ca13c8	2e8b520f0fe39554c1985a9a725fe787	bcf4feda2ac7b228f21b6630b2a89c42
40151	50a9f2415e3b2a39a266c04eee3e19de	fe03128752ceed59dc5df578c63fabe2	e70a5f5f8b8979a3bcb6033519b4167d
40152	11bb03e2326d2e1d9f169f17eb00291b	488a3468aa00a2da54bee95ad3862962	99eddfc72f60284a53df7d93c6cb4807
40153	d632f56912c39bc8882b4ea89e69a9b9	b85f986df654ad317d4863137b8f05e6	58e252205fed0c20ee3b5c798f536486
40154	d632f56912c39bc8882b4ea89e69a9b9	b85f986df654ad317d4863137b8f05e6	58e252205fed0c20ee3b5c798f536486
40155	d632f56912c39bc8882b4ea89e69a9b9	b85f986df654ad317d4863137b8f05e6	58e252205fed0c20ee3b5c798f536486
40156	4871d8092284d3533d0e1615f9ab3d5e	e7af3bc8bc53dcc527fb8e840baa0678	5b7acf64b5dce1aa9184c91f3baafe5c
40157	4871d8092284d3533d0e1615f9ab3d5e	e7af3bc8bc53dcc527fb8e840baa0678	5b7acf64b5dce1aa9184c91f3baafe5c
40158	63515df71d04579f3ca80897e71aebad	4e416cd0e11867727a8c25cbab869ba4	952362d35e18486a8d1357cc8f140dc8
40159	63515df71d04579f3ca80897e71aebad	4e416cd0e11867727a8c25cbab869ba4	952362d35e18486a8d1357cc8f140dc8
40160	63515df71d04579f3ca80897e71aebad	4e416cd0e11867727a8c25cbab869ba4	952362d35e18486a8d1357cc8f140dc8
40161	63515df71d04579f3ca80897e71aebad	4e416cd0e11867727a8c25cbab869ba4	952362d35e18486a8d1357cc8f140dc8
40162	63515df71d04579f3ca80897e71aebad	4e416cd0e11867727a8c25cbab869ba4	952362d35e18486a8d1357cc8f140dc8
40163	63515df71d04579f3ca80897e71aebad	4e416cd0e11867727a8c25cbab869ba4	952362d35e18486a8d1357cc8f140dc8
40164	63515df71d04579f3ca80897e71aebad	4e416cd0e11867727a8c25cbab869ba4	952362d35e18486a8d1357cc8f140dc8
40165	670c69e3710f5935f8e34ef774559fc5	e5f807ee1cae4b2f48605d93cc9ecf17	4d66a956f504d49e1ac98a1f3d7550e5
40166	670c69e3710f5935f8e34ef774559fc5	e5f807ee1cae4b2f48605d93cc9ecf17	4d66a956f504d49e1ac98a1f3d7550e5
40167	670c69e3710f5935f8e34ef774559fc5	e5f807ee1cae4b2f48605d93cc9ecf17	4d66a956f504d49e1ac98a1f3d7550e5
40168	670c69e3710f5935f8e34ef774559fc5	e5f807ee1cae4b2f48605d93cc9ecf17	4d66a956f504d49e1ac98a1f3d7550e5
40169	670c69e3710f5935f8e34ef774559fc5	e5f807ee1cae4b2f48605d93cc9ecf17	4d66a956f504d49e1ac98a1f3d7550e5
40170	670c69e3710f5935f8e34ef774559fc5	e5f807ee1cae4b2f48605d93cc9ecf17	4d66a956f504d49e1ac98a1f3d7550e5
40171	670c69e3710f5935f8e34ef774559fc5	e5f807ee1cae4b2f48605d93cc9ecf17	4d66a956f504d49e1ac98a1f3d7550e5
40172	670c69e3710f5935f8e34ef774559fc5	e5f807ee1cae4b2f48605d93cc9ecf17	4d66a956f504d49e1ac98a1f3d7550e5
40173	670c69e3710f5935f8e34ef774559fc5	e5f807ee1cae4b2f48605d93cc9ecf17	4d66a956f504d49e1ac98a1f3d7550e5
40174	670c69e3710f5935f8e34ef774559fc5	e5f807ee1cae4b2f48605d93cc9ecf17	4d66a956f504d49e1ac98a1f3d7550e5
40175	0dddfb53e2f0efc625d3f8d1fc4f9fa8	82a60d267c1e1379b6e761110e39c4c9	7e5bd04347bf7e94bef108f8fe90d4d0
40176	0dddfb53e2f0efc625d3f8d1fc4f9fa8	82a60d267c1e1379b6e761110e39c4c9	7e5bd04347bf7e94bef108f8fe90d4d0
40177	0dddfb53e2f0efc625d3f8d1fc4f9fa8	82a60d267c1e1379b6e761110e39c4c9	7e5bd04347bf7e94bef108f8fe90d4d0
40178	0dddfb53e2f0efc625d3f8d1fc4f9fa8	82a60d267c1e1379b6e761110e39c4c9	7e5bd04347bf7e94bef108f8fe90d4d0
40179	0dddfb53e2f0efc625d3f8d1fc4f9fa8	82a60d267c1e1379b6e761110e39c4c9	7e5bd04347bf7e94bef108f8fe90d4d0
40180	0dddfb53e2f0efc625d3f8d1fc4f9fa8	82a60d267c1e1379b6e761110e39c4c9	7e5bd04347bf7e94bef108f8fe90d4d0
40181	0dddfb53e2f0efc625d3f8d1fc4f9fa8	82a60d267c1e1379b6e761110e39c4c9	7e5bd04347bf7e94bef108f8fe90d4d0
40182	fdc64e806ecbc6bf9c8df1084f5e30d6	5c3e4c4a8069a21d5da1ecdedd57b47d	88e620b9f0fc1638b33cd5a2a6d97232
40183	fdc64e806ecbc6bf9c8df1084f5e30d6	5c3e4c4a8069a21d5da1ecdedd57b47d	88e620b9f0fc1638b33cd5a2a6d97232
40184	fdc64e806ecbc6bf9c8df1084f5e30d6	5c3e4c4a8069a21d5da1ecdedd57b47d	88e620b9f0fc1638b33cd5a2a6d97232
40185	fdc64e806ecbc6bf9c8df1084f5e30d6	5c3e4c4a8069a21d5da1ecdedd57b47d	88e620b9f0fc1638b33cd5a2a6d97232
40186	fdc64e806ecbc6bf9c8df1084f5e30d6	5c3e4c4a8069a21d5da1ecdedd57b47d	88e620b9f0fc1638b33cd5a2a6d97232
40187	92e461bc5e2059774e3fc39c739843dc	a88f53ae162ccd20b8eb7a68d3291e80	566da9f2854b71732e0800a2a4b98d44
40188	92e461bc5e2059774e3fc39c739843dc	a88f53ae162ccd20b8eb7a68d3291e80	566da9f2854b71732e0800a2a4b98d44
40189	92e461bc5e2059774e3fc39c739843dc	a88f53ae162ccd20b8eb7a68d3291e80	566da9f2854b71732e0800a2a4b98d44
40190	af3cbeacfc009d6451d71af8604d51d6	959e07541f702ba89430b1d0a4932ddf	63acdfbab12e12c2b5987982fd12fda7
40191	af3cbeacfc009d6451d71af8604d51d6	959e07541f702ba89430b1d0a4932ddf	63acdfbab12e12c2b5987982fd12fda7
40192	af3cbeacfc009d6451d71af8604d51d6	959e07541f702ba89430b1d0a4932ddf	63acdfbab12e12c2b5987982fd12fda7
40193	af3cbeacfc009d6451d71af8604d51d6	959e07541f702ba89430b1d0a4932ddf	63acdfbab12e12c2b5987982fd12fda7
40194	6844be10dbae68a9e389f0e76aca7f1c	2f70999088b1dc6d22cd8af75b4b2185	6a3ebe89c1339bc4ae6c2ca5da0dd050
40195	6844be10dbae68a9e389f0e76aca7f1c	2f70999088b1dc6d22cd8af75b4b2185	6a3ebe89c1339bc4ae6c2ca5da0dd050
40196	6844be10dbae68a9e389f0e76aca7f1c	2f70999088b1dc6d22cd8af75b4b2185	6a3ebe89c1339bc4ae6c2ca5da0dd050
40197	e55d4141bb2f64a8ce06cdf969032d95	9da393a55da1b5b01e55541e12178bba	af46f275bf71c5a258b1c9674928c6d7
40198	e55d4141bb2f64a8ce06cdf969032d95	9da393a55da1b5b01e55541e12178bba	af46f275bf71c5a258b1c9674928c6d7
40199	c5d3dc54f80538fb438c472961401919	c9229429a56b13e3e303aa1cceea464b	29a9aa2443d8f4329185477ec7a2c42d
40200	c5d3dc54f80538fb438c472961401919	c9229429a56b13e3e303aa1cceea464b	29a9aa2443d8f4329185477ec7a2c42d
40201	3cca4958c9ad23fcb04fa2c502864b83	03ef9eb03b0348c56c43793a2d50f774	f0a16336b2485dcdc10013e94a0203ff
40202	adb05df600d1177e7f037ef5e5b628ca	29736e4835f80bd82e0b0a67aabea66a	651c0d0d97a26f459c76ad4325296f9e
40203	0454d37523b1b43271bfaa16364edfbc	5a9076899328d08dcde41a6206cada6b	d7bbe1f4d0f388862b81353d651c62c1
40204	41a82701425c68262f28f6bbf3a21b2d	4deff157b3b08ec65746ecfff10d384d	97ada57515acb81b6472e399e5a5a390
40205	41a82701425c68262f28f6bbf3a21b2d	4deff157b3b08ec65746ecfff10d384d	97ada57515acb81b6472e399e5a5a390
40206	41a82701425c68262f28f6bbf3a21b2d	4deff157b3b08ec65746ecfff10d384d	97ada57515acb81b6472e399e5a5a390
40207	41a82701425c68262f28f6bbf3a21b2d	4deff157b3b08ec65746ecfff10d384d	97ada57515acb81b6472e399e5a5a390
40208	41a82701425c68262f28f6bbf3a21b2d	4deff157b3b08ec65746ecfff10d384d	97ada57515acb81b6472e399e5a5a390
40209	41a82701425c68262f28f6bbf3a21b2d	4deff157b3b08ec65746ecfff10d384d	97ada57515acb81b6472e399e5a5a390
40210	41a82701425c68262f28f6bbf3a21b2d	4deff157b3b08ec65746ecfff10d384d	97ada57515acb81b6472e399e5a5a390
40211	41a82701425c68262f28f6bbf3a21b2d	b08793645a0ece9b9b55a962628829aa	34ed663e805c0c73ce2e4332de2fa0d7
40212	26d316f23486aad028433b6356c9c288	7e3d93058f11e3c3cadb632ca0e5fa94	f25d0c225e17a61831fc9ec4b6aee73c
40213	26d316f23486aad028433b6356c9c288	7e3d93058f11e3c3cadb632ca0e5fa94	f25d0c225e17a61831fc9ec4b6aee73c
40214	41a82701425c68262f28f6bbf3a21b2d	4deff157b3b08ec65746ecfff10d384d	97ada57515acb81b6472e399e5a5a390
40215	41a82701425c68262f28f6bbf3a21b2d	4deff157b3b08ec65746ecfff10d384d	97ada57515acb81b6472e399e5a5a390
40216	208e129ca9567067cedc794387ede262	6e23eaac7f1285a4b9eda981323175ee	49bc2d79ba0a7b6aed717b804e7c1d97
40217	208e129ca9567067cedc794387ede262	6e23eaac7f1285a4b9eda981323175ee	49bc2d79ba0a7b6aed717b804e7c1d97
40218	208e129ca9567067cedc794387ede262	6e23eaac7f1285a4b9eda981323175ee	49bc2d79ba0a7b6aed717b804e7c1d97
40219	27f60f06e4f7d69e4f85324133f7b864	e1167ce02da1cb138320ba41292b96b0	9c547ae3c749161f85b8b141cc8058af
40220	27f60f06e4f7d69e4f85324133f7b864	e1167ce02da1cb138320ba41292b96b0	9c547ae3c749161f85b8b141cc8058af
40221	27f60f06e4f7d69e4f85324133f7b864	e1167ce02da1cb138320ba41292b96b0	9c547ae3c749161f85b8b141cc8058af
40222	27f60f06e4f7d69e4f85324133f7b864	e1167ce02da1cb138320ba41292b96b0	9c547ae3c749161f85b8b141cc8058af
40223	d5f5d9c77493a6ecd962ad6bd3cb7eca	56ac835320a495f9229becfa801d5179	5abd1bb8c6977ea64551f0deaa7df8d7
40224	d5f5d9c77493a6ecd962ad6bd3cb7eca	56ac835320a495f9229becfa801d5179	5abd1bb8c6977ea64551f0deaa7df8d7
40225	d5f5d9c77493a6ecd962ad6bd3cb7eca	56ac835320a495f9229becfa801d5179	5abd1bb8c6977ea64551f0deaa7df8d7
40226	56535d6675b5522fdbbc9acc81cda543	d31d5527d8e4aea81e471a14064740ab	ff8f37a2f7b4981680fd02d0f7f44084
40227	d5f5d9c77493a6ecd962ad6bd3cb7eca	56ac835320a495f9229becfa801d5179	5abd1bb8c6977ea64551f0deaa7df8d7
40228	6a174c540b453a47b427a526889a7393	2bb7d4176108765a09cca5710dc26b2e	d4abc0ca7ec5b882cb48f960f976ee70
40229	6a174c540b453a47b427a526889a7393	2bb7d4176108765a09cca5710dc26b2e	d4abc0ca7ec5b882cb48f960f976ee70
40230	6a174c540b453a47b427a526889a7393	2bb7d4176108765a09cca5710dc26b2e	d4abc0ca7ec5b882cb48f960f976ee70
40231	6a174c540b453a47b427a526889a7393	2bb7d4176108765a09cca5710dc26b2e	d4abc0ca7ec5b882cb48f960f976ee70
40232	6a174c540b453a47b427a526889a7393	2bb7d4176108765a09cca5710dc26b2e	d4abc0ca7ec5b882cb48f960f976ee70
40233	6a174c540b453a47b427a526889a7393	2bb7d4176108765a09cca5710dc26b2e	d4abc0ca7ec5b882cb48f960f976ee70
40234	6a174c540b453a47b427a526889a7393	2bb7d4176108765a09cca5710dc26b2e	d4abc0ca7ec5b882cb48f960f976ee70
40235	6a174c540b453a47b427a526889a7393	818df4269f1b7466229c1ab54f7389a0	40b9229f0d893cd518b64f7cee7d8552
40236	6a174c540b453a47b427a526889a7393	818df4269f1b7466229c1ab54f7389a0	40b9229f0d893cd518b64f7cee7d8552
40237	6a174c540b453a47b427a526889a7393	818df4269f1b7466229c1ab54f7389a0	40b9229f0d893cd518b64f7cee7d8552
40238	6a174c540b453a47b427a526889a7393	818df4269f1b7466229c1ab54f7389a0	40b9229f0d893cd518b64f7cee7d8552
40239	6a174c540b453a47b427a526889a7393	818df4269f1b7466229c1ab54f7389a0	40b9229f0d893cd518b64f7cee7d8552
40240	6517dce507f697d4bd818d434963058b	c3765212db14e576879857e86aae9bb5	b60ec3e80d8cd76571eb4c8389d80833
40241	6517dce507f697d4bd818d434963058b	c3765212db14e576879857e86aae9bb5	b60ec3e80d8cd76571eb4c8389d80833
40242	6517dce507f697d4bd818d434963058b	c3765212db14e576879857e86aae9bb5	b60ec3e80d8cd76571eb4c8389d80833
40243	6517dce507f697d4bd818d434963058b	c3765212db14e576879857e86aae9bb5	b60ec3e80d8cd76571eb4c8389d80833
40244	6517dce507f697d4bd818d434963058b	c3765212db14e576879857e86aae9bb5	b60ec3e80d8cd76571eb4c8389d80833
40245	a2dc76a644b00376cf15c75ce9332d4f	d6ba5c0470f849385282d9242f609356	4335958d535c5de85edfa71e60406c91
40246	a2dc76a644b00376cf15c75ce9332d4f	d6ba5c0470f849385282d9242f609356	4335958d535c5de85edfa71e60406c91
40247	a2dc76a644b00376cf15c75ce9332d4f	d6ba5c0470f849385282d9242f609356	4335958d535c5de85edfa71e60406c91
40248	a2dc76a644b00376cf15c75ce9332d4f	d6ba5c0470f849385282d9242f609356	4335958d535c5de85edfa71e60406c91
40249	a2dc76a644b00376cf15c75ce9332d4f	d6ba5c0470f849385282d9242f609356	4335958d535c5de85edfa71e60406c91
40250	a2dc76a644b00376cf15c75ce9332d4f	d6ba5c0470f849385282d9242f609356	4335958d535c5de85edfa71e60406c91
40251	a2dc76a644b00376cf15c75ce9332d4f	d6ba5c0470f849385282d9242f609356	4335958d535c5de85edfa71e60406c91
40252	20f1e0e6fae40d846bf8e2cf999680af	33c6cad03fa7a92f9e066910c8432077	7d9ccbefc1442a8ee3a54ed4d9db6ae8
40253	20f1e0e6fae40d846bf8e2cf999680af	33c6cad03fa7a92f9e066910c8432077	7d9ccbefc1442a8ee3a54ed4d9db6ae8
40254	20f1e0e6fae40d846bf8e2cf999680af	33c6cad03fa7a92f9e066910c8432077	7d9ccbefc1442a8ee3a54ed4d9db6ae8
40255	20f1e0e6fae40d846bf8e2cf999680af	33c6cad03fa7a92f9e066910c8432077	7d9ccbefc1442a8ee3a54ed4d9db6ae8
40256	20f1e0e6fae40d846bf8e2cf999680af	33c6cad03fa7a92f9e066910c8432077	7d9ccbefc1442a8ee3a54ed4d9db6ae8
40257	a6f327b4f714eaeccdb5c8e1ef6a76b5	52d266d1473e30dda76c71f107786f22	9ae3d57b90dc54146cdf7d86579d1db8
40258	a6f327b4f714eaeccdb5c8e1ef6a76b5	52d266d1473e30dda76c71f107786f22	9ae3d57b90dc54146cdf7d86579d1db8
40259	a6f327b4f714eaeccdb5c8e1ef6a76b5	52d266d1473e30dda76c71f107786f22	9ae3d57b90dc54146cdf7d86579d1db8
40260	a6f327b4f714eaeccdb5c8e1ef6a76b5	52d266d1473e30dda76c71f107786f22	9ae3d57b90dc54146cdf7d86579d1db8
40261	a6f327b4f714eaeccdb5c8e1ef6a76b5	52d266d1473e30dda76c71f107786f22	9ae3d57b90dc54146cdf7d86579d1db8
40262	a6f327b4f714eaeccdb5c8e1ef6a76b5	52d266d1473e30dda76c71f107786f22	9ae3d57b90dc54146cdf7d86579d1db8
40263	a6f327b4f714eaeccdb5c8e1ef6a76b5	52d266d1473e30dda76c71f107786f22	9ae3d57b90dc54146cdf7d86579d1db8
40264	7aa516664f6b401a6f046246674f6ffa	19c81e6983aaa1fe1abd034d58ecda83	3b34aaa0112ef9338381fb9f28111772
40265	7aa516664f6b401a6f046246674f6ffa	19c81e6983aaa1fe1abd034d58ecda83	3b34aaa0112ef9338381fb9f28111772
40266	7aa516664f6b401a6f046246674f6ffa	19c81e6983aaa1fe1abd034d58ecda83	3b34aaa0112ef9338381fb9f28111772
40267	cb2a0c2b4ed4ba69f906de9e9c6930bf	73aa8ea01d70b862bd073cb7fc93df82	c0e3d90bdcba4fa95e60f46b848374fc
40268	cb2a0c2b4ed4ba69f906de9e9c6930bf	73aa8ea01d70b862bd073cb7fc93df82	c0e3d90bdcba4fa95e60f46b848374fc
40269	7aa516664f6b401a6f046246674f6ffa	19c81e6983aaa1fe1abd034d58ecda83	3b34aaa0112ef9338381fb9f28111772
40270	7aa516664f6b401a6f046246674f6ffa	19c81e6983aaa1fe1abd034d58ecda83	3b34aaa0112ef9338381fb9f28111772
40271	7aa516664f6b401a6f046246674f6ffa	19c81e6983aaa1fe1abd034d58ecda83	3b34aaa0112ef9338381fb9f28111772
40272	e3e89c1ffdf995558a2fba578bfb88c6	ab9811d3c6d41aadd8e9761ea5a37172	ca2776a0ec2cd8be3456b8cd1675a643
40273	ddd82655fc5b6f64ce522e935ecd6001	d6f4b2555c526a23cd479e71f60fa74f	3875a5fcdfe14e0c62735a93e5e1bbc8
40274	4ea3c0fceb3d3f22e7cae887dd56e63f	51393a32eaf6e50be68b8131b0162dc2	b66bc263a361fb40bbc696a9e5ef7fdf
40275	4ea3c0fceb3d3f22e7cae887dd56e63f	51393a32eaf6e50be68b8131b0162dc2	b66bc263a361fb40bbc696a9e5ef7fdf
40276	4ea3c0fceb3d3f22e7cae887dd56e63f	51393a32eaf6e50be68b8131b0162dc2	b66bc263a361fb40bbc696a9e5ef7fdf
40277	4ea3c0fceb3d3f22e7cae887dd56e63f	51393a32eaf6e50be68b8131b0162dc2	b66bc263a361fb40bbc696a9e5ef7fdf
40278	4ea3c0fceb3d3f22e7cae887dd56e63f	51393a32eaf6e50be68b8131b0162dc2	b66bc263a361fb40bbc696a9e5ef7fdf
40279	4ea3c0fceb3d3f22e7cae887dd56e63f	51393a32eaf6e50be68b8131b0162dc2	b66bc263a361fb40bbc696a9e5ef7fdf
40280	4ea3c0fceb3d3f22e7cae887dd56e63f	51393a32eaf6e50be68b8131b0162dc2	b66bc263a361fb40bbc696a9e5ef7fdf
40281	b741854caee3db085400cb7bfdddc048	2a2705bb4a2905d0e30b97227e6e8794	34935ff768536b5eba42bc4300274302
40282	b741854caee3db085400cb7bfdddc048	2a2705bb4a2905d0e30b97227e6e8794	34935ff768536b5eba42bc4300274302
40283	b741854caee3db085400cb7bfdddc048	2a2705bb4a2905d0e30b97227e6e8794	34935ff768536b5eba42bc4300274302
40284	0f31dd2637fc27caf3893a47dd865d1a	f8fd25795a1f7c64262b067c0e50db43	df3e3b61c7a284f9a073144225428e43
40285	0f31dd2637fc27caf3893a47dd865d1a	f8fd25795a1f7c64262b067c0e50db43	df3e3b61c7a284f9a073144225428e43
40286	9492a1a80300dc7fb76f79743db84a80	97a340351a84ec5b9bdcc3d67cf41aca	f0a102d542d54848a716e9e6615354b7
40287	9492a1a80300dc7fb76f79743db84a80	97a340351a84ec5b9bdcc3d67cf41aca	f0a102d542d54848a716e9e6615354b7
40288	9492a1a80300dc7fb76f79743db84a80	97a340351a84ec5b9bdcc3d67cf41aca	f0a102d542d54848a716e9e6615354b7
40289	9492a1a80300dc7fb76f79743db84a80	97a340351a84ec5b9bdcc3d67cf41aca	f0a102d542d54848a716e9e6615354b7
40290	9492a1a80300dc7fb76f79743db84a80	97a340351a84ec5b9bdcc3d67cf41aca	f0a102d542d54848a716e9e6615354b7
40291	9492a1a80300dc7fb76f79743db84a80	97a340351a84ec5b9bdcc3d67cf41aca	f0a102d542d54848a716e9e6615354b7
40292	9492a1a80300dc7fb76f79743db84a80	97a340351a84ec5b9bdcc3d67cf41aca	f0a102d542d54848a716e9e6615354b7
40293	9492a1a80300dc7fb76f79743db84a80	97a340351a84ec5b9bdcc3d67cf41aca	f0a102d542d54848a716e9e6615354b7
40294	9492a1a80300dc7fb76f79743db84a80	97a340351a84ec5b9bdcc3d67cf41aca	f0a102d542d54848a716e9e6615354b7
40295	9492a1a80300dc7fb76f79743db84a80	97a340351a84ec5b9bdcc3d67cf41aca	f0a102d542d54848a716e9e6615354b7
40296	9492a1a80300dc7fb76f79743db84a80	97a340351a84ec5b9bdcc3d67cf41aca	f0a102d542d54848a716e9e6615354b7
40297	9492a1a80300dc7fb76f79743db84a80	97a340351a84ec5b9bdcc3d67cf41aca	f0a102d542d54848a716e9e6615354b7
40298	9492a1a80300dc7fb76f79743db84a80	97a340351a84ec5b9bdcc3d67cf41aca	f0a102d542d54848a716e9e6615354b7
40299	9492a1a80300dc7fb76f79743db84a80	97a340351a84ec5b9bdcc3d67cf41aca	f0a102d542d54848a716e9e6615354b7
40300	9492a1a80300dc7fb76f79743db84a80	97a340351a84ec5b9bdcc3d67cf41aca	f0a102d542d54848a716e9e6615354b7
40301	9492a1a80300dc7fb76f79743db84a80	97a340351a84ec5b9bdcc3d67cf41aca	f0a102d542d54848a716e9e6615354b7
40302	9492a1a80300dc7fb76f79743db84a80	97a340351a84ec5b9bdcc3d67cf41aca	f0a102d542d54848a716e9e6615354b7
40303	ce0c783e3f29434d01338b5fb7de257d	f1c610a4a68009fe0f3c7b3e65b98431	b545899e7df0e8dda247d036eb5f1023
40304	ce0c783e3f29434d01338b5fb7de257d	f1c610a4a68009fe0f3c7b3e65b98431	b545899e7df0e8dda247d036eb5f1023
40305	ce0c783e3f29434d01338b5fb7de257d	f1c610a4a68009fe0f3c7b3e65b98431	b545899e7df0e8dda247d036eb5f1023
40306	24521598275ffaac2518b31ca132ea57	f5616d5e9914c3e91472d0d4c8be241c	0ee6c54de7c29bb3a08dae4eeeedee97
40307	24521598275ffaac2518b31ca132ea57	f5616d5e9914c3e91472d0d4c8be241c	0ee6c54de7c29bb3a08dae4eeeedee97
40308	24521598275ffaac2518b31ca132ea57	f5616d5e9914c3e91472d0d4c8be241c	0ee6c54de7c29bb3a08dae4eeeedee97
40309	24521598275ffaac2518b31ca132ea57	f5616d5e9914c3e91472d0d4c8be241c	0ee6c54de7c29bb3a08dae4eeeedee97
40310	ceb813fb2a1b8bfa7be44a01cd50ac65	e3d16f24ac8ffa0b85e3cfbdc7088360	a0d2ce0184ed0ea870ab36d8fe5388ce
40311	ceb813fb2a1b8bfa7be44a01cd50ac65	e3d16f24ac8ffa0b85e3cfbdc7088360	a0d2ce0184ed0ea870ab36d8fe5388ce
40312	ceb813fb2a1b8bfa7be44a01cd50ac65	e3d16f24ac8ffa0b85e3cfbdc7088360	a0d2ce0184ed0ea870ab36d8fe5388ce
40313	ceb813fb2a1b8bfa7be44a01cd50ac65	e3d16f24ac8ffa0b85e3cfbdc7088360	a0d2ce0184ed0ea870ab36d8fe5388ce
40314	ceb813fb2a1b8bfa7be44a01cd50ac65	e3d16f24ac8ffa0b85e3cfbdc7088360	a0d2ce0184ed0ea870ab36d8fe5388ce
40315	7d1a03506cda7da64f0189512cf4fe62	15a0ad3f9710500929fc653f62ba2b2a	7c42f57615699786306f77b47cfa0b6f
40316	7d1a03506cda7da64f0189512cf4fe62	15a0ad3f9710500929fc653f62ba2b2a	7c42f57615699786306f77b47cfa0b6f
40317	7d1a03506cda7da64f0189512cf4fe62	15a0ad3f9710500929fc653f62ba2b2a	7c42f57615699786306f77b47cfa0b6f
40318	7d1a03506cda7da64f0189512cf4fe62	15a0ad3f9710500929fc653f62ba2b2a	7c42f57615699786306f77b47cfa0b6f
40319	7d1a03506cda7da64f0189512cf4fe62	15a0ad3f9710500929fc653f62ba2b2a	7c42f57615699786306f77b47cfa0b6f
40320	7d1a03506cda7da64f0189512cf4fe62	15a0ad3f9710500929fc653f62ba2b2a	7c42f57615699786306f77b47cfa0b6f
40321	7d1a03506cda7da64f0189512cf4fe62	15a0ad3f9710500929fc653f62ba2b2a	7c42f57615699786306f77b47cfa0b6f
40322	63e72f4350109f5430d0f0f605609cb0	61765990b30a49dcb36d080ed577dda0	471678226f92d7bfa93d59b5bd41d075
40323	63e72f4350109f5430d0f0f605609cb0	61765990b30a49dcb36d080ed577dda0	471678226f92d7bfa93d59b5bd41d075
40324	63e72f4350109f5430d0f0f605609cb0	61765990b30a49dcb36d080ed577dda0	471678226f92d7bfa93d59b5bd41d075
40325	63e72f4350109f5430d0f0f605609cb0	61765990b30a49dcb36d080ed577dda0	471678226f92d7bfa93d59b5bd41d075
40326	63e72f4350109f5430d0f0f605609cb0	61765990b30a49dcb36d080ed577dda0	471678226f92d7bfa93d59b5bd41d075
40327	9b4ada430badea4faeaeb43ae7258391	cd258a962df2ea9fbd334d637860e6a6	53dc433a9cb3709ab397f106d22a3aef
40328	9b4ada430badea4faeaeb43ae7258391	cd258a962df2ea9fbd334d637860e6a6	53dc433a9cb3709ab397f106d22a3aef
40329	9b4ada430badea4faeaeb43ae7258391	cd258a962df2ea9fbd334d637860e6a6	53dc433a9cb3709ab397f106d22a3aef
40330	9b4ada430badea4faeaeb43ae7258391	cd258a962df2ea9fbd334d637860e6a6	53dc433a9cb3709ab397f106d22a3aef
40331	9b4ada430badea4faeaeb43ae7258391	cd258a962df2ea9fbd334d637860e6a6	53dc433a9cb3709ab397f106d22a3aef
40332	9b4ada430badea4faeaeb43ae7258391	cd258a962df2ea9fbd334d637860e6a6	53dc433a9cb3709ab397f106d22a3aef
40333	9b4ada430badea4faeaeb43ae7258391	cd258a962df2ea9fbd334d637860e6a6	53dc433a9cb3709ab397f106d22a3aef
40334	9ba23d6e2f213a27f3d9575f120c153a	3c6481e027c38b4a2bbb9320dad0489d	c8013d4a9230d5848fbd628d683da5f3
40335	9ba23d6e2f213a27f3d9575f120c153a	3c6481e027c38b4a2bbb9320dad0489d	c8013d4a9230d5848fbd628d683da5f3
40336	9ba23d6e2f213a27f3d9575f120c153a	3c6481e027c38b4a2bbb9320dad0489d	c8013d4a9230d5848fbd628d683da5f3
40337	9ba23d6e2f213a27f3d9575f120c153a	3c6481e027c38b4a2bbb9320dad0489d	c8013d4a9230d5848fbd628d683da5f3
40338	9ba23d6e2f213a27f3d9575f120c153a	3c6481e027c38b4a2bbb9320dad0489d	c8013d4a9230d5848fbd628d683da5f3
40339	ddca76255cabfc0f5ada1b054a3562af	dcbb54e2812c33a6e7737d3dbdb863bb	b499d6f6c8d08f18897e6ea9fa4c5724
40340	ddca76255cabfc0f5ada1b054a3562af	dcbb54e2812c33a6e7737d3dbdb863bb	b499d6f6c8d08f18897e6ea9fa4c5724
40341	ddca76255cabfc0f5ada1b054a3562af	dcbb54e2812c33a6e7737d3dbdb863bb	b499d6f6c8d08f18897e6ea9fa4c5724
40342	ddca76255cabfc0f5ada1b054a3562af	dcbb54e2812c33a6e7737d3dbdb863bb	b499d6f6c8d08f18897e6ea9fa4c5724
40343	ddca76255cabfc0f5ada1b054a3562af	dcbb54e2812c33a6e7737d3dbdb863bb	b499d6f6c8d08f18897e6ea9fa4c5724
40344	018c36f766af10c2036906a50410f98d	bc1e5bb89a2f6d40525c264ef9620a99	1798c4adb8df17caa1344f442a0efc6d
40345	018c36f766af10c2036906a50410f98d	bc1e5bb89a2f6d40525c264ef9620a99	1798c4adb8df17caa1344f442a0efc6d
40346	018c36f766af10c2036906a50410f98d	bc1e5bb89a2f6d40525c264ef9620a99	1798c4adb8df17caa1344f442a0efc6d
40347	018c36f766af10c2036906a50410f98d	bc1e5bb89a2f6d40525c264ef9620a99	1798c4adb8df17caa1344f442a0efc6d
40348	018c36f766af10c2036906a50410f98d	bc1e5bb89a2f6d40525c264ef9620a99	1798c4adb8df17caa1344f442a0efc6d
40349	018c36f766af10c2036906a50410f98d	bc1e5bb89a2f6d40525c264ef9620a99	1798c4adb8df17caa1344f442a0efc6d
40350	018c36f766af10c2036906a50410f98d	bc1e5bb89a2f6d40525c264ef9620a99	1798c4adb8df17caa1344f442a0efc6d
40351	7d357a4b4b11d7b59d4d53e306580156	31d0130524fdde322b7a7b48f5a9b558	4c1986fcdb96222e7cd41da93fcfb9a0
40352	7d357a4b4b11d7b59d4d53e306580156	31d0130524fdde322b7a7b48f5a9b558	4c1986fcdb96222e7cd41da93fcfb9a0
40353	7d357a4b4b11d7b59d4d53e306580156	31d0130524fdde322b7a7b48f5a9b558	4c1986fcdb96222e7cd41da93fcfb9a0
40354	7d357a4b4b11d7b59d4d53e306580156	31d0130524fdde322b7a7b48f5a9b558	4c1986fcdb96222e7cd41da93fcfb9a0
40355	7d357a4b4b11d7b59d4d53e306580156	31d0130524fdde322b7a7b48f5a9b558	4c1986fcdb96222e7cd41da93fcfb9a0
40356	43cca8ae891c57d3bb89cfbbaf6cb2ed	703ed73682de6ccd0fde7e8050425029	cd5f7317cede3e6ab0171a064d4e4986
40357	43cca8ae891c57d3bb89cfbbaf6cb2ed	703ed73682de6ccd0fde7e8050425029	cd5f7317cede3e6ab0171a064d4e4986
40358	43cca8ae891c57d3bb89cfbbaf6cb2ed	703ed73682de6ccd0fde7e8050425029	cd5f7317cede3e6ab0171a064d4e4986
40359	43cca8ae891c57d3bb89cfbbaf6cb2ed	703ed73682de6ccd0fde7e8050425029	cd5f7317cede3e6ab0171a064d4e4986
40360	43cca8ae891c57d3bb89cfbbaf6cb2ed	703ed73682de6ccd0fde7e8050425029	cd5f7317cede3e6ab0171a064d4e4986
40361	43cca8ae891c57d3bb89cfbbaf6cb2ed	703ed73682de6ccd0fde7e8050425029	cd5f7317cede3e6ab0171a064d4e4986
40362	43cca8ae891c57d3bb89cfbbaf6cb2ed	703ed73682de6ccd0fde7e8050425029	cd5f7317cede3e6ab0171a064d4e4986
40363	d53b4e699bf185012c2853de968afcdc	0abee15af1cc4d795b716a9e0d754490	b119386a8b8454ac335eea25688d0308
40364	c9b280795a7d76905cbd6087a3594643	0c476fd55b7131cdc388e5772f857654	268ce3e2a782369e0d95a5692e28fc94
40365	c9b280795a7d76905cbd6087a3594643	0c476fd55b7131cdc388e5772f857654	268ce3e2a782369e0d95a5692e28fc94
40366	c9b280795a7d76905cbd6087a3594643	0c476fd55b7131cdc388e5772f857654	268ce3e2a782369e0d95a5692e28fc94
40367	c9b280795a7d76905cbd6087a3594643	0c476fd55b7131cdc388e5772f857654	268ce3e2a782369e0d95a5692e28fc94
40368	c9b280795a7d76905cbd6087a3594643	0c476fd55b7131cdc388e5772f857654	268ce3e2a782369e0d95a5692e28fc94
40369	c9b280795a7d76905cbd6087a3594643	0c476fd55b7131cdc388e5772f857654	268ce3e2a782369e0d95a5692e28fc94
40370	c9b280795a7d76905cbd6087a3594643	0c476fd55b7131cdc388e5772f857654	268ce3e2a782369e0d95a5692e28fc94
40371	0d59f44007db1631ce3462315189fbbf	966b2f7153b474e98d419b7796013b69	96f67c644496490dcf0267076d0bb344
40372	bd2b3f0798193f93f40462a24e0f24b2	5b86cf6865e568fafe0d22e5305257a8	ddbef0b1fc35fc01606c2346861a5423
40373	a8f2dc33bccc76b95a94b05c629cca8a	2c5120912ee00d64aafcbd3fb8cecf62	c48c7afc314a901198e7b17b7c44e3e5
40374	a8f2dc33bccc76b95a94b05c629cca8a	2c5120912ee00d64aafcbd3fb8cecf62	c48c7afc314a901198e7b17b7c44e3e5
40375	a8f2dc33bccc76b95a94b05c629cca8a	2c5120912ee00d64aafcbd3fb8cecf62	c48c7afc314a901198e7b17b7c44e3e5
40376	a8f2dc33bccc76b95a94b05c629cca8a	2c5120912ee00d64aafcbd3fb8cecf62	c48c7afc314a901198e7b17b7c44e3e5
40377	a8f2dc33bccc76b95a94b05c629cca8a	2c5120912ee00d64aafcbd3fb8cecf62	c48c7afc314a901198e7b17b7c44e3e5
40378	a8f2dc33bccc76b95a94b05c629cca8a	2c5120912ee00d64aafcbd3fb8cecf62	c48c7afc314a901198e7b17b7c44e3e5
40379	a8f2dc33bccc76b95a94b05c629cca8a	2c5120912ee00d64aafcbd3fb8cecf62	c48c7afc314a901198e7b17b7c44e3e5
40380	ccd429a52e94e4c2676a1c23756c8fd0	454820126f69e91e7429af5d9f51a137	9d2b007437b8060fe5fa3243a732808a
40381	ccd429a52e94e4c2676a1c23756c8fd0	454820126f69e91e7429af5d9f51a137	9d2b007437b8060fe5fa3243a732808a
40382	ccd429a52e94e4c2676a1c23756c8fd0	454820126f69e91e7429af5d9f51a137	9d2b007437b8060fe5fa3243a732808a
40383	3a2adf7d016e3e7f50fc356d660dffa4	a36623003d28fb834206e26a81be248e	bd93b35f71f8cc4386dcadb12171c67e
40384	c804f456432d099542dc9c1af7b5c374	74850e9602b6357cee0bc786ac08ef51	e5355a16922fa2a43cbbb3786bc0655e
40385	b0172599e5af9ff89ebb5181e60e13b0	779b2c038bbd837adf06c5928df0c019	8d14eab8964f93ae600208e3a84b67f6
40386	b0172599e5af9ff89ebb5181e60e13b0	779b2c038bbd837adf06c5928df0c019	8d14eab8964f93ae600208e3a84b67f6
40387	b0172599e5af9ff89ebb5181e60e13b0	779b2c038bbd837adf06c5928df0c019	8d14eab8964f93ae600208e3a84b67f6
40388	b0172599e5af9ff89ebb5181e60e13b0	779b2c038bbd837adf06c5928df0c019	8d14eab8964f93ae600208e3a84b67f6
40389	b0172599e5af9ff89ebb5181e60e13b0	779b2c038bbd837adf06c5928df0c019	8d14eab8964f93ae600208e3a84b67f6
40390	b0172599e5af9ff89ebb5181e60e13b0	779b2c038bbd837adf06c5928df0c019	8d14eab8964f93ae600208e3a84b67f6
40391	b0172599e5af9ff89ebb5181e60e13b0	779b2c038bbd837adf06c5928df0c019	8d14eab8964f93ae600208e3a84b67f6
40392	fd55b80bda151d7641ab6375cf0f40cb	c2f03f24bb8f233fed76f22318215443	3ebaffdf50967ae5f4f62b002b11febb
40393	fd55b80bda151d7641ab6375cf0f40cb	c2f03f24bb8f233fed76f22318215443	3ebaffdf50967ae5f4f62b002b11febb
40394	53a2d1f80e46cbbc911545ea1c7c39eb	1dd345f0e0a4915379afdae8a3000faf	0dcb3e080e7467dfba89bf973593f412
40395	fd55b80bda151d7641ab6375cf0f40cb	c2f03f24bb8f233fed76f22318215443	3ebaffdf50967ae5f4f62b002b11febb
40396	fd55b80bda151d7641ab6375cf0f40cb	c2f03f24bb8f233fed76f22318215443	3ebaffdf50967ae5f4f62b002b11febb
40397	86ce6f8450c75b7e40eb88be043b0b9c	fec0c5786350474246ad6ff03fe93cf2	50757e9c9eb2cd42327958514b49e60c
40398	86ce6f8450c75b7e40eb88be043b0b9c	fec0c5786350474246ad6ff03fe93cf2	50757e9c9eb2cd42327958514b49e60c
40399	86ce6f8450c75b7e40eb88be043b0b9c	fec0c5786350474246ad6ff03fe93cf2	50757e9c9eb2cd42327958514b49e60c
40400	86ce6f8450c75b7e40eb88be043b0b9c	fec0c5786350474246ad6ff03fe93cf2	50757e9c9eb2cd42327958514b49e60c
40401	86ce6f8450c75b7e40eb88be043b0b9c	fec0c5786350474246ad6ff03fe93cf2	50757e9c9eb2cd42327958514b49e60c
40402	86ce6f8450c75b7e40eb88be043b0b9c	fec0c5786350474246ad6ff03fe93cf2	50757e9c9eb2cd42327958514b49e60c
40403	86ce6f8450c75b7e40eb88be043b0b9c	fec0c5786350474246ad6ff03fe93cf2	50757e9c9eb2cd42327958514b49e60c
40404	851d193f20fd40eea3b5ccc51c18ebe5	7ca737441d3666073a59c7e09ae1b34e	030bc444f4eb9dd03a74c6e1c74c6787
40405	851d193f20fd40eea3b5ccc51c18ebe5	7ca737441d3666073a59c7e09ae1b34e	030bc444f4eb9dd03a74c6e1c74c6787
40406	851d193f20fd40eea3b5ccc51c18ebe5	7ca737441d3666073a59c7e09ae1b34e	030bc444f4eb9dd03a74c6e1c74c6787
40407	851d193f20fd40eea3b5ccc51c18ebe5	7ca737441d3666073a59c7e09ae1b34e	030bc444f4eb9dd03a74c6e1c74c6787
40408	851d193f20fd40eea3b5ccc51c18ebe5	7ca737441d3666073a59c7e09ae1b34e	030bc444f4eb9dd03a74c6e1c74c6787
40409	851d193f20fd40eea3b5ccc51c18ebe5	7ca737441d3666073a59c7e09ae1b34e	030bc444f4eb9dd03a74c6e1c74c6787
40410	851d193f20fd40eea3b5ccc51c18ebe5	7ca737441d3666073a59c7e09ae1b34e	030bc444f4eb9dd03a74c6e1c74c6787
40411	851d193f20fd40eea3b5ccc51c18ebe5	7ca737441d3666073a59c7e09ae1b34e	030bc444f4eb9dd03a74c6e1c74c6787
40412	851d193f20fd40eea3b5ccc51c18ebe5	7ca737441d3666073a59c7e09ae1b34e	030bc444f4eb9dd03a74c6e1c74c6787
40413	851d193f20fd40eea3b5ccc51c18ebe5	7ca737441d3666073a59c7e09ae1b34e	030bc444f4eb9dd03a74c6e1c74c6787
40414	851386ccf42409a8ee890d773a4fd022	8a951d727f37fc5f338e645affcf40cb	aad9e6976d4a27ed154e4aae4014da89
40415	851386ccf42409a8ee890d773a4fd022	8a951d727f37fc5f338e645affcf40cb	aad9e6976d4a27ed154e4aae4014da89
40416	851386ccf42409a8ee890d773a4fd022	8a951d727f37fc5f338e645affcf40cb	aad9e6976d4a27ed154e4aae4014da89
40417	851386ccf42409a8ee890d773a4fd022	8a951d727f37fc5f338e645affcf40cb	aad9e6976d4a27ed154e4aae4014da89
40418	851386ccf42409a8ee890d773a4fd022	8a951d727f37fc5f338e645affcf40cb	aad9e6976d4a27ed154e4aae4014da89
40419	851386ccf42409a8ee890d773a4fd022	8a951d727f37fc5f338e645affcf40cb	aad9e6976d4a27ed154e4aae4014da89
40420	851386ccf42409a8ee890d773a4fd022	8a951d727f37fc5f338e645affcf40cb	aad9e6976d4a27ed154e4aae4014da89
40421	466440cc1da100a9d961a63c7addd77d	428e98bf1b12c3ee2e029944dc33c050	df33908e48ae7598565799b9ea583845
40422	466440cc1da100a9d961a63c7addd77d	428e98bf1b12c3ee2e029944dc33c050	df33908e48ae7598565799b9ea583845
40423	466440cc1da100a9d961a63c7addd77d	428e98bf1b12c3ee2e029944dc33c050	df33908e48ae7598565799b9ea583845
40424	1227168eb37c5a0ab8609c85808896e0	2acd3476f79c6513de05af6453e35feb	2506ed505467a740906e7da4eb2ec7ee
40425	1227168eb37c5a0ab8609c85808896e0	2acd3476f79c6513de05af6453e35feb	2506ed505467a740906e7da4eb2ec7ee
40426	c699da3b50e79a31e57d32c15f3e6634	5343cb385c7326dcd7bbc733fb411ef1	a76edf67ad885c0cfbfa83b0514a96f0
40427	c699da3b50e79a31e57d32c15f3e6634	5343cb385c7326dcd7bbc733fb411ef1	a76edf67ad885c0cfbfa83b0514a96f0
40428	c699da3b50e79a31e57d32c15f3e6634	5343cb385c7326dcd7bbc733fb411ef1	a76edf67ad885c0cfbfa83b0514a96f0
40429	66e656d133e7e26a6296873c7b799399	9b1f628f80d2b482a65b0873337a901b	90a89b03d9cf1a1788fcf1f0591c6c7f
40430	66e656d133e7e26a6296873c7b799399	9b1f628f80d2b482a65b0873337a901b	90a89b03d9cf1a1788fcf1f0591c6c7f
40431	c699da3b50e79a31e57d32c15f3e6634	5343cb385c7326dcd7bbc733fb411ef1	a76edf67ad885c0cfbfa83b0514a96f0
40432	c699da3b50e79a31e57d32c15f3e6634	5343cb385c7326dcd7bbc733fb411ef1	a76edf67ad885c0cfbfa83b0514a96f0
40433	a949949cf10002efa1822b5fb23eba2c	471a20a87495ea93241ced17f63f710a	2c907010d2738ed7209deb9f2465c0fa
40434	a949949cf10002efa1822b5fb23eba2c	471a20a87495ea93241ced17f63f710a	2c907010d2738ed7209deb9f2465c0fa
40435	a949949cf10002efa1822b5fb23eba2c	471a20a87495ea93241ced17f63f710a	2c907010d2738ed7209deb9f2465c0fa
40436