# rank	legacy	wide	full
27603	eb305c654335fc051516d44f03a4a9a3	2d95ee585298077d295312503e6328de	510938fe5cbd83f2bab99962285b7a77
27604	9e9369c025161485b794c2147095a307	887515995683c4426c03c3066d0d20d6	fc78c9475cd4d1deafdfb93e26085add
27605	9e9369c025161485b794c2147095a307	887515995683c4426c03c3066d0d20d6	fc78c9475cd4d1deafdfb93e26085add
27606	9e9369c025161485b794c2147095a307	887515995683c4426c03c3066d0d20d6	fc78c9475cd4d1deafdfb93e26085add
27607	9e9369c025161485b794c2147095a307	887515995683c4426c03c3066d0d20d6	fc78c9475cd4d1deafdfb93e26085add
27608	9e9369c025161485b794c2147095a307	887515995683c4426c03c3066d0d20d6	fc78c9475cd4d1deafdfb93e26085add
27609	39e1bfdc70cd6e8b5d32daad24857f92	1b3ebb7da630e63c5a1580afc2cd6d52	4b9b5c83be6ba8a8bdb2af554cf740f7
27610	39e1bfdc70cd6e8b5d32daad24857f92	1b3ebb7da630e63c5a1580afc2cd6d52	4b9b5c83be6ba8a8bdb2af554cf740f7
27611	39e1bfdc70cd6e8b5d32daad24857f92	1b3ebb7da630e63c5a1580afc2cd6d52	4b9b5c83be6ba8a8bdb2af554cf740f7
27612	429e67b4b1effb3d076f6ca29eee4a0a	6402af618391e626c37782b80c458347	c2f00ab91467b49265028fe78d5666a9
27613	429e67b4b1effb3d076f6ca29eee4a0a	6402af618391e626c37782b80c458347	c2f00ab91467b49265028fe78d5666a9
27614	13d8458daabd56502270cbda62c254c8	34eaa76a479cede57a2accfd4f677288	0f2d3764eb54831bed38f6a59323ae0d
27615	13d8458daabd56502270cbda62c254c8	34eaa76a479cede57a2accfd4f677288	0f2d3764eb54831bed38f6a59323ae0d
27616	68001a6e71dcc635d19e68f392354123	b8cc066ca824c78c31fd47ee2b0a3761	5fbe58a7f185a20b6c4cd2569ff1cbff
27617	68001a6e71dcc635d19e68f392354123	b8cc066ca824c78c31fd47ee2b0a3761	5fbe58a7f185a20b6c4cd2569ff1cbff
27618	68001a6e71dcc635d19e68f392354123	b8cc066ca824c78c31fd47ee2b0a3761	5fbe58a7f185a20b6c4cd2569ff1cbff
27619	68001a6e71dcc635d19e68f392354123	b8cc066ca824c78c31fd47ee2b0a3761	5fbe58a7f185a20b6c4cd2569ff1cbff
27620	68001a6e71dcc635d19e68f392354123	b8cc066ca824c78c31fd47ee2b0a3761	5fbe58a7f185a20b6c4cd2569ff1cbff
27621	32d3e129909fbab1d71af5c23abda7c9	2b3a4f152da912b069f4b4ff77942422	ef3a01a6436c565db0d7239d90254bbc
27622	32d3e129909fbab1d71af5c23abda7c9	2b3a4f152da912b069f4b4ff77942422	ef3a01a6436c565db0d7239d90254bbc
27623	32d3e129909fbab1d71af5c23abda7c9	2b3a4f152da912b069f4b4ff77942422	ef3a01a6436c565db0d7239d90254bbc
27624	32d3e129909fbab1d71af5c23abda7c9	2b3a4f152da912b069f4b4ff77942422	ef3a01a6436c565db0d7239d90254bbc
27625	32d3e129909fbab1d71af5c23abda7c9	2b3a4f152da912b069f4b4ff77942422	ef3a01a6436c565db0d7239d90254bbc
27626	32d3e129909fbab1d71af5c23abda7c9	2b3a4f152da912b069f4b4ff77942422	ef3a01a6436c565db0d7239d90254bbc
27627	32d3e129909fbab1d71af5c23abda7c9	2b3a4f152da912b069f4b4ff77942422	ef3a01a6436c565db0d7239d90254bbc
27628	eea4ea2a8d191c0c86507dcd7add48df	9b65aa2a05a5a768f85e80c0cd6278be	12b57b5d85da9c81de08aaa6c9707aa4
27629	eea4ea2a8d191c0c86507dcd7add48df	9b65aa2a05a5a768f85e80c0cd6278be	12b57b5d85da9c81de08aaa6c9707aa4
27630	eea4ea2a8d191c0c86507dcd7add48df	9b65aa2a05a5a768f85e80c0cd6278be	12b57b5d85da9c81de08aaa6c9707aa4
27631	eea4ea2a8d191c0c86507dcd7add48df	9b65aa2a05a5a768f85e80c0cd6278be	12b57b5d85da9c81de08aaa6c9707aa4
27632	eea4ea2a8d191c0c86507dcd7add48df	9b65aa2a05a5a768f85e80c0cd6278be	12b57b5d85da9c81de08aaa6c9707aa4
27633	eea4ea2a8d191c0c86507dcd7add48df	9b65aa2a05a5a768f85e80c0cd6278be	12b57b5d85da9c81de08aaa6c9707aa4
27634	eea4ea2a8d191c0c86507dcd7add48df	9b65aa2a05a5a768f85e80c0cd6278be	12b57b5d85da9c81de08aaa6c9707aa4
27635	eea4ea2a8d191c0c86507dcd7add48df	9b65aa2a05a5a768f85e80c0cd6278be	12b57b5d85da9c81de08aaa6c9707aa4
27636	eea4ea2a8d191c0c86507dcd7add48df	9b65aa2a05a5a768f85e80c0cd6278be	12b57b5d85da9c81de08aaa6c9707aa4
27637	eea4ea2a8d191c0c86507dcd7add48df	9b65aa2a05a5a768f85e80c0cd6278be	12b57b5d85da9c81de08aaa6c9707aa4
27638	153edd57ba427c4cc5cfdf50be04038c	0f56af2e557a6200a8fb30a98449ebe8	8271b1a8330c0079f300571d7a660075
27639	153edd57ba427c4cc5cfdf50be04038c	0f56af2e557a6200a8fb30a98449ebe8	8271b1a8330c0079f300571d7a660075
27640	153edd57ba427c4cc5cfdf50be04038c	0f56af2e557a6200a8fb30a98449ebe8	8271b1a8330c0079f300571d7a660075
27641	153edd57ba427c4cc5cfdf50be04038c	0f56af2e557a6200a8fb30a98449ebe8	8271b1a8330c0079f300571d7a660075
27642	153edd57ba427c4cc5cfdf50be04038c	0f56af2e557a6200a8fb30a98449ebe8	8271b1a8330c0079f300571d7a660075
27643	153edd57ba427c4cc5cfdf50be04038c	0f56af2e557a6200a8fb30a98449ebe8	8271b1a8330c0079f300571d7a660075
27644	153edd57ba427c4cc5cfdf50be04038c	0f56af2e557a6200a8fb30a98449ebe8	8271b1a8330c0079f300571d7a660075
27645	754865d1df5b8a592758214194603b16	98bc3c75f34199359d09f82b5b4eade9	ed336cb1c8f5a1c2ab0172d6dc0ea26c
27646	754865d1df5b8a592758214194603b16	98bc3c75f34199359d09f82b5b4eade9	ed336cb1c8f5a1c2ab0172d6dc0ea26c
27647	754865d1df5b8a592758214194603b16	98bc3c75f34199359d09f82b5b4eade9	ed336cb1c8f5a1c2ab0172d6dc0ea26c
27648	754865d1df5b8a592758214194603b16	98bc3c75f34199359d09f82b5b4eade9	ed336cb1c8f5a1c2ab0172d6dc0ea26c
27649	754865d1df5b8a592758214194603b16	98bc3c75f34199359d09f82b5b4eade9	ed336cb1c8f5a1c2ab0172d6dc0ea26c
27650	67afacf89dab7413104a73d8f0d4e54c	3f81473adacadfe5ebb5c0f688bac7e0	d9d56f1ead63de56b25ec6e7d1ad6d82
27651	67afacf89dab7413104a73d8f0d4e54c	3f81473adacadfe5ebb5c0f688bac7e0	d9d56f1ead63de56b25ec6e7d1ad6d82
27652	67afacf89dab7413104a73d8f0d4e54c	3f81473adacadfe5ebb5c0f688bac7e0	d9d56f1ead63de56b25ec6e7d1ad6d82
27653	67afacf89dab7413104a73d8f0d4e54c	3f81473adacadfe5ebb5c0f688bac7e0	d9d56f1ead63de56b25ec6e7d1ad6d82
27654	67afacf89dab7413104a73d8f0d4e54c	3f81473adacadfe5ebb5c0f688bac7e0	d9d56f1ead63de56b25ec6e7d1ad6d82
27655	67afacf89dab7413104a73d8f0d4e54c	3f81473adacadfe5ebb5c0f688bac7e0	d9d56f1ead63de56b25ec6e7d1ad6d82
27656	67afacf89dab7413104a73d8f0d4e54c	3f81473adacadfe5ebb5c0f688bac7e0	d9d56f1ead63de56b25ec6e7d1ad6d82
27657	0fe373f82b4d1ca0d54e3e408d3da59c	5ba1a0a86ea4b987d8e3d261d298e727	632080105c022e84e165e230262d330f
27658	67afacf89dab7413104a73d8f0d4e54c	3f81473adacadfe5ebb5c0f688bac7e0	d9d56f1ead63de56b25ec6e7d1ad6d82
27659	67afacf89dab7413104a73d8f0d4e54c	3f81473adacadfe5ebb5c0f688bac7e0	d9d56f1ead63de56b25ec6e7d1ad6d82
27660	67afacf89dab7413104a73d8f0d4e54c	3f81473adacadfe5ebb5c0f688bac7e0	d9d56f1ead63de56b25ec6e7d1ad6d82
27661	67afacf89dab7413104a73d8f0d4e54c	3f81473adacadfe5ebb5c0f688bac7e0	d9d56f1ead63de56b25ec6e7d1ad6d82
27662	67afacf89dab7413104a73d8f0d4e54c	3f81473adacadfe5ebb5c0f688bac7e0	d9d56f1ead63de56b25ec6e7d1ad6d82
27663	67afacf89dab7413104a73d8f0d4e54c	3f81473adacadfe5ebb5c0f688bac7e0	d9d56f1ead63de56b25ec6e7d1ad6d82
27664	67afacf89dab7413104a73d8f0d4e54c	3f81473adacadfe5ebb5c0f688bac7e0	d9d56f1ead63de56b25ec6e7d1ad6d82
27665	67afacf89dab7413104a73d8f0d4e54c	3f81473adacadfe5ebb5c0f688bac7e0	d9d56f1ead63de56b25ec6e7d1ad6d82
27666	e8e6af6f5e37ffebcca12b43480e4b50	9c591afc3c5206c070cf23d7a99278e2	cf6a396c2334b5c8fcad660fd1976105
27667	62adbf92037426d0248297eff445a724	0440154367eb16e553317775befce629	b724e0fb768463b5b7d2afd3971d08f8
27668	62adbf92037426d0248297eff445a724	0440154367eb16e553317775befce629	b724e0fb768463b5b7d2afd3971d08f8
27669	62adbf92037426d0248297eff445a724	0440154367eb16e553317775befce629	b724e0fb768463b5b7d2afd3971d08f8
27670	62adbf92037426d0248297eff445a724	0440154367eb16e553317775befce629	b724e0fb768463b5b7d2afd3971d08f8
27671	62adbf92037426d0248297eff445a724	0440154367eb16e553317775befce629	b724e0fb768463b5b7d2afd3971d08f8
27672	62adbf92037426d0248297eff445a724	0440154367eb16e553317775befce629	b724e0fb768463b5b7d2afd3971d08f8
27673	62adbf92037426d0248297eff445a724	0440154367eb16e553317775befce629	b724e0fb768463b5b7d2afd3971d08f8
27674	53107a103da13803317021fa98bc15e4	2475256732dda13cf997456d9f90349a	9fa916f5aedae9c605dd3691d6e5f3e0
27675	53107a103da13803317021fa98bc15e4	2475256732dda13cf997456d9f90349a	9fa916f5aedae9c605dd3691d6e5f3e0
27676	53107a103da13803317021fa98bc15e4	2475256732dda13cf997456d9f90349a	9fa916f5aedae9c605dd3691d6e5f3e0
27677	1cf3b8913bc791e34811da57b8bf7847	087f9e7544773947aa5d222d7a5dc5b5	ea2f30cedbf79d13e5ec5464b186ead0
27678	1cf3b8913bc791e34811da57b8bf7847	087f9e7544773947aa5d222d7a5dc5b5	ea2f30cedbf79d13e5ec5464b186ead0
27679	eec259c4c5e607eee6c13d95e3a8aae8	ddb067c9a2962372da5e092a3f7f0a68	b0acec7685618f99a0be63ec691c615e
27680	eec259c4c5e607eee6c13d95e3a8aae8	ddb067c9a2962372da5e092a3f7f0a68	b0acec7685618f99a0be63ec691c615e
27681	eec259c4c5e607eee6c13d95e3a8aae8	ddb067c9a2962372da5e092a3f7f0a68	b0acec7685618f99a0be63ec691c615e
27682	1e35eacb3babff5692f7e0ab912c4975	9c9061a584f3d0c4a2f4b2d047ff824f	1e028926955a346548ebff4c66733af0
27683	e28c4d44693cdc055d79beff10b0d73c	6862a7098958fa619e4628836c3a3687	20a9c556256d2b31e3251a1eb17efb1d
27684	1e35eacb3babff5692f7e0ab912c4975	9c9061a584f3d0c4a2f4b2d047ff824f	1e028926955a346548ebff4c66733af0
27685	1e35eacb3babff5692f7e0ab912c4975	9c9061a584f3d0c4a2f4b2d047ff824f	1e028926955a346548ebff4c66733af0
27686	85bd24a1107b969a62c3d92db5d761f0	df297f1c545ee022137beb96818237ef	25c015b9ae4d890d1478af25278cc6ba
27687	85bd24a1107b969a62c3d92db5d761f0	df297f1c545ee022137beb96818237ef	25c015b9ae4d890d1478af25278cc6ba
27688	e01d578390343ffa95001b1e99d25dc1	d235cc893061aa9675d266cd8532e216	8e5c55d659c5567d2d2ca732eed35d4e
27689	0a658dea9c52cbac135ec1078d1791ea	aa1c32f796ee1fda34217e9f026aa5da	63dcad1ca69d2b5a836753ef1b0161c1
27690	0a658dea9c52cbac135ec1078d1791ea	aa1c32f796ee1fda34217e9f026aa5da	63dcad1ca69d2b5a836753ef1b0161c1
27691	d1a408592e5008f313dddb7e15b2ffd3	ba0697685aafdb9ce48c23385940ad26	e804f0e1d5502bb5692ec3c9b67d813c
27692	d1a408592e5008f313dddb7e15b2ffd3	ba0697685aafdb9ce48c23385940ad26	e804f0e1d5502bb5692ec3c9b67d813c
27693	d1a408592e5008f313dddb7e15b2ffd3	ba0697685aafdb9ce48c23385940ad26	e804f0e1d5502bb5692ec3c9b67d813c
27694	d1a408592e5008f313dddb7e15b2ffd3	ba0697685aafdb9ce48c23385940ad26	e804f0e1d5502bb5692ec3c9b67d813c
27695	d1a408592e5008f313dddb7e15b2ffd3	ba0697685aafdb9ce48c23385940ad26	e804f0e1d5502bb5692ec3c9b67d813c
27696	d1a408592e5008f313dddb7e15b2ffd3	ba0697685aafdb9ce48c23385940ad26	e804f0e1d5502bb5692ec3c9b67d813c
27697	d1a408592e5008f313dddb7e15b2ffd3	ba0697685aafdb9ce48c23385940ad26	e804f0e1d5502bb5692ec3c9b67d813c
27698	ec97752c596fc421ef6345b6abd410cd	7a108531d031ad15ee9583782ee4a146	997585d99c68f57c516a2958e6ab26e7
27699	ec97752c596fc421ef6345b6abd410cd	7a108531d031ad15ee9583782ee4a146	997585d99c68f57c516a2958e6ab26e7
27700	ec97752c596fc421ef6345b6abd410cd	7a108531d031ad15ee9583782ee4a146	997585d99c68f57c516a2958e6ab26e7
27701	ec97752c596fc421ef6345b6abd410cd	7a108531d031ad15ee9583782ee4a146	997585d99c68f57c516a2958e6ab26e7
27702	ec97752c596fc421ef6345b6abd410cd	7a108531d031ad15ee9583782ee4a146	997585d99c68f57c516a2958e6ab26e7
27703	ec97752c596fc421ef6345b6abd410cd	7a108531d031ad15ee9583782ee4a146	997585d99c68f57c516a2958e6ab26e7
27704	ec97752c596fc421ef6345b6abd410cd	7a108531d031ad15ee9583782ee4a146	997585d99c68f57c516a2958e6ab26e7
27705	ec97752c596fc421ef6345b6abd410cd	7a108531d031ad15ee9583782ee4a146	997585d99c68f57c516a2958e6ab26e7
27706	ec97752c596fc421ef6345b6abd410cd	7a108531d031ad15ee9583782ee4a146	997585d99c68f57c516a2958e6ab26e7
27707	ec97752c596fc421ef6345b6abd410cd	7a108531d031ad15ee9583782ee4a146	997585d99c68f57c516a2958e6ab26e7
27708	07554b6d8182b8de6f8556bec37f35be	03a94db5c071c72088dbfba4f272d84b	a0579af6777e053333a6bda86a5ebd33
27709	07554b6d8182b8de6f8556bec37f35be	03a94db5c071c72088dbfba4f272d84b	a0579af6777e053333a6bda86a5ebd33
27710	07554b6d8182b8de6f8556bec37f35be	03a94db5c071c72088dbfba4f272d84b	a0579af6777e053333a6bda86a5ebd33
27711	07554b6d8182b8de6f8556bec37f35be	03a94db5c071c72088dbfba4f272d84b	a0579af6777e053333a6bda86a5ebd33
27712	07554b6d8182b8de6f8556bec37f35be	03a94db5c071c72088dbfba4f272d84b	a0579af6777e053333a6bda86a5ebd33
27713	07554b6d8182b8de6f8556bec37f35be	03a94db5c071c72088dbfba4f272d84b	a0579af6777e053333a6bda86a5ebd33
27714	07554b6d8182b8de6f8556bec37f35be	03a94db5c071c72088dbfba4f272d84b	a0579af6777e053333a6bda86a5ebd33
27715	7821aef06497bd4f7ecfacb17a6d1310	6e607c7f4f00a3910231d10b6f79098d	041b4d2802969e15791a19fb903d13e6
27716	7821aef06497bd4f7ecfacb17a6d1310	6e607c7f4f00a3910231d10b6f79098d	041b4d2802969e15791a19fb903d13e6
27717	7821aef06497bd4f7ecfacb17a6d1310	6e607c7f4f00a3910231d10b6f79098d	041b4d2802969e15791a19fb903d13e6
27718	7821aef06497bd4f7ecfacb17a6d1310	6e607c7f4f00a3910231d10b6f79098d	041b4d2802969e15791a19fb903d13e6
27719	7821aef06497bd4f7ecfacb17a6d1310	6e607c7f4f00a3910231d10b6f79098d	041b4d2802969e15791a19fb903d13e6
27720	0c873dd3e12b5c9b3b9c53e6f3c7e63e	db3206dff5d2ce8c451e2c521cf47c3a	828cbcd31d3510918fb1acdf9cef4e9c
27721	86201a1d6785eab195193664738373a9	5f8aa8c63b23970bcea2fb6102bf5fdf	fa084b0c255df4a97e88e215dd6b57d4
27722	d00707a2b552b5626d683cf28087a535	39b29fc820e76bbb294eca9415651bd4	216b461d8f45aa4b2331857b13bb2d02
27723	cfd348556cfe13aecdf4eaeb4c1b14bc	8cf18d7091bbb880cc9f06e0a834ccd0	674d9ed1e5637dd42003ea6db5206384
27724	1846268a418b99a62d075b2e37582588	4dcc9827276cc3d0f3c4bdff52d5d6e2	6f069a62b00a1db8f12e3f0b18a769ed
27725	1596957b711b37fcc97e46bf29b6cb5f	77a9562c03061d67cb68b9269f923bc5	c3f93c315d7258e962ec82f8aa202d3e
27726	fd9c5b68c5e611c482493f59577df7fc	88e5fe08e00f4e888364f0f8622a7b27	b1a22c5c748e0bd796316764f9dab7c5
27727	796dc1672c1ebc0d578cede0d4f086b1	3c27b548706f5af91860192f9d86e7a3	2b069c5b05a2250ab2d67466b6b5a4c4
27728	170fc9f3d0c077032fc930c5effcf763	53adcd382e8ace5ac6229582f4992436	6b88df2cd78255eb6e3072403408ce0a
27729	170fc9f3d0c077032fc930c5effcf763	53adcd382e8ace5ac6229582f4992436	6b88df2cd78255eb6e3072403408ce0a
27730	da1b8b362e7a0e2d66d66ea37b61ed46	61358f465dc4d2c231a00a44880c0b1a	83ac13f9c01772567a32b49447fb99e2
27731	170fc9f3d0c077032fc930c5effcf763	53adcd382e8ace5ac6229582f4992436	6b88df2cd78255eb6e3072403408ce0a
27732	353809f252270d7d87b0ffaa20ece9f5	9c65b99dc0ffea65bc80a00e173319b1	3729f2b990cabc157790babb261371cd
27733	c04abb0af312867759c5ea91ca505df8	80d6ea251650435a86cff224b95e75c1	83ef08f05eda09a5e11512cb7bf8bee2
27734	32f02accfc61f39c735b900f9904138d	ca317a256fc6f2e5fdb8eebe4b15f62f	c097d998462ae9d4eadb3e4baf08aaa4
27735	c04abb0af312867759c5ea91ca505df8	80d6ea251650435a86cff224b95e75c1	83ef08f05eda09a5e11512cb7bf8bee2
27736	9ef1197fa24f5fe9d565f5b579323835	9e77a7988f4c19add100c04b5aa95ad0	523eb61c49ca843db2a0a6bdaecb94f2
27737	809c0714a7c2512d23e4a6a8cbcaeb1f	409800839a8ea37221a77a8940ac5a67	c0fe065fb1a351125418d41427f1d057
27738	809c0714a7c2512d23e4a6a8cbcaeb1f	409800839a8ea37221a77a8940ac5a67	c0fe065fb1a351125418d41427f1d057
27739	809c0714a7c2512d23e4a6a8cbcaeb1f	409800839a8ea37221a77a8940ac5a67	c0fe065fb1a351125418d41427f1d057
27740	809c0714a7c2512d23e4a6a8cbcaeb1f	409800839a8ea37221a77a8940ac5a67	c0fe065fb1a351125418d41427f1d057
27741	809c0714a7c2512d23e4a6a8cbcaeb1f	409800839a8ea37221a77a8940ac5a67	c0fe065fb1a351125418d41427f1d057
27742	809c0714a7c2512d23e4a6a8cbcaeb1f	409800839a8ea37221a77a8940ac5a67	c0fe065fb1a351125418d41427f1d057
27743	809c0714a7c2512d23e4a6a8cbcaeb1f	409800839a8ea37221a77a8940ac5a67	c0fe065fb1a351125418d41427f1d057
27744	3cf64ff6f5ff208eaf00d0f9612ea38b	110eb3927acac5819115ed385c34ed3b	472057458893c914fbce50522149774e
27745	3cf64ff6f5ff208eaf00d0f9612ea38b	110eb3927acac5819115ed385c34ed3b	472057458893c914fbce50522149774e
27746	3cf64ff6f5ff208eaf00d0f9612ea38b	110eb3927acac5819115ed385c34ed3b	472057458893c914fbce50522149774e
27747	3dad0281c3c3da0ffb8b285e42a921d4	e7de36d5170a3507808fd11d144888f0	0db09863326cd6be8f2de3cc9bb46ab1
27748	3dad0281c3c3da0ffb8b285e42a921d4	e7de36d5170a3507808fd11d144888f0	0db09863326cd6be8f2de3cc9bb46ab1
27749	43010ea20fb21c7aaf016e97d741e555	b70c338872e62038166dfa57cafc92c1	fcfa451578bdccddf3c221f160358332
27750	43010ea20fb21c7aaf016e97d741e555	b70c338872e62038166dfa57cafc92c1	fcfa451578bdccddf3c221f160358332
27751	43010ea20fb21c7aaf016e97d741e555	b70c338872e62038166dfa57cafc92c1	fcfa451578bdccddf3c221f160358332
27752	8aae7e5a48428e9db6ee26f6d61ab48e	ea5b23abf3c170f62e4cfcd8237a8d33	dc3323108e4f2cb61915e2280178a41b
27753	f1af4be920a719cd9e942890187e523c	9ace11a8f2a687c58e9814d30e035662	2dfa0f8e0df9e4d79374884b1034640c
27754	3fad1cb82dac509356a53b4886b6f503	b45e267e425323b19cfec830cda53218	d4f93327e29cb75186d9255f341b9b3d
27755	3fad1cb82dac509356a53b4886b6f503	b45e267e425323b19cfec830cda53218	d4f93327e29cb75186d9255f341b9b3d
27756	63cafb9f92c9cbc9144262f4bda43f97	4445078f66bb43b0b6d6c12a7957955b	5e44b9dd9cf0e32358c377b89764f23f
27757	63cafb9f92c9cbc9144262f4bda43f97	4445078f66bb43b0b6d6c12a7957955b	5e44b9dd9cf0e32358c377b89764f23f
27758	63cafb9f92c9cbc9144262f4bda43f97	4445078f66bb43b0b6d6c12a7957955b	5e44b9dd9cf0e32358c377b89764f23f
27759	780fcf1202040678c47f386e0867fb17	cf9e8aa49aee2221b328d64b0fea5ec9	25c6f3de24a6d08120a06c71b6093e32
27760	63cafb9f92c9cbc9144262f4bda43f97	4445078f66bb43b0b6d6c12a7957955b	5e44b9dd9cf0e32358c377b89764f23f
27761	229c87db0f68346b0823c46019682510	9bd5c888c5f159781cc07ea5506c4139	88af75d3b6d1e2c87d4c96c8ff282ad9
27762	229c87db0f68346b0823c46019682510	9bd5c888c5f159781cc07ea5506c4139	88af75d3b6d1e2c87d4c96c8ff282ad9
27763	229c87db0f68346b0823c46019682510	9bd5c888c5f159781cc07ea5506c4139	88af75d3b6d1e2c87d4c96c8ff282ad9
27764	229c87db0f68346b0823c46019682510	9bd5c888c5f159781cc07ea5506c4139	88af75d3b6d1e2c87d4c96c8ff282ad9
27765	229c87db0f68346b0823c46019682510	9bd5c888c5f159781cc07ea5506c4139	88af75d3b6d1e2c87d4c96c8ff282ad9
27766	229c87db0f68346b0823c46019682510	9bd5c888c5f159781cc07ea5506c4139	88af75d3b6d1e2c87d4c96c8ff282ad9
27767	229c87db0f68346b0823c46019682510	9bd5c888c5f159781cc07ea5506c4139	88af75d3b6d1e2c87d4c96c8ff282ad9
27768	229c87db0f68346b0823c46019682510	9bd5c888c5f159781cc07ea5506c4139	88af75d3b6d1e2c87d4c96c8ff282ad9
27769	229c87db0f68346b0823c46019682510	9bd5c888c5f159781cc07ea5506c4139	88af75d3b6d1e2c87d4c96c8ff282ad9
27770	229c87db0f68346b0823c46019682510	9bd5c888c5f159781cc07ea5506c4139	88af75d3b6d1e2c87d4c96c8ff282ad9
27771	229c87db0f68346b0823c46019682510	9bd5c888c5f159781cc07ea5506c4139	88af75d3b6d1e2c87d4c96c8ff282ad9
27772	229c87db0f68346b0823c46019682510	9bd5c888c5f159781cc07ea5506c4139	88af75d3b6d1e2c87d4c96c8ff282ad9
27773	a32dc1eed05ca8321f47d8ef4cee8be1	a9c0a49375492048aba8c9977665fb70	a444551f6fae5b0950035b957a1b40de
27774	a32dc1eed05ca8321f47d8ef4cee8be1	a9c0a49375492048aba8c9977665fb70	a444551f6fae5b0950035b957a1b40de
27775	a32dc1eed05ca8321f47d8ef4cee8be1	a9c0a49375492048aba8c9977665fb70	a444551f6fae5b0950035b957a1b40de
27776	a32dc1eed05ca8321f47d8ef4cee8be1	a9c0a49375492048aba8c9977665fb70	a444551f6fae5b0950035b957a1b40de
27777	a32dc1eed05ca8321f47d8ef4cee8be1	a9c0a49375492048aba8c9977665fb70	a444551f6fae5b0950035b957a1b40de
27778	1dd267e2934faa621a506eac0ab124df	6c50afe6aa0a6963656cd31389934f81	0c0274396873e09c4f201adf482a7a3d
27779	1dd267e2934faa621a506eac0ab124df	6c50afe6aa0a6963656cd31389934f81	0c0274396873e09c4f201adf482a7a3d
27780	1dd267e2934faa621a506eac0ab124df	6c50afe6aa0a6963656cd31389934f81	0c0274396873e09c4f201adf482a7a3d
27781	1dd267e2934faa621a506eac0ab124df	6c50afe6aa0a6963656cd31389934f81	0c0274396873e09c4f201adf482a7a3d
27782	1dd267e2934faa621a506eac0ab124df	6c50afe6aa0a6963656cd31389934f81	0c0274396873e09c4f201adf482a7a3d
27783	1dd267e2934faa621a506eac0ab124df	6c50afe6aa0a6963656cd31389934f81	0c0274396873e09c4f201adf482a7a3d
27784	1dd267e2934faa621a506eac0ab124df	6c50afe6aa0a6963656cd31389934f81	0c0274396873e09c4f201adf482a7a3d
27785	1dd267e2934faa621a506eac0ab124df	6c50afe6aa0a6963656cd31389934f81	0c0274396873e09c4f201adf482a7a3d
27786	1dd267e2934faa621a506eac0ab124df	6c50afe6aa0a6963656cd31389934f81	0c0274396873e09c4f201adf482a7a3d
27787	1dd267e2934faa621a506eac0ab124df	6c50afe6aa0a6963656cd31389934f81	0c0274396873e09c4f201adf482a7a3d
27788	1dd267e2934faa621a506eac0ab124df	6c50afe6aa0a6963656cd31389934f81	0c0274396873e09c4f201adf482a7a3d
27789	1dd267e2934faa621a506eac0ab124df	6c50afe6aa0a6963656cd31389934f81	0c0274396873e09c4f201adf482a7a3d
27790	867ceb9f48aae44d0596edb88841d7a6	6f9c19c41a89ee485edf44402b47fe8b	5f29a7cbc5ed4421d77ac81c10d495c3
27791	867ceb9f48aae44d0596edb88841d7a6	6f9c19c41a89ee485edf44402b47fe8b	5f29a7cbc5ed4421d77ac81c10d495c3
27792	867ceb9f48aae44d0596edb88841d7a6	6f9c19c41a89ee485edf44402b47fe8b	5f29a7cbc5ed4421d77ac81c10d495c3
27793	867ceb9f48aae44d0596edb88841d7a6	6f9c19c41a89ee485edf44402b47fe8b	5f29a7cbc5ed4421d77ac81c10d495c3
27794	867ceb9f48aae44d0596edb88841d7a6	6f9c19c41a89ee485edf44402b47fe8b	5f29a7cbc5ed4421d77ac81c10d495c3
27795	867ceb9f48aae44d0596edb88841d7a6	6f9c19c41a89ee485edf44402b47fe8b	5f29a7cbc5ed4421d77ac81c10d495c3
27796	867ceb9f48aae44d0596edb88841d7a6	6f9c19c41a89ee485edf44402b47fe8b	5f29a7cbc5ed4421d77ac81c10d495c3
27797	9b9fb4c3e1a31317d39865b0d6be6dc5	b00aecacfa3e58a406b9ff84b0340839	a8a08b9510c1e564dac159f96ff54c5a
27798	9b9fb4c3e1a31317d39865b0d6be6dc5	b00aecacfa3e58a406b9ff84b0340839	a8a08b9510c1e564dac159f96ff54c5a
27799	9b9fb4c3e1a31317d39865b0d6be6dc5	b00aecacfa3e58a406b9ff84b0340839	a8a08b9510c1e564dac159f96ff54c5a
27800	0bb436e267e0c4f394d0c412532a5493	92ff235879072832748ac92e25b8eec4	f6e657fc677b0c9f0168500fee5cebe5
27801	bd79fd9baf5fa9cd85e807311069ab20	fcb9ce79c32e097910d52bd6365d352a	370959075a5f3c83dfbdd39d1b00f3dd
27802	9b9fb4c3e1a31317d39865b0d6be6dc5	b00aecacfa3e58a406b9ff84b0340839	a8a08b9510c1e564dac159f96ff54c5a
27803	9b9fb4c3e1a31317d39865b0d6be6dc5	b00aecacfa3e58a406b9ff84b0340839	a8a08b9510c1e564dac159f96ff54c5a
27804	9b9fb4c3e1a31317d39865b0d6be6dc5	b00aecacfa3e58a406b9ff84b0340839	a8a08b9510c1e564dac159f96ff54c5a
27805	1b2f35f88711fbd7defd5e98bf2e58e9	8395ce3b8a9de92b7994fc7fd1a073f8	5a4b9ff400b49256917fe28a39493b9a
27806	fc24d305e7bbe25a3f4dc35036529b00	6b187edeb3daa839eb20e01445d824cc	61c161d2f04fdd47955c30f71ca2f5b0
27807	8438b424a36d1da0f2c2c49ef7dd71a0	b2b91262b64183b0c7deef9132dff3b6	d0eef7c96826005f5b1a98e5ee8a6acf
27808	8438b424a36d1da0f2c2c49ef7dd71a0	b2b91262b64183b0c7deef9132dff3b6	d0eef7c96826005f5b1a98e5ee8a6acf
27809	8438b424a36d1da0f2c2c49ef7dd71a0	b2b91262b64183b0c7deef9132dff3b6	d0eef7c96826005f5b1a98e5ee8a6acf
27810	8438b424a36d1da0f2c2c49ef7dd71a0	b2b91262b64183b0c7deef9132dff3b6	d0eef7c96826005f5b1a98e5ee8a6acf
27811	8438b424a36d1da0f2c2c49ef7dd71a0	b2b91262b64183b0c7deef9132dff3b6	d0eef7c96826005f5b1a98e5ee8a6acf
27812	8438b424a36d1da0f2c2c49ef7dd71a0	b2b91262b64183b0c7deef9132dff3b6	d0eef7c96826005f5b1a98e5ee8a6acf
27813	8438b424a36d1da0f2c2c49ef7dd71a0	b2b91262b64183b0c7deef9132dff3b6	d0eef7c96826005f5b1a98e5ee8a6acf
27814	526c6affd45b28db593e44a939d2b68f	1c63b0d70d297da17098311f3e50cc25	fe2329d8f4396e44c9fb3ff799474f98
27815	42cde7b7bf2b1e4c8e358aed4d442fba	45c047816a20af0637bc0b2f207444d2	2ec872aa0ed07db9c077f12ebb7fb127
27816	d7389b15f643f2dadf726af674afd601	2a9a6449469f00e6ceb4a87584c42d34	a6a37b14c1927640827518b132155845
27817	07ef80f7e567ac41e903b889449bceb1	ad57b8e45dd5dc3166645b56da8cbd9e	0cac489444c40da6d01954ffe18cfbdb
27818	eb3882acfe4f8992ccfec45d6ae947f5	23aff5eabcc14901f701e95a9b9ec5d2	993e81fc9e8cc2a00928536a0081abc9
27819	76d01353afd24405736836773ab02add	819dd80605894673751b092b5129fcb6	bbd791fd322b7d710ec6a36dddb053e8
27820	76d01353afd24405736836773ab02add	819dd80605894673751b092b5129fcb6	bbd791fd322b7d710ec6a36dddb053e8
27821	76d01353afd24405736836773ab02add	819dd80605894673751b092b5129fcb6	bbd791fd322b7d710ec6a36dddb053e8
27822	76d01353afd24405736836773ab02add	819dd80605894673751b092b5129fcb6	bbd791fd322b7d710ec6a36dddb053e8
27823	76d01353afd24405736836773ab02add	819dd80605894673751b092b5129fcb6	bbd791fd322b7d710ec6a36dddb053e8
27824	76d01353afd24405736836773ab02add	819dd80605894673751b092b5129fcb6	bbd791fd322b7d710ec6a36dddb053e8
27825	76d01353afd24405736836773ab02add	819dd80605894673751b092b5129fcb6	bbd791fd322b7d710ec6a36dddb053e8
27826	76d01353afd24405736836773ab02add	819dd80605894673751b092b5129fcb6	bbd791fd322b7d710ec6a36dddb053e8
27827	76d01353afd24405736836773ab02add	819dd80605894673751b092b5129fcb6	bbd791fd322b7d710ec6a36dddb053e8
27828	76d01353afd24405736836773ab02add	819dd80605894673751b092b5129fcb6	bbd791fd322b7d710ec6a36dddb053e8
27829	76d01353afd24405736836773ab02add	819dd80605894673751b092b5129fcb6	bbd791fd322b7d710ec6a36dddb053e8
27830	76d01353afd24405736836773ab02add	819dd80605894673751b092b5129fcb6	bbd791fd322b7d710ec6a36dddb053e8
27831	76d01353afd24405736836773ab02add	819dd80605894673751b092b5129fcb6	bbd791fd322b7d710ec6a36dddb053e8
27832	76d01353afd24405736836773ab02add	819dd80605894673751b092b5129fcb6	bbd791fd322b7d710ec6a36dddb053e8
27833	76d01353afd24405736836773ab02add	819dd80605894673751b092b5129fcb6	bbd791fd322b7d710ec6a36dddb053e8
27834	76d01353afd24405736836773ab02add	819dd80605894673751b092b5129fcb6	bbd791fd322b7d710ec6a36dddb053e8
27835	76d01353afd24405736836773ab02add	819dd80605894673751b092b5129fcb6	bbd791fd322b7d710ec6a36dddb053e8
27836	19fb16fb83b21628de644631e6e23ea7	4a3d96049defd0a652408a4a48daa04f	21f9c11f4cd3c3188225f2138a29b919
27837	19fb16fb83b21628de644631e6e23ea7	4a3d96049defd0a652408a4a48daa04f	21f9c11f4cd3c3188225f2138a29b919
27838	19fb16fb83b21628de644631e6e23ea7	4a3d96049defd0a652408a4a48daa04f	21f9c11f4cd3c3188225f2138a29b919
27839	19fb16fb83b21628de644631e6e23ea7	4a3d96049defd0a652408a4a48daa04f	21f9c11f4cd3c3188225f2138a29b919
27840	19fb16fb83b21628de644631e6e23ea7	4a3d96049defd0a652408a4a48daa04f	21f9c11f4cd3c3188225f2138a29b919
27841	19fb16fb83b21628de644631e6e23ea7	4a3d96049defd0a652408a4a48daa04f	21f9c11f4cd3c3188225f2138a29b919
27842	19fb16fb83b21628de644631e6e23ea7	4a3d96049defd0a652408a4a48daa04f	21f9c11f4cd3c3188225f2138a29b919
27843	e46c76e4ca52fe4c22271e7ccc9d7d32	d96347fdcdbeef9ba7b3793ef5707f38	92edbd4ecbda46b619d01e5b614d6dbb
27844	e46c76e4ca52fe4c22271e7ccc9d7d32	d96347fdcdbeef9ba7b3793ef5707f38	92edbd4ecbda46b619d01e5b614d6dbb
27845	e46c76e4ca52fe4c22271e7ccc9d7d32	d96347fdcdbeef9ba7b3793ef5707f38	92edbd4ecbda46b619d01e5b614d6dbb
27846	e46c76e4ca52fe4c22271e7ccc9d7d32	d96347fdcdbeef9ba7b3793ef5707f38	92edbd4ecbda46b619d01e5b614d6dbb
27847	e46c76e4ca52fe4c22271e7ccc9d7d32	d96347fdcdbeef9ba7b3793ef5707f38	92edbd4ecbda46b619d01e5b614d6dbb
27848	e133ad233c5ea8680775e852ee50a755	5011e720202949a853394b0e3e40bdd1	4008bc46daa5b3b8107cf5830bb9cbce
27849	e133ad233c5ea8680775e852ee50a755	5011e720202949a853394b0e3e40bdd1	4008bc46daa5b3b8107cf5830bb9cbce
27850	e133ad233c5ea8680775e852ee50a755	5011e720202949a853394b0e3e40bdd1	4008bc46daa5b3b8107cf5830bb9cbce
27851	e133ad233c5ea8680775e852ee50a755	5011e720202949a853394b0e3e40bdd1	4008bc46daa5b3b8107cf5830bb9cbce
27852	e133ad233c5ea8680775e852ee50a755	5011e720202949a853394b0e3e40bdd1	4008bc46daa5b3b8107cf5830bb9cbce
27853	e133ad233c5ea8680775e852ee50a755	5011e720202949a853394b0e3e40bdd1	4008bc46daa5b3b8107cf5830bb9cbce
27854	e133ad233c5ea8680775e852ee50a755	5011e720202949a853394b0e3e40bdd1	4008bc46daa5b3b8107cf5830bb9cbce
27855	26ffc134e1a292bf48ae9ba6feebb04f	27a83194a5cdf531c58e661fb36f60e4	274a16eecb8d0f24b449a4181aba9745
27856	26ffc134e1a292bf48ae9ba6feebb04f	27a83194a5cdf531c58e661fb36f60e4	274a16eecb8d0f24b449a4181aba9745
27857	26ffc134e1a292bf48ae9ba6feebb04f	27a83194a5cdf531c58e661fb36f60e4	274a16eecb8d0f24b449a4181aba9745
27858	26ffc134e1a292bf48ae9ba6feebb04f	27a83194a5cdf531c58e661fb36f60e4	274a16eecb8d0f24b449a4181aba9745
27859	26ffc134e1a292bf48ae9ba6feebb04f	27a83194a5cdf531c58e661fb36f60e4	274a16eecb8d0f24b449a4181aba9745
27860	9c7b16644524734f58ac5e8cc6890088	7181e68104613958ff608729ee736c7e	4f94f9a23ddabef3eb77fb1b2dd6634a
27861	9c7b16644524734f58ac5e8cc6890088	7181e68104613958ff608729ee736c7e	4f94f9a23ddabef3eb77fb1b2dd6634a
27862	9c7b16644524734f58ac5e8cc6890088	7181e68104613958ff608729ee736c7e	4f94f9a23ddabef3eb77fb1b2dd6634a
27863	9c7b16644524734f58ac5e8cc6890088	7181e68104613958ff608729ee736c7e	4f94f9a23ddabef3eb77fb1b2dd6634a
27864	9c7b16644524734f58ac5e8cc6890088	7181e68104613958ff608729ee736c7e	4f94f9a23ddabef3eb77fb1b2dd6634a
27865	9c7b16644524734f58ac5e8cc6890088	7181e68104613958ff608729ee736c7e	4f94f9a23ddabef3eb77fb1b2dd6634a
27866	9c7b16644524734f58ac5e8cc6890088	7181e68104613958ff608729ee736c7e	4f94f9a23ddabef3eb77fb1b2dd6634a
27867	b5950419dfb6e01339a876f5436dbb8a	a4d2ede246ac074f42fb15561c2ee1c6	08b4ff907075b7ade2c8e884a206f33e
27868	b5950419dfb6e01339a876f5436dbb8a	a4d2ede246ac074f42fb15561c2ee1c6	08b4ff907075b7ade2c8e884a206f33e
27869	b5950419dfb6e01339a876f5436dbb8a	a4d2ede246ac074f42fb15561c2ee1c6	08b4ff907075b7ade2c8e884a206f33e
27870	b5950419dfb6e01339a876f5436dbb8a	a4d2ede246ac074f42fb15561c2ee1c6	08b4ff907075b7ade2c8e884a206f33e
27871	b5950419dfb6e01339a876f5436dbb8a	a4d2ede246ac074f42fb15561c2ee1c6	08b4ff907075b7ade2c8e884a206f33e
27872	feb2b11b644805c453684c27ecacb4d7	5c4e5597fa4cc7a382543173163156f7	5d99bf0a1e868ac3894553fc401b7846
27873	feb2b11b644805c453684c27ecacb4d7	5c4e5597fa4cc7a382543173163156f7	5d99bf0a1e868ac3894553fc401b7846
27874	feb2b11b644805c453684c27ecacb4d7	5c4e5597fa4cc7a382543173163156f7	5d99bf0a1e868ac3894553fc401b7846
27875	248371eb72fb5f849327a06bcdb7de7e	3cbf6ed1952dc6547142417c693dd69f	b03526889528e7615987896e580b2484
27876	0b407805ec00fa7461c81832ecde9904	cfeb5a511ec0b40160bca405e0f81ccc	4d1e8955ca7a0c90303078d8c4cb20cc
27877	1879f0fede2410a6e33dc81ca24b1e65	dde20e0037bf26b215f76c9e1b50aa51	fc353932b927c1a05fbd0b7d1f1b7256
27878	1879f0fede2410a6e33dc81ca24b1e65	dde20e0037bf26b215f76c9e1b50aa51	fc353932b927c1a05fbd0b7d1f1b7256
27879	1879f0fede2410a6e33dc81ca24b1e65	dde20e0037bf26b215f76c9e1b50aa51	fc353932b927c1a05fbd0b7d1f1b7256
27880	2ca7b072388fc44dd228bd5bfe0cfba7	187a030839eae079278a58a4006894e5	7c5e638728893b36cb3f02d45bfa00a4
27881	2ca7b072388fc44dd228bd5bfe0cfba7	187a030839eae079278a58a4006894e5	7c5e638728893b36cb3f02d45bfa00a4
27882	7b4e28bd2d827c0d256cd81d73397e67	2d69d781b52e668c7a0601e21038fd20	7e1513f9a66785d1cc4931b60f3f3030
27883	7b4e28bd2d827c0d256cd81d73397e67	2d69d781b52e668c7a0601e21038fd20	7e1513f9a66785d1cc4931b60f3f3030
27884	10b81386ac6a0dc01bc46e379d42285d	c4d45f95475ea943238583f616872cba	851b3c39d07739a9e1872d7cb7ed8828
27885	10b81386ac6a0dc01bc46e379d42285d	c4d45f95475ea943238583f616872cba	851b3c39d07739a9e1872d7cb7ed8828
27886	10b81386ac6a0dc01bc46e379d42285d	c4d45f95475ea943238583f616872cba	851b3c39d07739a9e1872d7cb7ed8828
27887	10b81386ac6a0dc01bc46e379d42285d	c4d45f95475ea943238583f616872cba	851b3c39d07739a9e1872d7cb7ed8828
27888	10b81386ac6a0dc01bc46e379d42285d	c4d45f95475ea943238583f616872cba	851b3c39d07739a9e1872d7cb7ed8828
27889	e407d7691fda976921cd280d79f17472	d9f1391fcae8de9d4d74c8c4e4c29b39	e72322f832bed7249d8fd075faf433a3
27890	e407d7691fda976921cd280d79f17472	d9f1391fcae8de9d4d74c8c4e4c29b39	e72322f832bed7249d8fd075faf433a3
27891	e407d7691fda976921cd280d79f17472	d9f1391fcae8de9d4d74c8c4e4c29b39	e72322f832bed7249d8fd075faf433a3
27892	e407d7691fda976921cd280d79f17472	d9f1391fcae8de9d4d74c8c4e4c29b39	e72322f832bed7249d8fd075faf433a3
27893	e407d7691fda976921cd280d79f17472	d9f1391fcae8de9d4d74c8c4e4c29b39	e72322f832bed7249d8fd075faf433a3
27894	e407d7691fda976921cd280d79f17472	d9f1391fcae8de9d4d74c8c4e4c29b39	e72322f832bed7249d8fd075faf433a3
27895	e407d7691fda976921cd280d79f17472	d9f1391fcae8de9d4d74c8c4e4c29b39	e72322f832bed7249d8fd075faf433a3
27896	3e42b6796a328215ccc1696c80d95968	ba3b89536e998591631af5b6201c9afa	7238d89392b331f9ac79d2ea9ad74ef5
27897	3e42b6796a328215ccc1696c80d95968	ba3b89536e998591631af5b6201c9afa	7238d89392b331f9ac79d2ea9ad74ef5
27898	3e42b6796a328215ccc1696c80d95968	ba3b89536e998591631af5b6201c9afa	7238d89392b331f9ac79d2ea9ad74ef5
27899	3e42b6796a328215ccc1696c80d95968	ba3b89536e998591631af5b6201c9afa	7238d89392b331f9ac79d2ea9ad74ef5
27900	3e42b6796a328215ccc1696c80d95968	ba3b89536e998591631af5b6201c9afa	7238d89392b331f9ac79d2ea9ad74ef5
27901	3e42b6796a328215ccc1696c80d95968	ba3b89536e998591631af5b6201c9afa	7238d89392b331f9ac79d2ea9ad74ef5
27902	3e42b6796a328215ccc1696c80d95968	ba3b89536e998591631af5b6201c9afa	7238d89392b331f9ac79d2ea9ad74ef5
27903	3e42b6796a328215ccc1696c80d95968	ba3b89536e998591631af5b6201c9afa	7238d89392b331f9ac79d2ea9ad74ef5
27904	3e42b6796a328215ccc1696c80d95968	ba3b89536e998591631af5b6201c9afa	7238d89392b331f9ac79d2ea9ad74ef5
27905	3e42b6796a328215ccc1696c80d95968	ba3b89536e998591631af5b6201c9afa	7238d89392b331f9ac79d2ea9ad74ef5
27906	d720de8d2ba51292079bf07069f72d05	21ffcb1b8611913c623ab4a4719dc68c	840c3f5242056a5e6e096623ac55dbb8
27907	d720de8d2ba51292079bf07069f72d05	21ffcb1b8611913c623ab4a4719dc68c	840c3f5242056a5e6e096623ac55dbb8
27908	d720de8d2ba51292079bf07069f72d05	21ffcb1b8611913c623ab4a4719dc68c	840c3f5242056a5e6e096623ac55dbb8
27909	d720de8d2ba51292079bf07069f72d05	21ffcb1b8611913c623ab4a4719dc68c	840c3f5242056a5e6e096623ac55dbb8
27910	d720de8d2ba51292079bf07069f72d05	21ffcb1b8611913c623ab4a4719dc68c	840c3f5242056a5e6e096623ac55dbb8
27911	d720de8d2ba51292079bf07069f72d05	21ffcb1b8611913c623ab4a4719dc68c	840c3f5242056a5e6e096623ac55dbb8
27912	d720de8d2ba51292079bf07069f72d05	21ffcb1b8611913c623ab4a4719dc68c	840c3f5242056a5e6e096623ac55dbb8
27913	0d2c80d8e3d4e6a1a22e34ba49be51a6	78bce6a7fe4c767e62ae250df242fb82	c7b81cdd8285acdbdf2138402bb67be8
27914	0d2c80d8e3d4e6a1a22e34ba49be51a6	78bce6a7fe4c767e62ae250df242fb82	c7b81cdd8285acdbdf2138402bb67be8
27915	0d2c80d8e3d4e6a1a22e34ba49be51a6	78bce6a7fe4c767e62ae250df242fb82	c7b81cdd8285acdbdf2138402bb67be8
27916	60a8402af9eb263b6f50b5ec8c606273	57c5dff34b5a8241160f3b538078fe0e	2e82b06353cec3c7ae94254929da45ed
27917	ca10064ac2c7f312493adfadfb5ac673	5bef590c803de37d322e6cc9cca2752d	4776e76f3a846caaa2a28a76543c3101
27918	9cf5fc08c84e7577d1749f4cce159f14	1bb47aed638e1173aab9691f77d6bc32	969742ea3e7dae47a40c7eecc09ce4b3
27919	9cf5fc08c84e7577d1749f4cce159f14	1bb47aed638e1173aab9691f77d6bc32	969742ea3e7dae47a40c7eecc09ce4b3
27920	9cf5fc08c84e7577d1749f4cce159f14	1bb47aed638e1173aab9691f77d6bc32	969742ea3e7dae47a40c7eecc09ce4b3
27921	9cf5fc08c84e7577d1749f4cce159f14	1bb47aed638e1173aab9691f77d6bc32	969742ea3e7dae47a40c7eecc09ce4b3
27922	89d8446a86ae403c16613e7535a396e7	58b3d965fd545cadee2f6cb6fb5f2a89	b1429037725660b0c195ab2bc769dbbf
27923	9cf5fc08c84e7577d1749f4cce159f14	1bb47aed638e1173aab9691f77d6bc32	969742ea3e7dae47a40c7eecc09ce4b3
27924	9cf5fc08c84e7577d1749f4cce159f14	1bb47aed638e1173aab9691f77d6bc32	969742ea3e7dae47a40c7eecc09ce4b3
27925	68385be640fa90f254b8ab8892a18293	d8c039f35344b6a66df355fc79605968	653fbc51a20e79b7fbdd9414fb51bc0d
27926	70bdf1fe50c74bcb6ac2316a1e7046b6	d12680ef68c04f3aa7eb5772aaa09235	a869ac2c21987cfbb7848fdaea396c1f
27927	68385be640fa90f254b8ab8892a18293	d8c039f35344b6a66df355fc79605968	653fbc51a20e79b7fbdd9414fb51bc0d
27928	68385be640fa90f254b8ab8892a18293	d8c039f35344b6a66df355fc79605968	653fbc51a20e79b7fbdd9414fb51bc0d
27929	68385be640fa90f254b8ab8892a18293	d8c039f35344b6a66df355fc79605968	653fbc51a20e79b7fbdd9414fb51bc0d
27930	a54bb37bd7d5f4917f9118a4e5f499b3	0b983dbb4212cc2fe400795b638e6d36	6e8dfbe57dda20ffb93486fa77f0735e
27931	a54bb37bd7d5f4917f9118a4e5f499b3	0b983dbb4212cc2fe400795b638e6d36	6e8dfbe57dda20ffb93486fa77f0735e
27932	a54bb37bd7d5f4917f9118a4e5f499b3	0b983dbb4212cc2fe400795b638e6d36	6e8dfbe57dda20ffb93486fa77f0735e
27933	a54bb37bd7d5f4917f9118a4e5f499b3	0b983dbb4212cc2fe400795b638e6d36	6e8dfbe57dda20ffb93486fa77f0735e
27934	a54bb37bd7d5f4917f9118a4e5f499b3	0b983dbb4212cc2fe400795b638e6d36	6e8dfbe57dda20ffb93486fa77f0735e
27935	a54bb37bd7d5f4917f9118a4e5f499b3	0b983dbb4212cc2fe400795b638e6d36	6e8dfbe57dda20ffb93486fa77f0735e
27936	a54bb37bd7d5f4917f9118a4e5f499b3	0b983dbb4212cc2fe400795b638e6d36	6e8dfbe57dda20ffb93486fa77f0735e
27937	a54bb37bd7d5f4917f9118a4e5f499b3	0b983dbb4212cc2fe400795b638e6d36	6e8dfbe57dda20ffb93486fa77f0735e
27938	a54bb37bd7d5f4917f9118a4e5f499b3	0b983dbb4212cc2fe400795b638e6d36	6e8dfbe57dda20ffb93486fa77f0735e
27939	a54bb37bd7d5f4917f9118a4e5f499b3	0b983dbb4212cc2fe400795b638e6d36	6e8dfbe57dda20ffb93486fa77f0735e
27940	a54bb37bd7d5f4917f9118a4e5f499b3	0b983dbb4212cc2fe400795b638e6d36	6e8dfbe57dda20ffb93486fa77f0735e
27941	a54bb37bd7d5f4917f9118a4e5f499b3	0b983dbb4212cc2fe400795b638e6d36	6e8dfbe57dda20ffb93486fa77f0735e
27942	a54bb37bd7d5f4917f9118a4e5f499b3	0b983dbb4212cc2fe400795b638e6d36	6e8dfbe57dda20ffb93486fa77f0735e
27943	a54bb37bd7d5f4917f9118a4e5f499b3	0b983dbb4212cc2fe400795b638e6d36	6e8dfbe57dda20ffb93486fa77f0735e
27944	a54bb37bd7d5f4917f9118a4e5f499b3	0b983dbb4212cc2fe400795b638e6d36	6e8dfbe57dda20ffb93486fa77f0735e
27945	a54bb37bd7d5f4917f9118a4e5f499b3	0b983dbb4212cc2fe400795b638e6d36	6e8dfbe57dda20ffb93486fa77f0735e
27946	a54bb37bd7d5f4917f9118a4e5f499b3	0b983dbb4212cc2fe400795b638e6d36	6e8dfbe57dda20ffb93486fa77f0735e
27947	096c7d0a1139e63b701394836b6b306a	da1c09df458c52e061b942bfb31fcbb0	c546fd50ce578f2ad8674525863c7ebf
27948	096c7d0a1139e63b701394836b6b306a	da1c09df458c52e061b942bfb31fcbb0	c546fd50ce578f2ad8674525863c7ebf
27949	096c7d0a1139e63b701394836b6b306a	da1c09df458c52e061b942bfb31fcbb0	c546fd50ce578f2ad8674525863c7ebf
27950	096c7d0a1139e63b701394836b6b306a	da1c09df458c52e061b942bfb31fcbb0	c546fd50ce578f2ad8674525863c7ebf
27951	096c7d0a1139e63b701394836b6b306a	da1c09df458c52e061b942bfb31fcbb0	c546fd50ce578f2ad8674525863c7ebf
27952	096c7d0a1139e63b701394836b6b306a	da1c09df458c52e061b942bfb31fcbb0	c546fd50ce578f2ad8674525863c7ebf
27953	096c7d0a1139e63b701394836b6b306a	da1c09df458c52e061b942bfb31fcbb0	c546fd50ce578f2ad8674525863c7ebf
27954	21588bd6eb5a2b8caf99c8a8d93cff9b	321a905333c52c5740a6ac05889b53ea	4bc4416f9fe05fa8dbe1b402a4a3d567
27955	21588bd6eb5a2b8caf99c8a8d93cff9b	321a905333c52c5740a6ac05889b53ea	4bc4416f9fe05fa8dbe1b402a4a3d567
27956	21588bd6eb5a2b8caf99c8a8d93cff9b	321a905333c52c5740a6ac05889b53ea	4bc4416f9fe05fa8dbe1b402a4a3d567
27957	283bb89215fc2e4c5451c65743b04b11	de4c5ac5cd8aa0ec709305389ed52959	3b1f07fc4fa1dc5541e7c0c84dcfbbf3
27958	283bb89215fc2e4c5451c65743b04b11	de4c5ac5cd8aa0ec709305389ed52959	3b1f07fc4fa1dc5541e7c0c84dcfbbf3
27959	3b646f6162623473d058e5905f1980be	8253f6f48d12d6fd06271a6a914e3bf5	c1629841c30298c45bff1daa3b0213e4
27960	3b646f6162623473d058e5905f1980be	8253f6f48d12d6fd06271a6a914e3bf5	c1629841c30298c45bff1daa3b0213e4
27961	3b646f6162623473d058e5905f1980be	8253f6f48d12d6fd06271a6a914e3bf5	c1629841c30298c45bff1daa3b0213e4
27962	8a5e3ca6fddff89cb90afef6e321a7d4	64f96c98a57f116fdcdca78a2d8d108d	9a24a19791e19cbc8e12000556472f84
27963	8a5e3ca6fddff89cb90afef6e321a7d4	64f96c98a57f116fdcdca78a2d8d108d	9a24a19791e19cbc8e12000556472f84
27964	8a5e3ca6fddff89cb90afef6e321a7d4	64f96c98a57f116fdcdca78a2d8d108d	9a24a19791e19cbc8e12000556472f84
27965	8a5e3ca6fddff89cb90afef6e321a7d4	64f96c98a57f116fdcdca78a2d8d108d	9a24a19791e19cbc8e12000556472f84
27966	7955be9cb7a18ae81b4b3388b11ddc3d	414149c11a97fa1e891d3270d0e043e8	e991b502e92a3cbb5096c1e16dd6299f
27967	7955be9cb7a18ae81b4b3388b11ddc3d	414149c11a97fa1e891d3270d0e043e8	e991b502e92a3cbb5096c1e16dd6299f
27968	7955be9cb7a18ae81b4b3388b11ddc3d	414149c11a97fa1e891d3270d0e043e8	e991b502e92a3cbb5096c1e16dd6299f
27969	7955be9cb7a18ae81b4b3388b11ddc3d	414149c11a97fa1e891d3270d0e043e8	e991b502e92a3cbb5096c1e16dd6299f
27970	7955be9cb7a18ae81b4b3388b11ddc3d	414149c11a97fa1e891d3270d0e043e8	e991b502e92a3cbb5096c1e16dd6299f
27971	07414d364991e78d991940923401c7f8	04eba183088691b54b24434265b7ac48	fe79162b11a940923501700b61a74422
27972	07414d364991e78d991940923401c7f8	04eba183088691b54b24434265b7ac48	fe79162b11a940923501700b61a74422
27973	07414d364991e78d991940923401c7f8	04eba183088691b54b24434265b7ac48	fe79162b11a940923501700b61a74422
27974	07414d364991e78d991940923401c7f8	04eba183088691b54b24434265b7ac48	fe79162b11a940923501700b61a74422
27975	3b8ceb185c64623dc46d2a6a7f4727f1	a284bae9170283594b4c525997513c21	b8b4136dc6557ea6dece17aaef95eec0
27976	e8ed76d2ca3d524a90d139bf5cb183c4	480ad8786bdfeee149430bc1b0c8ae55	1447b4c6cdd71cd95d74aa6963b7ca23
27977	e8ed76d2ca3d524a90d139bf5cb183c4	480ad8786bdfeee149430bc1b0c8ae55	1447b4c6cdd71cd95d74aa6963b7ca23
27978	e8ed76d2ca3d524a90d139bf5cb183c4	480ad8786bdfeee149430bc1b0c8ae55	1447b4c6cdd71cd95d74aa6963b7ca23
27979	e8ed76d2ca3d524a90d139bf5cb183c4	480ad8786bdfeee149430bc1b0c8ae55	1447b4c6cdd71cd95d74aa6963b7ca23
27980	e8ed76d2ca3d524a90d139bf5cb183c4	480ad8786bdfeee149430bc1b0c8ae55	1447b4c6cdd71cd95d74aa6963b7ca23
27981	e8ed76d2ca3d524a90d139bf5cb183c4	480ad8786bdfeee149430bc1b0c8ae55	1447b4c6cdd71cd95d74aa6963b7ca23
27982	e8ed76d2ca3d524a90d139bf5cb183c4	480ad8786bdfeee149430bc1b0c8ae55	1447b4c6cdd71cd95d74aa6963b7ca23
27983	f835c1b92a19e57091c5fccfb537a07c	a568de465cf714083978b2824a907715	d974bb8db4afdf658afc0a7eb651057f
27984	f835c1b92a19e57091c5fccfb537a07c	a568de465cf714083978b2824a907715	d974bb8db4afdf658afc0a7eb651057f
27985	f835c1b92a19e57091c5fccfb537a07c	a568de465cf714083978b2824a907715	d974bb8db4afdf658afc0a7eb651057f
27986	f835c1b92a19e57091c5fccfb537a07c	a568de465cf714083978b2824a907715	d974bb8db4afdf658afc0a7eb651057f
27987	82e460cd8684a163693430afdb549223	62157a5f01da2e4b8483508421cc7718	93758bebff114b2a443d9f0c1047da3b
27988	d2499b21078f26151aa23c51a1b36556	4e1e088d6a4023d008ab69054d4012a4	3357bcf36ef9168014481a8b5f348578
27989	d2499b21078f26151aa23c51a1b36556	4e1e088d6a4023d008ab69054d4012a4	3357bcf36ef9168014481a8b5f348578
27990	d2499b21078f26151aa23c51a1b36556	4e1e088d6a4023d008ab69054d4012a4	3357bcf36ef9168014481a8b5f348578
27991	d2499b21078f26151aa23c51a1b36556	4e1e088d6a4023d008ab69054d4012a4	3357bcf36ef9168014481a8b5f348578
27992	d2499b21078f26151aa23c51a1b36556	4e1e088d6a4023d008ab69054d4012a4	3357bcf36ef9168014481a8b5f348578
27993	d2499b21078f26151aa23c51a1b36556	4e1e088d6a4023d008ab69054d4012a4	3357bcf36ef9168014481a8b5f348578
27994	d2499b21078f26151aa23c51a1b36556	4e1e088d6a4023d008ab69054d4012a4	3357bcf36ef9168014481a8b5f348578
27995	4796611f038e48a06a356e8b9fefac01	784c065584742ed504c40be543d4ccb6	6bfbc2ac539e79e8ee6679f588b9e5c2
27996	4796611f038e48a06a356e8b9fefac01	784c065584742ed504c40be543d4ccb6	6bfbc2ac539e79e8ee6679f588b9e5c2
27997	4796611f038e48a06a356e8b9fefac01	784c065584742ed504c40be543d4ccb6	6bfbc2ac539e79e8ee6679f588b9e5c2
27998	4796611f038e48a06a356e8b9fefac01	784c065584742ed504c40be543d4ccb6	6bfbc2ac539e79e8ee6679f588b9e5c2
27999	4796611f038e48a06a356e8b9fefac01	784c065584742ed504c40be543d4ccb6	6bfbc2ac539e79e8ee6679f588b9e5c2
28000	6c5c18ba541108111c45f3c0063640d4	09b1eecf96d1a62bf855e950c53d3810	dcfc8afdb02497a3af402f92214480c8
28001	6c5c18ba541108111c45f3c0063640d4	09b1eecf96d1a62bf855e950c53d3810	dcfc8afdb02497a3af402f92214480c8
28002	6c5c18ba541108111c45f3c0063640d4	09b1eecf96d1a62bf855e950c53d3810	dcfc8afdb02497a3af402f92214480c8
28003	6c5c18ba541108111c45f3c0063640d4	09b1eecf96d1a62bf855e950c53d3810	dcfc8afdb02497a3af402f92214480c8
28004	6c5c18ba541108111c45f3c0063640d4	09b1eecf96d1a62bf855e950c53d3810	dcfc8afdb02497a3af402f92214480c8
28005	6c5c18ba541108111c45f3c0063640d4	09b1eecf96d1a62bf855e950c53d3810	dcfc8afdb02497a3af402f92214480c8
28006	6c5c18ba541108111c45f3c0063640d4	09b1eecf96d1a62bf855e950c53d3810	dcfc8afdb02497a3af402f92214480c8
28007	f3187435770ed4a8cda710f685ad7b0c	814097f8d7ca7f784eee80e47f929f55	d7fb03bf92a4d3862f43dde6e54d670b
28008	f3187435770ed4a8cda710f685ad7b0c	814097f8d7ca7f784eee80e47f929f55	d7fb03bf92a4d3862f43dde6e54d670b
28009	f3187435770ed4a8cda710f685ad7b0c	814097f8d7ca7f784eee80e47f929f55	d7fb03bf92a4d3862f43dde6e54d670b
28010	f3187435770ed4a8cda710f685ad7b0c	814097f8d7ca7f784eee80e47f929f55	d7fb03bf92a4d3862f43dde6e54d670b
28011	f3187435770ed4a8cda710f685ad7b0c	814097f8d7ca7f784eee80e47f929f55	d7fb03bf92a4d3862f43dde6e54d670b
28012	f91197279e7d0db310746e0f1f895f81	4557cf047196b9757abcbd5368076dcd	7ce49fb921e5eb34d3ef92257bfac2cd
28013	f91197279e7d0db310746e0f1f895f81	4557cf047196b9757abcbd5368076dcd	7ce49fb921e5eb34d3ef92257bfac2cd
28014	f91197279e7d0db310746e0f1f895f81	4557cf047196b9757abcbd5368076dcd	7ce49fb921e5eb34d3ef92257bfac2cd
28015	f91197279e7d0db310746e0f1f895f81	4557cf047196b9757abcbd5368076dcd	7ce49fb921e5eb34d3ef92257bfac2cd
28016	f91197279e7d0db310746e0f1f895f81	4557cf047196b9757abcbd5368076dcd	7ce49fb921e5eb34d3ef92257bfac2cd
28017	740c8104029568d794a8c7d9dceb68ec	c54236b0d137396b32ecd089f7e140a4	9765a73c01cb2267c1a402d2ee8d3bfe
28018	740c8104029568d794a8c7d9dceb68ec	c54236b0d137396b32ecd089f7e140a4	9765a73c01cb2267c1a402d2ee8d3bfe
28019	740c8104029568d794a8c7d9dceb68ec	c54236b0d137396b32ecd089f7e140a4	9765a73c01cb2267c1a402d2ee8d3bfe
28020	740c8104029568d794a8c7d9dceb68ec	c54236b0d137396b32ecd089f7e140a4	9765a73c01cb2267c1a402d2ee8d3bfe
28021	740c8104029568d794a8c7d9dceb68ec	c54236b0d137396b32ecd089f7e140a4	9765a73c01cb2267c1a402d2ee8d3bfe
28022	740c8104029568d794a8c7d9dceb68ec	c54236b0d137396b32ecd089f7e140a4	9765a73c01cb2267c1a402d2ee8d3bfe
28023	740c8104029568d794a8c7d9dceb68ec	c54236b0d137396b32ecd089f7e140a4	9765a73c01cb2267c1a402d2ee8d3bfe
28024	39eb787dc98a85792c3a1a13669dddf8	eedda35508f442146c22e023064d27d9	6a7c8f91fbb0645c4c81ee25e558fa0f
28025	39eb787dc98a85792c3a1a13669dddf8	eedda35508f442146c22e023064d27d9	6a7c8f91fbb0645c4c81ee25e558fa0f
28026	39eb787dc98a85792c3a1a13669dddf8	eedda35508f442146c22e023064d27d9	6a7c8f91fbb0645c4c81ee25e558fa0f
28027	740c8104029568d794a8c7d9dceb68ec	c54236b0d137396b32ecd089f7e140a4	9765a73c01cb2267c1a402d2ee8d3bfe
28028	740c8104029568d794a8c7d9dceb68ec	c54236b0d137396b32ecd089f7e140a4	9765a73c01cb2267c1a402d2ee8d3bfe
28029	78a6d296a1febb8ca8915f735411b2ec	6d1e3617345a72fff8d12a930b2ed158	361e029b5bf7c891c6761913535bf38f
28030	78a6d296a1febb8ca8915f735411b2ec	6d1e3617345a72fff8d12a930b2ed158	361e029b5bf7c891c6761913535bf38f
28031	78a6d296a1febb8ca8915f735411b2ec	6d1e3617345a72fff8d12a930b2ed158	361e029b5bf7c891c6761913535bf38f
28032	78a6d296a1febb8ca8915f735411b2ec	6d1e3617345a72fff8d12a930b2ed158	361e029b5bf7c891c6761913535bf38f
28033	78a6d296a1febb8ca8915f735411b2ec	6d1e3617345a72fff8d12a930b2ed158	361e029b5bf7c891c6761913535bf38f
28034	78a6d296a1febb8ca8915f735411b2ec	6d1e3617345a72fff8d12a930b2ed158	361e029b5bf7c891c6761913535bf38f
28035	78a6d296a1febb8ca8915f735411b2ec	6d1e3617345a72fff8d12a930b2ed158	361e029b5bf7c891c6761913535bf38f
28036	af32807165f6a10ba8456653315d69ba	f6b0b54097049b14db84c73980454fe9	2acd1287d4d2186cdd216a7bb3afa3a9
28037	af32807165f6a10ba8456653315d69ba	f6b0b54097049b14db84c73980454fe9	2acd1287d4d2186cdd216a7bb3afa3a9
28038	af32807165f6a10ba8456653315d69ba	f6b0b54097049b14db84c73980454fe9	2acd1287d4d2186cdd216a7bb3afa3a9
28039	af32807165f6a10ba8456653315d69ba	f6b0b54097049b14db84c73980454fe9	2acd1287d4d2186cdd216a7bb3afa3a9
28040	af32807165f6a10ba8456653315d69ba	f6b0b54097049b14db84c73980454fe9	2acd1287d4d2186cdd216a7bb3afa3a9
28041	af32807165f6a10ba8456653315d69ba	f6b0b54097049b14db84c73980454fe9	2acd1287d4d2186cdd216a7bb3afa3a9
28042	af32807165f6a10ba8456653315d69ba	f6b0b54097049b14db84c73980454fe9	2acd1287d4d2186cdd216a7bb3afa3a9
28043	af32807165f6a10ba8456653315d69ba	f6b0b54097049b14db84c73980454fe9	2acd1287d4d2186cdd216a7bb3afa3a9
28044	af32807165f6a10ba8456653315d69ba	f6b0b54097049b14db84c73980454fe9	2acd1287d4d2186cdd216a7bb3afa3a9
28045	af32807165f6a10ba8456653315d69ba	f6b0b54097049b14db84c73980454fe9	2acd1287d4d2186cdd216a7bb3afa3a9
28046	7c014167d41394700b5a397aa9829afc	869267106e9eb01c2bd0ca56bfff281b	ca58f5f0ae4ce081eaeb3984f74cad95
28047	7c014167d41394700b5a397aa9829afc	869267106e9eb01c2bd0ca56bfff281b	ca58f5f0ae4ce081eaeb3984f74cad95
28048	7c014167d41394700b5a397aa9829afc	869267106e9eb01c2bd0ca56bfff281b	ca58f5f0ae4ce081eaeb3984f74cad95
28049	7c014167d41394700b5a397aa9829afc	869267106e9eb01c2bd0ca56bfff281b	ca58f5f0ae4ce081eaeb3984f74cad95
28050	7c014167d41394700b5a397aa9829afc	869267106e9eb01c2bd0ca56bfff281b	ca58f5f0ae4ce081eaeb3984f74cad95
28051	7c014167d41394700b5a397aa9829afc	869267106e9eb01c2bd0ca56bfff281b	ca58f5f0ae4ce081eaeb3984f74cad95
28052	7c014167d41394700b5a397aa9829afc	869267106e9eb01c2bd0ca56bfff281b	ca58f5f0ae4ce081eaeb3984f74cad95
28053	d08b9cac81bfad89c2096c8d875e965e	aed1f76c42fa444d652dcb1fe88d2e52	1f4fb98a84d976294d183d6b2c8b3d12
28054	d08b9cac81bfad89c2096c8d875e965e	aed1f76c42fa444d652dcb1fe88d2e52	1f4fb98a84d976294d183d6b2c8b3d12
28055	d08b9cac81bfad89c2096c8d875e965e	aed1f76c42fa444d652dcb1fe88d2e52	1f4fb98a84d976294d183d6b2c8b3d12
28056	d08b9cac81bfad89c2096c8d875e965e	aed1f76c42fa444d652dcb1fe88d2e52	1f4fb98a84d976294d183d6b2c8b3d12
28057	0cdf8408df31943a595e08033b7eb292	96a22eaf3d41e08442ded12d151abbe5	0c29da508684849e3088cde612455a7f
28058	e0531a10f0c4c4d008a0efff515e7529	e9677085266741edf9e568ae9e4d5e32	130e132dd844fb3578a11263e26d55f0
28059	e0531a10f0c4c4d008a0efff515e7529	e9677085266741edf9e568ae9e4d5e32	130e132dd844fb3578a11263e26d55f0
28060	e0531a10f0c4c4d008a0efff515e7529	e9677085266741edf9e568ae9e4d5e32	130e132dd844fb3578a11263e26d55f0
28061	e0531a10f0c4c4d008a0efff515e7529	e9677085266741edf9e568ae9e4d5e32	130e132dd844fb3578a11263e26d55f0
28062	e0531a10f0c4c4d008a0efff515e7529	e9677085266741edf9e568ae9e4d5e32	130e132dd844fb3578a11263e26d55f0
28063	e0531a10f0c4c4d008a0efff515e7529	e9677085266741edf9e568ae9e4d5e32	130e132dd844fb3578a11263e26d55f0
28064	e0531a10f0c4c4d008a0efff515e7529	e9677085266741edf9e568ae9e4d5e32	130e132dd844fb3578a11263e26d55f0
28065	e0531a10f0c4c4d008a0efff515e7529	e9677085266741edf9e568ae9e4d5e32	130e132dd844fb3578a11263e26d55f0
28066	e0531a10f0c4c4d008a0efff515e7529	e9677085266741edf9e568ae9e4d5e32	130e132dd844fb3578a11263e26d55f0
28067	e0531a10f0c4c4d008a0efff515e7529	e9677085266741edf9e568ae9e4d5e32	130e132dd844fb3578a11263e26d55f0
28068	e0531a10f0c4c4d008a0efff515e7529	e9677085266741edf9e568ae9e4d5e32	130e132dd844fb3578a11263e26d55f0
28069	e0531a10f0c4c4d008a0efff515e7529	e9677085266741edf9e568ae9e4d5e32	130e132dd844fb3578a11263e26d55f0
28070	e0531a10f0c4c4d008a0efff515e7529	e9677085266741edf9e568ae9e4d5e32	130e132dd844fb3578a11263e26d55f0
28071	e0531a10f0c4c4d008a0efff515e7529	e9677085266741edf9e568ae9e4d5e32	130e132dd844fb3578a11263e26d55f0
28072	e0531a10f0c4c4d008a0efff515e7529	e9677085266741edf9e568ae9e4d5e32	130e132dd844fb3578a11263e26d55f0
28073	e0531a10f0c4c4d008a0efff515e7529	e9677085266741edf9e568ae9e4d5e32	130e132dd844fb3578a11263e26d55f0
28074	e0531a10f0c4c4d008a0efff515e7529	e9677085266741edf9e568ae9e4d5e32	130e132dd844fb3578a11263e26d55f0
28075	33cf9784e37737c4127a8a36e29d4e45	ac4a03fcb6c7423b2df5c30323c96ee4	3ace450178e1a34aec6faaf982d98f3d
28076	33cf9784e37737c4127a8a36e29d4e45	ac4a03fcb6c7423b2df5c30323c96ee4	3ace450178e1a34aec6faaf982d98f3d
28077	33cf9784e37737c4127a8a36e29d4e45	ac4a03fcb6c7423b2df5c30323c96ee4	3ace450178e1a34aec6faaf982d98f3d
28078	7655074381ed5b9c7a04c061579dde61	3ce748366c4284bf924a01930e3fca08	830b6c1b34983e3ba365a7dcf5e62611
28079	7bffc920a9feb2d1135f52e52e08a169	a4cfa7744089e9490d4dd5deee8b5feb	d19e715cbedfce982fd5dcb5a34d5469
28080	70c924714a346cace58ab3a5047117ec	80b38b6a36471c36850a2b59c73a664a	94c950b603a90c4cecdbb05499f6e542
28081	70c924714a346cace58ab3a5047117ec	80b38b6a36471c36850a2b59c73a664a	94c950b603a90c4cecdbb05499f6e542
28082	4e8d59f49a9e51b2f6ff0fde0e9cba33	514ccdbd20dd1577a8fc92c4d3a535e7	4b7da120f192ad166b7258048211e700
28083	4e8d59f49a9e51b2f6ff0fde0e9cba33	514ccdbd20dd1577a8fc92c4d3a535e7	4b7da120f192ad166b7258048211e700
28084	4e8d59f49a9e51b2f6ff0fde0e9cba33	514ccdbd20dd1577a8fc92c4d3a535e7	4b7da120f192ad166b7258048211e700
28085	c54d69c66325942877dff0120daadbe4	c9b33a7d0dea2ce92189bfe0f2acc9f4	21f1492b682ee12c78c3a17ee16d1177
28086	c54d69c66325942877dff0120daadbe4	c9b33a7d0dea2ce92189bfe0f2acc9f4	21f1492b682ee12c78c3a17ee16d1177
28087	0dcb671667b48adfdbbe7ee32442fd4b	dd1b2efc372e294e291855fd5e79d203	62b767969e211c8bf17fbc3bc01cf219
28088	0dcb671667b48adfdbbe7ee32442fd4b	dd1b2efc372e294e291855fd5e79d203	62b767969e211c8bf17fbc3bc01cf219
28089	0dcb671667b48adfdbbe7ee32442fd4b	dd1b2efc372e294e291855fd5e79d203	62b767969e211c8bf17fbc3bc01cf219
28090	0dcb671667b48adfdbbe7ee32442fd4b	dd1b2efc372e294e291855fd5e79d203	62b767969e211c8bf17fbc3bc01cf219
28091	0dcb671667b48adfdbbe7ee32442fd4b	dd1b2efc372e294e291855fd5e79d203	62b767969e211c8bf17fbc3bc01cf219
28092	0dcb671667b48adfdbbe7ee32442fd4b	dd1b2efc372e294e291855fd5e79d203	62b767969e211c8bf17fbc3bc01cf219
28093	0dcb671667b48adfdbbe7ee32442fd4b	dd1b2efc372e294e291855fd5e79d203	62b767969e211c8bf17fbc3bc01cf219
28094	143b9d64971f3244f8ba505a846326dd	1374a46d26b5baae506636d5edfdbbbe	d23fb791f6379e36587fb6b8eabbadc1
28095	143b9d64971f3244f8ba505a846326dd	1374a46d26b5baae506636d5edfdbbbe	d23fb791f6379e36587fb6b8eabbadc1
28096	7c37186ec01340a2f21b605e9b20f806	edd3bfeedb57d20ff5e2d472ae5e7980	ce538afa640f0bb4a9169cb746243187
28097	0dcb671667b48adfdbbe7ee32442fd4b	dd1b2efc372e294e291855fd5e79d203	62b767969e211c8bf17fbc3bc01cf219
28098	0dcb671667b48adfdbbe7ee32442fd4b	dd1b2efc372e294e291855fd5e79d203	62b767969e211c8bf17fbc3bc01cf219
28099	24633ebffa9f46752a0e376f0ccfc9e3	95a7c987cc4b8ba0620bda9733a0a21d	5f2d5e119b689a449d5068876553b618
28100	24633ebffa9f46752a0e376f0ccfc9e3	95a7c987cc4b8ba0620bda9733a0a21d	5f2d5e119b689a449d5068876553b618
28101	24633ebffa9f46752a0e376f0ccfc9e3	95a7c987cc4b8ba0620bda9733a0a21d	5f2d5e119b689a449d5068876553b618
28102	24633ebffa9f46752a0e376f0ccfc9e3	95a7c987cc4b8ba0620bda9733a0a21d	5f2d5e119b689a449d5068876553b618
28103	24633ebffa9f46752a0e376f0ccfc9e3	95a7c987cc4b8ba0620bda9733a0a21d	5f2d5e119b689a449d5068876553b618
28104	24633ebffa9f46752a0e376f0ccfc9e3	95a7c987cc4b8ba0620bda9733a0a21d	5f2d5e119b689a449d5068876553b618
28105	24633ebffa9f46752a0e376f0ccfc9e3	95a7c987cc4b8ba0620bda9733a0a21d	5f2d5e119b689a449d5068876553b618
28106	9953f09d35c51293a28456094c7d87ae	587107da160d10b46f10649f6c069883	a1ebf85265b5005f4e6609ff3b11a087
28107	9953f09d35c51293a28456094c7d87ae	587107da160d10b46f10649f6c069883	a1ebf85265b5005f4e6609ff3b11a087
28108	9953f09d35c51293a28456094c7d87ae	587107da160d10b46f10649f6c069883	a1ebf85265b5005f4e6609ff3b11a087
28109	9efb77a947e8b594a036b8cc7142220a	abcdf5245029e2e361e508e4cc0632f9	79673e17b74869d0f30d33f2c9f69269
28110	b24b13b86738024d15498b9531a59ad1	22c12e680b2e2c79913323ac1a0a5504	2299806b6975071b53fb2424cc12a74f
28111	10e8be1da848d240a3c50af4a38c0b80	ce27dbbc349f244a0d7f8f9d060fa6e3	c9b99684c528d3bcf82d85912e1d985e
28112	10e8be1da848d240a3c50af4a38c0b80	ce27dbbc349f244a0d7f8f9d060fa6e3	c9b99684c528d3bcf82d85912e1d985e
28113	10e8be1da848d240a3c50af4a38c0b80	ce27dbbc349f244a0d7f8f9d060fa6e3	c9b99684c528d3bcf82d85912e1d985e
28114	10e8be1da848d240a3c50af4a38c0b80	ce27dbbc349f244a0d7f8f9d060fa6e3	c9b99684c528d3bcf82d85912e1d985e
28115	10e8be1da848d240a3c50af4a38c0b80	ce27dbbc349f244a0d7f8f9d060fa6e3	c9b99684c528d3bcf82d85912e1d985e
28116	db8c7cf4c5f1a85d9d71838a9b5b1540	9dea93b20713fc65e1a2ad669841cede	22883875eaad6c9063beb9ff1c984b72
28117	db8c7cf4c5f1a85d9d71838a9b5b1540	9dea93b20713fc65e1a2ad669841cede	22883875eaad6c9063beb9ff1c984b72
28118	db8c7cf4c5f1a85d9d71838a9b5b1540	9dea93b20713fc65e1a2ad669841cede	22883875eaad6c9063beb9ff1c984b72
28119	db8c7cf4c5f1a85d9d71838a9b5b1540	9dea93b20713fc65e1a2ad669841cede	22883875eaad6c9063beb9ff1c984b72
28120	db8c7cf4c5f1a85d9d71838a9b5b1540	9dea93b20713fc65e1a2ad669841cede	22883875eaad6c9063beb9ff1c984b72
28121	db8c7cf4c5f1a85d9d71838a9b5b1540	9dea93b20713fc65e1a2ad669841cede	22883875eaad6c9063beb9ff1c984b72
28122	db8c7cf4c5f1a85d9d71838a9b5b1540	9dea93b20713fc65e1a2ad669841cede	22883875eaad6c9063beb9ff1c984b72
28123	db8c7cf4c5f1a85d9d71838a9b5b1540	9dea93b20713fc65e1a2ad669841cede	22883875eaad6c9063beb9ff1c984b72
28124	db8c7cf4c5f1a85d9d71838a9b5b1540	9dea93b20713fc65e1a2ad669841cede	22883875eaad6c9063beb9ff1c984b72
28125	db8c7cf4c5f1a85d9d71838a9b5b1540	9dea93b20713fc65e1a2ad669841cede	22883875eaad6c9063beb9ff1c984b72
28126	db8c7cf4c5f1a85d9d71838a9b5b1540	9dea93b20713fc65e1a2ad669841cede	22883875eaad6c9063beb9ff1c984b72
28127	db8c7cf4c5f1a85d9d71838a9b5b1540	9dea93b20713fc65e1a2ad669841cede	22883875eaad6c9063beb9ff1c984b72
28128	36a6ee7992227547f50ae3751b6a160e	6d52d33478daa32faca58b4be28d6be1	dc8804babbf30ace616b33afe62ac153
28129	36a6ee7992227547f50ae3751b6a160e	6d52d33478daa32faca58b4be28d6be1	dc8804babbf30ace616b33afe62ac153
28130	36a6ee7992227547f50ae3751b6a160e	6d52d33478daa32faca58b4be28d6be1	dc8804babbf30ace616b33afe62ac153
28131	233357938e50fc38042d29379fe5583b	8ef241cf5d6c98cb3a974b86492c9080	d2483975845341daf55555bd0d381a6b
28132	233357938e50fc38042d29379fe5583b	8ef241cf5d6c98cb3a974b86492c9080	d2483975845341daf55555bd0d381a6b
28133	36a6ee7992227547f50ae3751b6a160e	6d52d33478daa32faca58b4be28d6be1	dc8804babbf30ace616b33afe62ac153
28134	36a6ee7992227547f50ae3751b6a160e	6d52d33478daa32faca58b4be28d6be1	dc8804babbf30ace616b33afe62ac153
28135	0dceceb02207f7363418b8a339ceeda9	b875a6dd610eed630e124cc0d814d2ef	e26c1aad01830fb2463b96ef976388cd
28136	05cf7b1a7f2c1e8cd5d86ee7bd6dbcc3	52fd8f808d13d4e68dc15c3782d4c6b3	70f452ff9f7463284821b1e31a5de6fc
28137	05cf7b1a7f2c1e8cd5d86ee7bd6dbcc3	52fd8f808d13d4e68dc15c3782d4c6b3	70f452ff9f7463284821b1e31a5de6fc
28138	0a467a104294e13f1daadaf3f1c320c8	af8bb46c0683ab1c7a91a236d1ee6d05	555ccc554ffdf8b64b71b56a8792fe9e
28139	0a467a104294e13f1daadaf3f1c320c8	af8bb46c0683ab1c7a91a236d1ee6d05	555ccc554ffdf8b64b71b56a8792fe9e
28140	40c2bb7ad33446c956cca8c0f38f4649	2e0563960c23cc284273a5055b9416e7	3747958e2cce5339fd484f9394ae2f70
28141	40c2bb7ad33446c956cca8c0f38f4649	2e0563960c23cc284273a5055b9416e7	3747958e2cce5339fd484f9394ae2f70
28142	40c2bb7ad33446c956cca8c0f38f4649	2e0563960c23cc284273a5055b9416e7	3747958e2cce5339fd484f9394ae2f70
28143	40c2bb7ad33446c956cca8c0f38f4649	2e0563960c23cc284273a5055b9416e7	3747958e2cce5339fd484f9394ae2f70
28144	40c2bb7ad33446c956cca8c0f38f4649	2e0563960c23cc284273a5055b9416e7	3747958e2cce5339fd484f9394ae2f70
28145	801efd5e5881d1b98044d689714c5d3f	5b169991388ef9fda298f3a3853ce481	ae4090459e4fed086270bda4187f70e6
28146	801efd5e5881d1b98044d689714c5d3f	5b169991388ef9fda298f3a3853ce481	ae4090459e4fed086270bda4187f70e6
28147	801efd5e5881d1b98044d689714c5d3f	5b169991388ef9fda298f3a3853ce481	ae4090459e4fed086270bda4187f70e6
28148	da1d825462906f424613bc4dba90b1aa	45a8c47cbda775fdebcfbd546f8aef39	f2591c4b9354d96f1fec94fd3f94c65a
28149	da1d825462906f424613bc4dba90b1aa	45a8c47cbda775fdebcfbd546f8aef39	f2591c4b9354d96f1fec94fd3f94c65a
28150	bff92f4a120497b3f7ccadc7c6882f50	679c64aa8d761836110f146a8f000a57	df4133d0d081368c5c106aabd4d87154
28151	bff92f4a120497b3f7ccadc7c6882f50	679c64aa8d761836110f146a8f000a57	df4133d0d081368c5c106aabd4d87154
28152	a08a907d9d854a9441a9dfff9fdd33b8	dce7f2537017da5d4303a195473443b2	667925406d3d417d8f76d61edc0e0f48
28153	b23cc3ae7b82f9be8b685cc6173c18bd	d03c415860ca10d9ea09c926222dfaf0	2b073187ff296ee28b9e67d09546631c
28154	a08a907d9d854a9441a9dfff9fdd33b8	dce7f2537017da5d4303a195473443b2	667925406d3d417d8f76d61edc0e0f48
28155	0855b9e9d6c4a17bd0b8ebffd2af6dc9	031d858682808de43b8126f8f5b9d70f	88c51b02039ae40dc75499a2efb8e541
28156	b23cc3ae7b82f9be8b685cc6173c18bd	d03c415860ca10d9ea09c926222dfaf0	2b073187ff296ee28b9e67d09546631c
28157	9564d10a617ac358a0ec2b20bdfb7851	91e666d7e3ba06d5fafd1ca4555ec99b	3450c556b2c571d70ac132c4cdb36a4b
28158	9564d10a617ac358a0ec2b20bdfb7851	91e666d7e3ba06d5fafd1ca4555ec99b	3450c556b2c571d70ac132c4cdb36a4b
28159	9564d10a617ac358a0ec2b20bdfb7851	91e666d7e3ba06d5fafd1ca4555ec99b	3450c556b2c571d70ac132c4cdb36a4b
28160	1797b63e130e49ee602624e05302a055	e8baaf2797c3ad10133fcfd3deaca58a	5e09e54654ca667e4d0ea4f0a615609f
28161	1797b63e130e49ee602624e05302a055	e8baaf2797c3ad10133fcfd3deaca58a	5e09e54654ca667e4d0ea4f0a615609f
28162	efda987aa3cdbd920ff018a2b07c4207	44d1573f5fb10715765f39fe2a420b0f	90fd559948fd3d53ca07b6b8aa401999
28163	efda987aa3cdbd920ff018a2b07c4207	44d1573f5fb10715765f39fe2a420b0f	90fd559948fd3d53ca07b6b8aa401999
28164	1bb03a080319e1d0e13221d823d78308	ca4642830818f271c8513b15cbcee751	02057c1e4157deff0f0f819d8ebe1c0e
28165	1bb03a080319e1d0e13221d823d78308	ca4642830818f271c8513b15cbcee751	02057c1e4157deff0f0f819d8ebe1c0e
28166	1bb03a080319e1d0e13221d823d78308	ca4642830818f271c8513b15cbcee751	02057c1e4157deff0f0f819d8ebe1c0e
28167	5c935cffd7a0338e52a0f18230a269fe	8dff7747d4bfaf7499164cb4750dcf0e	f2a7ad6dff9ebd22cce2e8aa0c1fffd3
28168	1bb03a080319e1d0e13221d823d78308	ca4642830818f271c8513b15cbcee751	02057c1e4157deff0f0f819d8ebe1c0e
28169	087bb6dc5da419b7b5b20bcdf6085d1c	1159f32ae4cfa9b7fc1ac1015f5f3d0a	12eba921c8fd775e68ef10e90798c9fd
28170	087bb6dc5da419b7b5b20bcdf6085d1c	1159f32ae4cfa9b7fc1ac1015f5f3d0a	12eba921c8fd775e68ef10e90798c9fd
28171	087bb6dc5da419b7b5b20bcdf6085d1c	1159f32ae4cfa9b7fc1ac1015f5f3d0a	12eba921c8fd775e68ef10e90798c9fd
28172	087bb6dc5da419b7b5b20bcdf6085d1c	1159f32ae4cfa9b7fc1ac1015f5f3d0a	12eba921c8fd775e68ef10e90798c9fd
28173	087bb6dc5da419b7b5b20bcdf6085d1c	1159f32ae4cfa9b7fc1ac1015f5f3d0a	12eba921c8fd775e68ef10e90798c9fd
28174	087bb6dc5da419b7b5b20bcdf6085d1c	1159f32ae4cfa9b7fc1ac1015f5f3d0a	12eba921c8fd775e68ef10e90798c9fd
28175	087bb6dc5da419b7b5b20bcdf6085d1c	1159f32ae4cfa9b7fc1ac1015f5f3d0a	12eba921c8fd775e68ef10e90798c9fd
28176	9638b1ef38effee77cb2ce270b43bcf5	a70c79c47a4ce73fa8d0f31d83118a1d	dfb7d7c3f7806ad36ad1ec1101d065a2
28177	9638b1ef38effee77cb2ce270b43bcf5	a70c79c47a4ce73fa8d0f31d83118a1d	dfb7d7c3f7806ad36ad1ec1101d065a2
28178	9638b1ef38effee77cb2ce270b43bcf5	a70c79c47a4ce73fa8d0f31d83118a1d	dfb7d7c3f7806ad36ad1ec1101d065a2
28179	9638b1ef38effee77cb2ce270b43bcf5	a70c79c47a4ce73fa8d0f31d83118a1d	dfb7d7c3f7806ad36ad1ec1101d065a2
28180	9638b1ef38effee77cb2ce270b43bcf5	a70c79c47a4ce73fa8d0f31d83118a1d	dfb7d7c3f7806ad36ad1ec1101d065a2
28181	c2beb0c93ce8a4f73c4ca4104448b0a6	e77ef53b604732fc4958a2fa07133903	58ae3b25be91c38e390e0dc0b6c6f49c
28182	c2beb0c93ce8a4f73c4ca4104448b0a6	e77ef53b604732fc4958a2fa07133903	58ae3b25be91c38e390e0dc0b6c6f49c
28183	c2beb0c93ce8a4f73c4ca4104448b0a6	e77ef53b604732fc4958a2fa07133903	58ae3b25be91c38e390e0dc0b6c6f49c
28184	c2beb0c93ce8a4f73c4ca4104448b0a6	e77ef53b604732fc4958a2fa07133903	58ae3b25be91c38e390e0dc0b6c6f49c
28185	c2beb0c93ce8a4f73c4ca4104448b0a6	e77ef53b604732fc4958a2fa07133903	58ae3b25be91c38e390e0dc0b6c6f49c
28186	d44b62af09327d1bf42708e69cf12ef9	a136b2a44335c302ba74da36268d6689	9bfc16d6816eefedcbd5a7df2c65211d
28187	d44b62af09327d1bf42708e69cf12ef9	a136b2a44335c302ba74da36268d6689	9bfc16d6816eefedcbd5a7df2c65211d
28188	d44b62af09327d1bf42708e69cf12ef9	a136b2a44335c302ba74da36268d6689	9bfc16d6816eefedcbd5a7df2c65211d
28189	9779f0721bab57f531ba163c2212039f	cae178492956c210e0f2afb4d7372e27	aa5d2e69c1160716c6650b4be2e4d46f
28190	9779f0721bab57f531ba163c2212039f	cae178492956c210e0f2afb4d7372e27	aa5d2e69c1160716c6650b4be2e4d46f
28191	3ab1e0468244239880512e55a15bfc03	1537fa5c6da4a2c8fe857e168f7a9b43	6a3ab3bb978b34e98df195d44cf2455e
28192	daf874698831b16706984ba0292a4aa9	38c5672ab18f620e7dc67b1cfe90e5c1	90a35d0d58f3f64106cbcd4b2f791a0d
28193	f4ed3c825a5553cea27ea750c370f74d	c4bc5b7472c54ae195344392987b1e9e	420b33bda1eeebb5b3a99badfe089d14
28194	f4ed3c825a5553cea27ea750c370f74d	c4bc5b7472c54ae195344392987b1e9e	420b33bda1eeebb5b3a99badfe089d14
28195	f4ed3c825a5553cea27ea750c370f74d	c4bc5b7472c54ae195344392987b1e9e	420b33bda1eeebb5b3a99badfe089d14
28196	4e3268efda8ae5f016550539c5d105f8	b4db70309a48bb2226e73d7d997cc46c	f2008cd392569792b7629396c17e5e0e
28197	d7e5216e771a1a7734af90336a990e73	d82aa1102f9b3da43c53672a9b3ab914	25729e4c9c0279012e7728fd990afad9
28198	dc4d4dca0eeb6aa47e4231e2df798662	23fadcde73a2c58dcd7493b2fa00917d	d30e9bb02f52477a2d4581cf352a0342
28199	dc4d4dca0eeb6aa47e4231e2df798662	23fadcde73a2c58dcd7493b2fa00917d	d30e9bb02f52477a2d4581cf352a0342
28200	dc4d4dca0eeb6aa47e4231e2df798662	23fadcde73a2c58dcd7493b2fa00917d	d30e9bb02f52477a2d4581cf352a0342
28201	dc4d4dca0eeb6aa47e4231e2df798662	23fadcde73a2c58dcd7493b2fa00917d	d30e9bb02f52477a2d4581cf352a0342
28202	dc4d4dca0eeb6aa47e4231e2df798662	23fadcde73a2c58dcd7493b2fa00917d	d30e9bb02f52477a2d4581cf352a0342
28203	dc4d4dca0eeb6aa47e4231e2df798662	23fadcde73a2c58dcd7493b2fa00917d	d30e9bb02f52477a2d4581cf352a0342
28204	dc4d4dca0eeb6aa47e4231e2df798662	23fadcde73a2c58dcd7493b2fa00917d	d30e9bb02f52477a2d4581cf352a0342
28205	0a3a2859f3b4270f0dd705511c4b9fec	b22b77c3af0bddf01530d8693c598d52	ad769e61ff4f1588a2aa7ad88ead40ca
28206	0a3a2859f3b4270f0dd705511c4b9fec	b22b77c3af0bddf01530d8693c598d52	ad769e61ff4f1588a2aa7ad88ead40ca
28207	0a3a2859f3b4270f0dd705511c4b9fec	b22b77c3af0bddf01530d8693c598d52	ad769e61ff4f1588a2aa7ad88ead40ca
28208	d02836dfa92b4df66843ad8093c6f7c6	0dfb5693a03c8f763fb32b23d5435e9f	abd7df08ad745c26d71b43dee3ffbf9f
28209	5fdc5a40fd9faf9e007283037ca22f03	f3b9f18dabffbca39b0c03c8ff9a51dd	fffe25d0c7915f5a44437f22eea18805
28210	0a3a2859f3b4270f0dd705511c4b9fec	b22b77c3af0bddf01530d8693c598d52	ad769e61ff4f1588a2aa7ad88ead40ca
28211	0a3a2859f3b4270f0dd705511c4b9fec	b22b77c3af0bddf01530d8693c598d52	ad769e61ff4f1588a2aa7ad88ead40ca
28212	0a3a2859f3b4270f0dd705511c4b9fec	b22b77c3af0bddf01530d8693c598d52	ad769e61ff4f1588a2aa7ad88ead40ca
28213	b7c236be50111ab554408681cce73ebb	b43d93a69d983212d8c92557ae1963c5	37f01fc57782f933880e609d29399c30
28214	5fdc5a40fd9faf9e007283037ca22f03	f3b9f18dabffbca39b0c03c8ff9a51dd	fffe25d0c7915f5a44437f22eea18805
28215	384106f78da82d8c5cf3b4543fcebd86	1954a17f02ab87ef5b465527ba189105	50a8710416d2bff0d9209a0a073a58d9
28216	384106f78da82d8c5cf3b4543fcebd86	1954a17f02ab87ef5b465527ba189105	50a8710416d2bff0d9209a0a073a58d9
28217	384106f78da82d8c5cf3b4543fcebd86	1954a17f02ab87ef5b465527ba189105	50a8710416d2bff0d9209a0a073a58d9
28218	384106f78da82d8c5cf3b4543fcebd86	1954a17f02ab87ef5b465527ba189105	50a8710416d2bff0d9209a0a073a58d9
28219	384106f78da82d8c5cf3b4543fcebd86	1954a17f02ab87ef5b465527ba189105	50a8710416d2bff0d9209a0a073a58d9
28220	384106f78da82d8c5cf3b4543fcebd86	1954a17f02ab87ef5b465527ba189105	50a8710416d2bff0d9209a0a073a58d9
28221	384106f78da82d8c5cf3b4543fcebd86	1954a17f02ab87ef5b465527ba189105	50a8710416d2bff0d9209a0a073a58d9
28222	21ec65ec19d95614bc6ea36f18258961	5fa054b56535ba80cc717210e4b69169	d56fd34eb7c8a11d87d4cfe89091df00
28223	21ec65ec19d95614bc6ea36f18258961	5fa054b56535ba80cc717210e4b69169	d56fd34eb7c8a11d87d4cfe89091df00
28224	21ec65ec19d95614bc6ea36f18258961	5fa054b56535ba80cc717210e4b69169	d56fd34eb7c8a11d87d4cfe89091df00
28225	21ec65ec19d95614bc6ea36f18258961	5fa054b56535ba80cc717210e4b69169	d56fd34eb7c8a11d87d4cfe89091df00
28226	21ec65ec19d95614bc6ea36f18258961	5fa054b56535ba80cc717210e4b69169	d56fd34eb7c8a11d87d4cfe89091df00
28227	a486d444fda0db361ad96b1207b2332c	bccca06575dfe68cf5f8f4a7722f11a1	b2458fa4317529d19720c866fa750841
28228	a486d444fda0db361ad96b1207b2332c	bccca06575dfe68cf5f8f4a7722f11a1	b2458fa4317529d19720c866fa750841
28229	a486d444fda0db361ad96b1207b2332c	bccca06575dfe68cf5f8f4a7722f11a1	b2458fa4317529d19720c866fa750841
28230	a486d444fda0db361ad96b1207b2332c	bccca06575dfe68cf5f8f4a7722f11a1	b2458fa4317529d19720c866fa750841
28231	a486d444fda0db361ad96b1207b2332c	bccca06575dfe68cf5f8f4a7722f11a1	b2458fa4317529d19720c866fa750841
28232	a486d444fda0db361ad96b1207b2332c	bccca06575dfe68cf5f8f4a7722f11a1	b2458fa4317529d19720c866fa750841
28233	a486d444fda0db361ad96b1207b2332c	bccca06575dfe68cf5f8f4a7722f11a1	b2458fa4317529d19720c866fa750841
28234	a486d444fda0db361ad96b1207b2332c	bccca06575dfe68cf5f8f4a7722f11a1	b2458fa4317529d19720c866fa750841
28235	a486d444fda0db361ad96b1207b2332c	bccca06575dfe68cf5f8f4a7722f11a1	b2458fa4317529d19720c866fa750841
28236	a486d444fda0db361ad96b1207b2332c	bccca06575dfe68cf5f8f4a7722f11a1	b2458fa4317529d19720c866fa750841
28237	a486d444fda0db361ad96b1207b2332c	bccca06575dfe68cf5f8f4a7722f11a1	b2458fa4317529d19720c866fa750841
28238	a486d444fda0db361ad96b1207b2332c	bccca06575dfe68cf5f8f4a7722f11a1	b2458fa4317529d19720c866fa750841
28239	a486d444fda0db361ad96b1207b2332c	bccca06575dfe68cf5f8f4a7722f11a1	b2458fa4317529d19720c866fa750841
28240	a486d444fda0db361ad96b1207b2332c	bccca06575dfe68cf5f8f4a7722f11a1	b2458fa4317529d19720c866fa750841
28241	a486d444fda0db361ad96b1207b2332c	bccca06575dfe68cf5f8f4a7722f11a1	b2458fa4317529d19720c866fa750841
28242	a486d444fda0db361ad96b1207b2332c	bccca06575dfe68cf5f8f4a7722f11a1	b2458fa4317529d19720c866fa750841
28243	a486d444fda0db361ad96b1207b2332c	bccca06575dfe68cf5f8f4a7722f11a1	b2458fa4317529d19720c866fa750841
28244	78f290b417c904b8048c6880b9ae6594	c0ee24875477454f6c0e02aad5c1efe7	700d86e524077b32008bd137f1ed2efd
28245	78f290b417c904b8048c6880b9ae6594	c0ee24875477454f6c0e02aad5c1efe7	700d86e524077b32008bd137f1ed2efd
28246	78f290b417c904b8048c6880b9ae6594	c0ee24875477454f6c0e02aad5c1efe7	700d86e524077b32008bd137f1ed2efd
28247	78f290b417c904b8048c6880b9ae6594	c0ee24875477454f6c0e02aad5c1efe7	700d86e524077b32008bd137f1ed2efd
28248	78f290b417c904b8048c6880b9ae6594	c0ee24875477454f6c0e02aad5c1efe7	700d86e524077b32008bd137f1ed2efd
28249	78f290b417c904b8048c6880b9ae6594	c0ee24875477454f6c0e02aad5c1efe7	700d86e524077b32008bd137f1ed2efd
28250	78f290b417c904b8048c6880b9ae6594	c0ee24875477454f6c0e02aad5c1efe7	700d86e524077b32008bd137f1ed2efd
28251	95f49c8ae336c387fe2ccdd0ed3ef035	0bf829c9954caa44bdc70513ea413e10	bc8763ed5b7659efbf5214bf137b58bb
28252	95f49c8ae336c387fe2ccdd0ed3ef035	0bf829c9954caa44bdc70513ea413e10	bc8763ed5b7659efbf5214bf137b58bb
28253	95f49c8ae336c387fe2ccdd0ed3ef035	0bf829c9954caa44bdc70513ea413e10	bc8763ed5b7659efbf5214bf137b58bb
28254	1c33793eaa146654325d8406076cd522	051d69e74b757e42597f11469ff65d8e	84e522881ec76b47b1cf59e71736469c
28255	1c33793eaa146654325d8406076cd522	051d69e74b757e42597f11469ff65d8e	84e522881ec76b47b1cf59e71736469c
28256	405cbe81881ac4f5e33f8ec6754d4a58	e2845090bd6d2761cad9797f9c8394c9	07cf012605a2f02eeaf5a3a865fae393
28257	405cbe81881ac4f5e33f8ec6754d4a58	e2845090bd6d2761cad9797f9c8394c9	07cf012605a2f02eeaf5a3a865fae393
28258	405cbe81881ac4f5e33f8ec6754d4a58	e2845090bd6d2761cad9797f9c8394c9	07cf012605a2f02eeaf5a3a865fae393
28259	405cbe81881ac4f5e33f8ec6754d4a58	e2845090bd6d2761cad9797f9c8394c9	07cf012605a2f02eeaf5a3a865fae393
28260	405cbe81881ac4f5e33f8ec6754d4a58	e2845090bd6d2761cad9797f9c8394c9	07cf012605a2f02eeaf5a3a865fae393
28261	e1b60a4217f8e3cecea8f45e7c486328	fe56ade020872e5daf1265d77bc43ad1	89f799d109e4e230a0b91a14ceec96c4
28262	405cbe81881ac4f5e33f8ec6754d4a58	e2845090bd6d2761cad9797f9c8394c9	07cf012605a2f02eeaf5a3a865fae393
28263	435b071a3663557f7df6ae8ec262cd96	a979ebf5b92fe906d4f2d58d69032e84	be36aa0edd64b44960397df54383a6ac
28264	435b071a3663557f7df6ae8ec262cd96	a979ebf5b92fe906d4f2d58d69032e84	be36aa0edd64b44960397df54383a6ac
28265	435b071a3663557f7df6ae8ec262cd96	a979ebf5b92fe906d4f2d58d69032e84	be36aa0edd64b44960397df54383a6ac
28266	ddff700b808b88eb797fc5ab6cda188a	f962adbd58867b77a8eeac9f1f5a41d6	97a43728cddbef336a16d15d8531aa63
28267	ddff700b808b88eb797fc5ab6cda188a	f962adbd58867b77a8eeac9f1f5a41d6	97a43728cddbef336a16d15d8531aa63
28268	d9eb0f80691b2188a929e97453ab424c	57e0ad244931f050e80e73888e42543e	d8229633e0ade95a2d792b7275de11e9
28269	d9eb0f80691b2188a929e97453ab424c	57e0ad244931f050e80e73888e42543e	d8229633e0ade95a2d792b7275de11e9
28270	d9eb0f80691b2188a929e97453ab424c	57e0ad244931f050e80e73888e42543e	d8229633e0ade95a2d792b7275de11e9
28271	d9eb0f80691b2188a929e97453ab424c	57e0ad244931f050e80e73888e42543e	d8229633e0ade95a2d792b7275de11e9
28272	d9eb0f80691b2188a929e97453ab424c	57e0ad244931f050e80e73888e42543e	d8229633e0ade95a2d792b7275de11e9
28273	d9eb0f80691b2188a929e97453ab424c	57e0ad244931f050e80e73888e42543e	d8229633e0ade95a2d792b7275de11e9
28274	d9eb0f80691b2188a929e97453ab424c	57e0ad244931f050e80e73888e42543e	d8229633e0ade95a2d792b7275de11e9
28275	cfc08a8a244a7444d496fa29df78c60c	6838040535b6542c103ce55f9f916c2c	8115dcebd23af2566d069261d3732f6f
28276	cfc08a8a244a7444d496fa29df78c60c	6838040535b6542c103ce55f9f916c2c	8115dcebd23af2566d069261d3732f6f
28277	cfc08a8a244a7444d496fa29df78c60c	6838040535b6542c103ce55f9f916c2c	8115dcebd23af2566d069261d3732f6f
28278	cfc08a8a244a7444d496fa29df78c60c	6838040535b6542c103ce55f9f916c2c	8115dcebd23af2566d069261d3732f6f
28279	cfc08a8a244a7444d496fa29df78c60c	6838040535b6542c103ce55f9f916c2c	8115dcebd23af2566d069261d3732f6f
28280	cfc08a8a244a7444d496fa29df78c60c	6838040535b6542c103ce55f9f916c2c	8115dcebd23af2566d069261d3732f6f
28281	cfc08a8a244a7444d496fa29df78c60c	6838040535b6542c103ce55f9f916c2c	8115dcebd23af2566d069261d3732f6f
28282	cfc08a8a244a7444d496fa29df78c60c	6838040535b6542c103ce55f9f916c2c	8115dcebd23af2566d069261d3732f6f
28283	cfc08a8a244a7444d496fa29df78c60c	6838040535b6542c103ce55f9f916c2c	8115dcebd23af2566d069261d3732f6f
28284	cfc08a8a244a7444d496fa29df78c60c	6838040535b6542c103ce55f9f916c2c	8115dcebd23af2566d069261d3732f6f
28285	8a859c38da8e0332df657c0aeeca1ac7	f9642226bdf36b101a4ff5b6b19ca6aa	c3e6a655436a0c054663fcc8327e88a9
28286	8a859c38da8e0332df657c0aeeca1ac7	f9642226bdf36b101a4ff5b6b19ca6aa	c3e6a655436a0c054663fcc8327e88a9
28287	8a859c38da8e0332df657c0aeeca1ac7	f9642226bdf36b101a4ff5b6b19ca6aa	c3e6a655436a0c054663fcc8327e88a9
28288	8a859c38da8e0332df657c0aeeca1ac7	f9642226bdf36b101a4ff5b6b19ca6aa	c3e6a655436a0c054663fcc8327e88a9
28289	8a859c38da8e0332df657c0aeeca1ac7	f9642226bdf36b101a4ff5b6b19ca6aa	c3e6a655436a0c054663fcc8327e88a9
28290	8a859c38da8e0332df657c0aeeca1ac7	f9642226bdf36b101a4ff5b6b19ca6aa	c3e6a655436a0c054663fcc8327e88a9
28291	8a859c38da8e0332df657c0aeeca1ac7	f9642226bdf36b101a4ff5b6b19ca6aa	c3e6a655436a0c054663fcc8327e88a9
28292	7aa55be6c5dc7f92270f2dd0db220c92	2312199b814da09acf189093012d2ece	c65cfdef19c12d0b499ac057f956d6a8
28293	7aa55be6c5dc7f92270f2dd0db220c92	2312199b814da09acf189093012d2ece	c65cfdef19c12d0b499ac057f956d6a8
28294	7aa55be6c5dc7f92270f2dd0db220c92	2312199b814da09acf189093012d2ece	c65cfdef19c12d0b499ac057f956d6a8
28295	785149d28aaeeb478320b4e5e2710d61	9f0aa946b8e75fd8e752e3efe333b9fc	8362d95f1c21ac2841bb3655d2807d42
28296	561e8a6d95610e51df666261ea2312df	b452394e6eeb36f4190e8258c68ef2f3	717234b60ce33425619fa1fbeddd8786
28297	f0bd644682c32d695d5a7a1247f5ac81	597b7e3469398a78c5dfd1d7ca95231f	4b7b2a0632b74ea7c782b57a334c4afd
28298	f0bd644682c32d695d5a7a1247f5ac81	597b7e3469398a78c5dfd1d7ca95231f	4b7b2a0632b74ea7c782b57a334c4afd
28299	f0bd644682c32d695d5a7a1247f5ac81	597b7e3469398a78c5dfd1d7ca95231f	4b7b2a0632b74ea7c782b57a334c4afd
28300	f0bd644682c32d695d5a7a1247f5ac81	597b7e3469398a78c5dfd1d7ca95231f	4b7b2a0632b74ea7c782b57a334c4afd
28301	f0bd644682c32d695d5a7a1247f5ac81	597b7e3469398a78c5dfd1d7ca95231f	4b7b2a0632b74ea7c782b57a334c4afd
28302	f0bd644682c32d695d5a7a1247f5ac81	597b7e3469398a78c5dfd1d7ca95231f	4b7b2a0632b74ea7c782b57a334c4afd
28303	f0bd644682c32d695d5a7a1247f5ac81	597b7e3469398a78c5dfd1d7ca95231f	4b7b2a0632b74ea7c782b57a334c4afd
28304	7652d716902a9874cc13b4078362f9cf	0d378739646939d1095651bd0f38b022	33e9e371633b2c2b60c2cf1ccb825b7d
28305	7652d716902a9874cc13b4078362f9cf	0d378739646939d1095651bd0f38b022	33e9e371633b2c2b60c2cf1ccb825b7d
28306	7652d716902a9874cc13b4078362f9cf	0d378739646939d1095651bd0f38b022	33e9e371633b2c2b60c2cf1ccb825b7d
28307	18e32884419a39cc71e931ecac989b42	0bfe7f534764d019936b29227fe5d304	e65859a529d1911d6fbd492c7a7a9d49
28308	18e32884419a39cc71e931ecac989b42	0bfe7f534764d019936b29227fe5d304	e65859a529d1911d6fbd492c7a7a9d49
28309	1db177cff4839cf0eb23004ec616f24e	050f88d8c77512f4485efeab783f1250	87a9c51386e04b2999bd4b46dfdda48a
28310	1db177cff4839cf0eb23004ec616f24e	050f88d8c77512f4485efeab783f1250	87a9c51386e04b2999bd4b46dfdda48a
28311	1db177cff4839cf0eb23004ec616f24e	050f88d8c77512f4485efeab783f1250	87a9c51386e04b2999bd4b46dfdda48a
28312	1db177cff4839cf0eb23004ec616f24e	050f88d8c77512f4485efeab783f1250	87a9c51386e04b2999bd4b46dfdda48a
28313	1db177cff4839cf0eb23004ec616f24e	050f88d8c77512f4485efeab783f1250	87a9c51386e04b2999bd4b46dfdda48a
28314	3aff42b8ac196acb2d1e86565f76abaf	8836d49a05e9b4ba13d7d420768fe6c4	6e90f8b5bcb68ddb832f7d8cb1607748
28315	3aff42b8ac196acb2d1e86565f76abaf	8836d49a05e9b4ba13d7d420768fe6c4	6e90f8b5bcb68ddb832f7d8cb1607748
28316	3aff42b8ac196acb2d1e86565f76abaf	8836d49a05e9b4ba13d7d420768fe6c4	6e90f8b5bcb68ddb832f7d8cb1607748
28317	3aff42b8ac196acb2d1e86565f76abaf	8836d49a05e9b4ba13d7d420768fe6c4	6e90f8b5bcb68ddb832f7d8cb1607748
28318	3aff42b8ac196acb2d1e86565f76abaf	8836d49a05e9b4ba13d7d420768fe6c4	6e90f8b5bcb68ddb832f7d8cb1607748
28319	3aff42b8ac196acb2d1e86565f76abaf	8836d49a05e9b4ba13d7d420768fe6c4	6e90f8b5bcb68ddb832f7d8cb1607748
28320	3aff42b8ac196acb2d1e86565f76abaf	8836d49a05e9b4ba13d7d420768fe6c4	6e90f8b5bcb68ddb832f7d8cb1607748
28321	1dbeaf640b325e4662b93df3f8f543f6	003077cab9b316ca4e61325331331531	e42e6b1b5ae6771e371d36735cec7701
28322	1dbeaf640b325e4662b93df3f8f543f6	003077cab9b316ca4e61325331331531	e42e6b1b5ae6771e371d36735cec7701
28323	811d84e319f16bc7ffdb54d6c5c49119	e67e8daf7fcd1831c75857aaf7a322f5	06baf1a77e029b59552396c2350e1fa5
28324	1dbeaf640b325e4662b93df3f8f543f6	003077cab9b316ca4e61325331331531	e42e6b1b5ae6771e371d36735cec7701
28325	1dbeaf640b325e4662b93df3f8f543f6	003077cab9b316ca4e61325331331531	e42e6b1b5ae6771e371d36735cec7701
28326	25f2507f8ab37d34ae8c54b1d0faf408	ab11d7e131eaca1062e51f2f2f1900f9	a352096c7ef5874a81ca93fc8091643c
28327	25f2507f8ab37d34ae8c54b1d0faf408	ab11d7e131eaca1062e51f2f2f1900f9	a352096c7ef5874a81ca93fc8091643c
28328	25f2507f8ab37d34ae8c54b1d0faf408	ab11d7e131eaca1062e51f2f2f1900f9	a352096c7ef5874a81ca93fc8091643c
28329	fa6f458436ffb9704750362676d5fde3	88a1365e686c14d97ef250b0569303a0	e959c0432bbe2a001f81f9f526854dc6
28330	fa6f458436ffb9704750362676d5fde3	88a1365e686c14d97ef250b0569303a0	e959c0432bbe2a001f81f9f526854dc6
28331	0b0b23036afac9ecf87ec253ef7acfd5	90df10a9b90d2dad97181af718252035	675a5398ef0bd1523da2d71a0dfae528
28332	0b0b23036afac9ecf87ec253ef7acfd5	90df10a9b90d2dad97181af718252035	675a5398ef0bd1523da2d71a0dfae528
28333	4f58c96f8c7551a79b7237ee975a1409	1a4da051038bf396721e987830a27f11	00e9dc6616a4f8a8829625e77635f8da
28334	4f58c96f8c7551a79b7237ee975a1409	1a4da051038bf396721e987830a27f11	00e9dc6616a4f8a8829625e77635f8da
28335	4f58c96f8c7551a79b7237ee975a1409	1a4da051038bf396721e987830a27f11	00e9dc6616a4f8a8829625e77635f8da
28336	af7d12f261c4f96dcb18da456c60492f	c454a46a4ee6efd501cf716a2fb58fe8	28fddc5efdadff0d11ec05c9da96d69e
28337	4f58c96f8c7551a79b7237ee975a1409	1a4da051038bf396721e987830a27f11	00e9dc6616a4f8a8829625e77635f8da
28338	5677a4db3ba3ee7074038acd11f518b3	56c3587ae7f9d6c31160bda778c45613	0ae22be9df571819d718799869864672
28339	5677a4db3ba3ee7074038acd11f518b3	56c3587ae7f9d6c31160bda778c45613	0ae22be9df571819d718799869864672
28340	5677a4db3ba3ee7074038acd11f518b3	56c3587ae7f9d6c31160bda778c45613	0ae22be9df571819d718799869864672
28341	5677a4db3ba3ee7074038acd11f518b3	56c3587ae7f9d6c31160bda778c45613	0ae22be9df571819d718799869864672
28342	5677a4db3ba3ee7074038acd11f518b3	56c3587ae7f9d6c31160bda778c45613	0ae22be9df571819d718799869864672
28343	5677a4db3ba3ee7074038acd11f518b3	56c3587ae7f9d6c31160bda778c45613	0ae22be9df571819d718799869864672
28344	5677a4db3ba3ee7074038acd11f518b3	56c3587ae7f9d6c31160bda778c45613	0ae22be9df571819d718799869864672
28345	5e54d3af7df69a30e4c70dcc2732b28b	6bb0fdc7418dc9c96f1c683fdbf47d0a	8ef93cadafa5ba9a2f915a3528371e52
28346	5e54d3af7df69a30e4c70dcc2732b28b	6bb0fdc7418dc9c96f1c683fdbf47d0a	8ef93cadafa5ba9a2f915a3528371e52
28347	5e54d3af7df69a30e4c70dcc2732b28b	6bb0fdc7418dc9c96f1c683fdbf47d0a	8ef93cadafa5ba9a2f915a3528371e52
28348	5e54d3af7df69a30e4c70dcc2732b28b	6bb0fdc7418dc9c96f1c683fdbf47d0a	8ef93cadafa5ba9a2f915a3528371e52
28349	5e54d3af7df69a30e4c70dcc2732b28b	6bb0fdc7418dc9c96f1c683fdbf47d0a	8ef93cadafa5ba9a2f915a3528371e52
28350	64d6010f36ae810d11917f3261168465	8c30f75901b409bcd06c43fbad26cb78	59c102eaf89276079ac5fdc66bdb35c9
28351	64d6010f36ae810d11917f3261168465	8c30f75901b409bcd06c43fbad26cb78	59c102eaf89276079ac5fdc66bdb35c9
28352	64d6010f36ae810d11917f3261168465	8c30f75901b409bcd06c43fbad26cb78	59c102eaf89276079ac5fdc66bdb35c9
28353	64d6010f36ae810d11917f3261168465	8c30f75901b409bcd06c43fbad26cb78	59c102eaf89276079ac5fdc66bdb35c9
28354	64d6010f36ae810d11917f3261168465	8c30f75901b409bcd06c43fbad26cb78	59c102eaf89276079ac5fdc66bdb35c9
28355	6dea7d5e36657f08264729ce9937f247	f091a22cc93cc4c7064efe74ec2a3bf0	584a9469e23582a1e14a1ae8534faed3
28356	6dea7d5e36657f08264729ce9937f247	f091a22cc93cc4c7064efe74ec2a3bf0	584a9469e23582a1e14a1ae8534faed3
28357	6dea7d5e36657f08264729ce9937f247	f091a22cc93cc4c7064efe74ec2a3bf0	584a9469e23582a1e14a1ae8534faed3
28358	6dea7d5e36657f08264729ce9937f247	f091a22cc93cc4c7064efe74ec2a3bf0	584a9469e23582a1e14a1ae8534faed3
28359	6dea7d5e36657f08264729ce9937f247	f091a22cc93cc4c7064efe74ec2a3bf0	584a9469e23582a1e14a1ae8534faed3
28360	6dea7d5e36657f08264729ce9937f247	f091a22cc93cc4c7064efe74ec2a3bf0	584a9469e23582a1e14a1ae8534faed3
28361	6dea7d5e36657f08264729ce9937f247	f091a22cc93cc4c7064efe74ec2a3bf0	584a9469e23582a1e14a1ae8534faed3
28362	6dea7d5e36657f08264729ce9937f247	f091a22cc93cc4c7064efe74ec2a3bf0	584a9469e23582a1e14a1ae8534faed3
28363	6dea7d5e36657f08264729ce9937f247	f091a22cc93cc4c7064efe74ec2a3bf0	584a9469e23582a1e14a1ae8534faed3
28364	6dea7d5e36657f08264729ce9937f247	f091a22cc93cc4c7064efe74ec2a3bf0	584a9469e23582a1e14a1ae8534faed3
28365	d7ff13eeccea2369366d76f4a3a6dafa	12465300dda9ef5dd0235a7e90d1d217	737b444118afd3df45c54baaf4d75e1e
28366	6dea7d5e36657f08264729ce9937f247	f091a22cc93cc4c7064efe74ec2a3bf0	584a9469e23582a1e14a1ae8534faed3
28367	4c853f7d082c509210521838968e20ac	24ac5b710530eb58e39cf811895aa93c	8670c733d07cff22727b6b5211946258
28368	4c853f7d082c509210521838968e20ac	24ac5b710530eb58e39cf811895aa93c	8670c733d07cff22727b6b5211946258
28369	4c853f7d082c509210521838968e20ac	24ac5b710530eb58e39cf811895aa93c	8670c733d07cff22727b6b5211946258
28370	4c853f7d082c509210521838968e20ac	24ac5b710530eb58e39cf811895aa93c	8670c733d07cff22727b6b5211946258
28371	4c853f7d082c509210521838968e20ac	24ac5b710530eb58e39cf811895aa93c	8670c733d07cff22727b6b5211946258
28372	4c853f7d082c509210521838968e20ac	24ac5b710530eb58e39cf811895aa93c	8670c733d07cff22727b6b5211946258
28373	4c853f7d082c509210521838968e20ac	24ac5b710530eb58e39cf811895aa93c	8670c733d07cff22727b6b5211946258
28374	c71837aa4b75ebab9ef951531d9046fc	c556fd08b429404e24118188268d7587	4ade581c54d45174f134f55fce9af18f
28375	c71837aa4b75ebab9ef951531d9046fc	c556fd08b429404e24118188268d7587	4ade581c54d45174f134f55fce9af18f
28376	c71837aa4b75ebab9ef951531d9046fc	c556fd08b429404e24118188268d7587	4ade581c54d45174f134f55fce9af18f
28377	344e279540aaad78b720cc47cc47a9e3	a5bab79a5c07428eb445c4ee34be331b	353cbd18cad80c09805088027ef85293
28378	ea3f17dd82397e6cf3fd09b67bb3e102	392cd841e9817992dad2a3ace32c090f	7bf781011f310a43c002cb862b3c7fb6
28379	c71837aa4b75ebab9ef951531d9046fc	c556fd08b429404e24118188268d7587	4ade581c54d45174f134f55fce9af18f
28380	c71837aa4b75ebab9ef951531d9046fc	c556fd08b429404e24118188268d7587	4ade581c54d45174f134f55fce9af18f
28381	c71837aa4b75ebab9ef951531d9046fc	c556fd08b429404e24118188268d7587	4ade581c54d45174f134f55fce9af18f
28382	317ce4e25430406d5d0e25d6808f6b2f	717c79e7d331395b3ca2639a7727fb46	f4ba351df11de2c6f5245c9065656081
28383	2b491b0e5e3d2ed150c2b721531b4b34	64c932475414e630876f2a58826bfe41	2d08fb5d3d307931600e8a7b5485bd3a
28384	bd2d8226607352df4217865930443464	aad385a79eead1ecf3373a8f214f504d	ca394324981fabd5137de29b314f9f6b
28385	bd2d8226607352df4217865930443464	aad385a79eead1ecf3373a8f214f504d	ca394324981fabd5137de29b314f9f6b
28386	bd2d8226607352df4217865930443464	aad385a79eead1ecf3373a8f214f504d	ca394324981fabd5137de29b314f9f6b
28387	bd2d8226607352df4217865930443464	aad385a79eead1ecf3373a8f214f504d	ca394324981fabd5137de29b314f9f6b
28388	bd2d8226607352df4217865930443464	aad385a79eead1ecf3373a8f214f504d	ca394324981fabd5137de29b314f9f6b
28389	bd2d8226607352df4217865930443464	aad385a79eead1ecf3373a8f214f504d	ca394324981fabd5137de29b314f9f6b
28390	bd2d8226607352df4217865930443464	aad385a79eead1ecf3373a8f214f504d	ca394324981fabd5137de29b314f9f6b
28391	2dd787d0396776a01899a4dd5d00f257	9fbbd28fc9d8425f9881f92c2f5a9491	85e45e04ef46d68089655e05fc94df73
28392	bde8784a870cf4409e14a190f4152820	fdd443d471b438e7c4bf2c43c431eb7f	765c647f85b1d8290dd7f8de5bdb4c40
28393	bde8784a870cf4409e14a190f4152820	fdd443d471b438e7c4bf2c43c431eb7f	765c647f85b1d8290dd7f8de5bdb4c40
28394	2c1e6410d1cf8cc7eee4f743b8b18cf8	0d193c6e0aecafdb03de626a12f233aa	f50ce0fd660d2ee44f272cdb2dd6301f
28395	505b6b5e26dd7f7f84975267d5ac86ae	e77c699d86e20606cfe4ed1266782a10	1b3bf75ae20929bc9dd9bbaf45023527
28396	15345ec2b65fc30c8e2dfe23cf298b77	bbe04a19b2b02dd66ebbaf35d703ed66	afede977077da031b5bb71dba9be944f
28397	15345ec2b65fc30c8e2dfe23cf298b77	bbe04a19b2b02dd66ebbaf35d703ed66	afede977077da031b5bb71dba9be944f
28398	15345ec2b65fc30c8e2dfe23cf298b77	bbe04a19b2b02dd66ebbaf35d703ed66	afede977077da031b5bb71dba9be944f
28399	15345ec2b65fc30c8e2dfe23cf298b77	bbe04a19b2b02dd66ebbaf35d703ed66	afede977077da031b5bb71dba9be944f
28400	15345ec2b65fc30c8e2dfe23cf298b77	bbe04a19b2b02dd66ebbaf35d703ed66	afede977077da031b5bb71dba9be944f
28401	15345ec2b65fc30c8e2dfe23cf298b77	bbe04a19b2b02dd66ebbaf35d703ed66	afede977077da031b5bb71dba9be944f
28402	15345ec2b65fc30c8e2dfe23cf298b77	bbe04a19b2b02dd66ebbaf35d703ed66	afede977077da031b5bb71dba9be944f
28403	15345ec2b65fc30c8e2dfe23cf298b77	bbe04a19b2b02dd66ebbaf35d703ed66	afede977077da031b5bb71dba9be944f
28404	15345ec2b65fc30c8e2dfe23cf298b77	bbe04a19b2b02dd66ebbaf35d703ed66	afede977077da031b5bb71dba9be944f
28405	15345ec2b65fc30c8e2dfe23cf298b77	bbe04a19b2b02dd66ebbaf35d703ed66	afede977077da031b5bb71dba9be944f
28406	15345ec2b65fc30c8e2dfe23cf298b77	bbe04a19b2b02dd66ebbaf35d703ed66	afede977077da031b5bb71dba9be944f
28407	15345ec2b65fc30c8e2dfe23cf298b77	bbe04a19b2b02dd66ebbaf35d703ed66	afede977077da031b5bb71dba9be944f
28408	15345ec2b65fc30c8e2dfe23cf298b77	bbe04a19b2b02dd66ebbaf35d703ed66	afede977077da031b5bb71dba9be944f
28409	15345ec2b65fc30c8e2dfe23cf298b77	bbe04a19b2b02dd66ebbaf35d703ed66	afede977077da031b5bb71dba9be944f
28410	15345ec2b65fc30c8e2dfe23cf298b77	bbe04a19b2b02dd66ebbaf35d703ed66	afede977077da031b5bb71dba9be944f
28411	15345ec2b65fc30c8e2dfe23cf298b77	bbe04a19b2b02dd66ebbaf35d703ed66	afede977077da031b5bb71dba9be944f
28412	15345ec2b65fc30c8e2dfe23cf298b77	bbe04a19b2b02dd66ebbaf35d703ed66	afede977077da031b5bb71dba9be944f
28413	4f4ef9937b8483f69e4322a163dfe3b7	b4a3766d22786f9ed577ce3cfa97b6e8	620b399fa41b97b5678583f98b5756bd
28414	4f4ef9937b8483f69e4322a163dfe3b7	b4a3766d22786f9ed577ce3cfa97b6e8	620b399fa41b97b5678583f98b5756bd
28415	4f4ef9937b8483f69e4322a163dfe3b7	b4a3766d22786f9ed577ce3cfa97b6e8	620b399fa41b97b5678583f98b5756bd
28416	4f4ef9937b8483f69e4322a163dfe3b7	b4a3766d22786f9ed577ce3cfa97b6e8	620b399fa41b97b5678583f98b5756bd
28417	4f4ef9937b8483f69e4322a163dfe3b7	b4a3766d22786f9ed577ce3cfa97b6e8	620b399fa41b97b5678583f98b5756bd
28418	4f4ef9937b8483f69e4322a163dfe3b7	b4a3766d22786f9ed577ce3cfa97b6e8	620b399fa41b97b5678583f98b5756bd
28419	4f4ef9937b8483f69e4322a163dfe3b7	b4a3766d22786f9ed577ce3cfa97b6e8	620b399fa41b97b5678583f98b5756bd
28420	a437f964edd0f9de24583e8dac00bce5	557ba4707a528e757ffcaa353c9f5595	061c118ea7e5bae766cb47795c945e85
28421	a437f964edd0f9de24583e8dac00bce5	557ba4707a528e757ffcaa353c9f5595	061c118ea7e5bae766cb47795c945e85
28422	a437f964edd0f9de24583e8dac00bce5	557ba4707a528e757ffcaa353c9f5595	061c118ea7e5bae766cb47795c945e85
28423	4c50a276acb28ec46de338ea09fe156d	ba49136aa51585c2d18fb36080c43f30	21056f905057a39607b0adf95945d945
28424	4c50a276acb28ec46de338ea09fe156d	ba49136aa51585c2d18fb36080c43f30	21056f905057a39607b0adf95945d945
28425	efafef2bf734fc91baa48fd364d0a86c	124e3beaca33307c9d9ed74006fcdc19	3775576bbe957e6c8e334aa690b21c62
28426	efafef2bf734fc91baa48fd364d0a86c	124e3beaca33307c9d9ed74006fcdc19	3775576bbe957e6c8e334aa690b21c62
28427	efafef2bf734fc91baa48fd364d0a86c	124e3beaca33307c9d9ed74006fcdc19	3775576bbe957e6c8e334aa690b21c62
28428	efafef2bf734fc91baa48fd364d0a86c	124e3beaca33307c9d9ed74006fcdc19	3775576bbe957e6c8e334aa690b21c62
28429	efafef2bf734fc91baa48fd364d0a86c	124e3beaca33307c9d9ed74006fcdc19	3775576bbe957e6c8e334aa690b21c62
28430	efafef2bf734fc91baa48fd364d0a86c	124e3beaca33307c9d9ed74006fcdc19	3775576bbe957e6c8e334aa690b21c62
28431	efafef2bf734fc91baa48fd364d0a86c	124e3beaca33307c9d9ed74006fcdc19	3775576bbe957e6c8e334aa690b21c62
28432	871d2ad2e8c57d5fd6b545d9c9cac171	83a23ba2dd780115fc52b814a9623e8d	578b558cc49036509e0536150b02f710
28433	871d2ad2e8c57d5fd6b545d9c9cac171	83a23ba2dd780115fc52b814a9623e8d	578b558cc49036509e0536150b02f710
28434	871d2ad2e8c57d5fd6b545d9c9cac171	83a23ba2dd780115fc52b814a9623e8d	578b558cc49036509e0536150b02f710
28435	871d2ad2e8c57d5fd6b545d9c9cac171	83a23ba2dd780115fc52b814a9623e8d	578b558cc49036509e0536150b02f710
28436	871d2ad2e8c57d5fd6b545d9c9cac171	83a23ba2dd780115fc52b814a9623e8d	578b558cc49036509e0536150b02f710
28437	5690a10cb4bbbadf27a5e0b4e38e10e6	9a1eaceb5254644db9437bacc178db09	41df0547da14458e642cf986bf410b1e
28438	5690a10cb4bbbadf27a5e0b4e38e10e6	9a1eaceb5254644db9437bacc178db09	41df0547da14458e642cf986bf410b1e
28439	5690a10cb4bbbadf27a5e0b4e38e10e6	9a1eaceb5254644db9437bacc178db09	41df0547da14458e642cf986bf410b1e
28440	5690a10cb4bbbadf27a5e0b4e38e10e6	9a1eaceb5254644db9437bacc178db09	41df0547da14458e642cf986bf410b1e
28441	5690a10cb4bbbadf27a5e0b4e38e10e6	9a1eaceb5254644db9437bacc178db09	41df0547da14458e642cf986bf410b1e
28442	5690a10cb4bbbadf27a5e0b4e38e10e6	9a1eaceb5254644db9437bacc178db09	41df0547da14458e642cf986bf410b1e
28443	5690a10cb4bbbadf27a5e0b4e38e10e6	9a1eaceb5254644db9437bacc178db09	41df0547da14458e642cf986bf410b1e
28444	3994f6cbe362b71c6c35732540a1acc2	b9f4a5ce3df8c2024dbcb32f06742bf8	9007916f8e1d59ef8c37c5f8ea106198
28445	3994f6cbe362b71c6c35732540a1acc2	b9f4a5ce3df8c2024dbcb32f06742bf8	9007916f8e1d59ef8c37c5f8ea106198
28446	3994f6cbe362b71c6c35732540a1acc2	b9f4a5ce3df8c2024dbcb32f06742bf8	9007916f8e1d59ef8c37c5f8ea106198
28447	3994f6cbe362b71c6c35732540a1acc2	b9f4a5ce3df8c2024dbcb32f06742bf8	9007916f8e1d59ef8c37c5f8ea106198
28448	3994f6cbe362b71c6c35732540a1acc2	b9f4a5ce3df8c2024dbcb32f06742bf8	9007916f8e1d59ef8c37c5f8ea106198
28449	3994f6cbe362b71c6c35732540a1acc2	b9f4a5ce3df8c2024dbcb32f06742bf8	9007916f8e1d59ef8c37c5f8ea106198
28450	3994f6cbe362b71c6c35732540a1acc2	b9f4a5ce3df8c2024dbcb32f06742bf8	9007916f8e1d59ef8c37c5f8ea106198
28451	3994f6cbe362b71c6c35732540a1acc2	b9f4a5ce3df8c2024dbcb32f06742bf8	9007916f8e1d59ef8c37c5f8ea106198
28452	3994f6cbe362b71c6c35732540a1acc2	b9f4a5ce3df8c2024dbcb32f06742bf8	9007916f8e1d59ef8c37c5f8ea106198
28453	3994f6cbe362b71c6c35732540a1acc2	b9f4a5ce3df8c2024dbcb32f06742bf8	9007916f8e1d59ef8c37c5f8ea106198
28454	1b1921749139d683ee36f25d11358ea8	f682fce55619de508f2a4339de832f97	46f4a4cb5f9e5a04b4d41d75f4ac42c1
28455	1b1921749139d683ee36f25d11358ea8	f682fce55619de508f2a4339de832f97	46f4a4cb5f9e5a04b4d41d75f4ac42c1
28456	1b1921749139d683ee36f25d11358ea8	f682fce55619de508f2a4339de832f97	46f4a4cb5f9e5a04b4d41d75f4ac42c1
28457	34a02e9450a62f12fd7ddfed1f9a3eae	b8ae0391e976b3c9d5428e5007aa3265	ab3b9b1270cd6f30e89f6c698419b445
28458	34a02e9450a62f12fd7ddfed1f9a3eae	b8ae0391e976b3c9d5428e5007aa3265	ab3b9b1270cd6f30e89f6c698419b445
28459	20856e45c989ca9c86b87657ba461c7d	77e7feaa97d7558141e5746abc1a25da	51d1c3620c2d6767c2e68aa335f25b67
28460	074f3638f7bed048dd92ce5a0d15bd3f	2290173a3cacdae337bbcae5c80b46b0	780e207e4e85dc18d4637d651a3ade2e
28461	848cefbcab33267f0a7eee8157c2a6b1	cd80ed69d758c9df6fc28698e362f9f5	d3152ca983e3ddcc799aff719fa2679c
28462	848cefbcab33267f0a7eee8157c2a6b1	cd80ed69d758c9df6fc28698e362f9f5	d3152ca983e3ddcc799aff719fa2679c
28463	848cefbcab33267f0a7eee8157c2a6b1	cd80ed69d758c9df6fc28698e362f9f5	d3152ca983e3ddcc799aff719fa2679c
28464	848cefbcab33267f0a7eee8157c2a6b1	cd80ed69d758c9df6fc28698e362f9f5	d3152ca983e3ddcc799aff719fa2679c
28465	848cefbcab33267f0a7eee8157c2a6b1	cd80ed69d758c9df6fc28698e362f9f5	d3152ca983e3ddcc799aff719fa2679c
28466	7d7ac9b6f2fa8b25dd44c60002f42716	5e7dac7147ed22226e2bfa8ba0fbcb48	de29e1c0f226e0b80ad93546d549bea8
28467	7d7ac9b6f2fa8b25dd44c60002f42716	5e7dac7147ed22226e2bfa8ba0fbcb48	de29e1c0f226e0b80ad93546d549bea8
28468	7d7ac9b6f2fa8b25dd44c60002f42716	5e7dac7147ed22226e2bfa8ba0fbcb48	de29e1c0f226e0b80ad93546d549bea8
28469	7d7ac9b6f2fa8b25dd44c60002f42716	5e7dac7147ed22226e2bfa8ba0fbcb48	de29e1c0f226e0b80ad93546d549bea8
28470	7d7ac9b6f2fa8b25dd44c60002f42716	5e7dac7147ed22226e2bfa8ba0fbcb48	de29e1c0f226e0b80ad93546d549bea8
28471	7d7ac9b6f2fa8b25dd44c60002f42716	5e7dac7147ed22226e2bfa8ba0fbcb48	de29e1c0f226e0b80ad93546d549bea8
28472	7d7ac9b6f2fa8b25dd44c60002f42716	5e7dac7147ed22226e2bfa8ba0fbcb48	de29e1c0f226e0b80ad93546d549bea8
28473	b3a8a0f7c6f64bb5c79278224bdf6935	93656e33881a1edf5b25310a4e93fedc	b42cd866bc93ee06bfa70a472b791341
28474	79ac42deefc1659a34faed6c4f0fef90	4ea706ae47722bd03922106d5726bf6b	2201816b4610724f1420be034fb32617
28475	79ac42deefc1659a34faed6c4f0fef90	4ea706ae47722bd03922106d5726bf6b	2201816b4610724f1420be034fb32617
28476	b3a8a0f7c6f64bb5c79278224bdf6935	93656e33881a1edf5b25310a4e93fedc	b42cd866bc93ee06bfa70a472b791341
28477	b3a8a0f7c6f64bb5c79278224bdf6935	93656e33881a1edf5b25310a4e93fedc	b42cd866bc93ee06bfa70a472b791341
28478	b3a8a0f7c6f64bb5c79278224bdf6935	93656e33881a1edf5b25310a4e93fedc	b42cd866bc93ee06bfa70a472b791341
28479	b3a8a0f7c6f64bb5c79278224bdf6935	93656e33881a1edf5b25310a4e93fedc	b42cd866bc93ee06bfa70a472b791341
28480	b3a8a0f7c6f64bb5c79278224bdf6935	93656e33881a1edf5b25310a4e93fedc	b42cd866bc93ee06bfa70a472b791341
28481	7a35bd93decb5c81d4420ad35186ec07	30c690ffc6516901c175de07b94a232f	33b0d3fdc537ca1242d197e9cb816138
28482	f7abbaff926ac3e8fcd43737fa3b3b03	658ad276a0f524ae10ee241338fe3b8e	cbdee25bf9f387bc074184b19235f359
28483	c7216e6f5a47cbb541d1702325bf0da6	a34169df965b56fee6ce61021faac688	b23ec93b09295f7c01a1734e9c26c848
28484	c7216e6f5a47cbb541d1702325bf0da6	a34169df965b56fee6ce61021faac688	b23ec93b09295f7c01a1734e9c26c848
28485	c7216e6f5a47cbb541d1702325bf0da6	a34169df965b56fee6ce61021faac688	b23ec93b09295f7c01a1734e9c26c848
28486	c7216e6f5a47cbb541d1702325bf0da6	a34169df965b56fee6ce61021faac688	b23ec93b09295f7c01a1734e9c26c848
28487	c7216e6f5a47cbb541d1702325bf0da6	a34169df965b56fee6ce61021faac688	b23ec93b09295f7c01a1734e9c26c848
28488	c7216e6f5a47cbb541d1702325bf0da6	a34169df965b56fee6ce61021faac688	b23ec93b09295f7c01a1734e9c26c848
28489	c7216e6f5a47cbb541d1702325bf0da6	a34169df965b56fee6ce61021faac688	b23ec93b09295f7c01a1734e9c26c848
28490	746a778d4e274d7c33365ed41950383e	1197f4a74ccf43e811486c8a20ed897a	06020d0222073424a7fa0072f72d0c8e
28491	746a778d4e274d7c33365ed41950383e	1197f4a74ccf43e811486c8a20ed897a	06020d0222073424a7fa0072f72d0c8e
28492	746a778d4e274d7c33365ed41950383e	1197f4a74ccf43e811486c8a20ed897a	06020d0222073424a7fa0072f72d0c8e
28493	aee8596fc037cabfe8f690d97baaecc6	c2902ec973c2cc2c025f26ca28efb4aa	c7557f6a77699581cc85dbfab02d2e4d
28494	aee8596fc037cabfe8f690d97baaecc6	c2902ec973c2cc2c025f26ca28efb4aa	c7557f6a77699581cc85dbfab02d2e4d
28495	c7216e6f5a47cbb541d1702325bf0da6	a34169df965b56fee6ce61021faac688	b23ec93b09295f7c01a1734e9c26c848
28496	c7216e6f5a47cbb541d1702325bf0da6	a34169df965b56fee6ce61021faac688	b23ec93b09295f7c01a1734e9c26c848
28497	c7216e6f5a47cbb541d1702325bf0da6	a34169df965b56fee6ce61021faac688	b23ec93b09295f7c01a1734e9c26c848
28498	c7216e6f5a47cbb541d1702325bf0da6	a34169df965b56fee6ce61021faac688	b23ec93b09295f7c01a1734e9c26c848
28499	c7216e6f5a47cbb541d1702325bf0da6	a34169df965b56fee6ce61021faac688	b23ec93b09295f7c01a1734e9c26c848
28500	c7216e6f5a47cbb541d1702325bf0da6	a34169df965b56fee6ce61021faac688	b23ec93b09295f7c01a1734e9c26c848
28501	c7216e6f5a47cbb541d1702325bf0da6	a34169df965b56fee6ce61021faac688	b23ec93b09295f7c01a1734e9c26c848
28502	c7216e6f5a47cbb541d1702325bf0da6	a34169df965b56fee6ce61021faac688	b23ec93b09295f7c01a1734e9c26c848
28503	c7216e6f5a47cbb541d1702325bf0da6	a34169df965b56fee6ce61021faac688	b23ec93b09295f7c01a1734e9c26c848
28504	c7216e6f5a47cbb541d1702325bf0da6	a34169df965b56fee6ce61021faac688	b23ec93b09295f7c01a1734e9c26c848
28505	c7216e6f5a47cbb541d1702325bf0da6	a34169df965b56fee6ce61021faac688	b23ec93b09295f7c01a1734e9c26c848
28506	c7216e6f5a47cbb541d1702325bf0da6	a34169df965b56fee6ce61021faac688	b23ec93b09295f7c01a1734e9c26c848
28507	a60ef170b306cdd269265e56ca8ed22e	c2b02d2a8c8db5679ff228979e1a6c93	51b04d2d3d1345e5558f556eccbb5cca
28508	a60ef170b306cdd269265e56ca8ed22e	c2b02d2a8c8db5679ff228979e1a6c93	51b04d2d3d1345e5558f556eccbb5cca
28509	a60ef170b306cdd269265e56ca8ed22e	c2b02d2a8c8db5679ff228979e1a6c93	51b04d2d3d1345e5558f556eccbb5cca
28510	a60ef170b306cdd269265e56ca8ed22e	c2b02d2a8c8db5679ff228979e1a6c93	51b04d2d3d1345e5558f556eccbb5cca
28511	a60ef170b306cdd269265e56ca8ed22e	c2b02d2a8c8db5679ff228979e1a6c93	51b04d2d3d1345e5558f556eccbb5cca
28512	a60ef170b306cdd269265e56ca8ed22e	c2b02d2a8c8db5679ff228979e1a6c93	51b04d2d3d1345e5558f556eccbb5cca
28513	a60ef170b306cdd269265e56ca8ed22e	c2b02d2a8c8db5679ff228979e1a6c93	51b04d2d3d1345e5558f556eccbb5cca
28514	a60ef170b306cdd269265e56ca8ed22e	c2b02d2a8c8db5679ff228979e1a6c93	51b04d2d3d1345e5558f556eccbb5cca
28515	a60ef170b306cdd269265e56ca8ed22e	c2b02d2a8c8db5679ff228979e1a6c93	51b04d2d3d1345e5558f556eccbb5cca
28516	a60ef170b306cdd269265e56ca8ed22e	c2b02d2a8c8db5679ff228979e1a6c93	51b04d2d3d1345e5558f556eccbb5cca
28517	a60ef170b306cdd269265e56ca8ed22e	c2b02d2a8c8db5679ff228979e1a6c93	51b04d2d3d1345e5558f556eccbb5cca
28518	a60ef170b306cdd269265e56ca8ed22e	c2b02d2a8c8db5679ff228979e1a6c93	51b04d2d3d1345e5558f556eccbb5cca
28519	a60ef170b306cdd269265e56ca8ed22e	c2b02d2a8c8db5679ff228979e1a6c93	51b04d2d3d1345e5558f556eccbb5cca
28520	a60ef170b306cdd269265e56ca8ed22e	c2b02d2a8c8db5679ff228979e1a6c93	51b04d2d3d1345e5558f556eccbb5cca
28521	a60ef170b306cdd269265e56ca8ed22e	c2b02d2a8c8db5679ff228979e1a6c93	51b04d2d3d1345e5558f556eccbb5cca
28522	a60ef170b306cdd269265e56ca8ed22e	c2b02d2a8c8db5679ff228979e1a6c93	51b04d2d3d1345e5558f556eccbb5cca
28523	a60ef170b306cdd269265e56ca8ed22e	c2b02d2a8c8db5679ff228979e1a6c93	51b04d2d3d1345e5558f556eccbb5cca
28524	be3d9b6edc5e22a0f8505a5b993b1e56	a87f3a3940d38ce5090fc6f532f5c4ee	291f72c97529f7ac4341d19a0c03248e
28525	be3d9b6edc5e22a0f8505a5b993b1e56	a87f3a3940d38ce5090fc6f532f5c4ee	291f72c97529f7ac4341d19a0c03248e
28526	be3d9b6edc5e22a0f8505a5b993b1e56	a87f3a3940d38ce5090fc6f532f5c4ee	291f72c97529f7ac4341d19a0c03248e
28527	be3d9b6edc5e22a0f8505a5b993b1e56	a87f3a3940d38ce5090fc6f532f5c4ee	291f72c97529f7ac4341d19a0c03248e
28528	be3d9b6edc5e22a0f8505a5b993b1e56	a87f3a3940d38ce5090fc6f532f5c4ee	291f72c97529f7ac4341d19a0c03248e
28529	be3d9b6edc5e22a0f8505a5b993b1e56	a87f3a3940d38ce5090fc6f532f5c4ee	291f72c97529f7ac4341d19a0c03248e
28530	be3d9b6edc5e22a0f8505a5b993b1e56	a87f3a3940d38ce5090fc6f532f5c4ee	291f72c97529f7ac4341d19a0c03248e
28531	05684a8ca98f81b3efe58c90a2cd44c8	b01eba4548e5c3d3d07482a2e10b161b	6974ad5995218ae3596416c3cf639f8e
28532	05684a8ca98f81b3efe58c90a2cd44c8	b01eba4548e5c3d3d07482a2e10b161b	6974ad5995218ae3596416c3cf639f8e
28533	05684a8ca98f81b3efe58c90a2cd44c8	b01eba4548e5c3d3d07482a2e10b161b	6974ad5995218ae3596416c3cf639f8e
28534	ba2484c63c3de1936d2deac694bf71aa	eddb363f5244aa461d18bf642942f1d6	7b03ee0314e009a23d5354a3594b8b01
28535	ba2484c63c3de1936d2deac694bf71aa	eddb363f5244aa461d18bf642942f1d6	7b03ee0314e009a23d5354a3594b8b01
28536	37d53b3b068f7a61dd69d00f12be2b3a	7b0469cedab2b09a76988b6e09bbe113	31ecd2fc502a76b4d0c57416a13e0b79
28537	37d53b3b068f7a61dd69d00f12be2b3a	7b0469cedab2b09a76988b6e09bbe113	31ecd2fc502a76b4d0c57416a13e0b79
28538	37d53b3b068f7a61dd69d00f12be2b3a	7b0469cedab2b09a76988b6e09bbe113	31ecd2fc502a76b4d0c57416a13e0b79
28539	1f845d4792d2c66afdb27c08e71c9015	3db2a9a90e849aa9bfbc7a1a4a39526a	ceb5d50ceb3101586b05e28ffb623a88
28540	f36373359ed94bbaabfea8b902dc64e4	f9f31b8791568fb79bc3d3776557df77	7025e1a952b17e00d9d0ac34c9c53772
28541	cdc082272ad3dc0914a9b9e974db03c0	601e800a61141adbedcb23a4d0cec5b9	704c50df27a458e93b1718d59e63a7df
28542	0b2c1374673d1f0cd1eabbeb3c4f6cb2	878e915384644cf7930b26487eb6983a	c42f80e6b5d7ff37e3f19a6b7ecf67cb
28543	a6c3f65f31df6946e7aa9422193b0502	973355b9d0ed309e1f51531a9b69d710	21f690247b324084c1ef449b89d537b4
28544	fee130fce32a7379ca93e2239c94c68a	d2779c7139c1565024c85dd421ebc8a5	8e2390c337f583542c612c15c9469877
28545	fee130fce32a7379ca93e2239c94c68a	d2779c7139c1565024c85dd421ebc8a5	8e2390c337f583542c612c15c9469877
28546	1f7f2daca41db8d3a61c984040d503c1	8b71324cd0a4ba435b8564d0fa044c30	1833a8885678c864b1de537f50ad9a46
28547	1f7f2daca41db8d3a61c984040d503c1	8b71324cd0a4ba435b8564d0fa044c30	1833a8885678c864b1de537f50ad9a46
28548	225a1c5aad7bcf9b682bf6d4e7d1dfa3	4e6bd6b37096d7454a71f4d8f478d0bb	9ab4a491e510626f977d4cb7e377dca0
28549	225a1c5aad7bcf9b682bf6d4e7d1dfa3	4e6bd6b37096d7454a71f4d8f478d0bb	9ab4a491e510626f977d4cb7e377dca0
28550	225a1c5aad7bcf9b682bf6d4e7d1dfa3	4e6bd6b37096d7454a71f4d8f478d0bb	9ab4a491e510626f977d4cb7e377dca0
28551	225a1c5aad7bcf9b682bf6d4e7d1dfa3	4e6bd6b37096d7454a71f4d8f478d0bb	9ab4a491e510626f977d4cb7e377dca0
28552	225a1c5aad7bcf9b682bf6d4e7d1dfa3	4e6bd6b37096d7454a71f4d8f478d0bb	9ab4a491e510626f977d4cb7e377dca0
28553	0ec3ef54ddf3433ac312392ffdc2a89f	df68aec56aa6d117cf319ce6ccd3aa20	75a5cc9f14147c4978c8f52a5d0e5e7b
28554	0ec3ef54ddf3433ac312392ffdc2a89f	df68aec56aa6d117cf319ce6ccd3aa20	75a5cc9f14147c4978c8f52a5d0e5e7b
28555	0ec3ef54ddf3433ac312392ffdc2a89f	df68aec56aa6d117cf319ce6ccd3aa20	75a5cc9f14147c4978c8f52a5d0e5e7b
28556	f36c407eb641829fada51f5cd07d16fb	c26b20d8a1e3e98fa1593678b2ddfe9d	2ae2184309b435d65c2213261f07b66d
28557	d6110151a7b0b3ff8b42bb19da685a80	4847074b96c626eb225025f070a116ed	4728844ec24d091a0bfb68ead006f2bb
28558	a1b4a4bba62104bc798e753bbd26d304	558d5c9922be60bc193aa6d3d5ef3a4f	7807f07b71c228b0e87104774c3ca1c4
28559	60b3ca999895ba8fc5e0f0b21fe7cdf9	24df7c2ba3498f63573d6a10199cc6b3	8f0a4dbba0b5ee14c571a1b258d1730a
28560	0ee15c922d6b2a9d232fe9f05f4e8771	8a04ced5bb6f390d6188569981ba8e18	d3be20fb368a58c73d020f203c8a6e14
28561	0ee15c922d6b2a9d232fe9f05f4e8771	8a04ced5bb6f390d6188569981ba8e18	d3be20fb368a58c73d020f203c8a6e14
28562	0ee15c922d6b2a9d232fe9f05f4e8771	8a04ced5bb6f390d6188569981ba8e18	d3be20fb368a58c73d020f203c8a6e14
28563	083173b66e652179f58260499da69e82	a61cb9d1cfc488375579ea17ffb01576	c02231622b8618a5cae2700f09741894
28564	083173b66e652179f58260499da69e82	a61cb9d1cfc488375579ea17ffb01576	c02231622b8618a5cae2700f09741894
28565	61a518698433917d303cf27e488510f9	24c0dd746b0c4f765a2b29a2cf3e002d	87231418e37624dc164c42491108f4bf
28566	61a518698433917d303cf27e488510f9	24c0dd746b0c4f765a2b29a2cf3e002d	87231418e37624dc164c42491108f4bf
28567	61a518698433917d303cf27e488510f9	24c0dd746b0c4f765a2b29a2cf3e002d	87231418e37624dc164c42491108f4bf
28568	0bedb1036880f01ff2a7cdef1d4bd5f9	648e15d69393990a8fd7b0cd6764e959	96e3965610b8bab236f97583bcdb440f
28569	0bedb1036880f01ff2a7cdef1d4bd5f9	648e15d69393990a8fd7b0cd6764e959	96e3965610b8bab236f97583bcdb440f
28570	0bedb1036880f01ff2a7cdef1d4bd5f9	648e15d69393990a8fd7b0cd6764e959	96e3965610b8bab236f97583bcdb440f
28571	0bedb1036880f01ff2a7cdef1d4bd5f9	648e15d69393990a8fd7b0cd6764e959	96e3965610b8bab236f97583bcdb440f
28572	f6cae1fdddd53f64a58ae2e3626ec195	2372d3bec5d79b5e7f9a8a6f4eac491d	f46836a7f90bf3d5c3699698417fdef1
28573	f6cae1fdddd53f64a58ae2e3626ec195	2372d3bec5d79b5e7f9a8a6f4eac491d	f46836a7f90bf3d5c3699698417fdef1
28574	f6cae1fdddd53f64a58ae2e3626ec195	2372d3bec5d79b5e7f9a8a6f4eac491d	f46836a7f90bf3d5c3699698417fdef1
28575	5ae6d1641412b50a436163a1ebd8cbe7	f141997e1bf1515d2ce6f90942714d33	7ee732cb5dcaecd1f21b4fd980640f7e
28576	f6cae1fdddd53f64a58ae2e3626ec195	2372d3bec5d79b5e7f9a8a6f4eac491d	f46836a7f90bf3d5c3699698417fdef1
28577	0223feec2c0da063908c708362e21a6f	7f3a125cae4e44f950ef6c56ec9a948d	9b130e686560ac319a690c575c6ce4df
28578	0223feec2c0da063908c708362e21a6f	7f3a125cae4e44f950ef6c56ec9a948d	9b130e686560ac319a690c575c6ce4df
28579	0223feec2c0da063908c708362e21a6f	7f3a125cae4e44f950ef6c56ec9a948d	9b130e686560ac319a690c575c6ce4df
28580	0223feec2c0da063908c708362e21a6f	7f3a125cae4e44f950ef6c56ec9a948d	9b130e686560ac319a690c575c6ce4df
28581	0223feec2c0da063908c708362e21a6f	7f3a125cae4e44f950ef6c56ec9a948d	9b130e686560ac319a690c575c6ce4df
28582	0223feec2c0da063908c708362e21a6f	7f3a125cae4e44f950ef6c56ec9a948d	9b130e686560ac319a690c575c6ce4df
28583	0223feec2c0da063908c708362e21a6f	7f3a125cae4e44f950ef6c56ec9a948d	9b130e686560ac319a690c575c6ce4df
28584	ba36aec6b7f23e1e1cf80655d8a89c57	f3bcbe11f627ec694583bfd048cdf967	ca204f9ce93e8d32747d335145a93dc2
28585	ba36aec6b7f23e1e1cf80655d8a89c57	f3bcbe11f627ec694583bfd048cdf967	ca204f9ce93e8d32747d335145a93dc2
28586	ba36aec6b7f23e1e1cf80655d8a89c57	f3bcbe11f627ec694583bfd048cdf967	ca204f9ce93e8d32747d335145a93dc2
28587	ba36aec6b7f23e1e1cf80655d8a89c57	f3bcbe11f627ec694583bfd048cdf967	ca204f9ce93e8d32747d335145a93dc2
28588	ba36aec6b7f23e1e1cf80655d8a89c57	f3bcbe11f627ec694583bfd048cdf967	ca204f9ce93e8d32747d335145a93dc2
28589	2bb57cfa79343313913b42bb332c7d90	a8da8683c15694f7a82ec69f4ac4bc57	a102df7a6ee1ea2e7b59f5f794d4808e
28590	2bb57cfa79343313913b42bb332c7d90	a8da8683c15694f7a82ec69f4ac4bc57	a102df7a6ee1ea2e7b59f5f794d4808e
28591	2bb57cfa79343313913b42bb332c7d90	a8da8683c15694f7a82ec69f4ac4bc57	a102df7a6ee1ea2e7b59f5f794d4808e
28592	2bb57cfa79343313913b42bb332c7d90	a8da8683c15694f7a82ec69f4ac4bc57	a102df7a6ee1ea2e7b59f5f794d4808e
28593