# rank	legacy	wide	full
43377	ee5befc1c041c627c48db368b166f7d0	516179df3522c8f7866929a295482943	b92be1617dca7e5b571c218959dc8124
43378	ee5befc1c041c627c48db368b166f7d0	516179df3522c8f7866929a295482943	b92be1617dca7e5b571c218959dc8124
43379	ee5befc1c041c627c48db368b166f7d0	516179df3522c8f7866929a295482943	b92be1617dca7e5b571c218959dc8124
43380	ee5befc1c041c627c48db368b166f7d0	516179df3522c8f7866929a295482943	b92be1617dca7e5b571c218959dc8124
43381	2394c6668683f24817db414daa129e29	ea66072f784b01ffd1e1e8a43e08fa89	83517deaeeb817a5d7bc3a1c1b048594
43382	2394c6668683f24817db414daa129e29	ea66072f784b01ffd1e1e8a43e08fa89	83517deaeeb817a5d7bc3a1c1b048594
43383	2394c6668683f24817db414daa129e29	ea66072f784b01ffd1e1e8a43e08fa89	83517deaeeb817a5d7bc3a1c1b048594
43384	612a21552ebfd0e373e46f6c7bd43e4b	56d7042cb6564c09b1e88bf0ceead74b	6d7f3dea7db2f4f7dbaeb239a1f29ee1
43385	612a21552ebfd0e373e46f6c7bd43e4b	56d7042cb6564c09b1e88bf0ceead74b	6d7f3dea7db2f4f7dbaeb239a1f29ee1
43386	2394c6668683f24817db414daa129e29	ea66072f784b01ffd1e1e8a43e08fa89	83517deaeeb817a5d7bc3a1c1b048594
43387	2394c6668683f24817db414daa129e29	ea66072f784b01ffd1e1e8a43e08fa89	83517deaeeb817a5d7bc3a1c1b048594
43388	2641e70f4686169fb27f83563cd20a6a	d853628985bc83dc89ee6194ed64c29d	50bb067a7863e56fd9649cf04fd2cdca
43389	c87e622a1fa8f9da8875044d1fb2270a	18b537ded2b42f82f14b7aa26642e51a	150e5437c9e5670d8e9b1c150d675086
43390	c87e622a1fa8f9da8875044d1fb2270a	18b537ded2b42f82f14b7aa26642e51a	150e5437c9e5670d8e9b1c150d675086
43391	692f14e4d55b1e0772ad4bba684d9207	3e3c3b0e0f30d560ff1a513bf907e859	d154ed0976bee358e9c954275c7acc24
43392	fe3c5eba4eeb30b918f5996038fe6202	12b8a4f16cd079d1b20d6b5070667c63	407777a540de254a1f649f62bd43ad01
43393	af0cdd0720663b4391ef6ecf19f55e4c	c8a7c925c1e8aeb0fa1b54826a23e617	c0c6a35a8a537ae1170e83e241542e58
43394	af0cdd0720663b4391ef6ecf19f55e4c	c8a7c925c1e8aeb0fa1b54826a23e617	c0c6a35a8a537ae1170e83e241542e58
43395	af0cdd0720663b4391ef6ecf19f55e4c	c8a7c925c1e8aeb0fa1b54826a23e617	c0c6a35a8a537ae1170e83e241542e58
43396	af0cdd0720663b4391ef6ecf19f55e4c	c8a7c925c1e8aeb0fa1b54826a23e617	c0c6a35a8a537ae1170e83e241542e58
43397	af0cdd0720663b4391ef6ecf19f55e4c	c8a7c925c1e8aeb0fa1b54826a23e617	c0c6a35a8a537ae1170e83e241542e58
43398	325546f867027ea0f2b49243828be4b4	aabbee8c601e9a05ac6f185b7044a1ea	48bd842ced0701ce25e461a543e823f5
43399	325546f867027ea0f2b49243828be4b4	aabbee8c601e9a05ac6f185b7044a1ea	48bd842ced0701ce25e461a543e823f5
43400	325546f867027ea0f2b49243828be4b4	aabbee8c601e9a05ac6f185b7044a1ea	48bd842ced0701ce25e461a543e823f5
43401	ea49074d7195ea077f903c241f34d222	86a1acc0bb71f552232b4a58f3e1f829	8b870834985e2a95ef2b380d76f3ded6
43402	ea49074d7195ea077f903c241f34d222	86a1acc0bb71f552232b4a58f3e1f829	8b870834985e2a95ef2b380d76f3ded6
43403	ea49074d7195ea077f903c241f34d222	86a1acc0bb71f552232b4a58f3e1f829	8b870834985e2a95ef2b380d76f3ded6
43404	ea49074d7195ea077f903c241f34d222	86a1acc0bb71f552232b4a58f3e1f829	8b870834985e2a95ef2b380d76f3ded6
43405	c46af9dbf61b88ab0427fd1692ddd9e2	0ded81852218b16951bffdf156c09b11	e0486f54d3efbaaee621613bf86ed10d
43406	c46af9dbf61b88ab0427fd1692ddd9e2	0ded81852218b16951bffdf156c09b11	e0486f54d3efbaaee621613bf86ed10d
43407	c46af9dbf61b88ab0427fd1692ddd9e2	0ded81852218b16951bffdf156c09b11	e0486f54d3efbaaee621613bf86ed10d
43408	43ecc26f4d33d26b6fd25ae6a9e3af3a	224d2d4d7e7ec8f4e94231564b49ebfa	a8d614ef1aa5df0db593ded0ed98ca6d
43409	3d6a2ecbf5182a675e83fcb44daa710f	fbe6b5a51e10d1742001752270eeb490	260b28c48d1cb42782e8fc15a2aeeea8
43410	e6848774dfc571046510bf0766bc6dbd	5f09c3e054e0563e9823faba920e9683	fe2f0d785206ad899ecf174949d61992
43411	e6848774dfc571046510bf0766bc6dbd	5f09c3e054e0563e9823faba920e9683	fe2f0d785206ad899ecf174949d61992
43412	e6848774dfc571046510bf0766bc6dbd	5f09c3e054e0563e9823faba920e9683	fe2f0d785206ad899ecf174949d61992
43413	e6848774dfc571046510bf0766bc6dbd	5f09c3e054e0563e9823faba920e9683	fe2f0d785206ad899ecf174949d61992
43414	e6848774dfc571046510bf0766bc6dbd	5f09c3e054e0563e9823faba920e9683	fe2f0d785206ad899ecf174949d61992
43415	e6848774dfc571046510bf0766bc6dbd	5f09c3e054e0563e9823faba920e9683	fe2f0d785206ad899ecf174949d61992
43416	e6848774dfc571046510bf0766bc6dbd	5f09c3e054e0563e9823faba920e9683	fe2f0d785206ad899ecf174949d61992
43417	c452118a278ba8e9738a83ec9ea6e1f3	5d5f4d9e9b8e4e869a2ad2cefe09bb27	62c73a1199e697fe1d91001a72a54fde
43418	c452118a278ba8e9738a83ec9ea6e1f3	5d5f4d9e9b8e4e869a2ad2cefe09bb27	62c73a1199e697fe1d91001a72a54fde
43419	c452118a278ba8e9738a83ec9ea6e1f3	5d5f4d9e9b8e4e869a2ad2cefe09bb27	62c73a1199e697fe1d91001a72a54fde
43420	c452118a278ba8e9738a83ec9ea6e1f3	5d5f4d9e9b8e4e869a2ad2cefe09bb27	62c73a1199e697fe1d91001a72a54fde
43421	c452118a278ba8e9738a83ec9ea6e1f3	5d5f4d9e9b8e4e869a2ad2cefe09bb27	62c73a1199e697fe1d91001a72a54fde
43422	68cd76c4b3a9025524f1d51113a14029	667ee0518fc3f1c3451f640423173bba	85045773833667d0ee38ba6e23b2aa3c
43423	68cd76c4b3a9025524f1d51113a14029	667ee0518fc3f1c3451f640423173bba	85045773833667d0ee38ba6e23b2aa3c
43424	68cd76c4b3a9025524f1d51113a14029	667ee0518fc3f1c3451f640423173bba	85045773833667d0ee38ba6e23b2aa3c
43425	68cd76c4b3a9025524f1d51113a14029	667ee0518fc3f1c3451f640423173bba	85045773833667d0ee38ba6e23b2aa3c
43426	68cd76c4b3a9025524f1d51113a14029	667ee0518fc3f1c3451f640423173bba	85045773833667d0ee38ba6e23b2aa3c
43427	68cd76c4b3a9025524f1d51113a14029	667ee0518fc3f1c3451f640423173bba	85045773833667d0ee38ba6e23b2aa3c
43428	68cd76c4b3a9025524f1d51113a14029	667ee0518fc3f1c3451f640423173bba	85045773833667d0ee38ba6e23b2aa3c
43429	9bae45efe937fdaa4f01332613f88210	b1261b2cb27ff78cf5fdcd2bb9d66cf9	6c9a235044e770f862b7002b9d9ad276
43430	9bae45efe937fdaa4f01332613f88210	b1261b2cb27ff78cf5fdcd2bb9d66cf9	6c9a235044e770f862b7002b9d9ad276
43431	9bae45efe937fdaa4f01332613f88210	b1261b2cb27ff78cf5fdcd2bb9d66cf9	6c9a235044e770f862b7002b9d9ad276
43432	9bae45efe937fdaa4f01332613f88210	b1261b2cb27ff78cf5fdcd2bb9d66cf9	6c9a235044e770f862b7002b9d9ad276
43433	9bae45efe937fdaa4f01332613f88210	b1261b2cb27ff78cf5fdcd2bb9d66cf9	6c9a235044e770f862b7002b9d9ad276
43434	752e21c1946b25ee2c90c58a48ad1e07	17e01ae2feaa2d6763f8b730fae6e6fd	f10dd43c8b8145d5871a716c2ed0a0eb
43435	752e21c1946b25ee2c90c58a48ad1e07	17e01ae2feaa2d6763f8b730fae6e6fd	f10dd43c8b8145d5871a716c2ed0a0eb
43436	752e21c1946b25ee2c90c58a48ad1e07	17e01ae2feaa2d6763f8b730fae6e6fd	f10dd43c8b8145d5871a716c2ed0a0eb
43437	752e21c1946b25ee2c90c58a48ad1e07	17e01ae2feaa2d6763f8b730fae6e6fd	f10dd43c8b8145d5871a716c2ed0a0eb
43438	752e21c1946b25ee2c90c58a48ad1e07	17e01ae2feaa2d6763f8b730fae6e6fd	f10dd43c8b8145d5871a716c2ed0a0eb
43439	9bb9f7dc8736e37add240e5a8a58869a	c12b3e757741e80fd1da5f7aaa442fba	886a2b1a9db19e996cc9071035ae05fa
43440	9bb9f7dc8736e37add240e5a8a58869a	c12b3e757741e80fd1da5f7aaa442fba	886a2b1a9db19e996cc9071035ae05fa
43441	9bb9f7dc8736e37add240e5a8a58869a	c12b3e757741e80fd1da5f7aaa442fba	886a2b1a9db19e996cc9071035ae05fa
43442	b2eabd35e5fe4cda388968bd4b914ea6	e913df29b71d8ffc1e06fd418bba4f4a	c103e348469ffd5d03e6a829b9a0a363
43443	b2eabd35e5fe4cda388968bd4b914ea6	e913df29b71d8ffc1e06fd418bba4f4a	c103e348469ffd5d03e6a829b9a0a363
43444	bdb41448d7fc0e6aefaf9ac5fa66f7ed	640c750e2d1854057cee94f5fcdca485	cb1a2609bf950421acce7fa57e473141
43445	3d63979f2170a50f4582d0d9f9de5a64	66f24746511a8dd49b3e1632e615e0b7	efa5beb23fa54354b0c7631f6f288a41
43446	d9715750f7fa0cfa26788a6a58dec9b7	4cc079f581e6b5581329a935f4ddb96c	722bb68ba97b673221cc0fff2d928086
43447	d9715750f7fa0cfa26788a6a58dec9b7	4cc079f581e6b5581329a935f4ddb96c	722bb68ba97b673221cc0fff2d928086
43448	d9715750f7fa0cfa26788a6a58dec9b7	4cc079f581e6b5581329a935f4ddb96c	722bb68ba97b673221cc0fff2d928086
43449	d9715750f7fa0cfa26788a6a58dec9b7	4cc079f581e6b5581329a935f4ddb96c	722bb68ba97b673221cc0fff2d928086
43450	d9715750f7fa0cfa26788a6a58dec9b7	4cc079f581e6b5581329a935f4ddb96c	722bb68ba97b673221cc0fff2d928086
43451	277ab64f064b9c27644434aca7708fb5	ca2c2dd91cbbaf0aca7c2431ce2d3e5c	45c2ace0a27bb99a04e74bbbf1890f30
43452	277ab64f064b9c27644434aca7708fb5	ca2c2dd91cbbaf0aca7c2431ce2d3e5c	45c2ace0a27bb99a04e74bbbf1890f30
43453	277ab64f064b9c27644434aca7708fb5	ca2c2dd91cbbaf0aca7c2431ce2d3e5c	45c2ace0a27bb99a04e74bbbf1890f30
43454	277ab64f064b9c27644434aca7708fb5	ca2c2dd91cbbaf0aca7c2431ce2d3e5c	45c2ace0a27bb99a04e74bbbf1890f30
43455	277ab64f064b9c27644434aca7708fb5	ca2c2dd91cbbaf0aca7c2431ce2d3e5c	45c2ace0a27bb99a04e74bbbf1890f30
43456	277ab64f064b9c27644434aca7708fb5	ca2c2dd91cbbaf0aca7c2431ce2d3e5c	45c2ace0a27bb99a04e74bbbf1890f30
43457	277ab64f064b9c27644434aca7708fb5	ca2c2dd91cbbaf0aca7c2431ce2d3e5c	45c2ace0a27bb99a04e74bbbf1890f30
43458	7f6fd18f4bc549e1c6caedef7cee6db8	3b1dba49b4f933598bce6ad6064a0838	8be8030d7dfaca2c87d465ae6719f69a
43459	7f6fd18f4bc549e1c6caedef7cee6db8	3b1dba49b4f933598bce6ad6064a0838	8be8030d7dfaca2c87d465ae6719f69a
43460	7f6fd18f4bc549e1c6caedef7cee6db8	3b1dba49b4f933598bce6ad6064a0838	8be8030d7dfaca2c87d465ae6719f69a
43461	40f8cce11e14e7dda660ca304f673555	9239feac7ec20dc504296af71c0c1bc5	4811d4c73d3f917cc9a2723e892b760d
43462	ef9ea97b3b1c7269199949a7b37efffa	2c794695eaac01e817eff83cc8d65d74	ee7ba1f070aa3c638c04b1dc8ae71a96
43463	7f6fd18f4bc549e1c6caedef7cee6db8	3b1dba49b4f933598bce6ad6064a0838	8be8030d7dfaca2c87d465ae6719f69a
43464	7f6fd18f4bc549e1c6caedef7cee6db8	3b1dba49b4f933598bce6ad6064a0838	8be8030d7dfaca2c87d465ae6719f69a
43465	7f6fd18f4bc549e1c6caedef7cee6db8	3b1dba49b4f933598bce6ad6064a0838	8be8030d7dfaca2c87d465ae6719f69a
43466	ef9ea97b3b1c7269199949a7b37efffa	2c794695eaac01e817eff83cc8d65d74	ee7ba1f070aa3c638c04b1dc8ae71a96
43467	ef9ea97b3b1c7269199949a7b37efffa	2c794695eaac01e817eff83cc8d65d74	ee7ba1f070aa3c638c04b1dc8ae71a96
43468	daa2e53778bb985313519d7c0e198b7f	d1fa973153eb1f8cc7308710c515d718	1990b5afb3eaf6928f4101d87e3eaaa9
43469	daa2e53778bb985313519d7c0e198b7f	d1fa973153eb1f8cc7308710c515d718	1990b5afb3eaf6928f4101d87e3eaaa9
43470	daa2e53778bb985313519d7c0e198b7f	d1fa973153eb1f8cc7308710c515d718	1990b5afb3eaf6928f4101d87e3eaaa9
43471	daa2e53778bb985313519d7c0e198b7f	d1fa973153eb1f8cc7308710c515d718	1990b5afb3eaf6928f4101d87e3eaaa9
43472	daa2e53778bb985313519d7c0e198b7f	d1fa973153eb1f8cc7308710c515d718	1990b5afb3eaf6928f4101d87e3eaaa9
43473	daa2e53778bb985313519d7c0e198b7f	d1fa973153eb1f8cc7308710c515d718	1990b5afb3eaf6928f4101d87e3eaaa9
43474	daa2e53778bb985313519d7c0e198b7f	d1fa973153eb1f8cc7308710c515d718	1990b5afb3eaf6928f4101d87e3eaaa9
43475	9cb09ab3c3f4c6259205b19b7195d09f	e2494785e48da5b83af5c9aa024f1895	fb401d355c16b03923af068af0e5ed23
43476	9cb09ab3c3f4c6259205b19b7195d09f	e2494785e48da5b83af5c9aa024f1895	fb401d355c16b03923af068af0e5ed23
43477	9cb09ab3c3f4c6259205b19b7195d09f	e2494785e48da5b83af5c9aa024f1895	fb401d355c16b03923af068af0e5ed23
43478	9cb09ab3c3f4c6259205b19b7195d09f	e2494785e48da5b83af5c9aa024f1895	fb401d355c16b03923af068af0e5ed23
43479	9cb09ab3c3f4c6259205b19b7195d09f	e2494785e48da5b83af5c9aa024f1895	fb401d355c16b03923af068af0e5ed23
43480	bbbd5115304a0b86f2791d72b1a0340f	c6c5b3620020e05319a670084669fa09	68292c36fa6929c13dab3768a6c1f41c
43481	bbbd5115304a0b86f2791d72b1a0340f	c6c5b3620020e05319a670084669fa09	68292c36fa6929c13dab3768a6c1f41c
43482	bbbd5115304a0b86f2791d72b1a0340f	c6c5b3620020e05319a670084669fa09	68292c36fa6929c13dab3768a6c1f41c
43483	bbbd5115304a0b86f2791d72b1a0340f	c6c5b3620020e05319a670084669fa09	68292c36fa6929c13dab3768a6c1f41c
43484	bbbd5115304a0b86f2791d72b1a0340f	c6c5b3620020e05319a670084669fa09	68292c36fa6929c13dab3768a6c1f41c
43485	bbbd5115304a0b86f2791d72b1a0340f	c6c5b3620020e05319a670084669fa09	68292c36fa6929c13dab3768a6c1f41c
43486	bbbd5115304a0b86f2791d72b1a0340f	c6c5b3620020e05319a670084669fa09	68292c36fa6929c13dab3768a6c1f41c
43487	bbbd5115304a0b86f2791d72b1a0340f	c6c5b3620020e05319a670084669fa09	68292c36fa6929c13dab3768a6c1f41c
43488	bbbd5115304a0b86f2791d72b1a0340f	c6c5b3620020e05319a670084669fa09	68292c36fa6929c13dab3768a6c1f41c
43489	bbbd5115304a0b86f2791d72b1a0340f	c6c5b3620020e05319a670084669fa09	68292c36fa6929c13dab3768a6c1f41c
43490	bbbd5115304a0b86f2791d72b1a0340f	c6c5b3620020e05319a670084669fa09	68292c36fa6929c13dab3768a6c1f41c
43491	bbbd5115304a0b86f2791d72b1a0340f	c6c5b3620020e05319a670084669fa09	68292c36fa6929c13dab3768a6c1f41c
43492	bbbd5115304a0b86f2791d72b1a0340f	c6c5b3620020e05319a670084669fa09	68292c36fa6929c13dab3768a6c1f41c
43493	bbbd5115304a0b86f2791d72b1a0340f	c6c5b3620020e05319a670084669fa09	68292c36fa6929c13dab3768a6c1f41c
43494	bbbd5115304a0b86f2791d72b1a0340f	c6c5b3620020e05319a670084669fa09	68292c36fa6929c13dab3768a6c1f41c
43495	bbbd5115304a0b86f2791d72b1a0340f	c6c5b3620020e05319a670084669fa09	68292c36fa6929c13dab3768a6c1f41c
43496	bbbd5115304a0b86f2791d72b1a0340f	c6c5b3620020e05319a670084669fa09	68292c36fa6929c13dab3768a6c1f41c
43497	d70a77046b04a56506d0c5b1a07d89fc	7453129bfd8403eae0bf0af58a839a8c	7f734f583578314d8f3ee39f410ffb69
43498	d70a77046b04a56506d0c5b1a07d89fc	7453129bfd8403eae0bf0af58a839a8c	7f734f583578314d8f3ee39f410ffb69
43499	d70a77046b04a56506d0c5b1a07d89fc	7453129bfd8403eae0bf0af58a839a8c	7f734f583578314d8f3ee39f410ffb69
43500	d70a77046b04a56506d0c5b1a07d89fc	7453129bfd8403eae0bf0af58a839a8c	7f734f583578314d8f3ee39f410ffb69
43501	d70a77046b04a56506d0c5b1a07d89fc	7453129bfd8403eae0bf0af58a839a8c	7f734f583578314d8f3ee39f410ffb69
43502	d70a77046b04a56506d0c5b1a07d89fc	7453129bfd8403eae0bf0af58a839a8c	7f734f583578314d8f3ee39f410ffb69
43503	d70a77046b04a56506d0c5b1a07d89fc	7453129bfd8403eae0bf0af58a839a8c	7f734f583578314d8f3ee39f410ffb69
43504	32a7f4fb8abb0065565bf9d9cb06d952	36f8c47aadd06d017cb9cec6306c236a	4600272d068ff94cdd96ef2e1b7cc1eb
43505	32a7f4fb8abb0065565bf9d9cb06d952	36f8c47aadd06d017cb9cec6306c236a	4600272d068ff94cdd96ef2e1b7cc1eb
43506	32a7f4fb8abb0065565bf9d9cb06d952	36f8c47aadd06d017cb9cec6306c236a	4600272d068ff94cdd96ef2e1b7cc1eb
43507	6bf0656df894832f5616f14cbfe30e2e	49a2ec309f2caded8dc9f03e7f5a4a90	c5d42dfc7e340e44528c26618f7d4017
43508	6bf0656df894832f5616f14cbfe30e2e	49a2ec309f2caded8dc9f03e7f5a4a90	c5d42dfc7e340e44528c26618f7d4017
43509	5e2593ee8631bff5f8c45566c31a90cb	14aa93be8e95db39db982b01c6b7d67c	ed909e6ae7b6a27c15c0ad22c3ebbb3e
43510	5e2593ee8631bff5f8c45566c31a90cb	14aa93be8e95db39db982b01c6b7d67c	ed909e6ae7b6a27c15c0ad22c3ebbb3e
43511	5e2593ee8631bff5f8c45566c31a90cb	14aa93be8e95db39db982b01c6b7d67c	ed909e6ae7b6a27c15c0ad22c3ebbb3e
43512	12f3aec21ac93f23b0adef719342a615	803a08c80243a21b1c2fb82ce2c9628c	ffb93e578bb014bdc987794218d4e982
43513	8c61780d343b27ee0788ed345ce578df	e74bc58181f1d4f1c1e75a50bb340de3	662214011482366d70b9e247532c7435
43514	f83d5f73341e2edf577b3e47a8f3e93d	1a955fb23220938422a082df0c2b5e5f	a046c691c17c693c1a6825670cd8ec0e
43515	f83d5f73341e2edf577b3e47a8f3e93d	1a955fb23220938422a082df0c2b5e5f	a046c691c17c693c1a6825670cd8ec0e
43516	5e2593ee8631bff5f8c45566c31a90cb	14aa93be8e95db39db982b01c6b7d67c	ed909e6ae7b6a27c15c0ad22c3ebbb3e
43517	5e2593ee8631bff5f8c45566c31a90cb	14aa93be8e95db39db982b01c6b7d67c	ed909e6ae7b6a27c15c0ad22c3ebbb3e
43518	5e2593ee8631bff5f8c45566c31a90cb	14aa93be8e95db39db982b01c6b7d67c	ed909e6ae7b6a27c15c0ad22c3ebbb3e
43519	5e2593ee8631bff5f8c45566c31a90cb	14aa93be8e95db39db982b01c6b7d67c	ed909e6ae7b6a27c15c0ad22c3ebbb3e
43520	5e2593ee8631bff5f8c45566c31a90cb	14aa93be8e95db39db982b01c6b7d67c	ed909e6ae7b6a27c15c0ad22c3ebbb3e
43521	2cc0c6a348aa21bd4b9e9f2cf2550cfa	f557eb225b9a14e775631eae38761db5	112c577ba4b802c33fdb231da38ea948
43522	2cc0c6a348aa21bd4b9e9f2cf2550cfa	f557eb225b9a14e775631eae38761db5	112c577ba4b802c33fdb231da38ea948
43523	2cc0c6a348aa21bd4b9e9f2cf2550cfa	f557eb225b9a14e775631eae38761db5	112c577ba4b802c33fdb231da38ea948
43524	2cc0c6a348aa21bd4b9e9f2cf2550cfa	f557eb225b9a14e775631eae38761db5	112c577ba4b802c33fdb231da38ea948
43525	2cc0c6a348aa21bd4b9e9f2cf2550cfa	f557eb225b9a14e775631eae38761db5	112c577ba4b802c33fdb231da38ea948
43526	2cc0c6a348aa21bd4b9e9f2cf2550cfa	f557eb225b9a14e775631eae38761db5	112c577ba4b802c33fdb231da38ea948
43527	2cc0c6a348aa21bd4b9e9f2cf2550cfa	f557eb225b9a14e775631eae38761db5	112c577ba4b802c33fdb231da38ea948
43528	6ef971c4d35b78c3659e69494b4149b5	826aa95bf41bc5febd3ed483b45bfffe	11cd624841b0f453743fa31cce82d1b3
43529	6ef971c4d35b78c3659e69494b4149b5	826aa95bf41bc5febd3ed483b45bfffe	11cd624841b0f453743fa31cce82d1b3
43530	6ef971c4d35b78c3659e69494b4149b5	826aa95bf41bc5febd3ed483b45bfffe	11cd624841b0f453743fa31cce82d1b3
43531	4e8842c5590f943cac3d021eb31346a4	914cf7139c27a98970e188950a8ffdfa	2c02bc1bbe227064faa40bcd15f646b8
43532	6aaeb9fdcf69819e6c9fdcb8cee2ccd6	b97656362e2a04631331a37b1fd59d37	fd6ddd79fced4a6dbc2ee0207006e291
43533	6ef971c4d35b78c3659e69494b4149b5	826aa95bf41bc5febd3ed483b45bfffe	11cd624841b0f453743fa31cce82d1b3
43534	6ef971c4d35b78c3659e69494b4149b5	826aa95bf41bc5febd3ed483b45bfffe	11cd624841b0f453743fa31cce82d1b3
43535	6ef971c4d35b78c3659e69494b4149b5	826aa95bf41bc5febd3ed483b45bfffe	11cd624841b0f453743fa31cce82d1b3
43536	6ef971c4d35b78c3659e69494b4149b5	826aa95bf41bc5febd3ed483b45bfffe	11cd624841b0f453743fa31cce82d1b3
43537	6ef971c4d35b78c3659e69494b4149b5	826aa95bf41bc5febd3ed483b45bfffe	11cd624841b0f453743fa31cce82d1b3
43538	29fdf3be1b622e1c025aa878a1f16824	5f92083053df7cb59ac1c8356c464549	4c5a117827a83708c39ea208e327cf82
43539	29fdf3be1b622e1c025aa878a1f16824	5f92083053df7cb59ac1c8356c464549	4c5a117827a83708c39ea208e327cf82
43540	29fdf3be1b622e1c025aa878a1f16824	5f92083053df7cb59ac1c8356c464549	4c5a117827a83708c39ea208e327cf82
43541	29fdf3be1b622e1c025aa878a1f16824	5f92083053df7cb59ac1c8356c464549	4c5a117827a83708c39ea208e327cf82
43542	29fdf3be1b622e1c025aa878a1f16824	5f92083053df7cb59ac1c8356c464549	4c5a117827a83708c39ea208e327cf82
43543	29fdf3be1b622e1c025aa878a1f16824	5f92083053df7cb59ac1c8356c464549	4c5a117827a83708c39ea208e327cf82
43544	29fdf3be1b622e1c025aa878a1f16824	5f92083053df7cb59ac1c8356c464549	4c5a117827a83708c39ea208e327cf82
43545	d744378293aa378499407132b5774e86	b27449f952d0f1a42e4e87933a3a0143	15f22e356bb98bca21cba7dc27993bbc
43546	d744378293aa378499407132b5774e86	b27449f952d0f1a42e4e87933a3a0143	15f22e356bb98bca21cba7dc27993bbc
43547	d744378293aa378499407132b5774e86	b27449f952d0f1a42e4e87933a3a0143	15f22e356bb98bca21cba7dc27993bbc
43548	d744378293aa378499407132b5774e86	b27449f952d0f1a42e4e87933a3a0143	15f22e356bb98bca21cba7dc27993bbc
43549	d744378293aa378499407132b5774e86	b27449f952d0f1a42e4e87933a3a0143	15f22e356bb98bca21cba7dc27993bbc
43550	0f00a656a3e8f77072bf7c462ddfd3e5	8310050f86166ebbe17346c1f7ac937a	a826049240b0e964e43ddc15a25cd402
43551	0f00a656a3e8f77072bf7c462ddfd3e5	8310050f86166ebbe17346c1f7ac937a	a826049240b0e964e43ddc15a25cd402
43552	0f00a656a3e8f77072bf7c462ddfd3e5	8310050f86166ebbe17346c1f7ac937a	a826049240b0e964e43ddc15a25cd402
43553	0d6871613c861b05b69a31ba51e942a3	1253d5285ef483a3ea588d2fd6d73824	7da599f52f3820d9ef0571a85f278444
43554	e67800cd56c32471b77215b912c9654c	86a994b4719a9ec70498da9e065fcb2b	b1d3a3c5a219adc7724937f07a1eaa04
43555	0f00a656a3e8f77072bf7c462ddfd3e5	8310050f86166ebbe17346c1f7ac937a	a826049240b0e964e43ddc15a25cd402
43556	0f00a656a3e8f77072bf7c462ddfd3e5	8310050f86166ebbe17346c1f7ac937a	a826049240b0e964e43ddc15a25cd402
43557	bc5fa9e0cc88042f1e7115e70f7c9f56	9fbb78fed5b6cda81fd2399f951c0b08	6a6727daf775c282210db7d8e8ef7159
43558	bc5fa9e0cc88042f1e7115e70f7c9f56	9fbb78fed5b6cda81fd2399f951c0b08	6a6727daf775c282210db7d8e8ef7159
43559	bc5fa9e0cc88042f1e7115e70f7c9f56	9fbb78fed5b6cda81fd2399f951c0b08	6a6727daf775c282210db7d8e8ef7159
43560	bc5fa9e0cc88042f1e7115e70f7c9f56	9fbb78fed5b6cda81fd2399f951c0b08	6a6727daf775c282210db7d8e8ef7159
43561	bc5fa9e0cc88042f1e7115e70f7c9f56	9fbb78fed5b6cda81fd2399f951c0b08	6a6727daf775c282210db7d8e8ef7159
43562	626878fec1fc82558166ed21a1ed5f13	a16435d7df6d4ed46bdbca4931d1693d	d9eb7f952d72e21ebb4aa53c5a080df5
43563	67692b60b3096f87980042a28207301f	a0d14d26c112b5cca052808ed127e8b9	23693e436c425cb0ddadf16d06cd1625
43564	f1042361702f073483d078194830baea	769ca1da36ac900a19e2973a07921a35	d9c7d22034e75f298624742124fb2fdf
43565	67692b60b3096f87980042a28207301f	a0d14d26c112b5cca052808ed127e8b9	23693e436c425cb0ddadf16d06cd1625
43566	67692b60b3096f87980042a28207301f	a0d14d26c112b5cca052808ed127e8b9	23693e436c425cb0ddadf16d06cd1625
43567	655b46f174b45d74d3e22b2bad696bf2	4e4b07f89b8bf2255be831b58565c76d	50c7733f41f9596b7183fff68ffbd163
43568	655b46f174b45d74d3e22b2bad696bf2	4e4b07f89b8bf2255be831b58565c76d	50c7733f41f9596b7183fff68ffbd163
43569	655b46f174b45d74d3e22b2bad696bf2	4e4b07f89b8bf2255be831b58565c76d	50c7733f41f9596b7183fff68ffbd163
43570	655b46f174b45d74d3e22b2bad696bf2	4e4b07f89b8bf2255be831b58565c76d	50c7733f41f9596b7183fff68ffbd163
43571	655b46f174b45d74d3e22b2bad696bf2	4e4b07f89b8bf2255be831b58565c76d	50c7733f41f9596b7183fff68ffbd163
43572	655b46f174b45d74d3e22b2bad696bf2	4e4b07f89b8bf2255be831b58565c76d	50c7733f41f9596b7183fff68ffbd163
43573	655b46f174b45d74d3e22b2bad696bf2	4e4b07f89b8bf2255be831b58565c76d	50c7733f41f9596b7183fff68ffbd163
43574	4e60f72478d1077e3e2b71e510c85999	52ee26dcb568faae0316461c1e0ffff5	dedf120a16f89ec03f041cb80ee08f77
43575	4e60f72478d1077e3e2b71e510c85999	52ee26dcb568faae0316461c1e0ffff5	dedf120a16f89ec03f041cb80ee08f77
43576	e3b8ca796ddc1b1dc5c8d50a8da29ba3	fcb91cf3f4fe3f5f9c0b810edb29208b	7a082c1cd649c9204f10bcef60711565
43577	4e60f72478d1077e3e2b71e510c85999	52ee26dcb568faae0316461c1e0ffff5	dedf120a16f89ec03f041cb80ee08f77
43578	4e60f72478d1077e3e2b71e510c85999	52ee26dcb568faae0316461c1e0ffff5	dedf120a16f89ec03f041cb80ee08f77
43579	c8a4f78e758a5e1111e6f742eb172999	e1c1486b76a90d5020d169507c6e5887	147bb6eee71602c29095831aabf804cd
43580	c8a4f78e758a5e1111e6f742eb172999	e1c1486b76a90d5020d169507c6e5887	147bb6eee71602c29095831aabf804cd
43581	c8a4f78e758a5e1111e6f742eb172999	e1c1486b76a90d5020d169507c6e5887	147bb6eee71602c29095831aabf804cd
43582	c8a4f78e758a5e1111e6f742eb172999	e1c1486b76a90d5020d169507c6e5887	147bb6eee71602c29095831aabf804cd
43583	c8a4f78e758a5e1111e6f742eb172999	e1c1486b76a90d5020d169507c6e5887	147bb6eee71602c29095831aabf804cd
43584	9c254766135a0f3f74923486dcf975b7	2e0b5ca3b8db147ef483d0d4fb5de51b	32d22d39fb638a3845ae91e0baba8a48
43585	9c254766135a0f3f74923486dcf975b7	2e0b5ca3b8db147ef483d0d4fb5de51b	32d22d39fb638a3845ae91e0baba8a48
43586	86d11a708b4f6facbb80401f324e5a81	26600eb5823f1df556ddaac875728c33	e0466e1d24e9fc5333c14299008fa145
43587	86d11a708b4f6facbb80401f324e5a81	26600eb5823f1df556ddaac875728c33	e0466e1d24e9fc5333c14299008fa145
43588	86d11a708b4f6facbb80401f324e5a81	26600eb5823f1df556ddaac875728c33	e0466e1d24e9fc5333c14299008fa145
43589	97e3af012cc708eea5cdce1c52fef95f	026dccd9860be16a4df4ba904f1dd47c	70066401cb85c4140d30063fb9db5e02
43590	86d11a708b4f6facbb80401f324e5a81	26600eb5823f1df556ddaac875728c33	e0466e1d24e9fc5333c14299008fa145
43591	66e0bda1a485d3cd7a00e183d941950f	ec91750a00a84c91c5fbe98616d8eee6	81d2b8f5bfdf0daa40d616db52d92771
43592	66e0bda1a485d3cd7a00e183d941950f	ec91750a00a84c91c5fbe98616d8eee6	81d2b8f5bfdf0daa40d616db52d92771
43593	66e0bda1a485d3cd7a00e183d941950f	ec91750a00a84c91c5fbe98616d8eee6	81d2b8f5bfdf0daa40d616db52d92771
43594	66e0bda1a485d3cd7a00e183d941950f	ec91750a00a84c91c5fbe98616d8eee6	81d2b8f5bfdf0daa40d616db52d92771
43595	66e0bda1a485d3cd7a00e183d941950f	ec91750a00a84c91c5fbe98616d8eee6	81d2b8f5bfdf0daa40d616db52d92771
43596	66e0bda1a485d3cd7a00e183d941950f	ec91750a00a84c91c5fbe98616d8eee6	81d2b8f5bfdf0daa40d616db52d92771
43597	66e0bda1a485d3cd7a00e183d941950f	ec91750a00a84c91c5fbe98616d8eee6	81d2b8f5bfdf0daa40d616db52d92771
43598	34a85ef42ec30d80a2dd206774b402d4	a783bd546348c1958385aa3832263961	03474373a1a27dd5c2ef641435d50a5a
43599	34a85ef42ec30d80a2dd206774b402d4	a783bd546348c1958385aa3832263961	03474373a1a27dd5c2ef641435d50a5a
43600	34a85ef42ec30d80a2dd206774b402d4	a783bd546348c1958385aa3832263961	03474373a1a27dd5c2ef641435d50a5a
43601	34a85ef42ec30d80a2dd206774b402d4	a783bd546348c1958385aa3832263961	03474373a1a27dd5c2ef641435d50a5a
43602	34a85ef42ec30d80a2dd206774b402d4	a783bd546348c1958385aa3832263961	03474373a1a27dd5c2ef641435d50a5a
43603	b24626f81a63bc15a66e3c46800ef05c	8a7a355e56d803929d8fdc401f8c90c6	aba7475931483846e0f610b39cd4e291
43604	b24626f81a63bc15a66e3c46800ef05c	8a7a355e56d803929d8fdc401f8c90c6	aba7475931483846e0f610b39cd4e291
43605	b24626f81a63bc15a66e3c46800ef05c	8a7a355e56d803929d8fdc401f8c90c6	aba7475931483846e0f610b39cd4e291
43606	b24626f81a63bc15a66e3c46800ef05c	8a7a355e56d803929d8fdc401f8c90c6	aba7475931483846e0f610b39cd4e291
43607	b24626f81a63bc15a66e3c46800ef05c	8a7a355e56d803929d8fdc401f8c90c6	aba7475931483846e0f610b39cd4e291
43608	ed6beabdab2e86e2082fb4d6ea104499	2a674c5bc7ba51709f76809d655ff4aa	05d54a30c49cb3eb5140150e43f308eb
43609	ed6beabdab2e86e2082fb4d6ea104499	2a674c5bc7ba51709f76809d655ff4aa	05d54a30c49cb3eb5140150e43f308eb
43610	ed6beabdab2e86e2082fb4d6ea104499	2a674c5bc7ba51709f76809d655ff4aa	05d54a30c49cb3eb5140150e43f308eb
43611	ed6beabdab2e86e2082fb4d6ea104499	2a674c5bc7ba51709f76809d655ff4aa	05d54a30c49cb3eb5140150e43f308eb
43612	ed6beabdab2e86e2082fb4d6ea104499	2a674c5bc7ba51709f76809d655ff4aa	05d54a30c49cb3eb5140150e43f308eb
43613	ed6beabdab2e86e2082fb4d6ea104499	2a674c5bc7ba51709f76809d655ff4aa	05d54a30c49cb3eb5140150e43f308eb
43614	ed6beabdab2e86e2082fb4d6ea104499	2a674c5bc7ba51709f76809d655ff4aa	05d54a30c49cb3eb5140150e43f308eb
43615	ed6beabdab2e86e2082fb4d6ea104499	2a674c5bc7ba51709f76809d655ff4aa	05d54a30c49cb3eb5140150e43f308eb
43616	ed6beabdab2e86e2082fb4d6ea104499	2a674c5bc7ba51709f76809d655ff4aa	05d54a30c49cb3eb5140150e43f308eb
43617	ed6beabdab2e86e2082fb4d6ea104499	2a674c5bc7ba51709f76809d655ff4aa	05d54a30c49cb3eb5140150e43f308eb
43618	ed6beabdab2e86e2082fb4d6ea104499	2a674c5bc7ba51709f76809d655ff4aa	05d54a30c49cb3eb5140150e43f308eb
43619	ed6beabdab2e86e2082fb4d6ea104499	2a674c5bc7ba51709f76809d655ff4aa	05d54a30c49cb3eb5140150e43f308eb
43620	ab80ac932fb3caefd1d91205b936eee2	aeb74a4f04606f788b4a07b559194df2	02d9a41e4bd6e564d576077be69af73c
43621	ab80ac932fb3caefd1d91205b936eee2	aeb74a4f04606f788b4a07b559194df2	02d9a41e4bd6e564d576077be69af73c
43622	ab80ac932fb3caefd1d91205b936eee2	aeb74a4f04606f788b4a07b559194df2	02d9a41e4bd6e564d576077be69af73c
43623	ab80ac932fb3caefd1d91205b936eee2	aeb74a4f04606f788b4a07b559194df2	02d9a41e4bd6e564d576077be69af73c
43624	ab80ac932fb3caefd1d91205b936eee2	aeb74a4f04606f788b4a07b559194df2	02d9a41e4bd6e564d576077be69af73c
43625	ab80ac932fb3caefd1d91205b936eee2	aeb74a4f04606f788b4a07b559194df2	02d9a41e4bd6e564d576077be69af73c
43626	ab80ac932fb3caefd1d91205b936eee2	aeb74a4f04606f788b4a07b559194df2	02d9a41e4bd6e564d576077be69af73c
43627	613f0813e1e8401b92eb1c2c3c8efba2	0a91e195e59db9bb80ac32abf6b50270	359d7531b83c0d725e3286612741b4ad
43628	613f0813e1e8401b92eb1c2c3c8efba2	0a91e195e59db9bb80ac32abf6b50270	359d7531b83c0d725e3286612741b4ad
43629	613f0813e1e8401b92eb1c2c3c8efba2	0a91e195e59db9bb80ac32abf6b50270	359d7531b83c0d725e3286612741b4ad
43630	84c669e35111695cc6fa3e3c62841d0d	807c8c4c43084e006748557fb028038b	e0c554f5d0590ebd69fa3203e090d012
43631	cd2046c0b9ca9a6ee7c5478ffeb9ee88	66db75cc59039c7ce5d4760f0323eb00	898a41cec0d242ae72a18debff5f79ce
43632	613f0813e1e8401b92eb1c2c3c8efba2	0a91e195e59db9bb80ac32abf6b50270	359d7531b83c0d725e3286612741b4ad
43633	613f0813e1e8401b92eb1c2c3c8efba2	0a91e195e59db9bb80ac32abf6b50270	359d7531b83c0d725e3286612741b4ad
43634	613f0813e1e8401b92eb1c2c3c8efba2	0a91e195e59db9bb80ac32abf6b50270	359d7531b83c0d725e3286612741b4ad
43635	84c669e35111695cc6fa3e3c62841d0d	807c8c4c43084e006748557fb028038b	e0c554f5d0590ebd69fa3203e090d012
43636	84c669e35111695cc6fa3e3c62841d0d	807c8c4c43084e006748557fb028038b	e0c554f5d0590ebd69fa3203e090d012
43637	d256dfad4957d288889dbdd331b2764b	f0d2b20e03eb924bf2ced45a23769b0a	86c9a9a74ec0ea0fcf2e7304c1b8bec5
43638	d256dfad4957d288889dbdd331b2764b	f0d2b20e03eb924bf2ced45a23769b0a	86c9a9a74ec0ea0fcf2e7304c1b8bec5
43639	d256dfad4957d288889dbdd331b2764b	f0d2b20e03eb924bf2ced45a23769b0a	86c9a9a74ec0ea0fcf2e7304c1b8bec5
43640	d256dfad4957d288889dbdd331b2764b	f0d2b20e03eb924bf2ced45a23769b0a	86c9a9a74ec0ea0fcf2e7304c1b8bec5
43641	d256dfad4957d288889dbdd331b2764b	f0d2b20e03eb924bf2ced45a23769b0a	86c9a9a74ec0ea0fcf2e7304c1b8bec5
43642	d256dfad4957d288889dbdd331b2764b	f0d2b20e03eb924bf2ced45a23769b0a	86c9a9a74ec0ea0fcf2e7304c1b8bec5
43643	d256dfad4957d288889dbdd331b2764b	f0d2b20e03eb924bf2ced45a23769b0a	86c9a9a74ec0ea0fcf2e7304c1b8bec5
43644	bb75b0627e23f97fe096a48087c304ab	13f03367382e66ca330b94bfbe5b2ef3	d11d8fba352c5308d9d3e73079673a97
43645	73b78bae73b7f2c1fadd4a454d98b174	f2d4426055d9ea6b1ab068e54a8e6e5e	ec02682bb60dd814754b4811715c2a2b
43646	bb75b0627e23f97fe096a48087c304ab	13f03367382e66ca330b94bfbe5b2ef3	d11d8fba352c5308d9d3e73079673a97
43647	bb75b0627e23f97fe096a48087c304ab	13f03367382e66ca330b94bfbe5b2ef3	d11d8fba352c5308d9d3e73079673a97
43648	bb75b0627e23f97fe096a48087c304ab	13f03367382e66ca330b94bfbe5b2ef3	d11d8fba352c5308d9d3e73079673a97
43649	c0143aac33d87a3819ca8db48cac26f7	3bb5c123e3a1ad40e209e41ce683ad6e	8ceb6d07481b40d814eaa6910f3624fe
43650	c0143aac33d87a3819ca8db48cac26f7	3bb5c123e3a1ad40e209e41ce683ad6e	8ceb6d07481b40d814eaa6910f3624fe
43651	c0143aac33d87a3819ca8db48cac26f7	3bb5c123e3a1ad40e209e41ce683ad6e	8ceb6d07481b40d814eaa6910f3624fe
43652	c0143aac33d87a3819ca8db48cac26f7	3bb5c123e3a1ad40e209e41ce683ad6e	8ceb6d07481b40d814eaa6910f3624fe
43653	c0143aac33d87a3819ca8db48cac26f7	3bb5c123e3a1ad40e209e41ce683ad6e	8ceb6d07481b40d814eaa6910f3624fe
43654	c0143aac33d87a3819ca8db48cac26f7	3bb5c123e3a1ad40e209e41ce683ad6e	8ceb6d07481b40d814eaa6910f3624fe
43655	c0143aac33d87a3819ca8db48cac26f7	3bb5c123e3a1ad40e209e41ce683ad6e	8ceb6d07481b40d814eaa6910f3624fe
43656	c0143aac33d87a3819ca8db48cac26f7	3bb5c123e3a1ad40e209e41ce683ad6e	8ceb6d07481b40d814eaa6910f3624fe
43657	c0143aac33d87a3819ca8db48cac26f7	3bb5c123e3a1ad40e209e41ce683ad6e	8ceb6d07481b40d814eaa6910f3624fe
43658	c0143aac33d87a3819ca8db48cac26f7	3bb5c123e3a1ad40e209e41ce683ad6e	8ceb6d07481b40d814eaa6910f3624fe
43659	c0143aac33d87a3819ca8db48cac26f7	3bb5c123e3a1ad40e209e41ce683ad6e	8ceb6d07481b40d814eaa6910f3624fe
43660	c0143aac33d87a3819ca8db48cac26f7	3bb5c123e3a1ad40e209e41ce683ad6e	8ceb6d07481b40d814eaa6910f3624fe
43661	c0143aac33d87a3819ca8db48cac26f7	3bb5c123e3a1ad40e209e41ce683ad6e	8ceb6d07481b40d814eaa6910f3624fe
43662	c0143aac33d87a3819ca8db48cac26f7	3bb5c123e3a1ad40e209e41ce683ad6e	8ceb6d07481b40d814eaa6910f3624fe
43663	c0143aac33d87a3819ca8db48cac26f7	3bb5c123e3a1ad40e209e41ce683ad6e	8ceb6d07481b40d814eaa6910f3624fe
43664	c0143aac33d87a3819ca8db48cac26f7	3bb5c123e3a1ad40e209e41ce683ad6e	8ceb6d07481b40d814eaa6910f3624fe
43665	c0143aac33d87a3819ca8db48cac26f7	3bb5c123e3a1ad40e209e41ce683ad6e	8ceb6d07481b40d814eaa6910f3624fe
43666	7456bb508a1ba1a54365a2cdf3efc372	d412d084840758e89ea4a894d389d2ee	8aae4b2ca050ecc480f55dca97127805
43667	7456bb508a1ba1a54365a2cdf3efc372	d412d084840758e89ea4a894d389d2ee	8aae4b2ca050ecc480f55dca97127805
43668	7456bb508a1ba1a54365a2cdf3efc372	d412d084840758e89ea4a894d389d2ee	8aae4b2ca050ecc480f55dca97127805
43669	7456bb508a1ba1a54365a2cdf3efc372	d412d084840758e89ea4a894d389d2ee	8aae4b2ca050ecc480f55dca97127805
43670	7456bb508a1ba1a54365a2cdf3efc372	d412d084840758e89ea4a894d389d2ee	8aae4b2ca050ecc480f55dca97127805
43671	7456bb508a1ba1a54365a2cdf3efc372	d412d084840758e89ea4a894d389d2ee	8aae4b2ca050ecc480f55dca97127805
43672	7456bb508a1ba1a54365a2cdf3efc372	d412d084840758e89ea4a894d389d2ee	8aae4b2ca050ecc480f55dca97127805
43673	a8e26f7dd367ace12aba86f8bf9bf3b9	3ccd30e1f0462682c298d4c794cd1fe3	8e31e2913b7adb43da0a63f766cfa25e
43674	a8e26f7dd367ace12aba86f8bf9bf3b9	3ccd30e1f0462682c298d4c794cd1fe3	8e31e2913b7adb43da0a63f766cfa25e
43675	a8e26f7dd367ace12aba86f8bf9bf3b9	3ccd30e1f0462682c298d4c794cd1fe3	8e31e2913b7adb43da0a63f766cfa25e
43676	e3facf15a15a44f8847903ef33c27ee8	0272346aa1b874371348d9d380427026	ee6aa48cb71a772c51acdf96b111582d
43677	e3facf15a15a44f8847903ef33c27ee8	0272346aa1b874371348d9d380427026	ee6aa48cb71a772c51acdf96b111582d
43678	a6a9d3e98bfaa19d76824bad41deb5f7	6168b2619f857774a05f7d1267148fcd	9e902531c0a59acd7998875b2b9b5374
43679	a6a9d3e98bfaa19d76824bad41deb5f7	6168b2619f857774a05f7d1267148fcd	9e902531c0a59acd7998875b2b9b5374
43680	a6a9d3e98bfaa19d76824bad41deb5f7	6168b2619f857774a05f7d1267148fcd	9e902531c0a59acd7998875b2b9b5374
43681	a6a9d3e98bfaa19d76824bad41deb5f7	6168b2619f857774a05f7d1267148fcd	9e902531c0a59acd7998875b2b9b5374
43682	a6a9d3e98bfaa19d76824bad41deb5f7	6168b2619f857774a05f7d1267148fcd	9e902531c0a59acd7998875b2b9b5374
43683	a6a9d3e98bfaa19d76824bad41deb5f7	6168b2619f857774a05f7d1267148fcd	9e902531c0a59acd7998875b2b9b5374
43684	a6a9d3e98bfaa19d76824bad41deb5f7	6168b2619f857774a05f7d1267148fcd	9e902531c0a59acd7998875b2b9b5374
43685	3a7c5a2cb1932f1823b9a2c40c9fcac2	8f41d97e63abfb0835741133aa291e82	7bd5a6c1cc5ab4feb4c20f53d68b6d74
43686	3a7c5a2cb1932f1823b9a2c40c9fcac2	8f41d97e63abfb0835741133aa291e82	7bd5a6c1cc5ab4feb4c20f53d68b6d74
43687	3a7c5a2cb1932f1823b9a2c40c9fcac2	8f41d97e63abfb0835741133aa291e82	7bd5a6c1cc5ab4feb4c20f53d68b6d74
43688	3a7c5a2cb1932f1823b9a2c40c9fcac2	8f41d97e63abfb0835741133aa291e82	7bd5a6c1cc5ab4feb4c20f53d68b6d74
43689	3a7c5a2cb1932f1823b9a2c40c9fcac2	8f41d97e63abfb0835741133aa291e82	7bd5a6c1cc5ab4feb4c20f53d68b6d74
43690	4a9d3623a59d24a70a8e56cf4575ddee	0f4cec51488e381ac2ecacbc3265f7c9	1d91cfa7b2871c4f8e8479f782388d88
43691	4a9d3623a59d24a70a8e56cf4575ddee	0f4cec51488e381ac2ecacbc3265f7c9	1d91cfa7b2871c4f8e8479f782388d88
43692	4a9d3623a59d24a70a8e56cf4575ddee	0f4cec51488e381ac2ecacbc3265f7c9	1d91cfa7b2871c4f8e8479f782388d88
43693	4a9d3623a59d24a70a8e56cf4575ddee	0f4cec51488e381ac2ecacbc3265f7c9	1d91cfa7b2871c4f8e8479f782388d88
43694	4a9d3623a59d24a70a8e56cf4575ddee	0f4cec51488e381ac2ecacbc3265f7c9	1d91cfa7b2871c4f8e8479f782388d88
43695	4a9d3623a59d24a70a8e56cf4575ddee	0f4cec51488e381ac2ecacbc3265f7c9	1d91cfa7b2871c4f8e8479f782388d88
43696	4a9d3623a59d24a70a8e56cf4575ddee	0f4cec51488e381ac2ecacbc3265f7c9	1d91cfa7b2871c4f8e8479f782388d88
43697	7762c8354bf1876fe115598f564718ec	9d36cc0ddd0b1f43835d309777868d24	1d7babb19c1d605379ab4906dedac96e
43698	7762c8354bf1876fe115598f564718ec	9d36cc0ddd0b1f43835d309777868d24	1d7babb19c1d605379ab4906dedac96e
43699	7762c8354bf1876fe115598f564718ec	9d36cc0ddd0b1f43835d309777868d24	1d7babb19c1d605379ab4906dedac96e
43700	7762c8354bf1876fe115598f564718ec	9d36cc0ddd0b1f43835d309777868d24	1d7babb19c1d605379ab4906dedac96e
43701	7762c8354bf1876fe115598f564718ec	9d36cc0ddd0b1f43835d309777868d24	1d7babb19c1d605379ab4906dedac96e
43702	ef0f1262cf6a20b1beac7b83475414c9	33cb2431b6ca330b645000f34555b8a3	12a93dd737a95e7ea8ae8d9e5d400162
43703	ef0f1262cf6a20b1beac7b83475414c9	33cb2431b6ca330b645000f34555b8a3	12a93dd737a95e7ea8ae8d9e5d400162
43704	ef0f1262cf6a20b1beac7b83475414c9	33cb2431b6ca330b645000f34555b8a3	12a93dd737a95e7ea8ae8d9e5d400162
43705	ef0f1262cf6a20b1beac7b83475414c9	33cb2431b6ca330b645000f34555b8a3	12a93dd737a95e7ea8ae8d9e5d400162
43706	ef0f1262cf6a20b1beac7b83475414c9	33cb2431b6ca330b645000f34555b8a3	12a93dd737a95e7ea8ae8d9e5d400162
43707	8aa9acc23548458b2e8fdf42faee554b	91b41f92d1337a72918fcfa957d2f186	412191c8b7a56ba5ca7abc8878bcc665
43708	8aa9acc23548458b2e8fdf42faee554b	91b41f92d1337a72918fcfa957d2f186	412191c8b7a56ba5ca7abc8878bcc665
43709	8aa9acc23548458b2e8fdf42faee554b	91b41f92d1337a72918fcfa957d2f186	412191c8b7a56ba5ca7abc8878bcc665
43710	34a02e9450a62f12fd7ddfed1f9a3eae	b8ae0391e976b3c9d5428e5007aa3265	ab3b9b1270cd6f30e89f6c698419b445
43711	34a02e9450a62f12fd7ddfed1f9a3eae	b8ae0391e976b3c9d5428e5007aa3265	ab3b9b1270cd6f30e89f6c698419b445
43712	20856e45c989ca9c86b87657ba461c7d	77e7feaa97d7558141e5746abc1a25da	51d1c3620c2d6767c2e68aa335f25b67
43713	e93fd0ec1ef7f868de741bdbc602a729	ec6aba07d840334b8fa7dcb0770d13bd	aab78418b33629fb59d492671ffed6c9
43714	848cefbcab33267f0a7eee8157c2a6b1	cd80ed69d758c9df6fc28698e362f9f5	d3152ca983e3ddcc799aff719fa2679c
43715	848cefbcab33267f0a7eee8157c2a6b1	cd80ed69d758c9df6fc28698e362f9f5	d3152ca983e3ddcc799aff719fa2679c
43716	848cefbcab33267f0a7eee8157c2a6b1	cd80ed69d758c9df6fc28698e362f9f5	d3152ca983e3ddcc799aff719fa2679c
43717	848cefbcab33267f0a7eee8157c2a6b1	cd80ed69d758c9df6fc28698e362f9f5	d3152ca983e3ddcc799aff719fa2679c
43718	848cefbcab33267f0a7eee8157c2a6b1	cd80ed69d758c9df6fc28698e362f9f5	d3152ca983e3ddcc799aff719fa2679c
43719	af8ac91a70413654617ddfe4a7015bdb	5df68efa3da13633945d1acf465ac55e	486adafa10ed27d8bb4c355bfc15830c
43720	af8ac91a70413654617ddfe4a7015bdb	5df68efa3da13633945d1acf465ac55e	486adafa10ed27d8bb4c355bfc15830c
43721	af8ac91a70413654617ddfe4a7015bdb	5df68efa3da13633945d1acf465ac55e	486adafa10ed27d8bb4c355bfc15830c
43722	af8ac91a70413654617ddfe4a7015bdb	5df68efa3da13633945d1acf465ac55e	486adafa10ed27d8bb4c355bfc15830c
43723	af8ac91a70413654617ddfe4a7015bdb	5df68efa3da13633945d1acf465ac55e	486adafa10ed27d8bb4c355bfc15830c
43724	af8ac91a70413654617ddfe4a7015bdb	5df68efa3da13633945d1acf465ac55e	486adafa10ed27d8bb4c355bfc15830c
43725	af8ac91a70413654617ddfe4a7015bdb	5df68efa3da13633945d1acf465ac55e	486adafa10ed27d8bb4c355bfc15830c
43726	8e150672afe90e53ef339e9d5af21d94	632b85fa7c63bc5f39a9d021679e2fe7	6a8a2bdf64b9937c2dc8ad83a14e2b37
43727	a03f7ff1aaa0bbc6875ac98b3e861133	96cedfafcaaa87ce59e4f11122ea3738	12549f90e8b0436542566567d9e51a5b
43728	a03f7ff1aaa0bbc6875ac98b3e861133	96cedfafcaaa87ce59e4f11122ea3738	12549f90e8b0436542566567d9e51a5b
43729	8e150672afe90e53ef339e9d5af21d94	632b85fa7c63bc5f39a9d021679e2fe7	6a8a2bdf64b9937c2dc8ad83a14e2b37
43730	8e150672afe90e53ef339e9d5af21d94	632b85fa7c63bc5f39a9d021679e2fe7	6a8a2bdf64b9937c2dc8ad83a14e2b37
43731	cde4c6f51db13f8339f2d6afc117b1ec	8e3a05ab1bddc553460013d04791bdb5	12c3eaf6108ff98dd690138b84d60219
43732	cde4c6f51db13f8339f2d6afc117b1ec	8e3a05ab1bddc553460013d04791bdb5	12c3eaf6108ff98dd690138b84d60219
43733	cde4c6f51db13f8339f2d6afc117b1ec	8e3a05ab1bddc553460013d04791bdb5	12c3eaf6108ff98dd690138b84d60219
43734	0516d29c86a24f78a099a6de87219549	e4cc0a0a0d8b9fb97dc8e953e9a5c9dd	dfbe14c94e5b523dc08d5f3dc2d2b3ca
43735	e5468e3a40a3ba8fd0089d695372b22c	b97796431fa2966fb866b3d3abb62f29	0043955fabc29d4f96941bee8e43f4d6
43736	9199d51331552ebdc95416d26f6e4a69	85c81fa692be8d240a791cf2679e5adc	8b1249fda5c9e876d58333a6dd0b3458
43737	9199d51331552ebdc95416d26f6e4a69	85c81fa692be8d240a791cf2679e5adc	8b1249fda5c9e876d58333a6dd0b3458
43738	9199d51331552ebdc95416d26f6e4a69	85c81fa692be8d240a791cf2679e5adc	8b1249fda5c9e876d58333a6dd0b3458
43739	9199d51331552ebdc95416d26f6e4a69	85c81fa692be8d240a791cf2679e5adc	8b1249fda5c9e876d58333a6dd0b3458
43740	9199d51331552ebdc95416d26f6e4a69	85c81fa692be8d240a791cf2679e5adc	8b1249fda5c9e876d58333a6dd0b3458
43741	9199d51331552ebdc95416d26f6e4a69	85c81fa692be8d240a791cf2679e5adc	8b1249fda5c9e876d58333a6dd0b3458
43742	9199d51331552ebdc95416d26f6e4a69	85c81fa692be8d240a791cf2679e5adc	8b1249fda5c9e876d58333a6dd0b3458
43743	b9a4b2b968bd8e10ab641ab8edb6e225	111c1e0d1c45eaf0a2a002dbac7f91f7	0a1d284801dad80dc69c3b3e6b461393
43744	b9a4b2b968bd8e10ab641ab8edb6e225	111c1e0d1c45eaf0a2a002dbac7f91f7	0a1d284801dad80dc69c3b3e6b461393
43745	b9a4b2b968bd8e10ab641ab8edb6e225	111c1e0d1c45eaf0a2a002dbac7f91f7	0a1d284801dad80dc69c3b3e6b461393
43746	bba9b825ad19047c5aa8ff7a32cad209	156d98b142cce880518fee32fe9a78e5	be1e6ab9ed853f39d6fd70b5c662b154
43747	bba9b825ad19047c5aa8ff7a32cad209	156d98b142cce880518fee32fe9a78e5	be1e6ab9ed853f39d6fd70b5c662b154
43748	9199d51331552ebdc95416d26f6e4a69	85c81fa692be8d240a791cf2679e5adc	8b1249fda5c9e876d58333a6dd0b3458
43749	9199d51331552ebdc95416d26f6e4a69	85c81fa692be8d240a791cf2679e5adc	8b1249fda5c9e876d58333a6dd0b3458
43750	9199d51331552ebdc95416d26f6e4a69	85c81fa692be8d240a791cf2679e5adc	8b1249fda5c9e876d58333a6dd0b3458
43751	9199d51331552ebdc95416d26f6e4a69	85c81fa692be8d240a791cf2679e5adc	8b1249fda5c9e876d58333a6dd0b3458
43752	23b330d5cff5be99b0f608b1269e19ec	b1e73d39d23ad2921fcd4229da2df2b7	e8d70b8d156b32ba2805bdb4b51136e9
43753	9199d51331552ebdc95416d26f6e4a69	85c81fa692be8d240a791cf2679e5adc	8b1249fda5c9e876d58333a6dd0b3458
43754	9199d51331552ebdc95416d26f6e4a69	85c81fa692be8d240a791cf2679e5adc	8b1249fda5c9e876d58333a6dd0b3458
43755	9199d51331552ebdc95416d26f6e4a69	85c81fa692be8d240a791cf2679e5adc	8b1249fda5c9e876d58333a6dd0b3458
43756	9199d51331552ebdc95416d26f6e4a69	85c81fa692be8d240a791cf2679e5adc	8b1249fda5c9e876d58333a6dd0b3458
43757	9199d51331552ebdc95416d26f6e4a69	85c81fa692be8d240a791cf2679e5adc	8b1249fda5c9e876d58333a6dd0b3458
43758	9199d51331552ebdc95416d26f6e4a69	85c81fa692be8d240a791cf2679e5adc	8b1249fda5c9e876d58333a6dd0b3458
43759	9199d51331552ebdc95416d26f6e4a69	85c81fa692be8d240a791cf2679e5adc	8b1249fda5c9e876d58333a6dd0b3458
43760	a2fbd878cb39d23fad588f6513fb082a	9f309a574ab675cb5025b3ff99b1bc55	424e42cb195b1b4bcb1f8915435e437b
43761	a2fbd878cb39d23fad588f6513fb082a	9f309a574ab675cb5025b3ff99b1bc55	424e42cb195b1b4bcb1f8915435e437b
43762	a2fbd878cb39d23fad588f6513fb082a	9f309a574ab675cb5025b3ff99b1bc55	424e42cb195b1b4bcb1f8915435e437b
43763	a2fbd878cb39d23fad588f6513fb082a	9f309a574ab675cb5025b3ff99b1bc55	424e42cb195b1b4bcb1f8915435e437b
43764	a2fbd878cb39d23fad588f6513fb082a	9f309a574ab675cb5025b3ff99b1bc55	424e42cb195b1b4bcb1f8915435e437b
43765	a2fbd878cb39d23fad588f6513fb082a	9f309a574ab675cb5025b3ff99b1bc55	424e42cb195b1b4bcb1f8915435e437b
43766	a2fbd878cb39d23fad588f6513fb082a	9f309a574ab675cb5025b3ff99b1bc55	424e42cb195b1b4bcb1f8915435e437b
43767	a2fbd878cb39d23fad588f6513fb082a	9f309a574ab675cb5025b3ff99b1bc55	424e42cb195b1b4bcb1f8915435e437b
43768	a2fbd878cb39d23fad588f6513fb082a	9f309a574ab675cb5025b3ff99b1bc55	424e42cb195b1b4bcb1f8915435e437b
43769	a2fbd878cb39d23fad588f6513fb082a	9f309a574ab675cb5025b3ff99b1bc55	424e42cb195b1b4bcb1f8915435e437b
43770	a2fbd878cb39d23fad588f6513fb082a	9f309a574ab675cb5025b3ff99b1bc55	424e42cb195b1b4bcb1f8915435e437b
43771	a2fbd878cb39d23fad588f6513fb082a	9f309a574ab675cb5025b3ff99b1bc55	424e42cb195b1b4bcb1f8915435e437b
43772	a2fbd878cb39d23fad588f6513fb082a	9f309a574ab675cb5025b3ff99b1bc55	424e42cb195b1b4bcb1f8915435e437b
43773	a2fbd878cb39d23fad588f6513fb082a	9f309a574ab675cb5025b3ff99b1bc55	424e42cb195b1b4bcb1f8915435e437b
43774	a2fbd878cb39d23fad588f6513fb082a	9f309a574ab675cb5025b3ff99b1bc55	424e42cb195b1b4bcb1f8915435e437b
43775	a2fbd878cb39d23fad588f6513fb082a	9f309a574ab675cb5025b3ff99b1bc55	424e42cb195b1b4bcb1f8915435e437b
43776	a2fbd878cb39d23fad588f6513fb082a	9f309a574ab675cb5025b3ff99b1bc55	424e42cb195b1b4bcb1f8915435e437b
43777	826d5f3ed35f7f65db61d8914d14e465	49fb15356ad3992b4b07054baf094dc7	075d3643a70108f4307300bba47e1cc8
43778	ee771a02ee16856f080a4cbae7a9f3bb	c0825fc9a91199c87e07626310f67835	72c1af607154937bca487e16d54318fc
43779	ee771a02ee16856f080a4cbae7a9f3bb	c0825fc9a91199c87e07626310f67835	72c1af607154937bca487e16d54318fc
43780	d8fd5928ec98fa86d2b4f1e745166dc9	c4df5ab5a5d5f4272c7d70fd45cfcd8c	799b32e4193e928d0949b988e12cc6bb
43781	d8fd5928ec98fa86d2b4f1e745166dc9	c4df5ab5a5d5f4272c7d70fd45cfcd8c	799b32e4193e928d0949b988e12cc6bb
43782	9802450dd5d21d5c0e8a943e48dc9197	8be20b81066afbfacb6bb19ac0293c03	1d1ddf3a93ca683270a7f5e06c7ff1f0
43783	9802450dd5d21d5c0e8a943e48dc9197	8be20b81066afbfacb6bb19ac0293c03	1d1ddf3a93ca683270a7f5e06c7ff1f0
43784	b121399a50fc3c1cb6b8eb53641e6ba3	79b2660b7c17847e76f84d871d0bd8a2	2f4056e3767c02d5f050892d6a17495b
43785	b121399a50fc3c1cb6b8eb53641e6ba3	79b2660b7c17847e76f84d871d0bd8a2	2f4056e3767c02d5f050892d6a17495b
43786	b121399a50fc3c1cb6b8eb53641e6ba3	79b2660b7c17847e76f84d871d0bd8a2	2f4056e3767c02d5f050892d6a17495b
43787	b121399a50fc3c1cb6b8eb53641e6ba3	79b2660b7c17847e76f84d871d0bd8a2	2f4056e3767c02d5f050892d6a17495b
43788	b121399a50fc3c1cb6b8eb53641e6ba3	79b2660b7c17847e76f84d871d0bd8a2	2f4056e3767c02d5f050892d6a17495b
43789	92ac4111ba51ad1c862f4f07f56919f9	4fc0c2f050b114e2634cab6b9d27d508	125dc4c6d179f063d6a90e2116ae4541
43790	92ac4111ba51ad1c862f4f07f56919f9	4fc0c2f050b114e2634cab6b9d27d508	125dc4c6d179f063d6a90e2116ae4541
43791	92ac4111ba51ad1c862f4f07f56919f9	4fc0c2f050b114e2634cab6b9d27d508	125dc4c6d179f063d6a90e2116ae4541
43792	d2438651871be826b9d968a87d1669fb	92675fb3b22fd20d4af8ef509201fb98	8cde4a643b596f6ab7b6a331f4ba3c33
43793	d2438651871be826b9d968a87d1669fb	92675fb3b22fd20d4af8ef509201fb98	8cde4a643b596f6ab7b6a331f4ba3c33
43794	dbdc49ff2b0f49830e60fea81ae34979	5fc532904852aab5b9307f9303c2a937	deef104cd09588c08f8e9723ee1cdfe6
43795	8bde863e0334f6adbc5ebd812565fa21	ba3a3ef9162ffd185842ed79b4a77d9f	017ed729626044d9450bfb84cfbb3e95
43796	34907ebe2c9ff9f9274d68f049821a02	9463c1236aff9fdbb61189ba1a730d11	12e965ab3aeaa48944a26db0623732e5
43797	044f90400c79a6e7a3136100bfb41429	7bc99c3774b7c74498b2131cde504684	3c7c1579154cf3fe24a96a5ffd3df8ea
43798	044f90400c79a6e7a3136100bfb41429	7bc99c3774b7c74498b2131cde504684	3c7c1579154cf3fe24a96a5ffd3df8ea
43799	29c72cd35650b8384fd69644c36f0c49	eb5880641201e7f579ae99802eca9029	723eedff402fa8a968e148eb2f7a31ef
43800	29c72cd35650b8384fd69644c36f0c49	eb5880641201e7f579ae99802eca9029	723eedff402fa8a968e148eb2f7a31ef
43801	31087f1f4d56c7249518028d34908e9b	85c582b11b76273e1282943a76d1d443	3dd8856118b28278f579ca600de3392d
43802	31087f1f4d56c7249518028d34908e9b	85c582b11b76273e1282943a76d1d443	3dd8856118b28278f579ca600de3392d
43803	31087f1f4d56c7249518028d34908e9b	85c582b11b76273e1282943a76d1d443	3dd8856118b28278f579ca600de3392d
43804	31087f1f4d56c7249518028d34908e9b	85c582b11b76273e1282943a76d1d443	3dd8856118b28278f579ca600de3392d
43805	31087f1f4d56c7249518028d34908e9b	85c582b11b76273e1282943a76d1d443	3dd8856118b28278f579ca600de3392d
43806	4a4912a8e62e7fc73dc47992b64ed40b	da062241ab21d9da261318795bb742af	d430fa61ec50fd82bb8624de9caf8bef
43807	4a4912a8e62e7fc73dc47992b64ed40b	da062241ab21d9da261318795bb742af	d430fa61ec50fd82bb8624de9caf8bef
43808	4a4912a8e62e7fc73dc47992b64ed40b	da062241ab21d9da261318795bb742af	d430fa61ec50fd82bb8624de9caf8bef
43809	636b9ba663b70b4b5769d7f9005590d2	1a2ef32d63a2f29245c20494fec25029	eec33ce2c8c3d1cf80bf7f03be28df6e
43810	fc0df85207fef06c1401a516d8b3f6f9	4f09c764786ecd83111d01c655d6c8ab	aa55f0cc1ee0afc0cb345f4df9efa9b0
43811	764b356585ca3faad0d7e50b2bf3884a	bd94576221b58ffcbe4dfe4c4293c79b	9b9cc6fd5aa3d9bd3d4dd0475c8b022e
43812	764b356585ca3faad0d7e50b2bf3884a	bd94576221b58ffcbe4dfe4c4293c79b	9b9cc6fd5aa3d9bd3d4dd0475c8b022e
43813	e23eefdec5f7599b6ca3f4efe67bba81	db5e621b6539d0b89d9bfbae6fb44c56	44e8862fef034a933bf3a683893eb5cc
43814	e23eefdec5f7599b6ca3f4efe67bba81	db5e621b6539d0b89d9bfbae6fb44c56	44e8862fef034a933bf3a683893eb5cc
43815	e23eefdec5f7599b6ca3f4efe67bba81	db5e621b6539d0b89d9bfbae6fb44c56	44e8862fef034a933bf3a683893eb5cc
43816	e23eefdec5f7599b6ca3f4efe67bba81	db5e621b6539d0b89d9bfbae6fb44c56	44e8862fef034a933bf3a683893eb5cc
43817	e23eefdec5f7599b6ca3f4efe67bba81	db5e621b6539d0b89d9bfbae6fb44c56	44e8862fef034a933bf3a683893eb5cc
43818	160e9dffbfe47eafcb6a36bcb7350134	84f0bff4b4c3bdc01dd138ebcab37515	d36c5aed982e9c451c57bdda62ea46cf
43819	160e9dffbfe47eafcb6a36bcb7350134	84f0bff4b4c3bdc01dd138ebcab37515	d36c5aed982e9c451c57bdda62ea46cf
43820	160e9dffbfe47eafcb6a36bcb7350134	84f0bff4b4c3bdc01dd138ebcab37515	d36c5aed982e9c451c57bdda62ea46cf
43821	160e9dffbfe47eafcb6a36bcb7350134	84f0bff4b4c3bdc01dd138ebcab37515	d36c5aed982e9c451c57bdda62ea46cf
43822	160e9dffbfe47eafcb6a36bcb7350134	84f0bff4b4c3bdc01dd138ebcab37515	d36c5aed982e9c451c57bdda62ea46cf
43823	160e9dffbfe47eafcb6a36bcb7350134	84f0bff4b4c3bdc01dd138ebcab37515	d36c5aed982e9c451c57bdda62ea46cf
43824	160e9dffbfe47eafcb6a36bcb7350134	84f0bff4b4c3bdc01dd138ebcab37515	d36c5aed982e9c451c57bdda62ea46cf
43825	5df901cfc8dcaeda1e5820ee67dcd598	817784c92263a8e13d7cc88befb632a9	7c38aadd028afd1e1e9d7193cdbf062f
43826	5df901cfc8dcaeda1e5820ee67dcd598	817784c92263a8e13d7cc88befb632a9	7c38aadd028afd1e1e9d7193cdbf062f
43827	5df901cfc8dcaeda1e5820ee67dcd598	817784c92263a8e13d7cc88befb632a9	7c38aadd028afd1e1e9d7193cdbf062f
43828	7f10d7aa6e2435e80c941317afed073c	9e8d49cc61a0c2ddb9875d9b6e0f9e4a	0fc0d84829c4e93c2335a09eee26f74d
43829	5df901cfc8dcaeda1e5820ee67dcd598	817784c92263a8e13d7cc88befb632a9	7c38aadd028afd1e1e9d7193cdbf062f
43830	61e96a7fb4b601d4fed4ba4acbcae5d9	464d3480f10170ec2bbfef4eb3545421	c1805be37ebf0b6279ace486c0682421
43831	61e96a7fb4b601d4fed4ba4acbcae5d9	464d3480f10170ec2bbfef4eb3545421	c1805be37ebf0b6279ace486c0682421
43832	61e96a7fb4b601d4fed4ba4acbcae5d9	464d3480f10170ec2bbfef4eb3545421	c1805be37ebf0b6279ace486c0682421
43833	61e96a7fb4b601d4fed4ba4acbcae5d9	464d3480f10170ec2bbfef4eb3545421	c1805be37ebf0b6279ace486c0682421
43834	61e96a7fb4b601d4fed4ba4acbcae5d9	464d3480f10170ec2bbfef4eb3545421	c1805be37ebf0b6279ace486c0682421
43835	61e96a7fb4b601d4fed4ba4acbcae5d9	464d3480f10170ec2bbfef4eb3545421	c1805be37ebf0b6279ace486c0682421
43836	61e96a7fb4b601d4fed4ba4acbcae5d9	464d3480f10170ec2bbfef4eb3545421	c1805be37ebf0b6279ace486c0682421
43837	832a32ccb238c64de9fdec9473553168	8417b216c815c5f35846681752b38f97	6fd6c74e67d85f63406bb657e9a5270a
43838	832a32ccb238c64de9fdec9473553168	8417b216c815c5f35846681752b38f97	6fd6c74e67d85f63406bb657e9a5270a
43839	832a32ccb238c64de9fdec9473553168	8417b216c815c5f35846681752b38f97	6fd6c74e67d85f63406bb657e9a5270a
43840	832a32ccb238c64de9fdec9473553168	8417b216c815c5f35846681752b38f97	6fd6c74e67d85f63406bb657e9a5270a
43841	832a32ccb238c64de9fdec9473553168	8417b216c815c5f35846681752b38f97	6fd6c74e67d85f63406bb657e9a5270a
43842	64a6b4cd15786514daf6cd3321f351fa	e60d410084335d20996c8589fe3e17fe	3482044fcf4b198e6a2f7b91ce23dc22
43843	64a6b4cd15786514daf6cd3321f351fa	e60d410084335d20996c8589fe3e17fe	3482044fcf4b198e6a2f7b91ce23dc22
43844	64a6b4cd15786514daf6cd3321f351fa	e60d410084335d20996c8589fe3e17fe	3482044fcf4b198e6a2f7b91ce23dc22
43845	64a6b4cd15786514daf6cd3321f351fa	e60d410084335d20996c8589fe3e17fe	3482044fcf4b198e6a2f7b91ce23dc22
43846	64a6b4cd15786514daf6cd3321f351fa	e60d410084335d20996c8589fe3e17fe	3482044fcf4b198e6a2f7b91ce23dc22
43847	99d1190e57942c9142b42aea9f0ac504	0c89a175b560feb965b34938415e4c4e	baa20e53e038514b82f2b141bd61a54e
43848	99d1190e57942c9142b42aea9f0ac504	0c89a175b560feb965b34938415e4c4e	baa20e53e038514b82f2b141bd61a54e
43849	99d1190e57942c9142b42aea9f0ac504	0c89a175b560feb965b34938415e4c4e	baa20e53e038514b82f2b141bd61a54e
43850	99d1190e57942c9142b42aea9f0ac504	0c89a175b560feb965b34938415e4c4e	baa20e53e038514b82f2b141bd61a54e
43851	99d1190e57942c9142b42aea9f0ac504	0c89a175b560feb965b34938415e4c4e	baa20e53e038514b82f2b141bd61a54e
43852	07a8cf02137f7a0f52390ef91f29f16e	aa17f7d17d83fd69a46d7ac994828672	a39ba73cb912e29af49f979e971693de
43853	07a8cf02137f7a0f52390ef91f29f16e	aa17f7d17d83fd69a46d7ac994828672	a39ba73cb912e29af49f979e971693de
43854	80f583009f3f67904915e9a07186bbcc	b23d8f38761350e4862374ef8887f251	0383a5cdd52ace8b006e5a1ee50b837a
43855	80f583009f3f67904915e9a07186bbcc	b23d8f38761350e4862374ef8887f251	0383a5cdd52ace8b006e5a1ee50b837a
43856	80f583009f3f67904915e9a07186bbcc	b23d8f38761350e4862374ef8887f251	0383a5cdd52ace8b006e5a1ee50b837a
43857	99d1190e57942c9142b42aea9f0ac504	0c89a175b560feb965b34938415e4c4e	baa20e53e038514b82f2b141bd61a54e
43858	99d1190e57942c9142b42aea9f0ac504	0c89a175b560feb965b34938415e4c4e	baa20e53e038514b82f2b141bd61a54e
43859	7d38431f239e6adb3875cac15173e6d9	032bcc9970c2a335a71db0f851d1b811	03755f2388cdcd3263d46429de86c017
43860	7d38431f239e6adb3875cac15173e6d9	032bcc9970c2a335a71db0f851d1b811	03755f2388cdcd3263d46429de86c017
43861	7d38431f239e6adb3875cac15173e6d9	032bcc9970c2a335a71db0f851d1b811	03755f2388cdcd3263d46429de86c017
43862	19483d09dc3204da1ca2a4cc19ee0866	1e5a7a89512c9ee91f78af325dc72a54	3a06975a83eedcc5f0fb6da439e52fe7
43863	19483d09dc3204da1ca2a4cc19ee0866	1e5a7a89512c9ee91f78af325dc72a54	3a06975a83eedcc5f0fb6da439e52fe7
43864	e1fee1aa2bf97d965aca260d29fbb03a	2a2db4c9547ae5198ab73bf1730b5614	961dfadac88b1b174e372c8d6d25b71e
43865	e1fee1aa2bf97d965aca260d29fbb03a	2a2db4c9547ae5198ab73bf1730b5614	961dfadac88b1b174e372c8d6d25b71e
43866	207ea29baca5195ee923cbb39cb7cd44	e79558f3a0496dd657133e25a182158a	aed392d65ad3bc4d202a5054b5ed18bd
43867	207ea29baca5195ee923cbb39cb7cd44	e79558f3a0496dd657133e25a182158a	aed392d65ad3bc4d202a5054b5ed18bd
43868	207ea29baca5195ee923cbb39cb7cd44	e79558f3a0496dd657133e25a182158a	aed392d65ad3bc4d202a5054b5ed18bd
43869	207ea29baca5195ee923cbb39cb7cd44	e79558f3a0496dd657133e25a182158a	aed392d65ad3bc4d202a5054b5ed18bd
43870	207ea29baca5195ee923cbb39cb7cd44	e79558f3a0496dd657133e25a182158a	aed392d65ad3bc4d202a5054b5ed18bd
43871	207ea29baca5195ee923cbb39cb7cd44	e79558f3a0496dd657133e25a182158a	aed392d65ad3bc4d202a5054b5ed18bd
43872	207ea29baca5195ee923cbb39cb7cd44	e79558f3a0496dd657133e25a182158a	aed392d65ad3bc4d202a5054b5ed18bd
43873	207ea29baca5195ee923cbb39cb7cd44	e79558f3a0496dd657133e25a182158a	aed392d65ad3bc4d202a5054b5ed18bd
43874	207ea29baca5195ee923cbb39cb7cd44	e79558f3a0496dd657133e25a182158a	aed392d65ad3bc4d202a5054b5ed18bd
43875	207ea29baca5195ee923cbb39cb7cd44	e79558f3a0496dd657133e25a182158a	aed392d65ad3bc4d202a5054b5ed18bd
43876	8668c7ae172e47a686055d4a388a544c	de448025a057b1588f0bccc9409174dd	51ec3206f6354c9a1dfb44670fc195bd
43877	8668c7ae172e47a686055d4a388a544c	de448025a057b1588f0bccc9409174dd	51ec3206f6354c9a1dfb44670fc195bd
43878	8668c7ae172e47a686055d4a388a544c	de448025a057b1588f0bccc9409174dd	51ec3206f6354c9a1dfb44670fc195bd
43879	8668c7ae172e47a686055d4a388a544c	de448025a057b1588f0bccc9409174dd	51ec3206f6354c9a1dfb44670fc195bd
43880	8668c7ae172e47a686055d4a388a544c	de448025a057b1588f0bccc9409174dd	51ec3206f6354c9a1dfb44670fc195bd
43881	8668c7ae172e47a686055d4a388a544c	de448025a057b1588f0bccc9409174dd	51ec3206f6354c9a1dfb44670fc195bd
43882	8668c7ae172e47a686055d4a388a544c	de448025a057b1588f0bccc9409174dd	51ec3206f6354c9a1dfb44670fc195bd
43883	d0a5ad2a7aeb8ae56d9ee276529efb59	84daa60c527a5a812dfee39c12650de3	d1510942e1fb4edcd7fa9e143dc4d3fb
43884	d0a5ad2a7aeb8ae56d9ee276529efb59	84daa60c527a5a812dfee39c12650de3	d1510942e1fb4edcd7fa9e143dc4d3fb
43885	d0a5ad2a7aeb8ae56d9ee276529efb59	84daa60c527a5a812dfee39c12650de3	d1510942e1fb4edcd7fa9e143dc4d3fb
43886	d0a5ad2a7aeb8ae56d9ee276529efb59	84daa60c527a5a812dfee39c12650de3	d1510942e1fb4edcd7fa9e143dc4d3fb
43887	d0a5ad2a7aeb8ae56d9ee276529efb59	84daa60c527a5a812dfee39c12650de3	d1510942e1fb4edcd7fa9e143dc4d3fb
43888	808e107218a627c8f3ccf7b6eca85650	34e0f8c5197371feefc12f8efd9f99b4	02296228a61b6ea2683faf04cffb4b1f
43889	808e107218a627c8f3ccf7b6eca85650	34e0f8c5197371feefc12f8efd9f99b4	02296228a61b6ea2683faf04cffb4b1f
43890	808e107218a627c8f3ccf7b6eca85650	34e0f8c5197371feefc12f8efd9f99b4	02296228a61b6ea2683faf04cffb4b1f
43891	808e107218a627c8f3ccf7b6eca85650	34e0f8c5197371feefc12f8efd9f99b4	02296228a61b6ea2683faf04cffb4b1f
43892	808e107218a627c8f3ccf7b6eca85650	34e0f8c5197371feefc12f8efd9f99b4	02296228a61b6ea2683faf04cffb4b1f
43893	808e107218a627c8f3ccf7b6eca85650	34e0f8c5197371feefc12f8efd9f99b4	02296228a61b6ea2683faf04cffb4b1f
43894	808e107218a627c8f3ccf7b6eca85650	34e0f8c5197371feefc12f8efd9f99b4	02296228a61b6ea2683faf04cffb4b1f
43895	808e107218a627c8f3ccf7b6eca85650	34e0f8c5197371feefc12f8efd9f99b4	02296228a61b6ea2683faf04cffb4b1f
43896	808e107218a627c8f3ccf7b6eca85650	34e0f8c5197371feefc12f8efd9f99b4	02296228a61b6ea2683faf04cffb4b1f
43897	808e107218a627c8f3ccf7b6eca85650	34e0f8c5197371feefc12f8efd9f99b4	02296228a61b6ea2683faf04cffb4b1f
43898	808e107218a627c8f3ccf7b6eca85650	34e0f8c5197371feefc12f8efd9f99b4	02296228a61b6ea2683faf04cffb4b1f
43899	808e107218a627c8f3ccf7b6eca85650	34e0f8c5197371feefc12f8efd9f99b4	02296228a61b6ea2683faf04cffb4b1f
43900	808e107218a627c8f3ccf7b6eca85650	34e0f8c5197371feefc12f8efd9f99b4	02296228a61b6ea2683faf04cffb4b1f
43901	808e107218a627c8f3ccf7b6eca85650	34e0f8c5197371feefc12f8efd9f99b4	02296228a61b6ea2683faf04cffb4b1f
43902	808e107218a627c8f3ccf7b6eca85650	34e0f8c5197371feefc12f8efd9f99b4	02296228a61b6ea2683faf04cffb4b1f
43903	808e107218a627c8f3ccf7b6eca85650	34e0f8c5197371feefc12f8efd9f99b4	02296228a61b6ea2683faf04cffb4b1f
43904	808e107218a627c8f3ccf7b6eca85650	34e0f8c5197371feefc12f8efd9f99b4	02296228a61b6ea2683faf04cffb4b1f
43905	857b56d7af4c3c307a723612b71c9bf9	c77d65265c8311d46bed31509bbfd0a2	ac519e0ad7759b1052799fc5589e3aa1
43906	857b56d7af4c3c307a723612b71c9bf9	c77d65265c8311d46bed31509bbfd0a2	ac519e0ad7759b1052799fc5589e3aa1
43907	857b56d7af4c3c307a723612b71c9bf9	c77d65265c8311d46bed31509bbfd0a2	ac519e0ad7759b1052799fc5589e3aa1
43908	432febbe3441d7937519fdeca35e5f0b	c4515dc18154226e84adf173f669daf6	cf1496366f246cfe9fefc474a54f2164
43909	432febbe3441d7937519fdeca35e5f0b	c4515dc18154226e84adf173f669daf6	cf1496366f246cfe9fefc474a54f2164
43910	432febbe3441d7937519fdeca35e5f0b	c4515dc18154226e84adf173f669daf6	cf1496366f246cfe9fefc474a54f2164
43911	432febbe3441d7937519fdeca35e5f0b	c4515dc18154226e84adf173f669daf6	cf1496366f246cfe9fefc474a54f2164
43912	746875999132948ee5736c4bdf848c68	b808a51eeae91be3b92486e98890a60e	982cdde615a76dde7e9a78280a4c1ebe
43913	c43a2cf9fa95141cb0255183b0c57028	5a016e8543fbc2d8b4cc693c439469b7	d0130f58e50afc718f494e72efbb8e77
43914	c43a2cf9fa95141cb0255183b0c57028	5a016e8543fbc2d8b4cc693c439469b7	d0130f58e50afc718f494e72efbb8e77
43915	754dac1f028b800bb2c90ae9ee92b182	79534353a75d1216a864393483fdb64a	7ff77d961ff211d544369763bb4f8b9f
43916	754dac1f028b800bb2c90ae9ee92b182	79534353a75d1216a864393483fdb64a	7ff77d961ff211d544369763bb4f8b9f
43917	4bf626d469e6be660e0a37ec6ef10bc2	45323c2b40051623ef47e373990e2684	8556b46f55292243688a9d5e9d4f9f09
43918	5a8855b1ffe61b8daed9e2fb052f7d83	11ee79d9e87c3c79e7597745aa02695e	b0d3c5fca935636520c757057bf025f2
43919	5a8855b1ffe61b8daed9e2fb052f7d83	11ee79d9e87c3c79e7597745aa02695e	b0d3c5fca935636520c757057bf025f2
43920	fe9ebfed8bc4d415cc66ebc220996eaa	3051071adc750ee180e3bdc538872aaf	7f878705ae991ba22da5fab917d8be97
43921	fe9ebfed8bc4d415cc66ebc220996eaa	3051071adc750ee180e3bdc538872aaf	7f878705ae991ba22da5fab917d8be97
43922	fe9ebfed8bc4d415cc66ebc220996eaa	3051071adc750ee180e3bdc538872aaf	7f878705ae991ba22da5fab917d8be97
43923	fe9ebfed8bc4d415cc66ebc220996eaa	3051071adc750ee180e3bdc538872aaf	7f878705ae991ba22da5fab917d8be97
43924	ab5a5b97c3cc3dff0ccd0989335e91e3	7e22343a9fe3a51f5a6f0170e91a1500	d15adec6042d00cd57511c441471e43e
43925	ab5a5b97c3cc3dff0ccd0989335e91e3	7e22343a9fe3a51f5a6f0170e91a1500	d15adec6042d00cd57511c441471e43e
43926	ab5a5b97c3cc3dff0ccd0989335e91e3	7e22343a9fe3a51f5a6f0170e91a1500	d15adec6042d00cd57511c441471e43e
43927	db5aadd968a8964fa9f0ec7b18f2354a	359061ddb1e5a2390af4a390fa1dce7a	ceb58c219097a86a7d4788c92378aaa1
43928	db5aadd968a8964fa9f0ec7b18f2354a	359061ddb1e5a2390af4a390fa1dce7a	ceb58c219097a86a7d4788c92378aaa1
43929	04e254ee3378d9557e7bf805c4d4f3f3	3f0f24f34a61dec3eb3774649db57ac7	3ee11f8352b7159c7e3a6c091f761b76
43930	04e254ee3378d9557e7bf805c4d4f3f3	3f0f24f34a61dec3eb3774649db57ac7	3ee11f8352b7159c7e3a6c091f761b76
43931	04e254ee3378d9557e7bf805c4d4f3f3	3f0f24f34a61dec3eb3774649db57ac7	3ee11f8352b7159c7e3a6c091f761b76
43932	04e254ee3378d9557e7bf805c4d4f3f3	3f0f24f34a61dec3eb3774649db57ac7	3ee11f8352b7159c7e3a6c091f761b76
43933	04e254ee3378d9557e7bf805c4d4f3f3	3f0f24f34a61dec3eb3774649db57ac7	3ee11f8352b7159c7e3a6c091f761b76
43934	04e254ee3378d9557e7bf805c4d4f3f3	3f0f24f34a61dec3eb3774649db57ac7	3ee11f8352b7159c7e3a6c091f761b76
43935	04e254ee3378d9557e7bf805c4d4f3f3	3f0f24f34a61dec3eb3774649db57ac7	3ee11f8352b7159c7e3a6c091f761b76
43936	0892c9b5a87290b504045a678bef8cd3	9bad14acaf9db890b73b844b83ae1102	4f33aa9461f5b63c32b688647f571002
43937	0892c9b5a87290b504045a678bef8cd3	9bad14acaf9db890b73b844b83ae1102	4f33aa9461f5b63c32b688647f571002
43938	0892c9b5a87290b504045a678bef8cd3	9bad14acaf9db890b73b844b83ae1102	4f33aa9461f5b63c32b688647f571002
43939	0892c9b5a87290b504045a678bef8cd3	9bad14acaf9db890b73b844b83ae1102	4f33aa9461f5b63c32b688647f571002
43940	254a977a14b83888fb7bb3ec4c10aa94	4d144e053f0293a218792c966333dc3d	78fa930ac16d6d8876188fb29fef7041
43941	0892c9b5a87290b504045a678bef8cd3	9bad14acaf9db890b73b844b83ae1102	4f33aa9461f5b63c32b688647f571002
43942	0892c9b5a87290b504045a678bef8cd3	9bad14acaf9db890b73b844b83ae1102	4f33aa9461f5b63c32b688647f571002
43943	0892c9b5a87290b504045a678bef8cd3	9bad14acaf9db890b73b844b83ae1102	4f33aa9461f5b63c32b688647f571002
43944	0892c9b5a87290b504045a678bef8cd3	9bad14acaf9db890b73b844b83ae1102	4f33aa9461f5b63c32b688647f571002
43945	0892c9b5a87290b504045a678bef8cd3	9bad14acaf9db890b73b844b83ae1102	4f33aa9461f5b63c32b688647f571002
43946	9be09c0620262181fb889debe5bd59b4	9124584a83ddbfbc868711c2c7bf347e	0f7ab7b90205ee3959d0ed97a2a3f397
43947	9be09c0620262181fb889debe5bd59b4	9124584a83ddbfbc868711c2c7bf347e	0f7ab7b90205ee3959d0ed97a2a3f397
43948	9be09c0620262181fb889debe5bd59b4	9124584a83ddbfbc868711c2c7bf347e	0f7ab7b90205ee3959d0ed97a2a3f397
43949	9be09c0620262181fb889debe5bd59b4	9124584a83ddbfbc868711c2c7bf347e	0f7ab7b90205ee3959d0ed97a2a3f397
43950	9be09c0620262181fb889debe5bd59b4	9124584a83ddbfbc868711c2c7bf347e	0f7ab7b90205ee3959d0ed97a2a3f397
43951	9be09c0620262181fb889debe5bd59b4	9124584a83ddbfbc868711c2c7bf347e	0f7ab7b90205ee3959d0ed97a2a3f397
43952	9be09c0620262181fb889debe5bd59b4	9124584a83ddbfbc868711c2c7bf347e	0f7ab7b90205ee3959d0ed97a2a3f397
43953	4a493f35fab16eb433b8efb17d099439	d581b40dd764f033e6e334e95d03e4db	d96a1b7cdc3f053eaf709c5e14c3a19a
43954	4a493f35fab16eb433b8efb17d099439	d581b40dd764f033e6e334e95d03e4db	d96a1b7cdc3f053eaf709c5e14c3a19a
43955	4a493f35fab16eb433b8efb17d099439	d581b40dd764f033e6e334e95d03e4db	d96a1b7cdc3f053eaf709c5e14c3a19a
43956	4a493f35fab16eb433b8efb17d099439	d581b40dd764f033e6e334e95d03e4db	d96a1b7cdc3f053eaf709c5e14c3a19a
43957	4a493f35fab16eb433b8efb17d099439	d581b40dd764f033e6e334e95d03e4db	d96a1b7cdc3f053eaf709c5e14c3a19a
43958	cecaadd60d79268ea9846234d8043222	612cb950bf1b21d804f6c938fceb40f9	d30a30985aa10663400c3228a21cc646
43959	cecaadd60d79268ea9846234d8043222	612cb950bf1b21d804f6c938fceb40f9	d30a30985aa10663400c3228a21cc646
43960	cecaadd60d79268ea9846234d8043222	612cb950bf1b21d804f6c938fceb40f9	d30a30985aa10663400c3228a21cc646
43961	cecaadd60d79268ea9846234d8043222	612cb950bf1b21d804f6c938fceb40f9	d30a30985aa10663400c3228a21cc646
43962	cecaadd60d79268ea9846234d8043222	612cb950bf1b21d804f6c938fceb40f9	d30a30985aa10663400c3228a21cc646
43963	cecaadd60d79268ea9846234d8043222	612cb950bf1b21d804f6c938fceb40f9	d30a30985aa10663400c3228a21cc646
43964	cecaadd60d79268ea9846234d8043222	612cb950bf1b21d804f6c938fceb40f9	d30a30985aa10663400c3228a21cc646
43965	ff3f0d57806108e7bd7cec575eefce24	77a430ad9aa654284f7b1052af4a569b	c54b5860e0da08215b4db25d81000534
43966	ff3f0d57806108e7bd7cec575eefce24	77a430ad9aa654284f7b1052af4a569b	c54b5860e0da08215b4db25d81000534
43967	ff3f0d57806108e7bd7cec575eefce24	77a430ad9aa654284f7b1052af4a569b	c54b5860e0da08215b4db25d81000534
43968	ff3f0d57806108e7bd7cec575eefce24	77a430ad9aa654284f7b1052af4a569b	c54b5860e0da08215b4db25d81000534
43969	ff3f0d57806108e7bd7cec575eefce24	77a430ad9aa654284f7b1052af4a569b	c54b5860e0da08215b4db25d81000534
43970	9f60019125a9d66b799b2433759e8719	8665a20a3ef72bc291d85e99f065e21f	f992456878df336eb03b17d7431bdb6d
43971	8535ecf9bfba9b18b92b8e9aaff9bdc8	0fa63d4f887004dc18e8aee3966f6831	72b56a961d19d62d8eb6b424b48adf12
43972	c6218e6f02da93125f2521df1a62589a	355461db7d92e65fd5c69a69db48293e	cfeb82abb68fecd56cfd19bb026b468a
43973	df16fe809618eb4977999256dff47500	51c08ca77e4b379bc1c1865f51578bcc	480c740571504b7dda77f4dffba0060c
43974	df16fe809618eb4977999256dff47500	51c08ca77e4b379bc1c1865f51578bcc	480c740571504b7dda77f4dffba0060c
43975	bddeca54a3804a3cdb7972f0016888e6	d06f029892fbdf2cc7b6ef837ea262c8	dcccb8d5f24e638ae7743b836d4c7932
43976	bddeca54a3804a3cdb7972f0016888e6	d06f029892fbdf2cc7b6ef837ea262c8	dcccb8d5f24e638ae7743b836d4c7932
43977	bddeca54a3804a3cdb7972f0016888e6	d06f029892fbdf2cc7b6ef837ea262c8	dcccb8d5f24e638ae7743b836d4c7932
43978	bddeca54a3804a3cdb7972f0016888e6	d06f029892fbdf2cc7b6ef837ea262c8	dcccb8d5f24e638ae7743b836d4c7932
43979	bddeca54a3804a3cdb7972f0016888e6	d06f029892fbdf2cc7b6ef837ea262c8	dcccb8d5f24e638ae7743b836d4c7932
43980	bddeca54a3804a3cdb7972f0016888e6	d06f029892fbdf2cc7b6ef837ea262c8	dcccb8d5f24e638ae7743b836d4c7932
43981	bddeca54a3804a3cdb7972f0016888e6	d06f029892fbdf2cc7b6ef837ea262c8	dcccb8d5f24e638ae7743b836d4c7932
43982	6fbf08b867414b19e2b2c39343069182	9ae4fd0f5aa7d6a13051dc53e2859617	0a97e00a1c95ef34ae986472bdd364ab
43983	6fbf08b867414b19e2b2c39343069182	9ae4fd0f5aa7d6a13051dc53e2859617	0a97e00a1c95ef34ae986472bdd364ab
43984	6fbf08b867414b19e2b2c39343069182	9ae4fd0f5aa7d6a13051dc53e2859617	0a97e00a1c95ef34ae986472bdd364ab
43985	6fbf08b867414b19e2b2c39343069182	9ae4fd0f5aa7d6a13051dc53e2859617	0a97e00a1c95ef34ae986472bdd364ab
43986	6fbf08b867414b19e2b2c39343069182	9ae4fd0f5aa7d6a13051dc53e2859617	0a97e00a1c95ef34ae986472bdd364ab
43987	bec3439cf01a8e52739d19f3a46e9e9e	ac3886aa8247f490c6a86803912f2109	beb06da6221e454fe9e18f1380f74e60
43988	bec3439cf01a8e52739d19f3a46e9e9e	ac3886aa8247f490c6a86803912f2109	beb06da6221e454fe9e18f1380f74e60
43989	bec3439cf01a8e52739d19f3a46e9e9e	ac3886aa8247f490c6a86803912f2109	beb06da6221e454fe9e18f1380f74e60
43990	455b3c479a5f56798cef40758608ee5f	eb71cd2073774b6b466a273db3e0c8d6	ee88e3f1a5df36a8a48d24f5cc492347
43991	9df4f58c44e81f5d4065220774b99166	b059c5742b47927fedd7555258275cb2	1674930edd55ed85aa76ceec962547a7
43992	1d56d77c31a460211dedf4e6dc1a3a90	43191ff67b5eecf9c79e592ec11b4ff6	173443d2755ee74560c4808f9751fd4d
43993	1d56d77c31a460211dedf4e6dc1a3a90	43191ff67b5eecf9c79e592ec11b4ff6	173443d2755ee74560c4808f9751fd4d
43994	79063efad668e6b46e0b9296d398835d	9dadb44b9c8df3572db5b4d888d1e371	e860c7b2efc1f8600f8a67c68af1bc9e
43995	79063efad668e6b46e0b9296d398835d	9dadb44b9c8df3572db5b4d888d1e371	e860c7b2efc1f8600f8a67c68af1bc9e
43996	79063efad668e6b46e0b9296d398835d	9dadb44b9c8df3572db5b4d888d1e371	e860c7b2efc1f8600f8a67c68af1bc9e
43997	e0b9b1cce9e49ef29114baf8d0590d85	6c79f7c556e7ecf229b72350955c11c9	9491d25fcceccd929e6a65b4d9451b69
43998	79063efad668e6b46e0b9296d398835d	9dadb44b9c8df3572db5b4d888d1e371	e860c7b2efc1f8600f8a67c68af1bc9e
43999	bde1937f9dc44269b7f7a9d92e3765c0	317362d231f1c2cf23e9413d63f3d37b	36a85bfd1f30853a312d30a42de6cf4e
44000	bde1937f9dc44269b7f7a9d92e3765c0	317362d231f1c2cf23e9413d63f3d37b	36a85bfd1f30853a312d30a42de6cf4e
44001	bde1937f9dc44269b7f7a9d92e3765c0	317362d231f1c2cf23e9413d63f3d37b	36a85bfd1f30853a312d30a42de6cf4e
44002	bde1937f9dc44269b7f7a9d92e3765c0	317362d231f1c2cf23e9413d63f3d37b	36a85bfd1f30853a312d30a42de6cf4e
44003	bde1937f9dc44269b7f7a9d92e3765c0	317362d231f1c2cf23e9413d63f3d37b	36a85bfd1f30853a312d30a42de6cf4e
44004	bde1937f9dc44269b7f7a9d92e3765c0	317362d231f1c2cf23e9413d63f3d37b	36a85bfd1f30853a312d30a42de6cf4e
44005	bde1937f9dc44269b7f7a9d92e3765c0	317362d231f1c2cf23e9413d63f3d37b	36a85bfd1f30853a312d30a42de6cf4e
44006	bde1937f9dc44269b7f7a9d92e3765c0	317362d231f1c2cf23e9413d63f3d37b	36a85bfd1f30853a312d30a42de6cf4e
44007	bde1937f9dc44269b7f7a9d92e3765c0	317362d231f1c2cf23e9413d63f3d37b	36a85bfd1f30853a312d30a42de6cf4e
44008	bde1937f9dc44269b7f7a9d92e3765c0	317362d231f1c2cf23e9413d63f3d37b	36a85bfd1f30853a312d30a42de6cf4e
44009	bde1937f9dc44269b7f7a9d92e3765c0	317362d231f1c2cf23e9413d63f3d37b	36a85bfd1f30853a312d30a42de6cf4e
44010	bde1937f9dc44269b7f7a9d92e3765c0	317362d231f1c2cf23e9413d63f3d37b	36a85bfd1f30853a312d30a42de6cf4e
44011	4836a9d718546f227359ea5432456fde	db27e48d0206b3a75f87d6c5c6874dde	b5fa0c20101f9f3bf2b715f169fb43c6
44012	4836a9d718546f227359ea5432456fde	db27e48d0206b3a75f87d6c5c6874dde	b5fa0c20101f9f3bf2b715f169fb43c6
44013	4836a9d718546f227359ea5432456fde	db27e48d0206b3a75f87d6c5c6874dde	b5fa0c20101f9f3bf2b715f169fb43c6
44014	4836a9d718546f227359ea5432456fde	db27e48d0206b3a75f87d6c5c6874dde	b5fa0c20101f9f3bf2b715f169fb43c6
44015	4836a9d718546f227359ea5432456fde	db27e48d0206b3a75f87d6c5c6874dde	b5fa0c20101f9f3bf2b715f169fb43c6
44016	ca549ed2aa6f2773903e0eb9bd17dc22	2a4836ecdd2305cd815d17c5c0c782ea	3972702403baa0777edf9003c34ca2d9
44017	ca549ed2aa6f2773903e0eb9bd17dc22	2a4836ecdd2305cd815d17c5c0c782ea	3972702403baa0777edf9003c34ca2d9
44018	ca549ed2aa6f2773903e0eb9bd17dc22	2a4836ecdd2305cd815d17c5c0c782ea	3972702403baa0777edf9003c34ca2d9
44019	ca549ed2aa6f2773903e0eb9bd17dc22	2a4836ecdd2305cd815d17c5c0c782ea	3972702403baa0777edf9003c34ca2d9
44020	ca549ed2aa6f2773903e0eb9bd17dc22	2a4836ecdd2305cd815d17c5c0c782ea	3972702403baa0777edf9003c34ca2d9
44021	ca549ed2aa6f2773903e0eb9bd17dc22	2a4836ecdd2305cd815d17c5c0c782ea	3972702403baa0777edf9003c34ca2d9
44022	ca549ed2aa6f2773903e0eb9bd17dc22	2a4836ecdd2305cd815d17c5c0c782ea	3972702403baa0777edf9003c34ca2d9
44023	ca549ed2aa6f2773903e0eb9bd17dc22	2a4836ecdd2305cd815d17c5c0c782ea	3972702403baa0777edf9003c34ca2d9
44024	ca549ed2aa6f2773903e0eb9bd17dc22	2a4836ecdd2305cd815d17c5c0c782ea	3972702403baa0777edf9003c34ca2d9
44025	ca549ed2aa6f2773903e0eb9bd17dc22	2a4836ecdd2305cd815d17c5c0c782ea	3972702403baa0777edf9003c34ca2d9
44026	ca549ed2aa6f2773903e0eb9bd17dc22	2a4836ecdd2305cd815d17c5c0c782ea	3972702403baa0777edf9003c34ca2d9
44027	ca549ed2aa6f2773903e0eb9bd17dc22	2a4836ecdd2305cd815d17c5c0c782ea	3972702403baa0777edf9003c34ca2d9
44028	514d646e586ce47650694d80de0ee1e2	d2d7f74e62b5b4b47e5029c50bd482db	af1fd333fd0d45d52d39038259af3b66
44029	514d646e586ce47650694d80de0ee1e2	d2d7f74e62b5b4b47e5029c50bd482db	af1fd333fd0d45d52d39038259af3b66
44030	514d646e586ce47650694d80de0ee1e2	d2d7f74e62b5b4b47e5029c50bd482db	af1fd333fd0d45d52d39038259af3b66
44031	514d646e586ce47650694d80de0ee1e2	d2d7f74e62b5b4b47e5029c50bd482db	af1fd333fd0d45d52d39038259af3b66
44032	514d646e586ce47650694d80de0ee1e2	d2d7f74e62b5b4b47e5029c50bd482db	af1fd333fd0d45d52d39038259af3b66
44033	514d646e586ce47650694d80de0ee1e2	d2d7f74e62b5b4b47e5029c50bd482db	af1fd333fd0d45d52d39038259af3b66
44034	514d646e586ce47650694d80de0ee1e2	d2d7f74e62b5b4b47e5029c50bd482db	af1fd333fd0d45d52d39038259af3b66
44035	faffdf96829a62628ddb1e6c7a898d01	69616fd0104640da79a8bd60b7cedd10	b2b7cc306dff6a99dbb04ff0823e947c
44036	faffdf96829a62628ddb1e6c7a898d01	69616fd0104640da79a8bd60b7cedd10	b2b7cc306dff6a99dbb04ff0823e947c
44037	faffdf96829a62628ddb1e6c7a898d01	69616fd0104640da79a8bd60b7cedd10	b2b7cc306dff6a99dbb04ff0823e947c
44038	fd7acb7705ca0ab95393cce2b1c29456	06103dc43196f01a3dffaaca1559ea05	43c225d4a94e43ee0397fb4555c57e0a
44039	fd7acb7705ca0ab95393cce2b1c29456	06103dc43196f01a3dffaaca1559ea05	43c225d4a94e43ee0397fb4555c57e0a
44040	faffdf96829a62628ddb1e6c7a898d01	69616fd0104640da79a8bd60b7cedd10	b2b7cc306dff6a99dbb04ff0823e947c
44041	faffdf96829a62628ddb1e6c7a898d01	69616fd0104640da79a8bd60b7cedd10	b2b7cc306dff6a99dbb04ff0823e947c
44042	faffdf96829a62628ddb1e6c7a898d01	69616fd0104640da79a8bd60b7cedd10	b2b7cc306dff6a99dbb04ff0823e947c
44043	0b243c1ac8e68054261bf51aac2bc4f6	916c6956e9cd077720ad5ac0bdbaa3c6	a759e2da85e3cd6656af28fc574cbf5f
44044	38d1ae35cdc371759e3cda1a2d8dac2d	99849a1bc6b56cf0738a52a48e6413b6	184b94bf2350ff669f89108bf8f09bce
44045	45a19a0cd51d3f229ea76372de41b1ef	064cfd745414e8c78039ed4fadd09bfd	937d185050bfdc5d7dbb1379f8920ba0
44046	45a19a0cd51d3f229ea76372de41b1ef	064cfd745414e8c78039ed4fadd09bfd	937d185050bfdc5d7dbb1379f8920ba0
44047	45a19a0cd51d3f229ea76372de41b1ef	064cfd745414e8c78039ed4fadd09bfd	937d185050bfdc5d7dbb1379f8920ba0
44048	45a19a0cd51d3f229ea76372de41b1ef	064cfd745414e8c78039ed4fadd09bfd	937d185050bfdc5d7dbb1379f8920ba0
44049	45a19a0cd51d3f229ea76372de41b1ef	064cfd745414e8c78039ed4fadd09bfd	937d185050bfdc5d7dbb1379f8920ba0
44050	45a19a0cd51d3f229ea76372de41b1ef	064cfd745414e8c78039ed4fadd09bfd	937d185050bfdc5d7dbb1379f8920ba0
44051	45a19a0cd51d3f229ea76372de41b1ef	064cfd745414e8c78039ed4fadd09bfd	937d185050bfdc5d7dbb1379f8920ba0
44052	32f3618e7829a87b1afd04901fcd76d6	9bc6b2a4b9e0a59461477f1e37ebf977	114c480ea0218eb3b8f7d6510db58e53
44053	ac32dcc1280b62eaff96a3d540b3bd1d	53f3f26f0eca3fd76543105e93a37d8a	0ec83c23885073a4192a8a6ea983cfc2
44054	28b061fc4c5685c66f1802b4a590ef9a	98222365a2644b51b5263c979e8ea59c	ac8c46012ca910c69f52bef8433b3815
44055	a9d67725a2fa3626ad2f7428b1f69902	104a6b70b07c84f4b354162ebaa575ab	7a7e7d3d980d502e0b9d36ad03418c0d
44056	c9c6245b1ba10329106b92853b273680	00f76e2156232ef4c384184089b691f1	f44e7a7cff4affbe61c49ded631cc7de
44057	9598567fc61e09ad490602fbd47a2c4c	e6b82191b955f70e1fc9093883c8bdf5	ebd34832de33777b7ed4ba6ecd5e5a75
44058	9598567fc61e09ad490602fbd47a2c4c	e6b82191b955f70e1fc9093883c8bdf5	ebd34832de33777b7ed4ba6ecd5e5a75
44059	9598567fc61e09ad490602fbd47a2c4c	e6b82191b955f70e1fc9093883c8bdf5	ebd34832de33777b7ed4ba6ecd5e5a75
44060	9598567fc61e09ad490602fbd47a2c4c	e6b82191b955f70e1fc9093883c8bdf5	ebd34832de33777b7ed4ba6ecd5e5a75
44061	9598567fc61e09ad490602fbd47a2c4c	e6b82191b955f70e1fc9093883c8bdf5	ebd34832de33777b7ed4ba6ecd5e5a75
44062	9598567fc61e09ad490602fbd47a2c4c	e6b82191b955f70e1fc9093883c8bdf5	ebd34832de33777b7ed4ba6ecd5e5a75
44063	9598567fc61e09ad490602fbd47a2c4c	e6b82191b955f70e1fc9093883c8bdf5	ebd34832de33777b7ed4ba6ecd5e5a75
44064	9598567fc61e09ad490602fbd47a2c4c	e6b82191b955f70e1fc9093883c8bdf5	ebd34832de33777b7ed4ba6ecd5e5a75
44065	9598567fc61e09ad490602fbd47a2c4c	e6b82191b955f70e1fc9093883c8bdf5	ebd34832de33777b7ed4ba6ecd5e5a75
44066	9598567fc61e09ad490602fbd47a2c4c	e6b82191b955f70e1fc9093883c8bdf5	ebd34832de33777b7ed4ba6ecd5e5a75
44067	9598567fc61e09ad490602fbd47a2c4c	e6b82191b955f70e1fc9093883c8bdf5	ebd34832de33777b7ed4ba6ecd5e5a75
44068	9598567fc61e09ad490602fbd47a2c4c	e6b82191b955f70e1fc9093883c8bdf5	ebd34832de33777b7ed4ba6ecd5e5a75
44069	9598567fc61e09ad490602fbd47a2c4c	e6b82191b955f70e1fc9093883c8bdf5	ebd34832de33777b7ed4ba6ecd5e5a75
44070	9598567fc61e09ad490602fbd47a2c4c	e6b82191b955f70e1fc9093883c8bdf5	ebd34832de33777b7ed4ba6ecd5e5a75
44071	9598567fc61e09ad490602fbd47a2c4c	e6b82191b955f70e1fc9093883c8bdf5	ebd34832de33777b7ed4ba6ecd5e5a75
44072	9598567fc61e09ad490602fbd47a2c4c	e6b82191b955f70e1fc9093883c8bdf5	ebd34832de33777b7ed4ba6ecd5e5a75
44073	9598567fc61e09ad490602fbd47a2c4c	e6b82191b955f70e1fc9093883c8bdf5	ebd34832de33777b7ed4ba6ecd5e5a75
44074	5c5de39fad1eaf3b8dfdf9228f460cef	17cbb858ad3f234558cc2b0ce4963a85	25528e60d7fe9bb709aaec01b9819c9f
44075	ce6f7a3dae2829b91f58312b3f3c3207	e5dbf365949f78f1137186b3e8c1178d	39c976aeeac2094874e3bda2bb73dd8a
44076	ce6f7a3dae2829b91f58312b3f3c3207	e5dbf365949f78f1137186b3e8c1178d	39c976aeeac2094874e3bda2bb73dd8a
44077	a3b782aa438adda733361b98659c12ea	8e68514ad4246d5283f4c9c7f79ddb93	2dbfe9c92ccb1b4a3c60b96c700b2cb1
44078	a3b782aa438adda733361b98659c12ea	8e68514ad4246d5283f4c9c7f79ddb93	2dbfe9c92ccb1b4a3c60b96c700b2cb1
44079	5739ad2efb8c6397be5141b541434a2b	43ad9dcca488911687348fab52a6976c	04be39207d44278b658ea1f02c908cf6
44080	5739ad2efb8c6397be5141b541434a2b	43ad9dcca488911687348fab52a6976c	04be39207d44278b658ea1f02c908cf6
44081	32cea465dd8470825c93917895082adc	8997282bcb759f2ba48d52c03fc31b3b	eb843c8e8a61085f4f57140274c2908b
44082	32cea465dd8470825c93917895082adc	8997282bcb759f2ba48d52c03fc31b3b	eb843c8e8a61085f4f57140274c2908b
44083	32cea465dd8470825c93917895082adc	8997282bcb759f2ba48d52c03fc31b3b	eb843c8e8a61085f4f57140274c2908b
44084	79694de572af232f31564be23f6aa426	a2b123aa0f4675b3ac8cde375a289857	61d2f9124d0570893ae7010efea05d18
44085	79694de572af232f31564be23f6aa426	a2b123aa0f4675b3ac8cde375a289857	61d2f9124d0570893ae7010efea05d18
44086	cbadbf064e8535c82f6ea874ab4b6bf7	ac6e54d1d4846287297ef8ea6c16b928	0ce3b0c66e69234c237d46f11f8ebea3
44087	cbadbf064e8535c82f6ea874ab4b6bf7	ac6e54d1d4846287297ef8ea6c16b928	0ce3b0c66e69234c237d46f11f8ebea3
44088	cbadbf064e8535c82f6ea874ab4b6bf7	ac6e54d1d4846287297ef8ea6c16b928	0ce3b0c66e69234c237d46f11f8ebea3
44089	cbadbf064e8535c82f6ea874ab4b6bf7	ac6e54d1d4846287297ef8ea6c16b928	0ce3b0c66e69234c237d46f11f8ebea3
44090	cbadbf064e8535c82f6ea874ab4b6bf7	ac6e54d1d4846287297ef8ea6c16b928	0ce3b0c66e69234c237d46f11f8ebea3
44091	cbadbf064e8535c82f6ea874ab4b6bf7	ac6e54d1d4846287297ef8ea6c16b928	0ce3b0c66e69234c237d46f11f8ebea3
44092	cbadbf064e8535c82f6ea874ab4b6bf7	ac6e54d1d4846287297ef8ea6c16b928	0ce3b0c66e69234c237d46f11f8ebea3
44093	7ba022f692a1244b8c98cf7da66463d1	824493bce37272682f0090baf437d7bf	eb053b496fb02d29ea91659b3ad7ec28
44094	7ba022f692a1244b8c98cf7da66463d1	824493bce37272682f0090baf437d7bf	eb053b496fb02d29ea91659b3ad7ec28
44095	7ba022f692a1244b8c98cf7da66463d1	824493bce37272682f0090baf437d7bf	eb053b496fb02d29ea91659b3ad7ec28
44096	7ba022f692a1244b8c98cf7da66463d1	824493bce37272682f0090baf437d7bf	eb053b496fb02d29ea91659b3ad7ec28
44097	7ba022f692a1244b8c98cf7da66463d1	824493bce37272682f0090baf437d7bf	eb053b496fb02d29ea91659b3ad7ec28
44098	0f06aeafad52d5cc5c840895263c83e8	179b6fca4825a3b2dcf22bb95f6b762c	38ec72c4254a3f94d3d2210ad43db036
44099	0f06aeafad52d5cc5c840895263c83e8	179b6fca4825a3b2dcf22bb95f6b762c	38ec72c4254a3f94d3d2210ad43db036
44100	0f06aeafad52d5cc5c840895263c83e8	179b6fca4825a3b2dcf22bb95f6b762c	38ec72c4254a3f94d3d2210ad43db036
44101	0f06aeafad52d5cc5c840895263c83e8	179b6fca4825a3b2dcf22bb95f6b762c	38ec72c4254a3f94d3d2210ad43db036
44102	0f06aeafad52d5cc5c840895263c83e8	179b6fca4825a3b2dcf22bb95f6b762c	38ec72c4254a3f94d3d2210ad43db036
44103	0f06aeafad52d5cc5c840895263c83e8	179b6fca4825a3b2dcf22bb95f6b762c	38ec72c4254a3f94d3d2210ad43db036
44104	0f06aeafad52d5cc5c840895263c83e8	179b6fca4825a3b2dcf22bb95f6b762c	38ec72c4254a3f94d3d2210ad43db036
44105	44f96831e4ce319698772c709db5f757	9a26ad1662a82f0c5678c6fd4b12f73f	8a374e6ae67fa3144ef465080d622680
44106	44f96831e4ce319698772c709db5f757	9a26ad1662a82f0c5678c6fd4b12f73f	8a374e6ae67fa3144ef465080d622680
44107	44f96831e4ce319698772c709db5f757	9a26ad1662a82f0c5678c6fd4b12f73f	8a374e6ae67fa3144ef465080d622680
44108	44f96831e4ce319698772c709db5f757	9a26ad1662a82f0c5678c6fd4b12f73f	8a374e6ae67fa3144ef465080d622680
44109	44f96831e4ce319698772c709db5f757	9a26ad1662a82f0c5678c6fd4b12f73f	8a374e6ae67fa3144ef465080d622680
44110	1781e21476857a04518ee2030e2a9873	82a6d06b9c2d17125c4c923333cfcf79	de62a1784308c538683eaa1c8a2d598e
44111	1781e21476857a04518ee2030e2a9873	82a6d06b9c2d17125c4c923333cfcf79	de62a1784308c538683eaa1c8a2d598e
44112	1781e21476857a04518ee2030e2a9873	82a6d06b9c2d17125c4c923333cfcf79	de62a1784308c538683eaa1c8a2d598e
44113	a244632cbc92ef5b54bd66260cbbd98d	b15957be5427425289dc1276610a01a5	f8ce0681ae2d34caaf0f1d2f87bcb095
44114	1724a91f9f7d15fcb7fdfe064a50bf30	75a86ef910fe6a08483250750c81408f	0e2676199d90d162d45e16033f66d80d
44115	d61750d15a4fc3f26ca0bd79f9be185f	90a2f1fbfb8312c2cd3bfe00073bd43f	73d14ea35f1b01e72e768bcec166302f
44116	d61750d15a4fc3f26ca0bd79f9be185f	90a2f1fbfb8312c2cd3bfe00073bd43f	73d14ea35f1b01e72e768bcec166302f
44117	d61750d15a4fc3f26ca0bd79f9be185f	90a2f1fbfb8312c2cd3bfe00073bd43f	73d14ea35f1b01e72e768bcec166302f
44118	355f4012c8f302d8ec129811cfb8894b	61b2bbf5971ff72f760faf508174674c	a89bab11d2a0054a01586ba98ec956fb
44119	355f4012c8f302d8ec129811cfb8894b	61b2bbf5971ff72f760faf508174674c	a89bab11d2a0054a01586ba98ec956fb
44120	8d84a253a5483d575ddbf1d51a276cbd	a5eafe2c7e8aba41f0a40c609a1b639f	175641d7c46d0aa40ab772eab3350d62
44121	715ae826d5472d8369e289a7b4c04749	936713cc2b2b9438bb24afab6528e94b	8bdebcaf3f8a23feb134f60e3c6f403b
44122	da38468fc70537f88fe3f032119ac33b	5daef7a31317e48643a8c51c349da825	0d11d14ef35c500b8e84356fe09dddfb
44123	da38468fc70537f88fe3f032119ac33b	5daef7a31317e48643a8c51c349da825	0d11d14ef35c500b8e84356fe09dddfb
44124	da38468fc70537f88fe3f032119ac33b	5daef7a31317e48643a8c51c349da825	0d11d14ef35c500b8e84356fe09dddfb
44125	da38468fc70537f88fe3f032119ac33b	5daef7a31317e48643a8c51c349da825	0d11d14ef35c500b8e84356fe09dddfb
44126	da38468fc70537f88fe3f032119ac33b	5daef7a31317e48643a8c51c349da825	0d11d14ef35c500b8e84356fe09dddfb
44127	9cf1531af58fca21183dac022ea8b0a1	611f9e5d4d9929dba30455064772e9e2	ff7568e1566f3a659cb216a463970323
44128	9cf1531af58fca21183dac022ea8b0a1	611f9e5d4d9929dba30455064772e9e2	ff7568e1566f3a659cb216a463970323
44129	9cf1531af58fca21183dac022ea8b0a1	611f9e5d4d9929dba30455064772e9e2	ff7568e1566f3a659cb216a463970323
44130	9cf1531af58fca21183dac022ea8b0a1	611f9e5d4d9929dba30455064772e9e2	ff7568e1566f3a659cb216a463970323
44131	9cf1531af58fca21183dac022ea8b0a1	611f9e5d4d9929dba30455064772e9e2	ff7568e1566f3a659cb216a463970323
44132	9cf1531af58fca21183dac022ea8b0a1	611f9e5d4d9929dba30455064772e9e2	ff7568e1566f3a659cb216a463970323
44133	9cf1531af58fca21183dac022ea8b0a1	611f9e5d4d9929dba30455064772e9e2	ff7568e1566f3a659cb216a463970323
44134	8fd4a8b6b5524b74223bb924cd39661d	419aabc2684adee57e6ac6ec32a2752b	fb9427a8eb6502e42b3956bd923a6f94
44135	8fd4a8b6b5524b74223bb924cd39661d	419aabc2684adee57e6ac6ec32a2752b	fb9427a8eb6502e42b3956bd923a6f94
44136	8fd4a8b6b5524b74223bb924cd39661d	419aabc2684adee57e6ac6ec32a2752b	fb9427a8eb6502e42b3956bd923a6f94
44137	8fd4a8b6b5524b74223bb924cd39661d	419aabc2684adee57e6ac6ec32a2752b	fb9427a8eb6502e42b3956bd923a6f94
44138	8fd4a8b6b5524b74223bb924cd39661d	419aabc2684adee57e6ac6ec32a2752b	fb9427a8eb6502e42b3956bd923a6f94
44139	8fd4a8b6b5524b74223bb924cd39661d	419aabc2684adee57e6ac6ec32a2752b	fb9427a8eb6502e42b3956bd923a6f94
44140	8fd4a8b6b5524b74223bb924cd39661d	419aabc2684adee57e6ac6ec32a2752b	fb9427a8eb6502e42b3956bd923a6f94
44141	8fd4a8b6b5524b74223bb924cd39661d	419aabc2684adee57e6ac6ec32a2752b	fb9427a8eb6502e42b3956bd923a6f94
44142	8fd4a8b6b5524b74223bb924cd39661d	419aabc2684adee57e6ac6ec32a2752b	fb9427a8eb6502e42b3956bd923a6f94
44143	8fd4a8b6b5524b74223bb924cd39661d	419aabc2684adee57e6ac6ec32a2752b	fb9427a8eb6502e42b3956bd923a6f94
44144	8b6f0e2cf53512a11fc253233a1f5630	34779c8898a20f2e6da231371760a6d9	10561883eb28f795e6d25bb88e849d70
44145	8b6f0e2cf53512a11fc253233a1f5630	34779c8898a20f2e6da231371760a6d9	10561883eb28f795e6d25bb88e849d70
44146	8b6f0e2cf53512a11fc253233a1f5630	34779c8898a20f2e6da231371760a6d9	10561883eb28f795e6d25bb88e849d70
44147	8b6f0e2cf53512a11fc253233a1f5630	34779c8898a20f2e6da231371760a6d9	10561883eb28f795e6d25bb88e849d70
44148	8b6f0e2cf53512a11fc253233a1f5630	34779c8898a20f2e6da231371760a6d9	10561883eb28f795e6d25bb88e849d70
44149	8b6f0e2cf53512a11fc253233a1f5630	34779c8898a20f2e6da231371760a6d9	10561883eb28f795e6d25bb88e849d70
44150	8b6f0e2cf53512a11fc253233a1f5630	34779c8898a20f2e6da231371760a6d9	10561883eb28f795e6d25bb88e849d70
44151	e3361e94366f825d9eb500f572254e2c	564d0a71240f7b00f1f5d57dbf9821df	53a948c0f74e4d7e5ffd779522ae7bb7
44152	e3361e94366f825d9eb500f572254e2c	564d0a71240f7b00f1f5d57dbf9821df	53a948c0f74e4d7e5ffd779522ae7bb7
44153	e3361e94366f825d9eb500f572254e2c	564d0a71240f7b00f1f5d57dbf9821df	53a948c0f74e4d7e5ffd779522ae7bb7
44154	f5667e4e6ad35ba66879e28831439dfc	0b87ac0dfab09a319a8d10b490d3d353	8420c9033aed197d6fed92dea51cdf3e
44155	f5667e4e6ad35ba66879e28831439dfc	0b87ac0dfab09a319a8d10b490d3d353	8420c9033aed197d6fed92dea51cdf3e
44156	da5cbc8547a7f9121cd838eba086b191	de163d4b85330da4fcf51c000dbe0506	abcef0fb95b676a32d5f2c339212712d
44157	da5cbc8547a7f9121cd838eba086b191	de163d4b85330da4fcf51c000dbe0506	abcef0fb95b676a32d5f2c339212712d
44158	da5cbc8547a7f9121cd838eba086b191	de163d4b85330da4fcf51c000dbe0506	abcef0fb95b676a32d5f2c339212712d
44159	da5cbc8547a7f9121cd838eba086b191	de163d4b85330da4fcf51c000dbe0506	abcef0fb95b676a32d5f2c339212712d
44160	da5cbc8547a7f9121cd838eba086b191	de163d4b85330da4fcf51c000dbe0506	abcef0fb95b676a32d5f2c339212712d
44161	da5cbc8547a7f9121cd838eba086b191	de163d4b85330da4fcf51c000dbe0506	abcef0fb95b676a32d5f2c339212712d
44162	da5cbc8547a7f9121cd838eba086b191	de163d4b85330da4fcf51c000dbe0506	abcef0fb95b676a32d5f2c339212712d
44163	243d9b8254000795443cd1beed1ce2b2	2489dd6ad3b465ae02a8fda8c4a481f7	ebdf27f798701d53ab17decd405e4cd8
44164	243d9b8254000795443cd1beed1ce2b2	2489dd6ad3b465ae02a8fda8c4a481f7	ebdf27f798701d53ab17decd405e4cd8
44165	243d9b8254000795443cd1beed1ce2b2	2489dd6ad3b465ae02a8fda8c4a481f7	ebdf27f798701d53ab17decd405e4cd8
44166	243d9b8254000795443cd1beed1ce2b2	2489dd6ad3b465ae02a8fda8c4a481f7	ebdf27f798701d53ab17decd405e4cd8
44167	243d9b8254000795443cd1beed1ce2b2	2489dd6ad3b465ae02a8fda8c4a481f7	ebdf27f798701d53ab17decd405e4cd8
44168	1a1d6f78b0f2f0bca825ffe9e931d900	82c7bead54d675d65971ee5d48f711e4	aa5f0a67ef809c1374655c2ad0953381
44169	1a1d6f78b0f2f0bca825ffe9e931d900	82c7bead54d675d65971ee5d48f711e4	aa5f0a67ef809c1374655c2ad0953381
44170	1a1d6f78b0f2f0bca825ffe9e931d900	82c7bead54d675d65971ee5d48f711e4	aa5f0a67ef809c1374655c2ad0953381
44171	1a1d6f78b0f2f0bca825ffe9e931d900	82c7bead54d675d65971ee5d48f711e4	aa5f0a67ef809c1374655c2ad0953381
44172	1a1d6f78b0f2f0bca825ffe9e931d900	82c7bead54d675d65971ee5d48f711e4	aa5f0a67ef809c1374655c2ad0953381
44173	1a1d6f78b0f2f0bca825ffe9e931d900	82c7bead54d675d65971ee5d48f711e4	aa5f0a67ef809c1374655c2ad0953381
44174	1a1d6f78b0f2f0bca825ffe9e931d900	82c7bead54d675d65971ee5d48f711e4	aa5f0a67ef809c1374655c2ad0953381
44175	1a1d6f78b0f2f0bca825ffe9e931d900	82c7bead54d675d65971ee5d48f711e4	aa5f0a67ef809c1374655c2ad0953381
44176	1a1d6f78b0f2f0bca825ffe9e931d900	82c7bead54d675d65971ee5d48f711e4	aa5f0a67ef809c1374655c2ad0953381
44177	1a1d6f78b0f2f0bca825ffe9e931d900	82c7bead54d675d65971ee5d48f711e4	aa5f0a67ef809c1374655c2ad0953381
44178	1a1d6f78b0f2f0bca825ffe9e931d900	82c7bead54d675d65971ee5d48f711e4	aa5f0a67ef809c1374655c2ad0953381
44179	1a1d6f78b0f2f0bca825ffe9e931d900	82c7bead54d675d65971ee5d48f711e4	aa5f0a67ef809c1374655c2ad0953381
44180	1a1d6f78b0f2f0bca825ffe9e931d900	82c7bead54d675d65971ee5d48f711e4	aa5f0a67ef809c1374655c2ad0953381
44181	1a1d6f78b0f2f0bca825ffe9e931d900	82c7bead54d675d65971ee5d48f711e4	aa5f0a67ef809c1374655c2ad0953381
44182	1a1d6f78b0f2f0bca825ffe9e931d900	82c7bead54d675d65971ee5d48f711e4	aa5f0a67ef809c1374655c2ad0953381
44183	1a1d6f78b0f2f0bca825ffe9e931d900	82c7bead54d675d65971ee5d48f711e4	aa5f0a67ef809c1374655c2ad0953381
44184	1a1d6f78b0f2f0bca825ffe9e931d900	82c7bead54d675d65971ee5d48f711e4	aa5f0a67ef809c1374655c2ad0953381
44185	a3b8cd8b6bd999f40c6b391c57fceaa2	17bd5cbf7934dd4e320d812eae1e4669	9e7f11c7540d157cc3f899600ab0e390
44186	a3b8cd8b6bd999f40c6b391c57fceaa2	17bd5cbf7934dd4e320d812eae1e4669	9e7f11c7540d157cc3f899600ab0e390
44187	a3b8cd8b6bd999f40c6b391c57fceaa2	17bd5cbf7934dd4e320d812eae1e4669	9e7f11c7540d157cc3f899600ab0e390
44188	a3b8cd8b6bd999f40c6b391c57fceaa2	17bd5cbf7934dd4e320d812eae1e4669	9e7f11c7540d157cc3f899600ab0e390
44189	a3b8cd8b6bd999f40c6b391c57fceaa2	17bd5cbf7934dd4e320d812eae1e4669	9e7f11c7540d157cc3f899600ab0e390
44190	a3b8cd8b6bd999f40c6b391c57fceaa2	17bd5cbf7934dd4e320d812eae1e4669	9e7f11c7540d157cc3f899600ab0e390
44191	a3b8cd8b6bd999f40c6b391c57fceaa2	17bd5cbf7934dd4e320d812eae1e4669	9e7f11c7540d157cc3f899600ab0e390
44192	dfd3dbb151320b42e9170158c43e9f44	5e4a41d9315288496201cfe7ff4f3a1e	f9ee6414e716f627d6d4ac1f14abc115
44193	dfd3dbb151320b42e9170158c43e9f44	5e4a41d9315288496201cfe7ff4f3a1e	f9ee6414e716f627d6d4ac1f14abc115
44194	dfd3dbb151320b42e9170158c43e9f44	5e4a41d9315288496201cfe7ff4f3a1e	f9ee6414e716f627d6d4ac1f14abc115
44195	fe1b4708c9c8d7011bc73813b2e5747f	4fdac0700a8c1bcf6548acb094c48683	0a1ba97524158a5658380d98d26819c1
44196	fe1b4708c9c8d7011bc73813b2e5747f	4fdac0700a8c1bcf6548acb094c48683	0a1ba97524158a5658380d98d26819c1
44197	cfd364a24b5e5515e7ce4680c0901a7d	b18c349ae131b81c20b91c430e2fa10f	8e9525722e58b0cd2feaa50dfed254c3
44198	cbf6e2bef6868c293c21e7e3ea424020	a308eade5163a9cf6573ca46fcc85fbe	b4adb1eb54d842a2914e21f1b53277d0
44199	cbf6e2bef6868c293c21e7e3ea424020	a308eade5163a9cf6573ca46fcc85fbe	b4adb1eb54d842a2914e21f1b53277d0
44200	cfd364a24b5e5515e7ce4680c0901a7d	b18c349ae131b81c20b91c430e2fa10f	8e9525722e58b0cd2feaa50dfed254c3
44201	cfd364a24b5e5515e7ce4680c0901a7d	b18c349ae131b81c20b91c430e2fa10f	8e9525722e58b0cd2feaa50dfed254c3
44202	cfd364a24b5e5515e7ce4680c0901a7d	b18c349ae131b81c20b91c430e2fa10f	8e9525722e58b0cd2feaa50dfed254c3
44203	cfd364a24b5e5515e7ce4680c0901a7d	b18c349ae131b81c20b91c430e2fa10f	8e9525722e58b0cd2feaa50dfed254c3
44204	29156db4fcf29e24b323e5e07db24f39	cba002805b6acc57abc1b5cff72f124e	363b3faf8f41b599b9ea49420a58bc56
44205	29156db4fcf29e24b323e5e07db24f39	cba002805b6acc57abc1b5cff72f124e	363b3faf8f41b599b9ea49420a58bc56
44206	29156db4fcf29e24b323e5e07db24f39	cba002805b6acc57abc1b5cff72f124e	363b3faf8f41b599b9ea49420a58bc56
44207	29156db4fcf29e24b323e5e07db24f39	cba002805b6acc57abc1b5cff72f124e	363b3faf8f41b599b9ea49420a58bc56
44208	29156db4fcf29e24b323e5e07db24f39	cba002805b6acc57abc1b5cff72f124e	363b3faf8f41b599b9ea49420a58bc56
44209	f8f694cb7ef9d5f930317812e7bee8f1	693e409521c464bb56650fef754c8c57	06cec231a84f2d84715299715b69761e
44210	f8f694cb7ef9d5f930317812e7bee8f1	693e409521c464bb56650fef754c8c57	06cec231a84f2d84715299715b69761e
44211	f8f694cb7ef9d5f930317812e7bee8f1	693e409521c464bb56650fef754c8c57	06cec231a84f2d84715299715b69761e
44212	f8f694cb7ef9d5f930317812e7bee8f1	693e409521c464bb56650fef754c8c57	06cec231a84f2d84715299715b69761e
44213	f8f694cb7ef9d5f930317812e7bee8f1	693e409521c464bb56650fef754c8c57	06cec231a84f2d84715299715b69761e
44214	b3bd67ca47bc8df2746f21caeeebce04	60589ad8839edf5b03fcf34a48108142	5772978067135f9f79a7f748b1dd0dca
44215	b3bd67ca47bc8df2746f21caeeebce04	60589ad8839edf5b03fcf34a48108142	5772978067135f9f79a7f748b1dd0dca
44216	b3bd67ca47bc8df2746f21caeeebce04	60589ad8839edf5b03fcf34a48108142	5772978067135f9f79a7f748b1dd0dca
44217	b3bd67ca47bc8df2746f21caeeebce04	60589ad8839edf5b03fcf34a48108142	5772978067135f9f79a7f748b1dd0dca
44218	b3bd67ca47bc8df2746f21caeeebce04	60589ad8839edf5b03fcf34a48108142	5772978067135f9f79a7f748b1dd0dca
44219	b3bd67ca47bc8df2746f21caeeebce04	60589ad8839edf5b03fcf34a48108142	5772978067135f9f79a7f748b1dd0dca
44220	b3bd67ca47bc8df2746f21caeeebce04	60589ad8839edf5b03fcf34a48108142	5772978067135f9f79a7f748b1dd0dca
44221	c50556165f59f4083819501665a8de81	bb9b641184a546d8852742a8658a80e8	44ec24e648f980406a37c92c2cf605e3
44222	0b958f6d01ca1859746df9fc0dedb2c2	e7ccd7081f56a1894dde1068133fa872	9874f12d31ab05e4753991b104fa9e64
44223	0b958f6d01ca1859746df9fc0dedb2c2	e7ccd7081f56a1894dde1068133fa872	9874f12d31ab05e4753991b104fa9e64
44224	84750c02be62a397b3898cfbdd9e386e	c80b1c47d574304ca4731b8040d6d129	5a4630fe9047edaa7fa84bbe2b598ed7
44225	84750c02be62a397b3898cfbdd9e386e	c80b1c47d574304ca4731b8040d6d129	5a4630fe9047edaa7fa84bbe2b598ed7
44226	cff13cbcac9140589bbc8c885da5d845	d90ed268ac93729a7e2d56678b6ae9ba	af8f44303740a89092bc61c20ba1c21f
44227	cff13cbcac9140589bbc8c885da5d845	d90ed268ac93729a7e2d56678b6ae9ba	af8f44303740a89092bc61c20ba1c21f
44228	cff13cbcac9140589bbc8c885da5d845	d90ed268ac93729a7e2d56678b6ae9ba	af8f44303740a89092bc61c20ba1c21f
44229	cff13cbcac9140589bbc8c885da5d845	d90ed268ac93729a7e2d56678b6ae9ba	af8f44303740a89092bc61c20ba1c21f
44230	cff13cbcac9140589bbc8c885da5d845	d90ed268ac93729a7e2d56678b6ae9ba	af8f44303740a89092bc61c20ba1c21f
44231	cff13cbcac9140589bbc8c885da5d845	d90ed268ac93729a7e2d56678b6ae9ba	af8f44303740a89092bc61c20ba1c21f
44232	cff13cbcac9140589bbc8c885da5d845	d90ed268ac93729a7e2d56678b6ae9ba	af8f44303740a89092bc61c20ba1c21f
44233	baec933d45db6390e92e8c52a77ee95a	8f985fd492590fc60a02a96246c3177d	b49ba7598d6208117a4ef6394cc46790
44234	baec933d45db6390e92e8c52a77ee95a	8f985fd492590fc60a02a96246c3177d	b49ba7598d6208117a4ef6394cc46790
44235	baec933d45db6390e92e8c52a77ee95a	8f985fd492590fc60a02a96246c3177d	b49ba7598d6208117a4ef6394cc46790
44236	baec933d45db6390e92e8c52a77ee95a	8f985fd492590fc60a02a96246c3177d	b49ba7598d6208117a4ef6394cc46790
44237	baec933d45db6390e92e8c52a77ee95a	8f985fd492590fc60a02a96246c3177d	b49ba7598d6208117a4ef6394cc46790
44238	7bba13e5e342f494496588537e34324e	9becfc3638a77ab2960bf8c6c782b894	9e0c8f42ae5afb024f64f2f2eda1c21c
44239	7bba13e5e342f494496588537e34324e	9becfc3638a77ab2960bf8c6c782b894	9e0c8f42ae5afb024f64f2f2eda1c21c
44240	7bba13e5e342f494496588537e34324e	9becfc3638a77ab2960bf8c6c782b894	9e0c8f42ae5afb024f64f2f2eda1c21c
44241	7bba13e5e342f494496588537e34324e	9becfc3638a77ab2960bf8c6c782b894	9e0c8f42ae5afb024f64f2f2eda1c21c
44242	7bba13e5e342f494496588537e34324e	9becfc3638a77ab2960bf8c6c782b894	9e0c8f42ae5afb024f64f2f2eda1c21c
44243	7bba13e5e342f494496588537e34324e	9becfc3638a77ab2960bf8c6c782b894	9e0c8f42ae5afb024f64f2f2eda1c21c
44244	7bba13e5e342f494496588537e34324e	9becfc3638a77ab2960bf8c6c782b894	9e0c8f42ae5afb024f64f2f2eda1c21c
44245	f7ab346ffe2f551865a3ffcf7fe5530f	c81b98d023477b1a5f3e9fe6bb9c96ac	f5a4f32bc17ffa10e046e380155ec903
44246	f7ab346ffe2f551865a3ffcf7fe5530f	c81b98d023477b1a5f3e9fe6bb9c96ac	f5a4f32bc17ffa10e046e380155ec903
44247	f7ab346ffe2f551865a3ffcf7fe5530f	c81b98d023477b1a5f3e9fe6bb9c96ac	f5a4f32bc17ffa10e046e380155ec903
44248	f7ab346ffe2f551865a3ffcf7fe5530f	c81b98d023477b1a5f3e9fe6bb9c96ac	f5a4f32bc17ffa10e046e380155ec903
44249	f7ab346ffe2f551865a3ffcf7fe5530f	c81b98d023477b1a5f3e9fe6bb9c96ac	f5a4f32bc17ffa10e046e380155ec903
44250	66ebb151681d9216b51bef33bc8a902d	c8e024a291b5e0611a1f21f38e5e6ca3	40342f64069c82a0cb2f08907e3246c1
44251	66ebb151681d9216b51bef33bc8a902d	c8e024a291b5e0611a1f21f38e5e6ca3	40342f64069c82a0cb2f08907e3246c1
44252	66ebb151681d9216b51bef33bc8a902d	c8e024a291b5e0611a1f21f38e5e6ca3	40342f64069c82a0cb2f08907e3246c1
44253	66ebb151681d9216b51bef33bc8a902d	c8e024a291b5e0611a1f21f38e5e6ca3	40342f64069c82a0cb2f08907e3246c1
44254	66ebb151681d9216b51bef33bc8a902d	c8e024a291b5e0611a1f21f38e5e6ca3	40342f64069c82a0cb2f08907e3246c1
44255	a9df641f9dcb28721cf754ce883b4348	470a9376ed0e1a0dc0567c3c8b721db8	f7da4525f80ed49bbc89c0333ddd29ae
44256	a9df641f9dcb28721cf754ce883b4348	470a9376ed0e1a0dc0567c3c8b721db8	f7da4525f80ed49bbc89c0333ddd29ae
44257	a9df641f9dcb28721cf754ce883b4348	470a9376ed0e1a0dc0567c3c8b721db8	f7da4525f80ed49bbc89c0333ddd29ae
44258	a9df641f9dcb28721cf754ce883b4348	470a9376ed0e1a0dc0567c3c8b721db8	f7da4525f80ed49bbc89c0333ddd29ae
44259	a9df641f9dcb28721cf754ce883b4348	470a9376ed0e1a0dc0567c3c8b721db8	f7da4525f80ed49bbc89c0333ddd29ae
44260	a9df641f9dcb28721cf754ce883b4348	470a9376ed0e1a0dc0567c3c8b721db8	f7da4525f80ed49bbc89c0333ddd29ae
44261	c60775bef7bb7c9ae2243d67b4542cdb	69e811df84722a24983c33bbb1fc4dbc	a6fa2e0b17d1283ca20c52d626e61ec0
44262	c60775bef7bb7c9ae2243d67b4542cdb	69e811df84722a24983c33bbb1fc4dbc	a6fa2e0b17d1283ca20c52d626e61ec0
44263	c60775bef7bb7c9ae2243d67b4542cdb	69e811df84722a24983c33bbb1fc4dbc	a6fa2e0b17d1283ca20c52d626e61ec0
44264	c60775bef7bb7c9ae2243d67b4542cdb	69e811df84722a24983c33bbb1fc4dbc	a6fa2e0b17d1283ca20c52d626e61ec0
44265	a9df641f9dcb28721cf754ce883b4348	470a9376ed0e1a0dc0567c3c8b721db8	f7da4525f80ed49bbc89c0333ddd29ae
44266	a9df641f9dcb28721cf754ce883b4348	470a9376ed0e1a0dc0567c3c8b721db8	f7da4525f80ed49bbc89c0333ddd29ae
44267	f824451ebbd18c3fae5c8f2314362606	2c7215726dc17c9660f60eedffc79a5d	7f8c62daf2262333f4d70afacb9f6246
44268	f824451ebbd18c3fae5c8f2314362606	2c7215726dc17c9660f60eedffc79a5d	7f8c62daf2262333f4d70afacb9f6246
44269	f824451ebbd18c3fae5c8f2314362606	2c7215726dc17c9660f60eedffc79a5d	7f8c62daf2262333f4d70afacb9f6246
44270	f824451ebbd18c3fae5c8f2314362606	2c7215726dc17c9660f60eedffc79a5d	7f8c62daf2262333f4d70afacb9f6246
44271	f824451ebbd18c3fae5c8f2314362606	2c7215726dc17c9660f60eedffc79a5d	7f8c62daf2262333f4d70afacb9f6246
44272	f824451ebbd18c3fae5c8f2314362606	2c7215726dc17c9660f60eedffc79a5d	7f8c62daf2262333f4d70afacb9f6246
44273	f824451ebbd18c3fae5c8f2314362606	2c7215726dc17c9660f60eedffc79a5d	7f8c62daf2262333f4d70afacb9f6246
44274	00c1858812b44d580a10f03f4284c9b4	4949ef1f0afefb9baa8eab63210d0018	53e20e0558b8e05bab0b5facf622b227
44275	00c1858812b44d580a10f03f4284c9b4	4949ef1f0afefb9baa8eab63210d0018	53e20e0558b8e05bab0b5facf622b227
44276	00c1858812b44d580a10f03f4284c9b4	4949ef1f0afefb9baa8eab63210d0018	53e20e0558b8e05bab0b5facf622b227
44277	00c1858812b44d580a10f03f4284c9b4	4949ef1f0afefb9baa8eab63210d0018	53e20e0558b8e05bab0b5facf622b227
44278	00c1858812b44d580a10f03f4284c9b4	4949ef1f0afefb9baa8eab63210d0018	53e20e0558b8e05bab0b5facf622b227
44279	00c1858812b44d580a10f03f4284c9b4	4949ef1f0afefb9baa8eab63210d0018	53e20e0558b8e05bab0b5facf622b227
44280	00c1858812b44d580a10f03f4284c9b4	4949ef1f0afefb9baa8eab63210d0018	53e20e0558b8e05bab0b5facf622b227
44281	00c1858812b44d580a10f03f4284c9b4	4949ef1f0afefb9baa8eab63210d0018	53e20e0558b8e05bab0b5facf622b227
44282	00c1858812b44d580a10f03f4284c9b4	4949ef1f0afefb9baa8eab63210d0018	53e20e0558b8e05bab0b5facf622b227
44283	00c1858812b44d580a10f03f4284c9b4	4949ef1f0afefb9baa8eab63210d0018	53e20e0558b8e05bab0b5facf622b227
44284	5d17a432b71441bce9573e382c74a110	06c7c99d0c93b16b78ea211398db7fb3	8fd4681ec285909d3757976b714edb14
44285	5d17a432b71441bce9573e382c74a110	06c7c99d0c93b16b78ea211398db7fb3	8fd4681ec285909d3757976b714edb14
44286	5d17a432b71441bce9573e382c74a110	06c7c99d0c93b16b78ea211398db7fb3	8fd4681ec285909d3757976b714edb14
44287	5d17a432b71441bce9573e382c74a110	06c7c99d0c93b16b78ea211398db7fb3	8fd4681ec285909d3757976b714edb14
44288	5d17a432b71441bce9573e382c74a110	06c7c99d0c93b16b78ea211398db7fb3	8fd4681ec285909d3757976b714edb14
44289	5d17a432b71441bce9573e382c74a110	06c7c99d0c93b16b78ea211398db7fb3	8fd4681ec285909d3757976b714edb14
44290	5d17a432b71441bce9573e382c74a110	06c7c99d0c93b16b78ea211398db7fb3	8fd4681ec285909d3757976b714edb14
44291	9e925b5b0f8a218039b4e5d66cbce275	55eeb7ac4a9311646f0d5ff4109180f8	fc243aaecf0df2029d7e51fefa4562f3
44292	9e925b5b0f8a218039b4e5d66cbce275	55eeb7ac4a9311646f0d5ff4109180f8	fc243aaecf0df2029d7e51fefa4562f3
44293	9e925b5b0f8a218039b4e5d66cbce275	55eeb7ac4a9311646f0d5ff4109180f8	fc243aaecf0df2029d7e51fefa4562f3
44294	9e925b5b0f8a218039b4e5d66cbce275	55eeb7ac4a9311646f0d5ff4109180f8	fc243aaecf0df2029d7e51fefa4562f3
44295	008658f9e9e4f9b3fcc7dfd778416a15	8bca3cc22d6e8339c50a2e0c48a801c3	81df7208ecccb03bb8cc66946b58d786
44296	d85dae8ea0f2d3dbadd7876fe6f4bedb	00561d211f0b814f6aeba65da9035a8d	b04e9cbcb2edafd660e50f967e8c6937
44297	d85dae8ea0f2d3dbadd7876fe6f4bedb	00561d211f0b814f6aeba65da9035a8d	b04e9cbcb2edafd660e50f967e8c6937
44298	d85dae8ea0f2d3dbadd7876fe6f4bedb	00561d211f0b814f6aeba65da9035a8d	b04e9cbcb2edafd660e50f967e8c6937
44299	d85dae8ea0f2d3dbadd7876fe6f4bedb	00561d211f0b814f6aeba65da9035a8d	b04e9cbcb2edafd660e50f967e8c6937
44300	d85dae8ea0f2d3dbadd7876fe6f4bedb	00561d211f0b814f6aeba65da9035a8d	b04e9cbcb2edafd660e50f967e8c6937
44301	d85dae8ea0f2d3dbadd7876fe6f4bedb	00561d211f0b814f6aeba65da9035a8d	b04e9cbcb2edafd660e50f967e8c6937
44302	d85dae8ea0f2d3dbadd7876fe6f4bedb	00561d211f0b814f6aeba65da9035a8d	b04e9cbcb2edafd660e50f967e8c6937
44303	d85dae8ea0f2d3dbadd7876fe6f4bedb	00561d211f0b814f6aeba65da9035a8d	b04e9cbcb2edafd660e50f967e8c6937
44304	d85dae8ea0f2d3dbadd7876fe6f4bedb	00561d211f0b814f6aeba65da9035a8d	b04e9cbcb2edafd660e50f967e8c6937
44305	d85dae8ea0f2d3dbadd7876fe6f4bedb	00561d211f0b814f6aeba65da9035a8d	b04e9cbcb2edafd660e50f967e8c6937
44306	d85dae8ea0f2d3dbadd7876fe6f4bedb	00561d211f0b814f6aeba65da9035a8d	b04e9cbcb2edafd660e50f967e8c6937
44307	d85dae8ea0f2d3dbadd7876fe6f4bedb	00561d211f0b814f6aeba65da9035a8d	b04e9cbcb2edafd660e50f967e8c6937
44308	d85dae8ea0f2d3dbadd7876fe6f4bedb	00561d211f0b814f6aeba65da9035a8d	b04e9cbcb2edafd660e50f967e8c6937
44309	d85dae8ea0f2d3dbadd7876fe6f4bedb	00561d211f0b814f6aeba65da9035a8d	b04e9cbcb2edafd660e50f967e8c6937
44310	d85dae8ea0f2d3dbadd7876fe6f4bedb	00561d211f0b814f6aeba65da9035a8d	b04e9cbcb2edafd660e50f967e8c6937
44311	d85dae8ea0f2d3dbadd7876fe6f4bedb	00561d211f0b814f6aeba65da9035a8d	b04e9cbcb2edafd660e50f967e8c6937
44312	d85dae8ea0f2d3dbadd7876fe6f4bedb	00561d211f0b814f6aeba65da9035a8d	b04e9cbcb2edafd660e50f967e8c6937
44313	3add84275cc6b57458783bfc7d1aba05	8bb9b02b02d1d49a3d2502ddc38b21ae	d824f6c799bf5d5743f0e0a5b6b25cf7
44314	3add84275cc6b57458783bfc7d1aba05	8bb9b02b02d1d49a3d2502ddc38b21ae	d824f6c799bf5d5743f0e0a5b6b25cf7
44315	3add84275cc6b57458783bfc7d1aba05	8bb9b02b02d1d49a3d2502ddc38b21ae	d824f6c799bf5d5743f0e0a5b6b25cf7
44316	ba4ad20148d95651a7fbcde91e6dd02f	59ee5059565f419cf08d180ce4f18b9a	9a72b878051ff955838bd0f96ef476ec
44317	ec781b461ebca9f7cdc49cc3252343cb	6397b28c1c4cd351001224387f795004	439f5a700c29589205647a8f0fcb1d80
44318	6821f11440b12d5b477bfc502af5576b	7b7b4e5d682b2c8113ba6cdf5cdec3ba	543bb8d8f947f662264477a06b57f99d
44319	6821f11440b12d5b477bfc502af5576b	7b7b4e5d682b2c8113ba6cdf5cdec3ba	543bb8d8f947f662264477a06b57f99d
44320	dad85415c656e9db05e021bd5f0937b1	2612f0e3586e081553e9b3414057702a	20c95089e62d50865dde776a9474b530
44321	dad85415c656e9db05e021bd5f0937b1	2612f0e3586e081553e9b3414057702a	20c95089e62d50865dde776a9474b530
44322	dad85415c656e9db05e021bd5f0937b1	2612f0e3586e081553e9b3414057702a	20c95089e62d50865dde776a9474b530
44323	6ad2ffb1a8274446cff10433c495296e	1cd196e42cbc07406778e924f17ad587	67ad3e6a54c7609626afb19245cf93c3
44324	6ad2ffb1a8274446cff10433c495296e	1cd196e42cbc07406778e924f17ad587	67ad3e6a54c7609626afb19245cf93c3
44325	7dd24d777887aff90762198262105347	8a36b353c3de9cbc37ffbfa8f05583ae	1a5b3e6418d5dde1113c90d85d11835c
44326	7dd24d777887aff90762198262105347	8a36b353c3de9cbc37ffbfa8f05583ae	1a5b3e6418d5dde1113c90d85d11835c
44327	7dd24d777887aff90762198262105347	8a36b353c3de9cbc37ffbfa8f05583ae	1a5b3e6418d5dde1113c90d85d11835c
44328	7dd24d777887aff90762198262105347	8a36b353c3de9cbc37ffbfa8f05583ae	1a5b3e6418d5dde1113c90d85d11835c
44329	7dd24d777887aff90762198262105347	8a36b353c3de9cbc37ffbfa8f05583ae	1a5b3e6418d5dde1113c90d85d11835c
44330	7dd24d777887aff90762198262105347	8a36b353c3de9cbc37ffbfa8f05583ae	1a5b3e6418d5dde1113c90d85d11835c
44331	7dd24d777887aff90762198262105347	8a36b353c3de9cbc37ffbfa8f05583ae	1a5b3e6418d5dde1113c90d85d11835c
44332	7e93c5671c6e365294b274f7d6830f91	c673f61510ca59276a26f7edc5675adf	15974b0e62e2023853e75ca42567a8de
44333	6d3a36aa3b1178d32ccfbaec337e0a99	f59b44c433b6ea1b4df12aab34666851	4b7053001c9e43fb1e2550961f0d27d2
44334	6d3a36aa3b1178d32ccfbaec337e0a99	f59b44c433b6ea1b4df12aab34666851	4b7053001c9e43fb1e2550961f0d27d2
44335	7dd24d777887aff90762198262105347	8a36b353c3de9cbc37ffbfa8f05583ae	1a5b3e6418d5dde1113c90d85d11835c
44336	7dd24d777887aff90762198262105347	8a36b353c3de9cbc37ffbfa8f05583ae	1a5b3e6418d5dde1113c90d85d11835c
44337	1d95422eb030c43d75f7694cb8385ac0	055808fb3f95955cc45e45d4207e3295	8fe48f95c7b86733ff97eb21e0f1bf65
44338	1d95422eb030c43d75f7694cb8385ac0	055808fb3f95955cc45e45d4207e3295	8fe48f95c7b86733ff97eb21e0f1bf65
44339	1d95422eb030c43d75f7694cb8385ac0	055808fb3f95955cc45e45d4207e3295	8fe48f95c7b86733ff97eb21e0f1bf65
44340	1d95422eb030c43d75f7694cb8385ac0	055808fb3f95955cc45e45d4207e3295	8fe48f95c7b86733ff97eb21e0f1bf65
44341	1d95422eb030c43d75f7694cb8385ac0	055808fb3f95955cc45e45d4207e3295	8fe48f95c7b86733ff97eb21e0f1bf65
44342	1d95422eb030c43d75f7694cb8385ac0	055808fb3f95955cc45e45d4207e3295	8fe48f95c7b86733ff97eb21e0f1bf65
44343	1d95422eb030c43d75f7694cb8385ac0	055808fb3f95955cc45e45d4207e3295	8fe48f95c7b86733ff97eb21e0f1bf65
44344	a9ad931514a8b7820ba70820bc0a040d	444d8b8f91e1da36b002bdbb520f57e0	29fb9319c0f30368508cb7cc6d12fe48
44345	a9ad931514a8b7820ba70820bc0a040d	444d8b8f91e1da36b002bdbb520f57e0	29fb9319c0f30368508cb7cc6d12fe48
44346	a9ad931514a8b7820ba70820bc0a040d	444d8b8f91e1da36b002bdbb520f57e0	29fb9319c0f30368508cb7cc6d12fe48
44347	1d95422eb030c43d75f7694cb8385ac0	055808fb3f95955cc45e45d4207e3295	8fe48f95c7b86733ff97eb21e0f1bf65
44348	1d95422eb030c43d75f7694cb8385ac0	055808fb3f95955cc45e45d4207e3295	8fe48f95c7b86733ff97eb21e0f1bf65
44349	1d95422eb030c43d75f7694cb8385ac0	055808fb3f95955cc45e45d4207e3295	8fe48f95c7b86733ff97eb21e0f1bf65
44350	1d95422eb030c43d75f7694cb8385ac0	055808fb3f95955cc45e45d4207e3295	8fe48f95c7b86733ff97eb21e0f1bf65
44351	1d95422eb030c43d75f7694cb8385ac0	055808fb3f95955cc45e45d4207e3295	8fe48f95c7b86733ff97eb21e0f1bf65
44352	1d95422eb030c43d75f7694cb8385ac0	055808fb3f95955cc45e45d4207e3295	8fe48f95c7b86733ff97eb21e0f1bf65
44353	1d95422eb030c43d75f7694cb8385ac0	055808fb3f95955cc45e45d4207e3295	8fe48f95c7b86733ff97eb21e0f1bf65
44354	f7e6d1408d3e665387144691e5709a28	b9f1d0c3eb5e698ea5f06a9adebc9146	4af91fc00cfa0875fa6dcb8c88908c3e
44355	f7e6d1408d3e665387144691e5709a28	b9f1d0c3eb5e698ea5f06a9adebc9146	4af91fc00cfa0875fa6dcb8c88908c3e
44356	f7e6d1408d3e665387144691e5709a28	b9f1d0c3eb5e698ea5f06a9adebc9146	4af91fc00cfa0875fa6dcb8c88908c3e
44357	f7e6d1408d3e665387144691e5709a28	b9f1d0c3eb5e698ea5f06a9adebc9146	4af91fc00cfa0875fa6dcb8c88908c3e
44358	f7e6d1408d3e665387144691e5709a28	b9f1d0c3eb5e698ea5f06a9adebc9146	4af91fc00cfa0875fa6dcb8c88908c3e
44359	f7e6d1408d3e665387144691e5709a28	b9f1d0c3eb5e698ea5f06a9adebc9146	4af91fc00cfa0875fa6dcb8c88908c3e
44360	f7e6d1408d3e665387144691e5709a28	b9f1d0c3eb5e698ea5f06a9adebc9146	4af91fc00cfa0875fa6dcb8c88908c3e
44361	2662a860a1fd8a826b8ec6730450f0a2	0b38e209a294132c70126241feb02d98	b6aec58309598f5b5142951a949e0e96
44362	2662a860a1fd8a826b8ec6730450f0a2	0b38e209a294132c70126241feb02d98	b6aec58309598f5b5142951a949e0e96
44363	2662a860a1fd8a826b8ec6730450f0a2	0b38e209a294132c70126241feb02d98	b6aec58309598f5b5142951a949e0e96
44364	2662a860a1fd8a826b8ec6730450f0a2	0b38e209a294132c70126241feb02d98	b6aec58309598f5b5142951a949e0e96
44365	2662a860a1fd8a826b8ec6730450f0a2	0b38e209a294132c70126241feb02d98	b6aec58309598f5b5142951a949e0e96
44366	15aa8d0549fe2dcfb5c53ea33dbd949e	a32f553715139fa4b45337d97ea451b9	d2c9878019840e748fb9e1bd0f852540
44367	15aa8d0549fe2dcfb5c53ea33dbd949e	a32f553715139fa4b45337d97ea451b9	d2c9878019840e748fb9e1bd0f852540
44368	15aa8d0549fe2dcfb5c53ea33dbd949e	a32f553715139fa4b45337d97ea451b9	d2c9878019840e748fb9e1bd0f852540
44369	06c60424d05b897dc00b0941a92338a2	18aeca0bc46707fbea740a117dfd26ee	f2d4c2f5b768770c81d0952840cce660
44370	06c60424d05b897dc00b0941a92338a2	18aeca0bc46707fbea740a117dfd26ee	f2d4c2f5b768770c81d0952840cce660
44371	15aa8d0549fe2dcfb5c53ea33dbd949e	a32f553715139fa4b45337d97ea451b9	d2c9878019840e748fb9e1bd0f852540
44372	15aa8d0549fe2dcfb5c53ea33dbd949e	a32f553715139fa4b45337d97ea451b9	d2c9878019840e748fb9e1bd0f852540
44373	bc4f8b9e1325fcc7b1e2149ea1c41659	3733241c9637bedc86b6c9dffd095a26	d51954a3b1513e356b054d6163fa77b2
44374	df35a3488f03474135254a31505be83e	601ebde4700a8918cf17386ba8a3ef4c	7295b34dcaeaebd71612f77383929c9f
44375	df35a3488f03474135254a31505be83e	601ebde4700a8918cf17386ba8a3ef4c	7295b34dcaeaebd71612f77383929c9f
44376	23f875d0695d85267f3123da63075069	86ae6ccbad0ea3039cd115da477242b8	104410628aa668f35bebfc9fd1beda94
44377	23f875d0695d85267f3123da63075069	86ae6ccbad0ea3039cd115da477242b8	104410628aa668f35bebfc9fd1beda94
44378	449b899ba2be747915e56570662c03c8	05986f9a1a20776a52750bfe92c60d8e	007068240eba674919c761504d097176
44379	449b899ba2be747915e56570662c03c8	05986f9a1a20776a52750bfe92c60d8e	007068240eba674919c761504d097176
44380	449b899ba2be747915e56570662c03c8	05986f9a1a20776a52750bfe92c60d8e	007068240eba674919c761504d097176
44381	449b899ba2be747915e56570662c03c8	05986f9a1a20776a52750bfe92c60d8e	007068240eba674919c761504d097176
44382	449b899ba2be747915e56570662c03c8	05986f9a1a20776a52750bfe92c60d8e	007068240eba674919c761504d097176
44383	dbd918467792850d27d389017c667bab	8868dfd786b393136fa9525b185e25d7	d655f776ee0522394f218069529af02c
44384	dbd918467792850d27d389017c667bab	8868dfd786b393136fa9525b185e25d7	d655f776ee0522394f218069529af02c
44385	dbd918467792850d27d389017c667bab	8868dfd786b393136fa9525b185e25d7	d655f776ee0522394f218069529af02c
44386	c08361c6bd1858710025f26b237191a8	c149c5c63d5c565bf41271580d1bc2ac	c5f250bce6e2a4c829e85dd4441ab6f3
44387	c08361c6bd1858710025f26b237191a8	c149c5c63d5c565bf41271580d1bc2ac	c5f250bce6e2a4c829e85dd4441ab6f3
44388	c08361c6bd1858710025f26b237191a8	c149c5c63d5c565bf41271580d1bc2ac	c5f250bce6e2a4c829e85dd4441ab6f3
44389	c08361c6bd1858710025f26b237191a8	c149c5c63d5c565bf41271580d1bc2ac	c5f250bce6e2a4c829e85dd4441ab6f3
44390	e37d17aa5e43b9fee17a67e247c54d88	77227e2f3ba7e82be302c54b7d52bef0	9143f6a278e56ef3f8e9701b096fb9d6
44391	3fdf5e63752116eeb113bf83b9c53ebe	eee7346c303905418d590585f3dc0fd3	552f0e81cfdd2718df885603c65d151d
44392	3fdf5e63752116eeb113bf83b9c53ebe	eee7346c303905418d590585f3dc0fd3	552f0e81cfdd2718df885603c65d151d
44393	40442c96411607d74d642070cc2c6880	adb40c8402fb6c30de52f69e906c9b74	b36ff37359ce388eb186e2962ecddc93
44394	3fdf5e63752116eeb113bf83b9c53ebe	eee7346c303905418d590585f3dc0fd3	552f0e81cfdd2718df885603c65d151d
44395	81a2bc4d42132f142f6983a497c66822	cff0fa39dc024539dcfc9886f9337d7e	e74d786a5486f29c279be68752b13631
44396	81a2bc4d42132f142f6983a497c66822	cff0fa39dc024539dcfc9886f9337d7e	e74d786a5486f29c279be68752b13631
44397	81a2bc4d42132f142f6983a497c66822	cff0fa39dc024539dcfc9886f9337d7e	e74d786a5486f29c279be68752b13631
44398	81a2bc4d42132f142f6983a497c66822	cff0fa39dc024539dcfc9886f9337d7e	e74d786a5486f29c279be68752b13631
44399	81a2bc4d42132f142f6983a497c66822	cff0fa39dc024539dcfc9886f9337d7e	e74d786a5486f29c279be68752b13631
44400	81a2bc4d42132f142f6983a497c66822	cff0fa39dc024539dcfc9886f9337d7e	e74d786a5486f29c279be68752b13631
44401	81a2bc4d42132f142f6983a497c66822	cff0fa39dc024539dcfc9886f9337d7e	e74d786a5486f29c279be68752b13631
44402	d7cdc473125c71961f02467a05ec556b	40f709f185852cb312641bda678c5349	358e3afdb7d19be77de2523d86dfe654
44403	d7cdc473125c71961f02467a05ec556b	40f709f185852cb312641bda678c5349	358e3afdb7d19be77de2523d86dfe654
44404	d7cdc473125c71961f02467a05ec556b	40f709f185852cb312641bda678c5349	358e3afdb7d19be77de2523d86dfe654
44405	d7cdc473125c71961f02467a05ec556b	40f709f185852cb312641bda678c5349	358e3afdb7d19be77de2523d86dfe654
44406	d7cdc473125c71961f02467a05ec556b	40f709f185852cb312641bda678c5349	358e3afdb7d19be77de2523d86dfe654
44407	95f9293174d596fccd3f9b887e4c057f	823d6ae876c016d5b89b8ab972f3e768	3bb9a4caf9f0865f3eaca4abfe0fb6fa
44408	95f9293174d596fccd3f9b887e4c057f	823d6ae876c016d5b89b8ab972f3e768	3bb9a4caf9f0865f3eaca4abfe0fb6fa
44409	95f9293174d596fccd3f9b887e4c057f	823d6ae876c016d5b89b8ab972f3e768	3bb9a4caf9f0865f3eaca4abfe0fb6fa
44410	95f9293174d596fccd3f9b887e4c057f	823d6ae876c016d5b89b8ab972f3e768	3bb9a4caf9f0865f3eaca4abfe0fb6fa
44411	95f9293174d596fccd3f9b887e4c057f	823d6ae876c016d5b89b8ab972f3e768	3bb9a4caf9f0865f3eaca4abfe0fb6fa
44412	95f9293174d596fccd3f9b887e4c057f	823d6ae876c016d5b89b8ab972f3e768	3bb9a4caf9f0865f3eaca4abfe0fb6fa
44413	95f9293174d596fccd3f9b887e4c057f	823d6ae876c016d5b89b8ab972f3e768	3bb9a4caf9f0865f3eaca4abfe0fb6fa
44414	72292f815f5fc33b23a84588bb564412	26dce56b090fe6c0c23ace9e20852eae	0654b8c4d91d3080447d7755c639cbb9
44415	72292f815f5fc33b23a84588bb564412	26dce56b090fe6c0c23ace9e20852eae	0654b8c4d91d3080447d7755c639cbb9
44416	72292f815f5fc33b23a84588bb564412	26dce56b090fe6c0c23ace9e20852eae	0654b8c4d91d3080447d7755c639cbb9
44417	72292f815f5fc33b23a84588bb564412	26dce56b090fe6c0c23ace9e20852eae	0654b8c4d91d3080447d7755c639cbb9
44418	72292f815f5fc33b23a84588bb564412	26dce56b090fe6c0c23ace9e20852eae	0654b8c4d91d3080447d7755c639cbb9
44419	08719a61ce2f59da415b810de67d504a	b3ef348c439da325893851e585348e94	35872f097808a4e548d238bea525aa8f
44420	08719a61ce2f59da415b810de67d504a	b3ef348c439da325893851e585348e94	35872f097808a4e548d238bea525aa8f
44421	08719a61ce2f59da415b810de67d504a	b3ef348c439da325893851e585348e94	35872f097808a4e548d238bea525aa8f
44422	08719a61ce2f59da415b810de67d504a	b3ef348c439da325893851e585348e94	35872f097808a4e548d238bea525aa8f
44423	08719a61ce2f59da415b810de67d504a	b3ef348c439da325893851e585348e94	35872f097808a4e548d238bea525aa8f
44424	6f10bc4d88ce41c2a271b18e5569a8d4	6825ded78f6db31b7f9d0769668ed66d	ff819de3c623558e116cbb13bc208d3c
44425	6f10bc4d88ce41c2a271b18e5569a8d4	6825ded78f6db31b7f9d0769668ed66d	ff819de3c623558e116cbb13bc208d3c
44426	6f10bc4d88ce41c2a271b18e5569a8d4	6825ded78f6db31b7f9d0769668ed66d	ff819de3c623558e116cbb13bc208d3c
44427	230bc6ac3e6e84854059252221bd7d96	6e7ea94d0b4517848657b57b5356f9fb	90fb2441591c08bb241d0ca63575db06
44428	47bd32492e49881e65cc97fb7db84662	efeb1034b0ba59ddbd98287681f52a67	a23aaaf4d3e1dd9350e98498cb76836c
44429	7538219acbc873278019d09d8837418e	a7d34a70194ddb84a0f4e6f3d218562d	f5fb3f2d9b3a2f3737e92c66c74122ac
44430	7538219acbc873278019d09d8837418e	a7d34a70194ddb84a0f4e6f3d218562d	f5fb3f2d9b3a2f3737e92c66c74122ac
44431	8d92c235f4b3e153a2be4502f9243565	bacab5936fe949a6417a13c6df8b7cda	bbad9f36b7cb325de348c40d42e92692
44432	8d92c235f4b3e153a2be4502f9243565	bacab5936fe949a6417a13c6df8b7cda	bbad9f36b7cb325de348c40d42e92692
44433	8d92c235f4b3e153a2be4502f9243565	bacab5936fe949a6417a13c6df8b7cda	bbad9f36b7cb325de348c40d42e92692
44434	373d67b078c6c29f05aded875fa1ed5b	1f4d30569c2c6f8d6753fe4726bace09	1732aacbb58030732abdf98f2e5c6c69
44435	373d67b078c6c29f05aded875fa1ed5b	1f4d30569c2c6f8d6753fe4726bace09	1732aacbb58030732abdf98f2e5c6c69
44436	8a4f3a34c29f6c9caaa8908bf9e47d98	c6c2c08cfcabe434552120d40354eee9	59501699ded905fb4d8de927d6bd91c3
44437	8a4f3a34c29f6c9caaa8908bf9e47d98	c6c2c08cfcabe434552120d40354eee9	59501699ded905fb4d8de927d6bd91c3
44438	8a4f3a34c29f6c9caaa8908bf9e47d98	c6c2c08cfcabe434552120d40354eee9	59501699ded905fb4d8de927d6bd91c3
44439	8a4f3a34c29f6c9caaa8908bf9e47d98	c6c2c08cfcabe434552120d40354eee9	59501699ded905fb4d8de927d6bd91c3
44440	8a4f3a34c29f6c9caaa8908bf9e47d98	c6c2c08cfcabe434552120d40354eee9	59501699ded905fb4d8de927d6bd91c3
44441	8a4f3a34c29f6c9caaa8908bf9e47d98	c6c2c08cfcabe434552120d40354eee9	59501699ded905fb4d8de927d6bd91c3
44442	8a4f3a34c29f6c9caaa8908bf9e47d98	c6c2c08cfcabe434552120d40354eee9	59501699ded905fb4d8de927d6bd91c3
44443	e248dbaedd2022d3f557f6b099a98c91	42c7a9904d33dedb6704e2ea5ea15691	fabbbd945516afdcfa1e0d4fbd871e96
44444	e248dbaedd2022d3f557f6b099a98c91	42c7a9904d33dedb6704e2ea5ea15691	fabbbd945516afdcfa1e0d4fbd871e96
44445	e248dbaedd2022d3f557f6b099a98c91	42c7a9904d33dedb6704e2ea5ea15691	fabbbd945516afdcfa1e0d4fbd871e96
44446	f4223de3d69d7ea2610cd1072b3c277c	c5b2520cfcb4f68491cc1601a5fb85fe	65b12ac5e84558125485eb3dd51b8552
44447	cfeb74845dad5cb5f062abcbe9b6b1eb	edf7aecb3fd0c21db64a66693e05fa12	e7f4fcbb929d332e21e4127052e4c1d7
44448	e248dbaedd2022d3f557f6b099a98c91	42c7a9904d33dedb6704e2ea5ea15691	fabbbd945516afdcfa1e0d4fbd871e96
44449	e248dbaedd2022d3f557f6b099a98c91	42c7a9904d33dedb6704e2ea5ea15691	fabbbd945516afdcfa1e0d4fbd871e96
44450	e248dbaedd2022d3f557f6b099a98c91	42c7a9904d33dedb6704e2ea5ea15691	fabbbd945516afdcfa1e0d4fbd871e96
44451	e2f3e6430ac5f6b9db5fc5bb33e7ba53	dbaeff3bc9699edc7208bd119399ca19	f85b3741c3f41a179d840e6975e63abe
44452	e2f3e6430ac5f6b9db5fc5bb33e7ba53	dbaeff3bc9699edc7208bd119399ca19	f85b3741c3f41a179d840e6975e63abe
44453	f46dd5d5ed5d2d130e0069c6eab0276c	dc9135a27a153886881c9add599b2415	d47ceafa6c78d7b15f257bca272cfbd2
44454	f46dd5d5ed5d2d130e0069c6eab0276c	dc9135a27a153886881c9add599b2415	d47ceafa6c78d7b15f257bca272cfbd2
44455	f46dd5d5ed5d2d130e0069c6eab0276c	dc9135a27a153886881c9add599b2415	d47ceafa6c78d7b15f257bca272cfbd2
44456	f46dd5d5ed5d2d130e0069c6eab0276c	dc9135a27a153886881c9add599b2415	d47ceafa6c78d7b15f257bca272cfbd2
44457	f46dd5d5ed5d2d130e0069c6eab0276c	dc9135a27a153886881c9add599b2415	d47ceafa6c78d7b15f257bca272cfbd2
44458	f46dd5d5ed5d2d130e0069c6eab0276c	dc9135a27a153886881c9add599b2415	d47ceafa6c78d7b15f257bca272cfbd2
44459