# rank	legacy	wide	full
35490	ed6beabdab2e86e2082fb4d6ea104499	2a674c5bc7ba51709f76809d655ff4aa	05d54a30c49cb3eb5140150e43f308eb
35491	ed6beabdab2e86e2082fb4d6ea104499	2a674c5bc7ba51709f76809d655ff4aa	05d54a30c49cb3eb5140150e43f308eb
35492	ed6beabdab2e86e2082fb4d6ea104499	2a674c5bc7ba51709f76809d655ff4aa	05d54a30c49cb3eb5140150e43f308eb
35493	ed6beabdab2e86e2082fb4d6ea104499	2a674c5bc7ba51709f76809d655ff4aa	05d54a30c49cb3eb5140150e43f308eb
35494	ed6beabdab2e86e2082fb4d6ea104499	2a674c5bc7ba51709f76809d655ff4aa	05d54a30c49cb3eb5140150e43f308eb
35495	ed6beabdab2e86e2082fb4d6ea104499	2a674c5bc7ba51709f76809d655ff4aa	05d54a30c49cb3eb5140150e43f308eb
35496	ed6beabdab2e86e2082fb4d6ea104499	2a674c5bc7ba51709f76809d655ff4aa	05d54a30c49cb3eb5140150e43f308eb
35497	ed6beabdab2e86e2082fb4d6ea104499	2a674c5bc7ba51709f76809d655ff4aa	05d54a30c49cb3eb5140150e43f308eb
35498	ed6beabdab2e86e2082fb4d6ea104499	2a674c5bc7ba51709f76809d655ff4aa	05d54a30c49cb3eb5140150e43f308eb
35499	ed6beabdab2e86e2082fb4d6ea104499	2a674c5bc7ba51709f76809d655ff4aa	05d54a30c49cb3eb5140150e43f308eb
35500	ed6beabdab2e86e2082fb4d6ea104499	2a674c5bc7ba51709f76809d655ff4aa	05d54a30c49cb3eb5140150e43f308eb
35501	ab80ac932fb3caefd1d91205b936eee2	aeb74a4f04606f788b4a07b559194df2	02d9a41e4bd6e564d576077be69af73c
35502	ab80ac932fb3caefd1d91205b936eee2	aeb74a4f04606f788b4a07b559194df2	02d9a41e4bd6e564d576077be69af73c
35503	ab80ac932fb3caefd1d91205b936eee2	aeb74a4f04606f788b4a07b559194df2	02d9a41e4bd6e564d576077be69af73c
35504	ab80ac932fb3caefd1d91205b936eee2	aeb74a4f04606f788b4a07b559194df2	02d9a41e4bd6e564d576077be69af73c
35505	ab80ac932fb3caefd1d91205b936eee2	aeb74a4f04606f788b4a07b559194df2	02d9a41e4bd6e564d576077be69af73c
35506	ab80ac932fb3caefd1d91205b936eee2	aeb74a4f04606f788b4a07b559194df2	02d9a41e4bd6e564d576077be69af73c
35507	ab80ac932fb3caefd1d91205b936eee2	aeb74a4f04606f788b4a07b559194df2	02d9a41e4bd6e564d576077be69af73c
35508	613f0813e1e8401b92eb1c2c3c8efba2	0a91e195e59db9bb80ac32abf6b50270	359d7531b83c0d725e3286612741b4ad
35509	613f0813e1e8401b92eb1c2c3c8efba2	0a91e195e59db9bb80ac32abf6b50270	359d7531b83c0d725e3286612741b4ad
35510	613f0813e1e8401b92eb1c2c3c8efba2	0a91e195e59db9bb80ac32abf6b50270	359d7531b83c0d725e3286612741b4ad
35511	84c669e35111695cc6fa3e3c62841d0d	807c8c4c43084e006748557fb028038b	e0c554f5d0590ebd69fa3203e090d012
35512	cd2046c0b9ca9a6ee7c5478ffeb9ee88	66db75cc59039c7ce5d4760f0323eb00	898a41cec0d242ae72a18debff5f79ce
35513	613f0813e1e8401b92eb1c2c3c8efba2	0a91e195e59db9bb80ac32abf6b50270	359d7531b83c0d725e3286612741b4ad
35514	613f0813e1e8401b92eb1c2c3c8efba2	0a91e195e59db9bb80ac32abf6b50270	359d7531b83c0d725e3286612741b4ad
35515	613f0813e1e8401b92eb1c2c3c8efba2	0a91e195e59db9bb80ac32abf6b50270	359d7531b83c0d725e3286612741b4ad
35516	84c669e35111695cc6fa3e3c62841d0d	807c8c4c43084e006748557fb028038b	e0c554f5d0590ebd69fa3203e090d012
35517	84c669e35111695cc6fa3e3c62841d0d	807c8c4c43084e006748557fb028038b	e0c554f5d0590ebd69fa3203e090d012
35518	d256dfad4957d288889dbdd331b2764b	f0d2b20e03eb924bf2ced45a23769b0a	86c9a9a74ec0ea0fcf2e7304c1b8bec5
35519	d256dfad4957d288889dbdd331b2764b	f0d2b20e03eb924bf2ced45a23769b0a	86c9a9a74ec0ea0fcf2e7304c1b8bec5
35520	d256dfad4957d288889dbdd331b2764b	f0d2b20e03eb924bf2ced45a23769b0a	86c9a9a74ec0ea0fcf2e7304c1b8bec5
35521	d256dfad4957d288889dbdd331b2764b	f0d2b20e03eb924bf2ced45a23769b0a	86c9a9a74ec0ea0fcf2e7304c1b8bec5
35522	d256dfad4957d288889dbdd331b2764b	f0d2b20e03eb924bf2ced45a23769b0a	86c9a9a74ec0ea0fcf2e7304c1b8bec5
35523	d256dfad4957d288889dbdd331b2764b	f0d2b20e03eb924bf2ced45a23769b0a	86c9a9a74ec0ea0fcf2e7304c1b8bec5
35524	d256dfad4957d288889dbdd331b2764b	f0d2b20e03eb924bf2ced45a23769b0a	86c9a9a74ec0ea0fcf2e7304c1b8bec5
35525	bb75b0627e23f97fe096a48087c304ab	13f03367382e66ca330b94bfbe5b2ef3	d11d8fba352c5308d9d3e73079673a97
35526	73b78bae73b7f2c1fadd4a454d98b174	f2d4426055d9ea6b1ab068e54a8e6e5e	ec02682bb60dd814754b4811715c2a2b
35527	bb75b0627e23f97fe096a48087c304ab	13f03367382e66ca330b94bfbe5b2ef3	d11d8fba352c5308d9d3e73079673a97
35528	bb75b0627e23f97fe096a48087c304ab	13f03367382e66ca330b94bfbe5b2ef3	d11d8fba352c5308d9d3e73079673a97
35529	bb75b0627e23f97fe096a48087c304ab	13f03367382e66ca330b94bfbe5b2ef3	d11d8fba352c5308d9d3e73079673a97
35530	c0143aac33d87a3819ca8db48cac26f7	3bb5c123e3a1ad40e209e41ce683ad6e	8ceb6d07481b40d814eaa6910f3624fe
35531	c0143aac33d87a3819ca8db48cac26f7	3bb5c123e3a1ad40e209e41ce683ad6e	8ceb6d07481b40d814eaa6910f3624fe
35532	c0143aac33d87a3819ca8db48cac26f7	3bb5c123e3a1ad40e209e41ce683ad6e	8ceb6d07481b40d814eaa6910f3624fe
35533	c0143aac33d87a3819ca8db48cac26f7	3bb5c123e3a1ad40e209e41ce683ad6e	8ceb6d07481b40d814eaa6910f3624fe
35534	c0143aac33d87a3819ca8db48cac26f7	3bb5c123e3a1ad40e209e41ce683ad6e	8ceb6d07481b40d814eaa6910f3624fe
35535	c0143aac33d87a3819ca8db48cac26f7	3bb5c123e3a1ad40e209e41ce683ad6e	8ceb6d07481b40d814eaa6910f3624fe
35536	c0143aac33d87a3819ca8db48cac26f7	3bb5c123e3a1ad40e209e41ce683ad6e	8ceb6d07481b40d814eaa6910f3624fe
35537	c0143aac33d87a3819ca8db48cac26f7	3bb5c123e3a1ad40e209e41ce683ad6e	8ceb6d07481b40d814eaa6910f3624fe
35538	c0143aac33d87a3819ca8db48cac26f7	3bb5c123e3a1ad40e209e41ce683ad6e	8ceb6d07481b40d814eaa6910f3624fe
35539	c0143aac33d87a3819ca8db48cac26f7	3bb5c123e3a1ad40e209e41ce683ad6e	8ceb6d07481b40d814eaa6910f3624fe
35540	c0143aac33d87a3819ca8db48cac26f7	3bb5c123e3a1ad40e209e41ce683ad6e	8ceb6d07481b40d814eaa6910f3624fe
35541	c0143aac33d87a3819ca8db48cac26f7	3bb5c123e3a1ad40e209e41ce683ad6e	8ceb6d07481b40d814eaa6910f3624fe
35542	c0143aac33d87a3819ca8db48cac26f7	3bb5c123e3a1ad40e209e41ce683ad6e	8ceb6d07481b40d814eaa6910f3624fe
35543	c0143aac33d87a3819ca8db48cac26f7	3bb5c123e3a1ad40e209e41ce683ad6e	8ceb6d07481b40d814eaa6910f3624fe
35544	c0143aac33d87a3819ca8db48cac26f7	3bb5c123e3a1ad40e209e41ce683ad6e	8ceb6d07481b40d814eaa6910f3624fe
35545	c0143aac33d87a3819ca8db48cac26f7	3bb5c123e3a1ad40e209e41ce683ad6e	8ceb6d07481b40d814eaa6910f3624fe
35546	c0143aac33d87a3819ca8db48cac26f7	3bb5c123e3a1ad40e209e41ce683ad6e	8ceb6d07481b40d814eaa6910f3624fe
35547	7456bb508a1ba1a54365a2cdf3efc372	d412d084840758e89ea4a894d389d2ee	8aae4b2ca050ecc480f55dca97127805
35548	7456bb508a1ba1a54365a2cdf3efc372	d412d084840758e89ea4a894d389d2ee	8aae4b2ca050ecc480f55dca97127805
35549	7456bb508a1ba1a54365a2cdf3efc372	d412d084840758e89ea4a894d389d2ee	8aae4b2ca050ecc480f55dca97127805
35550	7456bb508a1ba1a54365a2cdf3efc372	d412d084840758e89ea4a894d389d2ee	8aae4b2ca050ecc480f55dca97127805
35551	7456bb508a1ba1a54365a2cdf3efc372	d412d084840758e89ea4a894d389d2ee	8aae4b2ca050ecc480f55dca97127805
35552	7456bb508a1ba1a54365a2cdf3efc372	d412d084840758e89ea4a894d389d2ee	8aae4b2ca050ecc480f55dca97127805
35553	7456bb508a1ba1a54365a2cdf3efc372	d412d084840758e89ea4a894d389d2ee	8aae4b2ca050ecc480f55dca97127805
35554	a8e26f7dd367ace12aba86f8bf9bf3b9	3ccd30e1f0462682c298d4c794cd1fe3	8e31e2913b7adb43da0a63f766cfa25e
35555	a8e26f7dd367ace12aba86f8bf9bf3b9	3ccd30e1f0462682c298d4c794cd1fe3	8e31e2913b7adb43da0a63f766cfa25e
35556	a8e26f7dd367ace12aba86f8bf9bf3b9	3ccd30e1f0462682c298d4c794cd1fe3	8e31e2913b7adb43da0a63f766cfa25e
35557	e3facf15a15a44f8847903ef33c27ee8	0272346aa1b874371348d9d380427026	ee6aa48cb71a772c51acdf96b111582d
35558	e3facf15a15a44f8847903ef33c27ee8	0272346aa1b874371348d9d380427026	ee6aa48cb71a772c51acdf96b111582d
35559	a6a9d3e98bfaa19d76824bad41deb5f7	6168b2619f857774a05f7d1267148fcd	9e902531c0a59acd7998875b2b9b5374
35560	a6a9d3e98bfaa19d76824bad41deb5f7	6168b2619f857774a05f7d1267148fcd	9e902531c0a59acd7998875b2b9b5374
35561	a6a9d3e98bfaa19d76824bad41deb5f7	6168b2619f857774a05f7d1267148fcd	9e902531c0a59acd7998875b2b9b5374
35562	a6a9d3e98bfaa19d76824bad41deb5f7	6168b2619f857774a05f7d1267148fcd	9e902531c0a59acd7998875b2b9b5374
35563	a6a9d3e98bfaa19d76824bad41deb5f7	6168b2619f857774a05f7d1267148fcd	9e902531c0a59acd7998875b2b9b5374
35564	a6a9d3e98bfaa19d76824bad41deb5f7	6168b2619f857774a05f7d1267148fcd	9e902531c0a59acd7998875b2b9b5374
35565	a6a9d3e98bfaa19d76824bad41deb5f7	6168b2619f857774a05f7d1267148fcd	9e902531c0a59acd7998875b2b9b5374
35566	3a7c5a2cb1932f1823b9a2c40c9fcac2	8f41d97e63abfb0835741133aa291e82	7bd5a6c1cc5ab4feb4c20f53d68b6d74
35567	3a7c5a2cb1932f1823b9a2c40c9fcac2	8f41d97e63abfb0835741133aa291e82	7bd5a6c1cc5ab4feb4c20f53d68b6d74
35568	3a7c5a2cb1932f1823b9a2c40c9fcac2	8f41d97e63abfb0835741133aa291e82	7bd5a6c1cc5ab4feb4c20f53d68b6d74
35569	3a7c5a2cb1932f1823b9a2c40c9fcac2	8f41d97e63abfb0835741133aa291e82	7bd5a6c1cc5ab4feb4c20f53d68b6d74
35570	3a7c5a2cb1932f1823b9a2c40c9fcac2	8f41d97e63abfb0835741133aa291e82	7bd5a6c1cc5ab4feb4c20f53d68b6d74
35571	4a9d3623a59d24a70a8e56cf4575ddee	0f4cec51488e381ac2ecacbc3265f7c9	1d91cfa7b2871c4f8e8479f782388d88
35572	4a9d3623a59d24a70a8e56cf4575ddee	0f4cec51488e381ac2ecacbc3265f7c9	1d91cfa7b2871c4f8e8479f782388d88
35573	4a9d3623a59d24a70a8e56cf4575ddee	0f4cec51488e381ac2ecacbc3265f7c9	1d91cfa7b2871c4f8e8479f782388d88
35574	4a9d3623a59d24a70a8e56cf4575ddee	0f4cec51488e381ac2ecacbc3265f7c9	1d91cfa7b2871c4f8e8479f782388d88
35575	4a9d3623a59d24a70a8e56cf4575ddee	0f4cec51488e381ac2ecacbc3265f7c9	1d91cfa7b2871c4f8e8479f782388d88
35576	4a9d3623a59d24a70a8e56cf4575ddee	0f4cec51488e381ac2ecacbc3265f7c9	1d91cfa7b2871c4f8e8479f782388d88
35577	4a9d3623a59d24a70a8e56cf4575ddee	0f4cec51488e381ac2ecacbc3265f7c9	1d91cfa7b2871c4f8e8479f782388d88
35578	7762c8354bf1876fe115598f564718ec	9d36cc0ddd0b1f43835d309777868d24	1d7babb19c1d605379ab4906dedac96e
35579	7762c8354bf1876fe115598f564718ec	9d36cc0ddd0b1f43835d309777868d24	1d7babb19c1d605379ab4906dedac96e
35580	7762c8354bf1876fe115598f564718ec	9d36cc0ddd0b1f43835d309777868d24	1d7babb19c1d605379ab4906dedac96e
35581	7762c8354bf1876fe115598f564718ec	9d36cc0ddd0b1f43835d309777868d24	1d7babb19c1d605379ab4906dedac96e
35582	7762c8354bf1876fe115598f564718ec	9d36cc0ddd0b1f43835d309777868d24	1d7babb19c1d605379ab4906dedac96e
35583	ef0f1262cf6a20b1beac7b83475414c9	33cb2431b6ca330b645000f34555b8a3	12a93dd737a95e7ea8ae8d9e5d400162
35584	ef0f1262cf6a20b1beac7b83475414c9	33cb2431b6ca330b645000f34555b8a3	12a93dd737a95e7ea8ae8d9e5d400162
35585	ef0f1262cf6a20b1beac7b83475414c9	33cb2431b6ca330b645000f34555b8a3	12a93dd737a95e7ea8ae8d9e5d400162
35586	ef0f1262cf6a20b1beac7b83475414c9	33cb2431b6ca330b645000f34555b8a3	12a93dd737a95e7ea8ae8d9e5d400162
35587	ef0f1262cf6a20b1beac7b83475414c9	33cb2431b6ca330b645000f34555b8a3	12a93dd737a95e7ea8ae8d9e5d400162
35588	8aa9acc23548458b2e8fdf42faee554b	91b41f92d1337a72918fcfa957d2f186	412191c8b7a56ba5ca7abc8878bcc665
35589	8aa9acc23548458b2e8fdf42faee554b	91b41f92d1337a72918fcfa957d2f186	412191c8b7a56ba5ca7abc8878bcc665
35590	8aa9acc23548458b2e8fdf42faee554b	91b41f92d1337a72918fcfa957d2f186	412191c8b7a56ba5ca7abc8878bcc665
35591	34a02e9450a62f12fd7ddfed1f9a3eae	b8ae0391e976b3c9d5428e5007aa3265	ab3b9b1270cd6f30e89f6c698419b445
35592	34a02e9450a62f12fd7ddfed1f9a3eae	b8ae0391e976b3c9d5428e5007aa3265	ab3b9b1270cd6f30e89f6c698419b445
35593	20856e45c989ca9c86b87657ba461c7d	77e7feaa97d7558141e5746abc1a25da	51d1c3620c2d6767c2e68aa335f25b67
35594	e93fd0ec1ef7f868de741bdbc602a729	ec6aba07d840334b8fa7dcb0770d13bd	aab78418b33629fb59d492671ffed6c9
35595	848cefbcab33267f0a7eee8157c2a6b1	cd80ed69d758c9df6fc28698e362f9f5	d3152ca983e3ddcc799aff719fa2679c
35596	848cefbcab33267f0a7eee8157c2a6b1	cd80ed69d758c9df6fc28698e362f9f5	d3152ca983e3ddcc799aff719fa2679c
35597	848cefbcab33267f0a7eee8157c2a6b1	cd80ed69d758c9df6fc28698e362f9f5	d3152ca983e3ddcc799aff719fa2679c
35598	848cefbcab33267f0a7eee8157c2a6b1	cd80ed69d758c9df6fc28698e362f9f5	d3152ca983e3ddcc799aff719fa2679c
35599	848cefbcab33267f0a7eee8157c2a6b1	cd80ed69d758c9df6fc28698e362f9f5	d3152ca983e3ddcc799aff719fa2679c
35600	af8ac91a70413654617ddfe4a7015bdb	5df68efa3da13633945d1acf465ac55e	486adafa10ed27d8bb4c355bfc15830c
35601	af8ac91a70413654617ddfe4a7015bdb	5df68efa3da13633945d1acf465ac55e	486adafa10ed27d8bb4c355bfc15830c
35602	af8ac91a70413654617ddfe4a7015bdb	5df68efa3da13633945d1acf465ac55e	486adafa10ed27d8bb4c355bfc15830c
35603	af8ac91a70413654617ddfe4a7015bdb	5df68efa3da13633945d1acf465ac55e	486adafa10ed27d8bb4c355bfc15830c
35604	af8ac91a70413654617ddfe4a7015bdb	5df68efa3da13633945d1acf465ac55e	486adafa10ed27d8bb4c355bfc15830c
35605	af8ac91a70413654617ddfe4a7015bdb	5df68efa3da13633945d1acf465ac55e	486adafa10ed27d8bb4c355bfc15830c
35606	af8ac91a70413654617ddfe4a7015bdb	5df68efa3da13633945d1acf465ac55e	486adafa10ed27d8bb4c355bfc15830c
35607	8e150672afe90e53ef339e9d5af21d94	632b85fa7c63bc5f39a9d021679e2fe7	6a8a2bdf64b9937c2dc8ad83a14e2b37
35608	a03f7ff1aaa0bbc6875ac98b3e861133	96cedfafcaaa87ce59e4f11122ea3738	12549f90e8b0436542566567d9e51a5b
35609	a03f7ff1aaa0bbc6875ac98b3e861133	96cedfafcaaa87ce59e4f11122ea3738	12549f90e8b0436542566567d9e51a5b
35610	8e150672afe90e53ef339e9d5af21d94	632b85fa7c63bc5f39a9d021679e2fe7	6a8a2bdf64b9937c2dc8ad83a14e2b37
35611	8e150672afe90e53ef339e9d5af21d94	632b85fa7c63bc5f39a9d021679e2fe7	6a8a2bdf64b9937c2dc8ad83a14e2b37
35612	cde4c6f51db13f8339f2d6afc117b1ec	8e3a05ab1bddc553460013d04791bdb5	12c3eaf6108ff98dd690138b84d60219
35613	cde4c6f51db13f8339f2d6afc117b1ec	8e3a05ab1bddc553460013d04791bdb5	12c3eaf6108ff98dd690138b84d60219
35614	cde4c6f51db13f8339f2d6afc117b1ec	8e3a05ab1bddc553460013d04791bdb5	12c3eaf6108ff98dd690138b84d60219
35615	0516d29c86a24f78a099a6de87219549	e4cc0a0a0d8b9fb97dc8e953e9a5c9dd	dfbe14c94e5b523dc08d5f3dc2d2b3ca
35616	e5468e3a40a3ba8fd0089d695372b22c	b97796431fa2966fb866b3d3abb62f29	0043955fabc29d4f96941bee8e43f4d6
35617	9199d51331552ebdc95416d26f6e4a69	85c81fa692be8d240a791cf2679e5adc	8b1249fda5c9e876d58333a6dd0b3458
35618	9199d51331552ebdc95416d26f6e4a69	85c81fa692be8d240a791cf2679e5adc	8b1249fda5c9e876d58333a6dd0b3458
35619	9199d51331552ebdc95416d26f6e4a69	85c81fa692be8d240a791cf2679e5adc	8b1249fda5c9e876d58333a6dd0b3458
35620	9199d51331552ebdc95416d26f6e4a69	85c81fa692be8d240a791cf2679e5adc	8b1249fda5c9e876d58333a6dd0b3458
35621	9199d51331552ebdc95416d26f6e4a69	85c81fa692be8d240a791cf2679e5adc	8b1249fda5c9e876d58333a6dd0b3458
35622	9199d51331552ebdc95416d26f6e4a69	85c81fa692be8d240a791cf2679e5adc	8b1249fda5c9e876d58333a6dd0b3458
35623	9199d51331552ebdc95416d26f6e4a69	85c81fa692be8d240a791cf2679e5adc	8b1249fda5c9e876d58333a6dd0b3458
35624	b9a4b2b968bd8e10ab641ab8edb6e225	111c1e0d1c45eaf0a2a002dbac7f91f7	0a1d284801dad80dc69c3b3e6b461393
35625	b9a4b2b968bd8e10ab641ab8edb6e225	111c1e0d1c45eaf0a2a002dbac7f91f7	0a1d284801dad80dc69c3b3e6b461393
35626	b9a4b2b968bd8e10ab641ab8edb6e225	111c1e0d1c45eaf0a2a002dbac7f91f7	0a1d284801dad80dc69c3b3e6b461393
35627	bba9b825ad19047c5aa8ff7a32cad209	156d98b142cce880518fee32fe9a78e5	be1e6ab9ed853f39d6fd70b5c662b154
35628	bba9b825ad19047c5aa8ff7a32cad209	156d98b142cce880518fee32fe9a78e5	be1e6ab9ed853f39d6fd70b5c662b154
35629	9199d51331552ebdc95416d26f6e4a69	85c81fa692be8d240a791cf2679e5adc	8b1249fda5c9e876d58333a6dd0b3458
35630	9199d51331552ebdc95416d26f6e4a69	85c81fa692be8d240a791cf2679e5adc	8b1249fda5c9e876d58333a6dd0b3458
35631	9199d51331552ebdc95416d26f6e4a69	85c81fa692be8d240a791cf2679e5adc	8b1249fda5c9e876d58333a6dd0b3458
35632	9199d51331552ebdc95416d26f6e4a69	85c81fa692be8d240a791cf2679e5adc	8b1249fda5c9e876d58333a6dd0b3458
35633	23b330d5cff5be99b0f608b1269e19ec	b1e73d39d23ad2921fcd4229da2df2b7	e8d70b8d156b32ba2805bdb4b51136e9
35634	9199d51331552ebdc95416d26f6e4a69	85c81fa692be8d240a791cf2679e5adc	8b1249fda5c9e876d58333a6dd0b3458
35635	9199d51331552ebdc95416d26f6e4a69	85c81fa692be8d240a791cf2679e5adc	8b1249fda5c9e876d58333a6dd0b3458
35636	9199d51331552ebdc95416d26f6e4a69	85c81fa692be8d240a791cf2679e5adc	8b1249fda5c9e876d58333a6dd0b3458
35637	9199d51331552ebdc95416d26f6e4a69	85c81fa692be8d240a791cf2679e5adc	8b1249fda5c9e876d58333a6dd0b3458
35638	9199d51331552ebdc95416d26f6e4a69	85c81fa692be8d240a791cf2679e5adc	8b1249fda5c9e876d58333a6dd0b3458
35639	9199d51331552ebdc95416d26f6e4a69	85c81fa692be8d240a791cf2679e5adc	8b1249fda5c9e876d58333a6dd0b3458
35640	9199d51331552ebdc95416d26f6e4a69	85c81fa692be8d240a791cf2679e5adc	8b1249fda5c9e876d58333a6dd0b3458
35641	a2fbd878cb39d23fad588f6513fb082a	9f309a574ab675cb5025b3ff99b1bc55	424e42cb195b1b4bcb1f8915435e437b
35642	a2fbd878cb39d23fad588f6513fb082a	9f309a574ab675cb5025b3ff99b1bc55	424e42cb195b1b4bcb1f8915435e437b
35643	a2fbd878cb39d23fad588f6513fb082a	9f309a574ab675cb5025b3ff99b1bc55	424e42cb195b1b4bcb1f8915435e437b
35644	a2fbd878cb39d23fad588f6513fb082a	9f309a574ab675cb5025b3ff99b1bc55	424e42cb195b1b4bcb1f8915435e437b
35645	a2fbd878cb39d23fad588f6513fb082a	9f309a574ab675cb5025b3ff99b1bc55	424e42cb195b1b4bcb1f8915435e437b
35646	a2fbd878cb39d23fad588f6513fb082a	9f309a574ab675cb5025b3ff99b1bc55	424e42cb195b1b4bcb1f8915435e437b
35647	a2fbd878cb39d23fad588f6513fb082a	9f309a574ab675cb5025b3ff99b1bc55	424e42cb195b1b4bcb1f8915435e437b
35648	a2fbd878cb39d23fad588f6513fb082a	9f309a574ab675cb5025b3ff99b1bc55	424e42cb195b1b4bcb1f8915435e437b
35649	a2fbd878cb39d23fad588f6513fb082a	9f309a574ab675cb5025b3ff99b1bc55	424e42cb195b1b4bcb1f8915435e437b
35650	a2fbd878cb39d23fad588f6513fb082a	9f309a574ab675cb5025b3ff99b1bc55	424e42cb195b1b4bcb1f8915435e437b
35651	a2fbd878cb39d23fad588f6513fb082a	9f309a574ab675cb5025b3ff99b1bc55	424e42cb195b1b4bcb1f8915435e437b
35652	a2fbd878cb39d23fad588f6513fb082a	9f309a574ab675cb5025b3ff99b1bc55	424e42cb195b1b4bcb1f8915435e437b
35653	a2fbd878cb39d23fad588f6513fb082a	9f309a574ab675cb5025b3ff99b1bc55	424e42cb195b1b4bcb1f8915435e437b
35654	a2fbd878cb39d23fad588f6513fb082a	9f309a574ab675cb5025b3ff99b1bc55	424e42cb195b1b4bcb1f8915435e437b
35655	a2fbd878cb39d23fad588f6513fb082a	9f309a574ab675cb5025b3ff99b1bc55	424e42cb195b1b4bcb1f8915435e437b
35656	a2fbd878cb39d23fad588f6513fb082a	9f309a574ab675cb5025b3ff99b1bc55	424e42cb195b1b4bcb1f8915435e437b
35657	a2fbd878cb39d23fad588f6513fb082a	9f309a574ab675cb5025b3ff99b1bc55	424e42cb195b1b4bcb1f8915435e437b
35658	826d5f3ed35f7f65db61d8914d14e465	49fb15356ad3992b4b07054baf094dc7	075d3643a70108f4307300bba47e1cc8
35659	ee771a02ee16856f080a4cbae7a9f3bb	c0825fc9a91199c87e07626310f67835	72c1af607154937bca487e16d54318fc
35660	ee771a02ee16856f080a4cbae7a9f3bb	c0825fc9a91199c87e07626310f67835	72c1af607154937bca487e16d54318fc
35661	d8fd5928ec98fa86d2b4f1e745166dc9	c4df5ab5a5d5f4272c7d70fd45cfcd8c	799b32e4193e928d0949b988e12cc6bb
35662	d8fd5928ec98fa86d2b4f1e745166dc9	c4df5ab5a5d5f4272c7d70fd45cfcd8c	799b32e4193e928d0949b988e12cc6bb
35663	9802450dd5d21d5c0e8a943e48dc9197	8be20b81066afbfacb6bb19ac0293c03	1d1ddf3a93ca683270a7f5e06c7ff1f0
35664	9802450dd5d21d5c0e8a943e48dc9197	8be20b81066afbfacb6bb19ac0293c03	1d1ddf3a93ca683270a7f5e06c7ff1f0
35665	b121399a50fc3c1cb6b8eb53641e6ba3	79b2660b7c17847e76f84d871d0bd8a2	2f4056e3767c02d5f050892d6a17495b
35666	b121399a50fc3c1cb6b8eb53641e6ba3	79b2660b7c17847e76f84d871d0bd8a2	2f4056e3767c02d5f050892d6a17495b
35667	b121399a50fc3c1cb6b8eb53641e6ba3	79b2660b7c17847e76f84d871d0bd8a2	2f4056e3767c02d5f050892d6a17495b
35668	b121399a50fc3c1cb6b8eb53641e6ba3	79b2660b7c17847e76f84d871d0bd8a2	2f4056e3767c02d5f050892d6a17495b
35669	b121399a50fc3c1cb6b8eb53641e6ba3	79b2660b7c17847e76f84d871d0bd8a2	2f4056e3767c02d5f050892d6a17495b
35670	390747d701a7519038a34ccf82024c24	85b664a638155c1d51d231c90e115657	57f1530979cc9610263c657ba78a6db1
35671	390747d701a7519038a34ccf82024c24	85b664a638155c1d51d231c90e115657	57f1530979cc9610263c657ba78a6db1
35672	390747d701a7519038a34ccf82024c24	85b664a638155c1d51d231c90e115657	57f1530979cc9610263c657ba78a6db1
35673	a62fda03065e3fb4721410c7fafe2be9	a9ebbbfc78756b867c99308a21779b11	adf740b687d5e949d2acd442e38bdff4
35674	a62fda03065e3fb4721410c7fafe2be9	a9ebbbfc78756b867c99308a21779b11	adf740b687d5e949d2acd442e38bdff4
35675	914536dbfe7e5fb9b0833a2b72c7eb94	14ac0fd73e947aeac166fc9b7c54f866	cf9ac8a8f8f63227601a16a6180aa1d5
35676	b5fe21258c19a10ae39be66913cbf601	c49dd24f72f3f7a307d53333b32de4a9	99c8c56a5fd8564c2da07a485ab446a9
35677	0bcfb8e628bdd1a94297e0ac2c64024d	40811c4c01a52bcfcfbee106e1dd57bd	201d6375e4c9bb713c6ee3e1f87a502a
35678	9f01092124bbc642e012ee1c8890d191	58c3c244988f74b13a5b9dcb0f083418	af3d08d15408b5c0564325e6bdcbac79
35679	9f01092124bbc642e012ee1c8890d191	58c3c244988f74b13a5b9dcb0f083418	af3d08d15408b5c0564325e6bdcbac79
35680	c67510abdfb81b42f831d98acd58d073	cd3f2ae97da640e6f195455e29f26fa8	3747f83fd380fe0357c8668c2bdc0083
35681	c67510abdfb81b42f831d98acd58d073	cd3f2ae97da640e6f195455e29f26fa8	3747f83fd380fe0357c8668c2bdc0083
35682	4ed8f4e2a7b904b1db85bc0efeae68c3	4b65e8610451848ba6d9b1d8b9b4a283	a2d0bfd06ed0a33c07e83f693da0bc4e
35683	4ed8f4e2a7b904b1db85bc0efeae68c3	4b65e8610451848ba6d9b1d8b9b4a283	a2d0bfd06ed0a33c07e83f693da0bc4e
35684	4ed8f4e2a7b904b1db85bc0efeae68c3	4b65e8610451848ba6d9b1d8b9b4a283	a2d0bfd06ed0a33c07e83f693da0bc4e
35685	4ed8f4e2a7b904b1db85bc0efeae68c3	4b65e8610451848ba6d9b1d8b9b4a283	a2d0bfd06ed0a33c07e83f693da0bc4e
35686	4ed8f4e2a7b904b1db85bc0efeae68c3	4b65e8610451848ba6d9b1d8b9b4a283	a2d0bfd06ed0a33c07e83f693da0bc4e
35687	4a4912a8e62e7fc73dc47992b64ed40b	da062241ab21d9da261318795bb742af	d430fa61ec50fd82bb8624de9caf8bef
35688	4a4912a8e62e7fc73dc47992b64ed40b	da062241ab21d9da261318795bb742af	d430fa61ec50fd82bb8624de9caf8bef
35689	4a4912a8e62e7fc73dc47992b64ed40b	da062241ab21d9da261318795bb742af	d430fa61ec50fd82bb8624de9caf8bef
35690	636b9ba663b70b4b5769d7f9005590d2	1a2ef32d63a2f29245c20494fec25029	eec33ce2c8c3d1cf80bf7f03be28df6e
35691	fc0df85207fef06c1401a516d8b3f6f9	4f09c764786ecd83111d01c655d6c8ab	aa55f0cc1ee0afc0cb345f4df9efa9b0
35692	764b356585ca3faad0d7e50b2bf3884a	bd94576221b58ffcbe4dfe4c4293c79b	9b9cc6fd5aa3d9bd3d4dd0475c8b022e
35693	764b356585ca3faad0d7e50b2bf3884a	bd94576221b58ffcbe4dfe4c4293c79b	9b9cc6fd5aa3d9bd3d4dd0475c8b022e
35694	e23eefdec5f7599b6ca3f4efe67bba81	db5e621b6539d0b89d9bfbae6fb44c56	44e8862fef034a933bf3a683893eb5cc
35695	e23eefdec5f7599b6ca3f4efe67bba81	db5e621b6539d0b89d9bfbae6fb44c56	44e8862fef034a933bf3a683893eb5cc
35696	e23eefdec5f7599b6ca3f4efe67bba81	db5e621b6539d0b89d9bfbae6fb44c56	44e8862fef034a933bf3a683893eb5cc
35697	e23eefdec5f7599b6ca3f4efe67bba81	db5e621b6539d0b89d9bfbae6fb44c56	44e8862fef034a933bf3a683893eb5cc
35698	e23eefdec5f7599b6ca3f4efe67bba81	db5e621b6539d0b89d9bfbae6fb44c56	44e8862fef034a933bf3a683893eb5cc
35699	738516a0c036ab3fbbd75526f4fd6f6f	f13a5bf7462b4d5c36929e61a833f437	fc80a4ca3aab9e68cec65f97ade0a1a9
35700	738516a0c036ab3fbbd75526f4fd6f6f	f13a5bf7462b4d5c36929e61a833f437	fc80a4ca3aab9e68cec65f97ade0a1a9
35701	738516a0c036ab3fbbd75526f4fd6f6f	f13a5bf7462b4d5c36929e61a833f437	fc80a4ca3aab9e68cec65f97ade0a1a9
35702	738516a0c036ab3fbbd75526f4fd6f6f	f13a5bf7462b4d5c36929e61a833f437	fc80a4ca3aab9e68cec65f97ade0a1a9
35703	738516a0c036ab3fbbd75526f4fd6f6f	f13a5bf7462b4d5c36929e61a833f437	fc80a4ca3aab9e68cec65f97ade0a1a9
35704	738516a0c036ab3fbbd75526f4fd6f6f	f13a5bf7462b4d5c36929e61a833f437	fc80a4ca3aab9e68cec65f97ade0a1a9
35705	738516a0c036ab3fbbd75526f4fd6f6f	f13a5bf7462b4d5c36929e61a833f437	fc80a4ca3aab9e68cec65f97ade0a1a9
35706	7208c69151052202799d912a52c27902	035184588632ed4db64f63ad8a874627	07bd283e6bd355f1cb512d9dc8de552c
35707	7208c69151052202799d912a52c27902	035184588632ed4db64f63ad8a874627	07bd283e6bd355f1cb512d9dc8de552c
35708	7208c69151052202799d912a52c27902	035184588632ed4db64f63ad8a874627	07bd283e6bd355f1cb512d9dc8de552c
35709	1d9ffbb455ee65acaf8fdf95c5cc4908	4989ca9b43570bfa6241f49f3f9bb70f	e2d5766921b60ee77a773ae07c1dd892
35710	7208c69151052202799d912a52c27902	035184588632ed4db64f63ad8a874627	07bd283e6bd355f1cb512d9dc8de552c
35711	61e96a7fb4b601d4fed4ba4acbcae5d9	464d3480f10170ec2bbfef4eb3545421	c1805be37ebf0b6279ace486c0682421
35712	61e96a7fb4b601d4fed4ba4acbcae5d9	464d3480f10170ec2bbfef4eb3545421	c1805be37ebf0b6279ace486c0682421
35713	61e96a7fb4b601d4fed4ba4acbcae5d9	464d3480f10170ec2bbfef4eb3545421	c1805be37ebf0b6279ace486c0682421
35714	61e96a7fb4b601d4fed4ba4acbcae5d9	464d3480f10170ec2bbfef4eb3545421	c1805be37ebf0b6279ace486c0682421
35715	61e96a7fb4b601d4fed4ba4acbcae5d9	464d3480f10170ec2bbfef4eb3545421	c1805be37ebf0b6279ace486c0682421
35716	61e96a7fb4b601d4fed4ba4acbcae5d9	464d3480f10170ec2bbfef4eb3545421	c1805be37ebf0b6279ace486c0682421
35717	61e96a7fb4b601d4fed4ba4acbcae5d9	464d3480f10170ec2bbfef4eb3545421	c1805be37ebf0b6279ace486c0682421
35718	832a32ccb238c64de9fdec9473553168	8417b216c815c5f35846681752b38f97	6fd6c74e67d85f63406bb657e9a5270a
35719	832a32ccb238c64de9fdec9473553168	8417b216c815c5f35846681752b38f97	6fd6c74e67d85f63406bb657e9a5270a
35720	832a32ccb238c64de9fdec9473553168	8417b216c815c5f35846681752b38f97	6fd6c74e67d85f63406bb657e9a5270a
35721	832a32ccb238c64de9fdec9473553168	8417b216c815c5f35846681752b38f97	6fd6c74e67d85f63406bb657e9a5270a
35722	832a32ccb238c64de9fdec9473553168	8417b216c815c5f35846681752b38f97	6fd6c74e67d85f63406bb657e9a5270a
35723	64a6b4cd15786514daf6cd3321f351fa	e60d410084335d20996c8589fe3e17fe	3482044fcf4b198e6a2f7b91ce23dc22
35724	64a6b4cd15786514daf6cd3321f351fa	e60d410084335d20996c8589fe3e17fe	3482044fcf4b198e6a2f7b91ce23dc22
35725	64a6b4cd15786514daf6cd3321f351fa	e60d410084335d20996c8589fe3e17fe	3482044fcf4b198e6a2f7b91ce23dc22
35726	64a6b4cd15786514daf6cd3321f351fa	e60d410084335d20996c8589fe3e17fe	3482044fcf4b198e6a2f7b91ce23dc22
35727	64a6b4cd15786514daf6cd3321f351fa	e60d410084335d20996c8589fe3e17fe	3482044fcf4b198e6a2f7b91ce23dc22
35728	99d1190e57942c9142b42aea9f0ac504	0c89a175b560feb965b34938415e4c4e	baa20e53e038514b82f2b141bd61a54e
35729	99d1190e57942c9142b42aea9f0ac504	0c89a175b560feb965b34938415e4c4e	baa20e53e038514b82f2b141bd61a54e
35730	99d1190e57942c9142b42aea9f0ac504	0c89a175b560feb965b34938415e4c4e	baa20e53e038514b82f2b141bd61a54e
35731	99d1190e57942c9142b42aea9f0ac504	0c89a175b560feb965b34938415e4c4e	baa20e53e038514b82f2b141bd61a54e
35732	99d1190e57942c9142b42aea9f0ac504	0c89a175b560feb965b34938415e4c4e	baa20e53e038514b82f2b141bd61a54e
35733	07a8cf02137f7a0f52390ef91f29f16e	aa17f7d17d83fd69a46d7ac994828672	a39ba73cb912e29af49f979e971693de
35734	07a8cf02137f7a0f52390ef91f29f16e	aa17f7d17d83fd69a46d7ac994828672	a39ba73cb912e29af49f979e971693de
35735	80f583009f3f67904915e9a07186bbcc	b23d8f38761350e4862374ef8887f251	0383a5cdd52ace8b006e5a1ee50b837a
35736	80f583009f3f67904915e9a07186bbcc	b23d8f38761350e4862374ef8887f251	0383a5cdd52ace8b006e5a1ee50b837a
35737	80f583009f3f67904915e9a07186bbcc	b23d8f38761350e4862374ef8887f251	0383a5cdd52ace8b006e5a1ee50b837a
35738	99d1190e57942c9142b42aea9f0ac504	0c89a175b560feb965b34938415e4c4e	baa20e53e038514b82f2b141bd61a54e
35739	99d1190e57942c9142b42aea9f0ac504	0c89a175b560feb965b34938415e4c4e	baa20e53e038514b82f2b141bd61a54e
35740	7d38431f239e6adb3875cac15173e6d9	032bcc9970c2a335a71db0f851d1b811	03755f2388cdcd3263d46429de86c017
35741	7d38431f239e6adb3875cac15173e6d9	032bcc9970c2a335a71db0f851d1b811	03755f2388cdcd3263d46429de86c017
35742	7d38431f239e6adb3875cac15173e6d9	032bcc9970c2a335a71db0f851d1b811	03755f2388cdcd3263d46429de86c017
35743	19483d09dc3204da1ca2a4cc19ee0866	1e5a7a89512c9ee91f78af325dc72a54	3a06975a83eedcc5f0fb6da439e52fe7
35744	19483d09dc3204da1ca2a4cc19ee0866	1e5a7a89512c9ee91f78af325dc72a54	3a06975a83eedcc5f0fb6da439e52fe7
35745	e1fee1aa2bf97d965aca260d29fbb03a	2a2db4c9547ae5198ab73bf1730b5614	961dfadac88b1b174e372c8d6d25b71e
35746	e1fee1aa2bf97d965aca260d29fbb03a	2a2db4c9547ae5198ab73bf1730b5614	961dfadac88b1b174e372c8d6d25b71e
35747	207ea29baca5195ee923cbb39cb7cd44	e79558f3a0496dd657133e25a182158a	aed392d65ad3bc4d202a5054b5ed18bd
35748	207ea29baca5195ee923cbb39cb7cd44	e79558f3a0496dd657133e25a182158a	aed392d65ad3bc4d202a5054b5ed18bd
35749	207ea29baca5195ee923cbb39cb7cd44	e79558f3a0496dd657133e25a182158a	aed392d65ad3bc4d202a5054b5ed18bd
35750	207ea29baca5195ee923cbb39cb7cd44	e79558f3a0496dd657133e25a182158a	aed392d65ad3bc4d202a5054b5ed18bd
35751	207ea29baca5195ee923cbb39cb7cd44	e79558f3a0496dd657133e25a182158a	aed392d65ad3bc4d202a5054b5ed18bd
35752	207ea29baca5195ee923cbb39cb7cd44	e79558f3a0496dd657133e25a182158a	aed392d65ad3bc4d202a5054b5ed18bd
35753	207ea29baca5195ee923cbb39cb7cd44	e79558f3a0496dd657133e25a182158a	aed392d65ad3bc4d202a5054b5ed18bd
35754	207ea29baca5195ee923cbb39cb7cd44	e79558f3a0496dd657133e25a182158a	aed392d65ad3bc4d202a5054b5ed18bd
35755	207ea29baca5195ee923cbb39cb7cd44	e79558f3a0496dd657133e25a182158a	aed392d65ad3bc4d202a5054b5ed18bd
35756	207ea29baca5195ee923cbb39cb7cd44	e79558f3a0496dd657133e25a182158a	aed392d65ad3bc4d202a5054b5ed18bd
35757	8668c7ae172e47a686055d4a388a544c	de448025a057b1588f0bccc9409174dd	51ec3206f6354c9a1dfb44670fc195bd
35758	8668c7ae172e47a686055d4a388a544c	de448025a057b1588f0bccc9409174dd	51ec3206f6354c9a1dfb44670fc195bd
35759	8668c7ae172e47a686055d4a388a544c	de448025a057b1588f0bccc9409174dd	51ec3206f6354c9a1dfb44670fc195bd
35760	8668c7ae172e47a686055d4a388a544c	de448025a057b1588f0bccc9409174dd	51ec3206f6354c9a1dfb44670fc195bd
35761	8668c7ae172e47a686055d4a388a544c	de448025a057b1588f0bccc9409174dd	51ec3206f6354c9a1dfb44670fc195bd
35762	8668c7ae172e47a686055d4a388a544c	de448025a057b1588f0bccc9409174dd	51ec3206f6354c9a1dfb44670fc195bd
35763	8668c7ae172e47a686055d4a388a544c	de448025a057b1588f0bccc9409174dd	51ec3206f6354c9a1dfb44670fc195bd
35764	d0a5ad2a7aeb8ae56d9ee276529efb59	84daa60c527a5a812dfee39c12650de3	d1510942e1fb4edcd7fa9e143dc4d3fb
35765	d0a5ad2a7aeb8ae56d9ee276529efb59	84daa60c527a5a812dfee39c12650de3	d1510942e1fb4edcd7fa9e143dc4d3fb
35766	d0a5ad2a7aeb8ae56d9ee276529efb59	84daa60c527a5a812dfee39c12650de3	d1510942e1fb4edcd7fa9e143dc4d3fb
35767	d0a5ad2a7aeb8ae56d9ee276529efb59	84daa60c527a5a812dfee39c12650de3	d1510942e1fb4edcd7fa9e143dc4d3fb
35768	d0a5ad2a7aeb8ae56d9ee276529efb59	84daa60c527a5a812dfee39c12650de3	d1510942e1fb4edcd7fa9e143dc4d3fb
35769	808e107218a627c8f3ccf7b6eca85650	34e0f8c5197371feefc12f8efd9f99b4	02296228a61b6ea2683faf04cffb4b1f
35770	808e107218a627c8f3ccf7b6eca85650	34e0f8c5197371feefc12f8efd9f99b4	02296228a61b6ea2683faf04cffb4b1f
35771	808e107218a627c8f3ccf7b6eca85650	34e0f8c5197371feefc12f8efd9f99b4	02296228a61b6ea2683faf04cffb4b1f
35772	808e107218a627c8f3ccf7b6eca85650	34e0f8c5197371feefc12f8efd9f99b4	02296228a61b6ea2683faf04cffb4b1f
35773	808e107218a627c8f3ccf7b6eca85650	34e0f8c5197371feefc12f8efd9f99b4	02296228a61b6ea2683faf04cffb4b1f
35774	808e107218a627c8f3ccf7b6eca85650	34e0f8c5197371feefc12f8efd9f99b4	02296228a61b6ea2683faf04cffb4b1f
35775	808e107218a627c8f3ccf7b6eca85650	34e0f8c5197371feefc12f8efd9f99b4	02296228a61b6ea2683faf04cffb4b1f
35776	808e107218a627c8f3ccf7b6eca85650	34e0f8c5197371feefc12f8efd9f99b4	02296228a61b6ea2683faf04cffb4b1f
35777	808e107218a627c8f3ccf7b6eca85650	34e0f8c5197371feefc12f8efd9f99b4	02296228a61b6ea2683faf04cffb4b1f
35778	808e107218a627c8f3ccf7b6eca85650	34e0f8c5197371feefc12f8efd9f99b4	02296228a61b6ea2683faf04cffb4b1f
35779	808e107218a627c8f3ccf7b6eca85650	34e0f8c5197371feefc12f8efd9f99b4	02296228a61b6ea2683faf04cffb4b1f
35780	808e107218a627c8f3ccf7b6eca85650	34e0f8c5197371feefc12f8efd9f99b4	02296228a61b6ea2683faf04cffb4b1f
35781	808e107218a627c8f3ccf7b6eca85650	34e0f8c5197371feefc12f8efd9f99b4	02296228a61b6ea2683faf04cffb4b1f
35782	808e107218a627c8f3ccf7b6eca85650	34e0f8c5197371feefc12f8efd9f99b4	02296228a61b6ea2683faf04cffb4b1f
35783	808e107218a627c8f3ccf7b6eca85650	34e0f8c5197371feefc12f8efd9f99b4	02296228a61b6ea2683faf04cffb4b1f
35784	808e107218a627c8f3ccf7b6eca85650	34e0f8c5197371feefc12f8efd9f99b4	02296228a61b6ea2683faf04cffb4b1f
35785	808e107218a627c8f3ccf7b6eca85650	34e0f8c5197371feefc12f8efd9f99b4	02296228a61b6ea2683faf04cffb4b1f
35786	857b56d7af4c3c307a723612b71c9bf9	c77d65265c8311d46bed31509bbfd0a2	ac519e0ad7759b1052799fc5589e3aa1
35787	857b56d7af4c3c307a723612b71c9bf9	c77d65265c8311d46bed31509bbfd0a2	ac519e0ad7759b1052799fc5589e3aa1
35788	857b56d7af4c3c307a723612b71c9bf9	c77d65265c8311d46bed31509bbfd0a2	ac519e0ad7759b1052799fc5589e3aa1
35789	432febbe3441d7937519fdeca35e5f0b	c4515dc18154226e84adf173f669daf6	cf1496366f246cfe9fefc474a54f2164
35790	432febbe3441d7937519fdeca35e5f0b	c4515dc18154226e84adf173f669daf6	cf1496366f246cfe9fefc474a54f2164
35791	432febbe3441d7937519fdeca35e5f0b	c4515dc18154226e84adf173f669daf6	cf1496366f246cfe9fefc474a54f2164
35792	432febbe3441d7937519fdeca35e5f0b	c4515dc18154226e84adf173f669daf6	cf1496366f246cfe9fefc474a54f2164
35793	746875999132948ee5736c4bdf848c68	b808a51eeae91be3b92486e98890a60e	982cdde615a76dde7e9a78280a4c1ebe
35794	c43a2cf9fa95141cb0255183b0c57028	5a016e8543fbc2d8b4cc693c439469b7	d0130f58e50afc718f494e72efbb8e77
35795	c43a2cf9fa95141cb0255183b0c57028	5a016e8543fbc2d8b4cc693c439469b7	d0130f58e50afc718f494e72efbb8e77
35796	754dac1f028b800bb2c90ae9ee92b182	79534353a75d1216a864393483fdb64a	7ff77d961ff211d544369763bb4f8b9f
35797	754dac1f028b800bb2c90ae9ee92b182	79534353a75d1216a864393483fdb64a	7ff77d961ff211d544369763bb4f8b9f
35798	4bf626d469e6be660e0a37ec6ef10bc2	45323c2b40051623ef47e373990e2684	8556b46f55292243688a9d5e9d4f9f09
35799	5a8855b1ffe61b8daed9e2fb052f7d83	11ee79d9e87c3c79e7597745aa02695e	b0d3c5fca935636520c757057bf025f2
35800	5a8855b1ffe61b8daed9e2fb052f7d83	11ee79d9e87c3c79e7597745aa02695e	b0d3c5fca935636520c757057bf025f2
35801	fe9ebfed8bc4d415cc66ebc220996eaa	3051071adc750ee180e3bdc538872aaf	7f878705ae991ba22da5fab917d8be97
35802	fe9ebfed8bc4d415cc66ebc220996eaa	3051071adc750ee180e3bdc538872aaf	7f878705ae991ba22da5fab917d8be97
35803	fe9ebfed8bc4d415cc66ebc220996eaa	3051071adc750ee180e3bdc538872aaf	7f878705ae991ba22da5fab917d8be97
35804	fe9ebfed8bc4d415cc66ebc220996eaa	3051071adc750ee180e3bdc538872aaf	7f878705ae991ba22da5fab917d8be97
35805	ab5a5b97c3cc3dff0ccd0989335e91e3	7e22343a9fe3a51f5a6f0170e91a1500	d15adec6042d00cd57511c441471e43e
35806	ab5a5b97c3cc3dff0ccd0989335e91e3	7e22343a9fe3a51f5a6f0170e91a1500	d15adec6042d00cd57511c441471e43e
35807	ab5a5b97c3cc3dff0ccd0989335e91e3	7e22343a9fe3a51f5a6f0170e91a1500	d15adec6042d00cd57511c441471e43e
35808	db5aadd968a8964fa9f0ec7b18f2354a	359061ddb1e5a2390af4a390fa1dce7a	ceb58c219097a86a7d4788c92378aaa1
35809	db5aadd968a8964fa9f0ec7b18f2354a	359061ddb1e5a2390af4a390fa1dce7a	ceb58c219097a86a7d4788c92378aaa1
35810	04e254ee3378d9557e7bf805c4d4f3f3	3f0f24f34a61dec3eb3774649db57ac7	3ee11f8352b7159c7e3a6c091f761b76
35811	04e254ee3378d9557e7bf805c4d4f3f3	3f0f24f34a61dec3eb3774649db57ac7	3ee11f8352b7159c7e3a6c091f761b76
35812	04e254ee3378d9557e7bf805c4d4f3f3	3f0f24f34a61dec3eb3774649db57ac7	3ee11f8352b7159c7e3a6c091f761b76
35813	04e254ee3378d9557e7bf805c4d4f3f3	3f0f24f34a61dec3eb3774649db57ac7	3ee11f8352b7159c7e3a6c091f761b76
35814	04e254ee3378d9557e7bf805c4d4f3f3	3f0f24f34a61dec3eb3774649db57ac7	3ee11f8352b7159c7e3a6c091f761b76
35815	04e254ee3378d9557e7bf805c4d4f3f3	3f0f24f34a61dec3eb3774649db57ac7	3ee11f8352b7159c7e3a6c091f761b76
35816	04e254ee3378d9557e7bf805c4d4f3f3	3f0f24f34a61dec3eb3774649db57ac7	3ee11f8352b7159c7e3a6c091f761b76
35817	0892c9b5a87290b504045a678bef8cd3	9bad14acaf9db890b73b844b83ae1102	4f33aa9461f5b63c32b688647f571002
35818	0892c9b5a87290b504045a678bef8cd3	9bad14acaf9db890b73b844b83ae1102	4f33aa9461f5b63c32b688647f571002
35819	0892c9b5a87290b504045a678bef8cd3	9bad14acaf9db890b73b844b83ae1102	4f33aa9461f5b63c32b688647f571002
35820	0892c9b5a87290b504045a678bef8cd3	9bad14acaf9db890b73b844b83ae1102	4f33aa9461f5b63c32b688647f571002
35821	254a977a14b83888fb7bb3ec4c10aa94	4d144e053f0293a218792c966333dc3d	78fa930ac16d6d8876188fb29fef7041
35822	0892c9b5a87290b504045a678bef8cd3	9bad14acaf9db890b73b844b83ae1102	4f33aa9461f5b63c32b688647f571002
35823	0892c9b5a87290b504045a678bef8cd3	9bad14acaf9db890b73b844b83ae1102	4f33aa9461f5b63c32b688647f571002
35824	0892c9b5a87290b504045a678bef8cd3	9bad14acaf9db890b73b844b83ae1102	4f33aa9461f5b63c32b688647f571002
35825	0892c9b5a87290b504045a678bef8cd3	9bad14acaf9db890b73b844b83ae1102	4f33aa9461f5b63c32b688647f571002
35826	0892c9b5a87290b504045a678bef8cd3	9bad14acaf9db890b73b844b83ae1102	4f33aa9461f5b63c32b688647f571002
35827	9be09c0620262181fb889debe5bd59b4	9124584a83ddbfbc868711c2c7bf347e	0f7ab7b90205ee3959d0ed97a2a3f397
35828	9be09c0620262181fb889debe5bd59b4	9124584a83ddbfbc868711c2c7bf347e	0f7ab7b90205ee3959d0ed97a2a3f397
35829	9be09c0620262181fb889debe5bd59b4	9124584a83ddbfbc868711c2c7bf347e	0f7ab7b90205ee3959d0ed97a2a3f397
35830	9be09c0620262181fb889debe5bd59b4	9124584a83ddbfbc868711c2c7bf347e	0f7ab7b90205ee3959d0ed97a2a3f397
35831	9be09c0620262181fb889debe5bd59b4	9124584a83ddbfbc868711c2c7bf347e	0f7ab7b90205ee3959d0ed97a2a3f397
35832	9be09c0620262181fb889debe5bd59b4	9124584a83ddbfbc868711c2c7bf347e	0f7ab7b90205ee3959d0ed97a2a3f397
35833	9be09c0620262181fb889debe5bd59b4	9124584a83ddbfbc868711c2c7bf347e	0f7ab7b90205ee3959d0ed97a2a3f397
35834	4a493f35fab16eb433b8efb17d099439	d581b40dd764f033e6e334e95d03e4db	d96a1b7cdc3f053eaf709c5e14c3a19a
35835	4a493f35fab16eb433b8efb17d099439	d581b40dd764f033e6e334e95d03e4db	d96a1b7cdc3f053eaf709c5e14c3a19a
35836	4a493f35fab16eb433b8efb17d099439	d581b40dd764f033e6e334e95d03e4db	d96a1b7cdc3f053eaf709c5e14c3a19a
35837	4a493f35fab16eb433b8efb17d099439	d581b40dd764f033e6e334e95d03e4db	d96a1b7cdc3f053eaf709c5e14c3a19a
35838	4a493f35fab16eb433b8efb17d099439	d581b40dd764f033e6e334e95d03e4db	d96a1b7cdc3f053eaf709c5e14c3a19a
35839	b4b8be25db02f9a7549b9260c96c7f0c	3e96c209ef210251d9efbff4418a1ef4	3ff57bba4a47aea0656eb2cd4ca4a7e7
35840	b4b8be25db02f9a7549b9260c96c7f0c	3e96c209ef210251d9efbff4418a1ef4	3ff57bba4a47aea0656eb2cd4ca4a7e7
35841	b4b8be25db02f9a7549b9260c96c7f0c	3e96c209ef210251d9efbff4418a1ef4	3ff57bba4a47aea0656eb2cd4ca4a7e7
35842	b4b8be25db02f9a7549b9260c96c7f0c	3e96c209ef210251d9efbff4418a1ef4	3ff57bba4a47aea0656eb2cd4ca4a7e7
35843	b4b8be25db02f9a7549b9260c96c7f0c	3e96c209ef210251d9efbff4418a1ef4	3ff57bba4a47aea0656eb2cd4ca4a7e7
35844	b4b8be25db02f9a7549b9260c96c7f0c	3e96c209ef210251d9efbff4418a1ef4	3ff57bba4a47aea0656eb2cd4ca4a7e7
35845	b4b8be25db02f9a7549b9260c96c7f0c	3e96c209ef210251d9efbff4418a1ef4	3ff57bba4a47aea0656eb2cd4ca4a7e7
35846	a2a55429bbf53b8306344b4ad03c5264	35d5ee8ae3143ab50ae6f0ef29aa030d	59f473f73a0f12bf39a29378bf53edea
35847	a2a55429bbf53b8306344b4ad03c5264	35d5ee8ae3143ab50ae6f0ef29aa030d	59f473f73a0f12bf39a29378bf53edea
35848	a2a55429bbf53b8306344b4ad03c5264	35d5ee8ae3143ab50ae6f0ef29aa030d	59f473f73a0f12bf39a29378bf53edea
35849	a2a55429bbf53b8306344b4ad03c5264	35d5ee8ae3143ab50ae6f0ef29aa030d	59f473f73a0f12bf39a29378bf53edea
35850	a2a55429bbf53b8306344b4ad03c5264	35d5ee8ae3143ab50ae6f0ef29aa030d	59f473f73a0f12bf39a29378bf53edea
35851	ad809a29c3eb3213282b6f08def1e620	93dd10c402e0354aef4a21c2422076d4	526eddef19da8928f913ca53490b64a8
35852	49e2fcd508f9500d733f333da5151fb5	a7dd191f77226d6b54d7ca1fe2900015	20066ac0f2b5eea4c22c5da8bcdff0be
35853	265f1aa81288cd9e23756df92cce1d0f	9909e1774214d0137c83f0f442cae4c4	077cdc8315124199b2abd97ce048ee73
35854	a008929ad98bd87cb0b9d6a2d27fa4ce	f39f9d21e6766d16a6d1e9ed1ce16b16	f38bd64fc99542055ebf591ad3e70b23
35855	a008929ad98bd87cb0b9d6a2d27fa4ce	f39f9d21e6766d16a6d1e9ed1ce16b16	f38bd64fc99542055ebf591ad3e70b23
35856	91746225b5be8cc856845875e2523f09	de46c66ca009245dd2c7d3f89a26b085	6e8956a6ba35a3dc5d208574455be4a1
35857	91746225b5be8cc856845875e2523f09	de46c66ca009245dd2c7d3f89a26b085	6e8956a6ba35a3dc5d208574455be4a1
35858	91746225b5be8cc856845875e2523f09	de46c66ca009245dd2c7d3f89a26b085	6e8956a6ba35a3dc5d208574455be4a1
35859	91746225b5be8cc856845875e2523f09	de46c66ca009245dd2c7d3f89a26b085	6e8956a6ba35a3dc5d208574455be4a1
35860	91746225b5be8cc856845875e2523f09	de46c66ca009245dd2c7d3f89a26b085	6e8956a6ba35a3dc5d208574455be4a1
35861	91746225b5be8cc856845875e2523f09	de46c66ca009245dd2c7d3f89a26b085	6e8956a6ba35a3dc5d208574455be4a1
35862	91746225b5be8cc856845875e2523f09	de46c66ca009245dd2c7d3f89a26b085	6e8956a6ba35a3dc5d208574455be4a1
35863	f3ee229d7e0496e63cd293b39b922fda	5d6939fc8cafd6a68c9ec5670c40ef12	41b8ef2dfdec6c0218a989dd774e57bf
35864	f3ee229d7e0496e63cd293b39b922fda	5d6939fc8cafd6a68c9ec5670c40ef12	41b8ef2dfdec6c0218a989dd774e57bf
35865	f3ee229d7e0496e63cd293b39b922fda	5d6939fc8cafd6a68c9ec5670c40ef12	41b8ef2dfdec6c0218a989dd774e57bf
35866	f3ee229d7e0496e63cd293b39b922fda	5d6939fc8cafd6a68c9ec5670c40ef12	41b8ef2dfdec6c0218a989dd774e57bf
35867	f3ee229d7e0496e63cd293b39b922fda	5d6939fc8cafd6a68c9ec5670c40ef12	41b8ef2dfdec6c0218a989dd774e57bf
35868	129f16f18a9119d1ad7f27e80274ae4b	ed00e7585d31ce1e9f3deba51b694679	efcc4805d9360db683c95d97bbbc9642
35869	129f16f18a9119d1ad7f27e80274ae4b	ed00e7585d31ce1e9f3deba51b694679	efcc4805d9360db683c95d97bbbc9642
35870	129f16f18a9119d1ad7f27e80274ae4b	ed00e7585d31ce1e9f3deba51b694679	efcc4805d9360db683c95d97bbbc9642
35871	919d09257e332a583e32ea1f403691e3	620aa018adf3e0220a6a698a82a81118	f3c846ac9d76c7c36d971968f92ca2dd
35872	919d09257e332a583e32ea1f403691e3	620aa018adf3e0220a6a698a82a81118	f3c846ac9d76c7c36d971968f92ca2dd
35873	eb2874c3309613a3ade6e22282bee6c9	1cc3e5db49d03f3a07b68d19cbc165be	56a8473230b4aea5496ab56da5f127f3
35874	eb2874c3309613a3ade6e22282bee6c9	1cc3e5db49d03f3a07b68d19cbc165be	56a8473230b4aea5496ab56da5f127f3
35875	05071aa77c64d4cb19c8a29562866162	2cc4d394af40d85426d3d52537de03c1	ab6d5beb8d343d5ed7e47c2920a241d4
35876	05071aa77c64d4cb19c8a29562866162	2cc4d394af40d85426d3d52537de03c1	ab6d5beb8d343d5ed7e47c2920a241d4
35877	05071aa77c64d4cb19c8a29562866162	2cc4d394af40d85426d3d52537de03c1	ab6d5beb8d343d5ed7e47c2920a241d4
35878	485ddde67eb41ef949fd74fe2172971d	524a746bc52074bb8ff3d181c905e061	08ce52474c9bd0918ede7031ed082b4d
35879	05071aa77c64d4cb19c8a29562866162	2cc4d394af40d85426d3d52537de03c1	ab6d5beb8d343d5ed7e47c2920a241d4
35880	3adde91b468f91085ac0faaa6e110575	6afb670ec8aa19f458b960f8806889b0	4e1d248c3d20c0b8cb19a1285fa3d150
35881	3adde91b468f91085ac0faaa6e110575	6afb670ec8aa19f458b960f8806889b0	4e1d248c3d20c0b8cb19a1285fa3d150
35882	3adde91b468f91085ac0faaa6e110575	6afb670ec8aa19f458b960f8806889b0	4e1d248c3d20c0b8cb19a1285fa3d150
35883	3adde91b468f91085ac0faaa6e110575	6afb670ec8aa19f458b960f8806889b0	4e1d248c3d20c0b8cb19a1285fa3d150
35884	3adde91b468f91085ac0faaa6e110575	6afb670ec8aa19f458b960f8806889b0	4e1d248c3d20c0b8cb19a1285fa3d150
35885	3adde91b468f91085ac0faaa6e110575	6afb670ec8aa19f458b960f8806889b0	4e1d248c3d20c0b8cb19a1285fa3d150
35886	3adde91b468f91085ac0faaa6e110575	6afb670ec8aa19f458b960f8806889b0	4e1d248c3d20c0b8cb19a1285fa3d150
35887	3adde91b468f91085ac0faaa6e110575	6afb670ec8aa19f458b960f8806889b0	4e1d248c3d20c0b8cb19a1285fa3d150
35888	3adde91b468f91085ac0faaa6e110575	6afb670ec8aa19f458b960f8806889b0	4e1d248c3d20c0b8cb19a1285fa3d150
35889	3adde91b468f91085ac0faaa6e110575	6afb670ec8aa19f458b960f8806889b0	4e1d248c3d20c0b8cb19a1285fa3d150
35890	3adde91b468f91085ac0faaa6e110575	6afb670ec8aa19f458b960f8806889b0	4e1d248c3d20c0b8cb19a1285fa3d150
35891	3adde91b468f91085ac0faaa6e110575	6afb670ec8aa19f458b960f8806889b0	4e1d248c3d20c0b8cb19a1285fa3d150
35892	d3f8c041aea640b8babfbf04e2340f5a	1b8036823ed82c8345c69732ea91aa1a	565ef1ef22967bd25bd7be922ad8a752
35893	d3f8c041aea640b8babfbf04e2340f5a	1b8036823ed82c8345c69732ea91aa1a	565ef1ef22967bd25bd7be922ad8a752
35894	d3f8c041aea640b8babfbf04e2340f5a	1b8036823ed82c8345c69732ea91aa1a	565ef1ef22967bd25bd7be922ad8a752
35895	d3f8c041aea640b8babfbf04e2340f5a	1b8036823ed82c8345c69732ea91aa1a	565ef1ef22967bd25bd7be922ad8a752
35896	d3f8c041aea640b8babfbf04e2340f5a	1b8036823ed82c8345c69732ea91aa1a	565ef1ef22967bd25bd7be922ad8a752
35897	f9991e21ec51f40fd6229f57c70a863a	c4a2aa4f2efc70aab274719e5fe2fb26	1d71e16ec8fc693b7828a576d2e03130
35898	f9991e21ec51f40fd6229f57c70a863a	c4a2aa4f2efc70aab274719e5fe2fb26	1d71e16ec8fc693b7828a576d2e03130
35899	f9991e21ec51f40fd6229f57c70a863a	c4a2aa4f2efc70aab274719e5fe2fb26	1d71e16ec8fc693b7828a576d2e03130
35900	f9991e21ec51f40fd6229f57c70a863a	c4a2aa4f2efc70aab274719e5fe2fb26	1d71e16ec8fc693b7828a576d2e03130
35901	f9991e21ec51f40fd6229f57c70a863a	c4a2aa4f2efc70aab274719e5fe2fb26	1d71e16ec8fc693b7828a576d2e03130
35902	f9991e21ec51f40fd6229f57c70a863a	c4a2aa4f2efc70aab274719e5fe2fb26	1d71e16ec8fc693b7828a576d2e03130
35903	f9991e21ec51f40fd6229f57c70a863a	c4a2aa4f2efc70aab274719e5fe2fb26	1d71e16ec8fc693b7828a576d2e03130
35904	f9991e21ec51f40fd6229f57c70a863a	c4a2aa4f2efc70aab274719e5fe2fb26	1d71e16ec8fc693b7828a576d2e03130
35905	f9991e21ec51f40fd6229f57c70a863a	c4a2aa4f2efc70aab274719e5fe2fb26	1d71e16ec8fc693b7828a576d2e03130
35906	f9991e21ec51f40fd6229f57c70a863a	c4a2aa4f2efc70aab274719e5fe2fb26	1d71e16ec8fc693b7828a576d2e03130
35907	f9991e21ec51f40fd6229f57c70a863a	c4a2aa4f2efc70aab274719e5fe2fb26	1d71e16ec8fc693b7828a576d2e03130
35908	f9991e21ec51f40fd6229f57c70a863a	c4a2aa4f2efc70aab274719e5fe2fb26	1d71e16ec8fc693b7828a576d2e03130
35909	496396c516864bc1865de96b39ce6426	bf1d13eb5c65dea884ef3a69ec18b86e	1da5feeab346576f921e3ec08b7ebc2e
35910	496396c516864bc1865de96b39ce6426	bf1d13eb5c65dea884ef3a69ec18b86e	1da5feeab346576f921e3ec08b7ebc2e
35911	496396c516864bc1865de96b39ce6426	bf1d13eb5c65dea884ef3a69ec18b86e	1da5feeab346576f921e3ec08b7ebc2e
35912	496396c516864bc1865de96b39ce6426	bf1d13eb5c65dea884ef3a69ec18b86e	1da5feeab346576f921e3ec08b7ebc2e
35913	496396c516864bc1865de96b39ce6426	bf1d13eb5c65dea884ef3a69ec18b86e	1da5feeab346576f921e3ec08b7ebc2e
35914	496396c516864bc1865de96b39ce6426	bf1d13eb5c65dea884ef3a69ec18b86e	1da5feeab346576f921e3ec08b7ebc2e
35915	496396c516864bc1865de96b39ce6426	bf1d13eb5c65dea884ef3a69ec18b86e	1da5feeab346576f921e3ec08b7ebc2e
35916	6e65c60b421e48e57863a6510f27cb34	43b5180a31a390d56b74701e6a7b0323	456889351a21c1d9966a93372b26e2aa
35917	6e65c60b421e48e57863a6510f27cb34	43b5180a31a390d56b74701e6a7b0323	456889351a21c1d9966a93372b26e2aa
35918	6e65c60b421e48e57863a6510f27cb34	43b5180a31a390d56b74701e6a7b0323	456889351a21c1d9966a93372b26e2aa
35919	a91670d35ae40497dfb83ef7aa6ffc8f	704938b432ecd0f3b6780b7d33a7072e	1312f31008987a45bbab51e9f059782b
35920	8a8e3b88bdb43b4f1a377a7ccea72be1	c0a1074344116890f49a64d2b03ac639	f63682d51888d0ea5122e1d97b2b3a1c
35921	6e65c60b421e48e57863a6510f27cb34	43b5180a31a390d56b74701e6a7b0323	456889351a21c1d9966a93372b26e2aa
35922	6e65c60b421e48e57863a6510f27cb34	43b5180a31a390d56b74701e6a7b0323	456889351a21c1d9966a93372b26e2aa
35923	6e65c60b421e48e57863a6510f27cb34	43b5180a31a390d56b74701e6a7b0323	456889351a21c1d9966a93372b26e2aa
35924	12b570ced3ffdb6156c71c78dd9bbb6a	a447aff35ca09c5a950c5ce2c0940958	ba7b7705d6eb72feaefdaea7d0208b10
35925	280930c2fabefc8f93b58c7c2e1037ce	b637d348201086d32f356d81361602c0	645a9a893db5f1365b757c99dcdc696e
35926	602e1fa4ddeaedad46f75790c18511b5	e11ac1f21dd714dd3775ad8f34d26656	b4b7e9bcf8b963f02950f295e1ab18b9
35927	602e1fa4ddeaedad46f75790c18511b5	e11ac1f21dd714dd3775ad8f34d26656	b4b7e9bcf8b963f02950f295e1ab18b9
35928	602e1fa4ddeaedad46f75790c18511b5	e11ac1f21dd714dd3775ad8f34d26656	b4b7e9bcf8b963f02950f295e1ab18b9
35929	602e1fa4ddeaedad46f75790c18511b5	e11ac1f21dd714dd3775ad8f34d26656	b4b7e9bcf8b963f02950f295e1ab18b9
35930	602e1fa4ddeaedad46f75790c18511b5	e11ac1f21dd714dd3775ad8f34d26656	b4b7e9bcf8b963f02950f295e1ab18b9
35931	602e1fa4ddeaedad46f75790c18511b5	e11ac1f21dd714dd3775ad8f34d26656	b4b7e9bcf8b963f02950f295e1ab18b9
35932	602e1fa4ddeaedad46f75790c18511b5	e11ac1f21dd714dd3775ad8f34d26656	b4b7e9bcf8b963f02950f295e1ab18b9
35933	5e953757a8a811b2cf15fc63e3b18fba	0e8a4d2464b49c1bf8ff85985d6f43fa	8e5589c30a79ac2739be1dbf5130e0f7
35934	d33ac25549cbee9751fca807f89dec25	0727e2488d78613ee3570ecfaced66a2	e42c7b2c1c951d540a6961deb753a6a1
35935	66784d725d08bb17a89d7754b2d6a5c1	be5ebbbb8d23ef66660e0c27b1c20cd5	d85aa1b0fa3abcabaab7a8eaa492c91c
35936	c85b59d9617b602ea6933d600baa4fa7	3836db840bc727d6a3f325657cece4d7	a60b2d51d2cbdc9d466f8e889d41244a
35937	69ffa3c2767d666246b343a2ac3da0a4	3faec6122ddf7bf90673ce8b0764b218	a8d3bb73364deb69cd76fd2f9c5667af
35938	2ecfd0ac99e3ec02eda1b2b8a2533530	4bfdcce22ea39dc3ba2ae85005703e5b	96050e2659dbf41faa97eec342686715
35939	2ecfd0ac99e3ec02eda1b2b8a2533530	4bfdcce22ea39dc3ba2ae85005703e5b	96050e2659dbf41faa97eec342686715
35940	2ecfd0ac99e3ec02eda1b2b8a2533530	4bfdcce22ea39dc3ba2ae85005703e5b	96050e2659dbf41faa97eec342686715
35941	2ecfd0ac99e3ec02eda1b2b8a2533530	4bfdcce22ea39dc3ba2ae85005703e5b	96050e2659dbf41faa97eec342686715
35942	2ecfd0ac99e3ec02eda1b2b8a2533530	4bfdcce22ea39dc3ba2ae85005703e5b	96050e2659dbf41faa97eec342686715
35943	2ecfd0ac99e3ec02eda1b2b8a2533530	4bfdcce22ea39dc3ba2ae85005703e5b	96050e2659dbf41faa97eec342686715
35944	2ecfd0ac99e3ec02eda1b2b8a2533530	4bfdcce22ea39dc3ba2ae85005703e5b	96050e2659dbf41faa97eec342686715
35945	2ecfd0ac99e3ec02eda1b2b8a2533530	4bfdcce22ea39dc3ba2ae85005703e5b	96050e2659dbf41faa97eec342686715
35946	2ecfd0ac99e3ec02eda1b2b8a2533530	4bfdcce22ea39dc3ba2ae85005703e5b	96050e2659dbf41faa97eec342686715
35947	2ecfd0ac99e3ec02eda1b2b8a2533530	4bfdcce22ea39dc3ba2ae85005703e5b	96050e2659dbf41faa97eec342686715
35948	2ecfd0ac99e3ec02eda1b2b8a2533530	4bfdcce22ea39dc3ba2ae85005703e5b	96050e2659dbf41faa97eec342686715
35949	2ecfd0ac99e3ec02eda1b2b8a2533530	4bfdcce22ea39dc3ba2ae85005703e5b	96050e2659dbf41faa97eec342686715
35950	2ecfd0ac99e3ec02eda1b2b8a2533530	4bfdcce22ea39dc3ba2ae85005703e5b	96050e2659dbf41faa97eec342686715
35951	2ecfd0ac99e3ec02eda1b2b8a2533530	4bfdcce22ea39dc3ba2ae85005703e5b	96050e2659dbf41faa97eec342686715
35952	2ecfd0ac99e3ec02eda1b2b8a2533530	4bfdcce22ea39dc3ba2ae85005703e5b	96050e2659dbf41faa97eec342686715
35953	2ecfd0ac99e3ec02eda1b2b8a2533530	4bfdcce22ea39dc3ba2ae85005703e5b	96050e2659dbf41faa97eec342686715
35954	2ecfd0ac99e3ec02eda1b2b8a2533530	4bfdcce22ea39dc3ba2ae85005703e5b	96050e2659dbf41faa97eec342686715
35955	f33b2aad24ced13286c9642601e6257d	779b905ad112f05e5699417ef89fddb7	fff2a6a4eb93efc7639c37520b4d402e
35956	f33b2aad24ced13286c9642601e6257d	779b905ad112f05e5699417ef89fddb7	fff2a6a4eb93efc7639c37520b4d402e
35957	f33b2aad24ced13286c9642601e6257d	779b905ad112f05e5699417ef89fddb7	fff2a6a4eb93efc7639c37520b4d402e
35958	58efc5261a376125465f3735256b9984	7f2c0bb23c1331e66cc47ee0a299931e	237e9273ee1795c63fefc6bb802a29c5
35959	58efc5261a376125465f3735256b9984	7f2c0bb23c1331e66cc47ee0a299931e	237e9273ee1795c63fefc6bb802a29c5
35960	a9777b0b2c13dbcc9e821e9041d49401	a11cba3b566d6467c0e98cbf23e93d0a	c8cb1c2f69108273fcd0d38cf3ddbfbb
35961	a9777b0b2c13dbcc9e821e9041d49401	a11cba3b566d6467c0e98cbf23e93d0a	c8cb1c2f69108273fcd0d38cf3ddbfbb
35962	850c06e936375a410af912e2a093bea4	24bb71c419fd432f223637748b2c120a	b8980b54e5cfc1d725d8403f42249ff8
35963	850c06e936375a410af912e2a093bea4	24bb71c419fd432f223637748b2c120a	b8980b54e5cfc1d725d8403f42249ff8
35964	850c06e936375a410af912e2a093bea4	24bb71c419fd432f223637748b2c120a	b8980b54e5cfc1d725d8403f42249ff8
35965	850c06e936375a410af912e2a093bea4	24bb71c419fd432f223637748b2c120a	b8980b54e5cfc1d725d8403f42249ff8
35966	850c06e936375a410af912e2a093bea4	24bb71c419fd432f223637748b2c120a	b8980b54e5cfc1d725d8403f42249ff8
35967	cbadbf064e8535c82f6ea874ab4b6bf7	ac6e54d1d4846287297ef8ea6c16b928	0ce3b0c66e69234c237d46f11f8ebea3
35968	cbadbf064e8535c82f6ea874ab4b6bf7	ac6e54d1d4846287297ef8ea6c16b928	0ce3b0c66e69234c237d46f11f8ebea3
35969	cbadbf064e8535c82f6ea874ab4b6bf7	ac6e54d1d4846287297ef8ea6c16b928	0ce3b0c66e69234c237d46f11f8ebea3
35970	cbadbf064e8535c82f6ea874ab4b6bf7	ac6e54d1d4846287297ef8ea6c16b928	0ce3b0c66e69234c237d46f11f8ebea3
35971	cbadbf064e8535c82f6ea874ab4b6bf7	ac6e54d1d4846287297ef8ea6c16b928	0ce3b0c66e69234c237d46f11f8ebea3
35972	cbadbf064e8535c82f6ea874ab4b6bf7	ac6e54d1d4846287297ef8ea6c16b928	0ce3b0c66e69234c237d46f11f8ebea3
35973	cbadbf064e8535c82f6ea874ab4b6bf7	ac6e54d1d4846287297ef8ea6c16b928	0ce3b0c66e69234c237d46f11f8ebea3
35974	9f465a428107901ac06af73d83156935	b4c1c3aeebe4b9300cf11fd5f4c55ada	a9c7112f5250fc43a071eab45f86c461
35975	9f465a428107901ac06af73d83156935	b4c1c3aeebe4b9300cf11fd5f4c55ada	a9c7112f5250fc43a071eab45f86c461
35976	9f465a428107901ac06af73d83156935	b4c1c3aeebe4b9300cf11fd5f4c55ada	a9c7112f5250fc43a071eab45f86c461
35977	9f465a428107901ac06af73d83156935	b4c1c3aeebe4b9300cf11fd5f4c55ada	a9c7112f5250fc43a071eab45f86c461
35978	9f465a428107901ac06af73d83156935	b4c1c3aeebe4b9300cf11fd5f4c55ada	a9c7112f5250fc43a071eab45f86c461
35979	0f06aeafad52d5cc5c840895263c83e8	179b6fca4825a3b2dcf22bb95f6b762c	38ec72c4254a3f94d3d2210ad43db036
35980	0f06aeafad52d5cc5c840895263c83e8	179b6fca4825a3b2dcf22bb95f6b762c	38ec72c4254a3f94d3d2210ad43db036
35981	0f06aeafad52d5cc5c840895263c83e8	179b6fca4825a3b2dcf22bb95f6b762c	38ec72c4254a3f94d3d2210ad43db036
35982	0f06aeafad52d5cc5c840895263c83e8	179b6fca4825a3b2dcf22bb95f6b762c	38ec72c4254a3f94d3d2210ad43db036
35983	0f06aeafad52d5cc5c840895263c83e8	179b6fca4825a3b2dcf22bb95f6b762c	38ec72c4254a3f94d3d2210ad43db036
35984	0f06aeafad52d5cc5c840895263c83e8	179b6fca4825a3b2dcf22bb95f6b762c	38ec72c4254a3f94d3d2210ad43db036
35985	0f06aeafad52d5cc5c840895263c83e8	179b6fca4825a3b2dcf22bb95f6b762c	38ec72c4254a3f94d3d2210ad43db036
35986	44f96831e4ce319698772c709db5f757	9a26ad1662a82f0c5678c6fd4b12f73f	8a374e6ae67fa3144ef465080d622680
35987	44f96831e4ce319698772c709db5f757	9a26ad1662a82f0c5678c6fd4b12f73f	8a374e6ae67fa3144ef465080d622680
35988	44f96831e4ce319698772c709db5f757	9a26ad1662a82f0c5678c6fd4b12f73f	8a374e6ae67fa3144ef465080d622680
35989	44f96831e4ce319698772c709db5f757	9a26ad1662a82f0c5678c6fd4b12f73f	8a374e6ae67fa3144ef465080d622680
35990	44f96831e4ce319698772c709db5f757	9a26ad1662a82f0c5678c6fd4b12f73f	8a374e6ae67fa3144ef465080d622680
35991	1781e21476857a04518ee2030e2a9873	82a6d06b9c2d17125c4c923333cfcf79	de62a1784308c538683eaa1c8a2d598e
35992	1781e21476857a04518ee2030e2a9873	82a6d06b9c2d17125c4c923333cfcf79	de62a1784308c538683eaa1c8a2d598e
35993	1781e21476857a04518ee2030e2a9873	82a6d06b9c2d17125c4c923333cfcf79	de62a1784308c538683eaa1c8a2d598e
35994	a244632cbc92ef5b54bd66260cbbd98d	b15957be5427425289dc1276610a01a5	f8ce0681ae2d34caaf0f1d2f87bcb095
35995	1724a91f9f7d15fcb7fdfe064a50bf30	75a86ef910fe6a08483250750c81408f	0e2676199d90d162d45e16033f66d80d
35996	d61750d15a4fc3f26ca0bd79f9be185f	90a2f1fbfb8312c2cd3bfe00073bd43f	73d14ea35f1b01e72e768bcec166302f
35997	d61750d15a4fc3f26ca0bd79f9be185f	90a2f1fbfb8312c2cd3bfe00073bd43f	73d14ea35f1b01e72e768bcec166302f
35998	d61750d15a4fc3f26ca0bd79f9be185f	90a2f1fbfb8312c2cd3bfe00073bd43f	73d14ea35f1b01e72e768bcec166302f
35999	355f4012c8f302d8ec129811cfb8894b	61b2bbf5971ff72f760faf508174674c	a89bab11d2a0054a01586ba98ec956fb
36000	355f4012c8f302d8ec129811cfb8894b	61b2bbf5971ff72f760faf508174674c	a89bab11d2a0054a01586ba98ec956fb
36001	8d84a253a5483d575ddbf1d51a276cbd	a5eafe2c7e8aba41f0a40c609a1b639f	175641d7c46d0aa40ab772eab3350d62
36002	715ae826d5472d8369e289a7b4c04749	936713cc2b2b9438bb24afab6528e94b	8bdebcaf3f8a23feb134f60e3c6f403b
36003	da38468fc70537f88fe3f032119ac33b	5daef7a31317e48643a8c51c349da825	0d11d14ef35c500b8e84356fe09dddfb
36004	da38468fc70537f88fe3f032119ac33b	5daef7a31317e48643a8c51c349da825	0d11d14ef35c500b8e84356fe09dddfb
36005	da38468fc70537f88fe3f032119ac33b	5daef7a31317e48643a8c51c349da825	0d11d14ef35c500b8e84356fe09dddfb
36006	da38468fc70537f88fe3f032119ac33b	5daef7a31317e48643a8c51c349da825	0d11d14ef35c500b8e84356fe09dddfb
36007	da38468fc70537f88fe3f032119ac33b	5daef7a31317e48643a8c51c349da825	0d11d14ef35c500b8e84356fe09dddfb
36008	6fd03fd59f76cbabe77b50a44421906e	f609890cdc85e0a666894d3327dc3f2d	647c3442e17c8f37c03a36561d5055cd
36009	6fd03fd59f76cbabe77b50a44421906e	f609890cdc85e0a666894d3327dc3f2d	647c3442e17c8f37c03a36561d5055cd
36010	6fd03fd59f76cbabe77b50a44421906e	f609890cdc85e0a666894d3327dc3f2d	647c3442e17c8f37c03a36561d5055cd
36011	6fd03fd59f76cbabe77b50a44421906e	f609890cdc85e0a666894d3327dc3f2d	647c3442e17c8f37c03a36561d5055cd
36012	6fd03fd59f76cbabe77b50a44421906e	f609890cdc85e0a666894d3327dc3f2d	647c3442e17c8f37c03a36561d5055cd
36013	6fd03fd59f76cbabe77b50a44421906e	f609890cdc85e0a666894d3327dc3f2d	647c3442e17c8f37c03a36561d5055cd
36014	6fd03fd59f76cbabe77b50a44421906e	f609890cdc85e0a666894d3327dc3f2d	647c3442e17c8f37c03a36561d5055cd
36015	ca1c87162d3eef1425d3c870da4084e3	deefeb54081f420c39a0dcb40507398f	b2660f3f00e96db84708d826204e1ec8
36016	ca1c87162d3eef1425d3c870da4084e3	deefeb54081f420c39a0dcb40507398f	b2660f3f00e96db84708d826204e1ec8
36017	ca1c87162d3eef1425d3c870da4084e3	deefeb54081f420c39a0dcb40507398f	b2660f3f00e96db84708d826204e1ec8
36018	ca1c87162d3eef1425d3c870da4084e3	deefeb54081f420c39a0dcb40507398f	b2660f3f00e96db84708d826204e1ec8
36019	ca1c87162d3eef1425d3c870da4084e3	deefeb54081f420c39a0dcb40507398f	b2660f3f00e96db84708d826204e1ec8
36020	ca1c87162d3eef1425d3c870da4084e3	deefeb54081f420c39a0dcb40507398f	b2660f3f00e96db84708d826204e1ec8
36021	ca1c87162d3eef1425d3c870da4084e3	deefeb54081f420c39a0dcb40507398f	b2660f3f00e96db84708d826204e1ec8
36022	ca1c87162d3eef1425d3c870da4084e3	deefeb54081f420c39a0dcb40507398f	b2660f3f00e96db84708d826204e1ec8
36023	ca1c87162d3eef1425d3c870da4084e3	deefeb54081f420c39a0dcb40507398f	b2660f3f00e96db84708d826204e1ec8
36024	ca1c87162d3eef1425d3c870da4084e3	deefeb54081f420c39a0dcb40507398f	b2660f3f00e96db84708d826204e1ec8
36025	8d6b2571c69611f394468be1f1f297fa	a6ff5ed5d2a50d30befdd9e6a8ad37b4	6cd9ff8d1de07b3ca36d52c15da3463b
36026	8d6b2571c69611f394468be1f1f297fa	a6ff5ed5d2a50d30befdd9e6a8ad37b4	6cd9ff8d1de07b3ca36d52c15da3463b
36027	8d6b2571c69611f394468be1f1f297fa	a6ff5ed5d2a50d30befdd9e6a8ad37b4	6cd9ff8d1de07b3ca36d52c15da3463b
36028	8d6b2571c69611f394468be1f1f297fa	a6ff5ed5d2a50d30befdd9e6a8ad37b4	6cd9ff8d1de07b3ca36d52c15da3463b
36029	8d6b2571c69611f394468be1f1f297fa	a6ff5ed5d2a50d30befdd9e6a8ad37b4	6cd9ff8d1de07b3ca36d52c15da3463b
36030	8d6b2571c69611f394468be1f1f297fa	a6ff5ed5d2a50d30befdd9e6a8ad37b4	6cd9ff8d1de07b3ca36d52c15da3463b
36031	8d6b2571c69611f394468be1f1f297fa	a6ff5ed5d2a50d30befdd9e6a8ad37b4	6cd9ff8d1de07b3ca36d52c15da3463b
36032	3a2075a23f56fbaaa11eca1c9963c54c	f908a9a65ad642843830adccd66fe38f	4d13248808f38663ac77faa306ab78d1
36033	3a2075a23f56fbaaa11eca1c9963c54c	f908a9a65ad642843830adccd66fe38f	4d13248808f38663ac77faa306ab78d1
36034	3a2075a23f56fbaaa11eca1c9963c54c	f908a9a65ad642843830adccd66fe38f	4d13248808f38663ac77faa306ab78d1
36035	40f627e9054d657fdda8071d1dbb5954	285addb97e081c4f6ada34a15c9d65fa	39e430f81c1f41dae4a5a473400da050
36036	40f627e9054d657fdda8071d1dbb5954	285addb97e081c4f6ada34a15c9d65fa	39e430f81c1f41dae4a5a473400da050
36037	da5cbc8547a7f9121cd838eba086b191	de163d4b85330da4fcf51c000dbe0506	abcef0fb95b676a32d5f2c339212712d
36038	da5cbc8547a7f9121cd838eba086b191	de163d4b85330da4fcf51c000dbe0506	abcef0fb95b676a32d5f2c339212712d
36039	da5cbc8547a7f9121cd838eba086b191	de163d4b85330da4fcf51c000dbe0506	abcef0fb95b676a32d5f2c339212712d
36040	da5cbc8547a7f9121cd838eba086b191	de163d4b85330da4fcf51c000dbe0506	abcef0fb95b676a32d5f2c339212712d
36041	da5cbc8547a7f9121cd838eba086b191	de163d4b85330da4fcf51c000dbe0506	abcef0fb95b676a32d5f2c339212712d
36042	da5cbc8547a7f9121cd838eba086b191	de163d4b85330da4fcf51c000dbe0506	abcef0fb95b676a32d5f2c339212712d
36043	da5cbc8547a7f9121cd838eba086b191	de163d4b85330da4fcf51c000dbe0506	abcef0fb95b676a32d5f2c339212712d
36044	243d9b8254000795443cd1beed1ce2b2	2489dd6ad3b465ae02a8fda8c4a481f7	ebdf27f798701d53ab17decd405e4cd8
36045	243d9b8254000795443cd1beed1ce2b2	2489dd6ad3b465ae02a8fda8c4a481f7	ebdf27f798701d53ab17decd405e4cd8
36046	243d9b8254000795443cd1beed1ce2b2	2489dd6ad3b465ae02a8fda8c4a481f7	ebdf27f798701d53ab17decd405e4cd8
36047	243d9b8254000795443cd1beed1ce2b2	2489dd6ad3b465ae02a8fda8c4a481f7	ebdf27f798701d53ab17decd405e4cd8
36048	243d9b8254000795443cd1beed1ce2b2	2489dd6ad3b465ae02a8fda8c4a481f7	ebdf27f798701d53ab17decd405e4cd8
36049	532e62ee8e3b88ff72154bb33e0a64e8	11b397e3d9469901c78f534503a513e5	6bfabe4ef2e82dd7616bfc3adf0aa628
36050	532e62ee8e3b88ff72154bb33e0a64e8	11b397e3d9469901c78f534503a513e5	6bfabe4ef2e82dd7616bfc3adf0aa628
36051	532e62ee8e3b88ff72154bb33e0a64e8	11b397e3d9469901c78f534503a513e5	6bfabe4ef2e82dd7616bfc3adf0aa628
36052	532e62ee8e3b88ff72154bb33e0a64e8	11b397e3d9469901c78f534503a513e5	6bfabe4ef2e82dd7616bfc3adf0aa628
36053	532e62ee8e3b88ff72154bb33e0a64e8	11b397e3d9469901c78f534503a513e5	6bfabe4ef2e82dd7616bfc3adf0aa628
36054	532e62ee8e3b88ff72154bb33e0a64e8	11b397e3d9469901c78f534503a513e5	6bfabe4ef2e82dd7616bfc3adf0aa628
36055	532e62ee8e3b88ff72154bb33e0a64e8	11b397e3d9469901c78f534503a513e5	6bfabe4ef2e82dd7616bfc3adf0aa628
36056	532e62ee8e3b88ff72154bb33e0a64e8	11b397e3d9469901c78f534503a513e5	6bfabe4ef2e82dd7616bfc3adf0aa628
36057	532e62ee8e3b88ff72154bb33e0a64e8	11b397e3d9469901c78f534503a513e5	6bfabe4ef2e82dd7616bfc3adf0aa628
36058	532e62ee8e3b88ff72154bb33e0a64e8	11b397e3d9469901c78f534503a513e5	6bfabe4ef2e82dd7616bfc3adf0aa628
36059	532e62ee8e3b88ff72154bb33e0a64e8	11b397e3d9469901c78f534503a513e5	6bfabe4ef2e82dd7616bfc3adf0aa628
36060	532e62ee8e3b88ff72154bb33e0a64e8	11b397e3d9469901c78f534503a513e5	6bfabe4ef2e82dd7616bfc3adf0aa628
36061	532e62ee8e3b88ff72154bb33e0a64e8	11b397e3d9469901c78f534503a513e5	6bfabe4ef2e82dd7616bfc3adf0aa628
36062	532e62ee8e3b88ff72154bb33e0a64e8	11b397e3d9469901c78f534503a513e5	6bfabe4ef2e82dd7616bfc3adf0aa628
36063	532e62ee8e3b88ff72154bb33e0a64e8	11b397e3d9469901c78f534503a513e5	6bfabe4ef2e82dd7616bfc3adf0aa628
36064	532e62ee8e3b88ff72154bb33e0a64e8	11b397e3d9469901c78f534503a513e5	6bfabe4ef2e82dd7616bfc3adf0aa628
36065	532e62ee8e3b88ff72154bb33e0a64e8	11b397e3d9469901c78f534503a513e5	6bfabe4ef2e82dd7616bfc3adf0aa628
36066	a3b8cd8b6bd999f40c6b391c57fceaa2	17bd5cbf7934dd4e320d812eae1e4669	9e7f11c7540d157cc3f899600ab0e390
36067	a3b8cd8b6bd999f40c6b391c57fceaa2	17bd5cbf7934dd4e320d812eae1e4669	9e7f11c7540d157cc3f899600ab0e390
36068	a3b8cd8b6bd999f40c6b391c57fceaa2	17bd5cbf7934dd4e320d812eae1e4669	9e7f11c7540d157cc3f899600ab0e390
36069	a3b8cd8b6bd999f40c6b391c57fceaa2	17bd5cbf7934dd4e320d812eae1e4669	9e7f11c7540d157cc3f899600ab0e390
36070	a3b8cd8b6bd999f40c6b391c57fceaa2	17bd5cbf7934dd4e320d812eae1e4669	9e7f11c7540d157cc3f899600ab0e390
36071	a3b8cd8b6bd999f40c6b391c57fceaa2	17bd5cbf7934dd4e320d812eae1e4669	9e7f11c7540d157cc3f899600ab0e390
36072	a3b8cd8b6bd999f40c6b391c57fceaa2	17bd5cbf7934dd4e320d812eae1e4669	9e7f11c7540d157cc3f899600ab0e390
36073	dfd3dbb151320b42e9170158c43e9f44	5e4a41d9315288496201cfe7ff4f3a1e	f9ee6414e716f627d6d4ac1f14abc115
36074	dfd3dbb151320b42e9170158c43e9f44	5e4a41d9315288496201cfe7ff4f3a1e	f9ee6414e716f627d6d4ac1f14abc115
36075	dfd3dbb151320b42e9170158c43e9f44	5e4a41d9315288496201cfe7ff4f3a1e	f9ee6414e716f627d6d4ac1f14abc115
36076	fe1b4708c9c8d7011bc73813b2e5747f	4fdac0700a8c1bcf6548acb094c48683	0a1ba97524158a5658380d98d26819c1
36077	fe1b4708c9c8d7011bc73813b2e5747f	4fdac0700a8c1bcf6548acb094c48683	0a1ba97524158a5658380d98d26819c1
36078	cfd364a24b5e5515e7ce4680c0901a7d	b18c349ae131b81c20b91c430e2fa10f	8e9525722e58b0cd2feaa50dfed254c3
36079	cbf6e2bef6868c293c21e7e3ea424020	a308eade5163a9cf6573ca46fcc85fbe	b4adb1eb54d842a2914e21f1b53277d0
36080	cbf6e2bef6868c293c21e7e3ea424020	a308eade5163a9cf6573ca46fcc85fbe	b4adb1eb54d842a2914e21f1b53277d0
36081	cfd364a24b5e5515e7ce4680c0901a7d	b18c349ae131b81c20b91c430e2fa10f	8e9525722e58b0cd2feaa50dfed254c3
36082	cfd364a24b5e5515e7ce4680c0901a7d	b18c349ae131b81c20b91c430e2fa10f	8e9525722e58b0cd2feaa50dfed254c3
36083	cfd364a24b5e5515e7ce4680c0901a7d	b18c349ae131b81c20b91c430e2fa10f	8e9525722e58b0cd2feaa50dfed254c3
36084	cfd364a24b5e5515e7ce4680c0901a7d	b18c349ae131b81c20b91c430e2fa10f	8e9525722e58b0cd2feaa50dfed254c3
36085	29156db4fcf29e24b323e5e07db24f39	cba002805b6acc57abc1b5cff72f124e	363b3faf8f41b599b9ea49420a58bc56
36086	29156db4fcf29e24b323e5e07db24f39	cba002805b6acc57abc1b5cff72f124e	363b3faf8f41b599b9ea49420a58bc56
36087	29156db4fcf29e24b323e5e07db24f39	cba002805b6acc57abc1b5cff72f124e	363b3faf8f41b599b9ea49420a58bc56
36088	29156db4fcf29e24b323e5e07db24f39	cba002805b6acc57abc1b5cff72f124e	363b3faf8f41b599b9ea49420a58bc56
36089	29156db4fcf29e24b323e5e07db24f39	cba002805b6acc57abc1b5cff72f124e	363b3faf8f41b599b9ea49420a58bc56
36090	f8f694cb7ef9d5f930317812e7bee8f1	693e409521c464bb56650fef754c8c57	06cec231a84f2d84715299715b69761e
36091	f8f694cb7ef9d5f930317812e7bee8f1	693e409521c464bb56650fef754c8c57	06cec231a84f2d84715299715b69761e
36092	f8f694cb7ef9d5f930317812e7bee8f1	693e409521c464bb56650fef754c8c57	06cec231a84f2d84715299715b69761e
36093	f8f694cb7ef9d5f930317812e7bee8f1	693e409521c464bb56650fef754c8c57	06cec231a84f2d84715299715b69761e
36094	f8f694cb7ef9d5f930317812e7bee8f1	693e409521c464bb56650fef754c8c57	06cec231a84f2d84715299715b69761e
36095	b3bd67ca47bc8df2746f21caeeebce04	60589ad8839edf5b03fcf34a48108142	5772978067135f9f79a7f748b1dd0dca
36096	b3bd67ca47bc8df2746f21caeeebce04	60589ad8839edf5b03fcf34a48108142	5772978067135f9f79a7f748b1dd0dca
36097	b3bd67ca47bc8df2746f21caeeebce04	60589ad8839edf5b03fcf34a48108142	5772978067135f9f79a7f748b1dd0dca
36098	b3bd67ca47bc8df2746f21caeeebce04	60589ad8839edf5b03fcf34a48108142	5772978067135f9f79a7f748b1dd0dca
36099	b3bd67ca47bc8df2746f21caeeebce04	60589ad8839edf5b03fcf34a48108142	5772978067135f9f79a7f748b1dd0dca
36100	b3bd67ca47bc8df2746f21caeeebce04	60589ad8839edf5b03fcf34a48108142	5772978067135f9f79a7f748b1dd0dca
36101	b3bd67ca47bc8df2746f21caeeebce04	60589ad8839edf5b03fcf34a48108142	5772978067135f9f79a7f748b1dd0dca
36102	c50556165f59f4083819501665a8de81	bb9b641184a546d8852742a8658a80e8	44ec24e648f980406a37c92c2cf605e3
36103	0b958f6d01ca1859746df9fc0dedb2c2	e7ccd7081f56a1894dde1068133fa872	9874f12d31ab05e4753991b104fa9e64
36104	0b958f6d01ca1859746df9fc0dedb2c2	e7ccd7081f56a1894dde1068133fa872	9874f12d31ab05e4753991b104fa9e64
36105	84750c02be62a397b3898cfbdd9e386e	c80b1c47d574304ca4731b8040d6d129	5a4630fe9047edaa7fa84bbe2b598ed7
36106	84750c02be62a397b3898cfbdd9e386e	c80b1c47d574304ca4731b8040d6d129	5a4630fe9047edaa7fa84bbe2b598ed7
36107	cff13cbcac9140589bbc8c885da5d845	d90ed268ac93729a7e2d56678b6ae9ba	af8f44303740a89092bc61c20ba1c21f
36108	cff13cbcac9140589bbc8c885da5d845	d90ed268ac93729a7e2d56678b6ae9ba	af8f44303740a89092bc61c20ba1c21f
36109	cff13cbcac9140589bbc8c885da5d845	d90ed268ac93729a7e2d56678b6ae9ba	af8f44303740a89092bc61c20ba1c21f
36110	cff13cbcac9140589bbc8c885da5d845	d90ed268ac93729a7e2d56678b6ae9ba	af8f44303740a89092bc61c20ba1c21f
36111	cff13cbcac9140589bbc8c885da5d845	d90ed268ac93729a7e2d56678b6ae9ba	af8f44303740a89092bc61c20ba1c21f
36112	cff13cbcac9140589bbc8c885da5d845	d90ed268ac93729a7e2d56678b6ae9ba	af8f44303740a89092bc61c20ba1c21f
36113	cff13cbcac9140589bbc8c885da5d845	d90ed268ac93729a7e2d56678b6ae9ba	af8f44303740a89092bc61c20ba1c21f
36114	baec933d45db6390e92e8c52a77ee95a	8f985fd492590fc60a02a96246c3177d	b49ba7598d6208117a4ef6394cc46790
36115	baec933d45db6390e92e8c52a77ee95a	8f985fd492590fc60a02a96246c3177d	b49ba7598d6208117a4ef6394cc46790
36116	baec933d45db6390e92e8c52a77ee95a	8f985fd492590fc60a02a96246c3177d	b49ba7598d6208117a4ef6394cc46790
36117	baec933d45db6390e92e8c52a77ee95a	8f985fd492590fc60a02a96246c3177d	b49ba7598d6208117a4ef6394cc46790
36118	baec933d45db6390e92e8c52a77ee95a	8f985fd492590fc60a02a96246c3177d	b49ba7598d6208117a4ef6394cc46790
36119	7bba13e5e342f494496588537e34324e	9becfc3638a77ab2960bf8c6c782b894	9e0c8f42ae5afb024f64f2f2eda1c21c
36120	7bba13e5e342f494496588537e34324e	9becfc3638a77ab2960bf8c6c782b894	9e0c8f42ae5afb024f64f2f2eda1c21c
36121	7bba13e5e342f494496588537e34324e	9becfc3638a77ab2960bf8c6c782b894	9e0c8f42ae5afb024f64f2f2eda1c21c
36122	7bba13e5e342f494496588537e34324e	9becfc3638a77ab2960bf8c6c782b894	9e0c8f42ae5afb024f64f2f2eda1c21c
36123	7bba13e5e342f494496588537e34324e	9becfc3638a77ab2960bf8c6c782b894	9e0c8f42ae5afb024f64f2f2eda1c21c
36124	7bba13e5e342f494496588537e34324e	9becfc3638a77ab2960bf8c6c782b894	9e0c8f42ae5afb024f64f2f2eda1c21c
36125	7bba13e5e342f494496588537e34324e	9becfc3638a77ab2960bf8c6c782b894	9e0c8f42ae5afb024f64f2f2eda1c21c
36126	f7ab346ffe2f551865a3ffcf7fe5530f	c81b98d023477b1a5f3e9fe6bb9c96ac	f5a4f32bc17ffa10e046e380155ec903
36127	f7ab346ffe2f551865a3ffcf7fe5530f	c81b98d023477b1a5f3e9fe6bb9c96ac	f5a4f32bc17ffa10e046e380155ec903
36128	f7ab346ffe2f551865a3ffcf7fe5530f	c81b98d023477b1a5f3e9fe6bb9c96ac	f5a4f32bc17ffa10e046e380155ec903
36129	f7ab346ffe2f551865a3ffcf7fe5530f	c81b98d023477b1a5f3e9fe6bb9c96ac	f5a4f32bc17ffa10e046e380155ec903
36130	f7ab346ffe2f551865a3ffcf7fe5530f	c81b98d023477b1a5f3e9fe6bb9c96ac	f5a4f32bc17ffa10e046e380155ec903
36131	66ebb151681d9216b51bef33bc8a902d	c8e024a291b5e0611a1f21f38e5e6ca3	40342f64069c82a0cb2f08907e3246c1
36132	66ebb151681d9216b51bef33bc8a902d	c8e024a291b5e0611a1f21f38e5e6ca3	40342f64069c82a0cb2f08907e3246c1
36133	66ebb151681d9216b51bef33bc8a902d	c8e024a291b5e0611a1f21f38e5e6ca3	40342f64069c82a0cb2f08907e3246c1
36134	66ebb151681d9216b51bef33bc8a902d	c8e024a291b5e0611a1f21f38e5e6ca3	40342f64069c82a0cb2f08907e3246c1
36135	66ebb151681d9216b51bef33bc8a902d	c8e024a291b5e0611a1f21f38e5e6ca3	40342f64069c82a0cb2f08907e3246c1
36136	a9df641f9dcb28721cf754ce883b4348	470a9376ed0e1a0dc0567c3c8b721db8	f7da4525f80ed49bbc89c0333ddd29ae
36137	a9df641f9dcb28721cf754ce883b4348	470a9376ed0e1a0dc0567c3c8b721db8	f7da4525f80ed49bbc89c0333ddd29ae
36138	a9df641f9dcb28721cf754ce883b4348	470a9376ed0e1a0dc0567c3c8b721db8	f7da4525f80ed49bbc89c0333ddd29ae
36139	a9df641f9dcb28721cf754ce883b4348	470a9376ed0e1a0dc0567c3c8b721db8	f7da4525f80ed49bbc89c0333ddd29ae
36140	a9df641f9dcb28721cf754ce883b4348	470a9376ed0e1a0dc0567c3c8b721db8	f7da4525f80ed49bbc89c0333ddd29ae
36141	a9df641f9dcb28721cf754ce883b4348	470a9376ed0e1a0dc0567c3c8b721db8	f7da4525f80ed49bbc89c0333ddd29ae
36142	c60775bef7bb7c9ae2243d67b4542cdb	69e811df84722a24983c33bbb1fc4dbc	a6fa2e0b17d1283ca20c52d626e61ec0
36143	c60775bef7bb7c9ae2243d67b4542cdb	69e811df84722a24983c33bbb1fc4dbc	a6fa2e0b17d1283ca20c52d626e61ec0
36144	c60775bef7bb7c9ae2243d67b4542cdb	69e811df84722a24983c33bbb1fc4dbc	a6fa2e0b17d1283ca20c52d626e61ec0
36145	c60775bef7bb7c9ae2243d67b4542cdb	69e811df84722a24983c33bbb1fc4dbc	a6fa2e0b17d1283ca20c52d626e61ec0
36146	a9df641f9dcb28721cf754ce883b4348	470a9376ed0e1a0dc0567c3c8b721db8	f7da4525f80ed49bbc89c0333ddd29ae
36147	a9df641f9dcb28721cf754ce883b4348	470a9376ed0e1a0dc0567c3c8b721db8	f7da4525f80ed49bbc89c0333ddd29ae
36148	f824451ebbd18c3fae5c8f2314362606	2c7215726dc17c9660f60eedffc79a5d	7f8c62daf2262333f4d70afacb9f6246
36149	f824451ebbd18c3fae5c8f2314362606	2c7215726dc17c9660f60eedffc79a5d	7f8c62daf2262333f4d70afacb9f6246
36150	f824451ebbd18c3fae5c8f2314362606	2c7215726dc17c9660f60eedffc79a5d	7f8c62daf2262333f4d70afacb9f6246
36151	f824451ebbd18c3fae5c8f2314362606	2c7215726dc17c9660f60eedffc79a5d	7f8c62daf2262333f4d70afacb9f6246
36152	f824451ebbd18c3fae5c8f2314362606	2c7215726dc17c9660f60eedffc79a5d	7f8c62daf2262333f4d70afacb9f6246
36153	f824451ebbd18c3fae5c8f2314362606	2c7215726dc17c9660f60eedffc79a5d	7f8c62daf2262333f4d70afacb9f6246
36154	f824451ebbd18c3fae5c8f2314362606	2c7215726dc17c9660f60eedffc79a5d	7f8c62daf2262333f4d70afacb9f6246
36155	00c1858812b44d580a10f03f4284c9b4	4949ef1f0afefb9baa8eab63210d0018	53e20e0558b8e05bab0b5facf622b227
36156	00c1858812b44d580a10f03f4284c9b4	4949ef1f0afefb9baa8eab63210d0018	53e20e0558b8e05bab0b5facf622b227
36157	00c1858812b44d580a10f03f4284c9b4	4949ef1f0afefb9baa8eab63210d0018	53e20e0558b8e05bab0b5facf622b227
36158	00c1858812b44d580a10f03f4284c9b4	4949ef1f0afefb9baa8eab63210d0018	53e20e0558b8e05bab0b5facf622b227
36159	00c1858812b44d580a10f03f4284c9b4	4949ef1f0afefb9baa8eab63210d0018	53e20e0558b8e05bab0b5facf622b227
36160	00c1858812b44d580a10f03f4284c9b4	4949ef1f0afefb9baa8eab63210d0018	53e20e0558b8e05bab0b5facf622b227
36161	00c1858812b44d580a10f03f4284c9b4	4949ef1f0afefb9baa8eab63210d0018	53e20e0558b8e05bab0b5facf622b227
36162	00c1858812b44d580a10f03f4284c9b4	4949ef1f0afefb9baa8eab63210d0018	53e20e0558b8e05bab0b5facf622b227
36163	00c1858812b44d580a10f03f4284c9b4	4949ef1f0afefb9baa8eab63210d0018	53e20e0558b8e05bab0b5facf622b227
36164	00c1858812b44d580a10f03f4284c9b4	4949ef1f0afefb9baa8eab63210d0018	53e20e0558b8e05bab0b5facf622b227
36165	5d17a432b71441bce9573e382c74a110	06c7c99d0c93b16b78ea211398db7fb3	8fd4681ec285909d3757976b714edb14
36166	5d17a432b71441bce9573e382c74a110	06c7c99d0c93b16b78ea211398db7fb3	8fd4681ec285909d3757976b714edb14
36167	5d17a432b71441bce9573e382c74a110	06c7c99d0c93b16b78ea211398db7fb3	8fd4681ec285909d3757976b714edb14
36168	5d17a432b71441bce9573e382c74a110	06c7c99d0c93b16b78ea211398db7fb3	8fd4681ec285909d3757976b714edb14
36169	5d17a432b71441bce9573e382c74a110	06c7c99d0c93b16b78ea211398db7fb3	8fd4681ec285909d3757976b714edb14
36170	5d17a432b71441bce9573e382c74a110	06c7c99d0c93b16b78ea211398db7fb3	8fd4681ec285909d3757976b714edb14
36171	5d17a432b71441bce9573e382c74a110	06c7c99d0c93b16b78ea211398db7fb3	8fd4681ec285909d3757976b714edb14
36172	9e925b5b0f8a218039b4e5d66cbce275	55eeb7ac4a9311646f0d5ff4109180f8	fc243aaecf0df2029d7e51fefa4562f3
36173	9e925b5b0f8a218039b4e5d66cbce275	55eeb7ac4a9311646f0d5ff4109180f8	fc243aaecf0df2029d7e51fefa4562f3
36174	9e925b5b0f8a218039b4e5d66cbce275	55eeb7ac4a9311646f0d5ff4109180f8	fc243aaecf0df2029d7e51fefa4562f3
36175	9e925b5b0f8a218039b4e5d66cbce275	55eeb7ac4a9311646f0d5ff4109180f8	fc243aaecf0df2029d7e51fefa4562f3
36176	008658f9e9e4f9b3fcc7dfd778416a15	8bca3cc22d6e8339c50a2e0c48a801c3	81df7208ecccb03bb8cc66946b58d786
36177	55f390aa4a627aa125dc2c56d7e7e535	6acf3e24714123eda29de2540baf2395	52639e7e60dccf083e395e4487f2a99a
36178	55f390aa4a627aa125dc2c56d7e7e535	6acf3e24714123eda29de2540baf2395	52639e7e60dccf083e395e4487f2a99a
36179	55f390aa4a627aa125dc2c56d7e7e535	6acf3e24714123eda29de2540baf2395	52639e7e60dccf083e395e4487f2a99a
36180	55f390aa4a627aa125dc2c56d7e7e535	6acf3e24714123eda29de2540baf2395	52639e7e60dccf083e395e4487f2a99a
36181	55f390aa4a627aa125dc2c56d7e7e535	6acf3e24714123eda29de2540baf2395	52639e7e60dccf083e395e4487f2a99a
36182	55f390aa4a627aa125dc2c56d7e7e535	6acf3e24714123eda29de2540baf2395	52639e7e60dccf083e395e4487f2a99a
36183	55f390aa4a627aa125dc2c56d7e7e535	6acf3e24714123eda29de2540baf2395	52639e7e60dccf083e395e4487f2a99a
36184	55f390aa4a627aa125dc2c56d7e7e535	6acf3e24714123eda29de2540baf2395	52639e7e60dccf083e395e4487f2a99a
36185	55f390aa4a627aa125dc2c56d7e7e535	6acf3e24714123eda29de2540baf2395	52639e7e60dccf083e395e4487f2a99a
36186	55f390aa4a627aa125dc2c56d7e7e535	6acf3e24714123eda29de2540baf2395	52639e7e60dccf083e395e4487f2a99a
36187	55f390aa4a627aa125dc2c56d7e7e535	6acf3e24714123eda29de2540baf2395	52639e7e60dccf083e395e4487f2a99a
36188	55f390aa4a627aa125dc2c56d7e7e535	6acf3e24714123eda29de2540baf2395	52639e7e60dccf083e395e4487f2a99a
36189	55f390aa4a627aa125dc2c56d7e7e535	6acf3e24714123eda29de2540baf2395	52639e7e60dccf083e395e4487f2a99a
36190	55f390aa4a627aa125dc2c56d7e7e535	6acf3e24714123eda29de2540baf2395	52639e7e60dccf083e395e4487f2a99a
36191	55f390aa4a627aa125dc2c56d7e7e535	6acf3e24714123eda29de2540baf2395	52639e7e60dccf083e395e4487f2a99a
36192	55f390aa4a627aa125dc2c56d7e7e535	6acf3e24714123eda29de2540baf2395	52639e7e60dccf083e395e4487f2a99a
36193	55f390aa4a627aa125dc2c56d7e7e535	6acf3e24714123eda29de2540baf2395	52639e7e60dccf083e395e4487f2a99a
36194	3add84275cc6b57458783bfc7d1aba05	8bb9b02b02d1d49a3d2502ddc38b21ae	d824f6c799bf5d5743f0e0a5b6b25cf7
36195	3add84275cc6b57458783bfc7d1aba05	8bb9b02b02d1d49a3d2502ddc38b21ae	d824f6c799bf5d5743f0e0a5b6b25cf7
36196	3add84275cc6b57458783bfc7d1aba05	8bb9b02b02d1d49a3d2502ddc38b21ae	d824f6c799bf5d5743f0e0a5b6b25cf7
36197	bdf8b0588a03223c9f3781ea50f19a40	d61dc19668ac9114d9a1b7dd4f33927c	f58861d076179d9b35e61b54007b58e7
36198	b80a615bb1fb0f778b55bc49cbfeebc9	1c20ed43443a3780707066a72bffad7d	857e332fbd8181fe70fa588d144ed964
36199	503ce06673e542e0d3ca3220a9b3f044	909565a2b2d04bdb492637f6f4ddac7c	cb092666f5b3aefda84fc8ab8e96d0cb
36200	503ce06673e542e0d3ca3220a9b3f044	909565a2b2d04bdb492637f6f4ddac7c	cb092666f5b3aefda84fc8ab8e96d0cb
36201	936a00b222643dd1213d6d7c047915e4	4c01ece33da9039fbbefc0070fc5123d	08b4820a0d84a27525c5731e4cc7c943
36202	936a00b222643dd1213d6d7c047915e4	4c01ece33da9039fbbefc0070fc5123d	08b4820a0d84a27525c5731e4cc7c943
36203	936a00b222643dd1213d6d7c047915e4	4c01ece33da9039fbbefc0070fc5123d	08b4820a0d84a27525c5731e4cc7c943
36204	08a4ac588610c6dd143eb00e4fbf89a9	da0694ff249580f993097e0913b0eea2	80afd2df8ae900fdf37a0b21b1360f06
36205	08a4ac588610c6dd143eb00e4fbf89a9	da0694ff249580f993097e0913b0eea2	80afd2df8ae900fdf37a0b21b1360f06
36206	48bad7270c4635adb1698b82b376f3e6	ca6002b8be49443fb415773bb12102f5	084a7f5125e234b01259f18859ad14b4
36207	48bad7270c4635adb1698b82b376f3e6	ca6002b8be49443fb415773bb12102f5	084a7f5125e234b01259f18859ad14b4
36208	48bad7270c4635adb1698b82b376f3e6	ca6002b8be49443fb415773bb12102f5	084a7f5125e234b01259f18859ad14b4
36209	48bad7270c4635adb1698b82b376f3e6	ca6002b8be49443fb415773bb12102f5	084a7f5125e234b01259f18859ad14b4
36210	48bad7270c4635adb1698b82b376f3e6	ca6002b8be49443fb415773bb12102f5	084a7f5125e234b01259f18859ad14b4
36211	48bad7270c4635adb1698b82b376f3e6	ca6002b8be49443fb415773bb12102f5	084a7f5125e234b01259f18859ad14b4
36212	48bad7270c4635adb1698b82b376f3e6	ca6002b8be49443fb415773bb12102f5	084a7f5125e234b01259f18859ad14b4
36213	6d103fedde31467f0ffea0730224c817	bb2922b39aa19a276cfd4de2378870d7	6e2b37a49875e2b513c6e5f5bbf8e092
36214	3cd25757739ae3a47fde2916ee0f4e1f	c6a52b772a105da493cd3a41c6515111	c67cc1aa6c058669aaffe4a100a40e1b
36215	3cd25757739ae3a47fde2916ee0f4e1f	c6a52b772a105da493cd3a41c6515111	c67cc1aa6c058669aaffe4a100a40e1b
36216	48bad7270c4635adb1698b82b376f3e6	ca6002b8be49443fb415773bb12102f5	084a7f5125e234b01259f18859ad14b4
36217	48bad7270c4635adb1698b82b376f3e6	ca6002b8be49443fb415773bb12102f5	084a7f5125e234b01259f18859ad14b4
36218	1d95422eb030c43d75f7694cb8385ac0	055808fb3f95955cc45e45d4207e3295	8fe48f95c7b86733ff97eb21e0f1bf65
36219	1d95422eb030c43d75f7694cb8385ac0	055808fb3f95955cc45e45d4207e3295	8fe48f95c7b86733ff97eb21e0f1bf65
36220	1d95422eb030c43d75f7694cb8385ac0	055808fb3f95955cc45e45d4207e3295	8fe48f95c7b86733ff97eb21e0f1bf65
36221	1d95422eb030c43d75f7694cb8385ac0	055808fb3f95955cc45e45d4207e3295	8fe48f95c7b86733ff97eb21e0f1bf65
36222	1d95422eb030c43d75f7694cb8385ac0	055808fb3f95955cc45e45d4207e3295	8fe48f95c7b86733ff97eb21e0f1bf65
36223	1d95422eb030c43d75f7694cb8385ac0	055808fb3f95955cc45e45d4207e3295	8fe48f95c7b86733ff97eb21e0f1bf65
36224	1d95422eb030c43d75f7694cb8385ac0	055808fb3f95955cc45e45d4207e3295	8fe48f95c7b86733ff97eb21e0f1bf65
36225	a9ad931514a8b7820ba70820bc0a040d	444d8b8f91e1da36b002bdbb520f57e0	29fb9319c0f30368508cb7cc6d12fe48
36226	a9ad931514a8b7820ba70820bc0a040d	444d8b8f91e1da36b002bdbb520f57e0	29fb9319c0f30368508cb7cc6d12fe48
36227	a9ad931514a8b7820ba70820bc0a040d	444d8b8f91e1da36b002bdbb520f57e0	29fb9319c0f30368508cb7cc6d12fe48
36228	1d95422eb030c43d75f7694cb8385ac0	055808fb3f95955cc45e45d4207e3295	8fe48f95c7b86733ff97eb21e0f1bf65
36229	1d95422eb030c43d75f7694cb8385ac0	055808fb3f95955cc45e45d4207e3295	8fe48f95c7b86733ff97eb21e0f1bf65
36230	1d95422eb030c43d75f7694cb8385ac0	055808fb3f95955cc45e45d4207e3295	8fe48f95c7b86733ff97eb21e0f1bf65
36231	1d95422eb030c43d75f7694cb8385ac0	055808fb3f95955cc45e45d4207e3295	8fe48f95c7b86733ff97eb21e0f1bf65
36232	1d95422eb030c43d75f7694cb8385ac0	055808fb3f95955cc45e45d4207e3295	8fe48f95c7b86733ff97eb21e0f1bf65
36233	1d95422eb030c43d75f7694cb8385ac0	055808fb3f95955cc45e45d4207e3295	8fe48f95c7b86733ff97eb21e0f1bf65
36234	1d95422eb030c43d75f7694cb8385ac0	055808fb3f95955cc45e45d4207e3295	8fe48f95c7b86733ff97eb21e0f1bf65
36235	f7e6d1408d3e665387144691e5709a28	b9f1d0c3eb5e698ea5f06a9adebc9146	4af91fc00cfa0875fa6dcb8c88908c3e
36236	f7e6d1408d3e665387144691e5709a28	b9f1d0c3eb5e698ea5f06a9adebc9146	4af91fc00cfa0875fa6dcb8c88908c3e
36237	f7e6d1408d3e665387144691e5709a28	b9f1d0c3eb5e698ea5f06a9adebc9146	4af91fc00cfa0875fa6dcb8c88908c3e
36238	f7e6d1408d3e665387144691e5709a28	b9f1d0c3eb5e698ea5f06a9adebc9146	4af91fc00cfa0875fa6dcb8c88908c3e
36239	f7e6d1408d3e665387144691e5709a28	b9f1d0c3eb5e698ea5f06a9adebc9146	4af91fc00cfa0875fa6dcb8c88908c3e
36240	f7e6d1408d3e665387144691e5709a28	b9f1d0c3eb5e698ea5f06a9adebc9146	4af91fc00cfa0875fa6dcb8c88908c3e
36241	f7e6d1408d3e665387144691e5709a28	b9f1d0c3eb5e698ea5f06a9adebc9146	4af91fc00cfa0875fa6dcb8c88908c3e
36242	2662a860a1fd8a826b8ec6730450f0a2	0b38e209a294132c70126241feb02d98	b6aec58309598f5b5142951a949e0e96
36243	2662a860a1fd8a826b8ec6730450f0a2	0b38e209a294132c70126241feb02d98	b6aec58309598f5b5142951a949e0e96
36244	2662a860a1fd8a826b8ec6730450f0a2	0b38e209a294132c70126241feb02d98	b6aec58309598f5b5142951a949e0e96
36245	2662a860a1fd8a826b8ec6730450f0a2	0b38e209a294132c70126241feb02d98	b6aec58309598f5b5142951a949e0e96
36246	2662a860a1fd8a826b8ec6730450f0a2	0b38e209a294132c70126241feb02d98	b6aec58309598f5b5142951a949e0e96
36247	15aa8d0549fe2dcfb5c53ea33dbd949e	a32f553715139fa4b45337d97ea451b9	d2c9878019840e748fb9e1bd0f852540
36248	15aa8d0549fe2dcfb5c53ea33dbd949e	a32f553715139fa4b45337d97ea451b9	d2c9878019840e748fb9e1bd0f852540
36249	15aa8d0549fe2dcfb5c53ea33dbd949e	a32f553715139fa4b45337d97ea451b9	d2c9878019840e748fb9e1bd0f852540
36250	06c60424d05b897dc00b0941a92338a2	18aeca0bc46707fbea740a117dfd26ee	f2d4c2f5b768770c81d0952840cce660
36251	06c60424d05b897dc00b0941a92338a2	18aeca0bc46707fbea740a117dfd26ee	f2d4c2f5b768770c81d0952840cce660
36252	15aa8d0549fe2dcfb5c53ea33dbd949e	a32f553715139fa4b45337d97ea451b9	d2c9878019840e748fb9e1bd0f852540
36253	15aa8d0549fe2dcfb5c53ea33dbd949e	a32f553715139fa4b45337d97ea451b9	d2c9878019840e748fb9e1bd0f852540
36254	bc4f8b9e1325fcc7b1e2149ea1c41659	3733241c9637bedc86b6c9dffd095a26	d51954a3b1513e356b054d6163fa77b2
36255	df35a3488f03474135254a31505be83e	601ebde4700a8918cf17386ba8a3ef4c	7295b34dcaeaebd71612f77383929c9f
36256	df35a3488f03474135254a31505be83e	601ebde4700a8918cf17386ba8a3ef4c	7295b34dcaeaebd71612f77383929c9f
36257	23f875d0695d85267f3123da63075069	86ae6ccbad0ea3039cd115da477242b8	104410628aa668f35bebfc9fd1beda94
36258	23f875d0695d85267f3123da63075069	86ae6ccbad0ea3039cd115da477242b8	104410628aa668f35bebfc9fd1beda94
36259	449b899ba2be747915e56570662c03c8	05986f9a1a20776a52750bfe92c60d8e	007068240eba674919c761504d097176
36260	449b899ba2be747915e56570662c03c8	05986f9a1a20776a52750bfe92c60d8e	007068240eba674919c761504d097176
36261	449b899ba2be747915e56570662c03c8	05986f9a1a20776a52750bfe92c60d8e	007068240eba674919c761504d097176
36262	449b899ba2be747915e56570662c03c8	05986f9a1a20776a52750bfe92c60d8e	007068240eba674919c761504d097176
36263	449b899ba2be747915e56570662c03c8	05986f9a1a20776a52750bfe92c60d8e	007068240eba674919c761504d097176
36264	dbd918467792850d27d389017c667bab	8868dfd786b393136fa9525b185e25d7	d655f776ee0522394f218069529af02c
36265	dbd918467792850d27d389017c667bab	8868dfd786b393136fa9525b185e25d7	d655f776ee0522394f218069529af02c
36266	dbd918467792850d27d389017c667bab	8868dfd786b393136fa9525b185e25d7	d655f776ee0522394f218069529af02c
36267	c08361c6bd1858710025f26b237191a8	c149c5c63d5c565bf41271580d1bc2ac	c5f250bce6e2a4c829e85dd4441ab6f3
36268	c08361c6bd1858710025f26b237191a8	c149c5c63d5c565bf41271580d1bc2ac	c5f250bce6e2a4c829e85dd4441ab6f3
36269	c08361c6bd1858710025f26b237191a8	c149c5c63d5c565bf41271580d1bc2ac	c5f250bce6e2a4c829e85dd4441ab6f3
36270	c08361c6bd1858710025f26b237191a8	c149c5c63d5c565bf41271580d1bc2ac	c5f250bce6e2a4c829e85dd4441ab6f3
36271	e37d17aa5e43b9fee17a67e247c54d88	77227e2f3ba7e82be302c54b7d52bef0	9143f6a278e56ef3f8e9701b096fb9d6
36272	3fdf5e63752116eeb113bf83b9c53ebe	eee7346c303905418d590585f3dc0fd3	552f0e81cfdd2718df885603c65d151d
36273	3fdf5e63752116eeb113bf83b9c53ebe	eee7346c303905418d590585f3dc0fd3	552f0e81cfdd2718df885603c65d151d
36274	40442c96411607d74d642070cc2c6880	adb40c8402fb6c30de52f69e906c9b74	b36ff37359ce388eb186e2962ecddc93
36275	3fdf5e63752116eeb113bf83b9c53ebe	eee7346c303905418d590585f3dc0fd3	552f0e81cfdd2718df885603c65d151d
36276	81a2bc4d42132f142f6983a497c66822	cff0fa39dc024539dcfc9886f9337d7e	e74d786a5486f29c279be68752b13631
36277	81a2bc4d42132f142f6983a497c66822	cff0fa39dc024539dcfc9886f9337d7e	e74d786a5486f29c279be68752b13631
36278	81a2bc4d42132f142f6983a497c66822	cff0fa39dc024539dcfc9886f9337d7e	e74d786a5486f29c279be68752b13631
36279	81a2bc4d42132f142f6983a497c66822	cff0fa39dc024539dcfc9886f9337d7e	e74d786a5486f29c279be68752b13631
36280	81a2bc4d42132f142f6983a497c66822	cff0fa39dc024539dcfc9886f9337d7e	e74d786a5486f29c279be68752b13631
36281	81a2bc4d42132f142f6983a497c66822	cff0fa39dc024539dcfc9886f9337d7e	e74d786a5486f29c279be68752b13631
36282	81a2bc4d42132f142f6983a497c66822	cff0fa39dc024539dcfc9886f9337d7e	e74d786a5486f29c279be68752b13631
36283	d7cdc473125c71961f02467a05ec556b	40f709f185852cb312641bda678c5349	358e3afdb7d19be77de2523d86dfe654
36284	d7cdc473125c71961f02467a05ec556b	40f709f185852cb312641bda678c5349	358e3afdb7d19be77de2523d86dfe654
36285	d7cdc473125c71961f02467a05ec556b	40f709f185852cb312641bda678c5349	358e3afdb7d19be77de2523d86dfe654
36286	d7cdc473125c71961f02467a05ec556b	40f709f185852cb312641bda678c5349	358e3afdb7d19be77de2523d86dfe654
36287	d7cdc473125c71961f02467a05ec556b	40f709f185852cb312641bda678c5349	358e3afdb7d19be77de2523d86dfe654
36288	95f9293174d596fccd3f9b887e4c057f	823d6ae876c016d5b89b8ab972f3e768	3bb9a4caf9f0865f3eaca4abfe0fb6fa
36289	95f9293174d596fccd3f9b887e4c057f	823d6ae876c016d5b89b8ab972f3e768	3bb9a4caf9f0865f3eaca4abfe0fb6fa
36290	95f9293174d596fccd3f9b887e4c057f	823d6ae876c016d5b89b8ab972f3e768	3bb9a4caf9f0865f3eaca4abfe0fb6fa
36291	95f9293174d596fccd3f9b887e4c057f	823d6ae876c016d5b89b8ab972f3e768	3bb9a4caf9f0865f3eaca4abfe0fb6fa
36292	95f9293174d596fccd3f9b887e4c057f	823d6ae876c016d5b89b8ab972f3e768	3bb9a4caf9f0865f3eaca4abfe0fb6fa
36293	95f9293174d596fccd3f9b887e4c057f	823d6ae876c016d5b89b8ab972f3e768	3bb9a4caf9f0865f3eaca4abfe0fb6fa
36294	95f9293174d596fccd3f9b887e4c057f	823d6ae876c016d5b89b8ab972f3e768	3bb9a4caf9f0865f3eaca4abfe0fb6fa
36295	72292f815f5fc33b23a84588bb564412	26dce56b090fe6c0c23ace9e20852eae	0654b8c4d91d3080447d7755c639cbb9
36296	72292f815f5fc33b23a84588bb564412	26dce56b090fe6c0c23ace9e20852eae	0654b8c4d91d3080447d7755c639cbb9
36297	72292f815f5fc33b23a84588bb564412	26dce56b090fe6c0c23ace9e20852eae	0654b8c4d91d3080447d7755c639cbb9
36298	72292f815f5fc33b23a84588bb564412	26dce56b090fe6c0c23ace9e20852eae	0654b8c4d91d3080447d7755c639cbb9
36299	72292f815f5fc33b23a84588bb564412	26dce56b090fe6c0c23ace9e20852eae	0654b8c4d91d3080447d7755c639cbb9
36300	08719a61ce2f59da415b810de67d504a	b3ef348c439da325893851e585348e94	35872f097808a4e548d238bea525aa8f
36301	08719a61ce2f59da415b810de67d504a	b3ef348c439da325893851e585348e94	35872f097808a4e548d238bea525aa8f
36302	08719a61ce2f59da415b810de67d504a	b3ef348c439da325893851e585348e94	35872f097808a4e548d238bea525aa8f
36303	08719a61ce2f59da415b810de67d504a	b3ef348c439da325893851e585348e94	35872f097808a4e548d238bea525aa8f
36304	08719a61ce2f59da415b810de67d504a	b3ef348c439da325893851e585348e94	35872f097808a4e548d238bea525aa8f
36305	6f10bc4d88ce41c2a271b18e5569a8d4	6825ded78f6db31b7f9d0769668ed66d	ff819de3c623558e116cbb13bc208d3c
36306	6f10bc4d88ce41c2a271b18e5569a8d4	6825ded78f6db31b7f9d0769668ed66d	ff819de3c623558e116cbb13bc208d3c
36307	6f10bc4d88ce41c2a271b18e5569a8d4	6825ded78f6db31b7f9d0769668ed66d	ff819de3c623558e116cbb13bc208d3c
36308	230bc6ac3e6e84854059252221bd7d96	6e7ea94d0b4517848657b57b5356f9fb	90fb2441591c08bb241d0ca63575db06
36309	47bd32492e49881e65cc97fb7db84662	efeb1034b0ba59ddbd98287681f52a67	a23aaaf4d3e1dd9350e98498cb76836c
36310	7538219acbc873278019d09d8837418e	a7d34a70194ddb84a0f4e6f3d218562d	f5fb3f2d9b3a2f3737e92c66c74122ac
36311	7538219acbc873278019d09d8837418e	a7d34a70194ddb84a0f4e6f3d218562d	f5fb3f2d9b3a2f3737e92c66c74122ac
36312	8d92c235f4b3e153a2be4502f9243565	bacab5936fe949a6417a13c6df8b7cda	bbad9f36b7cb325de348c40d42e92692
36313	8d92c235f4b3e153a2be4502f9243565	bacab5936fe949a6417a13c6df8b7cda	bbad9f36b7cb325de348c40d42e92692
36314	8d92c235f4b3e153a2be4502f9243565	bacab5936fe949a6417a13c6df8b7cda	bbad9f36b7cb325de348c40d42e92692
36315	373d67b078c6c29f05aded875fa1ed5b	1f4d30569c2c6f8d6753fe4726bace09	1732aacbb58030732abdf98f2e5c6c69
36316	373d67b078c6c29f05aded875fa1ed5b	1f4d30569c2c6f8d6753fe4726bace09	1732aacbb58030732abdf98f2e5c6c69
36317	f42b6b755c98c9c620d95b561c0ac210	0c9f15a149819073cc765ca6a7275cc6	f5ed57e535a20d7bd4e6bd827411d596
36318	f42b6b755c98c9c620d95b561c0ac210	0c9f15a149819073cc765ca6a7275cc6	f5ed57e535a20d7bd4e6bd827411d596
36319	f42b6b755c98c9c620d95b561c0ac210	0c9f15a149819073cc765ca6a7275cc6	f5ed57e535a20d7bd4e6bd827411d596
36320	f42b6b755c98c9c620d95b561c0ac210	0c9f15a149819073cc765ca6a7275cc6	f5ed57e535a20d7bd4e6bd827411d596
36321	f42b6b755c98c9c620d95b561c0ac210	0c9f15a149819073cc765ca6a7275cc6	f5ed57e535a20d7bd4e6bd827411d596
36322	f42b6b755c98c9c620d95b561c0ac210	0c9f15a149819073cc765ca6a7275cc6	f5ed57e535a20d7bd4e6bd827411d596
36323	f42b6b755c98c9c620d95b561c0ac210	0c9f15a149819073cc765ca6a7275cc6	f5ed57e535a20d7bd4e6bd827411d596
36324	15d7f62092040d65c984d0f6d86a1382	0106eb102043bc05778426fe78a416d2	f84863b65616672b7a688ddd8699b246
36325	15d7f62092040d65c984d0f6d86a1382	0106eb102043bc05778426fe78a416d2	f84863b65616672b7a688ddd8699b246
36326	15d7f62092040d65c984d0f6d86a1382	0106eb102043bc05778426fe78a416d2	f84863b65616672b7a688ddd8699b246
36327	d14f77cc12b101e1044df2c694608089	895e31ba357d1e341f2ec5b3ad499a87	a683688ab07e058f95ea37d871be190e
36328	6530e68aec9577668e8e2fd4551a385d	a5ff7880e373593b4e5a63833940b0ce	fd580a7e356a25a191395291cf75a760
36329	15d7f62092040d65c984d0f6d86a1382	0106eb102043bc05778426fe78a416d2	f84863b65616672b7a688ddd8699b246
36330	15d7f62092040d65c984d0f6d86a1382	0106eb102043bc05778426fe78a416d2	f84863b65616672b7a688ddd8699b246
36331	15d7f62092040d65c984d0f6d86a1382	0106eb102043bc05778426fe78a416d2	f84863b65616672b7a688ddd8699b246
36332	bae0d838d89957ca60954f5a349978b9	2746a697d38e46b5518bbbd3140e66f0	7bd25ea3626690a3f178f6fc5988f338
36333	bae0d838d89957ca60954f5a349978b9	2746a697d38e46b5518bbbd3140e66f0	7bd25ea3626690a3f178f6fc5988f338
36334	f46dd5d5ed5d2d130e0069c6eab0276c	dc9135a27a153886881c9add599b2415	d47ceafa6c78d7b15f257bca272cfbd2
36335	f46dd5d5ed5d2d130e0069c6eab0276c	dc9135a27a153886881c9add599b2415	d47ceafa6c78d7b15f257bca272cfbd2
36336	f46dd5d5ed5d2d130e0069c6eab0276c	dc9135a27a153886881c9add599b2415	d47ceafa6c78d7b15f257bca272cfbd2
36337	f46dd5d5ed5d2d130e0069c6eab0276c	dc9135a27a153886881c9add599b2415	d47ceafa6c78d7b15f257bca272cfbd2
36338	f46dd5d5ed5d2d130e0069c6eab0276c	dc9135a27a153886881c9add599b2415	d47ceafa6c78d7b15f257bca272cfbd2
36339	f46dd5d5ed5d2d130e0069c6eab0276c	dc9135a27a153886881c9add599b2415	d47ceafa6c78d7b15f257bca272cfbd2
36340	f46dd5d5ed5d2d130e0069c6eab0276c	dc9135a27a153886881c9add599b2415	d47ceafa6c78d7b15f257bca272cfbd2
36341	7119b97b51586a4a95e59e1e978ae62e	3f297e302a4a7e9ea7a6b2ca5ab90acc	83a24196eda00bbc192cba55fbca64b8
36342	7119b97b51586a4a95e59e1e978ae62e	3f297e302a4a7e9ea7a6b2ca5ab90acc	83a24196eda00bbc192cba55fbca64b8
36343	7119b97b51586a4a95e59e1e978ae62e	3f297e302a4a7e9ea7a6b2ca5ab90acc	83a24196eda00bbc192cba55fbca64b8
36344	7119b97b51586a4a95e59e1e978ae62e	3f297e302a4a7e9ea7a6b2ca5ab90acc	83a24196eda00bbc192cba55fbca64b8
36345	7119b97b51586a4a95e59e1e978ae62e	3f297e302a4a7e9ea7a6b2ca5ab90acc	83a24196eda00bbc192cba55fbca64b8
36346	474b11ddffd33e265849031001ea8423	a6206198eadc095c4b7ca06514cd92a9	3f5f3110177207d6b4a13521faeb2b6f
36347	474b11ddffd33e265849031001ea8423	a6206198eadc095c4b7ca06514cd92a9	3f5f3110177207d6b4a13521faeb2b6f
36348	474b11ddffd33e265849031001ea8423	a6206198eadc095c4b7ca06514cd92a9	3f5f3110177207d6b4a13521faeb2b6f
36349	474b11ddffd33e265849031001ea8423	a6206198eadc095c4b7ca06514cd92a9	3f5f3110177207d6b4a13521faeb2b6f
36350	474b11ddffd33e265849031001ea8423	a6206198eadc095c4b7ca06514cd92a9	3f5f3110177207d6b4a13521faeb2b6f
36351	474b11ddffd33e265849031001ea8423	a6206198eadc095c4b7ca06514cd92a9	3f5f3110177207d6b4a13521faeb2b6f
36352	474b11ddffd33e265849031001ea8423	a6206198eadc095c4b7ca06514cd92a9	3f5f3110177207d6b4a13521faeb2b6f
36353	474b11ddffd33e265849031001ea8423	a6206198eadc095c4b7ca06514cd92a9	3f5f3110177207d6b4a13521faeb2b6f
36354	474b11ddffd33e265849031001ea8423	a6206198eadc095c4b7ca06514cd92a9	3f5f3110177207d6b4a13521faeb2b6f
36355	474b11ddffd33e265849031001ea8423	a6206198eadc095c4b7ca06514cd92a9	3f5f3110177207d6b4a13521faeb2b6f
36356	474b11ddffd33e265849031001ea8423	a6206198eadc095c4b7ca06514cd92a9	3f5f3110177207d6b4a13521faeb2b6f
36357	474b11ddffd33e265849031001ea8423	a6206198eadc095c4b7ca06514cd92a9	3f5f3110177207d6b4a13521faeb2b6f
36358	474b11ddffd33e265849031001ea8423	a6206198eadc095c4b7ca06514cd92a9	3f5f3110177207d6b4a13521faeb2b6f
36359	474b11ddffd33e265849031001ea8423	a6206198eadc095c4b7ca06514cd92a9	3f5f3110177207d6b4a13521faeb2b6f
36360	474b11ddffd33e265849031001ea8423	a6206198eadc095c4b7ca06514cd92a9	3f5f3110177207d6b4a13521faeb2b6f
36361	474b11ddffd33e265849031001ea8423	a6206198eadc095c4b7ca06514cd92a9	3f5f3110177207d6b4a13521faeb2b6f
36362	474b11ddffd33e265849031001ea8423	a6206198eadc095c4b7ca06514cd92a9	3f5f3110177207d6b4a13521faeb2b6f
36363	8e51b59a241126daff9d5bc17dfbe0fb	f70b0c95af68664f1bf54ed74cb46bcf	3bd6d272ae4fa3e753bf3574d3d4a1bf
36364	8e51b59a241126daff9d5bc17dfbe0fb	f70b0c95af68664f1bf54ed74cb46bcf	3bd6d272ae4fa3e753bf3574d3d4a1bf
36365	8e51b59a241126daff9d5bc17dfbe0fb	f70b0c95af68664f1bf54ed74cb46bcf	3bd6d272ae4fa3e753bf3574d3d4a1bf
36366	8e51b59a241126daff9d5bc17dfbe0fb	f70b0c95af68664f1bf54ed74cb46bcf	3bd6d272ae4fa3e753bf3574d3d4a1bf
36367	8e51b59a241126daff9d5bc17dfbe0fb	f70b0c95af68664f1bf54ed74cb46bcf	3bd6d272ae4fa3e753bf3574d3d4a1bf
36368	8e51b59a241126daff9d5bc17dfbe0fb	f70b0c95af68664f1bf54ed74cb46bcf	3bd6d272ae4fa3e753bf3574d3d4a1bf
36369	8e51b59a241126daff9d5bc17dfbe0fb	f70b0c95af68664f1bf54ed74cb46bcf	3bd6d272ae4fa3e753bf3574d3d4a1bf
36370	fce903dcebe696b49f158fb7ee40c86a	995dccdadaf5a74016cfef3a9010a91d	2fb6ef761437489e86abcd6a2ca48ed1
36371	fce903dcebe696b49f158fb7ee40c86a	995dccdadaf5a74016cfef3a9010a91d	2fb6ef761437489e86abcd6a2ca48ed1
36372	fce903dcebe696b49f158fb7ee40c86a	995dccdadaf5a74016cfef3a9010a91d	2fb6ef761437489e86abcd6a2ca48ed1
36373	196e733de9d00ee36601e515b438f330	93ff61be67c51e22c641b4ba5f3e23ce	bb5f18f5105e5ac1377625ef93196f9d
36374	196e733de9d00ee36601e515b438f330	93ff61be67c51e22c641b4ba5f3e23ce	bb5f18f5105e5ac1377625ef93196f9d
36375	5325f1eb98a59e9c7f3efd93fd252d13	3bdd09b28bb09499b3d66c003959324c	17a310d51a6047aca9dd98dc9d2b2543
36376	5325f1eb98a59e9c7f3efd93fd252d13	3bdd09b28bb09499b3d66c003959324c	17a310d51a6047aca9dd98dc9d2b2543
36377	5325f1eb98a59e9c7f3efd93fd252d13	3bdd09b28bb09499b3d66c003959324c	17a310d51a6047aca9dd98dc9d2b2543
36378	5325f1eb98a59e9c7f3efd93fd252d13	3bdd09b28bb09499b3d66c003959324c	17a310d51a6047aca9dd98dc9d2b2543
36379	5325f1eb98a59e9c7f3efd93fd252d13	3bdd09b28bb09499b3d66c003959324c	17a310d51a6047aca9dd98dc9d2b2543
36380	5325f1eb98a59e9c7f3efd93fd252d13	3bdd09b28bb09499b3d66c003959324c	17a310d51a6047aca9dd98dc9d2b2543
36381	5325f1eb98a59e9c7f3efd93fd252d13	3bdd09b28bb09499b3d66c003959324c	17a310d51a6047aca9dd98dc9d2b2543
36382	8370ad8cad08112887e15b963109888f	227149b2cacb67418a5b9079885d4664	b78e2e71e50c2d84f652e70e4cbd2949
36383	a5ffd1e40d697d040d29984b3ca54ea0	758f6151cd93f67b02b2c21547f1ba97	a1cfc0c0fffb93d4ce17ace6455a5f03
36384	3d73076f430ed257a6365956bb01f48c	ebc9af661d7e9b0e2515c4bee66d61fa	ee9db3336e58e2f4dc61e92527bdc910
36385	ada104e148469537b14a51890614608c	c2514641dc86cccd0555dcbd31ea776b	a3ee296a64a560558e1d24db2e3fcd73
36386	ada104e148469537b14a51890614608c	c2514641dc86cccd0555dcbd31ea776b	a3ee296a64a560558e1d24db2e3fcd73
36387	9a71265c5491e6dd60af0056071ede0a	92a557f20b0ad578a771ac1fb4b06502	f2dd56927eab7ca33a484c80e8ce851e
36388	9a71265c5491e6dd60af0056071ede0a	92a557f20b0ad578a771ac1fb4b06502	f2dd56927eab7ca33a484c80e8ce851e
36389	9a71265c5491e6dd60af0056071ede0a	92a557f20b0ad578a771ac1fb4b06502	f2dd56927eab7ca33a484c80e8ce851e
36390	9a71265c5491e6dd60af0056071ede0a	92a557f20b0ad578a771ac1fb4b06502	f2dd56927eab7ca33a484c80e8ce851e
36391	9a71265c5491e6dd60af0056071ede0a	92a557f20b0ad578a771ac1fb4b06502	f2dd56927eab7ca33a484c80e8ce851e
36392	9a71265c5491e6dd60af0056071ede0a	92a557f20b0ad578a771ac1fb4b06502	f2dd56927eab7ca33a484c80e8ce851e
36393	9a71265c5491e6dd60af0056071ede0a	92a557f20b0ad578a771ac1fb4b06502	f2dd56927eab7ca33a484c80e8ce851e
36394	b0790618f9f41b15e285af8bfced9861	c4a9bb87577d352b2e3ad19e0999cb9d	c3d302cb136c811aa16774b654c6e7bc
36395	b0790618f9f41b15e285af8bfced9861	c4a9bb87577d352b2e3ad19e0999cb9d	c3d302cb136c811aa16774b654c6e7bc
36396	b0790618f9f41b15e285af8bfced9861	c4a9bb87577d352b2e3ad19e0999cb9d	c3d302cb136c811aa16774b654c6e7bc
36397	b0790618f9f41b15e285af8bfced9861	c4a9bb87577d352b2e3ad19e0999cb9d	c3d302cb136c811aa16774b654c6e7bc
36398	b0790618f9f41b15e285af8bfced9861	c4a9bb87577d352b2e3ad19e0999cb9d	c3d302cb136c811aa16774b654c6e7bc
36399	b0790618f9f41b15e285af8bfced9861	c4a9bb87577d352b2e3ad19e0999cb9d	c3d302cb136c811aa16774b654c6e7bc
36400	b0790618f9f41b15e285af8bfced9861	c4a9bb87577d352b2e3ad19e0999cb9d	c3d302cb136c811aa16774b654c6e7bc
36401	b0790618f9f41b15e285af8bfced9861	c4a9bb87577d352b2e3ad19e0999cb9d	c3d302cb136c811aa16774b654c6e7bc
36402	b0790618f9f41b15e285af8bfced9861	c4a9bb87577d352b2e3ad19e0999cb9d	c3d302cb136c811aa16774b654c6e7bc
36403	b0790618f9f41b15e285af8bfced9861	c4a9bb87577d352b2e3ad19e0999cb9d	c3d302cb136c811aa16774b654c6e7bc
36404	7411ac3d28fdfc5948799042be8bce5f	3d846c49ab3c39c07b123a65c0458c69	2ff3849792d6dfbf7858c4537b264e6e
36405	7411ac3d28fdfc5948799042be8bce5f	3d846c49ab3c39c07b123a65c0458c69	2ff3849792d6dfbf7858c4537b264e6e
36406	7411ac3d28fdfc5948799042be8bce5f	3d846c49ab3c39c07b123a65c0458c69	2ff3849792d6dfbf7858c4537b264e6e
36407	7411ac3d28fdfc5948799042be8bce5f	3d846c49ab3c39c07b123a65c0458c69	2ff3849792d6dfbf7858c4537b264e6e
36408	7411ac3d28fdfc5948799042be8bce5f	3d846c49ab3c39c07b123a65c0458c69	2ff3849792d6dfbf7858c4537b264e6e
36409	7411ac3d28fdfc5948799042be8bce5f	3d846c49ab3c39c07b123a65c0458c69	2ff3849792d6dfbf7858c4537b264e6e
36410	7411ac3d28fdfc5948799042be8bce5f	3d846c49ab3c39c07b123a65c0458c69	2ff3849792d6dfbf7858c4537b264e6e
36411	10d52c230106e606a3e13213fe1c0da4	0c6c84f8401705428f64c47292435711	e5edfa6f194be98cf36f32da0310addc
36412	10d52c230106e606a3e13213fe1c0da4	0c6c84f8401705428f64c47292435711	e5edfa6f194be98cf36f32da0310addc
36413	10d52c230106e606a3e13213fe1c0da4	0c6c84f8401705428f64c47292435711	e5edfa6f194be98cf36f32da0310addc
36414	10d52c230106e606a3e13213fe1c0da4	0c6c84f8401705428f64c47292435711	e5edfa6f194be98cf36f32da0310addc
36415	10d52c230106e606a3e13213fe1c0da4	0c6c84f8401705428f64c47292435711	e5edfa6f194be98cf36f32da0310addc
36416	ecaff225125644b79c27607dea9b759e	e909050dfddce51c6b27085f2a4d1f9f	997ddd3e71c0ad1310aa247c5d2bb206
36417	ecaff225125644b79c27607dea9b759e	e909050dfddce51c6b27085f2a4d1f9f	997ddd3e71c0ad1310aa247c5d2bb206
36418	ecaff225125644b79c27607dea9b759e	e909050dfddce51c6b27085f2a4d1f9f	997ddd3e71c0ad1310aa247c5d2bb206
36419	b0ee0a7c587e3ee3fb7f52eca310ff5c	525821fa8f6f802eb41d8f537a0734c4	a3dcaad558577761152b21b7a2ea3617
36420	b0ee0a7c587e3ee3fb7f52eca310ff5c	525821fa8f6f802eb41d8f537a0734c4	a3dcaad558577761152b21b7a2ea3617
36421	ecaff225125644b79c27607dea9b759e	e909050dfddce51c6b27085f2a4d1f9f	997ddd3e71c0ad1310aa247c5d2bb206
36422	ecaff225125644b79c27607dea9b759e	e909050dfddce51c6b27085f2a4d1f9f	997ddd3e71c0ad1310aa247c5d2bb206
36423	f4a0d37fa3f3f5acf72330c8aba366d9	14f3b8d13fa1f3a04c2963fc5bfc40a8	6cd249690bc9c62b4db57ff4e1a10026
36424	f4a0d37fa3f3f5acf72330c8aba366d9	14f3b8d13fa1f3a04c2963fc5bfc40a8	6cd249690bc9c62b4db57ff4e1a10026
36425	f4a0d37fa3f3f5acf72330c8aba366d9	14f3b8d13fa1f3a04c2963fc5bfc40a8	6cd249690bc9c62b4db57ff4e1a10026
36426	f4a0d37fa3f3f5acf72330c8aba366d9	14f3b8d13fa1f3a04c2963fc5bfc40a8	6cd249690bc9c62b4db57ff4e1a10026
36427	f4a0d37fa3f3f5acf72330c8aba366d9	14f3b8d13fa1f3a04c2963fc5bfc40a8	6cd249690bc9c62b4db57ff4e1a10026
36428	b3f4fd30fa20788c1e6e20e2361d3b41	f619ba21f5c9bba6af7d2c1d8a0f0556	d9ed36c26402411410679433caedbe1a
36429	b3f4fd30fa20788c1e6e20e2361d3b41	f619ba21f5c9bba6af7d2c1d8a0f0556	d9ed36c26402411410679433caedbe1a
36430	2a4fb132ab6235da6a3c92f97a7fb2e9	70df81989a7fe985655bc2bd086d9a67	7d213c4c621bc3ce60fb3cf5fba5c54d
36431	ceae256c9140ee745ddaf99617b848c7	ecf8d038260e7d7f7255e94b293ae86e	c80db78774e5396574dd68e916d50531
36432	ceae256c9140ee745ddaf99617b848c7	ecf8d038260e7d7f7255e94b293ae86e	c80db78774e5396574dd68e916d50531
36433	a188f8a50019786234045389cf1559f8	b6ae8e522070157a5cef5fce714bf257	791839f4ccd0c692ed571c245a75ead6
36434	a188f8a50019786234045389cf1559f8	b6ae8e522070157a5cef5fce714bf257	791839f4ccd0c692ed571c245a75ead6
36435	a188f8a50019786234045389cf1559f8	b6ae8e522070157a5cef5fce714bf257	791839f4ccd0c692ed571c245a75ead6
36436	a188f8a50019786234045389cf1559f8	b6ae8e522070157a5cef5fce714bf257	791839f4ccd0c692ed571c245a75ead6
36437	a188f8a50019786234045389cf1559f8	b6ae8e522070157a5cef5fce714bf257	791839f4ccd0c692ed571c245a75ead6
36438	a188f8a50019786234045389cf1559f8	b6ae8e522070157a5cef5fce714bf257	791839f4ccd0c692ed571c245a75ead6
36439	a188f8a50019786234045389cf1559f8	b6ae8e522070157a5cef5fce714bf257	791839f4ccd0c692ed571c245a75ead6
36440	d67bb3746a4bcb40c84aa4e5636b30e4	e171ab5aa4a7a2c56382eaea7679392a	90b57944a9b398d6b32870260d408f55
36441	d67bb3746a4bcb40c84aa4e5636b30e4	e171ab5aa4a7a2c56382eaea7679392a	90b57944a9b398d6b32870260d408f55
36442	931b2661dc13ae7365436cfe9025985d	903d0c89e9144f7146152a0118425a9d	674d2037354325fe7861bbbf9f3bf30f
36443	a188f8a50019786234045389cf1559f8	b6ae8e522070157a5cef5fce714bf257	791839f4ccd0c692ed571c245a75ead6
36444	a188f8a50019786234045389cf1559f8	b6ae8e522070157a5cef5fce714bf257	791839f4ccd0c692ed571c245a75ead6
36445	eaa127bd4b46b33f35156362dfcbe205	69a70ff63c14fbf4423cf599a57f53c7	0dadca2bb0d32b3796044ab432caf2cc
36446	eaa127bd4b46b33f35156362dfcbe205	69a70ff63c14fbf4423cf599a57f53c7	0dadca2bb0d32b3796044ab432caf2cc
36447	eaa127bd4b46b33f35156362dfcbe205	69a70ff63c14fbf4423cf599a57f53c7	0dadca2bb0d32b3796044ab432caf2cc
36448	f76aef546f0a06da89d5f639160a29b5	228c3a0a4f541a9db82a6dd7a23daa0a	9160d478b48e326629f332d1aee60426
36449	f76aef546f0a06da89d5f639160a29b5	228c3a0a4f541a9db82a6dd7a23daa0a	9160d478b48e326629f332d1aee60426
36450	f76aef546f0a06da89d5f639160a29b5	228c3a0a4f541a9db82a6dd7a23daa0a	9160d478b48e326629f332d1aee60426
36451	f76aef546f0a06da89d5f639160a29b5	228c3a0a4f541a9db82a6dd7a23daa0a	9160d478b48e326629f332d1aee60426
36452	e69be49ccd1f6e6d3aa66856421ebc0e	6503600b3b0a82ba12deb72cadc955a2	6023863f95eb84ebb882813f755a9969
36453	e69be49ccd1f6e6d3aa66856421ebc0e	6503600b3b0a82ba12deb72cadc955a2	6023863f95eb84ebb882813f755a9969
36454	e69be49ccd1f6e6d3aa66856421ebc0e	6503600b3b0a82ba12deb72cadc955a2	6023863f95eb84ebb882813f755a9969
36455	253aea0ed5394fe5a02b2741d6f6cfab	3d1122cf42d431623a82739c70616f9a	2182d4c4e87760249d077a967256904a
36456	e69be49ccd1f6e6d3aa66856421ebc0e	6503600b3b0a82ba12deb72cadc955a2	6023863f95eb84ebb882813f755a9969
36457	4806b6cd2dc624d765175a61d13eb447	6314a88781577ce3d5c9c6a0ec70d045	3f1a949cb16a9a840144d3cd4e6ac1e3
36458	4806b6cd2dc624d765175a61d13eb447	6314a88781577ce3d5c9c6a0ec70d045	3f1a949cb16a9a840144d3cd4e6ac1e3
36459	4806b6cd2dc624d765175a61d13eb447	6314a88781577ce3d5c9c6a0ec70d045	3f1a949cb16a9a840144d3cd4e6ac1e3
36460	4806b6cd2dc624d765175a61d13eb447	6314a88781577ce3d5c9c6a0ec70d045	3f1a949cb16a9a840144d3cd4e6ac1e3
36461	4806b6cd2dc624d765175a61d13eb447	6314a88781577ce3d5c9c6a0ec70d045	3f1a949cb16a9a840144d3cd4e6ac1e3
36462	4806b6cd2dc624d765175a61d13eb447	6314a88781577ce3d5c9c6a0ec70d045	3f1a949cb16a9a840144d3cd4e6ac1e3
36463	4806b6cd2dc624d765175a61d13eb447	6314a88781577ce3d5c9c6a0ec70d045	3f1a949cb16a9a840144d3cd4e6ac1e3
36464	fec9ca1cd232dbe78db58d91934d103f	ddbbbdc69ab6a4c3ffc32587e6b04df0	b1543ec98e59e3eb02094fa1c2d287fc
36465	fec9ca1cd232dbe78db58d91934d103f	ddbbbdc69ab6a4c3ffc32587e6b04df0	b1543ec98e59e3eb02094fa1c2d287fc
36466	fec9ca1cd232dbe78db58d91934d103f	ddbbbdc69ab6a4c3ffc32587e6b04df0	b1543ec98e59e3eb02094fa1c2d287fc
36467	fec9ca1cd232dbe78db58d91934d103f	ddbbbdc69ab6a4c3ffc32587e6b04df0	b1543ec98e59e3eb02094fa1c2d287fc
36468	fec9ca1cd232dbe78db58d91934d103f	ddbbbdc69ab6a4c3ffc32587e6b04df0	b1543ec98e59e3eb02094fa1c2d287fc
36469	c2adedca000992c164d64055d8f6bca1	60b1ffe07c05211b05d104a936acd655	cc46d970ef506f20cd2bbacd8cac777a
36470	c2adedca000992c164d64055d8f6bca1	60b1ffe07c05211b05d104a936acd655	cc46d970ef506f20cd2bbacd8cac777a
36471	c2adedca000992c164d64055d8f6bca1	60b1ffe07c05211b05d104a936acd655	cc46d970ef506f20cd2bbacd8cac777a
36472	c2adedca000992c164d64055d8f6bca1	60b1ffe07c05211b05d104a936acd655	cc46d970ef506f20cd2bbacd8cac777a
36473	c2adedca000992c164d64055d8f6bca1	60b1ffe07c05211b05d104a936acd655	cc46d970ef506f20cd2bbacd8cac777a
36474	ad1eb4c12f52696edce77d7ddc150b6b	a3dda34aa75143a3a5a1cae313f067fc	feadd234211d7f9dd122a53a0c79edd6
36475	ad1eb4c12f52696edce77d7ddc150b6b	a3dda34aa75143a3a5a1cae313f067fc	feadd234211d7f9dd122a53a0c79edd6
36476	ad1eb4c12f52696edce77d7ddc150b6b	a3dda34aa75143a3a5a1cae313f067fc	feadd234211d7f9dd122a53a0c79edd6
36477	ad1eb4c12f52696edce77d7ddc150b6b	a3dda34aa75143a3a5a1cae313f067fc	feadd234211d7f9dd122a53a0c79edd6
36478	ad1eb4c12f52696edce77d7ddc150b6b	a3dda34aa75143a3a5a1cae313f067fc	feadd234211d7f9dd122a53a0c79edd6
36479	ad1eb4c12f52696edce77d7ddc150b6b	a3dda34aa75143a3a5a1cae313f067fc	feadd234211d7f9dd122a53a0c79edd6
36480	ad1eb4c12f52696edce77d7ddc150b6b	a3dda34aa75143a3a5a1cae313f067fc	feadd234211d7f9dd122a53a0c79edd6
36481	ad1eb4c12f52696edce77d7ddc150b6b	a3dda34aa75143a3a5a1cae313f067fc	feadd234211d7f9dd122a53a0c79edd6
36482	ad1eb4c12f52696edce77d7ddc150b6b	a3dda34aa75143a3a5a1cae313f067fc	feadd234211d7f9dd122a53a0c79edd6
36483